card_id,card_number_masked,customer_id,product_id,linked_account_id,card_type,issue_date,expiry_date,credit_limit_thb,current_outstanding_thb,status
CRD0000001,5719-XXXX-XXXX-5468,CUS0008303,PRD-CC03,,Credit,2022-01-12,2028-10-01,1182207.0,180866.76,Active
CRD0000002,4572-XXXX-XXXX-8212,CUS0009467,PRD-DC01,ACC00008940,Debit,2020-11-28,2030-12-19,0.0,0.0,Active
CRD0000003,5162-XXXX-XXXX-7410,CUS0004907,PRD-CC01,,Credit,2023-01-15,2029-03-28,87287.91,191902.76,Active
CRD0000004,5589-XXXX-XXXX-1939,CUS0004373,PRD-DC02,ACC00014322,Debit,2020-02-24,2027-03-22,0.0,0.0,Active
CRD0000005,4962-XXXX-XXXX-8485,CUS0004938,PRD-CC04,,Credit,2020-03-18,2029-08-18,1361666.04,164220.73,Active
CRD0000006,5685-XXXX-XXXX-4022,CUS0005949,PRD-CC03,,Credit,2020-12-13,2029-07-10,501623.9,48876.85,Active
CRD0000007,4587-XXXX-XXXX-3987,CUS0004858,PRD-DC01,ACC00016995,Debit,2025-07-27,2027-03-04,0.0,0.0,Active
CRD0000008,4637-XXXX-XXXX-9237,CUS0006629,PRD-CC04,,Credit,2022-03-27,2029-10-11,1019432.78,30737.47,Blocked
CRD0000009,4302-XXXX-XXXX-3966,CUS0002689,PRD-CC01,,Credit,2025-08-19,2028-05-30,1291936.7,78928.34,Active
CRD0000010,4595-XXXX-XXXX-9735,CUS0002663,PRD-CC04,,Credit,2024-10-09,2027-02-23,536657.54,101269.24,Active
CRD0000011,5777-XXXX-XXXX-7359,CUS0005166,PRD-CC04,,Credit,2024-07-23,2030-09-27,1187318.11,137553.87,Active
CRD0000012,4710-XXXX-XXXX-3040,CUS0009383,PRD-CC04,,Credit,2020-11-03,2027-12-29,422751.39,178573.5,Active
CRD0000013,5464-XXXX-XXXX-8811,CUS0007524,PRD-DC01,ACC00005243,Debit,2025-05-16,2029-10-09,0.0,0.0,Active
CRD0000014,4222-XXXX-XXXX-2899,CUS0006989,PRD-CC01,,Credit,2022-07-18,2030-05-19,198835.21,102431.29,Active
CRD0000015,4454-XXXX-XXXX-4074,CUS0003920,PRD-CC01,,Credit,2020-06-04,2029-02-22,1095665.88,27295.53,Active
CRD0000016,4854-XXXX-XXXX-7638,CUS0003741,PRD-DC02,,Debit,2026-04-11,2028-09-12,0.0,0.0,Active
CRD0000017,4796-XXXX-XXXX-9915,CUS0008503,PRD-DC01,ACC00000535,Debit,2021-08-26,2030-01-24,0.0,0.0,Active
CRD0000018,4598-XXXX-XXXX-1980,CUS0005233,PRD-CC03,,Credit,2023-05-19,2028-09-11,1373599.36,8632.65,Active
CRD0000019,5113-XXXX-XXXX-4096,CUS0000454,PRD-CC01,,Credit,2021-11-23,2030-09-29,417178.27,140391.35,Active
CRD0000020,5315-XXXX-XXXX-3841,CUS0001884,PRD-CC02,,Credit,2025-06-12,2030-01-14,493892.45,110250.23,Active
CRD0000021,5107-XXXX-XXXX-9470,CUS0009735,PRD-CC01,,Credit,2025-01-10,2029-12-28,1093481.31,88531.35,Active
CRD0000022,5100-XXXX-XXXX-9159,CUS0003754,PRD-CC01,,Credit,2026-03-01,2029-06-20,71313.41,82923.07,Active
CRD0000023,5876-XXXX-XXXX-3577,CUS0005946,PRD-CC01,,Credit,2026-01-06,2029-08-26,575526.85,67333.53,Active
CRD0000024,4987-XXXX-XXXX-8699,CUS0000021,PRD-DC02,ACC00002401,Debit,2024-10-11,2026-06-15,0.0,0.0,Active
CRD0000025,5433-XXXX-XXXX-3458,CUS0007952,PRD-CC02,,Credit,2020-12-26,2030-06-20,1367501.24,150328.87,Active
CRD0000026,5252-XXXX-XXXX-5849,CUS0004475,PRD-DC02,ACC00010931,Debit,2025-07-08,2028-02-28,0.0,0.0,Active
CRD0000027,5959-XXXX-XXXX-3343,CUS0006171,PRD-DC01,,Debit,2025-11-23,2028-06-24,0.0,0.0,Active
CRD0000028,5184-XXXX-XXXX-5534,CUS0009452,PRD-CC01,,Credit,2020-01-14,2028-05-24,931607.2,68014.93,Active
CRD0000029,4289-XXXX-XXXX-9724,CUS0006988,PRD-CC04,,Credit,2020-12-06,2029-11-11,340917.07,176688.24,Active
CRD0000030,4615-XXXX-XXXX-3023,CUS0006792,PRD-CC01,,Credit,2025-01-24,2026-06-25,1007901.31,21043.77,Active
CRD0000031,4638-XXXX-XXXX-5180,CUS0006930,PRD-DC01,,Debit,2025-11-29,2026-11-17,0.0,0.0,Active
CRD0000032,4127-XXXX-XXXX-5625,CUS0008767,PRD-CC02,,Credit,2025-04-21,2030-04-05,103495.66,141773.29,Active
CRD0000033,4885-XXXX-XXXX-4891,CUS0006735,PRD-DC02,ACC00002789,Debit,2024-12-01,2028-10-21,0.0,0.0,Blocked
CRD0000034,5412-XXXX-XXXX-3027,CUS0008015,PRD-CC04,,Credit,2021-04-22,2030-11-21,838239.05,125108.71,Active
CRD0000035,5976-XXXX-XXXX-4108,CUS0005956,PRD-CC03,,Credit,2022-04-01,2027-01-15,803295.69,182907.15,Active
CRD0000036,4223-XXXX-XXXX-4925,CUS0000047,PRD-DC01,ACC00006106,Debit,2026-01-19,2026-09-08,0.0,0.0,Active
CRD0000037,5751-XXXX-XXXX-9052,CUS0008951,PRD-CC03,,Credit,2023-03-08,2029-04-09,174264.18,129227.03,Active
CRD0000038,5802-XXXX-XXXX-2141,CUS0007482,PRD-CC03,,Credit,2023-07-25,2028-05-22,1489642.59,20242.97,Active
CRD0000039,4412-XXXX-XXXX-9935,CUS0000796,PRD-CC01,,Credit,2023-05-18,2027-01-31,498433.26,37731.94,Active
CRD0000040,4890-XXXX-XXXX-1385,CUS0009990,PRD-CC01,,Credit,2023-11-30,2030-12-08,1249828.07,17421.71,Active
CRD0000041,4243-XXXX-XXXX-2543,CUS0002376,PRD-CC04,,Credit,2021-07-05,2027-01-06,444643.64,116283.69,Active
CRD0000042,5354-XXXX-XXXX-3390,CUS0008813,PRD-DC01,,Debit,2023-12-11,2027-10-10,0.0,0.0,Active
CRD0000043,5198-XXXX-XXXX-6541,CUS0000621,PRD-CC04,,Credit,2021-01-05,2027-12-28,393992.85,73516.95,Active
CRD0000044,4156-XXXX-XXXX-3439,CUS0006105,PRD-CC04,,Credit,2024-02-25,2028-01-02,146416.72,65346.37,Active
CRD0000045,5919-XXXX-XXXX-4115,CUS0002639,PRD-DC01,ACC00014608,Debit,2022-03-27,2026-06-27,0.0,0.0,Active
CRD0000046,5714-XXXX-XXXX-5162,CUS0004516,PRD-DC02,ACC00008195,Debit,2022-04-07,2027-05-10,0.0,0.0,Active
CRD0000047,5527-XXXX-XXXX-5723,CUS0002805,PRD-CC04,,Credit,2020-05-10,2028-09-17,1019905.69,2654.15,Active
CRD0000048,5253-XXXX-XXXX-7650,CUS0001577,PRD-CC04,,Credit,2020-09-20,2028-12-21,144608.24,24505.68,Active
CRD0000049,5705-XXXX-XXXX-3425,CUS0003215,PRD-DC02,ACC00007331,Debit,2022-03-10,2027-10-22,0.0,0.0,Active
CRD0000050,4391-XXXX-XXXX-4855,CUS0006311,PRD-CC02,,Credit,2024-07-20,2029-07-26,381270.84,17956.54,Active
CRD0000051,5703-XXXX-XXXX-1936,CUS0002002,PRD-CC04,,Credit,2025-04-01,2027-03-04,1183498.8,153669.47,Active
CRD0000052,5221-XXXX-XXXX-8147,CUS0002706,PRD-DC02,,Debit,2022-01-05,2030-05-18,0.0,0.0,Active
CRD0000053,4472-XXXX-XXXX-2427,CUS0003942,PRD-CC04,,Credit,2025-04-01,2030-04-20,830145.93,41962.14,Active
CRD0000054,4739-XXXX-XXXX-7282,CUS0004555,PRD-DC01,ACC00014904,Debit,2020-02-24,2028-06-01,0.0,0.0,Active
CRD0000055,5280-XXXX-XXXX-4799,CUS0003644,PRD-DC01,ACC00011889,Debit,2025-01-26,2029-09-29,0.0,0.0,Active
CRD0000056,5235-XXXX-XXXX-8724,CUS0009461,PRD-CC04,,Credit,2020-10-11,2028-03-20,874520.1,69860.44,Active
CRD0000057,5256-XXXX-XXXX-6100,CUS0006072,PRD-CC04,,Credit,2020-08-27,2030-08-29,465513.0,18197.31,Active
CRD0000058,4392-XXXX-XXXX-6105,CUS0001248,PRD-CC04,,Credit,2020-03-28,2030-12-29,990864.55,116713.88,Active
CRD0000059,4793-XXXX-XXXX-4293,CUS0005031,PRD-CC03,,Credit,2024-08-21,2028-05-24,922439.85,81489.48,Active
CRD0000060,4663-XXXX-XXXX-8953,CUS0002982,PRD-CC04,,Credit,2020-01-21,2030-02-23,1487217.44,182814.79,Active
CRD0000061,5419-XXXX-XXXX-3621,CUS0005312,PRD-DC02,ACC00017651,Debit,2026-03-06,2027-01-06,0.0,0.0,Active
CRD0000062,4209-XXXX-XXXX-5392,CUS0002028,PRD-CC02,,Credit,2021-09-15,2027-09-05,388940.43,190075.64,Active
CRD0000063,5578-XXXX-XXXX-6676,CUS0001492,PRD-CC04,,Credit,2022-04-12,2026-06-03,1400562.36,48377.51,Active
CRD0000064,5389-XXXX-XXXX-3724,CUS0004140,PRD-DC02,ACC00017177,Debit,2023-08-05,2029-04-25,0.0,0.0,Expired
CRD0000065,5459-XXXX-XXXX-8550,CUS0005121,PRD-CC04,,Credit,2023-09-02,2030-03-14,901185.38,8680.89,Active
CRD0000066,5165-XXXX-XXXX-7056,CUS0006656,PRD-CC01,,Credit,2020-05-02,2027-02-13,956512.62,124623.02,Active
CRD0000067,5245-XXXX-XXXX-5810,CUS0003248,PRD-DC01,ACC00005965,Debit,2025-06-03,2028-01-23,0.0,0.0,Active
CRD0000068,4461-XXXX-XXXX-2966,CUS0005472,PRD-CC04,,Credit,2024-09-11,2027-04-01,1222586.22,132109.97,Active
CRD0000069,4528-XXXX-XXXX-2482,CUS0001545,PRD-CC01,,Credit,2024-02-02,2027-07-10,772264.2,121554.39,Active
CRD0000070,5524-XXXX-XXXX-2627,CUS0001219,PRD-CC03,,Credit,2020-03-26,2028-01-17,522808.96,106267.96,Active
CRD0000071,5138-XXXX-XXXX-8283,CUS0008660,PRD-CC04,,Credit,2025-07-21,2029-09-02,1070798.11,591.53,Active
CRD0000072,4231-XXXX-XXXX-7534,CUS0005164,PRD-DC02,ACC00012352,Debit,2022-04-01,2026-10-07,0.0,0.0,Active
CRD0000073,4149-XXXX-XXXX-4392,CUS0006264,PRD-DC01,ACC00012604,Debit,2024-04-29,2028-05-26,0.0,0.0,Active
CRD0000074,5106-XXXX-XXXX-8427,CUS0007991,PRD-DC01,ACC00001012,Debit,2024-08-08,2028-11-08,0.0,0.0,Active
CRD0000075,4693-XXXX-XXXX-8524,CUS0000080,PRD-CC03,,Credit,2022-02-13,2027-12-22,22305.23,83737.57,Active
CRD0000076,4233-XXXX-XXXX-7557,CUS0008918,PRD-CC01,,Credit,2020-01-10,2029-12-10,689173.34,91257.04,Active
CRD0000077,5966-XXXX-XXXX-1252,CUS0000383,PRD-DC02,ACC00007406,Debit,2023-06-04,2028-03-22,0.0,0.0,Active
CRD0000078,5669-XXXX-XXXX-8070,CUS0008764,PRD-DC02,ACC00003149,Debit,2023-01-15,2029-06-04,0.0,0.0,Expired
CRD0000079,4850-XXXX-XXXX-1773,CUS0006325,PRD-CC02,,Credit,2024-10-16,2028-03-17,1381893.08,29309.72,Active
CRD0000080,5856-XXXX-XXXX-7221,CUS0001990,PRD-CC01,,Credit,2021-04-22,2027-06-05,874646.86,17198.44,Active
CRD0000081,4941-XXXX-XXXX-4314,CUS0007007,PRD-DC01,ACC00008190,Debit,2021-07-01,2030-08-07,0.0,0.0,Active
CRD0000082,5641-XXXX-XXXX-4822,CUS0004131,PRD-DC01,ACC00004634,Debit,2020-12-23,2027-06-19,0.0,0.0,Active
CRD0000083,4731-XXXX-XXXX-8666,CUS0005724,PRD-CC02,,Credit,2024-09-28,2026-05-16,1165842.77,77554.15,Active
CRD0000084,4110-XXXX-XXXX-7552,CUS0001099,PRD-CC04,,Credit,2023-01-22,2028-03-23,1479510.55,172448.55,Active
CRD0000085,4796-XXXX-XXXX-6605,CUS0006335,PRD-CC02,,Credit,2020-05-01,2029-10-30,1186871.17,2757.49,Active
CRD0000086,5452-XXXX-XXXX-4082,CUS0000733,PRD-DC01,ACC00015137,Debit,2020-09-06,2026-06-08,0.0,0.0,Active
CRD0000087,5286-XXXX-XXXX-5262,CUS0004836,PRD-DC02,ACC00008313,Debit,2024-10-05,2027-08-31,0.0,0.0,Active
CRD0000088,5941-XXXX-XXXX-6662,CUS0007740,PRD-CC02,,Credit,2023-06-23,2027-03-30,294484.13,155710.07,Active
CRD0000089,5156-XXXX-XXXX-2577,CUS0000421,PRD-DC02,ACC00010475,Debit,2023-09-14,2029-04-02,0.0,0.0,Active
CRD0000090,5556-XXXX-XXXX-5394,CUS0000068,PRD-CC02,,Credit,2024-10-24,2026-06-14,357352.5,153186.56,Active
CRD0000091,4630-XXXX-XXXX-2537,CUS0000346,PRD-CC01,,Credit,2023-10-04,2028-10-31,962653.93,75419.4,Active
CRD0000092,4376-XXXX-XXXX-1380,CUS0005865,PRD-CC03,,Credit,2021-11-13,2030-01-20,31871.84,161701.32,Active
CRD0000093,4276-XXXX-XXXX-3179,CUS0007150,PRD-CC01,,Credit,2020-03-10,2027-02-11,1079397.58,174860.62,Active
CRD0000094,5407-XXXX-XXXX-2812,CUS0004503,PRD-CC04,,Credit,2021-02-28,2029-01-05,588861.89,17029.08,Active
CRD0000095,5318-XXXX-XXXX-5128,CUS0003748,PRD-CC02,,Credit,2021-10-14,2028-06-17,568671.62,148764.56,Active
CRD0000096,5480-XXXX-XXXX-1598,CUS0000534,PRD-DC02,ACC00008598,Debit,2023-04-24,2029-03-19,0.0,0.0,Active
CRD0000097,4140-XXXX-XXXX-5087,CUS0004007,PRD-DC02,,Debit,2020-12-20,2028-03-06,0.0,0.0,Active
CRD0000098,5483-XXXX-XXXX-2066,CUS0008224,PRD-DC02,ACC00014419,Debit,2020-09-28,2030-10-13,0.0,0.0,Active
CRD0000099,4532-XXXX-XXXX-7995,CUS0005819,PRD-CC01,,Credit,2022-02-05,2028-03-26,1325717.29,137293.1,Active
CRD0000100,5169-XXXX-XXXX-3954,CUS0006934,PRD-DC01,ACC00009554,Debit,2023-04-16,2027-11-27,0.0,0.0,Active
CRD0000101,5613-XXXX-XXXX-1444,CUS0003708,PRD-CC03,,Credit,2025-04-01,2030-02-24,1161618.34,6803.68,Active
CRD0000102,5455-XXXX-XXXX-1853,CUS0008673,PRD-CC04,,Credit,2024-03-20,2028-05-10,585539.44,22939.15,Active
CRD0000103,4812-XXXX-XXXX-1793,CUS0005218,PRD-DC02,,Debit,2023-07-09,2027-11-21,0.0,0.0,Active
CRD0000104,5359-XXXX-XXXX-6052,CUS0006735,PRD-DC02,ACC00004518,Debit,2025-11-15,2029-05-19,0.0,0.0,Expired
CRD0000105,5849-XXXX-XXXX-1213,CUS0008449,PRD-CC01,,Credit,2025-03-31,2027-01-06,574229.42,71680.75,Active
CRD0000106,5815-XXXX-XXXX-6475,CUS0005076,PRD-CC01,,Credit,2024-09-26,2029-02-21,203765.16,86302.79,Active
CRD0000107,4858-XXXX-XXXX-2359,CUS0005611,PRD-CC04,,Credit,2020-11-10,2026-09-15,914433.26,6219.56,Active
CRD0000108,4103-XXXX-XXXX-9213,CUS0009040,PRD-CC03,,Credit,2024-05-08,2030-04-13,702015.71,887.92,Active
CRD0000109,4684-XXXX-XXXX-4087,CUS0007174,PRD-CC04,,Credit,2023-04-12,2030-11-20,801673.6,156268.36,Active
CRD0000110,4486-XXXX-XXXX-5784,CUS0006327,PRD-CC01,,Credit,2026-04-02,2027-11-08,140908.11,188446.99,Active
CRD0000111,5462-XXXX-XXXX-5148,CUS0007928,PRD-DC01,ACC00003914,Debit,2022-11-20,2030-03-11,0.0,0.0,Active
CRD0000112,4359-XXXX-XXXX-2963,CUS0009173,PRD-CC01,,Credit,2023-03-15,2027-07-15,1140908.38,33554.57,Expired
CRD0000113,5497-XXXX-XXXX-1588,CUS0002451,PRD-CC01,,Credit,2023-04-07,2030-04-22,1393858.77,109076.24,Active
CRD0000114,4476-XXXX-XXXX-8260,CUS0001835,PRD-CC01,,Credit,2023-05-19,2028-10-14,1441827.54,154531.24,Active
CRD0000115,5569-XXXX-XXXX-6358,CUS0008597,PRD-CC01,,Credit,2022-09-23,2029-11-03,1001759.83,36458.38,Active
CRD0000116,4252-XXXX-XXXX-7608,CUS0004134,PRD-CC04,,Credit,2023-01-19,2030-11-27,1417680.13,176561.95,Active
CRD0000117,5992-XXXX-XXXX-8850,CUS0000207,PRD-CC03,,Credit,2025-12-23,2029-10-16,1148357.32,117857.61,Active
CRD0000118,4571-XXXX-XXXX-8236,CUS0002553,PRD-CC01,,Credit,2020-07-06,2026-12-17,973531.89,14798.37,Active
CRD0000119,4884-XXXX-XXXX-9319,CUS0006057,PRD-CC04,,Credit,2024-04-08,2028-06-09,1232363.93,105631.37,Active
CRD0000120,5533-XXXX-XXXX-5254,CUS0005506,PRD-CC03,,Credit,2025-10-22,2026-05-11,356532.75,1313.82,Active
CRD0000121,4137-XXXX-XXXX-3452,CUS0008808,PRD-DC02,ACC00010220,Debit,2022-02-09,2027-02-14,0.0,0.0,Active
CRD0000122,5617-XXXX-XXXX-6988,CUS0006918,PRD-CC01,,Credit,2021-03-16,2029-08-15,1240308.18,131419.84,Active
CRD0000123,5779-XXXX-XXXX-7834,CUS0004407,PRD-DC02,ACC00004729,Debit,2023-08-06,2027-04-08,0.0,0.0,Active
CRD0000124,4786-XXXX-XXXX-1868,CUS0006989,PRD-CC02,,Credit,2025-01-28,2030-08-07,1029196.1,105182.03,Active
CRD0000125,4453-XXXX-XXXX-9442,CUS0009585,PRD-DC01,ACC00009177,Debit,2020-02-03,2029-08-16,0.0,0.0,Active
CRD0000126,5355-XXXX-XXXX-4413,CUS0009931,PRD-DC02,ACC00010097,Debit,2023-06-11,2028-07-25,0.0,0.0,Active
CRD0000127,4886-XXXX-XXXX-7717,CUS0003210,PRD-CC03,,Credit,2024-08-16,2026-08-13,165118.83,88386.96,Active
CRD0000128,4432-XXXX-XXXX-5592,CUS0000877,PRD-DC01,ACC00000313,Debit,2026-01-18,2029-05-25,0.0,0.0,Active
CRD0000129,4603-XXXX-XXXX-2581,CUS0003603,PRD-CC03,,Credit,2021-10-13,2027-11-13,1313353.03,131876.6,Active
CRD0000130,5175-XXXX-XXXX-6289,CUS0008190,PRD-CC01,,Credit,2020-11-25,2029-05-08,1211489.0,129631.89,Active
CRD0000131,4589-XXXX-XXXX-5653,CUS0000802,PRD-DC02,ACC00016509,Debit,2021-06-05,2028-10-01,0.0,0.0,Active
CRD0000132,4614-XXXX-XXXX-4746,CUS0000165,PRD-DC02,ACC00015973,Debit,2023-07-16,2027-09-23,0.0,0.0,Active
CRD0000133,4569-XXXX-XXXX-9362,CUS0000954,PRD-CC01,,Credit,2020-11-19,2028-08-09,340739.87,56813.21,Active
CRD0000134,4902-XXXX-XXXX-1954,CUS0003897,PRD-CC03,,Credit,2025-07-20,2028-10-07,1440489.08,156856.76,Blocked
CRD0000135,4516-XXXX-XXXX-8175,CUS0002042,PRD-CC01,,Credit,2021-03-23,2028-03-14,1488240.97,173985.78,Active
CRD0000136,4362-XXXX-XXXX-7634,CUS0005130,PRD-DC02,ACC00009308,Debit,2023-05-21,2026-08-27,0.0,0.0,Active
CRD0000137,4897-XXXX-XXXX-1643,CUS0000398,PRD-CC02,,Credit,2022-12-08,2029-10-03,915975.36,65253.14,Active
CRD0000138,5209-XXXX-XXXX-8998,CUS0003021,PRD-CC02,,Credit,2021-03-19,2028-07-20,730612.02,64674.63,Active
CRD0000139,4114-XXXX-XXXX-4095,CUS0009511,PRD-CC02,,Credit,2023-06-24,2027-04-21,1324344.91,105917.25,Active
CRD0000140,5429-XXXX-XXXX-7535,CUS0001988,PRD-DC01,ACC00007587,Debit,2022-01-16,2028-10-23,0.0,0.0,Active
CRD0000141,5575-XXXX-XXXX-6239,CUS0006683,PRD-DC01,ACC00015837,Debit,2024-09-03,2030-02-07,0.0,0.0,Active
CRD0000142,5392-XXXX-XXXX-4344,CUS0003012,PRD-DC01,ACC00000632,Debit,2022-03-29,2028-02-05,0.0,0.0,Active
CRD0000143,4510-XXXX-XXXX-2090,CUS0002155,PRD-CC01,,Credit,2020-03-15,2029-10-22,786277.59,197413.81,Active
CRD0000144,5797-XXXX-XXXX-4423,CUS0005469,PRD-CC01,,Credit,2025-01-01,2029-06-27,208569.36,155476.78,Expired
CRD0000145,5567-XXXX-XXXX-7448,CUS0004740,PRD-CC04,,Credit,2023-08-09,2030-03-24,894131.85,178169.94,Active
CRD0000146,5360-XXXX-XXXX-8859,CUS0008543,PRD-CC04,,Credit,2020-04-04,2027-11-29,179130.34,183589.16,Active
CRD0000147,4908-XXXX-XXXX-8464,CUS0000805,PRD-CC02,,Credit,2025-07-01,2028-08-18,529825.8,89820.04,Active
CRD0000148,5394-XXXX-XXXX-7883,CUS0001293,PRD-CC01,,Credit,2025-08-02,2028-08-08,448419.87,34799.91,Expired
CRD0000149,5786-XXXX-XXXX-5947,CUS0008903,PRD-DC02,ACC00008474,Debit,2023-01-09,2030-05-23,0.0,0.0,Active
CRD0000150,5451-XXXX-XXXX-4176,CUS0003110,PRD-CC03,,Credit,2020-02-12,2030-06-12,673100.05,196051.31,Active
CRD0000151,5710-XXXX-XXXX-6546,CUS0003904,PRD-DC02,ACC00000513,Debit,2023-02-09,2027-07-20,0.0,0.0,Active
CRD0000152,4516-XXXX-XXXX-6992,CUS0003183,PRD-CC01,,Credit,2026-01-12,2028-05-31,829828.94,54921.88,Active
CRD0000153,4797-XXXX-XXXX-7066,CUS0003174,PRD-DC02,ACC00004323,Debit,2023-12-12,2028-11-05,0.0,0.0,Active
CRD0000154,4972-XXXX-XXXX-8479,CUS0007700,PRD-DC02,ACC00014670,Debit,2024-03-14,2030-05-15,0.0,0.0,Active
CRD0000155,5444-XXXX-XXXX-2881,CUS0001816,PRD-DC02,ACC00005635,Debit,2022-07-08,2030-12-17,0.0,0.0,Active
CRD0000156,4711-XXXX-XXXX-2018,CUS0002979,PRD-CC01,,Credit,2026-04-21,2026-11-15,666685.75,48431.35,Active
CRD0000157,5356-XXXX-XXXX-3140,CUS0005183,PRD-CC03,,Credit,2021-11-25,2030-06-04,1226986.39,68491.52,Active
CRD0000158,4867-XXXX-XXXX-3744,CUS0009540,PRD-CC04,,Credit,2023-10-12,2027-03-21,710507.62,12559.93,Active
CRD0000159,4891-XXXX-XXXX-2207,CUS0000498,PRD-CC04,,Credit,2022-04-30,2028-06-22,566847.77,1505.16,Active
CRD0000160,4605-XXXX-XXXX-5917,CUS0006305,PRD-CC03,,Credit,2026-03-21,2027-05-10,118735.33,195863.07,Active
CRD0000161,4652-XXXX-XXXX-9203,CUS0005490,PRD-CC03,,Credit,2025-04-03,2028-12-05,235101.73,89533.03,Active
CRD0000162,4836-XXXX-XXXX-7827,CUS0006230,PRD-DC01,ACC00002369,Debit,2023-12-14,2028-02-03,0.0,0.0,Active
CRD0000163,5223-XXXX-XXXX-8806,CUS0003671,PRD-CC04,,Credit,2023-08-19,2029-04-12,526464.98,82620.67,Active
CRD0000164,4546-XXXX-XXXX-2082,CUS0003937,PRD-CC03,,Credit,2025-01-31,2028-08-21,1231798.76,22137.12,Active
CRD0000165,5289-XXXX-XXXX-6523,CUS0007349,PRD-CC04,,Credit,2020-04-16,2028-05-30,537173.07,135616.03,Active
CRD0000166,4124-XXXX-XXXX-3740,CUS0007721,PRD-CC04,,Credit,2025-12-19,2028-04-06,1052595.01,133457.76,Active
CRD0000167,5992-XXXX-XXXX-1031,CUS0007149,PRD-DC01,ACC00016771,Debit,2025-10-14,2029-05-10,0.0,0.0,Active
CRD0000168,4440-XXXX-XXXX-3285,CUS0001686,PRD-CC02,,Credit,2022-09-10,2026-06-04,1156246.83,135889.31,Active
CRD0000169,5279-XXXX-XXXX-2715,CUS0008777,PRD-CC04,,Credit,2021-05-06,2026-05-19,904053.49,54259.71,Blocked
CRD0000170,4773-XXXX-XXXX-3135,CUS0005894,PRD-DC02,ACC00012766,Debit,2020-09-26,2026-12-17,0.0,0.0,Active
CRD0000171,5706-XXXX-XXXX-1663,CUS0003256,PRD-DC01,ACC00002411,Debit,2020-09-17,2028-04-25,0.0,0.0,Active
CRD0000172,4792-XXXX-XXXX-6535,CUS0007197,PRD-DC02,ACC00002552,Debit,2021-04-12,2027-08-04,0.0,0.0,Active
CRD0000173,4549-XXXX-XXXX-6005,CUS0005909,PRD-DC01,,Debit,2023-04-20,2029-01-01,0.0,0.0,Blocked
CRD0000174,5224-XXXX-XXXX-6663,CUS0003503,PRD-DC02,ACC00005586,Debit,2020-05-10,2027-02-18,0.0,0.0,Active
CRD0000175,5604-XXXX-XXXX-2995,CUS0008101,PRD-CC03,,Credit,2025-10-27,2029-04-07,1465171.55,143832.24,Active
CRD0000176,5996-XXXX-XXXX-2991,CUS0004821,PRD-CC03,,Credit,2023-07-28,2026-08-16,432619.93,175177.63,Active
CRD0000177,4655-XXXX-XXXX-7915,CUS0004179,PRD-DC01,ACC00015379,Debit,2024-09-14,2026-06-18,0.0,0.0,Active
CRD0000178,4271-XXXX-XXXX-2128,CUS0007943,PRD-DC01,ACC00012300,Debit,2021-06-01,2028-04-21,0.0,0.0,Blocked
CRD0000179,4670-XXXX-XXXX-3225,CUS0001174,PRD-DC01,ACC00011089,Debit,2023-06-13,2027-09-03,0.0,0.0,Active
CRD0000180,4266-XXXX-XXXX-1575,CUS0007249,PRD-DC01,,Debit,2023-09-16,2027-12-17,0.0,0.0,Active
CRD0000181,5599-XXXX-XXXX-2480,CUS0007261,PRD-CC03,,Credit,2023-01-02,2026-11-12,415543.88,96918.39,Active
CRD0000182,5831-XXXX-XXXX-2689,CUS0009505,PRD-CC02,,Credit,2025-12-25,2030-10-09,1354740.25,197489.89,Active
CRD0000183,5171-XXXX-XXXX-8653,CUS0002871,PRD-CC02,,Credit,2025-03-26,2026-07-23,69141.63,177310.45,Active
CRD0000184,4353-XXXX-XXXX-1895,CUS0006374,PRD-CC04,,Credit,2024-12-06,2029-11-26,147177.63,181969.8,Active
CRD0000185,5923-XXXX-XXXX-1915,CUS0004280,PRD-CC04,,Credit,2024-07-02,2028-08-20,209812.04,10997.32,Active
CRD0000186,5117-XXXX-XXXX-9276,CUS0002980,PRD-DC01,ACC00007076,Debit,2020-06-18,2029-08-08,0.0,0.0,Active
CRD0000187,5605-XXXX-XXXX-7404,CUS0007371,PRD-CC01,,Credit,2021-07-26,2029-08-10,997330.39,108026.65,Active
CRD0000188,5948-XXXX-XXXX-8517,CUS0006885,PRD-CC03,,Credit,2022-11-28,2028-02-25,477064.37,199370.74,Active
CRD0000189,4475-XXXX-XXXX-6549,CUS0002839,PRD-DC02,ACC00013537,Debit,2021-01-13,2030-09-09,0.0,0.0,Active
CRD0000190,5514-XXXX-XXXX-3979,CUS0006693,PRD-DC01,ACC00017649,Debit,2024-02-07,2030-09-15,0.0,0.0,Active
CRD0000191,5128-XXXX-XXXX-8364,CUS0009001,PRD-DC01,ACC00013011,Debit,2025-05-03,2028-02-10,0.0,0.0,Active
CRD0000192,4808-XXXX-XXXX-1124,CUS0007751,PRD-DC02,ACC00011158,Debit,2024-06-10,2028-10-30,0.0,0.0,Active
CRD0000193,4423-XXXX-XXXX-7913,CUS0002938,PRD-CC02,,Credit,2020-11-09,2027-03-28,860471.69,63421.99,Active
CRD0000194,5372-XXXX-XXXX-3509,CUS0001312,PRD-CC01,,Credit,2024-11-21,2028-09-19,679439.11,103943.77,Active
CRD0000195,4872-XXXX-XXXX-6450,CUS0008677,PRD-CC01,,Credit,2023-09-18,2027-07-30,972462.48,116581.33,Active
CRD0000196,4630-XXXX-XXXX-5907,CUS0007990,PRD-DC01,ACC00004343,Debit,2022-06-28,2029-02-27,0.0,0.0,Active
CRD0000197,5627-XXXX-XXXX-4790,CUS0003219,PRD-CC03,,Credit,2022-09-05,2028-06-04,808510.07,43912.0,Active
CRD0000198,4302-XXXX-XXXX-8875,CUS0006260,PRD-DC02,ACC00001399,Debit,2023-10-21,2028-10-14,0.0,0.0,Active
CRD0000199,4603-XXXX-XXXX-8999,CUS0007629,PRD-CC01,,Credit,2023-12-14,2028-07-12,1483612.66,26472.79,Active
CRD0000200,4120-XXXX-XXXX-7919,CUS0002533,PRD-CC04,,Credit,2022-01-27,2026-09-13,262524.39,184970.38,Active
CRD0000201,5420-XXXX-XXXX-8691,CUS0003061,PRD-CC04,,Credit,2025-10-19,2028-10-25,315072.92,73140.07,Active
CRD0000202,5414-XXXX-XXXX-9345,CUS0009606,PRD-CC03,,Credit,2021-05-27,2028-10-29,1348668.25,150953.9,Active
CRD0000203,5820-XXXX-XXXX-6560,CUS0002514,PRD-DC01,ACC00012218,Debit,2021-05-25,2027-07-10,0.0,0.0,Active
CRD0000204,4547-XXXX-XXXX-5952,CUS0004710,PRD-CC02,,Credit,2021-10-01,2030-05-02,706911.5,4481.42,Active
CRD0000205,4389-XXXX-XXXX-3521,CUS0008118,PRD-DC02,,Debit,2020-05-23,2028-07-27,0.0,0.0,Active
CRD0000206,5514-XXXX-XXXX-7780,CUS0001974,PRD-CC01,,Credit,2024-11-15,2026-11-14,418686.04,190719.49,Active
CRD0000207,4847-XXXX-XXXX-5758,CUS0008353,PRD-DC02,ACC00016728,Debit,2024-12-17,2026-11-24,0.0,0.0,Active
CRD0000208,4717-XXXX-XXXX-5282,CUS0005685,PRD-CC01,,Credit,2024-11-23,2029-06-16,1318107.89,22740.14,Blocked
CRD0000209,5156-XXXX-XXXX-8862,CUS0001255,PRD-DC01,ACC00007467,Debit,2023-10-02,2029-09-17,0.0,0.0,Active
CRD0000210,4567-XXXX-XXXX-4708,CUS0005161,PRD-CC02,,Credit,2024-06-20,2026-05-03,145311.77,34893.96,Active
CRD0000211,4260-XXXX-XXXX-9974,CUS0001091,PRD-CC02,,Credit,2026-03-09,2027-07-19,947790.93,199636.97,Active
CRD0000212,4989-XXXX-XXXX-3939,CUS0002436,PRD-DC01,ACC00012051,Debit,2023-12-09,2027-10-01,0.0,0.0,Expired
CRD0000213,4389-XXXX-XXXX-3639,CUS0004084,PRD-CC01,,Credit,2023-03-29,2026-09-18,238965.73,130505.87,Active
CRD0000214,5472-XXXX-XXXX-4735,CUS0001607,PRD-CC04,,Credit,2020-06-29,2030-03-03,817781.64,120209.84,Active
CRD0000215,5492-XXXX-XXXX-5862,CUS0009775,PRD-DC02,ACC00008779,Debit,2024-06-04,2028-06-14,0.0,0.0,Active
CRD0000216,5262-XXXX-XXXX-8082,CUS0009261,PRD-DC02,ACC00000502,Debit,2022-11-24,2029-12-10,0.0,0.0,Active
CRD0000217,4851-XXXX-XXXX-5609,CUS0004527,PRD-CC02,,Credit,2022-01-24,2028-11-30,733712.07,17073.57,Active
CRD0000218,5917-XXXX-XXXX-9182,CUS0000950,PRD-DC02,ACC00009288,Debit,2022-04-27,2029-07-08,0.0,0.0,Active
CRD0000219,5492-XXXX-XXXX-4676,CUS0002316,PRD-CC02,,Credit,2026-04-11,2030-09-27,985790.05,160781.58,Active
CRD0000220,5862-XXXX-XXXX-1535,CUS0002633,PRD-DC01,ACC00011055,Debit,2021-09-15,2029-06-25,0.0,0.0,Active
CRD0000221,5684-XXXX-XXXX-8396,CUS0006623,PRD-CC01,,Credit,2025-09-29,2028-11-15,478519.26,17526.36,Active
CRD0000222,5683-XXXX-XXXX-2059,CUS0006906,PRD-CC01,,Credit,2020-08-05,2029-12-09,68672.55,79095.23,Active
CRD0000223,4961-XXXX-XXXX-2012,CUS0005975,PRD-CC02,,Credit,2025-01-19,2030-11-19,252008.45,30056.55,Active
CRD0000224,5688-XXXX-XXXX-5592,CUS0003683,PRD-DC02,ACC00016152,Debit,2023-09-04,2027-11-26,0.0,0.0,Active
CRD0000225,4934-XXXX-XXXX-3054,CUS0000866,PRD-CC04,,Credit,2024-12-20,2030-12-30,1284286.1,65446.02,Active
CRD0000226,5473-XXXX-XXXX-6641,CUS0008557,PRD-DC02,ACC00006988,Debit,2021-04-19,2028-10-07,0.0,0.0,Active
CRD0000227,4756-XXXX-XXXX-4863,CUS0009127,PRD-DC01,ACC00008082,Debit,2020-02-01,2027-08-19,0.0,0.0,Active
CRD0000228,4816-XXXX-XXXX-1342,CUS0006708,PRD-CC01,,Credit,2023-03-09,2027-04-16,164751.68,56346.04,Active
CRD0000229,4288-XXXX-XXXX-3789,CUS0002627,PRD-CC02,,Credit,2020-01-01,2027-02-10,281574.6,98916.18,Active
CRD0000230,4186-XXXX-XXXX-9613,CUS0002792,PRD-CC01,,Credit,2025-02-28,2029-11-08,1377322.41,86056.93,Active
CRD0000231,4623-XXXX-XXXX-7632,CUS0001311,PRD-CC03,,Credit,2022-06-24,2029-08-31,1248917.21,46614.8,Active
CRD0000232,4189-XXXX-XXXX-8677,CUS0005482,PRD-DC01,ACC00017343,Debit,2025-01-27,2026-08-17,0.0,0.0,Active
CRD0000233,5256-XXXX-XXXX-7985,CUS0009125,PRD-CC04,,Credit,2021-06-27,2030-08-03,869468.85,199870.9,Active
CRD0000234,5250-XXXX-XXXX-7984,CUS0006845,PRD-DC02,ACC00013467,Debit,2026-04-01,2026-08-04,0.0,0.0,Active
CRD0000235,4245-XXXX-XXXX-9719,CUS0002070,PRD-CC01,,Credit,2025-04-13,2029-09-02,762565.33,91396.6,Active
CRD0000236,5709-XXXX-XXXX-3242,CUS0003537,PRD-DC02,ACC00005192,Debit,2023-03-17,2030-05-29,0.0,0.0,Active
CRD0000237,5206-XXXX-XXXX-8182,CUS0000810,PRD-DC01,ACC00002232,Debit,2022-09-13,2028-09-27,0.0,0.0,Active
CRD0000238,5223-XXXX-XXXX-9947,CUS0000379,PRD-CC03,,Credit,2023-05-06,2030-05-23,965997.29,41729.13,Active
CRD0000239,4669-XXXX-XXXX-4700,CUS0000235,PRD-DC01,ACC00003120,Debit,2026-04-02,2029-08-19,0.0,0.0,Active
CRD0000240,4261-XXXX-XXXX-5395,CUS0002578,PRD-DC01,ACC00016438,Debit,2026-01-28,2030-09-26,0.0,0.0,Active
CRD0000241,4540-XXXX-XXXX-5093,CUS0001896,PRD-DC02,ACC00004976,Debit,2025-12-18,2030-04-12,0.0,0.0,Active
CRD0000242,5532-XXXX-XXXX-7560,CUS0004766,PRD-DC01,ACC00009354,Debit,2023-01-07,2029-11-17,0.0,0.0,Active
CRD0000243,4767-XXXX-XXXX-5006,CUS0002579,PRD-CC02,,Credit,2021-05-22,2026-08-19,683269.31,184125.76,Active
CRD0000244,5136-XXXX-XXXX-6057,CUS0004375,PRD-DC01,ACC00000172,Debit,2024-05-11,2030-09-26,0.0,0.0,Active
CRD0000245,5579-XXXX-XXXX-6371,CUS0003057,PRD-DC02,ACC00011186,Debit,2024-05-07,2029-07-24,0.0,0.0,Active
CRD0000246,4737-XXXX-XXXX-9730,CUS0003633,PRD-DC02,ACC00015458,Debit,2026-02-22,2029-03-31,0.0,0.0,Active
CRD0000247,5139-XXXX-XXXX-7614,CUS0002290,PRD-CC01,,Credit,2021-04-12,2028-04-19,495719.82,178963.88,Active
CRD0000248,5834-XXXX-XXXX-1585,CUS0006454,PRD-CC01,,Credit,2023-06-27,2027-05-09,1224434.86,104533.48,Active
CRD0000249,4543-XXXX-XXXX-2570,CUS0004587,PRD-CC04,,Credit,2020-02-21,2028-06-16,199284.46,50976.78,Active
CRD0000250,4787-XXXX-XXXX-3550,CUS0004418,PRD-DC02,ACC00012447,Debit,2022-07-15,2029-08-02,0.0,0.0,Active
CRD0000251,5971-XXXX-XXXX-3152,CUS0008282,PRD-CC02,,Credit,2021-07-24,2028-05-07,197711.55,176448.99,Active
CRD0000252,4223-XXXX-XXXX-3253,CUS0009106,PRD-DC02,ACC00000010,Debit,2020-07-01,2028-06-19,0.0,0.0,Active
CRD0000253,5267-XXXX-XXXX-1673,CUS0002480,PRD-CC01,,Credit,2020-03-24,2027-05-15,1127956.03,171802.69,Active
CRD0000254,4998-XXXX-XXXX-7195,CUS0004048,PRD-CC02,,Credit,2022-11-29,2026-09-25,973303.26,57951.57,Active
CRD0000255,5239-XXXX-XXXX-3418,CUS0003012,PRD-DC02,ACC00011164,Debit,2024-02-19,2027-04-05,0.0,0.0,Active
CRD0000256,5924-XXXX-XXXX-2468,CUS0002663,PRD-DC02,ACC00008377,Debit,2025-02-18,2029-01-14,0.0,0.0,Active
CRD0000257,4661-XXXX-XXXX-6359,CUS0009557,PRD-CC04,,Credit,2025-03-14,2029-07-24,846082.93,94281.01,Active
CRD0000258,5912-XXXX-XXXX-3225,CUS0002891,PRD-CC02,,Credit,2024-10-30,2028-07-28,533919.85,186923.84,Active
CRD0000259,4924-XXXX-XXXX-5319,CUS0009028,PRD-CC02,,Credit,2023-12-05,2030-05-03,1324979.73,180412.25,Blocked
CRD0000260,4957-XXXX-XXXX-4452,CUS0004893,PRD-DC01,ACC00006651,Debit,2023-05-09,2029-05-04,0.0,0.0,Active
CRD0000261,5243-XXXX-XXXX-2596,CUS0007488,PRD-DC02,,Debit,2022-02-17,2029-12-20,0.0,0.0,Active
CRD0000262,4546-XXXX-XXXX-5343,CUS0008766,PRD-CC02,,Credit,2022-11-01,2027-12-04,831597.01,32606.51,Active
CRD0000263,4357-XXXX-XXXX-4697,CUS0006879,PRD-CC04,,Credit,2022-01-30,2028-02-08,1192438.85,55098.19,Active
CRD0000264,5898-XXXX-XXXX-1535,CUS0008223,PRD-CC04,,Credit,2022-12-28,2029-03-29,674668.44,105462.96,Active
CRD0000265,5660-XXXX-XXXX-3085,CUS0009224,PRD-CC04,,Credit,2021-02-03,2029-01-16,46300.31,140492.89,Active
CRD0000266,4658-XXXX-XXXX-1999,CUS0006230,PRD-CC02,,Credit,2020-08-07,2026-07-20,762650.02,5672.52,Active
CRD0000267,4756-XXXX-XXXX-8785,CUS0006697,PRD-DC02,ACC00004853,Debit,2020-10-28,2028-07-11,0.0,0.0,Active
CRD0000268,4971-XXXX-XXXX-6944,CUS0008531,PRD-CC01,,Credit,2020-11-08,2030-12-17,677196.53,138075.26,Active
CRD0000269,4139-XXXX-XXXX-7310,CUS0005345,PRD-CC02,,Credit,2021-12-11,2027-12-22,565233.44,52536.3,Active
CRD0000270,4304-XXXX-XXXX-6479,CUS0007917,PRD-CC01,,Credit,2024-11-19,2029-11-08,138336.45,9173.68,Active
CRD0000271,5754-XXXX-XXXX-3895,CUS0009784,PRD-CC04,,Credit,2022-03-13,2026-05-28,1198912.79,21324.35,Active
CRD0000272,4683-XXXX-XXXX-4089,CUS0005385,PRD-DC02,ACC00007797,Debit,2024-04-01,2026-06-02,0.0,0.0,Active
CRD0000273,5851-XXXX-XXXX-6230,CUS0004626,PRD-CC01,,Credit,2023-03-03,2026-12-18,1162199.86,2581.51,Active
CRD0000274,4293-XXXX-XXXX-7997,CUS0004192,PRD-CC04,,Credit,2022-11-09,2026-08-15,1308869.1,145847.9,Active
CRD0000275,5684-XXXX-XXXX-1486,CUS0001503,PRD-DC01,ACC00014955,Debit,2025-08-07,2026-06-10,0.0,0.0,Active
CRD0000276,5532-XXXX-XXXX-8377,CUS0003735,PRD-CC03,,Credit,2022-07-27,2030-02-20,739718.75,174674.01,Active
CRD0000277,5999-XXXX-XXXX-4845,CUS0002047,PRD-CC03,,Credit,2020-05-27,2027-03-05,861024.52,59092.23,Active
CRD0000278,4844-XXXX-XXXX-8231,CUS0004258,PRD-CC01,,Credit,2025-08-09,2029-05-06,231689.64,45183.83,Active
CRD0000279,5179-XXXX-XXXX-2309,CUS0007672,PRD-CC03,,Credit,2020-11-07,2027-04-05,1329426.23,69422.25,Active
CRD0000280,4949-XXXX-XXXX-9646,CUS0004332,PRD-CC04,,Credit,2025-01-03,2029-05-19,884248.47,101013.97,Active
CRD0000281,5547-XXXX-XXXX-7442,CUS0007578,PRD-CC02,,Credit,2025-07-20,2030-01-23,347203.64,12555.8,Active
CRD0000282,4706-XXXX-XXXX-4808,CUS0005179,PRD-CC02,,Credit,2020-12-26,2026-10-16,74483.08,51904.39,Active
CRD0000283,4334-XXXX-XXXX-8448,CUS0005525,PRD-CC01,,Credit,2021-06-21,2030-06-06,309066.78,134082.12,Active
CRD0000284,4846-XXXX-XXXX-4353,CUS0001384,PRD-DC02,ACC00008513,Debit,2025-02-16,2028-07-25,0.0,0.0,Active
CRD0000285,4829-XXXX-XXXX-9173,CUS0001105,PRD-DC01,ACC00017774,Debit,2023-12-27,2029-02-19,0.0,0.0,Active
CRD0000286,4664-XXXX-XXXX-1810,CUS0001992,PRD-CC04,,Credit,2024-12-21,2028-09-23,861491.85,189895.56,Active
CRD0000287,4642-XXXX-XXXX-1898,CUS0009826,PRD-CC03,,Credit,2022-10-15,2026-06-19,1338643.37,19610.14,Blocked
CRD0000288,5742-XXXX-XXXX-1190,CUS0008854,PRD-DC01,ACC00015571,Debit,2020-01-06,2028-07-27,0.0,0.0,Active
CRD0000289,5423-XXXX-XXXX-7020,CUS0002216,PRD-CC02,,Credit,2022-11-07,2029-09-14,367377.32,45448.57,Active
CRD0000290,5548-XXXX-XXXX-9358,CUS0005621,PRD-CC02,,Credit,2026-04-17,2026-10-13,644358.85,27724.97,Active
CRD0000291,5268-XXXX-XXXX-4602,CUS0006414,PRD-CC02,,Credit,2022-06-10,2030-08-14,1274831.3,62631.39,Active
CRD0000292,5801-XXXX-XXXX-5462,CUS0003514,PRD-CC04,,Credit,2022-07-18,2027-01-17,1037881.9,69813.36,Active
CRD0000293,5197-XXXX-XXXX-2321,CUS0001685,PRD-CC02,,Credit,2020-10-18,2029-11-05,1225378.72,117362.04,Active
CRD0000294,5427-XXXX-XXXX-9682,CUS0000615,PRD-DC01,,Debit,2024-09-08,2026-12-04,0.0,0.0,Active
CRD0000295,5874-XXXX-XXXX-4494,CUS0005566,PRD-CC01,,Credit,2026-04-21,2027-11-24,1387780.44,85298.63,Active
CRD0000296,5973-XXXX-XXXX-6523,CUS0000427,PRD-CC02,,Credit,2024-03-30,2030-12-19,148976.56,168532.95,Active
CRD0000297,4780-XXXX-XXXX-9389,CUS0006436,PRD-DC02,,Debit,2024-01-20,2027-02-04,0.0,0.0,Active
CRD0000298,5579-XXXX-XXXX-7266,CUS0006686,PRD-CC02,,Credit,2022-04-01,2030-06-12,1233533.93,4041.47,Active
CRD0000299,4745-XXXX-XXXX-7581,CUS0007543,PRD-CC02,,Credit,2026-03-18,2026-05-04,871729.97,120691.04,Active
CRD0000300,5295-XXXX-XXXX-6594,CUS0005860,PRD-CC01,,Credit,2023-02-05,2027-07-05,452584.89,69522.97,Active
CRD0000301,5706-XXXX-XXXX-8104,CUS0006685,PRD-CC01,,Credit,2024-10-18,2030-10-25,957232.62,172892.28,Active
CRD0000302,5101-XXXX-XXXX-2643,CUS0003627,PRD-CC03,,Credit,2020-02-25,2030-11-22,1142087.91,86880.49,Active
CRD0000303,4813-XXXX-XXXX-7793,CUS0005229,PRD-CC02,,Credit,2026-03-09,2029-07-06,475053.14,78499.26,Active
CRD0000304,4608-XXXX-XXXX-9963,CUS0000083,PRD-DC02,ACC00003690,Debit,2022-01-01,2027-03-18,0.0,0.0,Active
CRD0000305,4960-XXXX-XXXX-3056,CUS0004385,PRD-CC03,,Credit,2024-08-18,2028-12-31,856825.33,55942.69,Active
CRD0000306,4676-XXXX-XXXX-6065,CUS0002421,PRD-CC04,,Credit,2020-05-22,2026-12-21,633277.17,120839.71,Active
CRD0000307,4970-XXXX-XXXX-2605,CUS0009486,PRD-DC01,ACC00016351,Debit,2025-01-28,2027-05-02,0.0,0.0,Blocked
CRD0000308,5654-XXXX-XXXX-8978,CUS0005156,PRD-CC02,,Credit,2021-02-07,2028-10-29,1043292.8,137467.74,Active
CRD0000309,4509-XXXX-XXXX-7570,CUS0000125,PRD-CC04,,Credit,2025-02-13,2028-08-09,860840.22,125702.5,Active
CRD0000310,4673-XXXX-XXXX-1758,CUS0002841,PRD-DC02,ACC00010306,Debit,2025-11-06,2029-09-26,0.0,0.0,Active
CRD0000311,4333-XXXX-XXXX-9434,CUS0004874,PRD-DC01,ACC00013456,Debit,2025-06-13,2027-09-25,0.0,0.0,Active
CRD0000312,5764-XXXX-XXXX-7669,CUS0007038,PRD-CC04,,Credit,2020-06-16,2030-09-03,409787.26,4119.8,Active
CRD0000313,4985-XXXX-XXXX-9980,CUS0002579,PRD-CC03,,Credit,2025-09-23,2026-10-05,1025269.97,76111.58,Active
CRD0000314,5920-XXXX-XXXX-1732,CUS0001829,PRD-CC01,,Credit,2021-09-30,2027-12-25,244354.11,125693.47,Active
CRD0000315,4764-XXXX-XXXX-3726,CUS0000932,PRD-CC01,,Credit,2022-01-20,2029-08-15,1145192.69,196415.35,Active
CRD0000316,4245-XXXX-XXXX-4266,CUS0003742,PRD-DC01,ACC00007943,Debit,2026-02-27,2026-05-05,0.0,0.0,Active
CRD0000317,4261-XXXX-XXXX-1573,CUS0009021,PRD-CC03,,Credit,2025-04-03,2030-12-10,1457777.4,34782.44,Blocked
CRD0000318,4833-XXXX-XXXX-8413,CUS0005282,PRD-CC02,,Credit,2025-04-13,2029-04-07,1098909.62,83037.33,Active
CRD0000319,4317-XXXX-XXXX-1787,CUS0003665,PRD-CC02,,Credit,2024-02-26,2029-10-13,92536.65,126627.46,Active
CRD0000320,5896-XXXX-XXXX-7604,CUS0008066,PRD-CC02,,Credit,2022-03-23,2030-08-10,377747.82,47216.91,Active
CRD0000321,4750-XXXX-XXXX-6523,CUS0002239,PRD-DC02,,Debit,2024-07-09,2030-05-11,0.0,0.0,Active
CRD0000322,4244-XXXX-XXXX-2430,CUS0002349,PRD-DC01,,Debit,2022-11-27,2027-11-09,0.0,0.0,Active
CRD0000323,5190-XXXX-XXXX-4582,CUS0003155,PRD-DC02,ACC00000933,Debit,2022-08-16,2026-08-04,0.0,0.0,Active
CRD0000324,5627-XXXX-XXXX-6252,CUS0000225,PRD-CC04,,Credit,2025-03-23,2027-02-08,37733.93,51370.48,Active
CRD0000325,5822-XXXX-XXXX-7756,CUS0000693,PRD-DC02,ACC00001106,Debit,2025-11-17,2027-09-22,0.0,0.0,Active
CRD0000326,5564-XXXX-XXXX-4201,CUS0006076,PRD-DC02,,Debit,2022-03-17,2027-04-01,0.0,0.0,Blocked
CRD0000327,5892-XXXX-XXXX-6427,CUS0008461,PRD-CC01,,Credit,2025-10-21,2026-06-24,1366288.74,133636.03,Active
CRD0000328,5859-XXXX-XXXX-9655,CUS0003222,PRD-DC02,ACC00004419,Debit,2025-03-17,2027-01-03,0.0,0.0,Active
CRD0000329,4654-XXXX-XXXX-9164,CUS0005950,PRD-DC01,ACC00004196,Debit,2024-05-13,2029-06-18,0.0,0.0,Active
CRD0000330,4211-XXXX-XXXX-5144,CUS0004413,PRD-DC02,ACC00010992,Debit,2022-05-14,2030-12-20,0.0,0.0,Active
CRD0000331,4359-XXXX-XXXX-7179,CUS0009431,PRD-DC01,ACC00014438,Debit,2022-08-04,2030-06-18,0.0,0.0,Active
CRD0000332,4667-XXXX-XXXX-8352,CUS0008242,PRD-CC04,,Credit,2024-11-28,2028-05-11,284634.12,1031.06,Active
CRD0000333,4695-XXXX-XXXX-9526,CUS0007681,PRD-CC01,,Credit,2022-04-12,2030-09-12,1241600.64,110931.64,Active
CRD0000334,4748-XXXX-XXXX-8864,CUS0005539,PRD-CC03,,Credit,2021-01-11,2028-11-18,1111705.77,138599.1,Active
CRD0000335,5987-XXXX-XXXX-5078,CUS0008206,PRD-CC01,,Credit,2023-08-29,2026-06-01,435337.48,138510.2,Active
CRD0000336,5875-XXXX-XXXX-3917,CUS0000761,PRD-DC01,ACC00003658,Debit,2023-10-06,2028-02-22,0.0,0.0,Active
CRD0000337,5458-XXXX-XXXX-4591,CUS0001439,PRD-DC02,ACC00000131,Debit,2026-01-30,2030-12-12,0.0,0.0,Active
CRD0000338,5945-XXXX-XXXX-3616,CUS0003425,PRD-DC02,,Debit,2026-04-10,2029-03-31,0.0,0.0,Active
CRD0000339,5480-XXXX-XXXX-2929,CUS0003271,PRD-CC04,,Credit,2023-09-10,2027-06-22,1094573.47,180151.98,Blocked
CRD0000340,5716-XXXX-XXXX-2078,CUS0000809,PRD-CC01,,Credit,2021-01-23,2026-09-26,638155.34,13687.67,Active
CRD0000341,5404-XXXX-XXXX-4977,CUS0000406,PRD-CC02,,Credit,2022-01-11,2029-08-25,500713.88,46339.26,Expired
CRD0000342,5954-XXXX-XXXX-6829,CUS0005215,PRD-DC01,ACC00016468,Debit,2020-09-03,2026-07-14,0.0,0.0,Active
CRD0000343,4774-XXXX-XXXX-8400,CUS0005631,PRD-CC03,,Credit,2024-05-03,2026-07-23,357607.62,116187.78,Active
CRD0000344,4963-XXXX-XXXX-6887,CUS0006156,PRD-CC01,,Credit,2026-02-15,2028-08-21,774205.77,187379.44,Active
CRD0000345,4209-XXXX-XXXX-9995,CUS0006144,PRD-DC01,,Debit,2024-01-12,2026-10-25,0.0,0.0,Active
CRD0000346,5264-XXXX-XXXX-9013,CUS0001435,PRD-DC01,ACC00003612,Debit,2023-04-27,2029-11-01,0.0,0.0,Active
CRD0000347,5938-XXXX-XXXX-1080,CUS0007232,PRD-CC03,,Credit,2021-05-25,2030-03-29,1157736.53,139641.99,Active
CRD0000348,4508-XXXX-XXXX-4465,CUS0007038,PRD-DC02,ACC00004887,Debit,2023-03-30,2028-09-03,0.0,0.0,Active
CRD0000349,5531-XXXX-XXXX-6326,CUS0001538,PRD-DC01,ACC00017053,Debit,2023-08-05,2028-04-29,0.0,0.0,Expired
CRD0000350,4172-XXXX-XXXX-8607,CUS0003265,PRD-CC03,,Credit,2021-07-06,2030-05-15,1355565.03,52371.56,Active
CRD0000351,4510-XXXX-XXXX-5094,CUS0007725,PRD-CC03,,Credit,2023-05-09,2030-07-10,721112.26,66061.56,Active
CRD0000352,5907-XXXX-XXXX-2201,CUS0008147,PRD-CC04,,Credit,2020-10-15,2029-03-11,1473801.83,60759.86,Active
CRD0000353,5760-XXXX-XXXX-1222,CUS0007565,PRD-CC04,,Credit,2026-01-20,2026-07-16,1046513.54,128997.49,Active
CRD0000354,4137-XXXX-XXXX-6921,CUS0008880,PRD-DC01,ACC00005712,Debit,2023-10-18,2027-11-20,0.0,0.0,Active
CRD0000355,5827-XXXX-XXXX-4172,CUS0006911,PRD-DC01,ACC00005381,Debit,2026-01-20,2027-06-11,0.0,0.0,Active
CRD0000356,4829-XXXX-XXXX-8621,CUS0003993,PRD-DC01,,Debit,2024-07-05,2026-12-08,0.0,0.0,Active
CRD0000357,5417-XXXX-XXXX-7818,CUS0008248,PRD-CC04,,Credit,2021-06-27,2030-12-19,631306.65,107865.15,Active
CRD0000358,5878-XXXX-XXXX-3938,CUS0002138,PRD-DC02,,Debit,2021-07-28,2030-06-26,0.0,0.0,Expired
CRD0000359,5274-XXXX-XXXX-4588,CUS0009747,PRD-CC03,,Credit,2020-03-28,2028-06-18,1203362.05,181492.98,Active
CRD0000360,5189-XXXX-XXXX-8953,CUS0004417,PRD-CC01,,Credit,2025-05-01,2027-08-30,909164.51,153268.39,Active
CRD0000361,4523-XXXX-XXXX-9950,CUS0000566,PRD-CC02,,Credit,2023-10-30,2030-11-08,356250.52,37822.99,Active
CRD0000362,4489-XXXX-XXXX-5253,CUS0005806,PRD-CC02,,Credit,2022-08-14,2028-05-12,1305362.18,163802.67,Active
CRD0000363,4763-XXXX-XXXX-7745,CUS0008536,PRD-CC03,,Credit,2024-12-22,2027-03-31,537156.56,129770.89,Active
CRD0000364,4511-XXXX-XXXX-2730,CUS0003268,PRD-DC01,ACC00005111,Debit,2023-10-28,2028-07-16,0.0,0.0,Blocked
CRD0000365,4131-XXXX-XXXX-4005,CUS0001384,PRD-CC02,,Credit,2023-02-25,2030-06-07,179625.93,159283.07,Active
CRD0000366,4357-XXXX-XXXX-3762,CUS0009128,PRD-CC04,,Credit,2025-03-25,2030-12-21,305209.85,197457.68,Active
CRD0000367,5772-XXXX-XXXX-2748,CUS0007897,PRD-CC04,,Credit,2024-09-24,2030-02-13,899922.77,109972.98,Active
CRD0000368,4246-XXXX-XXXX-3857,CUS0009227,PRD-CC04,,Credit,2021-10-05,2030-04-08,356953.53,185871.0,Active
CRD0000369,4810-XXXX-XXXX-9040,CUS0001715,PRD-DC01,ACC00011151,Debit,2021-04-07,2030-09-05,0.0,0.0,Expired
CRD0000370,5145-XXXX-XXXX-2287,CUS0004658,PRD-CC04,,Credit,2023-09-03,2028-11-11,155071.46,181062.84,Blocked
CRD0000371,4589-XXXX-XXXX-9998,CUS0005356,PRD-CC02,,Credit,2020-01-25,2030-01-12,931306.32,144172.05,Active
CRD0000372,5607-XXXX-XXXX-5987,CUS0003843,PRD-DC02,ACC00008756,Debit,2022-12-04,2028-10-21,0.0,0.0,Active
CRD0000373,4513-XXXX-XXXX-1647,CUS0004046,PRD-CC02,,Credit,2021-12-20,2027-04-09,628160.97,175022.01,Blocked
CRD0000374,5573-XXXX-XXXX-9178,CUS0009390,PRD-CC04,,Credit,2020-01-19,2028-07-01,375381.14,59579.45,Active
CRD0000375,5665-XXXX-XXXX-6255,CUS0007762,PRD-CC02,,Credit,2021-03-17,2026-05-24,301965.15,50362.41,Active
CRD0000376,5523-XXXX-XXXX-6774,CUS0003478,PRD-DC01,ACC00002953,Debit,2023-12-19,2029-02-12,0.0,0.0,Active
CRD0000377,4983-XXXX-XXXX-1430,CUS0004329,PRD-DC02,,Debit,2022-01-30,2026-10-17,0.0,0.0,Active
CRD0000378,4327-XXXX-XXXX-1383,CUS0002323,PRD-CC01,,Credit,2024-02-10,2028-07-13,113559.74,117637.83,Active
CRD0000379,5869-XXXX-XXXX-2074,CUS0009258,PRD-CC02,,Credit,2022-11-06,2028-11-02,1235151.53,110812.55,Active
CRD0000380,4379-XXXX-XXXX-7233,CUS0008540,PRD-DC01,ACC00014982,Debit,2021-07-13,2030-12-22,0.0,0.0,Active
CRD0000381,4389-XXXX-XXXX-3084,CUS0002956,PRD-CC02,,Credit,2022-02-11,2027-04-18,949450.48,182295.46,Active
CRD0000382,5287-XXXX-XXXX-7983,CUS0004146,PRD-CC01,,Credit,2026-01-20,2027-02-11,697538.65,2769.8,Active
CRD0000383,5175-XXXX-XXXX-2042,CUS0007201,PRD-CC02,,Credit,2022-08-18,2027-11-28,1027207.01,179165.84,Active
CRD0000384,4714-XXXX-XXXX-6266,CUS0009549,PRD-CC03,,Credit,2024-04-18,2027-04-28,410950.79,91899.43,Active
CRD0000385,4931-XXXX-XXXX-2089,CUS0007689,PRD-DC02,ACC00001929,Debit,2022-10-07,2029-03-08,0.0,0.0,Active
CRD0000386,5533-XXXX-XXXX-8503,CUS0007412,PRD-CC03,,Credit,2021-06-05,2028-11-17,420925.05,156733.93,Blocked
CRD0000387,5807-XXXX-XXXX-8785,CUS0001770,PRD-CC01,,Credit,2024-06-05,2028-07-24,521234.1,55667.73,Active
CRD0000388,4685-XXXX-XXXX-9218,CUS0006540,PRD-CC03,,Credit,2020-07-05,2030-08-12,817471.64,54102.88,Active
CRD0000389,4506-XXXX-XXXX-3019,CUS0005578,PRD-CC04,,Credit,2022-09-11,2030-01-17,925865.66,182670.34,Active
CRD0000390,4804-XXXX-XXXX-3669,CUS0005361,PRD-CC04,,Credit,2022-01-04,2029-06-26,988063.58,24500.6,Active
CRD0000391,4568-XXXX-XXXX-2219,CUS0003582,PRD-CC04,,Credit,2022-02-21,2029-04-13,1256863.3,1100.93,Active
CRD0000392,5990-XXXX-XXXX-8335,CUS0005401,PRD-CC02,,Credit,2021-11-14,2026-12-15,75126.7,76453.81,Active
CRD0000393,4789-XXXX-XXXX-8101,CUS0008412,PRD-DC02,ACC00006499,Debit,2021-08-10,2027-10-27,0.0,0.0,Active
CRD0000394,5724-XXXX-XXXX-6951,CUS0006942,PRD-CC01,,Credit,2021-01-21,2027-01-02,1191049.18,142895.42,Active
CRD0000395,4530-XXXX-XXXX-5599,CUS0005482,PRD-DC02,ACC00009726,Debit,2023-12-21,2030-10-31,0.0,0.0,Active
CRD0000396,4572-XXXX-XXXX-3726,CUS0001266,PRD-CC03,,Credit,2025-08-24,2026-06-15,725345.43,137671.17,Active
CRD0000397,4762-XXXX-XXXX-5720,CUS0001839,PRD-DC01,ACC00001366,Debit,2026-01-13,2028-03-28,0.0,0.0,Active
CRD0000398,4181-XXXX-XXXX-6070,CUS0002252,PRD-CC04,,Credit,2023-03-22,2029-05-09,139871.24,133560.4,Active
CRD0000399,5580-XXXX-XXXX-4988,CUS0002754,PRD-DC02,ACC00012932,Debit,2024-11-25,2030-06-27,0.0,0.0,Active
CRD0000400,4539-XXXX-XXXX-3828,CUS0006742,PRD-DC02,ACC00015929,Debit,2023-06-02,2028-08-02,0.0,0.0,Active
CRD0000401,5769-XXXX-XXXX-1237,CUS0001631,PRD-CC01,,Credit,2022-11-14,2027-10-15,1162533.82,140062.93,Active
CRD0000402,5615-XXXX-XXXX-7144,CUS0003410,PRD-DC02,ACC00008894,Debit,2025-10-25,2029-01-12,0.0,0.0,Active
CRD0000403,4114-XXXX-XXXX-1029,CUS0008128,PRD-DC01,ACC00001488,Debit,2023-01-26,2029-08-02,0.0,0.0,Blocked
CRD0000404,5118-XXXX-XXXX-7693,CUS0003189,PRD-DC01,,Debit,2023-12-27,2026-05-05,0.0,0.0,Active
CRD0000405,4250-XXXX-XXXX-7912,CUS0000828,PRD-CC04,,Credit,2025-10-02,2027-06-10,1363897.13,154996.73,Active
CRD0000406,5151-XXXX-XXXX-6407,CUS0001837,PRD-CC03,,Credit,2022-08-02,2026-08-02,1488676.33,80544.64,Active
CRD0000407,5717-XXXX-XXXX-5647,CUS0009749,PRD-CC04,,Credit,2024-05-05,2030-12-03,1080084.88,166652.88,Active
CRD0000408,5506-XXXX-XXXX-7730,CUS0005786,PRD-DC01,,Debit,2025-11-09,2028-03-21,0.0,0.0,Active
CRD0000409,4545-XXXX-XXXX-7011,CUS0000113,PRD-DC02,ACC00008684,Debit,2023-11-16,2027-05-14,0.0,0.0,Active
CRD0000410,5224-XXXX-XXXX-8777,CUS0008667,PRD-CC02,,Credit,2024-03-18,2028-07-17,1058399.82,45994.65,Active
CRD0000411,4565-XXXX-XXXX-2013,CUS0001996,PRD-DC02,ACC00001034,Debit,2022-04-30,2030-12-12,0.0,0.0,Active
CRD0000412,5372-XXXX-XXXX-8919,CUS0001160,PRD-CC03,,Credit,2024-04-15,2029-07-14,1134890.33,78520.54,Active
CRD0000413,4925-XXXX-XXXX-5707,CUS0008252,PRD-DC02,,Debit,2024-08-11,2027-09-22,0.0,0.0,Active
CRD0000414,5771-XXXX-XXXX-4816,CUS0004507,PRD-CC03,,Credit,2023-09-01,2027-02-15,328164.55,94633.12,Blocked
CRD0000415,5408-XXXX-XXXX-5868,CUS0002692,PRD-DC02,ACC00007338,Debit,2022-06-19,2029-05-20,0.0,0.0,Active
CRD0000416,5643-XXXX-XXXX-3851,CUS0002918,PRD-DC01,ACC00002937,Debit,2023-04-17,2030-09-06,0.0,0.0,Active
CRD0000417,5279-XXXX-XXXX-7305,CUS0007718,PRD-CC02,,Credit,2025-07-30,2027-09-30,820623.7,153599.43,Active
CRD0000418,5516-XXXX-XXXX-8574,CUS0007546,PRD-CC03,,Credit,2024-07-06,2027-08-28,325282.35,108495.42,Active
CRD0000419,5957-XXXX-XXXX-3289,CUS0006869,PRD-CC01,,Credit,2025-07-18,2030-03-27,1243469.77,27694.22,Active
CRD0000420,5879-XXXX-XXXX-4721,CUS0001162,PRD-CC01,,Credit,2023-08-05,2027-06-03,1220206.38,89564.2,Active
CRD0000421,5669-XXXX-XXXX-6296,CUS0000581,PRD-CC02,,Credit,2022-03-15,2027-03-03,191423.06,48554.22,Active
CRD0000422,5249-XXXX-XXXX-5702,CUS0002954,PRD-CC04,,Credit,2026-04-04,2027-08-31,70707.34,39372.32,Expired
CRD0000423,4826-XXXX-XXXX-2238,CUS0009816,PRD-CC04,,Credit,2022-12-05,2027-11-16,790665.73,87213.28,Active
CRD0000424,5819-XXXX-XXXX-4858,CUS0007618,PRD-CC04,,Credit,2020-09-14,2026-12-08,973072.25,127914.22,Active
CRD0000425,5184-XXXX-XXXX-7075,CUS0009787,PRD-DC01,,Debit,2022-07-22,2028-02-26,0.0,0.0,Active
CRD0000426,5704-XXXX-XXXX-7341,CUS0005116,PRD-CC02,,Credit,2021-04-24,2029-05-29,285795.3,66131.75,Active
CRD0000427,4637-XXXX-XXXX-4912,CUS0001333,PRD-CC02,,Credit,2020-01-16,2028-05-31,1006379.1,15745.8,Active
CRD0000428,4100-XXXX-XXXX-4183,CUS0006080,PRD-DC02,ACC00003535,Debit,2022-07-14,2030-05-26,0.0,0.0,Active
CRD0000429,4126-XXXX-XXXX-2471,CUS0001616,PRD-CC03,,Credit,2024-06-15,2030-09-13,362796.36,44202.16,Active
CRD0000430,5636-XXXX-XXXX-2936,CUS0009714,PRD-DC01,ACC00002864,Debit,2020-03-12,2028-10-29,0.0,0.0,Active
CRD0000431,5593-XXXX-XXXX-4579,CUS0007227,PRD-DC01,,Debit,2020-01-25,2027-08-15,0.0,0.0,Active
CRD0000432,5944-XXXX-XXXX-5926,CUS0009757,PRD-CC02,,Credit,2020-02-16,2030-05-13,126612.7,189318.86,Expired
CRD0000433,4652-XXXX-XXXX-4907,CUS0001918,PRD-DC02,ACC00015551,Debit,2023-01-25,2026-08-11,0.0,0.0,Active
CRD0000434,4751-XXXX-XXXX-7734,CUS0006027,PRD-CC03,,Credit,2021-11-04,2027-07-22,1418256.8,150464.38,Expired
CRD0000435,5551-XXXX-XXXX-3741,CUS0005542,PRD-DC02,ACC00016448,Debit,2022-08-14,2027-12-01,0.0,0.0,Blocked
CRD0000436,4373-XXXX-XXXX-9141,CUS0008479,PRD-CC04,,Credit,2025-04-11,2029-08-03,502635.27,43270.5,Active
CRD0000437,5510-XXXX-XXXX-5791,CUS0002065,PRD-DC02,,Debit,2020-03-27,2028-02-05,0.0,0.0,Active
CRD0000438,4845-XXXX-XXXX-5142,CUS0004640,PRD-CC02,,Credit,2023-06-15,2026-09-14,1089407.34,51956.66,Active
CRD0000439,4581-XXXX-XXXX-2593,CUS0003308,PRD-CC03,,Credit,2024-08-20,2026-05-10,1130909.29,143848.4,Active
CRD0000440,5528-XXXX-XXXX-4572,CUS0007536,PRD-CC01,,Credit,2023-12-02,2029-12-05,837356.84,100609.85,Active
CRD0000441,4677-XXXX-XXXX-6781,CUS0004956,PRD-CC02,,Credit,2024-04-21,2026-05-30,156018.34,91782.68,Active
CRD0000442,5681-XXXX-XXXX-6014,CUS0001008,PRD-DC02,ACC00010424,Debit,2025-03-23,2029-10-11,0.0,0.0,Active
CRD0000443,4504-XXXX-XXXX-6590,CUS0004532,PRD-DC01,,Debit,2021-09-16,2028-08-31,0.0,0.0,Active
CRD0000444,4101-XXXX-XXXX-9256,CUS0009933,PRD-CC04,,Credit,2023-02-21,2028-01-23,702058.43,150519.39,Active
CRD0000445,4635-XXXX-XXXX-8148,CUS0008294,PRD-CC01,,Credit,2026-01-24,2027-06-27,149374.62,123507.72,Active
CRD0000446,5843-XXXX-XXXX-6772,CUS0002472,PRD-CC04,,Credit,2022-11-03,2027-04-16,749677.51,77363.85,Active
CRD0000447,4140-XXXX-XXXX-8507,CUS0009127,PRD-DC02,ACC00008082,Debit,2020-10-27,2029-10-12,0.0,0.0,Active
CRD0000448,4500-XXXX-XXXX-5722,CUS0007619,PRD-DC02,ACC00004417,Debit,2026-04-16,2030-11-15,0.0,0.0,Active
CRD0000449,4983-XXXX-XXXX-3596,CUS0008594,PRD-CC04,,Credit,2024-01-03,2030-05-12,1163844.5,143839.9,Active
CRD0000450,5669-XXXX-XXXX-7124,CUS0009629,PRD-DC02,,Debit,2024-06-16,2029-02-11,0.0,0.0,Active
CRD0000451,4688-XXXX-XXXX-3856,CUS0002291,PRD-DC02,ACC00009441,Debit,2021-06-11,2027-08-23,0.0,0.0,Active
CRD0000452,5874-XXXX-XXXX-6809,CUS0003117,PRD-CC01,,Credit,2022-03-24,2027-07-05,888433.22,818.89,Active
CRD0000453,5540-XXXX-XXXX-7268,CUS0009383,PRD-DC02,ACC00007553,Debit,2021-11-09,2028-02-05,0.0,0.0,Active
CRD0000454,4456-XXXX-XXXX-2392,CUS0008190,PRD-CC01,,Credit,2020-08-01,2028-11-28,892789.48,165780.77,Active
CRD0000455,5952-XXXX-XXXX-5097,CUS0009504,PRD-DC01,,Debit,2022-03-25,2029-02-23,0.0,0.0,Active
CRD0000456,5725-XXXX-XXXX-3970,CUS0009038,PRD-DC02,ACC00007715,Debit,2021-10-07,2029-08-30,0.0,0.0,Blocked
CRD0000457,5522-XXXX-XXXX-3649,CUS0004960,PRD-CC02,,Credit,2022-08-09,2027-01-03,1409740.25,126220.87,Active
CRD0000458,4760-XXXX-XXXX-1945,CUS0005155,PRD-DC02,ACC00009304,Debit,2025-12-12,2028-04-30,0.0,0.0,Blocked
CRD0000459,5671-XXXX-XXXX-7259,CUS0002468,PRD-CC01,,Credit,2023-06-26,2029-01-19,900467.79,10905.62,Active
CRD0000460,5389-XXXX-XXXX-1192,CUS0006466,PRD-CC03,,Credit,2021-07-01,2030-05-06,1380052.09,170218.52,Active
CRD0000461,4433-XXXX-XXXX-2511,CUS0009067,PRD-DC01,ACC00008867,Debit,2023-03-29,2027-11-20,0.0,0.0,Active
CRD0000462,4404-XXXX-XXXX-3434,CUS0000678,PRD-DC01,ACC00014110,Debit,2025-09-19,2028-02-15,0.0,0.0,Active
CRD0000463,4244-XXXX-XXXX-9107,CUS0003049,PRD-CC04,,Credit,2025-07-16,2026-08-22,394554.0,67841.97,Active
CRD0000464,4130-XXXX-XXXX-7560,CUS0004118,PRD-DC02,ACC00004427,Debit,2024-04-24,2026-10-13,0.0,0.0,Active
CRD0000465,5867-XXXX-XXXX-2900,CUS0009987,PRD-DC01,ACC00001061,Debit,2023-09-28,2026-08-09,0.0,0.0,Active
CRD0000466,4804-XXXX-XXXX-8532,CUS0008741,PRD-CC01,,Credit,2021-04-12,2029-07-27,634034.22,52328.06,Active
CRD0000467,4999-XXXX-XXXX-9293,CUS0007816,PRD-DC01,ACC00013016,Debit,2022-09-25,2030-04-11,0.0,0.0,Active
CRD0000468,4865-XXXX-XXXX-7494,CUS0004344,PRD-CC02,,Credit,2024-08-30,2028-06-28,631027.48,95213.94,Active
CRD0000469,5184-XXXX-XXXX-1497,CUS0004240,PRD-DC01,ACC00012728,Debit,2020-08-16,2028-06-09,0.0,0.0,Active
CRD0000470,5991-XXXX-XXXX-6252,CUS0004420,PRD-DC01,ACC00008994,Debit,2021-05-19,2027-10-07,0.0,0.0,Active
CRD0000471,4808-XXXX-XXXX-8447,CUS0005843,PRD-DC02,,Debit,2023-04-13,2029-11-20,0.0,0.0,Active
CRD0000472,5656-XXXX-XXXX-6133,CUS0005779,PRD-DC02,ACC00000854,Debit,2021-05-09,2027-10-09,0.0,0.0,Active
CRD0000473,5981-XXXX-XXXX-1408,CUS0007839,PRD-CC01,,Credit,2022-07-13,2030-11-01,1042548.57,42208.25,Active
CRD0000474,4644-XXXX-XXXX-5057,CUS0002710,PRD-DC01,ACC00009634,Debit,2025-02-02,2027-09-26,0.0,0.0,Expired
CRD0000475,4172-XXXX-XXXX-3034,CUS0006164,PRD-CC02,,Credit,2020-11-21,2029-12-09,1113713.58,10402.64,Active
CRD0000476,5302-XXXX-XXXX-6174,CUS0001934,PRD-CC02,,Credit,2020-10-13,2026-06-26,656162.59,190415.97,Active
CRD0000477,4521-XXXX-XXXX-9304,CUS0006423,PRD-CC03,,Credit,2020-07-09,2027-08-29,1458891.39,17290.95,Expired
CRD0000478,5909-XXXX-XXXX-6302,CUS0009321,PRD-DC02,,Debit,2023-02-20,2030-07-14,0.0,0.0,Active
CRD0000479,5735-XXXX-XXXX-3993,CUS0009134,PRD-DC01,ACC00004617,Debit,2025-07-17,2028-06-15,0.0,0.0,Active
CRD0000480,4613-XXXX-XXXX-3635,CUS0004324,PRD-CC01,,Credit,2023-08-02,2027-04-21,1153875.51,182626.65,Expired
CRD0000481,5131-XXXX-XXXX-5861,CUS0001361,PRD-CC03,,Credit,2022-11-26,2029-01-14,264190.12,16914.15,Active
CRD0000482,5291-XXXX-XXXX-1239,CUS0009581,PRD-DC02,ACC00007128,Debit,2022-09-17,2030-09-29,0.0,0.0,Active
CRD0000483,5738-XXXX-XXXX-6619,CUS0002543,PRD-CC03,,Credit,2024-06-14,2029-08-20,59507.12,55283.09,Active
CRD0000484,5324-XXXX-XXXX-6856,CUS0008354,PRD-CC01,,Credit,2024-11-22,2026-07-16,688744.61,26463.24,Blocked
CRD0000485,4937-XXXX-XXXX-3130,CUS0006466,PRD-CC01,,Credit,2026-02-05,2028-06-05,587962.48,14891.58,Active
CRD0000486,5299-XXXX-XXXX-9173,CUS0006935,PRD-DC02,ACC00001081,Debit,2021-05-17,2027-02-20,0.0,0.0,Active
CRD0000487,4413-XXXX-XXXX-4253,CUS0008175,PRD-CC03,,Credit,2024-12-17,2028-05-17,588385.06,139149.32,Active
CRD0000488,5974-XXXX-XXXX-6585,CUS0005924,PRD-CC01,,Credit,2020-10-05,2028-07-04,726520.56,131931.32,Blocked
CRD0000489,4353-XXXX-XXXX-9800,CUS0007843,PRD-CC04,,Credit,2024-05-27,2027-03-22,1475957.82,181553.35,Expired
CRD0000490,4787-XXXX-XXXX-4195,CUS0008282,PRD-CC01,,Credit,2025-12-19,2028-05-31,1426414.54,179266.39,Active
CRD0000491,4490-XXXX-XXXX-5033,CUS0005875,PRD-CC04,,Credit,2025-05-28,2029-05-31,528842.13,160415.92,Active
CRD0000492,5271-XXXX-XXXX-3477,CUS0000604,PRD-CC01,,Credit,2026-02-11,2029-04-27,1470085.46,91855.63,Active
CRD0000493,4366-XXXX-XXXX-8329,CUS0006985,PRD-CC03,,Credit,2020-12-17,2029-05-13,710321.26,110666.73,Active
CRD0000494,4940-XXXX-XXXX-9054,CUS0009921,PRD-DC01,ACC00015521,Debit,2020-05-02,2028-01-25,0.0,0.0,Expired
CRD0000495,4238-XXXX-XXXX-4725,CUS0000724,PRD-CC01,,Credit,2021-04-06,2029-08-09,90101.52,11707.22,Active
CRD0000496,5123-XXXX-XXXX-3627,CUS0009293,PRD-CC04,,Credit,2020-08-07,2028-11-05,1179134.17,124616.01,Expired
CRD0000497,5654-XXXX-XXXX-5133,CUS0005404,PRD-CC04,,Credit,2025-09-05,2029-11-15,296767.95,161165.85,Active
CRD0000498,5268-XXXX-XXXX-6471,CUS0004299,PRD-CC02,,Credit,2020-03-09,2027-12-17,1440110.3,129179.23,Active
CRD0000499,4787-XXXX-XXXX-7675,CUS0004058,PRD-CC02,,Credit,2021-06-01,2030-06-30,302402.33,60823.0,Active
CRD0000500,5127-XXXX-XXXX-6968,CUS0004318,PRD-CC04,,Credit,2021-01-19,2026-07-12,126749.44,183128.07,Active
CRD0000501,5961-XXXX-XXXX-2867,CUS0006089,PRD-CC03,,Credit,2021-10-17,2030-07-24,337631.24,4367.48,Active
CRD0000502,5430-XXXX-XXXX-5158,CUS0008070,PRD-CC01,,Credit,2022-12-12,2028-09-12,211053.17,113846.11,Active
CRD0000503,5307-XXXX-XXXX-7897,CUS0006017,PRD-DC01,ACC00003164,Debit,2024-01-29,2030-09-30,0.0,0.0,Active
CRD0000504,5213-XXXX-XXXX-4771,CUS0002104,PRD-CC03,,Credit,2025-12-25,2026-09-30,100912.13,144467.84,Active
CRD0000505,4506-XXXX-XXXX-1482,CUS0003424,PRD-DC01,ACC00000314,Debit,2025-02-16,2026-09-13,0.0,0.0,Active
CRD0000506,5829-XXXX-XXXX-6243,CUS0006784,PRD-CC04,,Credit,2020-01-16,2027-09-14,270490.57,134835.13,Blocked
CRD0000507,5744-XXXX-XXXX-7473,CUS0008471,PRD-DC02,ACC00000737,Debit,2025-12-16,2030-09-17,0.0,0.0,Expired
CRD0000508,5472-XXXX-XXXX-1775,CUS0007270,PRD-CC02,,Credit,2022-07-14,2029-02-25,521449.61,174762.52,Active
CRD0000509,5950-XXXX-XXXX-9675,CUS0001413,PRD-CC01,,Credit,2024-06-08,2030-06-08,244739.85,143467.98,Active
CRD0000510,4253-XXXX-XXXX-6447,CUS0006978,PRD-DC02,ACC00014375,Debit,2023-12-15,2026-11-01,0.0,0.0,Active
CRD0000511,4466-XXXX-XXXX-1536,CUS0002473,PRD-CC01,,Credit,2022-04-23,2028-01-05,832726.81,107373.86,Active
CRD0000512,5200-XXXX-XXXX-1116,CUS0002732,PRD-DC02,ACC00013830,Debit,2025-06-01,2029-07-31,0.0,0.0,Active
CRD0000513,4508-XXXX-XXXX-4367,CUS0002796,PRD-DC01,ACC00006464,Debit,2023-12-08,2028-05-30,0.0,0.0,Active
CRD0000514,4582-XXXX-XXXX-7410,CUS0003665,PRD-CC03,,Credit,2021-07-16,2029-02-22,812927.77,133317.68,Active
CRD0000515,4925-XXXX-XXXX-1607,CUS0006845,PRD-DC02,ACC00013467,Debit,2025-10-04,2028-08-25,0.0,0.0,Active
CRD0000516,4784-XXXX-XXXX-3149,CUS0009875,PRD-CC02,,Credit,2021-09-28,2026-12-06,822460.56,186885.23,Expired
CRD0000517,4946-XXXX-XXXX-2789,CUS0000932,PRD-CC03,,Credit,2022-02-09,2030-08-05,392357.71,75757.03,Active
CRD0000518,5851-XXXX-XXXX-8330,CUS0002146,PRD-CC04,,Credit,2021-11-17,2027-02-26,781203.88,9274.55,Active
CRD0000519,4209-XXXX-XXXX-8576,CUS0005513,PRD-CC01,,Credit,2023-03-22,2027-03-04,182894.55,115395.37,Active
CRD0000520,4696-XXXX-XXXX-7093,CUS0008623,PRD-CC04,,Credit,2024-08-17,2028-10-06,916566.15,95995.76,Active
CRD0000521,4536-XXXX-XXXX-8958,CUS0007704,PRD-CC04,,Credit,2023-01-16,2026-08-21,474288.76,14804.16,Active
CRD0000522,4394-XXXX-XXXX-1959,CUS0002667,PRD-CC04,,Credit,2023-08-08,2029-02-24,610310.72,34322.3,Active
CRD0000523,4687-XXXX-XXXX-7706,CUS0008551,PRD-CC01,,Credit,2021-11-24,2030-12-10,1111985.52,130996.48,Active
CRD0000524,5725-XXXX-XXXX-9502,CUS0006130,PRD-DC01,,Debit,2022-10-23,2027-05-27,0.0,0.0,Active
CRD0000525,4796-XXXX-XXXX-3144,CUS0007440,PRD-DC02,,Debit,2023-03-23,2029-02-01,0.0,0.0,Active
CRD0000526,4400-XXXX-XXXX-3335,CUS0005992,PRD-DC02,ACC00010534,Debit,2021-02-26,2029-02-01,0.0,0.0,Expired
CRD0000527,4906-XXXX-XXXX-9906,CUS0000272,PRD-DC01,,Debit,2020-09-21,2030-03-16,0.0,0.0,Active
CRD0000528,5695-XXXX-XXXX-9268,CUS0003037,PRD-DC01,ACC00002310,Debit,2022-07-14,2028-12-19,0.0,0.0,Active
CRD0000529,5228-XXXX-XXXX-6046,CUS0002081,PRD-CC02,,Credit,2026-03-04,2030-09-21,1417190.45,56525.9,Active
CRD0000530,5434-XXXX-XXXX-6929,CUS0008501,PRD-CC01,,Credit,2022-06-18,2026-08-08,124213.55,12251.71,Expired
CRD0000531,4788-XXXX-XXXX-5488,CUS0002384,PRD-DC02,ACC00013339,Debit,2020-11-28,2030-05-21,0.0,0.0,Active
CRD0000532,5631-XXXX-XXXX-9895,CUS0009975,PRD-CC01,,Credit,2023-07-27,2029-10-09,524964.77,129699.79,Active
CRD0000533,5126-XXXX-XXXX-2357,CUS0000812,PRD-CC01,,Credit,2023-06-16,2028-12-20,882881.62,193878.03,Active
CRD0000534,5266-XXXX-XXXX-3506,CUS0004333,PRD-DC01,,Debit,2024-11-26,2029-07-05,0.0,0.0,Active
CRD0000535,5267-XXXX-XXXX-4036,CUS0005572,PRD-CC01,,Credit,2023-03-24,2027-01-31,1299434.75,20140.5,Active
CRD0000536,5949-XXXX-XXXX-6863,CUS0009698,PRD-CC02,,Credit,2023-11-29,2026-10-16,1457735.43,83341.58,Active
CRD0000537,5713-XXXX-XXXX-4382,CUS0004907,PRD-DC01,ACC00008760,Debit,2024-09-17,2027-03-18,0.0,0.0,Active
CRD0000538,5539-XXXX-XXXX-3712,CUS0003666,PRD-DC01,ACC00004089,Debit,2022-07-13,2026-07-24,0.0,0.0,Active
CRD0000539,5714-XXXX-XXXX-6337,CUS0007947,PRD-CC01,,Credit,2023-07-16,2028-09-20,860819.05,88147.26,Blocked
CRD0000540,5151-XXXX-XXXX-7762,CUS0005394,PRD-CC02,,Credit,2021-07-28,2030-08-09,521957.74,113992.79,Active
CRD0000541,4627-XXXX-XXXX-7511,CUS0008394,PRD-DC01,ACC00010704,Debit,2021-12-26,2030-03-22,0.0,0.0,Active
CRD0000542,5836-XXXX-XXXX-3127,CUS0007759,PRD-DC01,ACC00004913,Debit,2022-08-09,2029-10-03,0.0,0.0,Blocked
CRD0000543,5175-XXXX-XXXX-4821,CUS0002932,PRD-DC02,ACC00014586,Debit,2023-05-16,2027-06-17,0.0,0.0,Active
CRD0000544,4337-XXXX-XXXX-6152,CUS0005362,PRD-CC03,,Credit,2024-04-08,2029-04-16,292850.08,173298.42,Active
CRD0000545,5184-XXXX-XXXX-8388,CUS0006059,PRD-CC02,,Credit,2021-06-20,2030-08-20,670993.15,96125.73,Blocked
CRD0000546,4665-XXXX-XXXX-9035,CUS0006090,PRD-CC04,,Credit,2020-02-04,2028-01-04,906849.69,197299.79,Active
CRD0000547,4740-XXXX-XXXX-3891,CUS0004306,PRD-CC02,,Credit,2020-01-16,2027-10-28,250313.25,164573.37,Active
CRD0000548,5934-XXXX-XXXX-6736,CUS0009502,PRD-CC02,,Credit,2025-08-06,2027-10-25,196680.44,52817.41,Active
CRD0000549,4335-XXXX-XXXX-7385,CUS0002315,PRD-DC01,ACC00003551,Debit,2025-04-03,2028-06-07,0.0,0.0,Active
CRD0000550,4618-XXXX-XXXX-2625,CUS0006907,PRD-DC02,ACC00012098,Debit,2022-01-19,2029-12-26,0.0,0.0,Active
CRD0000551,4436-XXXX-XXXX-1984,CUS0002425,PRD-CC02,,Credit,2024-11-13,2028-10-02,397912.86,136456.88,Active
CRD0000552,5831-XXXX-XXXX-9355,CUS0009510,PRD-CC03,,Credit,2022-09-22,2029-03-20,1259794.0,98495.99,Blocked
CRD0000553,5413-XXXX-XXXX-6537,CUS0009333,PRD-DC01,ACC00008946,Debit,2024-05-14,2030-11-06,0.0,0.0,Active
CRD0000554,5369-XXXX-XXXX-3687,CUS0001761,PRD-CC02,,Credit,2026-04-15,2026-12-05,668193.81,5672.74,Expired
CRD0000555,4870-XXXX-XXXX-2188,CUS0006025,PRD-DC02,,Debit,2026-03-29,2027-08-12,0.0,0.0,Active
CRD0000556,5548-XXXX-XXXX-8200,CUS0005758,PRD-CC04,,Credit,2021-04-26,2026-07-06,928371.34,17769.5,Active
CRD0000557,5635-XXXX-XXXX-9344,CUS0002013,PRD-DC02,ACC00011192,Debit,2026-04-21,2027-12-06,0.0,0.0,Active
CRD0000558,5488-XXXX-XXXX-4082,CUS0006617,PRD-CC04,,Credit,2020-05-28,2030-08-16,161239.21,158440.1,Active
CRD0000559,5501-XXXX-XXXX-7300,CUS0007768,PRD-CC03,,Credit,2025-01-30,2027-10-11,1033752.7,85400.03,Active
CRD0000560,5907-XXXX-XXXX-9578,CUS0009153,PRD-DC01,ACC00007105,Debit,2024-05-31,2030-07-22,0.0,0.0,Active
CRD0000561,4301-XXXX-XXXX-8777,CUS0003592,PRD-DC02,ACC00004914,Debit,2020-05-28,2030-04-16,0.0,0.0,Active
CRD0000562,5376-XXXX-XXXX-5396,CUS0007426,PRD-DC01,ACC00010086,Debit,2022-02-21,2029-08-28,0.0,0.0,Active
CRD0000563,4561-XXXX-XXXX-7596,CUS0001073,PRD-CC02,,Credit,2021-09-29,2029-09-28,1032154.49,47602.24,Active
CRD0000564,5209-XXXX-XXXX-2865,CUS0009076,PRD-DC02,ACC00009302,Debit,2024-12-03,2027-09-14,0.0,0.0,Active
CRD0000565,5208-XXXX-XXXX-1673,CUS0003692,PRD-DC01,ACC00009039,Debit,2020-09-16,2027-12-28,0.0,0.0,Active
CRD0000566,5748-XXXX-XXXX-8209,CUS0005697,PRD-CC01,,Credit,2025-01-28,2029-02-01,864353.03,127543.35,Active
CRD0000567,5953-XXXX-XXXX-9725,CUS0001349,PRD-CC04,,Credit,2022-02-13,2027-03-07,128682.95,150838.18,Active
CRD0000568,4889-XXXX-XXXX-1504,CUS0003871,PRD-CC04,,Credit,2023-10-18,2026-10-21,752035.01,8376.18,Active
CRD0000569,5692-XXXX-XXXX-4099,CUS0008214,PRD-CC04,,Credit,2021-05-12,2026-11-08,1136786.55,154654.4,Active
CRD0000570,5125-XXXX-XXXX-4415,CUS0007518,PRD-CC02,,Credit,2023-04-01,2026-12-12,207111.45,187058.73,Active
CRD0000571,4640-XXXX-XXXX-5783,CUS0008013,PRD-CC04,,Credit,2023-12-25,2027-03-13,37561.92,102387.93,Active
CRD0000572,5746-XXXX-XXXX-8146,CUS0009313,PRD-DC01,ACC00003173,Debit,2022-03-16,2029-05-16,0.0,0.0,Active
CRD0000573,5548-XXXX-XXXX-1844,CUS0002736,PRD-DC02,ACC00009465,Debit,2023-10-04,2030-03-28,0.0,0.0,Active
CRD0000574,4362-XXXX-XXXX-1800,CUS0001422,PRD-CC01,,Credit,2021-03-01,2026-08-30,422463.89,135381.87,Blocked
CRD0000575,4807-XXXX-XXXX-3650,CUS0003341,PRD-DC02,,Debit,2022-01-05,2028-01-19,0.0,0.0,Active
CRD0000576,5159-XXXX-XXXX-8533,CUS0000197,PRD-CC03,,Credit,2025-08-23,2029-05-16,708798.03,141415.2,Active
CRD0000577,5968-XXXX-XXXX-2658,CUS0005206,PRD-CC02,,Credit,2024-03-05,2029-02-03,1359287.22,156230.74,Active
CRD0000578,4700-XXXX-XXXX-5000,CUS0002269,PRD-DC02,ACC00001641,Debit,2025-08-23,2028-01-26,0.0,0.0,Active
CRD0000579,5928-XXXX-XXXX-3716,CUS0001199,PRD-CC01,,Credit,2020-08-14,2030-05-07,799107.11,53594.16,Active
CRD0000580,4519-XXXX-XXXX-9374,CUS0000063,PRD-DC01,ACC00000825,Debit,2021-01-20,2030-12-15,0.0,0.0,Active
CRD0000581,5305-XXXX-XXXX-9459,CUS0007402,PRD-CC04,,Credit,2022-02-27,2030-07-01,1493155.92,189403.65,Active
CRD0000582,4993-XXXX-XXXX-6447,CUS0009610,PRD-DC02,ACC00000768,Debit,2023-02-26,2027-11-23,0.0,0.0,Active
CRD0000583,4271-XXXX-XXXX-4781,CUS0002009,PRD-CC03,,Credit,2023-06-01,2028-04-13,1348295.7,16130.99,Active
CRD0000584,4344-XXXX-XXXX-4896,CUS0009078,PRD-CC04,,Credit,2022-03-22,2027-12-08,638897.28,170719.59,Active
CRD0000585,4751-XXXX-XXXX-1745,CUS0008467,PRD-CC03,,Credit,2024-12-09,2029-01-26,554791.93,169819.84,Active
CRD0000586,4871-XXXX-XXXX-9414,CUS0008276,PRD-CC04,,Credit,2022-11-23,2028-02-26,368956.03,158453.97,Expired
CRD0000587,4602-XXXX-XXXX-2069,CUS0008164,PRD-CC02,,Credit,2020-11-07,2030-11-24,558489.3,46369.58,Active
CRD0000588,5291-XXXX-XXXX-2750,CUS0000304,PRD-CC03,,Credit,2023-10-04,2028-05-31,448117.37,194330.74,Active
CRD0000589,5622-XXXX-XXXX-6190,CUS0008176,PRD-CC02,,Credit,2022-04-03,2027-12-18,818114.58,107191.68,Active
CRD0000590,4415-XXXX-XXXX-6736,CUS0006414,PRD-CC02,,Credit,2025-10-22,2027-11-16,1494222.96,173497.95,Blocked
CRD0000591,5153-XXXX-XXXX-6286,CUS0007231,PRD-CC01,,Credit,2023-03-26,2026-06-29,1423228.9,140905.31,Active
CRD0000592,4862-XXXX-XXXX-2782,CUS0002678,PRD-CC01,,Credit,2024-07-12,2028-06-02,962240.08,98117.8,Active
CRD0000593,4582-XXXX-XXXX-7925,CUS0008639,PRD-CC04,,Credit,2024-03-14,2028-03-07,697773.49,38679.41,Active
CRD0000594,5578-XXXX-XXXX-4434,CUS0008013,PRD-DC01,,Debit,2022-12-26,2030-11-02,0.0,0.0,Active
CRD0000595,5322-XXXX-XXXX-3323,CUS0006775,PRD-CC04,,Credit,2023-04-27,2027-05-09,621317.01,21861.89,Active
CRD0000596,5342-XXXX-XXXX-1055,CUS0007230,PRD-CC02,,Credit,2023-02-08,2030-04-27,949985.86,68057.04,Blocked
CRD0000597,5912-XXXX-XXXX-3532,CUS0006571,PRD-CC04,,Credit,2021-12-16,2028-02-18,1114200.28,7886.71,Active
CRD0000598,4977-XXXX-XXXX-6875,CUS0000192,PRD-CC04,,Credit,2022-01-25,2030-09-13,1039505.9,131853.26,Active
CRD0000599,5573-XXXX-XXXX-6953,CUS0001431,PRD-CC03,,Credit,2025-11-09,2028-01-30,974021.94,37142.1,Active
CRD0000600,5411-XXXX-XXXX-6597,CUS0004492,PRD-CC04,,Credit,2022-07-11,2027-02-02,789226.48,62829.1,Active
CRD0000601,4636-XXXX-XXXX-9291,CUS0000966,PRD-CC02,,Credit,2021-08-07,2027-11-01,294097.91,97835.03,Active
CRD0000602,5241-XXXX-XXXX-5337,CUS0001536,PRD-CC03,,Credit,2020-05-05,2030-11-18,1200721.6,135959.87,Active
CRD0000603,5216-XXXX-XXXX-6027,CUS0003247,PRD-CC03,,Credit,2023-08-08,2028-02-20,1042206.96,197740.08,Active
CRD0000604,4671-XXXX-XXXX-1985,CUS0002529,PRD-DC01,ACC00013103,Debit,2020-01-26,2030-01-05,0.0,0.0,Active
CRD0000605,5930-XXXX-XXXX-9221,CUS0005163,PRD-CC03,,Credit,2024-11-26,2027-07-17,1481734.09,170782.42,Active
CRD0000606,4553-XXXX-XXXX-1888,CUS0005160,PRD-DC01,,Debit,2021-03-21,2026-10-06,0.0,0.0,Active
CRD0000607,5197-XXXX-XXXX-8263,CUS0003805,PRD-CC01,,Credit,2023-03-30,2029-07-26,924733.43,196328.37,Active
CRD0000608,4457-XXXX-XXXX-6812,CUS0005014,PRD-DC01,ACC00015564,Debit,2020-06-17,2029-07-20,0.0,0.0,Active
CRD0000609,5475-XXXX-XXXX-9573,CUS0001062,PRD-DC02,ACC00008264,Debit,2025-04-03,2030-04-29,0.0,0.0,Active
CRD0000610,5807-XXXX-XXXX-3166,CUS0004012,PRD-CC04,,Credit,2024-10-23,2026-11-14,627928.89,42780.43,Blocked
CRD0000611,4676-XXXX-XXXX-5723,CUS0007232,PRD-CC01,,Credit,2024-12-04,2028-03-16,1307405.72,41207.11,Active
CRD0000612,4403-XXXX-XXXX-2636,CUS0003263,PRD-CC03,,Credit,2024-03-04,2030-01-14,749333.69,178849.44,Active
CRD0000613,4877-XXXX-XXXX-7719,CUS0007506,PRD-CC04,,Credit,2022-02-18,2030-09-25,1263873.44,88098.01,Active
CRD0000614,5949-XXXX-XXXX-2533,CUS0002872,PRD-DC01,,Debit,2024-07-17,2027-11-20,0.0,0.0,Active
CRD0000615,4398-XXXX-XXXX-5882,CUS0003879,PRD-CC04,,Credit,2025-04-11,2029-11-17,302321.19,125076.66,Active
CRD0000616,4218-XXXX-XXXX-9893,CUS0000847,PRD-CC01,,Credit,2023-05-12,2027-04-13,266100.88,57424.99,Active
CRD0000617,5904-XXXX-XXXX-6510,CUS0008328,PRD-DC02,ACC00001358,Debit,2022-05-30,2027-04-06,0.0,0.0,Active
CRD0000618,5195-XXXX-XXXX-8281,CUS0005069,PRD-DC02,ACC00015299,Debit,2025-04-05,2029-04-03,0.0,0.0,Expired
CRD0000619,4140-XXXX-XXXX-9688,CUS0007108,PRD-CC03,,Credit,2025-10-19,2027-12-06,1465599.95,18924.8,Active
CRD0000620,5737-XXXX-XXXX-9703,CUS0001700,PRD-DC01,ACC00017297,Debit,2020-10-19,2027-12-29,0.0,0.0,Active
CRD0000621,5378-XXXX-XXXX-8779,CUS0004631,PRD-CC02,,Credit,2025-03-18,2028-12-15,87215.95,21719.19,Active
CRD0000622,4225-XXXX-XXXX-3729,CUS0007880,PRD-CC01,,Credit,2025-12-29,2028-05-10,219273.84,175344.52,Active
CRD0000623,4576-XXXX-XXXX-8784,CUS0007456,PRD-CC01,,Credit,2024-08-18,2030-10-10,383091.28,188008.56,Active
CRD0000624,4287-XXXX-XXXX-2602,CUS0002409,PRD-CC01,,Credit,2021-08-14,2030-09-21,864384.89,72187.15,Active
CRD0000625,5622-XXXX-XXXX-8268,CUS0008194,PRD-DC01,ACC00016865,Debit,2024-04-08,2028-06-06,0.0,0.0,Active
CRD0000626,5483-XXXX-XXXX-7406,CUS0009199,PRD-CC01,,Credit,2024-07-01,2030-11-07,736755.23,18311.78,Active
CRD0000627,4549-XXXX-XXXX-2931,CUS0003126,PRD-DC02,ACC00007474,Debit,2022-07-21,2029-12-23,0.0,0.0,Active
CRD0000628,5675-XXXX-XXXX-1838,CUS0008497,PRD-CC02,,Credit,2025-11-18,2028-12-13,499012.41,132469.0,Active
CRD0000629,4314-XXXX-XXXX-1213,CUS0000128,PRD-DC02,ACC00012540,Debit,2021-10-06,2028-03-18,0.0,0.0,Expired
CRD0000630,4759-XXXX-XXXX-9063,CUS0004039,PRD-DC02,ACC00007886,Debit,2023-11-22,2030-07-25,0.0,0.0,Active
CRD0000631,4373-XXXX-XXXX-1142,CUS0001046,PRD-CC04,,Credit,2026-01-10,2027-07-17,339171.4,150375.59,Active
CRD0000632,5529-XXXX-XXXX-5602,CUS0002026,PRD-CC02,,Credit,2024-06-14,2027-09-12,341284.42,147094.68,Active
CRD0000633,5310-XXXX-XXXX-9165,CUS0007726,PRD-CC02,,Credit,2026-03-08,2028-12-09,578338.81,172344.67,Active
CRD0000634,5331-XXXX-XXXX-6135,CUS0008106,PRD-CC04,,Credit,2024-06-07,2030-03-18,536396.41,51887.0,Active
CRD0000635,4602-XXXX-XXXX-6765,CUS0001223,PRD-CC01,,Credit,2024-02-11,2026-06-07,188715.1,99109.88,Active
CRD0000636,5649-XXXX-XXXX-4292,CUS0009136,PRD-CC03,,Credit,2021-08-20,2029-03-17,902790.61,17424.43,Active
CRD0000637,4205-XXXX-XXXX-1402,CUS0002258,PRD-CC04,,Credit,2021-03-01,2029-06-24,453851.69,163970.88,Active
CRD0000638,5443-XXXX-XXXX-5994,CUS0003818,PRD-CC01,,Credit,2025-06-28,2030-04-22,394068.96,55836.16,Active
CRD0000639,5952-XXXX-XXXX-3984,CUS0008092,PRD-CC03,,Credit,2020-07-04,2028-05-01,1092376.74,114065.23,Active
CRD0000640,5924-XXXX-XXXX-8124,CUS0006877,PRD-CC03,,Credit,2020-12-16,2026-05-16,1147031.33,119269.58,Active
CRD0000641,5609-XXXX-XXXX-5718,CUS0005293,PRD-CC01,,Credit,2026-03-14,2030-11-10,299161.74,121589.73,Active
CRD0000642,5350-XXXX-XXXX-3394,CUS0005380,PRD-DC01,,Debit,2022-04-07,2026-09-12,0.0,0.0,Active
CRD0000643,4263-XXXX-XXXX-6046,CUS0008416,PRD-DC01,ACC00006404,Debit,2020-04-20,2028-04-18,0.0,0.0,Active
CRD0000644,5756-XXXX-XXXX-5832,CUS0004800,PRD-CC01,,Credit,2025-02-09,2027-12-29,1034584.38,157209.5,Active
CRD0000645,5968-XXXX-XXXX-1181,CUS0009385,PRD-CC04,,Credit,2022-11-04,2027-11-12,1124122.17,65027.75,Active
CRD0000646,5500-XXXX-XXXX-5670,CUS0002116,PRD-CC02,,Credit,2022-06-19,2030-10-03,740735.7,36530.49,Active
CRD0000647,5603-XXXX-XXXX-7641,CUS0001474,PRD-CC04,,Credit,2024-01-06,2030-11-06,475221.05,59662.3,Active
CRD0000648,4192-XXXX-XXXX-8197,CUS0004345,PRD-DC02,,Debit,2023-01-23,2027-07-11,0.0,0.0,Expired
CRD0000649,4181-XXXX-XXXX-1780,CUS0007014,PRD-CC03,,Credit,2022-02-24,2028-12-03,992174.09,42411.01,Active
CRD0000650,5781-XXXX-XXXX-3942,CUS0002326,PRD-CC03,,Credit,2026-01-03,2028-07-02,672273.54,127701.79,Active
CRD0000651,5378-XXXX-XXXX-6313,CUS0008820,PRD-CC03,,Credit,2024-04-29,2027-06-02,788720.48,151775.52,Active
CRD0000652,4971-XXXX-XXXX-6493,CUS0008425,PRD-CC02,,Credit,2020-11-21,2028-09-02,1436432.86,104949.82,Active
CRD0000653,4232-XXXX-XXXX-7071,CUS0005166,PRD-CC03,,Credit,2024-08-21,2030-03-18,1151389.82,1840.49,Active
CRD0000654,5205-XXXX-XXXX-6589,CUS0005896,PRD-CC01,,Credit,2023-08-18,2027-10-04,961238.11,50486.11,Active
CRD0000655,4103-XXXX-XXXX-3491,CUS0005040,PRD-DC02,ACC00011475,Debit,2023-07-29,2026-10-05,0.0,0.0,Active
CRD0000656,5683-XXXX-XXXX-4230,CUS0002092,PRD-CC02,,Credit,2022-02-24,2028-01-16,1418386.07,21414.05,Expired
CRD0000657,4749-XXXX-XXXX-5564,CUS0004795,PRD-CC01,,Credit,2025-01-06,2030-07-04,1399534.13,167761.2,Active
CRD0000658,5953-XXXX-XXXX-3046,CUS0003406,PRD-CC01,,Credit,2022-01-02,2029-05-07,1448136.71,128077.88,Active
CRD0000659,4772-XXXX-XXXX-4770,CUS0000503,PRD-CC03,,Credit,2024-07-10,2030-05-17,878876.73,42408.88,Active
CRD0000660,4918-XXXX-XXXX-8567,CUS0004225,PRD-DC02,ACC00010740,Debit,2023-08-25,2026-05-27,0.0,0.0,Active
CRD0000661,5197-XXXX-XXXX-2502,CUS0006895,PRD-DC02,ACC00000642,Debit,2025-07-06,2027-09-23,0.0,0.0,Active
CRD0000662,5183-XXXX-XXXX-5104,CUS0009467,PRD-CC04,,Credit,2025-01-24,2026-05-10,416403.32,8300.45,Active
CRD0000663,5995-XXXX-XXXX-7387,CUS0001693,PRD-CC02,,Credit,2020-12-18,2028-11-30,748140.95,16043.65,Active
CRD0000664,5896-XXXX-XXXX-4333,CUS0002962,PRD-DC02,ACC00005425,Debit,2023-04-27,2029-05-17,0.0,0.0,Active
CRD0000665,5992-XXXX-XXXX-8630,CUS0006488,PRD-CC01,,Credit,2023-02-08,2028-03-16,1445391.68,51875.4,Expired
CRD0000666,5942-XXXX-XXXX-5353,CUS0002559,PRD-CC04,,Credit,2025-05-08,2028-07-20,442292.8,62283.46,Active
CRD0000667,5334-XXXX-XXXX-5108,CUS0007099,PRD-CC03,,Credit,2023-01-26,2027-12-17,1074145.52,169608.92,Active
CRD0000668,5473-XXXX-XXXX-4813,CUS0009379,PRD-CC01,,Credit,2022-04-17,2030-05-27,1469316.86,172220.63,Active
CRD0000669,4221-XXXX-XXXX-9457,CUS0006042,PRD-CC02,,Credit,2022-03-11,2029-08-06,1434529.62,131181.14,Active
CRD0000670,4290-XXXX-XXXX-8444,CUS0002591,PRD-CC02,,Credit,2024-03-12,2028-02-01,955321.69,58804.21,Active
CRD0000671,5298-XXXX-XXXX-9149,CUS0003910,PRD-CC04,,Credit,2026-02-02,2029-04-01,246740.82,159291.61,Active
CRD0000672,5447-XXXX-XXXX-6334,CUS0009120,PRD-DC02,ACC00011154,Debit,2024-09-07,2030-05-20,0.0,0.0,Active
CRD0000673,5317-XXXX-XXXX-4782,CUS0001802,PRD-CC03,,Credit,2022-09-29,2026-05-18,1467074.68,60540.72,Blocked
CRD0000674,4541-XXXX-XXXX-5518,CUS0006572,PRD-DC01,ACC00015468,Debit,2024-09-10,2028-07-01,0.0,0.0,Active
CRD0000675,4415-XXXX-XXXX-2511,CUS0007808,PRD-CC01,,Credit,2026-02-24,2029-05-06,185768.56,49453.51,Active
CRD0000676,5637-XXXX-XXXX-4275,CUS0003017,PRD-CC02,,Credit,2021-11-03,2029-11-03,740286.35,26807.05,Active
CRD0000677,4815-XXXX-XXXX-3618,CUS0001281,PRD-CC02,,Credit,2025-03-27,2026-09-29,333903.26,181113.42,Blocked
CRD0000678,4450-XXXX-XXXX-8629,CUS0005979,PRD-CC03,,Credit,2020-08-02,2026-09-09,1221540.46,67337.77,Active
CRD0000679,5210-XXXX-XXXX-4811,CUS0007864,PRD-CC04,,Credit,2023-07-06,2029-08-13,161746.06,91543.08,Active
CRD0000680,5455-XXXX-XXXX-8722,CUS0005741,PRD-CC04,,Credit,2024-02-08,2027-08-19,665991.24,91025.32,Active
CRD0000681,5336-XXXX-XXXX-4810,CUS0008491,PRD-DC02,ACC00014129,Debit,2020-12-05,2029-08-29,0.0,0.0,Blocked
CRD0000682,5271-XXXX-XXXX-8801,CUS0008887,PRD-DC01,ACC00012670,Debit,2024-05-18,2026-11-17,0.0,0.0,Active
CRD0000683,4165-XXXX-XXXX-9317,CUS0008664,PRD-CC03,,Credit,2025-10-31,2028-12-03,1419622.97,15230.94,Active
CRD0000684,5704-XXXX-XXXX-2556,CUS0002984,PRD-DC01,,Debit,2023-10-13,2030-04-19,0.0,0.0,Expired
CRD0000685,5992-XXXX-XXXX-2906,CUS0008958,PRD-DC02,ACC00006926,Debit,2020-09-08,2027-08-28,0.0,0.0,Active
CRD0000686,4715-XXXX-XXXX-5870,CUS0003379,PRD-CC01,,Credit,2024-11-01,2028-05-17,1330584.76,6087.59,Active
CRD0000687,4476-XXXX-XXXX-1083,CUS0005820,PRD-CC03,,Credit,2020-01-15,2028-02-14,860984.86,126369.62,Active
CRD0000688,4144-XXXX-XXXX-9664,CUS0005380,PRD-CC02,,Credit,2024-01-17,2029-03-18,850178.3,187085.53,Active
CRD0000689,5721-XXXX-XXXX-3048,CUS0009196,PRD-CC02,,Credit,2023-03-27,2029-08-04,48221.51,185517.86,Active
CRD0000690,5871-XXXX-XXXX-5308,CUS0005867,PRD-CC04,,Credit,2022-01-19,2026-06-16,1229892.6,174248.68,Active
CRD0000691,4642-XXXX-XXXX-4185,CUS0006617,PRD-CC01,,Credit,2023-06-23,2026-09-10,642129.26,140635.91,Active
CRD0000692,5984-XXXX-XXXX-7420,CUS0009492,PRD-CC02,,Credit,2025-10-29,2030-11-21,529305.84,79976.84,Active
CRD0000693,5883-XXXX-XXXX-3627,CUS0009360,PRD-CC02,,Credit,2024-08-09,2028-10-22,137763.22,190661.48,Active
CRD0000694,5435-XXXX-XXXX-3317,CUS0004606,PRD-CC03,,Credit,2022-04-04,2028-03-01,212494.09,65698.69,Active
CRD0000695,5586-XXXX-XXXX-7226,CUS0001610,PRD-DC02,ACC00017595,Debit,2026-02-07,2030-03-20,0.0,0.0,Active
CRD0000696,5992-XXXX-XXXX-6011,CUS0001473,PRD-CC01,,Credit,2025-09-02,2026-12-09,1378496.75,13543.58,Active
CRD0000697,5921-XXXX-XXXX-4716,CUS0008051,PRD-DC02,ACC00016215,Debit,2024-04-08,2030-02-03,0.0,0.0,Active
CRD0000698,4790-XXXX-XXXX-1492,CUS0004686,PRD-CC02,,Credit,2022-02-11,2029-02-07,259966.36,144367.98,Active
CRD0000699,5531-XXXX-XXXX-6530,CUS0000616,PRD-CC01,,Credit,2024-10-20,2029-01-12,410363.33,178519.96,Active
CRD0000700,5241-XXXX-XXXX-8851,CUS0005300,PRD-CC04,,Credit,2024-05-21,2030-05-25,1138888.44,51635.89,Active
CRD0000701,5955-XXXX-XXXX-3185,CUS0003485,PRD-CC03,,Credit,2023-10-01,2030-12-17,788040.22,99679.44,Active
CRD0000702,5952-XXXX-XXXX-1028,CUS0005455,PRD-CC02,,Credit,2023-07-21,2030-10-04,739807.02,65931.69,Active
CRD0000703,5160-XXXX-XXXX-9168,CUS0004720,PRD-DC01,ACC00016242,Debit,2025-01-02,2028-03-13,0.0,0.0,Active
CRD0000704,4233-XXXX-XXXX-5026,CUS0008477,PRD-DC01,ACC00007771,Debit,2024-04-06,2030-03-29,0.0,0.0,Active
CRD0000705,5213-XXXX-XXXX-4909,CUS0006887,PRD-CC01,,Credit,2026-03-06,2028-04-23,509118.67,125617.08,Active
CRD0000706,5147-XXXX-XXXX-4581,CUS0007396,PRD-DC01,,Debit,2023-04-25,2027-09-16,0.0,0.0,Active
CRD0000707,5209-XXXX-XXXX-8787,CUS0008390,PRD-DC02,ACC00016973,Debit,2024-12-09,2026-10-23,0.0,0.0,Active
CRD0000708,4135-XXXX-XXXX-1700,CUS0001868,PRD-DC01,ACC00014416,Debit,2023-11-23,2029-03-29,0.0,0.0,Active
CRD0000709,5669-XXXX-XXXX-8912,CUS0004386,PRD-CC04,,Credit,2024-03-06,2029-01-29,1180497.51,15252.18,Active
CRD0000710,5470-XXXX-XXXX-8397,CUS0008383,PRD-DC01,ACC00011256,Debit,2020-02-22,2028-04-27,0.0,0.0,Active
CRD0000711,4796-XXXX-XXXX-2728,CUS0006826,PRD-DC02,ACC00002891,Debit,2023-04-30,2030-01-31,0.0,0.0,Active
CRD0000712,5552-XXXX-XXXX-6333,CUS0001472,PRD-CC01,,Credit,2022-01-28,2030-07-09,1375839.89,134400.89,Active
CRD0000713,5485-XXXX-XXXX-9250,CUS0009967,PRD-DC01,ACC00016800,Debit,2022-10-21,2029-02-21,0.0,0.0,Active
CRD0000714,4356-XXXX-XXXX-1058,CUS0001133,PRD-DC01,ACC00016736,Debit,2021-06-03,2029-06-23,0.0,0.0,Active
CRD0000715,5946-XXXX-XXXX-8339,CUS0003763,PRD-CC02,,Credit,2021-08-20,2028-02-11,360271.71,141708.51,Active
CRD0000716,4347-XXXX-XXXX-4370,CUS0003798,PRD-DC02,ACC00017876,Debit,2022-07-05,2028-02-25,0.0,0.0,Active
CRD0000717,4788-XXXX-XXXX-5759,CUS0002654,PRD-CC04,,Credit,2020-10-05,2027-08-11,995307.29,4894.21,Active
CRD0000718,5726-XXXX-XXXX-9525,CUS0008544,PRD-CC04,,Credit,2023-06-01,2027-11-24,1175764.59,67129.15,Active
CRD0000719,5672-XXXX-XXXX-9357,CUS0008342,PRD-CC02,,Credit,2024-01-13,2030-03-27,1051742.85,157606.68,Active
CRD0000720,5576-XXXX-XXXX-1381,CUS0000173,PRD-CC02,,Credit,2024-12-30,2027-11-28,1468055.5,128930.51,Active
CRD0000721,4959-XXXX-XXXX-2044,CUS0005758,PRD-DC02,,Debit,2020-08-11,2029-12-03,0.0,0.0,Active
CRD0000722,4906-XXXX-XXXX-3334,CUS0009987,PRD-CC01,,Credit,2025-08-09,2029-05-13,1058540.44,47667.74,Active
CRD0000723,4353-XXXX-XXXX-1653,CUS0005869,PRD-CC04,,Credit,2025-06-14,2030-10-18,1483205.96,166196.79,Active
CRD0000724,5544-XXXX-XXXX-6023,CUS0000101,PRD-DC01,ACC00016363,Debit,2023-08-22,2030-11-11,0.0,0.0,Active
CRD0000725,5419-XXXX-XXXX-1548,CUS0008335,PRD-CC04,,Credit,2025-04-11,2029-10-08,1496490.88,184375.31,Active
CRD0000726,4909-XXXX-XXXX-2824,CUS0000148,PRD-CC02,,Credit,2025-08-18,2027-03-08,1344136.05,136686.89,Expired
CRD0000727,4590-XXXX-XXXX-7369,CUS0003311,PRD-CC01,,Credit,2020-06-18,2030-03-24,222732.13,97147.62,Active
CRD0000728,5935-XXXX-XXXX-9062,CUS0007738,PRD-CC04,,Credit,2021-07-27,2026-10-27,778424.18,152375.47,Active
CRD0000729,4713-XXXX-XXXX-1936,CUS0007873,PRD-DC01,,Debit,2020-07-07,2027-01-24,0.0,0.0,Active
CRD0000730,5551-XXXX-XXXX-8491,CUS0002921,PRD-CC01,,Credit,2025-04-09,2030-12-22,688531.2,171682.68,Active
CRD0000731,5944-XXXX-XXXX-8766,CUS0006020,PRD-CC03,,Credit,2022-12-31,2028-05-29,627496.61,91120.87,Active
CRD0000732,4903-XXXX-XXXX-4881,CUS0007918,PRD-CC03,,Credit,2024-09-30,2028-12-30,929383.06,155023.24,Active
CRD0000733,4591-XXXX-XXXX-9303,CUS0005139,PRD-DC02,ACC00015013,Debit,2021-04-20,2027-05-31,0.0,0.0,Active
CRD0000734,4380-XXXX-XXXX-4291,CUS0002931,PRD-CC02,,Credit,2024-02-24,2030-12-31,438705.21,179943.29,Blocked
CRD0000735,4102-XXXX-XXXX-1981,CUS0001879,PRD-CC04,,Credit,2020-10-15,2028-05-02,964770.59,191240.95,Active
CRD0000736,5318-XXXX-XXXX-5709,CUS0003090,PRD-DC01,ACC00013918,Debit,2023-12-06,2030-08-01,0.0,0.0,Active
CRD0000737,4119-XXXX-XXXX-4998,CUS0003845,PRD-CC03,,Credit,2023-08-08,2026-07-04,761356.89,192230.92,Active
CRD0000738,4769-XXXX-XXXX-7458,CUS0006760,PRD-CC02,,Credit,2021-07-26,2026-12-05,598403.34,10711.91,Active
CRD0000739,5680-XXXX-XXXX-5787,CUS0002511,PRD-CC03,,Credit,2024-08-03,2030-03-13,1377686.84,91350.91,Active
CRD0000740,4847-XXXX-XXXX-6701,CUS0003736,PRD-DC02,ACC00000410,Debit,2021-04-11,2030-04-15,0.0,0.0,Active
CRD0000741,5620-XXXX-XXXX-2685,CUS0009347,PRD-DC01,ACC00006489,Debit,2021-12-21,2027-12-30,0.0,0.0,Active
CRD0000742,5603-XXXX-XXXX-1115,CUS0006018,PRD-CC02,,Credit,2020-08-19,2029-02-06,774219.59,129134.31,Active
CRD0000743,5812-XXXX-XXXX-7623,CUS0007281,PRD-CC02,,Credit,2020-11-21,2030-08-14,828741.87,54408.02,Active
CRD0000744,4940-XXXX-XXXX-9870,CUS0009079,PRD-DC02,ACC00010471,Debit,2025-07-27,2030-11-30,0.0,0.0,Active
CRD0000745,5164-XXXX-XXXX-1703,CUS0008509,PRD-DC01,ACC00004672,Debit,2021-05-09,2028-10-27,0.0,0.0,Active
CRD0000746,4207-XXXX-XXXX-4519,CUS0008401,PRD-CC01,,Credit,2025-04-15,2027-12-27,842915.01,151571.25,Active
CRD0000747,4703-XXXX-XXXX-6981,CUS0004297,PRD-CC01,,Credit,2025-05-20,2030-08-04,488267.89,59453.07,Active
CRD0000748,4981-XXXX-XXXX-3167,CUS0000554,PRD-CC02,,Credit,2024-01-31,2028-05-18,70105.93,176610.62,Active
CRD0000749,5309-XXXX-XXXX-3868,CUS0005955,PRD-CC01,,Credit,2026-03-07,2028-08-22,217051.24,48904.59,Active
CRD0000750,5820-XXXX-XXXX-2159,CUS0008253,PRD-DC02,ACC00017115,Debit,2024-06-15,2027-02-27,0.0,0.0,Blocked
CRD0000751,4286-XXXX-XXXX-8321,CUS0006698,PRD-DC01,ACC00007299,Debit,2022-02-08,2028-03-13,0.0,0.0,Active
CRD0000752,5669-XXXX-XXXX-5145,CUS0003314,PRD-CC01,,Credit,2020-03-05,2028-12-31,233084.06,126874.09,Active
CRD0000753,5543-XXXX-XXXX-4342,CUS0002602,PRD-DC01,ACC00004734,Debit,2020-03-14,2030-08-30,0.0,0.0,Active
CRD0000754,4456-XXXX-XXXX-4009,CUS0009272,PRD-CC04,,Credit,2023-06-20,2028-04-10,714835.93,50262.59,Active
CRD0000755,5681-XXXX-XXXX-8758,CUS0002489,PRD-CC03,,Credit,2021-05-11,2026-07-07,271318.78,191427.73,Active
CRD0000756,5628-XXXX-XXXX-9693,CUS0006305,PRD-CC01,,Credit,2025-12-30,2027-03-20,842397.12,106861.48,Active
CRD0000757,4580-XXXX-XXXX-7279,CUS0004057,PRD-CC04,,Credit,2023-09-24,2027-06-12,1497552.88,38183.85,Active
CRD0000758,5340-XXXX-XXXX-5935,CUS0006229,PRD-DC02,ACC00016097,Debit,2022-04-22,2030-07-01,0.0,0.0,Active
CRD0000759,5403-XXXX-XXXX-7518,CUS0004151,PRD-DC01,ACC00007077,Debit,2022-11-24,2029-11-27,0.0,0.0,Active
CRD0000760,4338-XXXX-XXXX-2524,CUS0006159,PRD-CC04,,Credit,2024-12-21,2030-07-28,328005.96,18869.82,Active
CRD0000761,4539-XXXX-XXXX-7484,CUS0002893,PRD-CC01,,Credit,2023-03-27,2030-06-08,1193617.78,11755.44,Active
CRD0000762,5425-XXXX-XXXX-1914,CUS0000549,PRD-CC01,,Credit,2024-01-26,2029-09-24,788244.5,129667.53,Active
CRD0000763,4499-XXXX-XXXX-7027,CUS0002929,PRD-CC03,,Credit,2022-03-08,2026-09-04,525727.97,151630.38,Active
CRD0000764,5374-XXXX-XXXX-6164,CUS0005241,PRD-CC02,,Credit,2020-08-26,2030-12-28,374854.21,149669.5,Active
CRD0000765,4247-XXXX-XXXX-5454,CUS0003789,PRD-DC02,ACC00017144,Debit,2024-03-10,2029-02-27,0.0,0.0,Expired
CRD0000766,4667-XXXX-XXXX-2801,CUS0008943,PRD-DC01,ACC00011931,Debit,2020-05-04,2029-02-12,0.0,0.0,Active
CRD0000767,4668-XXXX-XXXX-6720,CUS0000863,PRD-DC01,ACC00013046,Debit,2024-05-07,2028-06-16,0.0,0.0,Active
CRD0000768,4260-XXXX-XXXX-4035,CUS0003531,PRD-CC02,,Credit,2020-09-26,2030-04-18,615026.3,169287.34,Active
CRD0000769,4103-XXXX-XXXX-9644,CUS0007321,PRD-DC01,,Debit,2020-03-24,2026-06-04,0.0,0.0,Active
CRD0000770,4628-XXXX-XXXX-1875,CUS0009780,PRD-CC04,,Credit,2020-05-12,2029-10-17,910509.88,34015.31,Active
CRD0000771,4414-XXXX-XXXX-7633,CUS0004602,PRD-DC01,ACC00016675,Debit,2023-03-23,2026-11-30,0.0,0.0,Active
CRD0000772,4809-XXXX-XXXX-4556,CUS0003332,PRD-CC03,,Credit,2021-07-04,2030-09-21,496808.18,122820.23,Active
CRD0000773,4487-XXXX-XXXX-1632,CUS0009127,PRD-DC01,ACC00008082,Debit,2024-06-10,2026-09-01,0.0,0.0,Active
CRD0000774,5731-XXXX-XXXX-8458,CUS0002550,PRD-CC01,,Credit,2021-07-07,2026-07-31,258669.3,110146.82,Active
CRD0000775,5118-XXXX-XXXX-8690,CUS0005941,PRD-CC03,,Credit,2022-03-01,2030-12-21,426242.85,142266.06,Active
CRD0000776,4328-XXXX-XXXX-3624,CUS0000780,PRD-CC02,,Credit,2021-11-20,2030-10-01,162648.09,7936.79,Active
CRD0000777,5891-XXXX-XXXX-1162,CUS0006145,PRD-CC02,,Credit,2023-11-01,2029-10-08,788792.35,136070.81,Active
CRD0000778,5330-XXXX-XXXX-3212,CUS0004004,PRD-CC02,,Credit,2020-11-15,2030-12-22,589786.14,141412.97,Active
CRD0000779,5391-XXXX-XXXX-3199,CUS0007674,PRD-DC01,ACC00012420,Debit,2024-03-01,2029-06-14,0.0,0.0,Active
CRD0000780,4725-XXXX-XXXX-1466,CUS0005106,PRD-CC02,,Credit,2021-03-03,2029-07-14,766624.94,187005.38,Active
CRD0000781,5766-XXXX-XXXX-3440,CUS0003432,PRD-CC03,,Credit,2026-01-20,2027-05-09,1461985.81,180485.04,Active
CRD0000782,4368-XXXX-XXXX-4355,CUS0005713,PRD-DC01,ACC00003412,Debit,2024-03-07,2030-10-24,0.0,0.0,Active
CRD0000783,4749-XXXX-XXXX-5935,CUS0006502,PRD-CC02,,Credit,2023-04-30,2026-07-03,1052240.04,142706.99,Blocked
CRD0000784,4254-XXXX-XXXX-5104,CUS0003666,PRD-CC02,,Credit,2024-12-10,2030-11-07,1347239.63,198842.08,Active
CRD0000785,5561-XXXX-XXXX-7240,CUS0007466,PRD-CC01,,Credit,2021-09-06,2028-12-13,720905.64,51235.44,Active
CRD0000786,5806-XXXX-XXXX-4158,CUS0009791,PRD-DC01,ACC00015988,Debit,2025-02-18,2029-02-20,0.0,0.0,Blocked
CRD0000787,5769-XXXX-XXXX-8121,CUS0003514,PRD-DC02,ACC00005570,Debit,2022-06-20,2029-08-23,0.0,0.0,Active
CRD0000788,4766-XXXX-XXXX-4348,CUS0004484,PRD-DC02,ACC00006385,Debit,2020-03-06,2030-09-14,0.0,0.0,Active
CRD0000789,4267-XXXX-XXXX-9979,CUS0000147,PRD-DC01,,Debit,2023-12-28,2029-01-29,0.0,0.0,Active
CRD0000790,5553-XXXX-XXXX-8228,CUS0006377,PRD-DC01,ACC00010856,Debit,2022-10-08,2028-05-20,0.0,0.0,Active
CRD0000791,5106-XXXX-XXXX-1189,CUS0000867,PRD-CC01,,Credit,2023-03-20,2030-10-10,858324.72,194873.42,Active
CRD0000792,5168-XXXX-XXXX-5346,CUS0006162,PRD-DC01,ACC00008551,Debit,2025-03-03,2030-06-25,0.0,0.0,Active
CRD0000793,5629-XXXX-XXXX-9157,CUS0002828,PRD-DC02,ACC00017468,Debit,2020-12-05,2027-10-20,0.0,0.0,Active
CRD0000794,4948-XXXX-XXXX-5027,CUS0001463,PRD-CC02,,Credit,2021-07-09,2029-09-06,151105.42,149270.83,Active
CRD0000795,4555-XXXX-XXXX-6070,CUS0004025,PRD-CC01,,Credit,2025-01-22,2027-11-28,137635.06,3738.48,Active
CRD0000796,5271-XXXX-XXXX-8858,CUS0005239,PRD-CC01,,Credit,2023-06-17,2028-12-19,257091.86,111511.89,Active
CRD0000797,4438-XXXX-XXXX-9605,CUS0002569,PRD-CC01,,Credit,2020-08-27,2028-11-19,1373491.8,127177.41,Active
CRD0000798,4911-XXXX-XXXX-6909,CUS0001069,PRD-CC03,,Credit,2020-03-07,2029-04-07,513759.88,145379.58,Active
CRD0000799,4597-XXXX-XXXX-2649,CUS0005285,PRD-DC01,,Debit,2025-12-21,2029-07-13,0.0,0.0,Active
CRD0000800,4692-XXXX-XXXX-4816,CUS0000301,PRD-CC03,,Credit,2021-07-30,2028-09-20,454090.76,75250.53,Active
CRD0000801,4420-XXXX-XXXX-4949,CUS0003871,PRD-CC04,,Credit,2024-01-12,2026-10-28,1311065.15,64816.38,Active
CRD0000802,4483-XXXX-XXXX-1006,CUS0006563,PRD-CC03,,Credit,2022-07-05,2029-11-25,1460207.31,68808.76,Active
CRD0000803,5916-XXXX-XXXX-5846,CUS0000350,PRD-DC01,ACC00001738,Debit,2020-05-06,2030-04-15,0.0,0.0,Active
CRD0000804,4609-XXXX-XXXX-7182,CUS0001911,PRD-CC04,,Credit,2020-01-28,2028-03-31,1253513.32,179631.38,Active
CRD0000805,5845-XXXX-XXXX-2086,CUS0009434,PRD-CC04,,Credit,2022-11-09,2030-10-29,264605.96,73801.98,Active
CRD0000806,4503-XXXX-XXXX-4687,CUS0004532,PRD-CC03,,Credit,2024-02-24,2029-12-17,253461.62,180307.74,Active
CRD0000807,5899-XXXX-XXXX-2789,CUS0007890,PRD-DC02,ACC00016501,Debit,2021-04-27,2029-09-26,0.0,0.0,Active
CRD0000808,4617-XXXX-XXXX-5621,CUS0007450,PRD-DC01,,Debit,2021-08-14,2030-04-14,0.0,0.0,Active
CRD0000809,4594-XXXX-XXXX-1803,CUS0008244,PRD-CC03,,Credit,2025-01-25,2027-07-29,296674.58,24661.81,Active
CRD0000810,4203-XXXX-XXXX-2865,CUS0007856,PRD-CC04,,Credit,2022-06-18,2027-09-21,699174.7,128943.71,Active
CRD0000811,4563-XXXX-XXXX-6228,CUS0005914,PRD-CC03,,Credit,2021-04-29,2030-08-07,1000428.37,145857.36,Active
CRD0000812,5985-XXXX-XXXX-1872,CUS0002383,PRD-DC02,,Debit,2025-05-03,2029-04-22,0.0,0.0,Active
CRD0000813,5851-XXXX-XXXX-3543,CUS0008543,PRD-CC03,,Credit,2021-11-04,2029-12-15,885731.15,194733.75,Blocked
CRD0000814,5304-XXXX-XXXX-5921,CUS0005006,PRD-CC03,,Credit,2021-07-17,2030-02-28,1472032.25,86359.96,Active
CRD0000815,4979-XXXX-XXXX-6835,CUS0005942,PRD-CC01,,Credit,2023-02-28,2028-08-27,655516.14,60795.35,Active
CRD0000816,4347-XXXX-XXXX-8492,CUS0009748,PRD-DC01,ACC00001722,Debit,2025-08-23,2030-08-09,0.0,0.0,Active
CRD0000817,5787-XXXX-XXXX-7423,CUS0001394,PRD-CC03,,Credit,2020-02-03,2026-11-09,30190.71,65213.53,Active
CRD0000818,5399-XXXX-XXXX-1092,CUS0007154,PRD-DC01,ACC00010966,Debit,2021-10-17,2029-08-18,0.0,0.0,Active
CRD0000819,4535-XXXX-XXXX-9226,CUS0004364,PRD-DC02,ACC00009215,Debit,2026-04-06,2029-01-02,0.0,0.0,Active
CRD0000820,5562-XXXX-XXXX-9864,CUS0001185,PRD-CC03,,Credit,2024-09-15,2029-08-02,1339261.67,57787.38,Active
CRD0000821,5707-XXXX-XXXX-6468,CUS0005817,PRD-CC04,,Credit,2020-01-04,2028-06-28,86560.9,138968.09,Active
CRD0000822,5562-XXXX-XXXX-8493,CUS0000127,PRD-CC02,,Credit,2026-02-26,2028-09-02,396143.83,118164.62,Active
CRD0000823,5955-XXXX-XXXX-3190,CUS0004368,PRD-CC04,,Credit,2023-08-25,2030-01-26,316706.7,106439.61,Active
CRD0000824,5396-XXXX-XXXX-5383,CUS0009559,PRD-CC01,,Credit,2020-05-04,2028-04-18,287571.07,150176.77,Active
CRD0000825,5568-XXXX-XXXX-3928,CUS0002449,PRD-CC04,,Credit,2023-10-24,2027-08-29,1106466.98,34924.44,Active
CRD0000826,4776-XXXX-XXXX-9601,CUS0008519,PRD-CC02,,Credit,2026-04-05,2026-05-30,247611.66,72074.8,Active
CRD0000827,4395-XXXX-XXXX-1761,CUS0004416,PRD-DC01,ACC00004550,Debit,2023-09-22,2027-07-04,0.0,0.0,Active
CRD0000828,5270-XXXX-XXXX-9174,CUS0007323,PRD-DC02,ACC00004773,Debit,2023-12-20,2029-02-18,0.0,0.0,Active
CRD0000829,4988-XXXX-XXXX-4855,CUS0009978,PRD-DC01,ACC00008505,Debit,2020-02-04,2030-08-10,0.0,0.0,Active
CRD0000830,4318-XXXX-XXXX-2930,CUS0006492,PRD-CC02,,Credit,2021-02-13,2027-10-06,844928.12,54095.18,Active
CRD0000831,4417-XXXX-XXXX-9744,CUS0005036,PRD-DC02,ACC00007397,Debit,2021-05-03,2027-01-02,0.0,0.0,Active
CRD0000832,5178-XXXX-XXXX-6041,CUS0001646,PRD-CC02,,Credit,2022-12-06,2028-10-12,1063405.43,91690.79,Active
CRD0000833,4879-XXXX-XXXX-5429,CUS0005508,PRD-DC02,ACC00015333,Debit,2021-03-03,2028-03-29,0.0,0.0,Expired
CRD0000834,5231-XXXX-XXXX-2335,CUS0001188,PRD-CC03,,Credit,2023-05-22,2030-12-29,1312938.88,24449.12,Active
CRD0000835,5898-XXXX-XXXX-1140,CUS0006357,PRD-DC01,ACC00004743,Debit,2020-05-04,2030-06-04,0.0,0.0,Active
CRD0000836,4388-XXXX-XXXX-8302,CUS0005561,PRD-CC03,,Credit,2023-12-11,2029-06-19,211719.56,148244.85,Active
CRD0000837,5979-XXXX-XXXX-7447,CUS0003869,PRD-CC03,,Credit,2024-10-22,2030-09-24,227108.32,101815.3,Active
CRD0000838,4914-XXXX-XXXX-2037,CUS0007241,PRD-CC04,,Credit,2020-12-12,2028-01-28,1470383.84,70530.85,Active
CRD0000839,4145-XXXX-XXXX-2543,CUS0000152,PRD-CC01,,Credit,2021-07-07,2029-12-31,1320995.73,51251.93,Active
CRD0000840,5570-XXXX-XXXX-9614,CUS0000443,PRD-DC02,ACC00016613,Debit,2023-07-11,2026-09-26,0.0,0.0,Active
CRD0000841,4432-XXXX-XXXX-1401,CUS0000593,PRD-DC01,,Debit,2021-05-01,2027-03-19,0.0,0.0,Active
CRD0000842,4247-XXXX-XXXX-3662,CUS0000799,PRD-CC01,,Credit,2020-11-05,2029-03-26,773141.68,106094.02,Active
CRD0000843,4841-XXXX-XXXX-1658,CUS0005391,PRD-DC01,,Debit,2023-01-16,2026-08-09,0.0,0.0,Active
CRD0000844,5992-XXXX-XXXX-2448,CUS0002088,PRD-CC02,,Credit,2025-07-16,2027-07-04,1305547.24,52021.64,Active
CRD0000845,5142-XXXX-XXXX-4957,CUS0006609,PRD-DC01,ACC00013094,Debit,2022-03-19,2028-04-30,0.0,0.0,Active
CRD0000846,5216-XXXX-XXXX-7559,CUS0007633,PRD-DC01,ACC00015307,Debit,2021-09-28,2029-08-12,0.0,0.0,Active
CRD0000847,4495-XXXX-XXXX-2002,CUS0008243,PRD-CC02,,Credit,2020-08-17,2028-06-10,820714.36,19450.54,Active
CRD0000848,5155-XXXX-XXXX-2392,CUS0000235,PRD-CC01,,Credit,2024-04-01,2026-12-31,1414527.19,187946.95,Active
CRD0000849,5542-XXXX-XXXX-6184,CUS0008684,PRD-DC01,ACC00015874,Debit,2026-04-12,2030-07-01,0.0,0.0,Active
CRD0000850,5922-XXXX-XXXX-1555,CUS0004435,PRD-CC02,,Credit,2021-09-24,2030-05-10,201364.75,39705.81,Active
CRD0000851,5527-XXXX-XXXX-7239,CUS0003005,PRD-DC02,ACC00015321,Debit,2022-03-12,2029-08-13,0.0,0.0,Active
CRD0000852,4687-XXXX-XXXX-9459,CUS0006756,PRD-CC03,,Credit,2025-01-01,2028-01-09,1487582.27,16871.16,Active
CRD0000853,4701-XXXX-XXXX-7988,CUS0009329,PRD-CC02,,Credit,2025-04-07,2027-11-13,497796.18,118329.1,Active
CRD0000854,4257-XXXX-XXXX-9513,CUS0004814,PRD-CC02,,Credit,2025-03-03,2026-08-08,581760.78,90252.28,Expired
CRD0000855,5760-XXXX-XXXX-9509,CUS0005430,PRD-CC04,,Credit,2022-09-14,2030-09-11,1184018.64,191499.58,Active
CRD0000856,4264-XXXX-XXXX-1428,CUS0006600,PRD-DC01,ACC00014359,Debit,2020-06-12,2027-08-01,0.0,0.0,Active
CRD0000857,5686-XXXX-XXXX-6356,CUS0003783,PRD-CC03,,Credit,2021-11-19,2027-06-16,1149350.83,107709.5,Active
CRD0000858,4369-XXXX-XXXX-2473,CUS0006849,PRD-CC04,,Credit,2021-04-30,2030-07-20,154337.75,174477.53,Active
CRD0000859,5485-XXXX-XXXX-9211,CUS0009916,PRD-CC04,,Credit,2021-11-16,2028-12-01,669072.8,154082.09,Active
CRD0000860,4353-XXXX-XXXX-9719,CUS0001582,PRD-CC02,,Credit,2023-02-07,2027-10-04,558011.14,171367.12,Active
CRD0000861,5702-XXXX-XXXX-4155,CUS0001819,PRD-CC02,,Credit,2022-01-25,2030-09-15,914008.33,163981.0,Active
CRD0000862,5278-XXXX-XXXX-2144,CUS0005500,PRD-DC02,,Debit,2021-05-28,2028-05-31,0.0,0.0,Active
CRD0000863,5730-XXXX-XXXX-9354,CUS0007069,PRD-DC01,ACC00000965,Debit,2022-06-01,2029-01-04,0.0,0.0,Blocked
CRD0000864,5154-XXXX-XXXX-3376,CUS0004796,PRD-CC03,,Credit,2025-04-09,2028-06-07,160109.98,126469.04,Active
CRD0000865,5822-XXXX-XXXX-9559,CUS0002613,PRD-CC01,,Credit,2024-03-08,2028-03-07,479383.1,187273.79,Active
CRD0000866,5577-XXXX-XXXX-5490,CUS0006337,PRD-DC01,,Debit,2024-09-12,2027-07-05,0.0,0.0,Active
CRD0000867,5914-XXXX-XXXX-6316,CUS0008725,PRD-CC04,,Credit,2023-05-05,2027-01-08,752397.66,128126.54,Active
CRD0000868,5480-XXXX-XXXX-8937,CUS0002668,PRD-DC02,ACC00000151,Debit,2020-02-22,2026-10-26,0.0,0.0,Active
CRD0000869,5250-XXXX-XXXX-8888,CUS0000863,PRD-CC03,,Credit,2024-02-10,2029-04-01,495471.45,178941.63,Active
CRD0000870,4170-XXXX-XXXX-8759,CUS0006990,PRD-DC01,ACC00013128,Debit,2024-10-20,2028-12-20,0.0,0.0,Active
CRD0000871,5356-XXXX-XXXX-2127,CUS0005355,PRD-CC03,,Credit,2025-08-01,2030-11-22,699839.81,185435.26,Active
CRD0000872,5156-XXXX-XXXX-2373,CUS0005290,PRD-CC02,,Credit,2025-10-31,2028-09-17,176629.09,181990.91,Active
CRD0000873,4362-XXXX-XXXX-8363,CUS0009215,PRD-DC01,ACC00009932,Debit,2024-04-06,2028-02-08,0.0,0.0,Active
CRD0000874,5619-XXXX-XXXX-6652,CUS0007124,PRD-CC01,,Credit,2023-07-17,2027-08-19,1475032.19,124438.17,Active
CRD0000875,5401-XXXX-XXXX-3113,CUS0002304,PRD-CC01,,Credit,2020-03-31,2029-06-10,951762.39,138175.67,Active
CRD0000876,4692-XXXX-XXXX-7938,CUS0004541,PRD-DC02,,Debit,2020-12-11,2026-08-13,0.0,0.0,Active
CRD0000877,5731-XXXX-XXXX-7000,CUS0003505,PRD-DC01,ACC00013759,Debit,2025-07-20,2029-09-11,0.0,0.0,Active
CRD0000878,4480-XXXX-XXXX-9025,CUS0002170,PRD-CC03,,Credit,2020-01-03,2026-05-19,1326156.86,158317.99,Expired
CRD0000879,4704-XXXX-XXXX-8289,CUS0003979,PRD-CC04,,Credit,2024-07-08,2027-02-25,762527.8,135024.49,Active
CRD0000880,4955-XXXX-XXXX-5688,CUS0008524,PRD-CC01,,Credit,2025-02-19,2029-12-18,280596.37,163542.67,Active
CRD0000881,5507-XXXX-XXXX-7527,CUS0006909,PRD-CC03,,Credit,2022-04-01,2030-07-19,730256.4,120689.2,Active
CRD0000882,5818-XXXX-XXXX-9537,CUS0003547,PRD-DC02,ACC00008089,Debit,2025-11-13,2028-02-04,0.0,0.0,Active
CRD0000883,5752-XXXX-XXXX-7140,CUS0000862,PRD-CC01,,Credit,2026-04-26,2028-06-08,1092447.28,151506.78,Active
CRD0000884,4323-XXXX-XXXX-5890,CUS0000471,PRD-DC02,ACC00008413,Debit,2020-11-24,2027-11-15,0.0,0.0,Active
CRD0000885,5342-XXXX-XXXX-3975,CUS0003091,PRD-CC01,,Credit,2024-05-17,2026-09-02,1256255.66,130170.84,Active
CRD0000886,4268-XXXX-XXXX-1695,CUS0008250,PRD-CC01,,Credit,2024-05-22,2028-04-29,881343.97,455.16,Active
CRD0000887,5960-XXXX-XXXX-9495,CUS0009422,PRD-DC01,ACC00017975,Debit,2020-09-27,2026-09-08,0.0,0.0,Active
CRD0000888,4533-XXXX-XXXX-8676,CUS0005886,PRD-CC03,,Credit,2021-02-02,2030-05-29,1021408.88,193988.69,Active
CRD0000889,4651-XXXX-XXXX-2873,CUS0002753,PRD-DC02,ACC00005725,Debit,2025-09-29,2030-08-21,0.0,0.0,Active
CRD0000890,5230-XXXX-XXXX-9357,CUS0007794,PRD-DC02,ACC00005182,Debit,2022-07-23,2030-08-12,0.0,0.0,Active
CRD0000891,5388-XXXX-XXXX-4268,CUS0001921,PRD-DC01,ACC00004167,Debit,2025-09-01,2030-04-21,0.0,0.0,Active
CRD0000892,5448-XXXX-XXXX-3338,CUS0005365,PRD-DC02,,Debit,2023-03-23,2029-06-07,0.0,0.0,Expired
CRD0000893,4690-XXXX-XXXX-1264,CUS0006532,PRD-DC01,,Debit,2021-04-21,2028-11-08,0.0,0.0,Active
CRD0000894,4777-XXXX-XXXX-3470,CUS0005840,PRD-DC02,ACC00007070,Debit,2022-04-18,2030-05-18,0.0,0.0,Active
CRD0000895,4707-XXXX-XXXX-3806,CUS0000801,PRD-DC01,ACC00015053,Debit,2021-06-06,2027-08-21,0.0,0.0,Active
CRD0000896,5630-XXXX-XXXX-1773,CUS0001606,PRD-CC02,,Credit,2022-12-07,2026-08-21,710152.49,154070.03,Active
CRD0000897,5523-XXXX-XXXX-9367,CUS0006605,PRD-CC04,,Credit,2023-02-02,2029-10-27,1157318.75,123112.77,Active
CRD0000898,5607-XXXX-XXXX-9657,CUS0004474,PRD-DC02,ACC00001345,Debit,2024-03-14,2026-09-30,0.0,0.0,Active
CRD0000899,5112-XXXX-XXXX-3938,CUS0002630,PRD-CC04,,Credit,2022-12-24,2030-11-29,1475611.08,94654.71,Active
CRD0000900,5223-XXXX-XXXX-5666,CUS0001080,PRD-DC02,,Debit,2023-04-22,2027-10-19,0.0,0.0,Active
CRD0000901,4555-XXXX-XXXX-3125,CUS0009056,PRD-DC01,,Debit,2020-11-02,2028-12-10,0.0,0.0,Active
CRD0000902,4935-XXXX-XXXX-7623,CUS0007789,PRD-DC01,ACC00009025,Debit,2026-04-06,2030-08-10,0.0,0.0,Active
CRD0000903,4479-XXXX-XXXX-3518,CUS0003174,PRD-CC02,,Credit,2021-08-09,2029-12-04,1291577.65,110290.24,Active
CRD0000904,4498-XXXX-XXXX-3620,CUS0001573,PRD-CC02,,Credit,2025-12-10,2027-09-30,873798.39,55526.81,Active
CRD0000905,5502-XXXX-XXXX-5862,CUS0004298,PRD-DC02,ACC00015478,Debit,2026-01-25,2026-08-22,0.0,0.0,Active
CRD0000906,5618-XXXX-XXXX-8022,CUS0004194,PRD-CC04,,Credit,2022-12-09,2026-10-01,1340267.9,107389.21,Active
CRD0000907,4772-XXXX-XXXX-7212,CUS0000816,PRD-CC02,,Credit,2024-04-10,2027-03-18,1134084.68,20643.32,Active
CRD0000908,5747-XXXX-XXXX-1605,CUS0004733,PRD-CC02,,Credit,2024-05-12,2026-12-04,1424771.07,21595.61,Active
CRD0000909,5407-XXXX-XXXX-7934,CUS0009947,PRD-CC01,,Credit,2022-10-06,2028-06-10,1412115.13,8367.25,Active
CRD0000910,5373-XXXX-XXXX-4439,CUS0002404,PRD-CC01,,Credit,2020-06-15,2026-11-25,222820.58,196781.7,Active
CRD0000911,5809-XXXX-XXXX-5279,CUS0003678,PRD-DC01,ACC00017206,Debit,2022-05-30,2027-02-25,0.0,0.0,Active
CRD0000912,5949-XXXX-XXXX-2431,CUS0000011,PRD-CC01,,Credit,2023-04-15,2030-03-29,524294.32,89188.11,Active
CRD0000913,4738-XXXX-XXXX-4427,CUS0008434,PRD-DC01,ACC00000469,Debit,2026-03-20,2029-09-12,0.0,0.0,Active
CRD0000914,5390-XXXX-XXXX-4935,CUS0000039,PRD-DC01,ACC00013017,Debit,2023-07-21,2029-07-28,0.0,0.0,Active
CRD0000915,4946-XXXX-XXXX-6888,CUS0006064,PRD-DC02,ACC00002133,Debit,2023-05-02,2027-05-19,0.0,0.0,Active
CRD0000916,5722-XXXX-XXXX-9869,CUS0000656,PRD-DC01,ACC00001468,Debit,2023-12-06,2027-04-03,0.0,0.0,Active
CRD0000917,4678-XXXX-XXXX-4299,CUS0009704,PRD-CC01,,Credit,2025-11-18,2029-12-05,457657.69,188621.8,Active
CRD0000918,4843-XXXX-XXXX-9032,CUS0009123,PRD-DC02,ACC00014222,Debit,2024-01-15,2029-02-28,0.0,0.0,Active
CRD0000919,4188-XXXX-XXXX-8008,CUS0003256,PRD-CC03,,Credit,2025-02-09,2028-04-26,219822.91,129179.11,Active
CRD0000920,5565-XXXX-XXXX-9493,CUS0000743,PRD-DC01,ACC00001291,Debit,2025-04-25,2028-10-26,0.0,0.0,Active
CRD0000921,4444-XXXX-XXXX-9456,CUS0007108,PRD-DC01,ACC00001914,Debit,2025-04-27,2029-07-27,0.0,0.0,Active
CRD0000922,5770-XXXX-XXXX-1571,CUS0002449,PRD-CC04,,Credit,2023-01-21,2028-03-22,126829.87,80674.66,Active
CRD0000923,4789-XXXX-XXXX-4534,CUS0002201,PRD-DC02,,Debit,2021-11-04,2030-02-16,0.0,0.0,Blocked
CRD0000924,4838-XXXX-XXXX-1491,CUS0004050,PRD-DC01,ACC00005468,Debit,2020-06-18,2030-10-12,0.0,0.0,Active
CRD0000925,4669-XXXX-XXXX-1765,CUS0007434,PRD-CC01,,Credit,2025-08-17,2029-10-29,843006.99,165680.93,Active
CRD0000926,5165-XXXX-XXXX-8865,CUS0000125,PRD-CC01,,Credit,2020-08-14,2030-08-08,784509.42,176348.63,Active
CRD0000927,4537-XXXX-XXXX-8409,CUS0006499,PRD-DC01,ACC00015292,Debit,2021-12-12,2030-12-15,0.0,0.0,Active
CRD0000928,5359-XXXX-XXXX-7900,CUS0000684,PRD-DC02,,Debit,2020-08-28,2027-09-09,0.0,0.0,Active
CRD0000929,5578-XXXX-XXXX-1679,CUS0000642,PRD-CC04,,Credit,2020-09-13,2030-08-10,268886.71,160050.93,Active
CRD0000930,4555-XXXX-XXXX-9846,CUS0009072,PRD-CC01,,Credit,2025-12-03,2030-09-14,80045.6,120799.99,Active
CRD0000931,4959-XXXX-XXXX-2903,CUS0006475,PRD-DC02,ACC00013958,Debit,2023-05-06,2030-10-15,0.0,0.0,Active
CRD0000932,4228-XXXX-XXXX-8279,CUS0006446,PRD-DC01,ACC00001448,Debit,2020-07-23,2029-05-23,0.0,0.0,Active
CRD0000933,5708-XXXX-XXXX-9940,CUS0006914,PRD-CC02,,Credit,2020-07-13,2028-12-31,676275.83,61508.14,Active
CRD0000934,4336-XXXX-XXXX-5173,CUS0003665,PRD-DC01,,Debit,2024-09-12,2029-09-26,0.0,0.0,Active
CRD0000935,4489-XXXX-XXXX-2869,CUS0008705,PRD-CC02,,Credit,2023-06-28,2027-08-25,888872.38,102522.38,Active
CRD0000936,5749-XXXX-XXXX-2619,CUS0006290,PRD-DC01,,Debit,2025-10-09,2028-10-27,0.0,0.0,Active
CRD0000937,5381-XXXX-XXXX-7925,CUS0009203,PRD-CC03,,Credit,2020-06-12,2030-07-22,768202.94,191510.18,Active
CRD0000938,5114-XXXX-XXXX-4617,CUS0009581,PRD-CC01,,Credit,2020-09-20,2028-03-21,364625.27,194058.52,Active
CRD0000939,4841-XXXX-XXXX-1965,CUS0007635,PRD-DC01,ACC00016624,Debit,2021-03-07,2029-07-16,0.0,0.0,Active
CRD0000940,5446-XXXX-XXXX-1872,CUS0002480,PRD-CC03,,Credit,2021-03-21,2030-01-20,540332.9,41606.02,Active
CRD0000941,5907-XXXX-XXXX-1262,CUS0005312,PRD-DC02,ACC00007510,Debit,2023-07-21,2026-07-31,0.0,0.0,Active
CRD0000942,4151-XXXX-XXXX-3179,CUS0003561,PRD-CC01,,Credit,2022-09-03,2029-06-19,286956.96,180568.58,Active
CRD0000943,5542-XXXX-XXXX-1882,CUS0001362,PRD-DC01,ACC00013459,Debit,2024-11-06,2027-12-18,0.0,0.0,Active
CRD0000944,5247-XXXX-XXXX-9241,CUS0007322,PRD-CC01,,Credit,2022-03-28,2030-01-04,1068928.13,155495.17,Active
CRD0000945,5984-XXXX-XXXX-9510,CUS0009691,PRD-DC02,ACC00017013,Debit,2022-03-02,2026-07-01,0.0,0.0,Active
CRD0000946,5862-XXXX-XXXX-7107,CUS0002274,PRD-DC02,ACC00002026,Debit,2023-06-19,2028-03-22,0.0,0.0,Active
CRD0000947,5612-XXXX-XXXX-9085,CUS0007861,PRD-CC01,,Credit,2021-08-10,2026-05-18,453271.37,195470.37,Active
CRD0000948,4185-XXXX-XXXX-6693,CUS0005664,PRD-DC01,ACC00000382,Debit,2021-08-26,2029-07-08,0.0,0.0,Active
CRD0000949,5767-XXXX-XXXX-1779,CUS0001314,PRD-CC01,,Credit,2021-11-28,2027-06-29,754129.92,108730.98,Active
CRD0000950,4445-XXXX-XXXX-1661,CUS0006150,PRD-DC01,,Debit,2025-10-03,2027-10-08,0.0,0.0,Active
CRD0000951,5227-XXXX-XXXX-3587,CUS0001836,PRD-CC03,,Credit,2023-06-02,2027-09-25,1375394.87,156122.99,Active
CRD0000952,5614-XXXX-XXXX-2989,CUS0002175,PRD-CC01,,Credit,2020-10-10,2029-01-11,200637.97,118293.45,Active
CRD0000953,4687-XXXX-XXXX-6912,CUS0000037,PRD-CC02,,Credit,2021-12-27,2029-10-19,417328.8,99048.06,Active
CRD0000954,4240-XXXX-XXXX-1115,CUS0000804,PRD-DC02,,Debit,2022-01-11,2028-09-15,0.0,0.0,Active
CRD0000955,5685-XXXX-XXXX-2315,CUS0009477,PRD-DC02,,Debit,2022-11-24,2030-12-18,0.0,0.0,Blocked
CRD0000956,5350-XXXX-XXXX-4542,CUS0007814,PRD-CC04,,Credit,2025-03-17,2030-07-28,259928.87,187358.73,Active
CRD0000957,5459-XXXX-XXXX-8892,CUS0001999,PRD-CC03,,Credit,2020-09-21,2028-12-09,653621.26,41634.49,Active
CRD0000958,5216-XXXX-XXXX-6263,CUS0008942,PRD-CC01,,Credit,2021-10-29,2030-01-19,678964.1,105574.71,Active
CRD0000959,4368-XXXX-XXXX-9425,CUS0008406,PRD-CC01,,Credit,2023-04-18,2028-12-03,1492960.01,63176.78,Active
CRD0000960,5752-XXXX-XXXX-8209,CUS0006315,PRD-CC02,,Credit,2021-02-24,2027-09-17,1390653.03,70074.07,Active
CRD0000961,5901-XXXX-XXXX-8122,CUS0007778,PRD-DC02,ACC00012610,Debit,2021-05-01,2030-08-12,0.0,0.0,Active
CRD0000962,4815-XXXX-XXXX-9731,CUS0003159,PRD-DC01,ACC00002034,Debit,2020-10-15,2027-02-22,0.0,0.0,Active
CRD0000963,4296-XXXX-XXXX-4824,CUS0008449,PRD-CC02,,Credit,2020-07-07,2028-10-05,1194193.85,123705.54,Active
CRD0000964,4405-XXXX-XXXX-2591,CUS0005812,PRD-CC04,,Credit,2021-01-19,2028-05-29,1144031.33,102550.08,Active
CRD0000965,5342-XXXX-XXXX-5577,CUS0008424,PRD-CC03,,Credit,2025-09-17,2028-04-17,773150.04,11865.25,Active
CRD0000966,4733-XXXX-XXXX-1835,CUS0007720,PRD-CC02,,Credit,2025-03-17,2028-05-15,525834.67,48687.7,Active
CRD0000967,4387-XXXX-XXXX-4944,CUS0008801,PRD-CC02,,Credit,2020-07-12,2027-09-26,1128045.96,149266.6,Active
CRD0000968,4342-XXXX-XXXX-5800,CUS0000641,PRD-CC01,,Credit,2024-12-24,2030-08-24,562170.68,142466.05,Active
CRD0000969,5672-XXXX-XXXX-8947,CUS0004016,PRD-CC02,,Credit,2023-03-20,2026-06-18,1354954.87,99860.15,Active
CRD0000970,5878-XXXX-XXXX-7505,CUS0004443,PRD-DC02,ACC00013177,Debit,2026-03-12,2028-10-04,0.0,0.0,Active
CRD0000971,5757-XXXX-XXXX-6898,CUS0002305,PRD-CC04,,Credit,2026-01-18,2029-02-12,27798.5,62584.09,Active
CRD0000972,4821-XXXX-XXXX-8945,CUS0009686,PRD-DC01,ACC00014009,Debit,2021-05-25,2029-11-07,0.0,0.0,Active
CRD0000973,4428-XXXX-XXXX-9052,CUS0009316,PRD-CC03,,Credit,2020-01-16,2029-10-04,367482.74,26395.48,Active
CRD0000974,5332-XXXX-XXXX-8950,CUS0007152,PRD-DC02,,Debit,2022-08-31,2026-05-13,0.0,0.0,Active
CRD0000975,4887-XXXX-XXXX-5066,CUS0008468,PRD-CC02,,Credit,2024-06-18,2030-01-03,521357.87,127292.32,Active
CRD0000976,4209-XXXX-XXXX-1083,CUS0007740,PRD-CC04,,Credit,2022-12-09,2030-10-31,1392230.63,167025.34,Active
CRD0000977,5332-XXXX-XXXX-5773,CUS0002423,PRD-CC03,,Credit,2022-08-31,2029-06-06,694697.81,178175.53,Active
CRD0000978,5698-XXXX-XXXX-8476,CUS0003761,PRD-CC01,,Credit,2024-04-20,2027-05-14,917404.79,58998.6,Active
CRD0000979,4936-XXXX-XXXX-6809,CUS0006508,PRD-CC01,,Credit,2024-01-19,2027-10-15,168868.68,101351.13,Active
CRD0000980,4309-XXXX-XXXX-2425,CUS0000128,PRD-CC02,,Credit,2022-01-27,2027-10-30,24551.33,11588.06,Blocked
CRD0000981,5151-XXXX-XXXX-3562,CUS0007552,PRD-DC01,ACC00009917,Debit,2022-09-26,2026-07-13,0.0,0.0,Active
CRD0000982,5335-XXXX-XXXX-3705,CUS0001168,PRD-CC02,,Credit,2021-07-31,2029-08-30,1068661.09,80961.08,Active
CRD0000983,5867-XXXX-XXXX-3943,CUS0008019,PRD-DC01,ACC00014714,Debit,2025-07-24,2030-07-09,0.0,0.0,Active
CRD0000984,5276-XXXX-XXXX-9407,CUS0007449,PRD-CC01,,Credit,2022-12-17,2029-09-10,1153252.69,122788.11,Active
CRD0000985,4834-XXXX-XXXX-6405,CUS0003353,PRD-DC01,ACC00005410,Debit,2024-04-13,2030-01-25,0.0,0.0,Active
CRD0000986,4704-XXXX-XXXX-8527,CUS0004639,PRD-CC02,,Credit,2022-07-16,2027-02-26,1485727.02,78512.14,Active
CRD0000987,4212-XXXX-XXXX-6117,CUS0006128,PRD-DC01,ACC00005318,Debit,2023-07-05,2029-08-29,0.0,0.0,Active
CRD0000988,4108-XXXX-XXXX-4163,CUS0001056,PRD-DC02,ACC00004961,Debit,2024-03-13,2029-08-02,0.0,0.0,Blocked
CRD0000989,5143-XXXX-XXXX-6447,CUS0003533,PRD-CC02,,Credit,2024-08-07,2028-04-24,1318926.76,62487.34,Active
CRD0000990,4249-XXXX-XXXX-9088,CUS0003182,PRD-CC03,,Credit,2025-05-26,2028-01-17,1243490.56,187674.61,Active
CRD0000991,4138-XXXX-XXXX-6078,CUS0003912,PRD-CC02,,Credit,2024-07-16,2027-06-16,1294042.92,133938.41,Active
CRD0000992,4416-XXXX-XXXX-9073,CUS0000292,PRD-DC02,ACC00017570,Debit,2022-03-15,2030-07-13,0.0,0.0,Active
CRD0000993,5466-XXXX-XXXX-3154,CUS0002770,PRD-DC01,ACC00014781,Debit,2025-06-28,2029-09-05,0.0,0.0,Active
CRD0000994,4998-XXXX-XXXX-5148,CUS0006299,PRD-CC03,,Credit,2020-10-24,2029-04-04,424716.13,73983.86,Active
CRD0000995,5685-XXXX-XXXX-1846,CUS0002837,PRD-DC02,,Debit,2023-12-22,2029-02-22,0.0,0.0,Active
CRD0000996,5304-XXXX-XXXX-5472,CUS0007370,PRD-DC02,,Debit,2025-09-23,2030-12-04,0.0,0.0,Active
CRD0000997,4784-XXXX-XXXX-4133,CUS0003444,PRD-DC01,ACC00009002,Debit,2021-11-21,2029-05-19,0.0,0.0,Active
CRD0000998,5986-XXXX-XXXX-6911,CUS0002267,PRD-CC04,,Credit,2020-09-07,2028-06-28,97926.03,8467.97,Blocked
CRD0000999,5796-XXXX-XXXX-4011,CUS0005600,PRD-DC01,ACC00003333,Debit,2022-11-02,2030-10-23,0.0,0.0,Active
CRD0001000,5451-XXXX-XXXX-2992,CUS0004768,PRD-DC02,ACC00011435,Debit,2022-01-16,2028-11-20,0.0,0.0,Blocked
CRD0001001,4445-XXXX-XXXX-3957,CUS0003466,PRD-CC02,,Credit,2023-08-23,2026-08-19,625054.19,93007.43,Active
CRD0001002,5490-XXXX-XXXX-8939,CUS0009913,PRD-CC02,,Credit,2023-03-17,2028-10-15,396175.08,37287.82,Active
CRD0001003,4248-XXXX-XXXX-4247,CUS0006870,PRD-DC01,ACC00006479,Debit,2025-08-21,2026-09-27,0.0,0.0,Active
CRD0001004,5944-XXXX-XXXX-4318,CUS0008194,PRD-CC04,,Credit,2022-02-09,2026-05-10,982519.52,9959.29,Active
CRD0001005,4619-XXXX-XXXX-6179,CUS0005242,PRD-CC04,,Credit,2022-09-17,2028-02-21,106915.9,9179.9,Active
CRD0001006,4232-XXXX-XXXX-9899,CUS0009798,PRD-CC03,,Credit,2020-03-12,2026-06-03,1072988.81,61584.75,Active
CRD0001007,4214-XXXX-XXXX-7427,CUS0006817,PRD-DC01,ACC00014965,Debit,2024-08-06,2028-11-02,0.0,0.0,Blocked
CRD0001008,4265-XXXX-XXXX-9763,CUS0001600,PRD-CC04,,Credit,2025-01-02,2030-11-06,290625.63,18701.29,Active
CRD0001009,5711-XXXX-XXXX-9301,CUS0009605,PRD-DC02,ACC00016827,Debit,2022-02-03,2027-11-23,0.0,0.0,Active
CRD0001010,5817-XXXX-XXXX-7088,CUS0009787,PRD-DC01,,Debit,2024-07-14,2029-03-14,0.0,0.0,Blocked
CRD0001011,4992-XXXX-XXXX-2996,CUS0009710,PRD-CC03,,Credit,2020-06-30,2030-12-22,1495496.43,14624.41,Active
CRD0001012,4618-XXXX-XXXX-7022,CUS0000853,PRD-DC01,ACC00012928,Debit,2025-12-11,2027-01-16,0.0,0.0,Active
CRD0001013,4701-XXXX-XXXX-3471,CUS0003254,PRD-CC04,,Credit,2024-04-01,2026-10-31,46447.15,6986.87,Active
CRD0001014,5720-XXXX-XXXX-7811,CUS0007397,PRD-CC02,,Credit,2023-07-28,2029-11-12,1221174.29,89495.12,Active
CRD0001015,5383-XXXX-XXXX-9270,CUS0000307,PRD-DC02,ACC00000847,Debit,2021-12-12,2029-06-21,0.0,0.0,Active
CRD0001016,5517-XXXX-XXXX-1759,CUS0003892,PRD-CC04,,Credit,2025-05-24,2028-04-28,465018.64,23206.27,Active
CRD0001017,4775-XXXX-XXXX-8995,CUS0006434,PRD-DC02,ACC00017446,Debit,2023-07-04,2029-02-14,0.0,0.0,Active
CRD0001018,5988-XXXX-XXXX-8238,CUS0007620,PRD-DC01,ACC00003697,Debit,2023-07-24,2027-01-29,0.0,0.0,Active
CRD0001019,4352-XXXX-XXXX-6887,CUS0002208,PRD-CC02,,Credit,2024-06-05,2029-07-02,286644.81,87675.65,Active
CRD0001020,5546-XXXX-XXXX-3062,CUS0009785,PRD-DC02,ACC00015531,Debit,2021-09-26,2028-07-27,0.0,0.0,Active
CRD0001021,4834-XXXX-XXXX-3618,CUS0005115,PRD-CC02,,Credit,2021-05-18,2027-01-19,1101211.86,173089.37,Active
CRD0001022,4559-XXXX-XXXX-8987,CUS0009037,PRD-CC04,,Credit,2024-01-28,2030-09-05,1065934.99,34571.32,Active
CRD0001023,5916-XXXX-XXXX-7313,CUS0004336,PRD-CC02,,Credit,2021-06-24,2028-07-13,1345942.63,27587.55,Active
CRD0001024,4182-XXXX-XXXX-3948,CUS0000661,PRD-DC01,ACC00004148,Debit,2022-05-30,2029-10-22,0.0,0.0,Active
CRD0001025,5711-XXXX-XXXX-3341,CUS0000582,PRD-CC02,,Credit,2020-05-14,2027-11-16,539372.43,51580.24,Active
CRD0001026,5875-XXXX-XXXX-2834,CUS0002557,PRD-DC01,ACC00002878,Debit,2021-09-07,2029-10-21,0.0,0.0,Active
CRD0001027,5426-XXXX-XXXX-2820,CUS0007029,PRD-DC02,ACC00010289,Debit,2020-07-15,2029-02-27,0.0,0.0,Active
CRD0001028,4902-XXXX-XXXX-3359,CUS0004078,PRD-CC03,,Credit,2023-08-10,2028-11-21,986059.42,137816.07,Active
CRD0001029,5538-XXXX-XXXX-7197,CUS0004545,PRD-CC04,,Credit,2025-07-29,2029-12-09,286096.61,69408.1,Active
CRD0001030,5687-XXXX-XXXX-8232,CUS0003632,PRD-CC01,,Credit,2024-02-06,2028-12-18,485457.96,115483.14,Active
CRD0001031,5411-XXXX-XXXX-7256,CUS0008306,PRD-CC01,,Credit,2020-09-07,2027-06-16,206181.63,35355.98,Active
CRD0001032,5258-XXXX-XXXX-7685,CUS0006043,PRD-CC04,,Credit,2021-01-30,2030-10-15,941728.22,3175.57,Active
CRD0001033,5204-XXXX-XXXX-5545,CUS0000876,PRD-DC02,ACC00013695,Debit,2025-12-02,2026-06-09,0.0,0.0,Active
CRD0001034,5994-XXXX-XXXX-2256,CUS0002071,PRD-CC02,,Credit,2021-02-12,2028-07-13,915071.74,116045.13,Active
CRD0001035,4955-XXXX-XXXX-5293,CUS0000616,PRD-DC02,ACC00008546,Debit,2020-02-04,2029-03-11,0.0,0.0,Active
CRD0001036,5967-XXXX-XXXX-6912,CUS0008520,PRD-DC02,ACC00004043,Debit,2024-07-03,2027-07-25,0.0,0.0,Active
CRD0001037,5669-XXXX-XXXX-9536,CUS0004245,PRD-CC02,,Credit,2022-07-13,2026-07-19,1305204.45,148518.85,Active
CRD0001038,4166-XXXX-XXXX-4415,CUS0009548,PRD-CC03,,Credit,2022-12-11,2027-06-20,764329.17,64879.7,Active
CRD0001039,5236-XXXX-XXXX-2778,CUS0007794,PRD-DC01,ACC00005581,Debit,2020-12-04,2029-09-24,0.0,0.0,Blocked
CRD0001040,4303-XXXX-XXXX-7881,CUS0009287,PRD-CC02,,Credit,2020-07-27,2027-02-01,1242349.42,168378.74,Active
CRD0001041,5311-XXXX-XXXX-3141,CUS0007418,PRD-DC01,ACC00008116,Debit,2021-05-10,2026-12-20,0.0,0.0,Active
CRD0001042,5378-XXXX-XXXX-4299,CUS0000366,PRD-CC01,,Credit,2025-12-20,2030-05-17,1200235.75,151743.99,Active
CRD0001043,5250-XXXX-XXXX-3880,CUS0005095,PRD-CC03,,Credit,2022-03-21,2026-08-23,455395.37,57351.1,Active
CRD0001044,4557-XXXX-XXXX-6221,CUS0007180,PRD-CC01,,Credit,2024-08-15,2030-03-22,947254.65,188382.5,Active
CRD0001045,5123-XXXX-XXXX-2606,CUS0007793,PRD-CC02,,Credit,2024-06-28,2026-08-20,922220.72,197373.76,Active
CRD0001046,5666-XXXX-XXXX-8747,CUS0008172,PRD-DC02,ACC00006018,Debit,2026-01-03,2030-07-29,0.0,0.0,Active
CRD0001047,5101-XXXX-XXXX-8793,CUS0007261,PRD-DC02,ACC00017826,Debit,2023-10-19,2028-04-03,0.0,0.0,Expired
CRD0001048,4301-XXXX-XXXX-1095,CUS0000483,PRD-DC01,ACC00016476,Debit,2025-01-18,2030-12-22,0.0,0.0,Active
CRD0001049,5956-XXXX-XXXX-2188,CUS0003256,PRD-DC01,ACC00002411,Debit,2020-12-23,2026-06-16,0.0,0.0,Active
CRD0001050,5852-XXXX-XXXX-3247,CUS0001115,PRD-DC01,ACC00010057,Debit,2025-07-26,2026-11-14,0.0,0.0,Active
CRD0001051,4404-XXXX-XXXX-7541,CUS0007924,PRD-DC02,ACC00008253,Debit,2020-12-25,2029-03-30,0.0,0.0,Active
CRD0001052,4738-XXXX-XXXX-2246,CUS0003289,PRD-DC02,,Debit,2023-06-30,2029-08-18,0.0,0.0,Active
CRD0001053,4159-XXXX-XXXX-7550,CUS0006392,PRD-DC02,,Debit,2020-10-28,2026-11-25,0.0,0.0,Active
CRD0001054,5170-XXXX-XXXX-3058,CUS0000226,PRD-DC02,ACC00009390,Debit,2023-05-02,2028-04-10,0.0,0.0,Active
CRD0001055,5781-XXXX-XXXX-9615,CUS0007670,PRD-CC02,,Credit,2025-05-25,2028-06-08,417869.68,86446.68,Active
CRD0001056,4980-XXXX-XXXX-8460,CUS0001072,PRD-DC01,ACC00011072,Debit,2020-10-24,2027-10-13,0.0,0.0,Active
CRD0001057,5990-XXXX-XXXX-1311,CUS0001725,PRD-DC02,ACC00006742,Debit,2023-10-02,2030-02-16,0.0,0.0,Active
CRD0001058,5670-XXXX-XXXX-8627,CUS0009898,PRD-CC01,,Credit,2025-06-23,2030-11-20,335405.21,55858.45,Active
CRD0001059,4761-XXXX-XXXX-1416,CUS0007371,PRD-CC04,,Credit,2025-02-25,2027-06-26,457354.42,93737.69,Active
CRD0001060,5893-XXXX-XXXX-3872,CUS0009734,PRD-DC01,ACC00009463,Debit,2023-06-14,2030-11-25,0.0,0.0,Active
CRD0001061,5745-XXXX-XXXX-6898,CUS0000491,PRD-CC04,,Credit,2022-03-05,2028-05-05,1182326.98,29133.24,Active
CRD0001062,4863-XXXX-XXXX-7573,CUS0008032,PRD-CC03,,Credit,2020-08-11,2030-01-17,1131024.65,141544.22,Active
CRD0001063,5786-XXXX-XXXX-7065,CUS0002039,PRD-CC02,,Credit,2020-10-17,2026-06-25,481068.31,141105.82,Active
CRD0001064,5559-XXXX-XXXX-2558,CUS0000692,PRD-CC03,,Credit,2025-10-24,2030-05-09,388161.22,125951.27,Active
CRD0001065,4866-XXXX-XXXX-4788,CUS0004273,PRD-DC01,ACC00010399,Debit,2021-09-26,2028-01-22,0.0,0.0,Active
CRD0001066,5481-XXXX-XXXX-5945,CUS0008541,PRD-CC02,,Credit,2020-08-22,2026-08-22,157785.83,39136.14,Active
CRD0001067,4340-XXXX-XXXX-6629,CUS0007126,PRD-DC02,ACC00004586,Debit,2022-03-14,2026-12-16,0.0,0.0,Active
CRD0001068,4147-XXXX-XXXX-8015,CUS0008080,PRD-CC04,,Credit,2025-07-01,2030-11-09,1097568.61,144944.67,Active
CRD0001069,5766-XXXX-XXXX-7484,CUS0005922,PRD-DC02,ACC00013133,Debit,2023-03-26,2030-08-29,0.0,0.0,Active
CRD0001070,5623-XXXX-XXXX-4290,CUS0007561,PRD-CC01,,Credit,2025-02-27,2028-07-14,1495991.44,148359.53,Active
CRD0001071,5412-XXXX-XXXX-3946,CUS0008757,PRD-CC01,,Credit,2025-07-29,2027-08-10,1464789.52,80989.77,Active
CRD0001072,5208-XXXX-XXXX-5315,CUS0000119,PRD-DC02,ACC00004256,Debit,2023-01-08,2026-10-23,0.0,0.0,Active
CRD0001073,4774-XXXX-XXXX-6658,CUS0006211,PRD-CC03,,Credit,2022-07-06,2030-05-14,252963.8,164780.59,Active
CRD0001074,5113-XXXX-XXXX-7546,CUS0002927,PRD-DC02,ACC00010112,Debit,2021-07-05,2027-02-24,0.0,0.0,Active
CRD0001075,4555-XXXX-XXXX-7116,CUS0006057,PRD-DC02,ACC00003616,Debit,2021-02-14,2030-08-27,0.0,0.0,Active
CRD0001076,5349-XXXX-XXXX-5996,CUS0002353,PRD-CC04,,Credit,2024-06-27,2030-02-20,1359131.95,149854.02,Active
CRD0001077,5501-XXXX-XXXX-3996,CUS0000395,PRD-DC01,ACC00000016,Debit,2021-10-27,2029-03-11,0.0,0.0,Active
CRD0001078,4487-XXXX-XXXX-4838,CUS0008536,PRD-DC02,ACC00015493,Debit,2024-10-22,2027-01-15,0.0,0.0,Active
CRD0001079,4853-XXXX-XXXX-5581,CUS0005056,PRD-DC01,ACC00016683,Debit,2025-06-07,2029-02-25,0.0,0.0,Active
CRD0001080,4239-XXXX-XXXX-2205,CUS0007340,PRD-DC02,ACC00004441,Debit,2021-05-05,2026-06-21,0.0,0.0,Active
CRD0001081,4189-XXXX-XXXX-9994,CUS0008426,PRD-CC04,,Credit,2024-12-21,2030-05-07,942344.94,55529.37,Active
CRD0001082,4857-XXXX-XXXX-9384,CUS0009916,PRD-CC03,,Credit,2024-05-14,2030-12-08,460254.87,60084.0,Active
CRD0001083,5861-XXXX-XXXX-4990,CUS0003671,PRD-CC04,,Credit,2024-09-23,2030-01-11,308122.08,5605.96,Active
CRD0001084,4166-XXXX-XXXX-8026,CUS0007312,PRD-DC01,ACC00009935,Debit,2026-02-12,2028-10-14,0.0,0.0,Active
CRD0001085,4123-XXXX-XXXX-4007,CUS0003136,PRD-CC03,,Credit,2023-12-18,2030-05-27,1345849.08,183216.7,Active
CRD0001086,5770-XXXX-XXXX-5834,CUS0009681,PRD-CC03,,Credit,2023-01-24,2027-04-29,1186751.13,191174.25,Active
CRD0001087,5131-XXXX-XXXX-4690,CUS0000555,PRD-CC01,,Credit,2025-10-23,2027-09-13,887212.3,174180.64,Active
CRD0001088,4531-XXXX-XXXX-3115,CUS0007992,PRD-DC02,ACC00015681,Debit,2022-06-22,2029-08-12,0.0,0.0,Active
CRD0001089,5615-XXXX-XXXX-1255,CUS0002941,PRD-CC03,,Credit,2020-10-30,2030-08-05,828015.41,84302.75,Active
CRD0001090,5958-XXXX-XXXX-5191,CUS0003479,PRD-DC01,ACC00002829,Debit,2022-12-18,2027-10-29,0.0,0.0,Active
CRD0001091,5439-XXXX-XXXX-5592,CUS0006898,PRD-CC01,,Credit,2025-01-22,2027-07-19,105601.73,26568.76,Active
CRD0001092,4217-XXXX-XXXX-4435,CUS0006949,PRD-CC04,,Credit,2025-08-24,2028-09-16,582088.68,27897.43,Active
CRD0001093,5453-XXXX-XXXX-9458,CUS0006119,PRD-CC03,,Credit,2023-12-24,2028-09-24,1303743.26,153824.58,Blocked
CRD0001094,4839-XXXX-XXXX-4101,CUS0004417,PRD-CC01,,Credit,2022-10-02,2029-08-26,438204.06,175756.8,Active
CRD0001095,4792-XXXX-XXXX-5752,CUS0005572,PRD-CC01,,Credit,2025-08-11,2029-12-11,1139169.37,65451.54,Active
CRD0001096,4553-XXXX-XXXX-9646,CUS0004421,PRD-DC02,ACC00005743,Debit,2021-06-02,2030-01-18,0.0,0.0,Active
CRD0001097,5472-XXXX-XXXX-5267,CUS0004345,PRD-DC02,,Debit,2022-11-22,2027-10-12,0.0,0.0,Active
CRD0001098,4547-XXXX-XXXX-9496,CUS0000544,PRD-DC02,ACC00014777,Debit,2020-08-05,2029-12-23,0.0,0.0,Active
CRD0001099,4403-XXXX-XXXX-2515,CUS0001294,PRD-CC01,,Credit,2025-06-25,2027-03-22,797562.69,80866.56,Active
CRD0001100,5711-XXXX-XXXX-4886,CUS0007620,PRD-DC01,ACC00003697,Debit,2024-03-17,2027-05-14,0.0,0.0,Active
CRD0001101,4537-XXXX-XXXX-8401,CUS0005311,PRD-DC01,,Debit,2025-05-29,2027-12-08,0.0,0.0,Active
CRD0001102,4916-XXXX-XXXX-2397,CUS0007407,PRD-CC03,,Credit,2025-08-28,2028-10-06,1316466.41,117822.84,Active
CRD0001103,4474-XXXX-XXXX-8852,CUS0002188,PRD-DC02,ACC00005397,Debit,2021-12-01,2027-08-14,0.0,0.0,Active
CRD0001104,4659-XXXX-XXXX-8410,CUS0009578,PRD-CC03,,Credit,2020-10-04,2029-01-13,1453569.47,117583.99,Active
CRD0001105,4928-XXXX-XXXX-3633,CUS0007918,PRD-CC04,,Credit,2023-09-15,2028-12-21,1080909.05,46544.72,Active
CRD0001106,4686-XXXX-XXXX-1463,CUS0003080,PRD-DC01,ACC00013670,Debit,2021-05-01,2028-08-17,0.0,0.0,Active
CRD0001107,5271-XXXX-XXXX-8926,CUS0001203,PRD-CC01,,Credit,2024-01-17,2030-03-01,737774.13,41357.62,Active
CRD0001108,4904-XXXX-XXXX-6427,CUS0007565,PRD-CC02,,Credit,2023-06-15,2029-09-21,967999.25,36867.05,Active
CRD0001109,5871-XXXX-XXXX-5930,CUS0008959,PRD-CC02,,Credit,2023-09-10,2027-07-15,272105.77,180347.19,Active
CRD0001110,4215-XXXX-XXXX-9476,CUS0001064,PRD-DC02,ACC00013746,Debit,2024-02-20,2028-04-20,0.0,0.0,Active
CRD0001111,5588-XXXX-XXXX-5210,CUS0003520,PRD-DC02,ACC00017392,Debit,2021-09-05,2030-10-10,0.0,0.0,Active
CRD0001112,5171-XXXX-XXXX-7058,CUS0009716,PRD-CC03,,Credit,2025-10-18,2028-01-13,254343.15,98370.59,Active
CRD0001113,4180-XXXX-XXXX-2765,CUS0005827,PRD-DC02,ACC00011603,Debit,2021-05-10,2028-06-04,0.0,0.0,Active
CRD0001114,4283-XXXX-XXXX-8477,CUS0007218,PRD-DC01,,Debit,2025-04-23,2026-09-24,0.0,0.0,Active
CRD0001115,5497-XXXX-XXXX-4914,CUS0008521,PRD-DC02,ACC00005020,Debit,2026-04-21,2027-01-03,0.0,0.0,Active
CRD0001116,5524-XXXX-XXXX-9374,CUS0002859,PRD-CC03,,Credit,2022-02-08,2029-06-09,298396.87,115697.47,Blocked
CRD0001117,4379-XXXX-XXXX-3659,CUS0005660,PRD-CC02,,Credit,2024-08-09,2030-05-19,577209.08,196580.78,Active
CRD0001118,5123-XXXX-XXXX-6947,CUS0003330,PRD-CC01,,Credit,2025-11-16,2028-06-30,1166038.44,115652.71,Active
CRD0001119,5768-XXXX-XXXX-2904,CUS0006365,PRD-CC04,,Credit,2026-01-04,2028-02-21,131687.69,130255.23,Active
CRD0001120,4625-XXXX-XXXX-8547,CUS0001626,PRD-CC02,,Credit,2025-07-07,2026-12-17,1331527.9,13299.25,Active
CRD0001121,5129-XXXX-XXXX-5975,CUS0005845,PRD-DC01,ACC00011917,Debit,2024-10-14,2026-06-03,0.0,0.0,Active
CRD0001122,5329-XXXX-XXXX-7885,CUS0008728,PRD-CC04,,Credit,2023-09-20,2030-12-13,356852.54,110425.93,Active
CRD0001123,5492-XXXX-XXXX-4615,CUS0005605,PRD-DC01,ACC00014349,Debit,2021-10-17,2028-06-09,0.0,0.0,Active
CRD0001124,5519-XXXX-XXXX-4439,CUS0009827,PRD-CC03,,Credit,2024-11-22,2030-11-29,651093.12,105390.98,Active
CRD0001125,4434-XXXX-XXXX-3874,CUS0005342,PRD-CC02,,Credit,2022-12-06,2028-08-06,826836.14,194784.85,Active
CRD0001126,5532-XXXX-XXXX-4281,CUS0005058,PRD-CC03,,Credit,2020-01-30,2030-07-27,885570.1,48337.43,Active
CRD0001127,5535-XXXX-XXXX-1093,CUS0001875,PRD-DC02,ACC00010626,Debit,2025-05-24,2028-11-03,0.0,0.0,Active
CRD0001128,4522-XXXX-XXXX-4441,CUS0000346,PRD-DC02,ACC00015663,Debit,2020-03-31,2027-07-01,0.0,0.0,Active
CRD0001129,4865-XXXX-XXXX-4905,CUS0007507,PRD-DC02,ACC00014993,Debit,2020-06-29,2030-07-07,0.0,0.0,Active
CRD0001130,4343-XXXX-XXXX-2412,CUS0008697,PRD-CC01,,Credit,2022-11-20,2030-09-04,1133686.72,152453.28,Active
CRD0001131,5275-XXXX-XXXX-1259,CUS0003984,PRD-DC02,ACC00008165,Debit,2024-05-31,2030-12-15,0.0,0.0,Active
CRD0001132,4799-XXXX-XXXX-4278,CUS0006946,PRD-DC02,ACC00007965,Debit,2020-09-19,2027-01-05,0.0,0.0,Active
CRD0001133,5307-XXXX-XXXX-2720,CUS0002289,PRD-DC02,ACC00002210,Debit,2025-10-01,2029-02-20,0.0,0.0,Active
CRD0001134,4818-XXXX-XXXX-6592,CUS0009280,PRD-CC04,,Credit,2021-11-30,2030-06-13,653196.06,67745.42,Active
CRD0001135,5951-XXXX-XXXX-6428,CUS0007341,PRD-DC02,ACC00000132,Debit,2024-09-07,2028-01-15,0.0,0.0,Active
CRD0001136,4755-XXXX-XXXX-4019,CUS0009994,PRD-CC03,,Credit,2023-01-06,2030-11-07,1063406.19,93172.25,Active
CRD0001137,5269-XXXX-XXXX-1828,CUS0002329,PRD-CC02,,Credit,2023-07-22,2030-09-02,138914.11,71970.85,Active
CRD0001138,5914-XXXX-XXXX-1853,CUS0004452,PRD-DC01,ACC00017615,Debit,2025-05-16,2028-02-28,0.0,0.0,Active
CRD0001139,5721-XXXX-XXXX-8620,CUS0005144,PRD-DC02,ACC00013382,Debit,2026-01-06,2030-09-30,0.0,0.0,Active
CRD0001140,4449-XXXX-XXXX-4916,CUS0000959,PRD-CC01,,Credit,2024-08-29,2026-10-19,581757.2,7536.23,Active
CRD0001141,4802-XXXX-XXXX-7982,CUS0003128,PRD-CC03,,Credit,2026-04-19,2028-04-03,265094.71,179228.18,Active
CRD0001142,5394-XXXX-XXXX-3720,CUS0009343,PRD-DC01,ACC00012331,Debit,2024-06-08,2029-01-05,0.0,0.0,Active
CRD0001143,4641-XXXX-XXXX-7804,CUS0007942,PRD-CC03,,Credit,2025-07-16,2028-12-03,550941.48,52141.74,Active
CRD0001144,5896-XXXX-XXXX-2691,CUS0007194,PRD-CC03,,Credit,2024-03-09,2027-01-02,216376.8,43611.24,Active
CRD0001145,5272-XXXX-XXXX-7803,CUS0003375,PRD-CC04,,Credit,2020-09-01,2029-08-01,1378037.51,193074.22,Active
CRD0001146,4673-XXXX-XXXX-2587,CUS0004974,PRD-CC04,,Credit,2020-01-21,2028-07-28,125536.08,194053.85,Active
CRD0001147,4675-XXXX-XXXX-2174,CUS0002835,PRD-CC02,,Credit,2025-06-27,2030-09-11,1279521.43,120217.61,Active
CRD0001148,5708-XXXX-XXXX-4204,CUS0007286,PRD-DC01,ACC00017354,Debit,2025-07-21,2029-04-05,0.0,0.0,Active
CRD0001149,4703-XXXX-XXXX-6519,CUS0003588,PRD-DC02,,Debit,2022-07-14,2029-12-15,0.0,0.0,Active
CRD0001150,5785-XXXX-XXXX-6568,CUS0000939,PRD-DC01,ACC00006267,Debit,2024-06-09,2030-07-12,0.0,0.0,Active
CRD0001151,4972-XXXX-XXXX-1794,CUS0004695,PRD-CC01,,Credit,2024-01-05,2027-12-28,324951.4,148239.32,Active
CRD0001152,4859-XXXX-XXXX-2778,CUS0007528,PRD-CC01,,Credit,2025-06-03,2030-04-08,1034890.35,48668.9,Active
CRD0001153,4149-XXXX-XXXX-1370,CUS0004268,PRD-CC03,,Credit,2023-02-20,2027-07-08,1132691.25,86825.25,Active
CRD0001154,4297-XXXX-XXXX-9639,CUS0002418,PRD-CC04,,Credit,2024-12-04,2030-10-09,801047.46,72914.6,Active
CRD0001155,4506-XXXX-XXXX-8202,CUS0001996,PRD-CC02,,Credit,2024-12-01,2030-07-25,1047386.49,76335.69,Active
CRD0001156,4141-XXXX-XXXX-1330,CUS0000500,PRD-DC01,ACC00012341,Debit,2023-11-05,2029-06-08,0.0,0.0,Active
CRD0001157,4630-XXXX-XXXX-5222,CUS0007060,PRD-CC02,,Credit,2023-03-19,2029-02-11,721914.73,72233.65,Active
CRD0001158,5454-XXXX-XXXX-6300,CUS0007151,PRD-CC01,,Credit,2025-01-25,2030-06-14,132511.79,90351.18,Active
CRD0001159,4159-XXXX-XXXX-9594,CUS0002125,PRD-CC03,,Credit,2020-04-30,2029-03-05,241092.58,129193.28,Active
CRD0001160,4614-XXXX-XXXX-4560,CUS0008932,PRD-CC04,,Credit,2026-01-07,2028-05-29,1333612.95,69850.74,Active
CRD0001161,4236-XXXX-XXXX-6220,CUS0009668,PRD-CC02,,Credit,2025-04-29,2027-08-20,92254.36,74350.37,Active
CRD0001162,4288-XXXX-XXXX-4865,CUS0005385,PRD-DC01,ACC00007797,Debit,2020-10-20,2030-02-21,0.0,0.0,Active
CRD0001163,5635-XXXX-XXXX-7689,CUS0001891,PRD-CC02,,Credit,2026-03-16,2030-08-20,1457221.57,40674.44,Active
CRD0001164,4416-XXXX-XXXX-5814,CUS0000190,PRD-CC04,,Credit,2020-09-22,2026-09-12,122469.02,40533.97,Active
CRD0001165,4479-XXXX-XXXX-5748,CUS0003583,PRD-CC04,,Credit,2024-04-25,2030-05-15,1195750.58,148964.56,Active
CRD0001166,4522-XXXX-XXXX-6476,CUS0005431,PRD-CC01,,Credit,2023-05-15,2030-08-28,931440.11,22319.97,Expired
CRD0001167,4366-XXXX-XXXX-1660,CUS0009851,PRD-DC01,ACC00003840,Debit,2023-09-01,2028-03-15,0.0,0.0,Active
CRD0001168,4192-XXXX-XXXX-9941,CUS0000076,PRD-DC01,ACC00016981,Debit,2020-11-14,2027-10-04,0.0,0.0,Active
CRD0001169,4125-XXXX-XXXX-4249,CUS0004664,PRD-CC03,,Credit,2025-05-24,2027-07-18,1084495.03,174573.23,Active
CRD0001170,4784-XXXX-XXXX-3892,CUS0008831,PRD-DC01,ACC00001005,Debit,2020-10-01,2030-09-16,0.0,0.0,Active
CRD0001171,5129-XXXX-XXXX-1084,CUS0006414,PRD-CC04,,Credit,2023-01-18,2029-07-04,570431.55,14760.92,Active
CRD0001172,4705-XXXX-XXXX-7705,CUS0003884,PRD-DC02,ACC00015982,Debit,2023-06-01,2028-05-01,0.0,0.0,Blocked
CRD0001173,4234-XXXX-XXXX-9044,CUS0004996,PRD-DC02,,Debit,2023-10-13,2026-06-11,0.0,0.0,Active
CRD0001174,4923-XXXX-XXXX-7829,CUS0009828,PRD-DC01,ACC00005848,Debit,2023-07-29,2026-05-21,0.0,0.0,Active
CRD0001175,4505-XXXX-XXXX-8050,CUS0005765,PRD-CC01,,Credit,2022-10-11,2028-02-20,596435.67,113380.77,Active
CRD0001176,4852-XXXX-XXXX-3551,CUS0005386,PRD-CC01,,Credit,2021-02-12,2028-06-15,512496.42,115016.73,Active
CRD0001177,4803-XXXX-XXXX-7671,CUS0000595,PRD-CC04,,Credit,2020-12-11,2030-12-24,141712.08,114143.12,Active
CRD0001178,5719-XXXX-XXXX-1895,CUS0007316,PRD-CC01,,Credit,2024-01-13,2030-12-26,304664.78,4160.67,Active
CRD0001179,4994-XXXX-XXXX-3487,CUS0007119,PRD-CC03,,Credit,2020-03-02,2028-08-02,441359.03,118139.84,Active
CRD0001180,5106-XXXX-XXXX-8891,CUS0000115,PRD-CC04,,Credit,2022-01-19,2027-01-10,1055398.33,19769.63,Active
CRD0001181,5295-XXXX-XXXX-2415,CUS0001792,PRD-DC01,ACC00004872,Debit,2023-09-03,2029-02-23,0.0,0.0,Active
CRD0001182,4778-XXXX-XXXX-9815,CUS0004562,PRD-DC01,,Debit,2021-09-11,2027-10-10,0.0,0.0,Active
CRD0001183,4710-XXXX-XXXX-5690,CUS0002983,PRD-CC01,,Credit,2025-12-13,2030-11-25,371468.13,65024.92,Active
CRD0001184,5721-XXXX-XXXX-2256,CUS0006509,PRD-CC04,,Credit,2022-12-27,2029-05-23,620044.03,76722.28,Active
CRD0001185,5847-XXXX-XXXX-5992,CUS0002868,PRD-DC02,,Debit,2020-02-24,2029-09-17,0.0,0.0,Expired
CRD0001186,4850-XXXX-XXXX-3535,CUS0003116,PRD-CC01,,Credit,2021-04-06,2026-08-28,240762.08,122132.69,Active
CRD0001187,5303-XXXX-XXXX-5595,CUS0002022,PRD-DC02,ACC00008764,Debit,2023-10-31,2027-06-12,0.0,0.0,Active
CRD0001188,4726-XXXX-XXXX-7066,CUS0007710,PRD-DC02,ACC00013001,Debit,2023-09-20,2027-03-20,0.0,0.0,Active
CRD0001189,5889-XXXX-XXXX-8455,CUS0008411,PRD-CC01,,Credit,2023-03-04,2027-07-24,1114329.4,121669.21,Active
CRD0001190,4247-XXXX-XXXX-8049,CUS0007351,PRD-CC01,,Credit,2023-06-14,2028-08-15,1169353.22,164983.21,Active
CRD0001191,4769-XXXX-XXXX-4751,CUS0002032,PRD-CC01,,Credit,2022-07-03,2027-07-05,539829.6,11265.29,Active
CRD0001192,4956-XXXX-XXXX-6097,CUS0003821,PRD-DC02,ACC00009959,Debit,2022-04-21,2030-04-24,0.0,0.0,Active
CRD0001193,5486-XXXX-XXXX-4161,CUS0003361,PRD-CC04,,Credit,2020-07-27,2029-01-04,1276878.41,174163.21,Blocked
CRD0001194,5965-XXXX-XXXX-6320,CUS0001948,PRD-DC02,ACC00012243,Debit,2020-09-04,2028-05-31,0.0,0.0,Active
CRD0001195,4530-XXXX-XXXX-5118,CUS0008060,PRD-DC01,ACC00012292,Debit,2021-12-12,2029-12-12,0.0,0.0,Active
CRD0001196,4972-XXXX-XXXX-3974,CUS0003469,PRD-DC02,ACC00010066,Debit,2024-04-17,2026-05-02,0.0,0.0,Active
CRD0001197,4606-XXXX-XXXX-4322,CUS0009923,PRD-DC01,ACC00015819,Debit,2025-01-29,2026-05-02,0.0,0.0,Expired
CRD0001198,5429-XXXX-XXXX-9820,CUS0001475,PRD-DC02,ACC00008049,Debit,2025-03-12,2030-07-10,0.0,0.0,Expired
CRD0001199,5153-XXXX-XXXX-3755,CUS0008743,PRD-CC04,,Credit,2023-09-21,2028-08-21,720344.19,35132.25,Active
CRD0001200,4591-XXXX-XXXX-9301,CUS0007620,PRD-CC02,,Credit,2023-08-13,2026-09-27,615288.49,8877.1,Active
CRD0001201,4901-XXXX-XXXX-4894,CUS0007865,PRD-CC03,,Credit,2021-05-13,2029-07-25,635083.23,162384.88,Active
CRD0001202,4128-XXXX-XXXX-1364,CUS0001607,PRD-CC03,,Credit,2023-09-28,2027-09-01,161268.74,171959.09,Active
CRD0001203,4855-XXXX-XXXX-7198,CUS0002464,PRD-DC01,ACC00001748,Debit,2024-08-30,2027-09-06,0.0,0.0,Active
CRD0001204,4753-XXXX-XXXX-3091,CUS0006211,PRD-DC01,ACC00004132,Debit,2023-12-12,2027-05-10,0.0,0.0,Active
CRD0001205,5170-XXXX-XXXX-3365,CUS0005763,PRD-DC02,ACC00014228,Debit,2020-02-25,2030-12-08,0.0,0.0,Blocked
CRD0001206,4220-XXXX-XXXX-7431,CUS0009647,PRD-CC01,,Credit,2025-05-31,2026-10-24,54299.82,186633.61,Active
CRD0001207,5176-XXXX-XXXX-1863,CUS0004699,PRD-CC01,,Credit,2022-12-28,2028-04-02,970573.51,177929.25,Active
CRD0001208,4904-XXXX-XXXX-1320,CUS0000972,PRD-CC03,,Credit,2020-03-03,2026-12-18,1291233.34,122298.16,Active
CRD0001209,5573-XXXX-XXXX-4879,CUS0007064,PRD-CC02,,Credit,2020-11-15,2027-04-23,36866.08,19849.07,Blocked
CRD0001210,5644-XXXX-XXXX-3021,CUS0003442,PRD-CC03,,Credit,2021-04-08,2027-02-07,41928.74,115250.69,Active
CRD0001211,5944-XXXX-XXXX-5694,CUS0008407,PRD-CC04,,Credit,2023-10-16,2030-11-20,1272283.46,64231.21,Active
CRD0001212,4858-XXXX-XXXX-3326,CUS0006665,PRD-DC02,,Debit,2020-03-11,2028-05-27,0.0,0.0,Active
CRD0001213,4965-XXXX-XXXX-9465,CUS0002993,PRD-DC02,ACC00003592,Debit,2021-04-23,2027-05-05,0.0,0.0,Active
CRD0001214,5938-XXXX-XXXX-1905,CUS0000839,PRD-DC02,ACC00011330,Debit,2026-01-17,2029-02-23,0.0,0.0,Active
CRD0001215,4840-XXXX-XXXX-1822,CUS0009149,PRD-DC02,ACC00012139,Debit,2022-08-23,2029-08-27,0.0,0.0,Active
CRD0001216,5744-XXXX-XXXX-1354,CUS0004539,PRD-DC01,ACC00016407,Debit,2020-12-27,2027-07-07,0.0,0.0,Active
CRD0001217,5717-XXXX-XXXX-9264,CUS0005276,PRD-CC02,,Credit,2024-06-29,2028-03-09,1070887.71,63056.58,Active
CRD0001218,5270-XXXX-XXXX-7621,CUS0007943,PRD-CC01,,Credit,2025-12-02,2028-12-27,737554.51,146783.27,Active
CRD0001219,5130-XXXX-XXXX-8990,CUS0001321,PRD-CC02,,Credit,2021-03-31,2028-01-25,207922.58,190237.93,Active
CRD0001220,5760-XXXX-XXXX-6489,CUS0001829,PRD-CC01,,Credit,2023-08-06,2029-06-16,1148784.27,153277.02,Active
CRD0001221,5702-XXXX-XXXX-3560,CUS0009685,PRD-DC01,ACC00013726,Debit,2021-12-28,2030-10-16,0.0,0.0,Active
CRD0001222,5485-XXXX-XXXX-4975,CUS0007600,PRD-DC02,,Debit,2022-11-24,2027-01-07,0.0,0.0,Active
CRD0001223,4725-XXXX-XXXX-7267,CUS0001311,PRD-DC01,ACC00014845,Debit,2025-11-12,2027-03-25,0.0,0.0,Active
CRD0001224,4875-XXXX-XXXX-6069,CUS0006224,PRD-CC01,,Credit,2022-07-06,2029-12-09,433709.41,143867.36,Active
CRD0001225,4431-XXXX-XXXX-7832,CUS0007688,PRD-CC01,,Credit,2023-04-23,2027-09-28,713829.51,115663.55,Active
CRD0001226,5110-XXXX-XXXX-3938,CUS0009474,PRD-CC04,,Credit,2022-12-06,2030-03-22,1228147.33,78753.58,Active
CRD0001227,5444-XXXX-XXXX-9743,CUS0001664,PRD-CC02,,Credit,2024-08-09,2029-09-10,887157.08,99247.35,Active
CRD0001228,5783-XXXX-XXXX-8967,CUS0002528,PRD-DC01,ACC00008038,Debit,2020-04-04,2026-05-21,0.0,0.0,Expired
CRD0001229,5162-XXXX-XXXX-7493,CUS0005992,PRD-CC04,,Credit,2020-10-16,2029-10-14,240878.34,63484.83,Blocked
CRD0001230,4199-XXXX-XXXX-1544,CUS0007950,PRD-CC03,,Credit,2024-04-04,2028-03-08,261205.29,171717.2,Active
CRD0001231,5432-XXXX-XXXX-4158,CUS0006626,PRD-CC01,,Credit,2025-10-08,2026-05-23,623693.01,14485.02,Active
CRD0001232,5432-XXXX-XXXX-9153,CUS0001712,PRD-CC03,,Credit,2024-04-21,2026-10-25,1049554.04,61201.08,Active
CRD0001233,4922-XXXX-XXXX-1492,CUS0006738,PRD-DC02,,Debit,2021-07-06,2029-12-08,0.0,0.0,Active
CRD0001234,4390-XXXX-XXXX-9009,CUS0002244,PRD-CC02,,Credit,2021-03-30,2028-09-10,473593.35,127639.93,Active
CRD0001235,5775-XXXX-XXXX-6257,CUS0004773,PRD-CC03,,Credit,2024-08-17,2026-05-12,419130.96,9572.09,Active
CRD0001236,5557-XXXX-XXXX-7243,CUS0004670,PRD-CC04,,Credit,2025-06-04,2027-11-30,1021217.09,53564.54,Expired
CRD0001237,5305-XXXX-XXXX-8745,CUS0004713,PRD-DC02,ACC00008400,Debit,2024-03-30,2027-07-24,0.0,0.0,Active
CRD0001238,5890-XXXX-XXXX-2846,CUS0008232,PRD-CC01,,Credit,2021-06-13,2030-05-30,710154.16,199046.7,Active
CRD0001239,5717-XXXX-XXXX-8289,CUS0009386,PRD-DC02,ACC00015506,Debit,2020-08-03,2026-09-25,0.0,0.0,Active
CRD0001240,4704-XXXX-XXXX-7453,CUS0002783,PRD-CC01,,Credit,2026-03-21,2029-06-04,941733.86,144798.23,Active
CRD0001241,4988-XXXX-XXXX-6718,CUS0001727,PRD-CC04,,Credit,2021-04-11,2028-05-16,337089.78,96015.5,Active
CRD0001242,4930-XXXX-XXXX-6394,CUS0002986,PRD-DC01,,Debit,2023-09-23,2029-03-01,0.0,0.0,Active
CRD0001243,5352-XXXX-XXXX-3480,CUS0001124,PRD-CC01,,Credit,2025-04-01,2028-07-07,675967.91,56104.09,Active
CRD0001244,5753-XXXX-XXXX-7262,CUS0003795,PRD-CC02,,Credit,2020-01-03,2030-12-16,239208.65,123113.71,Active
CRD0001245,5592-XXXX-XXXX-9011,CUS0005166,PRD-CC01,,Credit,2021-02-18,2030-10-04,1307453.32,129263.7,Active
CRD0001246,4576-XXXX-XXXX-4980,CUS0006097,PRD-CC04,,Credit,2026-01-07,2028-12-31,1113046.17,77098.67,Active
CRD0001247,4706-XXXX-XXXX-7141,CUS0000072,PRD-CC04,,Credit,2024-11-16,2027-02-09,1443147.34,170909.39,Active
CRD0001248,4598-XXXX-XXXX-7573,CUS0002055,PRD-CC04,,Credit,2023-03-13,2027-01-24,260963.68,67461.97,Active
CRD0001249,4546-XXXX-XXXX-9276,CUS0003733,PRD-CC03,,Credit,2021-01-25,2027-02-26,1474459.44,3892.48,Active
CRD0001250,4873-XXXX-XXXX-3302,CUS0003191,PRD-DC01,ACC00014486,Debit,2024-06-01,2028-12-26,0.0,0.0,Active
CRD0001251,4627-XXXX-XXXX-8750,CUS0000075,PRD-CC02,,Credit,2020-08-17,2027-01-01,95051.8,69258.34,Active
CRD0001252,5478-XXXX-XXXX-4060,CUS0006356,PRD-DC01,ACC00016442,Debit,2024-02-16,2028-07-24,0.0,0.0,Active
CRD0001253,4749-XXXX-XXXX-5739,CUS0006064,PRD-DC02,ACC00002133,Debit,2020-01-11,2027-01-25,0.0,0.0,Active
CRD0001254,4618-XXXX-XXXX-4217,CUS0004855,PRD-DC01,,Debit,2024-05-30,2029-03-10,0.0,0.0,Active
CRD0001255,4326-XXXX-XXXX-5266,CUS0009231,PRD-CC04,,Credit,2025-08-23,2027-07-23,1184846.82,109343.25,Active
CRD0001256,5244-XXXX-XXXX-3600,CUS0004683,PRD-CC01,,Credit,2022-06-11,2027-03-15,96671.9,184730.52,Active
CRD0001257,4624-XXXX-XXXX-4245,CUS0003256,PRD-DC02,ACC00002411,Debit,2021-03-26,2027-04-07,0.0,0.0,Active
CRD0001258,4326-XXXX-XXXX-4210,CUS0004624,PRD-DC01,ACC00003282,Debit,2022-02-12,2028-04-04,0.0,0.0,Active
CRD0001259,5515-XXXX-XXXX-9785,CUS0004857,PRD-CC01,,Credit,2024-05-10,2026-07-03,1412760.01,68200.79,Active
CRD0001260,5211-XXXX-XXXX-2320,CUS0003840,PRD-CC04,,Credit,2023-12-21,2026-05-05,186550.12,89986.14,Active
CRD0001261,5767-XXXX-XXXX-3612,CUS0002806,PRD-CC04,,Credit,2022-05-23,2028-03-21,661501.99,141295.68,Active
CRD0001262,5369-XXXX-XXXX-5084,CUS0005630,PRD-DC02,ACC00012143,Debit,2024-03-29,2027-12-15,0.0,0.0,Active
CRD0001263,5846-XXXX-XXXX-5131,CUS0000231,PRD-CC04,,Credit,2023-10-08,2030-05-25,385510.47,21902.5,Active
CRD0001264,4988-XXXX-XXXX-4752,CUS0001133,PRD-DC01,ACC00002246,Debit,2024-12-10,2027-10-27,0.0,0.0,Active
CRD0001265,4872-XXXX-XXXX-7501,CUS0003922,PRD-DC02,ACC00011327,Debit,2022-11-02,2029-06-20,0.0,0.0,Active
CRD0001266,5128-XXXX-XXXX-8876,CUS0006793,PRD-CC02,,Credit,2024-11-26,2028-04-30,1204799.66,25181.28,Active
CRD0001267,4315-XXXX-XXXX-8875,CUS0006928,PRD-CC02,,Credit,2025-07-11,2030-11-03,446690.37,79218.5,Active
CRD0001268,4828-XXXX-XXXX-1512,CUS0003730,PRD-CC02,,Credit,2022-03-23,2030-12-18,1074814.23,33352.76,Active
CRD0001269,4753-XXXX-XXXX-3056,CUS0005321,PRD-DC02,ACC00011362,Debit,2021-10-03,2029-02-14,0.0,0.0,Active
CRD0001270,4480-XXXX-XXXX-5296,CUS0001473,PRD-CC04,,Credit,2024-05-26,2027-06-28,798869.1,119032.18,Active
CRD0001271,5778-XXXX-XXXX-3467,CUS0003034,PRD-DC02,ACC00006261,Debit,2025-11-02,2027-05-19,0.0,0.0,Active
CRD0001272,5907-XXXX-XXXX-4052,CUS0006232,PRD-DC01,,Debit,2024-11-23,2029-05-19,0.0,0.0,Active
CRD0001273,5681-XXXX-XXXX-2325,CUS0009914,PRD-DC01,ACC00005695,Debit,2023-10-08,2028-12-04,0.0,0.0,Active
CRD0001274,5859-XXXX-XXXX-2286,CUS0002869,PRD-DC02,ACC00009192,Debit,2025-01-22,2027-01-14,0.0,0.0,Active
CRD0001275,4616-XXXX-XXXX-3381,CUS0000924,PRD-DC01,ACC00010634,Debit,2020-04-02,2030-10-05,0.0,0.0,Active
CRD0001276,4993-XXXX-XXXX-5348,CUS0009634,PRD-DC01,ACC00010556,Debit,2023-11-01,2029-08-28,0.0,0.0,Active
CRD0001277,4952-XXXX-XXXX-4573,CUS0008021,PRD-DC02,ACC00013693,Debit,2023-06-24,2027-03-16,0.0,0.0,Active
CRD0001278,5466-XXXX-XXXX-5420,CUS0005702,PRD-CC03,,Credit,2024-08-13,2030-01-05,1132661.69,7914.97,Active
CRD0001279,4345-XXXX-XXXX-3526,CUS0004621,PRD-DC02,ACC00005074,Debit,2023-02-13,2026-09-15,0.0,0.0,Active
CRD0001280,4647-XXXX-XXXX-5209,CUS0004402,PRD-CC04,,Credit,2021-07-26,2029-11-18,471927.74,129740.11,Active
CRD0001281,5798-XXXX-XXXX-1400,CUS0000804,PRD-CC02,,Credit,2022-10-23,2028-08-10,946952.26,73566.49,Active
CRD0001282,5683-XXXX-XXXX-4691,CUS0000009,PRD-CC03,,Credit,2024-02-29,2029-07-14,245704.19,156743.11,Active
CRD0001283,5450-XXXX-XXXX-7695,CUS0006558,PRD-DC02,ACC00017599,Debit,2021-12-20,2029-09-11,0.0,0.0,Active
CRD0001284,4721-XXXX-XXXX-8055,CUS0001276,PRD-DC01,ACC00009689,Debit,2020-03-22,2029-08-15,0.0,0.0,Active
CRD0001285,5403-XXXX-XXXX-8884,CUS0007201,PRD-DC02,ACC00000371,Debit,2021-10-12,2027-12-16,0.0,0.0,Active
CRD0001286,4200-XXXX-XXXX-6919,CUS0006214,PRD-CC03,,Credit,2022-10-28,2027-12-17,482938.77,178310.97,Active
CRD0001287,5108-XXXX-XXXX-8537,CUS0004129,PRD-CC01,,Credit,2025-08-10,2026-09-11,284675.82,109320.92,Blocked
CRD0001288,4882-XXXX-XXXX-4389,CUS0005330,PRD-CC04,,Credit,2022-06-27,2029-10-21,615226.44,199286.38,Active
CRD0001289,4838-XXXX-XXXX-6759,CUS0000611,PRD-CC04,,Credit,2024-05-09,2030-06-07,248195.2,48032.86,Active
CRD0001290,5338-XXXX-XXXX-5246,CUS0009280,PRD-CC01,,Credit,2022-12-21,2030-03-10,1330930.62,47645.62,Active
CRD0001291,5268-XXXX-XXXX-8594,CUS0009721,PRD-CC03,,Credit,2022-10-04,2027-06-01,308062.99,176664.41,Active
CRD0001292,4287-XXXX-XXXX-3840,CUS0002623,PRD-CC02,,Credit,2025-10-01,2028-06-10,537443.38,123888.35,Active
CRD0001293,4163-XXXX-XXXX-4192,CUS0007818,PRD-DC01,ACC00011840,Debit,2021-12-11,2028-11-20,0.0,0.0,Active
CRD0001294,4771-XXXX-XXXX-6997,CUS0008171,PRD-DC02,ACC00003158,Debit,2020-06-13,2027-11-14,0.0,0.0,Active
CRD0001295,4712-XXXX-XXXX-4100,CUS0002652,PRD-CC03,,Credit,2023-06-05,2026-06-08,724916.24,31823.59,Active
CRD0001296,5402-XXXX-XXXX-6613,CUS0004780,PRD-DC02,ACC00014747,Debit,2020-05-17,2030-09-08,0.0,0.0,Active
CRD0001297,5397-XXXX-XXXX-1178,CUS0001988,PRD-DC01,ACC00001541,Debit,2024-11-24,2029-09-28,0.0,0.0,Blocked
CRD0001298,4886-XXXX-XXXX-5780,CUS0005651,PRD-CC04,,Credit,2023-06-14,2026-12-08,126737.72,53921.23,Active
CRD0001299,4441-XXXX-XXXX-8188,CUS0004709,PRD-DC01,ACC00003730,Debit,2020-05-01,2028-03-09,0.0,0.0,Active
CRD0001300,5321-XXXX-XXXX-2700,CUS0004806,PRD-CC01,,Credit,2021-11-30,2030-02-13,301026.07,51240.37,Expired
CRD0001301,4756-XXXX-XXXX-7760,CUS0009362,PRD-DC01,ACC00009201,Debit,2026-02-08,2026-08-10,0.0,0.0,Active
CRD0001302,5921-XXXX-XXXX-4744,CUS0007160,PRD-CC02,,Credit,2024-08-15,2028-07-25,488498.38,181613.53,Active
CRD0001303,4817-XXXX-XXXX-6286,CUS0007811,PRD-CC04,,Credit,2020-11-15,2028-09-01,1358875.45,39881.53,Expired
CRD0001304,5431-XXXX-XXXX-3558,CUS0009978,PRD-DC01,ACC00013705,Debit,2021-01-22,2029-05-14,0.0,0.0,Active
CRD0001305,5211-XXXX-XXXX-5280,CUS0009828,PRD-DC01,ACC00016917,Debit,2021-04-03,2030-10-01,0.0,0.0,Active
CRD0001306,4685-XXXX-XXXX-7702,CUS0008596,PRD-CC04,,Credit,2024-12-31,2030-02-18,513141.99,93583.34,Active
CRD0001307,5598-XXXX-XXXX-9538,CUS0006389,PRD-CC02,,Credit,2022-08-23,2030-07-26,872133.56,88752.92,Active
CRD0001308,5951-XXXX-XXXX-4478,CUS0008058,PRD-CC04,,Credit,2020-05-13,2026-09-22,883995.64,135699.99,Active
CRD0001309,5465-XXXX-XXXX-7908,CUS0006491,PRD-CC01,,Credit,2022-06-28,2030-06-27,194208.85,189548.13,Active
CRD0001310,5837-XXXX-XXXX-2242,CUS0007014,PRD-DC01,ACC00008606,Debit,2021-12-24,2029-01-19,0.0,0.0,Active
CRD0001311,5493-XXXX-XXXX-1770,CUS0000965,PRD-CC02,,Credit,2022-09-09,2030-06-13,428791.47,8515.88,Active
CRD0001312,5772-XXXX-XXXX-1300,CUS0009420,PRD-DC02,,Debit,2024-09-09,2026-05-07,0.0,0.0,Expired
CRD0001313,4539-XXXX-XXXX-1337,CUS0007079,PRD-CC02,,Credit,2021-06-30,2027-01-05,933248.85,195393.33,Active
CRD0001314,5236-XXXX-XXXX-9046,CUS0004139,PRD-DC01,ACC00015360,Debit,2026-02-03,2029-07-30,0.0,0.0,Active
CRD0001315,4104-XXXX-XXXX-6824,CUS0000064,PRD-CC03,,Credit,2024-01-28,2029-06-08,636701.31,198125.62,Blocked
CRD0001316,5795-XXXX-XXXX-2156,CUS0002020,PRD-CC02,,Credit,2023-09-11,2029-12-29,144224.74,148442.38,Blocked
CRD0001317,4301-XXXX-XXXX-7538,CUS0005963,PRD-DC01,ACC00002704,Debit,2026-01-29,2028-11-30,0.0,0.0,Expired
CRD0001318,4409-XXXX-XXXX-1390,CUS0006929,PRD-CC01,,Credit,2025-07-05,2026-12-04,309016.51,186678.14,Active
CRD0001319,5318-XXXX-XXXX-7772,CUS0007365,PRD-CC04,,Credit,2021-08-03,2026-08-06,416234.23,50863.59,Active
CRD0001320,5630-XXXX-XXXX-8580,CUS0005600,PRD-CC02,,Credit,2025-05-09,2030-03-02,1398778.53,84312.59,Active
CRD0001321,4275-XXXX-XXXX-7509,CUS0001047,PRD-DC01,ACC00015243,Debit,2024-07-06,2027-01-12,0.0,0.0,Active
CRD0001322,4639-XXXX-XXXX-8259,CUS0009847,PRD-DC01,ACC00004217,Debit,2023-09-26,2030-07-15,0.0,0.0,Active
CRD0001323,4211-XXXX-XXXX-6244,CUS0001204,PRD-DC02,ACC00007725,Debit,2022-03-31,2026-12-17,0.0,0.0,Active
CRD0001324,5100-XXXX-XXXX-5774,CUS0006913,PRD-DC01,ACC00005794,Debit,2020-03-30,2030-09-29,0.0,0.0,Active
CRD0001325,5232-XXXX-XXXX-6149,CUS0007103,PRD-DC01,ACC00007816,Debit,2021-08-04,2026-12-03,0.0,0.0,Active
CRD0001326,5280-XXXX-XXXX-4407,CUS0001290,PRD-DC02,ACC00002381,Debit,2026-02-07,2029-04-21,0.0,0.0,Active
CRD0001327,4961-XXXX-XXXX-6878,CUS0000199,PRD-DC02,ACC00014341,Debit,2023-12-27,2030-09-18,0.0,0.0,Active
CRD0001328,4262-XXXX-XXXX-5625,CUS0004266,PRD-CC01,,Credit,2024-05-09,2030-02-13,293331.71,199131.94,Active
CRD0001329,5987-XXXX-XXXX-1958,CUS0004508,PRD-CC04,,Credit,2026-04-12,2029-04-17,28436.94,89976.23,Active
CRD0001330,5396-XXXX-XXXX-9831,CUS0001568,PRD-CC03,,Credit,2021-05-11,2026-05-29,556021.76,117185.62,Active
CRD0001331,5958-XXXX-XXXX-1697,CUS0000465,PRD-CC02,,Credit,2020-06-19,2026-05-07,188341.19,100750.86,Active
CRD0001332,4211-XXXX-XXXX-2489,CUS0008466,PRD-DC01,ACC00012558,Debit,2025-04-07,2027-03-14,0.0,0.0,Active
CRD0001333,4646-XXXX-XXXX-5776,CUS0001763,PRD-CC04,,Credit,2022-06-07,2030-01-03,428017.05,179672.86,Active
CRD0001334,5160-XXXX-XXXX-9801,CUS0003818,PRD-CC02,,Credit,2022-07-04,2027-03-25,1288932.12,70087.25,Active
CRD0001335,5309-XXXX-XXXX-8439,CUS0009223,PRD-CC02,,Credit,2024-01-03,2029-04-14,1334019.56,196138.8,Active
CRD0001336,4152-XXXX-XXXX-2799,CUS0002011,PRD-CC02,,Credit,2021-07-07,2027-07-22,945306.52,62707.64,Active
CRD0001337,4602-XXXX-XXXX-3734,CUS0008388,PRD-CC01,,Credit,2023-10-05,2030-06-24,1454330.32,132112.43,Active
CRD0001338,4575-XXXX-XXXX-7283,CUS0008333,PRD-CC02,,Credit,2020-04-21,2028-12-27,1218121.74,48578.68,Active
CRD0001339,5976-XXXX-XXXX-8425,CUS0000033,PRD-DC01,ACC00012078,Debit,2023-07-16,2028-05-06,0.0,0.0,Active
CRD0001340,5852-XXXX-XXXX-8263,CUS0002525,PRD-CC04,,Credit,2025-01-21,2027-12-25,718311.07,66106.12,Blocked
CRD0001341,5556-XXXX-XXXX-8182,CUS0006824,PRD-CC03,,Credit,2026-04-24,2030-09-03,191270.7,154912.65,Active
CRD0001342,4608-XXXX-XXXX-8924,CUS0005304,PRD-DC01,ACC00017681,Debit,2024-01-29,2027-02-21,0.0,0.0,Active
CRD0001343,5163-XXXX-XXXX-3812,CUS0002794,PRD-CC01,,Credit,2022-12-25,2026-12-08,1108365.07,100542.18,Active
CRD0001344,5471-XXXX-XXXX-8603,CUS0002278,PRD-DC02,ACC00003737,Debit,2024-06-01,2027-06-11,0.0,0.0,Active
CRD0001345,4257-XXXX-XXXX-7442,CUS0001949,PRD-DC01,,Debit,2020-05-14,2030-09-11,0.0,0.0,Active
CRD0001346,4993-XXXX-XXXX-8612,CUS0004052,PRD-CC02,,Credit,2025-10-08,2030-12-11,1155373.74,43442.82,Active
CRD0001347,4251-XXXX-XXXX-3786,CUS0004353,PRD-DC02,ACC00002374,Debit,2025-02-21,2027-02-28,0.0,0.0,Active
CRD0001348,4788-XXXX-XXXX-7467,CUS0002434,PRD-DC01,ACC00016690,Debit,2024-02-20,2027-11-27,0.0,0.0,Active
CRD0001349,5825-XXXX-XXXX-8481,CUS0008052,PRD-CC02,,Credit,2022-02-22,2029-02-12,1355707.24,184696.89,Active
CRD0001350,5753-XXXX-XXXX-9513,CUS0009583,PRD-DC02,,Debit,2025-07-28,2028-02-14,0.0,0.0,Active
CRD0001351,4577-XXXX-XXXX-6036,CUS0000095,PRD-CC01,,Credit,2023-03-09,2028-08-20,1028622.97,72258.58,Active
CRD0001352,5106-XXXX-XXXX-5087,CUS0006963,PRD-CC03,,Credit,2025-04-26,2028-12-28,820253.99,128474.83,Blocked
CRD0001353,5177-XXXX-XXXX-3252,CUS0000627,PRD-DC01,,Debit,2025-09-07,2028-11-30,0.0,0.0,Active
CRD0001354,4869-XXXX-XXXX-5883,CUS0003226,PRD-CC01,,Credit,2020-08-07,2030-10-24,42805.86,34758.83,Active
CRD0001355,5270-XXXX-XXXX-1468,CUS0003353,PRD-CC02,,Credit,2022-04-17,2027-01-08,957747.18,52464.13,Active
CRD0001356,4645-XXXX-XXXX-9260,CUS0006275,PRD-CC04,,Credit,2020-10-14,2028-11-29,121556.02,57444.58,Active
CRD0001357,5683-XXXX-XXXX-7556,CUS0004437,PRD-DC01,ACC00013766,Debit,2020-02-16,2027-05-24,0.0,0.0,Active
CRD0001358,4871-XXXX-XXXX-5045,CUS0001558,PRD-DC01,ACC00017863,Debit,2026-01-28,2028-03-10,0.0,0.0,Active
CRD0001359,5342-XXXX-XXXX-5018,CUS0003261,PRD-CC02,,Credit,2023-01-29,2030-08-06,112403.86,172657.86,Active
CRD0001360,5516-XXXX-XXXX-1425,CUS0003633,PRD-DC02,ACC00015458,Debit,2020-04-24,2027-08-09,0.0,0.0,Active
CRD0001361,5637-XXXX-XXXX-2552,CUS0000107,PRD-CC01,,Credit,2021-01-23,2026-09-26,185961.1,63384.81,Active
CRD0001362,4588-XXXX-XXXX-6200,CUS0006472,PRD-DC01,ACC00000891,Debit,2024-04-06,2029-04-10,0.0,0.0,Active
CRD0001363,4312-XXXX-XXXX-5307,CUS0005689,PRD-DC02,,Debit,2020-06-24,2028-11-02,0.0,0.0,Expired
CRD0001364,5296-XXXX-XXXX-5738,CUS0007567,PRD-CC03,,Credit,2025-05-13,2029-05-20,1394343.41,98944.88,Active
CRD0001365,5312-XXXX-XXXX-8602,CUS0007690,PRD-CC03,,Credit,2024-03-20,2028-10-24,680066.05,96968.6,Expired
CRD0001366,4462-XXXX-XXXX-9915,CUS0004327,PRD-CC03,,Credit,2025-12-20,2030-10-24,62725.35,102343.96,Active
CRD0001367,5284-XXXX-XXXX-5499,CUS0008408,PRD-DC01,ACC00001215,Debit,2022-04-20,2029-10-22,0.0,0.0,Active
CRD0001368,4888-XXXX-XXXX-5337,CUS0001848,PRD-CC03,,Credit,2024-01-01,2028-09-03,189361.93,135172.86,Active
CRD0001369,5482-XXXX-XXXX-5631,CUS0000727,PRD-DC02,ACC00009777,Debit,2021-01-01,2030-12-15,0.0,0.0,Active
CRD0001370,5961-XXXX-XXXX-2493,CUS0000460,PRD-DC01,,Debit,2025-01-01,2029-06-22,0.0,0.0,Active
CRD0001371,5333-XXXX-XXXX-9863,CUS0007444,PRD-CC02,,Credit,2020-12-30,2030-01-31,1205223.8,126488.55,Active
CRD0001372,5636-XXXX-XXXX-2955,CUS0001094,PRD-CC01,,Credit,2020-05-22,2030-01-15,363668.81,141851.73,Active
CRD0001373,5250-XXXX-XXXX-5137,CUS0007361,PRD-CC03,,Credit,2022-12-05,2028-04-14,1264060.86,100211.26,Active
CRD0001374,4644-XXXX-XXXX-6535,CUS0000188,PRD-DC02,,Debit,2022-02-06,2027-07-03,0.0,0.0,Active
CRD0001375,5747-XXXX-XXXX-3597,CUS0003979,PRD-DC01,ACC00005162,Debit,2024-08-17,2028-11-06,0.0,0.0,Active
CRD0001376,4555-XXXX-XXXX-9764,CUS0004125,PRD-CC04,,Credit,2023-10-26,2027-08-01,698784.16,189477.85,Active
CRD0001377,4250-XXXX-XXXX-7189,CUS0008698,PRD-DC01,ACC00013642,Debit,2024-09-27,2029-01-22,0.0,0.0,Active
CRD0001378,4813-XXXX-XXXX-4095,CUS0005255,PRD-CC02,,Credit,2024-01-01,2027-04-15,776781.57,56326.79,Active
CRD0001379,4524-XXXX-XXXX-5829,CUS0001703,PRD-CC01,,Credit,2021-11-11,2030-10-05,1350860.65,158897.81,Active
CRD0001380,4184-XXXX-XXXX-2649,CUS0004138,PRD-CC02,,Credit,2025-02-23,2028-05-03,936427.73,117827.39,Active
CRD0001381,4854-XXXX-XXXX-2925,CUS0004282,PRD-DC01,ACC00000058,Debit,2026-03-15,2026-12-11,0.0,0.0,Active
CRD0001382,4395-XXXX-XXXX-8562,CUS0004282,PRD-DC01,ACC00000058,Debit,2025-08-02,2029-07-14,0.0,0.0,Active
CRD0001383,4823-XXXX-XXXX-1892,CUS0004416,PRD-CC02,,Credit,2026-02-14,2028-11-01,167323.23,136765.93,Active
CRD0001384,5880-XXXX-XXXX-7292,CUS0009374,PRD-DC02,ACC00012690,Debit,2025-11-25,2030-01-28,0.0,0.0,Active
CRD0001385,5313-XXXX-XXXX-8399,CUS0004861,PRD-CC03,,Credit,2024-11-14,2027-06-09,786322.42,182506.17,Active
CRD0001386,5981-XXXX-XXXX-2341,CUS0006828,PRD-DC02,ACC00002479,Debit,2023-01-26,2030-06-10,0.0,0.0,Active
CRD0001387,4985-XXXX-XXXX-7535,CUS0008373,PRD-CC02,,Credit,2020-01-08,2030-10-04,254433.38,190115.27,Active
CRD0001388,5691-XXXX-XXXX-2733,CUS0007634,PRD-CC02,,Credit,2023-01-27,2027-04-14,1303041.9,28228.93,Active
CRD0001389,5907-XXXX-XXXX-4071,CUS0002470,PRD-CC04,,Credit,2023-11-15,2030-10-07,678212.25,189011.47,Active
CRD0001390,4927-XXXX-XXXX-7461,CUS0001064,PRD-CC04,,Credit,2024-11-09,2029-03-10,530068.0,71874.46,Active
CRD0001391,4723-XXXX-XXXX-1944,CUS0003913,PRD-DC01,ACC00003420,Debit,2021-05-16,2028-09-10,0.0,0.0,Active
CRD0001392,4769-XXXX-XXXX-4313,CUS0001806,PRD-DC02,,Debit,2021-10-26,2027-02-28,0.0,0.0,Active
CRD0001393,4660-XXXX-XXXX-2823,CUS0000887,PRD-CC01,,Credit,2025-01-08,2026-05-28,469997.15,181424.59,Active
CRD0001394,4268-XXXX-XXXX-4181,CUS0001853,PRD-CC03,,Credit,2022-05-27,2030-06-04,339571.59,87198.65,Active
CRD0001395,4896-XXXX-XXXX-6513,CUS0002755,PRD-DC02,ACC00015026,Debit,2023-07-22,2026-06-23,0.0,0.0,Active
CRD0001396,5662-XXXX-XXXX-8827,CUS0009443,PRD-DC01,ACC00003608,Debit,2021-12-09,2029-10-02,0.0,0.0,Active
CRD0001397,5517-XXXX-XXXX-3791,CUS0004483,PRD-DC02,ACC00002095,Debit,2020-02-13,2028-10-09,0.0,0.0,Active
CRD0001398,5927-XXXX-XXXX-1217,CUS0006634,PRD-DC01,ACC00015229,Debit,2022-01-01,2027-11-24,0.0,0.0,Active
CRD0001399,4407-XXXX-XXXX-8292,CUS0003632,PRD-CC04,,Credit,2024-03-14,2030-07-27,589280.55,92404.38,Active
CRD0001400,5365-XXXX-XXXX-7529,CUS0002375,PRD-CC01,,Credit,2025-12-04,2029-07-28,664460.15,159738.83,Active
CRD0001401,4766-XXXX-XXXX-9400,CUS0008499,PRD-DC02,ACC00005797,Debit,2020-12-06,2028-04-27,0.0,0.0,Active
CRD0001402,5271-XXXX-XXXX-8036,CUS0006690,PRD-DC01,ACC00016846,Debit,2023-04-08,2027-09-16,0.0,0.0,Active
CRD0001403,4957-XXXX-XXXX-1043,CUS0003276,PRD-CC04,,Credit,2023-09-20,2030-01-17,421002.55,52654.55,Active
CRD0001404,5277-XXXX-XXXX-5497,CUS0009629,PRD-CC02,,Credit,2024-06-30,2029-07-17,1410998.13,100052.7,Active
CRD0001405,5375-XXXX-XXXX-3102,CUS0005782,PRD-DC01,ACC00010695,Debit,2020-06-04,2027-12-01,0.0,0.0,Active
CRD0001406,4357-XXXX-XXXX-2163,CUS0002278,PRD-DC01,ACC00013126,Debit,2020-05-28,2028-01-14,0.0,0.0,Active
CRD0001407,4638-XXXX-XXXX-9794,CUS0007560,PRD-CC02,,Credit,2023-08-29,2027-04-14,340609.44,168845.42,Active
CRD0001408,4438-XXXX-XXXX-2713,CUS0009080,PRD-CC02,,Credit,2025-01-11,2030-09-27,526350.31,137304.26,Active
CRD0001409,4107-XXXX-XXXX-3433,CUS0005954,PRD-CC04,,Credit,2022-03-06,2028-04-15,665661.47,81812.07,Active
CRD0001410,5959-XXXX-XXXX-6855,CUS0008601,PRD-CC04,,Credit,2021-07-01,2027-07-09,1048798.94,23157.43,Active
CRD0001411,4749-XXXX-XXXX-2634,CUS0001325,PRD-CC04,,Credit,2026-03-18,2027-10-18,302588.91,26003.08,Active
CRD0001412,4198-XXXX-XXXX-6246,CUS0003099,PRD-CC01,,Credit,2026-04-15,2027-11-01,1492304.78,17378.11,Active
CRD0001413,4739-XXXX-XXXX-1759,CUS0009594,PRD-DC01,ACC00001904,Debit,2022-06-14,2029-09-26,0.0,0.0,Active
CRD0001414,4974-XXXX-XXXX-7627,CUS0008098,PRD-CC01,,Credit,2021-05-09,2027-09-06,1142405.61,7155.83,Blocked
CRD0001415,4328-XXXX-XXXX-2274,CUS0001886,PRD-CC03,,Credit,2023-12-24,2029-05-21,1352326.44,184846.85,Active
CRD0001416,5155-XXXX-XXXX-2359,CUS0002305,PRD-DC02,,Debit,2026-01-05,2030-05-01,0.0,0.0,Active
CRD0001417,4396-XXXX-XXXX-1027,CUS0005567,PRD-CC02,,Credit,2025-09-12,2027-10-07,385172.91,135380.31,Active
CRD0001418,4798-XXXX-XXXX-3774,CUS0009786,PRD-DC01,ACC00005017,Debit,2020-07-28,2030-03-15,0.0,0.0,Active
CRD0001419,4426-XXXX-XXXX-8585,CUS0001347,PRD-CC04,,Credit,2022-09-01,2027-04-01,275695.88,178846.58,Active
CRD0001420,4520-XXXX-XXXX-3396,CUS0004540,PRD-CC03,,Credit,2023-12-26,2028-03-24,263462.17,6255.76,Active
CRD0001421,5183-XXXX-XXXX-4639,CUS0004538,PRD-DC01,ACC00017501,Debit,2021-02-18,2027-10-29,0.0,0.0,Active
CRD0001422,5808-XXXX-XXXX-2307,CUS0008284,PRD-CC04,,Credit,2024-10-12,2029-08-14,108555.89,149134.26,Active
CRD0001423,4279-XXXX-XXXX-2078,CUS0008675,PRD-CC03,,Credit,2020-01-21,2027-01-17,1176303.89,31183.38,Active
CRD0001424,5203-XXXX-XXXX-6812,CUS0006080,PRD-CC04,,Credit,2023-04-21,2029-09-22,265162.64,38354.3,Active
CRD0001425,4541-XXXX-XXXX-9822,CUS0004764,PRD-CC02,,Credit,2026-02-24,2028-02-04,525764.67,67967.83,Active
CRD0001426,4594-XXXX-XXXX-9367,CUS0005326,PRD-DC02,ACC00007043,Debit,2022-10-08,2028-11-26,0.0,0.0,Active
CRD0001427,4349-XXXX-XXXX-3000,CUS0003775,PRD-CC01,,Credit,2025-11-19,2027-10-21,321738.19,31158.69,Active
CRD0001428,5756-XXXX-XXXX-8322,CUS0008134,PRD-DC02,ACC00016748,Debit,2021-01-22,2028-08-07,0.0,0.0,Blocked
CRD0001429,4212-XXXX-XXXX-7242,CUS0008283,PRD-DC01,ACC00006085,Debit,2021-06-13,2028-09-06,0.0,0.0,Active
CRD0001430,4199-XXXX-XXXX-3103,CUS0006480,PRD-CC03,,Credit,2020-12-10,2027-04-03,1454072.0,46113.54,Active
CRD0001431,4397-XXXX-XXXX-4679,CUS0008316,PRD-CC04,,Credit,2021-04-12,2028-01-31,854126.15,126414.55,Active
CRD0001432,5988-XXXX-XXXX-4423,CUS0005212,PRD-CC04,,Credit,2024-07-14,2030-05-01,1255546.62,82742.23,Active
CRD0001433,4856-XXXX-XXXX-8658,CUS0000548,PRD-CC02,,Credit,2022-12-23,2026-11-12,775362.56,41490.99,Blocked
CRD0001434,4242-XXXX-XXXX-5688,CUS0002261,PRD-DC01,ACC00011545,Debit,2023-11-11,2027-08-01,0.0,0.0,Active
CRD0001435,4362-XXXX-XXXX-6458,CUS0006792,PRD-CC04,,Credit,2020-08-22,2027-02-07,230549.05,125380.52,Active
CRD0001436,5903-XXXX-XXXX-5989,CUS0009346,PRD-CC04,,Credit,2022-10-22,2027-04-13,894268.12,197456.88,Active
CRD0001437,4188-XXXX-XXXX-3599,CUS0001474,PRD-CC01,,Credit,2021-02-20,2030-07-23,1382203.03,9905.78,Active
CRD0001438,5706-XXXX-XXXX-2631,CUS0007286,PRD-CC03,,Credit,2023-12-20,2028-09-30,324391.48,95614.85,Active
CRD0001439,5423-XXXX-XXXX-6344,CUS0000504,PRD-DC02,ACC00005681,Debit,2024-07-26,2028-07-05,0.0,0.0,Active
CRD0001440,5305-XXXX-XXXX-2694,CUS0003790,PRD-CC03,,Credit,2024-04-28,2028-12-21,671448.19,139276.54,Active
CRD0001441,4669-XXXX-XXXX-7190,CUS0009551,PRD-CC03,,Credit,2024-11-24,2027-11-23,1289217.56,162517.06,Active
CRD0001442,4662-XXXX-XXXX-9986,CUS0001839,PRD-CC02,,Credit,2021-08-20,2029-03-15,864458.61,14893.32,Active
CRD0001443,4525-XXXX-XXXX-3339,CUS0004045,PRD-CC03,,Credit,2022-12-06,2030-05-21,148745.26,192681.98,Blocked
CRD0001444,4994-XXXX-XXXX-9653,CUS0004470,PRD-CC04,,Credit,2020-03-08,2030-10-30,956115.05,5000.31,Active
CRD0001445,4876-XXXX-XXXX-3082,CUS0007581,PRD-DC02,ACC00017906,Debit,2024-09-13,2029-03-19,0.0,0.0,Expired
CRD0001446,5627-XXXX-XXXX-9384,CUS0004098,PRD-DC02,ACC00016356,Debit,2023-11-18,2028-03-04,0.0,0.0,Active
CRD0001447,4848-XXXX-XXXX-8252,CUS0004874,PRD-DC02,ACC00009372,Debit,2021-10-27,2027-11-18,0.0,0.0,Active
CRD0001448,5108-XXXX-XXXX-5193,CUS0000111,PRD-CC02,,Credit,2021-03-28,2027-07-23,698552.49,102706.59,Active
CRD0001449,5376-XXXX-XXXX-7283,CUS0004530,PRD-DC01,ACC00013068,Debit,2026-02-27,2028-01-25,0.0,0.0,Active
CRD0001450,5499-XXXX-XXXX-7913,CUS0009000,PRD-CC04,,Credit,2024-12-06,2028-03-05,204568.27,84336.52,Active
CRD0001451,5161-XXXX-XXXX-5499,CUS0004018,PRD-DC02,ACC00004211,Debit,2023-04-05,2030-07-22,0.0,0.0,Blocked
CRD0001452,4108-XXXX-XXXX-3657,CUS0009309,PRD-CC02,,Credit,2022-11-03,2028-12-02,661003.75,133923.97,Active
CRD0001453,4399-XXXX-XXXX-2503,CUS0007471,PRD-CC02,,Credit,2022-10-21,2030-05-04,1392421.13,12605.17,Expired
CRD0001454,4769-XXXX-XXXX-6751,CUS0005186,PRD-CC02,,Credit,2021-09-25,2030-06-16,1148528.98,170661.66,Active
CRD0001455,4743-XXXX-XXXX-6220,CUS0006625,PRD-DC02,ACC00016837,Debit,2022-11-23,2029-05-12,0.0,0.0,Active
CRD0001456,4393-XXXX-XXXX-7493,CUS0006448,PRD-CC02,,Credit,2022-09-17,2029-10-02,1177167.52,172661.32,Active
CRD0001457,5226-XXXX-XXXX-3607,CUS0001152,PRD-DC02,ACC00001819,Debit,2024-11-15,2027-07-29,0.0,0.0,Active
CRD0001458,5798-XXXX-XXXX-5658,CUS0006386,PRD-CC02,,Credit,2022-12-05,2026-09-28,1376578.35,40307.59,Active
CRD0001459,4483-XXXX-XXXX-8327,CUS0005935,PRD-DC01,ACC00009435,Debit,2020-11-12,2029-09-09,0.0,0.0,Active
CRD0001460,5372-XXXX-XXXX-1822,CUS0003261,PRD-DC01,ACC00011656,Debit,2022-06-05,2026-09-25,0.0,0.0,Active
CRD0001461,5333-XXXX-XXXX-6227,CUS0005831,PRD-DC02,ACC00008645,Debit,2025-06-05,2027-10-03,0.0,0.0,Active
CRD0001462,5413-XXXX-XXXX-5794,CUS0000098,PRD-DC02,ACC00011028,Debit,2024-01-01,2030-01-22,0.0,0.0,Active
CRD0001463,5194-XXXX-XXXX-9978,CUS0004537,PRD-DC01,ACC00005013,Debit,2024-08-11,2026-05-09,0.0,0.0,Active
CRD0001464,4968-XXXX-XXXX-7925,CUS0001465,PRD-DC02,,Debit,2023-02-03,2029-11-10,0.0,0.0,Active
CRD0001465,5589-XXXX-XXXX-6620,CUS0004663,PRD-CC02,,Credit,2021-09-18,2030-01-30,23830.31,118484.37,Active
CRD0001466,5449-XXXX-XXXX-5259,CUS0002084,PRD-CC02,,Credit,2021-11-17,2027-11-20,1014474.68,47715.36,Active
CRD0001467,4722-XXXX-XXXX-1574,CUS0006870,PRD-CC03,,Credit,2025-05-28,2027-01-09,1407211.18,21012.72,Expired
CRD0001468,4464-XXXX-XXXX-6461,CUS0007710,PRD-DC01,ACC00006720,Debit,2023-07-31,2030-02-10,0.0,0.0,Active
CRD0001469,5318-XXXX-XXXX-8290,CUS0009279,PRD-DC02,ACC00008851,Debit,2024-01-13,2026-11-27,0.0,0.0,Active
CRD0001470,4555-XXXX-XXXX-8342,CUS0004774,PRD-CC04,,Credit,2020-10-02,2027-07-13,379056.92,118329.64,Active
CRD0001471,5109-XXXX-XXXX-2969,CUS0003104,PRD-CC01,,Credit,2023-12-08,2026-12-12,924856.04,86236.4,Active
CRD0001472,5190-XXXX-XXXX-4668,CUS0008511,PRD-CC02,,Credit,2024-11-25,2030-07-12,1227340.19,97689.03,Active
CRD0001473,5974-XXXX-XXXX-3353,CUS0007521,PRD-DC02,ACC00003079,Debit,2024-08-06,2029-06-06,0.0,0.0,Active
CRD0001474,4267-XXXX-XXXX-5450,CUS0001038,PRD-DC02,ACC00011569,Debit,2024-01-02,2028-05-17,0.0,0.0,Active
CRD0001475,4191-XXXX-XXXX-9282,CUS0005572,PRD-DC01,ACC00009548,Debit,2022-12-07,2026-11-08,0.0,0.0,Active
CRD0001476,5272-XXXX-XXXX-5382,CUS0002334,PRD-CC04,,Credit,2025-12-08,2028-01-04,205738.83,41111.13,Active
CRD0001477,4124-XXXX-XXXX-5998,CUS0003188,PRD-DC02,ACC00010844,Debit,2022-10-17,2027-12-23,0.0,0.0,Active
CRD0001478,5399-XXXX-XXXX-8124,CUS0004337,PRD-CC02,,Credit,2025-02-22,2026-11-08,121315.52,103943.62,Active
CRD0001479,4255-XXXX-XXXX-2394,CUS0009713,PRD-CC03,,Credit,2020-11-08,2029-12-14,1390369.19,36337.82,Active
CRD0001480,4105-XXXX-XXXX-1315,CUS0000710,PRD-DC01,ACC00006195,Debit,2023-08-23,2028-06-26,0.0,0.0,Active
CRD0001481,5282-XXXX-XXXX-4012,CUS0007329,PRD-CC01,,Credit,2025-12-03,2027-04-26,1459021.86,140658.68,Active
CRD0001482,5124-XXXX-XXXX-6766,CUS0004832,PRD-CC03,,Credit,2022-03-31,2026-05-06,1498480.96,85956.04,Active
CRD0001483,4989-XXXX-XXXX-8566,CUS0000794,PRD-CC03,,Credit,2022-08-01,2029-06-13,101281.57,171068.3,Active
CRD0001484,5151-XXXX-XXXX-1611,CUS0009009,PRD-DC01,ACC00015065,Debit,2026-03-13,2026-08-09,0.0,0.0,Active
CRD0001485,5432-XXXX-XXXX-2967,CUS0004438,PRD-DC02,ACC00005025,Debit,2024-03-31,2028-10-18,0.0,0.0,Active
CRD0001486,4263-XXXX-XXXX-8452,CUS0004525,PRD-CC03,,Credit,2024-08-26,2027-02-17,1278907.0,152732.19,Active
CRD0001487,5259-XXXX-XXXX-3469,CUS0003630,PRD-CC02,,Credit,2022-10-24,2028-06-24,1042993.03,8104.87,Active
CRD0001488,4537-XXXX-XXXX-3088,CUS0007472,PRD-DC01,,Debit,2024-11-27,2027-08-13,0.0,0.0,Blocked
CRD0001489,5964-XXXX-XXXX-7948,CUS0003854,PRD-CC01,,Credit,2021-12-03,2028-03-20,115242.92,172742.72,Active
CRD0001490,5869-XXXX-XXXX-9384,CUS0008050,PRD-DC01,ACC00012273,Debit,2021-01-23,2026-05-11,0.0,0.0,Active
CRD0001491,4604-XXXX-XXXX-9567,CUS0006368,PRD-CC02,,Credit,2022-09-11,2028-04-11,1075566.96,152933.69,Active
CRD0001492,5461-XXXX-XXXX-7925,CUS0004935,PRD-CC01,,Credit,2023-03-25,2029-07-13,1292805.43,10372.03,Active
CRD0001493,4675-XXXX-XXXX-2250,CUS0004337,PRD-DC01,ACC00010520,Debit,2023-07-13,2030-09-24,0.0,0.0,Active
CRD0001494,4579-XXXX-XXXX-2534,CUS0003106,PRD-CC03,,Credit,2023-12-02,2028-11-09,1052485.0,193258.64,Blocked
CRD0001495,5487-XXXX-XXXX-3430,CUS0004073,PRD-DC01,,Debit,2024-03-09,2027-06-22,0.0,0.0,Active
CRD0001496,5657-XXXX-XXXX-6587,CUS0004974,PRD-CC04,,Credit,2021-08-28,2026-11-11,151634.59,146805.32,Active
CRD0001497,5268-XXXX-XXXX-7126,CUS0009924,PRD-CC04,,Credit,2021-11-02,2030-01-05,1289073.69,14491.39,Active
CRD0001498,4607-XXXX-XXXX-6720,CUS0009063,PRD-CC03,,Credit,2025-04-06,2028-10-02,517093.53,55754.92,Active
CRD0001499,4505-XXXX-XXXX-3404,CUS0001538,PRD-CC02,,Credit,2022-02-27,2028-10-26,585780.62,97764.67,Active
CRD0001500,4392-XXXX-XXXX-3089,CUS0008215,PRD-DC01,,Debit,2020-09-27,2029-04-04,0.0,0.0,Active
CRD0001501,5456-XXXX-XXXX-9352,CUS0000670,PRD-CC04,,Credit,2020-12-12,2028-03-20,1140111.69,65451.9,Active
CRD0001502,4380-XXXX-XXXX-6472,CUS0000435,PRD-DC01,,Debit,2020-10-06,2029-03-04,0.0,0.0,Active
CRD0001503,4160-XXXX-XXXX-1978,CUS0007341,PRD-DC02,ACC00013262,Debit,2023-09-22,2026-11-12,0.0,0.0,Expired
CRD0001504,4745-XXXX-XXXX-5912,CUS0002520,PRD-CC04,,Credit,2021-06-15,2028-02-18,788547.53,195344.31,Active
CRD0001505,5603-XXXX-XXXX-6151,CUS0006463,PRD-CC04,,Credit,2021-02-20,2026-06-30,1220604.66,73104.77,Expired
CRD0001506,5291-XXXX-XXXX-7269,CUS0008339,PRD-CC03,,Credit,2021-05-13,2029-10-30,956173.17,180754.92,Blocked
CRD0001507,5641-XXXX-XXXX-8330,CUS0002440,PRD-DC01,ACC00017188,Debit,2024-01-24,2030-04-27,0.0,0.0,Active
CRD0001508,5594-XXXX-XXXX-9335,CUS0003146,PRD-DC02,ACC00006353,Debit,2022-02-10,2027-09-01,0.0,0.0,Active
CRD0001509,4972-XXXX-XXXX-5388,CUS0001810,PRD-DC01,ACC00006751,Debit,2022-07-02,2027-12-27,0.0,0.0,Active
CRD0001510,4811-XXXX-XXXX-8990,CUS0006624,PRD-CC04,,Credit,2025-12-11,2027-01-13,81976.02,122053.42,Active
CRD0001511,5255-XXXX-XXXX-6815,CUS0001838,PRD-DC01,ACC00014680,Debit,2025-04-16,2027-02-21,0.0,0.0,Active
CRD0001512,5787-XXXX-XXXX-7149,CUS0001151,PRD-CC01,,Credit,2025-07-02,2027-01-11,1409676.83,114860.45,Expired
CRD0001513,4579-XXXX-XXXX-4759,CUS0008643,PRD-DC01,ACC00004301,Debit,2025-02-21,2027-09-12,0.0,0.0,Active
CRD0001514,5447-XXXX-XXXX-2664,CUS0007730,PRD-CC02,,Credit,2024-06-22,2026-10-14,914445.28,22520.15,Active
CRD0001515,5272-XXXX-XXXX-7972,CUS0003941,PRD-DC01,,Debit,2021-10-09,2027-08-15,0.0,0.0,Active
CRD0001516,5167-XXXX-XXXX-1337,CUS0004186,PRD-DC01,ACC00004365,Debit,2020-12-25,2026-09-04,0.0,0.0,Active
CRD0001517,4582-XXXX-XXXX-9415,CUS0006970,PRD-CC03,,Credit,2026-04-04,2027-09-29,1433376.36,195911.49,Active
CRD0001518,4121-XXXX-XXXX-4500,CUS0006089,PRD-CC01,,Credit,2020-07-19,2027-04-08,1163785.05,52448.77,Blocked
CRD0001519,4314-XXXX-XXXX-3085,CUS0002277,PRD-DC01,ACC00000599,Debit,2022-02-09,2029-12-25,0.0,0.0,Active
CRD0001520,5498-XXXX-XXXX-2911,CUS0002233,PRD-CC01,,Credit,2023-06-14,2029-03-29,1174085.41,1956.47,Active
CRD0001521,4238-XXXX-XXXX-3663,CUS0000605,PRD-DC02,ACC00001033,Debit,2026-01-17,2027-02-24,0.0,0.0,Active
CRD0001522,5333-XXXX-XXXX-6881,CUS0009031,PRD-DC01,ACC00012303,Debit,2021-02-21,2027-12-05,0.0,0.0,Expired
CRD0001523,5666-XXXX-XXXX-6918,CUS0008705,PRD-CC04,,Credit,2024-12-05,2029-06-19,1445105.31,189988.55,Active
CRD0001524,4878-XXXX-XXXX-9987,CUS0002535,PRD-CC01,,Credit,2025-12-21,2030-11-23,1254901.43,56403.49,Active
CRD0001525,5413-XXXX-XXXX-5128,CUS0000201,PRD-DC01,ACC00013108,Debit,2021-09-30,2026-05-22,0.0,0.0,Active
CRD0001526,4278-XXXX-XXXX-4736,CUS0008833,PRD-DC02,,Debit,2025-08-12,2027-09-04,0.0,0.0,Active
CRD0001527,5592-XXXX-XXXX-3851,CUS0009230,PRD-CC02,,Credit,2024-08-26,2027-10-28,884774.02,61448.24,Active
CRD0001528,4211-XXXX-XXXX-9576,CUS0008429,PRD-CC03,,Credit,2024-05-15,2027-01-26,809955.08,13762.54,Active
CRD0001529,5104-XXXX-XXXX-1736,CUS0004617,PRD-DC01,ACC00010153,Debit,2024-03-11,2028-06-13,0.0,0.0,Active
CRD0001530,4547-XXXX-XXXX-6039,CUS0007464,PRD-DC02,ACC00008395,Debit,2025-01-25,2026-05-24,0.0,0.0,Active
CRD0001531,4382-XXXX-XXXX-6070,CUS0009159,PRD-CC02,,Credit,2021-09-04,2027-08-22,810136.08,37970.8,Active
CRD0001532,5902-XXXX-XXXX-9766,CUS0003678,PRD-DC01,ACC00017206,Debit,2023-02-03,2028-12-29,0.0,0.0,Active
CRD0001533,4344-XXXX-XXXX-5663,CUS0008915,PRD-CC02,,Credit,2025-08-08,2027-03-19,1228105.73,177283.13,Active
CRD0001534,4411-XXXX-XXXX-6190,CUS0003203,PRD-CC04,,Credit,2024-03-23,2027-10-11,1000131.26,68910.97,Active
CRD0001535,5859-XXXX-XXXX-6090,CUS0006312,PRD-CC04,,Credit,2024-05-26,2028-12-03,607578.64,96007.46,Active
CRD0001536,5690-XXXX-XXXX-9090,CUS0005450,PRD-DC02,,Debit,2023-03-11,2029-04-24,0.0,0.0,Active
CRD0001537,5432-XXXX-XXXX-6568,CUS0000361,PRD-DC02,ACC00016424,Debit,2024-09-19,2028-10-25,0.0,0.0,Active
CRD0001538,4280-XXXX-XXXX-5403,CUS0004643,PRD-CC04,,Credit,2024-12-02,2026-12-11,637774.6,36682.04,Active
CRD0001539,4371-XXXX-XXXX-5221,CUS0002178,PRD-CC04,,Credit,2021-02-11,2030-06-19,383918.44,132658.47,Active
CRD0001540,5329-XXXX-XXXX-8924,CUS0002682,PRD-CC01,,Credit,2025-08-21,2027-03-09,1493081.09,7210.08,Active
CRD0001541,5364-XXXX-XXXX-5574,CUS0006947,PRD-CC03,,Credit,2020-11-24,2027-07-24,1259879.77,18650.06,Active
CRD0001542,5619-XXXX-XXXX-3198,CUS0006569,PRD-DC02,ACC00017172,Debit,2025-03-10,2027-12-18,0.0,0.0,Active
CRD0001543,4423-XXXX-XXXX-7939,CUS0000441,PRD-CC04,,Credit,2022-01-28,2028-09-24,750662.17,198316.98,Active
CRD0001544,4252-XXXX-XXXX-6885,CUS0007499,PRD-CC01,,Credit,2025-10-11,2026-11-27,1299845.61,38928.51,Active
CRD0001545,5431-XXXX-XXXX-9574,CUS0008798,PRD-CC02,,Credit,2024-09-25,2027-12-08,34564.57,94964.76,Active
CRD0001546,5767-XXXX-XXXX-7557,CUS0000292,PRD-DC01,ACC00010301,Debit,2021-03-11,2027-04-19,0.0,0.0,Active
CRD0001547,5312-XXXX-XXXX-6134,CUS0003531,PRD-CC04,,Credit,2024-01-31,2028-01-25,221980.64,100210.2,Active
CRD0001548,4574-XXXX-XXXX-7437,CUS0000454,PRD-DC02,ACC00007833,Debit,2024-08-26,2030-10-23,0.0,0.0,Active
CRD0001549,5216-XXXX-XXXX-8107,CUS0001856,PRD-DC02,ACC00016758,Debit,2022-07-24,2029-10-08,0.0,0.0,Active
CRD0001550,4905-XXXX-XXXX-9621,CUS0005280,PRD-CC02,,Credit,2021-11-11,2026-10-31,1431368.88,149087.12,Active
CRD0001551,4526-XXXX-XXXX-3608,CUS0003953,PRD-CC02,,Credit,2021-08-31,2028-11-02,1087670.73,48064.34,Active
CRD0001552,4670-XXXX-XXXX-6120,CUS0007713,PRD-DC01,ACC00017979,Debit,2022-09-29,2027-12-11,0.0,0.0,Active
CRD0001553,5266-XXXX-XXXX-6657,CUS0001255,PRD-DC02,ACC00007467,Debit,2020-02-06,2028-02-25,0.0,0.0,Active
CRD0001554,4413-XXXX-XXXX-2531,CUS0001892,PRD-DC01,ACC00007376,Debit,2022-05-21,2030-07-04,0.0,0.0,Active
CRD0001555,4895-XXXX-XXXX-5833,CUS0000673,PRD-DC02,,Debit,2024-01-13,2027-12-16,0.0,0.0,Active
CRD0001556,4152-XXXX-XXXX-1196,CUS0004159,PRD-CC02,,Credit,2025-06-16,2026-08-08,1067486.3,155097.17,Active
CRD0001557,5575-XXXX-XXXX-7542,CUS0004938,PRD-CC01,,Credit,2026-03-19,2028-07-09,1336227.36,81422.59,Active
CRD0001558,5142-XXXX-XXXX-3942,CUS0008239,PRD-CC02,,Credit,2024-12-17,2026-06-05,360546.42,168362.85,Active
CRD0001559,4320-XXXX-XXXX-7255,CUS0002604,PRD-DC01,,Debit,2023-10-20,2030-04-09,0.0,0.0,Active
CRD0001560,5663-XXXX-XXXX-7105,CUS0003211,PRD-DC01,,Debit,2024-08-06,2028-10-03,0.0,0.0,Active
CRD0001561,5649-XXXX-XXXX-2797,CUS0001700,PRD-CC01,,Credit,2020-06-20,2027-12-22,51280.99,112850.68,Active
CRD0001562,4302-XXXX-XXXX-7891,CUS0007924,PRD-CC03,,Credit,2021-10-18,2028-07-31,71643.46,70323.08,Active
CRD0001563,4506-XXXX-XXXX-2852,CUS0002154,PRD-CC02,,Credit,2020-12-30,2026-09-28,57163.06,125271.86,Active
CRD0001564,5547-XXXX-XXXX-1570,CUS0003943,PRD-CC01,,Credit,2022-07-26,2029-05-22,236381.11,197634.17,Active
CRD0001565,4563-XXXX-XXXX-6607,CUS0003403,PRD-CC02,,Credit,2026-04-21,2027-12-28,1344809.26,133676.21,Active
CRD0001566,4100-XXXX-XXXX-4868,CUS0002829,PRD-CC04,,Credit,2020-08-10,2030-11-02,1181750.88,15111.14,Active
CRD0001567,5788-XXXX-XXXX-9162,CUS0000036,PRD-CC04,,Credit,2021-01-30,2030-06-16,1495713.65,9654.54,Active
CRD0001568,5624-XXXX-XXXX-6412,CUS0002971,PRD-DC01,ACC00004394,Debit,2023-06-02,2027-12-10,0.0,0.0,Active
CRD0001569,4233-XXXX-XXXX-7610,CUS0004218,PRD-CC01,,Credit,2022-07-27,2026-11-04,428866.24,14183.54,Active
CRD0001570,5127-XXXX-XXXX-6011,CUS0008655,PRD-DC02,,Debit,2025-02-26,2030-01-07,0.0,0.0,Active
CRD0001571,4560-XXXX-XXXX-8357,CUS0002711,PRD-DC01,ACC00013424,Debit,2026-02-10,2027-12-12,0.0,0.0,Active
CRD0001572,5972-XXXX-XXXX-2725,CUS0004744,PRD-CC03,,Credit,2025-08-12,2027-12-10,162929.37,49819.49,Active
CRD0001573,4824-XXXX-XXXX-8296,CUS0001347,PRD-CC01,,Credit,2021-05-18,2026-06-02,757930.82,50453.06,Active
CRD0001574,4511-XXXX-XXXX-1091,CUS0002346,PRD-CC01,,Credit,2025-10-04,2027-04-06,872568.77,22749.74,Active
CRD0001575,5121-XXXX-XXXX-2063,CUS0006535,PRD-CC02,,Credit,2022-10-04,2030-06-02,657732.03,101219.38,Active
CRD0001576,5176-XXXX-XXXX-6128,CUS0007521,PRD-DC01,ACC00007735,Debit,2025-11-16,2029-12-22,0.0,0.0,Active
CRD0001577,5857-XXXX-XXXX-2837,CUS0005895,PRD-DC01,ACC00014712,Debit,2021-09-12,2028-03-29,0.0,0.0,Active
CRD0001578,4935-XXXX-XXXX-7363,CUS0000954,PRD-CC02,,Credit,2022-12-31,2028-03-15,1165136.65,151401.06,Active
CRD0001579,4896-XXXX-XXXX-7695,CUS0000972,PRD-CC01,,Credit,2021-07-07,2028-05-25,720343.19,47851.72,Active
CRD0001580,5473-XXXX-XXXX-9960,CUS0000520,PRD-CC01,,Credit,2020-08-23,2030-12-21,1382038.67,108200.01,Active
CRD0001581,5417-XXXX-XXXX-2417,CUS0004012,PRD-CC01,,Credit,2021-01-17,2028-04-24,1285646.31,120622.5,Active
CRD0001582,5839-XXXX-XXXX-1508,CUS0002107,PRD-DC02,ACC00016014,Debit,2025-12-20,2029-01-09,0.0,0.0,Active
CRD0001583,5874-XXXX-XXXX-7256,CUS0004859,PRD-DC01,ACC00000612,Debit,2021-05-01,2029-07-08,0.0,0.0,Active
CRD0001584,4148-XXXX-XXXX-9858,CUS0002246,PRD-CC03,,Credit,2025-08-15,2027-07-10,1322889.2,87933.66,Active
CRD0001585,4677-XXXX-XXXX-7980,CUS0003464,PRD-CC04,,Credit,2021-04-09,2028-01-03,1352752.78,24057.64,Active
CRD0001586,5671-XXXX-XXXX-3060,CUS0004366,PRD-DC01,ACC00009067,Debit,2024-09-08,2027-10-20,0.0,0.0,Active
CRD0001587,4636-XXXX-XXXX-7150,CUS0002178,PRD-CC01,,Credit,2020-12-22,2028-11-03,172195.52,18144.76,Active
CRD0001588,5594-XXXX-XXXX-2650,CUS0006015,PRD-CC01,,Credit,2024-07-09,2027-09-28,458867.41,83967.03,Active
CRD0001589,4103-XXXX-XXXX-8601,CUS0004356,PRD-CC04,,Credit,2021-11-21,2029-11-02,347840.28,113859.87,Active
CRD0001590,5819-XXXX-XXXX-1795,CUS0007292,PRD-CC02,,Credit,2025-05-18,2029-10-22,1343943.2,104245.53,Active
CRD0001591,5730-XXXX-XXXX-7488,CUS0005388,PRD-DC01,ACC00014738,Debit,2021-07-21,2029-10-16,0.0,0.0,Active
CRD0001592,4181-XXXX-XXXX-4403,CUS0004964,PRD-CC01,,Credit,2024-05-31,2026-11-17,61542.3,92293.83,Active
CRD0001593,4231-XXXX-XXXX-3557,CUS0009842,PRD-DC01,,Debit,2024-11-07,2027-09-05,0.0,0.0,Active
CRD0001594,5873-XXXX-XXXX-3585,CUS0003854,PRD-CC03,,Credit,2020-01-08,2030-07-10,1049819.63,57672.63,Active
CRD0001595,5254-XXXX-XXXX-1132,CUS0004117,PRD-CC04,,Credit,2022-03-20,2028-08-29,485999.78,168501.98,Active
CRD0001596,5795-XXXX-XXXX-3963,CUS0009635,PRD-CC03,,Credit,2022-12-09,2030-05-26,461531.02,71303.02,Active
CRD0001597,4546-XXXX-XXXX-4451,CUS0003507,PRD-CC02,,Credit,2023-12-07,2029-10-22,627120.59,79213.78,Active
CRD0001598,4848-XXXX-XXXX-1791,CUS0006019,PRD-CC01,,Credit,2021-08-18,2027-12-25,1069497.6,127566.11,Active
CRD0001599,4798-XXXX-XXXX-9891,CUS0009355,PRD-CC02,,Credit,2020-11-04,2030-08-19,881415.46,31083.18,Active
CRD0001600,4936-XXXX-XXXX-9573,CUS0007890,PRD-DC01,ACC00016501,Debit,2022-05-07,2027-05-07,0.0,0.0,Active
CRD0001601,5998-XXXX-XXXX-7244,CUS0009180,PRD-CC02,,Credit,2024-07-14,2030-10-03,150107.53,165871.18,Active
CRD0001602,5707-XXXX-XXXX-4260,CUS0001613,PRD-CC01,,Credit,2022-01-11,2028-09-01,1222141.57,164058.24,Active
CRD0001603,4294-XXXX-XXXX-5895,CUS0000629,PRD-DC01,ACC00011537,Debit,2023-02-11,2030-02-18,0.0,0.0,Active
CRD0001604,5141-XXXX-XXXX-1702,CUS0007114,PRD-DC01,ACC00002706,Debit,2023-03-04,2029-05-10,0.0,0.0,Active
CRD0001605,5719-XXXX-XXXX-9824,CUS0001116,PRD-CC04,,Credit,2025-05-08,2027-04-05,1465827.89,49234.38,Active
CRD0001606,4607-XXXX-XXXX-9820,CUS0008730,PRD-DC01,,Debit,2020-12-23,2030-04-14,0.0,0.0,Active
CRD0001607,4326-XXXX-XXXX-9862,CUS0007151,PRD-DC01,ACC00004400,Debit,2023-07-20,2027-08-15,0.0,0.0,Active
CRD0001608,5226-XXXX-XXXX-6202,CUS0000663,PRD-CC02,,Credit,2020-10-09,2029-04-21,68655.84,57906.59,Active
CRD0001609,4553-XXXX-XXXX-9012,CUS0003729,PRD-DC02,ACC00015495,Debit,2023-05-06,2026-05-29,0.0,0.0,Blocked
CRD0001610,4696-XXXX-XXXX-7259,CUS0002793,PRD-DC01,ACC00008926,Debit,2024-06-30,2028-01-22,0.0,0.0,Active
CRD0001611,4105-XXXX-XXXX-5740,CUS0009143,PRD-CC04,,Credit,2024-08-07,2026-06-21,174165.73,185978.79,Blocked
CRD0001612,5126-XXXX-XXXX-2521,CUS0001185,PRD-DC02,ACC00005975,Debit,2022-12-17,2028-05-03,0.0,0.0,Active
CRD0001613,4334-XXXX-XXXX-9858,CUS0003903,PRD-CC02,,Credit,2020-08-24,2027-11-26,1304912.33,87205.87,Active
CRD0001614,5986-XXXX-XXXX-4779,CUS0006821,PRD-CC01,,Credit,2023-07-08,2029-01-13,1309239.8,180846.75,Active
CRD0001615,5472-XXXX-XXXX-5116,CUS0007519,PRD-CC02,,Credit,2020-12-10,2027-06-17,87695.17,166772.79,Expired
CRD0001616,4235-XXXX-XXXX-3097,CUS0009478,PRD-CC02,,Credit,2025-07-22,2030-01-04,1488124.78,60143.82,Active
CRD0001617,5927-XXXX-XXXX-5310,CUS0004162,PRD-CC03,,Credit,2023-11-16,2029-04-29,168325.59,176232.69,Expired
CRD0001618,5926-XXXX-XXXX-7033,CUS0003094,PRD-CC04,,Credit,2021-10-18,2027-02-07,1040598.41,174906.41,Active
CRD0001619,4532-XXXX-XXXX-1042,CUS0003465,PRD-CC04,,Credit,2023-07-01,2028-07-14,266811.76,22531.54,Active
CRD0001620,4423-XXXX-XXXX-5684,CUS0001521,PRD-CC03,,Credit,2020-12-29,2026-10-17,135806.11,118601.89,Active
CRD0001621,4602-XXXX-XXXX-1934,CUS0005559,PRD-CC02,,Credit,2022-06-29,2030-10-19,1417193.33,28631.57,Active
CRD0001622,5506-XXXX-XXXX-4634,CUS0003830,PRD-CC02,,Credit,2022-10-10,2029-04-06,977480.13,47928.24,Active
CRD0001623,4365-XXXX-XXXX-5266,CUS0000234,PRD-CC02,,Credit,2024-01-17,2027-06-19,778031.86,58956.95,Active
CRD0001624,5811-XXXX-XXXX-7716,CUS0008936,PRD-CC02,,Credit,2020-01-11,2026-07-01,36108.19,59037.06,Active
CRD0001625,4687-XXXX-XXXX-2401,CUS0005712,PRD-CC02,,Credit,2020-12-19,2027-11-25,700228.48,80422.53,Active
CRD0001626,5427-XXXX-XXXX-2657,CUS0002595,PRD-CC03,,Credit,2020-10-30,2027-11-21,376461.36,21725.08,Active
CRD0001627,4560-XXXX-XXXX-7091,CUS0007215,PRD-CC03,,Credit,2025-11-01,2029-04-12,1282659.17,171220.14,Active
CRD0001628,5846-XXXX-XXXX-6305,CUS0006291,PRD-DC02,,Debit,2020-03-26,2027-02-19,0.0,0.0,Active
CRD0001629,5842-XXXX-XXXX-7068,CUS0002926,PRD-DC02,ACC00005031,Debit,2022-07-05,2026-12-08,0.0,0.0,Active
CRD0001630,5854-XXXX-XXXX-4363,CUS0007137,PRD-CC02,,Credit,2024-06-14,2030-08-27,1494256.03,11882.11,Active
CRD0001631,4368-XXXX-XXXX-8675,CUS0005996,PRD-CC04,,Credit,2025-02-18,2027-08-21,1349428.36,152216.09,Active
CRD0001632,5233-XXXX-XXXX-6748,CUS0001495,PRD-DC01,ACC00015284,Debit,2025-05-20,2030-11-16,0.0,0.0,Active
CRD0001633,4574-XXXX-XXXX-4962,CUS0000062,PRD-DC02,ACC00015723,Debit,2024-04-13,2029-05-10,0.0,0.0,Active
CRD0001634,4400-XXXX-XXXX-4704,CUS0003100,PRD-DC01,ACC00016983,Debit,2022-08-14,2028-09-24,0.0,0.0,Active
CRD0001635,4540-XXXX-XXXX-1644,CUS0008567,PRD-DC02,,Debit,2025-11-09,2027-04-10,0.0,0.0,Active
CRD0001636,5796-XXXX-XXXX-2985,CUS0003422,PRD-CC03,,Credit,2025-06-27,2029-12-04,562809.91,37362.79,Active
CRD0001637,5220-XXXX-XXXX-3247,CUS0007185,PRD-DC02,ACC00009194,Debit,2020-09-12,2028-01-14,0.0,0.0,Active
CRD0001638,5720-XXXX-XXXX-6927,CUS0001086,PRD-DC01,ACC00004770,Debit,2021-11-25,2028-08-04,0.0,0.0,Active
CRD0001639,5713-XXXX-XXXX-6795,CUS0001258,PRD-DC01,ACC00003947,Debit,2021-11-04,2027-12-13,0.0,0.0,Active
CRD0001640,4353-XXXX-XXXX-2232,CUS0006671,PRD-CC01,,Credit,2021-09-14,2028-01-02,1205058.25,186745.62,Active
CRD0001641,4291-XXXX-XXXX-5767,CUS0007305,PRD-CC02,,Credit,2021-02-24,2029-10-13,529026.58,5144.58,Active
CRD0001642,5324-XXXX-XXXX-3930,CUS0003796,PRD-CC01,,Credit,2025-12-31,2027-11-11,744850.38,63530.93,Active
CRD0001643,4939-XXXX-XXXX-7857,CUS0008863,PRD-DC01,ACC00016086,Debit,2022-09-28,2027-12-24,0.0,0.0,Active
CRD0001644,5839-XXXX-XXXX-9518,CUS0005112,PRD-CC03,,Credit,2023-08-10,2028-04-07,431037.45,195191.04,Active
CRD0001645,4896-XXXX-XXXX-6125,CUS0007658,PRD-CC01,,Credit,2022-03-14,2027-09-09,1130629.59,157339.54,Active
CRD0001646,5523-XXXX-XXXX-5336,CUS0006098,PRD-CC02,,Credit,2020-08-01,2030-11-17,1047409.97,134395.14,Active
CRD0001647,4189-XXXX-XXXX-7577,CUS0004720,PRD-DC02,ACC00011045,Debit,2024-03-15,2028-08-24,0.0,0.0,Active
CRD0001648,4578-XXXX-XXXX-2134,CUS0008970,PRD-DC02,ACC00005248,Debit,2024-12-29,2027-11-26,0.0,0.0,Active
CRD0001649,5764-XXXX-XXXX-1312,CUS0000250,PRD-CC04,,Credit,2020-02-07,2027-07-05,956622.9,193509.97,Active
CRD0001650,5654-XXXX-XXXX-9960,CUS0006459,PRD-CC03,,Credit,2021-02-22,2027-08-28,80779.07,2923.26,Active
CRD0001651,4791-XXXX-XXXX-2351,CUS0002955,PRD-CC01,,Credit,2024-07-14,2028-03-29,888103.75,819.96,Active
CRD0001652,4722-XXXX-XXXX-8410,CUS0005777,PRD-DC01,ACC00009104,Debit,2020-11-05,2026-07-06,0.0,0.0,Active
CRD0001653,5349-XXXX-XXXX-6701,CUS0000942,PRD-CC04,,Credit,2023-12-09,2030-05-06,785156.73,120017.0,Active
CRD0001654,5316-XXXX-XXXX-8378,CUS0008410,PRD-DC01,ACC00003107,Debit,2025-12-16,2027-09-23,0.0,0.0,Active
CRD0001655,5133-XXXX-XXXX-3368,CUS0006640,PRD-CC01,,Credit,2026-02-17,2029-09-06,409195.17,33833.06,Active
CRD0001656,4745-XXXX-XXXX-1069,CUS0005805,PRD-DC01,ACC00006903,Debit,2026-03-07,2029-05-15,0.0,0.0,Active
CRD0001657,4708-XXXX-XXXX-5771,CUS0009611,PRD-DC02,ACC00017090,Debit,2025-08-31,2027-06-14,0.0,0.0,Active
CRD0001658,5549-XXXX-XXXX-9822,CUS0004184,PRD-CC01,,Credit,2021-10-25,2030-07-26,1034413.83,65397.45,Active
CRD0001659,4814-XXXX-XXXX-7390,CUS0003190,PRD-DC02,ACC00016416,Debit,2022-10-30,2030-12-18,0.0,0.0,Active
CRD0001660,5597-XXXX-XXXX-1326,CUS0001496,PRD-CC03,,Credit,2020-08-02,2030-08-22,1281279.53,78672.69,Active
CRD0001661,5268-XXXX-XXXX-1848,CUS0002877,PRD-DC01,ACC00009438,Debit,2022-12-03,2030-02-03,0.0,0.0,Expired
CRD0001662,5991-XXXX-XXXX-1147,CUS0001957,PRD-CC03,,Credit,2023-12-14,2029-04-28,1064513.25,80769.46,Active
CRD0001663,4619-XXXX-XXXX-3292,CUS0001069,PRD-DC02,ACC00014308,Debit,2020-01-27,2027-08-19,0.0,0.0,Active
CRD0001664,5890-XXXX-XXXX-6983,CUS0008675,PRD-CC02,,Credit,2022-08-27,2028-01-23,1054370.58,152903.8,Active
CRD0001665,5106-XXXX-XXXX-6469,CUS0002455,PRD-CC01,,Credit,2023-10-27,2029-09-06,736825.7,11803.59,Active
CRD0001666,4872-XXXX-XXXX-6399,CUS0000519,PRD-CC03,,Credit,2023-06-25,2028-07-09,793793.06,197794.72,Active
CRD0001667,4369-XXXX-XXXX-6722,CUS0003933,PRD-DC01,ACC00014802,Debit,2025-03-22,2029-08-22,0.0,0.0,Active
CRD0001668,5425-XXXX-XXXX-4829,CUS0003450,PRD-DC02,ACC00000083,Debit,2025-07-06,2028-12-11,0.0,0.0,Active
CRD0001669,4222-XXXX-XXXX-7096,CUS0003285,PRD-CC02,,Credit,2020-08-26,2029-11-12,576757.53,16636.56,Active
CRD0001670,4998-XXXX-XXXX-1096,CUS0006791,PRD-CC02,,Credit,2022-01-20,2028-01-04,859752.02,16716.45,Active
CRD0001671,5561-XXXX-XXXX-3820,CUS0002459,PRD-DC01,ACC00010680,Debit,2024-01-18,2030-09-03,0.0,0.0,Active
CRD0001672,5853-XXXX-XXXX-5722,CUS0009977,PRD-DC01,ACC00014491,Debit,2022-01-10,2028-05-07,0.0,0.0,Active
CRD0001673,4246-XXXX-XXXX-4669,CUS0002572,PRD-DC01,ACC00004555,Debit,2020-08-02,2028-01-11,0.0,0.0,Active
CRD0001674,4168-XXXX-XXXX-1492,CUS0004737,PRD-CC01,,Credit,2021-01-22,2030-06-08,438380.16,39548.64,Active
CRD0001675,5808-XXXX-XXXX-3738,CUS0001285,PRD-CC03,,Credit,2024-12-04,2028-08-07,44124.69,199544.74,Active
CRD0001676,5167-XXXX-XXXX-3458,CUS0003548,PRD-CC02,,Credit,2022-09-21,2028-12-09,628990.1,168623.05,Active
CRD0001677,4403-XXXX-XXXX-8129,CUS0000992,PRD-DC01,ACC00007908,Debit,2024-10-05,2029-03-22,0.0,0.0,Active
CRD0001678,5899-XXXX-XXXX-3850,CUS0009403,PRD-CC04,,Credit,2020-11-03,2028-05-09,631521.48,100233.22,Active
CRD0001679,5903-XXXX-XXXX-9229,CUS0000856,PRD-CC03,,Credit,2023-03-23,2027-09-25,1110250.84,83075.59,Blocked
CRD0001680,4942-XXXX-XXXX-1259,CUS0009036,PRD-CC01,,Credit,2026-02-09,2030-09-07,455578.44,120908.06,Active
CRD0001681,5529-XXXX-XXXX-1249,CUS0001799,PRD-CC02,,Credit,2020-11-29,2028-11-24,441252.89,20411.14,Active
CRD0001682,5649-XXXX-XXXX-6968,CUS0001123,PRD-CC04,,Credit,2025-06-08,2028-01-17,1478196.99,143318.94,Active
CRD0001683,5643-XXXX-XXXX-3530,CUS0004667,PRD-CC02,,Credit,2023-07-29,2028-03-31,106905.55,195486.03,Active
CRD0001684,4777-XXXX-XXXX-9229,CUS0003014,PRD-CC01,,Credit,2025-04-02,2028-08-26,997240.4,143774.1,Active
CRD0001685,5237-XXXX-XXXX-5360,CUS0000226,PRD-DC01,ACC00016383,Debit,2022-12-06,2028-08-03,0.0,0.0,Active
CRD0001686,5824-XXXX-XXXX-6340,CUS0005655,PRD-CC02,,Credit,2025-08-23,2027-01-15,896319.0,15160.46,Active
CRD0001687,4884-XXXX-XXXX-1804,CUS0004357,PRD-CC03,,Credit,2023-12-25,2028-04-23,332549.23,153763.28,Active
CRD0001688,4464-XXXX-XXXX-1952,CUS0004640,PRD-CC04,,Credit,2021-03-13,2030-08-08,1442037.91,122023.89,Active
CRD0001689,4402-XXXX-XXXX-9130,CUS0006924,PRD-CC04,,Credit,2020-08-31,2028-09-13,1146938.36,135385.8,Active
CRD0001690,5266-XXXX-XXXX-1885,CUS0002894,PRD-CC02,,Credit,2023-12-20,2029-02-27,1069322.7,145657.57,Active
CRD0001691,5311-XXXX-XXXX-3464,CUS0000919,PRD-CC04,,Credit,2025-08-18,2028-02-06,878048.25,81835.09,Blocked
CRD0001692,4103-XXXX-XXXX-9434,CUS0001785,PRD-CC02,,Credit,2024-04-15,2026-08-08,657585.72,121003.64,Active
CRD0001693,4370-XXXX-XXXX-3006,CUS0002330,PRD-CC04,,Credit,2024-09-12,2030-11-26,602772.59,42833.64,Active
CRD0001694,4937-XXXX-XXXX-6834,CUS0002893,PRD-CC01,,Credit,2022-08-04,2028-06-17,39359.55,45011.11,Active
CRD0001695,4345-XXXX-XXXX-7344,CUS0000912,PRD-DC01,ACC00008711,Debit,2025-06-10,2029-02-16,0.0,0.0,Active
CRD0001696,5595-XXXX-XXXX-5347,CUS0003629,PRD-DC02,ACC00009751,Debit,2023-12-30,2030-03-21,0.0,0.0,Active
CRD0001697,5505-XXXX-XXXX-3419,CUS0001579,PRD-CC03,,Credit,2022-05-25,2027-10-06,767748.13,19091.09,Active
CRD0001698,4444-XXXX-XXXX-2669,CUS0006036,PRD-DC02,ACC00009130,Debit,2025-02-11,2029-06-01,0.0,0.0,Blocked
CRD0001699,4718-XXXX-XXXX-8479,CUS0000502,PRD-CC01,,Credit,2026-03-15,2029-11-24,123156.9,184314.91,Active
CRD0001700,4741-XXXX-XXXX-6156,CUS0000900,PRD-CC03,,Credit,2022-11-25,2026-11-25,1380611.92,79644.72,Active
CRD0001701,4413-XXXX-XXXX-4265,CUS0000363,PRD-CC03,,Credit,2020-10-14,2029-04-20,61528.72,75124.87,Active
CRD0001702,5710-XXXX-XXXX-9008,CUS0000206,PRD-CC01,,Credit,2023-05-10,2030-04-24,120141.74,91420.73,Active
CRD0001703,4928-XXXX-XXXX-8078,CUS0000707,PRD-CC04,,Credit,2025-03-31,2029-06-16,984357.29,152638.24,Blocked
CRD0001704,5560-XXXX-XXXX-7010,CUS0001154,PRD-DC02,ACC00010166,Debit,2025-05-28,2029-07-25,0.0,0.0,Active
CRD0001705,4822-XXXX-XXXX-5315,CUS0000052,PRD-CC02,,Credit,2024-10-14,2029-01-28,857148.14,66604.93,Active
CRD0001706,4450-XXXX-XXXX-8181,CUS0007652,PRD-CC01,,Credit,2020-12-17,2026-08-01,977183.89,179666.47,Active
CRD0001707,5471-XXXX-XXXX-7302,CUS0007740,PRD-DC02,ACC00004199,Debit,2023-07-02,2029-02-08,0.0,0.0,Active
CRD0001708,5747-XXXX-XXXX-1155,CUS0007123,PRD-DC02,ACC00010817,Debit,2022-06-13,2027-10-31,0.0,0.0,Active
CRD0001709,5201-XXXX-XXXX-3707,CUS0000024,PRD-CC04,,Credit,2021-06-13,2026-05-15,983225.41,6931.92,Active
CRD0001710,5181-XXXX-XXXX-8183,CUS0002496,PRD-CC02,,Credit,2021-11-13,2026-10-07,504381.09,157334.13,Active
CRD0001711,5990-XXXX-XXXX-9649,CUS0008491,PRD-CC04,,Credit,2020-07-25,2029-12-21,1167153.85,154860.35,Active
CRD0001712,5781-XXXX-XXXX-9867,CUS0006186,PRD-DC02,,Debit,2022-05-23,2029-10-18,0.0,0.0,Active
CRD0001713,5700-XXXX-XXXX-3942,CUS0008522,PRD-CC02,,Credit,2026-02-25,2030-07-10,1029950.68,148818.22,Active
CRD0001714,4959-XXXX-XXXX-8890,CUS0006276,PRD-CC02,,Credit,2024-04-06,2028-03-04,322803.74,36893.69,Active
CRD0001715,4134-XXXX-XXXX-7958,CUS0003038,PRD-DC02,ACC00017585,Debit,2025-08-30,2027-09-09,0.0,0.0,Active
CRD0001716,4195-XXXX-XXXX-8017,CUS0002840,PRD-CC04,,Credit,2021-08-08,2029-03-25,1484082.81,13978.23,Active
CRD0001717,5452-XXXX-XXXX-2727,CUS0005692,PRD-CC02,,Credit,2021-08-08,2026-08-03,1320962.35,136277.37,Active
CRD0001718,4492-XXXX-XXXX-7421,CUS0001486,PRD-DC02,ACC00011231,Debit,2025-12-12,2028-12-01,0.0,0.0,Blocked
CRD0001719,4803-XXXX-XXXX-7198,CUS0004300,PRD-DC01,ACC00003626,Debit,2022-02-05,2026-06-12,0.0,0.0,Active
CRD0001720,5200-XXXX-XXXX-5177,CUS0004581,PRD-CC04,,Credit,2024-07-20,2029-03-08,439245.33,133437.88,Active
CRD0001721,4834-XXXX-XXXX-7230,CUS0008065,PRD-CC04,,Credit,2026-03-10,2030-03-03,552356.72,195272.31,Active
CRD0001722,4711-XXXX-XXXX-9003,CUS0003541,PRD-DC02,ACC00011353,Debit,2024-05-28,2028-10-21,0.0,0.0,Active
CRD0001723,5588-XXXX-XXXX-7042,CUS0003006,PRD-CC02,,Credit,2022-09-15,2029-10-02,1068621.16,104078.09,Active
CRD0001724,4970-XXXX-XXXX-9894,CUS0007798,PRD-CC04,,Credit,2021-11-21,2030-11-27,581822.02,54460.89,Active
CRD0001725,5129-XXXX-XXXX-3699,CUS0008539,PRD-DC02,ACC00001635,Debit,2022-12-10,2026-09-09,0.0,0.0,Active
CRD0001726,5694-XXXX-XXXX-6745,CUS0000705,PRD-DC02,,Debit,2023-04-25,2029-05-14,0.0,0.0,Active
CRD0001727,5453-XXXX-XXXX-6787,CUS0007902,PRD-CC02,,Credit,2025-03-15,2028-02-18,237489.66,133059.86,Active
CRD0001728,4889-XXXX-XXXX-3459,CUS0006705,PRD-DC02,ACC00017183,Debit,2025-10-20,2029-03-16,0.0,0.0,Active
CRD0001729,5923-XXXX-XXXX-7867,CUS0007792,PRD-CC04,,Credit,2020-09-23,2029-05-27,166793.11,122990.84,Active
CRD0001730,5180-XXXX-XXXX-2582,CUS0009641,PRD-CC04,,Credit,2024-03-03,2029-10-28,341164.92,34644.12,Active
CRD0001731,4560-XXXX-XXXX-1307,CUS0008785,PRD-CC04,,Credit,2021-10-08,2030-10-16,664345.31,35584.35,Active
CRD0001732,4573-XXXX-XXXX-3576,CUS0007582,PRD-CC04,,Credit,2023-05-09,2029-10-23,1395218.32,52989.71,Active
CRD0001733,4828-XXXX-XXXX-7259,CUS0002654,PRD-CC04,,Credit,2020-10-10,2027-09-05,264443.72,53362.28,Active
CRD0001734,4209-XXXX-XXXX-6222,CUS0001504,PRD-DC01,ACC00015113,Debit,2024-07-21,2028-06-12,0.0,0.0,Active
CRD0001735,5960-XXXX-XXXX-7465,CUS0001847,PRD-CC02,,Credit,2023-01-27,2027-09-28,830628.82,52799.69,Active
CRD0001736,5574-XXXX-XXXX-6115,CUS0006769,PRD-CC03,,Credit,2021-01-24,2030-11-09,399221.72,51386.46,Active
CRD0001737,4419-XXXX-XXXX-1951,CUS0004296,PRD-DC01,ACC00006281,Debit,2020-12-11,2027-12-28,0.0,0.0,Active
CRD0001738,5122-XXXX-XXXX-1727,CUS0006500,PRD-CC01,,Credit,2024-02-04,2027-01-08,917195.52,141255.85,Active
CRD0001739,4937-XXXX-XXXX-5867,CUS0006438,PRD-DC02,ACC00011557,Debit,2023-02-22,2028-08-31,0.0,0.0,Active
CRD0001740,4466-XXXX-XXXX-5806,CUS0003431,PRD-CC02,,Credit,2023-08-20,2028-11-06,1135783.53,137035.22,Active
CRD0001741,4196-XXXX-XXXX-5234,CUS0007200,PRD-CC04,,Credit,2022-10-21,2030-12-19,594804.16,37918.55,Active
CRD0001742,5543-XXXX-XXXX-2258,CUS0002827,PRD-DC01,,Debit,2022-09-04,2029-09-01,0.0,0.0,Active
CRD0001743,4359-XXXX-XXXX-7275,CUS0004238,PRD-CC03,,Credit,2021-02-28,2028-12-05,314343.82,176332.17,Expired
CRD0001744,4155-XXXX-XXXX-4066,CUS0006560,PRD-CC04,,Credit,2023-07-12,2028-02-20,840048.3,86381.34,Active
CRD0001745,4351-XXXX-XXXX-7381,CUS0007089,PRD-CC03,,Credit,2022-02-23,2029-01-15,388288.11,168824.52,Active
CRD0001746,5948-XXXX-XXXX-5265,CUS0007366,PRD-DC01,ACC00004005,Debit,2023-10-11,2029-08-09,0.0,0.0,Active
CRD0001747,4760-XXXX-XXXX-3822,CUS0006584,PRD-DC02,ACC00016538,Debit,2023-03-14,2030-06-20,0.0,0.0,Active
CRD0001748,4984-XXXX-XXXX-9357,CUS0005031,PRD-DC02,ACC00017192,Debit,2021-03-25,2027-09-16,0.0,0.0,Active
CRD0001749,4470-XXXX-XXXX-2449,CUS0008010,PRD-CC02,,Credit,2023-10-30,2027-02-27,758113.47,185128.92,Active
CRD0001750,5470-XXXX-XXXX-5249,CUS0006078,PRD-CC03,,Credit,2025-11-12,2028-06-29,837624.41,179462.63,Active
CRD0001751,5241-XXXX-XXXX-2588,CUS0003285,PRD-DC02,ACC00001006,Debit,2021-10-31,2029-05-15,0.0,0.0,Active
CRD0001752,5968-XXXX-XXXX-3897,CUS0004213,PRD-DC01,ACC00008223,Debit,2022-10-09,2029-05-16,0.0,0.0,Active
CRD0001753,5717-XXXX-XXXX-6027,CUS0001049,PRD-DC02,ACC00010532,Debit,2024-06-27,2027-06-15,0.0,0.0,Expired
CRD0001754,5402-XXXX-XXXX-8189,CUS0004814,PRD-CC03,,Credit,2020-04-25,2026-06-24,819627.46,41469.56,Active
CRD0001755,5518-XXXX-XXXX-8596,CUS0007886,PRD-DC01,,Debit,2022-11-16,2030-06-20,0.0,0.0,Active
CRD0001756,5889-XXXX-XXXX-5209,CUS0001993,PRD-CC04,,Credit,2023-10-06,2028-06-09,464874.32,93365.41,Active
CRD0001757,4185-XXXX-XXXX-7077,CUS0006519,PRD-CC02,,Credit,2022-04-15,2028-10-08,1050973.87,72758.33,Active
CRD0001758,5460-XXXX-XXXX-7515,CUS0005223,PRD-DC01,ACC00013535,Debit,2020-07-22,2026-09-07,0.0,0.0,Active
CRD0001759,5410-XXXX-XXXX-6228,CUS0008653,PRD-CC01,,Credit,2025-01-09,2030-09-22,44086.34,151160.48,Active
CRD0001760,4870-XXXX-XXXX-5586,CUS0004783,PRD-DC02,,Debit,2022-03-01,2029-03-12,0.0,0.0,Active
CRD0001761,5437-XXXX-XXXX-4405,CUS0002960,PRD-CC04,,Credit,2026-03-11,2027-02-18,1191585.03,98562.17,Active
CRD0001762,4164-XXXX-XXXX-6329,CUS0007397,PRD-DC02,,Debit,2024-12-25,2029-11-06,0.0,0.0,Active
CRD0001763,4205-XXXX-XXXX-4864,CUS0001574,PRD-CC02,,Credit,2021-03-18,2026-06-27,903625.25,26613.15,Blocked
CRD0001764,5542-XXXX-XXXX-4781,CUS0005613,PRD-CC02,,Credit,2021-08-24,2028-12-12,1306770.34,95917.36,Active
CRD0001765,5174-XXXX-XXXX-6916,CUS0000710,PRD-DC01,ACC00006195,Debit,2025-10-28,2027-08-02,0.0,0.0,Blocked
CRD0001766,5322-XXXX-XXXX-2706,CUS0004241,PRD-CC04,,Credit,2022-05-11,2026-05-31,1402736.19,22692.68,Active
CRD0001767,5125-XXXX-XXXX-2363,CUS0001050,PRD-CC03,,Credit,2025-12-13,2030-10-20,713648.11,16482.35,Active
CRD0001768,5164-XXXX-XXXX-4082,CUS0002903,PRD-DC01,,Debit,2026-01-25,2029-03-05,0.0,0.0,Active
CRD0001769,5963-XXXX-XXXX-7908,CUS0004406,PRD-DC02,ACC00014499,Debit,2026-01-31,2028-09-19,0.0,0.0,Active
CRD0001770,5105-XXXX-XXXX-9731,CUS0002560,PRD-DC01,ACC00014472,Debit,2023-01-28,2028-02-05,0.0,0.0,Active
CRD0001771,5354-XXXX-XXXX-2833,CUS0004493,PRD-CC04,,Credit,2026-04-20,2027-10-15,532769.08,28918.27,Active
CRD0001772,4567-XXXX-XXXX-1849,CUS0000352,PRD-DC01,ACC00001882,Debit,2021-03-14,2028-08-24,0.0,0.0,Active
CRD0001773,5735-XXXX-XXXX-5917,CUS0007054,PRD-CC01,,Credit,2024-12-30,2026-09-17,182705.43,150947.9,Active
CRD0001774,5550-XXXX-XXXX-6642,CUS0000738,PRD-CC02,,Credit,2025-02-02,2028-09-13,705175.07,174872.82,Active
CRD0001775,4583-XXXX-XXXX-9537,CUS0006249,PRD-DC02,ACC00016037,Debit,2023-05-25,2027-06-19,0.0,0.0,Active
CRD0001776,5130-XXXX-XXXX-3462,CUS0003538,PRD-DC01,ACC00008066,Debit,2025-08-27,2030-05-11,0.0,0.0,Active
CRD0001777,5444-XXXX-XXXX-3131,CUS0005969,PRD-DC01,ACC00017420,Debit,2023-08-23,2030-11-02,0.0,0.0,Active
CRD0001778,4313-XXXX-XXXX-4920,CUS0003943,PRD-CC02,,Credit,2021-09-01,2030-07-03,1087317.35,108910.51,Active
CRD0001779,5246-XXXX-XXXX-2091,CUS0002155,PRD-DC02,ACC00009787,Debit,2021-11-09,2029-12-14,0.0,0.0,Active
CRD0001780,5616-XXXX-XXXX-6632,CUS0000790,PRD-DC01,ACC00016487,Debit,2026-01-19,2029-08-24,0.0,0.0,Active
CRD0001781,4710-XXXX-XXXX-9184,CUS0004861,PRD-DC01,,Debit,2020-08-15,2029-09-08,0.0,0.0,Active
CRD0001782,5312-XXXX-XXXX-7888,CUS0002704,PRD-CC04,,Credit,2024-04-09,2026-11-10,872535.17,123107.09,Active
CRD0001783,4945-XXXX-XXXX-7319,CUS0004490,PRD-DC02,ACC00000649,Debit,2023-01-09,2030-05-27,0.0,0.0,Active
CRD0001784,4451-XXXX-XXXX-8308,CUS0000221,PRD-DC01,,Debit,2020-08-01,2028-04-07,0.0,0.0,Active
CRD0001785,4533-XXXX-XXXX-3554,CUS0005572,PRD-DC02,ACC00009548,Debit,2025-09-24,2028-05-12,0.0,0.0,Active
CRD0001786,4232-XXXX-XXXX-5729,CUS0009037,PRD-DC02,ACC00012111,Debit,2026-02-13,2028-07-17,0.0,0.0,Active
CRD0001787,4309-XXXX-XXXX-2343,CUS0000627,PRD-CC03,,Credit,2020-01-13,2028-03-28,662071.88,24260.06,Active
CRD0001788,4789-XXXX-XXXX-1546,CUS0007994,PRD-CC04,,Credit,2020-04-21,2029-12-02,666339.49,83423.7,Active
CRD0001789,5464-XXXX-XXXX-7869,CUS0004219,PRD-CC04,,Credit,2023-04-28,2027-06-11,1499076.53,25461.22,Active
CRD0001790,5536-XXXX-XXXX-6201,CUS0006528,PRD-CC04,,Credit,2023-05-30,2027-07-07,317767.9,47582.95,Expired
CRD0001791,5130-XXXX-XXXX-3391,CUS0000680,PRD-CC02,,Credit,2025-04-02,2029-01-30,50157.68,197969.42,Active
CRD0001792,5696-XXXX-XXXX-8780,CUS0004925,PRD-DC01,ACC00009379,Debit,2025-02-20,2026-07-09,0.0,0.0,Active
CRD0001793,4360-XXXX-XXXX-1159,CUS0008874,PRD-CC04,,Credit,2023-06-01,2027-06-27,297516.44,127944.85,Active
CRD0001794,4852-XXXX-XXXX-4870,CUS0000783,PRD-DC02,ACC00010322,Debit,2023-03-09,2027-08-25,0.0,0.0,Active
CRD0001795,5862-XXXX-XXXX-3862,CUS0009371,PRD-DC02,,Debit,2025-10-08,2026-06-25,0.0,0.0,Active
CRD0001796,5194-XXXX-XXXX-7391,CUS0005123,PRD-DC01,ACC00002508,Debit,2024-02-21,2028-01-30,0.0,0.0,Active
CRD0001797,5174-XXXX-XXXX-6728,CUS0001459,PRD-CC04,,Credit,2026-02-07,2029-10-17,1167160.05,30089.27,Active
CRD0001798,4971-XXXX-XXXX-3418,CUS0009757,PRD-DC02,,Debit,2024-05-10,2027-10-21,0.0,0.0,Active
CRD0001799,4630-XXXX-XXXX-7071,CUS0009496,PRD-DC02,ACC00017900,Debit,2021-04-27,2029-02-11,0.0,0.0,Active
CRD0001800,4572-XXXX-XXXX-6500,CUS0000344,PRD-DC01,ACC00013049,Debit,2023-10-26,2027-01-30,0.0,0.0,Expired
CRD0001801,5535-XXXX-XXXX-4937,CUS0005929,PRD-DC02,ACC00016890,Debit,2022-12-27,2029-02-23,0.0,0.0,Active
CRD0001802,5785-XXXX-XXXX-3091,CUS0005695,PRD-CC04,,Credit,2024-12-05,2028-10-24,660610.85,162404.98,Active
CRD0001803,4688-XXXX-XXXX-6152,CUS0004740,PRD-CC04,,Credit,2022-11-01,2029-06-13,1234613.36,187073.55,Blocked
CRD0001804,5478-XXXX-XXXX-4366,CUS0009101,PRD-CC04,,Credit,2022-07-14,2026-05-05,595593.24,89877.51,Blocked
CRD0001805,4726-XXXX-XXXX-3118,CUS0000258,PRD-CC04,,Credit,2021-02-16,2027-07-09,1384938.15,131228.14,Active
CRD0001806,4507-XXXX-XXXX-7960,CUS0007318,PRD-CC01,,Credit,2025-12-23,2028-07-11,1446703.46,55295.83,Active
CRD0001807,5151-XXXX-XXXX-2964,CUS0009681,PRD-CC01,,Credit,2024-09-16,2026-07-31,347799.97,92189.44,Active
CRD0001808,5959-XXXX-XXXX-3040,CUS0008491,PRD-CC02,,Credit,2022-05-30,2027-06-24,128222.49,109791.27,Active
CRD0001809,5267-XXXX-XXXX-6729,CUS0004820,PRD-CC03,,Credit,2021-10-30,2028-12-30,859791.89,111905.57,Blocked
CRD0001810,4917-XXXX-XXXX-1570,CUS0006477,PRD-CC01,,Credit,2025-01-08,2028-10-28,421445.98,46800.77,Active
CRD0001811,4428-XXXX-XXXX-1960,CUS0002042,PRD-DC02,ACC00006213,Debit,2023-04-02,2030-01-16,0.0,0.0,Active
CRD0001812,4687-XXXX-XXXX-9382,CUS0004261,PRD-DC02,ACC00009112,Debit,2023-09-02,2029-08-18,0.0,0.0,Active
CRD0001813,4715-XXXX-XXXX-3872,CUS0006972,PRD-CC01,,Credit,2022-06-12,2028-04-02,216229.11,51401.58,Active
CRD0001814,4589-XXXX-XXXX-5985,CUS0002152,PRD-DC01,ACC00009351,Debit,2021-03-15,2027-06-22,0.0,0.0,Active
CRD0001815,5284-XXXX-XXXX-8228,CUS0005722,PRD-DC02,ACC00009167,Debit,2021-05-15,2030-02-08,0.0,0.0,Active
CRD0001816,5613-XXXX-XXXX-1600,CUS0007149,PRD-CC03,,Credit,2021-03-05,2027-05-31,674930.25,51641.32,Active
CRD0001817,5721-XXXX-XXXX-3936,CUS0004792,PRD-CC03,,Credit,2022-07-30,2030-04-12,1192219.87,76379.27,Active
CRD0001818,5286-XXXX-XXXX-4999,CUS0007263,PRD-DC01,ACC00017835,Debit,2025-09-27,2030-10-13,0.0,0.0,Active
CRD0001819,4427-XXXX-XXXX-1313,CUS0003537,PRD-CC04,,Credit,2023-12-09,2028-08-03,631274.99,78457.97,Active
CRD0001820,4893-XXXX-XXXX-5944,CUS0008130,PRD-DC02,ACC00001173,Debit,2022-09-28,2027-10-31,0.0,0.0,Active
CRD0001821,5721-XXXX-XXXX-9912,CUS0003406,PRD-CC02,,Credit,2021-02-19,2028-11-18,446389.5,3546.99,Active
CRD0001822,4621-XXXX-XXXX-9358,CUS0009977,PRD-CC04,,Credit,2020-06-07,2027-01-14,109662.51,192254.94,Active
CRD0001823,4858-XXXX-XXXX-8441,CUS0008468,PRD-DC02,ACC00012377,Debit,2023-12-01,2028-04-16,0.0,0.0,Active
CRD0001824,5156-XXXX-XXXX-8527,CUS0002796,PRD-DC02,ACC00004675,Debit,2021-05-26,2027-01-07,0.0,0.0,Active
CRD0001825,5924-XXXX-XXXX-2532,CUS0008349,PRD-CC02,,Credit,2021-11-26,2028-03-15,1403156.6,172614.36,Active
CRD0001826,5116-XXXX-XXXX-9770,CUS0007783,PRD-CC01,,Credit,2020-02-23,2030-02-10,744114.79,11155.79,Expired
CRD0001827,5327-XXXX-XXXX-4157,CUS0002347,PRD-CC02,,Credit,2021-11-21,2030-11-28,1002588.8,105439.2,Active
CRD0001828,4159-XXXX-XXXX-1839,CUS0009466,PRD-CC01,,Credit,2023-08-11,2030-10-26,268728.59,16896.14,Active
CRD0001829,5809-XXXX-XXXX-5022,CUS0008608,PRD-CC02,,Credit,2026-03-09,2026-06-17,114404.74,11153.72,Active
CRD0001830,4758-XXXX-XXXX-4321,CUS0007519,PRD-CC02,,Credit,2024-11-23,2026-05-14,391854.0,138631.43,Active
CRD0001831,4866-XXXX-XXXX-3299,CUS0003482,PRD-DC01,,Debit,2024-10-01,2030-06-03,0.0,0.0,Active
CRD0001832,5214-XXXX-XXXX-7239,CUS0004351,PRD-CC02,,Credit,2021-02-02,2028-05-04,1068288.75,139501.27,Active
CRD0001833,5889-XXXX-XXXX-4283,CUS0001125,PRD-DC01,ACC00010905,Debit,2023-01-01,2029-11-18,0.0,0.0,Active
CRD0001834,4136-XXXX-XXXX-6452,CUS0002137,PRD-DC01,ACC00016094,Debit,2025-02-04,2028-03-20,0.0,0.0,Blocked
CRD0001835,4646-XXXX-XXXX-5735,CUS0008615,PRD-CC04,,Credit,2021-10-21,2030-10-05,710299.23,101192.87,Active
CRD0001836,4106-XXXX-XXXX-6340,CUS0009329,PRD-CC04,,Credit,2020-09-30,2027-12-13,1021118.81,93766.0,Active
CRD0001837,5139-XXXX-XXXX-1097,CUS0003861,PRD-DC01,,Debit,2025-07-14,2030-11-24,0.0,0.0,Active
CRD0001838,4159-XXXX-XXXX-9825,CUS0008689,PRD-CC01,,Credit,2020-03-08,2028-11-01,1033490.62,133234.89,Active
CRD0001839,4129-XXXX-XXXX-3951,CUS0006148,PRD-CC02,,Credit,2025-09-04,2029-08-20,815026.79,121532.87,Active
CRD0001840,4829-XXXX-XXXX-1664,CUS0002404,PRD-DC02,ACC00004583,Debit,2025-01-19,2027-10-30,0.0,0.0,Active
CRD0001841,4547-XXXX-XXXX-9784,CUS0000576,PRD-CC02,,Credit,2024-03-20,2027-01-07,1377845.16,100049.72,Expired
CRD0001842,4591-XXXX-XXXX-1651,CUS0009908,PRD-DC02,ACC00009673,Debit,2025-09-29,2029-08-21,0.0,0.0,Active
CRD0001843,4470-XXXX-XXXX-4054,CUS0005850,PRD-DC02,ACC00002527,Debit,2021-09-03,2029-11-09,0.0,0.0,Active
CRD0001844,4389-XXXX-XXXX-7175,CUS0003423,PRD-DC02,ACC00004987,Debit,2021-09-09,2030-07-14,0.0,0.0,Active
CRD0001845,4189-XXXX-XXXX-3879,CUS0006515,PRD-DC01,ACC00007701,Debit,2025-11-30,2027-12-13,0.0,0.0,Active
CRD0001846,5446-XXXX-XXXX-5286,CUS0002215,PRD-CC04,,Credit,2020-03-07,2028-09-30,827487.13,170803.71,Active
CRD0001847,4517-XXXX-XXXX-7411,CUS0002702,PRD-DC01,ACC00001427,Debit,2022-11-04,2029-04-26,0.0,0.0,Active
CRD0001848,4221-XXXX-XXXX-3908,CUS0001372,PRD-CC03,,Credit,2021-05-31,2026-09-27,1375943.22,176696.04,Active
CRD0001849,5324-XXXX-XXXX-7966,CUS0001945,PRD-CC02,,Credit,2021-01-24,2027-11-14,423488.56,4526.54,Active
CRD0001850,5422-XXXX-XXXX-9305,CUS0003474,PRD-CC03,,Credit,2026-01-13,2027-10-30,665442.61,82027.36,Active
CRD0001851,5240-XXXX-XXXX-5557,CUS0005384,PRD-CC03,,Credit,2025-01-04,2027-07-19,315597.13,107631.83,Active
CRD0001852,5213-XXXX-XXXX-5499,CUS0007441,PRD-DC01,ACC00005317,Debit,2025-01-30,2028-04-09,0.0,0.0,Active
CRD0001853,5932-XXXX-XXXX-4718,CUS0000077,PRD-CC04,,Credit,2021-06-13,2030-04-22,561532.35,15449.63,Active
CRD0001854,5373-XXXX-XXXX-7068,CUS0002446,PRD-CC02,,Credit,2023-12-21,2026-08-08,1327365.3,56912.85,Active
CRD0001855,5740-XXXX-XXXX-7008,CUS0002208,PRD-CC04,,Credit,2021-01-29,2028-07-05,908488.69,89495.86,Active
CRD0001856,5221-XXXX-XXXX-2040,CUS0007063,PRD-CC02,,Credit,2026-03-30,2029-10-08,1390585.02,148393.85,Blocked
CRD0001857,5722-XXXX-XXXX-4687,CUS0007510,PRD-CC04,,Credit,2023-12-03,2030-08-03,1353172.68,154797.58,Active
CRD0001858,5928-XXXX-XXXX-1961,CUS0001661,PRD-DC01,ACC00003286,Debit,2021-03-31,2028-05-16,0.0,0.0,Active
CRD0001859,4774-XXXX-XXXX-2974,CUS0009599,PRD-CC04,,Credit,2025-04-17,2030-04-28,879032.31,157822.27,Active
CRD0001860,5715-XXXX-XXXX-7076,CUS0001491,PRD-DC01,ACC00013574,Debit,2020-12-09,2027-10-22,0.0,0.0,Active
CRD0001861,5113-XXXX-XXXX-4808,CUS0001749,PRD-DC01,ACC00017930,Debit,2024-12-13,2027-08-02,0.0,0.0,Active
CRD0001862,4882-XXXX-XXXX-9472,CUS0005672,PRD-DC02,ACC00011479,Debit,2021-06-10,2028-10-23,0.0,0.0,Active
CRD0001863,5256-XXXX-XXXX-7391,CUS0001266,PRD-DC01,ACC00008337,Debit,2025-11-28,2030-08-27,0.0,0.0,Active
CRD0001864,5307-XXXX-XXXX-6937,CUS0000837,PRD-CC03,,Credit,2023-11-17,2026-09-26,1249151.12,100101.26,Active
CRD0001865,5948-XXXX-XXXX-6845,CUS0002073,PRD-CC03,,Credit,2026-05-01,2027-02-15,475506.11,73795.9,Active
CRD0001866,4942-XXXX-XXXX-6075,CUS0008076,PRD-CC03,,Credit,2026-01-04,2026-08-19,562021.94,152471.55,Blocked
CRD0001867,4873-XXXX-XXXX-6905,CUS0001964,PRD-CC03,,Credit,2024-11-10,2027-04-20,238993.94,150556.34,Active
CRD0001868,5232-XXXX-XXXX-7879,CUS0004538,PRD-DC02,ACC00017501,Debit,2025-09-18,2028-01-30,0.0,0.0,Active
CRD0001869,4877-XXXX-XXXX-8355,CUS0001128,PRD-DC02,ACC00002529,Debit,2022-11-17,2028-11-23,0.0,0.0,Active
CRD0001870,4918-XXXX-XXXX-4158,CUS0006170,PRD-DC02,ACC00016277,Debit,2025-02-17,2029-03-10,0.0,0.0,Active
CRD0001871,5367-XXXX-XXXX-6059,CUS0005512,PRD-CC03,,Credit,2026-03-30,2026-11-14,27044.24,134359.98,Active
CRD0001872,4411-XXXX-XXXX-8727,CUS0003925,PRD-CC04,,Credit,2024-02-10,2026-11-26,159760.89,92928.96,Active
CRD0001873,5459-XXXX-XXXX-8052,CUS0006384,PRD-CC04,,Credit,2024-08-10,2026-07-09,493793.86,97476.76,Expired
CRD0001874,4824-XXXX-XXXX-7528,CUS0005204,PRD-CC02,,Credit,2021-07-05,2028-01-14,416584.32,30931.71,Active
CRD0001875,5413-XXXX-XXXX-2895,CUS0007702,PRD-CC02,,Credit,2023-03-15,2029-06-28,208789.87,185372.09,Active
CRD0001876,4995-XXXX-XXXX-9886,CUS0000649,PRD-CC02,,Credit,2022-10-23,2030-07-24,285754.6,36045.11,Active
CRD0001877,4318-XXXX-XXXX-9484,CUS0003863,PRD-CC04,,Credit,2020-02-02,2029-10-16,890624.41,49103.08,Active
CRD0001878,4938-XXXX-XXXX-3204,CUS0006951,PRD-CC03,,Credit,2020-07-16,2028-03-12,875163.56,57998.23,Active
CRD0001879,4703-XXXX-XXXX-9820,CUS0000930,PRD-DC02,ACC00002354,Debit,2024-06-07,2027-06-15,0.0,0.0,Active
CRD0001880,4840-XXXX-XXXX-9647,CUS0002739,PRD-CC03,,Credit,2024-10-22,2028-12-08,34721.69,52867.67,Active
CRD0001881,5688-XXXX-XXXX-1270,CUS0004291,PRD-DC01,ACC00007957,Debit,2020-07-20,2030-09-16,0.0,0.0,Active
CRD0001882,5890-XXXX-XXXX-1392,CUS0003519,PRD-CC03,,Credit,2021-11-09,2028-11-19,159311.4,75995.06,Active
CRD0001883,5255-XXXX-XXXX-5887,CUS0006855,PRD-CC01,,Credit,2022-03-15,2027-05-09,315438.74,163465.35,Active
CRD0001884,4570-XXXX-XXXX-4594,CUS0009859,PRD-CC02,,Credit,2022-12-09,2030-12-21,130329.34,196792.01,Active
CRD0001885,5927-XXXX-XXXX-3528,CUS0008823,PRD-CC01,,Credit,2023-11-14,2030-09-04,546081.68,130346.56,Blocked
CRD0001886,5903-XXXX-XXXX-4301,CUS0006228,PRD-DC02,,Debit,2022-08-24,2027-11-06,0.0,0.0,Active
CRD0001887,5446-XXXX-XXXX-7299,CUS0002101,PRD-CC01,,Credit,2023-10-02,2029-10-07,106695.3,137403.68,Active
CRD0001888,5358-XXXX-XXXX-2896,CUS0001679,PRD-DC02,ACC00005987,Debit,2020-01-15,2029-05-26,0.0,0.0,Active
CRD0001889,5523-XXXX-XXXX-7415,CUS0003048,PRD-DC02,,Debit,2024-10-27,2028-07-25,0.0,0.0,Active
CRD0001890,5909-XXXX-XXXX-1426,CUS0004163,PRD-CC02,,Credit,2021-02-22,2029-12-12,904511.8,32843.01,Active
CRD0001891,5375-XXXX-XXXX-4768,CUS0004914,PRD-DC01,ACC00012822,Debit,2021-02-07,2028-09-01,0.0,0.0,Active
CRD0001892,4759-XXXX-XXXX-7775,CUS0002314,PRD-DC01,,Debit,2021-08-25,2029-06-14,0.0,0.0,Active
CRD0001893,4876-XXXX-XXXX-6448,CUS0008251,PRD-DC02,ACC00002847,Debit,2024-11-20,2027-11-09,0.0,0.0,Active
CRD0001894,5276-XXXX-XXXX-7708,CUS0006458,PRD-CC02,,Credit,2023-08-30,2028-02-16,451519.58,195983.45,Active
CRD0001895,5637-XXXX-XXXX-3699,CUS0001259,PRD-CC04,,Credit,2023-09-17,2027-11-20,1462460.53,110639.58,Active
CRD0001896,4382-XXXX-XXXX-7360,CUS0006001,PRD-CC03,,Credit,2023-08-05,2029-02-10,402929.74,174524.73,Active
CRD0001897,5908-XXXX-XXXX-2589,CUS0007732,PRD-DC01,ACC00002279,Debit,2020-03-31,2027-07-19,0.0,0.0,Active
CRD0001898,4728-XXXX-XXXX-9298,CUS0005115,PRD-CC04,,Credit,2020-03-26,2030-06-05,1410509.49,137136.66,Active
CRD0001899,4822-XXXX-XXXX-7161,CUS0008549,PRD-CC03,,Credit,2022-02-16,2027-04-21,700892.86,25500.01,Active
CRD0001900,4347-XXXX-XXXX-5326,CUS0007271,PRD-DC02,ACC00007877,Debit,2025-01-11,2026-05-03,0.0,0.0,Active
CRD0001901,5397-XXXX-XXXX-1202,CUS0006209,PRD-CC02,,Credit,2022-02-25,2028-12-29,97524.88,11009.25,Active
CRD0001902,5974-XXXX-XXXX-5476,CUS0007125,PRD-DC02,ACC00011289,Debit,2025-07-16,2030-08-13,0.0,0.0,Active
CRD0001903,5771-XXXX-XXXX-3440,CUS0004556,PRD-DC02,ACC00005045,Debit,2025-12-18,2028-07-25,0.0,0.0,Active
CRD0001904,5335-XXXX-XXXX-5219,CUS0004617,PRD-CC04,,Credit,2025-11-24,2028-06-10,1043245.35,12160.28,Blocked
CRD0001905,5882-XXXX-XXXX-6823,CUS0006268,PRD-CC02,,Credit,2021-04-19,2028-12-29,39108.05,44957.06,Active
CRD0001906,4482-XXXX-XXXX-5754,CUS0009787,PRD-CC01,,Credit,2024-11-15,2029-10-08,231251.76,81434.11,Active
CRD0001907,5582-XXXX-XXXX-7057,CUS0009194,PRD-DC02,,Debit,2021-07-25,2029-08-23,0.0,0.0,Active
CRD0001908,4971-XXXX-XXXX-9127,CUS0004128,PRD-CC04,,Credit,2025-08-03,2028-11-24,1190772.24,2275.54,Active
CRD0001909,4663-XXXX-XXXX-1774,CUS0002663,PRD-CC04,,Credit,2022-05-22,2030-01-22,955808.67,26522.55,Active
CRD0001910,5595-XXXX-XXXX-9241,CUS0008982,PRD-CC03,,Credit,2021-05-04,2027-10-22,984004.59,69984.25,Blocked
CRD0001911,5308-XXXX-XXXX-9981,CUS0001859,PRD-CC02,,Credit,2021-09-22,2029-12-03,736316.17,149058.24,Active
CRD0001912,4703-XXXX-XXXX-9342,CUS0002002,PRD-CC02,,Credit,2024-09-07,2030-11-17,1276269.85,101758.04,Active
CRD0001913,5955-XXXX-XXXX-4283,CUS0005989,PRD-CC03,,Credit,2022-04-28,2027-10-05,128841.06,14601.11,Active
CRD0001914,5312-XXXX-XXXX-5625,CUS0008379,PRD-CC03,,Credit,2023-06-02,2028-03-22,1178556.49,99498.18,Blocked
CRD0001915,4474-XXXX-XXXX-4747,CUS0004560,PRD-DC01,ACC00007069,Debit,2023-06-02,2028-10-08,0.0,0.0,Active
CRD0001916,5345-XXXX-XXXX-6876,CUS0000384,PRD-DC02,ACC00011961,Debit,2024-03-09,2026-11-04,0.0,0.0,Active
CRD0001917,5641-XXXX-XXXX-5243,CUS0007095,PRD-CC02,,Credit,2023-06-10,2026-09-04,514525.59,41651.37,Active
CRD0001918,4210-XXXX-XXXX-9622,CUS0000126,PRD-CC04,,Credit,2025-03-16,2027-03-16,1120682.48,26745.02,Active
CRD0001919,4999-XXXX-XXXX-8174,CUS0000423,PRD-DC01,,Debit,2024-03-19,2029-01-18,0.0,0.0,Active
CRD0001920,4626-XXXX-XXXX-6481,CUS0003052,PRD-DC01,ACC00012795,Debit,2025-03-21,2026-10-29,0.0,0.0,Active
CRD0001921,4990-XXXX-XXXX-3909,CUS0000685,PRD-DC02,ACC00008453,Debit,2023-03-13,2027-03-30,0.0,0.0,Blocked
CRD0001922,5441-XXXX-XXXX-4011,CUS0003002,PRD-CC02,,Credit,2025-04-29,2027-02-06,1416681.88,23085.29,Active
CRD0001923,5228-XXXX-XXXX-1400,CUS0004928,PRD-CC02,,Credit,2022-11-08,2028-06-02,921697.22,190360.64,Active
CRD0001924,4347-XXXX-XXXX-9670,CUS0003823,PRD-CC04,,Credit,2023-08-05,2026-08-25,871160.96,167307.93,Active
CRD0001925,4363-XXXX-XXXX-7456,CUS0005364,PRD-DC01,ACC00015100,Debit,2021-10-02,2029-09-19,0.0,0.0,Active
CRD0001926,4825-XXXX-XXXX-4831,CUS0001085,PRD-CC02,,Credit,2024-05-06,2027-10-19,1177632.4,151015.33,Active
CRD0001927,5466-XXXX-XXXX-1402,CUS0001923,PRD-CC04,,Credit,2023-09-30,2030-05-06,971655.41,125673.47,Active
CRD0001928,4275-XXXX-XXXX-9926,CUS0009646,PRD-DC01,ACC00016644,Debit,2026-01-06,2029-03-23,0.0,0.0,Blocked
CRD0001929,4316-XXXX-XXXX-3124,CUS0006371,PRD-DC01,ACC00000170,Debit,2023-09-04,2027-10-01,0.0,0.0,Active
CRD0001930,5662-XXXX-XXXX-5279,CUS0007676,PRD-DC02,ACC00004292,Debit,2025-09-12,2028-05-15,0.0,0.0,Active
CRD0001931,4780-XXXX-XXXX-1461,CUS0000979,PRD-CC02,,Credit,2021-05-16,2030-09-20,389864.12,109329.69,Active
CRD0001932,5386-XXXX-XXXX-2963,CUS0004770,PRD-CC01,,Credit,2024-08-24,2027-08-27,820606.8,7040.61,Active
CRD0001933,5860-XXXX-XXXX-9633,CUS0007254,PRD-CC02,,Credit,2021-11-08,2030-09-29,145363.2,173681.39,Active
CRD0001934,5948-XXXX-XXXX-3405,CUS0005828,PRD-CC03,,Credit,2022-08-30,2027-02-04,1140346.49,71055.28,Active
CRD0001935,5147-XXXX-XXXX-3754,CUS0005667,PRD-CC01,,Credit,2020-08-09,2030-01-12,71258.99,171177.57,Active
CRD0001936,4378-XXXX-XXXX-8556,CUS0007142,PRD-DC01,,Debit,2025-03-11,2028-08-02,0.0,0.0,Active
CRD0001937,4672-XXXX-XXXX-1869,CUS0004133,PRD-DC01,ACC00011536,Debit,2024-12-07,2028-02-14,0.0,0.0,Blocked
CRD0001938,5601-XXXX-XXXX-7903,CUS0002776,PRD-CC01,,Credit,2025-03-11,2029-05-04,34938.7,90563.72,Active
CRD0001939,5436-XXXX-XXXX-8199,CUS0008855,PRD-DC02,ACC00011394,Debit,2020-10-31,2029-05-26,0.0,0.0,Active
CRD0001940,5176-XXXX-XXXX-7351,CUS0008173,PRD-CC02,,Credit,2020-01-13,2030-09-25,1004079.28,132235.63,Active
CRD0001941,5960-XXXX-XXXX-8630,CUS0001127,PRD-DC01,ACC00005416,Debit,2022-08-18,2028-08-11,0.0,0.0,Active
CRD0001942,4349-XXXX-XXXX-2410,CUS0005238,PRD-CC04,,Credit,2021-12-14,2027-06-07,1333081.67,181282.59,Active
CRD0001943,5331-XXXX-XXXX-7163,CUS0003637,PRD-CC03,,Credit,2020-09-18,2030-09-27,1252696.74,74726.47,Active
CRD0001944,5601-XXXX-XXXX-8696,CUS0008180,PRD-DC02,,Debit,2022-05-26,2026-10-01,0.0,0.0,Active
CRD0001945,4575-XXXX-XXXX-3846,CUS0006956,PRD-CC02,,Credit,2025-06-24,2027-04-25,661147.32,15335.92,Active
CRD0001946,5271-XXXX-XXXX-3716,CUS0002790,PRD-CC03,,Credit,2024-08-04,2029-09-27,499839.94,72791.05,Active
CRD0001947,5466-XXXX-XXXX-9855,CUS0004454,PRD-DC02,,Debit,2025-08-31,2026-09-23,0.0,0.0,Active
CRD0001948,4699-XXXX-XXXX-9484,CUS0001472,PRD-DC01,ACC00014114,Debit,2026-04-11,2026-08-10,0.0,0.0,Active
CRD0001949,4313-XXXX-XXXX-5616,CUS0006894,PRD-CC01,,Credit,2021-08-09,2029-09-07,1414641.31,103401.56,Active
CRD0001950,4216-XXXX-XXXX-1768,CUS0005148,PRD-CC03,,Credit,2024-11-02,2028-10-13,636726.49,154640.92,Expired
CRD0001951,5939-XXXX-XXXX-7213,CUS0002847,PRD-CC03,,Credit,2021-02-28,2030-09-23,1104936.01,119441.47,Active
CRD0001952,4718-XXXX-XXXX-2357,CUS0001204,PRD-CC02,,Credit,2023-07-27,2029-10-01,1117836.35,114875.21,Active
CRD0001953,4172-XXXX-XXXX-1250,CUS0008705,PRD-CC03,,Credit,2025-09-21,2029-10-09,884926.0,192861.53,Active
CRD0001954,5377-XXXX-XXXX-5797,CUS0004378,PRD-CC03,,Credit,2020-11-29,2029-08-18,804523.98,186742.16,Active
CRD0001955,4108-XXXX-XXXX-7945,CUS0005712,PRD-DC02,ACC00016992,Debit,2026-02-17,2026-07-21,0.0,0.0,Active
CRD0001956,4855-XXXX-XXXX-4359,CUS0003485,PRD-CC01,,Credit,2024-09-10,2026-06-24,1059626.73,72851.61,Blocked
CRD0001957,5481-XXXX-XXXX-8455,CUS0003885,PRD-CC04,,Credit,2024-06-10,2026-11-26,662270.78,151217.15,Active
CRD0001958,4105-XXXX-XXXX-7046,CUS0005289,PRD-DC01,,Debit,2024-07-07,2030-10-12,0.0,0.0,Active
CRD0001959,4460-XXXX-XXXX-1070,CUS0003048,PRD-CC03,,Credit,2023-10-27,2030-01-15,884225.5,9204.88,Active
CRD0001960,5103-XXXX-XXXX-1930,CUS0000900,PRD-DC01,,Debit,2025-07-15,2028-04-19,0.0,0.0,Active
CRD0001961,5226-XXXX-XXXX-6317,CUS0008757,PRD-DC01,,Debit,2024-02-07,2026-08-16,0.0,0.0,Active
CRD0001962,5237-XXXX-XXXX-1505,CUS0000956,PRD-DC01,ACC00002360,Debit,2020-08-13,2026-07-30,0.0,0.0,Active
CRD0001963,4931-XXXX-XXXX-3762,CUS0008961,PRD-CC04,,Credit,2021-04-09,2028-03-28,1223953.09,80683.94,Active
CRD0001964,5555-XXXX-XXXX-7659,CUS0008386,PRD-DC02,ACC00006678,Debit,2024-12-31,2028-06-05,0.0,0.0,Active
CRD0001965,5155-XXXX-XXXX-7273,CUS0009566,PRD-DC01,,Debit,2020-01-17,2028-06-24,0.0,0.0,Active
CRD0001966,5861-XXXX-XXXX-1282,CUS0004416,PRD-DC02,ACC00004550,Debit,2021-04-14,2027-02-23,0.0,0.0,Active
CRD0001967,4632-XXXX-XXXX-6951,CUS0000834,PRD-CC02,,Credit,2021-01-14,2026-05-27,510337.87,35853.37,Active
CRD0001968,4798-XXXX-XXXX-3944,CUS0002501,PRD-DC02,ACC00012285,Debit,2023-02-01,2028-12-28,0.0,0.0,Active
CRD0001969,5663-XXXX-XXXX-4643,CUS0009932,PRD-CC01,,Credit,2021-01-06,2027-04-08,844942.94,94435.97,Active
CRD0001970,4868-XXXX-XXXX-3908,CUS0006420,PRD-CC01,,Credit,2023-06-17,2028-10-22,413862.77,167763.57,Active
CRD0001971,4289-XXXX-XXXX-3556,CUS0005353,PRD-CC01,,Credit,2020-07-02,2030-02-21,1075742.97,135305.7,Blocked
CRD0001972,4726-XXXX-XXXX-6557,CUS0006236,PRD-DC01,ACC00009180,Debit,2020-09-13,2027-05-12,0.0,0.0,Active
CRD0001973,5995-XXXX-XXXX-7256,CUS0005718,PRD-DC01,,Debit,2023-04-11,2028-01-08,0.0,0.0,Active
CRD0001974,4541-XXXX-XXXX-5243,CUS0001466,PRD-CC04,,Credit,2023-03-09,2027-01-10,1137829.31,37509.79,Active
CRD0001975,5135-XXXX-XXXX-8902,CUS0006271,PRD-CC01,,Credit,2026-03-12,2030-03-24,786261.97,128971.19,Active
CRD0001976,5452-XXXX-XXXX-8879,CUS0009290,PRD-DC01,ACC00016405,Debit,2022-11-05,2030-09-25,0.0,0.0,Active
CRD0001977,5938-XXXX-XXXX-5425,CUS0002516,PRD-DC01,ACC00016567,Debit,2020-02-19,2027-06-21,0.0,0.0,Active
CRD0001978,5929-XXXX-XXXX-5120,CUS0005976,PRD-DC02,ACC00017148,Debit,2022-08-14,2030-10-24,0.0,0.0,Active
CRD0001979,4935-XXXX-XXXX-2835,CUS0002540,PRD-CC04,,Credit,2022-01-16,2030-06-17,793700.37,119804.5,Active
CRD0001980,4326-XXXX-XXXX-2648,CUS0002855,PRD-CC02,,Credit,2025-02-26,2026-12-08,1180877.44,117823.61,Expired
CRD0001981,4771-XXXX-XXXX-4170,CUS0008485,PRD-CC01,,Credit,2023-05-06,2027-01-20,363406.68,49089.72,Active
CRD0001982,5659-XXXX-XXXX-6089,CUS0008107,PRD-CC03,,Credit,2020-08-07,2029-06-15,1117975.01,142235.87,Active
CRD0001983,5129-XXXX-XXXX-8823,CUS0002931,PRD-CC02,,Credit,2021-04-26,2029-04-23,882619.08,173764.58,Active
CRD0001984,4919-XXXX-XXXX-1569,CUS0006064,PRD-CC01,,Credit,2020-04-17,2030-09-02,1047115.57,65121.48,Active
CRD0001985,4472-XXXX-XXXX-7668,CUS0000986,PRD-DC02,ACC00012689,Debit,2023-06-05,2027-05-01,0.0,0.0,Active
CRD0001986,4416-XXXX-XXXX-9896,CUS0004848,PRD-CC02,,Credit,2020-10-24,2028-04-10,578052.26,191381.34,Active
CRD0001987,4942-XXXX-XXXX-3266,CUS0004160,PRD-DC02,ACC00003343,Debit,2021-12-08,2027-10-14,0.0,0.0,Active
CRD0001988,4546-XXXX-XXXX-5161,CUS0007917,PRD-DC01,ACC00011978,Debit,2024-02-15,2027-04-10,0.0,0.0,Active
CRD0001989,5438-XXXX-XXXX-2152,CUS0008754,PRD-DC02,,Debit,2020-10-04,2029-02-27,0.0,0.0,Active
CRD0001990,5123-XXXX-XXXX-5040,CUS0003337,PRD-CC04,,Credit,2022-03-23,2026-10-12,218544.11,54796.84,Active
CRD0001991,5870-XXXX-XXXX-8365,CUS0001349,PRD-DC02,ACC00006182,Debit,2025-08-10,2026-09-23,0.0,0.0,Blocked
CRD0001992,5679-XXXX-XXXX-9661,CUS0008259,PRD-DC02,ACC00017419,Debit,2022-09-17,2026-12-24,0.0,0.0,Active
CRD0001993,4420-XXXX-XXXX-4406,CUS0004796,PRD-CC02,,Credit,2020-09-05,2028-01-29,1449354.02,85756.49,Active
CRD0001994,5161-XXXX-XXXX-2660,CUS0001492,PRD-CC01,,Credit,2021-08-29,2027-07-25,434222.11,115673.81,Active
CRD0001995,4678-XXXX-XXXX-1512,CUS0008633,PRD-DC01,ACC00006853,Debit,2026-03-24,2026-10-27,0.0,0.0,Active
CRD0001996,5824-XXXX-XXXX-1079,CUS0000990,PRD-DC02,ACC00017436,Debit,2024-06-14,2027-07-18,0.0,0.0,Active
CRD0001997,5368-XXXX-XXXX-3179,CUS0000804,PRD-DC01,,Debit,2020-08-25,2028-12-03,0.0,0.0,Active
CRD0001998,5432-XXXX-XXXX-4236,CUS0000228,PRD-CC02,,Credit,2022-01-31,2029-12-28,349842.29,75106.37,Active
CRD0001999,4281-XXXX-XXXX-7509,CUS0002912,PRD-DC01,ACC00001828,Debit,2021-06-10,2029-02-02,0.0,0.0,Active
CRD0002000,4477-XXXX-XXXX-5903,CUS0004997,PRD-CC02,,Credit,2020-09-10,2026-10-25,704913.23,164409.83,Active
CRD0002001,5560-XXXX-XXXX-5379,CUS0001017,PRD-CC03,,Credit,2023-02-17,2030-04-30,783600.09,945.24,Active
CRD0002002,5864-XXXX-XXXX-8116,CUS0008062,PRD-DC02,,Debit,2023-08-19,2028-05-23,0.0,0.0,Expired
CRD0002003,4805-XXXX-XXXX-7056,CUS0004428,PRD-CC02,,Credit,2025-01-31,2030-03-07,304289.6,161071.8,Active
CRD0002004,4152-XXXX-XXXX-4485,CUS0005894,PRD-CC02,,Credit,2024-12-25,2028-05-12,994220.34,12683.31,Active
CRD0002005,4981-XXXX-XXXX-1383,CUS0004656,PRD-DC02,ACC00006507,Debit,2023-01-05,2028-03-02,0.0,0.0,Blocked
CRD0002006,5930-XXXX-XXXX-9391,CUS0008154,PRD-CC01,,Credit,2022-03-31,2029-01-11,718487.2,172700.55,Active
CRD0002007,5344-XXXX-XXXX-6597,CUS0005620,PRD-CC04,,Credit,2025-05-21,2027-05-14,1328301.27,119242.11,Active
CRD0002008,4353-XXXX-XXXX-5132,CUS0007857,PRD-DC02,ACC00006140,Debit,2025-01-23,2029-06-21,0.0,0.0,Active
CRD0002009,4626-XXXX-XXXX-8019,CUS0002770,PRD-CC04,,Credit,2020-06-06,2029-07-12,1440039.97,37758.51,Active
CRD0002010,5156-XXXX-XXXX-8735,CUS0008382,PRD-DC01,,Debit,2022-12-24,2027-02-21,0.0,0.0,Active
CRD0002011,5152-XXXX-XXXX-5903,CUS0000844,PRD-CC01,,Credit,2021-05-02,2028-04-15,790838.09,188380.26,Active
CRD0002012,4812-XXXX-XXXX-7471,CUS0009135,PRD-CC04,,Credit,2024-05-06,2027-05-03,171127.82,11525.61,Active
CRD0002013,5821-XXXX-XXXX-6335,CUS0004824,PRD-DC02,,Debit,2023-07-29,2028-01-06,0.0,0.0,Active
CRD0002014,5394-XXXX-XXXX-7857,CUS0009718,PRD-CC03,,Credit,2024-08-17,2028-07-12,399497.44,112691.76,Active
CRD0002015,5585-XXXX-XXXX-3006,CUS0003769,PRD-CC04,,Credit,2021-03-23,2026-07-05,1108036.02,57190.45,Active
CRD0002016,5139-XXXX-XXXX-8963,CUS0000315,PRD-CC01,,Credit,2025-08-09,2027-11-19,1268672.45,4988.16,Active
CRD0002017,5373-XXXX-XXXX-2945,CUS0009050,PRD-CC03,,Credit,2021-06-25,2030-10-03,69576.3,171829.91,Blocked
CRD0002018,4433-XXXX-XXXX-4272,CUS0007323,PRD-DC02,ACC00004773,Debit,2025-03-25,2029-08-20,0.0,0.0,Active
CRD0002019,5878-XXXX-XXXX-3832,CUS0001988,PRD-CC04,,Credit,2020-01-20,2029-06-19,225517.41,61377.31,Active
CRD0002020,4930-XXXX-XXXX-1923,CUS0001714,PRD-CC04,,Credit,2022-07-31,2030-05-31,555777.78,93556.16,Active
CRD0002021,5247-XXXX-XXXX-3718,CUS0006953,PRD-DC02,ACC00007184,Debit,2021-07-28,2026-10-09,0.0,0.0,Active
CRD0002022,4608-XXXX-XXXX-2000,CUS0004026,PRD-CC02,,Credit,2025-09-18,2026-11-05,517673.18,158191.18,Active
CRD0002023,4101-XXXX-XXXX-6400,CUS0000947,PRD-DC02,ACC00002124,Debit,2021-09-12,2030-08-26,0.0,0.0,Active
CRD0002024,5815-XXXX-XXXX-4047,CUS0007824,PRD-DC01,ACC00013044,Debit,2021-03-08,2028-10-28,0.0,0.0,Active
CRD0002025,5166-XXXX-XXXX-1256,CUS0002513,PRD-DC02,ACC00015708,Debit,2023-05-14,2027-09-24,0.0,0.0,Active
CRD0002026,4604-XXXX-XXXX-7817,CUS0007337,PRD-DC01,ACC00014415,Debit,2022-05-12,2029-04-18,0.0,0.0,Active
CRD0002027,4445-XXXX-XXXX-6354,CUS0004960,PRD-CC03,,Credit,2021-10-23,2028-04-27,511348.7,64313.45,Active
CRD0002028,4650-XXXX-XXXX-8335,CUS0009218,PRD-CC02,,Credit,2024-10-11,2030-11-27,249597.91,153891.74,Active
CRD0002029,4932-XXXX-XXXX-9699,CUS0000012,PRD-DC01,ACC00003584,Debit,2023-03-24,2029-08-11,0.0,0.0,Active
CRD0002030,5581-XXXX-XXXX-9130,CUS0008875,PRD-DC02,ACC00014218,Debit,2020-04-14,2029-08-11,0.0,0.0,Active
CRD0002031,4564-XXXX-XXXX-8122,CUS0005654,PRD-CC01,,Credit,2023-01-12,2027-09-12,262216.0,166.23,Active
CRD0002032,4154-XXXX-XXXX-2883,CUS0002310,PRD-CC02,,Credit,2025-12-31,2026-07-14,431135.08,43653.17,Active
CRD0002033,4741-XXXX-XXXX-2982,CUS0009648,PRD-CC01,,Credit,2022-08-12,2027-06-11,792627.09,114427.41,Active
CRD0002034,5454-XXXX-XXXX-9808,CUS0006433,PRD-CC02,,Credit,2025-06-05,2030-11-23,358792.39,185513.06,Active
CRD0002035,5792-XXXX-XXXX-2366,CUS0000350,PRD-CC04,,Credit,2020-03-29,2028-12-26,884872.17,19872.92,Active
CRD0002036,5869-XXXX-XXXX-4893,CUS0003290,PRD-CC03,,Credit,2023-07-17,2029-08-31,526421.1,87559.72,Active
CRD0002037,5903-XXXX-XXXX-4692,CUS0000487,PRD-DC02,ACC00006401,Debit,2020-05-18,2028-01-27,0.0,0.0,Active
CRD0002038,5603-XXXX-XXXX-1662,CUS0003484,PRD-CC02,,Credit,2023-02-14,2027-07-27,306661.85,118690.94,Active
CRD0002039,5455-XXXX-XXXX-9296,CUS0003971,PRD-CC02,,Credit,2023-06-06,2029-02-15,48570.38,86196.51,Active
CRD0002040,4267-XXXX-XXXX-5867,CUS0009112,PRD-DC01,,Debit,2023-11-04,2029-08-17,0.0,0.0,Active
CRD0002041,4548-XXXX-XXXX-5500,CUS0006143,PRD-CC02,,Credit,2021-08-25,2026-12-13,879861.17,137378.82,Active
CRD0002042,4959-XXXX-XXXX-6463,CUS0008455,PRD-CC04,,Credit,2023-02-10,2027-12-15,403173.74,156839.85,Active
CRD0002043,4722-XXXX-XXXX-1792,CUS0007786,PRD-CC01,,Credit,2021-03-20,2029-08-14,765695.9,48034.43,Active
CRD0002044,5312-XXXX-XXXX-5034,CUS0002011,PRD-CC04,,Credit,2024-04-25,2029-09-21,1329577.24,56853.95,Active
CRD0002045,4511-XXXX-XXXX-8406,CUS0002933,PRD-CC03,,Credit,2020-09-21,2029-12-13,208523.52,97374.45,Active
CRD0002046,4485-XXXX-XXXX-2855,CUS0001170,PRD-CC04,,Credit,2022-06-30,2027-02-11,1171264.91,27368.92,Active
CRD0002047,4677-XXXX-XXXX-3809,CUS0001182,PRD-CC02,,Credit,2023-05-10,2027-09-17,1044974.59,188512.79,Active
CRD0002048,4778-XXXX-XXXX-3323,CUS0003188,PRD-CC03,,Credit,2025-05-07,2027-09-10,1278282.56,66862.02,Active
CRD0002049,4914-XXXX-XXXX-7491,CUS0007155,PRD-DC01,ACC00015964,Debit,2023-02-13,2030-02-25,0.0,0.0,Active
CRD0002050,5187-XXXX-XXXX-9098,CUS0004396,PRD-CC03,,Credit,2023-07-27,2030-09-07,760935.16,48941.98,Active
CRD0002051,5138-XXXX-XXXX-4631,CUS0003664,PRD-CC04,,Credit,2020-09-19,2028-01-14,261397.79,22091.52,Active
CRD0002052,5674-XXXX-XXXX-1348,CUS0006102,PRD-CC01,,Credit,2025-07-11,2030-03-01,192335.99,12876.6,Active
CRD0002053,5693-XXXX-XXXX-1044,CUS0009324,PRD-DC01,ACC00009169,Debit,2022-06-07,2030-05-23,0.0,0.0,Active
CRD0002054,4855-XXXX-XXXX-3824,CUS0007250,PRD-DC02,,Debit,2021-08-06,2028-02-29,0.0,0.0,Expired
CRD0002055,5424-XXXX-XXXX-1881,CUS0002351,PRD-CC03,,Credit,2022-11-02,2029-02-12,376503.66,149321.63,Active
CRD0002056,4955-XXXX-XXXX-6445,CUS0007512,PRD-CC03,,Credit,2025-06-22,2030-01-19,492138.42,129932.2,Active
CRD0002057,4904-XXXX-XXXX-5224,CUS0006926,PRD-CC01,,Credit,2022-08-21,2027-02-18,1260012.48,122181.28,Active
CRD0002058,4274-XXXX-XXXX-6361,CUS0003684,PRD-CC03,,Credit,2021-11-29,2026-05-25,765200.88,60878.03,Active
CRD0002059,5598-XXXX-XXXX-9134,CUS0008416,PRD-DC02,ACC00006404,Debit,2022-05-26,2026-07-29,0.0,0.0,Active
CRD0002060,4329-XXXX-XXXX-8776,CUS0004697,PRD-DC01,ACC00007992,Debit,2026-01-07,2027-10-13,0.0,0.0,Active
CRD0002061,5991-XXXX-XXXX-6534,CUS0003190,PRD-CC02,,Credit,2020-03-14,2026-07-31,51054.9,86714.47,Active
CRD0002062,4184-XXXX-XXXX-4551,CUS0001033,PRD-CC04,,Credit,2022-10-03,2027-06-19,1350187.64,65725.09,Active
CRD0002063,5480-XXXX-XXXX-2916,CUS0005812,PRD-CC04,,Credit,2021-05-31,2027-02-11,1010818.27,165764.56,Active
CRD0002064,4942-XXXX-XXXX-5802,CUS0002872,PRD-CC03,,Credit,2025-02-26,2030-02-24,488314.21,172015.14,Active
CRD0002065,4142-XXXX-XXXX-7855,CUS0006115,PRD-CC02,,Credit,2024-08-12,2029-05-21,1016170.16,5268.71,Active
CRD0002066,4307-XXXX-XXXX-6444,CUS0006667,PRD-CC01,,Credit,2025-10-03,2026-11-09,684916.15,42259.05,Active
CRD0002067,4243-XXXX-XXXX-4829,CUS0002362,PRD-DC02,ACC00014444,Debit,2020-04-28,2029-06-28,0.0,0.0,Active
CRD0002068,4847-XXXX-XXXX-2475,CUS0001374,PRD-CC01,,Credit,2025-08-11,2030-01-29,219505.61,17565.41,Active
CRD0002069,4380-XXXX-XXXX-6302,CUS0009344,PRD-CC03,,Credit,2021-05-31,2029-10-06,137664.59,19836.07,Active
CRD0002070,5630-XXXX-XXXX-7355,CUS0002566,PRD-CC03,,Credit,2020-12-29,2027-10-10,389240.46,8989.54,Active
CRD0002071,4496-XXXX-XXXX-6804,CUS0003981,PRD-CC03,,Credit,2024-09-30,2027-05-25,1440389.38,185931.43,Active
CRD0002072,5304-XXXX-XXXX-2537,CUS0000650,PRD-CC03,,Credit,2022-08-26,2030-05-24,687973.7,67228.94,Blocked
CRD0002073,5234-XXXX-XXXX-4295,CUS0000916,PRD-CC03,,Credit,2020-01-16,2027-03-19,223448.54,143861.9,Expired
CRD0002074,4340-XXXX-XXXX-4104,CUS0003145,PRD-CC01,,Credit,2025-01-17,2029-03-07,766857.23,4916.36,Active
CRD0002075,5737-XXXX-XXXX-5254,CUS0008914,PRD-DC02,ACC00009867,Debit,2021-11-12,2030-03-21,0.0,0.0,Active
CRD0002076,4729-XXXX-XXXX-1325,CUS0005686,PRD-CC02,,Credit,2024-12-07,2029-01-06,1288801.56,17382.89,Active
CRD0002077,5914-XXXX-XXXX-3689,CUS0002174,PRD-DC02,ACC00013303,Debit,2023-11-10,2027-11-21,0.0,0.0,Active
CRD0002078,4159-XXXX-XXXX-7632,CUS0002706,PRD-DC02,,Debit,2025-12-11,2026-05-12,0.0,0.0,Active
CRD0002079,5383-XXXX-XXXX-1725,CUS0009603,PRD-CC03,,Credit,2022-06-24,2028-08-20,1322486.23,99941.63,Active
CRD0002080,5935-XXXX-XXXX-7617,CUS0007187,PRD-DC02,,Debit,2022-01-06,2028-05-22,0.0,0.0,Active
CRD0002081,5766-XXXX-XXXX-2902,CUS0006963,PRD-CC03,,Credit,2024-09-14,2026-05-28,357434.35,10835.24,Active
CRD0002082,5237-XXXX-XXXX-3845,CUS0008153,PRD-CC03,,Credit,2024-06-08,2028-04-24,952476.32,79829.5,Blocked
CRD0002083,4122-XXXX-XXXX-2919,CUS0008355,PRD-DC01,ACC00006483,Debit,2023-07-27,2028-04-21,0.0,0.0,Active
CRD0002084,4459-XXXX-XXXX-7162,CUS0000992,PRD-CC02,,Credit,2022-12-14,2028-10-09,421461.67,128836.17,Active
CRD0002085,5436-XXXX-XXXX-1718,CUS0009761,PRD-CC04,,Credit,2026-01-08,2029-10-16,894013.03,20122.56,Active
CRD0002086,5326-XXXX-XXXX-1387,CUS0008963,PRD-CC03,,Credit,2021-06-14,2027-02-18,1132353.34,86924.26,Active
CRD0002087,5320-XXXX-XXXX-6871,CUS0005118,PRD-DC02,ACC00006612,Debit,2023-06-03,2030-02-09,0.0,0.0,Active
CRD0002088,4820-XXXX-XXXX-5409,CUS0006308,PRD-CC01,,Credit,2022-05-21,2027-07-20,990195.9,73585.62,Active
CRD0002089,5708-XXXX-XXXX-4299,CUS0008264,PRD-DC02,ACC00006465,Debit,2023-01-19,2026-06-26,0.0,0.0,Active
CRD0002090,4362-XXXX-XXXX-9198,CUS0007802,PRD-CC03,,Credit,2021-04-09,2026-06-22,158286.42,74977.23,Active
CRD0002091,5763-XXXX-XXXX-2678,CUS0008029,PRD-DC02,ACC00002469,Debit,2021-08-10,2027-04-18,0.0,0.0,Active
CRD0002092,4137-XXXX-XXXX-5039,CUS0008316,PRD-CC02,,Credit,2023-01-24,2030-02-18,592470.84,171726.5,Active
CRD0002093,5964-XXXX-XXXX-2825,CUS0008204,PRD-DC01,ACC00002086,Debit,2024-03-08,2029-05-12,0.0,0.0,Active
CRD0002094,5494-XXXX-XXXX-9885,CUS0004229,PRD-CC01,,Credit,2021-11-15,2029-08-24,1341582.02,113068.84,Active
CRD0002095,5615-XXXX-XXXX-3998,CUS0009319,PRD-DC01,ACC00001115,Debit,2021-10-21,2028-04-15,0.0,0.0,Active
CRD0002096,4724-XXXX-XXXX-7746,CUS0007630,PRD-CC04,,Credit,2022-07-15,2027-09-30,150037.24,8814.5,Active
CRD0002097,5522-XXXX-XXXX-3942,CUS0003238,PRD-CC02,,Credit,2021-03-15,2026-10-02,44127.63,142031.48,Active
CRD0002098,5602-XXXX-XXXX-6684,CUS0002634,PRD-DC02,ACC00017589,Debit,2021-10-19,2029-01-07,0.0,0.0,Active
CRD0002099,4457-XXXX-XXXX-8019,CUS0002847,PRD-CC01,,Credit,2025-03-15,2030-09-14,1186101.97,56920.04,Active
CRD0002100,4434-XXXX-XXXX-6593,CUS0005104,PRD-CC02,,Credit,2025-11-11,2026-07-11,751101.11,96164.88,Active
CRD0002101,5593-XXXX-XXXX-6771,CUS0009117,PRD-CC04,,Credit,2022-03-19,2027-09-22,1051189.44,190968.13,Blocked
CRD0002102,4901-XXXX-XXXX-4213,CUS0000554,PRD-DC02,ACC00001599,Debit,2022-11-09,2030-10-15,0.0,0.0,Active
CRD0002103,4783-XXXX-XXXX-4471,CUS0003156,PRD-DC02,ACC00012134,Debit,2024-03-12,2027-04-08,0.0,0.0,Active
CRD0002104,5422-XXXX-XXXX-5878,CUS0000592,PRD-CC03,,Credit,2021-11-18,2026-12-27,932715.39,127678.7,Active
CRD0002105,4729-XXXX-XXXX-7415,CUS0001192,PRD-CC04,,Credit,2021-09-07,2028-08-15,304008.65,56143.69,Active
CRD0002106,4216-XXXX-XXXX-2962,CUS0001131,PRD-CC01,,Credit,2025-04-28,2026-07-03,1135003.41,134302.24,Active
CRD0002107,4736-XXXX-XXXX-3142,CUS0007924,PRD-CC04,,Credit,2022-07-02,2026-05-07,1374216.97,142470.54,Active
CRD0002108,4857-XXXX-XXXX-9196,CUS0002774,PRD-CC01,,Credit,2020-09-13,2030-03-02,418088.73,42749.32,Active
CRD0002109,5177-XXXX-XXXX-8385,CUS0004424,PRD-CC01,,Credit,2022-01-28,2029-02-09,1172102.4,7845.68,Active
CRD0002110,4776-XXXX-XXXX-9980,CUS0000544,PRD-CC03,,Credit,2024-02-26,2027-09-08,651342.98,107071.27,Active
CRD0002111,5665-XXXX-XXXX-4899,CUS0000962,PRD-CC03,,Credit,2024-03-09,2029-01-31,813840.28,82829.84,Active
CRD0002112,4292-XXXX-XXXX-5485,CUS0008875,PRD-DC01,ACC00014218,Debit,2023-07-28,2029-10-05,0.0,0.0,Active
CRD0002113,4975-XXXX-XXXX-1346,CUS0006689,PRD-CC01,,Credit,2024-09-21,2026-11-10,939814.05,23237.41,Active
CRD0002114,5517-XXXX-XXXX-5783,CUS0009121,PRD-CC02,,Credit,2022-01-04,2030-02-06,40669.17,185739.36,Expired
CRD0002115,4554-XXXX-XXXX-5128,CUS0006687,PRD-DC02,,Debit,2021-03-16,2028-09-01,0.0,0.0,Active
CRD0002116,5928-XXXX-XXXX-3166,CUS0009343,PRD-CC03,,Credit,2020-04-02,2030-04-10,1408816.04,45292.07,Active
CRD0002117,4717-XXXX-XXXX-1803,CUS0000191,PRD-CC01,,Credit,2025-11-13,2030-05-26,1113682.45,148182.75,Active
CRD0002118,4792-XXXX-XXXX-6096,CUS0005136,PRD-DC01,ACC00011184,Debit,2026-04-05,2028-06-13,0.0,0.0,Active
CRD0002119,4239-XXXX-XXXX-5844,CUS0004168,PRD-CC03,,Credit,2025-09-13,2029-11-28,970810.63,177294.34,Active
CRD0002120,4468-XXXX-XXXX-4804,CUS0003009,PRD-DC02,ACC00010045,Debit,2021-02-04,2029-10-07,0.0,0.0,Active
CRD0002121,4499-XXXX-XXXX-5641,CUS0006363,PRD-CC03,,Credit,2021-04-04,2030-06-08,144994.49,113139.95,Active
CRD0002122,4466-XXXX-XXXX-8134,CUS0003543,PRD-CC04,,Credit,2021-06-10,2028-11-06,583128.53,173628.89,Blocked
CRD0002123,4774-XXXX-XXXX-6846,CUS0009513,PRD-CC02,,Credit,2024-05-31,2027-03-27,1476353.15,43463.46,Active
CRD0002124,4460-XXXX-XXXX-4930,CUS0005686,PRD-CC03,,Credit,2025-01-04,2027-08-27,1069071.91,153156.93,Active
CRD0002125,5449-XXXX-XXXX-6584,CUS0007164,PRD-CC01,,Credit,2020-06-29,2029-11-02,1075962.61,80838.51,Active
CRD0002126,4954-XXXX-XXXX-9099,CUS0006279,PRD-DC02,ACC00012355,Debit,2025-04-13,2028-10-08,0.0,0.0,Active
CRD0002127,5806-XXXX-XXXX-8892,CUS0003396,PRD-CC03,,Credit,2025-12-24,2028-11-01,111085.13,102753.53,Active
CRD0002128,4686-XXXX-XXXX-9712,CUS0005458,PRD-DC01,ACC00002590,Debit,2022-08-15,2028-08-27,0.0,0.0,Active
CRD0002129,5291-XXXX-XXXX-3467,CUS0007579,PRD-CC03,,Credit,2025-06-01,2029-05-10,813345.32,191326.48,Active
CRD0002130,5408-XXXX-XXXX-6764,CUS0005756,PRD-CC02,,Credit,2024-02-04,2028-05-19,523792.28,160979.78,Active
CRD0002131,5997-XXXX-XXXX-5613,CUS0002399,PRD-CC03,,Credit,2025-11-08,2027-05-08,1021404.11,133090.32,Active
CRD0002132,5657-XXXX-XXXX-5853,CUS0002912,PRD-DC01,ACC00001828,Debit,2021-12-15,2028-11-13,0.0,0.0,Active
CRD0002133,5993-XXXX-XXXX-4392,CUS0007848,PRD-CC03,,Credit,2020-10-29,2028-09-11,702016.35,156635.92,Active
CRD0002134,4440-XXXX-XXXX-7613,CUS0003498,PRD-DC01,,Debit,2022-10-21,2029-05-21,0.0,0.0,Active
CRD0002135,4714-XXXX-XXXX-6558,CUS0003342,PRD-CC02,,Credit,2024-01-30,2028-01-23,1234730.77,179318.86,Active
CRD0002136,4206-XXXX-XXXX-7913,CUS0003580,PRD-DC02,ACC00007629,Debit,2024-09-06,2026-05-07,0.0,0.0,Active
CRD0002137,4218-XXXX-XXXX-5517,CUS0001323,PRD-CC02,,Credit,2024-11-03,2029-11-30,101883.41,30322.02,Active
CRD0002138,5487-XXXX-XXXX-8160,CUS0009375,PRD-CC01,,Credit,2025-12-21,2029-11-28,576733.38,39928.93,Active
CRD0002139,5299-XXXX-XXXX-2972,CUS0002927,PRD-CC04,,Credit,2026-04-26,2027-01-24,1453317.52,66669.46,Active
CRD0002140,4573-XXXX-XXXX-1587,CUS0003490,PRD-CC04,,Credit,2024-06-19,2029-06-09,1427812.29,130283.69,Active
CRD0002141,4336-XXXX-XXXX-5839,CUS0009330,PRD-CC03,,Credit,2020-12-05,2026-06-21,466583.88,107767.85,Active
CRD0002142,4661-XXXX-XXXX-9558,CUS0006577,PRD-CC03,,Credit,2024-10-27,2029-05-09,1259116.68,119616.95,Active
CRD0002143,5978-XXXX-XXXX-2820,CUS0005990,PRD-CC03,,Credit,2023-09-17,2030-12-23,355868.74,189192.92,Active
CRD0002144,4679-XXXX-XXXX-3346,CUS0000211,PRD-DC02,,Debit,2022-05-08,2029-12-05,0.0,0.0,Active
CRD0002145,4843-XXXX-XXXX-8133,CUS0000940,PRD-DC01,ACC00012298,Debit,2024-04-10,2029-11-30,0.0,0.0,Active
CRD0002146,4404-XXXX-XXXX-1606,CUS0003770,PRD-CC03,,Credit,2022-11-17,2029-06-02,284489.45,174563.77,Active
CRD0002147,5121-XXXX-XXXX-6955,CUS0000933,PRD-DC01,ACC00003986,Debit,2022-05-21,2028-05-05,0.0,0.0,Active
CRD0002148,4532-XXXX-XXXX-7666,CUS0004309,PRD-CC03,,Credit,2023-07-10,2029-03-18,145256.42,127408.15,Active
CRD0002149,4396-XXXX-XXXX-1516,CUS0002858,PRD-DC01,,Debit,2025-01-30,2028-09-15,0.0,0.0,Active
CRD0002150,5971-XXXX-XXXX-4669,CUS0009595,PRD-CC03,,Credit,2021-02-03,2027-10-01,1395324.73,23050.47,Active
CRD0002151,5967-XXXX-XXXX-8311,CUS0007972,PRD-DC01,ACC00012268,Debit,2023-05-08,2028-05-24,0.0,0.0,Active
CRD0002152,4546-XXXX-XXXX-5244,CUS0006980,PRD-DC01,ACC00007963,Debit,2025-11-19,2030-01-23,0.0,0.0,Active
CRD0002153,4996-XXXX-XXXX-7387,CUS0003111,PRD-DC01,ACC00010974,Debit,2023-07-03,2029-09-05,0.0,0.0,Active
CRD0002154,5490-XXXX-XXXX-8740,CUS0006756,PRD-CC01,,Credit,2026-05-01,2028-08-07,428225.81,9860.04,Active
CRD0002155,4156-XXXX-XXXX-2853,CUS0002747,PRD-CC03,,Credit,2022-01-03,2029-07-12,1233674.65,29675.98,Active
CRD0002156,4508-XXXX-XXXX-6368,CUS0006357,PRD-CC03,,Credit,2022-01-11,2027-08-23,269108.61,93245.01,Active
CRD0002157,5825-XXXX-XXXX-3959,CUS0001248,PRD-CC03,,Credit,2025-09-13,2029-11-05,1021335.47,198002.26,Active
CRD0002158,4643-XXXX-XXXX-9632,CUS0000801,PRD-DC02,ACC00015053,Debit,2021-03-04,2027-09-26,0.0,0.0,Active
CRD0002159,4697-XXXX-XXXX-7261,CUS0009805,PRD-DC01,ACC00010243,Debit,2020-08-21,2030-12-18,0.0,0.0,Active
CRD0002160,4848-XXXX-XXXX-1774,CUS0005780,PRD-CC02,,Credit,2023-06-04,2029-01-19,430613.75,40540.13,Active
CRD0002161,5296-XXXX-XXXX-2868,CUS0005159,PRD-CC04,,Credit,2024-11-05,2029-02-03,361608.66,181238.11,Active
CRD0002162,5919-XXXX-XXXX-3125,CUS0004913,PRD-CC01,,Credit,2022-09-27,2027-05-28,1353372.94,114845.83,Active
CRD0002163,4923-XXXX-XXXX-6573,CUS0006612,PRD-DC02,ACC00008736,Debit,2022-06-09,2028-08-07,0.0,0.0,Active
CRD0002164,4539-XXXX-XXXX-9309,CUS0007744,PRD-DC01,ACC00011002,Debit,2022-06-11,2030-11-05,0.0,0.0,Active
CRD0002165,5493-XXXX-XXXX-8134,CUS0005511,PRD-DC01,ACC00010879,Debit,2020-05-10,2029-12-23,0.0,0.0,Active
CRD0002166,5360-XXXX-XXXX-1320,CUS0009299,PRD-CC02,,Credit,2024-10-22,2027-12-16,1253330.26,39861.52,Blocked
CRD0002167,5506-XXXX-XXXX-4079,CUS0001654,PRD-CC02,,Credit,2020-02-25,2027-12-08,1095731.87,58408.38,Active
CRD0002168,5729-XXXX-XXXX-2398,CUS0000038,PRD-DC02,ACC00009172,Debit,2023-09-09,2030-06-20,0.0,0.0,Active
CRD0002169,4538-XXXX-XXXX-2580,CUS0009387,PRD-CC02,,Credit,2024-11-30,2028-02-29,488564.4,85875.59,Active
CRD0002170,4555-XXXX-XXXX-6359,CUS0001047,PRD-DC01,ACC00015243,Debit,2024-09-08,2029-04-03,0.0,0.0,Active
CRD0002171,5774-XXXX-XXXX-4376,CUS0007774,PRD-CC01,,Credit,2022-01-24,2030-06-21,1294688.97,114429.42,Active
CRD0002172,4818-XXXX-XXXX-1847,CUS0009761,PRD-DC02,ACC00012745,Debit,2025-11-14,2026-12-07,0.0,0.0,Active
CRD0002173,4586-XXXX-XXXX-2342,CUS0007869,PRD-CC03,,Credit,2023-03-23,2028-07-16,831217.45,121508.17,Active
CRD0002174,4932-XXXX-XXXX-5909,CUS0004993,PRD-DC01,ACC00009210,Debit,2021-07-12,2029-01-01,0.0,0.0,Active
CRD0002175,5766-XXXX-XXXX-4829,CUS0004642,PRD-DC02,ACC00000904,Debit,2025-02-08,2027-10-12,0.0,0.0,Active
CRD0002176,4301-XXXX-XXXX-3922,CUS0006196,PRD-CC01,,Credit,2024-10-18,2028-08-30,680486.92,103050.5,Active
CRD0002177,4775-XXXX-XXXX-5088,CUS0002416,PRD-CC02,,Credit,2022-01-28,2028-05-02,1470449.73,180573.75,Active
CRD0002178,5626-XXXX-XXXX-4948,CUS0002724,PRD-CC04,,Credit,2025-02-19,2030-03-20,1301398.7,44608.34,Active
CRD0002179,4269-XXXX-XXXX-2212,CUS0006644,PRD-DC02,ACC00003822,Debit,2020-02-25,2027-07-24,0.0,0.0,Active
CRD0002180,5631-XXXX-XXXX-6490,CUS0007041,PRD-DC02,ACC00002959,Debit,2021-06-04,2030-03-14,0.0,0.0,Active
CRD0002181,5937-XXXX-XXXX-8615,CUS0004243,PRD-DC01,ACC00011031,Debit,2024-12-28,2027-02-20,0.0,0.0,Active
CRD0002182,4562-XXXX-XXXX-2053,CUS0002295,PRD-CC02,,Credit,2021-09-02,2029-05-21,656232.98,175585.53,Active
CRD0002183,5493-XXXX-XXXX-3589,CUS0000753,PRD-CC03,,Credit,2025-10-04,2029-12-22,1350265.53,137821.39,Active
CRD0002184,5816-XXXX-XXXX-3613,CUS0008030,PRD-CC02,,Credit,2022-10-09,2028-03-13,603270.31,143591.28,Blocked
CRD0002185,4795-XXXX-XXXX-4287,CUS0001026,PRD-CC04,,Credit,2023-03-30,2030-04-28,313410.84,147501.89,Active
CRD0002186,5914-XXXX-XXXX-2414,CUS0009204,PRD-DC02,,Debit,2026-04-29,2027-10-02,0.0,0.0,Active
CRD0002187,5400-XXXX-XXXX-4459,CUS0005198,PRD-CC02,,Credit,2021-12-19,2028-03-07,203535.22,130417.89,Active
CRD0002188,5537-XXXX-XXXX-2522,CUS0004682,PRD-DC02,ACC00000415,Debit,2024-08-31,2027-03-06,0.0,0.0,Active
CRD0002189,5332-XXXX-XXXX-1545,CUS0006976,PRD-CC03,,Credit,2025-11-07,2029-03-03,387582.59,138650.99,Active
CRD0002190,5213-XXXX-XXXX-8789,CUS0002599,PRD-CC02,,Credit,2026-03-25,2027-02-16,245283.28,196932.26,Active
CRD0002191,5900-XXXX-XXXX-6146,CUS0004442,PRD-CC04,,Credit,2023-01-06,2027-07-25,701228.19,164283.44,Active
CRD0002192,4717-XXXX-XXXX-6687,CUS0005009,PRD-DC01,ACC00003186,Debit,2021-11-16,2027-10-27,0.0,0.0,Active
CRD0002193,5252-XXXX-XXXX-8286,CUS0002816,PRD-CC03,,Credit,2020-08-25,2027-08-16,1421643.75,13630.69,Active
CRD0002194,4838-XXXX-XXXX-7230,CUS0001543,PRD-CC01,,Credit,2020-11-12,2027-12-30,20594.99,91416.16,Active
CRD0002195,4835-XXXX-XXXX-3709,CUS0003063,PRD-CC03,,Credit,2024-03-26,2026-06-10,1467193.91,125984.54,Active
CRD0002196,5176-XXXX-XXXX-4695,CUS0002729,PRD-CC02,,Credit,2023-08-01,2029-03-12,63446.77,120773.12,Active
CRD0002197,5359-XXXX-XXXX-1304,CUS0007859,PRD-CC02,,Credit,2020-03-24,2027-06-06,775401.6,91884.09,Active
CRD0002198,5332-XXXX-XXXX-9260,CUS0000584,PRD-DC02,ACC00009060,Debit,2023-03-29,2030-02-01,0.0,0.0,Active
CRD0002199,4442-XXXX-XXXX-7785,CUS0003868,PRD-DC02,ACC00013367,Debit,2020-01-10,2029-12-28,0.0,0.0,Active
CRD0002200,4759-XXXX-XXXX-2380,CUS0003287,PRD-CC02,,Credit,2021-06-01,2027-10-09,1384207.22,150463.6,Active
CRD0002201,5239-XXXX-XXXX-7261,CUS0001386,PRD-CC02,,Credit,2021-09-07,2026-12-10,250095.44,122702.82,Active
CRD0002202,5709-XXXX-XXXX-4745,CUS0007561,PRD-CC01,,Credit,2023-08-17,2027-03-01,410854.8,8696.99,Active
CRD0002203,4904-XXXX-XXXX-9368,CUS0009998,PRD-DC01,ACC00007789,Debit,2020-05-03,2030-01-12,0.0,0.0,Active
CRD0002204,4792-XXXX-XXXX-8363,CUS0006824,PRD-DC01,ACC00006852,Debit,2020-09-30,2029-03-12,0.0,0.0,Active
CRD0002205,4157-XXXX-XXXX-1296,CUS0001114,PRD-CC04,,Credit,2022-12-17,2028-12-24,1279706.24,37645.17,Active
CRD0002206,5814-XXXX-XXXX-3380,CUS0000262,PRD-DC01,ACC00000679,Debit,2020-04-30,2026-09-13,0.0,0.0,Active
CRD0002207,5308-XXXX-XXXX-6589,CUS0006420,PRD-CC02,,Credit,2026-01-03,2028-02-19,467529.87,100791.03,Active
CRD0002208,4865-XXXX-XXXX-2939,CUS0001384,PRD-CC02,,Credit,2025-05-07,2026-07-08,226314.39,88900.79,Active
CRD0002209,4404-XXXX-XXXX-2743,CUS0002571,PRD-DC01,ACC00009328,Debit,2025-08-21,2028-08-14,0.0,0.0,Active
CRD0002210,4614-XXXX-XXXX-6789,CUS0008104,PRD-CC01,,Credit,2023-03-28,2028-02-10,538966.74,199089.97,Active
CRD0002211,5202-XXXX-XXXX-3394,CUS0007087,PRD-CC01,,Credit,2020-02-25,2029-07-20,973074.69,90028.62,Active
CRD0002212,5256-XXXX-XXXX-7488,CUS0008955,PRD-CC02,,Credit,2021-07-21,2027-01-18,1439441.99,156928.64,Active
CRD0002213,5977-XXXX-XXXX-3866,CUS0002940,PRD-DC02,ACC00004856,Debit,2024-10-13,2027-12-23,0.0,0.0,Active
CRD0002214,5921-XXXX-XXXX-8696,CUS0007479,PRD-CC01,,Credit,2025-03-22,2027-08-22,561775.51,96266.1,Active
CRD0002215,4294-XXXX-XXXX-8686,CUS0004371,PRD-CC02,,Credit,2025-06-01,2029-12-20,562108.1,53119.63,Active
CRD0002216,5627-XXXX-XXXX-1240,CUS0008277,PRD-CC01,,Credit,2023-03-26,2026-08-29,776270.04,43878.87,Active
CRD0002217,4876-XXXX-XXXX-5564,CUS0001250,PRD-DC01,,Debit,2024-01-14,2030-08-03,0.0,0.0,Active
CRD0002218,5414-XXXX-XXXX-8705,CUS0001166,PRD-CC04,,Credit,2025-02-28,2030-11-28,712914.35,195897.05,Active
CRD0002219,4259-XXXX-XXXX-7281,CUS0000885,PRD-CC02,,Credit,2022-04-06,2029-04-04,629718.13,138909.45,Active
CRD0002220,5782-XXXX-XXXX-2738,CUS0002028,PRD-DC01,,Debit,2024-01-20,2027-12-10,0.0,0.0,Active
CRD0002221,5722-XXXX-XXXX-4362,CUS0004785,PRD-DC01,ACC00001462,Debit,2022-06-14,2028-10-14,0.0,0.0,Active
CRD0002222,4320-XXXX-XXXX-5020,CUS0005103,PRD-CC02,,Credit,2020-05-21,2030-11-27,1273387.88,86706.67,Active
CRD0002223,4114-XXXX-XXXX-9743,CUS0001835,PRD-CC01,,Credit,2021-07-15,2026-07-06,191219.54,82388.83,Active
CRD0002224,5216-XXXX-XXXX-5576,CUS0004507,PRD-CC01,,Credit,2021-02-20,2029-07-02,131076.69,49028.82,Active
CRD0002225,4408-XXXX-XXXX-2362,CUS0009933,PRD-CC02,,Credit,2021-10-04,2028-02-08,488569.26,60436.0,Active
CRD0002226,5564-XXXX-XXXX-8900,CUS0003715,PRD-DC01,,Debit,2021-08-05,2029-07-18,0.0,0.0,Active
CRD0002227,4535-XXXX-XXXX-5022,CUS0006987,PRD-CC01,,Credit,2022-03-02,2027-07-02,527301.66,76082.4,Active
CRD0002228,5916-XXXX-XXXX-5289,CUS0001765,PRD-CC04,,Credit,2025-06-26,2027-05-18,492431.95,162362.79,Active
CRD0002229,5545-XXXX-XXXX-7115,CUS0001329,PRD-DC02,ACC00014206,Debit,2024-08-14,2028-11-06,0.0,0.0,Active
CRD0002230,5503-XXXX-XXXX-8569,CUS0008145,PRD-CC03,,Credit,2025-06-21,2028-08-19,759202.08,147948.65,Active
CRD0002231,5832-XXXX-XXXX-1922,CUS0008639,PRD-CC02,,Credit,2021-07-09,2029-07-20,408998.34,196817.95,Blocked
CRD0002232,5539-XXXX-XXXX-1388,CUS0001087,PRD-DC02,ACC00012077,Debit,2024-10-13,2026-12-16,0.0,0.0,Active
CRD0002233,5906-XXXX-XXXX-8797,CUS0008189,PRD-DC01,ACC00016596,Debit,2022-03-22,2028-11-21,0.0,0.0,Active
CRD0002234,5169-XXXX-XXXX-9471,CUS0002297,PRD-CC03,,Credit,2026-03-24,2027-05-18,477372.13,24974.58,Active
CRD0002235,5876-XXXX-XXXX-4486,CUS0004959,PRD-CC02,,Credit,2020-10-08,2028-07-21,442943.36,178218.53,Active
CRD0002236,5229-XXXX-XXXX-3037,CUS0006125,PRD-DC02,ACC00007058,Debit,2024-04-15,2029-11-21,0.0,0.0,Active
CRD0002237,4562-XXXX-XXXX-1208,CUS0000582,PRD-DC02,,Debit,2025-01-24,2029-12-07,0.0,0.0,Active
CRD0002238,5755-XXXX-XXXX-4539,CUS0000406,PRD-CC03,,Credit,2021-09-30,2029-12-23,472212.63,119638.7,Active
CRD0002239,5864-XXXX-XXXX-2825,CUS0009180,PRD-CC02,,Credit,2022-03-30,2030-02-07,1292797.55,72584.61,Active
CRD0002240,5672-XXXX-XXXX-4080,CUS0002053,PRD-DC01,ACC00008891,Debit,2022-03-17,2027-04-23,0.0,0.0,Active
CRD0002241,5711-XXXX-XXXX-7597,CUS0000012,PRD-CC02,,Credit,2023-01-10,2027-12-25,603230.39,31326.34,Active
CRD0002242,5926-XXXX-XXXX-4481,CUS0000025,PRD-CC03,,Credit,2024-06-12,2030-03-12,1362640.26,183797.49,Active
CRD0002243,5665-XXXX-XXXX-1429,CUS0003836,PRD-DC02,ACC00001211,Debit,2020-01-31,2028-03-27,0.0,0.0,Active
CRD0002244,5517-XXXX-XXXX-2375,CUS0002904,PRD-CC01,,Credit,2021-11-18,2028-09-26,168922.85,23164.0,Active
CRD0002245,4986-XXXX-XXXX-4270,CUS0001557,PRD-CC02,,Credit,2023-02-05,2028-04-04,841750.54,22388.82,Active
CRD0002246,5511-XXXX-XXXX-8307,CUS0003562,PRD-CC04,,Credit,2025-05-14,2027-03-29,972059.73,93196.48,Active
CRD0002247,5997-XXXX-XXXX-7896,CUS0006777,PRD-CC04,,Credit,2024-10-19,2027-06-11,609443.69,169916.2,Active
CRD0002248,5922-XXXX-XXXX-7680,CUS0005779,PRD-CC04,,Credit,2024-04-16,2028-03-13,1280013.08,197396.81,Active
CRD0002249,4351-XXXX-XXXX-9063,CUS0009726,PRD-CC01,,Credit,2023-09-30,2029-11-25,1047617.81,138989.98,Active
CRD0002250,4449-XXXX-XXXX-9191,CUS0002086,PRD-CC03,,Credit,2023-03-18,2030-12-04,477686.71,163226.08,Active
CRD0002251,4287-XXXX-XXXX-6282,CUS0007754,PRD-CC01,,Credit,2020-11-07,2028-02-22,476322.12,175085.23,Active
CRD0002252,4217-XXXX-XXXX-1918,CUS0000145,PRD-DC01,ACC00011204,Debit,2021-02-14,2028-03-18,0.0,0.0,Active
CRD0002253,5310-XXXX-XXXX-7291,CUS0002885,PRD-CC02,,Credit,2020-08-26,2028-02-09,824475.49,18487.36,Active
CRD0002254,5139-XXXX-XXXX-9363,CUS0005903,PRD-CC02,,Credit,2020-05-05,2027-04-30,1425332.69,12955.22,Active
CRD0002255,5700-XXXX-XXXX-8375,CUS0003464,PRD-CC04,,Credit,2022-12-20,2026-07-05,418081.59,176267.21,Active
CRD0002256,4988-XXXX-XXXX-7597,CUS0000734,PRD-CC02,,Credit,2020-05-15,2028-02-22,121082.22,153389.54,Active
CRD0002257,5702-XXXX-XXXX-8736,CUS0000729,PRD-CC01,,Credit,2020-03-22,2026-05-29,1273563.3,74353.7,Active
CRD0002258,4680-XXXX-XXXX-6345,CUS0005302,PRD-CC02,,Credit,2022-05-31,2029-10-24,61011.18,21142.74,Active
CRD0002259,5204-XXXX-XXXX-8841,CUS0000509,PRD-DC01,ACC00001594,Debit,2023-07-20,2028-11-06,0.0,0.0,Active
CRD0002260,5922-XXXX-XXXX-6542,CUS0009748,PRD-DC02,ACC00001722,Debit,2020-06-06,2028-03-04,0.0,0.0,Active
CRD0002261,4898-XXXX-XXXX-1853,CUS0000631,PRD-DC01,ACC00006417,Debit,2022-08-27,2028-01-22,0.0,0.0,Active
CRD0002262,4753-XXXX-XXXX-2559,CUS0007047,PRD-CC02,,Credit,2024-01-08,2030-10-26,1407071.58,97243.83,Active
CRD0002263,4923-XXXX-XXXX-1591,CUS0007141,PRD-CC03,,Credit,2020-10-27,2028-03-04,923341.12,74844.5,Active
CRD0002264,4360-XXXX-XXXX-8040,CUS0007829,PRD-CC01,,Credit,2026-01-02,2030-03-12,1419183.06,85258.23,Active
CRD0002265,4402-XXXX-XXXX-1776,CUS0002569,PRD-CC04,,Credit,2022-07-04,2029-11-17,721334.03,37447.15,Active
CRD0002266,5321-XXXX-XXXX-5609,CUS0007529,PRD-DC01,ACC00002072,Debit,2020-12-26,2026-11-22,0.0,0.0,Active
CRD0002267,5289-XXXX-XXXX-3541,CUS0008667,PRD-CC01,,Credit,2025-02-03,2030-09-08,1410000.31,61078.73,Active
CRD0002268,5981-XXXX-XXXX-2998,CUS0007208,PRD-CC01,,Credit,2023-06-05,2030-04-20,800677.46,122541.64,Active
CRD0002269,5137-XXXX-XXXX-2707,CUS0002410,PRD-CC01,,Credit,2023-07-05,2029-03-28,1204698.23,61391.07,Active
CRD0002270,5651-XXXX-XXXX-5912,CUS0004164,PRD-DC02,,Debit,2020-05-25,2026-07-17,0.0,0.0,Active
CRD0002271,4587-XXXX-XXXX-7953,CUS0006167,PRD-CC04,,Credit,2020-06-14,2029-09-03,1423760.46,107469.04,Active
CRD0002272,5991-XXXX-XXXX-2746,CUS0002142,PRD-CC02,,Credit,2025-02-07,2029-09-14,1456892.68,118437.76,Active
CRD0002273,5762-XXXX-XXXX-5277,CUS0005946,PRD-DC02,ACC00012297,Debit,2025-07-05,2030-07-03,0.0,0.0,Active
CRD0002274,4837-XXXX-XXXX-8116,CUS0009966,PRD-CC01,,Credit,2021-11-19,2029-06-13,1426712.69,85250.45,Active
CRD0002275,5124-XXXX-XXXX-2257,CUS0007752,PRD-CC03,,Credit,2026-04-17,2028-10-30,274637.92,18109.99,Active
CRD0002276,4581-XXXX-XXXX-5880,CUS0006745,PRD-CC02,,Credit,2020-08-01,2029-02-26,1150777.05,101437.96,Active
CRD0002277,5453-XXXX-XXXX-4702,CUS0006044,PRD-CC01,,Credit,2023-04-06,2029-06-05,221825.79,176424.1,Active
CRD0002278,4518-XXXX-XXXX-4958,CUS0002419,PRD-CC04,,Credit,2025-01-16,2030-12-16,1360272.32,88186.31,Active
CRD0002279,5728-XXXX-XXXX-6863,CUS0002386,PRD-DC01,ACC00004424,Debit,2020-03-08,2028-11-01,0.0,0.0,Active
CRD0002280,4419-XXXX-XXXX-8353,CUS0006885,PRD-DC02,ACC00007689,Debit,2020-09-24,2028-11-06,0.0,0.0,Active
CRD0002281,5318-XXXX-XXXX-8449,CUS0005087,PRD-DC01,ACC00006096,Debit,2020-10-26,2027-01-13,0.0,0.0,Active
CRD0002282,5556-XXXX-XXXX-1089,CUS0003177,PRD-DC01,ACC00010265,Debit,2023-04-16,2028-07-31,0.0,0.0,Active
CRD0002283,5561-XXXX-XXXX-3202,CUS0004487,PRD-DC02,ACC00001932,Debit,2022-06-15,2030-07-24,0.0,0.0,Active
CRD0002284,4160-XXXX-XXXX-6412,CUS0001023,PRD-DC02,,Debit,2021-12-16,2028-06-26,0.0,0.0,Active
CRD0002285,4763-XXXX-XXXX-3943,CUS0003651,PRD-CC01,,Credit,2023-01-12,2029-05-04,646769.91,177742.24,Active
CRD0002286,5579-XXXX-XXXX-4023,CUS0004623,PRD-DC02,,Debit,2021-01-09,2028-06-08,0.0,0.0,Active
CRD0002287,4540-XXXX-XXXX-2495,CUS0007664,PRD-CC04,,Credit,2024-05-03,2030-04-08,1468434.81,124806.3,Active
CRD0002288,5215-XXXX-XXXX-1964,CUS0009913,PRD-CC03,,Credit,2022-08-10,2030-01-25,1364337.88,2492.2,Active
CRD0002289,5793-XXXX-XXXX-1986,CUS0004645,PRD-DC02,ACC00014181,Debit,2020-11-18,2030-08-18,0.0,0.0,Active
CRD0002290,4695-XXXX-XXXX-7948,CUS0002218,PRD-CC01,,Credit,2024-09-16,2030-04-17,836437.49,32794.27,Active
CRD0002291,4910-XXXX-XXXX-6055,CUS0009474,PRD-CC02,,Credit,2021-09-02,2026-11-06,1493856.72,96314.66,Active
CRD0002292,5966-XXXX-XXXX-5696,CUS0000111,PRD-DC02,ACC00006978,Debit,2023-12-15,2029-11-15,0.0,0.0,Active
CRD0002293,5996-XXXX-XXXX-3341,CUS0005152,PRD-DC01,,Debit,2024-02-27,2027-12-10,0.0,0.0,Active
CRD0002294,5230-XXXX-XXXX-6265,CUS0005421,PRD-CC02,,Credit,2024-05-30,2027-04-04,624685.12,183959.53,Active
CRD0002295,4617-XXXX-XXXX-2205,CUS0008777,PRD-CC02,,Credit,2024-06-07,2027-04-18,898116.15,97748.02,Active
CRD0002296,4650-XXXX-XXXX-7787,CUS0006589,PRD-DC02,ACC00006300,Debit,2020-08-03,2026-10-05,0.0,0.0,Active
CRD0002297,5680-XXXX-XXXX-2225,CUS0003164,PRD-DC02,ACC00005589,Debit,2021-04-13,2030-01-24,0.0,0.0,Active
CRD0002298,4132-XXXX-XXXX-3559,CUS0001410,PRD-DC02,,Debit,2021-04-28,2029-07-07,0.0,0.0,Active
CRD0002299,5597-XXXX-XXXX-6149,CUS0006446,PRD-CC03,,Credit,2023-06-24,2028-01-05,1028118.33,86314.82,Active
CRD0002300,5414-XXXX-XXXX-8740,CUS0004065,PRD-CC02,,Credit,2024-06-02,2030-10-20,829712.78,60133.4,Active
CRD0002301,5468-XXXX-XXXX-9407,CUS0006841,PRD-CC01,,Credit,2025-09-06,2029-12-25,276420.5,122721.94,Active
CRD0002302,5149-XXXX-XXXX-9315,CUS0007242,PRD-DC02,ACC00009093,Debit,2026-04-11,2029-07-22,0.0,0.0,Active
CRD0002303,5338-XXXX-XXXX-6019,CUS0005709,PRD-CC01,,Credit,2022-08-08,2027-03-10,606779.12,91374.35,Active
CRD0002304,4305-XXXX-XXXX-1169,CUS0008846,PRD-CC03,,Credit,2024-05-10,2026-10-29,762765.37,117729.56,Active
CRD0002305,5418-XXXX-XXXX-5867,CUS0004082,PRD-CC02,,Credit,2021-10-05,2030-04-21,66073.28,194085.8,Active
CRD0002306,5118-XXXX-XXXX-4993,CUS0002580,PRD-CC01,,Credit,2020-04-04,2029-04-01,31558.46,150494.95,Blocked
CRD0002307,5403-XXXX-XXXX-2259,CUS0005607,PRD-DC01,,Debit,2025-06-27,2030-10-12,0.0,0.0,Active
CRD0002308,5728-XXXX-XXXX-6408,CUS0008461,PRD-DC02,ACC00000023,Debit,2023-01-25,2027-10-05,0.0,0.0,Active
CRD0002309,4154-XXXX-XXXX-3048,CUS0004080,PRD-CC04,,Credit,2024-01-19,2027-10-28,1367388.5,81446.07,Blocked
CRD0002310,4678-XXXX-XXXX-2315,CUS0009810,PRD-CC01,,Credit,2023-02-10,2030-06-20,1076821.49,71659.65,Active
CRD0002311,4261-XXXX-XXXX-4666,CUS0008394,PRD-CC01,,Credit,2020-06-05,2029-11-21,1040522.19,181110.51,Active
CRD0002312,4780-XXXX-XXXX-1447,CUS0000663,PRD-CC02,,Credit,2020-08-27,2026-12-26,135587.8,38763.14,Active
CRD0002313,4408-XXXX-XXXX-4841,CUS0008341,PRD-CC02,,Credit,2024-11-07,2029-10-07,487211.91,84850.26,Active
CRD0002314,5573-XXXX-XXXX-9004,CUS0003295,PRD-CC01,,Credit,2023-06-17,2029-11-19,541256.58,83182.94,Active
CRD0002315,5434-XXXX-XXXX-8770,CUS0008888,PRD-CC02,,Credit,2023-11-22,2027-08-30,510173.44,88606.05,Active
CRD0002316,5698-XXXX-XXXX-6894,CUS0004278,PRD-DC01,ACC00008545,Debit,2024-12-03,2028-05-08,0.0,0.0,Active
CRD0002317,5668-XXXX-XXXX-4407,CUS0008012,PRD-CC03,,Credit,2024-05-13,2030-03-13,962100.7,133826.95,Active
CRD0002318,5899-XXXX-XXXX-2380,CUS0003626,PRD-CC03,,Credit,2024-02-07,2030-04-20,833716.58,146851.05,Active
CRD0002319,4157-XXXX-XXXX-7610,CUS0007569,PRD-DC02,ACC00014104,Debit,2022-03-25,2026-05-06,0.0,0.0,Active
CRD0002320,5619-XXXX-XXXX-8904,CUS0005894,PRD-DC02,ACC00012766,Debit,2020-02-24,2027-04-17,0.0,0.0,Blocked
CRD0002321,5841-XXXX-XXXX-2764,CUS0009791,PRD-CC04,,Credit,2025-07-22,2029-11-10,1367502.49,93176.85,Active
CRD0002322,4803-XXXX-XXXX-5545,CUS0004864,PRD-DC01,ACC00014626,Debit,2025-03-05,2030-01-02,0.0,0.0,Active
CRD0002323,5316-XXXX-XXXX-2947,CUS0004643,PRD-CC01,,Credit,2020-12-14,2026-12-21,375110.69,96940.14,Active
CRD0002324,4774-XXXX-XXXX-8605,CUS0009880,PRD-CC02,,Credit,2024-07-11,2028-08-16,638895.55,843.55,Active
CRD0002325,5690-XXXX-XXXX-1931,CUS0000764,PRD-CC04,,Credit,2023-07-30,2030-04-21,621786.43,108424.97,Active
CRD0002326,4788-XXXX-XXXX-3593,CUS0002423,PRD-CC01,,Credit,2022-07-01,2028-08-31,750461.81,144343.2,Active
CRD0002327,5208-XXXX-XXXX-2153,CUS0004679,PRD-DC02,ACC00015852,Debit,2025-07-06,2030-07-08,0.0,0.0,Active
CRD0002328,5951-XXXX-XXXX-7451,CUS0005431,PRD-DC01,ACC00003113,Debit,2021-04-09,2026-07-29,0.0,0.0,Active
CRD0002329,4501-XXXX-XXXX-4084,CUS0004628,PRD-CC01,,Credit,2022-08-21,2026-08-06,51099.1,122555.19,Active
CRD0002330,4992-XXXX-XXXX-8144,CUS0005754,PRD-CC02,,Credit,2021-12-02,2030-07-20,1266317.2,197967.93,Active
CRD0002331,4673-XXXX-XXXX-3006,CUS0005494,PRD-CC02,,Credit,2026-03-24,2030-05-22,143981.89,11019.12,Blocked
CRD0002332,4158-XXXX-XXXX-6507,CUS0008281,PRD-CC01,,Credit,2020-12-08,2027-12-30,32993.66,24256.27,Active
CRD0002333,4126-XXXX-XXXX-7495,CUS0000823,PRD-CC02,,Credit,2024-12-03,2028-06-21,1431685.03,135430.44,Active
CRD0002334,5376-XXXX-XXXX-8744,CUS0009500,PRD-CC01,,Credit,2023-07-31,2030-11-23,1262937.62,181837.5,Active
CRD0002335,5453-XXXX-XXXX-1436,CUS0009610,PRD-DC02,ACC00012676,Debit,2020-05-22,2029-11-02,0.0,0.0,Active
CRD0002336,5743-XXXX-XXXX-4916,CUS0004518,PRD-DC01,ACC00017719,Debit,2025-09-06,2029-12-12,0.0,0.0,Active
CRD0002337,5605-XXXX-XXXX-2940,CUS0000967,PRD-CC03,,Credit,2024-09-13,2028-02-06,356074.77,44936.83,Blocked
CRD0002338,5398-XXXX-XXXX-6659,CUS0003757,PRD-DC01,ACC00001417,Debit,2024-04-08,2027-11-08,0.0,0.0,Active
CRD0002339,5532-XXXX-XXXX-9187,CUS0000448,PRD-DC01,,Debit,2023-08-30,2030-02-22,0.0,0.0,Active
CRD0002340,4170-XXXX-XXXX-9647,CUS0008083,PRD-CC01,,Credit,2020-05-29,2030-04-26,1447473.06,96533.45,Active
CRD0002341,4680-XXXX-XXXX-8154,CUS0001210,PRD-CC04,,Credit,2022-03-17,2029-06-14,1449859.05,150923.04,Active
CRD0002342,4107-XXXX-XXXX-3809,CUS0005168,PRD-CC02,,Credit,2022-06-18,2027-12-28,610178.41,92650.92,Active
CRD0002343,4313-XXXX-XXXX-7843,CUS0000472,PRD-DC02,ACC00008919,Debit,2022-08-08,2026-11-24,0.0,0.0,Active
CRD0002344,5682-XXXX-XXXX-3426,CUS0009408,PRD-DC02,ACC00002889,Debit,2023-04-24,2030-05-18,0.0,0.0,Active
CRD0002345,5701-XXXX-XXXX-3423,CUS0004118,PRD-CC01,,Credit,2020-03-12,2027-07-23,1453673.84,56668.91,Active
CRD0002346,5406-XXXX-XXXX-3212,CUS0005082,PRD-DC02,ACC00001800,Debit,2025-02-09,2030-04-01,0.0,0.0,Active
CRD0002347,5300-XXXX-XXXX-4756,CUS0002052,PRD-CC02,,Credit,2023-12-10,2026-07-01,1035788.65,110656.98,Active
CRD0002348,4710-XXXX-XXXX-5118,CUS0008665,PRD-DC01,ACC00008607,Debit,2020-11-10,2028-06-01,0.0,0.0,Active
CRD0002349,4979-XXXX-XXXX-8513,CUS0001426,PRD-DC01,,Debit,2024-10-06,2030-11-02,0.0,0.0,Active
CRD0002350,5390-XXXX-XXXX-6770,CUS0008976,PRD-CC01,,Credit,2020-05-13,2029-01-28,1034877.28,122971.35,Active
CRD0002351,5719-XXXX-XXXX-1778,CUS0000813,PRD-CC01,,Credit,2021-05-23,2029-05-07,569685.87,158682.92,Active
CRD0002352,4415-XXXX-XXXX-9064,CUS0001027,PRD-CC01,,Credit,2021-09-10,2028-02-16,43417.92,10878.09,Active
CRD0002353,4789-XXXX-XXXX-8369,CUS0009492,PRD-CC04,,Credit,2021-01-05,2028-06-09,301859.84,151036.94,Active
CRD0002354,5462-XXXX-XXXX-2990,CUS0008020,PRD-CC03,,Credit,2026-04-03,2030-12-07,1290058.8,133827.58,Active
CRD0002355,5750-XXXX-XXXX-1284,CUS0006968,PRD-CC03,,Credit,2022-10-22,2030-10-07,147979.19,21757.09,Active
CRD0002356,4540-XXXX-XXXX-4106,CUS0002828,PRD-CC04,,Credit,2024-11-10,2030-01-09,570472.32,174003.97,Active
CRD0002357,5128-XXXX-XXXX-6734,CUS0004855,PRD-CC03,,Credit,2021-04-26,2029-09-22,603230.8,95077.86,Active
CRD0002358,4663-XXXX-XXXX-4769,CUS0007528,PRD-DC01,ACC00003929,Debit,2024-03-23,2027-05-04,0.0,0.0,Active
CRD0002359,5279-XXXX-XXXX-4810,CUS0001131,PRD-CC01,,Credit,2024-07-10,2027-01-06,1036629.86,124273.84,Blocked
CRD0002360,4236-XXXX-XXXX-4668,CUS0005189,PRD-CC03,,Credit,2025-08-05,2029-11-08,1339429.28,133048.15,Active
CRD0002361,5636-XXXX-XXXX-6125,CUS0007826,PRD-CC01,,Credit,2020-01-07,2026-11-08,284084.25,184584.11,Active
CRD0002362,5586-XXXX-XXXX-2025,CUS0006869,PRD-CC03,,Credit,2024-01-03,2026-06-19,1359770.45,12609.21,Active
CRD0002363,4964-XXXX-XXXX-4436,CUS0001628,PRD-CC02,,Credit,2024-10-22,2030-05-17,1202028.27,58329.12,Active
CRD0002364,4389-XXXX-XXXX-2807,CUS0007107,PRD-CC03,,Credit,2025-06-12,2026-06-24,1078326.45,114572.38,Active
CRD0002365,5476-XXXX-XXXX-4001,CUS0000668,PRD-DC01,ACC00012645,Debit,2024-02-05,2030-02-21,0.0,0.0,Active
CRD0002366,4504-XXXX-XXXX-1373,CUS0005592,PRD-CC03,,Credit,2022-05-12,2029-04-25,292956.53,172425.76,Active
CRD0002367,4553-XXXX-XXXX-4121,CUS0006591,PRD-CC03,,Credit,2023-04-25,2028-10-03,1259290.46,4295.15,Active
CRD0002368,5808-XXXX-XXXX-6439,CUS0001262,PRD-CC04,,Credit,2020-04-05,2029-07-05,1199211.33,177690.38,Active
CRD0002369,5269-XXXX-XXXX-7936,CUS0009705,PRD-CC01,,Credit,2021-01-20,2027-06-16,240436.46,46824.57,Active
CRD0002370,4392-XXXX-XXXX-4124,CUS0005073,PRD-DC01,ACC00009512,Debit,2025-04-10,2027-11-01,0.0,0.0,Blocked
CRD0002371,5726-XXXX-XXXX-4624,CUS0006854,PRD-DC02,ACC00008874,Debit,2024-03-30,2029-12-03,0.0,0.0,Active
CRD0002372,5168-XXXX-XXXX-9387,CUS0003672,PRD-DC02,,Debit,2020-06-02,2026-09-11,0.0,0.0,Active
CRD0002373,4601-XXXX-XXXX-2735,CUS0002551,PRD-CC02,,Credit,2024-01-23,2029-01-16,1301446.39,136341.99,Active
CRD0002374,4738-XXXX-XXXX-8283,CUS0005381,PRD-CC02,,Credit,2022-11-20,2027-10-07,517132.61,43674.13,Active
CRD0002375,5444-XXXX-XXXX-9979,CUS0008628,PRD-DC02,ACC00002516,Debit,2026-02-22,2027-10-28,0.0,0.0,Active
CRD0002376,4478-XXXX-XXXX-9087,CUS0005779,PRD-CC01,,Credit,2020-06-17,2029-06-07,1250986.68,92514.64,Active
CRD0002377,4768-XXXX-XXXX-9873,CUS0004854,PRD-CC04,,Credit,2021-10-06,2029-03-25,1200737.71,65993.59,Active
CRD0002378,5365-XXXX-XXXX-5101,CUS0007650,PRD-DC01,,Debit,2021-11-19,2028-03-11,0.0,0.0,Active
CRD0002379,5847-XXXX-XXXX-3544,CUS0004326,PRD-DC02,ACC00014647,Debit,2025-04-23,2029-05-31,0.0,0.0,Active
CRD0002380,4278-XXXX-XXXX-2773,CUS0004458,PRD-CC04,,Credit,2024-08-06,2029-02-23,272455.62,74241.78,Active
CRD0002381,5800-XXXX-XXXX-9006,CUS0000600,PRD-DC01,ACC00017659,Debit,2025-08-06,2029-08-26,0.0,0.0,Expired
CRD0002382,4254-XXXX-XXXX-3380,CUS0002277,PRD-DC02,ACC00000599,Debit,2026-04-23,2030-09-25,0.0,0.0,Active
CRD0002383,5735-XXXX-XXXX-9508,CUS0009831,PRD-CC01,,Credit,2023-08-26,2030-11-04,808126.12,175044.84,Active
CRD0002384,4206-XXXX-XXXX-9244,CUS0003868,PRD-CC02,,Credit,2021-06-07,2027-06-03,1067665.55,167222.7,Active
CRD0002385,4246-XXXX-XXXX-6957,CUS0009150,PRD-CC03,,Credit,2025-11-19,2028-02-23,76061.06,23646.46,Active
CRD0002386,4959-XXXX-XXXX-1298,CUS0001747,PRD-DC02,ACC00005439,Debit,2024-09-06,2027-11-16,0.0,0.0,Active
CRD0002387,4962-XXXX-XXXX-5619,CUS0006352,PRD-CC04,,Credit,2024-01-15,2026-05-12,1480514.03,88473.84,Active
CRD0002388,4844-XXXX-XXXX-2707,CUS0007256,PRD-DC01,,Debit,2020-05-21,2027-12-14,0.0,0.0,Active
CRD0002389,5375-XXXX-XXXX-5586,CUS0002315,PRD-DC01,ACC00003551,Debit,2023-06-23,2029-02-13,0.0,0.0,Active
CRD0002390,4279-XXXX-XXXX-6253,CUS0005562,PRD-DC01,,Debit,2025-05-24,2029-06-23,0.0,0.0,Active
CRD0002391,4346-XXXX-XXXX-3796,CUS0009596,PRD-CC04,,Credit,2020-06-11,2028-08-08,1182200.93,124382.9,Active
CRD0002392,5866-XXXX-XXXX-3378,CUS0008405,PRD-DC01,ACC00006737,Debit,2021-10-10,2026-10-13,0.0,0.0,Active
CRD0002393,5251-XXXX-XXXX-2657,CUS0009651,PRD-CC04,,Credit,2023-10-17,2026-08-20,1257841.33,199095.39,Active
CRD0002394,4660-XXXX-XXXX-2535,CUS0004176,PRD-CC02,,Credit,2023-08-02,2030-02-24,1256157.32,187306.32,Active
CRD0002395,5611-XXXX-XXXX-9816,CUS0002664,PRD-CC01,,Credit,2025-10-13,2029-06-14,1465156.65,11243.02,Blocked
CRD0002396,5690-XXXX-XXXX-8252,CUS0007904,PRD-CC03,,Credit,2022-02-04,2027-05-21,357756.54,196493.5,Active
CRD0002397,4977-XXXX-XXXX-8771,CUS0001083,PRD-DC01,ACC00008850,Debit,2022-02-13,2028-04-11,0.0,0.0,Active
CRD0002398,4349-XXXX-XXXX-4270,CUS0009715,PRD-CC02,,Credit,2024-05-09,2026-06-20,1491008.03,74511.26,Expired
CRD0002399,4561-XXXX-XXXX-2248,CUS0002420,PRD-CC01,,Credit,2022-08-09,2029-09-22,1012802.73,180583.45,Active
CRD0002400,4329-XXXX-XXXX-1186,CUS0007635,PRD-CC04,,Credit,2025-10-17,2029-08-14,61598.12,78157.36,Active
CRD0002401,5621-XXXX-XXXX-7029,CUS0005375,PRD-CC01,,Credit,2020-01-13,2030-05-19,78711.82,199827.13,Active
CRD0002402,5845-XXXX-XXXX-6018,CUS0004832,PRD-CC04,,Credit,2022-03-09,2028-05-19,467515.23,96115.94,Blocked
CRD0002403,4177-XXXX-XXXX-3810,CUS0003809,PRD-DC01,ACC00000565,Debit,2021-12-15,2030-10-02,0.0,0.0,Active
CRD0002404,5566-XXXX-XXXX-8491,CUS0004519,PRD-CC04,,Credit,2021-07-17,2028-02-26,68872.23,185320.26,Active
CRD0002405,4468-XXXX-XXXX-7021,CUS0003886,PRD-DC01,ACC00003064,Debit,2020-09-15,2027-08-27,0.0,0.0,Blocked
CRD0002406,5652-XXXX-XXXX-9589,CUS0007078,PRD-CC01,,Credit,2023-06-20,2027-04-04,1439911.98,155919.99,Active
CRD0002407,4200-XXXX-XXXX-4067,CUS0004044,PRD-DC01,ACC00000584,Debit,2020-11-25,2028-01-09,0.0,0.0,Active
CRD0002408,4619-XXXX-XXXX-8924,CUS0009361,PRD-DC02,ACC00010103,Debit,2022-10-11,2029-03-20,0.0,0.0,Active
CRD0002409,4585-XXXX-XXXX-7563,CUS0005461,PRD-CC01,,Credit,2025-04-05,2030-07-11,706586.48,150267.48,Active
CRD0002410,4913-XXXX-XXXX-9196,CUS0004604,PRD-CC04,,Credit,2020-07-03,2030-02-10,808120.43,165118.0,Active
CRD0002411,5580-XXXX-XXXX-1602,CUS0007651,PRD-CC04,,Credit,2020-07-09,2030-07-20,1458832.67,5710.59,Active
CRD0002412,4385-XXXX-XXXX-8090,CUS0007782,PRD-DC01,,Debit,2023-08-15,2026-08-11,0.0,0.0,Active
CRD0002413,4103-XXXX-XXXX-8556,CUS0005014,PRD-CC04,,Credit,2024-03-25,2029-03-28,1467060.28,119661.96,Active
CRD0002414,5806-XXXX-XXXX-7305,CUS0003232,PRD-CC03,,Credit,2020-05-09,2030-06-30,292656.46,199302.19,Active
CRD0002415,4918-XXXX-XXXX-7890,CUS0000730,PRD-CC01,,Credit,2025-03-13,2028-07-25,486639.87,162235.43,Active
CRD0002416,4316-XXXX-XXXX-9608,CUS0005866,PRD-CC03,,Credit,2021-02-15,2027-09-29,706057.92,169799.6,Active
CRD0002417,5670-XXXX-XXXX-4930,CUS0004333,PRD-DC01,,Debit,2026-04-02,2030-12-06,0.0,0.0,Active
CRD0002418,4561-XXXX-XXXX-4984,CUS0004905,PRD-DC01,ACC00015293,Debit,2020-06-22,2030-06-04,0.0,0.0,Active
CRD0002419,4411-XXXX-XXXX-1242,CUS0003414,PRD-CC02,,Credit,2020-06-07,2028-01-17,1400140.74,152736.15,Active
CRD0002420,4428-XXXX-XXXX-6293,CUS0007137,PRD-CC04,,Credit,2020-12-11,2027-10-16,728786.54,17738.93,Active
CRD0002421,4962-XXXX-XXXX-6445,CUS0002309,PRD-CC04,,Credit,2025-04-28,2030-04-30,475957.3,168368.85,Active
CRD0002422,4842-XXXX-XXXX-9836,CUS0005839,PRD-CC04,,Credit,2024-04-18,2029-02-06,1229292.02,197448.69,Active
CRD0002423,4593-XXXX-XXXX-1195,CUS0002477,PRD-CC02,,Credit,2025-05-08,2029-02-26,1371778.24,170770.94,Active
CRD0002424,5165-XXXX-XXXX-1003,CUS0004206,PRD-CC02,,Credit,2022-05-19,2027-01-22,204909.44,71873.38,Active
CRD0002425,5143-XXXX-XXXX-5174,CUS0000293,PRD-CC03,,Credit,2020-04-19,2028-01-14,870742.97,95947.5,Active
CRD0002426,5661-XXXX-XXXX-9881,CUS0000314,PRD-CC03,,Credit,2020-12-07,2029-07-12,1349295.52,56589.3,Active
CRD0002427,4409-XXXX-XXXX-4651,CUS0004283,PRD-CC02,,Credit,2022-02-21,2027-05-27,1354324.62,105048.27,Active
CRD0002428,5441-XXXX-XXXX-1731,CUS0009498,PRD-DC01,,Debit,2024-09-16,2026-06-01,0.0,0.0,Active
CRD0002429,5961-XXXX-XXXX-9819,CUS0008324,PRD-CC03,,Credit,2023-07-23,2030-05-08,985945.25,148066.25,Active
CRD0002430,5347-XXXX-XXXX-4168,CUS0000097,PRD-DC01,,Debit,2022-07-20,2027-09-17,0.0,0.0,Active
CRD0002431,4329-XXXX-XXXX-8972,CUS0001990,PRD-DC02,ACC00017966,Debit,2021-10-16,2027-06-19,0.0,0.0,Active
CRD0002432,5889-XXXX-XXXX-8730,CUS0005741,PRD-DC01,,Debit,2023-08-20,2028-07-12,0.0,0.0,Active
CRD0002433,4434-XXXX-XXXX-4125,CUS0003280,PRD-CC04,,Credit,2024-02-06,2030-07-11,1036196.08,99691.9,Active
CRD0002434,4576-XXXX-XXXX-7714,CUS0007009,PRD-DC01,ACC00017168,Debit,2024-09-09,2026-11-19,0.0,0.0,Active
CRD0002435,5814-XXXX-XXXX-9864,CUS0005636,PRD-CC03,,Credit,2025-10-18,2030-02-24,839682.92,117825.54,Active
CRD0002436,4700-XXXX-XXXX-5092,CUS0004849,PRD-DC01,,Debit,2020-10-13,2030-10-15,0.0,0.0,Active
CRD0002437,4263-XXXX-XXXX-7607,CUS0001642,PRD-CC03,,Credit,2020-07-16,2027-01-21,1375121.54,86487.73,Active
CRD0002438,5221-XXXX-XXXX-6349,CUS0000029,PRD-DC01,ACC00013599,Debit,2021-06-25,2027-03-18,0.0,0.0,Active
CRD0002439,4684-XXXX-XXXX-2755,CUS0002429,PRD-CC03,,Credit,2026-02-09,2026-10-27,289438.71,89652.07,Active
CRD0002440,4352-XXXX-XXXX-5240,CUS0007636,PRD-DC02,ACC00005928,Debit,2024-01-18,2029-12-21,0.0,0.0,Active
CRD0002441,4453-XXXX-XXXX-4759,CUS0004721,PRD-CC01,,Credit,2022-05-04,2028-10-16,1462349.39,196244.33,Active
CRD0002442,5529-XXXX-XXXX-3250,CUS0006390,PRD-CC04,,Credit,2021-06-03,2030-07-06,1197063.86,120950.8,Active
CRD0002443,5673-XXXX-XXXX-9286,CUS0001279,PRD-DC01,ACC00017884,Debit,2024-01-21,2027-09-29,0.0,0.0,Active
CRD0002444,4316-XXXX-XXXX-8377,CUS0003493,PRD-CC02,,Credit,2021-01-11,2029-09-29,1463311.41,136067.25,Active
CRD0002445,4924-XXXX-XXXX-9717,CUS0007421,PRD-DC02,ACC00013012,Debit,2022-01-10,2027-01-11,0.0,0.0,Active
CRD0002446,5879-XXXX-XXXX-3928,CUS0007201,PRD-DC02,ACC00000371,Debit,2021-09-21,2027-10-06,0.0,0.0,Active
CRD0002447,5566-XXXX-XXXX-9574,CUS0002582,PRD-CC04,,Credit,2020-06-20,2027-07-21,1180172.63,1910.95,Active
CRD0002448,4607-XXXX-XXXX-6232,CUS0005672,PRD-CC01,,Credit,2020-06-22,2030-01-26,814634.8,31068.63,Blocked
CRD0002449,4199-XXXX-XXXX-5931,CUS0006755,PRD-DC01,ACC00003174,Debit,2020-07-03,2029-10-24,0.0,0.0,Active
CRD0002450,4950-XXXX-XXXX-7071,CUS0009570,PRD-DC02,ACC00017791,Debit,2025-12-27,2028-12-27,0.0,0.0,Active
CRD0002451,5890-XXXX-XXXX-6362,CUS0007385,PRD-DC01,ACC00006390,Debit,2025-08-15,2030-12-11,0.0,0.0,Active
CRD0002452,5584-XXXX-XXXX-4603,CUS0005925,PRD-CC01,,Credit,2025-03-25,2030-01-20,446607.41,1709.18,Active
CRD0002453,4414-XXXX-XXXX-8628,CUS0009283,PRD-DC01,ACC00017798,Debit,2024-08-19,2030-07-18,0.0,0.0,Active
CRD0002454,5887-XXXX-XXXX-3011,CUS0005637,PRD-DC02,ACC00017547,Debit,2025-09-09,2026-12-14,0.0,0.0,Active
CRD0002455,5869-XXXX-XXXX-6805,CUS0005825,PRD-CC04,,Credit,2022-10-26,2026-06-13,223023.04,54274.16,Active
CRD0002456,4541-XXXX-XXXX-7947,CUS0009808,PRD-CC04,,Credit,2025-06-20,2029-07-24,1449004.13,102482.55,Active
CRD0002457,5395-XXXX-XXXX-8231,CUS0005391,PRD-DC02,,Debit,2024-01-18,2028-06-19,0.0,0.0,Active
CRD0002458,4455-XXXX-XXXX-1770,CUS0008182,PRD-CC01,,Credit,2024-03-27,2028-12-01,948603.11,172544.29,Active
CRD0002459,5708-XXXX-XXXX-8846,CUS0007341,PRD-DC02,ACC00000132,Debit,2023-11-01,2029-01-05,0.0,0.0,Active
CRD0002460,4610-XXXX-XXXX-2270,CUS0005941,PRD-DC01,,Debit,2022-11-21,2029-09-18,0.0,0.0,Active
CRD0002461,5600-XXXX-XXXX-6177,CUS0003830,PRD-CC01,,Credit,2023-05-09,2027-11-19,1103386.29,21060.99,Active
CRD0002462,4582-XXXX-XXXX-4321,CUS0001299,PRD-CC03,,Credit,2022-01-24,2030-11-11,889878.16,6982.72,Active
CRD0002463,4578-XXXX-XXXX-5210,CUS0003129,PRD-CC03,,Credit,2025-11-04,2027-06-21,324627.93,40034.93,Active
CRD0002464,4357-XXXX-XXXX-2476,CUS0009002,PRD-DC02,ACC00012803,Debit,2021-11-25,2026-12-09,0.0,0.0,Blocked
CRD0002465,5552-XXXX-XXXX-4853,CUS0000197,PRD-CC03,,Credit,2021-07-14,2028-03-05,1215902.91,17682.21,Active
CRD0002466,5790-XXXX-XXXX-6790,CUS0000073,PRD-CC03,,Credit,2021-06-08,2029-07-18,22280.16,166841.27,Active
CRD0002467,5761-XXXX-XXXX-1300,CUS0008386,PRD-CC03,,Credit,2025-12-05,2030-07-19,933642.75,79276.56,Active
CRD0002468,4953-XXXX-XXXX-7868,CUS0005642,PRD-DC01,ACC00008305,Debit,2024-12-04,2030-02-23,0.0,0.0,Active
CRD0002469,4764-XXXX-XXXX-7376,CUS0007093,PRD-CC03,,Credit,2026-01-10,2028-02-06,681020.9,83864.38,Active
CRD0002470,5275-XXXX-XXXX-3536,CUS0007034,PRD-DC01,ACC00000821,Debit,2025-05-14,2028-10-15,0.0,0.0,Active
CRD0002471,4959-XXXX-XXXX-9488,CUS0005696,PRD-DC01,,Debit,2024-06-10,2030-12-07,0.0,0.0,Active
CRD0002472,5924-XXXX-XXXX-3321,CUS0003242,PRD-CC02,,Credit,2023-01-25,2029-01-01,54429.5,45630.43,Blocked
CRD0002473,4802-XXXX-XXXX-4917,CUS0002488,PRD-DC01,ACC00004143,Debit,2020-02-02,2027-04-20,0.0,0.0,Active
CRD0002474,4903-XXXX-XXXX-7022,CUS0001248,PRD-DC02,ACC00009449,Debit,2021-10-13,2027-02-17,0.0,0.0,Expired
CRD0002475,5959-XXXX-XXXX-8937,CUS0000055,PRD-CC04,,Credit,2021-04-25,2026-11-05,206814.78,146896.47,Active
CRD0002476,5815-XXXX-XXXX-1624,CUS0009834,PRD-CC02,,Credit,2020-10-05,2030-10-31,373840.62,42068.04,Active
CRD0002477,5640-XXXX-XXXX-6790,CUS0002332,PRD-CC02,,Credit,2021-03-01,2029-07-15,731342.54,192857.92,Active
CRD0002478,5976-XXXX-XXXX-2921,CUS0002237,PRD-CC03,,Credit,2021-02-08,2030-03-22,250006.55,96945.26,Blocked
CRD0002479,4123-XXXX-XXXX-4293,CUS0007146,PRD-DC02,ACC00003689,Debit,2025-05-13,2030-11-29,0.0,0.0,Active
CRD0002480,4374-XXXX-XXXX-4405,CUS0007186,PRD-CC03,,Credit,2023-07-22,2028-05-08,605711.04,52508.01,Active
CRD0002481,5281-XXXX-XXXX-6304,CUS0003661,PRD-CC03,,Credit,2022-09-07,2028-04-13,972757.56,164940.72,Active
CRD0002482,4783-XXXX-XXXX-2435,CUS0006260,PRD-CC04,,Credit,2021-04-18,2028-08-23,1419263.02,14290.66,Active
CRD0002483,5201-XXXX-XXXX-5907,CUS0004792,PRD-CC04,,Credit,2025-05-12,2030-07-15,263346.62,66808.61,Active
CRD0002484,5834-XXXX-XXXX-3334,CUS0003993,PRD-CC01,,Credit,2022-07-16,2027-03-08,370565.35,153195.06,Blocked
CRD0002485,4560-XXXX-XXXX-9528,CUS0008590,PRD-CC01,,Credit,2020-04-01,2026-08-30,373887.62,46419.66,Active
CRD0002486,4440-XXXX-XXXX-6726,CUS0001915,PRD-CC01,,Credit,2024-05-23,2027-06-23,1003579.11,76488.45,Active
CRD0002487,5347-XXXX-XXXX-5710,CUS0007013,PRD-CC03,,Credit,2023-09-22,2028-06-11,1336388.06,40463.51,Active
CRD0002488,5211-XXXX-XXXX-8419,CUS0007103,PRD-CC01,,Credit,2021-07-14,2030-02-23,277340.24,18066.81,Active
CRD0002489,5970-XXXX-XXXX-7887,CUS0009199,PRD-CC01,,Credit,2025-04-26,2030-01-14,610055.85,198219.74,Active
CRD0002490,5690-XXXX-XXXX-3360,CUS0005895,PRD-CC01,,Credit,2022-10-18,2028-05-03,618323.86,7173.17,Active
CRD0002491,4474-XXXX-XXXX-3880,CUS0005701,PRD-CC04,,Credit,2021-09-14,2026-12-05,1494605.77,125956.58,Active
CRD0002492,5650-XXXX-XXXX-3827,CUS0001129,PRD-CC04,,Credit,2023-03-05,2027-08-10,1039048.91,63570.45,Active
CRD0002493,4506-XXXX-XXXX-6477,CUS0007707,PRD-DC02,,Debit,2022-07-26,2028-11-21,0.0,0.0,Active
CRD0002494,5834-XXXX-XXXX-7807,CUS0000673,PRD-DC02,,Debit,2024-08-29,2029-10-18,0.0,0.0,Active
CRD0002495,4689-XXXX-XXXX-6569,CUS0005689,PRD-CC02,,Credit,2022-11-30,2027-11-10,1185714.27,84081.28,Blocked
CRD0002496,5311-XXXX-XXXX-6483,CUS0002925,PRD-DC02,ACC00017340,Debit,2021-04-20,2028-05-03,0.0,0.0,Active
CRD0002497,5803-XXXX-XXXX-3217,CUS0007941,PRD-CC04,,Credit,2024-11-18,2027-06-11,1423375.9,182805.23,Active
CRD0002498,4431-XXXX-XXXX-6863,CUS0001017,PRD-CC01,,Credit,2025-07-18,2028-01-01,1210015.56,175685.49,Active
CRD0002499,5648-XXXX-XXXX-5661,CUS0009682,PRD-DC01,ACC00009188,Debit,2023-03-23,2028-04-27,0.0,0.0,Active
CRD0002500,4989-XXXX-XXXX-9159,CUS0006193,PRD-DC02,ACC00011322,Debit,2021-08-20,2028-07-11,0.0,0.0,Active
CRD0002501,4577-XXXX-XXXX-5081,CUS0008899,PRD-CC04,,Credit,2023-03-18,2028-05-27,528867.78,17324.13,Active
CRD0002502,4312-XXXX-XXXX-1061,CUS0000975,PRD-CC01,,Credit,2021-02-11,2029-04-06,279555.62,115745.43,Active
CRD0002503,5911-XXXX-XXXX-2984,CUS0009708,PRD-CC02,,Credit,2022-09-07,2030-06-23,52844.36,42441.04,Active
CRD0002504,4596-XXXX-XXXX-8835,CUS0004230,PRD-DC02,,Debit,2021-03-25,2030-10-31,0.0,0.0,Blocked
CRD0002505,5191-XXXX-XXXX-4668,CUS0001309,PRD-CC02,,Credit,2020-03-27,2028-07-22,1378352.16,125943.31,Active
CRD0002506,4340-XXXX-XXXX-8639,CUS0002534,PRD-DC02,ACC00015069,Debit,2022-09-14,2026-10-25,0.0,0.0,Active
CRD0002507,5658-XXXX-XXXX-3455,CUS0007573,PRD-CC02,,Credit,2022-05-20,2029-11-03,588272.19,18528.0,Active
CRD0002508,5484-XXXX-XXXX-6088,CUS0002805,PRD-DC01,ACC00017956,Debit,2022-04-12,2029-04-10,0.0,0.0,Active
CRD0002509,4756-XXXX-XXXX-1415,CUS0002820,PRD-CC04,,Credit,2025-06-19,2026-09-28,1288277.19,191534.3,Active
CRD0002510,5277-XXXX-XXXX-9195,CUS0001607,PRD-CC02,,Credit,2020-04-29,2030-06-08,1324465.98,189078.76,Active
CRD0002511,4535-XXXX-XXXX-8771,CUS0006300,PRD-CC04,,Credit,2026-03-30,2028-06-12,135062.92,162307.01,Active
CRD0002512,5893-XXXX-XXXX-3034,CUS0003307,PRD-CC01,,Credit,2022-06-10,2027-10-24,753907.65,11470.0,Active
CRD0002513,4635-XXXX-XXXX-3458,CUS0003829,PRD-CC02,,Credit,2022-07-12,2029-04-28,1042606.27,77096.49,Active
CRD0002514,5236-XXXX-XXXX-6163,CUS0000418,PRD-CC01,,Credit,2020-08-20,2027-05-24,802930.52,34150.32,Blocked
CRD0002515,5189-XXXX-XXXX-9934,CUS0008390,PRD-CC02,,Credit,2023-11-27,2029-08-02,456895.15,59819.22,Active
CRD0002516,5938-XXXX-XXXX-1408,CUS0001885,PRD-CC01,,Credit,2022-05-27,2029-10-06,1070356.05,29844.82,Blocked
CRD0002517,5946-XXXX-XXXX-3997,CUS0003342,PRD-DC02,ACC00016887,Debit,2024-10-18,2027-07-09,0.0,0.0,Active
CRD0002518,5792-XXXX-XXXX-2088,CUS0006671,PRD-DC02,ACC00011772,Debit,2022-12-03,2029-10-21,0.0,0.0,Active
CRD0002519,5954-XXXX-XXXX-4586,CUS0004569,PRD-CC03,,Credit,2024-11-16,2028-10-29,701561.68,33248.66,Blocked
CRD0002520,4791-XXXX-XXXX-9792,CUS0003633,PRD-CC03,,Credit,2025-12-15,2030-11-28,1376927.99,129001.59,Active
CRD0002521,5963-XXXX-XXXX-2346,CUS0007072,PRD-CC04,,Credit,2023-03-09,2030-04-01,111051.7,1764.07,Active
CRD0002522,5469-XXXX-XXXX-6385,CUS0001544,PRD-CC04,,Credit,2024-01-08,2028-04-07,1024346.11,171849.01,Active
CRD0002523,4157-XXXX-XXXX-3723,CUS0004210,PRD-DC02,ACC00005942,Debit,2022-08-09,2027-04-24,0.0,0.0,Active
CRD0002524,5778-XXXX-XXXX-9076,CUS0002469,PRD-DC02,ACC00003935,Debit,2025-09-11,2027-04-17,0.0,0.0,Active
CRD0002525,4968-XXXX-XXXX-4286,CUS0000711,PRD-CC01,,Credit,2024-03-15,2028-04-30,619659.2,111640.09,Active
CRD0002526,4382-XXXX-XXXX-3974,CUS0001587,PRD-CC03,,Credit,2025-04-29,2028-06-24,224255.1,56153.81,Active
CRD0002527,5753-XXXX-XXXX-5496,CUS0009450,PRD-CC03,,Credit,2023-06-21,2029-01-11,1132113.02,153280.18,Active
CRD0002528,4367-XXXX-XXXX-8695,CUS0000937,PRD-DC01,ACC00010809,Debit,2020-09-10,2028-08-15,0.0,0.0,Active
CRD0002529,5251-XXXX-XXXX-7412,CUS0006167,PRD-DC02,ACC00017674,Debit,2022-12-22,2029-08-02,0.0,0.0,Active
CRD0002530,4313-XXXX-XXXX-1173,CUS0006215,PRD-DC01,ACC00009371,Debit,2021-09-05,2027-03-13,0.0,0.0,Active
CRD0002531,4659-XXXX-XXXX-6846,CUS0004665,PRD-CC01,,Credit,2026-03-11,2029-05-05,278616.71,88050.41,Active
CRD0002532,4133-XXXX-XXXX-9807,CUS0003128,PRD-CC03,,Credit,2025-05-09,2029-04-26,699586.32,7301.54,Active
CRD0002533,4548-XXXX-XXXX-1403,CUS0006253,PRD-CC04,,Credit,2020-04-22,2030-02-13,1289952.92,136636.27,Active
CRD0002534,5131-XXXX-XXXX-7414,CUS0003635,PRD-CC02,,Credit,2024-09-19,2029-03-07,543138.96,176576.2,Active
CRD0002535,5926-XXXX-XXXX-1027,CUS0000162,PRD-DC01,ACC00016679,Debit,2023-03-31,2027-12-10,0.0,0.0,Active
CRD0002536,5889-XXXX-XXXX-4199,CUS0007977,PRD-CC01,,Credit,2026-02-18,2027-05-31,522150.15,169190.54,Active
CRD0002537,4234-XXXX-XXXX-2759,CUS0004319,PRD-CC04,,Credit,2023-02-26,2030-12-29,918478.49,129907.03,Active
CRD0002538,5324-XXXX-XXXX-3390,CUS0008387,PRD-DC02,ACC00013570,Debit,2024-12-28,2029-05-26,0.0,0.0,Active
CRD0002539,5459-XXXX-XXXX-6724,CUS0003224,PRD-DC01,ACC00002570,Debit,2020-08-09,2029-11-01,0.0,0.0,Active
CRD0002540,4901-XXXX-XXXX-7905,CUS0001881,PRD-DC01,,Debit,2024-03-04,2029-06-13,0.0,0.0,Active
CRD0002541,5714-XXXX-XXXX-6270,CUS0009402,PRD-CC04,,Credit,2020-05-03,2026-12-07,1355250.84,177122.27,Blocked
CRD0002542,4526-XXXX-XXXX-4713,CUS0000830,PRD-CC01,,Credit,2020-07-05,2028-08-03,337600.97,114378.6,Blocked
CRD0002543,4945-XXXX-XXXX-3020,CUS0009360,PRD-DC01,ACC00001318,Debit,2020-11-05,2026-12-26,0.0,0.0,Active
CRD0002544,5864-XXXX-XXXX-7765,CUS0000219,PRD-CC03,,Credit,2020-01-25,2028-03-29,1403223.46,157137.12,Active
CRD0002545,4855-XXXX-XXXX-1744,CUS0009038,PRD-CC02,,Credit,2023-10-29,2027-09-13,1413254.82,133872.96,Active
CRD0002546,4299-XXXX-XXXX-8840,CUS0007162,PRD-CC04,,Credit,2020-10-14,2026-07-03,1122048.35,79510.41,Active
CRD0002547,5152-XXXX-XXXX-1561,CUS0006563,PRD-CC03,,Credit,2020-12-28,2026-12-07,1017989.65,39617.71,Active
CRD0002548,4253-XXXX-XXXX-2899,CUS0001365,PRD-CC03,,Credit,2022-08-06,2030-01-06,1217487.54,80931.94,Active
CRD0002549,4503-XXXX-XXXX-8439,CUS0002343,PRD-CC02,,Credit,2024-09-25,2030-01-25,1015211.64,118957.23,Active
CRD0002550,4264-XXXX-XXXX-3466,CUS0004807,PRD-DC02,ACC00015782,Debit,2022-12-15,2030-01-31,0.0,0.0,Active
CRD0002551,4783-XXXX-XXXX-2336,CUS0005034,PRD-DC01,ACC00007462,Debit,2020-09-24,2026-09-06,0.0,0.0,Active
CRD0002552,5820-XXXX-XXXX-2631,CUS0005554,PRD-CC03,,Credit,2022-01-26,2027-12-17,283668.68,57621.22,Active
CRD0002553,5372-XXXX-XXXX-8042,CUS0001582,PRD-DC02,ACC00000822,Debit,2021-07-15,2028-12-21,0.0,0.0,Active
CRD0002554,4215-XXXX-XXXX-2668,CUS0002096,PRD-DC02,ACC00006846,Debit,2024-11-16,2026-05-22,0.0,0.0,Active
CRD0002555,4162-XXXX-XXXX-5315,CUS0000182,PRD-DC01,ACC00007934,Debit,2021-07-08,2028-03-03,0.0,0.0,Active
CRD0002556,4250-XXXX-XXXX-5244,CUS0008357,PRD-CC03,,Credit,2024-06-03,2029-06-21,250448.09,109652.84,Active
CRD0002557,5619-XXXX-XXXX-9609,CUS0005241,PRD-DC01,ACC00010109,Debit,2021-01-31,2026-07-22,0.0,0.0,Active
CRD0002558,5205-XXXX-XXXX-5282,CUS0001368,PRD-CC03,,Credit,2021-09-24,2030-06-09,464809.61,17208.42,Active
CRD0002559,5334-XXXX-XXXX-3590,CUS0009389,PRD-CC02,,Credit,2023-05-25,2030-12-12,1372324.24,107484.47,Active
CRD0002560,4730-XXXX-XXXX-3107,CUS0005128,PRD-CC02,,Credit,2020-09-15,2030-03-07,382701.15,84363.93,Blocked
CRD0002561,5305-XXXX-XXXX-3402,CUS0004007,PRD-CC03,,Credit,2024-10-11,2026-12-20,495432.05,185141.11,Active
CRD0002562,4644-XXXX-XXXX-3052,CUS0001568,PRD-CC02,,Credit,2021-12-22,2027-02-09,57117.96,64668.8,Active
CRD0002563,4583-XXXX-XXXX-1603,CUS0006140,PRD-CC03,,Credit,2021-02-18,2026-06-13,216892.41,9073.56,Active
CRD0002564,5681-XXXX-XXXX-3872,CUS0002033,PRD-DC02,ACC00017332,Debit,2023-03-02,2027-04-25,0.0,0.0,Active
CRD0002565,4621-XXXX-XXXX-2866,CUS0005251,PRD-DC01,,Debit,2024-05-29,2027-03-04,0.0,0.0,Active
CRD0002566,5118-XXXX-XXXX-6413,CUS0008426,PRD-DC02,ACC00012364,Debit,2024-08-20,2029-12-01,0.0,0.0,Active
CRD0002567,4659-XXXX-XXXX-7742,CUS0004880,PRD-CC02,,Credit,2020-11-26,2029-06-04,241653.37,61149.97,Active
CRD0002568,4742-XXXX-XXXX-3858,CUS0004227,PRD-DC02,ACC00006008,Debit,2025-05-29,2029-06-20,0.0,0.0,Active
CRD0002569,4282-XXXX-XXXX-3583,CUS0006858,PRD-CC04,,Credit,2024-06-22,2029-12-26,548995.55,36394.25,Active
CRD0002570,4422-XXXX-XXXX-6065,CUS0009154,PRD-DC01,ACC00002528,Debit,2021-06-27,2030-12-06,0.0,0.0,Active
CRD0002571,4376-XXXX-XXXX-5180,CUS0008419,PRD-DC01,ACC00010490,Debit,2021-07-25,2029-02-05,0.0,0.0,Active
CRD0002572,5628-XXXX-XXXX-4961,CUS0007214,PRD-CC03,,Credit,2024-06-10,2030-07-26,1263766.83,92176.0,Active
CRD0002573,5805-XXXX-XXXX-8563,CUS0009141,PRD-CC02,,Credit,2024-10-28,2029-09-21,1193992.83,12925.18,Active
CRD0002574,5994-XXXX-XXXX-2020,CUS0001675,PRD-CC03,,Credit,2025-10-01,2029-03-25,497676.17,104931.6,Active
CRD0002575,5168-XXXX-XXXX-6320,CUS0000914,PRD-CC04,,Credit,2023-04-03,2029-02-04,890888.22,169843.39,Active
CRD0002576,4521-XXXX-XXXX-7073,CUS0007346,PRD-DC02,,Debit,2024-10-02,2028-04-28,0.0,0.0,Active
CRD0002577,4426-XXXX-XXXX-1838,CUS0006810,PRD-CC02,,Credit,2024-07-20,2030-01-16,89991.84,166881.92,Active
CRD0002578,5739-XXXX-XXXX-1780,CUS0003591,PRD-DC02,ACC00009721,Debit,2022-12-23,2028-02-07,0.0,0.0,Active
CRD0002579,4782-XXXX-XXXX-1746,CUS0000067,PRD-CC04,,Credit,2025-05-12,2028-04-18,603672.59,150043.22,Active
CRD0002580,5176-XXXX-XXXX-7728,CUS0003703,PRD-CC04,,Credit,2022-05-15,2027-11-15,1174855.77,190108.4,Blocked
CRD0002581,5808-XXXX-XXXX-6372,CUS0005848,PRD-DC01,ACC00012704,Debit,2022-03-01,2027-03-15,0.0,0.0,Active
CRD0002582,5434-XXXX-XXXX-4063,CUS0001139,PRD-DC02,,Debit,2020-09-03,2029-10-28,0.0,0.0,Active
CRD0002583,4115-XXXX-XXXX-6788,CUS0004634,PRD-CC02,,Credit,2021-05-09,2028-01-10,685477.66,41159.62,Active
CRD0002584,4490-XXXX-XXXX-5742,CUS0004028,PRD-DC02,ACC00001392,Debit,2020-04-25,2027-05-27,0.0,0.0,Active
CRD0002585,4911-XXXX-XXXX-7880,CUS0000386,PRD-CC04,,Credit,2024-07-15,2030-06-23,1076738.79,130523.33,Active
CRD0002586,4731-XXXX-XXXX-9926,CUS0000322,PRD-DC02,ACC00017028,Debit,2021-06-14,2030-02-22,0.0,0.0,Active
CRD0002587,5854-XXXX-XXXX-1469,CUS0007346,PRD-CC01,,Credit,2023-12-20,2028-02-11,602260.81,14347.47,Active
CRD0002588,4275-XXXX-XXXX-8786,CUS0009691,PRD-CC04,,Credit,2023-09-24,2029-06-25,283849.73,36370.14,Active
CRD0002589,4480-XXXX-XXXX-6309,CUS0008886,PRD-DC02,,Debit,2021-08-07,2026-07-19,0.0,0.0,Active
CRD0002590,4356-XXXX-XXXX-7833,CUS0004423,PRD-DC02,ACC00009040,Debit,2025-07-23,2027-10-27,0.0,0.0,Active
CRD0002591,4499-XXXX-XXXX-5019,CUS0001928,PRD-CC04,,Credit,2022-08-25,2030-11-13,477968.04,158508.32,Active
CRD0002592,5296-XXXX-XXXX-6535,CUS0001089,PRD-DC02,ACC00017859,Debit,2023-11-17,2030-03-30,0.0,0.0,Blocked
CRD0002593,5660-XXXX-XXXX-9302,CUS0005626,PRD-CC02,,Credit,2022-02-24,2027-07-29,244809.67,19128.92,Active
CRD0002594,5676-XXXX-XXXX-2993,CUS0002953,PRD-CC03,,Credit,2026-02-10,2026-07-10,1225693.32,70346.7,Active
CRD0002595,4356-XXXX-XXXX-9795,CUS0009851,PRD-CC01,,Credit,2022-08-20,2027-04-01,111950.25,37976.45,Active
CRD0002596,4572-XXXX-XXXX-3038,CUS0008088,PRD-DC02,ACC00005699,Debit,2022-11-24,2030-04-30,0.0,0.0,Active
CRD0002597,5826-XXXX-XXXX-4950,CUS0005375,PRD-CC02,,Credit,2025-10-22,2029-03-20,1011998.79,50350.26,Active
CRD0002598,5309-XXXX-XXXX-3453,CUS0001208,PRD-DC02,ACC00008774,Debit,2025-10-03,2028-06-22,0.0,0.0,Active
CRD0002599,4677-XXXX-XXXX-5917,CUS0007721,PRD-CC03,,Credit,2023-05-09,2029-12-15,510292.51,93313.43,Active
CRD0002600,5466-XXXX-XXXX-2420,CUS0008318,PRD-CC04,,Credit,2020-01-30,2030-02-06,722271.83,105679.48,Active
CRD0002601,5677-XXXX-XXXX-7249,CUS0005665,PRD-CC04,,Credit,2022-09-14,2030-11-28,891362.9,40292.52,Active
CRD0002602,4477-XXXX-XXXX-8405,CUS0003539,PRD-CC02,,Credit,2022-07-10,2030-11-25,1461598.7,84048.6,Active
CRD0002603,4534-XXXX-XXXX-2272,CUS0006075,PRD-CC04,,Credit,2023-08-07,2030-05-05,305387.22,198424.31,Active
CRD0002604,4562-XXXX-XXXX-8338,CUS0002287,PRD-DC02,ACC00006655,Debit,2020-08-08,2028-06-19,0.0,0.0,Active
CRD0002605,4732-XXXX-XXXX-1377,CUS0000145,PRD-CC01,,Credit,2026-02-23,2026-08-17,525082.74,55328.11,Active
CRD0002606,4766-XXXX-XXXX-1227,CUS0008252,PRD-CC02,,Credit,2025-09-07,2030-02-06,188798.28,80122.11,Blocked
CRD0002607,4811-XXXX-XXXX-8590,CUS0002006,PRD-CC02,,Credit,2024-09-17,2028-03-03,812143.12,127220.64,Active
CRD0002608,5727-XXXX-XXXX-7776,CUS0006194,PRD-CC01,,Credit,2022-02-20,2026-08-20,63147.36,56577.21,Active
CRD0002609,4117-XXXX-XXXX-5120,CUS0001812,PRD-DC01,ACC00008762,Debit,2021-11-25,2028-11-05,0.0,0.0,Active
CRD0002610,4369-XXXX-XXXX-4623,CUS0002494,PRD-CC02,,Credit,2023-02-20,2028-12-25,95500.13,178621.32,Active
CRD0002611,4130-XXXX-XXXX-4344,CUS0008724,PRD-CC03,,Credit,2025-04-17,2027-01-23,632631.92,24776.79,Active
CRD0002612,4955-XXXX-XXXX-6965,CUS0000421,PRD-CC04,,Credit,2021-03-10,2030-06-01,1179219.54,96131.25,Active
CRD0002613,4125-XXXX-XXXX-8839,CUS0009288,PRD-DC01,ACC00001224,Debit,2026-01-31,2028-01-04,0.0,0.0,Active
CRD0002614,5994-XXXX-XXXX-3596,CUS0002229,PRD-CC04,,Credit,2025-05-18,2030-05-31,1404029.03,26134.14,Active
CRD0002615,5289-XXXX-XXXX-8226,CUS0003307,PRD-CC04,,Credit,2021-04-12,2026-09-22,344478.91,30542.94,Active
CRD0002616,4797-XXXX-XXXX-7434,CUS0003205,PRD-DC01,ACC00013984,Debit,2024-06-03,2029-12-13,0.0,0.0,Active
CRD0002617,5378-XXXX-XXXX-5342,CUS0006765,PRD-DC01,,Debit,2021-02-17,2028-03-31,0.0,0.0,Active
CRD0002618,5322-XXXX-XXXX-2607,CUS0003186,PRD-DC02,,Debit,2020-07-29,2028-04-19,0.0,0.0,Active
CRD0002619,5271-XXXX-XXXX-4032,CUS0009505,PRD-CC04,,Credit,2020-12-07,2028-08-16,1140660.4,63591.58,Active
CRD0002620,5480-XXXX-XXXX-8163,CUS0005185,PRD-CC01,,Credit,2021-04-08,2030-07-18,1300415.89,139805.9,Active
CRD0002621,5401-XXXX-XXXX-2273,CUS0002945,PRD-DC01,ACC00007557,Debit,2021-01-03,2028-09-11,0.0,0.0,Active
CRD0002622,4837-XXXX-XXXX-7468,CUS0006074,PRD-CC02,,Credit,2026-02-15,2030-10-15,955959.53,158521.01,Expired
CRD0002623,4217-XXXX-XXXX-5643,CUS0004509,PRD-DC01,ACC00009752,Debit,2020-10-31,2026-10-31,0.0,0.0,Active
CRD0002624,4908-XXXX-XXXX-4121,CUS0002769,PRD-CC04,,Credit,2023-11-03,2028-11-17,1336691.98,132337.61,Active
CRD0002625,4139-XXXX-XXXX-2580,CUS0000474,PRD-DC02,ACC00006228,Debit,2023-01-15,2029-08-06,0.0,0.0,Active
CRD0002626,4574-XXXX-XXXX-3779,CUS0009669,PRD-CC04,,Credit,2020-07-15,2027-10-16,1106769.49,102096.87,Active
CRD0002627,4176-XXXX-XXXX-6736,CUS0003658,PRD-CC04,,Credit,2021-03-19,2029-09-21,1082462.89,67022.22,Active
CRD0002628,4464-XXXX-XXXX-4537,CUS0003450,PRD-CC04,,Credit,2024-02-18,2029-02-23,372629.5,18496.28,Active
CRD0002629,5878-XXXX-XXXX-3149,CUS0004822,PRD-CC01,,Credit,2021-10-03,2029-05-18,1122618.61,6017.43,Active
CRD0002630,4165-XXXX-XXXX-2990,CUS0007473,PRD-DC01,ACC00002254,Debit,2026-04-11,2030-12-06,0.0,0.0,Active
CRD0002631,4421-XXXX-XXXX-9584,CUS0000924,PRD-DC01,ACC00009996,Debit,2023-05-12,2030-09-09,0.0,0.0,Active
CRD0002632,5441-XXXX-XXXX-6392,CUS0002906,PRD-DC02,ACC00010386,Debit,2024-04-04,2026-06-06,0.0,0.0,Active
CRD0002633,5678-XXXX-XXXX-1604,CUS0005059,PRD-CC03,,Credit,2020-01-04,2029-06-30,332697.84,140192.48,Active
CRD0002634,4299-XXXX-XXXX-3521,CUS0007014,PRD-CC01,,Credit,2021-07-23,2027-10-02,707353.0,50324.1,Active
CRD0002635,4645-XXXX-XXXX-2504,CUS0002495,PRD-CC02,,Credit,2022-11-01,2028-12-12,905443.27,18640.11,Active
CRD0002636,4933-XXXX-XXXX-9162,CUS0008177,PRD-CC01,,Credit,2020-01-02,2029-09-14,460425.07,80095.14,Active
CRD0002637,5607-XXXX-XXXX-5360,CUS0008369,PRD-CC03,,Credit,2020-09-02,2026-07-10,1140603.72,76588.92,Active
CRD0002638,5225-XXXX-XXXX-8803,CUS0005894,PRD-DC01,ACC00012766,Debit,2024-03-04,2028-06-08,0.0,0.0,Active
CRD0002639,4508-XXXX-XXXX-5161,CUS0008248,PRD-CC04,,Credit,2025-01-11,2026-12-10,623149.41,187460.19,Active
CRD0002640,4687-XXXX-XXXX-5160,CUS0006520,PRD-DC02,,Debit,2020-03-23,2029-11-21,0.0,0.0,Active
CRD0002641,4423-XXXX-XXXX-2862,CUS0004347,PRD-DC01,ACC00000673,Debit,2022-07-16,2027-04-20,0.0,0.0,Active
CRD0002642,5569-XXXX-XXXX-9439,CUS0009649,PRD-DC01,,Debit,2025-12-29,2027-10-17,0.0,0.0,Active
CRD0002643,5458-XXXX-XXXX-6579,CUS0005346,PRD-DC02,ACC00015373,Debit,2024-03-03,2030-08-26,0.0,0.0,Active
CRD0002644,5981-XXXX-XXXX-6046,CUS0008908,PRD-DC02,ACC00001094,Debit,2025-10-26,2029-06-26,0.0,0.0,Active
CRD0002645,5423-XXXX-XXXX-6403,CUS0002070,PRD-CC03,,Credit,2025-10-21,2027-05-15,683409.43,194717.16,Active
CRD0002646,4954-XXXX-XXXX-1354,CUS0006613,PRD-CC01,,Credit,2020-09-17,2026-09-17,1187653.85,4238.92,Active
CRD0002647,5500-XXXX-XXXX-3430,CUS0004237,PRD-DC01,,Debit,2025-10-13,2027-10-27,0.0,0.0,Active
CRD0002648,4688-XXXX-XXXX-9300,CUS0005874,PRD-CC03,,Credit,2022-07-21,2030-06-30,1323707.59,121906.93,Active
CRD0002649,5818-XXXX-XXXX-6932,CUS0001948,PRD-CC01,,Credit,2024-09-24,2027-07-01,278168.59,121446.03,Active
CRD0002650,4191-XXXX-XXXX-5086,CUS0007979,PRD-CC04,,Credit,2026-03-04,2026-07-16,296537.58,63835.97,Active
CRD0002651,4968-XXXX-XXXX-9319,CUS0002213,PRD-DC01,ACC00008722,Debit,2024-03-25,2030-06-23,0.0,0.0,Active
CRD0002652,5495-XXXX-XXXX-9969,CUS0000963,PRD-CC04,,Credit,2021-11-14,2027-02-24,553620.14,25.33,Active
CRD0002653,5273-XXXX-XXXX-3248,CUS0008970,PRD-CC02,,Credit,2023-11-29,2030-05-15,1435407.13,135338.44,Active
CRD0002654,4669-XXXX-XXXX-7522,CUS0008912,PRD-DC02,ACC00006495,Debit,2023-06-05,2030-03-15,0.0,0.0,Active
CRD0002655,5176-XXXX-XXXX-3385,CUS0002738,PRD-DC02,,Debit,2020-12-06,2030-06-28,0.0,0.0,Active
CRD0002656,4954-XXXX-XXXX-2014,CUS0004382,PRD-CC04,,Credit,2023-07-17,2028-08-18,1491883.07,164739.64,Active
CRD0002657,4419-XXXX-XXXX-1758,CUS0000676,PRD-CC02,,Credit,2021-02-21,2027-09-16,1081744.54,34311.21,Active
CRD0002658,5761-XXXX-XXXX-9989,CUS0000155,PRD-CC03,,Credit,2021-04-25,2028-01-24,1454860.13,83330.76,Active
CRD0002659,4867-XXXX-XXXX-8181,CUS0000441,PRD-DC02,ACC00005819,Debit,2023-07-09,2028-12-21,0.0,0.0,Active
CRD0002660,5660-XXXX-XXXX-6039,CUS0003812,PRD-CC04,,Credit,2020-04-01,2027-03-29,91677.67,114797.83,Active
CRD0002661,4220-XXXX-XXXX-2740,CUS0002667,PRD-CC04,,Credit,2021-06-01,2030-10-24,645608.64,42208.87,Active
CRD0002662,5778-XXXX-XXXX-6890,CUS0002078,PRD-DC01,ACC00012022,Debit,2024-09-24,2028-12-22,0.0,0.0,Active
CRD0002663,5847-XXXX-XXXX-1810,CUS0003357,PRD-CC04,,Credit,2020-08-15,2028-12-22,1290895.6,131959.19,Active
CRD0002664,4591-XXXX-XXXX-4840,CUS0000166,PRD-CC01,,Credit,2023-05-08,2027-03-01,747738.61,70492.09,Active
CRD0002665,5565-XXXX-XXXX-2109,CUS0005756,PRD-DC01,,Debit,2023-12-11,2029-02-11,0.0,0.0,Active
CRD0002666,4145-XXXX-XXXX-7650,CUS0007657,PRD-CC02,,Credit,2021-11-09,2028-03-23,859003.12,150408.29,Active
CRD0002667,5291-XXXX-XXXX-6413,CUS0007856,PRD-DC02,ACC00011035,Debit,2023-10-05,2029-06-12,0.0,0.0,Active
CRD0002668,4157-XXXX-XXXX-6751,CUS0009649,PRD-CC01,,Credit,2021-04-30,2027-04-20,49992.35,144674.09,Active
CRD0002669,5675-XXXX-XXXX-1159,CUS0008297,PRD-DC01,ACC00000406,Debit,2020-09-05,2028-09-22,0.0,0.0,Active
CRD0002670,4547-XXXX-XXXX-1539,CUS0004448,PRD-CC02,,Credit,2023-08-29,2029-02-28,607173.5,197649.82,Active
CRD0002671,5581-XXXX-XXXX-4400,CUS0000555,PRD-CC01,,Credit,2021-02-12,2030-10-19,955346.86,193338.24,Active
CRD0002672,5450-XXXX-XXXX-7086,CUS0007833,PRD-CC01,,Credit,2023-03-06,2029-11-08,134404.44,81688.63,Active
CRD0002673,5935-XXXX-XXXX-2195,CUS0004251,PRD-DC01,,Debit,2023-03-21,2026-06-07,0.0,0.0,Active
CRD0002674,4996-XXXX-XXXX-6752,CUS0004418,PRD-DC01,ACC00012447,Debit,2023-01-12,2027-07-11,0.0,0.0,Active
CRD0002675,5221-XXXX-XXXX-6964,CUS0006305,PRD-CC01,,Credit,2021-10-08,2029-04-08,439825.15,117831.01,Active
CRD0002676,5266-XXXX-XXXX-1330,CUS0004599,PRD-CC01,,Credit,2021-06-22,2030-10-19,425449.26,34473.05,Active
CRD0002677,5569-XXXX-XXXX-6158,CUS0006791,PRD-DC01,ACC00006408,Debit,2026-02-19,2027-10-03,0.0,0.0,Active
CRD0002678,4834-XXXX-XXXX-6176,CUS0001275,PRD-CC02,,Credit,2022-11-03,2027-10-23,685523.52,34418.77,Active
CRD0002679,5318-XXXX-XXXX-4965,CUS0003650,PRD-CC03,,Credit,2020-06-07,2027-07-06,190739.19,152068.92,Active
CRD0002680,4270-XXXX-XXXX-6551,CUS0007415,PRD-CC01,,Credit,2024-08-15,2027-01-01,1000898.66,113018.33,Active
CRD0002681,4176-XXXX-XXXX-4535,CUS0006862,PRD-CC01,,Credit,2022-06-25,2030-08-24,1029945.05,46712.23,Active
CRD0002682,5962-XXXX-XXXX-2156,CUS0003979,PRD-CC04,,Credit,2020-02-28,2027-06-30,714992.99,110212.92,Active
CRD0002683,5525-XXXX-XXXX-8328,CUS0003580,PRD-DC02,ACC00007629,Debit,2022-02-24,2030-07-29,0.0,0.0,Active
CRD0002684,4412-XXXX-XXXX-9807,CUS0001665,PRD-CC02,,Credit,2024-10-26,2030-07-22,1028176.77,76592.42,Active
CRD0002685,4126-XXXX-XXXX-7687,CUS0007683,PRD-CC03,,Credit,2026-02-13,2030-04-08,598847.16,15252.76,Active
CRD0002686,4787-XXXX-XXXX-2728,CUS0009945,PRD-CC02,,Credit,2023-04-19,2026-08-21,1475736.39,163760.62,Active
CRD0002687,5176-XXXX-XXXX-3732,CUS0005731,PRD-DC01,ACC00002104,Debit,2022-06-13,2029-04-17,0.0,0.0,Active
CRD0002688,4365-XXXX-XXXX-7419,CUS0007197,PRD-CC03,,Credit,2024-09-13,2030-02-11,59384.0,32310.81,Active
CRD0002689,5475-XXXX-XXXX-3878,CUS0004263,PRD-DC01,ACC00017478,Debit,2020-06-17,2028-03-12,0.0,0.0,Active
CRD0002690,4623-XXXX-XXXX-3119,CUS0002027,PRD-CC04,,Credit,2020-01-19,2027-10-24,697994.2,19796.02,Active
CRD0002691,4816-XXXX-XXXX-2959,CUS0003973,PRD-DC02,,Debit,2023-05-16,2027-07-30,0.0,0.0,Active
CRD0002692,5857-XXXX-XXXX-4942,CUS0000321,PRD-DC01,ACC00002862,Debit,2023-05-24,2029-02-17,0.0,0.0,Active
CRD0002693,4490-XXXX-XXXX-7115,CUS0004551,PRD-DC01,ACC00010146,Debit,2023-06-15,2027-05-06,0.0,0.0,Active
CRD0002694,4620-XXXX-XXXX-8433,CUS0009555,PRD-DC02,,Debit,2025-08-28,2030-06-29,0.0,0.0,Active
CRD0002695,5240-XXXX-XXXX-9106,CUS0003645,PRD-DC02,ACC00013816,Debit,2020-04-22,2026-08-24,0.0,0.0,Active
CRD0002696,5334-XXXX-XXXX-8027,CUS0008968,PRD-CC01,,Credit,2021-06-11,2029-04-25,1486745.07,199275.24,Active
CRD0002697,5594-XXXX-XXXX-1192,CUS0000261,PRD-CC01,,Credit,2025-11-21,2028-10-24,884242.47,183302.58,Active
CRD0002698,4849-XXXX-XXXX-6813,CUS0000517,PRD-CC03,,Credit,2021-10-04,2027-02-25,646392.85,12941.46,Active
CRD0002699,4462-XXXX-XXXX-6809,CUS0007750,PRD-DC02,ACC00003301,Debit,2021-07-19,2030-02-14,0.0,0.0,Active
CRD0002700,4664-XXXX-XXXX-8235,CUS0004948,PRD-DC01,ACC00010597,Debit,2023-09-15,2030-11-23,0.0,0.0,Active
CRD0002701,4750-XXXX-XXXX-6891,CUS0007978,PRD-CC01,,Credit,2021-03-26,2027-01-12,174784.98,47491.66,Active
CRD0002702,5678-XXXX-XXXX-3958,CUS0001731,PRD-DC02,ACC00015769,Debit,2025-07-15,2028-11-06,0.0,0.0,Active
CRD0002703,5127-XXXX-XXXX-2211,CUS0005263,PRD-CC04,,Credit,2023-02-08,2028-07-05,475581.84,186649.09,Active
CRD0002704,4908-XXXX-XXXX-4976,CUS0003784,PRD-DC01,,Debit,2023-04-24,2029-11-18,0.0,0.0,Active
CRD0002705,5772-XXXX-XXXX-9088,CUS0000569,PRD-DC02,ACC00017558,Debit,2025-08-28,2028-12-22,0.0,0.0,Active
CRD0002706,4593-XXXX-XXXX-3363,CUS0005661,PRD-DC01,ACC00001420,Debit,2026-04-29,2030-11-26,0.0,0.0,Active
CRD0002707,5194-XXXX-XXXX-5024,CUS0009965,PRD-DC02,ACC00011161,Debit,2025-02-18,2026-11-21,0.0,0.0,Active
CRD0002708,5859-XXXX-XXXX-3840,CUS0007036,PRD-DC02,ACC00017792,Debit,2020-06-08,2029-01-08,0.0,0.0,Active
CRD0002709,4728-XXXX-XXXX-9663,CUS0001245,PRD-DC02,,Debit,2021-03-18,2030-11-11,0.0,0.0,Active
CRD0002710,4810-XXXX-XXXX-3091,CUS0001065,PRD-DC01,ACC00014971,Debit,2022-05-17,2030-02-05,0.0,0.0,Active
CRD0002711,5519-XXXX-XXXX-5520,CUS0009607,PRD-DC01,ACC00003049,Debit,2021-04-12,2030-11-27,0.0,0.0,Active
CRD0002712,4474-XXXX-XXXX-3623,CUS0002080,PRD-CC02,,Credit,2024-03-05,2027-06-24,1283164.91,166609.37,Active
CRD0002713,4973-XXXX-XXXX-7387,CUS0001810,PRD-DC02,ACC00006751,Debit,2021-02-10,2030-02-01,0.0,0.0,Blocked
CRD0002714,5819-XXXX-XXXX-3974,CUS0007234,PRD-CC02,,Credit,2023-10-25,2027-06-19,39410.47,122889.15,Active
CRD0002715,4107-XXXX-XXXX-1729,CUS0003049,PRD-DC01,ACC00013873,Debit,2024-01-13,2027-03-09,0.0,0.0,Active
CRD0002716,5465-XXXX-XXXX-3192,CUS0002771,PRD-CC01,,Credit,2026-04-23,2028-03-28,1023833.68,40621.14,Active
CRD0002717,4225-XXXX-XXXX-7514,CUS0008619,PRD-CC02,,Credit,2025-01-30,2029-03-23,850728.77,182749.74,Active
CRD0002718,5830-XXXX-XXXX-2805,CUS0000186,PRD-CC04,,Credit,2025-03-11,2029-05-14,635250.63,118614.44,Active
CRD0002719,5183-XXXX-XXXX-8147,CUS0001231,PRD-DC01,ACC00003522,Debit,2020-04-12,2027-06-13,0.0,0.0,Active
CRD0002720,5626-XXXX-XXXX-9782,CUS0002693,PRD-DC01,ACC00003330,Debit,2025-05-02,2028-01-16,0.0,0.0,Expired
CRD0002721,4402-XXXX-XXXX-8382,CUS0004893,PRD-CC02,,Credit,2020-05-24,2027-06-06,945938.07,152508.81,Active
CRD0002722,5885-XXXX-XXXX-2283,CUS0004944,PRD-CC04,,Credit,2020-04-25,2028-04-17,658116.44,117223.68,Blocked
CRD0002723,4453-XXXX-XXXX-3271,CUS0003211,PRD-CC02,,Credit,2024-06-29,2028-08-16,223577.83,105434.75,Active
CRD0002724,5854-XXXX-XXXX-9734,CUS0000596,PRD-DC02,ACC00005023,Debit,2023-07-01,2030-05-28,0.0,0.0,Active
CRD0002725,4726-XXXX-XXXX-2820,CUS0002726,PRD-CC01,,Credit,2022-10-27,2026-09-23,1203661.52,120324.86,Active
CRD0002726,5879-XXXX-XXXX-7527,CUS0006499,PRD-DC01,ACC00008754,Debit,2025-06-06,2026-05-28,0.0,0.0,Active
CRD0002727,5729-XXXX-XXXX-5773,CUS0007654,PRD-DC02,,Debit,2022-01-31,2027-01-24,0.0,0.0,Active
CRD0002728,4429-XXXX-XXXX-5868,CUS0005001,PRD-CC02,,Credit,2023-02-27,2030-08-29,1268622.3,71014.14,Active
CRD0002729,4373-XXXX-XXXX-7941,CUS0000907,PRD-CC01,,Credit,2023-12-31,2027-05-18,1369196.54,131940.14,Active
CRD0002730,5784-XXXX-XXXX-7174,CUS0007304,PRD-DC01,ACC00009800,Debit,2025-07-03,2028-06-02,0.0,0.0,Active
CRD0002731,4527-XXXX-XXXX-6755,CUS0004271,PRD-DC02,ACC00011268,Debit,2025-09-24,2028-10-18,0.0,0.0,Active
CRD0002732,5374-XXXX-XXXX-8812,CUS0005025,PRD-DC01,ACC00001099,Debit,2020-07-05,2028-11-25,0.0,0.0,Active
CRD0002733,5670-XXXX-XXXX-2024,CUS0002352,PRD-CC01,,Credit,2020-11-11,2026-12-20,39211.68,76578.46,Active
CRD0002734,4401-XXXX-XXXX-3968,CUS0006528,PRD-DC02,ACC00008143,Debit,2026-04-04,2026-08-23,0.0,0.0,Active
CRD0002735,4357-XXXX-XXXX-7174,CUS0004130,PRD-DC01,,Debit,2024-02-14,2030-09-19,0.0,0.0,Active
CRD0002736,5222-XXXX-XXXX-3844,CUS0004748,PRD-CC01,,Credit,2022-09-13,2027-04-16,607447.38,163930.02,Active
CRD0002737,4646-XXXX-XXXX-6571,CUS0001984,PRD-CC02,,Credit,2023-08-26,2030-01-22,641224.46,192328.19,Active
CRD0002738,5596-XXXX-XXXX-7331,CUS0005965,PRD-CC02,,Credit,2023-04-24,2029-05-28,51157.13,106335.78,Expired
CRD0002739,4811-XXXX-XXXX-7739,CUS0000208,PRD-DC01,,Debit,2020-04-28,2027-09-17,0.0,0.0,Expired
CRD0002740,5592-XXXX-XXXX-2351,CUS0003992,PRD-CC04,,Credit,2024-03-27,2029-07-19,766555.56,174526.09,Active
CRD0002741,5714-XXXX-XXXX-3006,CUS0000396,PRD-CC04,,Credit,2021-08-30,2029-02-12,886361.68,95430.55,Active
CRD0002742,5764-XXXX-XXXX-9457,CUS0004809,PRD-CC02,,Credit,2025-07-27,2026-06-01,521569.94,94720.49,Active
CRD0002743,4715-XXXX-XXXX-6004,CUS0004794,PRD-CC04,,Credit,2020-12-09,2027-11-05,634347.21,56437.94,Active
CRD0002744,4254-XXXX-XXXX-7095,CUS0003628,PRD-CC04,,Credit,2020-12-16,2029-05-02,1247551.01,156227.08,Active
CRD0002745,4216-XXXX-XXXX-5888,CUS0006648,PRD-DC02,ACC00017408,Debit,2025-11-27,2026-09-04,0.0,0.0,Active
CRD0002746,4597-XXXX-XXXX-8987,CUS0005410,PRD-DC01,ACC00012465,Debit,2022-03-11,2030-03-23,0.0,0.0,Active
CRD0002747,4500-XXXX-XXXX-1185,CUS0006872,PRD-CC03,,Credit,2025-04-22,2027-05-19,744511.34,40492.79,Active
CRD0002748,4652-XXXX-XXXX-8029,CUS0007919,PRD-CC02,,Credit,2022-12-05,2026-06-07,1376900.84,179748.83,Blocked
CRD0002749,4651-XXXX-XXXX-7598,CUS0002344,PRD-CC04,,Credit,2020-05-18,2026-07-28,623643.6,3109.26,Active
CRD0002750,5442-XXXX-XXXX-7592,CUS0004499,PRD-DC02,ACC00001403,Debit,2020-03-11,2027-03-21,0.0,0.0,Active
CRD0002751,4134-XXXX-XXXX-1584,CUS0008586,PRD-CC04,,Credit,2022-05-01,2028-11-30,92174.72,114031.95,Active
CRD0002752,4211-XXXX-XXXX-1739,CUS0001761,PRD-CC03,,Credit,2024-08-27,2028-10-23,1112701.76,160414.31,Active
CRD0002753,5351-XXXX-XXXX-5709,CUS0006790,PRD-CC04,,Credit,2023-04-25,2028-03-03,1488275.28,39857.94,Blocked
CRD0002754,4787-XXXX-XXXX-9978,CUS0005814,PRD-CC01,,Credit,2024-08-27,2029-02-07,1308404.44,64595.23,Active
CRD0002755,4759-XXXX-XXXX-5190,CUS0003202,PRD-CC01,,Credit,2026-02-14,2030-04-22,1226944.03,158068.87,Active
CRD0002756,5831-XXXX-XXXX-3198,CUS0000343,PRD-CC03,,Credit,2023-07-29,2030-06-08,913970.31,59117.74,Active
CRD0002757,4791-XXXX-XXXX-6897,CUS0005771,PRD-CC03,,Credit,2024-07-10,2027-06-02,963392.14,131835.03,Active
CRD0002758,4548-XXXX-XXXX-2549,CUS0006879,PRD-CC02,,Credit,2020-08-27,2027-07-10,566696.98,57859.57,Active
CRD0002759,5615-XXXX-XXXX-6241,CUS0007851,PRD-DC02,,Debit,2024-03-18,2028-01-15,0.0,0.0,Expired
CRD0002760,5977-XXXX-XXXX-9764,CUS0003638,PRD-DC02,ACC00000360,Debit,2021-11-08,2028-12-22,0.0,0.0,Active
CRD0002761,5753-XXXX-XXXX-2634,CUS0000138,PRD-CC04,,Credit,2025-10-26,2028-10-21,869570.57,166465.98,Active
CRD0002762,4958-XXXX-XXXX-6944,CUS0002144,PRD-CC03,,Credit,2022-07-12,2030-09-19,1474234.71,188507.14,Active
CRD0002763,5653-XXXX-XXXX-1214,CUS0008097,PRD-DC01,ACC00009597,Debit,2022-03-03,2029-02-28,0.0,0.0,Active
CRD0002764,4459-XXXX-XXXX-2495,CUS0000713,PRD-CC03,,Credit,2022-10-25,2028-07-07,1384102.88,190246.82,Expired
CRD0002765,5954-XXXX-XXXX-4724,CUS0007108,PRD-CC01,,Credit,2024-09-28,2026-07-09,873418.73,75746.91,Active
CRD0002766,4761-XXXX-XXXX-9993,CUS0004021,PRD-CC04,,Credit,2022-04-11,2028-12-22,823637.06,83982.44,Active
CRD0002767,5888-XXXX-XXXX-3110,CUS0002147,PRD-DC02,ACC00012810,Debit,2022-11-24,2027-12-04,0.0,0.0,Active
CRD0002768,5725-XXXX-XXXX-6426,CUS0006084,PRD-DC01,ACC00010573,Debit,2021-08-20,2028-08-14,0.0,0.0,Active
CRD0002769,4198-XXXX-XXXX-8589,CUS0003540,PRD-CC04,,Credit,2025-09-03,2030-07-04,713819.34,122090.42,Active
CRD0002770,5154-XXXX-XXXX-1842,CUS0004646,PRD-DC01,ACC00005817,Debit,2022-02-14,2030-05-03,0.0,0.0,Active
CRD0002771,4121-XXXX-XXXX-9775,CUS0001966,PRD-CC03,,Credit,2024-04-24,2029-06-11,742660.53,25733.74,Active
CRD0002772,4835-XXXX-XXXX-4874,CUS0004610,PRD-DC01,ACC00003944,Debit,2024-10-26,2027-06-03,0.0,0.0,Active
CRD0002773,5224-XXXX-XXXX-5399,CUS0008201,PRD-DC01,ACC00004193,Debit,2023-05-02,2027-03-16,0.0,0.0,Active
CRD0002774,5239-XXXX-XXXX-4501,CUS0008860,PRD-DC02,ACC00017671,Debit,2023-12-17,2029-07-29,0.0,0.0,Active
CRD0002775,4265-XXXX-XXXX-7305,CUS0000175,PRD-DC01,ACC00008420,Debit,2021-10-24,2030-05-19,0.0,0.0,Active
CRD0002776,4619-XXXX-XXXX-9267,CUS0007373,PRD-CC01,,Credit,2025-04-12,2030-05-02,312323.3,20400.27,Active
CRD0002777,5246-XXXX-XXXX-9554,CUS0004289,PRD-DC02,ACC00007148,Debit,2023-03-24,2026-07-15,0.0,0.0,Active
CRD0002778,5230-XXXX-XXXX-2275,CUS0007268,PRD-CC03,,Credit,2020-04-03,2028-08-22,94589.63,150949.23,Active
CRD0002779,4530-XXXX-XXXX-3085,CUS0001517,PRD-CC01,,Credit,2025-01-19,2030-12-11,501302.37,56940.77,Active
CRD0002780,4642-XXXX-XXXX-6843,CUS0000319,PRD-DC02,ACC00010113,Debit,2024-04-26,2027-02-07,0.0,0.0,Expired
CRD0002781,4248-XXXX-XXXX-8530,CUS0009337,PRD-CC01,,Credit,2025-10-31,2029-04-18,472229.96,101360.69,Active
CRD0002782,5121-XXXX-XXXX-7860,CUS0000362,PRD-CC01,,Credit,2021-11-20,2030-07-10,1098925.92,193860.88,Active
CRD0002783,5820-XXXX-XXXX-7553,CUS0007138,PRD-CC01,,Credit,2022-11-22,2027-02-03,836220.14,118182.53,Active
CRD0002784,4147-XXXX-XXXX-9279,CUS0007466,PRD-CC01,,Credit,2022-10-29,2028-11-22,797699.67,57915.0,Active
CRD0002785,4770-XXXX-XXXX-7246,CUS0002923,PRD-CC02,,Credit,2024-02-27,2026-08-18,1390438.15,162312.44,Active
CRD0002786,5664-XXXX-XXXX-4557,CUS0003532,PRD-DC02,ACC00015926,Debit,2020-08-02,2026-08-17,0.0,0.0,Active
CRD0002787,4363-XXXX-XXXX-7680,CUS0003626,PRD-DC02,,Debit,2020-01-04,2030-10-12,0.0,0.0,Active
CRD0002788,4286-XXXX-XXXX-3017,CUS0003494,PRD-DC01,,Debit,2024-01-20,2028-07-11,0.0,0.0,Active
CRD0002789,5395-XXXX-XXXX-2775,CUS0009618,PRD-DC01,ACC00000126,Debit,2024-09-27,2028-01-26,0.0,0.0,Active
CRD0002790,4376-XXXX-XXXX-3795,CUS0002711,PRD-CC03,,Credit,2023-12-13,2030-11-14,1326065.24,44408.52,Active
CRD0002791,4215-XXXX-XXXX-8913,CUS0002685,PRD-CC02,,Credit,2024-04-07,2030-10-24,914279.68,28057.83,Active
CRD0002792,5778-XXXX-XXXX-8408,CUS0009700,PRD-CC02,,Credit,2022-04-24,2026-09-09,318974.9,182972.43,Active
CRD0002793,4638-XXXX-XXXX-6846,CUS0009042,PRD-CC02,,Credit,2020-02-06,2028-01-18,522810.23,156652.7,Active
CRD0002794,4220-XXXX-XXXX-9910,CUS0001186,PRD-CC01,,Credit,2021-02-13,2030-04-17,969677.95,2343.8,Active
CRD0002795,5905-XXXX-XXXX-6099,CUS0002913,PRD-CC04,,Credit,2023-02-14,2029-11-29,46961.25,19337.3,Active
CRD0002796,4862-XXXX-XXXX-4618,CUS0004049,PRD-CC04,,Credit,2020-02-03,2028-04-09,299890.48,22389.74,Active
CRD0002797,4994-XXXX-XXXX-4931,CUS0001523,PRD-CC03,,Credit,2020-07-05,2030-09-15,696287.37,65860.97,Active
CRD0002798,4421-XXXX-XXXX-3192,CUS0009466,PRD-DC01,ACC00000766,Debit,2025-04-18,2026-10-07,0.0,0.0,Active
CRD0002799,4547-XXXX-XXXX-7295,CUS0006167,PRD-CC03,,Credit,2024-07-14,2029-12-10,39695.64,189055.28,Active
CRD0002800,5935-XXXX-XXXX-7992,CUS0009674,PRD-CC01,,Credit,2020-07-01,2029-01-26,132786.88,2085.68,Active
CRD0002801,5195-XXXX-XXXX-2733,CUS0002470,PRD-CC02,,Credit,2022-09-15,2029-04-19,485935.54,155489.12,Active
CRD0002802,4934-XXXX-XXXX-4733,CUS0007848,PRD-CC01,,Credit,2020-03-29,2027-02-22,677297.94,175923.76,Active
CRD0002803,5559-XXXX-XXXX-3234,CUS0001732,PRD-CC02,,Credit,2022-02-07,2030-01-24,506114.32,132645.24,Active
CRD0002804,4838-XXXX-XXXX-4603,CUS0004760,PRD-DC02,ACC00003547,Debit,2022-05-09,2026-06-24,0.0,0.0,Active
CRD0002805,4433-XXXX-XXXX-1027,CUS0006451,PRD-CC02,,Credit,2023-11-28,2028-01-23,1180737.19,100806.49,Active
CRD0002806,5275-XXXX-XXXX-5455,CUS0001450,PRD-DC02,ACC00009770,Debit,2022-01-20,2029-11-01,0.0,0.0,Active
CRD0002807,5344-XXXX-XXXX-1595,CUS0003696,PRD-DC02,ACC00002250,Debit,2021-10-30,2027-03-12,0.0,0.0,Active
CRD0002808,5906-XXXX-XXXX-9143,CUS0007906,PRD-CC01,,Credit,2023-03-25,2028-03-19,381712.36,172636.49,Blocked
CRD0002809,4369-XXXX-XXXX-2865,CUS0003108,PRD-CC02,,Credit,2022-01-23,2030-07-26,129056.9,192238.06,Active
CRD0002810,5753-XXXX-XXXX-2732,CUS0009866,PRD-DC02,ACC00001478,Debit,2023-08-18,2026-10-03,0.0,0.0,Active
CRD0002811,5505-XXXX-XXXX-9918,CUS0001822,PRD-CC04,,Credit,2020-01-17,2028-12-30,1412198.7,163452.2,Active
CRD0002812,4234-XXXX-XXXX-2874,CUS0004442,PRD-CC04,,Credit,2021-08-19,2029-08-16,954333.98,26859.58,Active
CRD0002813,4510-XXXX-XXXX-2403,CUS0009545,PRD-CC04,,Credit,2022-02-28,2028-08-02,1210866.23,1983.98,Active
CRD0002814,5817-XXXX-XXXX-3603,CUS0005110,PRD-CC04,,Credit,2023-07-05,2029-02-12,330019.78,182608.09,Active
CRD0002815,4431-XXXX-XXXX-4852,CUS0002296,PRD-CC03,,Credit,2021-08-06,2026-11-08,1106162.33,39601.37,Active
CRD0002816,4521-XXXX-XXXX-2198,CUS0007435,PRD-CC02,,Credit,2021-02-06,2027-01-26,80310.52,69035.17,Active
CRD0002817,5759-XXXX-XXXX-8600,CUS0008179,PRD-DC01,ACC00010325,Debit,2022-03-29,2028-08-11,0.0,0.0,Active
CRD0002818,4564-XXXX-XXXX-7231,CUS0004257,PRD-DC02,ACC00012561,Debit,2020-02-03,2026-12-26,0.0,0.0,Active
CRD0002819,5219-XXXX-XXXX-6628,CUS0000077,PRD-CC04,,Credit,2020-10-01,2029-10-09,1411351.91,49533.93,Active
CRD0002820,5148-XXXX-XXXX-1083,CUS0007167,PRD-DC01,ACC00003221,Debit,2025-11-09,2030-07-07,0.0,0.0,Active
CRD0002821,5354-XXXX-XXXX-9174,CUS0004524,PRD-DC02,ACC00007841,Debit,2023-04-04,2029-06-18,0.0,0.0,Active
CRD0002822,5378-XXXX-XXXX-7497,CUS0000749,PRD-CC01,,Credit,2024-03-22,2028-11-16,155481.28,101490.1,Active
CRD0002823,4719-XXXX-XXXX-3687,CUS0006425,PRD-CC04,,Credit,2021-06-14,2027-04-07,1175836.99,101298.91,Active
CRD0002824,4520-XXXX-XXXX-4362,CUS0002980,PRD-CC04,,Credit,2021-12-09,2029-02-05,221477.82,57036.11,Active
CRD0002825,5731-XXXX-XXXX-9162,CUS0009893,PRD-DC01,ACC00017352,Debit,2021-07-29,2030-03-20,0.0,0.0,Active
CRD0002826,4511-XXXX-XXXX-9065,CUS0004334,PRD-CC01,,Credit,2023-06-12,2027-08-28,1404119.48,14059.01,Expired
CRD0002827,5490-XXXX-XXXX-3264,CUS0009560,PRD-CC04,,Credit,2025-09-18,2030-04-09,534657.33,161094.3,Expired
CRD0002828,4717-XXXX-XXXX-8586,CUS0002101,PRD-DC01,,Debit,2022-11-12,2026-07-28,0.0,0.0,Active
CRD0002829,5233-XXXX-XXXX-9551,CUS0006888,PRD-DC02,,Debit,2024-12-14,2029-09-13,0.0,0.0,Active
CRD0002830,4528-XXXX-XXXX-8317,CUS0007084,PRD-DC02,ACC00016203,Debit,2024-10-22,2027-02-27,0.0,0.0,Active
CRD0002831,4182-XXXX-XXXX-5874,CUS0001255,PRD-CC03,,Credit,2021-02-06,2028-06-22,1122025.69,145495.6,Active
CRD0002832,5920-XXXX-XXXX-2069,CUS0002147,PRD-CC03,,Credit,2025-06-13,2026-08-28,844195.03,79027.18,Active
CRD0002833,5579-XXXX-XXXX-4349,CUS0005531,PRD-CC02,,Credit,2025-12-11,2027-08-28,148514.51,75413.52,Active
CRD0002834,5306-XXXX-XXXX-1336,CUS0006526,PRD-DC02,ACC00000004,Debit,2023-03-20,2029-03-30,0.0,0.0,Active
CRD0002835,4124-XXXX-XXXX-4443,CUS0007319,PRD-CC04,,Credit,2021-07-24,2027-08-21,1385325.73,89096.08,Active
CRD0002836,5702-XXXX-XXXX-6074,CUS0000637,PRD-CC01,,Credit,2025-03-15,2030-07-04,1092153.96,95602.25,Active
CRD0002837,4437-XXXX-XXXX-4111,CUS0009015,PRD-CC03,,Credit,2022-03-16,2027-08-17,1223088.62,183915.02,Active
CRD0002838,5187-XXXX-XXXX-2522,CUS0005279,PRD-DC01,ACC00005622,Debit,2024-09-26,2030-11-13,0.0,0.0,Active
CRD0002839,5426-XXXX-XXXX-4746,CUS0002126,PRD-CC03,,Credit,2020-12-02,2028-12-09,1066259.91,102473.3,Active
CRD0002840,4139-XXXX-XXXX-1812,CUS0000743,PRD-DC02,ACC00001291,Debit,2022-10-31,2027-02-05,0.0,0.0,Active
CRD0002841,5176-XXXX-XXXX-3003,CUS0007088,PRD-CC01,,Credit,2024-01-18,2027-02-02,948157.49,169599.0,Active
CRD0002842,4754-XXXX-XXXX-4096,CUS0001271,PRD-CC01,,Credit,2020-07-05,2026-11-12,809765.2,62251.75,Active
CRD0002843,5137-XXXX-XXXX-7367,CUS0007988,PRD-DC01,ACC00015900,Debit,2021-06-11,2026-12-19,0.0,0.0,Active
CRD0002844,4529-XXXX-XXXX-4319,CUS0006845,PRD-DC02,ACC00008000,Debit,2022-03-06,2029-06-07,0.0,0.0,Active
CRD0002845,4821-XXXX-XXXX-2922,CUS0005506,PRD-DC02,ACC00009998,Debit,2023-09-03,2026-06-13,0.0,0.0,Active
CRD0002846,5113-XXXX-XXXX-3309,CUS0009742,PRD-DC02,ACC00014068,Debit,2022-01-17,2026-11-10,0.0,0.0,Active
CRD0002847,4628-XXXX-XXXX-1375,CUS0003267,PRD-DC02,ACC00000282,Debit,2020-08-12,2029-10-06,0.0,0.0,Active
CRD0002848,4388-XXXX-XXXX-4754,CUS0002905,PRD-DC01,ACC00001554,Debit,2022-10-03,2026-05-25,0.0,0.0,Active
CRD0002849,4440-XXXX-XXXX-7186,CUS0008594,PRD-CC02,,Credit,2026-04-04,2028-05-26,990765.84,8944.47,Active
CRD0002850,4394-XXXX-XXXX-3776,CUS0000541,PRD-CC01,,Credit,2021-08-04,2029-08-10,1461333.84,35626.45,Active
CRD0002851,4646-XXXX-XXXX-7658,CUS0003950,PRD-DC02,,Debit,2023-02-24,2030-01-18,0.0,0.0,Active
CRD0002852,4476-XXXX-XXXX-1479,CUS0008075,PRD-CC02,,Credit,2021-03-03,2027-05-13,973135.47,195732.62,Active
CRD0002853,4989-XXXX-XXXX-1487,CUS0004236,PRD-CC03,,Credit,2022-01-11,2027-04-03,473144.75,58111.4,Active
CRD0002854,5160-XXXX-XXXX-3054,CUS0006590,PRD-DC02,ACC00016939,Debit,2025-01-20,2029-02-04,0.0,0.0,Active
CRD0002855,4313-XXXX-XXXX-8968,CUS0007119,PRD-CC03,,Credit,2024-12-24,2026-10-30,885974.1,132815.72,Active
CRD0002856,4310-XXXX-XXXX-1544,CUS0001464,PRD-DC02,ACC00000312,Debit,2022-09-12,2027-11-27,0.0,0.0,Active
CRD0002857,5122-XXXX-XXXX-5548,CUS0002308,PRD-CC03,,Credit,2025-06-08,2030-06-21,492130.37,64807.12,Active
CRD0002858,5342-XXXX-XXXX-8502,CUS0008049,PRD-DC02,ACC00008341,Debit,2020-12-21,2026-05-03,0.0,0.0,Active
CRD0002859,4472-XXXX-XXXX-3842,CUS0000294,PRD-CC04,,Credit,2023-06-08,2027-03-13,910774.17,179024.98,Active
CRD0002860,4142-XXXX-XXXX-4783,CUS0007923,PRD-CC03,,Credit,2024-08-01,2029-07-05,984213.49,68640.68,Active
CRD0002861,5504-XXXX-XXXX-8419,CUS0007391,PRD-CC01,,Credit,2025-10-14,2027-05-29,217126.76,83436.11,Active
CRD0002862,5288-XXXX-XXXX-7499,CUS0002332,PRD-DC01,,Debit,2021-07-02,2027-03-10,0.0,0.0,Active
CRD0002863,5433-XXXX-XXXX-2493,CUS0007885,PRD-DC02,ACC00008221,Debit,2022-02-15,2027-05-19,0.0,0.0,Active
CRD0002864,4662-XXXX-XXXX-4259,CUS0007563,PRD-CC03,,Credit,2026-02-15,2027-09-25,668422.44,166126.82,Active
CRD0002865,5997-XXXX-XXXX-3611,CUS0000537,PRD-DC02,ACC00007274,Debit,2024-12-15,2026-07-23,0.0,0.0,Active
CRD0002866,5111-XXXX-XXXX-9997,CUS0002890,PRD-DC01,ACC00005136,Debit,2024-08-15,2029-01-30,0.0,0.0,Active
CRD0002867,4688-XXXX-XXXX-2174,CUS0004502,PRD-CC03,,Credit,2022-07-06,2028-08-02,747087.28,82069.14,Active
CRD0002868,4625-XXXX-XXXX-8312,CUS0002381,PRD-CC04,,Credit,2021-04-04,2029-11-12,418627.99,180394.71,Active
CRD0002869,5479-XXXX-XXXX-2760,CUS0000741,PRD-CC03,,Credit,2024-08-29,2029-01-08,1011599.07,73204.98,Active
CRD0002870,5744-XXXX-XXXX-5124,CUS0000275,PRD-CC04,,Credit,2022-09-16,2030-04-12,1156397.62,157122.19,Active
CRD0002871,4489-XXXX-XXXX-6925,CUS0002458,PRD-DC01,ACC00008625,Debit,2021-11-30,2029-06-10,0.0,0.0,Active
CRD0002872,4588-XXXX-XXXX-9924,CUS0002828,PRD-DC01,ACC00017468,Debit,2023-10-08,2028-05-12,0.0,0.0,Active
CRD0002873,5736-XXXX-XXXX-5224,CUS0000036,PRD-CC03,,Credit,2025-04-04,2028-01-14,434182.16,93666.41,Active
CRD0002874,4615-XXXX-XXXX-9512,CUS0000876,PRD-DC01,ACC00002493,Debit,2024-10-12,2028-09-28,0.0,0.0,Active
CRD0002875,5330-XXXX-XXXX-9664,CUS0000116,PRD-CC01,,Credit,2023-11-13,2030-08-04,1115698.5,126046.43,Active
CRD0002876,5447-XXXX-XXXX-6677,CUS0003261,PRD-CC02,,Credit,2024-09-12,2026-06-16,994629.81,74079.38,Active
CRD0002877,5474-XXXX-XXXX-9244,CUS0008768,PRD-CC02,,Credit,2021-03-08,2026-06-29,923959.29,149583.29,Active
CRD0002878,4573-XXXX-XXXX-8422,CUS0007491,PRD-CC03,,Credit,2024-05-29,2030-01-02,1125117.08,183432.39,Active
CRD0002879,5211-XXXX-XXXX-2558,CUS0006514,PRD-DC01,,Debit,2021-04-05,2029-07-05,0.0,0.0,Active
CRD0002880,4625-XXXX-XXXX-3453,CUS0008934,PRD-DC02,ACC00016819,Debit,2020-04-16,2029-06-12,0.0,0.0,Active
CRD0002881,4381-XXXX-XXXX-6537,CUS0000609,PRD-DC01,ACC00012493,Debit,2024-03-09,2027-06-02,0.0,0.0,Active
CRD0002882,4744-XXXX-XXXX-8119,CUS0000022,PRD-DC02,ACC00002287,Debit,2020-10-28,2027-05-12,0.0,0.0,Active
CRD0002883,5562-XXXX-XXXX-5330,CUS0004631,PRD-CC01,,Credit,2022-10-12,2030-10-14,399838.6,36822.1,Active
CRD0002884,5747-XXXX-XXXX-5186,CUS0004615,PRD-DC01,,Debit,2020-08-09,2027-12-30,0.0,0.0,Active
CRD0002885,5630-XXXX-XXXX-8169,CUS0008677,PRD-CC04,,Credit,2023-02-17,2030-03-05,247336.43,43249.18,Active
CRD0002886,5887-XXXX-XXXX-1350,CUS0000833,PRD-DC02,,Debit,2021-06-18,2029-11-13,0.0,0.0,Active
CRD0002887,4329-XXXX-XXXX-8997,CUS0002927,PRD-CC03,,Credit,2020-08-20,2028-11-02,990789.14,126729.91,Active
CRD0002888,4849-XXXX-XXXX-8597,CUS0003138,PRD-DC02,ACC00003474,Debit,2022-06-15,2026-09-23,0.0,0.0,Active
CRD0002889,4320-XXXX-XXXX-9752,CUS0003981,PRD-CC01,,Credit,2026-03-18,2028-03-20,743236.5,34646.99,Active
CRD0002890,5461-XXXX-XXXX-4100,CUS0009831,PRD-CC01,,Credit,2022-02-22,2029-11-17,800955.57,90855.59,Active
CRD0002891,4377-XXXX-XXXX-2608,CUS0001343,PRD-CC02,,Credit,2021-04-11,2028-04-27,773855.12,142147.78,Expired
CRD0002892,5963-XXXX-XXXX-1109,CUS0007316,PRD-CC03,,Credit,2025-12-19,2028-12-21,822610.33,195717.87,Blocked
CRD0002893,4410-XXXX-XXXX-8628,CUS0009999,PRD-CC03,,Credit,2024-03-24,2026-07-23,339234.34,166149.23,Active
CRD0002894,4379-XXXX-XXXX-6544,CUS0002555,PRD-CC03,,Credit,2025-02-07,2028-02-06,495379.46,147171.61,Active
CRD0002895,4676-XXXX-XXXX-4633,CUS0009557,PRD-DC02,ACC00004775,Debit,2024-12-02,2027-03-28,0.0,0.0,Active
CRD0002896,5309-XXXX-XXXX-1772,CUS0000048,PRD-DC01,ACC00003294,Debit,2025-07-02,2029-12-04,0.0,0.0,Active
CRD0002897,5582-XXXX-XXXX-9072,CUS0005439,PRD-DC01,ACC00009732,Debit,2020-05-27,2027-10-12,0.0,0.0,Active
CRD0002898,5619-XXXX-XXXX-7919,CUS0003993,PRD-CC01,,Credit,2020-04-01,2027-07-04,1364053.39,68971.37,Active
CRD0002899,5954-XXXX-XXXX-8923,CUS0002978,PRD-CC02,,Credit,2022-12-09,2026-08-25,956849.86,125848.07,Active
CRD0002900,4156-XXXX-XXXX-2030,CUS0009487,PRD-DC01,ACC00000816,Debit,2023-08-30,2027-02-11,0.0,0.0,Active
CRD0002901,5795-XXXX-XXXX-5704,CUS0001952,PRD-CC03,,Credit,2022-03-19,2026-11-04,573260.38,156688.85,Active
CRD0002902,5908-XXXX-XXXX-3635,CUS0009043,PRD-CC03,,Credit,2023-08-02,2029-05-24,279123.93,47527.45,Blocked
CRD0002903,4282-XXXX-XXXX-2964,CUS0005654,PRD-CC02,,Credit,2024-11-22,2028-02-04,256395.13,42545.5,Active
CRD0002904,4354-XXXX-XXXX-4474,CUS0002771,PRD-DC02,ACC00007747,Debit,2021-05-06,2026-12-15,0.0,0.0,Active
CRD0002905,5666-XXXX-XXXX-9934,CUS0009120,PRD-DC01,ACC00011154,Debit,2023-12-07,2028-12-01,0.0,0.0,Active
CRD0002906,4851-XXXX-XXXX-6960,CUS0000337,PRD-CC01,,Credit,2020-04-25,2029-01-11,401935.16,20090.14,Active
CRD0002907,5930-XXXX-XXXX-3206,CUS0000565,PRD-CC04,,Credit,2021-06-05,2029-01-18,734648.44,88661.08,Active
CRD0002908,5933-XXXX-XXXX-3749,CUS0007351,PRD-CC04,,Credit,2024-06-15,2028-06-19,1340655.37,34523.41,Active
CRD0002909,5691-XXXX-XXXX-2056,CUS0004330,PRD-CC04,,Credit,2022-07-14,2028-09-23,265234.78,88944.25,Active
CRD0002910,5815-XXXX-XXXX-3042,CUS0001878,PRD-CC01,,Credit,2021-06-01,2028-03-29,248526.53,65440.2,Active
CRD0002911,4704-XXXX-XXXX-5720,CUS0004141,PRD-DC02,ACC00017544,Debit,2021-12-28,2029-11-18,0.0,0.0,Active
CRD0002912,5782-XXXX-XXXX-1050,CUS0006688,PRD-CC02,,Credit,2023-04-08,2030-12-19,646087.9,121111.34,Active
CRD0002913,5148-XXXX-XXXX-4274,CUS0007201,PRD-DC01,ACC00000371,Debit,2022-12-14,2029-02-20,0.0,0.0,Active
CRD0002914,5909-XXXX-XXXX-3983,CUS0007620,PRD-DC02,ACC00003697,Debit,2021-09-27,2027-09-25,0.0,0.0,Active
CRD0002915,4214-XXXX-XXXX-9085,CUS0009914,PRD-DC01,ACC00002848,Debit,2024-12-11,2027-04-09,0.0,0.0,Active
CRD0002916,5617-XXXX-XXXX-6191,CUS0009626,PRD-CC01,,Credit,2023-07-04,2029-05-09,1423022.06,63795.88,Active
CRD0002917,5228-XXXX-XXXX-6479,CUS0003679,PRD-DC02,ACC00010235,Debit,2025-07-21,2027-12-28,0.0,0.0,Active
CRD0002918,4933-XXXX-XXXX-8250,CUS0007781,PRD-CC04,,Credit,2021-05-26,2028-12-13,705361.93,154795.74,Active
CRD0002919,4897-XXXX-XXXX-5451,CUS0003424,PRD-CC02,,Credit,2023-08-18,2026-12-18,1137670.93,44097.32,Active
CRD0002920,5626-XXXX-XXXX-9918,CUS0000689,PRD-CC03,,Credit,2021-04-09,2026-06-19,1066285.96,151595.11,Active
CRD0002921,5747-XXXX-XXXX-1878,CUS0001235,PRD-DC01,ACC00009394,Debit,2020-03-05,2026-10-26,0.0,0.0,Active
CRD0002922,5337-XXXX-XXXX-8908,CUS0002180,PRD-CC02,,Credit,2025-11-17,2029-11-10,164703.18,39233.18,Active
CRD0002923,4192-XXXX-XXXX-9635,CUS0005171,PRD-CC04,,Credit,2022-07-13,2030-12-13,299227.84,123430.58,Active
CRD0002924,5949-XXXX-XXXX-5391,CUS0002739,PRD-DC01,,Debit,2021-11-27,2026-06-12,0.0,0.0,Active
CRD0002925,4787-XXXX-XXXX-7897,CUS0004968,PRD-DC01,ACC00002415,Debit,2025-09-14,2028-05-29,0.0,0.0,Active
CRD0002926,5699-XXXX-XXXX-7210,CUS0007283,PRD-DC01,ACC00002322,Debit,2023-11-30,2029-08-27,0.0,0.0,Active
CRD0002927,5809-XXXX-XXXX-2426,CUS0002576,PRD-CC02,,Credit,2022-11-24,2030-11-21,1399491.79,149522.23,Active
CRD0002928,4753-XXXX-XXXX-6106,CUS0008231,PRD-CC02,,Credit,2020-03-24,2029-03-23,1111754.34,184170.55,Active
CRD0002929,4525-XXXX-XXXX-8781,CUS0007892,PRD-DC01,,Debit,2025-07-28,2029-06-09,0.0,0.0,Active
CRD0002930,5366-XXXX-XXXX-1672,CUS0002624,PRD-CC04,,Credit,2023-07-21,2028-10-22,461279.56,94381.12,Active
CRD0002931,4217-XXXX-XXXX-3204,CUS0003547,PRD-DC01,ACC00013469,Debit,2024-07-03,2030-01-19,0.0,0.0,Active
CRD0002932,4352-XXXX-XXXX-6621,CUS0005699,PRD-DC01,ACC00017701,Debit,2021-12-16,2030-04-26,0.0,0.0,Active
CRD0002933,4371-XXXX-XXXX-7428,CUS0007320,PRD-DC01,ACC00004554,Debit,2024-08-13,2028-01-23,0.0,0.0,Active
CRD0002934,5109-XXXX-XXXX-4935,CUS0005602,PRD-CC02,,Credit,2025-03-06,2026-08-02,924088.71,156932.74,Blocked
CRD0002935,5114-XXXX-XXXX-1962,CUS0000764,PRD-CC02,,Credit,2021-08-16,2027-03-05,126389.09,112180.01,Active
CRD0002936,4172-XXXX-XXXX-6363,CUS0006496,PRD-CC01,,Credit,2022-02-03,2030-03-02,827684.17,131883.62,Active
CRD0002937,5195-XXXX-XXXX-6278,CUS0009063,PRD-DC02,ACC00004019,Debit,2026-01-09,2026-10-27,0.0,0.0,Active
CRD0002938,5524-XXXX-XXXX-6071,CUS0008664,PRD-CC01,,Credit,2022-11-01,2026-08-28,445699.64,37523.82,Active
CRD0002939,5879-XXXX-XXXX-5681,CUS0000202,PRD-CC02,,Credit,2026-04-08,2030-08-10,1401487.08,131322.3,Active
CRD0002940,4127-XXXX-XXXX-7409,CUS0004301,PRD-CC01,,Credit,2024-04-10,2029-04-16,1218506.05,4481.72,Active
CRD0002941,5805-XXXX-XXXX-5278,CUS0004401,PRD-CC02,,Credit,2023-09-30,2029-09-04,238219.88,5947.37,Active
CRD0002942,5914-XXXX-XXXX-5090,CUS0004510,PRD-DC01,ACC00006762,Debit,2020-12-12,2029-08-01,0.0,0.0,Active
CRD0002943,5559-XXXX-XXXX-4899,CUS0004707,PRD-CC02,,Credit,2026-03-04,2029-09-08,62874.85,59142.68,Active
CRD0002944,4222-XXXX-XXXX-6586,CUS0003136,PRD-DC02,ACC00009156,Debit,2021-01-27,2030-01-29,0.0,0.0,Active
CRD0002945,4953-XXXX-XXXX-4372,CUS0003542,PRD-CC02,,Credit,2020-04-16,2027-04-28,509770.88,114798.39,Active
CRD0002946,4983-XXXX-XXXX-9354,CUS0007335,PRD-DC01,ACC00006094,Debit,2025-10-15,2029-06-23,0.0,0.0,Active
CRD0002947,4371-XXXX-XXXX-1204,CUS0008513,PRD-DC01,ACC00010697,Debit,2024-08-16,2027-02-08,0.0,0.0,Active
CRD0002948,5616-XXXX-XXXX-6245,CUS0008530,PRD-CC03,,Credit,2026-04-07,2028-09-24,735826.17,133667.97,Active
CRD0002949,4317-XXXX-XXXX-8453,CUS0005456,PRD-DC02,ACC00013730,Debit,2021-08-19,2028-03-12,0.0,0.0,Active
CRD0002950,5937-XXXX-XXXX-2969,CUS0000156,PRD-CC03,,Credit,2021-03-28,2028-02-26,975377.35,10259.49,Active
CRD0002951,4265-XXXX-XXXX-1022,CUS0002208,PRD-DC01,ACC00007103,Debit,2021-08-09,2027-11-04,0.0,0.0,Active
CRD0002952,5937-XXXX-XXXX-2352,CUS0000365,PRD-CC03,,Credit,2022-06-13,2028-03-07,551639.77,118266.94,Active
CRD0002953,4789-XXXX-XXXX-8912,CUS0007875,PRD-CC01,,Credit,2025-01-10,2026-10-04,969040.25,40208.7,Active
CRD0002954,4105-XXXX-XXXX-5846,CUS0004827,PRD-DC02,ACC00009655,Debit,2020-01-20,2030-10-08,0.0,0.0,Active
CRD0002955,5123-XXXX-XXXX-9298,CUS0005214,PRD-CC01,,Credit,2026-01-23,2030-12-15,1127518.71,31841.32,Active
CRD0002956,4277-XXXX-XXXX-2296,CUS0008672,PRD-CC03,,Credit,2021-07-15,2028-03-02,1034097.66,106342.02,Active
CRD0002957,5237-XXXX-XXXX-9921,CUS0003975,PRD-CC01,,Credit,2023-05-15,2030-03-24,1275723.12,117057.68,Active
CRD0002958,4100-XXXX-XXXX-4862,CUS0005413,PRD-DC01,ACC00000910,Debit,2022-12-17,2026-06-20,0.0,0.0,Active
CRD0002959,4152-XXXX-XXXX-8692,CUS0000574,PRD-CC01,,Credit,2021-07-21,2028-07-17,217703.03,48533.29,Active
CRD0002960,4571-XXXX-XXXX-1823,CUS0009646,PRD-DC02,ACC00008944,Debit,2022-12-23,2028-11-23,0.0,0.0,Blocked
CRD0002961,4792-XXXX-XXXX-9024,CUS0008879,PRD-CC02,,Credit,2021-07-17,2027-09-15,424901.92,130869.43,Active
CRD0002962,5625-XXXX-XXXX-9587,CUS0005170,PRD-DC02,,Debit,2022-01-25,2026-06-02,0.0,0.0,Active
CRD0002963,5293-XXXX-XXXX-1392,CUS0007302,PRD-CC02,,Credit,2022-10-13,2026-06-21,712895.56,69464.95,Active
CRD0002964,4866-XXXX-XXXX-1329,CUS0001851,PRD-DC02,ACC00007145,Debit,2023-11-02,2029-08-27,0.0,0.0,Active
CRD0002965,5480-XXXX-XXXX-5283,CUS0002710,PRD-DC01,ACC00009634,Debit,2025-03-05,2026-07-20,0.0,0.0,Active
CRD0002966,4393-XXXX-XXXX-5348,CUS0001412,PRD-CC01,,Credit,2022-01-22,2028-10-31,1103613.14,160963.9,Active
CRD0002967,4878-XXXX-XXXX-2706,CUS0009808,PRD-DC01,ACC00013098,Debit,2021-02-13,2030-10-11,0.0,0.0,Active
CRD0002968,4186-XXXX-XXXX-4578,CUS0007049,PRD-CC02,,Credit,2024-07-30,2026-06-14,526311.67,33175.2,Active
CRD0002969,4348-XXXX-XXXX-7169,CUS0008536,PRD-CC02,,Credit,2024-08-11,2029-05-14,775192.33,121969.81,Active
CRD0002970,5525-XXXX-XXXX-9660,CUS0005262,PRD-DC01,ACC00012927,Debit,2023-08-28,2027-11-06,0.0,0.0,Active
CRD0002971,5603-XXXX-XXXX-7885,CUS0002265,PRD-DC01,ACC00001733,Debit,2024-06-27,2029-08-12,0.0,0.0,Active
CRD0002972,5539-XXXX-XXXX-8989,CUS0002092,PRD-CC04,,Credit,2022-06-29,2027-07-22,267574.1,160723.4,Active
CRD0002973,5236-XXXX-XXXX-1603,CUS0000757,PRD-DC01,,Debit,2022-07-30,2029-10-08,0.0,0.0,Active
CRD0002974,5916-XXXX-XXXX-1640,CUS0004070,PRD-DC02,ACC00005063,Debit,2021-06-05,2029-04-25,0.0,0.0,Active
CRD0002975,4225-XXXX-XXXX-5906,CUS0007274,PRD-DC02,ACC00013384,Debit,2021-01-04,2030-04-01,0.0,0.0,Active
CRD0002976,4817-XXXX-XXXX-7364,CUS0004739,PRD-CC01,,Credit,2023-01-14,2029-01-07,918304.53,91345.11,Active
CRD0002977,5187-XXXX-XXXX-7480,CUS0002186,PRD-CC02,,Credit,2022-01-22,2029-10-10,428693.39,146632.73,Active
CRD0002978,5786-XXXX-XXXX-8895,CUS0002216,PRD-DC02,ACC00001121,Debit,2025-12-13,2028-04-24,0.0,0.0,Active
CRD0002979,4808-XXXX-XXXX-4882,CUS0007934,PRD-DC02,,Debit,2020-10-04,2030-03-26,0.0,0.0,Active
CRD0002980,4490-XXXX-XXXX-5429,CUS0007293,PRD-CC04,,Credit,2023-05-03,2027-11-06,1079110.47,16964.4,Active
CRD0002981,5482-XXXX-XXXX-8757,CUS0003434,PRD-CC04,,Credit,2021-09-25,2027-05-01,630616.52,86268.66,Active
CRD0002982,4751-XXXX-XXXX-2455,CUS0008463,PRD-DC01,,Debit,2025-08-08,2028-10-31,0.0,0.0,Active
CRD0002983,4520-XXXX-XXXX-8283,CUS0007412,PRD-CC01,,Credit,2025-02-13,2030-08-17,755359.59,133642.86,Expired
CRD0002984,5611-XXXX-XXXX-2685,CUS0003221,PRD-DC01,ACC00002201,Debit,2022-03-15,2027-09-12,0.0,0.0,Active
CRD0002985,5183-XXXX-XXXX-3371,CUS0001330,PRD-CC03,,Credit,2022-11-24,2030-06-20,726913.37,1027.66,Active
CRD0002986,4965-XXXX-XXXX-9118,CUS0002586,PRD-CC04,,Credit,2023-11-29,2027-09-03,1453902.01,186737.33,Active
CRD0002987,5871-XXXX-XXXX-8939,CUS0008302,PRD-CC01,,Credit,2023-03-20,2028-08-31,131627.44,169252.89,Active
CRD0002988,4716-XXXX-XXXX-4623,CUS0007727,PRD-CC03,,Credit,2024-04-07,2026-11-17,97953.96,147781.68,Active
CRD0002989,4732-XXXX-XXXX-8760,CUS0007923,PRD-CC03,,Credit,2023-05-22,2030-10-18,53390.68,98668.43,Active
CRD0002990,5618-XXXX-XXXX-3081,CUS0002050,PRD-DC01,ACC00008230,Debit,2024-01-27,2027-04-21,0.0,0.0,Blocked
CRD0002991,4126-XXXX-XXXX-1068,CUS0001469,PRD-DC02,ACC00007080,Debit,2024-03-19,2028-11-15,0.0,0.0,Active
CRD0002992,5982-XXXX-XXXX-9931,CUS0005841,PRD-CC02,,Credit,2021-03-04,2027-05-16,1089017.9,127523.52,Active
CRD0002993,5653-XXXX-XXXX-1526,CUS0000137,PRD-DC01,,Debit,2021-06-21,2030-11-24,0.0,0.0,Blocked
CRD0002994,4671-XXXX-XXXX-3646,CUS0005098,PRD-CC02,,Credit,2025-03-15,2029-07-29,292476.85,70167.37,Active
CRD0002995,4418-XXXX-XXXX-2287,CUS0000123,PRD-CC01,,Credit,2022-02-27,2028-10-19,301941.45,186266.55,Active
CRD0002996,5162-XXXX-XXXX-2540,CUS0001014,PRD-DC01,,Debit,2024-03-05,2029-04-09,0.0,0.0,Active
CRD0002997,4956-XXXX-XXXX-2837,CUS0000372,PRD-DC02,ACC00008682,Debit,2025-05-23,2029-12-16,0.0,0.0,Active
CRD0002998,5273-XXXX-XXXX-1296,CUS0004239,PRD-DC02,ACC00005986,Debit,2024-07-07,2028-03-17,0.0,0.0,Active
CRD0002999,5471-XXXX-XXXX-2594,CUS0008984,PRD-DC02,ACC00016920,Debit,2023-06-10,2028-08-06,0.0,0.0,Active
CRD0003000,5261-XXXX-XXXX-3381,CUS0009052,PRD-DC02,ACC00011612,Debit,2021-04-03,2026-07-28,0.0,0.0,Active
CRD0003001,4852-XXXX-XXXX-6452,CUS0001559,PRD-CC03,,Credit,2022-01-12,2028-03-05,1423855.38,144842.6,Active
CRD0003002,4239-XXXX-XXXX-5410,CUS0007921,PRD-CC02,,Credit,2020-02-28,2030-02-17,1200297.38,126381.39,Active
CRD0003003,4917-XXXX-XXXX-9913,CUS0001029,PRD-CC04,,Credit,2025-06-01,2029-05-30,770729.28,121528.08,Active
CRD0003004,4475-XXXX-XXXX-9663,CUS0004411,PRD-CC03,,Credit,2020-06-02,2028-12-27,1331130.75,8688.46,Active
CRD0003005,4552-XXXX-XXXX-2449,CUS0001387,PRD-CC04,,Credit,2021-09-15,2029-08-21,976580.94,135595.84,Active
CRD0003006,4883-XXXX-XXXX-2195,CUS0002148,PRD-CC02,,Credit,2023-06-07,2028-09-24,1061225.92,60551.36,Active
CRD0003007,5217-XXXX-XXXX-3136,CUS0002783,PRD-DC01,ACC00009388,Debit,2024-10-10,2030-02-03,0.0,0.0,Active
CRD0003008,5987-XXXX-XXXX-3074,CUS0007143,PRD-CC03,,Credit,2025-12-11,2028-06-27,894462.84,53029.66,Active
CRD0003009,4854-XXXX-XXXX-1406,CUS0000950,PRD-CC01,,Credit,2024-07-29,2027-07-14,521745.93,147027.01,Active
CRD0003010,4635-XXXX-XXXX-2533,CUS0006875,PRD-DC01,ACC00007591,Debit,2021-01-07,2029-02-04,0.0,0.0,Active
CRD0003011,5711-XXXX-XXXX-7027,CUS0005030,PRD-DC02,,Debit,2025-12-18,2030-08-08,0.0,0.0,Active
CRD0003012,4661-XXXX-XXXX-5601,CUS0007188,PRD-CC01,,Credit,2023-03-18,2029-03-05,1491042.44,7415.08,Active
CRD0003013,4701-XXXX-XXXX-6940,CUS0001011,PRD-CC01,,Credit,2023-02-08,2029-07-31,844130.69,175781.19,Active
CRD0003014,4314-XXXX-XXXX-5406,CUS0003808,PRD-CC04,,Credit,2024-06-27,2030-12-06,451034.42,191509.93,Active
CRD0003015,5365-XXXX-XXXX-6526,CUS0009207,PRD-DC02,ACC00014695,Debit,2022-04-03,2030-12-06,0.0,0.0,Active
CRD0003016,5184-XXXX-XXXX-5583,CUS0000936,PRD-CC03,,Credit,2023-05-21,2027-01-01,1159086.69,187811.64,Active
CRD0003017,5866-XXXX-XXXX-8750,CUS0008179,PRD-CC03,,Credit,2020-03-15,2030-01-23,288831.92,102629.22,Active
CRD0003018,5759-XXXX-XXXX-4610,CUS0008715,PRD-CC01,,Credit,2021-06-29,2026-12-17,1380613.95,61920.06,Active
CRD0003019,5928-XXXX-XXXX-6395,CUS0009330,PRD-DC02,ACC00002748,Debit,2023-10-16,2026-06-16,0.0,0.0,Active
CRD0003020,4320-XXXX-XXXX-5118,CUS0004925,PRD-DC01,ACC00009379,Debit,2022-11-20,2030-05-13,0.0,0.0,Active
CRD0003021,5848-XXXX-XXXX-8802,CUS0003680,PRD-DC01,ACC00007809,Debit,2020-07-18,2026-08-20,0.0,0.0,Active
CRD0003022,4666-XXXX-XXXX-6552,CUS0008052,PRD-CC04,,Credit,2022-03-15,2028-01-21,979380.04,11601.66,Active
CRD0003023,5536-XXXX-XXXX-7289,CUS0001225,PRD-CC01,,Credit,2024-06-23,2026-10-24,367534.01,111757.5,Active
CRD0003024,5349-XXXX-XXXX-8958,CUS0001162,PRD-CC04,,Credit,2022-07-19,2026-09-05,51940.37,74047.82,Active
CRD0003025,5493-XXXX-XXXX-8884,CUS0003786,PRD-CC04,,Credit,2020-08-07,2027-04-30,954000.85,60919.96,Active
CRD0003026,4997-XXXX-XXXX-6489,CUS0006131,PRD-CC02,,Credit,2026-01-14,2027-09-21,29508.96,68889.0,Active
CRD0003027,4231-XXXX-XXXX-6773,CUS0000373,PRD-DC01,ACC00013870,Debit,2020-02-23,2029-10-24,0.0,0.0,Active
CRD0003028,5981-XXXX-XXXX-1213,CUS0008784,PRD-CC04,,Credit,2022-09-28,2029-04-24,539256.96,27101.58,Blocked
CRD0003029,5412-XXXX-XXXX-4629,CUS0006130,PRD-CC02,,Credit,2021-08-13,2029-03-21,540673.78,113019.12,Active
CRD0003030,5666-XXXX-XXXX-7973,CUS0005721,PRD-DC02,ACC00006747,Debit,2022-02-11,2028-07-28,0.0,0.0,Active
CRD0003031,5840-XXXX-XXXX-3264,CUS0004126,PRD-DC02,ACC00010796,Debit,2025-04-26,2030-09-23,0.0,0.0,Active
CRD0003032,5160-XXXX-XXXX-6299,CUS0000882,PRD-CC02,,Credit,2024-04-07,2028-10-28,163328.59,182373.56,Active
CRD0003033,5473-XXXX-XXXX-4260,CUS0005737,PRD-CC03,,Credit,2022-05-11,2030-01-07,377664.46,184933.64,Active
CRD0003034,4946-XXXX-XXXX-5403,CUS0000283,PRD-CC01,,Credit,2021-06-09,2029-05-30,515506.9,90930.16,Active
CRD0003035,4598-XXXX-XXXX-9777,CUS0003641,PRD-CC04,,Credit,2025-12-06,2030-09-02,1462775.63,180227.35,Active
CRD0003036,5579-XXXX-XXXX-7293,CUS0006265,PRD-CC02,,Credit,2025-10-27,2026-05-29,732654.36,150476.77,Active
CRD0003037,4749-XXXX-XXXX-3405,CUS0002707,PRD-CC03,,Credit,2023-02-01,2030-07-02,1419302.48,19775.04,Active
CRD0003038,4246-XXXX-XXXX-6037,CUS0009857,PRD-CC02,,Credit,2024-08-10,2030-01-21,857527.66,59628.15,Active
CRD0003039,4278-XXXX-XXXX-2455,CUS0009242,PRD-CC03,,Credit,2022-10-06,2029-08-27,281930.11,1485.14,Active
CRD0003040,4277-XXXX-XXXX-1983,CUS0009713,PRD-DC02,ACC00012309,Debit,2020-05-26,2030-09-14,0.0,0.0,Active
CRD0003041,5343-XXXX-XXXX-4201,CUS0005770,PRD-CC04,,Credit,2024-08-23,2026-07-03,1263894.94,123246.51,Expired
CRD0003042,4964-XXXX-XXXX-9949,CUS0009619,PRD-CC02,,Credit,2024-09-04,2030-05-30,804463.14,157983.9,Active
CRD0003043,4447-XXXX-XXXX-4035,CUS0006872,PRD-DC01,ACC00016772,Debit,2025-12-21,2029-04-10,0.0,0.0,Active
CRD0003044,4905-XXXX-XXXX-3252,CUS0007289,PRD-DC01,,Debit,2024-04-12,2030-10-10,0.0,0.0,Active
CRD0003045,4594-XXXX-XXXX-5154,CUS0007257,PRD-DC01,ACC00016570,Debit,2020-06-07,2030-03-13,0.0,0.0,Active
CRD0003046,5925-XXXX-XXXX-8412,CUS0001061,PRD-CC01,,Credit,2025-02-27,2028-09-28,305630.68,198470.0,Active
CRD0003047,5901-XXXX-XXXX-7800,CUS0005194,PRD-DC01,,Debit,2025-03-02,2027-09-06,0.0,0.0,Active
CRD0003048,4283-XXXX-XXXX-2858,CUS0008730,PRD-CC01,,Credit,2024-10-01,2026-07-31,835569.87,55991.24,Active
CRD0003049,5687-XXXX-XXXX-9804,CUS0002332,PRD-CC01,,Credit,2026-01-08,2028-02-13,553551.39,75152.99,Active
CRD0003050,4770-XXXX-XXXX-7389,CUS0000655,PRD-DC02,ACC00009878,Debit,2020-07-30,2028-07-14,0.0,0.0,Active
CRD0003051,4837-XXXX-XXXX-7695,CUS0003807,PRD-DC02,ACC00016025,Debit,2023-12-24,2027-09-15,0.0,0.0,Active
CRD0003052,4415-XXXX-XXXX-8595,CUS0000224,PRD-DC02,ACC00003147,Debit,2025-10-29,2030-03-22,0.0,0.0,Active
CRD0003053,4644-XXXX-XXXX-3796,CUS0008806,PRD-DC02,ACC00002944,Debit,2025-01-26,2026-05-18,0.0,0.0,Active
CRD0003054,4501-XXXX-XXXX-9623,CUS0006837,PRD-CC04,,Credit,2025-09-29,2027-02-13,997953.26,11110.85,Active
CRD0003055,5891-XXXX-XXXX-7091,CUS0002053,PRD-DC02,ACC00008891,Debit,2022-02-12,2026-12-22,0.0,0.0,Expired
CRD0003056,4765-XXXX-XXXX-1560,CUS0001958,PRD-DC01,,Debit,2021-01-14,2028-01-30,0.0,0.0,Active
CRD0003057,4719-XXXX-XXXX-5054,CUS0007619,PRD-DC01,ACC00004417,Debit,2022-06-04,2028-10-20,0.0,0.0,Active
CRD0003058,5911-XXXX-XXXX-6705,CUS0003814,PRD-DC01,ACC00000288,Debit,2023-12-31,2027-02-26,0.0,0.0,Expired
CRD0003059,5237-XXXX-XXXX-6933,CUS0004802,PRD-CC01,,Credit,2026-01-10,2028-03-24,159722.39,58032.4,Active
CRD0003060,4273-XXXX-XXXX-9273,CUS0001979,PRD-CC04,,Credit,2025-08-29,2030-03-07,101094.17,43299.3,Active
CRD0003061,4760-XXXX-XXXX-1496,CUS0001220,PRD-DC01,ACC00013588,Debit,2021-08-04,2029-09-23,0.0,0.0,Active
CRD0003062,4705-XXXX-XXXX-6909,CUS0003368,PRD-CC03,,Credit,2025-05-01,2028-02-24,1106652.43,61334.58,Active
CRD0003063,5296-XXXX-XXXX-6654,CUS0002190,PRD-DC01,ACC00015778,Debit,2022-07-29,2029-01-23,0.0,0.0,Active
CRD0003064,4240-XXXX-XXXX-6129,CUS0009098,PRD-CC04,,Credit,2022-07-08,2030-01-05,153978.03,58841.96,Active
CRD0003065,4877-XXXX-XXXX-1430,CUS0005116,PRD-CC01,,Credit,2022-12-21,2028-10-31,73627.33,155124.23,Active
CRD0003066,5787-XXXX-XXXX-1296,CUS0007850,PRD-CC04,,Credit,2020-09-28,2029-06-21,1010781.29,4094.5,Active
CRD0003067,4250-XXXX-XXXX-3500,CUS0001468,PRD-CC02,,Credit,2021-06-12,2026-08-11,1475400.74,155733.2,Active
CRD0003068,4697-XXXX-XXXX-5212,CUS0003410,PRD-CC04,,Credit,2025-11-21,2028-11-19,629163.86,132095.17,Active
CRD0003069,5981-XXXX-XXXX-3185,CUS0000843,PRD-CC01,,Credit,2020-06-17,2027-04-27,400452.87,44287.92,Active
CRD0003070,4414-XXXX-XXXX-4805,CUS0009787,PRD-DC02,,Debit,2024-05-08,2026-10-16,0.0,0.0,Active
CRD0003071,5453-XXXX-XXXX-7732,CUS0005085,PRD-CC02,,Credit,2024-11-19,2029-10-14,1337874.65,50226.59,Active
CRD0003072,5840-XXXX-XXXX-6242,CUS0005657,PRD-CC03,,Credit,2024-12-13,2027-02-08,1379193.4,89817.88,Active
CRD0003073,4367-XXXX-XXXX-4423,CUS0001815,PRD-DC01,ACC00014405,Debit,2021-07-04,2030-09-24,0.0,0.0,Active
CRD0003074,5419-XXXX-XXXX-1285,CUS0005475,PRD-CC01,,Credit,2020-04-22,2028-07-13,55110.5,159429.79,Active
CRD0003075,4375-XXXX-XXXX-4957,CUS0006732,PRD-CC04,,Credit,2022-08-16,2028-05-14,476979.1,72656.67,Active
CRD0003076,4230-XXXX-XXXX-3807,CUS0001685,PRD-CC04,,Credit,2025-02-09,2028-01-26,625131.37,108136.99,Active
CRD0003077,4398-XXXX-XXXX-3411,CUS0006723,PRD-CC01,,Credit,2021-09-23,2027-10-26,119530.2,68410.53,Active
CRD0003078,4815-XXXX-XXXX-4664,CUS0008718,PRD-CC01,,Credit,2023-04-29,2029-01-21,1129734.31,71190.3,Active
CRD0003079,4877-XXXX-XXXX-7880,CUS0008620,PRD-DC02,ACC00015795,Debit,2025-09-29,2030-06-24,0.0,0.0,Active
CRD0003080,5556-XXXX-XXXX-1277,CUS0008203,PRD-DC02,ACC00013200,Debit,2026-03-31,2026-05-20,0.0,0.0,Active
CRD0003081,5671-XXXX-XXXX-6671,CUS0006882,PRD-DC01,ACC00002816,Debit,2024-04-06,2030-06-16,0.0,0.0,Active
CRD0003082,5197-XXXX-XXXX-6145,CUS0007554,PRD-DC02,ACC00003479,Debit,2026-03-30,2030-03-17,0.0,0.0,Active
CRD0003083,4543-XXXX-XXXX-3858,CUS0002016,PRD-CC03,,Credit,2025-05-15,2027-02-16,370158.54,192725.16,Active
CRD0003084,5673-XXXX-XXXX-5907,CUS0001318,PRD-CC01,,Credit,2020-05-11,2030-06-04,1420750.72,44902.96,Active
CRD0003085,4518-XXXX-XXXX-4810,CUS0006071,PRD-DC01,ACC00010612,Debit,2025-07-17,2028-04-19,0.0,0.0,Active
CRD0003086,4315-XXXX-XXXX-6392,CUS0007571,PRD-DC01,ACC00004916,Debit,2020-08-14,2026-09-18,0.0,0.0,Active
CRD0003087,5286-XXXX-XXXX-6678,CUS0000952,PRD-CC02,,Credit,2021-10-14,2028-12-24,1346946.48,86047.1,Active
CRD0003088,5680-XXXX-XXXX-4257,CUS0003369,PRD-CC03,,Credit,2022-06-22,2029-11-20,1391769.38,45744.35,Active
CRD0003089,5258-XXXX-XXXX-2691,CUS0000744,PRD-CC04,,Credit,2021-12-10,2027-12-25,31057.04,50506.83,Active
CRD0003090,5448-XXXX-XXXX-9678,CUS0000530,PRD-CC03,,Credit,2024-12-27,2029-02-01,949457.81,140837.06,Active
CRD0003091,5688-XXXX-XXXX-6435,CUS0001755,PRD-DC02,,Debit,2023-08-31,2029-03-01,0.0,0.0,Active
CRD0003092,4362-XXXX-XXXX-3669,CUS0009969,PRD-DC01,ACC00011042,Debit,2022-09-04,2026-11-02,0.0,0.0,Active
CRD0003093,5301-XXXX-XXXX-5043,CUS0003827,PRD-DC01,ACC00012982,Debit,2024-11-14,2028-05-04,0.0,0.0,Expired
CRD0003094,4957-XXXX-XXXX-8803,CUS0009820,PRD-CC01,,Credit,2020-12-08,2030-06-07,133536.62,89889.5,Active
CRD0003095,5339-XXXX-XXXX-1255,CUS0002834,PRD-CC01,,Credit,2026-05-01,2028-07-10,1200556.38,161507.58,Active
CRD0003096,5910-XXXX-XXXX-8763,CUS0000755,PRD-DC02,ACC00017329,Debit,2023-07-07,2030-04-12,0.0,0.0,Active
CRD0003097,5854-XXXX-XXXX-7728,CUS0007448,PRD-DC02,ACC00017022,Debit,2025-10-16,2028-11-07,0.0,0.0,Active
CRD0003098,5789-XXXX-XXXX-2121,CUS0006832,PRD-DC02,ACC00009088,Debit,2021-03-08,2030-11-17,0.0,0.0,Active
CRD0003099,5138-XXXX-XXXX-6977,CUS0003836,PRD-CC04,,Credit,2025-03-26,2030-11-02,22003.11,110567.15,Active
CRD0003100,4998-XXXX-XXXX-6928,CUS0003300,PRD-CC01,,Credit,2024-12-29,2029-07-29,852026.44,159143.75,Active
CRD0003101,4200-XXXX-XXXX-1995,CUS0001111,PRD-DC01,ACC00015513,Debit,2023-06-10,2027-05-23,0.0,0.0,Active
CRD0003102,4874-XXXX-XXXX-2292,CUS0009117,PRD-CC02,,Credit,2026-02-10,2030-10-19,1293735.98,142546.82,Active
CRD0003103,4777-XXXX-XXXX-6706,CUS0002608,PRD-DC01,ACC00017656,Debit,2025-01-02,2027-10-08,0.0,0.0,Active
CRD0003104,4168-XXXX-XXXX-9213,CUS0005750,PRD-CC02,,Credit,2022-02-21,2029-06-15,547080.9,129577.11,Expired
CRD0003105,4912-XXXX-XXXX-1060,CUS0007520,PRD-CC04,,Credit,2024-11-10,2029-09-24,744163.32,132867.09,Blocked
CRD0003106,4883-XXXX-XXXX-4122,CUS0005296,PRD-DC02,ACC00012174,Debit,2024-08-13,2029-07-26,0.0,0.0,Active
CRD0003107,4895-XXXX-XXXX-4714,CUS0000562,PRD-CC01,,Credit,2025-10-05,2026-12-18,1352693.71,43486.86,Active
CRD0003108,4508-XXXX-XXXX-2270,CUS0004391,PRD-CC02,,Credit,2020-02-22,2027-08-26,810903.92,65635.31,Active
CRD0003109,5824-XXXX-XXXX-7679,CUS0002475,PRD-CC04,,Credit,2020-12-30,2029-10-03,814315.94,13894.77,Active
CRD0003110,5589-XXXX-XXXX-3387,CUS0002359,PRD-DC02,,Debit,2020-08-03,2030-01-09,0.0,0.0,Active
CRD0003111,5302-XXXX-XXXX-8377,CUS0005263,PRD-DC02,ACC00003518,Debit,2025-09-09,2027-12-17,0.0,0.0,Active
CRD0003112,4706-XXXX-XXXX-3960,CUS0006768,PRD-DC02,ACC00010084,Debit,2023-05-05,2029-02-10,0.0,0.0,Active
CRD0003113,5212-XXXX-XXXX-7244,CUS0000753,PRD-CC04,,Credit,2025-04-17,2027-08-13,1197861.06,31893.21,Active
CRD0003114,4492-XXXX-XXXX-7025,CUS0007550,PRD-DC01,ACC00012026,Debit,2023-08-09,2029-09-09,0.0,0.0,Blocked
CRD0003115,5911-XXXX-XXXX-5375,CUS0005107,PRD-DC02,ACC00011464,Debit,2021-04-22,2026-06-04,0.0,0.0,Active
CRD0003116,4959-XXXX-XXXX-6700,CUS0005880,PRD-DC02,ACC00017445,Debit,2025-07-04,2028-10-13,0.0,0.0,Active
CRD0003117,5652-XXXX-XXXX-9510,CUS0002360,PRD-CC02,,Credit,2020-07-05,2026-10-16,661372.17,192362.16,Active
CRD0003118,4284-XXXX-XXXX-1645,CUS0003342,PRD-CC01,,Credit,2026-02-24,2030-11-04,1434587.22,105211.38,Active
CRD0003119,4490-XXXX-XXXX-7969,CUS0000261,PRD-DC02,,Debit,2022-09-18,2030-06-09,0.0,0.0,Active
CRD0003120,5297-XXXX-XXXX-4091,CUS0005000,PRD-CC03,,Credit,2024-10-02,2029-06-02,1359818.83,41576.53,Active
CRD0003121,4637-XXXX-XXXX-8956,CUS0008344,PRD-CC02,,Credit,2025-11-23,2030-03-11,686502.29,13731.92,Active
CRD0003122,5323-XXXX-XXXX-2688,CUS0007904,PRD-CC03,,Credit,2023-04-26,2026-11-07,1037597.91,69895.7,Active
CRD0003123,4455-XXXX-XXXX-3919,CUS0003701,PRD-CC02,,Credit,2024-10-02,2026-05-14,603096.0,64772.89,Active
CRD0003124,5305-XXXX-XXXX-9006,CUS0007518,PRD-CC01,,Credit,2020-07-19,2030-05-13,185778.24,135325.68,Active
CRD0003125,5910-XXXX-XXXX-8627,CUS0007210,PRD-DC01,ACC00017793,Debit,2020-03-15,2028-09-21,0.0,0.0,Active
CRD0003126,5796-XXXX-XXXX-3863,CUS0008860,PRD-CC01,,Credit,2024-07-22,2028-10-23,495310.5,113859.55,Active
CRD0003127,4333-XXXX-XXXX-3175,CUS0006190,PRD-DC01,,Debit,2022-07-17,2028-04-13,0.0,0.0,Active
CRD0003128,5157-XXXX-XXXX-6373,CUS0005327,PRD-CC03,,Credit,2024-07-05,2027-01-10,349513.39,147167.71,Active
CRD0003129,5418-XXXX-XXXX-1368,CUS0001894,PRD-CC04,,Credit,2020-06-21,2029-08-22,87240.92,91494.19,Active
CRD0003130,4146-XXXX-XXXX-7605,CUS0002204,PRD-DC02,ACC00013783,Debit,2021-07-30,2027-04-22,0.0,0.0,Active
CRD0003131,4532-XXXX-XXXX-8338,CUS0005578,PRD-CC04,,Credit,2021-08-02,2029-07-12,400307.84,153822.54,Active
CRD0003132,4693-XXXX-XXXX-3368,CUS0007038,PRD-CC04,,Credit,2023-07-10,2026-06-02,1026279.36,139784.87,Active
CRD0003133,5956-XXXX-XXXX-5042,CUS0006215,PRD-DC01,ACC00009371,Debit,2025-05-21,2028-04-10,0.0,0.0,Active
CRD0003134,5268-XXXX-XXXX-8299,CUS0007627,PRD-DC02,ACC00004287,Debit,2024-06-16,2029-02-18,0.0,0.0,Active
CRD0003135,5902-XXXX-XXXX-8541,CUS0005053,PRD-CC02,,Credit,2022-01-22,2028-03-31,845996.91,146841.83,Active
CRD0003136,5398-XXXX-XXXX-1752,CUS0001199,PRD-DC01,ACC00010705,Debit,2022-11-20,2029-10-27,0.0,0.0,Active
CRD0003137,4466-XXXX-XXXX-8154,CUS0002689,PRD-CC01,,Credit,2022-06-30,2026-12-12,998943.98,13089.26,Active
CRD0003138,4630-XXXX-XXXX-3025,CUS0002683,PRD-CC03,,Credit,2020-05-13,2028-06-25,868880.34,161940.77,Active
CRD0003139,4992-XXXX-XXXX-1620,CUS0002672,PRD-CC04,,Credit,2020-11-02,2026-11-27,203839.77,65855.17,Active
CRD0003140,4116-XXXX-XXXX-7411,CUS0003901,PRD-CC04,,Credit,2022-03-24,2026-05-04,598512.42,36853.35,Expired
CRD0003141,5898-XXXX-XXXX-1775,CUS0001172,PRD-CC02,,Credit,2026-04-26,2028-09-20,1330686.69,27940.96,Expired
CRD0003142,5606-XXXX-XXXX-8130,CUS0001805,PRD-CC04,,Credit,2025-10-07,2028-04-10,1007033.68,159861.19,Active
CRD0003143,4178-XXXX-XXXX-5077,CUS0004822,PRD-CC01,,Credit,2021-06-20,2027-12-14,44919.49,191040.18,Active
CRD0003144,5984-XXXX-XXXX-4525,CUS0003521,PRD-CC03,,Credit,2022-03-29,2030-12-11,522701.02,91887.36,Blocked
CRD0003145,5979-XXXX-XXXX-6222,CUS0006766,PRD-CC04,,Credit,2024-05-11,2027-12-10,576341.93,14630.87,Active
CRD0003146,4641-XXXX-XXXX-5099,CUS0009730,PRD-CC01,,Credit,2026-02-11,2026-07-25,503117.35,138128.58,Active
CRD0003147,5732-XXXX-XXXX-6329,CUS0003504,PRD-CC02,,Credit,2022-03-14,2026-05-22,428156.34,103382.31,Active
CRD0003148,4993-XXXX-XXXX-1815,CUS0006452,PRD-DC01,ACC00000950,Debit,2020-07-20,2028-02-01,0.0,0.0,Active
CRD0003149,4383-XXXX-XXXX-5148,CUS0005830,PRD-CC02,,Credit,2022-04-29,2030-04-13,592356.66,124262.66,Active
CRD0003150,4696-XXXX-XXXX-9415,CUS0001011,PRD-DC01,ACC00010887,Debit,2025-08-09,2027-03-05,0.0,0.0,Active
CRD0003151,5914-XXXX-XXXX-9240,CUS0007870,PRD-DC02,ACC00012216,Debit,2020-08-19,2029-03-08,0.0,0.0,Active
CRD0003152,4453-XXXX-XXXX-9850,CUS0008093,PRD-DC02,ACC00010698,Debit,2023-10-23,2030-04-02,0.0,0.0,Active
CRD0003153,5167-XXXX-XXXX-2385,CUS0004028,PRD-CC02,,Credit,2025-04-25,2029-08-04,880981.52,159244.06,Active
CRD0003154,5904-XXXX-XXXX-5739,CUS0000793,PRD-CC04,,Credit,2022-08-01,2028-06-14,1194983.72,55249.47,Active
CRD0003155,5313-XXXX-XXXX-1477,CUS0007940,PRD-DC02,,Debit,2020-04-12,2026-10-17,0.0,0.0,Active
CRD0003156,5378-XXXX-XXXX-2786,CUS0007474,PRD-DC02,ACC00016623,Debit,2022-11-22,2028-09-07,0.0,0.0,Active
CRD0003157,4994-XXXX-XXXX-5943,CUS0009144,PRD-CC01,,Credit,2025-04-08,2030-10-04,621455.95,49075.75,Active
CRD0003158,4644-XXXX-XXXX-5388,CUS0001898,PRD-CC03,,Credit,2020-04-17,2026-11-05,487851.74,19031.38,Active
CRD0003159,5419-XXXX-XXXX-5992,CUS0006271,PRD-DC01,ACC00014204,Debit,2022-07-17,2026-09-18,0.0,0.0,Active
CRD0003160,4125-XXXX-XXXX-3756,CUS0007104,PRD-DC02,ACC00002052,Debit,2023-04-13,2027-04-25,0.0,0.0,Active
CRD0003161,5695-XXXX-XXXX-5094,CUS0001720,PRD-CC04,,Credit,2021-09-02,2030-03-15,705308.2,107058.33,Active
CRD0003162,4790-XXXX-XXXX-6509,CUS0003352,PRD-DC02,ACC00005057,Debit,2020-05-16,2027-12-30,0.0,0.0,Active
CRD0003163,4705-XXXX-XXXX-5781,CUS0009502,PRD-CC04,,Credit,2024-12-26,2028-10-04,104629.39,1337.2,Active
CRD0003164,5544-XXXX-XXXX-5855,CUS0001407,PRD-DC02,ACC00016334,Debit,2026-02-06,2030-05-24,0.0,0.0,Active
CRD0003165,5453-XXXX-XXXX-9058,CUS0007427,PRD-DC01,ACC00017294,Debit,2023-11-14,2030-12-19,0.0,0.0,Active
CRD0003166,5691-XXXX-XXXX-2976,CUS0000930,PRD-CC04,,Credit,2021-05-25,2030-11-21,1316931.58,190356.1,Active
CRD0003167,5470-XXXX-XXXX-1835,CUS0003725,PRD-CC03,,Credit,2023-05-18,2028-06-29,750280.62,170397.46,Active
CRD0003168,5788-XXXX-XXXX-5178,CUS0003859,PRD-CC02,,Credit,2022-05-17,2030-02-28,798195.69,5603.95,Active
CRD0003169,4749-XXXX-XXXX-6640,CUS0006109,PRD-DC01,,Debit,2022-07-13,2029-01-20,0.0,0.0,Blocked
CRD0003170,4554-XXXX-XXXX-6480,CUS0004981,PRD-CC04,,Credit,2022-12-06,2029-01-30,264159.5,128310.28,Active
CRD0003171,5968-XXXX-XXXX-1096,CUS0002598,PRD-CC02,,Credit,2023-09-18,2029-05-15,59100.62,40947.79,Active
CRD0003172,5536-XXXX-XXXX-6982,CUS0002929,PRD-CC02,,Credit,2023-05-10,2029-12-17,1140958.18,9899.09,Active
CRD0003173,5484-XXXX-XXXX-8632,CUS0008893,PRD-DC02,ACC00008839,Debit,2022-06-05,2027-08-11,0.0,0.0,Active
CRD0003174,5307-XXXX-XXXX-3019,CUS0006284,PRD-CC02,,Credit,2021-09-25,2026-12-24,610841.39,76772.35,Active
CRD0003175,5426-XXXX-XXXX-2145,CUS0006616,PRD-CC02,,Credit,2020-08-08,2028-06-20,491433.42,85030.26,Active
CRD0003176,5826-XXXX-XXXX-2057,CUS0002511,PRD-CC03,,Credit,2023-10-15,2027-01-21,199472.59,105879.39,Active
CRD0003177,5779-XXXX-XXXX-8534,CUS0004418,PRD-CC02,,Credit,2025-04-18,2029-11-10,1009279.67,25169.36,Active
CRD0003178,4912-XXXX-XXXX-2370,CUS0001675,PRD-DC02,,Debit,2020-07-30,2027-12-02,0.0,0.0,Active
CRD0003179,5996-XXXX-XXXX-2296,CUS0003980,PRD-CC04,,Credit,2020-06-09,2030-03-03,1228340.06,27650.49,Active
CRD0003180,4217-XXXX-XXXX-4747,CUS0009041,PRD-CC02,,Credit,2024-04-13,2028-03-15,1252494.85,154028.89,Active
CRD0003181,5154-XXXX-XXXX-3759,CUS0003365,PRD-DC01,ACC00000626,Debit,2024-11-17,2030-02-18,0.0,0.0,Active
CRD0003182,5747-XXXX-XXXX-1913,CUS0008873,PRD-CC04,,Credit,2021-10-22,2026-10-08,1296609.23,164314.9,Active
CRD0003183,5983-XXXX-XXXX-3334,CUS0005016,PRD-CC01,,Credit,2020-05-03,2026-06-12,1046415.4,9058.68,Active
CRD0003184,5818-XXXX-XXXX-4780,CUS0007721,PRD-DC01,ACC00013646,Debit,2021-11-11,2030-02-10,0.0,0.0,Expired
CRD0003185,5366-XXXX-XXXX-7866,CUS0004397,PRD-DC01,,Debit,2023-06-22,2026-12-08,0.0,0.0,Active
CRD0003186,5212-XXXX-XXXX-8342,CUS0008722,PRD-CC03,,Credit,2022-02-16,2030-12-22,762075.16,29086.7,Active
CRD0003187,5912-XXXX-XXXX-7623,CUS0006885,PRD-DC01,ACC00007689,Debit,2021-06-27,2026-12-13,0.0,0.0,Active
CRD0003188,4664-XXXX-XXXX-7872,CUS0009536,PRD-DC02,ACC00017401,Debit,2023-12-18,2030-05-12,0.0,0.0,Active
CRD0003189,4136-XXXX-XXXX-2472,CUS0006740,PRD-CC03,,Credit,2025-11-17,2029-05-26,992683.87,42277.72,Active
CRD0003190,4311-XXXX-XXXX-4084,CUS0005107,PRD-DC02,ACC00008301,Debit,2025-10-26,2027-08-14,0.0,0.0,Active
CRD0003191,5227-XXXX-XXXX-3847,CUS0008360,PRD-DC02,ACC00012094,Debit,2020-10-08,2027-08-30,0.0,0.0,Active
CRD0003192,4192-XXXX-XXXX-9914,CUS0009038,PRD-CC03,,Credit,2020-04-15,2026-11-04,225782.31,66401.65,Active
CRD0003193,5305-XXXX-XXXX-5456,CUS0008912,PRD-CC01,,Credit,2020-08-24,2030-10-04,211805.89,26724.2,Blocked
CRD0003194,5385-XXXX-XXXX-4798,CUS0001670,PRD-DC02,ACC00012554,Debit,2021-08-08,2027-03-01,0.0,0.0,Active
CRD0003195,4972-XXXX-XXXX-2216,CUS0003400,PRD-DC02,ACC00015967,Debit,2023-05-12,2027-07-10,0.0,0.0,Active
CRD0003196,5875-XXXX-XXXX-6720,CUS0007764,PRD-DC02,ACC00003191,Debit,2020-02-24,2026-10-18,0.0,0.0,Active
CRD0003197,5116-XXXX-XXXX-5765,CUS0002008,PRD-CC01,,Credit,2021-04-17,2026-12-06,502422.71,45495.19,Active
CRD0003198,5272-XXXX-XXXX-6852,CUS0000352,PRD-CC01,,Credit,2024-09-10,2027-10-21,285688.66,129758.57,Active
CRD0003199,5132-XXXX-XXXX-3681,CUS0002293,PRD-DC02,ACC00012623,Debit,2023-03-19,2029-05-11,0.0,0.0,Active
CRD0003200,4294-XXXX-XXXX-8748,CUS0009340,PRD-CC01,,Credit,2020-04-11,2029-10-02,876762.87,182020.43,Active
CRD0003201,5809-XXXX-XXXX-8465,CUS0004619,PRD-CC02,,Credit,2023-06-27,2030-04-01,1327346.36,16679.67,Active
CRD0003202,4788-XXXX-XXXX-8411,CUS0007419,PRD-DC02,ACC00004285,Debit,2020-09-14,2027-06-22,0.0,0.0,Active
CRD0003203,4166-XXXX-XXXX-4076,CUS0007924,PRD-DC01,ACC00008253,Debit,2024-04-23,2028-08-12,0.0,0.0,Active
CRD0003204,4382-XXXX-XXXX-2818,CUS0004048,PRD-CC03,,Credit,2024-04-04,2026-05-11,385418.45,80904.24,Active
CRD0003205,5957-XXXX-XXXX-4559,CUS0003021,PRD-DC02,ACC00003553,Debit,2025-06-09,2026-11-12,0.0,0.0,Active
CRD0003206,5719-XXXX-XXXX-1690,CUS0004390,PRD-DC02,ACC00014076,Debit,2023-05-25,2030-01-29,0.0,0.0,Active
CRD0003207,4644-XXXX-XXXX-9181,CUS0003276,PRD-DC01,ACC00010156,Debit,2024-12-21,2028-12-22,0.0,0.0,Active
CRD0003208,5114-XXXX-XXXX-3750,CUS0000893,PRD-CC03,,Credit,2023-08-21,2029-11-24,462816.81,12089.67,Active
CRD0003209,5474-XXXX-XXXX-1158,CUS0008847,PRD-DC01,,Debit,2020-05-22,2030-10-18,0.0,0.0,Active
CRD0003210,4173-XXXX-XXXX-8392,CUS0002930,PRD-DC01,ACC00006554,Debit,2025-01-02,2030-01-13,0.0,0.0,Active
CRD0003211,5614-XXXX-XXXX-5860,CUS0001061,PRD-CC04,,Credit,2020-03-14,2028-09-16,930700.05,165522.81,Active
CRD0003212,5943-XXXX-XXXX-7389,CUS0002903,PRD-CC03,,Credit,2024-01-13,2030-11-30,124292.65,88737.3,Active
CRD0003213,4203-XXXX-XXXX-7263,CUS0004543,PRD-DC02,,Debit,2020-04-16,2026-12-26,0.0,0.0,Active
CRD0003214,5501-XXXX-XXXX-9925,CUS0008739,PRD-DC02,ACC00015080,Debit,2022-04-24,2027-12-03,0.0,0.0,Active
CRD0003215,5977-XXXX-XXXX-6198,CUS0005921,PRD-DC01,,Debit,2021-06-07,2030-12-17,0.0,0.0,Active
CRD0003216,4624-XXXX-XXXX-9726,CUS0000838,PRD-DC01,ACC00002070,Debit,2022-05-21,2027-04-19,0.0,0.0,Active
CRD0003217,4718-XXXX-XXXX-6632,CUS0003916,PRD-CC01,,Credit,2022-02-17,2028-05-20,1268845.14,153347.9,Active
CRD0003218,4955-XXXX-XXXX-4092,CUS0006642,PRD-CC03,,Credit,2025-11-02,2028-09-25,92047.99,70768.28,Blocked
CRD0003219,5644-XXXX-XXXX-6122,CUS0003564,PRD-CC01,,Credit,2025-09-22,2030-09-14,1173050.1,169617.16,Active
CRD0003220,5913-XXXX-XXXX-1122,CUS0009240,PRD-CC03,,Credit,2023-10-10,2030-07-22,921113.05,38921.33,Active
CRD0003221,4287-XXXX-XXXX-8442,CUS0000713,PRD-CC02,,Credit,2024-02-25,2028-04-26,1284174.46,88212.74,Active
CRD0003222,5719-XXXX-XXXX-7251,CUS0003366,PRD-DC01,ACC00005764,Debit,2023-04-15,2027-01-19,0.0,0.0,Active
CRD0003223,5930-XXXX-XXXX-5251,CUS0005775,PRD-CC01,,Credit,2024-12-21,2030-05-10,192725.71,152739.43,Active
CRD0003224,5193-XXXX-XXXX-5178,CUS0002684,PRD-CC01,,Credit,2021-02-02,2026-10-02,1256370.68,175845.87,Active
CRD0003225,5797-XXXX-XXXX-7348,CUS0007379,PRD-CC03,,Credit,2021-11-11,2028-08-05,796397.44,134770.28,Active
CRD0003226,4373-XXXX-XXXX-7203,CUS0004908,PRD-CC02,,Credit,2024-03-19,2026-07-14,700816.97,63926.36,Active
CRD0003227,4959-XXXX-XXXX-5908,CUS0008914,PRD-CC03,,Credit,2025-05-30,2028-02-27,417672.77,120832.86,Active
CRD0003228,4289-XXXX-XXXX-8135,CUS0003910,PRD-CC01,,Credit,2021-08-31,2030-08-11,113818.77,159333.64,Active
CRD0003229,5595-XXXX-XXXX-6880,CUS0005970,PRD-CC01,,Credit,2020-04-02,2030-02-20,1051605.53,126517.45,Active
CRD0003230,4960-XXXX-XXXX-4155,CUS0004380,PRD-DC01,ACC00017749,Debit,2024-10-09,2030-05-06,0.0,0.0,Active
CRD0003231,4589-XXXX-XXXX-2903,CUS0007121,PRD-CC03,,Credit,2020-05-20,2027-10-28,1365914.88,82778.28,Active
CRD0003232,4418-XXXX-XXXX-4960,CUS0006039,PRD-DC02,,Debit,2022-08-24,2027-03-05,0.0,0.0,Active
CRD0003233,4194-XXXX-XXXX-8711,CUS0007488,PRD-CC01,,Credit,2025-01-02,2029-09-04,1443451.77,199866.23,Active
CRD0003234,4166-XXXX-XXXX-8988,CUS0001426,PRD-CC04,,Credit,2026-03-12,2029-08-07,1033482.82,15623.43,Active
CRD0003235,4215-XXXX-XXXX-5367,CUS0000041,PRD-CC04,,Credit,2022-05-16,2027-10-31,1390559.91,158390.49,Active
CRD0003236,5489-XXXX-XXXX-7151,CUS0006589,PRD-DC01,ACC00006300,Debit,2021-09-28,2030-06-25,0.0,0.0,Active
CRD0003237,5523-XXXX-XXXX-9977,CUS0002814,PRD-CC04,,Credit,2025-11-30,2029-02-09,1039310.39,10311.22,Active
CRD0003238,4926-XXXX-XXXX-1694,CUS0003282,PRD-CC02,,Credit,2021-01-25,2027-10-02,269201.43,60982.73,Active
CRD0003239,4888-XXXX-XXXX-9443,CUS0002414,PRD-CC03,,Credit,2020-08-17,2026-11-26,355180.39,144081.45,Active
CRD0003240,4683-XXXX-XXXX-4405,CUS0004405,PRD-CC02,,Credit,2025-07-10,2027-01-12,808415.01,43180.01,Active
CRD0003241,5917-XXXX-XXXX-5578,CUS0007706,PRD-CC02,,Credit,2021-07-11,2027-09-18,842643.15,65614.59,Active
CRD0003242,5195-XXXX-XXXX-3124,CUS0000439,PRD-CC01,,Credit,2021-12-16,2027-03-18,426343.55,72620.54,Active
CRD0003243,5127-XXXX-XXXX-4774,CUS0000724,PRD-CC04,,Credit,2022-01-05,2028-09-13,907324.33,155779.78,Active
CRD0003244,5915-XXXX-XXXX-3792,CUS0002861,PRD-CC01,,Credit,2020-04-30,2029-03-12,820062.05,104002.82,Active
CRD0003245,5276-XXXX-XXXX-2749,CUS0003094,PRD-DC01,ACC00012925,Debit,2025-04-12,2029-05-10,0.0,0.0,Active
CRD0003246,5667-XXXX-XXXX-4192,CUS0001247,PRD-CC03,,Credit,2022-06-02,2028-05-05,399591.4,130339.32,Active
CRD0003247,5195-XXXX-XXXX-7497,CUS0002164,PRD-CC03,,Credit,2023-11-12,2028-12-24,355941.51,61948.1,Active
CRD0003248,5481-XXXX-XXXX-6047,CUS0001535,PRD-CC01,,Credit,2025-03-05,2029-03-14,603961.89,197975.78,Active
CRD0003249,4214-XXXX-XXXX-3337,CUS0002382,PRD-CC04,,Credit,2025-03-23,2030-11-22,558406.32,71427.01,Active
CRD0003250,4852-XXXX-XXXX-3504,CUS0008075,PRD-DC01,ACC00004088,Debit,2022-03-31,2028-11-15,0.0,0.0,Active
CRD0003251,5300-XXXX-XXXX-5811,CUS0002485,PRD-CC02,,Credit,2021-07-21,2029-05-18,905308.82,137782.98,Active
CRD0003252,4626-XXXX-XXXX-7769,CUS0001907,PRD-DC02,ACC00014227,Debit,2026-01-01,2027-03-17,0.0,0.0,Active
CRD0003253,4962-XXXX-XXXX-9251,CUS0006539,PRD-CC04,,Credit,2021-08-13,2029-03-09,1028017.71,98684.8,Active
CRD0003254,4501-XXXX-XXXX-6173,CUS0009683,PRD-CC02,,Credit,2026-01-28,2029-10-25,70697.45,162236.54,Active
CRD0003255,4869-XXXX-XXXX-6362,CUS0003976,PRD-CC02,,Credit,2021-09-14,2027-06-11,387915.04,91799.43,Active
CRD0003256,4944-XXXX-XXXX-6224,CUS0002025,PRD-CC04,,Credit,2024-06-12,2029-12-20,912687.0,30589.7,Active
CRD0003257,4987-XXXX-XXXX-7920,CUS0003213,PRD-CC02,,Credit,2022-01-22,2029-01-07,789730.61,125519.67,Active
CRD0003258,5871-XXXX-XXXX-1876,CUS0008233,PRD-CC03,,Credit,2024-10-04,2030-07-04,301368.43,76842.92,Active
CRD0003259,4970-XXXX-XXXX-9063,CUS0007748,PRD-CC02,,Credit,2023-03-16,2027-05-23,1276706.09,131328.33,Active
CRD0003260,4351-XXXX-XXXX-6572,CUS0008025,PRD-CC01,,Credit,2024-07-14,2026-11-23,473547.18,127875.39,Active
CRD0003261,4608-XXXX-XXXX-3778,CUS0005573,PRD-CC03,,Credit,2020-07-26,2026-12-07,198909.46,114880.58,Active
CRD0003262,5606-XXXX-XXXX-8699,CUS0003419,PRD-DC02,ACC00015944,Debit,2021-02-04,2026-05-13,0.0,0.0,Active
CRD0003263,4457-XXXX-XXXX-1225,CUS0007999,PRD-CC04,,Credit,2025-05-06,2028-03-11,985550.83,198468.8,Active
CRD0003264,4904-XXXX-XXXX-6484,CUS0003741,PRD-CC01,,Credit,2022-10-05,2027-02-17,830402.35,46584.28,Active
CRD0003265,4317-XXXX-XXXX-2720,CUS0008859,PRD-CC04,,Credit,2020-07-14,2026-05-27,1222150.62,47163.97,Active
CRD0003266,5780-XXXX-XXXX-9339,CUS0001305,PRD-DC01,ACC00007024,Debit,2023-05-29,2029-08-04,0.0,0.0,Active
CRD0003267,5145-XXXX-XXXX-3717,CUS0004888,PRD-DC02,ACC00001074,Debit,2023-02-06,2030-11-14,0.0,0.0,Expired
CRD0003268,4236-XXXX-XXXX-3297,CUS0004219,PRD-DC02,ACC00006452,Debit,2021-11-11,2030-03-03,0.0,0.0,Active
CRD0003269,4971-XXXX-XXXX-2856,CUS0001908,PRD-DC02,ACC00017874,Debit,2025-07-31,2030-04-11,0.0,0.0,Blocked
CRD0003270,4308-XXXX-XXXX-4441,CUS0002658,PRD-DC01,ACC00008023,Debit,2020-02-28,2027-05-17,0.0,0.0,Active
CRD0003271,5853-XXXX-XXXX-2162,CUS0004866,PRD-CC04,,Credit,2025-07-13,2026-05-12,573084.64,34911.2,Active
CRD0003272,4267-XXXX-XXXX-9604,CUS0006102,PRD-CC02,,Credit,2022-07-15,2028-05-23,1385944.23,89685.98,Active
CRD0003273,5726-XXXX-XXXX-5369,CUS0005251,PRD-CC04,,Credit,2025-09-21,2026-11-16,356055.89,134592.33,Active
CRD0003274,5219-XXXX-XXXX-7353,CUS0004900,PRD-CC03,,Credit,2025-07-27,2029-11-15,1227637.42,22924.18,Active
CRD0003275,5825-XXXX-XXXX-3766,CUS0001400,PRD-DC01,ACC00001248,Debit,2022-08-14,2030-11-28,0.0,0.0,Active
CRD0003276,4591-XXXX-XXXX-6768,CUS0007833,PRD-CC02,,Credit,2026-04-08,2030-08-24,1367425.09,33441.1,Active
CRD0003277,5888-XXXX-XXXX-6305,CUS0007953,PRD-DC02,,Debit,2022-01-04,2027-03-04,0.0,0.0,Active
CRD0003278,4777-XXXX-XXXX-9718,CUS0004855,PRD-CC04,,Credit,2020-06-24,2029-08-03,321721.46,125443.32,Active
CRD0003279,4558-XXXX-XXXX-1948,CUS0005249,PRD-DC01,ACC00013764,Debit,2022-02-22,2030-06-27,0.0,0.0,Active
CRD0003280,4971-XXXX-XXXX-1645,CUS0005447,PRD-CC03,,Credit,2023-08-19,2027-10-19,1488202.72,152232.38,Active
CRD0003281,4508-XXXX-XXXX-2837,CUS0005322,PRD-CC02,,Credit,2024-12-04,2026-11-25,1091299.41,164729.83,Active
CRD0003282,4897-XXXX-XXXX-9032,CUS0006165,PRD-CC02,,Credit,2020-02-19,2027-02-08,1088345.26,19604.91,Active
CRD0003283,4227-XXXX-XXXX-3495,CUS0002039,PRD-DC02,ACC00009684,Debit,2021-08-04,2029-08-08,0.0,0.0,Active
CRD0003284,4573-XXXX-XXXX-8368,CUS0001847,PRD-CC04,,Credit,2023-10-21,2027-10-02,968994.7,88599.11,Active
CRD0003285,5579-XXXX-XXXX-2627,CUS0005782,PRD-DC02,ACC00006121,Debit,2020-03-24,2028-07-04,0.0,0.0,Active
CRD0003286,5333-XXXX-XXXX-2934,CUS0002886,PRD-CC02,,Credit,2021-03-05,2027-12-24,745982.59,63071.48,Expired
CRD0003287,5184-XXXX-XXXX-1503,CUS0007080,PRD-CC01,,Credit,2026-02-23,2029-09-15,462427.41,65169.38,Active
CRD0003288,5117-XXXX-XXXX-8664,CUS0000599,PRD-DC02,ACC00002029,Debit,2025-11-25,2028-09-08,0.0,0.0,Active
CRD0003289,4290-XXXX-XXXX-9486,CUS0008244,PRD-DC02,ACC00015972,Debit,2021-08-09,2030-02-15,0.0,0.0,Active
CRD0003290,4922-XXXX-XXXX-7221,CUS0002352,PRD-CC03,,Credit,2025-12-28,2026-08-01,1401936.6,10045.09,Active
CRD0003291,5453-XXXX-XXXX-4407,CUS0000129,PRD-DC01,ACC00001536,Debit,2020-12-11,2026-07-31,0.0,0.0,Active
CRD0003292,5152-XXXX-XXXX-5614,CUS0008769,PRD-DC02,ACC00017759,Debit,2020-11-12,2027-04-25,0.0,0.0,Active
CRD0003293,4339-XXXX-XXXX-6439,CUS0006247,PRD-DC01,ACC00017767,Debit,2026-04-13,2027-10-31,0.0,0.0,Active
CRD0003294,5813-XXXX-XXXX-2765,CUS0008777,PRD-CC01,,Credit,2023-06-24,2028-10-08,716829.1,149874.38,Active
CRD0003295,5292-XXXX-XXXX-5267,CUS0004032,PRD-DC01,ACC00008731,Debit,2020-07-04,2028-04-14,0.0,0.0,Active
CRD0003296,4105-XXXX-XXXX-1297,CUS0002401,PRD-DC01,ACC00004375,Debit,2025-04-30,2026-08-26,0.0,0.0,Active
CRD0003297,4154-XXXX-XXXX-2009,CUS0008341,PRD-CC03,,Credit,2020-01-19,2027-10-07,278238.17,174525.84,Active
CRD0003298,5328-XXXX-XXXX-4225,CUS0002113,PRD-CC02,,Credit,2024-01-19,2027-10-29,315233.05,174204.98,Active
CRD0003299,5359-XXXX-XXXX-5924,CUS0002424,PRD-CC04,,Credit,2025-04-10,2030-09-25,996285.69,99892.69,Active
CRD0003300,5701-XXXX-XXXX-7178,CUS0003102,PRD-DC02,,Debit,2022-05-09,2027-10-06,0.0,0.0,Active
CRD0003301,4850-XXXX-XXXX-9101,CUS0000400,PRD-CC04,,Credit,2022-09-01,2029-11-26,538640.54,81712.49,Active
CRD0003302,4851-XXXX-XXXX-9395,CUS0005662,PRD-DC02,ACC00002218,Debit,2024-01-11,2030-05-21,0.0,0.0,Active
CRD0003303,4350-XXXX-XXXX-2747,CUS0003224,PRD-DC01,ACC00002570,Debit,2024-12-04,2027-09-16,0.0,0.0,Active
CRD0003304,4470-XXXX-XXXX-2613,CUS0007415,PRD-DC01,ACC00001539,Debit,2020-01-13,2027-05-31,0.0,0.0,Active
CRD0003305,5915-XXXX-XXXX-7869,CUS0008146,PRD-CC03,,Credit,2022-05-20,2027-07-01,528975.62,152979.47,Active
CRD0003306,5122-XXXX-XXXX-8459,CUS0001902,PRD-DC01,ACC00005180,Debit,2020-03-24,2028-11-01,0.0,0.0,Active
CRD0003307,5144-XXXX-XXXX-6036,CUS0005703,PRD-CC03,,Credit,2020-10-07,2027-11-07,1392245.85,154024.58,Active
CRD0003308,4553-XXXX-XXXX-3786,CUS0002910,PRD-CC04,,Credit,2024-05-28,2029-08-05,1303014.73,198902.77,Active
CRD0003309,5618-XXXX-XXXX-1689,CUS0000490,PRD-CC03,,Credit,2025-01-21,2026-05-26,292365.85,151229.26,Active
CRD0003310,4439-XXXX-XXXX-2512,CUS0007273,PRD-CC01,,Credit,2023-01-27,2027-07-02,433138.69,76646.11,Active
CRD0003311,5431-XXXX-XXXX-6017,CUS0009160,PRD-CC02,,Credit,2026-04-24,2030-02-26,419730.08,107677.27,Active
CRD0003312,4565-XXXX-XXXX-7985,CUS0008665,PRD-DC02,ACC00008607,Debit,2024-03-29,2028-09-03,0.0,0.0,Expired
CRD0003313,5197-XXXX-XXXX-7405,CUS0009404,PRD-CC02,,Credit,2020-05-06,2029-11-28,299966.49,111727.52,Active
CRD0003314,4665-XXXX-XXXX-9244,CUS0007119,PRD-DC01,ACC00017098,Debit,2024-05-07,2028-07-25,0.0,0.0,Active
CRD0003315,4235-XXXX-XXXX-4964,CUS0006768,PRD-CC04,,Credit,2020-11-18,2027-05-09,729143.53,27785.04,Active
CRD0003316,5821-XXXX-XXXX-4831,CUS0004343,PRD-CC04,,Credit,2021-06-25,2029-11-06,681573.05,59383.82,Active
CRD0003317,5205-XXXX-XXXX-9706,CUS0003521,PRD-CC02,,Credit,2024-03-10,2028-12-23,1474884.37,194440.71,Active
CRD0003318,5569-XXXX-XXXX-1058,CUS0001261,PRD-DC01,ACC00007637,Debit,2020-09-18,2030-05-08,0.0,0.0,Active
CRD0003319,4589-XXXX-XXXX-6450,CUS0005022,PRD-CC04,,Credit,2024-02-13,2028-01-30,313703.11,116010.88,Active
CRD0003320,5393-XXXX-XXXX-9260,CUS0005490,PRD-DC01,ACC00005517,Debit,2025-03-05,2029-02-22,0.0,0.0,Active
CRD0003321,5877-XXXX-XXXX-9902,CUS0005435,PRD-DC02,ACC00002970,Debit,2021-05-05,2027-10-20,0.0,0.0,Active
CRD0003322,5566-XXXX-XXXX-8097,CUS0005239,PRD-CC01,,Credit,2020-04-25,2027-08-13,823064.23,134672.1,Active
CRD0003323,5843-XXXX-XXXX-9843,CUS0004635,PRD-CC02,,Credit,2025-01-22,2029-04-30,210337.8,76820.45,Active
CRD0003324,5599-XXXX-XXXX-5621,CUS0006841,PRD-CC01,,Credit,2023-11-12,2029-11-20,1114464.95,12948.75,Active
CRD0003325,4561-XXXX-XXXX-4223,CUS0005782,PRD-CC01,,Credit,2024-03-25,2027-02-21,1350811.1,50936.56,Active
CRD0003326,4390-XXXX-XXXX-3911,CUS0001589,PRD-DC02,,Debit,2026-04-07,2028-02-23,0.0,0.0,Active
CRD0003327,4764-XXXX-XXXX-4384,CUS0003795,PRD-CC03,,Credit,2023-12-04,2027-07-26,963509.83,191006.17,Active
CRD0003328,4805-XXXX-XXXX-5066,CUS0007897,PRD-DC01,ACC00003261,Debit,2024-08-07,2029-11-23,0.0,0.0,Active
CRD0003329,5416-XXXX-XXXX-5463,CUS0008747,PRD-CC03,,Credit,2025-03-06,2029-10-20,748874.63,38143.03,Active
CRD0003330,5881-XXXX-XXXX-1512,CUS0003955,PRD-CC02,,Credit,2024-05-12,2028-07-07,817599.78,160804.55,Active
CRD0003331,4768-XXXX-XXXX-1139,CUS0006317,PRD-DC02,,Debit,2022-10-29,2027-11-15,0.0,0.0,Active
CRD0003332,4853-XXXX-XXXX-1210,CUS0004626,PRD-DC02,,Debit,2025-02-18,2030-02-21,0.0,0.0,Active
CRD0003333,4595-XXXX-XXXX-7757,CUS0009231,PRD-CC03,,Credit,2023-08-24,2029-10-12,979726.29,152942.33,Active
CRD0003334,4974-XXXX-XXXX-5978,CUS0006130,PRD-DC02,,Debit,2021-09-30,2028-12-30,0.0,0.0,Active
CRD0003335,4978-XXXX-XXXX-9771,CUS0004375,PRD-CC04,,Credit,2025-12-02,2029-09-07,662792.09,186810.34,Active
CRD0003336,4591-XXXX-XXXX-3970,CUS0005604,PRD-CC01,,Credit,2021-08-18,2029-06-20,1498884.49,105223.18,Active
CRD0003337,5119-XXXX-XXXX-9229,CUS0008698,PRD-CC01,,Credit,2023-08-08,2029-02-25,463000.25,44492.99,Active
CRD0003338,4556-XXXX-XXXX-8578,CUS0006079,PRD-DC01,ACC00003568,Debit,2022-07-28,2030-01-08,0.0,0.0,Active
CRD0003339,4220-XXXX-XXXX-8494,CUS0002599,PRD-DC02,,Debit,2021-09-06,2030-10-22,0.0,0.0,Active
CRD0003340,4577-XXXX-XXXX-5444,CUS0002321,PRD-DC02,ACC00013942,Debit,2026-01-08,2026-09-11,0.0,0.0,Active
CRD0003341,5478-XXXX-XXXX-7394,CUS0000682,PRD-CC04,,Credit,2020-06-10,2030-03-30,709702.68,88764.98,Active
CRD0003342,4723-XXXX-XXXX-8328,CUS0009162,PRD-CC02,,Credit,2020-03-08,2027-01-04,119876.61,9683.76,Active
CRD0003343,5707-XXXX-XXXX-3661,CUS0000639,PRD-CC01,,Credit,2021-09-30,2027-06-26,994117.91,116995.59,Active
CRD0003344,4144-XXXX-XXXX-4142,CUS0005610,PRD-DC02,,Debit,2022-08-12,2028-12-20,0.0,0.0,Active
CRD0003345,5463-XXXX-XXXX-6479,CUS0002935,PRD-CC04,,Credit,2020-05-17,2026-12-09,915484.39,12283.76,Active
CRD0003346,5917-XXXX-XXXX-8472,CUS0001240,PRD-DC02,,Debit,2023-06-27,2026-10-24,0.0,0.0,Active
CRD0003347,5540-XXXX-XXXX-2685,CUS0005949,PRD-CC04,,Credit,2026-04-22,2028-06-02,1247991.63,50810.17,Active
CRD0003348,5278-XXXX-XXXX-3197,CUS0005669,PRD-DC02,,Debit,2022-04-22,2026-07-06,0.0,0.0,Active
CRD0003349,5966-XXXX-XXXX-7801,CUS0006064,PRD-CC04,,Credit,2025-07-27,2027-05-31,1445299.35,130166.74,Active
CRD0003350,5771-XXXX-XXXX-2391,CUS0000741,PRD-DC02,ACC00004239,Debit,2021-12-28,2027-02-16,0.0,0.0,Active
CRD0003351,4257-XXXX-XXXX-2835,CUS0007013,PRD-CC01,,Credit,2021-03-22,2026-09-16,84248.02,182307.6,Active
CRD0003352,5951-XXXX-XXXX-7564,CUS0006679,PRD-CC02,,Credit,2020-02-18,2026-11-27,1042715.85,24675.7,Active
CRD0003353,5455-XXXX-XXXX-2662,CUS0008726,PRD-CC03,,Credit,2021-01-19,2028-08-31,288134.88,78699.27,Active
CRD0003354,4757-XXXX-XXXX-2834,CUS0005092,PRD-DC01,ACC00009838,Debit,2022-03-12,2030-07-08,0.0,0.0,Active
CRD0003355,4875-XXXX-XXXX-7583,CUS0009032,PRD-CC03,,Credit,2024-05-12,2029-01-09,857080.04,176962.95,Active
CRD0003356,4281-XXXX-XXXX-4179,CUS0009699,PRD-DC02,ACC00008176,Debit,2025-11-25,2027-10-27,0.0,0.0,Active
CRD0003357,4977-XXXX-XXXX-3088,CUS0003507,PRD-DC02,ACC00015661,Debit,2022-06-16,2026-11-02,0.0,0.0,Active
CRD0003358,4735-XXXX-XXXX-4780,CUS0004521,PRD-DC02,ACC00016532,Debit,2023-11-11,2028-06-25,0.0,0.0,Active
CRD0003359,5409-XXXX-XXXX-4085,CUS0005193,PRD-CC04,,Credit,2020-06-12,2026-10-05,550421.75,172923.52,Active
CRD0003360,4613-XXXX-XXXX-1015,CUS0005118,PRD-CC04,,Credit,2021-06-27,2029-07-02,1132643.25,133738.37,Active
CRD0003361,4145-XXXX-XXXX-7742,CUS0008638,PRD-CC04,,Credit,2024-03-14,2026-10-20,795223.84,179712.81,Expired
CRD0003362,4938-XXXX-XXXX-1760,CUS0009312,PRD-CC03,,Credit,2021-08-07,2029-10-05,649486.06,182360.1,Active
CRD0003363,5615-XXXX-XXXX-4397,CUS0005872,PRD-CC04,,Credit,2020-06-08,2030-02-23,492290.04,184555.85,Active
CRD0003364,5982-XXXX-XXXX-6194,CUS0001787,PRD-CC02,,Credit,2026-04-26,2026-11-11,293754.85,180218.48,Active
CRD0003365,5282-XXXX-XXXX-2509,CUS0005917,PRD-CC02,,Credit,2024-08-09,2029-04-22,1386490.2,100349.75,Active
CRD0003366,5673-XXXX-XXXX-5058,CUS0008801,PRD-DC02,ACC00017240,Debit,2020-11-13,2028-11-07,0.0,0.0,Active
CRD0003367,4235-XXXX-XXXX-7807,CUS0007262,PRD-CC03,,Credit,2020-02-25,2029-06-21,954983.25,161443.23,Active
CRD0003368,5256-XXXX-XXXX-9709,CUS0006080,PRD-DC01,ACC00003535,Debit,2021-04-20,2030-07-07,0.0,0.0,Active
CRD0003369,4432-XXXX-XXXX-8203,CUS0007817,PRD-DC02,ACC00001917,Debit,2022-03-28,2029-01-17,0.0,0.0,Blocked
CRD0003370,5661-XXXX-XXXX-9612,CUS0003048,PRD-CC01,,Credit,2023-10-28,2027-05-12,1122603.35,125228.55,Active
CRD0003371,4445-XXXX-XXXX-4931,CUS0008887,PRD-DC01,ACC00012670,Debit,2024-05-30,2026-08-30,0.0,0.0,Active
CRD0003372,5780-XXXX-XXXX-1994,CUS0007759,PRD-DC02,ACC00013874,Debit,2023-03-04,2029-10-03,0.0,0.0,Active
CRD0003373,4246-XXXX-XXXX-3300,CUS0001316,PRD-DC01,ACC00010618,Debit,2026-04-23,2030-09-07,0.0,0.0,Active
CRD0003374,4900-XXXX-XXXX-6167,CUS0009590,PRD-DC01,ACC00015997,Debit,2021-05-01,2027-03-05,0.0,0.0,Active
CRD0003375,4541-XXXX-XXXX-4460,CUS0005378,PRD-DC02,ACC00002672,Debit,2020-03-11,2030-05-14,0.0,0.0,Expired
CRD0003376,5147-XXXX-XXXX-2699,CUS0006363,PRD-CC04,,Credit,2026-04-05,2029-02-09,711406.44,27742.45,Blocked
CRD0003377,4258-XXXX-XXXX-5961,CUS0003627,PRD-CC03,,Credit,2020-10-17,2030-04-27,145623.09,190726.89,Active
CRD0003378,4412-XXXX-XXXX-1453,CUS0003393,PRD-CC02,,Credit,2022-04-26,2029-10-09,936818.93,122170.81,Active
CRD0003379,5885-XXXX-XXXX-2186,CUS0007818,PRD-CC02,,Credit,2022-04-13,2030-03-09,166462.7,141573.53,Active
CRD0003380,4479-XXXX-XXXX-7532,CUS0002478,PRD-CC03,,Credit,2023-09-12,2028-07-28,488307.63,123651.19,Active
CRD0003381,5582-XXXX-XXXX-4186,CUS0005294,PRD-CC04,,Credit,2024-06-15,2027-01-27,523191.42,124364.46,Active
CRD0003382,4631-XXXX-XXXX-2730,CUS0000333,PRD-DC01,ACC00008012,Debit,2026-04-19,2030-11-18,0.0,0.0,Active
CRD0003383,4881-XXXX-XXXX-2610,CUS0003228,PRD-DC02,ACC00014833,Debit,2023-05-01,2027-07-09,0.0,0.0,Active
CRD0003384,4259-XXXX-XXXX-9821,CUS0004595,PRD-DC01,ACC00013976,Debit,2021-12-18,2026-07-15,0.0,0.0,Active
CRD0003385,4563-XXXX-XXXX-8140,CUS0001769,PRD-CC03,,Credit,2022-10-21,2029-09-23,177161.99,75411.36,Active
CRD0003386,5632-XXXX-XXXX-7585,CUS0002477,PRD-CC04,,Credit,2023-06-30,2029-06-26,996631.6,142492.98,Active
CRD0003387,4632-XXXX-XXXX-1997,CUS0000275,PRD-CC02,,Credit,2020-06-21,2028-08-06,887845.77,104939.43,Active
CRD0003388,5376-XXXX-XXXX-4949,CUS0006696,PRD-CC03,,Credit,2024-05-07,2027-07-24,1181609.82,91670.11,Active
CRD0003389,5387-XXXX-XXXX-8314,CUS0004081,PRD-CC04,,Credit,2022-04-03,2029-10-31,794185.82,194465.55,Active
CRD0003390,4774-XXXX-XXXX-4667,CUS0005658,PRD-DC01,,Debit,2020-01-08,2027-06-22,0.0,0.0,Active
CRD0003391,5985-XXXX-XXXX-6051,CUS0008953,PRD-DC01,ACC00006177,Debit,2022-05-31,2029-06-13,0.0,0.0,Active
CRD0003392,5418-XXXX-XXXX-6581,CUS0004484,PRD-CC01,,Credit,2025-09-30,2028-02-21,218884.75,151039.14,Active
CRD0003393,4494-XXXX-XXXX-9676,CUS0004326,PRD-CC02,,Credit,2020-08-12,2030-07-12,1021748.05,8728.36,Active
CRD0003394,4223-XXXX-XXXX-7433,CUS0005128,PRD-CC02,,Credit,2025-06-21,2028-01-17,695363.36,17641.63,Active
CRD0003395,4697-XXXX-XXXX-5326,CUS0003465,PRD-CC03,,Credit,2025-07-19,2027-05-04,1048816.55,165481.24,Blocked
CRD0003396,4251-XXXX-XXXX-7766,CUS0001889,PRD-DC01,ACC00011519,Debit,2020-07-29,2027-10-15,0.0,0.0,Active
CRD0003397,4659-XXXX-XXXX-6523,CUS0000148,PRD-DC01,ACC00010744,Debit,2020-02-14,2028-08-17,0.0,0.0,Active
CRD0003398,4173-XXXX-XXXX-9286,CUS0000894,PRD-CC04,,Credit,2020-04-06,2030-04-08,579708.72,145079.72,Active
CRD0003399,4145-XXXX-XXXX-2998,CUS0003083,PRD-DC01,ACC00000990,Debit,2026-01-13,2026-12-22,0.0,0.0,Active
CRD0003400,4872-XXXX-XXXX-5906,CUS0000244,PRD-CC03,,Credit,2024-05-16,2028-03-25,1114293.6,82198.41,Active
CRD0003401,5711-XXXX-XXXX-7768,CUS0008676,PRD-CC01,,Credit,2025-09-13,2030-09-15,592969.01,155510.6,Active
CRD0003402,5258-XXXX-XXXX-8069,CUS0002023,PRD-CC01,,Credit,2025-09-06,2026-10-05,433935.79,177369.57,Active
CRD0003403,5219-XXXX-XXXX-2422,CUS0001259,PRD-DC02,ACC00007260,Debit,2024-07-18,2030-07-16,0.0,0.0,Active
CRD0003404,4635-XXXX-XXXX-3370,CUS0005006,PRD-CC01,,Credit,2024-10-19,2030-04-23,151170.42,177702.45,Active
CRD0003405,5120-XXXX-XXXX-8776,CUS0002266,PRD-CC03,,Credit,2025-07-18,2029-07-07,1176663.97,59543.79,Active
CRD0003406,4329-XXXX-XXXX-3213,CUS0009352,PRD-CC01,,Credit,2022-08-03,2029-12-27,975406.73,117728.35,Active
CRD0003407,5329-XXXX-XXXX-5464,CUS0002667,PRD-DC01,ACC00013959,Debit,2023-02-17,2026-05-11,0.0,0.0,Active
CRD0003408,5567-XXXX-XXXX-4907,CUS0003772,PRD-CC03,,Credit,2025-06-29,2030-10-17,301157.74,130494.38,Active
CRD0003409,4134-XXXX-XXXX-9444,CUS0003785,PRD-DC01,ACC00001402,Debit,2022-10-24,2028-08-28,0.0,0.0,Blocked
CRD0003410,5933-XXXX-XXXX-6843,CUS0009215,PRD-DC02,ACC00009932,Debit,2026-04-19,2028-05-03,0.0,0.0,Active
CRD0003411,5831-XXXX-XXXX-3473,CUS0000782,PRD-CC02,,Credit,2021-01-29,2026-12-27,603924.79,27091.58,Active
CRD0003412,5741-XXXX-XXXX-4017,CUS0003506,PRD-CC04,,Credit,2021-02-12,2030-08-23,671775.99,43586.05,Active
CRD0003413,5933-XXXX-XXXX-1835,CUS0009744,PRD-DC01,ACC00014841,Debit,2024-02-11,2027-05-25,0.0,0.0,Active
CRD0003414,4225-XXXX-XXXX-9399,CUS0001377,PRD-CC01,,Credit,2020-04-29,2027-03-15,37350.67,185262.51,Active
CRD0003415,4714-XXXX-XXXX-6807,CUS0000852,PRD-CC04,,Credit,2025-11-02,2029-08-18,507831.46,71193.09,Active
CRD0003416,5742-XXXX-XXXX-5644,CUS0007219,PRD-DC02,ACC00015129,Debit,2025-08-09,2029-04-06,0.0,0.0,Active
CRD0003417,4366-XXXX-XXXX-5544,CUS0002796,PRD-CC02,,Credit,2020-06-10,2027-05-28,142712.71,86812.88,Active
CRD0003418,4419-XXXX-XXXX-7627,CUS0005330,PRD-DC01,ACC00013600,Debit,2023-03-10,2030-03-30,0.0,0.0,Active
CRD0003419,4545-XXXX-XXXX-5321,CUS0000767,PRD-CC04,,Credit,2022-01-24,2030-03-29,1105249.78,34254.43,Active
CRD0003420,4682-XXXX-XXXX-1335,CUS0000635,PRD-CC03,,Credit,2020-09-14,2030-09-19,539727.56,182668.64,Expired
CRD0003421,4705-XXXX-XXXX-5553,CUS0006968,PRD-DC02,ACC00006939,Debit,2025-03-06,2028-05-14,0.0,0.0,Active
CRD0003422,5528-XXXX-XXXX-3767,CUS0001151,PRD-CC01,,Credit,2020-06-06,2030-04-05,546807.35,81354.25,Active
CRD0003423,4929-XXXX-XXXX-7884,CUS0007131,PRD-CC04,,Credit,2021-01-12,2029-10-03,1247628.52,42040.01,Active
CRD0003424,4620-XXXX-XXXX-8546,CUS0006003,PRD-DC02,ACC00011172,Debit,2023-12-12,2028-08-26,0.0,0.0,Active
CRD0003425,5702-XXXX-XXXX-8962,CUS0001577,PRD-CC02,,Credit,2020-05-14,2027-09-11,1151043.46,109354.71,Active
CRD0003426,5121-XXXX-XXXX-1597,CUS0008196,PRD-CC02,,Credit,2022-04-27,2027-12-14,1046649.05,88657.57,Active
CRD0003427,4120-XXXX-XXXX-4035,CUS0008624,PRD-CC01,,Credit,2021-03-29,2030-04-27,1103751.91,144773.88,Active
CRD0003428,4851-XXXX-XXXX-5119,CUS0007709,PRD-CC02,,Credit,2025-12-16,2030-03-25,1054222.51,79921.35,Active
CRD0003429,5374-XXXX-XXXX-4999,CUS0005527,PRD-CC01,,Credit,2023-03-08,2027-11-20,1396029.05,110814.41,Active
CRD0003430,5481-XXXX-XXXX-1021,CUS0003754,PRD-CC03,,Credit,2021-10-15,2030-07-25,1332233.71,40724.72,Active
CRD0003431,4766-XXXX-XXXX-6967,CUS0001445,PRD-CC04,,Credit,2021-11-21,2030-12-30,564457.88,71763.21,Active
CRD0003432,5126-XXXX-XXXX-5887,CUS0009784,PRD-CC04,,Credit,2023-06-22,2028-11-22,1280296.94,90759.73,Active
CRD0003433,5352-XXXX-XXXX-7687,CUS0008857,PRD-CC01,,Credit,2024-11-23,2028-04-13,972747.35,43458.22,Active
CRD0003434,5559-XXXX-XXXX-1066,CUS0003573,PRD-DC01,ACC00007138,Debit,2020-07-24,2030-04-15,0.0,0.0,Active
CRD0003435,5647-XXXX-XXXX-7863,CUS0004133,PRD-CC03,,Credit,2021-12-22,2029-08-03,1211959.76,189112.93,Active
CRD0003436,4773-XXXX-XXXX-3002,CUS0009826,PRD-CC04,,Credit,2020-12-27,2030-12-01,630852.66,197824.02,Active
CRD0003437,4934-XXXX-XXXX-7335,CUS0003799,PRD-DC02,ACC00016774,Debit,2023-08-27,2028-06-30,0.0,0.0,Active
CRD0003438,5258-XXXX-XXXX-8556,CUS0004383,PRD-DC01,,Debit,2025-05-16,2029-03-21,0.0,0.0,Active
CRD0003439,4251-XXXX-XXXX-3795,CUS0003704,PRD-DC02,,Debit,2026-01-28,2028-03-29,0.0,0.0,Active
CRD0003440,4161-XXXX-XXXX-4402,CUS0000403,PRD-CC01,,Credit,2025-12-23,2030-03-12,794731.01,120554.92,Active
CRD0003441,4823-XXXX-XXXX-5125,CUS0008826,PRD-DC01,ACC00017142,Debit,2024-07-03,2027-10-06,0.0,0.0,Active
CRD0003442,4460-XXXX-XXXX-2718,CUS0008027,PRD-CC03,,Credit,2022-12-08,2030-08-16,957423.54,66065.28,Active
CRD0003443,4700-XXXX-XXXX-7618,CUS0006074,PRD-DC02,ACC00004082,Debit,2024-02-05,2027-02-28,0.0,0.0,Active
CRD0003444,5800-XXXX-XXXX-4987,CUS0008042,PRD-CC02,,Credit,2021-05-10,2026-12-16,414052.71,123913.6,Active
CRD0003445,4226-XXXX-XXXX-8488,CUS0001747,PRD-DC02,ACC00005439,Debit,2022-01-14,2027-01-14,0.0,0.0,Active
CRD0003446,4872-XXXX-XXXX-1842,CUS0008976,PRD-DC02,,Debit,2025-04-22,2026-08-01,0.0,0.0,Active
CRD0003447,4439-XXXX-XXXX-6063,CUS0007467,PRD-CC03,,Credit,2020-07-14,2027-10-06,1052607.96,149665.78,Active
CRD0003448,4419-XXXX-XXXX-5295,CUS0002358,PRD-CC01,,Credit,2020-04-10,2028-11-23,202794.85,168504.13,Active
CRD0003449,5166-XXXX-XXXX-1104,CUS0006797,PRD-CC03,,Credit,2023-10-04,2029-08-27,936426.29,117981.67,Active
CRD0003450,5803-XXXX-XXXX-2069,CUS0001647,PRD-DC02,,Debit,2023-07-19,2030-12-09,0.0,0.0,Active
CRD0003451,4611-XXXX-XXXX-8630,CUS0007407,PRD-CC04,,Credit,2021-12-28,2029-06-16,703863.15,35343.43,Active
CRD0003452,4867-XXXX-XXXX-7014,CUS0009450,PRD-CC01,,Credit,2021-06-29,2030-04-07,873863.34,38634.5,Active
CRD0003453,4843-XXXX-XXXX-1422,CUS0004988,PRD-CC03,,Credit,2022-03-29,2029-08-19,634892.24,71282.51,Active
CRD0003454,5200-XXXX-XXXX-5825,CUS0007859,PRD-DC01,ACC00005194,Debit,2025-01-09,2030-01-11,0.0,0.0,Active
CRD0003455,5342-XXXX-XXXX-2361,CUS0006887,PRD-CC02,,Credit,2023-05-19,2030-07-01,96878.41,167548.34,Active
CRD0003456,5187-XXXX-XXXX-3255,CUS0004515,PRD-CC04,,Credit,2024-01-21,2029-02-03,647439.54,42855.93,Active
CRD0003457,5147-XXXX-XXXX-4021,CUS0000261,PRD-CC02,,Credit,2021-07-07,2027-11-24,801198.08,3544.78,Active
CRD0003458,4217-XXXX-XXXX-2955,CUS0008150,PRD-CC01,,Credit,2020-08-12,2029-01-25,1414415.01,108348.74,Active
CRD0003459,4848-XXXX-XXXX-8976,CUS0002698,PRD-DC01,ACC00012479,Debit,2024-08-06,2030-12-02,0.0,0.0,Active
CRD0003460,4444-XXXX-XXXX-8359,CUS0002783,PRD-DC02,ACC00009388,Debit,2025-08-06,2028-12-12,0.0,0.0,Active
CRD0003461,5802-XXXX-XXXX-2434,CUS0008709,PRD-CC01,,Credit,2024-12-17,2030-09-14,297461.53,99717.4,Active
CRD0003462,5972-XXXX-XXXX-1844,CUS0009755,PRD-CC01,,Credit,2024-11-06,2026-12-04,520064.78,179184.77,Active
CRD0003463,5919-XXXX-XXXX-3430,CUS0007385,PRD-CC04,,Credit,2025-01-28,2027-04-05,1440897.35,9021.97,Active
CRD0003464,5333-XXXX-XXXX-7000,CUS0001179,PRD-DC02,ACC00014509,Debit,2021-04-29,2030-07-23,0.0,0.0,Active
CRD0003465,4724-XXXX-XXXX-4901,CUS0003950,PRD-CC04,,Credit,2026-03-18,2027-11-27,263863.14,181580.39,Active
CRD0003466,4405-XXXX-XXXX-5676,CUS0007063,PRD-CC04,,Credit,2026-02-24,2029-05-16,737798.56,77623.59,Active
CRD0003467,5339-XXXX-XXXX-9917,CUS0003520,PRD-DC02,ACC00017392,Debit,2022-01-29,2028-10-07,0.0,0.0,Active
CRD0003468,4185-XXXX-XXXX-7175,CUS0007529,PRD-DC02,ACC00015947,Debit,2025-06-13,2029-03-28,0.0,0.0,Active
CRD0003469,4303-XXXX-XXXX-3235,CUS0001296,PRD-CC02,,Credit,2024-10-30,2030-11-19,730510.05,16763.5,Active
CRD0003470,5281-XXXX-XXXX-9391,CUS0003580,PRD-DC02,ACC00007629,Debit,2025-06-18,2027-04-08,0.0,0.0,Active
CRD0003471,5627-XXXX-XXXX-1326,CUS0001887,PRD-DC02,ACC00017852,Debit,2022-06-09,2029-03-06,0.0,0.0,Expired
CRD0003472,5582-XXXX-XXXX-7419,CUS0001110,PRD-CC02,,Credit,2020-06-20,2029-06-13,1327446.7,158820.12,Active
CRD0003473,5779-XXXX-XXXX-8003,CUS0007892,PRD-CC02,,Credit,2021-03-04,2030-11-08,1439980.29,122601.49,Active
CRD0003474,5982-XXXX-XXXX-5973,CUS0001738,PRD-DC01,ACC00010460,Debit,2021-02-19,2029-02-04,0.0,0.0,Active
CRD0003475,4441-XXXX-XXXX-3731,CUS0005982,PRD-CC03,,Credit,2022-08-30,2029-06-28,1163124.18,41291.87,Active
CRD0003476,4762-XXXX-XXXX-9572,CUS0007653,PRD-DC02,ACC00010499,Debit,2026-01-13,2028-07-04,0.0,0.0,Active
CRD0003477,5123-XXXX-XXXX-2817,CUS0000573,PRD-DC01,ACC00013761,Debit,2022-03-03,2028-09-26,0.0,0.0,Active
CRD0003478,4703-XXXX-XXXX-1439,CUS0009482,PRD-DC02,,Debit,2020-05-01,2027-02-26,0.0,0.0,Active
CRD0003479,4909-XXXX-XXXX-5500,CUS0008696,PRD-DC02,ACC00007680,Debit,2021-08-10,2030-05-18,0.0,0.0,Active
CRD0003480,5325-XXXX-XXXX-6253,CUS0009167,PRD-CC02,,Credit,2021-01-14,2030-07-19,1472651.96,185178.15,Active
CRD0003481,4493-XXXX-XXXX-4025,CUS0002463,PRD-CC02,,Credit,2020-01-25,2030-07-15,647495.99,165260.42,Active
CRD0003482,5351-XXXX-XXXX-1859,CUS0008346,PRD-DC01,ACC00011283,Debit,2026-04-15,2030-11-04,0.0,0.0,Active
CRD0003483,4365-XXXX-XXXX-3181,CUS0005542,PRD-CC02,,Credit,2024-07-16,2029-05-25,1252616.85,128159.75,Active
CRD0003484,5710-XXXX-XXXX-6149,CUS0006480,PRD-DC02,ACC00014004,Debit,2021-02-02,2027-01-15,0.0,0.0,Active
CRD0003485,5991-XXXX-XXXX-1669,CUS0003430,PRD-CC03,,Credit,2025-06-26,2026-10-11,929394.95,197691.48,Active
CRD0003486,4947-XXXX-XXXX-3130,CUS0008496,PRD-CC01,,Credit,2025-01-15,2030-06-01,449730.17,155047.14,Active
CRD0003487,4419-XXXX-XXXX-6780,CUS0001911,PRD-CC04,,Credit,2025-02-02,2029-03-06,74732.85,198618.91,Active
CRD0003488,4742-XXXX-XXXX-5174,CUS0006030,PRD-CC03,,Credit,2022-05-11,2028-07-04,1496869.96,171988.65,Active
CRD0003489,5729-XXXX-XXXX-8487,CUS0005206,PRD-CC01,,Credit,2024-09-22,2028-05-30,840252.48,4120.54,Active
CRD0003490,5678-XXXX-XXXX-2987,CUS0008879,PRD-CC01,,Credit,2023-04-14,2027-03-11,1213070.64,151024.53,Active
CRD0003491,5396-XXXX-XXXX-7618,CUS0001356,PRD-DC02,ACC00002961,Debit,2023-03-21,2030-03-09,0.0,0.0,Active
CRD0003492,4707-XXXX-XXXX-9699,CUS0005117,PRD-DC01,ACC00008135,Debit,2024-09-13,2029-12-05,0.0,0.0,Active
CRD0003493,4811-XXXX-XXXX-9112,CUS0000115,PRD-CC01,,Credit,2023-12-29,2027-04-21,1446038.84,54528.31,Active
CRD0003494,4871-XXXX-XXXX-6219,CUS0001731,PRD-CC01,,Credit,2025-09-03,2030-02-12,586505.63,115356.11,Active
CRD0003495,5944-XXXX-XXXX-1496,CUS0001776,PRD-CC04,,Credit,2020-03-23,2028-09-23,405742.07,43025.87,Active
CRD0003496,4645-XXXX-XXXX-8055,CUS0009877,PRD-DC02,,Debit,2021-03-25,2029-10-16,0.0,0.0,Active
CRD0003497,4355-XXXX-XXXX-6094,CUS0005750,PRD-CC04,,Credit,2021-09-26,2029-11-16,780429.87,112431.09,Active
CRD0003498,4137-XXXX-XXXX-5370,CUS0007403,PRD-CC01,,Credit,2024-01-14,2030-12-01,1422707.97,159734.14,Active
CRD0003499,5849-XXXX-XXXX-6844,CUS0004090,PRD-DC01,ACC00006851,Debit,2021-08-08,2030-06-12,0.0,0.0,Active
CRD0003500,5452-XXXX-XXXX-2747,CUS0006592,PRD-CC04,,Credit,2020-12-17,2030-01-18,164664.99,153141.67,Active
CRD0003501,4765-XXXX-XXXX-8382,CUS0006565,PRD-DC02,,Debit,2020-11-19,2027-08-27,0.0,0.0,Active
CRD0003502,4510-XXXX-XXXX-3338,CUS0007171,PRD-CC04,,Credit,2025-10-09,2029-10-03,1493199.48,145109.43,Blocked
CRD0003503,4160-XXXX-XXXX-8298,CUS0003966,PRD-CC02,,Credit,2020-02-24,2026-07-29,201542.63,161480.34,Active
CRD0003504,5823-XXXX-XXXX-6430,CUS0005712,PRD-DC02,ACC00014425,Debit,2023-11-18,2029-03-19,0.0,0.0,Active
CRD0003505,4629-XXXX-XXXX-5601,CUS0004415,PRD-CC04,,Credit,2021-01-11,2026-05-30,829528.86,176252.54,Active
CRD0003506,5596-XXXX-XXXX-1905,CUS0006278,PRD-CC02,,Credit,2020-01-17,2030-09-30,392595.77,190851.04,Active
CRD0003507,4315-XXXX-XXXX-7914,CUS0003416,PRD-DC02,ACC00017490,Debit,2021-08-26,2027-01-03,0.0,0.0,Expired
CRD0003508,5878-XXXX-XXXX-2869,CUS0008771,PRD-DC01,,Debit,2021-02-19,2029-10-02,0.0,0.0,Active
CRD0003509,4811-XXXX-XXXX-9600,CUS0000745,PRD-CC02,,Credit,2021-02-04,2027-10-28,851639.68,43320.22,Blocked
CRD0003510,5789-XXXX-XXXX-6255,CUS0005038,PRD-DC02,ACC00010268,Debit,2023-11-08,2030-09-25,0.0,0.0,Active
CRD0003511,4302-XXXX-XXXX-7330,CUS0006371,PRD-CC03,,Credit,2025-06-23,2026-06-19,417995.49,54804.47,Active
CRD0003512,4955-XXXX-XXXX-6762,CUS0005328,PRD-CC02,,Credit,2023-11-11,2026-05-16,641858.12,112522.55,Active
CRD0003513,4618-XXXX-XXXX-8613,CUS0008602,PRD-CC01,,Credit,2020-09-05,2030-08-19,1207160.88,34040.5,Expired
CRD0003514,4257-XXXX-XXXX-8766,CUS0004415,PRD-DC01,ACC00001348,Debit,2020-11-04,2029-07-01,0.0,0.0,Active
CRD0003515,4130-XXXX-XXXX-5727,CUS0004739,PRD-CC04,,Credit,2023-12-05,2027-12-26,982383.66,177472.86,Active
CRD0003516,4275-XXXX-XXXX-7684,CUS0001009,PRD-DC02,ACC00013622,Debit,2022-09-23,2029-01-12,0.0,0.0,Blocked
CRD0003517,5708-XXXX-XXXX-4721,CUS0000454,PRD-CC01,,Credit,2021-09-07,2028-04-16,379895.97,147015.82,Active
CRD0003518,4435-XXXX-XXXX-6046,CUS0003815,PRD-CC03,,Credit,2026-02-21,2030-11-13,1315096.04,161866.93,Active
CRD0003519,4774-XXXX-XXXX-3944,CUS0003201,PRD-CC03,,Credit,2021-09-30,2026-12-10,1170574.94,47168.14,Active
CRD0003520,5910-XXXX-XXXX-1713,CUS0001099,PRD-CC02,,Credit,2024-02-13,2029-10-10,443135.59,40662.72,Active
CRD0003521,5115-XXXX-XXXX-8307,CUS0009318,PRD-CC04,,Credit,2025-02-02,2027-02-16,775699.58,199819.27,Active
CRD0003522,5999-XXXX-XXXX-7454,CUS0008388,PRD-CC02,,Credit,2025-05-03,2026-07-30,1057583.25,54437.76,Active
CRD0003523,5812-XXXX-XXXX-5423,CUS0006457,PRD-CC03,,Credit,2020-10-01,2027-04-18,43437.31,127726.99,Active
CRD0003524,4339-XXXX-XXXX-3137,CUS0000448,PRD-CC04,,Credit,2024-05-21,2028-05-27,1303491.36,39475.71,Blocked
CRD0003525,5529-XXXX-XXXX-1745,CUS0007420,PRD-DC01,ACC00008712,Debit,2021-05-07,2029-05-22,0.0,0.0,Active
CRD0003526,5734-XXXX-XXXX-2279,CUS0009910,PRD-DC01,ACC00011176,Debit,2021-12-15,2028-04-30,0.0,0.0,Blocked
CRD0003527,5896-XXXX-XXXX-5392,CUS0004864,PRD-DC02,ACC00006310,Debit,2022-09-02,2027-11-22,0.0,0.0,Expired
CRD0003528,5836-XXXX-XXXX-7672,CUS0009383,PRD-CC04,,Credit,2022-08-28,2030-11-01,1472520.83,108208.85,Blocked
CRD0003529,4954-XXXX-XXXX-3822,CUS0009411,PRD-DC01,,Debit,2024-01-02,2026-10-27,0.0,0.0,Active
CRD0003530,4613-XXXX-XXXX-6507,CUS0008760,PRD-DC01,,Debit,2022-08-16,2028-08-24,0.0,0.0,Active
CRD0003531,4526-XXXX-XXXX-7535,CUS0006042,PRD-CC01,,Credit,2023-11-10,2029-12-17,1080278.45,10446.13,Active
CRD0003532,4602-XXXX-XXXX-9882,CUS0008375,PRD-DC01,ACC00007940,Debit,2023-07-24,2029-11-21,0.0,0.0,Active
CRD0003533,5674-XXXX-XXXX-6171,CUS0001122,PRD-DC02,ACC00013722,Debit,2021-12-02,2029-01-20,0.0,0.0,Active
CRD0003534,5518-XXXX-XXXX-5907,CUS0004641,PRD-CC03,,Credit,2025-09-16,2027-09-22,1193834.27,52827.08,Active
CRD0003535,5925-XXXX-XXXX-7792,CUS0000096,PRD-DC02,,Debit,2024-11-16,2027-03-20,0.0,0.0,Active
CRD0003536,5289-XXXX-XXXX-3804,CUS0006586,PRD-DC02,ACC00004784,Debit,2024-01-20,2028-06-12,0.0,0.0,Active
CRD0003537,4135-XXXX-XXXX-1230,CUS0006542,PRD-DC02,ACC00006620,Debit,2021-12-18,2026-12-15,0.0,0.0,Active
CRD0003538,4645-XXXX-XXXX-4275,CUS0001898,PRD-CC03,,Credit,2025-01-08,2026-05-05,110619.47,85118.85,Active
CRD0003539,4887-XXXX-XXXX-9965,CUS0004958,PRD-CC02,,Credit,2022-10-20,2026-07-01,969989.18,116241.87,Active
CRD0003540,5214-XXXX-XXXX-6605,CUS0009989,PRD-CC03,,Credit,2021-07-15,2027-06-24,906161.97,174623.0,Active
CRD0003541,5640-XXXX-XXXX-2366,CUS0006264,PRD-CC04,,Credit,2025-07-23,2030-03-30,20959.15,78182.68,Blocked
CRD0003542,4398-XXXX-XXXX-1711,CUS0008464,PRD-CC02,,Credit,2020-06-15,2027-01-27,519549.4,47205.21,Active
CRD0003543,4372-XXXX-XXXX-4736,CUS0004376,PRD-CC03,,Credit,2020-08-29,2029-01-22,1355074.25,193900.0,Expired
CRD0003544,4687-XXXX-XXXX-8452,CUS0009739,PRD-DC02,ACC00010368,Debit,2025-01-30,2030-05-29,0.0,0.0,Active
CRD0003545,4481-XXXX-XXXX-6052,CUS0008814,PRD-DC01,,Debit,2023-07-31,2028-12-05,0.0,0.0,Active
CRD0003546,4807-XXXX-XXXX-7630,CUS0005455,PRD-CC02,,Credit,2024-07-28,2026-12-20,30904.91,80082.91,Active
CRD0003547,5250-XXXX-XXXX-5143,CUS0002459,PRD-DC01,ACC00010680,Debit,2020-08-19,2030-02-08,0.0,0.0,Active
CRD0003548,4407-XXXX-XXXX-6018,CUS0006887,PRD-CC04,,Credit,2021-12-22,2029-10-13,717396.3,67308.83,Active
CRD0003549,5502-XXXX-XXXX-6313,CUS0005055,PRD-DC01,ACC00015399,Debit,2024-06-14,2030-08-19,0.0,0.0,Active
CRD0003550,5793-XXXX-XXXX-9336,CUS0003837,PRD-CC02,,Credit,2020-10-21,2028-09-01,833088.87,36735.13,Active
CRD0003551,5845-XXXX-XXXX-4902,CUS0006692,PRD-DC01,ACC00009892,Debit,2020-06-18,2027-03-07,0.0,0.0,Active
CRD0003552,5114-XXXX-XXXX-8923,CUS0004801,PRD-CC04,,Credit,2021-03-20,2028-04-14,594627.07,180998.34,Active
CRD0003553,5874-XXXX-XXXX-8842,CUS0002716,PRD-CC01,,Credit,2023-12-16,2029-03-13,1327418.38,74402.38,Active
CRD0003554,5907-XXXX-XXXX-3747,CUS0002498,PRD-DC02,ACC00006564,Debit,2022-09-23,2028-03-28,0.0,0.0,Active
CRD0003555,5229-XXXX-XXXX-5594,CUS0008774,PRD-CC01,,Credit,2021-08-23,2029-06-14,1067004.82,7059.46,Active
CRD0003556,5502-XXXX-XXXX-2486,CUS0009225,PRD-CC03,,Credit,2025-05-30,2028-07-16,1356570.08,28450.3,Active
CRD0003557,5191-XXXX-XXXX-7075,CUS0003454,PRD-CC03,,Credit,2024-12-15,2027-12-07,1092209.62,94011.87,Active
CRD0003558,4497-XXXX-XXXX-9657,CUS0009896,PRD-DC01,ACC00002150,Debit,2020-09-25,2027-10-15,0.0,0.0,Active
CRD0003559,4210-XXXX-XXXX-8597,CUS0001782,PRD-DC01,,Debit,2023-09-29,2030-11-17,0.0,0.0,Active
CRD0003560,4733-XXXX-XXXX-7361,CUS0003019,PRD-DC02,ACC00015060,Debit,2025-05-28,2030-05-01,0.0,0.0,Active
CRD0003561,5918-XXXX-XXXX-6820,CUS0008457,PRD-CC01,,Credit,2024-02-13,2029-04-09,164710.74,163716.09,Active
CRD0003562,5485-XXXX-XXXX-1075,CUS0001792,PRD-CC01,,Credit,2022-12-23,2028-10-14,967876.89,104314.37,Active
CRD0003563,4953-XXXX-XXXX-7752,CUS0000267,PRD-CC01,,Credit,2023-03-28,2027-09-11,335155.62,26847.88,Blocked
CRD0003564,4868-XXXX-XXXX-2250,CUS0008868,PRD-DC02,ACC00015739,Debit,2024-09-22,2028-01-01,0.0,0.0,Active
CRD0003565,4776-XXXX-XXXX-7288,CUS0007298,PRD-CC03,,Credit,2022-03-15,2027-02-06,1306036.0,71993.15,Active
CRD0003566,5440-XXXX-XXXX-3894,CUS0001627,PRD-CC04,,Credit,2021-07-06,2027-01-16,745866.61,71574.88,Active
CRD0003567,5894-XXXX-XXXX-1859,CUS0002174,PRD-DC02,ACC00013778,Debit,2026-03-28,2030-05-16,0.0,0.0,Active
CRD0003568,4515-XXXX-XXXX-8157,CUS0003159,PRD-DC01,ACC00002034,Debit,2021-04-28,2027-02-01,0.0,0.0,Active
CRD0003569,5682-XXXX-XXXX-3787,CUS0003418,PRD-CC02,,Credit,2025-05-13,2026-12-15,645199.63,177471.98,Active
CRD0003570,4277-XXXX-XXXX-8312,CUS0002688,PRD-CC04,,Credit,2025-10-31,2029-05-16,257532.61,187697.3,Active
CRD0003571,4955-XXXX-XXXX-5085,CUS0002871,PRD-CC02,,Credit,2021-02-06,2030-08-29,1329582.61,45386.38,Active
CRD0003572,4995-XXXX-XXXX-2625,CUS0002035,PRD-CC04,,Credit,2026-02-15,2030-12-31,779568.68,73450.44,Active
CRD0003573,4792-XXXX-XXXX-2950,CUS0006634,PRD-CC03,,Credit,2024-12-20,2029-07-07,1138020.06,22385.71,Active
CRD0003574,4656-XXXX-XXXX-7562,CUS0001176,PRD-DC01,ACC00001690,Debit,2025-05-04,2028-08-31,0.0,0.0,Active
CRD0003575,4954-XXXX-XXXX-8936,CUS0002212,PRD-DC01,ACC00004587,Debit,2023-11-03,2028-09-22,0.0,0.0,Active
CRD0003576,4609-XXXX-XXXX-6357,CUS0006250,PRD-CC01,,Credit,2026-01-29,2028-09-01,626618.47,121790.02,Active
CRD0003577,4693-XXXX-XXXX-5416,CUS0007295,PRD-CC01,,Credit,2022-10-29,2027-10-09,750114.62,84216.3,Active
CRD0003578,5772-XXXX-XXXX-4736,CUS0002401,PRD-CC02,,Credit,2024-12-16,2029-10-05,579931.07,21073.98,Active
CRD0003579,4895-XXXX-XXXX-9953,CUS0000443,PRD-DC02,ACC00016613,Debit,2025-03-17,2028-06-19,0.0,0.0,Active
CRD0003580,4999-XXXX-XXXX-5337,CUS0001872,PRD-DC01,,Debit,2021-03-08,2027-04-01,0.0,0.0,Active
CRD0003581,5829-XXXX-XXXX-1674,CUS0000136,PRD-CC03,,Credit,2022-09-06,2026-08-17,1137786.09,69807.71,Active
CRD0003582,4676-XXXX-XXXX-1759,CUS0007070,PRD-CC02,,Credit,2024-10-23,2027-10-05,874215.2,15136.49,Active
CRD0003583,5387-XXXX-XXXX-5571,CUS0007138,PRD-DC02,,Debit,2020-03-25,2029-02-26,0.0,0.0,Active
CRD0003584,5912-XXXX-XXXX-8017,CUS0001626,PRD-CC01,,Credit,2024-11-12,2029-12-13,440829.33,149929.68,Active
CRD0003585,5767-XXXX-XXXX-6418,CUS0001492,PRD-DC01,ACC00004156,Debit,2020-12-03,2029-11-29,0.0,0.0,Active
CRD0003586,4563-XXXX-XXXX-1783,CUS0000867,PRD-DC02,ACC00011546,Debit,2022-09-21,2028-10-28,0.0,0.0,Active
CRD0003587,5875-XXXX-XXXX-8303,CUS0002368,PRD-CC01,,Credit,2025-04-24,2027-11-07,1458864.41,51060.03,Active
CRD0003588,4137-XXXX-XXXX-1102,CUS0008583,PRD-CC01,,Credit,2020-04-05,2027-07-01,983658.69,137039.99,Active
CRD0003589,4318-XXXX-XXXX-7207,CUS0008260,PRD-CC01,,Credit,2024-10-22,2029-06-15,254829.4,147465.74,Active
CRD0003590,5777-XXXX-XXXX-3963,CUS0000751,PRD-DC02,,Debit,2021-07-08,2028-05-11,0.0,0.0,Blocked
CRD0003591,4312-XXXX-XXXX-6103,CUS0008997,PRD-DC01,,Debit,2024-02-24,2028-01-09,0.0,0.0,Active
CRD0003592,5832-XXXX-XXXX-3956,CUS0008167,PRD-CC03,,Credit,2023-08-25,2027-07-02,1485349.82,180967.73,Blocked
CRD0003593,5727-XXXX-XXXX-5913,CUS0003724,PRD-CC01,,Credit,2024-09-04,2029-11-02,123225.95,125701.77,Active
CRD0003594,5695-XXXX-XXXX-9835,CUS0004964,PRD-CC02,,Credit,2020-04-28,2029-03-19,1342537.19,192808.77,Active
CRD0003595,5501-XXXX-XXXX-2564,CUS0005949,PRD-CC03,,Credit,2022-07-09,2027-07-22,612949.83,71077.89,Active
CRD0003596,5341-XXXX-XXXX-5638,CUS0009857,PRD-CC03,,Credit,2020-08-07,2027-09-25,375596.85,95943.12,Active
CRD0003597,5377-XXXX-XXXX-9236,CUS0007290,PRD-CC03,,Credit,2022-03-11,2028-02-29,877146.35,147610.49,Active
CRD0003598,5279-XXXX-XXXX-3184,CUS0000827,PRD-DC02,,Debit,2024-01-28,2029-09-30,0.0,0.0,Active
CRD0003599,5610-XXXX-XXXX-6045,CUS0008120,PRD-CC01,,Credit,2025-12-21,2028-03-28,37270.47,40348.67,Active
CRD0003600,5578-XXXX-XXXX-7248,CUS0002047,PRD-DC02,ACC00005599,Debit,2025-10-01,2029-12-13,0.0,0.0,Active
CRD0003601,5619-XXXX-XXXX-3774,CUS0009920,PRD-DC01,ACC00012381,Debit,2020-03-30,2028-06-22,0.0,0.0,Active
CRD0003602,4399-XXXX-XXXX-1658,CUS0009542,PRD-DC01,ACC00015886,Debit,2024-11-12,2027-04-06,0.0,0.0,Active
CRD0003603,5793-XXXX-XXXX-5684,CUS0009766,PRD-CC04,,Credit,2020-08-12,2027-02-24,1233908.25,27551.53,Active
CRD0003604,4390-XXXX-XXXX-6147,CUS0008042,PRD-CC02,,Credit,2024-07-21,2026-09-20,187702.8,63650.19,Active
CRD0003605,4673-XXXX-XXXX-6678,CUS0006391,PRD-CC01,,Credit,2023-11-22,2027-04-13,51676.5,108871.15,Active
CRD0003606,4792-XXXX-XXXX-6765,CUS0004327,PRD-DC02,,Debit,2022-10-03,2027-01-08,0.0,0.0,Active
CRD0003607,5903-XXXX-XXXX-1977,CUS0006016,PRD-CC03,,Credit,2023-02-25,2028-09-22,841991.73,61727.34,Active
CRD0003608,5524-XXXX-XXXX-6143,CUS0005173,PRD-CC02,,Credit,2021-01-14,2027-06-27,633126.29,5322.52,Active
CRD0003609,5151-XXXX-XXXX-9376,CUS0004588,PRD-DC01,,Debit,2020-05-21,2027-05-28,0.0,0.0,Active
CRD0003610,4722-XXXX-XXXX-1448,CUS0009182,PRD-DC01,ACC00009189,Debit,2026-01-11,2030-06-16,0.0,0.0,Active
CRD0003611,5143-XXXX-XXXX-5656,CUS0002767,PRD-CC01,,Credit,2023-12-25,2027-08-14,1487319.36,51332.35,Active
CRD0003612,5561-XXXX-XXXX-8032,CUS0002470,PRD-CC03,,Credit,2020-05-15,2027-04-29,93010.09,85612.16,Active
CRD0003613,5800-XXXX-XXXX-4524,CUS0006932,PRD-CC04,,Credit,2026-03-26,2029-11-04,409327.47,78419.16,Active
CRD0003614,5762-XXXX-XXXX-4281,CUS0007469,PRD-CC01,,Credit,2020-07-17,2030-10-23,243459.27,10253.72,Active
CRD0003615,5158-XXXX-XXXX-6964,CUS0001984,PRD-CC02,,Credit,2023-02-22,2029-10-25,834980.69,98504.36,Active
CRD0003616,5648-XXXX-XXXX-8178,CUS0006549,PRD-DC02,,Debit,2023-11-28,2028-06-18,0.0,0.0,Active
CRD0003617,4672-XXXX-XXXX-7420,CUS0000560,PRD-DC01,,Debit,2022-12-24,2027-07-03,0.0,0.0,Active
CRD0003618,5319-XXXX-XXXX-1689,CUS0003376,PRD-CC04,,Credit,2021-03-31,2028-11-22,767538.77,84647.44,Active
CRD0003619,5765-XXXX-XXXX-3790,CUS0003043,PRD-CC02,,Credit,2024-11-28,2029-03-01,725192.17,42987.37,Active
CRD0003620,4337-XXXX-XXXX-1624,CUS0005616,PRD-CC04,,Credit,2025-09-30,2026-09-26,264263.5,8907.63,Active
CRD0003621,4362-XXXX-XXXX-7615,CUS0004576,PRD-DC01,,Debit,2022-05-06,2030-05-06,0.0,0.0,Active
CRD0003622,5833-XXXX-XXXX-6424,CUS0004128,PRD-CC01,,Credit,2025-07-03,2026-10-26,692088.2,132676.61,Active
CRD0003623,5841-XXXX-XXXX-5130,CUS0000465,PRD-CC04,,Credit,2020-12-08,2030-04-13,364666.73,198830.57,Active
CRD0003624,5159-XXXX-XXXX-3024,CUS0007791,PRD-DC02,ACC00008159,Debit,2022-03-30,2029-03-18,0.0,0.0,Active
CRD0003625,5185-XXXX-XXXX-2112,CUS0003914,PRD-CC02,,Credit,2025-01-18,2026-10-21,1210043.36,71159.06,Active
CRD0003626,4110-XXXX-XXXX-7187,CUS0001910,PRD-CC04,,Credit,2020-01-30,2027-10-26,470912.28,185014.73,Active
CRD0003627,5469-XXXX-XXXX-5647,CUS0004191,PRD-DC02,ACC00013838,Debit,2022-09-02,2028-04-24,0.0,0.0,Active
CRD0003628,4166-XXXX-XXXX-5842,CUS0006513,PRD-CC03,,Credit,2020-08-18,2030-08-05,969752.89,53416.12,Active
CRD0003629,4104-XXXX-XXXX-2762,CUS0003024,PRD-DC01,ACC00007333,Debit,2021-08-12,2026-08-08,0.0,0.0,Active
CRD0003630,4643-XXXX-XXXX-7499,CUS0002451,PRD-DC01,ACC00000678,Debit,2020-12-20,2029-06-03,0.0,0.0,Active
CRD0003631,4206-XXXX-XXXX-1808,CUS0000028,PRD-CC01,,Credit,2025-02-05,2026-05-30,1099154.29,153448.32,Active
CRD0003632,5755-XXXX-XXXX-4558,CUS0008279,PRD-CC04,,Credit,2020-09-10,2030-09-12,386525.06,171380.28,Active
CRD0003633,4240-XXXX-XXXX-7837,CUS0001446,PRD-DC02,ACC00004389,Debit,2025-10-12,2028-03-19,0.0,0.0,Active
CRD0003634,4413-XXXX-XXXX-9289,CUS0005014,PRD-DC02,ACC00015564,Debit,2024-10-31,2028-06-06,0.0,0.0,Active
CRD0003635,4800-XXXX-XXXX-5797,CUS0005770,PRD-CC03,,Credit,2024-05-25,2030-04-11,1096016.24,135810.89,Active
CRD0003636,5965-XXXX-XXXX-2157,CUS0000816,PRD-CC04,,Credit,2020-07-01,2029-12-19,751644.41,165770.31,Active
CRD0003637,4765-XXXX-XXXX-2889,CUS0004748,PRD-CC02,,Credit,2021-08-16,2028-03-30,1416501.36,25453.54,Active
CRD0003638,4311-XXXX-XXXX-1865,CUS0004016,PRD-CC04,,Credit,2024-10-06,2030-01-24,123793.32,123805.78,Active
CRD0003639,4452-XXXX-XXXX-9410,CUS0000359,PRD-DC01,ACC00011430,Debit,2024-08-27,2030-07-27,0.0,0.0,Active
CRD0003640,4335-XXXX-XXXX-3835,CUS0004005,PRD-CC02,,Credit,2025-01-31,2027-09-18,885631.04,192053.47,Active
CRD0003641,5998-XXXX-XXXX-9032,CUS0004925,PRD-CC01,,Credit,2021-11-03,2030-09-27,319023.47,86698.7,Active
CRD0003642,5221-XXXX-XXXX-5836,CUS0004394,PRD-CC01,,Credit,2022-03-06,2030-12-05,1499590.01,2043.05,Active
CRD0003643,4183-XXXX-XXXX-6319,CUS0006755,PRD-CC03,,Credit,2026-01-02,2029-03-07,1441034.62,179363.15,Active
CRD0003644,5395-XXXX-XXXX-7756,CUS0009866,PRD-CC02,,Credit,2024-09-24,2026-05-30,907665.31,123768.36,Active
CRD0003645,5358-XXXX-XXXX-8034,CUS0002204,PRD-CC02,,Credit,2024-12-28,2026-07-18,476611.84,154204.31,Active
CRD0003646,4332-XXXX-XXXX-7109,CUS0009845,PRD-DC02,ACC00005148,Debit,2023-12-31,2028-04-10,0.0,0.0,Active
CRD0003647,5446-XXXX-XXXX-7718,CUS0005580,PRD-CC02,,Credit,2025-05-02,2028-08-18,81039.85,14602.46,Active
CRD0003648,4568-XXXX-XXXX-2694,CUS0002673,PRD-CC03,,Credit,2025-09-25,2029-10-09,1303397.66,184751.09,Active
CRD0003649,4413-XXXX-XXXX-2455,CUS0001041,PRD-DC02,ACC00017464,Debit,2024-03-22,2027-11-22,0.0,0.0,Active
CRD0003650,5851-XXXX-XXXX-8401,CUS0006070,PRD-DC01,,Debit,2021-09-20,2028-09-12,0.0,0.0,Active
CRD0003651,5994-XXXX-XXXX-3262,CUS0009022,PRD-DC01,ACC00003624,Debit,2026-02-09,2028-07-09,0.0,0.0,Active
CRD0003652,5876-XXXX-XXXX-2593,CUS0001767,PRD-DC02,ACC00005594,Debit,2023-12-27,2030-01-26,0.0,0.0,Active
CRD0003653,4476-XXXX-XXXX-2707,CUS0006152,PRD-DC02,,Debit,2020-03-25,2026-08-09,0.0,0.0,Active
CRD0003654,4669-XXXX-XXXX-2315,CUS0005714,PRD-CC04,,Credit,2021-06-05,2029-02-16,698843.76,22218.26,Active
CRD0003655,4493-XXXX-XXXX-1369,CUS0007917,PRD-DC02,ACC00009248,Debit,2021-03-08,2027-04-09,0.0,0.0,Active
CRD0003656,5985-XXXX-XXXX-4161,CUS0000309,PRD-CC03,,Credit,2026-04-09,2029-09-30,510343.37,120112.84,Active
CRD0003657,4597-XXXX-XXXX-8460,CUS0005601,PRD-CC02,,Credit,2022-08-15,2028-05-26,979924.07,41549.81,Active
CRD0003658,5837-XXXX-XXXX-6998,CUS0002632,PRD-CC02,,Credit,2021-09-20,2027-12-11,955585.36,87759.11,Active
CRD0003659,4836-XXXX-XXXX-9425,CUS0008742,PRD-CC03,,Credit,2022-12-19,2026-11-12,975805.38,199484.94,Expired
CRD0003660,4897-XXXX-XXXX-6734,CUS0001964,PRD-DC02,ACC00011202,Debit,2024-02-22,2027-11-12,0.0,0.0,Active
CRD0003661,4761-XXXX-XXXX-2467,CUS0001974,PRD-CC02,,Credit,2020-04-05,2029-11-21,448023.29,28519.33,Active
CRD0003662,5297-XXXX-XXXX-7423,CUS0004163,PRD-CC03,,Credit,2020-01-04,2027-08-19,517462.39,164986.67,Active
CRD0003663,5797-XXXX-XXXX-5907,CUS0009276,PRD-CC03,,Credit,2020-06-30,2029-08-28,265957.76,117452.38,Active
CRD0003664,5400-XXXX-XXXX-1792,CUS0004568,PRD-CC01,,Credit,2020-08-29,2029-01-20,285116.09,195229.13,Active
CRD0003665,5286-XXXX-XXXX-9696,CUS0002750,PRD-DC01,ACC00005661,Debit,2025-07-28,2030-02-10,0.0,0.0,Active
CRD0003666,4347-XXXX-XXXX-4616,CUS0008201,PRD-CC03,,Credit,2022-05-18,2028-06-12,928019.75,73099.03,Active
CRD0003667,4415-XXXX-XXXX-3216,CUS0003560,PRD-CC04,,Credit,2021-01-01,2029-07-23,132448.12,19759.3,Active
CRD0003668,4675-XXXX-XXXX-6211,CUS0009360,PRD-CC02,,Credit,2022-04-17,2029-01-07,500683.44,114533.97,Active
CRD0003669,4247-XXXX-XXXX-4771,CUS0000964,PRD-CC03,,Credit,2023-08-21,2027-11-19,1031387.6,122455.75,Active
CRD0003670,5936-XXXX-XXXX-2516,CUS0009209,PRD-DC01,ACC00004125,Debit,2024-10-11,2030-12-31,0.0,0.0,Active
CRD0003671,5222-XXXX-XXXX-6066,CUS0005864,PRD-DC01,ACC00001788,Debit,2022-07-24,2027-12-31,0.0,0.0,Active
CRD0003672,5546-XXXX-XXXX-6078,CUS0006916,PRD-CC02,,Credit,2026-04-15,2030-12-15,774360.55,173761.03,Active
CRD0003673,5160-XXXX-XXXX-4008,CUS0006701,PRD-CC03,,Credit,2021-06-22,2027-06-09,383841.03,43050.37,Active
CRD0003674,5594-XXXX-XXXX-5675,CUS0003862,PRD-DC01,ACC00008514,Debit,2020-09-24,2027-12-02,0.0,0.0,Active
CRD0003675,4429-XXXX-XXXX-4450,CUS0002236,PRD-DC02,ACC00003745,Debit,2022-08-08,2029-08-28,0.0,0.0,Active
CRD0003676,4650-XXXX-XXXX-5575,CUS0003428,PRD-DC02,,Debit,2020-10-30,2030-07-23,0.0,0.0,Active
CRD0003677,4257-XXXX-XXXX-7750,CUS0005962,PRD-CC03,,Credit,2022-01-14,2029-05-04,855259.32,37076.65,Active
CRD0003678,5910-XXXX-XXXX-7764,CUS0007883,PRD-DC02,ACC00016693,Debit,2021-05-12,2029-05-18,0.0,0.0,Active
CRD0003679,5131-XXXX-XXXX-4004,CUS0001987,PRD-DC02,ACC00016805,Debit,2022-04-06,2027-05-29,0.0,0.0,Active
CRD0003680,5931-XXXX-XXXX-6965,CUS0006308,PRD-DC01,ACC00014852,Debit,2025-11-05,2026-11-22,0.0,0.0,Active
CRD0003681,4679-XXXX-XXXX-5129,CUS0002114,PRD-CC03,,Credit,2024-09-13,2029-07-14,1257182.11,53104.0,Active
CRD0003682,5546-XXXX-XXXX-3923,CUS0008011,PRD-DC02,,Debit,2025-08-03,2030-04-03,0.0,0.0,Active
CRD0003683,5497-XXXX-XXXX-4219,CUS0000668,PRD-CC03,,Credit,2023-05-28,2028-06-25,748343.8,146033.08,Active
CRD0003684,4406-XXXX-XXXX-2386,CUS0001392,PRD-CC02,,Credit,2022-04-07,2029-04-26,1299989.86,176150.94,Active
CRD0003685,5358-XXXX-XXXX-4360,CUS0006743,PRD-CC04,,Credit,2024-08-05,2030-08-06,486426.44,114527.01,Active
CRD0003686,5442-XXXX-XXXX-6035,CUS0009543,PRD-CC04,,Credit,2022-10-16,2027-05-15,1231123.64,20288.5,Active
CRD0003687,4296-XXXX-XXXX-7041,CUS0001471,PRD-CC01,,Credit,2025-07-22,2029-04-04,879485.06,70565.69,Active
CRD0003688,5594-XXXX-XXXX-6015,CUS0000364,PRD-CC02,,Credit,2025-12-04,2028-02-29,48742.25,183421.63,Active
CRD0003689,5680-XXXX-XXXX-3731,CUS0004140,PRD-DC01,ACC00017177,Debit,2025-11-11,2030-03-26,0.0,0.0,Active
CRD0003690,4308-XXXX-XXXX-9546,CUS0000991,PRD-CC03,,Credit,2022-08-12,2027-09-01,555375.1,27260.96,Active
CRD0003691,4887-XXXX-XXXX-8198,CUS0002181,PRD-DC02,ACC00004356,Debit,2020-08-06,2027-10-16,0.0,0.0,Active
CRD0003692,5722-XXXX-XXXX-7881,CUS0005575,PRD-CC02,,Credit,2020-06-18,2026-12-07,966376.06,156897.52,Active
CRD0003693,4479-XXXX-XXXX-7107,CUS0006809,PRD-CC04,,Credit,2024-08-23,2026-11-04,210141.6,157965.85,Active
CRD0003694,5506-XXXX-XXXX-2781,CUS0000690,PRD-CC01,,Credit,2020-07-19,2028-04-30,1051372.27,104515.41,Active
CRD0003695,4896-XXXX-XXXX-1532,CUS0009448,PRD-CC04,,Credit,2020-11-10,2030-05-03,618885.37,184191.5,Active
CRD0003696,5392-XXXX-XXXX-2698,CUS0005524,PRD-CC04,,Credit,2022-05-19,2029-09-30,827093.99,111208.17,Active
CRD0003697,4415-XXXX-XXXX-9910,CUS0005607,PRD-CC02,,Credit,2021-06-18,2030-01-03,1175552.55,86337.9,Active
CRD0003698,4273-XXXX-XXXX-8262,CUS0004271,PRD-CC04,,Credit,2023-12-04,2026-06-29,393803.08,90980.25,Active
CRD0003699,4221-XXXX-XXXX-6510,CUS0009018,PRD-DC01,ACC00009725,Debit,2023-01-26,2028-04-17,0.0,0.0,Active
CRD0003700,5213-XXXX-XXXX-1324,CUS0005699,PRD-CC02,,Credit,2025-03-28,2030-08-03,696133.85,85045.94,Active
CRD0003701,4127-XXXX-XXXX-6316,CUS0003906,PRD-DC02,ACC00000806,Debit,2023-07-25,2029-08-01,0.0,0.0,Active
CRD0003702,5598-XXXX-XXXX-6577,CUS0000638,PRD-CC03,,Credit,2020-12-16,2028-01-11,1267114.95,195475.17,Active
CRD0003703,5453-XXXX-XXXX-4795,CUS0000661,PRD-CC02,,Credit,2024-04-14,2030-11-29,732530.07,45332.14,Active
CRD0003704,4264-XXXX-XXXX-2935,CUS0003196,PRD-CC02,,Credit,2024-04-24,2029-07-30,622478.38,21647.46,Active
CRD0003705,5110-XXXX-XXXX-2791,CUS0005124,PRD-DC02,ACC00015873,Debit,2025-03-24,2029-04-18,0.0,0.0,Active
CRD0003706,5336-XXXX-XXXX-2374,CUS0001402,PRD-DC01,,Debit,2024-04-07,2027-04-22,0.0,0.0,Active
CRD0003707,4270-XXXX-XXXX-1544,CUS0005342,PRD-DC01,ACC00011198,Debit,2023-12-05,2027-06-17,0.0,0.0,Active
CRD0003708,4321-XXXX-XXXX-6120,CUS0009436,PRD-DC01,ACC00007685,Debit,2025-09-16,2030-12-16,0.0,0.0,Active
CRD0003709,4920-XXXX-XXXX-3432,CUS0007055,PRD-DC01,ACC00017831,Debit,2025-06-01,2030-11-12,0.0,0.0,Active
CRD0003710,5955-XXXX-XXXX-8259,CUS0009041,PRD-DC02,ACC00012467,Debit,2026-01-19,2030-10-17,0.0,0.0,Active
CRD0003711,4181-XXXX-XXXX-4046,CUS0005580,PRD-CC02,,Credit,2023-05-16,2030-03-09,1057525.23,92349.9,Active
CRD0003712,5268-XXXX-XXXX-4717,CUS0007230,PRD-DC02,ACC00002892,Debit,2021-10-12,2026-10-12,0.0,0.0,Active
CRD0003713,4372-XXXX-XXXX-2333,CUS0007740,PRD-CC04,,Credit,2021-06-20,2028-01-06,1182450.52,79617.47,Active
CRD0003714,5847-XXXX-XXXX-8829,CUS0008073,PRD-DC01,ACC00001394,Debit,2022-04-18,2027-06-29,0.0,0.0,Active
CRD0003715,4973-XXXX-XXXX-5671,CUS0005220,PRD-CC01,,Credit,2025-05-28,2028-04-20,765803.88,171357.86,Expired
CRD0003716,5780-XXXX-XXXX-8889,CUS0004025,PRD-DC02,ACC00003907,Debit,2025-01-21,2030-02-06,0.0,0.0,Active
CRD0003717,5795-XXXX-XXXX-2653,CUS0007331,PRD-DC02,ACC00011924,Debit,2024-12-30,2028-04-21,0.0,0.0,Active
CRD0003718,5773-XXXX-XXXX-8186,CUS0005894,PRD-CC03,,Credit,2024-05-28,2029-11-22,225084.7,100667.08,Active
CRD0003719,4554-XXXX-XXXX-1108,CUS0002191,PRD-DC01,ACC00016930,Debit,2021-01-18,2030-08-21,0.0,0.0,Active
CRD0003720,5865-XXXX-XXXX-2183,CUS0006332,PRD-DC01,ACC00013572,Debit,2020-09-15,2029-09-07,0.0,0.0,Active
CRD0003721,5202-XXXX-XXXX-1413,CUS0007366,PRD-CC02,,Credit,2023-06-03,2027-09-07,1011259.63,61369.06,Active
CRD0003722,4892-XXXX-XXXX-3806,CUS0000356,PRD-CC03,,Credit,2020-07-16,2026-09-27,484413.42,119094.49,Active
CRD0003723,5522-XXXX-XXXX-5144,CUS0001288,PRD-CC03,,Credit,2024-01-05,2027-01-09,1321493.1,118269.66,Active
CRD0003724,4434-XXXX-XXXX-1235,CUS0006594,PRD-DC01,ACC00008933,Debit,2026-03-19,2027-11-08,0.0,0.0,Blocked
CRD0003725,4886-XXXX-XXXX-3241,CUS0007986,PRD-CC03,,Credit,2020-04-08,2027-04-08,511120.38,2748.19,Active
CRD0003726,4621-XXXX-XXXX-8187,CUS0001375,PRD-DC01,ACC00013258,Debit,2020-02-10,2027-12-21,0.0,0.0,Active
CRD0003727,5377-XXXX-XXXX-2747,CUS0006880,PRD-CC01,,Credit,2026-03-26,2027-01-24,759261.03,84435.49,Active
CRD0003728,5117-XXXX-XXXX-4539,CUS0002191,PRD-CC02,,Credit,2025-05-19,2028-10-15,950236.05,97879.15,Active
CRD0003729,5383-XXXX-XXXX-4126,CUS0001015,PRD-CC03,,Credit,2025-02-20,2030-07-18,1212074.16,51724.45,Active
CRD0003730,4430-XXXX-XXXX-7395,CUS0001040,PRD-DC02,ACC00015588,Debit,2021-02-24,2028-11-14,0.0,0.0,Active
CRD0003731,4315-XXXX-XXXX-5663,CUS0003927,PRD-DC02,ACC00002173,Debit,2025-03-24,2029-11-24,0.0,0.0,Active
CRD0003732,4131-XXXX-XXXX-4208,CUS0002262,PRD-CC02,,Credit,2023-08-31,2027-10-19,1396255.11,13510.02,Active
CRD0003733,5951-XXXX-XXXX-6173,CUS0002952,PRD-CC04,,Credit,2024-06-25,2029-04-01,711864.31,107163.54,Blocked
CRD0003734,5283-XXXX-XXXX-7065,CUS0001392,PRD-DC02,ACC00012448,Debit,2022-01-10,2027-12-08,0.0,0.0,Active
CRD0003735,4259-XXXX-XXXX-4066,CUS0006466,PRD-DC01,ACC00004486,Debit,2022-11-28,2028-05-15,0.0,0.0,Active
CRD0003736,5981-XXXX-XXXX-6744,CUS0001103,PRD-CC03,,Credit,2020-07-24,2027-05-25,1252414.83,158730.16,Active
CRD0003737,5222-XXXX-XXXX-6524,CUS0006891,PRD-DC01,ACC00009842,Debit,2023-03-21,2030-12-04,0.0,0.0,Expired
CRD0003738,5361-XXXX-XXXX-2347,CUS0001229,PRD-CC01,,Credit,2024-04-05,2029-08-24,305759.65,134016.4,Active
CRD0003739,4529-XXXX-XXXX-6435,CUS0006517,PRD-CC01,,Credit,2024-05-22,2026-07-13,1003623.25,106816.53,Active
CRD0003740,5550-XXXX-XXXX-5678,CUS0004134,PRD-CC02,,Credit,2024-04-18,2029-05-04,1064838.28,17921.22,Active
CRD0003741,5727-XXXX-XXXX-6955,CUS0008016,PRD-DC02,ACC00012435,Debit,2026-03-31,2027-09-05,0.0,0.0,Active
CRD0003742,4286-XXXX-XXXX-5894,CUS0006515,PRD-DC02,ACC00013897,Debit,2025-03-02,2028-01-29,0.0,0.0,Active
CRD0003743,5313-XXXX-XXXX-9521,CUS0000273,PRD-CC03,,Credit,2020-01-17,2026-09-24,570254.82,99333.5,Active
CRD0003744,5695-XXXX-XXXX-5487,CUS0006485,PRD-CC01,,Credit,2024-06-03,2028-07-25,681745.6,21116.96,Active
CRD0003745,4701-XXXX-XXXX-4865,CUS0007526,PRD-CC01,,Credit,2024-06-16,2027-11-25,455988.81,158839.37,Active
CRD0003746,5128-XXXX-XXXX-9664,CUS0007940,PRD-CC01,,Credit,2024-11-19,2030-02-25,1468189.08,24848.41,Active
CRD0003747,5386-XXXX-XXXX-6442,CUS0005722,PRD-DC02,ACC00009167,Debit,2025-07-19,2029-02-20,0.0,0.0,Active
CRD0003748,4501-XXXX-XXXX-6711,CUS0006129,PRD-DC02,ACC00008549,Debit,2026-05-01,2027-07-03,0.0,0.0,Active
CRD0003749,5887-XXXX-XXXX-6778,CUS0004665,PRD-DC02,ACC00009430,Debit,2021-08-17,2028-03-01,0.0,0.0,Active
CRD0003750,5554-XXXX-XXXX-4336,CUS0006706,PRD-CC02,,Credit,2023-08-07,2027-04-14,994345.47,139225.56,Active
CRD0003751,4446-XXXX-XXXX-9041,CUS0004380,PRD-CC04,,Credit,2023-04-18,2029-07-26,1142196.33,194715.59,Active
CRD0003752,4849-XXXX-XXXX-4368,CUS0002147,PRD-DC02,ACC00010344,Debit,2020-07-18,2028-02-21,0.0,0.0,Active
CRD0003753,4541-XXXX-XXXX-2830,CUS0006276,PRD-CC03,,Credit,2024-09-20,2029-03-25,341471.21,135446.01,Active
CRD0003754,5723-XXXX-XXXX-2683,CUS0003840,PRD-CC01,,Credit,2024-04-24,2026-10-06,846464.75,37406.24,Active
CRD0003755,4542-XXXX-XXXX-1827,CUS0001765,PRD-CC02,,Credit,2020-04-16,2029-02-21,1207754.76,141769.25,Active
CRD0003756,5473-XXXX-XXXX-3345,CUS0006407,PRD-CC03,,Credit,2026-04-28,2029-05-02,546413.06,199712.36,Active
CRD0003757,4949-XXXX-XXXX-8117,CUS0005877,PRD-CC01,,Credit,2025-11-02,2028-01-11,478362.62,141768.17,Active
CRD0003758,5930-XXXX-XXXX-9729,CUS0008354,PRD-CC01,,Credit,2020-09-06,2027-02-19,976585.16,148573.58,Active
CRD0003759,4653-XXXX-XXXX-2991,CUS0006881,PRD-CC04,,Credit,2023-11-14,2028-08-22,1463794.32,64240.02,Active
CRD0003760,5270-XXXX-XXXX-8772,CUS0002516,PRD-DC01,ACC00003507,Debit,2024-04-21,2030-05-19,0.0,0.0,Active
CRD0003761,5653-XXXX-XXXX-6178,CUS0000694,PRD-DC02,ACC00013956,Debit,2024-11-16,2027-07-06,0.0,0.0,Active
CRD0003762,4712-XXXX-XXXX-2213,CUS0009974,PRD-DC01,ACC00002506,Debit,2023-08-13,2028-06-16,0.0,0.0,Active
CRD0003763,4651-XXXX-XXXX-5010,CUS0008127,PRD-DC02,ACC00009992,Debit,2021-05-22,2029-08-20,0.0,0.0,Active
CRD0003764,4957-XXXX-XXXX-2187,CUS0000799,PRD-DC02,,Debit,2025-02-20,2029-09-24,0.0,0.0,Active
CRD0003765,5927-XXXX-XXXX-9578,CUS0002028,PRD-DC01,,Debit,2020-05-11,2026-12-02,0.0,0.0,Active
CRD0003766,4864-XXXX-XXXX-9423,CUS0004748,PRD-CC02,,Credit,2023-06-23,2029-05-05,279947.54,47655.57,Active
CRD0003767,4716-XXXX-XXXX-4992,CUS0001377,PRD-CC03,,Credit,2023-01-09,2027-03-13,311742.76,28037.41,Active
CRD0003768,5307-XXXX-XXXX-7246,CUS0005499,PRD-DC02,ACC00003151,Debit,2022-03-19,2030-04-23,0.0,0.0,Active
CRD0003769,5742-XXXX-XXXX-4394,CUS0007896,PRD-DC01,ACC00007881,Debit,2025-03-02,2028-04-14,0.0,0.0,Active
CRD0003770,5454-XXXX-XXXX-9156,CUS0008711,PRD-CC02,,Credit,2022-02-13,2029-06-17,98297.55,120872.88,Active
CRD0003771,5552-XXXX-XXXX-9480,CUS0009366,PRD-CC04,,Credit,2026-01-20,2026-10-03,293718.24,154750.33,Active
CRD0003772,5662-XXXX-XXXX-7815,CUS0007026,PRD-CC04,,Credit,2020-12-26,2027-06-29,1408513.04,141063.04,Active
CRD0003773,5674-XXXX-XXXX-1090,CUS0009498,PRD-CC01,,Credit,2022-08-24,2027-04-14,754651.77,184082.73,Active
CRD0003774,5635-XXXX-XXXX-6110,CUS0004932,PRD-DC02,ACC00012906,Debit,2021-09-21,2028-01-09,0.0,0.0,Active
CRD0003775,4708-XXXX-XXXX-2606,CUS0004827,PRD-CC03,,Credit,2025-03-28,2026-11-01,726388.58,26528.79,Expired
CRD0003776,5207-XXXX-XXXX-4611,CUS0005197,PRD-CC04,,Credit,2025-12-20,2026-09-25,1269558.61,184030.22,Active
CRD0003777,5961-XXXX-XXXX-3994,CUS0007048,PRD-DC01,ACC00011835,Debit,2023-02-13,2028-08-03,0.0,0.0,Active
CRD0003778,5286-XXXX-XXXX-6559,CUS0009178,PRD-DC01,ACC00011388,Debit,2025-04-10,2026-05-25,0.0,0.0,Active
CRD0003779,4705-XXXX-XXXX-7499,CUS0005462,PRD-CC03,,Credit,2025-07-04,2028-11-11,911258.26,194808.81,Blocked
CRD0003780,4251-XXXX-XXXX-7648,CUS0003842,PRD-DC01,ACC00005291,Debit,2025-03-10,2030-11-03,0.0,0.0,Active
CRD0003781,5550-XXXX-XXXX-4009,CUS0000250,PRD-CC01,,Credit,2023-01-25,2029-09-24,1318919.83,110397.0,Active
CRD0003782,5158-XXXX-XXXX-3713,CUS0007659,PRD-CC03,,Credit,2022-05-28,2030-07-09,571096.4,195611.03,Active
CRD0003783,5290-XXXX-XXXX-4457,CUS0006857,PRD-DC02,ACC00001726,Debit,2022-06-15,2030-11-01,0.0,0.0,Active
CRD0003784,4888-XXXX-XXXX-4900,CUS0007371,PRD-DC01,ACC00016153,Debit,2023-07-30,2030-06-23,0.0,0.0,Active
CRD0003785,4415-XXXX-XXXX-9999,CUS0002619,PRD-CC02,,Credit,2021-04-06,2029-02-27,1148897.51,42859.46,Active
CRD0003786,4245-XXXX-XXXX-1401,CUS0005116,PRD-CC04,,Credit,2025-05-11,2029-08-06,477977.11,58520.45,Active
CRD0003787,5120-XXXX-XXXX-6660,CUS0007055,PRD-CC04,,Credit,2021-08-15,2029-07-25,102803.29,167761.47,Active
CRD0003788,5439-XXXX-XXXX-9690,CUS0005615,PRD-CC03,,Credit,2020-04-24,2028-05-10,1004973.64,126567.39,Active
CRD0003789,5382-XXXX-XXXX-5220,CUS0003746,PRD-DC01,ACC00007165,Debit,2023-12-24,2029-10-05,0.0,0.0,Active
CRD0003790,4721-XXXX-XXXX-5132,CUS0009964,PRD-CC01,,Credit,2026-04-18,2028-03-25,779268.99,67391.42,Active
CRD0003791,4423-XXXX-XXXX-8266,CUS0005520,PRD-DC02,ACC00008347,Debit,2022-12-05,2028-06-24,0.0,0.0,Active
CRD0003792,4402-XXXX-XXXX-3023,CUS0008199,PRD-CC02,,Credit,2021-11-06,2030-07-31,992554.14,13101.84,Active
CRD0003793,4866-XXXX-XXXX-9084,CUS0000067,PRD-CC03,,Credit,2023-10-09,2030-11-26,773505.94,65751.82,Blocked
CRD0003794,4267-XXXX-XXXX-8155,CUS0002000,PRD-CC02,,Credit,2021-06-07,2030-05-20,153088.09,196266.05,Active
CRD0003795,5743-XXXX-XXXX-2187,CUS0004785,PRD-CC01,,Credit,2024-12-04,2026-07-30,241561.67,98663.62,Active
CRD0003796,5847-XXXX-XXXX-9608,CUS0004371,PRD-CC02,,Credit,2020-12-05,2030-09-17,1421510.48,126763.85,Active
CRD0003797,5982-XXXX-XXXX-4515,CUS0003838,PRD-DC02,ACC00011611,Debit,2020-11-19,2027-12-08,0.0,0.0,Active
CRD0003798,4421-XXXX-XXXX-6889,CUS0002921,PRD-CC01,,Credit,2022-09-02,2030-02-24,20407.64,98786.23,Active
CRD0003799,4302-XXXX-XXXX-3572,CUS0002258,PRD-CC02,,Credit,2022-07-31,2030-10-11,1494309.95,9455.27,Active
CRD0003800,4449-XXXX-XXXX-6037,CUS0008026,PRD-CC04,,Credit,2025-07-13,2027-04-09,1480574.9,61953.65,Active
CRD0003801,4249-XXXX-XXXX-8260,CUS0007596,PRD-CC02,,Credit,2020-03-02,2027-01-06,1395763.03,94504.94,Active
CRD0003802,4887-XXXX-XXXX-7983,CUS0004678,PRD-DC02,ACC00000439,Debit,2022-06-10,2027-02-27,0.0,0.0,Active
CRD0003803,5512-XXXX-XXXX-4756,CUS0009442,PRD-DC01,ACC00005089,Debit,2021-06-16,2030-12-05,0.0,0.0,Active
CRD0003804,4240-XXXX-XXXX-6477,CUS0009178,PRD-DC02,ACC00011388,Debit,2025-04-22,2027-12-07,0.0,0.0,Active
CRD0003805,5848-XXXX-XXXX-3442,CUS0000003,PRD-DC01,ACC00007531,Debit,2023-07-08,2030-08-11,0.0,0.0,Active
CRD0003806,5135-XXXX-XXXX-5040,CUS0007163,PRD-DC01,ACC00001810,Debit,2024-05-25,2030-04-09,0.0,0.0,Active
CRD0003807,5832-XXXX-XXXX-1414,CUS0004195,PRD-CC03,,Credit,2022-03-11,2026-09-08,134657.64,147092.48,Active
CRD0003808,4219-XXXX-XXXX-5879,CUS0004206,PRD-DC02,,Debit,2024-11-09,2026-12-31,0.0,0.0,Active
CRD0003809,4293-XXXX-XXXX-6901,CUS0001721,PRD-CC02,,Credit,2024-01-25,2028-04-15,870548.24,138311.12,Active
CRD0003810,5473-XXXX-XXXX-2355,CUS0008432,PRD-DC02,ACC00001650,Debit,2021-10-02,2028-10-22,0.0,0.0,Active
CRD0003811,5815-XXXX-XXXX-2262,CUS0003681,PRD-CC01,,Credit,2022-01-12,2027-02-23,718660.9,101264.08,Active
CRD0003812,5973-XXXX-XXXX-1203,CUS0007066,PRD-CC03,,Credit,2020-09-21,2026-06-07,841775.0,20722.01,Active
CRD0003813,4831-XXXX-XXXX-1809,CUS0009996,PRD-CC02,,Credit,2025-08-08,2027-02-07,957016.3,34920.29,Active
CRD0003814,4890-XXXX-XXXX-2180,CUS0000889,PRD-DC02,ACC00013257,Debit,2025-02-15,2026-11-01,0.0,0.0,Active
CRD0003815,4185-XXXX-XXXX-4283,CUS0007359,PRD-DC02,,Debit,2024-05-09,2030-06-29,0.0,0.0,Active
CRD0003816,4163-XXXX-XXXX-1936,CUS0002441,PRD-CC02,,Credit,2024-07-21,2028-12-19,684082.36,187563.97,Active
CRD0003817,5324-XXXX-XXXX-2059,CUS0002578,PRD-DC02,ACC00016438,Debit,2025-02-08,2028-11-27,0.0,0.0,Active
CRD0003818,4413-XXXX-XXXX-1120,CUS0009587,PRD-CC03,,Credit,2024-07-22,2028-06-24,150199.15,61524.15,Active
CRD0003819,4965-XXXX-XXXX-2653,CUS0004070,PRD-CC01,,Credit,2026-01-26,2029-08-22,752551.41,61115.92,Active
CRD0003820,5751-XXXX-XXXX-2547,CUS0006617,PRD-CC01,,Credit,2023-10-11,2028-09-17,271329.87,6814.93,Active
CRD0003821,4554-XXXX-XXXX-8712,CUS0007377,PRD-CC01,,Credit,2020-02-18,2027-02-08,433062.12,154401.63,Active
CRD0003822,5714-XXXX-XXXX-3114,CUS0008960,PRD-CC01,,Credit,2020-10-19,2029-07-15,893964.56,117661.0,Active
CRD0003823,4930-XXXX-XXXX-1574,CUS0002138,PRD-DC02,,Debit,2023-11-16,2028-04-26,0.0,0.0,Active
CRD0003824,4688-XXXX-XXXX-5652,CUS0008659,PRD-DC01,ACC00015816,Debit,2020-01-13,2028-03-26,0.0,0.0,Active
CRD0003825,5731-XXXX-XXXX-6484,CUS0002921,PRD-CC03,,Credit,2024-04-16,2027-07-15,914042.96,153620.45,Active
CRD0003826,5652-XXXX-XXXX-8270,CUS0007077,PRD-CC02,,Credit,2023-11-28,2030-10-25,1078305.43,32115.52,Active
CRD0003827,5900-XXXX-XXXX-5237,CUS0003414,PRD-CC03,,Credit,2020-05-01,2026-06-25,1003983.25,92504.89,Active
CRD0003828,5107-XXXX-XXXX-7895,CUS0002014,PRD-DC02,ACC00006981,Debit,2025-11-03,2030-09-20,0.0,0.0,Active
CRD0003829,5144-XXXX-XXXX-8847,CUS0009287,PRD-DC01,ACC00001555,Debit,2021-07-06,2029-10-15,0.0,0.0,Active
CRD0003830,4122-XXXX-XXXX-8651,CUS0004816,PRD-CC04,,Credit,2020-05-04,2030-08-21,1285588.0,28678.13,Active
CRD0003831,4210-XXXX-XXXX-5329,CUS0006228,PRD-CC04,,Credit,2024-04-30,2030-06-10,166466.26,147193.75,Active
CRD0003832,5322-XXXX-XXXX-2753,CUS0005706,PRD-CC02,,Credit,2022-06-14,2029-02-28,739485.19,88439.97,Active
CRD0003833,5578-XXXX-XXXX-8110,CUS0008525,PRD-CC04,,Credit,2020-03-24,2028-05-09,1343266.47,136967.24,Active
CRD0003834,5578-XXXX-XXXX-1926,CUS0007961,PRD-DC01,ACC00005190,Debit,2022-06-22,2030-12-08,0.0,0.0,Active
CRD0003835,4828-XXXX-XXXX-6941,CUS0002450,PRD-CC02,,Credit,2021-06-05,2026-07-09,313408.33,191943.61,Active
CRD0003836,5919-XXXX-XXXX-3395,CUS0009183,PRD-CC04,,Credit,2021-11-12,2026-11-16,1374635.94,179681.41,Active
CRD0003837,5205-XXXX-XXXX-8462,CUS0007959,PRD-DC02,ACC00005163,Debit,2024-04-06,2026-05-17,0.0,0.0,Active
CRD0003838,5978-XXXX-XXXX-5112,CUS0002295,PRD-DC01,ACC00014574,Debit,2026-03-04,2029-04-29,0.0,0.0,Active
CRD0003839,4363-XXXX-XXXX-9277,CUS0004081,PRD-CC03,,Credit,2023-09-28,2027-01-07,774688.75,192133.48,Active
CRD0003840,4880-XXXX-XXXX-1560,CUS0001662,PRD-CC01,,Credit,2022-08-02,2026-07-31,616653.41,3379.46,Active
CRD0003841,5582-XXXX-XXXX-5562,CUS0001316,PRD-CC03,,Credit,2021-03-12,2029-12-30,1225016.96,44617.92,Active
CRD0003842,4618-XXXX-XXXX-5724,CUS0009864,PRD-CC01,,Credit,2022-05-02,2028-08-27,472727.45,119608.4,Expired
CRD0003843,5169-XXXX-XXXX-4043,CUS0009821,PRD-CC02,,Credit,2022-11-15,2026-12-09,1363264.39,31460.04,Active
CRD0003844,4198-XXXX-XXXX-7841,CUS0007214,PRD-DC02,ACC00006203,Debit,2022-07-05,2026-05-11,0.0,0.0,Active
CRD0003845,5156-XXXX-XXXX-9554,CUS0001465,PRD-DC02,,Debit,2024-07-23,2028-08-08,0.0,0.0,Active
CRD0003846,5128-XXXX-XXXX-4204,CUS0002376,PRD-DC01,ACC00007054,Debit,2020-11-27,2030-05-01,0.0,0.0,Active
CRD0003847,5123-XXXX-XXXX-8478,CUS0000927,PRD-CC03,,Credit,2021-07-05,2029-01-05,581994.77,174971.27,Active
CRD0003848,4731-XXXX-XXXX-9837,CUS0006739,PRD-DC01,ACC00011023,Debit,2023-04-07,2027-12-22,0.0,0.0,Active
CRD0003849,4342-XXXX-XXXX-4332,CUS0001316,PRD-DC02,ACC00011734,Debit,2020-08-03,2030-04-19,0.0,0.0,Active
CRD0003850,4179-XXXX-XXXX-5730,CUS0001937,PRD-CC04,,Credit,2022-01-25,2030-11-28,569229.87,137117.22,Active
CRD0003851,5877-XXXX-XXXX-9714,CUS0009193,PRD-CC04,,Credit,2025-12-28,2027-07-13,552753.27,70527.06,Active
CRD0003852,5128-XXXX-XXXX-1542,CUS0004524,PRD-CC03,,Credit,2025-03-28,2029-12-27,766809.76,130866.5,Active
CRD0003853,4150-XXXX-XXXX-5930,CUS0003564,PRD-DC02,ACC00011886,Debit,2022-03-29,2030-06-23,0.0,0.0,Active
CRD0003854,4330-XXXX-XXXX-9988,CUS0005540,PRD-CC01,,Credit,2021-02-05,2026-09-12,1273653.15,6453.87,Active
CRD0003855,5557-XXXX-XXXX-3221,CUS0004714,PRD-DC01,ACC00013393,Debit,2024-03-12,2030-07-12,0.0,0.0,Active
CRD0003856,4347-XXXX-XXXX-5754,CUS0004665,PRD-DC02,ACC00009430,Debit,2021-12-22,2029-01-12,0.0,0.0,Active
CRD0003857,4610-XXXX-XXXX-3814,CUS0000938,PRD-CC01,,Credit,2023-02-06,2030-02-05,764933.93,73551.2,Active
CRD0003858,4990-XXXX-XXXX-8863,CUS0005978,PRD-DC02,ACC00017208,Debit,2024-02-15,2029-01-23,0.0,0.0,Active
CRD0003859,5125-XXXX-XXXX-4396,CUS0009133,PRD-CC01,,Credit,2023-06-02,2028-07-04,581486.68,186959.59,Active
CRD0003860,5159-XXXX-XXXX-8969,CUS0001206,PRD-CC01,,Credit,2021-02-18,2030-01-24,1102816.27,107048.0,Active
CRD0003861,4556-XXXX-XXXX-8515,CUS0004529,PRD-CC02,,Credit,2022-02-25,2027-12-28,906201.95,121472.1,Active
CRD0003862,4539-XXXX-XXXX-4523,CUS0007532,PRD-CC03,,Credit,2024-08-03,2027-12-16,371838.91,127138.31,Blocked
CRD0003863,4895-XXXX-XXXX-6321,CUS0007740,PRD-CC01,,Credit,2026-03-28,2029-05-18,1188195.54,363.59,Active
CRD0003864,4174-XXXX-XXXX-9013,CUS0007747,PRD-CC03,,Credit,2021-01-12,2029-04-08,610784.76,179831.21,Active
CRD0003865,4718-XXXX-XXXX-8685,CUS0007607,PRD-CC02,,Credit,2023-05-02,2027-11-07,756724.42,21744.08,Active
CRD0003866,4964-XXXX-XXXX-4161,CUS0005548,PRD-CC01,,Credit,2026-02-08,2029-04-07,1122454.15,184683.99,Active
CRD0003867,4857-XXXX-XXXX-8491,CUS0000602,PRD-CC03,,Credit,2021-06-17,2026-06-30,1281703.37,36816.8,Active
CRD0003868,4371-XXXX-XXXX-5952,CUS0008796,PRD-DC01,,Debit,2022-04-19,2030-03-09,0.0,0.0,Active
CRD0003869,4218-XXXX-XXXX-3002,CUS0005045,PRD-DC02,ACC00002013,Debit,2022-09-14,2030-10-12,0.0,0.0,Active
CRD0003870,4703-XXXX-XXXX-1113,CUS0009367,PRD-CC01,,Credit,2023-09-11,2028-09-14,788239.24,163803.53,Active
CRD0003871,5450-XXXX-XXXX-6159,CUS0000817,PRD-CC01,,Credit,2022-06-02,2028-09-16,774447.62,45303.22,Active
CRD0003872,4118-XXXX-XXXX-4366,CUS0001628,PRD-CC03,,Credit,2026-02-24,2030-04-22,368063.58,74103.52,Active
CRD0003873,4707-XXXX-XXXX-1365,CUS0005810,PRD-DC01,,Debit,2020-11-14,2026-08-22,0.0,0.0,Expired
CRD0003874,5741-XXXX-XXXX-7313,CUS0007219,PRD-DC02,ACC00006980,Debit,2023-10-19,2028-06-17,0.0,0.0,Active
CRD0003875,5644-XXXX-XXXX-1006,CUS0003414,PRD-DC01,ACC00016389,Debit,2022-03-21,2030-04-28,0.0,0.0,Active
CRD0003876,4484-XXXX-XXXX-7906,CUS0001145,PRD-DC02,,Debit,2022-05-17,2030-01-31,0.0,0.0,Active
CRD0003877,4515-XXXX-XXXX-1045,CUS0005024,PRD-CC04,,Credit,2025-01-25,2030-07-25,322937.66,176413.22,Active
CRD0003878,4474-XXXX-XXXX-8512,CUS0002601,PRD-CC02,,Credit,2023-11-29,2029-08-01,32504.0,114748.89,Active
CRD0003879,5691-XXXX-XXXX-2968,CUS0002984,PRD-CC03,,Credit,2025-10-17,2026-10-23,1333760.31,75913.32,Active
CRD0003880,5561-XXXX-XXXX-6494,CUS0000840,PRD-DC01,ACC00003419,Debit,2020-10-17,2030-05-28,0.0,0.0,Active
CRD0003881,4765-XXXX-XXXX-6466,CUS0003070,PRD-CC04,,Credit,2025-08-22,2030-03-21,678549.68,186567.03,Active
CRD0003882,5943-XXXX-XXXX-4159,CUS0005139,PRD-CC02,,Credit,2025-05-11,2026-11-20,930516.82,199387.21,Active
CRD0003883,5184-XXXX-XXXX-5709,CUS0008353,PRD-DC02,ACC00009223,Debit,2025-10-03,2030-10-01,0.0,0.0,Active
CRD0003884,4951-XXXX-XXXX-6828,CUS0005672,PRD-DC01,ACC00011479,Debit,2026-02-25,2026-11-01,0.0,0.0,Active
CRD0003885,5830-XXXX-XXXX-2707,CUS0005378,PRD-DC01,ACC00012762,Debit,2024-04-30,2030-09-05,0.0,0.0,Active
CRD0003886,4405-XXXX-XXXX-5314,CUS0002233,PRD-CC03,,Credit,2024-01-05,2028-02-11,398172.78,92359.7,Active
CRD0003887,5157-XXXX-XXXX-9423,CUS0006348,PRD-CC03,,Credit,2025-10-22,2029-02-02,253806.04,33880.81,Active
CRD0003888,4516-XXXX-XXXX-7739,CUS0007128,PRD-CC01,,Credit,2026-04-22,2030-10-09,572236.36,12645.55,Active
CRD0003889,5283-XXXX-XXXX-2905,CUS0002393,PRD-DC02,ACC00012190,Debit,2020-07-22,2028-02-10,0.0,0.0,Active
CRD0003890,4183-XXXX-XXXX-8982,CUS0004457,PRD-CC01,,Credit,2024-01-15,2030-10-11,482589.56,38802.86,Active
CRD0003891,4803-XXXX-XXXX-6210,CUS0006850,PRD-DC02,ACC00009032,Debit,2025-08-12,2027-07-07,0.0,0.0,Active
CRD0003892,4561-XXXX-XXXX-8943,CUS0008261,PRD-CC02,,Credit,2021-01-05,2029-02-01,447905.52,79707.02,Active
CRD0003893,5885-XXXX-XXXX-9036,CUS0001539,PRD-DC02,ACC00005899,Debit,2022-10-04,2029-11-10,0.0,0.0,Active
CRD0003894,5174-XXXX-XXXX-5125,CUS0008764,PRD-CC01,,Credit,2021-04-03,2030-07-03,1097642.85,66249.24,Active
CRD0003895,4369-XXXX-XXXX-1628,CUS0005592,PRD-DC02,ACC00012460,Debit,2020-07-27,2028-05-12,0.0,0.0,Active
CRD0003896,4960-XXXX-XXXX-5371,CUS0003990,PRD-CC02,,Credit,2021-01-05,2029-06-28,1354251.26,62475.94,Active
CRD0003897,4532-XXXX-XXXX-1186,CUS0003893,PRD-CC04,,Credit,2024-03-22,2029-05-05,1222720.59,91862.22,Active
CRD0003898,4135-XXXX-XXXX-6334,CUS0008955,PRD-DC01,ACC00017123,Debit,2024-11-23,2026-09-13,0.0,0.0,Active
CRD0003899,4429-XXXX-XXXX-1209,CUS0007090,PRD-DC01,,Debit,2022-11-13,2030-05-08,0.0,0.0,Active
CRD0003900,5931-XXXX-XXXX-2184,CUS0007140,PRD-CC01,,Credit,2024-05-02,2028-01-09,632117.68,129667.16,Active
CRD0003901,5712-XXXX-XXXX-2689,CUS0002717,PRD-DC02,ACC00010564,Debit,2024-03-28,2027-09-12,0.0,0.0,Active
CRD0003902,5489-XXXX-XXXX-5295,CUS0001965,PRD-CC01,,Credit,2025-06-25,2027-04-30,1004251.8,78656.7,Active
CRD0003903,4526-XXXX-XXXX-7479,CUS0001147,PRD-CC02,,Credit,2024-12-19,2030-04-05,549867.73,74129.57,Active
CRD0003904,4527-XXXX-XXXX-2261,CUS0006126,PRD-DC01,ACC00003672,Debit,2023-08-05,2028-06-11,0.0,0.0,Active
CRD0003905,5217-XXXX-XXXX-7902,CUS0007904,PRD-CC01,,Credit,2021-08-09,2028-02-05,1056558.04,154250.18,Active
CRD0003906,5465-XXXX-XXXX-9428,CUS0002086,PRD-DC01,ACC00005936,Debit,2024-03-08,2030-04-03,0.0,0.0,Active
CRD0003907,5615-XXXX-XXXX-8840,CUS0007659,PRD-CC01,,Credit,2020-05-13,2029-06-03,59392.19,94543.2,Active
CRD0003908,5671-XXXX-XXXX-7237,CUS0000255,PRD-CC01,,Credit,2023-11-23,2027-03-12,640452.83,152264.31,Active
CRD0003909,5497-XXXX-XXXX-7009,CUS0008925,PRD-CC02,,Credit,2024-12-22,2028-02-14,443252.17,62033.13,Active
CRD0003910,5511-XXXX-XXXX-4133,CUS0000777,PRD-CC02,,Credit,2025-12-16,2026-08-06,517270.89,39937.83,Active
CRD0003911,4216-XXXX-XXXX-5959,CUS0001764,PRD-DC02,ACC00000857,Debit,2025-11-10,2029-12-03,0.0,0.0,Active
CRD0003912,4782-XXXX-XXXX-8273,CUS0000892,PRD-CC01,,Credit,2022-08-28,2028-03-17,26749.42,125083.38,Active
CRD0003913,4640-XXXX-XXXX-4273,CUS0009487,PRD-DC01,ACC00000816,Debit,2026-01-04,2030-08-16,0.0,0.0,Active
CRD0003914,4972-XXXX-XXXX-3169,CUS0003616,PRD-CC04,,Credit,2024-11-22,2028-10-20,682257.43,103674.5,Active
CRD0003915,4515-XXXX-XXXX-4024,CUS0007997,PRD-CC02,,Credit,2022-05-13,2026-09-17,34347.71,11396.66,Active
CRD0003916,5823-XXXX-XXXX-8964,CUS0005678,PRD-CC04,,Credit,2021-10-11,2026-06-20,1155076.78,21262.16,Active
CRD0003917,4280-XXXX-XXXX-8038,CUS0004154,PRD-DC02,ACC00001717,Debit,2024-01-11,2027-09-09,0.0,0.0,Active
CRD0003918,4900-XXXX-XXXX-7633,CUS0009084,PRD-DC01,ACC00007654,Debit,2023-04-09,2028-03-28,0.0,0.0,Active
CRD0003919,5896-XXXX-XXXX-3309,CUS0005397,PRD-CC03,,Credit,2026-03-20,2030-02-26,953388.32,1045.0,Active
CRD0003920,4233-XXXX-XXXX-5184,CUS0002988,PRD-DC02,ACC00002182,Debit,2023-11-06,2026-12-26,0.0,0.0,Active
CRD0003921,5889-XXXX-XXXX-8317,CUS0009492,PRD-DC02,ACC00015009,Debit,2022-12-18,2029-07-11,0.0,0.0,Active
CRD0003922,5727-XXXX-XXXX-7428,CUS0001355,PRD-DC01,ACC00000805,Debit,2021-01-02,2029-07-17,0.0,0.0,Active
CRD0003923,4987-XXXX-XXXX-1656,CUS0002343,PRD-CC03,,Credit,2025-05-08,2030-07-11,821535.88,34600.91,Active
CRD0003924,4535-XXXX-XXXX-7082,CUS0000701,PRD-DC02,ACC00004236,Debit,2025-08-17,2030-10-11,0.0,0.0,Active
CRD0003925,5159-XXXX-XXXX-4993,CUS0007013,PRD-DC01,ACC00009011,Debit,2025-09-13,2028-09-12,0.0,0.0,Active
CRD0003926,5729-XXXX-XXXX-6423,CUS0003090,PRD-DC01,ACC00017753,Debit,2024-04-02,2027-10-04,0.0,0.0,Active
CRD0003927,5340-XXXX-XXXX-9141,CUS0003301,PRD-CC04,,Credit,2023-09-27,2026-08-15,1455733.56,101455.21,Active
CRD0003928,4860-XXXX-XXXX-9202,CUS0008772,PRD-CC04,,Credit,2021-11-30,2028-10-05,857933.51,138186.0,Active
CRD0003929,4458-XXXX-XXXX-6452,CUS0008599,PRD-DC01,ACC00002205,Debit,2022-05-10,2027-08-01,0.0,0.0,Active
CRD0003930,5495-XXXX-XXXX-4157,CUS0006382,PRD-CC03,,Credit,2025-12-02,2026-11-19,856661.69,33223.04,Active
CRD0003931,4158-XXXX-XXXX-4169,CUS0005180,PRD-DC02,,Debit,2024-08-03,2027-12-05,0.0,0.0,Active
CRD0003932,4916-XXXX-XXXX-3407,CUS0006844,PRD-DC01,ACC00000391,Debit,2025-09-18,2029-02-02,0.0,0.0,Active
CRD0003933,5576-XXXX-XXXX-4857,CUS0004901,PRD-DC02,ACC00016507,Debit,2021-12-14,2028-05-05,0.0,0.0,Active
CRD0003934,5879-XXXX-XXXX-3585,CUS0000506,PRD-CC04,,Credit,2024-03-04,2030-04-29,431510.5,18064.06,Active
CRD0003935,4789-XXXX-XXXX-7304,CUS0002379,PRD-CC01,,Credit,2020-12-07,2030-07-11,456918.0,169231.96,Active
CRD0003936,5660-XXXX-XXXX-1741,CUS0003940,PRD-CC02,,Credit,2020-07-03,2029-09-24,43879.94,72782.21,Active
CRD0003937,5991-XXXX-XXXX-7281,CUS0002952,PRD-CC02,,Credit,2025-01-31,2028-01-20,690914.06,181637.95,Active
CRD0003938,4615-XXXX-XXXX-6015,CUS0005821,PRD-CC02,,Credit,2020-10-03,2029-03-10,856730.29,4317.32,Active
CRD0003939,4316-XXXX-XXXX-2463,CUS0008826,PRD-CC04,,Credit,2020-02-20,2026-11-24,1291366.1,18991.04,Active
CRD0003940,5555-XXXX-XXXX-7293,CUS0009821,PRD-CC02,,Credit,2022-11-24,2028-09-15,116345.52,172125.41,Active
CRD0003941,5336-XXXX-XXXX-5721,CUS0009933,PRD-CC01,,Credit,2022-09-10,2028-09-04,1199152.6,65442.12,Active
CRD0003942,4147-XXXX-XXXX-7483,CUS0002388,PRD-DC02,,Debit,2021-05-31,2028-11-16,0.0,0.0,Active
CRD0003943,5531-XXXX-XXXX-3388,CUS0000981,PRD-CC01,,Credit,2023-01-18,2030-04-18,1222622.73,10895.52,Active
CRD0003944,5726-XXXX-XXXX-7067,CUS0008912,PRD-DC01,ACC00006495,Debit,2020-05-01,2030-07-31,0.0,0.0,Active
CRD0003945,4278-XXXX-XXXX-9156,CUS0009896,PRD-CC01,,Credit,2022-07-15,2030-09-23,1443455.65,114621.25,Active
CRD0003946,5622-XXXX-XXXX-6490,CUS0002651,PRD-CC01,,Credit,2023-11-24,2028-04-04,454009.45,155966.11,Active
CRD0003947,4381-XXXX-XXXX-7962,CUS0007538,PRD-DC01,ACC00011474,Debit,2023-07-24,2030-08-27,0.0,0.0,Active
CRD0003948,5789-XXXX-XXXX-2408,CUS0003992,PRD-DC02,,Debit,2022-05-20,2027-07-11,0.0,0.0,Active
CRD0003949,4333-XXXX-XXXX-2690,CUS0008762,PRD-CC01,,Credit,2024-10-13,2026-09-28,28128.24,5944.31,Active
CRD0003950,4958-XXXX-XXXX-2247,CUS0000702,PRD-CC04,,Credit,2023-02-06,2027-07-06,1187968.3,191435.08,Active
CRD0003951,5447-XXXX-XXXX-5953,CUS0001774,PRD-CC03,,Credit,2021-04-06,2028-08-24,931920.06,163727.42,Active
CRD0003952,4696-XXXX-XXXX-4913,CUS0001296,PRD-CC03,,Credit,2025-05-06,2027-05-19,589619.49,20086.62,Active
CRD0003953,5552-XXXX-XXXX-4147,CUS0009304,PRD-DC02,,Debit,2020-12-31,2028-02-29,0.0,0.0,Active
CRD0003954,5542-XXXX-XXXX-9174,CUS0003736,PRD-DC02,ACC00000410,Debit,2021-07-26,2028-03-23,0.0,0.0,Active
CRD0003955,4685-XXXX-XXXX-5461,CUS0005005,PRD-CC02,,Credit,2021-02-22,2026-10-27,1207692.72,196685.02,Active
CRD0003956,5909-XXXX-XXXX-1894,CUS0006303,PRD-DC02,,Debit,2024-03-26,2027-06-03,0.0,0.0,Active
CRD0003957,5271-XXXX-XXXX-4848,CUS0006098,PRD-CC04,,Credit,2020-11-04,2026-07-26,1479745.17,41301.68,Expired
CRD0003958,4588-XXXX-XXXX-5041,CUS0009348,PRD-DC01,ACC00008178,Debit,2020-09-10,2028-07-22,0.0,0.0,Active
CRD0003959,4282-XXXX-XXXX-8210,CUS0005710,PRD-DC02,ACC00000498,Debit,2020-07-30,2027-10-25,0.0,0.0,Active
CRD0003960,5895-XXXX-XXXX-3748,CUS0002564,PRD-CC04,,Credit,2024-01-18,2030-08-17,436475.91,11908.17,Active
CRD0003961,4696-XXXX-XXXX-8444,CUS0001708,PRD-DC01,,Debit,2022-04-30,2030-02-23,0.0,0.0,Active
CRD0003962,4256-XXXX-XXXX-8432,CUS0008301,PRD-CC04,,Credit,2026-04-04,2026-11-12,478084.68,31044.56,Active
CRD0003963,4196-XXXX-XXXX-4109,CUS0005121,PRD-CC02,,Credit,2022-11-01,2028-07-22,1285155.61,88344.06,Active
CRD0003964,5357-XXXX-XXXX-6897,CUS0006379,PRD-CC04,,Credit,2020-11-21,2028-10-08,1335307.36,193958.76,Active
CRD0003965,5618-XXXX-XXXX-4597,CUS0009974,PRD-CC01,,Credit,2024-03-14,2029-10-31,373932.55,94515.51,Active
CRD0003966,4622-XXXX-XXXX-4170,CUS0003702,PRD-CC04,,Credit,2020-10-21,2030-02-11,1350605.95,38384.39,Active
CRD0003967,4857-XXXX-XXXX-4337,CUS0002822,PRD-CC04,,Credit,2024-06-10,2026-09-24,244698.78,198728.87,Expired
CRD0003968,5781-XXXX-XXXX-8845,CUS0005113,PRD-CC04,,Credit,2025-12-11,2030-03-18,520824.97,55215.21,Active
CRD0003969,5427-XXXX-XXXX-4966,CUS0006494,PRD-DC01,ACC00014192,Debit,2025-05-16,2029-08-22,0.0,0.0,Blocked
CRD0003970,4504-XXXX-XXXX-8463,CUS0005804,PRD-DC01,ACC00013892,Debit,2025-10-02,2027-01-24,0.0,0.0,Active
CRD0003971,4908-XXXX-XXXX-3294,CUS0004241,PRD-CC02,,Credit,2023-03-16,2029-03-29,513894.27,70800.26,Active
CRD0003972,4639-XXXX-XXXX-6988,CUS0009179,PRD-CC04,,Credit,2025-09-03,2028-01-10,683098.81,64868.23,Active
CRD0003973,4748-XXXX-XXXX-6208,CUS0007983,PRD-CC04,,Credit,2020-04-21,2026-05-07,672734.23,120541.27,Active
CRD0003974,4272-XXXX-XXXX-8525,CUS0002657,PRD-CC01,,Credit,2021-08-15,2029-03-08,1370927.79,148340.14,Active
CRD0003975,4485-XXXX-XXXX-8407,CUS0005600,PRD-DC01,ACC00003333,Debit,2020-10-31,2028-10-26,0.0,0.0,Active
CRD0003976,5833-XXXX-XXXX-3712,CUS0004356,PRD-DC01,ACC00015664,Debit,2024-06-11,2027-10-13,0.0,0.0,Active
CRD0003977,4107-XXXX-XXXX-8861,CUS0004995,PRD-DC01,ACC00005039,Debit,2020-04-21,2027-08-31,0.0,0.0,Active
CRD0003978,4452-XXXX-XXXX-5491,CUS0000465,PRD-CC02,,Credit,2020-10-19,2028-05-11,893774.85,70615.26,Active
CRD0003979,5362-XXXX-XXXX-3698,CUS0009034,PRD-DC01,ACC00014761,Debit,2025-07-22,2028-10-21,0.0,0.0,Active
CRD0003980,5722-XXXX-XXXX-5241,CUS0008360,PRD-DC02,ACC00012094,Debit,2023-07-31,2030-06-12,0.0,0.0,Active
CRD0003981,4617-XXXX-XXXX-8037,CUS0002284,PRD-CC02,,Credit,2022-03-28,2028-11-06,79066.48,94689.3,Active
CRD0003982,5812-XXXX-XXXX-4707,CUS0001615,PRD-DC01,ACC00012956,Debit,2023-02-22,2028-01-14,0.0,0.0,Active
CRD0003983,4173-XXXX-XXXX-2672,CUS0000129,PRD-CC03,,Credit,2023-01-19,2030-11-18,331582.22,88268.64,Active
CRD0003984,4593-XXXX-XXXX-1095,CUS0003031,PRD-CC04,,Credit,2025-07-09,2027-12-26,717879.85,130635.28,Active
CRD0003985,5386-XXXX-XXXX-8410,CUS0005055,PRD-DC02,ACC00012361,Debit,2026-02-07,2029-05-22,0.0,0.0,Active
CRD0003986,4253-XXXX-XXXX-2490,CUS0000531,PRD-DC02,,Debit,2023-05-16,2027-02-06,0.0,0.0,Active
CRD0003987,5102-XXXX-XXXX-2508,CUS0006847,PRD-CC02,,Credit,2022-10-25,2027-11-27,214227.48,44921.82,Active
CRD0003988,4804-XXXX-XXXX-1050,CUS0007503,PRD-DC01,ACC00007506,Debit,2022-01-17,2028-04-20,0.0,0.0,Active
CRD0003989,5569-XXXX-XXXX-1514,CUS0006022,PRD-DC02,,Debit,2023-06-15,2027-10-20,0.0,0.0,Active
CRD0003990,4193-XXXX-XXXX-4660,CUS0007810,PRD-CC01,,Credit,2026-04-25,2030-04-29,1420150.44,130973.28,Active
CRD0003991,5904-XXXX-XXXX-5648,CUS0009832,PRD-CC03,,Credit,2025-08-28,2028-12-08,925941.74,183395.59,Active
CRD0003992,4236-XXXX-XXXX-4167,CUS0005378,PRD-CC03,,Credit,2020-09-12,2027-06-22,660388.62,138267.54,Active
CRD0003993,4436-XXXX-XXXX-6603,CUS0006552,PRD-DC01,ACC00015401,Debit,2026-03-03,2026-05-04,0.0,0.0,Expired
CRD0003994,5323-XXXX-XXXX-2216,CUS0008166,PRD-CC04,,Credit,2024-10-22,2027-06-05,988531.4,40658.51,Active
CRD0003995,4226-XXXX-XXXX-9500,CUS0006357,PRD-DC01,ACC00004743,Debit,2023-05-07,2027-03-14,0.0,0.0,Active
CRD0003996,5243-XXXX-XXXX-6831,CUS0005401,PRD-CC04,,Credit,2026-01-26,2028-08-01,246166.42,99639.6,Active
CRD0003997,5897-XXXX-XXXX-8714,CUS0003496,PRD-DC02,ACC00012119,Debit,2024-08-21,2027-12-05,0.0,0.0,Expired
CRD0003998,5433-XXXX-XXXX-8894,CUS0008952,PRD-CC01,,Credit,2022-06-06,2029-04-15,1112152.81,187708.27,Expired
CRD0003999,4278-XXXX-XXXX-9426,CUS0007639,PRD-CC01,,Credit,2024-09-03,2029-04-21,308684.9,185961.11,Expired
CRD0004000,5645-XXXX-XXXX-3380,CUS0003812,PRD-CC04,,Credit,2024-06-30,2028-01-21,216916.6,96346.04,Active
CRD0004001,5735-XXXX-XXXX-5362,CUS0002081,PRD-CC03,,Credit,2025-05-28,2028-08-01,1229105.98,113215.2,Active
CRD0004002,4526-XXXX-XXXX-9457,CUS0006726,PRD-DC02,ACC00015064,Debit,2026-03-08,2030-02-25,0.0,0.0,Active
CRD0004003,5918-XXXX-XXXX-1013,CUS0009296,PRD-CC02,,Credit,2024-06-16,2028-03-25,651417.9,96657.94,Active
CRD0004004,5405-XXXX-XXXX-9047,CUS0006499,PRD-DC02,ACC00015292,Debit,2024-12-28,2027-05-07,0.0,0.0,Active
CRD0004005,4291-XXXX-XXXX-5798,CUS0001982,PRD-DC01,ACC00000876,Debit,2026-04-27,2030-09-15,0.0,0.0,Active
CRD0004006,5628-XXXX-XXXX-2673,CUS0005288,PRD-CC04,,Credit,2023-01-21,2027-09-05,79138.6,168771.64,Active
CRD0004007,4952-XXXX-XXXX-6697,CUS0007109,PRD-CC01,,Credit,2021-04-17,2026-07-28,64850.62,14262.05,Active
CRD0004008,5736-XXXX-XXXX-9271,CUS0001212,PRD-CC03,,Credit,2023-01-25,2028-06-15,191101.52,24505.39,Active
CRD0004009,4204-XXXX-XXXX-6847,CUS0005843,PRD-DC02,,Debit,2021-05-07,2029-01-22,0.0,0.0,Active
CRD0004010,5398-XXXX-XXXX-2889,CUS0000753,PRD-DC02,ACC00001793,Debit,2021-11-05,2030-02-07,0.0,0.0,Active
CRD0004011,5502-XXXX-XXXX-8422,CUS0003842,PRD-DC01,ACC00002674,Debit,2025-01-17,2030-02-23,0.0,0.0,Active
CRD0004012,4542-XXXX-XXXX-9433,CUS0001164,PRD-CC03,,Credit,2026-02-23,2028-01-28,47754.8,121179.8,Active
CRD0004013,4506-XXXX-XXXX-4944,CUS0000802,PRD-CC01,,Credit,2021-08-26,2029-06-21,649900.8,193480.28,Active
CRD0004014,4398-XXXX-XXXX-5185,CUS0005653,PRD-CC03,,Credit,2023-10-01,2027-04-25,589457.23,94188.47,Active
CRD0004015,5969-XXXX-XXXX-5260,CUS0007861,PRD-CC04,,Credit,2024-05-13,2029-05-05,977601.47,2178.82,Active
CRD0004016,5422-XXXX-XXXX-2924,CUS0008193,PRD-DC01,ACC00009688,Debit,2025-11-04,2029-04-21,0.0,0.0,Active
CRD0004017,5693-XXXX-XXXX-8940,CUS0001419,PRD-DC02,ACC00006424,Debit,2023-03-13,2029-01-30,0.0,0.0,Active
CRD0004018,4316-XXXX-XXXX-1677,CUS0009636,PRD-DC02,ACC00002693,Debit,2021-10-25,2030-12-24,0.0,0.0,Active
CRD0004019,4227-XXXX-XXXX-8036,CUS0002762,PRD-DC01,ACC00005476,Debit,2022-08-21,2027-01-19,0.0,0.0,Active
CRD0004020,5974-XXXX-XXXX-8730,CUS0000880,PRD-CC03,,Credit,2025-10-29,2026-08-06,1055555.1,197607.28,Active
CRD0004021,4465-XXXX-XXXX-4599,CUS0002780,PRD-DC02,ACC00002081,Debit,2024-11-15,2028-05-21,0.0,0.0,Active
CRD0004022,5507-XXXX-XXXX-6676,CUS0000373,PRD-CC03,,Credit,2020-07-26,2027-12-09,918693.04,24277.49,Active
CRD0004023,4684-XXXX-XXXX-5692,CUS0006262,PRD-CC03,,Credit,2023-01-28,2026-06-29,409055.41,112136.87,Active
CRD0004024,5596-XXXX-XXXX-9095,CUS0003982,PRD-DC02,ACC00002199,Debit,2020-05-24,2029-08-24,0.0,0.0,Active
CRD0004025,4573-XXXX-XXXX-5786,CUS0002857,PRD-DC01,ACC00007210,Debit,2020-08-15,2026-10-01,0.0,0.0,Active
CRD0004026,4559-XXXX-XXXX-3101,CUS0009220,PRD-DC01,,Debit,2020-08-12,2030-03-21,0.0,0.0,Active
CRD0004027,4523-XXXX-XXXX-3134,CUS0005830,PRD-CC01,,Credit,2022-06-22,2030-12-11,61590.16,132841.92,Active
CRD0004028,4585-XXXX-XXXX-5444,CUS0001637,PRD-CC01,,Credit,2023-04-02,2030-06-14,521666.81,43207.26,Active
CRD0004029,5686-XXXX-XXXX-7044,CUS0005029,PRD-CC04,,Credit,2021-06-22,2026-10-08,1405263.8,138328.5,Active
CRD0004030,5972-XXXX-XXXX-9301,CUS0006497,PRD-DC02,,Debit,2023-09-07,2026-06-27,0.0,0.0,Active
CRD0004031,5958-XXXX-XXXX-2854,CUS0003847,PRD-DC01,ACC00015611,Debit,2025-10-08,2029-12-29,0.0,0.0,Active
CRD0004032,5453-XXXX-XXXX-2185,CUS0005783,PRD-CC01,,Credit,2025-11-21,2028-07-21,68304.82,162173.58,Active
CRD0004033,4188-XXXX-XXXX-6627,CUS0004959,PRD-CC03,,Credit,2022-04-15,2027-03-26,682684.1,46903.57,Active
CRD0004034,4925-XXXX-XXXX-3267,CUS0007765,PRD-DC01,ACC00013268,Debit,2024-03-02,2028-06-02,0.0,0.0,Active
CRD0004035,4400-XXXX-XXXX-3899,CUS0002146,PRD-DC01,ACC00000443,Debit,2021-04-12,2027-05-08,0.0,0.0,Active
CRD0004036,5853-XXXX-XXXX-7490,CUS0008751,PRD-DC02,,Debit,2021-06-29,2030-02-08,0.0,0.0,Active
CRD0004037,5914-XXXX-XXXX-7847,CUS0001638,PRD-CC01,,Credit,2024-03-16,2030-10-22,1197715.48,174417.13,Active
CRD0004038,4319-XXXX-XXXX-6017,CUS0007892,PRD-DC01,,Debit,2021-03-12,2029-01-02,0.0,0.0,Active
CRD0004039,5524-XXXX-XXXX-2714,CUS0000240,PRD-CC04,,Credit,2024-01-11,2028-02-17,32629.92,83412.07,Active
CRD0004040,4505-XXXX-XXXX-4105,CUS0000383,PRD-CC02,,Credit,2023-08-18,2026-06-08,159346.13,132886.74,Active
CRD0004041,5190-XXXX-XXXX-4598,CUS0008535,PRD-CC03,,Credit,2021-02-19,2028-05-21,452244.39,186693.56,Active
CRD0004042,5852-XXXX-XXXX-2500,CUS0004852,PRD-DC01,ACC00008014,Debit,2022-11-01,2027-03-09,0.0,0.0,Active
CRD0004043,4534-XXXX-XXXX-5843,CUS0003490,PRD-DC01,ACC00003090,Debit,2023-08-08,2026-11-11,0.0,0.0,Active
CRD0004044,5852-XXXX-XXXX-4613,CUS0009066,PRD-DC02,,Debit,2022-09-11,2028-01-12,0.0,0.0,Active
CRD0004045,5904-XXXX-XXXX-5878,CUS0007219,PRD-CC02,,Credit,2021-04-01,2026-06-06,778583.74,184446.16,Active
CRD0004046,4515-XXXX-XXXX-4866,CUS0004509,PRD-DC01,ACC00009752,Debit,2020-05-23,2026-12-05,0.0,0.0,Active
CRD0004047,4392-XXXX-XXXX-8170,CUS0009941,PRD-DC01,ACC00012183,Debit,2025-11-13,2029-02-14,0.0,0.0,Active
CRD0004048,4838-XXXX-XXXX-9015,CUS0007142,PRD-CC03,,Credit,2021-02-25,2027-12-20,1233432.77,133645.76,Blocked
CRD0004049,4397-XXXX-XXXX-8971,CUS0005804,PRD-DC01,ACC00013892,Debit,2023-04-18,2027-12-14,0.0,0.0,Active
CRD0004050,4622-XXXX-XXXX-4325,CUS0004097,PRD-DC01,ACC00011077,Debit,2026-01-01,2030-12-22,0.0,0.0,Active
CRD0004051,5586-XXXX-XXXX-5714,CUS0005419,PRD-CC02,,Credit,2025-05-15,2026-08-26,503125.34,75818.36,Active
CRD0004052,4784-XXXX-XXXX-2178,CUS0001581,PRD-CC04,,Credit,2021-09-17,2027-10-07,122831.69,71376.23,Active
CRD0004053,4551-XXXX-XXXX-6728,CUS0001522,PRD-CC03,,Credit,2021-02-03,2030-08-22,1004634.16,197244.32,Active
CRD0004054,5107-XXXX-XXXX-1248,CUS0008761,PRD-CC03,,Credit,2022-07-26,2029-02-26,396769.17,190202.35,Active
CRD0004055,5755-XXXX-XXXX-2776,CUS0005853,PRD-CC01,,Credit,2023-05-29,2029-07-04,423764.75,155649.47,Active
CRD0004056,4295-XXXX-XXXX-7996,CUS0003525,PRD-CC01,,Credit,2022-04-30,2028-10-06,97256.72,84043.07,Active
CRD0004057,4792-XXXX-XXXX-9954,CUS0006770,PRD-CC04,,Credit,2021-04-14,2030-06-27,1390868.7,43643.72,Active
CRD0004058,4898-XXXX-XXXX-2652,CUS0001830,PRD-DC01,ACC00017041,Debit,2023-12-21,2030-04-08,0.0,0.0,Active
CRD0004059,4203-XXXX-XXXX-1053,CUS0009548,PRD-CC02,,Credit,2021-01-30,2026-09-10,1299312.22,151939.6,Active
CRD0004060,4613-XXXX-XXXX-4873,CUS0006769,PRD-CC01,,Credit,2021-02-13,2028-12-13,938961.38,104540.0,Active
CRD0004061,5673-XXXX-XXXX-8235,CUS0005535,PRD-DC02,ACC00013969,Debit,2025-09-14,2028-12-25,0.0,0.0,Active
CRD0004062,4304-XXXX-XXXX-6007,CUS0008022,PRD-DC02,ACC00001710,Debit,2023-06-17,2027-10-21,0.0,0.0,Active
CRD0004063,4305-XXXX-XXXX-6323,CUS0003627,PRD-CC01,,Credit,2026-01-11,2029-04-21,1317144.54,110378.1,Active
CRD0004064,5441-XXXX-XXXX-6653,CUS0008195,PRD-CC01,,Credit,2024-08-22,2027-05-28,383798.42,146607.86,Active
CRD0004065,5911-XXXX-XXXX-8244,CUS0008201,PRD-CC01,,Credit,2025-07-15,2030-11-10,466078.7,49973.43,Active
CRD0004066,5692-XXXX-XXXX-5386,CUS0007569,PRD-CC04,,Credit,2023-06-01,2030-11-13,1409122.13,25297.28,Expired
CRD0004067,5232-XXXX-XXXX-5696,CUS0000142,PRD-DC02,ACC00016315,Debit,2020-10-15,2028-02-11,0.0,0.0,Active
CRD0004068,5415-XXXX-XXXX-2241,CUS0000851,PRD-CC01,,Credit,2026-01-11,2029-06-24,70739.01,104856.21,Active
CRD0004069,4798-XXXX-XXXX-4044,CUS0004949,PRD-CC04,,Credit,2024-06-15,2026-07-18,229285.93,46914.23,Active
CRD0004070,5655-XXXX-XXXX-6422,CUS0000765,PRD-CC04,,Credit,2026-01-03,2029-11-15,1392337.37,153413.75,Expired
CRD0004071,5155-XXXX-XXXX-9142,CUS0003480,PRD-CC04,,Credit,2020-10-24,2028-12-28,1028140.72,37197.88,Active
CRD0004072,4352-XXXX-XXXX-7262,CUS0000901,PRD-CC02,,Credit,2026-04-27,2029-07-16,1348853.19,121510.09,Active
CRD0004073,4403-XXXX-XXXX-8091,CUS0005625,PRD-CC02,,Credit,2021-12-31,2028-02-18,278290.48,18053.07,Active
CRD0004074,4124-XXXX-XXXX-4003,CUS0002435,PRD-CC01,,Credit,2022-08-20,2027-10-21,1437586.94,85603.06,Active
CRD0004075,4929-XXXX-XXXX-4874,CUS0006259,PRD-CC01,,Credit,2020-12-31,2027-01-05,183880.33,39167.49,Active
CRD0004076,4109-XXXX-XXXX-1857,CUS0006865,PRD-CC03,,Credit,2023-07-16,2029-09-27,1296436.99,178188.16,Active
CRD0004077,4892-XXXX-XXXX-1418,CUS0003491,PRD-DC02,ACC00009908,Debit,2020-02-28,2029-08-14,0.0,0.0,Active
CRD0004078,4872-XXXX-XXXX-8619,CUS0000867,PRD-CC01,,Credit,2021-03-25,2030-12-25,644584.3,146892.82,Active
CRD0004079,5271-XXXX-XXXX-9490,CUS0000420,PRD-DC01,ACC00011768,Debit,2021-05-10,2030-06-26,0.0,0.0,Active
CRD0004080,4298-XXXX-XXXX-1849,CUS0005416,PRD-CC02,,Credit,2024-04-27,2029-05-24,1172202.56,135973.86,Active
CRD0004081,4503-XXXX-XXXX-5344,CUS0001146,PRD-CC02,,Credit,2021-09-30,2027-05-19,345883.4,148870.53,Active
CRD0004082,5523-XXXX-XXXX-3588,CUS0003670,PRD-CC01,,Credit,2023-07-04,2030-12-13,1050733.3,199263.94,Active
CRD0004083,5998-XXXX-XXXX-6443,CUS0009514,PRD-CC01,,Credit,2021-02-17,2029-01-17,324485.65,139293.2,Active
CRD0004084,5169-XXXX-XXXX-5997,CUS0003069,PRD-CC01,,Credit,2021-12-05,2029-09-10,770969.6,124905.38,Active
CRD0004085,5645-XXXX-XXXX-6880,CUS0004926,PRD-CC04,,Credit,2023-06-06,2030-05-29,1290949.62,51456.01,Active
CRD0004086,4931-XXXX-XXXX-1757,CUS0000455,PRD-CC02,,Credit,2024-08-10,2030-07-10,988331.66,178995.08,Active
CRD0004087,5636-XXXX-XXXX-3363,CUS0006197,PRD-CC01,,Credit,2022-08-18,2028-11-09,1227272.08,77974.87,Active
CRD0004088,5300-XXXX-XXXX-8371,CUS0000010,PRD-CC01,,Credit,2022-04-15,2027-11-16,1223605.47,81297.71,Active
CRD0004089,4514-XXXX-XXXX-1098,CUS0009539,PRD-CC03,,Credit,2024-11-22,2026-08-03,373860.38,74456.0,Active
CRD0004090,4389-XXXX-XXXX-4500,CUS0005909,PRD-CC03,,Credit,2021-04-04,2027-02-24,830674.14,140953.57,Active
CRD0004091,4617-XXXX-XXXX-2868,CUS0005459,PRD-CC01,,Credit,2020-10-05,2029-10-01,193638.27,193929.6,Active
CRD0004092,4955-XXXX-XXXX-4138,CUS0008088,PRD-DC01,ACC00005699,Debit,2022-02-14,2028-12-11,0.0,0.0,Active
CRD0004093,5613-XXXX-XXXX-1961,CUS0007141,PRD-CC01,,Credit,2020-02-15,2026-12-04,125543.11,96493.79,Active
CRD0004094,5265-XXXX-XXXX-3990,CUS0009252,PRD-DC01,ACC00008698,Debit,2025-02-27,2027-08-13,0.0,0.0,Active
CRD0004095,5426-XXXX-XXXX-1452,CUS0003375,PRD-CC03,,Credit,2020-04-08,2028-04-13,772777.45,185535.33,Active
CRD0004096,5675-XXXX-XXXX-8561,CUS0007118,PRD-DC01,ACC00010292,Debit,2026-01-03,2028-05-14,0.0,0.0,Active
CRD0004097,5387-XXXX-XXXX-1549,CUS0006494,PRD-DC02,ACC00014192,Debit,2024-09-12,2030-11-01,0.0,0.0,Active
CRD0004098,4423-XXXX-XXXX-9500,CUS0005396,PRD-CC04,,Credit,2023-08-30,2029-01-09,885843.11,9762.89,Active
CRD0004099,5843-XXXX-XXXX-8070,CUS0005964,PRD-DC02,ACC00008562,Debit,2020-09-15,2028-07-31,0.0,0.0,Active
CRD0004100,4626-XXXX-XXXX-2704,CUS0000728,PRD-DC02,,Debit,2020-07-18,2027-04-09,0.0,0.0,Active
CRD0004101,4125-XXXX-XXXX-5925,CUS0004932,PRD-CC04,,Credit,2025-02-03,2027-07-22,1487781.87,62693.24,Active
CRD0004102,5349-XXXX-XXXX-5971,CUS0008911,PRD-CC03,,Credit,2022-10-07,2029-04-16,794140.71,148521.33,Active
CRD0004103,4687-XXXX-XXXX-2890,CUS0007400,PRD-CC03,,Credit,2022-07-02,2029-12-19,403614.74,49546.13,Active
CRD0004104,5757-XXXX-XXXX-1298,CUS0001019,PRD-CC04,,Credit,2022-08-04,2028-01-09,1053391.77,189146.89,Active
CRD0004105,5670-XXXX-XXXX-7462,CUS0002686,PRD-CC01,,Credit,2025-02-03,2028-08-27,510533.73,145256.92,Active
CRD0004106,5798-XXXX-XXXX-1443,CUS0002017,PRD-CC03,,Credit,2026-02-04,2026-12-12,1285483.49,6751.34,Active
CRD0004107,5686-XXXX-XXXX-1822,CUS0008171,PRD-CC03,,Credit,2020-04-19,2030-04-22,1477801.36,170248.54,Expired
CRD0004108,4755-XXXX-XXXX-8541,CUS0002907,PRD-DC01,ACC00010474,Debit,2026-02-19,2027-06-14,0.0,0.0,Active
CRD0004109,5371-XXXX-XXXX-5054,CUS0001690,PRD-DC01,ACC00007569,Debit,2022-10-24,2029-03-28,0.0,0.0,Active
CRD0004110,4658-XXXX-XXXX-8033,CUS0004290,PRD-CC03,,Credit,2024-01-11,2030-10-22,1032194.01,31856.11,Active
CRD0004111,4566-XXXX-XXXX-1505,CUS0009337,PRD-CC02,,Credit,2022-11-12,2028-04-23,1452548.93,104075.7,Active
CRD0004112,4589-XXXX-XXXX-6297,CUS0005151,PRD-DC02,ACC00003950,Debit,2022-03-13,2026-06-03,0.0,0.0,Active
CRD0004113,4178-XXXX-XXXX-8129,CUS0003779,PRD-DC01,ACC00007472,Debit,2022-01-06,2027-04-11,0.0,0.0,Active
CRD0004114,5908-XXXX-XXXX-7796,CUS0006723,PRD-CC04,,Credit,2020-01-28,2029-05-12,1230056.71,160344.05,Active
CRD0004115,4568-XXXX-XXXX-9257,CUS0000755,PRD-CC04,,Credit,2022-12-21,2030-04-03,421972.86,106034.75,Active
CRD0004116,5211-XXXX-XXXX-7036,CUS0003900,PRD-CC02,,Credit,2021-02-08,2029-03-09,579796.27,155285.49,Active
CRD0004117,4235-XXXX-XXXX-3689,CUS0000754,PRD-DC01,,Debit,2022-10-23,2028-06-23,0.0,0.0,Active
CRD0004118,5744-XXXX-XXXX-4715,CUS0003563,PRD-DC02,ACC00008094,Debit,2023-12-04,2028-09-14,0.0,0.0,Active
CRD0004119,5740-XXXX-XXXX-5829,CUS0000331,PRD-DC01,ACC00005143,Debit,2026-04-03,2030-02-25,0.0,0.0,Blocked
CRD0004120,4124-XXXX-XXXX-7131,CUS0007500,PRD-CC02,,Credit,2022-07-20,2030-06-16,143472.26,83705.41,Active
CRD0004121,5435-XXXX-XXXX-2504,CUS0006592,PRD-DC01,ACC00005094,Debit,2024-08-25,2028-01-15,0.0,0.0,Blocked
CRD0004122,4169-XXXX-XXXX-7550,CUS0007353,PRD-CC02,,Credit,2025-03-06,2026-11-08,426413.79,165665.3,Active
CRD0004123,4717-XXXX-XXXX-6605,CUS0002960,PRD-DC02,,Debit,2025-05-22,2029-07-24,0.0,0.0,Active
CRD0004124,4234-XXXX-XXXX-9743,CUS0002242,PRD-CC04,,Credit,2021-12-31,2029-11-16,1382185.48,184741.8,Active
CRD0004125,4682-XXXX-XXXX-6777,CUS0004128,PRD-DC02,ACC00017333,Debit,2023-08-01,2029-05-29,0.0,0.0,Active
CRD0004126,4747-XXXX-XXXX-3266,CUS0003517,PRD-DC02,ACC00011969,Debit,2025-06-12,2026-08-31,0.0,0.0,Active
CRD0004127,5185-XXXX-XXXX-8775,CUS0006891,PRD-CC04,,Credit,2023-06-18,2027-10-28,1104491.01,82990.29,Active
CRD0004128,5969-XXXX-XXXX-6603,CUS0002351,PRD-DC01,ACC00010771,Debit,2024-05-08,2027-05-07,0.0,0.0,Active
CRD0004129,4915-XXXX-XXXX-3653,CUS0001530,PRD-DC02,,Debit,2023-11-07,2028-10-06,0.0,0.0,Active
CRD0004130,5417-XXXX-XXXX-6175,CUS0000326,PRD-CC02,,Credit,2024-09-01,2028-12-01,612214.23,95785.43,Active
CRD0004131,4115-XXXX-XXXX-3466,CUS0006447,PRD-DC02,ACC00008340,Debit,2025-06-18,2029-06-26,0.0,0.0,Active
CRD0004132,4599-XXXX-XXXX-5538,CUS0004560,PRD-DC02,ACC00007069,Debit,2026-01-29,2026-08-23,0.0,0.0,Active
CRD0004133,5920-XXXX-XXXX-7891,CUS0006819,PRD-DC01,ACC00008487,Debit,2024-06-15,2030-10-17,0.0,0.0,Active
CRD0004134,4626-XXXX-XXXX-4208,CUS0006513,PRD-CC01,,Credit,2022-07-24,2030-06-06,157663.38,157247.73,Active
CRD0004135,5533-XXXX-XXXX-8828,CUS0006095,PRD-CC01,,Credit,2021-11-21,2030-09-03,1031213.34,58068.35,Active
CRD0004136,4780-XXXX-XXXX-9381,CUS0000386,PRD-CC03,,Credit,2020-08-24,2029-10-14,1406171.05,18707.14,Active
CRD0004137,4244-XXXX-XXXX-9701,CUS0008142,PRD-CC03,,Credit,2022-11-19,2029-01-24,399782.76,21393.71,Active
CRD0004138,4377-XXXX-XXXX-7428,CUS0002909,PRD-CC03,,Credit,2026-04-14,2029-01-25,694908.48,5096.38,Active
CRD0004139,4166-XXXX-XXXX-9654,CUS0003396,PRD-CC03,,Credit,2022-10-24,2026-10-20,276262.24,178313.56,Active
CRD0004140,5947-XXXX-XXXX-2701,CUS0003011,PRD-DC02,ACC00016011,Debit,2020-10-12,2026-08-13,0.0,0.0,Active
CRD0004141,5975-XXXX-XXXX-9714,CUS0003381,PRD-CC04,,Credit,2025-04-28,2027-01-13,781050.2,123175.61,Active
CRD0004142,4987-XXXX-XXXX-1230,CUS0005594,PRD-CC03,,Credit,2022-08-23,2030-03-03,105174.2,133743.84,Active
CRD0004143,4405-XXXX-XXXX-5622,CUS0003347,PRD-CC01,,Credit,2024-01-29,2026-06-18,114199.58,5061.19,Active
CRD0004144,5926-XXXX-XXXX-4496,CUS0002945,PRD-CC01,,Credit,2025-03-28,2028-02-28,531572.69,65562.28,Active
CRD0004145,4425-XXXX-XXXX-7856,CUS0007501,PRD-DC02,,Debit,2025-12-28,2029-11-13,0.0,0.0,Active
CRD0004146,4843-XXXX-XXXX-3807,CUS0006996,PRD-DC02,ACC00014137,Debit,2020-03-18,2026-08-31,0.0,0.0,Active
CRD0004147,4839-XXXX-XXXX-2775,CUS0006083,PRD-DC02,ACC00000878,Debit,2023-09-07,2029-04-11,0.0,0.0,Active
CRD0004148,4889-XXXX-XXXX-3039,CUS0002413,PRD-DC01,,Debit,2025-01-10,2027-02-19,0.0,0.0,Active
CRD0004149,4588-XXXX-XXXX-1014,CUS0000256,PRD-CC04,,Credit,2026-01-04,2027-01-28,1133804.61,168501.1,Active
CRD0004150,4510-XXXX-XXXX-6272,CUS0005793,PRD-DC01,ACC00012441,Debit,2023-08-30,2029-03-09,0.0,0.0,Active
CRD0004151,5322-XXXX-XXXX-1571,CUS0002845,PRD-CC02,,Credit,2024-07-23,2027-09-28,645650.61,34603.37,Active
CRD0004152,4496-XXXX-XXXX-9882,CUS0001126,PRD-CC03,,Credit,2021-06-26,2028-05-20,519529.82,4492.76,Active
CRD0004153,4612-XXXX-XXXX-9464,CUS0001001,PRD-DC01,ACC00003879,Debit,2020-10-16,2029-02-24,0.0,0.0,Active
CRD0004154,4255-XXXX-XXXX-5751,CUS0002348,PRD-CC02,,Credit,2022-07-01,2030-12-03,1001454.02,193769.82,Active
CRD0004155,5893-XXXX-XXXX-9802,CUS0009736,PRD-CC02,,Credit,2024-09-10,2026-08-01,1311083.43,183711.87,Active
CRD0004156,5927-XXXX-XXXX-8528,CUS0002808,PRD-DC02,ACC00005972,Debit,2021-01-27,2029-10-08,0.0,0.0,Active
CRD0004157,5556-XXXX-XXXX-1945,CUS0005704,PRD-CC02,,Credit,2021-02-23,2028-10-26,1081478.67,94864.86,Active
CRD0004158,5855-XXXX-XXXX-9143,CUS0007129,PRD-CC02,,Credit,2020-10-31,2029-11-09,294377.37,159248.94,Active
CRD0004159,4752-XXXX-XXXX-8663,CUS0002066,PRD-CC02,,Credit,2020-02-03,2030-01-05,1011001.98,111116.34,Active
CRD0004160,5941-XXXX-XXXX-2502,CUS0003861,PRD-CC02,,Credit,2022-05-14,2029-09-04,757271.74,169123.92,Active
CRD0004161,5270-XXXX-XXXX-4967,CUS0006743,PRD-CC03,,Credit,2022-07-26,2027-04-27,369532.77,104479.06,Active
CRD0004162,5171-XXXX-XXXX-5773,CUS0000542,PRD-DC02,,Debit,2025-03-20,2028-07-14,0.0,0.0,Active
CRD0004163,4951-XXXX-XXXX-7639,CUS0000230,PRD-CC02,,Credit,2020-06-16,2026-08-23,963153.54,189266.42,Blocked
CRD0004164,4942-XXXX-XXXX-8387,CUS0008247,PRD-DC01,ACC00011054,Debit,2020-04-14,2027-06-13,0.0,0.0,Active
CRD0004165,4468-XXXX-XXXX-6700,CUS0003815,PRD-DC02,ACC00004404,Debit,2024-01-08,2029-02-06,0.0,0.0,Active
CRD0004166,5299-XXXX-XXXX-9513,CUS0006720,PRD-DC01,ACC00017968,Debit,2025-05-30,2026-06-17,0.0,0.0,Expired
CRD0004167,4584-XXXX-XXXX-8037,CUS0006798,PRD-CC03,,Credit,2023-06-18,2026-06-02,886930.47,60929.45,Active
CRD0004168,5346-XXXX-XXXX-7688,CUS0005254,PRD-CC04,,Credit,2020-09-22,2030-08-08,1372721.75,116315.46,Active
CRD0004169,5472-XXXX-XXXX-1715,CUS0008271,PRD-CC02,,Credit,2020-09-22,2027-12-15,606485.48,73327.88,Active
CRD0004170,5967-XXXX-XXXX-9779,CUS0002099,PRD-DC01,ACC00017262,Debit,2020-11-25,2026-10-02,0.0,0.0,Active
CRD0004171,5191-XXXX-XXXX-3689,CUS0002082,PRD-DC01,ACC00012672,Debit,2022-10-20,2027-01-27,0.0,0.0,Active
CRD0004172,5293-XXXX-XXXX-3931,CUS0003987,PRD-CC01,,Credit,2024-07-26,2028-09-19,1089900.22,48106.92,Active
CRD0004173,4167-XXXX-XXXX-1618,CUS0000816,PRD-CC04,,Credit,2020-02-10,2030-06-04,1199209.1,154228.28,Active
CRD0004174,4840-XXXX-XXXX-2069,CUS0004474,PRD-DC02,ACC00005675,Debit,2024-06-30,2027-04-23,0.0,0.0,Active
CRD0004175,5170-XXXX-XXXX-7775,CUS0001419,PRD-CC04,,Credit,2025-05-02,2029-07-22,265948.74,156980.41,Active
CRD0004176,5520-XXXX-XXXX-3249,CUS0001546,PRD-CC03,,Credit,2022-04-13,2028-07-11,1071040.18,106085.81,Active
CRD0004177,4682-XXXX-XXXX-7672,CUS0003504,PRD-CC02,,Credit,2023-01-25,2027-02-02,45060.82,190920.46,Active
CRD0004178,4501-XXXX-XXXX-9321,CUS0000603,PRD-DC02,ACC00007094,Debit,2021-03-28,2030-02-06,0.0,0.0,Active
CRD0004179,4225-XXXX-XXXX-4717,CUS0003682,PRD-CC02,,Credit,2021-02-15,2027-08-18,869232.6,92493.59,Active
CRD0004180,5481-XXXX-XXXX-6115,CUS0000515,PRD-CC02,,Credit,2021-11-19,2028-06-17,331732.51,153864.9,Active
CRD0004181,4660-XXXX-XXXX-5586,CUS0008353,PRD-DC02,ACC00009223,Debit,2021-11-27,2029-02-16,0.0,0.0,Active
CRD0004182,5855-XXXX-XXXX-8231,CUS0005845,PRD-CC03,,Credit,2023-08-30,2029-02-18,279028.81,184393.35,Active
CRD0004183,5299-XXXX-XXXX-1199,CUS0006702,PRD-CC03,,Credit,2022-07-30,2029-08-18,1144953.6,76543.34,Active
CRD0004184,5821-XXXX-XXXX-4507,CUS0002473,PRD-DC02,ACC00008208,Debit,2020-02-17,2029-06-08,0.0,0.0,Active
CRD0004185,4370-XXXX-XXXX-1351,CUS0009411,PRD-DC01,,Debit,2024-09-05,2029-06-24,0.0,0.0,Active
CRD0004186,5552-XXXX-XXXX-1435,CUS0006683,PRD-CC04,,Credit,2022-04-18,2027-08-19,1361959.37,185490.94,Active
CRD0004187,4788-XXXX-XXXX-4633,CUS0009716,PRD-DC01,ACC00016068,Debit,2020-05-07,2026-05-28,0.0,0.0,Active
CRD0004188,4326-XXXX-XXXX-6388,CUS0004880,PRD-DC01,ACC00000837,Debit,2023-02-14,2030-03-05,0.0,0.0,Active
CRD0004189,5919-XXXX-XXXX-1686,CUS0002129,PRD-DC02,ACC00006786,Debit,2025-02-02,2030-09-20,0.0,0.0,Active
CRD0004190,4117-XXXX-XXXX-7929,CUS0000735,PRD-DC02,ACC00017557,Debit,2021-01-05,2028-07-01,0.0,0.0,Active
CRD0004191,5124-XXXX-XXXX-9876,CUS0005759,PRD-DC01,ACC00002268,Debit,2022-01-30,2029-07-25,0.0,0.0,Active
CRD0004192,4877-XXXX-XXXX-4694,CUS0002807,PRD-CC04,,Credit,2025-05-13,2029-04-03,1035313.45,180219.86,Active
CRD0004193,5469-XXXX-XXXX-5729,CUS0001349,PRD-CC03,,Credit,2025-12-15,2027-07-04,1445941.23,49373.0,Active
CRD0004194,4734-XXXX-XXXX-5074,CUS0006833,PRD-CC03,,Credit,2021-12-14,2026-12-23,560509.22,8792.76,Active
CRD0004195,5671-XXXX-XXXX-7764,CUS0008793,PRD-CC04,,Credit,2024-05-06,2030-08-27,652401.8,189446.14,Active
CRD0004196,4531-XXXX-XXXX-3576,CUS0006990,PRD-CC03,,Credit,2020-03-15,2029-08-31,1124707.17,152932.92,Active
CRD0004197,4689-XXXX-XXXX-5032,CUS0002198,PRD-DC01,ACC00005554,Debit,2025-07-21,2029-06-01,0.0,0.0,Active
CRD0004198,5969-XXXX-XXXX-9622,CUS0006046,PRD-CC04,,Credit,2020-12-26,2030-03-13,916931.33,189022.04,Active
CRD0004199,4209-XXXX-XXXX-6672,CUS0009705,PRD-CC04,,Credit,2022-08-22,2027-09-28,920749.27,136403.92,Active
CRD0004200,4981-XXXX-XXXX-3861,CUS0009396,PRD-CC02,,Credit,2020-06-29,2026-11-19,245576.94,113515.91,Active
CRD0004201,5875-XXXX-XXXX-4762,CUS0004416,PRD-CC03,,Credit,2022-12-21,2027-03-18,146712.84,88968.13,Active
CRD0004202,5404-XXXX-XXXX-7155,CUS0009555,PRD-DC02,,Debit,2020-02-17,2030-12-26,0.0,0.0,Active
CRD0004203,5983-XXXX-XXXX-7855,CUS0002002,PRD-CC03,,Credit,2022-07-30,2030-03-29,368068.07,174900.96,Active
CRD0004204,5566-XXXX-XXXX-5538,CUS0007527,PRD-CC04,,Credit,2022-08-26,2030-01-27,461767.34,10216.33,Active
CRD0004205,5895-XXXX-XXXX-6416,CUS0007877,PRD-CC02,,Credit,2024-01-12,2027-07-20,1444300.18,171164.2,Active
CRD0004206,4699-XXXX-XXXX-5472,CUS0003382,PRD-DC01,ACC00006308,Debit,2026-04-07,2026-09-08,0.0,0.0,Active
CRD0004207,4653-XXXX-XXXX-1110,CUS0007222,PRD-CC03,,Credit,2023-03-19,2030-07-19,565789.22,23046.84,Active
CRD0004208,4337-XXXX-XXXX-9679,CUS0008641,PRD-CC02,,Credit,2022-04-01,2029-12-23,550602.84,60034.46,Active
CRD0004209,5836-XXXX-XXXX-4266,CUS0005597,PRD-DC02,ACC00012612,Debit,2021-01-27,2028-06-26,0.0,0.0,Active
CRD0004210,4428-XXXX-XXXX-1298,CUS0004529,PRD-CC03,,Credit,2022-09-16,2026-06-30,610675.33,135571.15,Active
CRD0004211,4111-XXXX-XXXX-4148,CUS0000600,PRD-CC01,,Credit,2021-05-15,2028-08-01,1396110.61,64539.36,Active
CRD0004212,4455-XXXX-XXXX-8776,CUS0004586,PRD-DC01,ACC00014818,Debit,2024-08-14,2030-08-13,0.0,0.0,Active
CRD0004213,5791-XXXX-XXXX-5745,CUS0008308,PRD-CC04,,Credit,2022-06-26,2029-11-09,1478767.78,30051.66,Active
CRD0004214,5256-XXXX-XXXX-9257,CUS0004294,PRD-DC01,ACC00007620,Debit,2025-02-15,2029-12-13,0.0,0.0,Active
CRD0004215,4469-XXXX-XXXX-8603,CUS0009775,PRD-CC04,,Credit,2022-01-29,2028-03-07,647335.11,86577.13,Active
CRD0004216,4291-XXXX-XXXX-7953,CUS0002136,PRD-DC01,ACC00003509,Debit,2021-07-13,2030-08-07,0.0,0.0,Active
CRD0004217,4681-XXXX-XXXX-1046,CUS0005050,PRD-DC01,ACC00002063,Debit,2023-11-21,2027-08-13,0.0,0.0,Active
CRD0004218,4977-XXXX-XXXX-7859,CUS0003089,PRD-CC04,,Credit,2021-06-03,2029-05-26,127124.17,129006.04,Active
CRD0004219,5890-XXXX-XXXX-1250,CUS0003881,PRD-CC02,,Credit,2021-08-10,2029-03-02,451654.73,82533.04,Active
CRD0004220,4380-XXXX-XXXX-6121,CUS0002290,PRD-CC02,,Credit,2021-11-27,2029-10-22,212725.63,96486.04,Active
CRD0004221,4902-XXXX-XXXX-8490,CUS0009015,PRD-CC03,,Credit,2023-03-14,2028-11-10,28542.73,54117.25,Expired
CRD0004222,4333-XXXX-XXXX-8776,CUS0008170,PRD-CC04,,Credit,2024-11-28,2026-10-21,250328.8,39285.08,Active
CRD0004223,4600-XXXX-XXXX-3365,CUS0000819,PRD-CC02,,Credit,2024-11-17,2027-07-08,571707.56,136160.07,Active
CRD0004224,4387-XXXX-XXXX-5016,CUS0007027,PRD-CC04,,Credit,2025-06-10,2026-07-05,1324089.73,77440.02,Active
CRD0004225,5638-XXXX-XXXX-7956,CUS0000901,PRD-CC04,,Credit,2025-04-12,2026-08-17,1499299.78,197474.76,Blocked
CRD0004226,5247-XXXX-XXXX-2310,CUS0000034,PRD-CC04,,Credit,2020-12-24,2027-09-08,674014.76,126474.04,Active
CRD0004227,4345-XXXX-XXXX-7490,CUS0006237,PRD-DC02,ACC00002851,Debit,2022-08-17,2030-06-16,0.0,0.0,Active
CRD0004228,4674-XXXX-XXXX-9263,CUS0009248,PRD-DC02,,Debit,2021-11-01,2028-11-21,0.0,0.0,Active
CRD0004229,5890-XXXX-XXXX-3485,CUS0002883,PRD-DC02,ACC00005461,Debit,2022-04-18,2027-07-13,0.0,0.0,Active
CRD0004230,4637-XXXX-XXXX-7835,CUS0003120,PRD-DC02,ACC00006829,Debit,2023-09-03,2028-07-25,0.0,0.0,Active
CRD0004231,4947-XXXX-XXXX-7505,CUS0003928,PRD-CC01,,Credit,2025-02-26,2028-09-06,800939.56,71681.31,Active
CRD0004232,4450-XXXX-XXXX-9628,CUS0006437,PRD-DC02,ACC00011127,Debit,2020-10-18,2027-08-13,0.0,0.0,Blocked
CRD0004233,5939-XXXX-XXXX-6841,CUS0007486,PRD-CC04,,Credit,2025-08-18,2027-11-01,349455.91,160452.22,Active
CRD0004234,5832-XXXX-XXXX-7899,CUS0000978,PRD-CC02,,Credit,2020-05-30,2030-01-23,477350.5,71821.75,Active
CRD0004235,5537-XXXX-XXXX-4063,CUS0008456,PRD-CC03,,Credit,2024-09-09,2028-03-20,148726.12,1343.78,Active
CRD0004236,5564-XXXX-XXXX-1057,CUS0006434,PRD-DC02,ACC00017446,Debit,2023-08-10,2028-11-18,0.0,0.0,Active
CRD0004237,5553-XXXX-XXXX-4910,CUS0004950,PRD-DC02,ACC00001141,Debit,2021-01-21,2027-04-11,0.0,0.0,Active
CRD0004238,4108-XXXX-XXXX-1198,CUS0007653,PRD-CC02,,Credit,2022-01-20,2030-10-18,1316285.9,142034.52,Active
CRD0004239,4825-XXXX-XXXX-2376,CUS0003186,PRD-DC02,,Debit,2020-12-10,2030-11-28,0.0,0.0,Active
CRD0004240,4380-XXXX-XXXX-6588,CUS0002365,PRD-CC04,,Credit,2021-02-22,2029-09-22,995967.37,78991.48,Active
CRD0004241,5228-XXXX-XXXX-7601,CUS0005362,PRD-DC01,ACC00012583,Debit,2021-04-15,2030-07-07,0.0,0.0,Blocked
CRD0004242,5772-XXXX-XXXX-7978,CUS0007559,PRD-CC01,,Credit,2023-12-19,2027-10-28,1384245.39,13936.49,Active
CRD0004243,5988-XXXX-XXXX-3540,CUS0004558,PRD-DC02,ACC00003212,Debit,2024-02-22,2029-03-27,0.0,0.0,Active
CRD0004244,4879-XXXX-XXXX-6001,CUS0006343,PRD-DC01,ACC00006935,Debit,2022-05-24,2029-09-30,0.0,0.0,Active
CRD0004245,4184-XXXX-XXXX-2322,CUS0004221,PRD-DC02,ACC00008876,Debit,2022-04-30,2030-08-01,0.0,0.0,Active
CRD0004246,5689-XXXX-XXXX-2190,CUS0006540,PRD-DC02,ACC00000377,Debit,2023-07-21,2027-06-13,0.0,0.0,Active
CRD0004247,5434-XXXX-XXXX-1916,CUS0003932,PRD-CC04,,Credit,2024-10-07,2029-07-29,384097.21,127505.1,Active
CRD0004248,4997-XXXX-XXXX-6190,CUS0003876,PRD-CC04,,Credit,2024-09-13,2026-05-12,835307.66,4273.35,Active
CRD0004249,5682-XXXX-XXXX-4966,CUS0004770,PRD-DC01,ACC00002511,Debit,2020-11-25,2028-06-08,0.0,0.0,Active
CRD0004250,4983-XXXX-XXXX-8251,CUS0008175,PRD-DC02,ACC00013905,Debit,2023-07-20,2030-07-17,0.0,0.0,Active
CRD0004251,4859-XXXX-XXXX-9081,CUS0005210,PRD-CC01,,Credit,2023-06-02,2029-09-09,1091658.8,189820.46,Active
CRD0004252,4194-XXXX-XXXX-7052,CUS0000494,PRD-CC02,,Credit,2026-01-27,2027-07-21,1197837.12,32124.24,Active
CRD0004253,5488-XXXX-XXXX-7548,CUS0005610,PRD-CC03,,Credit,2021-04-29,2026-07-29,1236096.33,15828.69,Active
CRD0004254,5399-XXXX-XXXX-8699,CUS0008780,PRD-CC04,,Credit,2023-01-05,2029-02-24,39027.44,55082.83,Active
CRD0004255,4255-XXXX-XXXX-2292,CUS0001400,PRD-CC03,,Credit,2025-06-09,2029-08-19,260032.07,60116.81,Active
CRD0004256,5904-XXXX-XXXX-9545,CUS0007129,PRD-CC01,,Credit,2024-05-07,2028-05-17,436477.1,159171.71,Active
CRD0004257,5395-XXXX-XXXX-6671,CUS0006598,PRD-CC01,,Credit,2021-12-12,2026-09-04,1196001.9,102688.49,Active
CRD0004258,4150-XXXX-XXXX-1474,CUS0006138,PRD-CC04,,Credit,2024-06-15,2026-06-20,996060.15,137523.47,Active
CRD0004259,5612-XXXX-XXXX-5350,CUS0009645,PRD-CC04,,Credit,2025-02-10,2026-09-27,908656.17,192124.55,Active
CRD0004260,4110-XXXX-XXXX-1711,CUS0003397,PRD-DC01,ACC00010481,Debit,2020-03-13,2028-08-01,0.0,0.0,Active
CRD0004261,4523-XXXX-XXXX-4026,CUS0007866,PRD-DC02,,Debit,2022-11-19,2030-07-18,0.0,0.0,Active
CRD0004262,5613-XXXX-XXXX-3049,CUS0009971,PRD-DC01,ACC00015239,Debit,2022-03-16,2028-07-29,0.0,0.0,Active
CRD0004263,5107-XXXX-XXXX-5394,CUS0002765,PRD-DC02,ACC00004768,Debit,2025-12-17,2030-10-10,0.0,0.0,Active
CRD0004264,4703-XXXX-XXXX-9103,CUS0005046,PRD-CC03,,Credit,2021-04-22,2027-04-20,1406391.08,137898.6,Active
CRD0004265,5597-XXXX-XXXX-6001,CUS0007439,PRD-CC01,,Credit,2020-12-22,2029-02-28,1150141.95,147914.89,Active
CRD0004266,5550-XXXX-XXXX-5119,CUS0007438,PRD-DC01,ACC00012144,Debit,2024-07-22,2029-05-15,0.0,0.0,Active
CRD0004267,4276-XXXX-XXXX-6821,CUS0009520,PRD-CC03,,Credit,2020-01-22,2027-12-18,1293879.2,155763.2,Active
CRD0004268,5530-XXXX-XXXX-4036,CUS0001028,PRD-DC02,ACC00014307,Debit,2021-12-17,2030-02-26,0.0,0.0,Active
CRD0004269,5487-XXXX-XXXX-8704,CUS0007145,PRD-CC02,,Credit,2022-11-25,2030-01-05,131623.81,30557.82,Blocked
CRD0004270,5673-XXXX-XXXX-5885,CUS0004206,PRD-DC01,,Debit,2021-12-12,2029-05-28,0.0,0.0,Active
CRD0004271,5150-XXXX-XXXX-4243,CUS0005827,PRD-CC01,,Credit,2021-06-04,2030-01-22,1359610.77,47189.1,Active
CRD0004272,4566-XXXX-XXXX-9124,CUS0009566,PRD-CC01,,Credit,2024-04-27,2028-04-26,852274.05,6683.7,Active
CRD0004273,5809-XXXX-XXXX-6922,CUS0000636,PRD-CC03,,Credit,2025-01-20,2030-05-18,787945.51,103191.35,Active
CRD0004274,4736-XXXX-XXXX-7526,CUS0002764,PRD-DC01,ACC00006325,Debit,2021-05-17,2029-02-19,0.0,0.0,Active
CRD0004275,4281-XXXX-XXXX-8291,CUS0003078,PRD-CC04,,Credit,2020-11-15,2027-01-13,1405402.53,155525.79,Active
CRD0004276,4744-XXXX-XXXX-5609,CUS0009686,PRD-DC01,ACC00014009,Debit,2021-11-07,2026-09-06,0.0,0.0,Expired
CRD0004277,4359-XXXX-XXXX-4511,CUS0001051,PRD-DC02,ACC00013577,Debit,2021-05-22,2028-03-23,0.0,0.0,Active
CRD0004278,5932-XXXX-XXXX-7988,CUS0003456,PRD-DC02,ACC00005022,Debit,2025-02-19,2029-01-21,0.0,0.0,Active
CRD0004279,4335-XXXX-XXXX-2814,CUS0006005,PRD-CC02,,Credit,2022-05-05,2026-12-15,614106.33,131259.29,Active
CRD0004280,4857-XXXX-XXXX-9248,CUS0008028,PRD-CC04,,Credit,2020-03-31,2028-11-08,1313377.51,126984.23,Active
CRD0004281,5723-XXXX-XXXX-5403,CUS0003461,PRD-CC02,,Credit,2024-02-15,2027-09-15,854978.58,8819.96,Active
CRD0004282,4634-XXXX-XXXX-8545,CUS0000436,PRD-DC02,ACC00000955,Debit,2025-04-18,2026-12-24,0.0,0.0,Active
CRD0004283,5834-XXXX-XXXX-5031,CUS0005326,PRD-CC02,,Credit,2020-04-09,2028-09-17,636546.37,129602.53,Active
CRD0004284,4928-XXXX-XXXX-2164,CUS0008335,PRD-CC03,,Credit,2021-07-19,2027-01-29,397284.07,114430.16,Active
CRD0004285,5986-XXXX-XXXX-3326,CUS0007590,PRD-DC01,ACC00007085,Debit,2024-04-20,2028-08-27,0.0,0.0,Active
CRD0004286,4446-XXXX-XXXX-7379,CUS0001211,PRD-CC03,,Credit,2020-01-06,2029-02-22,1386143.18,3716.87,Active
CRD0004287,4460-XXXX-XXXX-8932,CUS0008149,PRD-CC01,,Credit,2021-09-11,2027-05-25,1042487.68,13899.78,Active
CRD0004288,4336-XXXX-XXXX-6486,CUS0004889,PRD-CC04,,Credit,2025-12-17,2027-11-16,1342293.1,189911.47,Active
CRD0004289,4146-XXXX-XXXX-3654,CUS0002346,PRD-CC02,,Credit,2023-01-14,2030-04-11,859979.31,86322.01,Active
CRD0004290,5887-XXXX-XXXX-3550,CUS0009735,PRD-CC04,,Credit,2024-04-18,2029-06-11,62800.57,112831.21,Active
CRD0004291,4687-XXXX-XXXX-4170,CUS0007500,PRD-CC04,,Credit,2022-09-17,2030-11-06,107624.04,124127.35,Active
CRD0004292,5104-XXXX-XXXX-9107,CUS0009423,PRD-CC01,,Credit,2023-03-31,2029-11-23,1464800.8,81153.33,Active
CRD0004293,4758-XXXX-XXXX-3701,CUS0002936,PRD-DC01,ACC00014990,Debit,2021-02-27,2027-10-19,0.0,0.0,Active
CRD0004294,5977-XXXX-XXXX-7868,CUS0003014,PRD-CC04,,Credit,2021-10-21,2030-09-15,1225663.08,143791.92,Active
CRD0004295,4835-XXXX-XXXX-5463,CUS0006153,PRD-CC03,,Credit,2024-06-16,2027-10-27,253024.68,56879.1,Active
CRD0004296,5313-XXXX-XXXX-7841,CUS0007317,PRD-DC02,ACC00001378,Debit,2025-02-28,2026-11-17,0.0,0.0,Active
CRD0004297,5455-XXXX-XXXX-7741,CUS0001054,PRD-CC01,,Credit,2024-02-25,2029-09-22,559647.68,87598.85,Active
CRD0004298,5700-XXXX-XXXX-7103,CUS0004468,PRD-CC02,,Credit,2025-04-07,2029-01-13,114471.29,94241.27,Active
CRD0004299,5558-XXXX-XXXX-4273,CUS0003711,PRD-CC03,,Credit,2023-05-29,2030-05-07,1000976.29,49272.43,Active
CRD0004300,5183-XXXX-XXXX-9214,CUS0003048,PRD-CC04,,Credit,2022-07-08,2028-01-03,1481015.44,68310.17,Active
CRD0004301,4145-XXXX-XXXX-1628,CUS0006934,PRD-DC02,ACC00009554,Debit,2025-12-04,2029-10-08,0.0,0.0,Active
CRD0004302,4663-XXXX-XXXX-8044,CUS0001053,PRD-CC04,,Credit,2024-10-16,2028-06-26,405579.32,70891.97,Active
CRD0004303,4204-XXXX-XXXX-2568,CUS0001884,PRD-DC02,ACC00011450,Debit,2025-10-10,2030-11-27,0.0,0.0,Active
CRD0004304,5189-XXXX-XXXX-9549,CUS0006736,PRD-DC01,,Debit,2026-02-17,2027-01-01,0.0,0.0,Active
CRD0004305,5494-XXXX-XXXX-6293,CUS0003711,PRD-DC01,ACC00007883,Debit,2024-11-19,2026-06-02,0.0,0.0,Active
CRD0004306,5879-XXXX-XXXX-8382,CUS0001932,PRD-CC03,,Credit,2023-04-04,2030-12-28,1178867.82,46468.41,Active
CRD0004307,4976-XXXX-XXXX-6534,CUS0008988,PRD-CC04,,Credit,2022-09-10,2029-02-08,1001764.72,73631.29,Active
CRD0004308,5156-XXXX-XXXX-4470,CUS0003140,PRD-CC03,,Credit,2021-11-15,2027-08-28,1134333.82,151905.26,Active
CRD0004309,5109-XXXX-XXXX-7945,CUS0004389,PRD-CC02,,Credit,2020-09-05,2030-03-09,1068588.31,39981.09,Active
CRD0004310,4926-XXXX-XXXX-2058,CUS0000120,PRD-DC01,ACC00004240,Debit,2026-01-26,2030-08-20,0.0,0.0,Active
CRD0004311,5623-XXXX-XXXX-2589,CUS0009316,PRD-CC02,,Credit,2025-12-27,2028-03-28,721547.26,42808.35,Active
CRD0004312,5667-XXXX-XXXX-9375,CUS0001953,PRD-CC04,,Credit,2021-12-30,2027-01-13,1339121.59,13802.25,Active
CRD0004313,5730-XXXX-XXXX-8645,CUS0006551,PRD-CC04,,Credit,2020-10-23,2030-05-04,1248420.22,67057.06,Active
CRD0004314,4307-XXXX-XXXX-9727,CUS0006303,PRD-CC01,,Credit,2020-12-06,2028-08-27,1248151.32,160692.33,Active
CRD0004315,4766-XXXX-XXXX-6774,CUS0003421,PRD-CC01,,Credit,2023-12-03,2027-04-09,808049.03,64688.09,Active
CRD0004316,4956-XXXX-XXXX-9655,CUS0006992,PRD-DC01,ACC00000085,Debit,2024-03-20,2027-04-13,0.0,0.0,Active
CRD0004317,4236-XXXX-XXXX-5854,CUS0006489,PRD-CC02,,Credit,2021-03-17,2030-09-02,572742.26,19083.29,Active
CRD0004318,5338-XXXX-XXXX-3488,CUS0007911,PRD-CC04,,Credit,2020-08-06,2027-05-21,193490.75,37113.57,Active
CRD0004319,4746-XXXX-XXXX-5459,CUS0008346,PRD-DC02,ACC00011283,Debit,2024-01-31,2026-08-29,0.0,0.0,Active
CRD0004320,5779-XXXX-XXXX-2966,CUS0002039,PRD-CC04,,Credit,2022-07-21,2030-06-07,875734.17,157505.56,Active
CRD0004321,5483-XXXX-XXXX-7465,CUS0009690,PRD-CC02,,Credit,2021-03-15,2030-01-09,759638.43,144442.16,Active
CRD0004322,5259-XXXX-XXXX-8425,CUS0008505,PRD-CC01,,Credit,2024-01-07,2029-01-25,288730.48,19168.34,Active
CRD0004323,5825-XXXX-XXXX-6106,CUS0002526,PRD-CC03,,Credit,2023-03-04,2026-08-03,435037.88,19302.35,Active
CRD0004324,4496-XXXX-XXXX-5740,CUS0009648,PRD-CC02,,Credit,2024-12-09,2029-09-25,1175097.18,193066.34,Active
CRD0004325,4983-XXXX-XXXX-3523,CUS0008782,PRD-DC01,,Debit,2023-07-01,2027-05-28,0.0,0.0,Active
CRD0004326,4212-XXXX-XXXX-8738,CUS0007850,PRD-CC02,,Credit,2025-04-15,2028-05-04,801802.0,27105.11,Active
CRD0004327,5473-XXXX-XXXX-6979,CUS0009163,PRD-CC02,,Credit,2023-12-02,2030-08-02,974527.49,18262.94,Active
CRD0004328,5242-XXXX-XXXX-7635,CUS0008436,PRD-CC02,,Credit,2022-05-26,2029-07-23,1240249.74,114851.54,Active
CRD0004329,4492-XXXX-XXXX-6550,CUS0005656,PRD-CC02,,Credit,2024-11-20,2027-11-14,243142.34,39066.16,Active
CRD0004330,5667-XXXX-XXXX-9603,CUS0001580,PRD-DC02,,Debit,2022-01-12,2026-08-01,0.0,0.0,Active
CRD0004331,5543-XXXX-XXXX-3538,CUS0009646,PRD-DC01,ACC00000249,Debit,2022-12-28,2027-12-27,0.0,0.0,Active
CRD0004332,4397-XXXX-XXXX-7385,CUS0000168,PRD-CC04,,Credit,2022-04-24,2027-07-29,685432.48,170056.47,Active
CRD0004333,4147-XXXX-XXXX-2517,CUS0006504,PRD-CC01,,Credit,2023-01-15,2030-06-07,1403606.75,62684.53,Active
CRD0004334,4761-XXXX-XXXX-9141,CUS0002102,PRD-CC04,,Credit,2021-09-04,2028-12-03,943336.26,150029.72,Active
CRD0004335,4686-XXXX-XXXX-8370,CUS0002061,PRD-DC02,,Debit,2023-08-09,2030-04-21,0.0,0.0,Active
CRD0004336,4934-XXXX-XXXX-3831,CUS0009238,PRD-CC01,,Credit,2020-10-10,2030-04-02,1090487.97,74330.56,Active
CRD0004337,5102-XXXX-XXXX-2578,CUS0005329,PRD-CC04,,Credit,2022-05-08,2027-06-01,1213380.3,135538.75,Active
CRD0004338,4453-XXXX-XXXX-5001,CUS0008500,PRD-CC03,,Credit,2026-01-18,2028-08-27,459336.17,83060.99,Active
CRD0004339,4539-XXXX-XXXX-8735,CUS0002214,PRD-DC02,ACC00000922,Debit,2023-06-07,2027-07-11,0.0,0.0,Active
CRD0004340,5358-XXXX-XXXX-6718,CUS0003647,PRD-DC02,ACC00017414,Debit,2024-12-20,2029-06-13,0.0,0.0,Expired
CRD0004341,5504-XXXX-XXXX-9318,CUS0000086,PRD-CC01,,Credit,2023-10-08,2029-04-22,897206.86,118254.36,Active
CRD0004342,5260-XXXX-XXXX-7375,CUS0009180,PRD-CC03,,Credit,2024-04-13,2029-07-27,1259275.97,93510.9,Active
CRD0004343,4225-XXXX-XXXX-7286,CUS0003236,PRD-CC03,,Credit,2023-02-15,2028-02-15,1094096.81,176605.33,Active
CRD0004344,5664-XXXX-XXXX-8849,CUS0000589,PRD-DC01,ACC00001088,Debit,2020-07-11,2030-04-23,0.0,0.0,Active
CRD0004345,5151-XXXX-XXXX-3335,CUS0001097,PRD-DC01,ACC00008303,Debit,2021-11-30,2027-02-19,0.0,0.0,Active
CRD0004346,4914-XXXX-XXXX-4275,CUS0004161,PRD-CC01,,Credit,2022-07-24,2030-07-14,1403276.3,168602.57,Active
CRD0004347,5401-XXXX-XXXX-2446,CUS0005877,PRD-DC01,ACC00002682,Debit,2022-04-09,2030-02-23,0.0,0.0,Active
CRD0004348,5815-XXXX-XXXX-9650,CUS0000004,PRD-CC04,,Credit,2024-04-04,2028-05-26,654824.78,105643.25,Active
CRD0004349,4753-XXXX-XXXX-2880,CUS0002529,PRD-CC01,,Credit,2025-08-10,2029-12-05,639934.44,103091.97,Active
CRD0004350,5645-XXXX-XXXX-9146,CUS0000792,PRD-DC02,ACC00005720,Debit,2025-11-14,2028-01-10,0.0,0.0,Active
CRD0004351,5222-XXXX-XXXX-6917,CUS0000528,PRD-CC04,,Credit,2023-11-26,2027-12-18,1266988.82,17150.37,Active
CRD0004352,4667-XXXX-XXXX-9406,CUS0007215,PRD-DC01,ACC00012235,Debit,2025-02-19,2027-06-30,0.0,0.0,Active
CRD0004353,5733-XXXX-XXXX-9021,CUS0002481,PRD-CC01,,Credit,2024-08-25,2029-11-12,1169485.97,197801.67,Active
CRD0004354,5527-XXXX-XXXX-8364,CUS0002874,PRD-CC02,,Credit,2021-02-03,2028-07-27,911313.96,125650.77,Active
CRD0004355,5987-XXXX-XXXX-3562,CUS0006993,PRD-DC01,ACC00017513,Debit,2024-02-11,2027-07-14,0.0,0.0,Active
CRD0004356,4807-XXXX-XXXX-2875,CUS0006153,PRD-CC02,,Credit,2022-10-22,2030-04-09,951660.1,163427.07,Active
CRD0004357,5612-XXXX-XXXX-2609,CUS0002476,PRD-CC01,,Credit,2023-09-02,2026-05-19,819871.55,173228.81,Active
CRD0004358,5442-XXXX-XXXX-5919,CUS0002582,PRD-CC02,,Credit,2022-02-11,2029-09-19,61344.01,61041.49,Active
CRD0004359,4159-XXXX-XXXX-3961,CUS0007883,PRD-DC01,ACC00016693,Debit,2024-09-10,2029-12-12,0.0,0.0,Active
CRD0004360,4775-XXXX-XXXX-9998,CUS0006308,PRD-CC02,,Credit,2020-05-13,2027-06-29,1484949.75,130439.72,Active
CRD0004361,5387-XXXX-XXXX-8295,CUS0003297,PRD-CC04,,Credit,2023-02-25,2029-01-24,178628.12,115284.71,Active
CRD0004362,4641-XXXX-XXXX-5074,CUS0009999,PRD-CC04,,Credit,2022-12-21,2027-03-07,805710.9,70087.91,Active
CRD0004363,4762-XXXX-XXXX-3305,CUS0003684,PRD-DC02,ACC00008982,Debit,2021-07-04,2029-07-19,0.0,0.0,Active
CRD0004364,5677-XXXX-XXXX-1812,CUS0006869,PRD-CC04,,Credit,2025-02-21,2028-11-03,52661.36,72068.22,Active
CRD0004365,5466-XXXX-XXXX-8637,CUS0007311,PRD-DC01,ACC00003293,Debit,2026-03-21,2029-01-03,0.0,0.0,Active
CRD0004366,4377-XXXX-XXXX-1617,CUS0008970,PRD-CC02,,Credit,2023-08-20,2026-09-09,518041.92,11816.72,Active
CRD0004367,4240-XXXX-XXXX-8819,CUS0008812,PRD-DC01,ACC00006241,Debit,2023-07-03,2028-09-21,0.0,0.0,Active
CRD0004368,5874-XXXX-XXXX-7942,CUS0005498,PRD-CC04,,Credit,2025-08-22,2028-10-21,935043.81,78404.54,Active
CRD0004369,4520-XXXX-XXXX-2558,CUS0004441,PRD-DC02,,Debit,2026-04-15,2026-08-30,0.0,0.0,Active
CRD0004370,5337-XXXX-XXXX-5493,CUS0006493,PRD-DC02,ACC00012587,Debit,2021-03-22,2030-11-03,0.0,0.0,Active
CRD0004371,5475-XXXX-XXXX-9941,CUS0008048,PRD-DC01,,Debit,2023-07-27,2030-05-18,0.0,0.0,Active
CRD0004372,5292-XXXX-XXXX-3711,CUS0004186,PRD-CC04,,Credit,2021-08-06,2029-09-27,1368856.57,118727.14,Active
CRD0004373,5452-XXXX-XXXX-5256,CUS0001625,PRD-CC02,,Credit,2024-09-30,2028-05-12,1287970.25,189396.46,Active
CRD0004374,4858-XXXX-XXXX-3994,CUS0003033,PRD-CC02,,Credit,2023-03-14,2028-05-28,736469.75,170604.7,Active
CRD0004375,4946-XXXX-XXXX-4519,CUS0006067,PRD-DC01,ACC00002156,Debit,2025-02-26,2030-06-13,0.0,0.0,Active
CRD0004376,4756-XXXX-XXXX-5580,CUS0006891,PRD-CC01,,Credit,2020-02-14,2026-10-29,1232136.33,110936.82,Active
CRD0004377,5335-XXXX-XXXX-8442,CUS0003020,PRD-DC01,,Debit,2024-03-20,2027-07-28,0.0,0.0,Active
CRD0004378,4755-XXXX-XXXX-8420,CUS0001028,PRD-CC02,,Credit,2020-12-23,2027-09-04,1044924.39,154454.39,Active
CRD0004379,4464-XXXX-XXXX-9682,CUS0007749,PRD-CC02,,Credit,2021-05-08,2027-04-17,478661.99,107492.81,Active
CRD0004380,4882-XXXX-XXXX-9641,CUS0009555,PRD-CC02,,Credit,2025-10-09,2030-03-10,737228.03,138049.67,Active
CRD0004381,4590-XXXX-XXXX-6060,CUS0006206,PRD-CC02,,Credit,2020-07-05,2029-07-30,256978.03,11252.0,Active
CRD0004382,5121-XXXX-XXXX-7644,CUS0009612,PRD-CC03,,Credit,2022-12-23,2029-12-26,369175.25,188573.86,Active
CRD0004383,4396-XXXX-XXXX-3967,CUS0007592,PRD-DC02,ACC00003099,Debit,2020-09-01,2029-09-18,0.0,0.0,Active
CRD0004384,4122-XXXX-XXXX-8421,CUS0002238,PRD-DC02,ACC00012792,Debit,2024-11-25,2028-08-18,0.0,0.0,Active
CRD0004385,4286-XXXX-XXXX-6182,CUS0006070,PRD-CC01,,Credit,2022-11-07,2027-04-20,783346.4,79742.12,Active
CRD0004386,5924-XXXX-XXXX-7690,CUS0003963,PRD-CC04,,Credit,2026-03-10,2030-07-27,1114570.91,62113.84,Active
CRD0004387,5387-XXXX-XXXX-2720,CUS0003491,PRD-CC04,,Credit,2021-08-16,2029-12-21,509299.44,145740.56,Active
CRD0004388,5850-XXXX-XXXX-9483,CUS0009719,PRD-CC01,,Credit,2023-12-07,2028-02-04,978629.6,158418.47,Active
CRD0004389,4395-XXXX-XXXX-9519,CUS0003011,PRD-CC01,,Credit,2024-11-25,2028-12-11,1086257.44,63437.4,Active
CRD0004390,4920-XXXX-XXXX-5630,CUS0001300,PRD-DC01,ACC00004244,Debit,2025-01-24,2028-07-23,0.0,0.0,Active
CRD0004391,5252-XXXX-XXXX-2433,CUS0008533,PRD-DC02,,Debit,2020-11-16,2028-12-28,0.0,0.0,Active
CRD0004392,4338-XXXX-XXXX-8891,CUS0007652,PRD-CC02,,Credit,2020-02-08,2026-07-29,1145794.95,29883.75,Expired
CRD0004393,4830-XXXX-XXXX-6719,CUS0005901,PRD-CC03,,Credit,2021-05-30,2027-07-29,1479186.62,156735.55,Active
CRD0004394,5285-XXXX-XXXX-5184,CUS0002948,PRD-CC02,,Credit,2026-04-21,2029-03-04,222842.62,177879.78,Active
CRD0004395,5214-XXXX-XXXX-2078,CUS0000489,PRD-CC03,,Credit,2023-12-10,2026-12-22,1294587.91,143775.05,Active
CRD0004396,4204-XXXX-XXXX-9932,CUS0003789,PRD-DC01,ACC00002483,Debit,2022-09-15,2027-07-27,0.0,0.0,Active
CRD0004397,4631-XXXX-XXXX-3277,CUS0005214,PRD-DC02,ACC00008485,Debit,2025-01-12,2030-01-18,0.0,0.0,Active
CRD0004398,4151-XXXX-XXXX-7212,CUS0007229,PRD-DC01,ACC00008797,Debit,2024-01-15,2030-07-02,0.0,0.0,Active
CRD0004399,4501-XXXX-XXXX-1906,CUS0003271,PRD-CC03,,Credit,2023-04-07,2030-11-23,524862.24,123364.56,Active
CRD0004400,5139-XXXX-XXXX-1719,CUS0002470,PRD-DC01,,Debit,2024-01-23,2026-05-15,0.0,0.0,Active
CRD0004401,4730-XXXX-XXXX-5034,CUS0001339,PRD-CC01,,Credit,2022-10-16,2029-09-15,1466516.77,125362.32,Active
CRD0004402,5948-XXXX-XXXX-1264,CUS0004028,PRD-CC03,,Credit,2022-11-03,2026-07-23,618657.82,169645.84,Active
CRD0004403,5541-XXXX-XXXX-9090,CUS0007758,PRD-DC01,ACC00012528,Debit,2020-11-21,2030-07-02,0.0,0.0,Active
CRD0004404,4571-XXXX-XXXX-5249,CUS0009493,PRD-CC01,,Credit,2021-10-14,2028-05-29,1422390.04,67599.95,Active
CRD0004405,4646-XXXX-XXXX-8916,CUS0009191,PRD-DC02,ACC00007812,Debit,2024-12-17,2027-12-09,0.0,0.0,Expired
CRD0004406,4338-XXXX-XXXX-8988,CUS0009660,PRD-CC02,,Credit,2021-08-17,2029-09-17,976045.41,195391.4,Active
CRD0004407,4765-XXXX-XXXX-6585,CUS0002687,PRD-CC03,,Credit,2024-06-27,2029-07-07,1268868.45,177371.96,Active
CRD0004408,4759-XXXX-XXXX-9936,CUS0004167,PRD-CC01,,Credit,2024-10-21,2029-05-10,1047536.1,79715.99,Active
CRD0004409,5633-XXXX-XXXX-2351,CUS0006326,PRD-DC02,,Debit,2022-01-08,2029-06-23,0.0,0.0,Blocked
CRD0004410,4976-XXXX-XXXX-3974,CUS0006027,PRD-CC02,,Credit,2024-10-27,2029-05-31,1166514.96,176417.77,Expired
CRD0004411,5449-XXXX-XXXX-1172,CUS0009145,PRD-CC03,,Credit,2020-12-10,2028-05-06,711344.65,112395.42,Active
CRD0004412,4425-XXXX-XXXX-2510,CUS0002044,PRD-CC01,,Credit,2023-01-06,2027-01-13,647580.11,122421.22,Active
CRD0004413,4932-XXXX-XXXX-5440,CUS0003076,PRD-DC01,ACC00016441,Debit,2024-06-10,2027-05-11,0.0,0.0,Active
CRD0004414,5108-XXXX-XXXX-6527,CUS0004561,PRD-DC02,ACC00004515,Debit,2026-03-02,2028-07-22,0.0,0.0,Active
CRD0004415,5351-XXXX-XXXX-6704,CUS0004640,PRD-DC01,,Debit,2021-07-26,2030-10-21,0.0,0.0,Active
CRD0004416,5613-XXXX-XXXX-1852,CUS0006723,PRD-CC03,,Credit,2024-11-18,2029-08-02,310940.36,166050.47,Expired
CRD0004417,4177-XXXX-XXXX-9964,CUS0000410,PRD-CC03,,Credit,2024-06-12,2028-03-16,87455.6,43794.87,Active
CRD0004418,5171-XXXX-XXXX-1612,CUS0009341,PRD-DC02,ACC00003144,Debit,2021-10-07,2029-04-23,0.0,0.0,Active
CRD0004419,4744-XXXX-XXXX-7816,CUS0007594,PRD-CC02,,Credit,2021-03-30,2028-05-05,1316022.06,142084.27,Active
CRD0004420,5625-XXXX-XXXX-7889,CUS0002345,PRD-CC03,,Credit,2025-06-11,2026-12-19,1207015.7,67501.13,Active
CRD0004421,4640-XXXX-XXXX-6866,CUS0008878,PRD-CC04,,Credit,2022-02-21,2029-12-17,738126.93,20115.51,Active
CRD0004422,5598-XXXX-XXXX-5791,CUS0002394,PRD-CC01,,Credit,2021-07-28,2028-11-13,538982.14,139249.49,Active
CRD0004423,5383-XXXX-XXXX-9006,CUS0007926,PRD-CC02,,Credit,2020-05-22,2027-09-06,1126739.42,159724.88,Active
CRD0004424,4754-XXXX-XXXX-7348,CUS0009910,PRD-CC03,,Credit,2026-03-16,2027-02-04,1129857.49,152375.03,Active
CRD0004425,5215-XXXX-XXXX-3366,CUS0000602,PRD-CC02,,Credit,2025-11-24,2027-02-09,591921.64,7709.74,Active
CRD0004426,4260-XXXX-XXXX-8364,CUS0009941,PRD-CC02,,Credit,2020-09-14,2028-03-09,576165.56,63436.95,Active
CRD0004427,5156-XXXX-XXXX-4207,CUS0006586,PRD-DC02,ACC00004784,Debit,2023-10-14,2029-07-22,0.0,0.0,Active
CRD0004428,4344-XXXX-XXXX-7830,CUS0005293,PRD-CC03,,Credit,2023-03-25,2027-04-22,592221.93,80021.37,Active
CRD0004429,4767-XXXX-XXXX-4451,CUS0007670,PRD-DC01,ACC00012914,Debit,2023-02-24,2030-08-29,0.0,0.0,Active
CRD0004430,5630-XXXX-XXXX-1967,CUS0006921,PRD-CC03,,Credit,2021-11-07,2028-11-15,122968.39,6328.93,Active
CRD0004431,4510-XXXX-XXXX-9956,CUS0006931,PRD-CC04,,Credit,2022-11-10,2028-08-09,1228150.58,120177.86,Active
CRD0004432,5491-XXXX-XXXX-7084,CUS0008210,PRD-DC01,ACC00008153,Debit,2023-04-01,2030-02-18,0.0,0.0,Active
CRD0004433,5204-XXXX-XXXX-3571,CUS0006126,PRD-CC02,,Credit,2024-01-01,2028-02-02,805748.6,16797.05,Active
CRD0004434,5763-XXXX-XXXX-7656,CUS0004117,PRD-CC02,,Credit,2025-05-05,2030-06-11,535572.52,33184.26,Active
CRD0004435,5662-XXXX-XXXX-7293,CUS0008853,PRD-DC01,ACC00010781,Debit,2020-05-28,2028-07-29,0.0,0.0,Active
CRD0004436,5675-XXXX-XXXX-7212,CUS0007841,PRD-CC01,,Credit,2024-07-13,2027-06-15,898223.28,109627.49,Active
CRD0004437,4248-XXXX-XXXX-2277,CUS0001448,PRD-CC01,,Credit,2021-10-25,2028-12-06,450764.91,142607.29,Active
CRD0004438,5279-XXXX-XXXX-4696,CUS0004960,PRD-DC01,ACC00008558,Debit,2020-06-27,2029-02-15,0.0,0.0,Active
CRD0004439,4563-XXXX-XXXX-5955,CUS0006583,PRD-DC01,ACC00007894,Debit,2021-12-23,2028-03-23,0.0,0.0,Active
CRD0004440,4965-XXXX-XXXX-3919,CUS0001627,PRD-CC02,,Credit,2022-01-02,2027-08-13,283564.17,157078.14,Active
CRD0004441,4820-XXXX-XXXX-7665,CUS0009128,PRD-CC01,,Credit,2021-12-13,2028-02-13,40174.65,45783.83,Active
CRD0004442,4253-XXXX-XXXX-6583,CUS0005246,PRD-DC01,ACC00007783,Debit,2023-11-25,2026-06-03,0.0,0.0,Active
CRD0004443,5736-XXXX-XXXX-3523,CUS0008888,PRD-DC02,ACC00007319,Debit,2024-10-04,2026-10-15,0.0,0.0,Active
CRD0004444,4253-XXXX-XXXX-7616,CUS0001147,PRD-DC02,ACC00000225,Debit,2024-03-15,2030-09-28,0.0,0.0,Active
CRD0004445,4253-XXXX-XXXX-3279,CUS0002284,PRD-CC04,,Credit,2020-01-17,2027-03-01,422508.91,151431.47,Active
CRD0004446,5581-XXXX-XXXX-4446,CUS0006909,PRD-DC01,ACC00013178,Debit,2023-07-01,2029-07-17,0.0,0.0,Active
CRD0004447,4570-XXXX-XXXX-4309,CUS0002093,PRD-DC02,ACC00009200,Debit,2023-07-28,2027-02-04,0.0,0.0,Active
CRD0004448,5714-XXXX-XXXX-7572,CUS0001751,PRD-CC01,,Credit,2025-08-22,2029-09-02,710293.8,81272.32,Active
CRD0004449,4127-XXXX-XXXX-8926,CUS0000632,PRD-DC02,ACC00007121,Debit,2026-02-14,2029-04-21,0.0,0.0,Active
CRD0004450,5485-XXXX-XXXX-6623,CUS0009221,PRD-CC01,,Credit,2023-11-20,2027-12-24,27085.29,75760.47,Active
CRD0004451,5925-XXXX-XXXX-8060,CUS0006617,PRD-CC03,,Credit,2021-04-01,2027-03-10,1090742.12,36778.09,Active
CRD0004452,5541-XXXX-XXXX-6801,CUS0006935,PRD-CC04,,Credit,2022-07-31,2030-09-12,1413911.96,100041.1,Active
CRD0004453,4327-XXXX-XXXX-7337,CUS0004264,PRD-DC01,ACC00002927,Debit,2022-01-05,2029-02-06,0.0,0.0,Active
CRD0004454,5540-XXXX-XXXX-6249,CUS0004213,PRD-CC02,,Credit,2022-11-25,2027-10-11,75201.93,45623.24,Active
CRD0004455,4286-XXXX-XXXX-2188,CUS0007309,PRD-DC01,ACC00008948,Debit,2025-01-30,2030-04-01,0.0,0.0,Active
CRD0004456,4778-XXXX-XXXX-1083,CUS0004133,PRD-DC01,ACC00016104,Debit,2024-02-12,2029-04-15,0.0,0.0,Active
CRD0004457,5837-XXXX-XXXX-5635,CUS0005590,PRD-DC01,ACC00015109,Debit,2024-11-14,2027-11-22,0.0,0.0,Active
CRD0004458,4381-XXXX-XXXX-1569,CUS0003594,PRD-DC01,ACC00011632,Debit,2022-11-16,2026-09-09,0.0,0.0,Active
CRD0004459,4110-XXXX-XXXX-6933,CUS0009758,PRD-CC02,,Credit,2025-11-28,2029-09-03,775577.14,112128.12,Active
CRD0004460,5311-XXXX-XXXX-6141,CUS0004241,PRD-DC01,ACC00006183,Debit,2021-02-08,2030-03-09,0.0,0.0,Active
CRD0004461,4807-XXXX-XXXX-1439,CUS0005344,PRD-CC01,,Credit,2020-09-05,2028-08-30,588156.17,155145.69,Blocked
CRD0004462,5639-XXXX-XXXX-7694,CUS0005872,PRD-CC01,,Credit,2023-12-08,2030-10-21,606618.31,116091.13,Active
CRD0004463,5163-XXXX-XXXX-6350,CUS0000874,PRD-DC01,,Debit,2025-04-24,2029-07-14,0.0,0.0,Active
CRD0004464,5247-XXXX-XXXX-3168,CUS0004264,PRD-CC02,,Credit,2020-01-31,2027-11-26,865707.64,50262.53,Active
CRD0004465,5191-XXXX-XXXX-9981,CUS0007683,PRD-CC03,,Credit,2025-11-01,2028-07-10,21785.15,96069.92,Active
CRD0004466,4714-XXXX-XXXX-2997,CUS0003320,PRD-DC02,ACC00001166,Debit,2021-08-03,2030-02-04,0.0,0.0,Blocked
CRD0004467,4839-XXXX-XXXX-9212,CUS0009189,PRD-CC01,,Credit,2023-05-02,2027-11-01,348172.85,79196.56,Active
CRD0004468,5963-XXXX-XXXX-9298,CUS0008967,PRD-DC02,ACC00005082,Debit,2022-01-01,2029-10-25,0.0,0.0,Active
CRD0004469,4263-XXXX-XXXX-8889,CUS0006872,PRD-DC02,ACC00009965,Debit,2023-09-27,2030-04-20,0.0,0.0,Active
CRD0004470,4994-XXXX-XXXX-2619,CUS0007094,PRD-CC01,,Credit,2024-03-15,2027-07-05,648852.03,85662.64,Active
CRD0004471,5203-XXXX-XXXX-1547,CUS0004114,PRD-CC03,,Credit,2024-05-24,2028-06-04,254923.06,152870.34,Active
CRD0004472,4939-XXXX-XXXX-7531,CUS0001987,PRD-CC01,,Credit,2022-05-31,2028-11-28,1029536.19,31490.81,Active
CRD0004473,5493-XXXX-XXXX-5759,CUS0009999,PRD-CC04,,Credit,2025-12-06,2026-06-28,56031.81,131583.41,Active
CRD0004474,4642-XXXX-XXXX-7078,CUS0009738,PRD-CC04,,Credit,2025-02-14,2027-02-06,1080355.49,65413.62,Active
CRD0004475,4533-XXXX-XXXX-4208,CUS0007842,PRD-CC03,,Credit,2023-10-31,2030-03-03,1127702.53,43256.44,Active
CRD0004476,4956-XXXX-XXXX-9889,CUS0004447,PRD-DC02,ACC00008811,Debit,2020-01-20,2027-04-28,0.0,0.0,Active
CRD0004477,4241-XXXX-XXXX-1245,CUS0009635,PRD-DC01,ACC00003643,Debit,2022-11-27,2029-02-21,0.0,0.0,Active
CRD0004478,4990-XXXX-XXXX-2993,CUS0000691,PRD-DC02,,Debit,2023-10-05,2028-12-14,0.0,0.0,Active
CRD0004479,4733-XXXX-XXXX-5424,CUS0004877,PRD-CC01,,Credit,2022-06-07,2026-11-28,459331.54,145955.28,Active
CRD0004480,4911-XXXX-XXXX-4855,CUS0005352,PRD-CC03,,Credit,2025-09-25,2027-11-05,819183.37,28345.65,Active
CRD0004481,4561-XXXX-XXXX-5145,CUS0007856,PRD-DC01,ACC00011035,Debit,2021-11-12,2027-01-27,0.0,0.0,Active
CRD0004482,5858-XXXX-XXXX-3714,CUS0004535,PRD-CC02,,Credit,2020-01-27,2028-03-07,204881.07,161196.62,Active
CRD0004483,5761-XXXX-XXXX-4927,CUS0004822,PRD-DC01,ACC00004809,Debit,2020-10-19,2030-11-15,0.0,0.0,Active
CRD0004484,4573-XXXX-XXXX-8938,CUS0001329,PRD-DC02,ACC00014206,Debit,2024-10-03,2030-11-09,0.0,0.0,Active
CRD0004485,4274-XXXX-XXXX-2845,CUS0005147,PRD-CC04,,Credit,2025-06-27,2027-12-20,933878.01,132120.75,Active
CRD0004486,4287-XXXX-XXXX-5766,CUS0008267,PRD-CC01,,Credit,2020-04-24,2029-02-23,1286089.05,52836.31,Active
CRD0004487,4470-XXXX-XXXX-2225,CUS0000420,PRD-CC03,,Credit,2021-02-11,2029-10-19,935658.74,68591.76,Active
CRD0004488,4650-XXXX-XXXX-2757,CUS0008951,PRD-CC01,,Credit,2022-11-18,2030-02-17,649554.6,78605.59,Active
CRD0004489,4477-XXXX-XXXX-3353,CUS0009334,PRD-DC01,ACC00008260,Debit,2021-05-31,2029-12-17,0.0,0.0,Active
CRD0004490,4100-XXXX-XXXX-4506,CUS0000241,PRD-DC01,ACC00003392,Debit,2022-06-12,2028-07-13,0.0,0.0,Active
CRD0004491,4555-XXXX-XXXX-8333,CUS0008997,PRD-CC02,,Credit,2023-12-22,2026-06-19,772055.14,145290.36,Blocked
CRD0004492,4536-XXXX-XXXX-5581,CUS0009353,PRD-CC02,,Credit,2022-11-30,2029-06-16,760346.93,71666.14,Expired
CRD0004493,4732-XXXX-XXXX-2903,CUS0009215,PRD-DC02,ACC00009932,Debit,2021-01-21,2027-08-04,0.0,0.0,Active
CRD0004494,4104-XXXX-XXXX-8963,CUS0005467,PRD-DC01,ACC00015384,Debit,2021-05-24,2029-03-07,0.0,0.0,Active
CRD0004495,4280-XXXX-XXXX-1228,CUS0004682,PRD-DC01,ACC00000415,Debit,2025-05-22,2027-11-02,0.0,0.0,Active
CRD0004496,5344-XXXX-XXXX-6514,CUS0006915,PRD-DC01,ACC00010983,Debit,2021-06-08,2028-04-30,0.0,0.0,Active
CRD0004497,4982-XXXX-XXXX-1376,CUS0003708,PRD-DC02,ACC00000242,Debit,2024-02-26,2030-04-01,0.0,0.0,Blocked
CRD0004498,4675-XXXX-XXXX-6352,CUS0007340,PRD-CC02,,Credit,2020-04-12,2030-08-11,276545.39,138925.93,Active
CRD0004499,4359-XXXX-XXXX-2300,CUS0007749,PRD-CC03,,Credit,2022-10-31,2029-01-19,495576.73,135762.34,Active
CRD0004500,5680-XXXX-XXXX-3339,CUS0002692,PRD-DC02,ACC00010919,Debit,2022-12-24,2027-09-15,0.0,0.0,Active
CRD0004501,5609-XXXX-XXXX-8437,CUS0000365,PRD-DC02,ACC00011386,Debit,2023-10-15,2030-05-09,0.0,0.0,Active
CRD0004502,5251-XXXX-XXXX-3658,CUS0002596,PRD-DC02,,Debit,2020-05-24,2026-08-21,0.0,0.0,Active
CRD0004503,4147-XXXX-XXXX-5725,CUS0001068,PRD-DC02,ACC00015483,Debit,2024-02-29,2028-12-20,0.0,0.0,Active
CRD0004504,4913-XXXX-XXXX-1886,CUS0009925,PRD-CC03,,Credit,2021-09-04,2026-10-03,1036252.61,44797.47,Active
CRD0004505,5549-XXXX-XXXX-6527,CUS0008106,PRD-DC01,ACC00003225,Debit,2022-09-20,2028-01-26,0.0,0.0,Active
CRD0004506,4853-XXXX-XXXX-3538,CUS0009979,PRD-DC02,ACC00010011,Debit,2023-03-05,2028-03-01,0.0,0.0,Active
CRD0004507,4855-XXXX-XXXX-1544,CUS0002468,PRD-CC02,,Credit,2026-03-09,2026-12-18,211965.44,40104.96,Expired
CRD0004508,5672-XXXX-XXXX-1227,CUS0005464,PRD-CC01,,Credit,2023-06-01,2029-02-24,588385.3,54788.15,Active
CRD0004509,4715-XXXX-XXXX-6900,CUS0003499,PRD-DC01,ACC00003146,Debit,2022-06-18,2030-08-05,0.0,0.0,Active
CRD0004510,5629-XXXX-XXXX-2607,CUS0009231,PRD-DC01,ACC00009762,Debit,2021-06-26,2027-08-03,0.0,0.0,Blocked
CRD0004511,5685-XXXX-XXXX-3485,CUS0003093,PRD-CC04,,Credit,2020-10-13,2029-01-04,633463.29,134733.87,Active
CRD0004512,4136-XXXX-XXXX-9644,CUS0002533,PRD-DC01,ACC00001187,Debit,2021-03-19,2030-04-24,0.0,0.0,Active
CRD0004513,5375-XXXX-XXXX-8483,CUS0006369,PRD-DC01,ACC00013218,Debit,2022-09-12,2028-09-27,0.0,0.0,Active
CRD0004514,5948-XXXX-XXXX-9178,CUS0000162,PRD-CC03,,Credit,2021-10-10,2026-09-09,625232.51,44440.83,Active
CRD0004515,5549-XXXX-XXXX-9238,CUS0003556,PRD-DC01,ACC00007896,Debit,2021-06-02,2030-10-31,0.0,0.0,Active
CRD0004516,5184-XXXX-XXXX-7376,CUS0009815,PRD-DC02,,Debit,2024-02-18,2029-06-13,0.0,0.0,Active
CRD0004517,5477-XXXX-XXXX-2546,CUS0000440,PRD-CC01,,Credit,2022-05-22,2030-10-28,308283.21,34446.84,Active
CRD0004518,4482-XXXX-XXXX-4553,CUS0009400,PRD-DC02,,Debit,2022-02-11,2027-02-13,0.0,0.0,Active
CRD0004519,4395-XXXX-XXXX-7608,CUS0004068,PRD-CC02,,Credit,2024-01-20,2027-06-04,1491720.34,45459.54,Active
CRD0004520,4150-XXXX-XXXX-4907,CUS0003356,PRD-CC02,,Credit,2024-04-21,2028-02-10,1090214.05,6298.28,Active
CRD0004521,5243-XXXX-XXXX-1429,CUS0008257,PRD-DC01,ACC00004654,Debit,2020-02-14,2029-11-17,0.0,0.0,Active
CRD0004522,4314-XXXX-XXXX-5688,CUS0006569,PRD-CC03,,Credit,2020-09-10,2026-08-22,1045950.14,120631.27,Active
CRD0004523,4619-XXXX-XXXX-9461,CUS0001939,PRD-CC02,,Credit,2023-10-23,2030-09-07,187740.84,192175.08,Active
CRD0004524,5798-XXXX-XXXX-8243,CUS0005350,PRD-CC04,,Credit,2020-04-23,2027-01-08,382901.56,111410.54,Active
CRD0004525,5234-XXXX-XXXX-5574,CUS0000918,PRD-CC03,,Credit,2026-03-12,2030-05-12,1330316.51,104638.45,Blocked
CRD0004526,4901-XXXX-XXXX-2154,CUS0000097,PRD-CC01,,Credit,2020-08-22,2027-08-03,1085530.52,183727.92,Active
CRD0004527,5591-XXXX-XXXX-5308,CUS0006617,PRD-CC03,,Credit,2020-10-27,2029-03-12,1102056.77,165216.75,Active
CRD0004528,5570-XXXX-XXXX-3380,CUS0009347,PRD-CC04,,Credit,2020-07-11,2027-07-09,462030.5,29533.93,Active
CRD0004529,5816-XXXX-XXXX-6987,CUS0001970,PRD-CC02,,Credit,2020-02-05,2030-01-20,776276.68,22807.15,Active
CRD0004530,4200-XXXX-XXXX-7765,CUS0002179,PRD-CC04,,Credit,2025-11-25,2026-06-02,1079215.73,90024.66,Active
CRD0004531,4737-XXXX-XXXX-8537,CUS0005840,PRD-CC01,,Credit,2020-12-15,2028-06-20,313351.71,123068.27,Expired
CRD0004532,4915-XXXX-XXXX-4872,CUS0000578,PRD-DC01,,Debit,2021-04-13,2026-07-02,0.0,0.0,Active
CRD0004533,5745-XXXX-XXXX-8145,CUS0004375,PRD-DC01,ACC00000172,Debit,2022-11-15,2029-09-16,0.0,0.0,Active
CRD0004534,5499-XXXX-XXXX-4734,CUS0007374,PRD-CC03,,Credit,2022-09-01,2029-06-16,623742.79,85021.93,Active
CRD0004535,5160-XXXX-XXXX-7485,CUS0003252,PRD-DC01,ACC00005300,Debit,2022-03-07,2028-06-12,0.0,0.0,Active
CRD0004536,4306-XXXX-XXXX-1988,CUS0006198,PRD-CC02,,Credit,2024-03-26,2029-02-14,765626.39,145849.23,Active
CRD0004537,5387-XXXX-XXXX-4292,CUS0005276,PRD-CC02,,Credit,2021-05-10,2030-04-11,1232001.7,133291.22,Active
CRD0004538,5899-XXXX-XXXX-9915,CUS0002125,PRD-CC04,,Credit,2022-03-22,2027-10-25,186930.49,36054.53,Active
CRD0004539,4329-XXXX-XXXX-1882,CUS0000312,PRD-CC03,,Credit,2023-01-13,2028-11-05,364918.87,110637.11,Active
CRD0004540,4523-XXXX-XXXX-9642,CUS0009935,PRD-CC02,,Credit,2022-09-14,2027-01-21,752111.58,193596.44,Active
CRD0004541,5336-XXXX-XXXX-2200,CUS0009560,PRD-CC01,,Credit,2022-09-21,2029-06-20,129182.86,25187.01,Active
CRD0004542,5526-XXXX-XXXX-4856,CUS0005288,PRD-CC01,,Credit,2026-01-24,2028-05-28,177845.58,96619.76,Active
CRD0004543,5337-XXXX-XXXX-6692,CUS0005547,PRD-CC04,,Credit,2020-11-17,2030-06-18,422545.03,57525.02,Active
CRD0004544,4871-XXXX-XXXX-1483,CUS0006695,PRD-DC01,ACC00017038,Debit,2024-07-04,2030-12-06,0.0,0.0,Active
CRD0004545,4460-XXXX-XXXX-9958,CUS0005102,PRD-DC01,ACC00000231,Debit,2020-11-09,2027-12-16,0.0,0.0,Active
CRD0004546,4484-XXXX-XXXX-2873,CUS0001729,PRD-CC01,,Credit,2025-06-10,2026-07-02,1133618.14,57070.54,Active
CRD0004547,4618-XXXX-XXXX-3868,CUS0001611,PRD-DC02,ACC00010933,Debit,2022-12-07,2028-02-22,0.0,0.0,Active
CRD0004548,5800-XXXX-XXXX-3458,CUS0002056,PRD-DC02,ACC00004186,Debit,2024-06-08,2029-12-14,0.0,0.0,Active
CRD0004549,4121-XXXX-XXXX-9794,CUS0004770,PRD-DC01,ACC00002511,Debit,2022-12-04,2027-05-21,0.0,0.0,Active
CRD0004550,4877-XXXX-XXXX-1356,CUS0006133,PRD-CC01,,Credit,2024-02-02,2030-07-03,343396.56,116264.83,Active
CRD0004551,4102-XXXX-XXXX-2636,CUS0009808,PRD-DC01,ACC00013098,Debit,2021-12-24,2030-09-06,0.0,0.0,Active
CRD0004552,5859-XXXX-XXXX-6110,CUS0005575,PRD-CC02,,Credit,2022-06-08,2027-10-03,52424.01,130710.13,Active
CRD0004553,5362-XXXX-XXXX-9639,CUS0002212,PRD-DC02,ACC00004587,Debit,2022-02-25,2030-07-02,0.0,0.0,Active
CRD0004554,4539-XXXX-XXXX-9178,CUS0004168,PRD-CC03,,Credit,2024-11-28,2030-02-12,100677.24,42999.44,Active
CRD0004555,5855-XXXX-XXXX-7938,CUS0004117,PRD-DC02,,Debit,2024-11-25,2028-06-04,0.0,0.0,Active
CRD0004556,4153-XXXX-XXXX-8896,CUS0005556,PRD-DC01,,Debit,2020-06-10,2028-07-20,0.0,0.0,Active
CRD0004557,4475-XXXX-XXXX-1113,CUS0000533,PRD-DC02,ACC00008296,Debit,2026-03-23,2027-12-02,0.0,0.0,Active
CRD0004558,4127-XXXX-XXXX-7009,CUS0005909,PRD-CC01,,Credit,2020-04-16,2026-05-19,873114.4,199497.63,Active
CRD0004559,4480-XXXX-XXXX-3482,CUS0002333,PRD-CC04,,Credit,2021-12-15,2030-01-08,99941.01,59183.0,Active
CRD0004560,5888-XXXX-XXXX-5653,CUS0001286,PRD-DC01,ACC00011844,Debit,2020-11-11,2029-02-16,0.0,0.0,Active
CRD0004561,4972-XXXX-XXXX-8521,CUS0004848,PRD-DC01,ACC00009631,Debit,2025-07-15,2027-05-26,0.0,0.0,Active
CRD0004562,4615-XXXX-XXXX-4476,CUS0004776,PRD-CC03,,Credit,2023-07-25,2027-08-01,187957.2,90730.08,Active
CRD0004563,4469-XXXX-XXXX-8426,CUS0007336,PRD-DC01,ACC00013137,Debit,2024-05-03,2028-04-23,0.0,0.0,Active
CRD0004564,4510-XXXX-XXXX-4241,CUS0002644,PRD-CC03,,Credit,2020-06-11,2027-03-17,1092896.41,51408.58,Active
CRD0004565,4710-XXXX-XXXX-5611,CUS0005020,PRD-CC04,,Credit,2023-07-15,2027-10-16,693008.71,89583.72,Active
CRD0004566,5580-XXXX-XXXX-7415,CUS0002223,PRD-CC04,,Credit,2022-09-27,2030-11-30,1492419.49,78667.7,Active
CRD0004567,4735-XXXX-XXXX-2003,CUS0006063,PRD-CC04,,Credit,2020-11-07,2030-07-20,70308.56,59481.1,Active
CRD0004568,4474-XXXX-XXXX-6354,CUS0009419,PRD-DC01,ACC00012312,Debit,2021-01-24,2027-12-01,0.0,0.0,Active
CRD0004569,4430-XXXX-XXXX-2391,CUS0004798,PRD-CC01,,Credit,2026-01-02,2027-10-08,615093.41,174693.65,Active
CRD0004570,4611-XXXX-XXXX-1000,CUS0009799,PRD-CC03,,Credit,2024-10-25,2027-03-04,178587.25,62624.73,Active
CRD0004571,5338-XXXX-XXXX-4455,CUS0004184,PRD-DC01,ACC00009884,Debit,2020-01-29,2030-11-11,0.0,0.0,Active
CRD0004572,4949-XXXX-XXXX-4971,CUS0002910,PRD-DC01,,Debit,2022-08-01,2030-07-30,0.0,0.0,Active
CRD0004573,4942-XXXX-XXXX-6988,CUS0005500,PRD-CC03,,Credit,2020-10-22,2028-07-25,1485960.78,59111.97,Active
CRD0004574,4328-XXXX-XXXX-4268,CUS0006822,PRD-CC04,,Credit,2022-07-16,2027-05-24,1021858.25,152693.83,Active
CRD0004575,5212-XXXX-XXXX-2015,CUS0001101,PRD-CC01,,Credit,2026-01-02,2030-12-04,612776.45,150928.86,Active
CRD0004576,4648-XXXX-XXXX-4486,CUS0008311,PRD-CC02,,Credit,2022-04-27,2026-05-24,444343.33,88478.61,Active
CRD0004577,5514-XXXX-XXXX-8928,CUS0003711,PRD-CC02,,Credit,2025-11-07,2030-04-08,258359.24,185973.65,Blocked
CRD0004578,4615-XXXX-XXXX-9778,CUS0003138,PRD-CC04,,Credit,2025-02-24,2029-02-02,426538.45,112095.06,Active
CRD0004579,4595-XXXX-XXXX-7163,CUS0003496,PRD-DC01,ACC00012119,Debit,2025-11-20,2028-10-11,0.0,0.0,Active
CRD0004580,5394-XXXX-XXXX-4257,CUS0003401,PRD-CC02,,Credit,2023-09-09,2030-01-02,537004.83,29226.29,Active
CRD0004581,4546-XXXX-XXXX-5802,CUS0002676,PRD-CC02,,Credit,2022-05-05,2030-09-06,1332749.72,25483.25,Active
CRD0004582,5272-XXXX-XXXX-7213,CUS0006334,PRD-CC03,,Credit,2023-03-04,2030-05-23,1068145.67,66491.78,Active
CRD0004583,5922-XXXX-XXXX-6761,CUS0004748,PRD-CC03,,Credit,2020-12-29,2027-06-14,1422723.17,50523.08,Active
CRD0004584,4907-XXXX-XXXX-9529,CUS0007676,PRD-DC01,ACC00004292,Debit,2023-04-08,2028-08-06,0.0,0.0,Active
CRD0004585,5814-XXXX-XXXX-8350,CUS0000712,PRD-CC03,,Credit,2020-02-10,2026-11-11,379930.81,153008.73,Active
CRD0004586,4369-XXXX-XXXX-7537,CUS0000643,PRD-CC01,,Credit,2024-03-01,2028-06-15,927577.51,120718.5,Active
CRD0004587,5264-XXXX-XXXX-4628,CUS0006498,PRD-DC02,,Debit,2023-08-27,2030-09-08,0.0,0.0,Active
CRD0004588,5991-XXXX-XXXX-6596,CUS0006179,PRD-DC02,ACC00008433,Debit,2025-06-03,2030-09-13,0.0,0.0,Active
CRD0004589,5560-XXXX-XXXX-3805,CUS0009048,PRD-DC01,,Debit,2020-12-19,2030-07-07,0.0,0.0,Active
CRD0004590,4236-XXXX-XXXX-7716,CUS0008419,PRD-CC04,,Credit,2020-10-06,2029-03-16,1055894.16,27511.81,Active
CRD0004591,4394-XXXX-XXXX-4446,CUS0000039,PRD-CC03,,Credit,2023-06-09,2026-07-04,548743.89,177209.57,Active
CRD0004592,4530-XXXX-XXXX-4595,CUS0005127,PRD-DC01,ACC00014840,Debit,2025-04-23,2030-12-22,0.0,0.0,Active
CRD0004593,4745-XXXX-XXXX-5768,CUS0004778,PRD-CC01,,Credit,2026-01-13,2028-02-15,642189.83,103950.52,Active
CRD0004594,4117-XXXX-XXXX-1911,CUS0003085,PRD-CC03,,Credit,2020-06-07,2027-09-26,952336.55,16776.31,Active
CRD0004595,5100-XXXX-XXXX-9673,CUS0003949,PRD-DC01,ACC00000277,Debit,2024-08-08,2027-06-02,0.0,0.0,Active
CRD0004596,5900-XXXX-XXXX-6900,CUS0002389,PRD-CC01,,Credit,2023-04-26,2027-05-10,790704.02,104001.68,Active
CRD0004597,4258-XXXX-XXXX-4807,CUS0001817,PRD-CC04,,Credit,2021-02-21,2026-10-11,1278163.73,163409.8,Active
CRD0004598,4187-XXXX-XXXX-1403,CUS0004146,PRD-CC03,,Credit,2021-06-18,2029-08-31,654531.39,25772.71,Expired
CRD0004599,5473-XXXX-XXXX-1741,CUS0006765,PRD-CC04,,Credit,2026-02-22,2027-07-14,1320969.67,108476.38,Active
CRD0004600,5113-XXXX-XXXX-4987,CUS0004304,PRD-DC02,ACC00006278,Debit,2023-04-25,2026-12-19,0.0,0.0,Active
CRD0004601,4480-XXXX-XXXX-3177,CUS0007813,PRD-CC02,,Credit,2022-01-29,2027-05-26,1283841.14,111501.28,Active
CRD0004602,4848-XXXX-XXXX-8482,CUS0006095,PRD-CC02,,Credit,2022-10-26,2029-11-06,231895.01,18298.23,Active
CRD0004603,5228-XXXX-XXXX-3510,CUS0002980,PRD-CC01,,Credit,2022-05-10,2027-05-26,681086.7,174654.37,Active
CRD0004604,4817-XXXX-XXXX-8485,CUS0005842,PRD-DC01,,Debit,2022-05-02,2026-10-17,0.0,0.0,Active
CRD0004605,5220-XXXX-XXXX-1106,CUS0007766,PRD-CC03,,Credit,2026-03-17,2028-08-04,1389633.71,166875.57,Active
CRD0004606,4147-XXXX-XXXX-1534,CUS0009323,PRD-CC04,,Credit,2023-02-20,2030-07-11,155606.95,85760.1,Active
CRD0004607,5188-XXXX-XXXX-9371,CUS0000482,PRD-DC01,ACC00003828,Debit,2020-01-14,2030-02-14,0.0,0.0,Active
CRD0004608,5355-XXXX-XXXX-6813,CUS0008440,PRD-DC01,ACC00009163,Debit,2024-11-11,2027-05-01,0.0,0.0,Active
CRD0004609,4464-XXXX-XXXX-1452,CUS0003983,PRD-CC04,,Credit,2021-03-23,2028-07-02,1382084.98,197933.02,Active
CRD0004610,5451-XXXX-XXXX-4473,CUS0003986,PRD-CC03,,Credit,2024-05-03,2030-06-17,828471.57,189493.7,Active
CRD0004611,5936-XXXX-XXXX-7032,CUS0000238,PRD-DC01,,Debit,2023-06-22,2030-11-18,0.0,0.0,Active
CRD0004612,5778-XXXX-XXXX-5209,CUS0006289,PRD-DC01,,Debit,2025-01-25,2026-09-05,0.0,0.0,Active
CRD0004613,4280-XXXX-XXXX-9543,CUS0003732,PRD-CC04,,Credit,2021-03-04,2029-03-15,1042239.05,161150.94,Active
CRD0004614,5987-XXXX-XXXX-9461,CUS0005122,PRD-CC04,,Credit,2021-08-14,2028-01-19,648271.08,28482.21,Active
CRD0004615,4871-XXXX-XXXX-3842,CUS0005287,PRD-DC01,ACC00011765,Debit,2021-04-07,2026-05-25,0.0,0.0,Active
CRD0004616,5259-XXXX-XXXX-1844,CUS0009187,PRD-CC02,,Credit,2020-07-15,2028-09-02,271160.46,134037.83,Active
CRD0004617,4409-XXXX-XXXX-9869,CUS0004023,PRD-CC03,,Credit,2022-07-18,2026-12-29,85555.27,138370.33,Active
CRD0004618,4275-XXXX-XXXX-1920,CUS0003256,PRD-CC03,,Credit,2025-05-03,2026-10-25,750542.17,13140.7,Active
CRD0004619,4230-XXXX-XXXX-7667,CUS0007984,PRD-DC01,ACC00016024,Debit,2020-02-13,2030-09-11,0.0,0.0,Active
CRD0004620,5922-XXXX-XXXX-7629,CUS0006642,PRD-CC01,,Credit,2021-09-26,2029-08-22,124293.76,147189.86,Active
CRD0004621,4261-XXXX-XXXX-7017,CUS0008028,PRD-DC01,ACC00005442,Debit,2023-02-12,2030-12-01,0.0,0.0,Expired
CRD0004622,4829-XXXX-XXXX-8405,CUS0008893,PRD-DC02,ACC00017001,Debit,2021-04-03,2028-03-07,0.0,0.0,Active
CRD0004623,5934-XXXX-XXXX-7332,CUS0007973,PRD-CC02,,Credit,2024-12-23,2028-05-11,408434.06,99410.6,Active
CRD0004624,4181-XXXX-XXXX-6150,CUS0000760,PRD-CC01,,Credit,2022-08-22,2029-02-06,1411716.88,100550.68,Active
CRD0004625,4120-XXXX-XXXX-4814,CUS0008948,PRD-CC01,,Credit,2022-07-29,2026-06-16,830432.92,66324.49,Active
CRD0004626,5614-XXXX-XXXX-2787,CUS0003184,PRD-CC04,,Credit,2024-01-20,2029-11-29,290119.58,156675.92,Active
CRD0004627,5691-XXXX-XXXX-9270,CUS0002968,PRD-DC02,ACC00005489,Debit,2026-04-21,2029-01-08,0.0,0.0,Active
CRD0004628,5362-XXXX-XXXX-7723,CUS0000441,PRD-DC01,ACC00005819,Debit,2022-05-12,2028-09-21,0.0,0.0,Active
CRD0004629,4800-XXXX-XXXX-5344,CUS0001008,PRD-DC01,ACC00010424,Debit,2021-05-02,2027-04-15,0.0,0.0,Active
CRD0004630,5900-XXXX-XXXX-7425,CUS0006189,PRD-CC03,,Credit,2024-04-18,2027-02-17,981712.59,161991.86,Active
CRD0004631,5915-XXXX-XXXX-7626,CUS0000644,PRD-CC04,,Credit,2026-04-19,2029-01-27,437376.11,164707.14,Active
CRD0004632,5752-XXXX-XXXX-3787,CUS0009956,PRD-CC01,,Credit,2022-06-02,2027-11-05,1462083.49,83906.09,Active
CRD0004633,4399-XXXX-XXXX-4031,CUS0002548,PRD-DC02,ACC00008986,Debit,2021-08-27,2026-08-22,0.0,0.0,Active
CRD0004634,5717-XXXX-XXXX-6220,CUS0006180,PRD-DC02,ACC00006366,Debit,2020-04-25,2028-08-22,0.0,0.0,Active
CRD0004635,4142-XXXX-XXXX-5259,CUS0000963,PRD-DC02,ACC00002542,Debit,2020-02-13,2026-10-25,0.0,0.0,Active
CRD0004636,4990-XXXX-XXXX-7077,CUS0007507,PRD-DC01,ACC00014993,Debit,2025-09-25,2029-02-01,0.0,0.0,Active
CRD0004637,4744-XXXX-XXXX-2697,CUS0009183,PRD-CC03,,Credit,2022-03-09,2027-10-27,32639.15,71109.94,Active
CRD0004638,5300-XXXX-XXXX-5013,CUS0000189,PRD-DC01,ACC00007295,Debit,2023-06-02,2029-05-11,0.0,0.0,Blocked
CRD0004639,5843-XXXX-XXXX-2600,CUS0009660,PRD-DC01,ACC00005728,Debit,2024-03-03,2026-06-02,0.0,0.0,Active
CRD0004640,5287-XXXX-XXXX-9668,CUS0001091,PRD-DC01,ACC00011863,Debit,2023-03-21,2026-06-06,0.0,0.0,Active
CRD0004641,5159-XXXX-XXXX-9596,CUS0009796,PRD-DC01,ACC00004894,Debit,2024-09-26,2028-05-30,0.0,0.0,Active
CRD0004642,4824-XXXX-XXXX-7120,CUS0003508,PRD-CC02,,Credit,2022-09-15,2029-05-07,1267018.14,106644.54,Active
CRD0004643,5377-XXXX-XXXX-9211,CUS0003840,PRD-DC01,ACC00014219,Debit,2023-05-26,2030-05-04,0.0,0.0,Active
CRD0004644,4803-XXXX-XXXX-1698,CUS0000677,PRD-DC02,ACC00008550,Debit,2021-05-20,2028-02-05,0.0,0.0,Active
CRD0004645,4482-XXXX-XXXX-3839,CUS0009402,PRD-CC04,,Credit,2020-02-04,2030-02-24,660357.6,166223.39,Active
CRD0004646,4810-XXXX-XXXX-8852,CUS0004528,PRD-CC03,,Credit,2024-09-19,2027-10-14,384755.02,74917.08,Active
CRD0004647,4871-XXXX-XXXX-5933,CUS0000747,PRD-CC03,,Credit,2020-08-01,2027-03-08,259272.55,158580.59,Blocked
CRD0004648,4205-XXXX-XXXX-8306,CUS0008082,PRD-CC01,,Credit,2025-09-11,2030-07-21,436776.06,175882.2,Active
CRD0004649,4348-XXXX-XXXX-6271,CUS0001759,PRD-CC03,,Credit,2023-08-25,2030-02-08,238400.88,168668.29,Active
CRD0004650,4540-XXXX-XXXX-1312,CUS0008980,PRD-CC03,,Credit,2024-05-12,2028-01-10,131145.37,104285.1,Active
CRD0004651,4936-XXXX-XXXX-8437,CUS0003158,PRD-CC01,,Credit,2021-06-03,2027-07-03,120803.73,70907.9,Active
CRD0004652,4911-XXXX-XXXX-8070,CUS0005370,PRD-CC01,,Credit,2023-02-16,2030-10-06,118391.15,114771.79,Active
CRD0004653,5997-XXXX-XXXX-3193,CUS0005498,PRD-CC02,,Credit,2021-07-01,2027-04-04,681814.43,34532.6,Active
CRD0004654,5762-XXXX-XXXX-4963,CUS0003878,PRD-CC03,,Credit,2023-03-07,2027-08-01,1009294.39,168330.42,Active
CRD0004655,5335-XXXX-XXXX-3416,CUS0000074,PRD-DC02,ACC00008467,Debit,2025-06-15,2027-06-03,0.0,0.0,Active
CRD0004656,4496-XXXX-XXXX-9653,CUS0004792,PRD-CC04,,Credit,2023-10-21,2028-01-12,252690.03,125412.71,Active
CRD0004657,5163-XXXX-XXXX-4420,CUS0005021,PRD-CC02,,Credit,2024-01-16,2030-11-19,928823.24,9805.45,Active
CRD0004658,5837-XXXX-XXXX-9350,CUS0006988,PRD-CC02,,Credit,2022-06-27,2029-03-07,1397764.8,108285.34,Active
CRD0004659,5638-XXXX-XXXX-9990,CUS0002634,PRD-CC03,,Credit,2025-09-11,2028-05-18,336493.5,132766.92,Active
CRD0004660,4295-XXXX-XXXX-3814,CUS0007646,PRD-DC02,ACC00001163,Debit,2023-04-21,2026-11-27,0.0,0.0,Active
CRD0004661,5805-XXXX-XXXX-2645,CUS0009119,PRD-DC01,ACC00006960,Debit,2023-09-11,2029-02-11,0.0,0.0,Active
CRD0004662,4145-XXXX-XXXX-6100,CUS0003459,PRD-DC01,,Debit,2022-12-22,2027-07-01,0.0,0.0,Active
CRD0004663,5488-XXXX-XXXX-1093,CUS0000140,PRD-CC01,,Credit,2022-09-25,2027-03-31,1282031.69,128950.27,Active
CRD0004664,4299-XXXX-XXXX-8012,CUS0003849,PRD-CC01,,Credit,2024-06-17,2029-02-13,1011776.93,44466.45,Active
CRD0004665,4451-XXXX-XXXX-3064,CUS0009101,PRD-CC04,,Credit,2023-07-11,2027-09-11,137322.8,32098.23,Active
CRD0004666,4380-XXXX-XXXX-8880,CUS0005721,PRD-DC01,ACC00014607,Debit,2023-01-16,2029-10-23,0.0,0.0,Active
CRD0004667,5850-XXXX-XXXX-7510,CUS0008706,PRD-CC02,,Credit,2020-02-07,2029-09-21,393466.9,143226.02,Active
CRD0004668,4677-XXXX-XXXX-6935,CUS0001851,PRD-CC01,,Credit,2020-05-04,2028-04-18,948536.4,18553.48,Active
CRD0004669,5103-XXXX-XXXX-3450,CUS0006270,PRD-CC02,,Credit,2024-08-10,2027-01-17,586235.66,110808.91,Active
CRD0004670,5382-XXXX-XXXX-1143,CUS0008205,PRD-CC02,,Credit,2025-01-03,2030-03-06,1274466.95,11637.08,Active
CRD0004671,5599-XXXX-XXXX-2305,CUS0005208,PRD-CC03,,Credit,2025-01-18,2030-05-28,914168.73,71869.83,Active
CRD0004672,4244-XXXX-XXXX-7337,CUS0004918,PRD-DC01,ACC00008325,Debit,2020-10-31,2026-05-08,0.0,0.0,Active
CRD0004673,4265-XXXX-XXXX-7508,CUS0001477,PRD-CC04,,Credit,2023-10-13,2026-10-24,1420703.48,130442.42,Expired
CRD0004674,5132-XXXX-XXXX-6322,CUS0003243,PRD-CC03,,Credit,2025-05-25,2027-06-12,158292.51,44065.98,Active
CRD0004675,4263-XXXX-XXXX-2921,CUS0002612,PRD-CC01,,Credit,2022-11-23,2027-09-23,963272.63,81556.15,Active
CRD0004676,5664-XXXX-XXXX-1187,CUS0009539,PRD-DC02,ACC00008402,Debit,2020-03-16,2028-12-08,0.0,0.0,Active
CRD0004677,5669-XXXX-XXXX-4585,CUS0003677,PRD-CC04,,Credit,2025-02-26,2026-11-17,752125.69,148612.86,Active
CRD0004678,5454-XXXX-XXXX-7537,CUS0009699,PRD-CC03,,Credit,2021-03-30,2030-03-10,1306545.47,14141.19,Active
CRD0004679,4343-XXXX-XXXX-4022,CUS0003527,PRD-DC02,ACC00005892,Debit,2021-04-11,2026-08-14,0.0,0.0,Active
CRD0004680,5705-XXXX-XXXX-7276,CUS0007333,PRD-CC03,,Credit,2020-01-05,2028-08-22,1386083.31,48856.79,Active
CRD0004681,4195-XXXX-XXXX-5630,CUS0004073,PRD-CC03,,Credit,2021-05-01,2027-10-04,434513.91,165474.12,Expired
CRD0004682,5818-XXXX-XXXX-3055,CUS0007214,PRD-CC04,,Credit,2025-08-26,2027-07-20,524968.52,114920.07,Active
CRD0004683,4953-XXXX-XXXX-1916,CUS0004995,PRD-DC01,ACC00005039,Debit,2022-07-05,2030-05-14,0.0,0.0,Active
CRD0004684,5620-XXXX-XXXX-8315,CUS0008957,PRD-CC03,,Credit,2022-07-28,2030-05-02,908748.22,18599.68,Active
CRD0004685,5455-XXXX-XXXX-9329,CUS0000004,PRD-CC02,,Credit,2023-06-18,2029-08-14,680875.1,67284.15,Active
CRD0004686,4897-XXXX-XXXX-4446,CUS0005481,PRD-DC01,ACC00014549,Debit,2024-08-31,2030-10-13,0.0,0.0,Active
CRD0004687,4203-XXXX-XXXX-5729,CUS0003759,PRD-DC01,ACC00012459,Debit,2022-07-27,2028-02-23,0.0,0.0,Active
CRD0004688,5358-XXXX-XXXX-3318,CUS0003159,PRD-CC04,,Credit,2022-10-20,2027-10-09,748163.17,14283.85,Active
CRD0004689,4450-XXXX-XXXX-1208,CUS0007792,PRD-DC01,ACC00016212,Debit,2022-09-09,2028-07-05,0.0,0.0,Active
CRD0004690,5571-XXXX-XXXX-9280,CUS0006021,PRD-DC02,ACC00011948,Debit,2025-03-04,2028-12-29,0.0,0.0,Active
CRD0004691,4440-XXXX-XXXX-1095,CUS0006989,PRD-DC02,ACC00010407,Debit,2025-12-08,2030-05-24,0.0,0.0,Active
CRD0004692,4818-XXXX-XXXX-1953,CUS0007780,PRD-DC02,ACC00008187,Debit,2024-12-22,2027-07-13,0.0,0.0,Active
CRD0004693,5142-XXXX-XXXX-1641,CUS0009347,PRD-CC01,,Credit,2025-11-03,2030-01-20,910941.53,188357.81,Active
CRD0004694,5560-XXXX-XXXX-6459,CUS0005948,PRD-CC03,,Credit,2023-12-10,2029-06-25,740426.78,60644.16,Active
CRD0004695,4882-XXXX-XXXX-3741,CUS0002303,PRD-DC02,ACC00000218,Debit,2024-04-15,2028-06-27,0.0,0.0,Active
CRD0004696,5708-XXXX-XXXX-6303,CUS0002384,PRD-CC03,,Credit,2025-06-21,2030-11-27,132778.04,112253.65,Active
CRD0004697,4107-XXXX-XXXX-5776,CUS0009709,PRD-CC03,,Credit,2025-02-27,2030-02-23,451998.4,81745.03,Active
CRD0004698,4905-XXXX-XXXX-9801,CUS0006691,PRD-DC02,ACC00011753,Debit,2022-05-10,2027-04-26,0.0,0.0,Active
CRD0004699,4392-XXXX-XXXX-2005,CUS0004018,PRD-CC02,,Credit,2024-03-31,2030-10-25,336696.04,77895.63,Active
CRD0004700,5836-XXXX-XXXX-3506,CUS0009194,PRD-CC02,,Credit,2022-01-23,2030-02-25,1245362.35,149490.1,Active
CRD0004701,5208-XXXX-XXXX-9286,CUS0009468,PRD-CC03,,Credit,2021-09-25,2030-10-27,1008765.38,143220.39,Active
CRD0004702,5873-XXXX-XXXX-1986,CUS0003001,PRD-DC02,ACC00012180,Debit,2024-06-26,2027-03-20,0.0,0.0,Active
CRD0004703,5284-XXXX-XXXX-8441,CUS0000922,PRD-CC01,,Credit,2022-12-12,2027-06-05,522018.32,58370.17,Active
CRD0004704,5788-XXXX-XXXX-4373,CUS0004000,PRD-DC01,ACC00007053,Debit,2021-06-02,2028-08-20,0.0,0.0,Active
CRD0004705,5903-XXXX-XXXX-2638,CUS0008520,PRD-CC02,,Credit,2022-03-08,2027-09-27,405010.75,108396.82,Active
CRD0004706,5647-XXXX-XXXX-1247,CUS0001110,PRD-DC01,ACC00008610,Debit,2023-12-05,2027-07-13,0.0,0.0,Active
CRD0004707,4534-XXXX-XXXX-3237,CUS0005412,PRD-DC01,ACC00000789,Debit,2023-01-28,2028-07-23,0.0,0.0,Active
CRD0004708,5978-XXXX-XXXX-9056,CUS0008313,PRD-DC02,ACC00001741,Debit,2023-11-26,2027-09-05,0.0,0.0,Active
CRD0004709,4464-XXXX-XXXX-7006,CUS0002065,PRD-DC02,,Debit,2022-11-28,2029-07-06,0.0,0.0,Active
CRD0004710,4499-XXXX-XXXX-4073,CUS0008137,PRD-DC02,ACC00013680,Debit,2020-05-05,2026-09-26,0.0,0.0,Active
CRD0004711,4588-XXXX-XXXX-1195,CUS0004035,PRD-DC02,ACC00004711,Debit,2024-06-10,2028-04-05,0.0,0.0,Active
CRD0004712,4906-XXXX-XXXX-4832,CUS0000674,PRD-CC04,,Credit,2025-03-09,2028-12-23,399927.78,140393.76,Active
CRD0004713,4791-XXXX-XXXX-9961,CUS0000557,PRD-CC03,,Credit,2021-09-13,2028-10-30,922668.21,102878.97,Active
CRD0004714,5823-XXXX-XXXX-9090,CUS0000762,PRD-CC02,,Credit,2025-09-26,2028-01-10,29587.14,132261.12,Active
CRD0004715,4874-XXXX-XXXX-5195,CUS0003969,PRD-CC01,,Credit,2020-10-06,2029-01-29,1492637.49,80107.17,Active
CRD0004716,5644-XXXX-XXXX-9907,CUS0000721,PRD-CC01,,Credit,2026-03-28,2026-10-23,1197727.19,172532.75,Active
CRD0004717,4264-XXXX-XXXX-9845,CUS0008772,PRD-CC01,,Credit,2021-05-06,2028-03-09,628834.39,129619.59,Active
CRD0004718,4668-XXXX-XXXX-2817,CUS0000563,PRD-DC02,,Debit,2025-06-05,2029-05-02,0.0,0.0,Active
CRD0004719,5179-XXXX-XXXX-2678,CUS0005672,PRD-DC02,ACC00008534,Debit,2024-02-02,2026-08-08,0.0,0.0,Active
CRD0004720,4657-XXXX-XXXX-6526,CUS0002319,PRD-DC01,ACC00002376,Debit,2020-03-25,2027-12-25,0.0,0.0,Active
CRD0004721,5681-XXXX-XXXX-7499,CUS0008282,PRD-CC03,,Credit,2020-10-03,2028-04-04,510304.81,50865.45,Active
CRD0004722,5147-XXXX-XXXX-6300,CUS0006591,PRD-CC04,,Credit,2024-05-28,2030-02-25,1352398.81,27953.09,Active
CRD0004723,4876-XXXX-XXXX-9584,CUS0008950,PRD-CC02,,Credit,2021-05-28,2030-12-14,299018.72,148629.92,Active
CRD0004724,4353-XXXX-XXXX-2542,CUS0006175,PRD-CC01,,Credit,2023-12-24,2030-08-27,194114.77,38279.64,Active
CRD0004725,5421-XXXX-XXXX-8336,CUS0005022,PRD-CC03,,Credit,2025-04-20,2030-07-10,409396.91,195930.24,Active
CRD0004726,5421-XXXX-XXXX-2911,CUS0003193,PRD-DC01,,Debit,2025-08-29,2028-07-21,0.0,0.0,Active
CRD0004727,4840-XXXX-XXXX-7516,CUS0008902,PRD-DC02,ACC00017313,Debit,2020-06-21,2027-10-13,0.0,0.0,Active
CRD0004728,4994-XXXX-XXXX-5042,CUS0005960,PRD-CC02,,Credit,2022-05-26,2029-03-14,714963.0,13735.7,Active
CRD0004729,5873-XXXX-XXXX-2068,CUS0003365,PRD-CC03,,Credit,2025-07-08,2027-06-24,1256520.76,86498.8,Active
CRD0004730,4574-XXXX-XXXX-1470,CUS0007135,PRD-DC01,ACC00013411,Debit,2020-10-18,2029-04-03,0.0,0.0,Active
CRD0004731,4360-XXXX-XXXX-1112,CUS0004374,PRD-DC02,ACC00001095,Debit,2025-05-12,2027-10-15,0.0,0.0,Active
CRD0004732,5370-XXXX-XXXX-2903,CUS0001099,PRD-CC04,,Credit,2021-03-25,2030-01-28,402393.65,124138.27,Active
CRD0004733,4965-XXXX-XXXX-4314,CUS0006123,PRD-DC01,ACC00004747,Debit,2023-10-22,2030-06-19,0.0,0.0,Active
CRD0004734,4500-XXXX-XXXX-4526,CUS0003994,PRD-DC01,ACC00009013,Debit,2022-05-10,2027-06-10,0.0,0.0,Active
CRD0004735,5906-XXXX-XXXX-3192,CUS0003396,PRD-CC04,,Credit,2023-05-31,2030-08-23,150103.43,74606.48,Active
CRD0004736,5572-XXXX-XXXX-8939,CUS0003021,PRD-CC03,,Credit,2023-01-25,2026-11-25,1010722.7,115639.25,Active
CRD0004737,4890-XXXX-XXXX-2690,CUS0003643,PRD-DC01,,Debit,2022-09-06,2030-06-09,0.0,0.0,Active
CRD0004738,5756-XXXX-XXXX-4035,CUS0008175,PRD-CC03,,Credit,2022-07-11,2030-10-12,1465380.25,119071.26,Active
CRD0004739,4909-XXXX-XXXX-5919,CUS0002852,PRD-CC04,,Credit,2020-04-20,2026-10-18,701383.61,197325.44,Active
CRD0004740,5952-XXXX-XXXX-3299,CUS0007011,PRD-CC04,,Credit,2024-09-28,2027-03-26,1119779.25,11021.35,Active
CRD0004741,4399-XXXX-XXXX-6857,CUS0005312,PRD-CC04,,Credit,2025-08-03,2028-05-29,1006304.14,148491.18,Active
CRD0004742,5347-XXXX-XXXX-2719,CUS0000695,PRD-CC03,,Credit,2023-08-13,2027-11-22,662913.48,169794.36,Active
CRD0004743,4737-XXXX-XXXX-6870,CUS0009608,PRD-CC01,,Credit,2024-02-12,2028-08-29,828896.09,183004.83,Active
CRD0004744,5207-XXXX-XXXX-9767,CUS0003754,PRD-DC02,ACC00000807,Debit,2025-03-23,2030-07-26,0.0,0.0,Active
CRD0004745,4169-XXXX-XXXX-1295,CUS0004234,PRD-DC01,ACC00015430,Debit,2021-04-21,2029-02-10,0.0,0.0,Active
CRD0004746,5337-XXXX-XXXX-9464,CUS0007835,PRD-DC02,,Debit,2023-05-14,2030-04-15,0.0,0.0,Active
CRD0004747,4458-XXXX-XXXX-9396,CUS0006466,PRD-DC02,ACC00004486,Debit,2023-11-22,2026-05-20,0.0,0.0,Active
CRD0004748,5651-XXXX-XXXX-5852,CUS0003463,PRD-CC02,,Credit,2025-11-19,2030-09-16,776430.74,7039.43,Active
CRD0004749,4808-XXXX-XXXX-9084,CUS0007491,PRD-CC02,,Credit,2021-04-17,2030-10-01,879927.64,29306.39,Active
CRD0004750,4654-XXXX-XXXX-6321,CUS0007980,PRD-CC03,,Credit,2026-02-18,2027-07-15,346292.96,53877.56,Active
CRD0004751,5137-XXXX-XXXX-5698,CUS0006199,PRD-CC02,,Credit,2024-05-10,2027-03-07,880730.29,165817.49,Active
CRD0004752,4282-XXXX-XXXX-7692,CUS0007854,PRD-CC04,,Credit,2026-03-12,2028-11-13,1278729.21,133796.71,Expired
CRD0004753,5988-XXXX-XXXX-8375,CUS0004541,PRD-CC01,,Credit,2024-02-15,2030-04-26,1277392.87,165952.03,Active
CRD0004754,5555-XXXX-XXXX-7951,CUS0008393,PRD-DC01,ACC00000629,Debit,2021-08-09,2028-10-24,0.0,0.0,Active
CRD0004755,4136-XXXX-XXXX-8004,CUS0004363,PRD-CC02,,Credit,2020-03-17,2030-11-20,1215849.55,11182.26,Active
CRD0004756,5887-XXXX-XXXX-7418,CUS0003004,PRD-CC02,,Credit,2024-06-28,2030-06-18,663488.53,54372.78,Active
CRD0004757,5917-XXXX-XXXX-4021,CUS0009189,PRD-CC01,,Credit,2022-10-08,2029-10-09,923627.39,69350.96,Active
CRD0004758,5810-XXXX-XXXX-8110,CUS0007463,PRD-DC02,ACC00012306,Debit,2021-09-24,2028-07-13,0.0,0.0,Active
CRD0004759,4674-XXXX-XXXX-3641,CUS0009277,PRD-CC03,,Credit,2023-08-30,2029-04-19,692539.02,108547.86,Active
CRD0004760,5702-XXXX-XXXX-6772,CUS0001212,PRD-DC01,ACC00000002,Debit,2022-12-26,2030-06-08,0.0,0.0,Active
CRD0004761,5855-XXXX-XXXX-3322,CUS0006361,PRD-CC01,,Credit,2022-07-07,2027-01-02,1109302.94,157177.54,Active
CRD0004762,5884-XXXX-XXXX-7669,CUS0005205,PRD-CC04,,Credit,2023-06-03,2029-04-14,1236055.92,121029.82,Active
CRD0004763,4397-XXXX-XXXX-1641,CUS0000347,PRD-CC03,,Credit,2022-07-26,2026-05-25,714463.23,149694.67,Active
CRD0004764,5473-XXXX-XXXX-9172,CUS0003061,PRD-CC04,,Credit,2024-02-02,2026-12-12,467953.77,195642.69,Expired
CRD0004765,5355-XXXX-XXXX-7627,CUS0005261,PRD-DC01,ACC00013019,Debit,2023-02-20,2030-04-10,0.0,0.0,Active
CRD0004766,5345-XXXX-XXXX-2272,CUS0002305,PRD-CC02,,Credit,2025-12-26,2026-05-27,1435706.65,33192.01,Active
CRD0004767,5978-XXXX-XXXX-4578,CUS0008616,PRD-CC03,,Credit,2021-07-04,2026-09-01,525465.94,21204.53,Active
CRD0004768,4331-XXXX-XXXX-3469,CUS0006330,PRD-DC01,,Debit,2025-04-25,2030-03-06,0.0,0.0,Active
CRD0004769,4170-XXXX-XXXX-6840,CUS0001818,PRD-DC01,ACC00013586,Debit,2025-03-21,2029-01-31,0.0,0.0,Active
CRD0004770,5599-XXXX-XXXX-1446,CUS0004121,PRD-CC02,,Credit,2021-03-05,2029-03-10,1186836.54,153797.38,Active
CRD0004771,5359-XXXX-XXXX-9592,CUS0002422,PRD-CC01,,Credit,2025-05-17,2030-01-27,556558.24,157648.26,Active
CRD0004772,5868-XXXX-XXXX-7362,CUS0009789,PRD-DC01,ACC00017801,Debit,2021-03-12,2028-08-03,0.0,0.0,Active
CRD0004773,5260-XXXX-XXXX-4982,CUS0007240,PRD-CC01,,Credit,2022-08-13,2028-05-15,1379513.44,55262.18,Active
CRD0004774,5787-XXXX-XXXX-9815,CUS0004155,PRD-CC02,,Credit,2021-07-01,2030-10-07,621754.54,101630.77,Active
CRD0004775,5265-XXXX-XXXX-6659,CUS0006739,PRD-CC01,,Credit,2022-12-08,2026-08-25,601946.49,27774.4,Active
CRD0004776,4143-XXXX-XXXX-2890,CUS0007138,PRD-CC01,,Credit,2020-05-15,2028-01-22,309189.42,158999.69,Active
CRD0004777,5249-XXXX-XXXX-9373,CUS0001436,PRD-CC04,,Credit,2023-12-22,2030-08-14,94994.22,183333.81,Active
CRD0004778,5285-XXXX-XXXX-1633,CUS0002549,PRD-CC03,,Credit,2024-12-22,2028-07-08,1124704.22,16666.39,Active
CRD0004779,5410-XXXX-XXXX-2687,CUS0008923,PRD-CC01,,Credit,2022-10-20,2029-11-02,101462.72,72931.2,Active
CRD0004780,4119-XXXX-XXXX-3069,CUS0002222,PRD-DC01,ACC00013415,Debit,2020-10-19,2029-02-13,0.0,0.0,Active
CRD0004781,5240-XXXX-XXXX-4012,CUS0008960,PRD-DC01,ACC00010417,Debit,2020-01-08,2029-05-05,0.0,0.0,Active
CRD0004782,4146-XXXX-XXXX-4982,CUS0005736,PRD-CC03,,Credit,2024-11-10,2028-12-10,657652.3,14635.89,Active
CRD0004783,4628-XXXX-XXXX-1443,CUS0003678,PRD-DC02,ACC00017206,Debit,2024-02-22,2027-03-06,0.0,0.0,Active
CRD0004784,5776-XXXX-XXXX-8826,CUS0008939,PRD-CC04,,Credit,2021-12-08,2027-10-05,1282749.48,100991.1,Active
CRD0004785,5525-XXXX-XXXX-1014,CUS0006209,PRD-CC03,,Credit,2021-02-04,2027-07-27,1404457.39,170911.29,Active
CRD0004786,4683-XXXX-XXXX-7352,CUS0002612,PRD-CC03,,Credit,2024-11-23,2030-09-11,731016.69,72350.72,Active
CRD0004787,4415-XXXX-XXXX-6928,CUS0006201,PRD-DC01,ACC00008435,Debit,2023-04-20,2029-08-03,0.0,0.0,Expired
CRD0004788,4783-XXXX-XXXX-9551,CUS0006715,PRD-CC02,,Credit,2025-01-03,2030-07-03,181248.34,33575.2,Active
CRD0004789,5866-XXXX-XXXX-2177,CUS0006629,PRD-CC01,,Credit,2023-06-09,2027-08-12,1392180.08,76527.06,Active
CRD0004790,4806-XXXX-XXXX-8371,CUS0006346,PRD-CC04,,Credit,2020-01-20,2027-05-24,1059846.12,14395.69,Expired
CRD0004791,5902-XXXX-XXXX-1258,CUS0005482,PRD-CC01,,Credit,2020-04-12,2026-08-19,847079.66,85187.46,Active
CRD0004792,4115-XXXX-XXXX-3527,CUS0003437,PRD-DC02,ACC00012168,Debit,2022-03-05,2028-10-14,0.0,0.0,Active
CRD0004793,4802-XXXX-XXXX-7858,CUS0000123,PRD-DC01,ACC00003426,Debit,2023-10-08,2028-01-18,0.0,0.0,Active
CRD0004794,4281-XXXX-XXXX-9705,CUS0006610,PRD-CC02,,Credit,2025-03-28,2026-07-12,892385.3,120006.43,Active
CRD0004795,5619-XXXX-XXXX-2262,CUS0006357,PRD-CC04,,Credit,2021-10-29,2030-04-21,1049157.95,160308.88,Active
CRD0004796,5822-XXXX-XXXX-8377,CUS0005014,PRD-DC01,ACC00005311,Debit,2026-04-24,2026-12-01,0.0,0.0,Active
CRD0004797,5675-XXXX-XXXX-5370,CUS0005054,PRD-CC04,,Credit,2020-05-11,2030-03-02,611563.04,127635.5,Active
CRD0004798,4657-XXXX-XXXX-2947,CUS0007669,PRD-CC01,,Credit,2025-06-12,2028-11-20,223476.39,196784.72,Active
CRD0004799,4620-XXXX-XXXX-5502,CUS0003443,PRD-CC04,,Credit,2023-02-09,2028-04-20,803215.47,175309.14,Expired
CRD0004800,5986-XXXX-XXXX-4735,CUS0003529,PRD-DC02,ACC00005941,Debit,2025-08-08,2028-06-19,0.0,0.0,Active
CRD0004801,4124-XXXX-XXXX-7506,CUS0000367,PRD-CC04,,Credit,2024-06-28,2030-03-24,1487943.42,114320.8,Active
CRD0004802,4893-XXXX-XXXX-9589,CUS0003941,PRD-CC01,,Credit,2023-07-15,2027-04-28,1115568.17,144827.82,Active
CRD0004803,4547-XXXX-XXXX-5448,CUS0008082,PRD-CC03,,Credit,2025-03-20,2028-10-06,1168049.21,135774.47,Active
CRD0004804,4423-XXXX-XXXX-9146,CUS0007651,PRD-DC01,ACC00007111,Debit,2021-10-19,2030-07-14,0.0,0.0,Active
CRD0004805,5420-XXXX-XXXX-4649,CUS0007523,PRD-DC02,ACC00010371,Debit,2020-01-01,2026-06-22,0.0,0.0,Active
CRD0004806,4258-XXXX-XXXX-7112,CUS0009724,PRD-DC01,ACC00012841,Debit,2023-05-30,2026-07-26,0.0,0.0,Active
CRD0004807,5533-XXXX-XXXX-1815,CUS0009380,PRD-CC04,,Credit,2021-09-22,2029-11-27,1110125.3,11550.85,Active
CRD0004808,4913-XXXX-XXXX-6336,CUS0005987,PRD-DC02,ACC00015164,Debit,2023-08-27,2030-12-17,0.0,0.0,Active
CRD0004809,4232-XXXX-XXXX-9748,CUS0007359,PRD-DC01,,Debit,2022-01-06,2027-03-14,0.0,0.0,Active
CRD0004810,5646-XXXX-XXXX-9880,CUS0004614,PRD-CC01,,Credit,2025-06-03,2027-12-17,618260.71,27687.73,Active
CRD0004811,5715-XXXX-XXXX-4194,CUS0007440,PRD-CC04,,Credit,2022-07-19,2028-07-30,1380234.31,197856.45,Active
CRD0004812,4125-XXXX-XXXX-5954,CUS0001994,PRD-CC03,,Credit,2024-12-28,2028-12-02,862072.06,70982.06,Active
CRD0004813,4888-XXXX-XXXX-9425,CUS0009348,PRD-CC04,,Credit,2022-03-05,2030-04-15,1389011.37,104434.97,Active
CRD0004814,4828-XXXX-XXXX-5715,CUS0009876,PRD-DC02,ACC00007267,Debit,2023-01-16,2027-05-03,0.0,0.0,Active
CRD0004815,4386-XXXX-XXXX-5810,CUS0007957,PRD-CC01,,Credit,2021-07-14,2027-06-17,729860.02,100997.41,Blocked
CRD0004816,5643-XXXX-XXXX-4628,CUS0007653,PRD-DC02,ACC00011039,Debit,2021-04-19,2026-11-22,0.0,0.0,Active
CRD0004817,4483-XXXX-XXXX-6046,CUS0009005,PRD-CC02,,Credit,2023-11-27,2030-09-10,274891.13,126767.99,Active
CRD0004818,4874-XXXX-XXXX-2056,CUS0009123,PRD-DC02,ACC00011783,Debit,2022-12-27,2029-07-27,0.0,0.0,Active
CRD0004819,4824-XXXX-XXXX-2580,CUS0009455,PRD-DC01,ACC00015277,Debit,2025-11-29,2028-01-02,0.0,0.0,Active
CRD0004820,5879-XXXX-XXXX-8372,CUS0005218,PRD-CC01,,Credit,2025-01-15,2027-06-05,1377814.32,31406.83,Active
CRD0004821,5447-XXXX-XXXX-6158,CUS0003891,PRD-CC01,,Credit,2025-11-04,2030-02-06,787699.35,73303.27,Active
CRD0004822,4626-XXXX-XXXX-7108,CUS0008072,PRD-DC01,ACC00003601,Debit,2022-06-13,2027-01-15,0.0,0.0,Active
CRD0004823,4363-XXXX-XXXX-6140,CUS0000044,PRD-DC02,ACC00015347,Debit,2024-12-12,2030-03-31,0.0,0.0,Blocked
CRD0004824,4338-XXXX-XXXX-7606,CUS0003582,PRD-CC04,,Credit,2024-03-07,2027-11-18,875055.7,36545.51,Active
CRD0004825,5674-XXXX-XXXX-3479,CUS0000600,PRD-DC02,ACC00017659,Debit,2022-02-12,2030-07-27,0.0,0.0,Active
CRD0004826,5129-XXXX-XXXX-5863,CUS0000360,PRD-DC02,ACC00016404,Debit,2024-11-08,2030-02-17,0.0,0.0,Active
CRD0004827,5619-XXXX-XXXX-3380,CUS0005602,PRD-DC02,ACC00002558,Debit,2021-04-03,2028-10-15,0.0,0.0,Active
CRD0004828,5153-XXXX-XXXX-3772,CUS0000484,PRD-CC03,,Credit,2023-10-01,2028-10-05,1098270.76,64358.53,Active
CRD0004829,5585-XXXX-XXXX-1767,CUS0005383,PRD-DC02,ACC00015021,Debit,2022-09-27,2028-01-14,0.0,0.0,Active
CRD0004830,5490-XXXX-XXXX-2771,CUS0009268,PRD-CC04,,Credit,2020-08-07,2029-11-22,47893.72,140784.26,Active
CRD0004831,4936-XXXX-XXXX-6454,CUS0007527,PRD-CC04,,Credit,2024-10-25,2028-05-23,73117.87,181871.05,Expired
CRD0004832,4652-XXXX-XXXX-4500,CUS0003858,PRD-DC02,,Debit,2021-12-07,2027-03-30,0.0,0.0,Active
CRD0004833,4848-XXXX-XXXX-4871,CUS0007096,PRD-CC04,,Credit,2024-03-12,2027-01-05,265818.4,164972.13,Active
CRD0004834,5745-XXXX-XXXX-8554,CUS0003532,PRD-CC02,,Credit,2021-03-11,2030-11-23,1496107.94,177764.68,Active
CRD0004835,4657-XXXX-XXXX-6782,CUS0002249,PRD-DC01,ACC00011504,Debit,2024-06-10,2027-07-10,0.0,0.0,Active
CRD0004836,4847-XXXX-XXXX-9590,CUS0009989,PRD-DC01,ACC00002834,Debit,2024-02-04,2030-05-25,0.0,0.0,Active
CRD0004837,4688-XXXX-XXXX-2325,CUS0000397,PRD-DC02,ACC00013798,Debit,2022-07-12,2029-10-22,0.0,0.0,Active
CRD0004838,4531-XXXX-XXXX-8201,CUS0007896,PRD-CC03,,Credit,2026-02-15,2027-07-27,1246490.15,194909.18,Active
CRD0004839,4339-XXXX-XXXX-7815,CUS0000931,PRD-DC01,ACC00015732,Debit,2022-11-10,2028-05-12,0.0,0.0,Active
CRD0004840,5783-XXXX-XXXX-4028,CUS0006260,PRD-CC04,,Credit,2024-07-26,2026-07-29,686850.41,95017.67,Expired
CRD0004841,4987-XXXX-XXXX-3910,CUS0003479,PRD-CC01,,Credit,2024-12-20,2028-02-22,1367077.5,194909.22,Active
CRD0004842,5331-XXXX-XXXX-9545,CUS0008265,PRD-DC01,ACC00015966,Debit,2023-11-11,2028-05-31,0.0,0.0,Active
CRD0004843,5420-XXXX-XXXX-9945,CUS0006621,PRD-CC03,,Credit,2025-01-15,2029-12-29,609550.04,127255.7,Active
CRD0004844,4894-XXXX-XXXX-2550,CUS0008517,PRD-CC02,,Credit,2023-08-01,2027-12-22,618162.74,155165.74,Active
CRD0004845,4202-XXXX-XXXX-5858,CUS0003977,PRD-CC02,,Credit,2025-03-01,2027-09-17,1145726.16,80636.09,Active
CRD0004846,5448-XXXX-XXXX-1582,CUS0002798,PRD-CC02,,Credit,2025-06-04,2027-08-07,841696.38,85421.3,Active
CRD0004847,4457-XXXX-XXXX-8706,CUS0008269,PRD-CC01,,Credit,2023-06-22,2030-12-25,1056412.91,13287.64,Active
CRD0004848,5858-XXXX-XXXX-5603,CUS0009924,PRD-CC02,,Credit,2026-04-01,2029-01-02,1218836.13,55709.09,Active
CRD0004849,4809-XXXX-XXXX-2820,CUS0009816,PRD-CC02,,Credit,2024-11-24,2026-08-27,498999.04,173708.46,Active
CRD0004850,4694-XXXX-XXXX-5033,CUS0002686,PRD-DC02,,Debit,2024-09-14,2028-05-20,0.0,0.0,Active
CRD0004851,4210-XXXX-XXXX-1583,CUS0003981,PRD-CC03,,Credit,2021-08-21,2027-07-14,1466309.88,93682.57,Active
CRD0004852,5862-XXXX-XXXX-5958,CUS0003609,PRD-DC02,ACC00016019,Debit,2023-01-02,2028-04-28,0.0,0.0,Active
CRD0004853,5797-XXXX-XXXX-2184,CUS0005062,PRD-CC02,,Credit,2024-03-15,2029-11-22,723977.08,185050.66,Active
CRD0004854,4328-XXXX-XXXX-8546,CUS0008640,PRD-DC01,ACC00010863,Debit,2020-12-29,2027-05-23,0.0,0.0,Active
CRD0004855,5794-XXXX-XXXX-7949,CUS0005292,PRD-DC01,ACC00003255,Debit,2021-03-26,2030-11-04,0.0,0.0,Active
CRD0004856,4849-XXXX-XXXX-2131,CUS0005594,PRD-CC03,,Credit,2021-02-14,2027-11-26,613496.81,182776.22,Active
CRD0004857,5558-XXXX-XXXX-5409,CUS0007065,PRD-DC01,ACC00005690,Debit,2025-01-07,2026-12-15,0.0,0.0,Active
CRD0004858,4370-XXXX-XXXX-1508,CUS0007318,PRD-DC02,ACC00016230,Debit,2025-09-04,2030-10-21,0.0,0.0,Active
CRD0004859,4456-XXXX-XXXX-6919,CUS0009434,PRD-CC04,,Credit,2022-10-08,2027-06-02,1009480.26,92344.93,Active
CRD0004860,5621-XXXX-XXXX-4884,CUS0004097,PRD-CC02,,Credit,2025-11-22,2027-09-01,657420.73,60920.17,Active
CRD0004861,4871-XXXX-XXXX-6059,CUS0005180,PRD-CC04,,Credit,2025-01-29,2026-09-11,245117.52,26328.82,Active
CRD0004862,5715-XXXX-XXXX-3392,CUS0007553,PRD-CC03,,Credit,2025-10-16,2027-04-12,1469699.67,174759.42,Active
CRD0004863,4278-XXXX-XXXX-9755,CUS0001871,PRD-DC01,ACC00013584,Debit,2021-08-22,2027-05-12,0.0,0.0,Active
CRD0004864,5122-XXXX-XXXX-9070,CUS0003883,PRD-CC03,,Credit,2025-05-10,2030-06-22,113018.65,22879.5,Active
CRD0004865,5292-XXXX-XXXX-5605,CUS0004611,PRD-CC04,,Credit,2021-11-14,2030-05-04,478179.7,125108.87,Active
CRD0004866,4498-XXXX-XXXX-1927,CUS0002451,PRD-CC04,,Credit,2022-06-24,2027-01-17,289126.62,57529.08,Active
CRD0004867,4777-XXXX-XXXX-2603,CUS0007528,PRD-CC01,,Credit,2026-04-27,2028-07-29,1256221.46,192626.2,Active
CRD0004868,5915-XXXX-XXXX-7015,CUS0000006,PRD-CC04,,Credit,2023-06-06,2030-10-08,959842.09,133508.16,Active
CRD0004869,5174-XXXX-XXXX-8027,CUS0004478,PRD-CC02,,Credit,2022-04-01,2027-01-07,1309855.11,152742.44,Active
CRD0004870,5613-XXXX-XXXX-5777,CUS0000524,PRD-CC01,,Credit,2024-03-20,2029-11-07,1478231.84,191183.9,Active
CRD0004871,4404-XXXX-XXXX-7402,CUS0002839,PRD-CC04,,Credit,2023-01-18,2030-05-19,324698.52,65343.78,Active
CRD0004872,4517-XXXX-XXXX-1181,CUS0002300,PRD-CC04,,Credit,2025-10-04,2030-12-27,271354.97,131163.13,Active
CRD0004873,4674-XXXX-XXXX-8737,CUS0008493,PRD-CC04,,Credit,2025-02-22,2028-03-30,697720.48,38951.12,Active
CRD0004874,4782-XXXX-XXXX-7539,CUS0009038,PRD-CC04,,Credit,2020-08-15,2028-08-25,1419261.65,72033.04,Active
CRD0004875,5752-XXXX-XXXX-4700,CUS0003247,PRD-CC02,,Credit,2023-09-30,2028-01-18,860288.21,29060.33,Active
CRD0004876,4147-XXXX-XXXX-1991,CUS0006857,PRD-DC02,ACC00001726,Debit,2020-05-03,2029-12-25,0.0,0.0,Active
CRD0004877,4797-XXXX-XXXX-3402,CUS0000755,PRD-CC04,,Credit,2021-12-24,2029-05-23,1184427.65,121601.39,Active
CRD0004878,5850-XXXX-XXXX-3759,CUS0008719,PRD-DC01,ACC00011082,Debit,2020-12-01,2028-02-23,0.0,0.0,Active
CRD0004879,4981-XXXX-XXXX-5007,CUS0001917,PRD-CC01,,Credit,2025-02-08,2029-11-22,1468435.35,17955.24,Active
CRD0004880,5950-XXXX-XXXX-9445,CUS0008590,PRD-DC02,ACC00017161,Debit,2021-05-23,2026-12-31,0.0,0.0,Active
CRD0004881,4253-XXXX-XXXX-8446,CUS0007301,PRD-DC01,,Debit,2024-04-05,2028-08-14,0.0,0.0,Active
CRD0004882,4255-XXXX-XXXX-6147,CUS0007128,PRD-DC01,ACC00009816,Debit,2023-10-28,2028-02-12,0.0,0.0,Active
CRD0004883,5326-XXXX-XXXX-1390,CUS0004462,PRD-CC02,,Credit,2021-04-09,2029-04-25,429535.7,97061.08,Active
CRD0004884,4862-XXXX-XXXX-7461,CUS0003731,PRD-CC03,,Credit,2022-09-29,2029-02-15,509798.61,2831.22,Active
CRD0004885,4761-XXXX-XXXX-3014,CUS0002455,PRD-DC01,ACC00007584,Debit,2021-03-04,2027-07-06,0.0,0.0,Active
CRD0004886,4433-XXXX-XXXX-5222,CUS0008898,PRD-DC02,,Debit,2020-02-20,2029-01-19,0.0,0.0,Active
CRD0004887,5836-XXXX-XXXX-6168,CUS0004727,PRD-DC01,ACC00003378,Debit,2023-02-15,2030-08-10,0.0,0.0,Active
CRD0004888,5919-XXXX-XXXX-6682,CUS0003763,PRD-DC01,ACC00004829,Debit,2025-06-12,2027-07-12,0.0,0.0,Active
CRD0004889,4428-XXXX-XXXX-1723,CUS0005955,PRD-CC02,,Credit,2023-01-06,2027-01-02,69098.73,137346.16,Active
CRD0004890,4809-XXXX-XXXX-8517,CUS0001500,PRD-DC01,ACC00009820,Debit,2024-08-28,2026-11-13,0.0,0.0,Blocked
CRD0004891,4812-XXXX-XXXX-4912,CUS0001858,PRD-CC01,,Credit,2025-12-13,2026-05-08,907927.35,52991.55,Active
CRD0004892,5138-XXXX-XXXX-3327,CUS0000332,PRD-CC01,,Credit,2024-10-23,2027-05-07,221395.16,130149.36,Active
CRD0004893,4594-XXXX-XXXX-7453,CUS0008087,PRD-CC04,,Credit,2021-03-02,2027-02-23,1119286.91,126774.74,Active
CRD0004894,4170-XXXX-XXXX-8494,CUS0005778,PRD-DC01,ACC00011510,Debit,2023-10-12,2027-02-12,0.0,0.0,Active
CRD0004895,4610-XXXX-XXXX-3057,CUS0001455,PRD-CC04,,Credit,2025-01-19,2028-03-31,1000548.72,190707.29,Active
CRD0004896,4181-XXXX-XXXX-9364,CUS0006668,PRD-CC02,,Credit,2023-05-15,2028-12-04,897228.31,5070.59,Active
CRD0004897,5486-XXXX-XXXX-8074,CUS0008383,PRD-CC04,,Credit,2025-06-16,2028-06-11,507443.22,174937.97,Active
CRD0004898,5935-XXXX-XXXX-1429,CUS0005383,PRD-CC03,,Credit,2022-09-14,2027-01-08,516988.89,126207.69,Active
CRD0004899,4234-XXXX-XXXX-8312,CUS0001013,PRD-CC01,,Credit,2025-09-09,2026-05-20,32360.63,31561.82,Active
CRD0004900,5336-XXXX-XXXX-7915,CUS0003296,PRD-CC02,,Credit,2024-05-12,2028-10-26,1411831.1,10584.44,Active
CRD0004901,5162-XXXX-XXXX-8949,CUS0006284,PRD-CC02,,Credit,2022-09-15,2027-12-14,1172290.58,148673.92,Active
CRD0004902,5382-XXXX-XXXX-9474,CUS0008239,PRD-DC01,ACC00017258,Debit,2023-03-10,2026-06-06,0.0,0.0,Active
CRD0004903,5841-XXXX-XXXX-6879,CUS0009248,PRD-DC02,,Debit,2025-03-18,2026-06-02,0.0,0.0,Active
CRD0004904,5889-XXXX-XXXX-9476,CUS0006255,PRD-DC01,ACC00014857,Debit,2021-04-25,2028-09-12,0.0,0.0,Active
CRD0004905,4709-XXXX-XXXX-6462,CUS0000788,PRD-CC03,,Credit,2022-06-21,2028-11-25,176043.27,99458.57,Active
CRD0004906,5579-XXXX-XXXX-1359,CUS0009220,PRD-CC01,,Credit,2021-10-02,2030-01-04,910651.32,73702.08,Active
CRD0004907,5343-XXXX-XXXX-9461,CUS0004221,PRD-DC02,ACC00014595,Debit,2023-07-25,2028-05-30,0.0,0.0,Active
CRD0004908,4523-XXXX-XXXX-1843,CUS0000264,PRD-CC04,,Credit,2025-04-02,2027-04-09,988896.23,65209.2,Active
CRD0004909,5452-XXXX-XXXX-5571,CUS0007604,PRD-CC01,,Credit,2024-01-25,2029-06-07,1150480.81,18982.84,Active
CRD0004910,4582-XXXX-XXXX-3283,CUS0009031,PRD-CC02,,Credit,2024-11-26,2029-12-11,1392348.41,30775.94,Active
CRD0004911,4887-XXXX-XXXX-6027,CUS0001389,PRD-CC02,,Credit,2021-04-06,2030-05-07,327804.48,115969.68,Active
CRD0004912,4621-XXXX-XXXX-1049,CUS0008675,PRD-DC01,ACC00006733,Debit,2025-10-30,2030-02-28,0.0,0.0,Active
CRD0004913,5136-XXXX-XXXX-3716,CUS0006240,PRD-DC01,,Debit,2023-06-19,2029-08-09,0.0,0.0,Active
CRD0004914,5923-XXXX-XXXX-9598,CUS0008679,PRD-DC02,ACC00010808,Debit,2024-04-05,2027-01-15,0.0,0.0,Active
CRD0004915,4658-XXXX-XXXX-1249,CUS0006100,PRD-CC04,,Credit,2025-04-14,2029-04-07,123789.05,38229.51,Active
CRD0004916,4764-XXXX-XXXX-8324,CUS0006833,PRD-DC01,ACC00010778,Debit,2023-11-14,2027-10-26,0.0,0.0,Active
CRD0004917,5316-XXXX-XXXX-2430,CUS0006245,PRD-CC04,,Credit,2022-08-15,2026-06-22,173379.48,177178.73,Active
CRD0004918,5852-XXXX-XXXX-2573,CUS0007370,PRD-CC02,,Credit,2024-10-18,2027-06-09,1198091.6,99520.02,Active
CRD0004919,5999-XXXX-XXXX-8869,CUS0009422,PRD-DC01,ACC00008659,Debit,2024-02-13,2026-11-28,0.0,0.0,Active
CRD0004920,5706-XXXX-XXXX-4798,CUS0005425,PRD-CC03,,Credit,2024-04-15,2027-01-11,970211.26,84219.76,Active
CRD0004921,5163-XXXX-XXXX-9138,CUS0009139,PRD-CC01,,Credit,2024-08-29,2026-09-29,1200699.07,34692.7,Active
CRD0004922,4521-XXXX-XXXX-2730,CUS0007554,PRD-CC04,,Credit,2025-07-29,2028-08-12,1056537.39,107650.97,Active
CRD0004923,5896-XXXX-XXXX-8970,CUS0007381,PRD-DC02,ACC00017404,Debit,2025-07-05,2030-03-06,0.0,0.0,Active
CRD0004924,4291-XXXX-XXXX-3679,CUS0007098,PRD-CC03,,Credit,2023-12-18,2026-08-28,431427.88,195568.25,Active
CRD0004925,4620-XXXX-XXXX-3984,CUS0005009,PRD-CC03,,Credit,2020-06-16,2026-07-12,1477381.89,136713.04,Active
CRD0004926,4377-XXXX-XXXX-6379,CUS0008069,PRD-DC02,,Debit,2023-12-23,2030-04-23,0.0,0.0,Active
CRD0004927,4591-XXXX-XXXX-2685,CUS0000606,PRD-DC01,ACC00003804,Debit,2021-04-02,2029-11-13,0.0,0.0,Active
CRD0004928,4679-XXXX-XXXX-7684,CUS0008120,PRD-CC02,,Credit,2021-08-31,2029-09-24,594285.47,136127.6,Active
CRD0004929,4303-XXXX-XXXX-5974,CUS0005009,PRD-DC01,ACC00003186,Debit,2023-02-28,2027-04-18,0.0,0.0,Active
CRD0004930,5514-XXXX-XXXX-1066,CUS0005214,PRD-CC02,,Credit,2022-10-05,2030-06-07,1182391.46,136963.08,Active
CRD0004931,4702-XXXX-XXXX-7465,CUS0007876,PRD-DC02,ACC00005378,Debit,2022-01-19,2030-05-30,0.0,0.0,Active
CRD0004932,4789-XXXX-XXXX-8327,CUS0003522,PRD-CC02,,Credit,2021-04-27,2028-04-02,982394.76,18787.09,Active
CRD0004933,5960-XXXX-XXXX-3006,CUS0002451,PRD-CC02,,Credit,2024-07-26,2028-04-25,1306653.26,109779.81,Active
CRD0004934,5620-XXXX-XXXX-4614,CUS0008259,PRD-CC03,,Credit,2024-07-08,2029-09-13,919877.94,6562.96,Active
CRD0004935,5786-XXXX-XXXX-5176,CUS0004201,PRD-DC02,ACC00004772,Debit,2020-11-28,2026-06-12,0.0,0.0,Active
CRD0004936,4424-XXXX-XXXX-7504,CUS0008012,PRD-CC01,,Credit,2024-07-23,2027-10-10,435977.73,133505.29,Blocked
CRD0004937,5928-XXXX-XXXX-6022,CUS0007342,PRD-DC01,ACC00004557,Debit,2024-06-17,2029-03-21,0.0,0.0,Active
CRD0004938,4440-XXXX-XXXX-1325,CUS0001347,PRD-CC04,,Credit,2021-05-29,2028-09-23,1259518.66,158860.11,Active
CRD0004939,5527-XXXX-XXXX-1730,CUS0005706,PRD-DC02,ACC00009981,Debit,2025-07-01,2027-08-08,0.0,0.0,Active
CRD0004940,5172-XXXX-XXXX-3557,CUS0004406,PRD-DC02,ACC00000779,Debit,2021-01-01,2030-05-12,0.0,0.0,Active
CRD0004941,5804-XXXX-XXXX-1846,CUS0003885,PRD-CC02,,Credit,2022-06-21,2027-07-20,313616.41,56840.23,Active
CRD0004942,4259-XXXX-XXXX-3269,CUS0002958,PRD-DC01,,Debit,2022-11-11,2027-04-07,0.0,0.0,Active
CRD0004943,5385-XXXX-XXXX-1586,CUS0004320,PRD-CC04,,Credit,2024-10-28,2030-07-24,862295.29,155912.4,Active
CRD0004944,5155-XXXX-XXXX-8002,CUS0003466,PRD-DC02,,Debit,2024-08-16,2026-08-20,0.0,0.0,Active
CRD0004945,5202-XXXX-XXXX-4244,CUS0006178,PRD-CC01,,Credit,2022-09-25,2028-02-13,729285.27,183633.95,Active
CRD0004946,5395-XXXX-XXXX-3222,CUS0004169,PRD-DC01,,Debit,2020-06-19,2028-10-26,0.0,0.0,Active
CRD0004947,5575-XXXX-XXXX-3240,CUS0004376,PRD-CC03,,Credit,2026-03-14,2027-01-30,209934.11,138500.54,Blocked
CRD0004948,4952-XXXX-XXXX-6425,CUS0006492,PRD-DC01,ACC00012220,Debit,2022-12-23,2029-05-03,0.0,0.0,Active
CRD0004949,5162-XXXX-XXXX-3614,CUS0004989,PRD-CC02,,Credit,2024-11-26,2030-03-21,789153.15,92329.78,Active
CRD0004950,5396-XXXX-XXXX-1264,CUS0007957,PRD-CC04,,Credit,2026-01-22,2026-09-23,996563.8,170747.55,Active
CRD0004951,4319-XXXX-XXXX-8654,CUS0008920,PRD-DC02,ACC00016125,Debit,2020-08-10,2026-07-11,0.0,0.0,Active
CRD0004952,5289-XXXX-XXXX-1543,CUS0008657,PRD-DC01,,Debit,2021-06-19,2030-04-02,0.0,0.0,Active
CRD0004953,5598-XXXX-XXXX-6738,CUS0004395,PRD-DC01,ACC00009556,Debit,2025-12-13,2026-11-27,0.0,0.0,Expired
CRD0004954,4697-XXXX-XXXX-6776,CUS0002656,PRD-DC02,ACC00007368,Debit,2021-05-20,2027-04-08,0.0,0.0,Active
CRD0004955,5546-XXXX-XXXX-3915,CUS0009463,PRD-CC04,,Credit,2023-09-09,2026-10-10,644279.79,70902.24,Active
CRD0004956,4901-XXXX-XXXX-3918,CUS0006967,PRD-DC01,ACC00005059,Debit,2025-06-18,2027-08-10,0.0,0.0,Active
CRD0004957,4586-XXXX-XXXX-4916,CUS0001896,PRD-CC02,,Credit,2022-08-28,2029-08-02,168714.17,10463.98,Active
CRD0004958,4949-XXXX-XXXX-3880,CUS0002937,PRD-DC01,ACC00011916,Debit,2025-08-10,2027-01-20,0.0,0.0,Active
CRD0004959,5722-XXXX-XXXX-8267,CUS0008588,PRD-CC01,,Credit,2021-01-17,2029-11-13,504587.57,156406.89,Active
CRD0004960,4157-XXXX-XXXX-8329,CUS0004496,PRD-DC01,ACC00016494,Debit,2023-05-20,2028-10-20,0.0,0.0,Active
CRD0004961,5218-XXXX-XXXX-1963,CUS0009543,PRD-CC02,,Credit,2023-02-05,2030-04-14,1352960.39,21182.36,Active
CRD0004962,4191-XXXX-XXXX-2934,CUS0006850,PRD-DC01,ACC00009032,Debit,2022-03-08,2030-08-27,0.0,0.0,Active
CRD0004963,5817-XXXX-XXXX-2746,CUS0002133,PRD-CC01,,Credit,2022-05-20,2028-10-22,356778.44,11177.56,Active
CRD0004964,5460-XXXX-XXXX-9360,CUS0009442,PRD-DC01,ACC00005089,Debit,2020-06-30,2026-07-26,0.0,0.0,Active
CRD0004965,5275-XXXX-XXXX-3785,CUS0005328,PRD-DC01,ACC00002189,Debit,2021-10-23,2028-11-13,0.0,0.0,Active
CRD0004966,5399-XXXX-XXXX-2128,CUS0004008,PRD-DC02,ACC00011071,Debit,2025-07-28,2030-11-13,0.0,0.0,Active
CRD0004967,5542-XXXX-XXXX-8084,CUS0004355,PRD-DC01,ACC00006584,Debit,2021-02-18,2027-03-05,0.0,0.0,Active
CRD0004968,5475-XXXX-XXXX-8733,CUS0008695,PRD-CC03,,Credit,2021-02-28,2030-05-08,92838.46,148490.22,Active
CRD0004969,5715-XXXX-XXXX-5719,CUS0007224,PRD-CC01,,Credit,2024-11-06,2027-06-23,706738.72,158017.67,Active
CRD0004970,4765-XXXX-XXXX-2277,CUS0004610,PRD-CC02,,Credit,2023-03-09,2030-07-28,402878.92,167751.56,Active
CRD0004971,5995-XXXX-XXXX-5806,CUS0005779,PRD-DC02,ACC00003972,Debit,2025-05-05,2026-12-03,0.0,0.0,Active
CRD0004972,5212-XXXX-XXXX-1973,CUS0003754,PRD-CC03,,Credit,2024-07-23,2028-09-06,969016.22,88959.48,Active
CRD0004973,4274-XXXX-XXXX-6991,CUS0004818,PRD-DC02,ACC00011473,Debit,2024-03-14,2030-07-08,0.0,0.0,Active
CRD0004974,4311-XXXX-XXXX-6592,CUS0008470,PRD-CC03,,Credit,2022-05-11,2028-02-09,83395.08,195867.71,Active
CRD0004975,4624-XXXX-XXXX-4069,CUS0007944,PRD-CC02,,Credit,2021-01-26,2030-06-08,1100920.76,70164.25,Active
CRD0004976,5765-XXXX-XXXX-9714,CUS0008115,PRD-DC01,ACC00002099,Debit,2023-11-22,2026-08-09,0.0,0.0,Active
CRD0004977,4914-XXXX-XXXX-9899,CUS0006810,PRD-DC02,ACC00011620,Debit,2021-06-11,2026-05-19,0.0,0.0,Active
CRD0004978,4458-XXXX-XXXX-8798,CUS0002905,PRD-CC04,,Credit,2020-12-24,2028-07-25,555711.12,48061.33,Active
CRD0004979,4229-XXXX-XXXX-7818,CUS0000561,PRD-CC04,,Credit,2023-10-26,2029-08-24,581335.18,151722.35,Active
CRD0004980,5482-XXXX-XXXX-5151,CUS0005039,PRD-CC04,,Credit,2022-08-02,2027-09-06,325020.54,167721.93,Active
CRD0004981,5681-XXXX-XXXX-8810,CUS0003457,PRD-CC04,,Credit,2024-03-25,2030-06-12,431060.19,96211.79,Active
CRD0004982,4535-XXXX-XXXX-9411,CUS0001958,PRD-DC02,,Debit,2022-08-17,2027-11-16,0.0,0.0,Active
CRD0004983,5153-XXXX-XXXX-5696,CUS0003040,PRD-CC01,,Credit,2025-07-21,2030-05-16,366449.11,34508.28,Active
CRD0004984,5620-XXXX-XXXX-7121,CUS0002687,PRD-CC03,,Credit,2020-03-26,2029-11-11,1425562.41,149257.97,Active
CRD0004985,4807-XXXX-XXXX-5954,CUS0000730,PRD-CC01,,Credit,2022-06-22,2030-03-16,1328954.96,19045.65,Active
CRD0004986,5226-XXXX-XXXX-9202,CUS0007021,PRD-CC01,,Credit,2025-04-08,2027-09-25,1379899.02,42583.63,Active
CRD0004987,4717-XXXX-XXXX-4802,CUS0007429,PRD-CC02,,Credit,2020-10-23,2030-06-23,156366.22,22189.33,Blocked
CRD0004988,5455-XXXX-XXXX-7790,CUS0007408,PRD-CC04,,Credit,2022-07-06,2029-08-11,1088143.66,154608.2,Active
CRD0004989,4341-XXXX-XXXX-5421,CUS0006494,PRD-DC02,ACC00014192,Debit,2023-05-08,2030-03-08,0.0,0.0,Active
CRD0004990,4721-XXXX-XXXX-1194,CUS0000537,PRD-DC01,ACC00007274,Debit,2020-01-12,2029-12-01,0.0,0.0,Active
CRD0004991,5767-XXXX-XXXX-7805,CUS0007925,PRD-CC02,,Credit,2024-01-26,2027-01-01,1314316.89,199468.89,Active
CRD0004992,4161-XXXX-XXXX-9768,CUS0004236,PRD-DC02,ACC00007134,Debit,2022-04-09,2029-02-15,0.0,0.0,Active
CRD0004993,4914-XXXX-XXXX-3800,CUS0008384,PRD-DC01,ACC00002842,Debit,2024-08-16,2026-06-29,0.0,0.0,Active
CRD0004994,4575-XXXX-XXXX-8780,CUS0001790,PRD-DC02,ACC00015561,Debit,2022-08-17,2029-05-12,0.0,0.0,Active
CRD0004995,4764-XXXX-XXXX-9307,CUS0003640,PRD-CC01,,Credit,2025-07-07,2028-01-05,1420469.2,56085.2,Active
CRD0004996,4486-XXXX-XXXX-8305,CUS0004745,PRD-DC01,,Debit,2024-05-22,2029-03-16,0.0,0.0,Blocked
CRD0004997,4463-XXXX-XXXX-9174,CUS0004852,PRD-CC04,,Credit,2022-11-03,2027-12-08,347205.13,129501.29,Active
CRD0004998,5460-XXXX-XXXX-8525,CUS0000566,PRD-DC02,ACC00017308,Debit,2025-08-18,2027-12-11,0.0,0.0,Active
CRD0004999,4995-XXXX-XXXX-6943,CUS0007672,PRD-CC02,,Credit,2024-04-15,2030-12-31,1487750.25,48301.85,Active
CRD0005000,5276-XXXX-XXXX-2437,CUS0004340,PRD-DC02,,Debit,2025-07-09,2028-09-12,0.0,0.0,Active
CRD0005001,4629-XXXX-XXXX-2798,CUS0001934,PRD-CC03,,Credit,2022-09-17,2028-12-22,194853.64,113678.19,Active
CRD0005002,5615-XXXX-XXXX-7902,CUS0006580,PRD-CC02,,Credit,2021-02-16,2027-07-11,763778.94,89319.63,Blocked
CRD0005003,4431-XXXX-XXXX-7811,CUS0000839,PRD-CC03,,Credit,2020-02-09,2029-04-04,131470.22,150439.53,Active
CRD0005004,4947-XXXX-XXXX-8059,CUS0000367,PRD-DC01,,Debit,2022-06-29,2028-07-12,0.0,0.0,Active
CRD0005005,5720-XXXX-XXXX-4058,CUS0007769,PRD-DC02,ACC00014744,Debit,2025-06-21,2028-04-19,0.0,0.0,Active
CRD0005006,5814-XXXX-XXXX-8190,CUS0001194,PRD-DC02,,Debit,2023-12-02,2026-11-20,0.0,0.0,Active
CRD0005007,5398-XXXX-XXXX-3966,CUS0009903,PRD-CC04,,Credit,2023-02-12,2028-03-17,547104.61,21618.06,Active
CRD0005008,5635-XXXX-XXXX-7349,CUS0001195,PRD-DC02,ACC00007808,Debit,2025-04-09,2027-06-05,0.0,0.0,Active
CRD0005009,4893-XXXX-XXXX-9624,CUS0008190,PRD-DC01,ACC00004527,Debit,2026-01-06,2026-09-03,0.0,0.0,Active
CRD0005010,5326-XXXX-XXXX-2985,CUS0007856,PRD-CC01,,Credit,2023-11-16,2029-07-05,1472259.23,98578.01,Active
CRD0005011,5513-XXXX-XXXX-5285,CUS0004098,PRD-DC01,ACC00016356,Debit,2024-06-11,2029-06-08,0.0,0.0,Active
CRD0005012,4195-XXXX-XXXX-7580,CUS0005669,PRD-CC01,,Credit,2022-09-10,2030-09-15,1461096.19,138665.37,Active
CRD0005013,5738-XXXX-XXXX-7950,CUS0003942,PRD-CC03,,Credit,2023-05-11,2026-06-29,877802.37,59428.28,Active
CRD0005014,5132-XXXX-XXXX-7230,CUS0007846,PRD-DC01,ACC00008634,Debit,2021-05-13,2030-08-26,0.0,0.0,Active
CRD0005015,5842-XXXX-XXXX-7719,CUS0007061,PRD-CC02,,Credit,2021-11-28,2029-05-02,1286657.17,147561.53,Active
CRD0005016,5287-XXXX-XXXX-4341,CUS0003999,PRD-CC01,,Credit,2024-09-05,2027-03-10,1493468.52,135809.38,Active
CRD0005017,5161-XXXX-XXXX-1883,CUS0008595,PRD-CC01,,Credit,2020-04-16,2030-04-28,1132064.17,128439.59,Active
CRD0005018,4643-XXXX-XXXX-5890,CUS0001566,PRD-DC02,ACC00001687,Debit,2023-07-04,2030-03-14,0.0,0.0,Active
CRD0005019,5544-XXXX-XXXX-7293,CUS0009724,PRD-DC02,ACC00012841,Debit,2024-06-07,2029-12-19,0.0,0.0,Active
CRD0005020,5913-XXXX-XXXX-8071,CUS0001488,PRD-DC01,ACC00009522,Debit,2023-11-12,2027-06-18,0.0,0.0,Active
CRD0005021,5585-XXXX-XXXX-4578,CUS0008497,PRD-DC02,ACC00008417,Debit,2022-10-21,2029-10-22,0.0,0.0,Active
CRD0005022,5543-XXXX-XXXX-3707,CUS0008894,PRD-DC01,ACC00003211,Debit,2022-11-20,2027-03-31,0.0,0.0,Expired
CRD0005023,5233-XXXX-XXXX-1399,CUS0004589,PRD-DC02,,Debit,2025-08-23,2029-11-16,0.0,0.0,Active
CRD0005024,4410-XXXX-XXXX-8290,CUS0004991,PRD-DC02,ACC00016355,Debit,2024-07-02,2028-12-06,0.0,0.0,Active
CRD0005025,4561-XXXX-XXXX-4959,CUS0003434,PRD-CC01,,Credit,2023-01-21,2028-04-27,919361.29,190948.04,Active
CRD0005026,4415-XXXX-XXXX-2939,CUS0001592,PRD-CC01,,Credit,2024-10-09,2030-01-10,220673.33,177369.98,Active
CRD0005027,5736-XXXX-XXXX-1512,CUS0003320,PRD-DC02,ACC00001166,Debit,2022-04-24,2029-04-24,0.0,0.0,Active
CRD0005028,5153-XXXX-XXXX-1102,CUS0002367,PRD-DC01,ACC00003722,Debit,2026-02-11,2029-12-24,0.0,0.0,Active
CRD0005029,4994-XXXX-XXXX-7000,CUS0006856,PRD-CC01,,Credit,2021-08-20,2027-02-18,912751.1,15034.56,Active
CRD0005030,4447-XXXX-XXXX-3866,CUS0008861,PRD-DC01,ACC00010720,Debit,2026-01-13,2027-11-14,0.0,0.0,Active
CRD0005031,5469-XXXX-XXXX-1864,CUS0000485,PRD-CC04,,Credit,2025-01-12,2027-07-10,96041.44,158807.24,Active
CRD0005032,5772-XXXX-XXXX-2972,CUS0000396,PRD-DC01,ACC00011681,Debit,2022-06-05,2028-02-12,0.0,0.0,Active
CRD0005033,4372-XXXX-XXXX-6319,CUS0007719,PRD-DC01,ACC00000653,Debit,2023-05-25,2030-07-22,0.0,0.0,Active
CRD0005034,4482-XXXX-XXXX-3862,CUS0005184,PRD-CC01,,Credit,2024-03-22,2030-01-12,774440.47,96898.22,Active
CRD0005035,5150-XXXX-XXXX-3148,CUS0009008,PRD-DC02,ACC00005005,Debit,2022-05-04,2029-12-13,0.0,0.0,Active
CRD0005036,4539-XXXX-XXXX-6845,CUS0009504,PRD-CC02,,Credit,2025-12-30,2026-12-07,1235986.6,166415.73,Active
CRD0005037,5427-XXXX-XXXX-3880,CUS0006536,PRD-DC02,,Debit,2024-04-23,2028-06-06,0.0,0.0,Active
CRD0005038,5947-XXXX-XXXX-2502,CUS0004298,PRD-CC01,,Credit,2024-06-21,2027-12-07,828369.3,25443.43,Active
CRD0005039,4529-XXXX-XXXX-4474,CUS0000064,PRD-DC02,ACC00015614,Debit,2022-10-19,2030-08-24,0.0,0.0,Active
CRD0005040,5267-XXXX-XXXX-2413,CUS0007611,PRD-DC02,ACC00009724,Debit,2023-03-31,2026-08-08,0.0,0.0,Active
CRD0005041,5281-XXXX-XXXX-1267,CUS0007427,PRD-CC04,,Credit,2024-05-16,2026-08-16,1213998.78,153025.43,Active
CRD0005042,4915-XXXX-XXXX-4954,CUS0008641,PRD-DC02,ACC00004044,Debit,2024-06-26,2029-10-08,0.0,0.0,Active
CRD0005043,4932-XXXX-XXXX-9314,CUS0009752,PRD-CC03,,Credit,2022-10-14,2030-04-17,930179.17,86106.19,Expired
CRD0005044,4476-XXXX-XXXX-2304,CUS0000032,PRD-CC02,,Credit,2023-12-25,2028-12-30,1070294.58,194750.62,Active
CRD0005045,4103-XXXX-XXXX-3965,CUS0007965,PRD-CC03,,Credit,2022-08-08,2027-04-26,513500.41,115300.87,Active
CRD0005046,5969-XXXX-XXXX-3758,CUS0002422,PRD-CC01,,Credit,2023-04-20,2027-01-25,250289.32,27138.78,Active
CRD0005047,4964-XXXX-XXXX-2676,CUS0006697,PRD-DC01,ACC00004853,Debit,2023-10-23,2029-10-30,0.0,0.0,Expired
CRD0005048,4409-XXXX-XXXX-6170,CUS0005631,PRD-DC01,ACC00003621,Debit,2025-01-10,2027-10-22,0.0,0.0,Blocked
CRD0005049,5284-XXXX-XXXX-3020,CUS0001303,PRD-CC03,,Credit,2022-05-18,2027-06-28,1275175.36,115272.97,Active
CRD0005050,4118-XXXX-XXXX-7789,CUS0000759,PRD-CC02,,Credit,2020-08-31,2029-09-02,961713.4,61441.89,Active
CRD0005051,4717-XXXX-XXXX-8500,CUS0002833,PRD-DC02,ACC00006324,Debit,2022-06-30,2029-12-01,0.0,0.0,Active
CRD0005052,4332-XXXX-XXXX-1723,CUS0007768,PRD-DC02,ACC00009696,Debit,2023-10-23,2028-06-29,0.0,0.0,Active
CRD0005053,4726-XXXX-XXXX-7942,CUS0008307,PRD-CC03,,Credit,2023-09-28,2030-09-03,810957.88,31070.93,Active
CRD0005054,5972-XXXX-XXXX-2938,CUS0001527,PRD-DC01,ACC00015567,Debit,2024-04-12,2029-03-28,0.0,0.0,Active
CRD0005055,5193-XXXX-XXXX-3408,CUS0005695,PRD-CC04,,Credit,2026-02-04,2030-04-10,944901.15,29637.24,Active
CRD0005056,5458-XXXX-XXXX-2828,CUS0002025,PRD-CC03,,Credit,2024-01-15,2027-10-18,1364783.83,150653.61,Active
CRD0005057,5117-XXXX-XXXX-8229,CUS0007050,PRD-DC01,ACC00005650,Debit,2020-09-06,2028-12-21,0.0,0.0,Active
CRD0005058,5914-XXXX-XXXX-4990,CUS0009245,PRD-CC04,,Credit,2022-01-14,2029-09-24,994706.44,77446.78,Active
CRD0005059,5365-XXXX-XXXX-3593,CUS0006215,PRD-DC01,ACC00009371,Debit,2020-01-17,2028-08-03,0.0,0.0,Active
CRD0005060,5671-XXXX-XXXX-8527,CUS0003168,PRD-DC01,ACC00014804,Debit,2021-07-19,2028-07-30,0.0,0.0,Blocked
CRD0005061,5178-XXXX-XXXX-1344,CUS0008588,PRD-DC01,ACC00014743,Debit,2025-09-18,2030-02-23,0.0,0.0,Expired
CRD0005062,5528-XXXX-XXXX-7091,CUS0006364,PRD-CC02,,Credit,2025-05-01,2026-07-14,487508.85,158614.83,Active
CRD0005063,4828-XXXX-XXXX-9763,CUS0006782,PRD-CC04,,Credit,2025-02-03,2030-10-03,644551.02,59926.17,Active
CRD0005064,5316-XXXX-XXXX-1850,CUS0001893,PRD-CC03,,Credit,2020-06-29,2030-08-01,516830.07,60130.22,Active
CRD0005065,4290-XXXX-XXXX-3252,CUS0003834,PRD-CC03,,Credit,2024-11-28,2029-08-11,216021.85,120569.74,Active
CRD0005066,5674-XXXX-XXXX-9536,CUS0001386,PRD-CC04,,Credit,2024-03-06,2028-04-24,519576.03,83936.37,Active
CRD0005067,5636-XXXX-XXXX-2311,CUS0008602,PRD-DC02,ACC00017609,Debit,2024-07-12,2030-08-26,0.0,0.0,Active
CRD0005068,5947-XXXX-XXXX-6036,CUS0005835,PRD-CC03,,Credit,2024-03-05,2029-12-10,1243909.84,104262.43,Active
CRD0005069,5884-XXXX-XXXX-1811,CUS0002069,PRD-CC02,,Credit,2022-01-14,2030-08-08,82880.44,35766.74,Active
CRD0005070,4323-XXXX-XXXX-3639,CUS0008986,PRD-CC01,,Credit,2020-03-27,2028-06-08,1378482.18,49655.87,Active
CRD0005071,4419-XXXX-XXXX-4519,CUS0007518,PRD-CC02,,Credit,2026-02-25,2029-12-01,53662.01,130629.56,Active
CRD0005072,4483-XXXX-XXXX-3531,CUS0000551,PRD-CC04,,Credit,2025-06-19,2029-08-28,728883.44,43568.59,Active
CRD0005073,4693-XXXX-XXXX-9582,CUS0006147,PRD-DC02,ACC00015808,Debit,2025-09-28,2028-03-12,0.0,0.0,Active
CRD0005074,5157-XXXX-XXXX-9378,CUS0009965,PRD-CC03,,Credit,2020-11-22,2027-11-06,770984.82,82404.65,Active
CRD0005075,5161-XXXX-XXXX-8992,CUS0007798,PRD-CC02,,Credit,2025-12-22,2026-12-24,1296126.63,27660.51,Active
CRD0005076,5424-XXXX-XXXX-2945,CUS0002902,PRD-CC01,,Credit,2025-03-22,2027-08-19,172568.95,88710.33,Active
CRD0005077,4444-XXXX-XXXX-5212,CUS0009287,PRD-CC03,,Credit,2024-09-26,2030-12-15,551161.31,43581.22,Blocked
CRD0005078,4238-XXXX-XXXX-6634,CUS0004042,PRD-DC01,ACC00003054,Debit,2026-04-08,2030-01-27,0.0,0.0,Active
CRD0005079,5806-XXXX-XXXX-7728,CUS0001041,PRD-DC01,ACC00017464,Debit,2025-03-12,2028-07-06,0.0,0.0,Active
CRD0005080,5458-XXXX-XXXX-1188,CUS0004153,PRD-DC02,,Debit,2022-12-13,2028-12-30,0.0,0.0,Active
CRD0005081,4572-XXXX-XXXX-2307,CUS0005262,PRD-CC01,,Credit,2022-12-05,2029-11-26,1322600.68,109201.26,Active
CRD0005082,4749-XXXX-XXXX-9944,CUS0001577,PRD-CC02,,Credit,2021-03-20,2030-12-07,1128071.56,55700.49,Active
CRD0005083,5332-XXXX-XXXX-3954,CUS0004473,PRD-DC01,ACC00017309,Debit,2025-02-12,2030-02-02,0.0,0.0,Active
CRD0005084,5933-XXXX-XXXX-9396,CUS0005283,PRD-DC01,ACC00002048,Debit,2025-12-15,2027-02-11,0.0,0.0,Active
CRD0005085,5646-XXXX-XXXX-7691,CUS0007720,PRD-DC01,ACC00014413,Debit,2025-09-04,2029-07-11,0.0,0.0,Active
CRD0005086,5153-XXXX-XXXX-1901,CUS0009099,PRD-DC01,ACC00011736,Debit,2025-11-27,2027-03-07,0.0,0.0,Active
CRD0005087,5359-XXXX-XXXX-8450,CUS0005755,PRD-DC01,ACC00000042,Debit,2025-09-07,2029-09-26,0.0,0.0,Active
CRD0005088,4436-XXXX-XXXX-6474,CUS0004993,PRD-CC04,,Credit,2021-02-15,2026-06-07,375113.46,33346.73,Active
CRD0005089,5320-XXXX-XXXX-6405,CUS0009740,PRD-DC02,,Debit,2020-11-21,2028-06-19,0.0,0.0,Active
CRD0005090,4698-XXXX-XXXX-4348,CUS0001803,PRD-DC02,ACC00006150,Debit,2022-08-03,2027-01-05,0.0,0.0,Active
CRD0005091,4311-XXXX-XXXX-6035,CUS0005190,PRD-CC04,,Credit,2021-03-15,2026-12-26,1071215.03,182612.06,Active
CRD0005092,5452-XXXX-XXXX-3417,CUS0006584,PRD-CC03,,Credit,2022-08-23,2029-04-15,1461114.15,150662.4,Active
CRD0005093,4155-XXXX-XXXX-4136,CUS0003924,PRD-CC01,,Credit,2022-05-01,2026-10-01,1051551.93,11498.91,Active
CRD0005094,4373-XXXX-XXXX-6849,CUS0001668,PRD-DC02,ACC00017679,Debit,2020-11-25,2026-07-08,0.0,0.0,Active
CRD0005095,5775-XXXX-XXXX-4714,CUS0005711,PRD-DC02,ACC00000197,Debit,2020-06-03,2030-05-09,0.0,0.0,Active
CRD0005096,5879-XXXX-XXXX-4996,CUS0008601,PRD-DC01,,Debit,2024-09-04,2029-03-07,0.0,0.0,Blocked
CRD0005097,5970-XXXX-XXXX-6252,CUS0001400,PRD-CC01,,Credit,2023-06-06,2028-11-25,29449.07,30427.4,Active
CRD0005098,5248-XXXX-XXXX-4092,CUS0004043,PRD-DC01,ACC00001653,Debit,2024-01-10,2029-11-14,0.0,0.0,Active
CRD0005099,5629-XXXX-XXXX-8132,CUS0000553,PRD-DC02,ACC00000702,Debit,2025-03-06,2027-07-27,0.0,0.0,Active
CRD0005100,5551-XXXX-XXXX-8460,CUS0006221,PRD-DC02,ACC00007346,Debit,2020-07-19,2029-06-10,0.0,0.0,Active
CRD0005101,5826-XXXX-XXXX-5287,CUS0006035,PRD-CC01,,Credit,2026-04-16,2029-09-05,367677.65,181234.57,Active
CRD0005102,5804-XXXX-XXXX-9429,CUS0002473,PRD-CC01,,Credit,2024-07-14,2029-12-22,374380.2,82454.8,Active
CRD0005103,5991-XXXX-XXXX-7270,CUS0000817,PRD-CC03,,Credit,2021-12-28,2030-05-18,769901.79,128684.09,Active
CRD0005104,5131-XXXX-XXXX-9751,CUS0006494,PRD-CC01,,Credit,2020-06-11,2028-03-31,62009.75,28654.76,Active
CRD0005105,4246-XXXX-XXXX-9042,CUS0003220,PRD-DC02,ACC00011099,Debit,2023-07-17,2030-09-06,0.0,0.0,Active
CRD0005106,5878-XXXX-XXXX-3333,CUS0008454,PRD-DC01,,Debit,2025-04-02,2026-11-30,0.0,0.0,Active
CRD0005107,5761-XXXX-XXXX-1510,CUS0004457,PRD-CC01,,Credit,2022-10-31,2029-06-15,1006842.76,86392.18,Active
CRD0005108,4336-XXXX-XXXX-4003,CUS0005591,PRD-CC04,,Credit,2025-01-20,2029-02-07,116543.06,186873.86,Active
CRD0005109,4743-XXXX-XXXX-9344,CUS0006664,PRD-CC02,,Credit,2024-10-27,2028-01-23,573747.7,172166.67,Active
CRD0005110,4651-XXXX-XXXX-5258,CUS0007991,PRD-CC01,,Credit,2020-04-10,2027-03-05,190305.06,190690.97,Active
CRD0005111,5398-XXXX-XXXX-3940,CUS0004289,PRD-DC01,ACC00003961,Debit,2022-09-14,2026-08-31,0.0,0.0,Active
CRD0005112,4908-XXXX-XXXX-8930,CUS0009795,PRD-CC03,,Credit,2023-10-26,2026-11-04,813648.88,78004.36,Active
CRD0005113,5953-XXXX-XXXX-9748,CUS0008711,PRD-CC04,,Credit,2026-01-02,2029-11-06,384488.46,72626.96,Active
CRD0005114,5673-XXXX-XXXX-9956,CUS0001498,PRD-CC04,,Credit,2023-09-23,2026-06-19,337818.97,174077.48,Active
CRD0005115,4136-XXXX-XXXX-9208,CUS0006658,PRD-CC04,,Credit,2020-01-09,2027-08-15,882954.4,151023.21,Blocked
CRD0005116,4588-XXXX-XXXX-3413,CUS0000978,PRD-DC02,,Debit,2024-12-03,2026-09-14,0.0,0.0,Active
CRD0005117,5553-XXXX-XXXX-4939,CUS0001122,PRD-DC01,ACC00005171,Debit,2025-07-02,2026-10-12,0.0,0.0,Active
CRD0005118,4114-XXXX-XXXX-6753,CUS0006626,PRD-DC01,ACC00008481,Debit,2021-02-10,2028-07-28,0.0,0.0,Active
CRD0005119,5884-XXXX-XXXX-4578,CUS0005235,PRD-CC03,,Credit,2025-03-06,2027-08-23,775224.14,91264.85,Active
CRD0005120,4584-XXXX-XXXX-6379,CUS0001975,PRD-DC01,,Debit,2021-08-05,2028-04-04,0.0,0.0,Active
CRD0005121,4142-XXXX-XXXX-7817,CUS0000459,PRD-CC01,,Credit,2021-11-22,2030-01-11,49031.8,48170.01,Active
CRD0005122,5200-XXXX-XXXX-8824,CUS0003985,PRD-CC02,,Credit,2023-07-06,2028-02-10,1190600.05,138692.29,Active
CRD0005123,4566-XXXX-XXXX-4401,CUS0008357,PRD-DC01,ACC00011930,Debit,2021-10-07,2029-05-30,0.0,0.0,Active
CRD0005124,5966-XXXX-XXXX-5102,CUS0002853,PRD-CC03,,Credit,2025-04-19,2029-04-07,161022.71,75478.4,Active
CRD0005125,5145-XXXX-XXXX-3580,CUS0004946,PRD-CC04,,Credit,2025-10-18,2026-12-19,751954.93,165719.0,Active
CRD0005126,5329-XXXX-XXXX-6721,CUS0006840,PRD-DC01,ACC00007458,Debit,2023-03-12,2029-10-21,0.0,0.0,Active
CRD0005127,4803-XXXX-XXXX-3551,CUS0005748,PRD-CC02,,Credit,2024-10-20,2026-05-14,1129463.32,9858.6,Active
CRD0005128,5306-XXXX-XXXX-9716,CUS0001436,PRD-DC02,ACC00010338,Debit,2020-06-25,2028-09-18,0.0,0.0,Active
CRD0005129,5259-XXXX-XXXX-1962,CUS0007103,PRD-CC03,,Credit,2023-12-17,2029-03-12,45199.26,79569.74,Active
CRD0005130,4891-XXXX-XXXX-5963,CUS0005982,PRD-DC01,ACC00010430,Debit,2025-12-21,2029-06-27,0.0,0.0,Active
CRD0005131,5777-XXXX-XXXX-5716,CUS0000272,PRD-CC04,,Credit,2022-09-21,2030-09-22,820751.41,69440.75,Active
CRD0005132,4510-XXXX-XXXX-4663,CUS0009093,PRD-DC01,,Debit,2020-01-08,2028-03-13,0.0,0.0,Active
CRD0005133,5541-XXXX-XXXX-3952,CUS0009085,PRD-CC03,,Credit,2024-12-23,2027-06-21,310545.62,22652.27,Active
CRD0005134,5320-XXXX-XXXX-8185,CUS0002001,PRD-DC01,ACC00001920,Debit,2020-03-23,2029-10-16,0.0,0.0,Active
CRD0005135,5831-XXXX-XXXX-9276,CUS0002840,PRD-DC02,ACC00010541,Debit,2024-06-14,2030-02-18,0.0,0.0,Active
CRD0005136,4857-XXXX-XXXX-7659,CUS0000099,PRD-CC02,,Credit,2024-05-26,2028-05-03,261250.42,185302.88,Active
CRD0005137,5179-XXXX-XXXX-3891,CUS0000216,PRD-CC04,,Credit,2024-12-12,2029-05-17,473344.45,192452.69,Active
CRD0005138,4769-XXXX-XXXX-3039,CUS0008268,PRD-CC01,,Credit,2025-01-31,2030-08-14,1108062.01,163639.87,Active
CRD0005139,5950-XXXX-XXXX-2410,CUS0008231,PRD-CC04,,Credit,2023-10-21,2026-12-10,176806.42,34588.37,Active
CRD0005140,4140-XXXX-XXXX-6077,CUS0001711,PRD-DC01,ACC00001758,Debit,2023-10-07,2030-09-12,0.0,0.0,Active
CRD0005141,5117-XXXX-XXXX-2284,CUS0005938,PRD-CC04,,Credit,2022-06-27,2030-06-22,1486501.03,137023.33,Active
CRD0005142,4544-XXXX-XXXX-1952,CUS0002141,PRD-CC04,,Credit,2026-04-05,2029-12-12,618357.57,196004.37,Active
CRD0005143,5908-XXXX-XXXX-8955,CUS0003419,PRD-CC04,,Credit,2024-07-20,2030-11-16,754643.49,110045.44,Active
CRD0005144,5272-XXXX-XXXX-9487,CUS0002470,PRD-CC01,,Credit,2022-12-13,2027-09-13,480235.62,196312.56,Active
CRD0005145,5660-XXXX-XXXX-1383,CUS0009514,PRD-CC03,,Credit,2022-10-12,2029-12-13,1253520.24,121669.05,Active
CRD0005146,4246-XXXX-XXXX-8606,CUS0009643,PRD-CC01,,Credit,2026-03-21,2026-08-27,955102.26,43227.35,Active
CRD0005147,5122-XXXX-XXXX-9894,CUS0000067,PRD-CC01,,Credit,2022-10-23,2030-07-28,95768.71,6640.76,Active
CRD0005148,5268-XXXX-XXXX-1982,CUS0001483,PRD-DC02,ACC00016138,Debit,2024-08-04,2026-10-23,0.0,0.0,Active
CRD0005149,5666-XXXX-XXXX-2669,CUS0003210,PRD-DC01,ACC00013981,Debit,2024-09-30,2027-07-04,0.0,0.0,Active
CRD0005150,4917-XXXX-XXXX-1099,CUS0004515,PRD-CC03,,Credit,2026-04-29,2030-06-11,84933.89,47621.66,Active
CRD0005151,4137-XXXX-XXXX-4688,CUS0008019,PRD-CC01,,Credit,2024-07-06,2028-07-13,1365853.32,55096.62,Active
CRD0005152,4928-XXXX-XXXX-9121,CUS0009506,PRD-CC03,,Credit,2023-06-16,2029-12-29,999897.07,231.09,Active
CRD0005153,5201-XXXX-XXXX-1253,CUS0000583,PRD-DC02,ACC00011636,Debit,2020-01-11,2029-05-26,0.0,0.0,Active
CRD0005154,5358-XXXX-XXXX-2222,CUS0004913,PRD-CC01,,Credit,2020-09-20,2030-12-12,943454.43,153568.02,Active
CRD0005155,4510-XXXX-XXXX-3421,CUS0007141,PRD-CC04,,Credit,2020-11-18,2028-12-09,538817.89,123416.2,Active
CRD0005156,4277-XXXX-XXXX-3758,CUS0005755,PRD-CC02,,Credit,2024-09-23,2026-08-01,155264.21,47097.67,Active
CRD0005157,5935-XXXX-XXXX-5696,CUS0002756,PRD-CC01,,Credit,2021-07-20,2029-05-23,447606.18,106870.16,Active
CRD0005158,4810-XXXX-XXXX-1636,CUS0005254,PRD-CC04,,Credit,2020-09-29,2028-01-04,1220153.18,29769.17,Active
CRD0005159,4111-XXXX-XXXX-9846,CUS0000665,PRD-CC02,,Credit,2025-12-15,2029-12-01,917521.88,155122.73,Active
CRD0005160,5180-XXXX-XXXX-4533,CUS0007222,PRD-CC01,,Credit,2024-12-22,2028-02-29,430367.01,195377.42,Active
CRD0005161,5616-XXXX-XXXX-7647,CUS0000701,PRD-CC01,,Credit,2022-10-14,2026-06-22,258117.82,97852.51,Active
CRD0005162,5590-XXXX-XXXX-2983,CUS0008800,PRD-CC02,,Credit,2020-05-30,2027-11-10,1060954.54,51630.81,Active
CRD0005163,5520-XXXX-XXXX-4128,CUS0006882,PRD-CC04,,Credit,2021-05-16,2026-06-28,363689.73,79928.3,Expired
CRD0005164,4390-XXXX-XXXX-4985,CUS0003911,PRD-DC01,ACC00016304,Debit,2020-10-27,2027-07-10,0.0,0.0,Active
CRD0005165,5975-XXXX-XXXX-2350,CUS0004702,PRD-CC03,,Credit,2020-11-05,2026-06-12,54944.19,196909.2,Active
CRD0005166,4997-XXXX-XXXX-5593,CUS0009022,PRD-CC04,,Credit,2022-05-24,2030-09-25,759329.22,99201.01,Active
CRD0005167,4205-XXXX-XXXX-5444,CUS0008808,PRD-DC01,ACC00010220,Debit,2023-10-22,2030-09-25,0.0,0.0,Active
CRD0005168,5961-XXXX-XXXX-4435,CUS0007422,PRD-CC01,,Credit,2025-04-10,2026-12-16,497897.9,141416.34,Active
CRD0005169,4698-XXXX-XXXX-7816,CUS0005386,PRD-CC02,,Credit,2025-09-10,2027-05-03,448741.49,73911.58,Active
CRD0005170,5241-XXXX-XXXX-7388,CUS0000203,PRD-DC02,ACC00011601,Debit,2020-07-12,2029-08-31,0.0,0.0,Active
CRD0005171,5184-XXXX-XXXX-4325,CUS0005749,PRD-DC02,ACC00007258,Debit,2021-04-20,2030-08-03,0.0,0.0,Active
CRD0005172,4531-XXXX-XXXX-2213,CUS0001246,PRD-CC02,,Credit,2025-10-28,2028-10-31,322251.96,22418.89,Active
CRD0005173,5230-XXXX-XXXX-5067,CUS0008082,PRD-CC04,,Credit,2021-05-15,2028-08-06,394718.84,2417.83,Active
CRD0005174,4777-XXXX-XXXX-3114,CUS0002216,PRD-CC03,,Credit,2026-02-18,2030-05-13,1297141.18,115437.62,Active
CRD0005175,5650-XXXX-XXXX-2667,CUS0005592,PRD-CC04,,Credit,2022-02-20,2029-04-26,774060.62,153974.57,Active
CRD0005176,4700-XXXX-XXXX-4179,CUS0001596,PRD-CC04,,Credit,2023-11-09,2026-10-12,219474.78,5722.61,Active
CRD0005177,4487-XXXX-XXXX-2345,CUS0009067,PRD-DC01,ACC00010266,Debit,2022-06-12,2027-12-09,0.0,0.0,Active
CRD0005178,4133-XXXX-XXXX-2426,CUS0006387,PRD-CC02,,Credit,2023-02-03,2028-10-12,252761.93,159150.06,Active
CRD0005179,5475-XXXX-XXXX-3710,CUS0008690,PRD-DC02,ACC00001189,Debit,2024-10-09,2030-05-29,0.0,0.0,Active
CRD0005180,5429-XXXX-XXXX-5277,CUS0008044,PRD-DC02,ACC00011413,Debit,2022-11-14,2027-05-09,0.0,0.0,Active
CRD0005181,5838-XXXX-XXXX-1245,CUS0002043,PRD-DC01,ACC00017797,Debit,2023-04-23,2029-09-29,0.0,0.0,Active
CRD0005182,5695-XXXX-XXXX-3745,CUS0005244,PRD-CC01,,Credit,2025-04-11,2028-06-02,230883.38,59902.89,Active
CRD0005183,5796-XXXX-XXXX-9813,CUS0007736,PRD-DC02,ACC00003129,Debit,2020-08-04,2029-09-01,0.0,0.0,Active
CRD0005184,5681-XXXX-XXXX-7869,CUS0007588,PRD-CC04,,Credit,2025-03-11,2030-12-25,1260576.47,117824.18,Active
CRD0005185,4927-XXXX-XXXX-9566,CUS0009118,PRD-DC02,,Debit,2024-04-09,2029-02-13,0.0,0.0,Active
CRD0005186,5722-XXXX-XXXX-1555,CUS0000559,PRD-DC02,ACC00013623,Debit,2020-03-15,2028-09-26,0.0,0.0,Active
CRD0005187,5934-XXXX-XXXX-3694,CUS0002388,PRD-DC02,,Debit,2025-10-29,2029-10-20,0.0,0.0,Active
CRD0005188,4798-XXXX-XXXX-2441,CUS0002698,PRD-CC04,,Credit,2023-12-24,2028-05-06,168578.26,81286.15,Active
CRD0005189,5793-XXXX-XXXX-1195,CUS0005018,PRD-DC01,ACC00003959,Debit,2023-07-11,2027-07-10,0.0,0.0,Active
CRD0005190,4541-XXXX-XXXX-7266,CUS0006048,PRD-CC01,,Credit,2023-11-25,2026-10-14,346944.78,61242.72,Active
CRD0005191,4253-XXXX-XXXX-5434,CUS0006550,PRD-CC04,,Credit,2025-01-14,2029-10-28,1425016.33,46012.01,Active
CRD0005192,4777-XXXX-XXXX-8459,CUS0002070,PRD-DC02,,Debit,2026-02-03,2029-12-27,0.0,0.0,Active
CRD0005193,5142-XXXX-XXXX-3630,CUS0003322,PRD-CC04,,Credit,2024-05-31,2027-05-24,461496.24,46027.29,Active
CRD0005194,4579-XXXX-XXXX-6271,CUS0003036,PRD-DC01,ACC00012793,Debit,2020-12-06,2028-01-14,0.0,0.0,Active
CRD0005195,4804-XXXX-XXXX-7006,CUS0000515,PRD-CC01,,Credit,2023-12-05,2028-01-09,103741.07,11545.82,Active
CRD0005196,4670-XXXX-XXXX-4097,CUS0009454,PRD-CC02,,Credit,2022-08-03,2026-11-26,323356.53,61893.1,Active
CRD0005197,5394-XXXX-XXXX-4535,CUS0007550,PRD-CC01,,Credit,2022-04-14,2029-07-03,662938.0,56618.88,Active
CRD0005198,4975-XXXX-XXXX-5142,CUS0009780,PRD-CC02,,Credit,2022-06-08,2028-01-30,289507.74,5931.94,Active
CRD0005199,5431-XXXX-XXXX-6616,CUS0006276,PRD-CC03,,Credit,2022-08-04,2030-02-07,999115.44,156868.83,Active
CRD0005200,4180-XXXX-XXXX-5705,CUS0001326,PRD-DC02,ACC00005839,Debit,2024-02-05,2028-04-20,0.0,0.0,Active
CRD0005201,5334-XXXX-XXXX-1035,CUS0005388,PRD-CC03,,Credit,2026-03-03,2029-08-18,932787.51,33553.68,Active
CRD0005202,5666-XXXX-XXXX-1295,CUS0003834,PRD-DC01,,Debit,2024-01-02,2027-07-17,0.0,0.0,Active
CRD0005203,5749-XXXX-XXXX-1753,CUS0005329,PRD-CC02,,Credit,2024-08-04,2030-10-03,1233042.7,52038.83,Active
CRD0005204,5115-XXXX-XXXX-4350,CUS0003578,PRD-CC04,,Credit,2022-02-12,2027-08-20,1336987.38,47305.19,Active
CRD0005205,4921-XXXX-XXXX-3785,CUS0004776,PRD-DC01,ACC00008873,Debit,2022-01-08,2030-04-26,0.0,0.0,Active
CRD0005206,5283-XXXX-XXXX-7268,CUS0002177,PRD-CC02,,Credit,2021-08-15,2026-09-21,921052.39,144016.8,Active
CRD0005207,5476-XXXX-XXXX-8011,CUS0003968,PRD-CC03,,Credit,2020-08-26,2029-05-03,1365616.87,132805.69,Active
CRD0005208,4473-XXXX-XXXX-5674,CUS0007135,PRD-CC01,,Credit,2025-05-03,2029-12-19,1173681.84,45387.15,Active
CRD0005209,4259-XXXX-XXXX-9622,CUS0006494,PRD-DC02,ACC00014192,Debit,2024-10-02,2027-12-30,0.0,0.0,Active
CRD0005210,4584-XXXX-XXXX-8806,CUS0007340,PRD-DC02,ACC00004441,Debit,2024-07-16,2026-10-03,0.0,0.0,Active
CRD0005211,4342-XXXX-XXXX-5294,CUS0006081,PRD-CC02,,Credit,2021-11-13,2026-08-15,157162.51,167090.51,Active
CRD0005212,4944-XXXX-XXXX-6154,CUS0007423,PRD-DC01,ACC00011010,Debit,2022-12-29,2030-06-26,0.0,0.0,Active
CRD0005213,4570-XXXX-XXXX-6641,CUS0003358,PRD-CC01,,Credit,2020-07-27,2026-11-23,872779.3,45255.98,Active
CRD0005214,4222-XXXX-XXXX-9279,CUS0005543,PRD-CC04,,Credit,2024-03-09,2026-10-01,1121967.81,115098.27,Active
CRD0005215,4183-XXXX-XXXX-9524,CUS0001256,PRD-DC01,,Debit,2020-12-31,2028-04-24,0.0,0.0,Active
CRD0005216,4725-XXXX-XXXX-9362,CUS0006351,PRD-CC03,,Credit,2024-01-07,2027-06-27,780584.1,3256.77,Active
CRD0005217,4610-XXXX-XXXX-3888,CUS0002416,PRD-CC02,,Credit,2024-01-01,2030-10-11,541403.41,42509.81,Active
CRD0005218,5325-XXXX-XXXX-8405,CUS0000964,PRD-DC01,ACC00009440,Debit,2020-09-22,2030-06-23,0.0,0.0,Active
CRD0005219,5643-XXXX-XXXX-5496,CUS0005872,PRD-CC03,,Credit,2021-06-22,2029-07-25,338441.6,83882.62,Active
CRD0005220,4112-XXXX-XXXX-4965,CUS0008001,PRD-CC04,,Credit,2025-02-17,2030-12-29,1003085.8,21428.94,Active
CRD0005221,4925-XXXX-XXXX-7456,CUS0004841,PRD-CC01,,Credit,2020-03-24,2027-12-15,1373149.75,69388.01,Active
CRD0005222,5620-XXXX-XXXX-6152,CUS0005927,PRD-DC01,ACC00003651,Debit,2020-07-05,2030-02-05,0.0,0.0,Active
CRD0005223,5874-XXXX-XXXX-4598,CUS0007818,PRD-CC02,,Credit,2021-12-11,2030-05-18,464924.11,29189.69,Active
CRD0005224,5563-XXXX-XXXX-2215,CUS0004626,PRD-CC03,,Credit,2025-11-14,2028-10-17,1237755.5,73946.89,Active
CRD0005225,5462-XXXX-XXXX-3351,CUS0000727,PRD-DC01,ACC00009777,Debit,2020-11-14,2026-07-27,0.0,0.0,Active
CRD0005226,4368-XXXX-XXXX-1571,CUS0004060,PRD-DC02,,Debit,2024-01-18,2029-09-19,0.0,0.0,Active
CRD0005227,4351-XXXX-XXXX-5724,CUS0009887,PRD-DC01,ACC00011547,Debit,2025-12-13,2026-08-16,0.0,0.0,Active
CRD0005228,4952-XXXX-XXXX-3858,CUS0005080,PRD-DC01,,Debit,2021-05-27,2026-07-16,0.0,0.0,Active
CRD0005229,5513-XXXX-XXXX-5987,CUS0007659,PRD-DC01,ACC00006262,Debit,2025-01-08,2028-07-28,0.0,0.0,Active
CRD0005230,5475-XXXX-XXXX-2425,CUS0001005,PRD-CC04,,Credit,2024-08-09,2026-08-10,123336.64,92362.86,Active
CRD0005231,5189-XXXX-XXXX-4103,CUS0008059,PRD-DC02,,Debit,2023-06-14,2028-01-01,0.0,0.0,Active
CRD0005232,4744-XXXX-XXXX-3167,CUS0001679,PRD-CC02,,Credit,2021-12-22,2029-02-11,1442813.63,89206.91,Active
CRD0005233,5882-XXXX-XXXX-9860,CUS0001865,PRD-DC02,ACC00004508,Debit,2024-06-25,2030-06-25,0.0,0.0,Active
CRD0005234,4517-XXXX-XXXX-9865,CUS0004455,PRD-DC02,ACC00009590,Debit,2023-06-10,2026-07-01,0.0,0.0,Active
CRD0005235,5594-XXXX-XXXX-6649,CUS0005892,PRD-CC03,,Credit,2023-10-17,2029-03-28,1269245.62,8615.37,Active
CRD0005236,4899-XXXX-XXXX-5106,CUS0002350,PRD-CC04,,Credit,2026-04-07,2026-11-21,426568.54,150148.24,Active
CRD0005237,4418-XXXX-XXXX-2259,CUS0003555,PRD-DC01,ACC00011977,Debit,2023-05-10,2029-11-07,0.0,0.0,Active
CRD0005238,5252-XXXX-XXXX-2603,CUS0009150,PRD-CC01,,Credit,2023-04-12,2030-03-03,1332855.86,91068.11,Active
CRD0005239,5647-XXXX-XXXX-2258,CUS0006688,PRD-DC01,ACC00001731,Debit,2020-10-21,2027-12-15,0.0,0.0,Active
CRD0005240,5827-XXXX-XXXX-2681,CUS0000866,PRD-CC03,,Credit,2024-08-28,2028-06-11,1417937.62,90252.46,Active
CRD0005241,4747-XXXX-XXXX-2022,CUS0007519,PRD-DC02,ACC00002049,Debit,2025-11-15,2027-12-12,0.0,0.0,Active
CRD0005242,5476-XXXX-XXXX-8966,CUS0002287,PRD-DC01,ACC00006655,Debit,2023-01-05,2027-04-15,0.0,0.0,Active
CRD0005243,4251-XXXX-XXXX-7690,CUS0004229,PRD-CC02,,Credit,2022-02-11,2029-10-31,121087.17,100376.49,Active
CRD0005244,5125-XXXX-XXXX-9266,CUS0003097,PRD-CC03,,Credit,2024-03-15,2026-06-18,1378503.63,41259.0,Active
CRD0005245,4866-XXXX-XXXX-6747,CUS0006413,PRD-CC03,,Credit,2025-05-30,2026-12-06,865767.53,105551.31,Active
CRD0005246,5753-XXXX-XXXX-8664,CUS0008099,PRD-DC02,ACC00013314,Debit,2020-12-28,2028-01-17,0.0,0.0,Active
CRD0005247,5179-XXXX-XXXX-4409,CUS0002707,PRD-DC01,ACC00005860,Debit,2021-06-20,2027-11-29,0.0,0.0,Active
CRD0005248,4957-XXXX-XXXX-4188,CUS0003599,PRD-CC03,,Credit,2023-04-10,2028-12-18,1185172.1,104403.78,Active
CRD0005249,5572-XXXX-XXXX-2567,CUS0006257,PRD-CC03,,Credit,2022-03-25,2029-02-16,923665.91,83384.93,Active
CRD0005250,4643-XXXX-XXXX-9776,CUS0008169,PRD-CC03,,Credit,2023-07-31,2029-06-27,142860.62,199647.29,Active
CRD0005251,5467-XXXX-XXXX-5603,CUS0006526,PRD-DC01,ACC00000004,Debit,2022-06-11,2027-07-15,0.0,0.0,Active
CRD0005252,4188-XXXX-XXXX-7869,CUS0003305,PRD-CC01,,Credit,2024-08-26,2029-07-06,215599.85,149445.53,Active
CRD0005253,5701-XXXX-XXXX-1404,CUS0005308,PRD-DC02,,Debit,2021-09-01,2030-06-20,0.0,0.0,Active
CRD0005254,4528-XXXX-XXXX-8585,CUS0002156,PRD-CC04,,Credit,2022-06-30,2030-12-22,366953.63,144674.62,Active
CRD0005255,4547-XXXX-XXXX-1358,CUS0007300,PRD-CC02,,Credit,2026-04-19,2028-06-03,131719.15,105555.06,Active
CRD0005256,4384-XXXX-XXXX-6789,CUS0000871,PRD-CC01,,Credit,2021-05-06,2028-11-22,850311.43,116941.56,Active
CRD0005257,4119-XXXX-XXXX-6909,CUS0005618,PRD-CC04,,Credit,2021-06-03,2028-04-10,173862.45,101026.1,Active
CRD0005258,4502-XXXX-XXXX-1670,CUS0001490,PRD-CC04,,Credit,2021-09-30,2030-08-13,1496597.65,136465.75,Active
CRD0005259,5723-XXXX-XXXX-1241,CUS0006086,PRD-CC04,,Credit,2026-03-29,2028-01-17,755458.51,53444.9,Blocked
CRD0005260,4164-XXXX-XXXX-4969,CUS0006663,PRD-CC04,,Credit,2025-11-17,2027-02-05,899489.7,98256.14,Active
CRD0005261,4877-XXXX-XXXX-2737,CUS0008765,PRD-DC02,ACC00012615,Debit,2025-07-10,2027-07-03,0.0,0.0,Active
CRD0005262,4351-XXXX-XXXX-3163,CUS0008879,PRD-DC01,ACC00004932,Debit,2021-04-19,2029-11-28,0.0,0.0,Active
CRD0005263,5989-XXXX-XXXX-1939,CUS0000096,PRD-CC02,,Credit,2023-06-28,2027-06-02,462408.08,149321.58,Active
CRD0005264,4503-XXXX-XXXX-5974,CUS0001255,PRD-CC01,,Credit,2023-08-29,2028-02-27,471996.9,146913.87,Active
CRD0005265,5547-XXXX-XXXX-8811,CUS0007611,PRD-DC02,ACC00009724,Debit,2025-03-27,2027-05-24,0.0,0.0,Active
CRD0005266,4819-XXXX-XXXX-9187,CUS0006932,PRD-CC03,,Credit,2023-11-06,2030-03-29,23950.05,57750.49,Active
CRD0005267,5928-XXXX-XXXX-2537,CUS0009973,PRD-CC04,,Credit,2022-07-28,2026-12-15,94313.42,194326.81,Blocked
CRD0005268,5275-XXXX-XXXX-2177,CUS0007232,PRD-CC02,,Credit,2020-06-07,2029-01-15,607053.31,119728.66,Active
CRD0005269,5532-XXXX-XXXX-7233,CUS0006799,PRD-CC03,,Credit,2025-09-23,2030-07-07,1415316.97,126842.91,Active
CRD0005270,5143-XXXX-XXXX-9396,CUS0006890,PRD-CC03,,Credit,2025-09-04,2027-10-31,1093631.04,166287.13,Active
CRD0005271,4634-XXXX-XXXX-6053,CUS0004829,PRD-CC01,,Credit,2024-09-13,2027-01-31,917994.81,31495.36,Active
CRD0005272,4373-XXXX-XXXX-9750,CUS0009207,PRD-CC02,,Credit,2024-04-10,2030-06-03,1109309.39,146829.75,Active
CRD0005273,4861-XXXX-XXXX-8077,CUS0002422,PRD-DC02,ACC00009118,Debit,2020-12-25,2029-07-28,0.0,0.0,Active
CRD0005274,4917-XXXX-XXXX-7364,CUS0004570,PRD-DC02,,Debit,2020-04-27,2026-08-11,0.0,0.0,Active
CRD0005275,5272-XXXX-XXXX-7403,CUS0005183,PRD-CC02,,Credit,2022-03-29,2028-07-05,78814.23,73457.39,Active
CRD0005276,4750-XXXX-XXXX-4882,CUS0004515,PRD-DC02,ACC00004559,Debit,2021-05-13,2030-02-19,0.0,0.0,Active
CRD0005277,5745-XXXX-XXXX-3547,CUS0008333,PRD-DC02,ACC00004168,Debit,2022-08-23,2027-06-15,0.0,0.0,Active
CRD0005278,4770-XXXX-XXXX-8079,CUS0002243,PRD-CC04,,Credit,2024-02-12,2029-02-14,409138.85,124107.14,Active
CRD0005279,4838-XXXX-XXXX-8778,CUS0007176,PRD-DC01,ACC00016749,Debit,2021-10-14,2030-04-11,0.0,0.0,Active
CRD0005280,5850-XXXX-XXXX-4298,CUS0001565,PRD-CC02,,Credit,2020-08-13,2028-06-17,343086.19,160113.47,Active
CRD0005281,5297-XXXX-XXXX-1844,CUS0005837,PRD-DC01,,Debit,2025-08-03,2030-09-21,0.0,0.0,Active
CRD0005282,5408-XXXX-XXXX-8031,CUS0001066,PRD-CC02,,Credit,2025-01-11,2030-09-07,380658.19,21077.84,Active
CRD0005283,4983-XXXX-XXXX-6849,CUS0003855,PRD-CC01,,Credit,2020-06-27,2026-07-16,279293.32,164532.02,Blocked
CRD0005284,4259-XXXX-XXXX-9172,CUS0002226,PRD-CC02,,Credit,2022-12-23,2028-02-28,1163047.55,86996.13,Active
CRD0005285,4464-XXXX-XXXX-2025,CUS0001710,PRD-CC04,,Credit,2026-04-12,2026-11-13,1354568.14,152970.15,Active
CRD0005286,5571-XXXX-XXXX-7315,CUS0000682,PRD-CC01,,Credit,2023-05-28,2030-04-13,260004.79,61072.67,Blocked
CRD0005287,4117-XXXX-XXXX-4216,CUS0003406,PRD-CC04,,Credit,2025-05-15,2030-08-07,730535.58,86605.4,Active
CRD0005288,5318-XXXX-XXXX-4765,CUS0008210,PRD-CC03,,Credit,2021-12-11,2027-02-05,1077645.46,185419.06,Active
CRD0005289,4429-XXXX-XXXX-3776,CUS0009180,PRD-CC01,,Credit,2024-07-29,2028-10-17,1069343.46,198836.41,Active
CRD0005290,5293-XXXX-XXXX-3139,CUS0000693,PRD-DC01,ACC00001106,Debit,2025-06-08,2028-10-26,0.0,0.0,Active
CRD0005291,4243-XXXX-XXXX-1509,CUS0003157,PRD-CC01,,Credit,2021-12-31,2030-05-10,1309791.44,146888.08,Active
CRD0005292,4815-XXXX-XXXX-3922,CUS0007237,PRD-CC01,,Credit,2021-08-11,2027-08-25,1184340.16,85046.64,Active
CRD0005293,4593-XXXX-XXXX-3051,CUS0003529,PRD-CC02,,Credit,2023-11-03,2029-06-04,466686.78,22601.34,Active
CRD0005294,4131-XXXX-XXXX-6829,CUS0004739,PRD-DC02,ACC00013917,Debit,2023-09-22,2028-07-17,0.0,0.0,Blocked
CRD0005295,4217-XXXX-XXXX-1504,CUS0004236,PRD-DC01,ACC00007134,Debit,2023-09-19,2027-06-21,0.0,0.0,Active
CRD0005296,4478-XXXX-XXXX-6857,CUS0007325,PRD-DC02,ACC00000668,Debit,2024-11-25,2027-06-21,0.0,0.0,Active
CRD0005297,5340-XXXX-XXXX-7854,CUS0008538,PRD-CC01,,Credit,2024-02-05,2028-03-10,1078802.38,23702.86,Active
CRD0005298,4222-XXXX-XXXX-7200,CUS0006679,PRD-CC01,,Credit,2022-01-14,2027-05-25,724682.25,130314.66,Active
CRD0005299,5115-XXXX-XXXX-5456,CUS0002628,PRD-DC02,ACC00012628,Debit,2022-05-23,2026-11-04,0.0,0.0,Active
CRD0005300,4401-XXXX-XXXX-2370,CUS0009096,PRD-DC01,ACC00000797,Debit,2020-05-28,2028-08-09,0.0,0.0,Active
CRD0005301,5155-XXXX-XXXX-7499,CUS0007806,PRD-CC02,,Credit,2020-07-16,2030-02-15,836443.27,143055.64,Active
CRD0005302,4175-XXXX-XXXX-4888,CUS0004622,PRD-CC02,,Credit,2020-03-05,2029-05-14,498227.86,100644.53,Active
CRD0005303,4376-XXXX-XXXX-1295,CUS0005981,PRD-CC02,,Credit,2022-10-04,2030-01-08,681860.09,59342.66,Active
CRD0005304,5293-XXXX-XXXX-2850,CUS0000376,PRD-DC02,ACC00004440,Debit,2024-06-21,2030-02-25,0.0,0.0,Active
CRD0005305,5918-XXXX-XXXX-9512,CUS0007043,PRD-DC02,ACC00015354,Debit,2026-03-23,2029-08-01,0.0,0.0,Active
CRD0005306,4176-XXXX-XXXX-5491,CUS0008087,PRD-CC04,,Credit,2024-03-30,2026-06-16,717737.79,88453.66,Active
CRD0005307,4635-XXXX-XXXX-3132,CUS0009116,PRD-DC02,ACC00008320,Debit,2024-04-10,2028-05-11,0.0,0.0,Active
CRD0005308,4386-XXXX-XXXX-7776,CUS0000793,PRD-CC03,,Credit,2025-12-16,2030-04-03,575083.76,28490.38,Active
CRD0005309,4873-XXXX-XXXX-9783,CUS0006340,PRD-CC02,,Credit,2022-05-13,2027-11-23,248788.66,127773.85,Active
CRD0005310,4277-XXXX-XXXX-4138,CUS0003656,PRD-CC02,,Credit,2023-01-23,2030-09-28,1176510.16,198122.97,Active
CRD0005311,4240-XXXX-XXXX-6929,CUS0009059,PRD-DC01,ACC00011360,Debit,2021-09-18,2028-06-18,0.0,0.0,Expired
CRD0005312,4104-XXXX-XXXX-9589,CUS0006300,PRD-DC02,,Debit,2023-12-20,2027-08-29,0.0,0.0,Active
CRD0005313,4620-XXXX-XXXX-6873,CUS0002169,PRD-CC01,,Credit,2023-04-05,2028-05-30,834477.57,87978.93,Active
CRD0005314,5535-XXXX-XXXX-8990,CUS0008455,PRD-DC01,ACC00001897,Debit,2022-08-17,2028-01-20,0.0,0.0,Active
CRD0005315,5593-XXXX-XXXX-9747,CUS0004254,PRD-DC01,ACC00003377,Debit,2022-03-05,2029-05-07,0.0,0.0,Active
CRD0005316,5852-XXXX-XXXX-9740,CUS0006762,PRD-DC01,,Debit,2024-05-27,2028-08-14,0.0,0.0,Expired
CRD0005317,5139-XXXX-XXXX-8064,CUS0003904,PRD-CC04,,Credit,2020-05-17,2026-06-28,440317.03,96673.09,Active
CRD0005318,4627-XXXX-XXXX-5857,CUS0004042,PRD-DC01,ACC00000182,Debit,2024-09-19,2029-10-16,0.0,0.0,Active
CRD0005319,5145-XXXX-XXXX-8300,CUS0008136,PRD-CC03,,Credit,2024-09-07,2029-09-01,1373501.74,146312.48,Active
CRD0005320,4363-XXXX-XXXX-2296,CUS0000452,PRD-CC03,,Credit,2021-02-03,2027-07-06,1482420.26,43902.6,Active
CRD0005321,5348-XXXX-XXXX-3540,CUS0005421,PRD-DC01,ACC00011288,Debit,2024-02-08,2030-09-02,0.0,0.0,Active
CRD0005322,5325-XXXX-XXXX-6283,CUS0005270,PRD-DC01,ACC00013187,Debit,2021-05-29,2026-05-09,0.0,0.0,Active
CRD0005323,5218-XXXX-XXXX-7809,CUS0009408,PRD-DC01,ACC00000474,Debit,2022-03-11,2028-05-01,0.0,0.0,Active
CRD0005324,5750-XXXX-XXXX-2110,CUS0009463,PRD-CC04,,Credit,2020-12-18,2029-08-01,926718.06,62284.92,Active
CRD0005325,5774-XXXX-XXXX-2702,CUS0004564,PRD-CC01,,Credit,2024-09-29,2028-05-17,644746.54,51940.08,Active
CRD0005326,4802-XXXX-XXXX-5576,CUS0008084,PRD-CC03,,Credit,2023-08-20,2030-10-19,1390890.91,193161.52,Active
CRD0005327,5902-XXXX-XXXX-4598,CUS0002466,PRD-DC01,ACC00015152,Debit,2021-02-03,2028-12-04,0.0,0.0,Active
CRD0005328,5769-XXXX-XXXX-8272,CUS0005671,PRD-DC01,ACC00000048,Debit,2020-01-29,2028-01-27,0.0,0.0,Active
CRD0005329,5391-XXXX-XXXX-1854,CUS0000606,PRD-CC02,,Credit,2025-06-07,2026-11-04,700990.73,173258.02,Active
CRD0005330,4823-XXXX-XXXX-3349,CUS0008576,PRD-CC01,,Credit,2024-07-16,2029-08-26,912256.62,79010.77,Active
CRD0005331,4147-XXXX-XXXX-2846,CUS0000152,PRD-CC03,,Credit,2020-10-19,2028-06-12,373763.21,126505.61,Active
CRD0005332,4427-XXXX-XXXX-3742,CUS0009710,PRD-CC01,,Credit,2022-10-20,2027-11-14,877187.97,165684.75,Active
CRD0005333,5308-XXXX-XXXX-7513,CUS0000039,PRD-CC04,,Credit,2025-09-16,2026-09-30,534309.83,106638.33,Active
CRD0005334,5254-XXXX-XXXX-4107,CUS0002487,PRD-CC04,,Credit,2022-03-25,2027-08-20,185706.33,148418.81,Active
CRD0005335,5836-XXXX-XXXX-9310,CUS0002961,PRD-CC03,,Credit,2025-10-19,2026-06-17,1107507.49,136706.97,Active
CRD0005336,5711-XXXX-XXXX-8732,CUS0008887,PRD-CC04,,Credit,2025-11-21,2028-11-28,1184529.39,85836.26,Active
CRD0005337,5110-XXXX-XXXX-8315,CUS0000669,PRD-CC04,,Credit,2025-12-22,2029-10-19,1072285.71,113162.86,Active
CRD0005338,4327-XXXX-XXXX-5783,CUS0001503,PRD-DC02,ACC00014955,Debit,2023-02-03,2029-10-17,0.0,0.0,Active
CRD0005339,5459-XXXX-XXXX-7785,CUS0004786,PRD-DC02,ACC00010310,Debit,2021-10-25,2028-04-05,0.0,0.0,Active
CRD0005340,4904-XXXX-XXXX-6094,CUS0007163,PRD-DC01,ACC00001810,Debit,2024-01-18,2027-06-30,0.0,0.0,Active
CRD0005341,5663-XXXX-XXXX-5538,CUS0003013,PRD-CC02,,Credit,2024-01-03,2028-08-19,931999.81,95105.25,Active
CRD0005342,5441-XXXX-XXXX-9739,CUS0007482,PRD-DC01,ACC00007683,Debit,2020-05-14,2030-10-04,0.0,0.0,Active
CRD0005343,4951-XXXX-XXXX-8706,CUS0006375,PRD-CC02,,Credit,2025-11-19,2029-09-02,1072597.84,36526.97,Active
CRD0005344,5865-XXXX-XXXX-7138,CUS0005829,PRD-CC03,,Credit,2025-06-13,2029-04-25,930256.56,104668.69,Active
CRD0005345,4340-XXXX-XXXX-8093,CUS0000199,PRD-CC02,,Credit,2025-07-14,2029-05-19,1121759.52,60351.21,Active
CRD0005346,4833-XXXX-XXXX-8338,CUS0001088,PRD-CC03,,Credit,2021-02-28,2029-03-09,108671.64,8988.16,Active
CRD0005347,4127-XXXX-XXXX-5146,CUS0004212,PRD-DC01,,Debit,2021-09-05,2029-03-26,0.0,0.0,Active
CRD0005348,4627-XXXX-XXXX-8954,CUS0004803,PRD-CC04,,Credit,2025-07-19,2030-03-12,615326.76,160217.36,Active
CRD0005349,5500-XXXX-XXXX-6349,CUS0008867,PRD-DC02,ACC00004109,Debit,2020-10-26,2028-04-29,0.0,0.0,Expired
CRD0005350,5727-XXXX-XXXX-8911,CUS0001781,PRD-CC01,,Credit,2022-10-09,2026-05-03,670311.72,71587.23,Active
CRD0005351,4119-XXXX-XXXX-5040,CUS0003323,PRD-CC04,,Credit,2020-01-22,2029-08-28,1458365.78,60567.94,Active
CRD0005352,5534-XXXX-XXXX-5614,CUS0001906,PRD-DC02,ACC00014153,Debit,2023-10-30,2027-07-31,0.0,0.0,Active
CRD0005353,4304-XXXX-XXXX-4588,CUS0003071,PRD-DC02,,Debit,2026-04-28,2029-04-10,0.0,0.0,Active
CRD0005354,4442-XXXX-XXXX-6886,CUS0003636,PRD-CC03,,Credit,2023-11-05,2027-05-12,696457.18,69257.97,Active
CRD0005355,5697-XXXX-XXXX-4758,CUS0006684,PRD-DC01,ACC00015052,Debit,2020-10-18,2030-10-22,0.0,0.0,Active
CRD0005356,4259-XXXX-XXXX-5493,CUS0000113,PRD-DC01,ACC00016852,Debit,2024-04-20,2029-07-13,0.0,0.0,Active
CRD0005357,4222-XXXX-XXXX-8719,CUS0006026,PRD-CC02,,Credit,2020-08-22,2029-10-07,165431.13,113673.87,Active
CRD0005358,4833-XXXX-XXXX-1762,CUS0008159,PRD-DC02,ACC00014615,Debit,2022-05-05,2029-12-27,0.0,0.0,Active
CRD0005359,5159-XXXX-XXXX-1593,CUS0001129,PRD-CC03,,Credit,2021-09-09,2029-09-16,529196.05,12504.93,Active
CRD0005360,4197-XXXX-XXXX-8190,CUS0001988,PRD-DC01,ACC00001541,Debit,2022-06-12,2027-12-19,0.0,0.0,Active
CRD0005361,4305-XXXX-XXXX-6791,CUS0001826,PRD-CC03,,Credit,2022-05-09,2028-09-14,886968.57,59007.43,Active
CRD0005362,5600-XXXX-XXXX-2667,CUS0004923,PRD-CC03,,Credit,2021-06-22,2026-10-07,1182688.55,152648.26,Active
CRD0005363,4460-XXXX-XXXX-7469,CUS0006778,PRD-CC04,,Credit,2021-12-30,2029-05-21,1216697.89,138655.88,Active
CRD0005364,4611-XXXX-XXXX-5383,CUS0000563,PRD-CC04,,Credit,2025-02-18,2026-12-20,1460980.7,143212.47,Expired
CRD0005365,4364-XXXX-XXXX-6473,CUS0006647,PRD-CC02,,Credit,2020-03-19,2028-07-14,1308040.27,20940.36,Active
CRD0005366,5337-XXXX-XXXX-1418,CUS0009210,PRD-CC01,,Credit,2025-04-29,2026-07-19,1109024.18,60691.95,Active
CRD0005367,5651-XXXX-XXXX-2939,CUS0002882,PRD-DC02,ACC00016768,Debit,2026-03-10,2027-09-03,0.0,0.0,Active
CRD0005368,4794-XXXX-XXXX-3096,CUS0005282,PRD-CC03,,Credit,2021-01-25,2026-10-26,1022567.14,151048.5,Active
CRD0005369,5719-XXXX-XXXX-5781,CUS0005269,PRD-CC02,,Credit,2025-02-28,2026-08-01,286588.33,161523.44,Active
CRD0005370,5690-XXXX-XXXX-6382,CUS0007803,PRD-DC02,ACC00008752,Debit,2021-07-13,2026-12-23,0.0,0.0,Active
CRD0005371,5181-XXXX-XXXX-1229,CUS0007524,PRD-CC04,,Credit,2023-08-17,2027-08-20,307728.78,159894.01,Active
CRD0005372,4667-XXXX-XXXX-2124,CUS0003505,PRD-CC02,,Credit,2022-08-26,2028-02-18,1345843.67,146001.45,Active
CRD0005373,4513-XXXX-XXXX-5248,CUS0009867,PRD-CC03,,Credit,2024-07-09,2028-07-31,1410798.58,81618.78,Active
CRD0005374,4762-XXXX-XXXX-8434,CUS0004779,PRD-DC01,ACC00016395,Debit,2023-08-20,2027-07-08,0.0,0.0,Active
CRD0005375,5700-XXXX-XXXX-3430,CUS0008377,PRD-CC02,,Credit,2024-01-03,2029-01-08,1228660.31,17258.95,Active
CRD0005376,5429-XXXX-XXXX-5826,CUS0000511,PRD-DC02,ACC00008717,Debit,2026-04-17,2029-06-28,0.0,0.0,Active
CRD0005377,5674-XXXX-XXXX-6102,CUS0009437,PRD-CC02,,Credit,2025-12-25,2028-09-08,879541.27,193139.25,Active
CRD0005378,4786-XXXX-XXXX-3790,CUS0006568,PRD-CC02,,Credit,2021-12-02,2030-12-30,349394.32,30995.02,Active
CRD0005379,4405-XXXX-XXXX-6841,CUS0004779,PRD-DC02,ACC00016395,Debit,2022-10-25,2029-10-18,0.0,0.0,Active
CRD0005380,5177-XXXX-XXXX-6971,CUS0002752,PRD-CC02,,Credit,2024-08-01,2029-11-10,1425942.64,12744.93,Active
CRD0005381,4605-XXXX-XXXX-5099,CUS0001681,PRD-CC03,,Credit,2024-04-15,2028-11-22,1104193.23,20472.93,Active
CRD0005382,5791-XXXX-XXXX-8121,CUS0000802,PRD-CC04,,Credit,2023-07-16,2030-01-18,944674.92,130447.09,Active
CRD0005383,5973-XXXX-XXXX-7545,CUS0005102,PRD-DC02,ACC00006155,Debit,2024-02-17,2027-05-07,0.0,0.0,Active
CRD0005384,4853-XXXX-XXXX-8756,CUS0002150,PRD-CC04,,Credit,2020-11-26,2028-12-27,628304.35,53814.48,Active
CRD0005385,4407-XXXX-XXXX-6022,CUS0009090,PRD-DC02,,Debit,2024-02-25,2030-12-22,0.0,0.0,Active
CRD0005386,5134-XXXX-XXXX-5972,CUS0002618,PRD-CC04,,Credit,2021-10-29,2030-01-30,1145805.78,132204.11,Active
CRD0005387,5803-XXXX-XXXX-2581,CUS0006220,PRD-CC02,,Credit,2022-07-08,2027-11-24,1406430.41,89715.58,Active
CRD0005388,5750-XXXX-XXXX-1205,CUS0007628,PRD-DC01,ACC00001152,Debit,2024-06-15,2029-04-11,0.0,0.0,Active
CRD0005389,4382-XXXX-XXXX-4049,CUS0004762,PRD-CC03,,Credit,2025-06-07,2029-06-03,746281.83,183483.06,Active
CRD0005390,4697-XXXX-XXXX-1782,CUS0003633,PRD-CC03,,Credit,2022-09-20,2028-12-30,1153914.15,11598.18,Active
CRD0005391,5216-XXXX-XXXX-5608,CUS0000180,PRD-CC04,,Credit,2025-03-22,2026-09-30,1040652.23,26341.83,Expired
CRD0005392,5398-XXXX-XXXX-7327,CUS0005957,PRD-DC02,,Debit,2022-05-30,2026-06-21,0.0,0.0,Active
CRD0005393,4302-XXXX-XXXX-1291,CUS0007150,PRD-CC02,,Credit,2025-01-24,2026-12-14,61503.11,195240.75,Active
CRD0005394,5968-XXXX-XXXX-4707,CUS0008492,PRD-DC01,ACC00004954,Debit,2024-07-19,2030-03-02,0.0,0.0,Active
CRD0005395,5666-XXXX-XXXX-3841,CUS0004144,PRD-DC01,ACC00014620,Debit,2025-06-28,2030-05-08,0.0,0.0,Active
CRD0005396,5921-XXXX-XXXX-4878,CUS0009804,PRD-CC03,,Credit,2020-05-09,2028-08-09,177878.49,173835.71,Active
CRD0005397,4471-XXXX-XXXX-6200,CUS0000932,PRD-DC02,ACC00011514,Debit,2024-06-26,2029-03-11,0.0,0.0,Active
CRD0005398,5125-XXXX-XXXX-3481,CUS0000325,PRD-DC01,ACC00015153,Debit,2021-09-02,2029-03-23,0.0,0.0,Active
CRD0005399,4716-XXXX-XXXX-5527,CUS0001167,PRD-CC03,,Credit,2023-09-18,2029-06-18,1159667.44,7053.67,Active
CRD0005400,5258-XXXX-XXXX-6900,CUS0006365,PRD-CC04,,Credit,2026-01-09,2030-07-28,387834.69,6461.28,Active
CRD0005401,5614-XXXX-XXXX-9191,CUS0000571,PRD-CC03,,Credit,2020-10-20,2026-05-05,829752.99,136288.8,Active
CRD0005402,4745-XXXX-XXXX-8783,CUS0006687,PRD-DC01,,Debit,2020-08-06,2027-09-05,0.0,0.0,Active
CRD0005403,5812-XXXX-XXXX-1488,CUS0005426,PRD-DC02,ACC00005628,Debit,2021-03-26,2029-03-23,0.0,0.0,Blocked
CRD0005404,4325-XXXX-XXXX-5648,CUS0001468,PRD-CC03,,Credit,2025-07-20,2030-01-29,619018.81,112640.91,Active
CRD0005405,4454-XXXX-XXXX-8816,CUS0003115,PRD-CC02,,Credit,2022-09-14,2030-09-17,149553.45,122827.38,Active
CRD0005406,5297-XXXX-XXXX-5295,CUS0004123,PRD-DC01,ACC00015317,Debit,2025-06-16,2027-02-20,0.0,0.0,Active
CRD0005407,5410-XXXX-XXXX-7954,CUS0005191,PRD-CC04,,Credit,2020-10-24,2028-10-06,610640.04,62261.43,Active
CRD0005408,5132-XXXX-XXXX-9208,CUS0001924,PRD-CC03,,Credit,2025-05-21,2029-02-12,303831.27,168495.85,Active
CRD0005409,5601-XXXX-XXXX-4843,CUS0002028,PRD-DC02,,Debit,2021-06-28,2030-11-12,0.0,0.0,Active
CRD0005410,5129-XXXX-XXXX-2640,CUS0006808,PRD-CC01,,Credit,2020-08-27,2030-10-08,1201427.38,143985.16,Active
CRD0005411,5160-XXXX-XXXX-6274,CUS0008533,PRD-CC04,,Credit,2024-01-27,2029-11-15,496925.07,22442.95,Active
CRD0005412,5598-XXXX-XXXX-5046,CUS0002347,PRD-CC04,,Credit,2024-10-29,2029-09-29,730947.47,9334.28,Active
CRD0005413,5393-XXXX-XXXX-4481,CUS0002291,PRD-DC02,ACC00009422,Debit,2020-08-24,2028-12-15,0.0,0.0,Active
CRD0005414,4808-XXXX-XXXX-6506,CUS0006048,PRD-DC01,ACC00000741,Debit,2024-07-20,2030-08-09,0.0,0.0,Active
CRD0005415,5240-XXXX-XXXX-2536,CUS0002737,PRD-CC01,,Credit,2022-11-17,2026-08-09,486965.19,190049.91,Blocked
CRD0005416,4778-XXXX-XXXX-3372,CUS0004438,PRD-CC04,,Credit,2025-02-08,2027-03-30,1341705.16,63680.47,Active
CRD0005417,5604-XXXX-XXXX-5258,CUS0008909,PRD-DC02,ACC00017537,Debit,2025-01-10,2028-07-12,0.0,0.0,Active
CRD0005418,4605-XXXX-XXXX-7791,CUS0002687,PRD-CC04,,Credit,2025-07-10,2030-08-05,625944.82,37559.64,Active
CRD0005419,5788-XXXX-XXXX-7599,CUS0002564,PRD-CC01,,Credit,2022-07-06,2029-12-13,466171.74,119517.48,Active
CRD0005420,4951-XXXX-XXXX-4409,CUS0002580,PRD-CC01,,Credit,2024-03-06,2030-10-25,76695.63,169715.3,Active
CRD0005421,5279-XXXX-XXXX-3848,CUS0007182,PRD-CC03,,Credit,2024-04-18,2028-05-02,1339478.48,165768.09,Active
CRD0005422,4899-XXXX-XXXX-1857,CUS0005792,PRD-CC01,,Credit,2025-08-24,2030-11-24,134863.63,106565.99,Active
CRD0005423,5875-XXXX-XXXX-6155,CUS0006756,PRD-CC01,,Credit,2023-12-14,2027-01-15,364466.59,32864.1,Active
CRD0005424,4757-XXXX-XXXX-6164,CUS0001681,PRD-DC01,ACC00002615,Debit,2025-05-20,2027-11-01,0.0,0.0,Active
CRD0005425,5282-XXXX-XXXX-5190,CUS0008543,PRD-DC02,ACC00012075,Debit,2025-10-09,2026-06-30,0.0,0.0,Active
CRD0005426,4193-XXXX-XXXX-4394,CUS0001309,PRD-CC03,,Credit,2023-02-27,2030-01-02,641533.33,57587.24,Active
CRD0005427,4836-XXXX-XXXX-7162,CUS0003709,PRD-CC02,,Credit,2021-07-13,2027-07-19,369049.98,52659.49,Active
CRD0005428,5860-XXXX-XXXX-4849,CUS0003844,PRD-DC01,ACC00011375,Debit,2023-05-11,2030-04-08,0.0,0.0,Active
CRD0005429,4913-XXXX-XXXX-2149,CUS0005184,PRD-DC02,,Debit,2021-01-06,2026-05-17,0.0,0.0,Active
CRD0005430,4158-XXXX-XXXX-2185,CUS0004248,PRD-CC04,,Credit,2022-08-08,2027-05-12,1459625.16,87508.34,Active
CRD0005431,4583-XXXX-XXXX-4092,CUS0002414,PRD-DC01,ACC00007293,Debit,2025-12-30,2029-05-04,0.0,0.0,Active
CRD0005432,4222-XXXX-XXXX-3506,CUS0007992,PRD-DC02,ACC00015681,Debit,2024-01-09,2026-07-19,0.0,0.0,Active
CRD0005433,4667-XXXX-XXXX-6857,CUS0000400,PRD-CC01,,Credit,2022-05-21,2030-09-12,209470.04,165172.03,Active
CRD0005434,5381-XXXX-XXXX-3563,CUS0009025,PRD-CC04,,Credit,2025-04-22,2029-12-05,804074.96,108084.81,Active
CRD0005435,5611-XXXX-XXXX-4823,CUS0003018,PRD-CC04,,Credit,2021-02-25,2030-05-27,893553.28,145682.16,Expired
CRD0005436,4653-XXXX-XXXX-9995,CUS0001753,PRD-CC04,,Credit,2022-06-02,2026-08-06,1483692.38,13759.54,Active
CRD0005437,4481-XXXX-XXXX-8125,CUS0002828,PRD-CC04,,Credit,2022-03-10,2029-01-05,1465525.57,52524.86,Active
CRD0005438,4472-XXXX-XXXX-5426,CUS0001513,PRD-CC02,,Credit,2020-08-16,2029-12-19,653421.97,118562.44,Active
CRD0005439,4723-XXXX-XXXX-3852,CUS0000269,PRD-DC02,ACC00017934,Debit,2020-01-12,2030-05-28,0.0,0.0,Active
CRD0005440,5964-XXXX-XXXX-8987,CUS0001703,PRD-CC03,,Credit,2022-01-28,2027-11-15,1388514.75,41133.75,Active
CRD0005441,4834-XXXX-XXXX-9994,CUS0007142,PRD-CC04,,Credit,2022-03-25,2030-11-18,1353470.39,48978.55,Active
CRD0005442,4729-XXXX-XXXX-3404,CUS0001625,PRD-CC04,,Credit,2022-01-02,2027-12-18,693404.45,173456.74,Active
CRD0005443,5644-XXXX-XXXX-3664,CUS0002180,PRD-CC04,,Credit,2023-06-26,2028-09-07,987730.81,48079.31,Active
CRD0005444,5212-XXXX-XXXX-8019,CUS0008894,PRD-DC01,ACC00006694,Debit,2024-08-29,2030-08-29,0.0,0.0,Active
CRD0005445,4394-XXXX-XXXX-2871,CUS0004649,PRD-DC02,ACC00010690,Debit,2024-06-14,2026-06-30,0.0,0.0,Active
CRD0005446,4396-XXXX-XXXX-6371,CUS0009905,PRD-CC03,,Credit,2023-06-20,2029-09-06,1004740.03,67014.82,Active
CRD0005447,5222-XXXX-XXXX-1806,CUS0002207,PRD-CC02,,Credit,2021-11-10,2028-09-25,573571.23,52330.43,Active
CRD0005448,4367-XXXX-XXXX-4793,CUS0003801,PRD-CC02,,Credit,2020-08-28,2027-04-01,680705.23,68183.16,Active
CRD0005449,4453-XXXX-XXXX-7973,CUS0002245,PRD-CC04,,Credit,2021-12-11,2028-08-19,958428.82,85347.2,Active
CRD0005450,4904-XXXX-XXXX-1591,CUS0005449,PRD-CC04,,Credit,2021-11-05,2029-06-02,1311187.36,116043.53,Active
CRD0005451,5632-XXXX-XXXX-9688,CUS0001165,PRD-CC04,,Credit,2025-08-02,2028-05-05,1206370.14,40156.74,Active
CRD0005452,4137-XXXX-XXXX-5454,CUS0008258,PRD-DC01,ACC00017146,Debit,2021-07-13,2027-08-23,0.0,0.0,Active
CRD0005453,5231-XXXX-XXXX-4463,CUS0009838,PRD-DC02,,Debit,2026-03-14,2028-01-19,0.0,0.0,Active
CRD0005454,4495-XXXX-XXXX-5089,CUS0003638,PRD-CC03,,Credit,2023-04-11,2028-07-15,238370.41,114027.44,Active
CRD0005455,4896-XXXX-XXXX-4304,CUS0003435,PRD-CC04,,Credit,2020-04-19,2026-11-11,1203911.61,193652.45,Active
CRD0005456,5420-XXXX-XXXX-1362,CUS0007520,PRD-DC02,ACC00008990,Debit,2020-08-13,2027-04-28,0.0,0.0,Active
CRD0005457,5996-XXXX-XXXX-5129,CUS0008715,PRD-CC04,,Credit,2025-04-26,2026-09-19,1087820.75,83323.65,Active
CRD0005458,5864-XXXX-XXXX-6189,CUS0003454,PRD-DC01,ACC00003162,Debit,2026-02-26,2030-07-04,0.0,0.0,Active
CRD0005459,4310-XXXX-XXXX-9660,CUS0001466,PRD-CC01,,Credit,2021-09-06,2029-06-28,77303.24,112928.59,Active
CRD0005460,5620-XXXX-XXXX-1941,CUS0002359,PRD-CC01,,Credit,2020-08-03,2028-02-02,1433836.82,158969.54,Active
CRD0005461,4433-XXXX-XXXX-4896,CUS0002626,PRD-DC02,ACC00016634,Debit,2024-10-23,2028-03-18,0.0,0.0,Active
CRD0005462,5368-XXXX-XXXX-2342,CUS0009880,PRD-CC04,,Credit,2025-06-24,2028-04-16,1422551.15,37394.81,Active
CRD0005463,4851-XXXX-XXXX-5205,CUS0007941,PRD-DC02,ACC00002056,Debit,2023-10-23,2028-11-09,0.0,0.0,Active
CRD0005464,5365-XXXX-XXXX-5420,CUS0003202,PRD-CC03,,Credit,2021-02-13,2026-09-18,308461.48,99459.6,Active
CRD0005465,4516-XXXX-XXXX-7492,CUS0002329,PRD-CC02,,Credit,2021-07-25,2029-04-05,1254180.21,157220.0,Blocked
CRD0005466,5220-XXXX-XXXX-1131,CUS0007860,PRD-DC02,ACC00006750,Debit,2025-09-14,2029-05-13,0.0,0.0,Active
CRD0005467,4471-XXXX-XXXX-2440,CUS0007497,PRD-DC01,ACC00003031,Debit,2023-12-02,2030-04-26,0.0,0.0,Active
CRD0005468,5794-XXXX-XXXX-6010,CUS0006148,PRD-DC02,ACC00009179,Debit,2024-10-02,2028-12-17,0.0,0.0,Active
CRD0005469,4726-XXXX-XXXX-9357,CUS0000953,PRD-CC01,,Credit,2025-09-27,2030-01-17,1349388.95,75424.59,Active
CRD0005470,5375-XXXX-XXXX-8448,CUS0004424,PRD-CC03,,Credit,2020-07-30,2028-10-16,819502.33,53488.27,Active
CRD0005471,5956-XXXX-XXXX-1849,CUS0006193,PRD-CC02,,Credit,2024-03-02,2029-08-13,934297.28,32501.93,Active
CRD0005472,4481-XXXX-XXXX-1869,CUS0001374,PRD-DC02,,Debit,2022-11-18,2028-06-21,0.0,0.0,Active
CRD0005473,4614-XXXX-XXXX-9085,CUS0005305,PRD-CC04,,Credit,2022-08-11,2028-06-13,803974.26,148520.37,Active
CRD0005474,5204-XXXX-XXXX-6221,CUS0001634,PRD-CC04,,Credit,2021-05-17,2026-12-06,1013997.92,193191.2,Active
CRD0005475,5399-XXXX-XXXX-6534,CUS0002765,PRD-CC03,,Credit,2025-05-28,2028-06-11,98024.2,35060.69,Active
CRD0005476,4691-XXXX-XXXX-4208,CUS0005012,PRD-DC01,ACC00002628,Debit,2022-11-16,2030-11-17,0.0,0.0,Active
CRD0005477,4693-XXXX-XXXX-8014,CUS0007059,PRD-CC03,,Credit,2024-08-25,2030-07-31,141654.74,12945.0,Active
CRD0005478,4372-XXXX-XXXX-5578,CUS0009444,PRD-CC02,,Credit,2022-01-02,2029-07-13,678226.23,168114.43,Active
CRD0005479,5932-XXXX-XXXX-5384,CUS0008328,PRD-DC01,ACC00001358,Debit,2025-05-12,2027-12-08,0.0,0.0,Active
CRD0005480,5148-XXXX-XXXX-7579,CUS0007484,PRD-DC02,ACC00005579,Debit,2024-12-01,2029-03-25,0.0,0.0,Active
CRD0005481,5257-XXXX-XXXX-2366,CUS0002992,PRD-CC03,,Credit,2024-10-28,2030-04-07,755996.66,15810.2,Active
CRD0005482,5694-XXXX-XXXX-2516,CUS0009937,PRD-CC04,,Credit,2024-12-07,2027-07-02,1273028.57,129536.25,Active
CRD0005483,5162-XXXX-XXXX-8600,CUS0000881,PRD-CC02,,Credit,2023-10-01,2030-10-23,1070894.78,107614.3,Active
CRD0005484,5924-XXXX-XXXX-9266,CUS0000813,PRD-DC02,ACC00004136,Debit,2023-02-13,2029-05-12,0.0,0.0,Active
CRD0005485,5361-XXXX-XXXX-7622,CUS0002481,PRD-CC03,,Credit,2023-05-16,2030-02-21,227173.7,146113.09,Active
CRD0005486,5613-XXXX-XXXX-7493,CUS0003459,PRD-DC01,,Debit,2022-09-05,2029-12-10,0.0,0.0,Active
CRD0005487,5164-XXXX-XXXX-9881,CUS0006454,PRD-DC01,ACC00013628,Debit,2026-01-17,2029-06-20,0.0,0.0,Active
CRD0005488,4502-XXXX-XXXX-9057,CUS0007303,PRD-DC01,ACC00000487,Debit,2020-05-03,2027-02-14,0.0,0.0,Active
CRD0005489,4477-XXXX-XXXX-4488,CUS0004552,PRD-CC01,,Credit,2022-11-24,2028-06-30,580848.39,32322.59,Active
CRD0005490,5652-XXXX-XXXX-1921,CUS0009193,PRD-DC01,ACC00001002,Debit,2024-05-16,2028-08-07,0.0,0.0,Active
CRD0005491,4605-XXXX-XXXX-1478,CUS0000448,PRD-CC01,,Credit,2022-05-20,2028-03-08,159966.81,197469.3,Active
CRD0005492,4984-XXXX-XXXX-4184,CUS0002445,PRD-DC01,,Debit,2023-03-19,2029-03-10,0.0,0.0,Active
CRD0005493,5569-XXXX-XXXX-6518,CUS0003581,PRD-DC02,ACC00000159,Debit,2024-05-15,2030-05-11,0.0,0.0,Active
CRD0005494,4690-XXXX-XXXX-8095,CUS0008351,PRD-CC04,,Credit,2020-06-03,2029-09-26,438794.96,67499.62,Active
CRD0005495,5833-XXXX-XXXX-6455,CUS0001125,PRD-CC03,,Credit,2025-07-05,2030-11-04,1356185.48,4997.26,Active
CRD0005496,5743-XXXX-XXXX-9575,CUS0004408,PRD-CC03,,Credit,2020-08-24,2026-05-12,1335709.82,170736.26,Active
CRD0005497,4758-XXXX-XXXX-2155,CUS0004437,PRD-CC03,,Credit,2024-05-03,2029-07-04,21866.93,88469.32,Active
CRD0005498,4914-XXXX-XXXX-9166,CUS0008804,PRD-DC02,ACC00016717,Debit,2025-08-03,2030-08-21,0.0,0.0,Active
CRD0005499,4561-XXXX-XXXX-3506,CUS0004059,PRD-DC02,ACC00015023,Debit,2025-04-27,2026-08-07,0.0,0.0,Active
CRD0005500,4547-XXXX-XXXX-6984,CUS0005220,PRD-DC02,ACC00010216,Debit,2025-10-14,2028-08-12,0.0,0.0,Active
CRD0005501,4807-XXXX-XXXX-4246,CUS0000059,PRD-CC02,,Credit,2024-12-12,2026-07-11,975889.45,192084.21,Active
CRD0005502,4302-XXXX-XXXX-3578,CUS0008606,PRD-DC02,ACC00008968,Debit,2020-02-23,2028-03-12,0.0,0.0,Active
CRD0005503,4537-XXXX-XXXX-1347,CUS0002328,PRD-CC02,,Credit,2025-12-03,2028-07-24,1189709.61,103012.6,Active
CRD0005504,4854-XXXX-XXXX-2398,CUS0007598,PRD-CC03,,Credit,2025-04-18,2029-11-24,1007985.35,30133.42,Active
CRD0005505,4689-XXXX-XXXX-9042,CUS0007101,PRD-DC02,ACC00002747,Debit,2021-06-07,2028-06-30,0.0,0.0,Expired
CRD0005506,4711-XXXX-XXXX-3873,CUS0002553,PRD-CC03,,Credit,2024-12-03,2027-03-03,1109607.51,5239.38,Active
CRD0005507,4201-XXXX-XXXX-2123,CUS0003236,PRD-DC01,,Debit,2025-11-25,2030-12-25,0.0,0.0,Active
CRD0005508,5327-XXXX-XXXX-6693,CUS0001953,PRD-DC02,,Debit,2026-03-14,2026-10-03,0.0,0.0,Active
CRD0005509,4712-XXXX-XXXX-4846,CUS0009985,PRD-CC01,,Credit,2024-07-23,2028-10-17,164520.64,43589.71,Active
CRD0005510,5301-XXXX-XXXX-7030,CUS0008342,PRD-CC04,,Credit,2020-05-29,2030-10-05,555606.34,11198.46,Active
CRD0005511,4227-XXXX-XXXX-7649,CUS0009674,PRD-CC04,,Credit,2021-09-13,2029-08-05,979684.01,128556.64,Active
CRD0005512,5705-XXXX-XXXX-2212,CUS0006477,PRD-DC01,ACC00016870,Debit,2020-12-26,2026-07-19,0.0,0.0,Active
CRD0005513,5110-XXXX-XXXX-2284,CUS0001795,PRD-CC01,,Credit,2024-12-25,2029-10-03,142293.11,68280.09,Active
CRD0005514,4826-XXXX-XXXX-1648,CUS0004069,PRD-DC02,ACC00001816,Debit,2023-08-29,2029-10-20,0.0,0.0,Active
CRD0005515,5498-XXXX-XXXX-1983,CUS0000496,PRD-CC02,,Credit,2021-04-16,2029-09-04,1411078.92,13292.08,Active
CRD0005516,5135-XXXX-XXXX-8932,CUS0003308,PRD-DC01,,Debit,2023-07-30,2026-06-25,0.0,0.0,Active
CRD0005517,4177-XXXX-XXXX-7893,CUS0004618,PRD-DC01,,Debit,2025-06-15,2030-11-23,0.0,0.0,Active
CRD0005518,5887-XXXX-XXXX-9289,CUS0007652,PRD-CC01,,Credit,2025-02-22,2030-06-20,1298877.06,177362.69,Active
CRD0005519,4343-XXXX-XXXX-2775,CUS0009800,PRD-CC04,,Credit,2020-06-21,2027-03-10,503865.78,78078.29,Active
CRD0005520,5197-XXXX-XXXX-4502,CUS0002449,PRD-DC01,ACC00015198,Debit,2020-03-21,2029-02-28,0.0,0.0,Active
CRD0005521,5369-XXXX-XXXX-3766,CUS0000916,PRD-DC01,ACC00012404,Debit,2021-02-12,2026-10-29,0.0,0.0,Active
CRD0005522,4834-XXXX-XXXX-2269,CUS0001025,PRD-DC01,ACC00010283,Debit,2025-01-07,2026-11-22,0.0,0.0,Active
CRD0005523,5211-XXXX-XXXX-3358,CUS0009592,PRD-DC02,ACC00008470,Debit,2020-11-10,2027-07-08,0.0,0.0,Active
CRD0005524,5999-XXXX-XXXX-9379,CUS0008000,PRD-CC03,,Credit,2023-07-17,2030-11-22,1459767.6,19582.73,Active
CRD0005525,4408-XXXX-XXXX-1622,CUS0003040,PRD-CC01,,Credit,2026-04-22,2027-07-30,867029.55,120498.73,Active
CRD0005526,4929-XXXX-XXXX-9699,CUS0008038,PRD-DC02,,Debit,2025-02-09,2027-09-29,0.0,0.0,Active
CRD0005527,5837-XXXX-XXXX-7372,CUS0007137,PRD-DC01,ACC00002550,Debit,2022-07-25,2030-10-20,0.0,0.0,Active
CRD0005528,4693-XXXX-XXXX-1427,CUS0009361,PRD-DC02,ACC00010103,Debit,2021-11-14,2027-05-04,0.0,0.0,Active
CRD0005529,5333-XXXX-XXXX-6268,CUS0004578,PRD-CC04,,Credit,2024-03-02,2028-05-11,424134.57,73193.02,Active
CRD0005530,5168-XXXX-XXXX-8595,CUS0002839,PRD-CC02,,Credit,2024-03-24,2027-07-30,454408.3,149936.57,Active
CRD0005531,4605-XXXX-XXXX-3209,CUS0009947,PRD-DC02,ACC00000941,Debit,2025-04-03,2030-03-22,0.0,0.0,Expired
CRD0005532,5553-XXXX-XXXX-5022,CUS0008647,PRD-CC04,,Credit,2020-05-02,2028-10-20,946318.09,22266.19,Active
CRD0005533,4312-XXXX-XXXX-1872,CUS0000256,PRD-DC01,ACC00009967,Debit,2020-12-14,2026-06-04,0.0,0.0,Active
CRD0005534,4570-XXXX-XXXX-1765,CUS0001041,PRD-CC04,,Credit,2024-11-18,2027-08-27,1112438.51,128417.25,Active
CRD0005535,5378-XXXX-XXXX-6046,CUS0003252,PRD-DC02,ACC00017018,Debit,2024-12-05,2029-02-01,0.0,0.0,Active
CRD0005536,5393-XXXX-XXXX-5214,CUS0000607,PRD-CC03,,Credit,2021-06-24,2026-12-03,463708.2,148876.14,Active
CRD0005537,5674-XXXX-XXXX-5264,CUS0006790,PRD-CC03,,Credit,2024-03-17,2028-05-23,285797.1,160610.81,Active
CRD0005538,4588-XXXX-XXXX-6155,CUS0008527,PRD-CC01,,Credit,2021-08-20,2029-05-10,1400099.84,150177.36,Active
CRD0005539,5447-XXXX-XXXX-5636,CUS0008758,PRD-DC02,ACC00000952,Debit,2025-09-26,2029-01-01,0.0,0.0,Active
CRD0005540,5941-XXXX-XXXX-5080,CUS0009072,PRD-CC01,,Credit,2025-01-10,2026-11-26,439491.65,162205.49,Active
CRD0005541,4821-XXXX-XXXX-3428,CUS0000208,PRD-CC01,,Credit,2024-06-17,2027-11-14,1135300.76,85520.54,Expired
CRD0005542,4390-XXXX-XXXX-3037,CUS0007449,PRD-DC01,,Debit,2024-11-07,2026-08-23,0.0,0.0,Active
CRD0005543,5907-XXXX-XXXX-1448,CUS0009160,PRD-CC04,,Credit,2021-11-12,2027-12-24,896904.83,127740.5,Active
CRD0005544,4415-XXXX-XXXX-7282,CUS0001957,PRD-DC02,ACC00007646,Debit,2025-04-19,2027-02-22,0.0,0.0,Active
CRD0005545,4756-XXXX-XXXX-4856,CUS0007701,PRD-DC01,ACC00010409,Debit,2024-01-30,2030-04-19,0.0,0.0,Active
CRD0005546,4676-XXXX-XXXX-7142,CUS0006094,PRD-CC03,,Credit,2025-08-22,2027-05-18,586504.71,197924.55,Active
CRD0005547,4954-XXXX-XXXX-7752,CUS0009043,PRD-DC02,,Debit,2022-11-07,2026-11-29,0.0,0.0,Active
CRD0005548,4797-XXXX-XXXX-4767,CUS0004596,PRD-CC01,,Credit,2024-11-04,2029-10-24,298967.42,196750.99,Active
CRD0005549,5707-XXXX-XXXX-3578,CUS0008386,PRD-DC01,ACC00006678,Debit,2022-01-13,2027-10-24,0.0,0.0,Active
CRD0005550,5716-XXXX-XXXX-3057,CUS0002177,PRD-DC01,,Debit,2023-01-02,2029-05-24,0.0,0.0,Active
CRD0005551,5135-XXXX-XXXX-6018,CUS0005071,PRD-CC04,,Credit,2022-02-24,2027-05-27,327397.84,106980.04,Active
CRD0005552,5875-XXXX-XXXX-2228,CUS0009665,PRD-DC02,ACC00000321,Debit,2022-02-04,2029-07-27,0.0,0.0,Active
CRD0005553,4392-XXXX-XXXX-9877,CUS0009510,PRD-CC04,,Credit,2024-01-01,2029-04-06,1316009.63,118376.63,Active
CRD0005554,4194-XXXX-XXXX-4898,CUS0003442,PRD-CC04,,Credit,2024-05-03,2029-09-08,71409.82,148185.06,Active
CRD0005555,5800-XXXX-XXXX-6229,CUS0006272,PRD-DC02,ACC00009712,Debit,2023-04-23,2029-01-13,0.0,0.0,Active
CRD0005556,5212-XXXX-XXXX-4947,CUS0006322,PRD-CC03,,Credit,2023-07-29,2029-04-10,921515.02,104835.86,Active
CRD0005557,4135-XXXX-XXXX-1540,CUS0005602,PRD-DC02,ACC00002558,Debit,2023-11-05,2028-10-04,0.0,0.0,Active
CRD0005558,5881-XXXX-XXXX-6871,CUS0006643,PRD-CC01,,Credit,2025-08-05,2030-10-11,159269.52,12506.44,Active
CRD0005559,4952-XXXX-XXXX-4338,CUS0009806,PRD-CC02,,Credit,2025-01-10,2027-10-28,1250126.98,42920.38,Active
CRD0005560,4611-XXXX-XXXX-6257,CUS0006877,PRD-CC03,,Credit,2024-11-17,2027-11-10,651286.64,16275.55,Active
CRD0005561,4995-XXXX-XXXX-7909,CUS0001701,PRD-CC04,,Credit,2025-07-06,2030-05-31,743998.75,184443.63,Active
CRD0005562,5498-XXXX-XXXX-7418,CUS0004485,PRD-CC04,,Credit,2023-11-29,2028-01-09,799778.89,157852.87,Blocked
CRD0005563,5584-XXXX-XXXX-1534,CUS0000510,PRD-DC02,ACC00008164,Debit,2021-01-01,2027-10-20,0.0,0.0,Active
CRD0005564,4339-XXXX-XXXX-7346,CUS0003342,PRD-DC02,ACC00012517,Debit,2024-06-26,2028-03-18,0.0,0.0,Active
CRD0005565,4150-XXXX-XXXX-4514,CUS0007723,PRD-DC02,ACC00016182,Debit,2020-07-19,2028-07-23,0.0,0.0,Active
CRD0005566,5623-XXXX-XXXX-6292,CUS0003754,PRD-DC01,ACC00006802,Debit,2025-03-13,2026-08-12,0.0,0.0,Active
CRD0005567,5272-XXXX-XXXX-4773,CUS0006940,PRD-CC04,,Credit,2025-05-06,2029-12-25,985543.82,82092.62,Active
CRD0005568,4165-XXXX-XXXX-2082,CUS0006890,PRD-CC01,,Credit,2025-08-28,2030-02-19,267603.94,112040.59,Active
CRD0005569,5652-XXXX-XXXX-9178,CUS0002508,PRD-DC02,ACC00006283,Debit,2020-07-11,2028-04-09,0.0,0.0,Active
CRD0005570,5966-XXXX-XXXX-6367,CUS0001302,PRD-CC02,,Credit,2023-07-20,2026-08-05,1346500.59,179951.66,Active
CRD0005571,5266-XXXX-XXXX-7056,CUS0007887,PRD-CC02,,Credit,2025-03-16,2026-06-16,1112943.93,85217.59,Active
CRD0005572,5475-XXXX-XXXX-2649,CUS0009598,PRD-DC02,ACC00003472,Debit,2025-10-29,2029-04-15,0.0,0.0,Active
CRD0005573,4300-XXXX-XXXX-3644,CUS0000432,PRD-DC02,ACC00008771,Debit,2021-07-24,2029-01-13,0.0,0.0,Active
CRD0005574,4430-XXXX-XXXX-4615,CUS0003158,PRD-DC01,,Debit,2024-08-16,2030-04-18,0.0,0.0,Active
CRD0005575,4639-XXXX-XXXX-5846,CUS0002661,PRD-DC01,ACC00010639,Debit,2025-12-13,2028-05-31,0.0,0.0,Active
CRD0005576,5411-XXXX-XXXX-7121,CUS0003283,PRD-CC01,,Credit,2025-02-24,2028-12-27,1415621.87,54519.33,Active
CRD0005577,5667-XXXX-XXXX-2263,CUS0006546,PRD-CC03,,Credit,2021-11-14,2029-06-18,204285.39,73095.72,Blocked
CRD0005578,4459-XXXX-XXXX-6701,CUS0008402,PRD-CC01,,Credit,2020-04-18,2027-07-01,1314945.28,168961.87,Active
CRD0005579,5583-XXXX-XXXX-3214,CUS0000854,PRD-CC04,,Credit,2025-10-04,2027-01-01,1097753.24,47673.04,Active
CRD0005580,5114-XXXX-XXXX-8127,CUS0001879,PRD-DC01,ACC00013084,Debit,2020-08-24,2026-11-27,0.0,0.0,Active
CRD0005581,4954-XXXX-XXXX-3819,CUS0002528,PRD-CC02,,Credit,2020-02-23,2026-07-10,978253.33,19904.19,Active
CRD0005582,5335-XXXX-XXXX-3050,CUS0006587,PRD-DC02,,Debit,2025-09-10,2028-10-11,0.0,0.0,Active
CRD0005583,5585-XXXX-XXXX-5715,CUS0001283,PRD-CC04,,Credit,2021-07-29,2030-04-27,874537.58,150042.51,Active
CRD0005584,4380-XXXX-XXXX-9532,CUS0000642,PRD-CC01,,Credit,2020-06-12,2027-05-26,470025.21,167985.66,Active
CRD0005585,5539-XXXX-XXXX-2107,CUS0004212,PRD-DC01,,Debit,2021-02-23,2027-03-21,0.0,0.0,Active
CRD0005586,4730-XXXX-XXXX-1316,CUS0006821,PRD-DC01,ACC00013152,Debit,2023-10-03,2026-11-29,0.0,0.0,Expired
CRD0005587,5301-XXXX-XXXX-8029,CUS0008990,PRD-CC04,,Credit,2024-04-01,2030-11-24,1039362.68,97009.65,Active
CRD0005588,5602-XXXX-XXXX-7697,CUS0007881,PRD-CC01,,Credit,2022-01-31,2028-10-20,568381.46,2461.98,Blocked
CRD0005589,5596-XXXX-XXXX-1758,CUS0001625,PRD-DC02,ACC00004398,Debit,2022-02-15,2028-09-07,0.0,0.0,Active
CRD0005590,4280-XXXX-XXXX-3087,CUS0001940,PRD-CC01,,Credit,2024-05-17,2030-09-22,594825.64,26339.27,Expired
CRD0005591,5789-XXXX-XXXX-7967,CUS0009519,PRD-CC02,,Credit,2026-01-20,2026-08-09,377198.18,57153.05,Active
CRD0005592,5246-XXXX-XXXX-2616,CUS0006177,PRD-DC01,,Debit,2024-08-21,2028-06-06,0.0,0.0,Active
CRD0005593,4250-XXXX-XXXX-8069,CUS0005066,PRD-CC04,,Credit,2024-05-12,2026-08-26,258667.92,87917.33,Active
CRD0005594,5265-XXXX-XXXX-2303,CUS0006253,PRD-CC03,,Credit,2026-01-22,2029-05-23,1329103.12,156811.7,Active
CRD0005595,5517-XXXX-XXXX-7979,CUS0003861,PRD-CC01,,Credit,2021-03-06,2030-10-31,1229819.38,52314.76,Active
CRD0005596,4763-XXXX-XXXX-7668,CUS0007155,PRD-CC02,,Credit,2020-04-19,2028-03-10,913181.69,81669.08,Active
CRD0005597,4436-XXXX-XXXX-6252,CUS0008814,PRD-DC02,,Debit,2025-09-25,2027-09-23,0.0,0.0,Blocked
CRD0005598,4665-XXXX-XXXX-5091,CUS0006468,PRD-CC03,,Credit,2021-05-08,2028-11-19,916844.63,60930.68,Active
CRD0005599,5955-XXXX-XXXX-3459,CUS0006056,PRD-DC01,,Debit,2020-02-24,2026-12-06,0.0,0.0,Active
CRD0005600,4232-XXXX-XXXX-7619,CUS0003769,PRD-CC02,,Credit,2020-05-02,2026-12-04,77137.7,195889.13,Active
CRD0005601,4179-XXXX-XXXX-5766,CUS0005968,PRD-CC01,,Credit,2020-04-19,2026-07-18,237283.05,143499.8,Active
CRD0005602,5735-XXXX-XXXX-9577,CUS0006374,PRD-CC02,,Credit,2025-08-10,2027-10-22,414169.6,88337.17,Expired
CRD0005603,4604-XXXX-XXXX-7381,CUS0002380,PRD-CC02,,Credit,2021-06-11,2029-06-27,33336.45,143555.23,Active
CRD0005604,4709-XXXX-XXXX-3497,CUS0004976,PRD-CC02,,Credit,2024-05-03,2026-08-17,720325.16,186797.7,Active
CRD0005605,5883-XXXX-XXXX-4755,CUS0000105,PRD-CC01,,Credit,2025-06-12,2028-03-05,1058635.19,100787.15,Active
CRD0005606,5821-XXXX-XXXX-3718,CUS0003618,PRD-DC01,,Debit,2021-06-20,2026-06-02,0.0,0.0,Active
CRD0005607,5370-XXXX-XXXX-1771,CUS0009629,PRD-CC03,,Credit,2024-03-02,2028-02-24,188765.4,162940.86,Active
CRD0005608,4884-XXXX-XXXX-6401,CUS0002969,PRD-CC01,,Credit,2024-04-16,2030-01-12,1466085.32,105411.34,Active
CRD0005609,4492-XXXX-XXXX-2946,CUS0003393,PRD-DC02,ACC00017196,Debit,2025-09-30,2026-06-09,0.0,0.0,Active
CRD0005610,5373-XXXX-XXXX-4194,CUS0007848,PRD-DC01,ACC00017031,Debit,2020-05-20,2030-02-12,0.0,0.0,Active
CRD0005611,4622-XXXX-XXXX-5359,CUS0003595,PRD-DC02,ACC00004149,Debit,2021-12-15,2027-04-26,0.0,0.0,Active
CRD0005612,5844-XXXX-XXXX-1683,CUS0003222,PRD-DC01,ACC00004419,Debit,2024-08-16,2030-01-25,0.0,0.0,Active
CRD0005613,5464-XXXX-XXXX-7439,CUS0005645,PRD-CC02,,Credit,2020-09-01,2027-02-18,656396.65,170467.04,Active
CRD0005614,4151-XXXX-XXXX-9518,CUS0009524,PRD-CC01,,Credit,2020-05-20,2026-09-23,434990.11,82235.3,Active
CRD0005615,4137-XXXX-XXXX-5425,CUS0005783,PRD-CC04,,Credit,2023-07-09,2029-09-07,1081504.14,47531.83,Active
CRD0005616,5213-XXXX-XXXX-6381,CUS0007346,PRD-CC01,,Credit,2025-06-04,2026-09-13,1091942.79,77673.08,Active
CRD0005617,4450-XXXX-XXXX-4717,CUS0004124,PRD-DC01,,Debit,2024-08-19,2029-12-12,0.0,0.0,Active
CRD0005618,4493-XXXX-XXXX-4031,CUS0001740,PRD-CC03,,Credit,2026-01-24,2028-01-29,298875.79,38177.14,Active
CRD0005619,4935-XXXX-XXXX-1694,CUS0001010,PRD-CC02,,Credit,2021-11-29,2027-10-15,1405447.07,18061.06,Active
CRD0005620,4410-XXXX-XXXX-9987,CUS0006557,PRD-DC02,ACC00010923,Debit,2020-05-06,2027-04-26,0.0,0.0,Active
CRD0005621,5574-XXXX-XXXX-9496,CUS0001788,PRD-DC02,ACC00005073,Debit,2020-06-18,2029-04-12,0.0,0.0,Active
CRD0005622,4422-XXXX-XXXX-5657,CUS0007124,PRD-CC01,,Credit,2025-10-22,2030-05-13,905014.49,160283.75,Active
CRD0005623,5983-XXXX-XXXX-3235,CUS0000316,PRD-DC02,ACC00015101,Debit,2020-07-28,2030-03-01,0.0,0.0,Active
CRD0005624,5855-XXXX-XXXX-6366,CUS0007529,PRD-CC01,,Credit,2021-01-02,2030-06-17,346451.64,162743.64,Active
CRD0005625,5521-XXXX-XXXX-2044,CUS0001465,PRD-CC01,,Credit,2025-08-17,2029-09-17,1493109.23,45225.71,Active
CRD0005626,5524-XXXX-XXXX-6193,CUS0009521,PRD-CC01,,Credit,2022-11-14,2027-12-15,59361.87,158094.78,Expired
CRD0005627,5365-XXXX-XXXX-7121,CUS0001936,PRD-DC02,,Debit,2025-12-23,2028-03-02,0.0,0.0,Active
CRD0005628,5126-XXXX-XXXX-5299,CUS0007179,PRD-CC01,,Credit,2024-08-17,2028-02-10,475461.33,176790.53,Active
CRD0005629,4943-XXXX-XXXX-7177,CUS0008780,PRD-DC02,ACC00000935,Debit,2024-07-28,2027-11-22,0.0,0.0,Active
CRD0005630,4820-XXXX-XXXX-3552,CUS0005179,PRD-CC01,,Credit,2025-04-25,2026-06-09,691460.91,7530.52,Active
CRD0005631,5660-XXXX-XXXX-6722,CUS0008735,PRD-DC01,ACC00001263,Debit,2020-09-02,2029-12-06,0.0,0.0,Active
CRD0005632,4912-XXXX-XXXX-8685,CUS0005483,PRD-CC03,,Credit,2020-06-13,2030-08-21,1144433.14,47544.71,Active
CRD0005633,5652-XXXX-XXXX-6447,CUS0001472,PRD-CC03,,Credit,2021-07-26,2028-02-06,271641.67,139880.07,Active
CRD0005634,4922-XXXX-XXXX-1181,CUS0007710,PRD-DC01,ACC00007009,Debit,2022-10-05,2027-10-19,0.0,0.0,Active
CRD0005635,5946-XXXX-XXXX-1296,CUS0002688,PRD-CC04,,Credit,2022-05-22,2027-03-10,750115.55,15778.97,Active
CRD0005636,4155-XXXX-XXXX-5664,CUS0003901,PRD-CC03,,Credit,2023-02-16,2029-12-13,614156.53,51934.6,Active
CRD0005637,5308-XXXX-XXXX-4597,CUS0001655,PRD-CC01,,Credit,2022-10-11,2030-08-04,728255.33,180717.19,Active
CRD0005638,4123-XXXX-XXXX-5133,CUS0008831,PRD-CC04,,Credit,2025-05-20,2029-02-19,871953.99,104661.44,Active
CRD0005639,5221-XXXX-XXXX-4861,CUS0007253,PRD-DC01,ACC00011084,Debit,2026-04-07,2028-07-28,0.0,0.0,Active
CRD0005640,4641-XXXX-XXXX-6184,CUS0005646,PRD-DC01,,Debit,2024-12-21,2026-05-24,0.0,0.0,Active
CRD0005641,5581-XXXX-XXXX-5788,CUS0000590,PRD-CC01,,Credit,2025-09-26,2029-03-13,1298228.38,94043.7,Active
CRD0005642,4712-XXXX-XXXX-9582,CUS0004080,PRD-CC03,,Credit,2025-10-23,2029-08-25,555657.53,113669.29,Expired
CRD0005643,5308-XXXX-XXXX-3110,CUS0007940,PRD-DC02,,Debit,2021-05-24,2028-05-29,0.0,0.0,Active
CRD0005644,4129-XXXX-XXXX-3213,CUS0005130,PRD-CC01,,Credit,2024-01-12,2026-07-16,812711.52,47699.9,Active
CRD0005645,5644-XXXX-XXXX-5290,CUS0009647,PRD-CC03,,Credit,2024-01-14,2029-04-25,898709.75,170309.71,Active
CRD0005646,5742-XXXX-XXXX-5557,CUS0002737,PRD-CC02,,Credit,2023-08-22,2028-08-24,697384.6,9184.1,Active
CRD0005647,4478-XXXX-XXXX-5415,CUS0008669,PRD-CC02,,Credit,2025-09-03,2030-11-05,907673.51,57410.42,Active
CRD0005648,5461-XXXX-XXXX-9212,CUS0002937,PRD-CC01,,Credit,2022-12-02,2030-08-30,550650.1,4730.66,Active
CRD0005649,4180-XXXX-XXXX-7995,CUS0002521,PRD-DC01,,Debit,2022-03-08,2026-11-07,0.0,0.0,Active
CRD0005650,5500-XXXX-XXXX-3342,CUS0004605,PRD-CC01,,Credit,2021-01-03,2028-07-07,624866.49,147283.05,Active
CRD0005651,5739-XXXX-XXXX-6592,CUS0003822,PRD-CC03,,Credit,2026-04-13,2029-10-03,314364.91,56669.35,Active
CRD0005652,5467-XXXX-XXXX-4016,CUS0002276,PRD-CC02,,Credit,2022-09-27,2027-04-26,456070.63,186983.86,Active
CRD0005653,5137-XXXX-XXXX-6319,CUS0009975,PRD-DC02,ACC00006295,Debit,2025-04-04,2026-05-02,0.0,0.0,Active
CRD0005654,4629-XXXX-XXXX-3119,CUS0001024,PRD-CC02,,Credit,2023-11-30,2028-04-02,120522.6,87485.45,Active
CRD0005655,5213-XXXX-XXXX-7992,CUS0005194,PRD-CC01,,Credit,2022-06-27,2028-11-09,978122.47,79251.01,Active
CRD0005656,4224-XXXX-XXXX-3207,CUS0008254,PRD-DC01,ACC00015698,Debit,2023-08-18,2030-10-07,0.0,0.0,Active
CRD0005657,4786-XXXX-XXXX-2916,CUS0002657,PRD-DC01,ACC00007393,Debit,2020-02-02,2030-11-10,0.0,0.0,Active
CRD0005658,4152-XXXX-XXXX-6160,CUS0002926,PRD-CC04,,Credit,2021-12-06,2029-01-14,1063992.18,145524.68,Blocked
CRD0005659,4833-XXXX-XXXX-2698,CUS0001097,PRD-DC01,ACC00006202,Debit,2022-01-10,2030-12-24,0.0,0.0,Active
CRD0005660,5727-XXXX-XXXX-5567,CUS0001339,PRD-DC01,ACC00013865,Debit,2025-07-25,2030-05-29,0.0,0.0,Active
CRD0005661,4747-XXXX-XXXX-7338,CUS0001323,PRD-DC02,,Debit,2025-12-21,2029-07-12,0.0,0.0,Active
CRD0005662,4775-XXXX-XXXX-4430,CUS0003361,PRD-CC01,,Credit,2022-06-24,2027-08-13,979682.7,11811.19,Active
CRD0005663,5489-XXXX-XXXX-8610,CUS0000522,PRD-CC03,,Credit,2023-11-09,2030-11-06,990447.32,169898.98,Active
CRD0005664,4523-XXXX-XXXX-1202,CUS0003829,PRD-DC02,ACC00011604,Debit,2022-05-20,2030-10-23,0.0,0.0,Active
CRD0005665,5125-XXXX-XXXX-3868,CUS0003550,PRD-CC03,,Credit,2024-07-28,2029-05-26,168782.75,157801.32,Active
CRD0005666,5293-XXXX-XXXX-5928,CUS0004103,PRD-DC02,ACC00002114,Debit,2024-03-09,2030-03-20,0.0,0.0,Active
CRD0005667,5728-XXXX-XXXX-1760,CUS0002666,PRD-CC04,,Credit,2022-09-09,2029-11-03,55491.18,36166.92,Active
CRD0005668,5748-XXXX-XXXX-3879,CUS0000042,PRD-DC01,ACC00014594,Debit,2020-02-04,2030-10-22,0.0,0.0,Active
CRD0005669,5704-XXXX-XXXX-5414,CUS0002709,PRD-CC03,,Credit,2023-09-27,2029-07-08,181151.59,73243.57,Active
CRD0005670,4363-XXXX-XXXX-2374,CUS0005934,PRD-DC01,ACC00008298,Debit,2024-08-05,2030-03-23,0.0,0.0,Active
CRD0005671,4628-XXXX-XXXX-1781,CUS0008789,PRD-DC02,,Debit,2020-09-07,2027-04-03,0.0,0.0,Active
CRD0005672,4176-XXXX-XXXX-2577,CUS0004605,PRD-CC04,,Credit,2020-02-24,2029-10-07,35984.56,92412.24,Active
CRD0005673,4217-XXXX-XXXX-5898,CUS0009551,PRD-CC03,,Credit,2023-05-21,2030-11-22,137833.33,86062.22,Active
CRD0005674,4978-XXXX-XXXX-2572,CUS0007057,PRD-CC02,,Credit,2023-04-05,2029-02-22,1189768.48,17546.39,Active
CRD0005675,5723-XXXX-XXXX-2365,CUS0004853,PRD-DC02,ACC00009158,Debit,2024-11-03,2028-06-05,0.0,0.0,Active
CRD0005676,5411-XXXX-XXXX-2185,CUS0005280,PRD-CC02,,Credit,2023-12-27,2029-10-16,1466696.2,107143.16,Active
CRD0005677,4121-XXXX-XXXX-3151,CUS0005626,PRD-CC01,,Credit,2020-03-31,2027-05-23,428556.26,20527.22,Active
CRD0005678,5786-XXXX-XXXX-7679,CUS0001628,PRD-DC01,ACC00006773,Debit,2024-01-15,2026-07-19,0.0,0.0,Active
CRD0005679,4605-XXXX-XXXX-1665,CUS0004367,PRD-CC04,,Credit,2024-04-20,2026-11-16,1385221.62,154887.71,Active
CRD0005680,4563-XXXX-XXXX-1844,CUS0005570,PRD-DC01,ACC00014360,Debit,2022-07-24,2030-12-04,0.0,0.0,Active
CRD0005681,5483-XXXX-XXXX-1261,CUS0006664,PRD-CC01,,Credit,2025-10-19,2027-12-08,621814.35,163760.84,Active
CRD0005682,5382-XXXX-XXXX-7656,CUS0005001,PRD-DC02,ACC00013626,Debit,2023-01-17,2027-04-01,0.0,0.0,Active
CRD0005683,5870-XXXX-XXXX-5137,CUS0001456,PRD-CC02,,Credit,2020-05-06,2029-07-12,782241.32,113895.99,Active
CRD0005684,4822-XXXX-XXXX-8407,CUS0003516,PRD-DC01,ACC00007543,Debit,2022-10-31,2029-08-21,0.0,0.0,Active
CRD0005685,4841-XXXX-XXXX-8902,CUS0001291,PRD-DC02,ACC00000370,Debit,2020-05-30,2028-09-05,0.0,0.0,Active
CRD0005686,4623-XXXX-XXXX-4904,CUS0005076,PRD-DC01,ACC00011492,Debit,2024-06-05,2027-02-01,0.0,0.0,Active
CRD0005687,4331-XXXX-XXXX-6339,CUS0002468,PRD-CC01,,Credit,2020-05-21,2027-10-25,256229.22,145623.58,Active
CRD0005688,5839-XXXX-XXXX-5051,CUS0001126,PRD-CC03,,Credit,2021-10-15,2030-06-17,403453.9,140578.37,Active
CRD0005689,4832-XXXX-XXXX-4366,CUS0005061,PRD-CC01,,Credit,2022-06-23,2027-12-30,1042034.28,102289.99,Active
CRD0005690,4475-XXXX-XXXX-5499,CUS0003861,PRD-DC02,,Debit,2021-09-16,2026-07-10,0.0,0.0,Blocked
CRD0005691,5488-XXXX-XXXX-7883,CUS0009642,PRD-DC02,ACC00009729,Debit,2025-08-31,2028-01-28,0.0,0.0,Active
CRD0005692,4235-XXXX-XXXX-4531,CUS0003112,PRD-CC01,,Credit,2024-11-12,2029-04-04,1330348.78,74903.82,Blocked
CRD0005693,4196-XXXX-XXXX-4474,CUS0007698,PRD-CC04,,Credit,2026-03-14,2027-04-26,191379.95,71434.15,Active
CRD0005694,4292-XXXX-XXXX-7759,CUS0007827,PRD-DC01,ACC00005678,Debit,2026-03-01,2027-12-16,0.0,0.0,Active
CRD0005695,4224-XXXX-XXXX-8386,CUS0000727,PRD-DC01,ACC00009777,Debit,2022-01-11,2028-12-13,0.0,0.0,Active
CRD0005696,4973-XXXX-XXXX-3912,CUS0001531,PRD-CC02,,Credit,2025-10-10,2029-02-24,183119.34,134347.87,Active
CRD0005697,5849-XXXX-XXXX-6582,CUS0006070,PRD-DC01,,Debit,2020-05-04,2027-08-22,0.0,0.0,Active
CRD0005698,5809-XXXX-XXXX-9408,CUS0008255,PRD-DC01,ACC00014759,Debit,2023-01-15,2030-05-20,0.0,0.0,Active
CRD0005699,4768-XXXX-XXXX-5421,CUS0007618,PRD-DC01,ACC00009687,Debit,2023-08-30,2028-05-28,0.0,0.0,Active
CRD0005700,4329-XXXX-XXXX-7022,CUS0009032,PRD-CC03,,Credit,2021-10-19,2028-05-11,530636.94,174716.62,Active
CRD0005701,4705-XXXX-XXXX-3387,CUS0000140,PRD-DC01,ACC00015127,Debit,2022-10-01,2027-05-24,0.0,0.0,Active
CRD0005702,4901-XXXX-XXXX-5654,CUS0001168,PRD-DC02,ACC00001935,Debit,2024-06-27,2028-09-04,0.0,0.0,Active
CRD0005703,4852-XXXX-XXXX-5824,CUS0001268,PRD-CC02,,Credit,2022-10-29,2026-05-04,489091.66,68721.88,Active
CRD0005704,5243-XXXX-XXXX-4712,CUS0009060,PRD-DC02,ACC00004259,Debit,2023-09-15,2030-05-26,0.0,0.0,Active
CRD0005705,4907-XXXX-XXXX-4541,CUS0006269,PRD-CC01,,Credit,2021-06-15,2026-06-13,128183.42,136661.69,Active
CRD0005706,4737-XXXX-XXXX-4809,CUS0007322,PRD-DC02,ACC00004138,Debit,2024-12-26,2029-11-25,0.0,0.0,Active
CRD0005707,4196-XXXX-XXXX-4384,CUS0003842,PRD-CC01,,Credit,2021-09-28,2027-05-11,989491.55,6431.73,Active
CRD0005708,5293-XXXX-XXXX-2393,CUS0003329,PRD-CC01,,Credit,2024-10-23,2028-04-27,147904.12,124928.76,Active
CRD0005709,4987-XXXX-XXXX-5411,CUS0003009,PRD-CC04,,Credit,2024-02-27,2029-12-29,937772.67,46580.5,Active
CRD0005710,5404-XXXX-XXXX-6010,CUS0001371,PRD-CC02,,Credit,2020-12-21,2027-08-09,864059.68,130283.38,Active
CRD0005711,4114-XXXX-XXXX-9388,CUS0008758,PRD-CC04,,Credit,2020-01-08,2027-05-15,868148.55,138180.4,Active
CRD0005712,5932-XXXX-XXXX-7114,CUS0003389,PRD-CC04,,Credit,2026-04-18,2027-08-23,1224050.95,170403.65,Active
CRD0005713,5651-XXXX-XXXX-2413,CUS0008941,PRD-CC03,,Credit,2024-11-10,2030-07-17,1031156.34,7133.5,Active
CRD0005714,4832-XXXX-XXXX-7596,CUS0002921,PRD-DC02,,Debit,2022-11-15,2030-10-05,0.0,0.0,Active
CRD0005715,4548-XXXX-XXXX-2821,CUS0005194,PRD-CC03,,Credit,2025-04-10,2028-01-13,998415.39,68502.24,Active
CRD0005716,5978-XXXX-XXXX-3151,CUS0006755,PRD-DC01,ACC00010760,Debit,2025-09-02,2030-01-13,0.0,0.0,Active
CRD0005717,5806-XXXX-XXXX-2892,CUS0001189,PRD-CC01,,Credit,2023-03-04,2029-07-19,416858.02,2859.09,Active
CRD0005718,4363-XXXX-XXXX-3080,CUS0007920,PRD-CC01,,Credit,2025-04-05,2030-01-14,938014.57,150379.08,Active
CRD0005719,5468-XXXX-XXXX-2628,CUS0008253,PRD-CC04,,Credit,2023-07-07,2030-10-10,894366.48,28187.69,Active
CRD0005720,5459-XXXX-XXXX-6890,CUS0008924,PRD-DC01,ACC00013558,Debit,2025-01-27,2029-11-29,0.0,0.0,Active
CRD0005721,4599-XXXX-XXXX-3966,CUS0000367,PRD-CC01,,Credit,2024-10-28,2028-09-07,490469.44,145192.72,Active
CRD0005722,5817-XXXX-XXXX-5021,CUS0001324,PRD-DC02,ACC00016357,Debit,2026-04-05,2029-10-22,0.0,0.0,Active
CRD0005723,5229-XXXX-XXXX-2659,CUS0003677,PRD-DC01,ACC00017141,Debit,2025-11-09,2030-02-07,0.0,0.0,Active
CRD0005724,5882-XXXX-XXXX-6401,CUS0001162,PRD-CC04,,Credit,2022-03-12,2028-06-02,1212861.97,106375.93,Active
CRD0005725,5363-XXXX-XXXX-5907,CUS0003384,PRD-CC04,,Credit,2022-06-14,2026-12-23,409050.95,184037.89,Active
CRD0005726,5464-XXXX-XXXX-9756,CUS0009587,PRD-CC01,,Credit,2021-01-13,2029-10-30,302277.93,4645.28,Active
CRD0005727,5162-XXXX-XXXX-2723,CUS0006544,PRD-CC04,,Credit,2022-06-14,2028-11-03,1495398.41,47388.34,Active
CRD0005728,4834-XXXX-XXXX-8915,CUS0004576,PRD-DC02,,Debit,2022-08-27,2027-12-10,0.0,0.0,Active
CRD0005729,5618-XXXX-XXXX-7435,CUS0000760,PRD-CC02,,Credit,2020-03-23,2030-07-14,1390636.76,145252.83,Active
CRD0005730,4757-XXXX-XXXX-2150,CUS0000706,PRD-CC01,,Credit,2023-01-01,2030-07-08,272378.8,109207.75,Active
CRD0005731,4403-XXXX-XXXX-9486,CUS0007011,PRD-CC02,,Credit,2021-06-20,2026-06-23,1048422.27,67095.17,Active
CRD0005732,4340-XXXX-XXXX-9859,CUS0008842,PRD-CC01,,Credit,2025-10-01,2027-08-10,444588.85,60754.27,Active
CRD0005733,5771-XXXX-XXXX-8514,CUS0001327,PRD-CC03,,Credit,2023-04-08,2029-11-16,1013793.11,25080.54,Active
CRD0005734,5202-XXXX-XXXX-4822,CUS0009055,PRD-CC04,,Credit,2024-08-07,2028-08-11,203683.46,16123.24,Active
CRD0005735,5583-XXXX-XXXX-4631,CUS0000898,PRD-CC03,,Credit,2024-02-13,2028-08-15,103139.82,175592.19,Active
CRD0005736,4169-XXXX-XXXX-3799,CUS0008078,PRD-CC03,,Credit,2026-01-05,2027-02-16,706055.33,89373.79,Active
CRD0005737,4363-XXXX-XXXX-9139,CUS0004450,PRD-DC02,ACC00014918,Debit,2021-11-09,2029-11-01,0.0,0.0,Active
CRD0005738,4664-XXXX-XXXX-4580,CUS0003627,PRD-DC01,ACC00010017,Debit,2020-04-27,2027-01-01,0.0,0.0,Active
CRD0005739,4698-XXXX-XXXX-2926,CUS0002715,PRD-CC04,,Credit,2020-04-16,2030-07-13,240446.47,149809.87,Active
CRD0005740,4870-XXXX-XXXX-9663,CUS0001849,PRD-DC01,ACC00000772,Debit,2020-12-22,2027-11-19,0.0,0.0,Active
CRD0005741,4754-XXXX-XXXX-8823,CUS0005515,PRD-CC04,,Credit,2020-12-17,2029-06-18,510028.92,42925.2,Active
CRD0005742,4563-XXXX-XXXX-6991,CUS0005403,PRD-CC03,,Credit,2021-10-05,2029-06-13,874239.62,173329.95,Active
CRD0005743,4353-XXXX-XXXX-5261,CUS0009352,PRD-DC02,ACC00003557,Debit,2021-03-17,2027-01-12,0.0,0.0,Active
CRD0005744,4945-XXXX-XXXX-5655,CUS0006366,PRD-CC02,,Credit,2021-03-18,2029-02-05,1383254.55,83035.19,Active
CRD0005745,4882-XXXX-XXXX-1373,CUS0006587,PRD-CC04,,Credit,2020-11-16,2028-07-13,334469.98,159683.09,Active
CRD0005746,4601-XXXX-XXXX-2758,CUS0002937,PRD-DC02,ACC00004447,Debit,2023-02-15,2027-01-23,0.0,0.0,Active
CRD0005747,4791-XXXX-XXXX-8361,CUS0002531,PRD-CC01,,Credit,2025-03-19,2026-06-28,1261138.53,138196.45,Active
CRD0005748,5857-XXXX-XXXX-8563,CUS0007518,PRD-CC04,,Credit,2023-05-02,2029-04-20,1319579.92,167081.67,Active
CRD0005749,4655-XXXX-XXXX-3602,CUS0006959,PRD-CC03,,Credit,2023-08-19,2029-06-11,956858.92,109455.91,Active
CRD0005750,4251-XXXX-XXXX-7622,CUS0002869,PRD-CC04,,Credit,2022-10-21,2029-12-30,534578.75,179970.42,Blocked
CRD0005751,5715-XXXX-XXXX-4576,CUS0001656,PRD-CC03,,Credit,2025-04-10,2026-11-04,1408469.35,167226.25,Active
CRD0005752,5965-XXXX-XXXX-4404,CUS0004914,PRD-DC01,ACC00012822,Debit,2023-01-21,2030-10-05,0.0,0.0,Active
CRD0005753,4412-XXXX-XXXX-4287,CUS0000974,PRD-CC04,,Credit,2024-05-26,2027-12-13,561467.45,24808.1,Active
CRD0005754,4448-XXXX-XXXX-6426,CUS0005598,PRD-DC01,ACC00016112,Debit,2025-03-01,2029-11-25,0.0,0.0,Active
CRD0005755,4188-XXXX-XXXX-1730,CUS0007844,PRD-CC02,,Credit,2020-10-07,2029-08-25,1176677.09,17150.86,Active
CRD0005756,4450-XXXX-XXXX-7749,CUS0006889,PRD-CC02,,Credit,2020-12-29,2029-11-17,721772.42,170192.74,Active
CRD0005757,5339-XXXX-XXXX-9056,CUS0003301,PRD-CC03,,Credit,2021-03-12,2030-04-12,1063302.2,42119.2,Blocked
CRD0005758,5759-XXXX-XXXX-1691,CUS0002529,PRD-CC01,,Credit,2023-01-08,2026-08-17,453177.54,92321.96,Active
CRD0005759,4607-XXXX-XXXX-3592,CUS0001277,PRD-CC03,,Credit,2020-08-28,2026-09-12,1120480.02,16064.69,Active
CRD0005760,4357-XXXX-XXXX-7253,CUS0009028,PRD-DC01,ACC00007131,Debit,2021-03-10,2030-09-13,0.0,0.0,Active
CRD0005761,5766-XXXX-XXXX-8041,CUS0000301,PRD-CC04,,Credit,2021-01-07,2030-02-24,1350143.91,52151.04,Active
CRD0005762,4292-XXXX-XXXX-8725,CUS0003888,PRD-CC02,,Credit,2025-02-18,2027-04-09,583744.7,68699.37,Active
CRD0005763,5152-XXXX-XXXX-3065,CUS0006779,PRD-CC02,,Credit,2020-02-19,2030-07-28,569000.48,181217.07,Active
CRD0005764,4231-XXXX-XXXX-8819,CUS0009066,PRD-CC04,,Credit,2025-06-13,2028-05-05,537784.89,103174.38,Active
CRD0005765,4947-XXXX-XXXX-6557,CUS0001186,PRD-DC01,,Debit,2025-01-09,2030-11-20,0.0,0.0,Expired
CRD0005766,5781-XXXX-XXXX-3628,CUS0007311,PRD-CC03,,Credit,2025-05-25,2030-08-04,272658.11,10467.39,Active
CRD0005767,4369-XXXX-XXXX-6697,CUS0004131,PRD-CC02,,Credit,2026-04-29,2028-03-30,1473753.84,36263.74,Active
CRD0005768,5357-XXXX-XXXX-8290,CUS0009232,PRD-CC04,,Credit,2022-05-12,2028-01-03,785368.09,19514.02,Blocked
CRD0005769,4875-XXXX-XXXX-8768,CUS0001634,PRD-CC04,,Credit,2023-03-20,2026-08-27,723577.71,170932.74,Active
CRD0005770,4405-XXXX-XXXX-2667,CUS0004329,PRD-CC04,,Credit,2021-07-31,2028-06-10,1348109.42,7694.15,Active
CRD0005771,4240-XXXX-XXXX-9499,CUS0006053,PRD-DC02,ACC00009577,Debit,2020-06-25,2027-12-09,0.0,0.0,Active
CRD0005772,5468-XXXX-XXXX-3803,CUS0005358,PRD-CC01,,Credit,2023-01-02,2029-09-04,1428306.32,116127.54,Active
CRD0005773,4411-XXXX-XXXX-9224,CUS0001762,PRD-DC02,,Debit,2025-12-12,2029-12-03,0.0,0.0,Active
CRD0005774,5697-XXXX-XXXX-8817,CUS0001630,PRD-DC02,,Debit,2021-01-19,2027-10-27,0.0,0.0,Active
CRD0005775,5916-XXXX-XXXX-5423,CUS0007286,PRD-DC02,ACC00017354,Debit,2023-07-27,2027-08-12,0.0,0.0,Active
CRD0005776,4429-XXXX-XXXX-9039,CUS0006055,PRD-CC02,,Credit,2022-09-28,2029-04-01,243606.53,137443.62,Active
CRD0005777,4821-XXXX-XXXX-4956,CUS0009185,PRD-DC01,ACC00016145,Debit,2025-08-17,2027-12-14,0.0,0.0,Active
CRD0005778,4390-XXXX-XXXX-4879,CUS0003325,PRD-DC01,ACC00004265,Debit,2024-05-22,2027-02-12,0.0,0.0,Active
CRD0005779,5684-XXXX-XXXX-3153,CUS0002574,PRD-DC02,ACC00017355,Debit,2024-05-13,2026-06-14,0.0,0.0,Active
CRD0005780,5507-XXXX-XXXX-3688,CUS0003178,PRD-CC01,,Credit,2025-07-28,2028-01-09,1305593.3,169604.0,Active
CRD0005781,5326-XXXX-XXXX-8362,CUS0008411,PRD-CC01,,Credit,2020-05-05,2027-11-21,306482.24,198337.77,Active
CRD0005782,4217-XXXX-XXXX-1009,CUS0001240,PRD-CC04,,Credit,2023-05-23,2027-04-26,934249.29,139338.84,Active
CRD0005783,5377-XXXX-XXXX-3793,CUS0007534,PRD-CC03,,Credit,2020-04-19,2028-12-07,154580.89,130549.0,Active
CRD0005784,5300-XXXX-XXXX-5114,CUS0000776,PRD-CC03,,Credit,2021-11-07,2026-12-24,997916.94,40127.96,Expired
CRD0005785,5518-XXXX-XXXX-4933,CUS0002332,PRD-CC04,,Credit,2020-10-31,2030-01-02,933822.86,116681.29,Active
CRD0005786,4108-XXXX-XXXX-9446,CUS0005654,PRD-DC01,ACC00002532,Debit,2022-06-07,2030-04-22,0.0,0.0,Active
CRD0005787,5166-XXXX-XXXX-7891,CUS0005848,PRD-DC01,ACC00012704,Debit,2020-04-01,2029-10-23,0.0,0.0,Active
CRD0005788,4417-XXXX-XXXX-3128,CUS0000486,PRD-DC01,ACC00008154,Debit,2023-12-14,2030-05-14,0.0,0.0,Expired
CRD0005789,5293-XXXX-XXXX-8008,CUS0000559,PRD-CC02,,Credit,2021-04-25,2029-02-13,844973.75,182521.96,Active
CRD0005790,5529-XXXX-XXXX-5893,CUS0006987,PRD-DC02,ACC00007166,Debit,2022-07-24,2030-10-19,0.0,0.0,Active
CRD0005791,5136-XXXX-XXXX-1766,CUS0008765,PRD-DC01,ACC00003248,Debit,2025-05-23,2029-08-16,0.0,0.0,Active
CRD0005792,4656-XXXX-XXXX-4099,CUS0008549,PRD-CC04,,Credit,2021-08-27,2029-06-24,1274632.86,119756.42,Active
CRD0005793,5619-XXXX-XXXX-2039,CUS0007401,PRD-DC01,,Debit,2024-05-26,2028-11-12,0.0,0.0,Active
CRD0005794,4432-XXXX-XXXX-2128,CUS0001985,PRD-CC03,,Credit,2023-03-27,2028-12-28,1125702.69,21359.24,Active
CRD0005795,5840-XXXX-XXXX-6297,CUS0005605,PRD-CC04,,Credit,2024-11-16,2029-12-07,437079.16,101308.32,Active
CRD0005796,4103-XXXX-XXXX-3386,CUS0002904,PRD-DC02,ACC00014164,Debit,2025-06-14,2027-02-19,0.0,0.0,Active
CRD0005797,4661-XXXX-XXXX-1672,CUS0006111,PRD-CC03,,Credit,2021-05-06,2028-04-01,172061.49,110407.02,Active
CRD0005798,5510-XXXX-XXXX-1559,CUS0008951,PRD-CC04,,Credit,2025-11-22,2030-05-15,370297.76,170070.85,Active
CRD0005799,5361-XXXX-XXXX-1056,CUS0003758,PRD-CC02,,Credit,2021-02-21,2026-09-04,1480248.34,60368.56,Active
CRD0005800,4539-XXXX-XXXX-5200,CUS0009468,PRD-CC01,,Credit,2022-04-14,2027-04-01,438041.04,135460.91,Active
CRD0005801,5550-XXXX-XXXX-4227,CUS0008396,PRD-CC02,,Credit,2024-07-09,2030-09-23,763431.49,140851.23,Expired
CRD0005802,5911-XXXX-XXXX-7699,CUS0009892,PRD-DC01,ACC00009073,Debit,2025-04-17,2028-06-15,0.0,0.0,Active
CRD0005803,5440-XXXX-XXXX-6922,CUS0009441,PRD-CC01,,Credit,2023-04-19,2030-10-22,102613.93,80703.26,Active
CRD0005804,5556-XXXX-XXXX-4462,CUS0008986,PRD-CC02,,Credit,2023-03-02,2027-02-20,673298.67,191166.61,Active
CRD0005805,5912-XXXX-XXXX-2710,CUS0000367,PRD-CC02,,Credit,2020-04-19,2028-08-24,1479124.02,183787.96,Active
CRD0005806,5809-XXXX-XXXX-8012,CUS0004693,PRD-CC03,,Credit,2024-05-28,2027-11-15,1108620.15,175140.5,Active
CRD0005807,5638-XXXX-XXXX-3086,CUS0005271,PRD-CC02,,Credit,2022-12-05,2028-05-03,897773.54,197551.25,Active
CRD0005808,5528-XXXX-XXXX-7648,CUS0005397,PRD-CC03,,Credit,2024-04-09,2029-10-20,461972.92,105773.76,Expired
CRD0005809,5608-XXXX-XXXX-6680,CUS0004898,PRD-DC02,ACC00008830,Debit,2023-02-24,2026-06-20,0.0,0.0,Expired
CRD0005810,5730-XXXX-XXXX-3431,CUS0002800,PRD-CC03,,Credit,2024-07-15,2027-02-10,663632.17,138270.74,Active
CRD0005811,4628-XXXX-XXXX-9816,CUS0005053,PRD-DC02,ACC00005846,Debit,2025-07-21,2027-12-14,0.0,0.0,Active
CRD0005812,5902-XXXX-XXXX-5030,CUS0009982,PRD-CC03,,Credit,2022-01-11,2029-07-07,802898.32,30329.42,Active
CRD0005813,4545-XXXX-XXXX-8823,CUS0000715,PRD-DC01,ACC00000693,Debit,2024-02-14,2028-07-01,0.0,0.0,Active
CRD0005814,5519-XXXX-XXXX-9316,CUS0001186,PRD-CC03,,Credit,2025-04-18,2028-12-12,1300067.04,169370.3,Active
CRD0005815,4855-XXXX-XXXX-2903,CUS0001624,PRD-DC02,ACC00000639,Debit,2025-03-10,2026-09-05,0.0,0.0,Active
CRD0005816,5680-XXXX-XXXX-7616,CUS0000787,PRD-CC03,,Credit,2024-01-03,2029-10-14,71985.65,65350.48,Active
CRD0005817,4113-XXXX-XXXX-9038,CUS0009202,PRD-CC02,,Credit,2021-03-07,2027-08-08,129695.66,150506.09,Active
CRD0005818,5541-XXXX-XXXX-9563,CUS0004447,PRD-CC03,,Credit,2021-05-26,2026-08-08,578806.33,102026.88,Blocked
CRD0005819,5889-XXXX-XXXX-6388,CUS0004436,PRD-DC01,ACC00002212,Debit,2025-01-09,2029-04-14,0.0,0.0,Active
CRD0005820,4764-XXXX-XXXX-6108,CUS0006885,PRD-DC01,ACC00007689,Debit,2021-06-02,2029-01-01,0.0,0.0,Active
CRD0005821,4766-XXXX-XXXX-1227,CUS0000288,PRD-CC03,,Credit,2025-03-02,2027-08-03,775311.82,140808.43,Active
CRD0005822,4690-XXXX-XXXX-8534,CUS0008919,PRD-CC04,,Credit,2021-02-02,2028-09-29,633218.61,1393.37,Active
CRD0005823,4880-XXXX-XXXX-6395,CUS0003003,PRD-DC02,ACC00017706,Debit,2022-03-18,2026-12-24,0.0,0.0,Blocked
CRD0005824,4547-XXXX-XXXX-8977,CUS0003457,PRD-CC02,,Credit,2021-09-02,2026-07-31,231501.03,168275.88,Active
CRD0005825,5523-XXXX-XXXX-7512,CUS0003828,PRD-DC01,ACC00005430,Debit,2024-02-28,2028-03-25,0.0,0.0,Active
CRD0005826,4556-XXXX-XXXX-1307,CUS0005787,PRD-DC02,ACC00017959,Debit,2020-05-31,2027-07-31,0.0,0.0,Active
CRD0005827,4829-XXXX-XXXX-2378,CUS0004649,PRD-CC03,,Credit,2025-02-02,2026-06-12,134133.3,142398.8,Active
CRD0005828,4871-XXXX-XXXX-1705,CUS0009939,PRD-DC01,ACC00012958,Debit,2024-07-22,2028-12-29,0.0,0.0,Active
CRD0005829,4483-XXXX-XXXX-4334,CUS0003204,PRD-CC01,,Credit,2025-04-19,2027-01-20,543165.62,98753.69,Active
CRD0005830,5358-XXXX-XXXX-4555,CUS0004866,PRD-CC04,,Credit,2023-12-01,2029-08-16,1003403.24,161020.51,Active
CRD0005831,4346-XXXX-XXXX-9290,CUS0008176,PRD-CC02,,Credit,2026-03-27,2027-10-03,79074.93,134667.7,Active
CRD0005832,5346-XXXX-XXXX-1758,CUS0001354,PRD-CC04,,Credit,2025-09-22,2028-06-27,353040.79,119856.96,Active
CRD0005833,4443-XXXX-XXXX-8881,CUS0006803,PRD-CC01,,Credit,2021-10-23,2030-05-16,477465.84,54241.91,Active
CRD0005834,4220-XXXX-XXXX-1132,CUS0008583,PRD-CC02,,Credit,2021-03-04,2030-12-30,1147296.75,137475.3,Active
CRD0005835,5561-XXXX-XXXX-3316,CUS0002843,PRD-DC01,ACC00003407,Debit,2026-03-25,2029-05-16,0.0,0.0,Expired
CRD0005836,4317-XXXX-XXXX-1299,CUS0007236,PRD-CC04,,Credit,2024-09-10,2027-07-19,78273.31,84824.47,Expired
CRD0005837,4211-XXXX-XXXX-7509,CUS0006466,PRD-DC01,ACC00004486,Debit,2023-05-02,2028-04-29,0.0,0.0,Active
CRD0005838,5935-XXXX-XXXX-7629,CUS0006079,PRD-DC02,ACC00002256,Debit,2022-05-19,2028-01-24,0.0,0.0,Active
CRD0005839,4391-XXXX-XXXX-4601,CUS0005888,PRD-CC02,,Credit,2022-07-29,2029-06-11,241662.38,79888.04,Active
CRD0005840,5744-XXXX-XXXX-9493,CUS0006891,PRD-DC01,ACC00009842,Debit,2021-09-06,2027-02-06,0.0,0.0,Active
CRD0005841,5999-XXXX-XXXX-7760,CUS0000680,PRD-CC03,,Credit,2023-09-25,2029-07-30,1090791.67,180307.66,Active
CRD0005842,5759-XXXX-XXXX-7874,CUS0009369,PRD-DC01,,Debit,2022-05-03,2029-08-23,0.0,0.0,Active
CRD0005843,4275-XXXX-XXXX-1927,CUS0008864,PRD-DC01,ACC00004178,Debit,2020-03-11,2028-12-28,0.0,0.0,Active
CRD0005844,5132-XXXX-XXXX-2809,CUS0009932,PRD-CC02,,Credit,2023-07-09,2026-08-31,1399776.88,70002.12,Active
CRD0005845,4618-XXXX-XXXX-4473,CUS0006449,PRD-DC02,ACC00001855,Debit,2025-02-15,2028-06-23,0.0,0.0,Active
CRD0005846,4761-XXXX-XXXX-7593,CUS0009938,PRD-CC03,,Credit,2026-01-08,2030-12-06,723132.52,176500.25,Active
CRD0005847,4347-XXXX-XXXX-7819,CUS0004264,PRD-DC01,ACC00002927,Debit,2020-08-21,2029-10-13,0.0,0.0,Active
CRD0005848,4767-XXXX-XXXX-9878,CUS0005495,PRD-CC04,,Credit,2022-06-20,2029-09-02,385387.85,76542.19,Active
CRD0005849,4518-XXXX-XXXX-9011,CUS0000519,PRD-CC04,,Credit,2025-01-12,2026-11-22,1400507.56,62620.15,Active
CRD0005850,5710-XXXX-XXXX-2974,CUS0005619,PRD-CC03,,Credit,2024-07-11,2027-10-12,535057.27,118548.26,Active
CRD0005851,5369-XXXX-XXXX-1255,CUS0003198,PRD-DC01,ACC00001706,Debit,2023-11-25,2027-09-27,0.0,0.0,Active
CRD0005852,4983-XXXX-XXXX-9085,CUS0001979,PRD-DC01,ACC00002790,Debit,2020-06-03,2030-07-05,0.0,0.0,Active
CRD0005853,5673-XXXX-XXXX-3608,CUS0003752,PRD-CC02,,Credit,2023-12-24,2027-04-27,119075.58,171242.93,Active
CRD0005854,4821-XXXX-XXXX-7072,CUS0008349,PRD-CC02,,Credit,2026-02-16,2029-01-13,753009.83,84426.56,Active
CRD0005855,5334-XXXX-XXXX-9714,CUS0008071,PRD-CC01,,Credit,2026-04-03,2028-10-16,239307.03,39132.32,Active
CRD0005856,4133-XXXX-XXXX-7993,CUS0003270,PRD-CC02,,Credit,2021-05-06,2026-09-25,128467.41,130555.26,Blocked
CRD0005857,5581-XXXX-XXXX-3999,CUS0001811,PRD-DC01,ACC00017270,Debit,2021-08-15,2027-03-06,0.0,0.0,Active
CRD0005858,5119-XXXX-XXXX-5577,CUS0006753,PRD-DC02,ACC00012375,Debit,2023-05-05,2030-08-10,0.0,0.0,Active
CRD0005859,4252-XXXX-XXXX-6981,CUS0004149,PRD-CC02,,Credit,2023-12-02,2030-11-18,972514.89,15836.28,Blocked
CRD0005860,5300-XXXX-XXXX-6049,CUS0007629,PRD-CC02,,Credit,2024-02-12,2028-09-26,713381.31,122391.7,Active
CRD0005861,4945-XXXX-XXXX-1990,CUS0002267,PRD-CC04,,Credit,2024-08-12,2030-12-23,389119.05,140801.82,Active
CRD0005862,4751-XXXX-XXXX-5002,CUS0004064,PRD-CC04,,Credit,2024-05-14,2030-06-18,1256760.47,198548.28,Active
CRD0005863,4432-XXXX-XXXX-4017,CUS0004945,PRD-CC02,,Credit,2023-01-25,2026-08-31,1484730.35,112595.41,Active
CRD0005864,5262-XXXX-XXXX-4215,CUS0000889,PRD-CC02,,Credit,2024-09-06,2030-10-18,178789.55,101416.55,Blocked
CRD0005865,5874-XXXX-XXXX-7027,CUS0007646,PRD-CC02,,Credit,2022-03-30,2026-12-27,1366721.08,9390.91,Active
CRD0005866,4911-XXXX-XXXX-6977,CUS0008055,PRD-DC02,ACC00005547,Debit,2023-01-25,2028-09-08,0.0,0.0,Active
CRD0005867,5332-XXXX-XXXX-1283,CUS0004476,PRD-DC02,ACC00017082,Debit,2023-03-20,2029-02-07,0.0,0.0,Active
CRD0005868,5310-XXXX-XXXX-9352,CUS0000069,PRD-CC01,,Credit,2025-12-29,2027-03-26,165372.88,13545.42,Active
CRD0005869,4322-XXXX-XXXX-2901,CUS0001242,PRD-CC01,,Credit,2024-12-05,2027-04-08,790477.02,86561.79,Active
CRD0005870,5860-XXXX-XXXX-3777,CUS0003877,PRD-CC01,,Credit,2022-05-09,2027-03-15,31334.31,96879.6,Active
CRD0005871,4365-XXXX-XXXX-8974,CUS0007907,PRD-DC02,ACC00017576,Debit,2026-02-13,2029-05-05,0.0,0.0,Active
CRD0005872,4811-XXXX-XXXX-5567,CUS0004150,PRD-DC01,ACC00002010,Debit,2022-11-29,2027-02-22,0.0,0.0,Active
CRD0005873,4326-XXXX-XXXX-9166,CUS0009842,PRD-DC01,,Debit,2026-03-06,2026-12-12,0.0,0.0,Active
CRD0005874,4781-XXXX-XXXX-4788,CUS0003428,PRD-CC04,,Credit,2024-08-21,2029-12-29,716648.91,150070.45,Active
CRD0005875,4968-XXXX-XXXX-2846,CUS0004234,PRD-CC03,,Credit,2025-05-03,2028-11-16,1224253.61,157061.54,Active
CRD0005876,4388-XXXX-XXXX-1503,CUS0004159,PRD-CC02,,Credit,2020-05-16,2029-03-13,1421600.79,8877.71,Active
CRD0005877,4770-XXXX-XXXX-4708,CUS0009636,PRD-DC02,ACC00014522,Debit,2021-05-13,2030-06-21,0.0,0.0,Active
CRD0005878,5203-XXXX-XXXX-1895,CUS0004176,PRD-DC01,ACC00003490,Debit,2024-12-14,2026-06-08,0.0,0.0,Blocked
CRD0005879,4400-XXXX-XXXX-4927,CUS0003051,PRD-CC03,,Credit,2023-09-25,2028-08-28,864313.51,83193.38,Blocked
CRD0005880,5798-XXXX-XXXX-5716,CUS0005909,PRD-CC01,,Credit,2022-06-06,2026-08-27,682115.75,179312.87,Active
CRD0005881,5247-XXXX-XXXX-4663,CUS0006420,PRD-CC03,,Credit,2025-06-27,2027-06-23,326955.63,47002.44,Active
CRD0005882,4564-XXXX-XXXX-3231,CUS0000304,PRD-CC02,,Credit,2022-02-09,2029-12-21,140408.19,152629.6,Active
CRD0005883,5560-XXXX-XXXX-5497,CUS0000676,PRD-CC03,,Credit,2021-03-27,2026-05-20,1128173.43,67628.86,Blocked
CRD0005884,5770-XXXX-XXXX-4160,CUS0004107,PRD-CC01,,Credit,2021-04-05,2026-05-28,1094074.39,116810.36,Expired
CRD0005885,5731-XXXX-XXXX-2703,CUS0002710,PRD-DC02,ACC00015569,Debit,2020-04-16,2026-05-13,0.0,0.0,Active
CRD0005886,4160-XXXX-XXXX-1954,CUS0002429,PRD-DC02,ACC00000874,Debit,2025-07-30,2030-04-19,0.0,0.0,Active
CRD0005887,4118-XXXX-XXXX-2781,CUS0008021,PRD-CC03,,Credit,2022-02-27,2027-06-06,486609.94,76718.68,Active
CRD0005888,4583-XXXX-XXXX-6134,CUS0009650,PRD-CC02,,Credit,2025-07-12,2029-12-01,114624.7,153872.89,Active
CRD0005889,5775-XXXX-XXXX-2195,CUS0007650,PRD-CC04,,Credit,2022-01-26,2026-09-27,1173774.24,42743.33,Active
CRD0005890,4477-XXXX-XXXX-9807,CUS0007420,PRD-DC01,ACC00006998,Debit,2021-06-26,2030-09-23,0.0,0.0,Active
CRD0005891,4432-XXXX-XXXX-8528,CUS0007422,PRD-CC04,,Credit,2023-10-02,2029-02-28,48533.53,115185.67,Active
CRD0005892,5489-XXXX-XXXX-5413,CUS0004957,PRD-CC02,,Credit,2026-03-06,2027-03-23,1302586.49,147268.72,Active
CRD0005893,5161-XXXX-XXXX-1153,CUS0005831,PRD-CC02,,Credit,2024-04-02,2028-12-13,472560.02,143356.52,Active
CRD0005894,4376-XXXX-XXXX-4164,CUS0007257,PRD-DC01,ACC00016570,Debit,2023-08-03,2028-12-11,0.0,0.0,Active
CRD0005895,5911-XXXX-XXXX-4716,CUS0008218,PRD-CC01,,Credit,2024-01-23,2027-03-30,1087014.13,32893.09,Active
CRD0005896,4128-XXXX-XXXX-4500,CUS0005107,PRD-CC02,,Credit,2026-04-23,2027-09-28,50460.76,186772.62,Active
CRD0005897,4642-XXXX-XXXX-7648,CUS0005915,PRD-CC03,,Credit,2020-08-18,2028-06-26,1049830.1,130070.13,Active
CRD0005898,5696-XXXX-XXXX-9268,CUS0009261,PRD-DC01,ACC00014650,Debit,2022-10-21,2026-08-23,0.0,0.0,Active
CRD0005899,4478-XXXX-XXXX-2610,CUS0001901,PRD-CC03,,Credit,2021-11-16,2030-01-20,214070.23,159580.68,Blocked
CRD0005900,4959-XXXX-XXXX-9087,CUS0002181,PRD-DC01,ACC00004356,Debit,2026-02-12,2028-09-07,0.0,0.0,Active
CRD0005901,5886-XXXX-XXXX-5567,CUS0008677,PRD-DC02,ACC00003329,Debit,2021-03-30,2029-12-06,0.0,0.0,Active
CRD0005902,5795-XXXX-XXXX-3447,CUS0008040,PRD-CC03,,Credit,2022-02-14,2030-12-07,806024.88,17257.64,Active
CRD0005903,5541-XXXX-XXXX-3606,CUS0007018,PRD-DC02,ACC00017613,Debit,2021-05-09,2027-03-24,0.0,0.0,Active
CRD0005904,4271-XXXX-XXXX-7055,CUS0003572,PRD-CC02,,Credit,2021-12-21,2030-02-25,1372215.61,68228.0,Active
CRD0005905,4184-XXXX-XXXX-6202,CUS0007534,PRD-DC02,ACC00016453,Debit,2023-10-13,2026-05-19,0.0,0.0,Active
CRD0005906,4568-XXXX-XXXX-5134,CUS0007707,PRD-CC03,,Credit,2023-10-02,2030-10-15,811100.76,176751.57,Active
CRD0005907,4524-XXXX-XXXX-1025,CUS0009755,PRD-DC02,ACC00005355,Debit,2020-02-21,2030-12-13,0.0,0.0,Active
CRD0005908,4976-XXXX-XXXX-4414,CUS0009313,PRD-CC03,,Credit,2024-10-07,2029-10-18,98850.24,134974.5,Active
CRD0005909,4981-XXXX-XXXX-6469,CUS0008757,PRD-DC01,,Debit,2025-08-01,2026-08-28,0.0,0.0,Active
CRD0005910,4325-XXXX-XXXX-7904,CUS0009651,PRD-DC02,ACC00000237,Debit,2025-05-07,2028-01-27,0.0,0.0,Active
CRD0005911,4928-XXXX-XXXX-5765,CUS0001903,PRD-CC02,,Credit,2022-10-10,2030-06-30,838331.8,176598.42,Active
CRD0005912,4780-XXXX-XXXX-6402,CUS0007178,PRD-CC04,,Credit,2026-01-04,2028-01-08,1313079.55,43586.66,Blocked
CRD0005913,4795-XXXX-XXXX-8467,CUS0005978,PRD-CC04,,Credit,2024-03-07,2028-05-11,982897.66,28442.92,Active
CRD0005914,4317-XXXX-XXXX-4059,CUS0000107,PRD-CC02,,Credit,2022-05-24,2028-07-12,363438.01,11250.6,Active
CRD0005915,5981-XXXX-XXXX-4419,CUS0001132,PRD-DC02,ACC00008266,Debit,2021-06-11,2027-06-25,0.0,0.0,Active
CRD0005916,5332-XXXX-XXXX-5752,CUS0004821,PRD-CC04,,Credit,2021-08-17,2026-11-04,949975.96,20051.86,Active
CRD0005917,4968-XXXX-XXXX-8618,CUS0006056,PRD-CC03,,Credit,2025-01-05,2026-05-08,1285043.18,28424.82,Active
CRD0005918,4430-XXXX-XXXX-4274,CUS0006511,PRD-DC01,ACC00007390,Debit,2023-11-15,2029-03-24,0.0,0.0,Active
CRD0005919,4697-XXXX-XXXX-5629,CUS0009840,PRD-CC04,,Credit,2021-09-30,2027-12-24,1443157.32,66147.81,Active
CRD0005920,4323-XXXX-XXXX-3665,CUS0009437,PRD-CC04,,Credit,2023-08-25,2026-09-13,1290532.3,108144.61,Active
CRD0005921,5200-XXXX-XXXX-6902,CUS0007677,PRD-CC04,,Credit,2022-09-23,2029-02-11,244952.75,61287.24,Active
CRD0005922,5316-XXXX-XXXX-3258,CUS0000549,PRD-CC04,,Credit,2023-06-27,2026-09-23,390192.2,33529.96,Active
CRD0005923,5631-XXXX-XXXX-4790,CUS0003629,PRD-CC04,,Credit,2021-02-23,2026-09-07,1231820.63,107362.87,Active
CRD0005924,5565-XXXX-XXXX-7082,CUS0005592,PRD-CC01,,Credit,2026-03-26,2026-12-21,693954.15,52686.71,Active
CRD0005925,4880-XXXX-XXXX-9420,CUS0002900,PRD-CC01,,Credit,2022-08-26,2030-01-15,223705.59,1865.25,Active
CRD0005926,4102-XXXX-XXXX-5471,CUS0000551,PRD-CC03,,Credit,2025-08-01,2027-09-02,735955.3,27213.62,Active
CRD0005927,5174-XXXX-XXXX-5882,CUS0009676,PRD-DC02,ACC00011654,Debit,2024-07-07,2029-09-24,0.0,0.0,Active
CRD0005928,4485-XXXX-XXXX-8490,CUS0002196,PRD-DC02,ACC00007250,Debit,2023-08-30,2028-12-17,0.0,0.0,Expired
CRD0005929,5732-XXXX-XXXX-9422,CUS0002136,PRD-DC01,ACC00007544,Debit,2022-05-12,2029-01-27,0.0,0.0,Active
CRD0005930,4985-XXXX-XXXX-8621,CUS0006375,PRD-CC04,,Credit,2024-08-30,2029-09-10,648624.75,75310.52,Active
CRD0005931,5964-XXXX-XXXX-4810,CUS0002433,PRD-CC04,,Credit,2025-01-18,2029-04-27,982519.35,96999.99,Expired
CRD0005932,4605-XXXX-XXXX-8772,CUS0007992,PRD-DC01,ACC00015681,Debit,2024-06-21,2030-04-17,0.0,0.0,Active
CRD0005933,4857-XXXX-XXXX-1566,CUS0001546,PRD-DC02,ACC00011125,Debit,2021-07-24,2029-08-26,0.0,0.0,Active
CRD0005934,4698-XXXX-XXXX-6272,CUS0007824,PRD-CC02,,Credit,2024-08-11,2030-08-11,552174.71,73043.82,Active
CRD0005935,4258-XXXX-XXXX-6074,CUS0000843,PRD-CC02,,Credit,2024-06-26,2030-07-16,1258521.52,86088.59,Active
CRD0005936,5692-XXXX-XXXX-8705,CUS0005878,PRD-CC04,,Credit,2020-04-22,2027-08-21,1297245.72,112466.34,Active
CRD0005937,5163-XXXX-XXXX-2602,CUS0007386,PRD-DC01,ACC00008679,Debit,2025-01-02,2028-03-17,0.0,0.0,Active
CRD0005938,5296-XXXX-XXXX-4836,CUS0005344,PRD-CC04,,Credit,2022-06-28,2027-09-19,1270486.86,26851.83,Active
CRD0005939,5437-XXXX-XXXX-8133,CUS0003071,PRD-CC02,,Credit,2023-04-20,2027-02-27,561388.99,110800.95,Blocked
CRD0005940,4471-XXXX-XXXX-5827,CUS0005368,PRD-CC03,,Credit,2021-06-20,2027-03-03,891796.98,169428.38,Active
CRD0005941,5645-XXXX-XXXX-3487,CUS0007969,PRD-CC04,,Credit,2022-02-18,2029-05-26,1282038.38,88751.61,Active
CRD0005942,5210-XXXX-XXXX-3693,CUS0009720,PRD-DC02,ACC00015102,Debit,2024-10-15,2030-04-17,0.0,0.0,Active
CRD0005943,4573-XXXX-XXXX-3363,CUS0002566,PRD-CC03,,Credit,2021-10-27,2026-05-19,472222.09,184637.06,Active
CRD0005944,4847-XXXX-XXXX-1417,CUS0000454,PRD-CC01,,Credit,2021-03-18,2028-09-09,764274.33,86937.65,Active
CRD0005945,5705-XXXX-XXXX-2768,CUS0002813,PRD-CC02,,Credit,2024-05-12,2029-09-26,63555.18,110859.87,Active
CRD0005946,5378-XXXX-XXXX-1885,CUS0007871,PRD-DC02,,Debit,2021-01-24,2026-09-18,0.0,0.0,Active
CRD0005947,5789-XXXX-XXXX-8956,CUS0003800,PRD-CC02,,Credit,2021-07-27,2026-08-21,414725.83,164930.7,Active
CRD0005948,5853-XXXX-XXXX-2554,CUS0003184,PRD-CC04,,Credit,2023-06-09,2030-05-14,1227199.75,23721.07,Active
CRD0005949,5781-XXXX-XXXX-9266,CUS0001439,PRD-CC02,,Credit,2022-12-21,2026-08-04,119558.55,107744.93,Active
CRD0005950,4457-XXXX-XXXX-3931,CUS0009084,PRD-CC02,,Credit,2022-08-07,2027-04-29,236557.23,140685.76,Active
CRD0005951,5962-XXXX-XXXX-2196,CUS0009936,PRD-DC01,ACC00009325,Debit,2025-07-25,2027-08-21,0.0,0.0,Active
CRD0005952,4301-XXXX-XXXX-5679,CUS0005468,PRD-DC01,,Debit,2023-05-19,2029-12-02,0.0,0.0,Active
CRD0005953,4575-XXXX-XXXX-8334,CUS0006494,PRD-DC02,ACC00005514,Debit,2021-03-10,2026-10-10,0.0,0.0,Active
CRD0005954,5575-XXXX-XXXX-6730,CUS0009508,PRD-CC03,,Credit,2025-01-22,2028-09-28,681766.25,83357.21,Active
CRD0005955,4764-XXXX-XXXX-5806,CUS0005253,PRD-DC01,,Debit,2026-04-02,2029-05-02,0.0,0.0,Active
CRD0005956,5369-XXXX-XXXX-4279,CUS0004207,PRD-CC01,,Credit,2020-05-01,2026-10-27,1160850.14,3269.06,Active
CRD0005957,5237-XXXX-XXXX-3208,CUS0008934,PRD-DC02,ACC00016819,Debit,2026-01-04,2028-04-04,0.0,0.0,Active
CRD0005958,5666-XXXX-XXXX-8429,CUS0000913,PRD-CC04,,Credit,2020-01-14,2028-11-25,1130355.04,9913.27,Active
CRD0005959,5391-XXXX-XXXX-7773,CUS0006990,PRD-CC02,,Credit,2026-03-30,2030-02-18,1454593.49,20440.28,Active
CRD0005960,5231-XXXX-XXXX-9625,CUS0001134,PRD-DC02,,Debit,2023-07-15,2028-05-30,0.0,0.0,Active
CRD0005961,4478-XXXX-XXXX-6051,CUS0003181,PRD-DC02,ACC00016394,Debit,2026-03-11,2030-07-19,0.0,0.0,Active
CRD0005962,4710-XXXX-XXXX-9916,CUS0001476,PRD-DC02,ACC00017948,Debit,2024-03-30,2029-02-21,0.0,0.0,Active
CRD0005963,5350-XXXX-XXXX-1976,CUS0000368,PRD-CC01,,Credit,2020-02-19,2029-09-24,647733.81,66527.96,Active
CRD0005964,4863-XXXX-XXXX-5222,CUS0005259,PRD-DC01,,Debit,2023-07-03,2028-06-29,0.0,0.0,Active
CRD0005965,5552-XXXX-XXXX-5805,CUS0009942,PRD-CC03,,Credit,2020-07-31,2028-05-22,873386.99,78370.75,Active
CRD0005966,4276-XXXX-XXXX-1929,CUS0002715,PRD-CC02,,Credit,2020-10-18,2026-11-26,174365.86,67791.87,Active
CRD0005967,4492-XXXX-XXXX-1619,CUS0001649,PRD-DC01,ACC00002541,Debit,2020-10-29,2028-08-12,0.0,0.0,Active
CRD0005968,4543-XXXX-XXXX-6295,CUS0006371,PRD-CC02,,Credit,2025-11-08,2030-09-24,740067.24,33268.22,Active
CRD0005969,4221-XXXX-XXXX-4062,CUS0009504,PRD-CC01,,Credit,2021-02-17,2027-11-18,1046416.01,76417.51,Active
CRD0005970,4833-XXXX-XXXX-1684,CUS0008771,PRD-DC01,,Debit,2022-06-04,2028-03-30,0.0,0.0,Active
CRD0005971,4214-XXXX-XXXX-4045,CUS0008901,PRD-CC03,,Credit,2023-06-14,2028-12-27,1473829.78,100212.43,Active
CRD0005972,5909-XXXX-XXXX-8012,CUS0009363,PRD-DC02,,Debit,2022-09-18,2028-12-23,0.0,0.0,Active
CRD0005973,5715-XXXX-XXXX-2714,CUS0002487,PRD-CC02,,Credit,2022-08-03,2030-06-15,1033256.18,195700.85,Active
CRD0005974,4714-XXXX-XXXX-8829,CUS0000201,PRD-DC01,ACC00008263,Debit,2020-04-21,2030-04-30,0.0,0.0,Active
CRD0005975,4428-XXXX-XXXX-3091,CUS0009893,PRD-DC01,ACC00011562,Debit,2020-11-13,2030-02-18,0.0,0.0,Active
CRD0005976,4829-XXXX-XXXX-6094,CUS0005474,PRD-CC01,,Credit,2020-04-12,2028-07-07,443576.69,146710.47,Active
CRD0005977,4249-XXXX-XXXX-3302,CUS0003378,PRD-DC02,ACC00016618,Debit,2021-12-14,2028-05-11,0.0,0.0,Active
CRD0005978,5975-XXXX-XXXX-2386,CUS0006674,PRD-DC01,ACC00005341,Debit,2024-02-11,2030-06-15,0.0,0.0,Active
CRD0005979,4555-XXXX-XXXX-6703,CUS0003297,PRD-DC01,ACC00006665,Debit,2025-09-08,2030-05-12,0.0,0.0,Active
CRD0005980,4906-XXXX-XXXX-6665,CUS0003704,PRD-CC02,,Credit,2023-11-06,2028-06-17,1193834.01,11237.05,Active
CRD0005981,4898-XXXX-XXXX-8727,CUS0009231,PRD-CC03,,Credit,2022-05-06,2030-09-16,1415236.99,92713.22,Active
CRD0005982,5120-XXXX-XXXX-7797,CUS0001434,PRD-CC03,,Credit,2024-04-18,2029-11-20,551119.72,52855.1,Active
CRD0005983,4439-XXXX-XXXX-4498,CUS0005772,PRD-DC01,ACC00016998,Debit,2021-09-14,2027-03-07,0.0,0.0,Expired
CRD0005984,4331-XXXX-XXXX-8476,CUS0009830,PRD-DC02,ACC00005714,Debit,2021-03-19,2027-09-30,0.0,0.0,Active
CRD0005985,4848-XXXX-XXXX-6716,CUS0002868,PRD-CC03,,Credit,2024-10-15,2027-05-11,1158390.55,181760.22,Active
CRD0005986,5792-XXXX-XXXX-5852,CUS0006991,PRD-CC04,,Credit,2025-10-23,2026-08-29,709852.69,16784.46,Active
CRD0005987,5947-XXXX-XXXX-3808,CUS0002410,PRD-DC02,ACC00012620,Debit,2025-04-23,2030-04-30,0.0,0.0,Expired
CRD0005988,5823-XXXX-XXXX-5819,CUS0002521,PRD-CC01,,Credit,2023-05-03,2030-02-11,913471.31,142218.65,Active
CRD0005989,4458-XXXX-XXXX-6983,CUS0008867,PRD-DC02,ACC00004109,Debit,2021-07-03,2029-12-10,0.0,0.0,Active
CRD0005990,5818-XXXX-XXXX-2981,CUS0007420,PRD-DC01,ACC00006998,Debit,2023-04-15,2030-08-25,0.0,0.0,Active
CRD0005991,5102-XXXX-XXXX-8936,CUS0005943,PRD-DC02,ACC00014435,Debit,2026-01-14,2028-08-29,0.0,0.0,Active
CRD0005992,4382-XXXX-XXXX-6703,CUS0007722,PRD-DC01,ACC00005482,Debit,2020-02-15,2029-06-30,0.0,0.0,Active
CRD0005993,5399-XXXX-XXXX-5716,CUS0004962,PRD-DC02,ACC00015665,Debit,2020-08-26,2026-10-17,0.0,0.0,Active
CRD0005994,4201-XXXX-XXXX-5893,CUS0001151,PRD-DC02,ACC00007340,Debit,2025-01-27,2029-01-17,0.0,0.0,Active
CRD0005995,5293-XXXX-XXXX-8260,CUS0001055,PRD-DC02,ACC00010388,Debit,2022-12-03,2027-03-23,0.0,0.0,Active
CRD0005996,4864-XXXX-XXXX-9773,CUS0007495,PRD-DC01,ACC00003305,Debit,2021-10-03,2029-06-09,0.0,0.0,Active
CRD0005997,4188-XXXX-XXXX-4204,CUS0007525,PRD-CC03,,Credit,2024-05-23,2029-12-24,502580.88,167638.42,Active
CRD0005998,5839-XXXX-XXXX-7219,CUS0000221,PRD-CC01,,Credit,2023-01-24,2028-03-27,926534.91,2692.85,Blocked
CRD0005999,4923-XXXX-XXXX-1642,CUS0008143,PRD-DC02,ACC00008196,Debit,2021-01-03,2029-10-23,0.0,0.0,Active
CRD0006000,5733-XXXX-XXXX-1793,CUS0008905,PRD-DC01,ACC00014288,Debit,2024-12-07,2026-11-29,0.0,0.0,Active
CRD0006001,4604-XXXX-XXXX-7085,CUS0009267,PRD-DC02,ACC00009070,Debit,2025-05-28,2030-06-29,0.0,0.0,Active
CRD0006002,4603-XXXX-XXXX-4026,CUS0002475,PRD-DC02,ACC00008890,Debit,2024-06-29,2030-03-13,0.0,0.0,Active
CRD0006003,5140-XXXX-XXXX-6498,CUS0007706,PRD-DC02,ACC00003927,Debit,2022-01-25,2029-07-17,0.0,0.0,Blocked
CRD0006004,5397-XXXX-XXXX-8049,CUS0007816,PRD-CC04,,Credit,2024-11-23,2027-08-18,1115646.78,63169.72,Active
CRD0006005,4240-XXXX-XXXX-8781,CUS0008111,PRD-DC01,,Debit,2024-01-19,2029-11-14,0.0,0.0,Active
CRD0006006,4209-XXXX-XXXX-2385,CUS0001520,PRD-CC03,,Credit,2020-12-13,2029-11-05,373753.34,129947.27,Active
CRD0006007,4650-XXXX-XXXX-5252,CUS0004821,PRD-CC03,,Credit,2023-06-22,2030-06-07,1292209.79,19450.95,Active
CRD0006008,4176-XXXX-XXXX-4701,CUS0000256,PRD-CC04,,Credit,2020-12-17,2030-05-07,372946.63,25198.77,Active
CRD0006009,5715-XXXX-XXXX-3736,CUS0003221,PRD-CC02,,Credit,2022-03-02,2027-12-09,24567.49,184039.17,Active
CRD0006010,4881-XXXX-XXXX-2109,CUS0006531,PRD-CC01,,Credit,2022-05-29,2030-04-22,164217.55,130135.84,Active
CRD0006011,5683-XXXX-XXXX-8610,CUS0008099,PRD-CC02,,Credit,2023-04-02,2028-09-24,93998.18,82128.39,Active
CRD0006012,4278-XXXX-XXXX-2724,CUS0001623,PRD-CC04,,Credit,2023-03-08,2029-01-31,557034.8,125222.43,Active
CRD0006013,5527-XXXX-XXXX-7755,CUS0001387,PRD-DC02,,Debit,2020-12-01,2030-05-26,0.0,0.0,Active
CRD0006014,4994-XXXX-XXXX-2941,CUS0003767,PRD-CC02,,Credit,2024-12-10,2028-12-26,149553.39,191675.11,Active
CRD0006015,5823-XXXX-XXXX-4536,CUS0003963,PRD-CC03,,Credit,2025-02-09,2030-03-05,704916.5,64221.73,Active
CRD0006016,4661-XXXX-XXXX-2935,CUS0003921,PRD-DC02,ACC00003761,Debit,2021-09-16,2029-08-13,0.0,0.0,Blocked
CRD0006017,5807-XXXX-XXXX-5573,CUS0003975,PRD-CC01,,Credit,2023-07-19,2027-03-08,213165.41,194487.28,Active
CRD0006018,4396-XXXX-XXXX-8592,CUS0009555,PRD-CC02,,Credit,2023-12-29,2029-06-28,627407.87,44860.88,Active
CRD0006019,5771-XXXX-XXXX-3939,CUS0003674,PRD-CC03,,Credit,2021-08-04,2027-05-20,1374563.02,29870.97,Active
CRD0006020,4371-XXXX-XXXX-5600,CUS0006394,PRD-DC01,ACC00011796,Debit,2024-12-01,2028-12-28,0.0,0.0,Active
CRD0006021,5904-XXXX-XXXX-9226,CUS0007582,PRD-CC04,,Credit,2020-12-11,2029-07-10,133427.53,96762.77,Active
CRD0006022,4806-XXXX-XXXX-7581,CUS0009269,PRD-DC01,ACC00007977,Debit,2024-11-06,2027-11-09,0.0,0.0,Active
CRD0006023,4729-XXXX-XXXX-8992,CUS0008281,PRD-DC01,ACC00001564,Debit,2021-08-03,2027-09-20,0.0,0.0,Active
CRD0006024,4317-XXXX-XXXX-7216,CUS0009155,PRD-DC02,ACC00016986,Debit,2023-10-16,2030-10-04,0.0,0.0,Active
CRD0006025,4324-XXXX-XXXX-1932,CUS0007872,PRD-DC01,ACC00003747,Debit,2024-01-20,2027-05-10,0.0,0.0,Active
CRD0006026,5884-XXXX-XXXX-1380,CUS0004653,PRD-DC01,ACC00001408,Debit,2021-08-27,2028-12-16,0.0,0.0,Active
CRD0006027,4230-XXXX-XXXX-1090,CUS0002262,PRD-CC02,,Credit,2020-04-19,2030-01-30,647371.2,27661.62,Active
CRD0006028,5733-XXXX-XXXX-7348,CUS0006020,PRD-DC02,ACC00009866,Debit,2025-10-31,2027-02-11,0.0,0.0,Active
CRD0006029,4202-XXXX-XXXX-3146,CUS0006706,PRD-DC02,ACC00015423,Debit,2024-03-27,2030-12-20,0.0,0.0,Active
CRD0006030,4636-XXXX-XXXX-1083,CUS0005161,PRD-CC02,,Credit,2025-01-12,2027-11-21,1447939.99,156993.5,Active
CRD0006031,5472-XXXX-XXXX-4695,CUS0003445,PRD-CC01,,Credit,2023-05-24,2028-02-17,429015.76,160606.94,Active
CRD0006032,5584-XXXX-XXXX-2167,CUS0002104,PRD-DC02,ACC00000491,Debit,2020-06-29,2029-10-24,0.0,0.0,Active
CRD0006033,4224-XXXX-XXXX-7263,CUS0005399,PRD-DC02,ACC00008287,Debit,2025-07-02,2030-12-23,0.0,0.0,Active
CRD0006034,5435-XXXX-XXXX-2827,CUS0009826,PRD-CC04,,Credit,2022-08-10,2026-06-03,1270695.2,4410.33,Active
CRD0006035,5110-XXXX-XXXX-5369,CUS0006838,PRD-CC02,,Credit,2022-03-01,2030-01-06,1262831.85,84747.18,Active
CRD0006036,4169-XXXX-XXXX-8703,CUS0003788,PRD-CC02,,Credit,2020-12-30,2028-11-24,840571.23,25073.45,Active
CRD0006037,4604-XXXX-XXXX-5119,CUS0000887,PRD-CC01,,Credit,2025-10-09,2026-08-31,27692.7,20946.37,Active
CRD0006038,4275-XXXX-XXXX-7710,CUS0001169,PRD-DC01,ACC00012939,Debit,2021-01-04,2027-09-06,0.0,0.0,Active
CRD0006039,5568-XXXX-XXXX-8378,CUS0007330,PRD-DC02,ACC00004541,Debit,2020-06-28,2028-03-17,0.0,0.0,Active
CRD0006040,5861-XXXX-XXXX-6300,CUS0002984,PRD-DC01,,Debit,2024-12-13,2027-02-14,0.0,0.0,Active
CRD0006041,5457-XXXX-XXXX-9640,CUS0009096,PRD-CC01,,Credit,2022-08-27,2029-10-05,1209423.82,187826.87,Active
CRD0006042,5238-XXXX-XXXX-4360,CUS0002657,PRD-CC04,,Credit,2020-03-02,2030-10-08,686502.97,112871.67,Active
CRD0006043,4634-XXXX-XXXX-8589,CUS0007306,PRD-DC02,ACC00002051,Debit,2021-12-03,2029-01-30,0.0,0.0,Active
CRD0006044,5715-XXXX-XXXX-5553,CUS0009280,PRD-DC01,ACC00001535,Debit,2020-04-15,2029-11-27,0.0,0.0,Active
CRD0006045,5407-XXXX-XXXX-8115,CUS0009519,PRD-DC01,ACC00016826,Debit,2022-11-09,2030-05-20,0.0,0.0,Active
CRD0006046,5216-XXXX-XXXX-9695,CUS0005345,PRD-DC02,ACC00009858,Debit,2020-05-04,2030-08-01,0.0,0.0,Active
CRD0006047,5828-XXXX-XXXX-4150,CUS0003798,PRD-DC01,ACC00006225,Debit,2025-11-03,2029-02-01,0.0,0.0,Active
CRD0006048,5831-XXXX-XXXX-9491,CUS0003176,PRD-CC02,,Credit,2026-03-22,2030-06-29,89130.4,186473.14,Active
CRD0006049,4705-XXXX-XXXX-1707,CUS0007692,PRD-CC01,,Credit,2025-09-16,2026-06-07,783973.97,137445.67,Active
CRD0006050,4951-XXXX-XXXX-7462,CUS0003759,PRD-CC03,,Credit,2020-04-14,2028-08-29,884287.36,91919.57,Active
CRD0006051,5637-XXXX-XXXX-6617,CUS0002409,PRD-CC01,,Credit,2020-08-14,2026-05-27,1347368.37,6709.59,Blocked
CRD0006052,5226-XXXX-XXXX-9102,CUS0008556,PRD-DC01,ACC00016908,Debit,2020-07-05,2029-07-05,0.0,0.0,Blocked
CRD0006053,4116-XXXX-XXXX-9897,CUS0004949,PRD-CC02,,Credit,2026-01-29,2026-11-11,285076.61,160321.07,Active
CRD0006054,5426-XXXX-XXXX-1373,CUS0007306,PRD-CC01,,Credit,2020-11-29,2028-10-09,1210466.23,19096.21,Active
CRD0006055,5841-XXXX-XXXX-1575,CUS0007054,PRD-DC01,ACC00016345,Debit,2025-01-04,2026-11-08,0.0,0.0,Active
CRD0006056,4399-XXXX-XXXX-9515,CUS0003115,PRD-CC02,,Credit,2021-07-17,2030-11-12,1179474.67,161211.17,Active
CRD0006057,4365-XXXX-XXXX-7023,CUS0001907,PRD-DC02,ACC00008793,Debit,2021-01-17,2027-08-24,0.0,0.0,Active
CRD0006058,5386-XXXX-XXXX-1354,CUS0003681,PRD-CC01,,Credit,2024-09-04,2030-04-06,580042.63,51965.9,Active
CRD0006059,4288-XXXX-XXXX-4604,CUS0005856,PRD-CC03,,Credit,2023-05-01,2026-06-27,74795.13,102465.01,Active
CRD0006060,4934-XXXX-XXXX-3067,CUS0006112,PRD-CC04,,Credit,2021-01-25,2029-04-10,582250.18,71228.28,Active
CRD0006061,5893-XXXX-XXXX-5115,CUS0000316,PRD-CC01,,Credit,2025-11-17,2029-09-09,1255461.84,23006.15,Active
CRD0006062,5807-XXXX-XXXX-6009,CUS0007570,PRD-CC01,,Credit,2021-07-21,2028-08-22,930690.7,60635.59,Active
CRD0006063,5600-XXXX-XXXX-8553,CUS0001702,PRD-CC04,,Credit,2025-09-15,2029-07-31,376427.16,80523.33,Active
CRD0006064,5209-XXXX-XXXX-1412,CUS0006553,PRD-DC02,ACC00008269,Debit,2022-05-07,2027-03-04,0.0,0.0,Active
CRD0006065,5531-XXXX-XXXX-8245,CUS0005135,PRD-CC02,,Credit,2023-04-16,2028-03-15,638704.6,47294.65,Active
CRD0006066,4300-XXXX-XXXX-5791,CUS0008318,PRD-CC03,,Credit,2021-05-28,2028-01-04,68807.74,105430.84,Active
CRD0006067,5909-XXXX-XXXX-3567,CUS0000793,PRD-DC02,ACC00006848,Debit,2025-12-06,2029-09-15,0.0,0.0,Active
CRD0006068,4704-XXXX-XXXX-8951,CUS0009832,PRD-CC04,,Credit,2024-01-23,2027-04-05,1359754.37,57134.04,Active
CRD0006069,5385-XXXX-XXXX-8843,CUS0007352,PRD-CC02,,Credit,2022-07-20,2028-02-01,568340.33,45492.9,Active
CRD0006070,5226-XXXX-XXXX-8101,CUS0000694,PRD-DC01,ACC00009436,Debit,2020-11-26,2030-02-23,0.0,0.0,Active
CRD0006071,5348-XXXX-XXXX-2957,CUS0000049,PRD-CC02,,Credit,2022-05-04,2026-05-11,162534.72,55546.71,Active
CRD0006072,5773-XXXX-XXXX-8858,CUS0004104,PRD-CC04,,Credit,2024-06-22,2029-07-25,257393.78,72574.29,Active
CRD0006073,4395-XXXX-XXXX-1041,CUS0009912,PRD-DC01,ACC00011907,Debit,2024-07-07,2028-02-26,0.0,0.0,Active
CRD0006074,4622-XXXX-XXXX-8815,CUS0003968,PRD-CC01,,Credit,2025-06-03,2026-09-30,118338.63,75523.76,Active
CRD0006075,5761-XXXX-XXXX-8190,CUS0009503,PRD-CC02,,Credit,2022-04-21,2028-12-01,364161.7,36981.77,Active
CRD0006076,4664-XXXX-XXXX-1107,CUS0000319,PRD-DC01,ACC00005926,Debit,2025-11-03,2029-01-01,0.0,0.0,Active
CRD0006077,5396-XXXX-XXXX-1393,CUS0009627,PRD-DC02,ACC00007630,Debit,2022-12-18,2029-05-31,0.0,0.0,Expired
CRD0006078,5183-XXXX-XXXX-2140,CUS0001990,PRD-DC02,ACC00004202,Debit,2020-12-03,2029-02-03,0.0,0.0,Active
CRD0006079,5606-XXXX-XXXX-2046,CUS0008467,PRD-CC02,,Credit,2023-10-22,2026-12-15,910159.13,140511.44,Active
CRD0006080,4968-XXXX-XXXX-8800,CUS0009026,PRD-CC01,,Credit,2023-04-03,2030-11-18,1128589.95,71046.83,Active
CRD0006081,5981-XXXX-XXXX-9865,CUS0004780,PRD-CC03,,Credit,2023-04-05,2030-10-25,812465.26,71062.43,Active
CRD0006082,5580-XXXX-XXXX-1507,CUS0003920,PRD-CC03,,Credit,2024-04-30,2028-07-30,1173534.72,18166.21,Active
CRD0006083,4448-XXXX-XXXX-6161,CUS0001984,PRD-CC04,,Credit,2022-11-15,2026-07-22,1352509.59,169602.39,Active
CRD0006084,4687-XXXX-XXXX-3484,CUS0002890,PRD-CC02,,Credit,2023-12-05,2027-03-24,208808.45,157282.31,Active
CRD0006085,4597-XXXX-XXXX-8235,CUS0001404,PRD-DC02,ACC00017823,Debit,2023-04-03,2027-01-24,0.0,0.0,Active
CRD0006086,5727-XXXX-XXXX-4545,CUS0009423,PRD-CC03,,Credit,2020-09-26,2026-08-11,48062.71,198374.32,Active
CRD0006087,4811-XXXX-XXXX-1211,CUS0004702,PRD-CC03,,Credit,2024-01-16,2027-04-03,565533.09,172862.26,Active
CRD0006088,5699-XXXX-XXXX-7260,CUS0005222,PRD-CC03,,Credit,2020-05-01,2030-01-24,900992.76,76051.54,Active
CRD0006089,5481-XXXX-XXXX-9488,CUS0000750,PRD-DC02,ACC00014111,Debit,2025-07-05,2029-05-04,0.0,0.0,Blocked
CRD0006090,4985-XXXX-XXXX-5040,CUS0002523,PRD-DC01,ACC00015580,Debit,2022-09-02,2030-02-15,0.0,0.0,Blocked
CRD0006091,4539-XXXX-XXXX-6600,CUS0006184,PRD-DC01,ACC00008270,Debit,2020-02-26,2028-05-01,0.0,0.0,Active
CRD0006092,5280-XXXX-XXXX-7608,CUS0005362,PRD-CC02,,Credit,2021-07-09,2028-01-28,806063.07,86036.18,Expired
CRD0006093,5998-XXXX-XXXX-9033,CUS0002972,PRD-CC04,,Credit,2025-05-13,2028-02-25,1020205.45,197658.92,Blocked
CRD0006094,5537-XXXX-XXXX-8539,CUS0001350,PRD-CC04,,Credit,2022-06-04,2030-03-22,1269349.31,13823.55,Active
CRD0006095,4845-XXXX-XXXX-3296,CUS0006649,PRD-DC01,ACC00006985,Debit,2025-08-19,2027-08-19,0.0,0.0,Blocked
CRD0006096,5456-XXXX-XXXX-5943,CUS0009505,PRD-DC01,ACC00002638,Debit,2025-11-27,2029-10-10,0.0,0.0,Active
CRD0006097,5389-XXXX-XXXX-9994,CUS0004372,PRD-CC04,,Credit,2024-01-10,2026-11-16,323493.22,191917.59,Active
CRD0006098,5327-XXXX-XXXX-4708,CUS0009935,PRD-CC03,,Credit,2020-10-03,2030-01-17,1376549.12,127881.76,Active
CRD0006099,5730-XXXX-XXXX-8687,CUS0007985,PRD-CC04,,Credit,2023-01-24,2028-08-30,1493489.78,85686.88,Active
CRD0006100,5141-XXXX-XXXX-5787,CUS0007582,PRD-CC03,,Credit,2026-01-10,2028-03-23,444900.63,97933.42,Active
CRD0006101,4559-XXXX-XXXX-3122,CUS0009539,PRD-DC02,ACC00004478,Debit,2023-01-19,2027-09-20,0.0,0.0,Active
CRD0006102,4817-XXXX-XXXX-3489,CUS0006406,PRD-CC03,,Credit,2024-02-01,2029-08-08,102913.85,97978.19,Active
CRD0006103,4312-XXXX-XXXX-4456,CUS0005168,PRD-DC02,ACC00011672,Debit,2024-07-11,2028-07-23,0.0,0.0,Active
CRD0006104,4495-XXXX-XXXX-9699,CUS0005879,PRD-CC03,,Credit,2023-08-06,2027-11-04,181058.3,131085.91,Active
CRD0006105,4569-XXXX-XXXX-5684,CUS0003248,PRD-DC02,ACC00005965,Debit,2025-11-03,2026-09-04,0.0,0.0,Active
CRD0006106,5884-XXXX-XXXX-6409,CUS0000302,PRD-CC03,,Credit,2020-03-25,2029-07-19,1466804.12,139288.65,Active
CRD0006107,4505-XXXX-XXXX-2731,CUS0002781,PRD-DC01,ACC00000846,Debit,2025-08-02,2030-03-12,0.0,0.0,Active
CRD0006108,4887-XXXX-XXXX-2309,CUS0002494,PRD-DC02,ACC00017023,Debit,2021-01-25,2029-02-23,0.0,0.0,Active
CRD0006109,5591-XXXX-XXXX-9778,CUS0008016,PRD-DC02,ACC00012435,Debit,2020-01-20,2029-10-10,0.0,0.0,Blocked
CRD0006110,4305-XXXX-XXXX-4937,CUS0008008,PRD-CC01,,Credit,2020-02-14,2030-10-14,49142.27,196299.01,Active
CRD0006111,4458-XXXX-XXXX-3477,CUS0003962,PRD-CC02,,Credit,2021-09-04,2027-08-27,1153376.72,162302.34,Active
CRD0006112,5586-XXXX-XXXX-5725,CUS0009394,PRD-DC02,,Debit,2024-02-08,2028-06-11,0.0,0.0,Active
CRD0006113,4320-XXXX-XXXX-1553,CUS0007450,PRD-CC02,,Credit,2026-04-21,2027-08-19,1396724.5,59861.17,Active
CRD0006114,5418-XXXX-XXXX-3182,CUS0000756,PRD-CC01,,Credit,2023-09-22,2028-12-04,497657.37,9443.82,Active
CRD0006115,5646-XXXX-XXXX-2393,CUS0005115,PRD-CC03,,Credit,2025-09-10,2026-07-20,1165127.95,197583.15,Active
CRD0006116,5712-XXXX-XXXX-2884,CUS0007614,PRD-CC03,,Credit,2022-06-03,2030-02-11,1032455.95,66401.49,Active
CRD0006117,4558-XXXX-XXXX-7761,CUS0002370,PRD-DC02,ACC00017298,Debit,2020-03-02,2028-07-10,0.0,0.0,Active
CRD0006118,4258-XXXX-XXXX-7840,CUS0001607,PRD-DC02,ACC00010624,Debit,2022-05-11,2029-10-13,0.0,0.0,Active
CRD0006119,5771-XXXX-XXXX-2696,CUS0005584,PRD-CC02,,Credit,2024-12-15,2030-02-11,1253108.42,163519.14,Active
CRD0006120,4570-XXXX-XXXX-4527,CUS0006286,PRD-CC01,,Credit,2025-05-07,2028-12-06,1409125.42,542.81,Active
CRD0006121,5684-XXXX-XXXX-8737,CUS0005762,PRD-CC03,,Credit,2025-05-13,2030-01-21,325896.87,106420.92,Active
CRD0006122,5388-XXXX-XXXX-2322,CUS0006831,PRD-CC02,,Credit,2022-01-12,2030-06-23,924740.84,64238.4,Active
CRD0006123,4673-XXXX-XXXX-4131,CUS0009725,PRD-DC02,,Debit,2021-12-13,2027-10-29,0.0,0.0,Active
CRD0006124,5151-XXXX-XXXX-2753,CUS0001482,PRD-CC03,,Credit,2023-01-18,2027-02-16,477214.8,180156.59,Active
CRD0006125,4243-XXXX-XXXX-4749,CUS0008010,PRD-CC02,,Credit,2020-05-15,2030-06-20,1453089.22,4120.96,Blocked
CRD0006126,5379-XXXX-XXXX-3620,CUS0002691,PRD-CC01,,Credit,2025-11-17,2028-02-18,1465451.78,34383.7,Active
CRD0006127,5343-XXXX-XXXX-1436,CUS0000497,PRD-CC01,,Credit,2025-03-12,2029-12-17,1423145.26,170716.5,Active
CRD0006128,4482-XXXX-XXXX-9409,CUS0008673,PRD-CC01,,Credit,2025-07-08,2029-05-08,751311.99,36510.12,Active
CRD0006129,4790-XXXX-XXXX-5021,CUS0000512,PRD-CC04,,Credit,2024-08-01,2030-10-20,775928.74,70938.07,Active
CRD0006130,5937-XXXX-XXXX-7133,CUS0005919,PRD-CC01,,Credit,2025-10-24,2030-10-13,1285595.36,177362.34,Active
CRD0006131,5215-XXXX-XXXX-4371,CUS0003606,PRD-DC01,ACC00003994,Debit,2020-03-02,2027-06-01,0.0,0.0,Active
CRD0006132,5784-XXXX-XXXX-1522,CUS0004835,PRD-CC02,,Credit,2023-01-12,2030-08-12,904012.07,61033.48,Active
CRD0006133,4826-XXXX-XXXX-2708,CUS0005703,PRD-DC01,ACC00000342,Debit,2022-03-25,2029-10-17,0.0,0.0,Active
CRD0006134,4470-XXXX-XXXX-1841,CUS0009395,PRD-CC04,,Credit,2021-02-10,2030-10-26,1422549.16,198966.65,Active
CRD0006135,5308-XXXX-XXXX-2974,CUS0001304,PRD-CC01,,Credit,2021-02-23,2030-06-02,1122799.36,34150.91,Active
CRD0006136,4570-XXXX-XXXX-6879,CUS0001213,PRD-DC02,ACC00006046,Debit,2022-07-11,2027-11-21,0.0,0.0,Active
CRD0006137,5584-XXXX-XXXX-6883,CUS0007120,PRD-CC02,,Credit,2020-04-13,2029-02-16,532072.26,123883.03,Active
CRD0006138,4362-XXXX-XXXX-6713,CUS0002126,PRD-CC01,,Credit,2024-09-11,2030-04-10,950281.19,10559.41,Active
CRD0006139,5169-XXXX-XXXX-1829,CUS0003455,PRD-DC02,ACC00003668,Debit,2021-03-29,2026-10-10,0.0,0.0,Active
CRD0006140,4528-XXXX-XXXX-5278,CUS0001506,PRD-CC01,,Credit,2025-03-15,2029-03-27,263130.02,199402.79,Active
CRD0006141,5144-XXXX-XXXX-1564,CUS0000934,PRD-CC03,,Credit,2021-01-25,2028-04-28,1408834.6,67075.33,Active
CRD0006142,5137-XXXX-XXXX-1078,CUS0004165,PRD-DC02,ACC00009203,Debit,2022-12-07,2028-03-21,0.0,0.0,Active
CRD0006143,5840-XXXX-XXXX-7717,CUS0001018,PRD-CC02,,Credit,2024-01-09,2030-08-28,522041.49,88995.15,Blocked
CRD0006144,4328-XXXX-XXXX-7037,CUS0008504,PRD-CC02,,Credit,2025-03-01,2030-12-31,827137.38,185053.63,Active
CRD0006145,4771-XXXX-XXXX-4260,CUS0008347,PRD-CC03,,Credit,2022-10-16,2027-10-18,30642.3,135835.45,Active
CRD0006146,4425-XXXX-XXXX-1565,CUS0006189,PRD-CC01,,Credit,2024-02-18,2028-05-21,1274396.99,41710.74,Active
CRD0006147,5665-XXXX-XXXX-5989,CUS0009567,PRD-CC04,,Credit,2021-11-15,2028-10-03,424170.87,139285.54,Active
CRD0006148,5234-XXXX-XXXX-4135,CUS0004742,PRD-DC02,ACC00007317,Debit,2024-01-29,2028-07-30,0.0,0.0,Active
CRD0006149,4345-XXXX-XXXX-7825,CUS0004817,PRD-CC03,,Credit,2022-10-11,2028-08-22,1265966.39,131366.94,Active
CRD0006150,5759-XXXX-XXXX-4667,CUS0008311,PRD-DC01,ACC00001922,Debit,2021-04-01,2028-01-09,0.0,0.0,Active
CRD0006151,4688-XXXX-XXXX-4826,CUS0001102,PRD-DC01,ACC00008913,Debit,2025-05-20,2028-07-04,0.0,0.0,Blocked
CRD0006152,5277-XXXX-XXXX-4493,CUS0008991,PRD-DC01,ACC00009743,Debit,2026-01-01,2027-12-09,0.0,0.0,Active
CRD0006153,4917-XXXX-XXXX-1556,CUS0007442,PRD-CC01,,Credit,2021-09-08,2028-12-21,742241.4,167716.42,Active
CRD0006154,5604-XXXX-XXXX-8148,CUS0001359,PRD-CC03,,Credit,2026-02-04,2027-12-18,437086.33,9032.73,Active
CRD0006155,4604-XXXX-XXXX-4912,CUS0005477,PRD-DC01,ACC00012880,Debit,2022-05-03,2028-05-16,0.0,0.0,Active
CRD0006156,5972-XXXX-XXXX-6343,CUS0004936,PRD-DC02,ACC00000054,Debit,2022-11-24,2029-10-21,0.0,0.0,Active
CRD0006157,5918-XXXX-XXXX-8692,CUS0004445,PRD-DC02,ACC00002286,Debit,2024-04-10,2027-01-30,0.0,0.0,Active
CRD0006158,4766-XXXX-XXXX-6245,CUS0000020,PRD-DC01,,Debit,2020-03-11,2028-06-01,0.0,0.0,Active
CRD0006159,5512-XXXX-XXXX-3423,CUS0007017,PRD-CC04,,Credit,2022-11-27,2028-02-07,879916.95,132129.85,Active
CRD0006160,4238-XXXX-XXXX-2907,CUS0002272,PRD-CC02,,Credit,2022-05-10,2028-08-21,1477097.05,182501.48,Active
CRD0006161,5727-XXXX-XXXX-9601,CUS0005625,PRD-CC03,,Credit,2025-03-12,2026-09-04,1161389.67,171166.55,Active
CRD0006162,4161-XXXX-XXXX-3514,CUS0004717,PRD-CC01,,Credit,2023-01-22,2030-05-21,61395.72,141096.6,Active
CRD0006163,4766-XXXX-XXXX-2031,CUS0007119,PRD-DC01,ACC00014842,Debit,2026-04-16,2030-06-25,0.0,0.0,Active
CRD0006164,4855-XXXX-XXXX-5101,CUS0009555,PRD-DC02,,Debit,2022-03-29,2027-07-25,0.0,0.0,Active
CRD0006165,5554-XXXX-XXXX-4414,CUS0002948,PRD-DC01,ACC00012819,Debit,2021-10-27,2030-04-26,0.0,0.0,Active
CRD0006166,4404-XXXX-XXXX-7596,CUS0003667,PRD-DC02,,Debit,2024-08-24,2028-10-04,0.0,0.0,Active
CRD0006167,4283-XXXX-XXXX-6341,CUS0008722,PRD-CC01,,Credit,2023-01-02,2027-08-18,662970.3,27515.92,Active
CRD0006168,4751-XXXX-XXXX-7853,CUS0002627,PRD-CC02,,Credit,2023-12-02,2029-08-19,223370.08,101932.38,Active
CRD0006169,5661-XXXX-XXXX-6853,CUS0004469,PRD-CC03,,Credit,2022-06-15,2026-09-30,662935.47,2876.9,Blocked
CRD0006170,4399-XXXX-XXXX-9167,CUS0009059,PRD-DC01,ACC00011360,Debit,2024-09-29,2029-02-08,0.0,0.0,Active
CRD0006171,5809-XXXX-XXXX-2120,CUS0003683,PRD-DC01,ACC00015849,Debit,2023-12-04,2030-04-17,0.0,0.0,Active
CRD0006172,4367-XXXX-XXXX-1392,CUS0004135,PRD-CC04,,Credit,2026-02-22,2028-10-26,193161.29,159131.67,Active
CRD0006173,4363-XXXX-XXXX-3304,CUS0008326,PRD-CC04,,Credit,2024-10-21,2028-04-22,545179.67,146309.95,Active
CRD0006174,5463-XXXX-XXXX-5880,CUS0004078,PRD-DC02,ACC00015876,Debit,2020-09-16,2028-03-18,0.0,0.0,Active
CRD0006175,4282-XXXX-XXXX-5496,CUS0007495,PRD-DC01,ACC00003305,Debit,2023-04-09,2026-11-19,0.0,0.0,Active
CRD0006176,5929-XXXX-XXXX-1915,CUS0007420,PRD-CC01,,Credit,2022-05-26,2029-05-01,269768.03,7618.15,Active
CRD0006177,4958-XXXX-XXXX-4603,CUS0005733,PRD-CC02,,Credit,2021-11-04,2027-05-07,358250.49,151927.92,Active
CRD0006178,4408-XXXX-XXXX-8531,CUS0002747,PRD-CC01,,Credit,2023-12-07,2027-06-21,445452.57,6488.26,Active
CRD0006179,4837-XXXX-XXXX-4183,CUS0007864,PRD-CC02,,Credit,2025-01-19,2026-10-01,44888.08,13105.74,Active
CRD0006180,5545-XXXX-XXXX-6866,CUS0009865,PRD-CC02,,Credit,2024-01-04,2026-06-23,443177.98,145958.3,Active
CRD0006181,5853-XXXX-XXXX-1738,CUS0004478,PRD-CC03,,Credit,2025-08-25,2028-10-12,723426.88,111212.1,Active
CRD0006182,5427-XXXX-XXXX-4874,CUS0008843,PRD-DC01,ACC00013130,Debit,2023-11-22,2029-10-15,0.0,0.0,Active
CRD0006183,5245-XXXX-XXXX-1946,CUS0004195,PRD-DC02,ACC00013656,Debit,2021-08-29,2028-10-26,0.0,0.0,Active
CRD0006184,5905-XXXX-XXXX-6616,CUS0007689,PRD-DC01,ACC00001929,Debit,2024-10-20,2029-11-18,0.0,0.0,Active
CRD0006185,4218-XXXX-XXXX-1570,CUS0006198,PRD-CC03,,Credit,2022-08-31,2030-10-30,1325864.26,69962.44,Active
CRD0006186,5451-XXXX-XXXX-3478,CUS0007914,PRD-CC01,,Credit,2023-05-03,2026-11-26,1128915.65,159133.43,Active
CRD0006187,5842-XXXX-XXXX-1913,CUS0004222,PRD-CC04,,Credit,2023-11-20,2026-06-08,501894.07,144647.05,Active
CRD0006188,5763-XXXX-XXXX-7948,CUS0007464,PRD-CC04,,Credit,2023-01-17,2029-12-20,257467.16,36730.25,Active
CRD0006189,4411-XXXX-XXXX-1835,CUS0002925,PRD-CC04,,Credit,2022-01-24,2026-11-08,1160393.83,15740.23,Active
CRD0006190,5129-XXXX-XXXX-3755,CUS0008604,PRD-CC02,,Credit,2023-06-17,2027-02-14,729255.68,118402.03,Expired
CRD0006191,5362-XXXX-XXXX-7294,CUS0005120,PRD-CC04,,Credit,2024-07-19,2027-05-09,103089.52,105487.35,Active
CRD0006192,4354-XXXX-XXXX-6671,CUS0001244,PRD-CC04,,Credit,2025-12-31,2027-07-16,920696.08,93785.31,Active
CRD0006193,5689-XXXX-XXXX-3863,CUS0008837,PRD-DC01,ACC00013864,Debit,2024-10-24,2028-05-06,0.0,0.0,Active
CRD0006194,4804-XXXX-XXXX-5132,CUS0007796,PRD-CC01,,Credit,2020-07-11,2026-07-24,1150363.92,161449.75,Active
CRD0006195,5449-XXXX-XXXX-9086,CUS0006096,PRD-DC01,ACC00002739,Debit,2023-04-30,2027-10-27,0.0,0.0,Expired
CRD0006196,4396-XXXX-XXXX-2937,CUS0007310,PRD-DC01,,Debit,2021-11-02,2027-08-11,0.0,0.0,Active
CRD0006197,4265-XXXX-XXXX-6776,CUS0002801,PRD-CC01,,Credit,2022-08-04,2026-08-18,970472.53,170373.15,Active
CRD0006198,5458-XXXX-XXXX-3642,CUS0001874,PRD-DC02,ACC00006700,Debit,2020-11-29,2028-02-15,0.0,0.0,Active
CRD0006199,4419-XXXX-XXXX-9061,CUS0005629,PRD-DC02,ACC00007608,Debit,2021-06-06,2027-09-26,0.0,0.0,Active
CRD0006200,4971-XXXX-XXXX-9864,CUS0008060,PRD-CC01,,Credit,2022-06-21,2026-09-16,253443.19,135165.45,Active
CRD0006201,5138-XXXX-XXXX-3027,CUS0003332,PRD-CC01,,Credit,2021-06-26,2028-10-20,1073757.2,175242.01,Active
CRD0006202,4505-XXXX-XXXX-4835,CUS0008464,PRD-CC04,,Credit,2021-08-13,2026-09-09,305765.25,16327.61,Active
CRD0006203,5458-XXXX-XXXX-3788,CUS0004204,PRD-DC02,,Debit,2026-01-19,2030-05-07,0.0,0.0,Active
CRD0006204,4400-XXXX-XXXX-1600,CUS0000159,PRD-DC01,ACC00010904,Debit,2022-03-26,2028-05-22,0.0,0.0,Active
CRD0006205,5789-XXXX-XXXX-7436,CUS0001511,PRD-CC03,,Credit,2025-05-11,2026-11-06,1406052.86,190290.99,Active
CRD0006206,5910-XXXX-XXXX-2655,CUS0003943,PRD-CC02,,Credit,2020-01-20,2028-06-19,1438239.38,49602.95,Active
CRD0006207,4267-XXXX-XXXX-5167,CUS0004635,PRD-CC02,,Credit,2021-02-27,2026-09-01,190043.59,50614.06,Active
CRD0006208,5238-XXXX-XXXX-1996,CUS0000932,PRD-CC02,,Credit,2023-12-08,2027-03-18,57397.15,166234.54,Active
CRD0006209,4699-XXXX-XXXX-8874,CUS0004378,PRD-DC02,,Debit,2026-04-06,2030-10-31,0.0,0.0,Active
CRD0006210,5319-XXXX-XXXX-8641,CUS0008940,PRD-DC02,ACC00006057,Debit,2021-12-01,2030-01-30,0.0,0.0,Active
CRD0006211,4470-XXXX-XXXX-5883,CUS0009085,PRD-DC02,ACC00008074,Debit,2022-08-12,2030-09-10,0.0,0.0,Active
CRD0006212,4329-XXXX-XXXX-1485,CUS0009853,PRD-CC01,,Credit,2025-06-04,2028-01-04,611541.89,132492.92,Active
CRD0006213,4697-XXXX-XXXX-2151,CUS0001273,PRD-CC02,,Credit,2020-04-27,2028-05-10,948727.18,121031.4,Active
CRD0006214,5466-XXXX-XXXX-3787,CUS0005745,PRD-DC02,ACC00015224,Debit,2020-04-15,2030-11-23,0.0,0.0,Active
CRD0006215,4372-XXXX-XXXX-4674,CUS0004488,PRD-DC02,,Debit,2021-03-19,2027-05-17,0.0,0.0,Active
CRD0006216,4786-XXXX-XXXX-6714,CUS0000753,PRD-DC02,ACC00001793,Debit,2025-01-13,2027-10-18,0.0,0.0,Active
CRD0006217,5540-XXXX-XXXX-2428,CUS0000388,PRD-DC01,ACC00006977,Debit,2025-08-14,2029-12-30,0.0,0.0,Active
CRD0006218,4680-XXXX-XXXX-3671,CUS0002582,PRD-DC01,ACC00004328,Debit,2024-10-08,2027-07-07,0.0,0.0,Blocked
CRD0006219,5671-XXXX-XXXX-7999,CUS0000542,PRD-DC02,,Debit,2022-07-14,2027-05-03,0.0,0.0,Active
CRD0006220,4182-XXXX-XXXX-5519,CUS0005005,PRD-CC02,,Credit,2024-09-11,2026-05-06,306632.51,183330.59,Active
CRD0006221,4757-XXXX-XXXX-7734,CUS0001292,PRD-DC01,,Debit,2021-09-28,2030-12-27,0.0,0.0,Active
CRD0006222,5185-XXXX-XXXX-4390,CUS0003555,PRD-CC03,,Credit,2023-04-10,2028-12-08,611132.82,1801.72,Active
CRD0006223,4263-XXXX-XXXX-3747,CUS0005984,PRD-DC01,ACC00014253,Debit,2026-03-12,2027-06-25,0.0,0.0,Expired
CRD0006224,4421-XXXX-XXXX-4995,CUS0008243,PRD-CC03,,Credit,2020-01-24,2028-10-26,759870.68,186746.77,Active
CRD0006225,5390-XXXX-XXXX-1360,CUS0004636,PRD-CC04,,Credit,2024-04-17,2029-06-15,549657.28,80602.79,Active
CRD0006226,5900-XXXX-XXXX-4383,CUS0002435,PRD-CC03,,Credit,2023-07-05,2028-01-02,656603.47,128274.09,Active
CRD0006227,4848-XXXX-XXXX-5436,CUS0001265,PRD-CC04,,Credit,2025-05-12,2030-05-06,841381.7,122543.08,Active
CRD0006228,5403-XXXX-XXXX-4573,CUS0004423,PRD-CC01,,Credit,2024-01-26,2029-07-22,1211733.52,101367.35,Active
CRD0006229,4422-XXXX-XXXX-8482,CUS0008931,PRD-CC01,,Credit,2020-07-20,2027-02-13,636104.17,65715.16,Active
CRD0006230,5144-XXXX-XXXX-4283,CUS0000246,PRD-DC01,ACC00008872,Debit,2023-04-01,2029-11-07,0.0,0.0,Active
CRD0006231,5871-XXXX-XXXX-5664,CUS0003424,PRD-CC03,,Credit,2022-08-29,2029-09-16,1096042.13,52807.71,Active
CRD0006232,4428-XXXX-XXXX-9744,CUS0006722,PRD-DC02,ACC00004371,Debit,2025-01-02,2029-08-25,0.0,0.0,Active
CRD0006233,5365-XXXX-XXXX-5576,CUS0006166,PRD-CC03,,Credit,2020-04-04,2029-05-29,1073457.46,167089.68,Active
CRD0006234,4251-XXXX-XXXX-3971,CUS0003822,PRD-DC01,,Debit,2022-12-15,2030-01-04,0.0,0.0,Active
CRD0006235,5847-XXXX-XXXX-9899,CUS0007287,PRD-CC04,,Credit,2025-10-27,2026-11-30,486993.84,121130.33,Active
CRD0006236,5692-XXXX-XXXX-2803,CUS0007905,PRD-DC01,ACC00010751,Debit,2023-01-24,2028-05-20,0.0,0.0,Active
CRD0006237,4455-XXXX-XXXX-3717,CUS0007828,PRD-CC03,,Credit,2023-10-21,2026-07-27,797863.78,150442.23,Active
CRD0006238,4578-XXXX-XXXX-2635,CUS0002597,PRD-DC01,ACC00006438,Debit,2024-02-05,2029-09-13,0.0,0.0,Active
CRD0006239,4430-XXXX-XXXX-3444,CUS0007354,PRD-CC04,,Credit,2024-09-16,2030-06-01,252690.23,107594.36,Active
CRD0006240,4929-XXXX-XXXX-5195,CUS0007898,PRD-CC01,,Credit,2026-02-21,2029-04-22,1101220.43,191342.32,Active
CRD0006241,4589-XXXX-XXXX-4912,CUS0001500,PRD-CC04,,Credit,2022-03-02,2028-11-20,1493782.7,89080.55,Active
CRD0006242,4502-XXXX-XXXX-6446,CUS0004673,PRD-DC02,,Debit,2021-03-19,2026-09-12,0.0,0.0,Active
CRD0006243,5666-XXXX-XXXX-5538,CUS0006834,PRD-CC04,,Credit,2020-08-15,2027-08-21,299533.48,48096.12,Active
CRD0006244,5530-XXXX-XXXX-6744,CUS0003417,PRD-CC04,,Credit,2020-03-01,2026-10-30,594892.4,106553.53,Active
CRD0006245,5472-XXXX-XXXX-5181,CUS0009126,PRD-CC02,,Credit,2021-10-17,2028-10-23,1042796.63,151044.18,Active
CRD0006246,5384-XXXX-XXXX-1973,CUS0000603,PRD-CC01,,Credit,2024-11-14,2029-11-08,123276.89,196566.94,Active
CRD0006247,4238-XXXX-XXXX-8922,CUS0007793,PRD-CC02,,Credit,2023-07-21,2027-02-20,1461200.56,64555.75,Active
CRD0006248,5647-XXXX-XXXX-4615,CUS0005044,PRD-DC02,ACC00002611,Debit,2021-07-14,2029-10-03,0.0,0.0,Active
CRD0006249,4958-XXXX-XXXX-8555,CUS0004636,PRD-DC01,ACC00017913,Debit,2021-07-02,2030-12-26,0.0,0.0,Active
CRD0006250,5648-XXXX-XXXX-7183,CUS0003340,PRD-CC04,,Credit,2020-12-03,2028-11-26,1355373.94,53478.68,Active
CRD0006251,5884-XXXX-XXXX-9576,CUS0006817,PRD-CC03,,Credit,2020-11-30,2030-05-01,147583.76,8534.65,Active
CRD0006252,5344-XXXX-XXXX-2790,CUS0005575,PRD-DC01,ACC00005615,Debit,2022-08-14,2029-05-21,0.0,0.0,Active
CRD0006253,5430-XXXX-XXXX-5068,CUS0009252,PRD-CC03,,Credit,2023-02-11,2027-03-21,618424.66,62250.72,Active
CRD0006254,5183-XXXX-XXXX-5797,CUS0009546,PRD-DC01,ACC00002774,Debit,2020-07-12,2029-07-11,0.0,0.0,Active
CRD0006255,5246-XXXX-XXXX-3150,CUS0001686,PRD-DC02,ACC00017435,Debit,2026-01-07,2028-04-05,0.0,0.0,Active
CRD0006256,4827-XXXX-XXXX-2917,CUS0006268,PRD-CC02,,Credit,2025-04-04,2028-07-27,1269175.11,79677.3,Blocked
CRD0006257,5885-XXXX-XXXX-1246,CUS0000024,PRD-DC01,ACC00013397,Debit,2021-03-26,2029-09-05,0.0,0.0,Active
CRD0006258,4985-XXXX-XXXX-1973,CUS0000314,PRD-CC02,,Credit,2025-01-16,2030-12-09,474731.16,141138.77,Active
CRD0006259,5890-XXXX-XXXX-6181,CUS0005946,PRD-DC01,ACC00002331,Debit,2020-02-01,2030-03-21,0.0,0.0,Active
CRD0006260,4892-XXXX-XXXX-1202,CUS0004841,PRD-CC01,,Credit,2023-03-15,2030-09-12,1315913.41,13614.9,Active
CRD0006261,5863-XXXX-XXXX-2157,CUS0003559,PRD-CC04,,Credit,2024-11-16,2029-04-17,1126435.99,114966.31,Active
CRD0006262,4887-XXXX-XXXX-1587,CUS0007474,PRD-DC02,ACC00016623,Debit,2026-03-24,2028-06-15,0.0,0.0,Active
CRD0006263,4224-XXXX-XXXX-9999,CUS0003556,PRD-CC04,,Credit,2025-07-13,2030-03-09,989897.03,118259.86,Active
CRD0006264,4466-XXXX-XXXX-2858,CUS0003307,PRD-CC03,,Credit,2024-11-25,2028-06-09,852894.58,178560.64,Active
CRD0006265,5429-XXXX-XXXX-1266,CUS0003246,PRD-CC02,,Credit,2025-06-04,2027-07-15,1218236.53,123922.81,Active
CRD0006266,5116-XXXX-XXXX-3644,CUS0002922,PRD-DC02,ACC00005474,Debit,2025-05-18,2030-04-11,0.0,0.0,Active
CRD0006267,5108-XXXX-XXXX-9094,CUS0009460,PRD-CC04,,Credit,2021-02-13,2027-01-29,471871.77,85118.78,Active
CRD0006268,5973-XXXX-XXXX-1800,CUS0002320,PRD-CC04,,Credit,2024-11-16,2030-06-19,1183679.29,190347.63,Active
CRD0006269,5658-XXXX-XXXX-5177,CUS0000527,PRD-CC02,,Credit,2020-08-18,2027-06-25,918823.35,171872.36,Active
CRD0006270,5344-XXXX-XXXX-3532,CUS0007480,PRD-DC02,ACC00014250,Debit,2021-09-13,2027-05-20,0.0,0.0,Active
CRD0006271,5677-XXXX-XXXX-9809,CUS0000735,PRD-CC04,,Credit,2021-05-20,2030-12-06,868178.31,139619.49,Active
CRD0006272,4594-XXXX-XXXX-8977,CUS0001646,PRD-DC02,ACC00010425,Debit,2025-06-26,2029-04-05,0.0,0.0,Active
CRD0006273,4793-XXXX-XXXX-4685,CUS0003663,PRD-CC03,,Credit,2023-03-12,2027-05-07,495594.75,187484.14,Active
CRD0006274,4736-XXXX-XXXX-8392,CUS0006893,PRD-CC02,,Credit,2022-08-07,2029-01-23,572344.75,70526.21,Active
CRD0006275,5904-XXXX-XXXX-8207,CUS0004558,PRD-DC01,ACC00003212,Debit,2022-03-18,2029-10-21,0.0,0.0,Active
CRD0006276,5927-XXXX-XXXX-6430,CUS0001357,PRD-DC01,ACC00015339,Debit,2024-07-09,2028-09-14,0.0,0.0,Active
CRD0006277,4619-XXXX-XXXX-8790,CUS0005704,PRD-CC02,,Credit,2024-08-29,2029-09-09,1328617.33,191641.84,Active
CRD0006278,4152-XXXX-XXXX-2865,CUS0009209,PRD-CC02,,Credit,2025-02-24,2027-05-20,837822.7,33837.19,Active
CRD0006279,5693-XXXX-XXXX-8308,CUS0006578,PRD-CC01,,Credit,2022-06-15,2027-09-10,599524.86,110274.46,Active
CRD0006280,5388-XXXX-XXXX-2534,CUS0008161,PRD-CC02,,Credit,2023-02-11,2029-07-22,1003514.66,51282.17,Active
CRD0006281,4236-XXXX-XXXX-9159,CUS0003198,PRD-CC04,,Credit,2021-08-11,2029-09-28,1155144.52,155331.97,Active
CRD0006282,5737-XXXX-XXXX-2323,CUS0005379,PRD-DC02,ACC00009238,Debit,2022-03-15,2027-01-09,0.0,0.0,Active
CRD0006283,4193-XXXX-XXXX-9946,CUS0004191,PRD-CC04,,Credit,2022-11-22,2028-03-29,1230863.17,73136.42,Active
CRD0006284,4182-XXXX-XXXX-5738,CUS0001947,PRD-CC01,,Credit,2024-04-15,2028-09-07,1223133.19,89366.32,Active
CRD0006285,4989-XXXX-XXXX-4317,CUS0003529,PRD-DC02,ACC00017620,Debit,2022-01-24,2030-02-01,0.0,0.0,Active
CRD0006286,5296-XXXX-XXXX-7834,CUS0003625,PRD-CC04,,Credit,2022-01-20,2030-09-18,451618.18,30802.14,Active
CRD0006287,4170-XXXX-XXXX-4101,CUS0001003,PRD-DC01,,Debit,2023-10-21,2029-02-18,0.0,0.0,Active
CRD0006288,4827-XXXX-XXXX-3819,CUS0002713,PRD-DC01,ACC00017562,Debit,2021-09-18,2026-10-05,0.0,0.0,Active
CRD0006289,4532-XXXX-XXXX-5655,CUS0007004,PRD-CC02,,Credit,2022-12-27,2027-02-20,787564.8,186512.17,Blocked
CRD0006290,5848-XXXX-XXXX-2703,CUS0001721,PRD-DC01,ACC00016989,Debit,2021-01-19,2029-03-20,0.0,0.0,Active
CRD0006291,5483-XXXX-XXXX-5062,CUS0003529,PRD-CC03,,Credit,2021-10-07,2030-06-07,53696.8,98154.32,Active
CRD0006292,5688-XXXX-XXXX-2132,CUS0005876,PRD-DC02,ACC00016851,Debit,2025-09-08,2030-12-20,0.0,0.0,Active
CRD0006293,4452-XXXX-XXXX-7577,CUS0005664,PRD-DC01,ACC00000382,Debit,2020-11-02,2028-02-21,0.0,0.0,Active
CRD0006294,5672-XXXX-XXXX-6847,CUS0006717,PRD-CC04,,Credit,2021-12-27,2028-07-18,842216.15,161365.12,Active
CRD0006295,5417-XXXX-XXXX-1863,CUS0008102,PRD-DC01,ACC00002832,Debit,2025-12-29,2030-04-23,0.0,0.0,Active
CRD0006296,5671-XXXX-XXXX-4138,CUS0000110,PRD-CC03,,Credit,2024-10-06,2027-08-01,917615.86,132289.93,Active
CRD0006297,4934-XXXX-XXXX-5370,CUS0003180,PRD-DC01,ACC00011857,Debit,2025-12-08,2027-08-28,0.0,0.0,Active
CRD0006298,5154-XXXX-XXXX-5490,CUS0003174,PRD-CC04,,Credit,2023-12-16,2028-09-06,613036.75,167340.56,Active
CRD0006299,5681-XXXX-XXXX-4746,CUS0002699,PRD-CC04,,Credit,2024-03-28,2026-08-30,1433457.22,7914.3,Active
CRD0006300,5264-XXXX-XXXX-5242,CUS0001303,PRD-CC04,,Credit,2022-03-12,2027-09-07,632404.38,198444.28,Active
CRD0006301,5624-XXXX-XXXX-3732,CUS0004464,PRD-DC02,ACC00008613,Debit,2022-10-04,2028-08-17,0.0,0.0,Active
CRD0006302,4402-XXXX-XXXX-9460,CUS0008700,PRD-CC02,,Credit,2022-04-25,2028-04-28,572824.17,3479.97,Active
CRD0006303,5327-XXXX-XXXX-8451,CUS0002052,PRD-DC02,ACC00008701,Debit,2024-01-07,2029-02-27,0.0,0.0,Active
CRD0006304,4401-XXXX-XXXX-8484,CUS0003639,PRD-CC04,,Credit,2025-03-12,2029-12-14,1464311.57,90158.38,Active
CRD0006305,5897-XXXX-XXXX-4287,CUS0005544,PRD-CC04,,Credit,2023-11-07,2029-08-08,94893.11,62035.54,Active
CRD0006306,4713-XXXX-XXXX-3453,CUS0009306,PRD-CC04,,Credit,2020-04-12,2029-05-31,1383860.67,136635.62,Active
CRD0006307,4582-XXXX-XXXX-6427,CUS0006802,PRD-CC02,,Credit,2026-01-02,2026-10-24,88127.59,199134.39,Active
CRD0006308,4648-XXXX-XXXX-4717,CUS0003910,PRD-DC01,ACC00005331,Debit,2022-02-06,2028-11-23,0.0,0.0,Active
CRD0006309,4500-XXXX-XXXX-4201,CUS0006757,PRD-DC02,,Debit,2023-11-02,2029-02-04,0.0,0.0,Active
CRD0006310,4316-XXXX-XXXX-4272,CUS0001530,PRD-CC03,,Credit,2022-08-26,2028-08-14,864229.48,32092.19,Active
CRD0006311,4319-XXXX-XXXX-7482,CUS0007211,PRD-DC01,,Debit,2023-06-12,2030-01-17,0.0,0.0,Expired
CRD0006312,5764-XXXX-XXXX-3979,CUS0006345,PRD-CC03,,Credit,2022-08-07,2030-12-07,515331.56,109205.54,Active
CRD0006313,4795-XXXX-XXXX-5026,CUS0004012,PRD-CC04,,Credit,2023-07-16,2026-06-19,1354673.2,33383.78,Active
CRD0006314,4819-XXXX-XXXX-8347,CUS0007392,PRD-DC01,ACC00003166,Debit,2020-02-22,2026-07-11,0.0,0.0,Active
CRD0006315,4874-XXXX-XXXX-9996,CUS0004064,PRD-DC02,ACC00015189,Debit,2023-12-17,2027-10-07,0.0,0.0,Active
CRD0006316,4685-XXXX-XXXX-2203,CUS0005807,PRD-CC01,,Credit,2023-03-27,2030-01-10,1026992.83,42659.6,Active
CRD0006317,5528-XXXX-XXXX-6228,CUS0008846,PRD-CC03,,Credit,2026-03-23,2030-02-23,1023028.69,27610.09,Blocked
CRD0006318,5471-XXXX-XXXX-6253,CUS0005451,PRD-DC02,ACC00005837,Debit,2026-03-10,2030-04-04,0.0,0.0,Active
CRD0006319,5593-XXXX-XXXX-2748,CUS0000568,PRD-CC04,,Credit,2024-01-26,2028-11-09,872664.33,98626.03,Active
CRD0006320,4474-XXXX-XXXX-5740,CUS0001522,PRD-CC02,,Credit,2023-06-22,2029-07-10,1105585.48,66349.85,Active
CRD0006321,4247-XXXX-XXXX-3147,CUS0002493,PRD-CC01,,Credit,2022-03-10,2028-12-10,1401259.87,149077.72,Active
CRD0006322,4633-XXXX-XXXX-3682,CUS0009057,PRD-CC01,,Credit,2023-09-18,2029-02-11,1179057.85,175061.39,Active
CRD0006323,5396-XXXX-XXXX-5764,CUS0007460,PRD-DC02,ACC00014323,Debit,2021-04-04,2027-11-15,0.0,0.0,Active
CRD0006324,5439-XXXX-XXXX-6554,CUS0001228,PRD-CC01,,Credit,2021-03-23,2028-02-02,1381167.58,66530.06,Active
CRD0006325,5649-XXXX-XXXX-3100,CUS0002099,PRD-DC01,ACC00017262,Debit,2020-06-22,2030-12-19,0.0,0.0,Active
CRD0006326,4353-XXXX-XXXX-9341,CUS0003719,PRD-DC01,ACC00016943,Debit,2025-01-14,2026-05-24,0.0,0.0,Active
CRD0006327,4405-XXXX-XXXX-5895,CUS0005684,PRD-CC02,,Credit,2026-03-30,2029-07-19,1288058.35,163395.98,Expired
CRD0006328,5508-XXXX-XXXX-3486,CUS0001402,PRD-DC02,,Debit,2020-02-19,2030-12-18,0.0,0.0,Active
CRD0006329,4758-XXXX-XXXX-6050,CUS0000649,PRD-DC02,ACC00002276,Debit,2023-10-04,2029-07-01,0.0,0.0,Blocked
CRD0006330,4550-XXXX-XXXX-5215,CUS0009872,PRD-CC03,,Credit,2025-05-19,2030-11-28,1148902.04,87943.75,Active
CRD0006331,4924-XXXX-XXXX-5235,CUS0000803,PRD-DC02,ACC00013018,Debit,2023-10-16,2029-02-01,0.0,0.0,Active
CRD0006332,4762-XXXX-XXXX-6003,CUS0003090,PRD-CC02,,Credit,2025-01-02,2028-03-05,743175.48,134558.85,Active
CRD0006333,5460-XXXX-XXXX-4789,CUS0001891,PRD-DC01,,Debit,2021-03-15,2028-06-14,0.0,0.0,Active
CRD0006334,5604-XXXX-XXXX-2031,CUS0002091,PRD-DC02,ACC00001526,Debit,2022-06-02,2028-03-18,0.0,0.0,Blocked
CRD0006335,5681-XXXX-XXXX-2459,CUS0003746,PRD-DC02,ACC00007165,Debit,2026-03-14,2028-05-03,0.0,0.0,Active
CRD0006336,5278-XXXX-XXXX-3692,CUS0001853,PRD-DC01,ACC00005630,Debit,2020-01-04,2028-07-15,0.0,0.0,Blocked
CRD0006337,5238-XXXX-XXXX-1445,CUS0007134,PRD-CC04,,Credit,2026-04-19,2029-04-30,174159.68,169270.65,Active
CRD0006338,5269-XXXX-XXXX-8998,CUS0002749,PRD-DC01,ACC00012241,Debit,2021-10-13,2027-03-18,0.0,0.0,Active
CRD0006339,4627-XXXX-XXXX-7775,CUS0009721,PRD-DC01,ACC00006821,Debit,2021-05-26,2028-09-23,0.0,0.0,Active
CRD0006340,4388-XXXX-XXXX-5809,CUS0003473,PRD-CC01,,Credit,2024-08-23,2026-11-02,870938.72,97330.43,Active
CRD0006341,4296-XXXX-XXXX-4619,CUS0007150,PRD-CC01,,Credit,2025-12-22,2029-07-11,892043.2,103611.44,Active
CRD0006342,5638-XXXX-XXXX-1140,CUS0004160,PRD-DC01,ACC00004271,Debit,2021-11-16,2026-07-21,0.0,0.0,Active
CRD0006343,5735-XXXX-XXXX-5540,CUS0008172,PRD-CC01,,Credit,2022-10-04,2027-07-02,910101.95,77605.1,Active
CRD0006344,4140-XXXX-XXXX-5039,CUS0001007,PRD-DC01,ACC00003811,Debit,2022-12-07,2027-03-11,0.0,0.0,Active
CRD0006345,4866-XXXX-XXXX-3115,CUS0008873,PRD-CC04,,Credit,2020-07-27,2026-09-18,429930.59,165749.81,Active
CRD0006346,5863-XXXX-XXXX-7088,CUS0000847,PRD-DC01,ACC00005960,Debit,2025-05-06,2030-07-02,0.0,0.0,Active
CRD0006347,4959-XXXX-XXXX-6106,CUS0003952,PRD-CC04,,Credit,2024-08-22,2026-06-23,925072.66,108934.99,Active
CRD0006348,5627-XXXX-XXXX-7232,CUS0009286,PRD-CC04,,Credit,2025-09-15,2029-10-03,756563.46,68305.29,Active
CRD0006349,5105-XXXX-XXXX-7098,CUS0002637,PRD-CC02,,Credit,2022-04-24,2030-01-12,1470064.78,14229.24,Active
CRD0006350,4569-XXXX-XXXX-9156,CUS0009607,PRD-CC02,,Credit,2023-11-22,2028-02-17,1280538.19,52244.25,Active
CRD0006351,5437-XXXX-XXXX-4255,CUS0005087,PRD-DC01,ACC00006096,Debit,2025-10-03,2030-06-03,0.0,0.0,Active
CRD0006352,5255-XXXX-XXXX-8374,CUS0007663,PRD-CC03,,Credit,2021-01-02,2029-05-24,586185.6,197947.59,Active
CRD0006353,4629-XXXX-XXXX-7541,CUS0004171,PRD-CC02,,Credit,2023-08-26,2028-01-29,638516.13,41146.07,Active
CRD0006354,5808-XXXX-XXXX-8871,CUS0001374,PRD-CC04,,Credit,2023-12-11,2028-06-12,964004.57,152306.16,Active
CRD0006355,4292-XXXX-XXXX-1853,CUS0006360,PRD-CC02,,Credit,2024-05-31,2027-01-26,1184712.65,18307.16,Active
CRD0006356,4983-XXXX-XXXX-2543,CUS0004255,PRD-DC02,ACC00002812,Debit,2022-04-21,2029-02-25,0.0,0.0,Active
CRD0006357,4590-XXXX-XXXX-2182,CUS0000429,PRD-CC02,,Credit,2020-06-13,2029-04-24,1476007.68,110061.85,Active
CRD0006358,4353-XXXX-XXXX-9510,CUS0007536,PRD-CC04,,Credit,2025-09-15,2028-06-21,114355.72,112732.9,Active
CRD0006359,4562-XXXX-XXXX-9704,CUS0003187,PRD-DC01,,Debit,2020-02-25,2030-07-19,0.0,0.0,Active
CRD0006360,4966-XXXX-XXXX-4682,CUS0000832,PRD-CC01,,Credit,2024-08-17,2029-12-14,1424393.94,24907.35,Active
CRD0006361,4606-XXXX-XXXX-9228,CUS0001892,PRD-DC01,ACC00002177,Debit,2021-03-17,2028-03-08,0.0,0.0,Active
CRD0006362,5784-XXXX-XXXX-7871,CUS0004785,PRD-CC02,,Credit,2022-12-09,2030-08-01,707043.36,51746.8,Active
CRD0006363,5982-XXXX-XXXX-2937,CUS0006832,PRD-DC02,ACC00009088,Debit,2021-10-09,2028-09-13,0.0,0.0,Active
CRD0006364,4206-XXXX-XXXX-1284,CUS0003497,PRD-DC01,ACC00008496,Debit,2023-11-01,2028-01-18,0.0,0.0,Active
CRD0006365,4465-XXXX-XXXX-7563,CUS0003942,PRD-CC02,,Credit,2026-01-18,2029-08-04,929738.38,129985.61,Expired
CRD0006366,5722-XXXX-XXXX-5631,CUS0002580,PRD-DC02,ACC00014043,Debit,2024-05-14,2030-02-13,0.0,0.0,Active
CRD0006367,5513-XXXX-XXXX-6634,CUS0001053,PRD-CC01,,Credit,2022-07-02,2026-06-07,362304.31,162610.17,Active
CRD0006368,5708-XXXX-XXXX-8097,CUS0008987,PRD-DC01,,Debit,2024-02-03,2029-04-10,0.0,0.0,Active
CRD0006369,5114-XXXX-XXXX-8247,CUS0007689,PRD-CC01,,Credit,2021-12-28,2028-04-04,667698.7,51658.93,Blocked
CRD0006370,5141-XXXX-XXXX-7582,CUS0001127,PRD-CC01,,Credit,2022-05-05,2030-03-19,457465.42,9906.61,Active
CRD0006371,4359-XXXX-XXXX-2511,CUS0003427,PRD-CC01,,Credit,2021-11-12,2029-12-27,204352.88,81398.66,Active
CRD0006372,5407-XXXX-XXXX-1315,CUS0006841,PRD-DC01,ACC00010250,Debit,2022-12-04,2029-04-17,0.0,0.0,Active
CRD0006373,4946-XXXX-XXXX-8908,CUS0006414,PRD-DC02,ACC00016857,Debit,2021-05-09,2026-07-11,0.0,0.0,Active
CRD0006374,5202-XXXX-XXXX-8002,CUS0000038,PRD-CC03,,Credit,2022-09-24,2029-08-21,374989.63,185745.0,Active
CRD0006375,5825-XXXX-XXXX-6231,CUS0003889,PRD-CC04,,Credit,2021-09-02,2030-03-22,270287.65,56108.2,Active
CRD0006376,4689-XXXX-XXXX-1753,CUS0008060,PRD-CC02,,Credit,2024-06-30,2028-11-26,1445384.47,42155.76,Active
CRD0006377,5478-XXXX-XXXX-4847,CUS0002924,PRD-DC02,ACC00007322,Debit,2022-11-18,2029-11-28,0.0,0.0,Active
CRD0006378,4355-XXXX-XXXX-1304,CUS0006143,PRD-CC01,,Credit,2026-02-27,2027-12-21,1120400.99,31607.15,Active
CRD0006379,4442-XXXX-XXXX-3490,CUS0009625,PRD-CC04,,Credit,2023-04-22,2028-11-27,964668.48,88813.69,Active
CRD0006380,4630-XXXX-XXXX-3884,CUS0004421,PRD-CC04,,Credit,2022-12-06,2029-05-25,807374.96,147537.5,Expired
CRD0006381,5641-XXXX-XXXX-2247,CUS0008996,PRD-DC02,,Debit,2025-01-08,2028-08-23,0.0,0.0,Active
CRD0006382,5113-XXXX-XXXX-7380,CUS0000472,PRD-DC02,ACC00008919,Debit,2022-05-31,2027-09-21,0.0,0.0,Active
CRD0006383,4159-XXXX-XXXX-3464,CUS0009780,PRD-CC04,,Credit,2023-09-22,2029-05-03,422197.87,33407.04,Active
CRD0006384,5377-XXXX-XXXX-2826,CUS0006533,PRD-CC02,,Credit,2020-06-16,2027-05-29,67655.96,115873.6,Active
CRD0006385,4826-XXXX-XXXX-1309,CUS0009888,PRD-CC03,,Credit,2021-11-20,2027-11-04,1140641.14,176672.65,Active
CRD0006386,4435-XXXX-XXXX-4978,CUS0005509,PRD-CC01,,Credit,2022-05-12,2030-11-23,863895.09,64283.8,Active
CRD0006387,4893-XXXX-XXXX-9759,CUS0004286,PRD-CC04,,Credit,2025-07-06,2027-06-05,1416603.85,87686.03,Active
CRD0006388,4158-XXXX-XXXX-7831,CUS0001461,PRD-DC01,ACC00003923,Debit,2021-12-17,2028-03-29,0.0,0.0,Active
CRD0006389,5825-XXXX-XXXX-3444,CUS0001685,PRD-CC01,,Credit,2023-12-30,2026-12-12,897990.59,11703.3,Active
CRD0006390,4766-XXXX-XXXX-4815,CUS0009417,PRD-CC04,,Credit,2024-08-22,2026-09-24,1223142.36,91887.25,Blocked
CRD0006391,5330-XXXX-XXXX-2390,CUS0006941,PRD-CC04,,Credit,2024-12-27,2029-08-11,1057403.51,12698.27,Active
CRD0006392,5208-XXXX-XXXX-8479,CUS0001937,PRD-DC02,ACC00009281,Debit,2024-04-21,2029-01-17,0.0,0.0,Active
CRD0006393,4917-XXXX-XXXX-6785,CUS0000455,PRD-CC04,,Credit,2025-04-27,2030-03-23,1024629.55,73174.67,Blocked
CRD0006394,5970-XXXX-XXXX-9243,CUS0000121,PRD-DC02,ACC00011747,Debit,2021-07-28,2028-04-29,0.0,0.0,Active
CRD0006395,5653-XXXX-XXXX-3843,CUS0000201,PRD-CC01,,Credit,2020-09-09,2029-11-06,827845.12,152428.29,Active
CRD0006396,5905-XXXX-XXXX-7983,CUS0002815,PRD-DC01,ACC00010383,Debit,2022-03-06,2028-09-25,0.0,0.0,Active
CRD0006397,4583-XXXX-XXXX-7831,CUS0006375,PRD-CC01,,Credit,2020-04-09,2030-04-10,1360350.48,166736.97,Active
CRD0006398,5185-XXXX-XXXX-9317,CUS0006297,PRD-CC02,,Credit,2024-12-16,2028-04-24,797865.02,109404.83,Active
CRD0006399,4502-XXXX-XXXX-1479,CUS0009033,PRD-DC01,ACC00015260,Debit,2026-03-03,2026-08-12,0.0,0.0,Active
CRD0006400,5981-XXXX-XXXX-2609,CUS0003708,PRD-CC03,,Credit,2020-12-31,2028-01-02,1433220.85,81148.55,Active
CRD0006401,4425-XXXX-XXXX-9463,CUS0003224,PRD-DC01,ACC00004363,Debit,2021-03-16,2029-05-07,0.0,0.0,Active
CRD0006402,4225-XXXX-XXXX-8373,CUS0000180,PRD-DC02,ACC00016222,Debit,2025-04-07,2028-10-02,0.0,0.0,Active
CRD0006403,5968-XXXX-XXXX-3629,CUS0000309,PRD-DC02,ACC00015095,Debit,2020-02-18,2028-10-04,0.0,0.0,Active
CRD0006404,4120-XXXX-XXXX-2478,CUS0008732,PRD-DC02,ACC00004695,Debit,2022-11-23,2026-12-21,0.0,0.0,Active
CRD0006405,5498-XXXX-XXXX-4792,CUS0007116,PRD-CC02,,Credit,2024-07-29,2029-01-26,1187408.07,29362.89,Active
CRD0006406,4915-XXXX-XXXX-1460,CUS0007224,PRD-DC02,ACC00017666,Debit,2023-04-04,2030-01-19,0.0,0.0,Active
CRD0006407,5263-XXXX-XXXX-2560,CUS0007377,PRD-CC01,,Credit,2025-12-04,2027-02-16,1274415.35,64028.32,Active
CRD0006408,4366-XXXX-XXXX-4687,CUS0008719,PRD-CC01,,Credit,2025-05-02,2027-04-05,886385.01,198127.65,Active
CRD0006409,5715-XXXX-XXXX-7755,CUS0002483,PRD-DC01,ACC00001051,Debit,2023-04-19,2029-02-19,0.0,0.0,Active
CRD0006410,4742-XXXX-XXXX-5843,CUS0009811,PRD-CC04,,Credit,2020-06-17,2026-12-02,740985.97,67005.58,Active
CRD0006411,4147-XXXX-XXXX-9700,CUS0007998,PRD-CC02,,Credit,2021-08-15,2028-06-29,380892.52,28433.33,Active
CRD0006412,4974-XXXX-XXXX-1302,CUS0001671,PRD-CC02,,Credit,2020-07-17,2026-07-11,641337.93,61660.98,Active
CRD0006413,5672-XXXX-XXXX-6322,CUS0008808,PRD-CC03,,Credit,2021-11-26,2027-02-07,1192831.94,26933.32,Active
CRD0006414,5182-XXXX-XXXX-2328,CUS0008921,PRD-CC02,,Credit,2021-07-11,2029-10-31,908684.16,187532.33,Active
CRD0006415,4493-XXXX-XXXX-8843,CUS0003752,PRD-CC01,,Credit,2024-07-04,2026-08-20,874598.77,153000.7,Active
CRD0006416,4912-XXXX-XXXX-4205,CUS0008671,PRD-CC01,,Credit,2026-04-13,2027-04-11,179578.2,186168.79,Active
CRD0006417,5643-XXXX-XXXX-5770,CUS0005850,PRD-DC02,ACC00013473,Debit,2024-04-14,2027-12-05,0.0,0.0,Active
CRD0006418,4904-XXXX-XXXX-1924,CUS0007204,PRD-CC03,,Credit,2025-11-18,2029-03-19,1339664.05,41215.38,Expired
CRD0006419,4232-XXXX-XXXX-9973,CUS0007210,PRD-DC01,ACC00017793,Debit,2024-11-28,2029-03-02,0.0,0.0,Active
CRD0006420,5366-XXXX-XXXX-6640,CUS0009096,PRD-CC02,,Credit,2023-01-03,2030-09-10,213416.72,23073.13,Active
CRD0006421,4389-XXXX-XXXX-1349,CUS0005909,PRD-DC02,,Debit,2022-12-16,2026-11-02,0.0,0.0,Active
CRD0006422,5140-XXXX-XXXX-1219,CUS0002534,PRD-CC04,,Credit,2023-04-09,2027-03-03,647375.0,51991.82,Active
CRD0006423,5455-XXXX-XXXX-3681,CUS0001247,PRD-CC03,,Credit,2021-11-30,2028-12-14,593963.77,4577.12,Active
CRD0006424,4335-XXXX-XXXX-7141,CUS0001905,PRD-CC03,,Credit,2024-08-25,2027-09-19,608784.33,96414.67,Active
CRD0006425,5113-XXXX-XXXX-1832,CUS0006028,PRD-CC03,,Credit,2021-01-27,2028-01-25,139575.75,170021.15,Active
CRD0006426,4513-XXXX-XXXX-3974,CUS0006449,PRD-DC02,ACC00001855,Debit,2024-10-18,2029-05-28,0.0,0.0,Active
CRD0006427,4764-XXXX-XXXX-3756,CUS0007383,PRD-CC03,,Credit,2025-02-16,2028-10-24,1391731.06,82890.38,Active
CRD0006428,5645-XXXX-XXXX-2226,CUS0008204,PRD-CC02,,Credit,2022-09-13,2026-08-24,242614.03,114249.14,Active
CRD0006429,5485-XXXX-XXXX-9513,CUS0005609,PRD-DC01,ACC00008409,Debit,2024-01-18,2030-07-17,0.0,0.0,Active
CRD0006430,4264-XXXX-XXXX-5186,CUS0009923,PRD-CC03,,Credit,2022-09-06,2028-05-01,410348.89,13065.94,Active
CRD0006431,5572-XXXX-XXXX-6524,CUS0004244,PRD-CC01,,Credit,2023-06-10,2030-08-17,370534.55,87249.61,Blocked
CRD0006432,5600-XXXX-XXXX-8054,CUS0004132,PRD-DC01,ACC00017677,Debit,2020-04-15,2026-06-14,0.0,0.0,Active
CRD0006433,5111-XXXX-XXXX-1307,CUS0009421,PRD-DC01,ACC00001148,Debit,2021-12-09,2027-11-20,0.0,0.0,Active
CRD0006434,5993-XXXX-XXXX-2420,CUS0003515,PRD-DC01,ACC00004081,Debit,2020-11-09,2030-08-10,0.0,0.0,Active
CRD0006435,4647-XXXX-XXXX-1404,CUS0009921,PRD-CC02,,Credit,2023-06-14,2027-07-08,623935.37,113025.57,Active
CRD0006436,5719-XXXX-XXXX-5486,CUS0008709,PRD-CC02,,Credit,2021-10-31,2030-09-30,109779.17,183038.79,Active
CRD0006437,5430-XXXX-XXXX-2213,CUS0009510,PRD-CC03,,Credit,2023-02-05,2030-04-01,1447721.25,170761.11,Active
CRD0006438,5543-XXXX-XXXX-6228,CUS0002138,PRD-CC03,,Credit,2023-11-17,2028-03-03,803756.74,128716.41,Active
CRD0006439,4761-XXXX-XXXX-1139,CUS0000444,PRD-CC03,,Credit,2020-03-05,2028-06-11,1304377.08,141465.43,Active
CRD0006440,5682-XXXX-XXXX-5923,CUS0003449,PRD-DC01,ACC00008192,Debit,2025-10-22,2029-07-15,0.0,0.0,Active
CRD0006441,4511-XXXX-XXXX-8811,CUS0007713,PRD-DC02,ACC00017979,Debit,2025-02-26,2027-12-04,0.0,0.0,Active
CRD0006442,4348-XXXX-XXXX-9135,CUS0008913,PRD-DC02,ACC00010794,Debit,2020-10-11,2028-11-22,0.0,0.0,Active
CRD0006443,4311-XXXX-XXXX-1628,CUS0004758,PRD-CC03,,Credit,2021-03-23,2027-12-18,1298222.14,97828.47,Active
CRD0006444,4471-XXXX-XXXX-9775,CUS0007499,PRD-CC04,,Credit,2024-07-27,2028-02-06,639219.03,130371.58,Active
CRD0006445,4127-XXXX-XXXX-7010,CUS0002766,PRD-CC01,,Credit,2024-11-09,2027-07-13,287545.4,190267.33,Active
CRD0006446,4111-XXXX-XXXX-2381,CUS0007576,PRD-CC03,,Credit,2025-12-04,2027-05-14,932210.37,150255.16,Active
CRD0006447,4745-XXXX-XXXX-3588,CUS0006286,PRD-CC04,,Credit,2021-08-30,2030-02-07,278264.02,182194.01,Active
CRD0006448,5611-XXXX-XXXX-7989,CUS0006151,PRD-CC04,,Credit,2023-03-08,2029-07-21,1464360.13,77075.37,Active
CRD0006449,5582-XXXX-XXXX-1509,CUS0008089,PRD-CC04,,Credit,2023-08-31,2030-03-01,1026721.76,122803.9,Active
CRD0006450,4853-XXXX-XXXX-6636,CUS0009363,PRD-CC04,,Credit,2025-12-09,2030-08-27,777832.91,136543.01,Active
CRD0006451,5279-XXXX-XXXX-5386,CUS0008378,PRD-DC01,ACC00010995,Debit,2021-09-07,2030-07-14,0.0,0.0,Active
CRD0006452,4548-XXXX-XXXX-9156,CUS0007050,PRD-DC02,ACC00005650,Debit,2021-06-25,2030-08-16,0.0,0.0,Active
CRD0006453,4551-XXXX-XXXX-6751,CUS0007289,PRD-DC02,,Debit,2024-09-27,2030-02-12,0.0,0.0,Active
CRD0006454,5892-XXXX-XXXX-3654,CUS0002454,PRD-DC01,ACC00017301,Debit,2024-04-19,2026-10-04,0.0,0.0,Active
CRD0006455,5633-XXXX-XXXX-9159,CUS0009447,PRD-CC01,,Credit,2023-05-14,2029-06-06,1307192.3,188345.12,Active
CRD0006456,4339-XXXX-XXXX-4784,CUS0009831,PRD-CC02,,Credit,2024-04-29,2028-06-08,1192697.32,134595.34,Active
CRD0006457,5437-XXXX-XXXX-9804,CUS0003807,PRD-CC01,,Credit,2023-07-11,2027-07-13,226412.24,30796.86,Active
CRD0006458,4175-XXXX-XXXX-5134,CUS0000913,PRD-DC01,ACC00003806,Debit,2021-02-21,2029-02-08,0.0,0.0,Active
CRD0006459,5858-XXXX-XXXX-3296,CUS0001151,PRD-DC02,ACC00007340,Debit,2024-08-18,2027-03-09,0.0,0.0,Active
CRD0006460,4199-XXXX-XXXX-9784,CUS0000209,PRD-CC04,,Credit,2022-02-14,2028-02-04,675903.94,55287.71,Active
CRD0006461,4269-XXXX-XXXX-1001,CUS0005579,PRD-DC02,ACC00005519,Debit,2021-06-11,2027-04-04,0.0,0.0,Blocked
CRD0006462,5458-XXXX-XXXX-9722,CUS0004927,PRD-DC01,ACC00012665,Debit,2023-05-21,2026-07-17,0.0,0.0,Active
CRD0006463,5302-XXXX-XXXX-8594,CUS0009439,PRD-CC01,,Credit,2025-08-07,2026-10-23,25977.52,110269.43,Active
CRD0006464,4431-XXXX-XXXX-1253,CUS0004695,PRD-CC01,,Credit,2026-02-12,2026-08-13,457116.24,186234.96,Active
CRD0006465,5196-XXXX-XXXX-6601,CUS0009861,PRD-CC03,,Credit,2025-06-20,2028-02-10,884314.81,100694.18,Expired
CRD0006466,4688-XXXX-XXXX-8986,CUS0009619,PRD-CC03,,Credit,2020-07-11,2030-10-30,1461269.72,66379.76,Active
CRD0006467,5612-XXXX-XXXX-9559,CUS0005142,PRD-CC02,,Credit,2026-01-29,2027-06-30,228812.64,69767.71,Active
CRD0006468,5388-XXXX-XXXX-1502,CUS0003540,PRD-DC02,ACC00013781,Debit,2024-08-03,2027-05-20,0.0,0.0,Active
CRD0006469,4534-XXXX-XXXX-8235,CUS0005928,PRD-DC01,ACC00007780,Debit,2023-01-28,2030-03-08,0.0,0.0,Blocked
CRD0006470,5856-XXXX-XXXX-4748,CUS0002832,PRD-CC01,,Credit,2021-09-11,2027-11-04,1112243.13,189505.89,Active
CRD0006471,4654-XXXX-XXXX-3251,CUS0000523,PRD-CC04,,Credit,2026-01-07,2028-05-13,991744.84,128329.92,Active
CRD0006472,5287-XXXX-XXXX-4296,CUS0003676,PRD-CC01,,Credit,2021-10-12,2027-03-19,611042.89,47041.12,Blocked
CRD0006473,4306-XXXX-XXXX-2438,CUS0001597,PRD-DC01,ACC00005840,Debit,2021-09-07,2029-05-23,0.0,0.0,Active
CRD0006474,5669-XXXX-XXXX-8882,CUS0008536,PRD-CC01,,Credit,2021-11-25,2030-03-02,1139492.61,128114.32,Active
CRD0006475,5171-XXXX-XXXX-1846,CUS0001243,PRD-CC02,,Credit,2023-08-18,2029-10-21,1218111.67,46831.27,Active
CRD0006476,4442-XXXX-XXXX-4934,CUS0005798,PRD-CC03,,Credit,2021-12-28,2027-06-13,33252.71,28668.77,Active
CRD0006477,4594-XXXX-XXXX-4080,CUS0001880,PRD-DC01,,Debit,2026-05-01,2029-01-19,0.0,0.0,Active
CRD0006478,5788-XXXX-XXXX-1835,CUS0004385,PRD-CC03,,Credit,2024-11-24,2027-05-14,910086.93,170249.64,Active
CRD0006479,5378-XXXX-XXXX-2729,CUS0003844,PRD-DC02,ACC00011375,Debit,2024-06-21,2026-09-22,0.0,0.0,Expired
CRD0006480,4770-XXXX-XXXX-2720,CUS0004963,PRD-DC02,ACC00017691,Debit,2024-12-15,2028-08-06,0.0,0.0,Active
CRD0006481,5469-XXXX-XXXX-3485,CUS0004983,PRD-CC02,,Credit,2024-07-27,2026-12-15,1338383.07,106465.83,Active
CRD0006482,5303-XXXX-XXXX-7335,CUS0003912,PRD-CC04,,Credit,2020-05-02,2026-11-01,824174.42,9871.49,Active
CRD0006483,4858-XXXX-XXXX-9725,CUS0000941,PRD-CC01,,Credit,2020-10-16,2030-03-10,860669.52,85169.14,Active
CRD0006484,5658-XXXX-XXXX-7380,CUS0005069,PRD-DC02,ACC00015299,Debit,2023-06-12,2029-08-10,0.0,0.0,Active
CRD0006485,4427-XXXX-XXXX-2296,CUS0005900,PRD-CC02,,Credit,2024-10-01,2029-01-11,940860.75,171806.22,Active
CRD0006486,5348-XXXX-XXXX-7964,CUS0000335,PRD-DC01,,Debit,2022-12-15,2028-08-15,0.0,0.0,Active
CRD0006487,5942-XXXX-XXXX-9561,CUS0008092,PRD-CC04,,Credit,2024-05-20,2030-03-01,1160962.89,12175.16,Active
CRD0006488,5847-XXXX-XXXX-3453,CUS0009049,PRD-DC02,ACC00009647,Debit,2025-06-16,2030-05-19,0.0,0.0,Active
CRD0006489,5506-XXXX-XXXX-8735,CUS0002814,PRD-CC04,,Credit,2024-06-26,2027-01-18,885991.52,119777.35,Active
CRD0006490,5214-XXXX-XXXX-5052,CUS0000227,PRD-CC03,,Credit,2020-08-26,2026-10-04,932969.61,77096.64,Active
CRD0006491,4811-XXXX-XXXX-3972,CUS0007594,PRD-DC01,ACC00006469,Debit,2023-09-09,2030-06-25,0.0,0.0,Active
CRD0006492,4483-XXXX-XXXX-8865,CUS0000421,PRD-CC02,,Credit,2021-12-06,2029-06-30,1136779.37,89738.32,Active
CRD0006493,5935-XXXX-XXXX-9240,CUS0009120,PRD-CC04,,Credit,2022-04-10,2028-05-17,820391.01,155464.79,Expired
CRD0006494,4597-XXXX-XXXX-5034,CUS0005712,PRD-DC01,ACC00014425,Debit,2021-03-05,2027-07-23,0.0,0.0,Active
CRD0006495,5446-XXXX-XXXX-2649,CUS0002526,PRD-CC01,,Credit,2021-06-26,2028-02-22,920065.08,181132.31,Active
CRD0006496,5145-XXXX-XXXX-5992,CUS0002199,PRD-DC01,ACC00006663,Debit,2022-08-27,2029-11-18,0.0,0.0,Active
CRD0006497,5885-XXXX-XXXX-8628,CUS0004516,PRD-DC01,ACC00008195,Debit,2023-02-02,2030-05-30,0.0,0.0,Active
CRD0006498,4206-XXXX-XXXX-6324,CUS0000909,PRD-CC02,,Credit,2026-01-11,2029-09-03,1341547.34,168500.82,Active
CRD0006499,5903-XXXX-XXXX-9682,CUS0002007,PRD-DC02,ACC00007209,Debit,2020-09-11,2028-02-25,0.0,0.0,Active
CRD0006500,5662-XXXX-XXXX-5084,CUS0009632,PRD-DC01,ACC00010601,Debit,2020-04-18,2030-06-19,0.0,0.0,Active
CRD0006501,5863-XXXX-XXXX-7386,CUS0000817,PRD-CC03,,Credit,2022-11-08,2029-08-11,1008464.02,22099.22,Expired
CRD0006502,5850-XXXX-XXXX-9476,CUS0000212,PRD-CC02,,Credit,2020-07-06,2029-01-29,582544.95,103129.18,Active
CRD0006503,4198-XXXX-XXXX-5874,CUS0000005,PRD-DC01,ACC00004757,Debit,2023-08-05,2030-03-29,0.0,0.0,Active
CRD0006504,4260-XXXX-XXXX-4465,CUS0008900,PRD-DC01,ACC00001792,Debit,2021-09-21,2027-05-01,0.0,0.0,Active
CRD0006505,5757-XXXX-XXXX-4487,CUS0001623,PRD-CC03,,Credit,2025-08-16,2030-11-14,355933.3,168199.83,Active
CRD0006506,5711-XXXX-XXXX-8743,CUS0007994,PRD-DC01,ACC00009690,Debit,2022-03-19,2028-02-18,0.0,0.0,Active
CRD0006507,5753-XXXX-XXXX-7271,CUS0000753,PRD-CC01,,Credit,2025-10-05,2030-08-28,1390692.08,186501.42,Expired
CRD0006508,5279-XXXX-XXXX-2096,CUS0001624,PRD-CC02,,Credit,2023-04-05,2030-02-10,601846.21,121668.19,Active
CRD0006509,4888-XXXX-XXXX-4152,CUS0007320,PRD-CC04,,Credit,2022-01-13,2028-08-03,326769.72,91599.95,Active
CRD0006510,4966-XXXX-XXXX-6444,CUS0007400,PRD-DC01,ACC00000128,Debit,2022-10-18,2028-08-17,0.0,0.0,Active
CRD0006511,5661-XXXX-XXXX-8929,CUS0000025,PRD-DC01,ACC00009303,Debit,2024-07-02,2028-05-19,0.0,0.0,Active
CRD0006512,5805-XXXX-XXXX-1604,CUS0007844,PRD-DC02,ACC00008815,Debit,2023-05-17,2026-05-18,0.0,0.0,Active
CRD0006513,5263-XXXX-XXXX-4558,CUS0000484,PRD-CC04,,Credit,2021-03-12,2030-08-28,960106.63,84599.92,Active
CRD0006514,4929-XXXX-XXXX-3179,CUS0009458,PRD-CC01,,Credit,2024-09-08,2026-09-10,1403450.69,588.08,Active
CRD0006515,5149-XXXX-XXXX-7823,CUS0003670,PRD-CC03,,Credit,2020-07-17,2028-03-06,947970.13,104495.71,Active
CRD0006516,5661-XXXX-XXXX-6028,CUS0006276,PRD-DC01,ACC00004575,Debit,2025-04-07,2026-06-24,0.0,0.0,Active
CRD0006517,5556-XXXX-XXXX-6069,CUS0009928,PRD-DC02,,Debit,2020-10-30,2029-11-09,0.0,0.0,Active
CRD0006518,4944-XXXX-XXXX-1012,CUS0007694,PRD-CC01,,Credit,2026-01-08,2029-12-21,1437305.0,110306.26,Active
CRD0006519,4864-XXXX-XXXX-1950,CUS0005688,PRD-CC03,,Credit,2022-06-17,2027-06-01,1142792.11,103187.15,Active
CRD0006520,5423-XXXX-XXXX-2661,CUS0008568,PRD-CC02,,Credit,2026-02-20,2027-11-03,803428.7,173261.73,Active
CRD0006521,5468-XXXX-XXXX-1674,CUS0004684,PRD-CC02,,Credit,2020-12-19,2026-07-20,1466432.95,9010.74,Active
CRD0006522,5463-XXXX-XXXX-8216,CUS0001505,PRD-DC02,ACC00009116,Debit,2020-03-22,2030-08-04,0.0,0.0,Active
CRD0006523,4377-XXXX-XXXX-4109,CUS0000334,PRD-DC01,ACC00000601,Debit,2024-05-22,2027-01-04,0.0,0.0,Active
CRD0006524,5212-XXXX-XXXX-2655,CUS0007925,PRD-CC04,,Credit,2024-05-21,2030-04-25,987450.98,152178.7,Blocked
CRD0006525,5501-XXXX-XXXX-8928,CUS0001814,PRD-DC01,ACC00003287,Debit,2023-07-28,2026-06-12,0.0,0.0,Active
CRD0006526,4210-XXXX-XXXX-6004,CUS0006106,PRD-CC03,,Credit,2021-08-24,2030-12-30,368084.32,137648.51,Active
CRD0006527,5820-XXXX-XXXX-3287,CUS0002003,PRD-CC04,,Credit,2020-10-18,2027-02-24,977795.99,28633.19,Active
CRD0006528,4626-XXXX-XXXX-4857,CUS0006060,PRD-DC01,ACC00016921,Debit,2020-08-18,2027-11-23,0.0,0.0,Active
CRD0006529,5350-XXXX-XXXX-1662,CUS0000269,PRD-CC04,,Credit,2021-10-15,2029-01-23,407504.35,105729.82,Active
CRD0006530,4612-XXXX-XXXX-5406,CUS0000852,PRD-CC02,,Credit,2024-09-06,2029-06-30,849179.09,126644.56,Active
CRD0006531,4547-XXXX-XXXX-4547,CUS0004351,PRD-CC04,,Credit,2021-10-31,2027-08-18,54320.68,21281.16,Blocked
CRD0006532,5858-XXXX-XXXX-9646,CUS0006770,PRD-CC01,,Credit,2021-02-05,2030-11-13,548857.99,117972.61,Active
CRD0006533,5106-XXXX-XXXX-1070,CUS0003193,PRD-CC04,,Credit,2022-05-07,2028-01-15,957211.94,79407.41,Active
CRD0006534,4971-XXXX-XXXX-3502,CUS0001527,PRD-DC02,ACC00015567,Debit,2020-10-02,2027-01-03,0.0,0.0,Active
CRD0006535,5106-XXXX-XXXX-5898,CUS0004406,PRD-DC01,ACC00000779,Debit,2025-07-17,2029-11-10,0.0,0.0,Active
CRD0006536,4134-XXXX-XXXX-6243,CUS0003288,PRD-DC01,ACC00016259,Debit,2020-07-20,2027-07-10,0.0,0.0,Active
CRD0006537,4701-XXXX-XXXX-6301,CUS0004588,PRD-CC02,,Credit,2023-04-10,2030-05-05,927448.13,76265.24,Active
CRD0006538,4291-XXXX-XXXX-3307,CUS0004523,PRD-DC01,ACC00013665,Debit,2023-03-19,2030-05-13,0.0,0.0,Active
CRD0006539,4948-XXXX-XXXX-8623,CUS0004143,PRD-DC02,ACC00003752,Debit,2023-01-08,2029-12-08,0.0,0.0,Active
CRD0006540,4392-XXXX-XXXX-6761,CUS0009358,PRD-CC02,,Credit,2022-04-13,2027-03-09,1081879.27,7066.78,Active
CRD0006541,5507-XXXX-XXXX-4629,CUS0003783,PRD-CC04,,Credit,2021-04-02,2027-03-17,928694.9,134817.78,Active
CRD0006542,4890-XXXX-XXXX-4878,CUS0005439,PRD-CC04,,Credit,2024-08-06,2027-11-29,1126184.81,70933.28,Expired
CRD0006543,5167-XXXX-XXXX-5228,CUS0003619,PRD-DC01,ACC00004327,Debit,2020-12-29,2029-03-11,0.0,0.0,Active
CRD0006544,5908-XXXX-XXXX-4559,CUS0009738,PRD-CC01,,Credit,2020-11-28,2026-11-19,861373.67,199812.19,Active
CRD0006545,4391-XXXX-XXXX-3159,CUS0004149,PRD-CC02,,Credit,2023-04-18,2026-08-11,1452914.95,142410.51,Active
CRD0006546,4135-XXXX-XXXX-8902,CUS0008053,PRD-DC01,ACC00007447,Debit,2021-06-16,2028-05-02,0.0,0.0,Active
CRD0006547,4456-XXXX-XXXX-7182,CUS0003760,PRD-CC02,,Credit,2024-09-27,2026-10-21,1098455.46,83837.77,Blocked
CRD0006548,5433-XXXX-XXXX-1465,CUS0008377,PRD-DC01,ACC00014426,Debit,2025-08-04,2027-03-30,0.0,0.0,Active
CRD0006549,4763-XXXX-XXXX-8677,CUS0008654,PRD-CC02,,Credit,2025-07-19,2028-11-20,414845.99,179314.13,Active
CRD0006550,4856-XXXX-XXXX-1813,CUS0006393,PRD-CC03,,Credit,2022-07-11,2028-10-09,906529.53,110674.35,Active
CRD0006551,4749-XXXX-XXXX-2683,CUS0005019,PRD-CC01,,Credit,2026-01-02,2026-12-04,1144112.42,93458.07,Active
CRD0006552,5322-XXXX-XXXX-8912,CUS0002097,PRD-CC01,,Credit,2022-12-27,2030-07-31,599896.72,169071.7,Active
CRD0006553,5606-XXXX-XXXX-2173,CUS0002766,PRD-DC01,ACC00001926,Debit,2025-01-28,2027-07-24,0.0,0.0,Active
CRD0006554,5198-XXXX-XXXX-3247,CUS0002822,PRD-CC01,,Credit,2020-08-06,2030-02-16,144812.14,86280.54,Active
CRD0006555,5901-XXXX-XXXX-3821,CUS0006168,PRD-CC03,,Credit,2023-03-08,2026-06-28,157550.43,72799.63,Active
CRD0006556,4130-XXXX-XXXX-3830,CUS0003576,PRD-CC04,,Credit,2022-07-07,2028-10-22,836562.33,25197.31,Active
CRD0006557,5606-XXXX-XXXX-4948,CUS0003174,PRD-CC04,,Credit,2023-07-14,2026-08-04,298689.34,57252.96,Active
CRD0006558,4890-XXXX-XXXX-2548,CUS0003136,PRD-CC03,,Credit,2022-02-02,2027-09-05,1019685.5,192149.79,Active
CRD0006559,5917-XXXX-XXXX-7489,CUS0002223,PRD-DC01,ACC00007434,Debit,2020-05-27,2026-12-30,0.0,0.0,Active
CRD0006560,4622-XXXX-XXXX-7081,CUS0007392,PRD-CC03,,Credit,2021-01-29,2028-10-31,1036440.82,10878.41,Active
CRD0006561,5367-XXXX-XXXX-5174,CUS0008725,PRD-CC01,,Credit,2024-05-19,2029-08-19,359807.39,146152.11,Expired
CRD0006562,5883-XXXX-XXXX-4706,CUS0008284,PRD-CC03,,Credit,2025-11-27,2028-06-10,35825.81,183088.7,Active
CRD0006563,4534-XXXX-XXXX-6309,CUS0006505,PRD-DC01,ACC00017217,Debit,2022-10-23,2030-02-09,0.0,0.0,Active
CRD0006564,5455-XXXX-XXXX-4693,CUS0008677,PRD-CC04,,Credit,2023-07-19,2030-04-07,993608.73,152960.68,Active
CRD0006565,5408-XXXX-XXXX-4727,CUS0009479,PRD-CC03,,Credit,2024-03-04,2026-05-01,1378880.18,185598.38,Active
CRD0006566,4854-XXXX-XXXX-3242,CUS0004135,PRD-DC01,ACC00014824,Debit,2024-03-07,2030-01-12,0.0,0.0,Active
CRD0006567,5154-XXXX-XXXX-4549,CUS0008647,PRD-DC01,ACC00006022,Debit,2023-08-18,2029-03-08,0.0,0.0,Active
CRD0006568,4120-XXXX-XXXX-7585,CUS0007182,PRD-DC02,ACC00016862,Debit,2020-10-21,2027-05-22,0.0,0.0,Active
CRD0006569,4470-XXXX-XXXX-7385,CUS0009955,PRD-CC03,,Credit,2025-11-27,2029-01-06,1410653.92,179409.85,Active
CRD0006570,5157-XXXX-XXXX-4595,CUS0002030,PRD-DC01,ACC00000153,Debit,2025-10-27,2026-05-10,0.0,0.0,Active
CRD0006571,5980-XXXX-XXXX-7577,CUS0007869,PRD-CC04,,Credit,2022-05-27,2027-05-05,1426351.99,163832.61,Active
CRD0006572,5755-XXXX-XXXX-1930,CUS0002780,PRD-DC02,ACC00005821,Debit,2025-03-29,2030-06-25,0.0,0.0,Active
CRD0006573,5854-XXXX-XXXX-8850,CUS0002179,PRD-DC01,ACC00016295,Debit,2026-02-04,2030-08-17,0.0,0.0,Active
CRD0006574,5767-XXXX-XXXX-4166,CUS0004793,PRD-DC02,,Debit,2026-02-17,2030-10-26,0.0,0.0,Active
CRD0006575,5309-XXXX-XXXX-6010,CUS0003589,PRD-CC04,,Credit,2024-06-10,2026-12-01,421823.7,152153.9,Blocked
CRD0006576,5373-XXXX-XXXX-3166,CUS0009602,PRD-CC02,,Credit,2024-06-27,2027-08-13,27100.77,77251.36,Active
CRD0006577,4763-XXXX-XXXX-3486,CUS0004719,PRD-CC04,,Credit,2024-03-01,2029-12-16,974308.88,109487.59,Active
CRD0006578,5797-XXXX-XXXX-6709,CUS0002515,PRD-DC02,ACC00015280,Debit,2023-04-11,2026-05-01,0.0,0.0,Active
CRD0006579,5121-XXXX-XXXX-8095,CUS0006285,PRD-CC02,,Credit,2023-06-25,2029-10-19,1440184.69,189071.37,Active
CRD0006580,5574-XXXX-XXXX-5865,CUS0000929,PRD-CC04,,Credit,2024-03-05,2028-05-06,265348.39,62655.17,Active
CRD0006581,5929-XXXX-XXXX-7361,CUS0006232,PRD-CC03,,Credit,2024-03-10,2026-06-04,1230987.03,41868.61,Active
CRD0006582,5223-XXXX-XXXX-4187,CUS0004407,PRD-DC01,ACC00001444,Debit,2023-02-23,2027-11-04,0.0,0.0,Blocked
CRD0006583,4361-XXXX-XXXX-9082,CUS0002159,PRD-CC03,,Credit,2021-05-08,2028-06-06,1276118.8,140888.63,Active
CRD0006584,5831-XXXX-XXXX-1517,CUS0003520,PRD-DC01,ACC00005715,Debit,2026-02-17,2026-05-17,0.0,0.0,Active
CRD0006585,5143-XXXX-XXXX-4489,CUS0000777,PRD-DC02,ACC00003252,Debit,2020-10-22,2030-11-14,0.0,0.0,Active
CRD0006586,5850-XXXX-XXXX-4778,CUS0005406,PRD-DC02,ACC00001249,Debit,2022-06-25,2026-08-29,0.0,0.0,Expired
CRD0006587,5648-XXXX-XXXX-5869,CUS0001616,PRD-DC01,,Debit,2023-06-13,2028-07-17,0.0,0.0,Blocked
CRD0006588,5863-XXXX-XXXX-9223,CUS0009015,PRD-DC01,ACC00010572,Debit,2021-03-09,2030-12-17,0.0,0.0,Active
CRD0006589,5682-XXXX-XXXX-9530,CUS0007416,PRD-CC01,,Credit,2024-11-10,2026-12-27,129873.17,60953.54,Active
CRD0006590,5118-XXXX-XXXX-2406,CUS0006186,PRD-CC03,,Credit,2023-01-08,2027-12-28,1258990.34,138395.24,Active
CRD0006591,4827-XXXX-XXXX-8805,CUS0008428,PRD-CC04,,Credit,2026-04-26,2029-02-06,1322059.67,157974.28,Active
CRD0006592,4760-XXXX-XXXX-5615,CUS0009128,PRD-CC03,,Credit,2021-04-04,2030-08-11,1300589.59,16238.01,Blocked
CRD0006593,4790-XXXX-XXXX-8867,CUS0009379,PRD-CC03,,Credit,2021-03-08,2030-09-11,1220887.46,173459.72,Active
CRD0006594,5602-XXXX-XXXX-3734,CUS0009430,PRD-DC01,,Debit,2024-10-30,2030-03-06,0.0,0.0,Blocked
CRD0006595,5312-XXXX-XXXX-3599,CUS0000720,PRD-CC02,,Credit,2025-08-21,2026-09-30,1482899.02,122431.32,Active
CRD0006596,5109-XXXX-XXXX-4270,CUS0005205,PRD-DC02,ACC00009778,Debit,2024-07-11,2028-04-16,0.0,0.0,Active
CRD0006597,4312-XXXX-XXXX-3134,CUS0003983,PRD-DC01,ACC00015517,Debit,2021-07-11,2029-02-01,0.0,0.0,Active
CRD0006598,4376-XXXX-XXXX-7546,CUS0009401,PRD-DC01,ACC00011987,Debit,2023-01-21,2026-06-25,0.0,0.0,Active
CRD0006599,5826-XXXX-XXXX-7491,CUS0003575,PRD-DC01,ACC00011293,Debit,2023-08-31,2028-02-06,0.0,0.0,Blocked
CRD0006600,4450-XXXX-XXXX-1215,CUS0008725,PRD-CC04,,Credit,2023-12-07,2030-04-05,1364226.53,33383.77,Active
CRD0006601,5349-XXXX-XXXX-3096,CUS0008215,PRD-CC03,,Credit,2020-05-13,2029-03-03,714392.65,34969.19,Active
CRD0006602,4861-XXXX-XXXX-8332,CUS0004587,PRD-DC02,ACC00005735,Debit,2025-08-11,2029-11-04,0.0,0.0,Active
CRD0006603,4776-XXXX-XXXX-1057,CUS0003968,PRD-DC01,ACC00003970,Debit,2022-08-29,2029-07-28,0.0,0.0,Active
CRD0006604,4443-XXXX-XXXX-8056,CUS0005748,PRD-DC02,,Debit,2021-03-27,2030-01-10,0.0,0.0,Expired
CRD0006605,5879-XXXX-XXXX-4609,CUS0009751,PRD-CC04,,Credit,2023-06-15,2027-04-03,1280874.1,127623.09,Active
CRD0006606,5125-XXXX-XXXX-5017,CUS0007531,PRD-CC01,,Credit,2022-02-18,2029-11-24,969937.77,78995.52,Active
CRD0006607,4587-XXXX-XXXX-7308,CUS0006601,PRD-CC03,,Credit,2024-02-18,2027-02-26,1269941.42,140764.01,Active
CRD0006608,5300-XXXX-XXXX-7968,CUS0008953,PRD-CC03,,Credit,2021-11-06,2030-01-07,858424.47,83471.19,Active
CRD0006609,5193-XXXX-XXXX-1848,CUS0007408,PRD-DC01,ACC00004215,Debit,2022-12-21,2026-10-08,0.0,0.0,Active
CRD0006610,4248-XXXX-XXXX-4983,CUS0008188,PRD-DC01,,Debit,2022-05-31,2026-09-03,0.0,0.0,Active
CRD0006611,5239-XXXX-XXXX-4932,CUS0003315,PRD-CC03,,Credit,2020-11-25,2026-09-06,784212.39,75893.18,Active
CRD0006612,5493-XXXX-XXXX-6042,CUS0007338,PRD-CC02,,Credit,2023-03-15,2028-09-27,202187.38,9268.68,Active
CRD0006613,5325-XXXX-XXXX-8105,CUS0002990,PRD-CC04,,Credit,2023-12-22,2026-12-20,1148266.92,46988.35,Active
CRD0006614,4260-XXXX-XXXX-5860,CUS0001551,PRD-CC03,,Credit,2023-09-16,2026-06-15,1461202.89,26374.34,Active
CRD0006615,5595-XXXX-XXXX-2644,CUS0009353,PRD-CC01,,Credit,2025-02-16,2029-05-28,69996.34,71762.68,Active
CRD0006616,5890-XXXX-XXXX-9312,CUS0005230,PRD-DC01,,Debit,2020-09-04,2027-09-27,0.0,0.0,Active
CRD0006617,4676-XXXX-XXXX-3424,CUS0005593,PRD-CC01,,Credit,2020-07-12,2030-01-31,872203.13,70556.76,Active
CRD0006618,5946-XXXX-XXXX-2224,CUS0001197,PRD-CC04,,Credit,2020-02-26,2027-05-22,825073.66,78711.69,Active
CRD0006619,4374-XXXX-XXXX-9631,CUS0007756,PRD-CC03,,Credit,2026-01-03,2027-08-20,53890.31,125776.51,Active
CRD0006620,4464-XXXX-XXXX-7987,CUS0002605,PRD-DC02,ACC00003025,Debit,2020-09-01,2026-10-01,0.0,0.0,Active
CRD0006621,4265-XXXX-XXXX-5653,CUS0001800,PRD-CC01,,Credit,2024-05-24,2029-04-28,807150.01,136123.35,Active
CRD0006622,5439-XXXX-XXXX-8319,CUS0003420,PRD-DC02,ACC00005733,Debit,2020-10-24,2029-07-09,0.0,0.0,Expired
CRD0006623,5100-XXXX-XXXX-5967,CUS0001381,PRD-CC04,,Credit,2023-09-18,2030-09-30,145107.11,176009.11,Active
CRD0006624,5686-XXXX-XXXX-6746,CUS0000985,PRD-CC02,,Credit,2021-07-10,2028-01-10,1324684.49,191831.09,Active
CRD0006625,5548-XXXX-XXXX-8142,CUS0001799,PRD-DC01,ACC00013633,Debit,2023-07-27,2030-01-04,0.0,0.0,Active
CRD0006626,5629-XXXX-XXXX-2817,CUS0003974,PRD-CC03,,Credit,2020-01-14,2027-06-21,474484.93,174811.81,Active
CRD0006627,4305-XXXX-XXXX-7840,CUS0002007,PRD-CC01,,Credit,2020-02-27,2027-11-29,661944.74,97854.72,Expired
CRD0006628,4616-XXXX-XXXX-4280,CUS0005875,PRD-DC01,ACC00016201,Debit,2021-03-23,2030-11-25,0.0,0.0,Active
CRD0006629,4256-XXXX-XXXX-6829,CUS0004684,PRD-DC01,ACC00007997,Debit,2021-01-05,2029-12-22,0.0,0.0,Active
CRD0006630,4562-XXXX-XXXX-9729,CUS0005111,PRD-CC03,,Credit,2020-10-14,2030-10-03,519090.28,46320.58,Active
CRD0006631,5976-XXXX-XXXX-6964,CUS0001252,PRD-CC02,,Credit,2024-02-20,2026-05-06,1251132.61,128463.8,Blocked
CRD0006632,5884-XXXX-XXXX-8004,CUS0002106,PRD-CC01,,Credit,2022-12-13,2026-11-17,1376528.69,22081.44,Active
CRD0006633,4410-XXXX-XXXX-5423,CUS0008267,PRD-DC01,ACC00015012,Debit,2020-06-01,2028-10-23,0.0,0.0,Active
CRD0006634,5694-XXXX-XXXX-2500,CUS0008796,PRD-CC03,,Credit,2022-02-14,2029-04-03,395581.19,132855.14,Active
CRD0006635,4284-XXXX-XXXX-5421,CUS0008231,PRD-CC04,,Credit,2022-07-08,2027-11-18,962054.18,40885.83,Active
CRD0006636,4228-XXXX-XXXX-6014,CUS0009433,PRD-DC02,ACC00013522,Debit,2024-06-22,2029-02-15,0.0,0.0,Active
CRD0006637,5338-XXXX-XXXX-5151,CUS0006502,PRD-DC02,,Debit,2022-08-27,2026-06-01,0.0,0.0,Active
CRD0006638,4871-XXXX-XXXX-8971,CUS0003250,PRD-DC02,,Debit,2020-01-12,2029-08-31,0.0,0.0,Active
CRD0006639,4888-XXXX-XXXX-6899,CUS0001135,PRD-CC04,,Credit,2026-04-13,2026-05-03,1451590.39,7612.5,Active
CRD0006640,4582-XXXX-XXXX-9003,CUS0007292,PRD-CC01,,Credit,2025-01-12,2029-04-04,456437.85,102751.11,Active
CRD0006641,5828-XXXX-XXXX-7374,CUS0009014,PRD-CC04,,Credit,2025-12-27,2027-11-12,134836.85,85599.06,Active
CRD0006642,5679-XXXX-XXXX-6114,CUS0008550,PRD-DC01,ACC00017755,Debit,2020-02-26,2026-12-13,0.0,0.0,Active
CRD0006643,4899-XXXX-XXXX-6830,CUS0000059,PRD-DC01,ACC00000483,Debit,2022-12-12,2027-04-04,0.0,0.0,Active
CRD0006644,4431-XXXX-XXXX-8477,CUS0005649,PRD-CC01,,Credit,2021-12-19,2028-09-27,377062.83,64669.11,Active
CRD0006645,4252-XXXX-XXXX-4748,CUS0003820,PRD-CC04,,Credit,2026-02-27,2027-08-02,1019280.64,98534.78,Active
CRD0006646,5321-XXXX-XXXX-7746,CUS0001789,PRD-DC02,ACC00016083,Debit,2023-05-27,2028-02-16,0.0,0.0,Active
CRD0006647,5585-XXXX-XXXX-2235,CUS0006014,PRD-DC02,ACC00012984,Debit,2020-07-02,2027-12-16,0.0,0.0,Blocked
CRD0006648,5529-XXXX-XXXX-9830,CUS0002998,PRD-CC03,,Credit,2020-02-19,2030-08-11,1332213.72,127919.93,Active
CRD0006649,5732-XXXX-XXXX-1194,CUS0006426,PRD-CC03,,Credit,2024-02-22,2026-10-01,1427207.48,169697.16,Active
CRD0006650,4942-XXXX-XXXX-8071,CUS0000256,PRD-CC04,,Credit,2021-12-05,2030-12-07,899774.35,106734.1,Active
CRD0006651,4343-XXXX-XXXX-1526,CUS0001669,PRD-CC02,,Credit,2023-06-17,2027-07-29,619951.11,93882.52,Active
CRD0006652,4340-XXXX-XXXX-9947,CUS0007033,PRD-DC01,,Debit,2022-08-26,2027-05-28,0.0,0.0,Active
CRD0006653,5982-XXXX-XXXX-6963,CUS0005480,PRD-CC02,,Credit,2023-10-27,2029-06-04,44820.51,191122.03,Active
CRD0006654,4122-XXXX-XXXX-5243,CUS0002941,PRD-CC03,,Credit,2022-11-07,2030-11-21,795480.25,97424.88,Active
CRD0006655,4996-XXXX-XXXX-6856,CUS0007332,PRD-DC02,ACC00016187,Debit,2020-04-11,2027-07-29,0.0,0.0,Active
CRD0006656,4953-XXXX-XXXX-1030,CUS0009859,PRD-CC02,,Credit,2021-07-08,2028-03-13,1121047.45,31405.42,Active
CRD0006657,5362-XXXX-XXXX-9610,CUS0000142,PRD-CC04,,Credit,2021-08-28,2027-10-13,292265.7,42348.71,Blocked
CRD0006658,4900-XXXX-XXXX-4754,CUS0001407,PRD-DC01,ACC00005260,Debit,2025-07-06,2026-05-02,0.0,0.0,Active
CRD0006659,5189-XXXX-XXXX-2919,CUS0006522,PRD-CC01,,Credit,2023-08-25,2028-08-29,1104088.9,62048.13,Active
CRD0006660,5461-XXXX-XXXX-2507,CUS0003829,PRD-CC04,,Credit,2026-02-02,2030-10-01,1326533.72,86020.91,Active
CRD0006661,5870-XXXX-XXXX-6489,CUS0007856,PRD-CC01,,Credit,2024-12-27,2027-06-29,467921.31,98184.29,Active
CRD0006662,4593-XXXX-XXXX-1627,CUS0000131,PRD-CC03,,Credit,2023-02-09,2029-12-21,1401313.8,73713.99,Active
CRD0006663,4861-XXXX-XXXX-7537,CUS0000483,PRD-CC01,,Credit,2020-10-29,2028-04-27,652618.18,52941.51,Active
CRD0006664,5686-XXXX-XXXX-2841,CUS0008276,PRD-DC02,,Debit,2022-11-13,2026-10-29,0.0,0.0,Active
CRD0006665,5716-XXXX-XXXX-6303,CUS0007875,PRD-CC01,,Credit,2022-01-01,2030-01-13,591266.45,34598.64,Active
CRD0006666,5713-XXXX-XXXX-7623,CUS0003535,PRD-DC02,ACC00017855,Debit,2022-09-01,2028-03-12,0.0,0.0,Active
CRD0006667,5124-XXXX-XXXX-6895,CUS0002393,PRD-CC01,,Credit,2024-04-04,2029-04-28,922856.29,84807.14,Active
CRD0006668,4687-XXXX-XXXX-5896,CUS0002939,PRD-DC01,ACC00002749,Debit,2024-04-24,2028-10-02,0.0,0.0,Active
CRD0006669,5983-XXXX-XXXX-1640,CUS0002690,PRD-DC01,ACC00010657,Debit,2021-12-19,2029-01-12,0.0,0.0,Active
CRD0006670,4547-XXXX-XXXX-9602,CUS0003523,PRD-CC02,,Credit,2020-11-02,2030-11-12,1471620.43,132733.11,Active
CRD0006671,4408-XXXX-XXXX-6272,CUS0001932,PRD-CC01,,Credit,2025-06-20,2029-01-21,571568.18,58963.81,Active
CRD0006672,5180-XXXX-XXXX-2444,CUS0000947,PRD-CC01,,Credit,2023-12-08,2026-06-20,971265.98,157144.77,Active
CRD0006673,5132-XXXX-XXXX-3046,CUS0005652,PRD-CC02,,Credit,2023-03-20,2027-07-20,474440.88,98642.36,Active
CRD0006674,5515-XXXX-XXXX-7604,CUS0006043,PRD-DC01,ACC00008273,Debit,2022-06-15,2028-06-28,0.0,0.0,Active
CRD0006675,5769-XXXX-XXXX-1421,CUS0001744,PRD-CC02,,Credit,2024-11-08,2028-01-25,692281.15,196174.83,Blocked
CRD0006676,4750-XXXX-XXXX-2063,CUS0000758,PRD-DC02,ACC00013894,Debit,2025-02-18,2028-07-12,0.0,0.0,Active
CRD0006677,4579-XXXX-XXXX-8546,CUS0007957,PRD-CC02,,Credit,2020-05-30,2030-06-14,930191.71,126820.56,Active
CRD0006678,4656-XXXX-XXXX-3564,CUS0001638,PRD-CC03,,Credit,2025-10-18,2028-09-12,744460.07,87072.03,Expired
CRD0006679,5469-XXXX-XXXX-9362,CUS0007006,PRD-CC03,,Credit,2020-09-17,2030-06-26,795408.89,117956.35,Active
CRD0006680,5509-XXXX-XXXX-9228,CUS0002248,PRD-CC03,,Credit,2020-08-29,2028-02-02,666381.64,151961.19,Active
CRD0006681,4679-XXXX-XXXX-5701,CUS0009925,PRD-DC01,ACC00006337,Debit,2021-10-01,2029-01-11,0.0,0.0,Active
CRD0006682,5713-XXXX-XXXX-4989,CUS0003806,PRD-DC01,ACC00015941,Debit,2020-09-28,2027-03-18,0.0,0.0,Active
CRD0006683,4692-XXXX-XXXX-5651,CUS0009180,PRD-CC03,,Credit,2022-07-08,2028-01-15,1292381.06,165880.93,Active
CRD0006684,5747-XXXX-XXXX-2882,CUS0000652,PRD-DC01,ACC00013390,Debit,2022-09-10,2030-09-26,0.0,0.0,Active
CRD0006685,4491-XXXX-XXXX-1959,CUS0004967,PRD-CC03,,Credit,2026-01-23,2028-06-26,192512.7,24225.46,Active
CRD0006686,4667-XXXX-XXXX-1167,CUS0003780,PRD-DC02,ACC00010486,Debit,2025-03-14,2028-11-08,0.0,0.0,Active
CRD0006687,5608-XXXX-XXXX-7769,CUS0002337,PRD-DC01,ACC00001575,Debit,2023-12-14,2027-10-14,0.0,0.0,Active
CRD0006688,5498-XXXX-XXXX-7680,CUS0009695,PRD-CC03,,Credit,2020-08-16,2028-09-29,1436614.16,101815.31,Active
CRD0006689,5411-XXXX-XXXX-2534,CUS0006808,PRD-CC03,,Credit,2020-04-11,2027-11-24,508556.61,100221.69,Active
CRD0006690,4387-XXXX-XXXX-6643,CUS0001231,PRD-DC01,ACC00003522,Debit,2021-10-19,2028-02-29,0.0,0.0,Active
CRD0006691,5119-XXXX-XXXX-5346,CUS0000793,PRD-CC04,,Credit,2026-01-07,2026-08-31,199389.16,115501.16,Active
CRD0006692,5610-XXXX-XXXX-7799,CUS0006250,PRD-CC03,,Credit,2021-08-31,2028-05-17,333595.95,132808.32,Active
CRD0006693,4895-XXXX-XXXX-1602,CUS0004545,PRD-CC01,,Credit,2025-03-21,2027-06-27,735307.28,103356.54,Active
CRD0006694,4579-XXXX-XXXX-4816,CUS0006543,PRD-DC01,ACC00000026,Debit,2022-10-09,2030-06-13,0.0,0.0,Active
CRD0006695,5952-XXXX-XXXX-3173,CUS0009978,PRD-CC02,,Credit,2025-01-01,2029-01-09,655806.95,39931.55,Active
CRD0006696,5961-XXXX-XXXX-5731,CUS0004892,PRD-DC01,ACC00006274,Debit,2020-10-26,2030-08-03,0.0,0.0,Active
CRD0006697,4890-XXXX-XXXX-7290,CUS0007101,PRD-DC02,ACC00012640,Debit,2020-03-24,2026-08-26,0.0,0.0,Active
CRD0006698,5701-XXXX-XXXX-9057,CUS0003973,PRD-DC01,,Debit,2021-06-21,2030-02-28,0.0,0.0,Active
CRD0006699,4939-XXXX-XXXX-4951,CUS0001686,PRD-CC04,,Credit,2021-04-21,2027-03-30,618385.59,97162.99,Active
CRD0006700,5234-XXXX-XXXX-1967,CUS0006316,PRD-CC03,,Credit,2021-08-22,2030-03-11,191589.13,86926.84,Active
CRD0006701,4243-XXXX-XXXX-1488,CUS0001302,PRD-CC03,,Credit,2020-05-08,2026-05-05,1296997.16,96592.66,Blocked
CRD0006702,5568-XXXX-XXXX-9720,CUS0007182,PRD-CC04,,Credit,2024-04-02,2028-09-19,1292861.3,59048.94,Active
CRD0006703,4338-XXXX-XXXX-6083,CUS0000340,PRD-CC01,,Credit,2023-04-12,2028-03-21,511805.3,33829.62,Active
CRD0006704,5429-XXXX-XXXX-8489,CUS0001854,PRD-CC04,,Credit,2020-08-28,2026-06-19,621132.11,8723.06,Active
CRD0006705,5526-XXXX-XXXX-6210,CUS0006029,PRD-CC03,,Credit,2021-05-07,2027-05-25,1388245.48,43050.46,Active
CRD0006706,4321-XXXX-XXXX-4071,CUS0000333,PRD-DC01,ACC00008012,Debit,2023-06-25,2027-12-24,0.0,0.0,Active
CRD0006707,4665-XXXX-XXXX-8425,CUS0000252,PRD-CC02,,Credit,2022-09-09,2030-04-14,1079274.13,162620.0,Active
CRD0006708,5761-XXXX-XXXX-2302,CUS0005637,PRD-CC02,,Credit,2025-06-09,2028-01-04,824231.22,191149.46,Active
CRD0006709,4263-XXXX-XXXX-8330,CUS0005889,PRD-DC02,,Debit,2024-05-15,2028-02-23,0.0,0.0,Active
CRD0006710,4329-XXXX-XXXX-8010,CUS0002280,PRD-CC02,,Credit,2021-06-17,2026-09-09,765079.32,64009.12,Active
CRD0006711,5905-XXXX-XXXX-2636,CUS0004695,PRD-CC01,,Credit,2024-12-12,2026-05-08,287375.83,42711.46,Active
CRD0006712,4702-XXXX-XXXX-7738,CUS0004283,PRD-DC02,ACC00007966,Debit,2021-12-07,2030-08-20,0.0,0.0,Active
CRD0006713,4989-XXXX-XXXX-7757,CUS0009324,PRD-CC03,,Credit,2026-03-21,2030-05-06,732453.55,229.54,Active
CRD0006714,5381-XXXX-XXXX-3890,CUS0007742,PRD-CC01,,Credit,2025-05-16,2028-09-08,1022512.26,132106.1,Active
CRD0006715,4731-XXXX-XXXX-6420,CUS0004274,PRD-CC04,,Credit,2023-06-10,2027-04-22,745962.51,31532.17,Active
CRD0006716,4561-XXXX-XXXX-1875,CUS0007848,PRD-CC03,,Credit,2024-05-19,2027-02-04,1402527.37,85916.3,Active
CRD0006717,5864-XXXX-XXXX-5417,CUS0007794,PRD-CC02,,Credit,2026-02-08,2026-08-28,702342.25,178195.84,Active
CRD0006718,5851-XXXX-XXXX-4366,CUS0009422,PRD-CC01,,Credit,2025-04-21,2030-08-02,1265786.44,73223.39,Active
CRD0006719,4645-XXXX-XXXX-7485,CUS0007282,PRD-DC02,ACC00010101,Debit,2020-12-30,2027-12-18,0.0,0.0,Active
CRD0006720,4243-XXXX-XXXX-3287,CUS0001177,PRD-CC02,,Credit,2024-02-08,2029-11-17,556821.22,151333.16,Active
CRD0006721,5936-XXXX-XXXX-2794,CUS0007937,PRD-DC01,ACC00002119,Debit,2023-07-20,2027-03-08,0.0,0.0,Active
CRD0006722,5260-XXXX-XXXX-9785,CUS0009524,PRD-DC02,,Debit,2022-04-14,2029-03-31,0.0,0.0,Active
CRD0006723,4542-XXXX-XXXX-3887,CUS0004571,PRD-CC03,,Credit,2024-03-06,2027-09-18,762329.58,1635.19,Active
CRD0006724,5960-XXXX-XXXX-7549,CUS0005333,PRD-DC01,ACC00005325,Debit,2022-02-08,2026-10-04,0.0,0.0,Blocked
CRD0006725,5618-XXXX-XXXX-1283,CUS0005508,PRD-CC04,,Credit,2020-05-29,2028-07-18,91379.07,194688.89,Active
CRD0006726,4655-XXXX-XXXX-7274,CUS0007675,PRD-CC02,,Credit,2020-08-28,2030-07-19,473201.14,181291.69,Active
CRD0006727,5785-XXXX-XXXX-5158,CUS0004054,PRD-CC04,,Credit,2024-08-13,2029-01-30,147119.52,77389.01,Active
CRD0006728,5916-XXXX-XXXX-6572,CUS0000778,PRD-DC02,ACC00012878,Debit,2020-12-02,2028-03-27,0.0,0.0,Active
CRD0006729,5508-XXXX-XXXX-9336,CUS0000032,PRD-DC02,ACC00016373,Debit,2021-06-20,2027-11-30,0.0,0.0,Active
CRD0006730,5868-XXXX-XXXX-9264,CUS0008944,PRD-DC01,ACC00001371,Debit,2022-01-30,2026-07-08,0.0,0.0,Active
CRD0006731,5448-XXXX-XXXX-8059,CUS0001907,PRD-CC03,,Credit,2024-07-26,2028-06-02,193265.61,191317.55,Active
CRD0006732,5276-XXXX-XXXX-1036,CUS0000251,PRD-CC04,,Credit,2022-07-22,2029-06-23,1205790.43,128766.37,Active
CRD0006733,4240-XXXX-XXXX-8743,CUS0008850,PRD-DC02,ACC00011885,Debit,2020-05-22,2029-06-27,0.0,0.0,Active
CRD0006734,4798-XXXX-XXXX-4444,CUS0009465,PRD-CC02,,Credit,2025-02-27,2028-11-10,548518.41,156740.71,Active
CRD0006735,4403-XXXX-XXXX-4144,CUS0006682,PRD-CC04,,Credit,2022-07-30,2028-09-19,1053670.96,53328.67,Active
CRD0006736,5137-XXXX-XXXX-1808,CUS0000301,PRD-DC02,ACC00005536,Debit,2025-06-17,2029-01-17,0.0,0.0,Expired
CRD0006737,5751-XXXX-XXXX-7359,CUS0007331,PRD-CC04,,Credit,2025-03-10,2028-11-27,37070.82,123572.9,Blocked
CRD0006738,4614-XXXX-XXXX-4378,CUS0004640,PRD-CC01,,Credit,2025-09-11,2027-11-08,578711.47,86172.02,Active
CRD0006739,5180-XXXX-XXXX-3205,CUS0006304,PRD-CC02,,Credit,2022-04-29,2030-09-18,1361178.21,24298.55,Active
CRD0006740,5806-XXXX-XXXX-8693,CUS0001587,PRD-DC01,ACC00008854,Debit,2024-09-22,2027-03-28,0.0,0.0,Active
CRD0006741,5468-XXXX-XXXX-8404,CUS0000680,PRD-DC01,ACC00017980,Debit,2020-03-24,2026-08-29,0.0,0.0,Active
CRD0006742,5538-XXXX-XXXX-4644,CUS0005174,PRD-DC02,,Debit,2021-06-22,2028-05-27,0.0,0.0,Active
CRD0006743,5820-XXXX-XXXX-6895,CUS0005029,PRD-CC02,,Credit,2024-03-25,2027-04-29,1201972.2,130645.67,Active
CRD0006744,5118-XXXX-XXXX-3582,CUS0001680,PRD-CC02,,Credit,2024-11-10,2029-08-08,1484872.15,194372.39,Active
CRD0006745,4721-XXXX-XXXX-2863,CUS0003711,PRD-CC04,,Credit,2020-06-11,2029-12-01,627108.04,50586.82,Active
CRD0006746,4984-XXXX-XXXX-8242,CUS0000845,PRD-DC01,ACC00005906,Debit,2022-11-25,2027-11-05,0.0,0.0,Active
CRD0006747,4241-XXXX-XXXX-1670,CUS0001002,PRD-CC01,,Credit,2024-09-27,2030-12-10,422896.94,139376.28,Active
CRD0006748,4888-XXXX-XXXX-4327,CUS0000730,PRD-CC01,,Credit,2025-04-03,2026-07-02,1397850.85,172448.61,Active
CRD0006749,5234-XXXX-XXXX-3936,CUS0008274,PRD-CC03,,Credit,2020-04-13,2027-03-02,317590.6,65081.69,Active
CRD0006750,5405-XXXX-XXXX-6511,CUS0007270,PRD-DC02,ACC00009206,Debit,2024-03-02,2028-12-28,0.0,0.0,Active
CRD0006751,4865-XXXX-XXXX-8089,CUS0009914,PRD-CC04,,Credit,2022-05-03,2027-06-26,1362076.89,166431.91,Active
CRD0006752,5117-XXXX-XXXX-8736,CUS0004042,PRD-DC01,ACC00003054,Debit,2024-01-22,2030-01-24,0.0,0.0,Active
CRD0006753,4300-XXXX-XXXX-1636,CUS0002251,PRD-DC01,ACC00017590,Debit,2021-01-07,2030-08-07,0.0,0.0,Active
CRD0006754,5668-XXXX-XXXX-3912,CUS0005224,PRD-CC04,,Credit,2020-10-27,2027-10-28,838386.31,9964.54,Active
CRD0006755,4614-XXXX-XXXX-4124,CUS0009801,PRD-DC01,ACC00014113,Debit,2024-05-23,2026-10-23,0.0,0.0,Active
CRD0006756,5161-XXXX-XXXX-7354,CUS0003859,PRD-DC01,ACC00002397,Debit,2020-02-17,2027-08-23,0.0,0.0,Active
CRD0006757,4603-XXXX-XXXX-5155,CUS0004434,PRD-CC03,,Credit,2020-10-01,2029-02-08,318588.67,41150.24,Active
CRD0006758,4531-XXXX-XXXX-4562,CUS0004152,PRD-CC03,,Credit,2020-05-15,2027-05-12,112067.59,48553.43,Active
CRD0006759,5192-XXXX-XXXX-3648,CUS0004744,PRD-DC02,ACC00011241,Debit,2024-04-27,2028-07-10,0.0,0.0,Active
CRD0006760,5445-XXXX-XXXX-5024,CUS0008532,PRD-CC02,,Credit,2021-06-06,2027-11-08,1293714.33,177850.47,Active
CRD0006761,5874-XXXX-XXXX-4050,CUS0008607,PRD-CC01,,Credit,2022-09-14,2027-09-20,1135308.5,117498.73,Active
CRD0006762,4125-XXXX-XXXX-3057,CUS0000643,PRD-DC01,ACC00011321,Debit,2020-01-04,2028-10-07,0.0,0.0,Expired
CRD0006763,4573-XXXX-XXXX-6594,CUS0006199,PRD-DC02,ACC00013436,Debit,2020-08-23,2027-06-08,0.0,0.0,Active
CRD0006764,4821-XXXX-XXXX-6947,CUS0009975,PRD-DC02,ACC00006295,Debit,2023-07-26,2030-01-06,0.0,0.0,Active
CRD0006765,4583-XXXX-XXXX-1660,CUS0003771,PRD-CC01,,Credit,2022-03-25,2030-08-05,1385062.89,89273.8,Active
CRD0006766,4423-XXXX-XXXX-6836,CUS0009361,PRD-CC04,,Credit,2025-05-06,2030-08-05,967192.46,125814.46,Active
CRD0006767,5368-XXXX-XXXX-5661,CUS0001224,PRD-DC01,ACC00017316,Debit,2023-10-09,2029-05-05,0.0,0.0,Active
CRD0006768,4960-XXXX-XXXX-3526,CUS0009024,PRD-DC02,ACC00015963,Debit,2024-08-21,2028-04-23,0.0,0.0,Active
CRD0006769,5266-XXXX-XXXX-2462,CUS0003805,PRD-DC02,,Debit,2025-10-06,2026-11-14,0.0,0.0,Active
CRD0006770,5360-XXXX-XXXX-2559,CUS0007861,PRD-DC01,ACC00015251,Debit,2021-06-17,2027-01-27,0.0,0.0,Active
CRD0006771,4625-XXXX-XXXX-3853,CUS0000113,PRD-CC04,,Credit,2020-01-03,2028-11-22,1244019.08,134405.88,Active
CRD0006772,4298-XXXX-XXXX-9525,CUS0000188,PRD-CC04,,Credit,2025-08-22,2029-12-09,528170.92,22514.48,Active
CRD0006773,5943-XXXX-XXXX-3363,CUS0006358,PRD-DC01,ACC00010988,Debit,2021-10-23,2029-05-15,0.0,0.0,Active
CRD0006774,5543-XXXX-XXXX-7493,CUS0000052,PRD-CC04,,Credit,2021-09-02,2027-06-20,941711.92,67123.05,Active
CRD0006775,5492-XXXX-XXXX-7242,CUS0007532,PRD-CC03,,Credit,2025-12-09,2026-06-20,837989.22,195045.65,Active
CRD0006776,4142-XXXX-XXXX-7687,CUS0000082,PRD-CC01,,Credit,2023-08-01,2028-05-27,954235.14,57333.29,Active
CRD0006777,5981-XXXX-XXXX-8690,CUS0008121,PRD-CC02,,Credit,2024-11-15,2028-12-30,228928.3,171153.52,Active
CRD0006778,5381-XXXX-XXXX-7176,CUS0001584,PRD-CC01,,Credit,2024-11-06,2028-01-10,1090383.23,152541.42,Active
CRD0006779,4188-XXXX-XXXX-5549,CUS0000376,PRD-DC01,ACC00002949,Debit,2022-06-19,2028-12-01,0.0,0.0,Active
CRD0006780,5331-XXXX-XXXX-8252,CUS0009955,PRD-DC01,,Debit,2020-05-15,2026-08-13,0.0,0.0,Active
CRD0006781,4318-XXXX-XXXX-4776,CUS0000837,PRD-CC03,,Credit,2024-02-01,2030-10-05,1452837.24,21285.89,Active
CRD0006782,5846-XXXX-XXXX-9006,CUS0001873,PRD-CC04,,Credit,2022-08-08,2028-06-29,997732.13,35820.23,Active
CRD0006783,5713-XXXX-XXXX-9075,CUS0009771,PRD-CC02,,Credit,2023-10-14,2026-07-07,546631.9,58012.29,Active
CRD0006784,5435-XXXX-XXXX-6666,CUS0007899,PRD-CC01,,Credit,2025-01-30,2026-06-02,1447992.14,199829.67,Active
CRD0006785,5645-XXXX-XXXX-7320,CUS0003430,PRD-DC01,ACC00010545,Debit,2021-05-29,2029-04-13,0.0,0.0,Active
CRD0006786,5707-XXXX-XXXX-1435,CUS0001236,PRD-CC01,,Credit,2025-06-19,2029-04-18,558825.35,61463.56,Active
CRD0006787,5242-XXXX-XXXX-8328,CUS0009110,PRD-CC04,,Credit,2025-06-16,2027-04-05,1078721.67,108111.43,Active
CRD0006788,5795-XXXX-XXXX-6595,CUS0003136,PRD-DC01,ACC00009156,Debit,2025-05-16,2030-06-10,0.0,0.0,Active
CRD0006789,4942-XXXX-XXXX-7499,CUS0005603,PRD-CC02,,Credit,2020-08-05,2030-08-01,1278843.93,183386.11,Active
CRD0006790,4650-XXXX-XXXX-2361,CUS0004728,PRD-DC02,ACC00016166,Debit,2024-07-17,2026-08-26,0.0,0.0,Active
CRD0006791,5686-XXXX-XXXX-8916,CUS0009689,PRD-DC02,ACC00009148,Debit,2022-05-29,2030-07-03,0.0,0.0,Active
CRD0006792,4153-XXXX-XXXX-5276,CUS0004393,PRD-CC04,,Credit,2026-04-25,2028-09-20,1333479.58,45387.64,Active
CRD0006793,4888-XXXX-XXXX-9901,CUS0008288,PRD-CC03,,Credit,2025-12-30,2027-10-17,1282604.16,128593.0,Active
CRD0006794,4739-XXXX-XXXX-5266,CUS0006751,PRD-CC04,,Credit,2025-07-13,2029-09-06,256331.49,146414.56,Active
CRD0006795,5205-XXXX-XXXX-2597,CUS0003100,PRD-DC01,ACC00004622,Debit,2025-07-17,2029-03-07,0.0,0.0,Active
CRD0006796,4849-XXXX-XXXX-7349,CUS0006194,PRD-DC01,ACC00015565,Debit,2023-04-18,2029-02-17,0.0,0.0,Active
CRD0006797,4612-XXXX-XXXX-9486,CUS0002551,PRD-CC02,,Credit,2020-12-15,2029-01-18,103266.82,156069.53,Expired
CRD0006798,5688-XXXX-XXXX-8170,CUS0001487,PRD-CC01,,Credit,2025-06-18,2026-07-17,249092.3,39793.59,Active
CRD0006799,4782-XXXX-XXXX-7750,CUS0000382,PRD-DC01,ACC00013298,Debit,2023-03-21,2028-06-06,0.0,0.0,Active
CRD0006800,4530-XXXX-XXXX-2231,CUS0003104,PRD-CC03,,Credit,2025-02-26,2028-06-25,758758.86,117307.8,Active
CRD0006801,4631-XXXX-XXXX-5548,CUS0002935,PRD-DC02,ACC00016500,Debit,2024-10-02,2027-03-16,0.0,0.0,Active
CRD0006802,4734-XXXX-XXXX-9472,CUS0008290,PRD-CC02,,Credit,2022-08-18,2027-01-19,981589.12,199980.08,Blocked
CRD0006803,4225-XXXX-XXXX-3811,CUS0002461,PRD-DC02,ACC00007072,Debit,2021-05-14,2030-09-27,0.0,0.0,Active
CRD0006804,5749-XXXX-XXXX-9892,CUS0000636,PRD-CC01,,Credit,2021-10-04,2030-09-16,356007.92,64380.7,Active
CRD0006805,5182-XXXX-XXXX-8190,CUS0001233,PRD-CC01,,Credit,2020-10-25,2026-09-13,191390.26,43003.34,Expired
CRD0006806,4236-XXXX-XXXX-3346,CUS0003353,PRD-DC02,ACC00003238,Debit,2023-08-18,2030-05-24,0.0,0.0,Active
CRD0006807,4124-XXXX-XXXX-7643,CUS0004436,PRD-CC01,,Credit,2023-01-03,2027-05-10,170775.64,72820.17,Active
CRD0006808,5712-XXXX-XXXX-6037,CUS0008510,PRD-CC01,,Credit,2024-11-15,2027-08-19,125676.75,100609.01,Active
CRD0006809,5138-XXXX-XXXX-9825,CUS0004793,PRD-CC01,,Credit,2022-11-06,2030-05-09,889848.48,4730.62,Active
CRD0006810,4150-XXXX-XXXX-1139,CUS0006469,PRD-DC02,ACC00005711,Debit,2022-09-03,2028-11-05,0.0,0.0,Active
CRD0006811,4891-XXXX-XXXX-7149,CUS0003054,PRD-CC02,,Credit,2020-07-14,2028-09-05,892212.82,40977.54,Active
CRD0006812,5561-XXXX-XXXX-4771,CUS0008905,PRD-CC03,,Credit,2026-01-29,2027-06-20,679809.92,70932.41,Active
CRD0006813,4398-XXXX-XXXX-4777,CUS0002045,PRD-CC02,,Credit,2022-05-10,2026-09-10,63224.83,68327.45,Active
CRD0006814,4827-XXXX-XXXX-1830,CUS0000753,PRD-DC01,ACC00001793,Debit,2021-11-30,2029-10-25,0.0,0.0,Active
CRD0006815,4534-XXXX-XXXX-5453,CUS0004980,PRD-DC01,ACC00000310,Debit,2025-06-29,2026-07-07,0.0,0.0,Active
CRD0006816,5916-XXXX-XXXX-3754,CUS0005198,PRD-CC01,,Credit,2021-04-27,2028-07-09,583330.81,27104.95,Active
CRD0006817,4737-XXXX-XXXX-7635,CUS0009509,PRD-CC04,,Credit,2024-01-08,2026-09-13,1029545.37,158236.21,Active
CRD0006818,4465-XXXX-XXXX-4472,CUS0003048,PRD-CC04,,Credit,2024-05-06,2028-02-25,1258870.12,108171.77,Active
CRD0006819,5724-XXXX-XXXX-5177,CUS0001651,PRD-CC02,,Credit,2021-01-16,2030-06-26,250508.01,136649.51,Active
CRD0006820,4824-XXXX-XXXX-5679,CUS0003643,PRD-CC04,,Credit,2024-05-30,2029-01-01,1298878.17,62733.87,Active
CRD0006821,4578-XXXX-XXXX-7614,CUS0000473,PRD-CC02,,Credit,2023-02-24,2030-12-08,894251.67,95359.12,Active
CRD0006822,4448-XXXX-XXXX-8366,CUS0008378,PRD-DC01,ACC00014478,Debit,2022-01-20,2030-02-09,0.0,0.0,Active
CRD0006823,5956-XXXX-XXXX-1765,CUS0009948,PRD-CC02,,Credit,2023-06-09,2028-11-03,929176.77,47551.82,Active
CRD0006824,4897-XXXX-XXXX-2607,CUS0004745,PRD-DC02,,Debit,2020-11-04,2026-06-08,0.0,0.0,Expired
CRD0006825,4760-XXXX-XXXX-8390,CUS0006694,PRD-CC04,,Credit,2021-10-29,2027-06-01,696538.87,55950.84,Active
CRD0006826,5913-XXXX-XXXX-9483,CUS0000914,PRD-CC02,,Credit,2020-12-05,2028-02-21,968564.63,96215.18,Active
CRD0006827,5364-XXXX-XXXX-9393,CUS0007770,PRD-DC02,ACC00016183,Debit,2021-08-09,2026-05-11,0.0,0.0,Expired
CRD0006828,4327-XXXX-XXXX-2315,CUS0005885,PRD-DC01,ACC00013056,Debit,2025-05-06,2026-07-25,0.0,0.0,Active
CRD0006829,4455-XXXX-XXXX-3772,CUS0001586,PRD-DC02,ACC00011130,Debit,2024-03-09,2030-05-23,0.0,0.0,Active
CRD0006830,5728-XXXX-XXXX-4520,CUS0008773,PRD-DC01,,Debit,2022-01-03,2028-03-29,0.0,0.0,Active
CRD0006831,4739-XXXX-XXXX-7251,CUS0002493,PRD-CC04,,Credit,2021-01-24,2030-06-05,878272.14,83291.34,Active
CRD0006832,4342-XXXX-XXXX-5479,CUS0005688,PRD-CC03,,Credit,2024-02-01,2030-06-08,651604.41,177715.41,Active
CRD0006833,5565-XXXX-XXXX-8615,CUS0004787,PRD-DC01,,Debit,2023-12-22,2028-10-14,0.0,0.0,Active
CRD0006834,5994-XXXX-XXXX-1289,CUS0001081,PRD-DC02,ACC00013082,Debit,2025-11-24,2026-06-16,0.0,0.0,Active
CRD0006835,5683-XXXX-XXXX-9233,CUS0003573,PRD-CC01,,Credit,2022-12-18,2029-04-28,1151246.43,17265.38,Active
CRD0006836,4372-XXXX-XXXX-9891,CUS0002301,PRD-DC01,ACC00011892,Debit,2024-09-09,2029-12-20,0.0,0.0,Active
CRD0006837,4919-XXXX-XXXX-4127,CUS0001908,PRD-CC03,,Credit,2025-07-10,2028-08-02,427536.46,38911.42,Active
CRD0006838,4381-XXXX-XXXX-2797,CUS0009418,PRD-CC03,,Credit,2022-08-03,2028-03-30,219807.19,87584.15,Active
CRD0006839,4979-XXXX-XXXX-6340,CUS0009043,PRD-CC02,,Credit,2023-03-01,2027-11-25,1282566.88,41356.47,Active
CRD0006840,5792-XXXX-XXXX-5052,CUS0005445,PRD-DC01,ACC00015020,Debit,2021-02-15,2027-09-30,0.0,0.0,Active
CRD0006841,4381-XXXX-XXXX-9891,CUS0008163,PRD-CC03,,Credit,2023-01-05,2030-04-20,609768.76,111544.84,Active
CRD0006842,4591-XXXX-XXXX-4588,CUS0004530,PRD-DC01,ACC00013068,Debit,2020-12-04,2028-02-19,0.0,0.0,Blocked
CRD0006843,4855-XXXX-XXXX-2741,CUS0000094,PRD-DC02,ACC00006899,Debit,2023-03-08,2030-12-20,0.0,0.0,Active
CRD0006844,5197-XXXX-XXXX-3939,CUS0007887,PRD-DC01,ACC00012896,Debit,2026-03-23,2027-05-18,0.0,0.0,Active
CRD0006845,5337-XXXX-XXXX-8253,CUS0001900,PRD-CC04,,Credit,2021-03-22,2029-10-01,1442887.03,92137.73,Active
CRD0006846,5755-XXXX-XXXX-6364,CUS0006690,PRD-CC04,,Credit,2021-10-18,2027-09-01,288835.27,38040.84,Active
CRD0006847,4177-XXXX-XXXX-3398,CUS0002790,PRD-CC02,,Credit,2025-11-06,2027-06-27,1415252.38,34168.0,Active
CRD0006848,5567-XXXX-XXXX-6423,CUS0006234,PRD-DC01,ACC00004760,Debit,2023-12-09,2029-12-25,0.0,0.0,Active
CRD0006849,5484-XXXX-XXXX-6195,CUS0004545,PRD-CC01,,Credit,2022-04-25,2029-09-18,37168.11,152142.72,Expired
CRD0006850,4593-XXXX-XXXX-7983,CUS0008854,PRD-CC01,,Credit,2025-03-24,2028-03-30,342417.04,145373.06,Active
CRD0006851,5173-XXXX-XXXX-8189,CUS0004896,PRD-DC01,ACC00015821,Debit,2021-08-01,2030-05-14,0.0,0.0,Active
CRD0006852,5529-XXXX-XXXX-9266,CUS0008337,PRD-DC01,ACC00008705,Debit,2023-11-07,2027-03-09,0.0,0.0,Active
CRD0006853,5387-XXXX-XXXX-1973,CUS0003283,PRD-CC02,,Credit,2021-10-11,2028-06-13,336079.16,103506.68,Active
CRD0006854,4297-XXXX-XXXX-2040,CUS0003592,PRD-DC01,ACC00008878,Debit,2020-02-09,2028-09-26,0.0,0.0,Active
CRD0006855,5194-XXXX-XXXX-2991,CUS0007818,PRD-DC01,ACC00004366,Debit,2025-05-18,2027-07-10,0.0,0.0,Active
CRD0006856,5850-XXXX-XXXX-9159,CUS0006291,PRD-DC01,,Debit,2023-06-17,2028-08-25,0.0,0.0,Active
CRD0006857,4573-XXXX-XXXX-9735,CUS0006246,PRD-CC02,,Credit,2022-12-05,2028-01-09,643439.87,6739.97,Active
CRD0006858,5527-XXXX-XXXX-5595,CUS0006740,PRD-CC02,,Credit,2023-08-31,2026-09-17,709086.09,51018.92,Active
CRD0006859,4884-XXXX-XXXX-2623,CUS0005544,PRD-CC01,,Credit,2021-04-02,2027-06-01,235327.06,86033.19,Active
CRD0006860,4376-XXXX-XXXX-6585,CUS0001994,PRD-CC03,,Credit,2023-08-26,2030-11-25,1207055.69,104646.7,Active
CRD0006861,5199-XXXX-XXXX-4614,CUS0000284,PRD-CC01,,Credit,2023-03-15,2026-07-14,578236.18,128534.84,Active
CRD0006862,5850-XXXX-XXXX-8596,CUS0004249,PRD-CC01,,Credit,2020-06-11,2029-12-05,836953.72,146476.13,Active
CRD0006863,5621-XXXX-XXXX-1827,CUS0003539,PRD-DC02,ACC00011999,Debit,2021-06-24,2026-10-09,0.0,0.0,Active
CRD0006864,4736-XXXX-XXXX-6770,CUS0004075,PRD-CC02,,Credit,2022-08-18,2030-10-26,122477.4,113204.69,Active
CRD0006865,5107-XXXX-XXXX-7469,CUS0007862,PRD-CC02,,Credit,2026-03-08,2029-08-02,843842.99,192197.9,Active
CRD0006866,4358-XXXX-XXXX-5112,CUS0004174,PRD-CC02,,Credit,2026-04-27,2027-03-20,177090.15,102875.03,Active
CRD0006867,4366-XXXX-XXXX-7405,CUS0006073,PRD-CC03,,Credit,2023-04-02,2030-10-15,1041176.3,180054.54,Active
CRD0006868,4254-XXXX-XXXX-6083,CUS0001763,PRD-DC02,ACC00002093,Debit,2020-07-22,2028-02-12,0.0,0.0,Active
CRD0006869,4284-XXXX-XXXX-7443,CUS0003342,PRD-CC01,,Credit,2023-10-06,2026-08-07,211687.58,171418.4,Active
CRD0006870,4941-XXXX-XXXX-1464,CUS0003990,PRD-CC01,,Credit,2023-08-28,2028-05-09,1444529.89,42610.93,Active
CRD0006871,5447-XXXX-XXXX-5224,CUS0008018,PRD-CC02,,Credit,2025-02-12,2030-04-12,330123.1,16882.04,Active
CRD0006872,5596-XXXX-XXXX-5842,CUS0000364,PRD-CC02,,Credit,2021-11-24,2029-11-21,338074.78,34441.91,Active
CRD0006873,5484-XXXX-XXXX-5829,CUS0009785,PRD-DC01,ACC00014588,Debit,2025-08-27,2027-08-21,0.0,0.0,Active
CRD0006874,4803-XXXX-XXXX-5019,CUS0007592,PRD-CC04,,Credit,2022-05-05,2029-07-15,80569.01,17573.53,Active
CRD0006875,5222-XXXX-XXXX-9847,CUS0008484,PRD-CC04,,Credit,2024-09-25,2029-01-26,81781.32,194409.77,Active
CRD0006876,4662-XXXX-XXXX-3608,CUS0004512,PRD-CC03,,Credit,2026-01-17,2026-08-21,1166125.23,112170.38,Expired
CRD0006877,4378-XXXX-XXXX-5086,CUS0005144,PRD-CC01,,Credit,2024-07-04,2029-12-18,123302.43,29244.36,Active
CRD0006878,4692-XXXX-XXXX-7700,CUS0004171,PRD-DC02,ACC00012716,Debit,2021-08-22,2026-05-12,0.0,0.0,Blocked
CRD0006879,5663-XXXX-XXXX-2051,CUS0009851,PRD-DC01,ACC00003840,Debit,2020-07-08,2027-02-16,0.0,0.0,Active
CRD0006880,5368-XXXX-XXXX-8107,CUS0003711,PRD-DC01,ACC00007883,Debit,2020-11-28,2030-11-09,0.0,0.0,Active
CRD0006881,4560-XXXX-XXXX-7603,CUS0001148,PRD-CC04,,Credit,2025-10-02,2027-11-17,567190.12,66037.03,Active
CRD0006882,4616-XXXX-XXXX-1658,CUS0008482,PRD-CC02,,Credit,2026-01-25,2029-08-12,216520.02,80507.16,Active
CRD0006883,5582-XXXX-XXXX-8236,CUS0007197,PRD-DC01,ACC00002552,Debit,2024-10-20,2030-10-14,0.0,0.0,Blocked
CRD0006884,4439-XXXX-XXXX-8051,CUS0000338,PRD-DC02,ACC00004212,Debit,2025-01-07,2027-05-04,0.0,0.0,Active
CRD0006885,5470-XXXX-XXXX-5116,CUS0000154,PRD-CC03,,Credit,2025-06-20,2030-02-03,780873.27,93251.98,Active
CRD0006886,4241-XXXX-XXXX-2029,CUS0000271,PRD-DC01,,Debit,2021-05-02,2027-03-21,0.0,0.0,Active
CRD0006887,4610-XXXX-XXXX-9606,CUS0002178,PRD-CC03,,Credit,2025-02-07,2026-07-20,352667.97,142714.97,Active
CRD0006888,4821-XXXX-XXXX-2668,CUS0004816,PRD-DC01,ACC00009184,Debit,2020-02-10,2029-01-27,0.0,0.0,Active
CRD0006889,4408-XXXX-XXXX-7937,CUS0002728,PRD-DC02,,Debit,2023-05-25,2026-11-27,0.0,0.0,Active
CRD0006890,5147-XXXX-XXXX-9974,CUS0008276,PRD-CC01,,Credit,2022-10-06,2027-01-19,1246704.48,186936.22,Active
CRD0006891,5760-XXXX-XXXX-2513,CUS0008626,PRD-DC02,,Debit,2020-11-15,2026-11-05,0.0,0.0,Active
CRD0006892,5591-XXXX-XXXX-6864,CUS0002357,PRD-CC03,,Credit,2022-11-29,2027-07-12,416480.69,35189.11,Active
CRD0006893,5784-XXXX-XXXX-9419,CUS0000602,PRD-CC03,,Credit,2021-06-28,2028-03-22,331488.33,29539.96,Active
CRD0006894,4330-XXXX-XXXX-7795,CUS0004956,PRD-CC04,,Credit,2021-05-21,2027-06-19,763918.26,16505.93,Active
CRD0006895,5176-XXXX-XXXX-3176,CUS0007322,PRD-CC04,,Credit,2025-01-06,2027-10-23,439664.76,55278.34,Active
CRD0006896,4967-XXXX-XXXX-8461,CUS0000560,PRD-CC04,,Credit,2025-10-02,2027-03-29,972287.72,73127.33,Active
CRD0006897,5517-XXXX-XXXX-7049,CUS0009857,PRD-CC02,,Credit,2020-02-15,2027-04-24,47484.93,114769.82,Active
CRD0006898,4820-XXXX-XXXX-9135,CUS0008893,PRD-DC02,ACC00017001,Debit,2024-04-30,2029-04-27,0.0,0.0,Active
CRD0006899,5419-XXXX-XXXX-7289,CUS0006890,PRD-DC01,ACC00010463,Debit,2022-12-19,2030-08-10,0.0,0.0,Active
CRD0006900,4472-XXXX-XXXX-3654,CUS0007965,PRD-CC03,,Credit,2025-05-27,2028-07-02,663627.44,115701.04,Active
CRD0006901,5378-XXXX-XXXX-7886,CUS0002672,PRD-CC04,,Credit,2022-10-12,2027-03-22,1061650.76,191181.63,Active
CRD0006902,5876-XXXX-XXXX-6184,CUS0002739,PRD-DC02,,Debit,2020-10-17,2028-04-29,0.0,0.0,Active
CRD0006903,5663-XXXX-XXXX-6424,CUS0009083,PRD-CC01,,Credit,2021-04-25,2029-11-17,756860.16,69024.56,Active
CRD0006904,5405-XXXX-XXXX-3479,CUS0003674,PRD-CC02,,Credit,2021-12-29,2027-12-14,1323923.46,3971.48,Active
CRD0006905,5621-XXXX-XXXX-8910,CUS0004249,PRD-CC04,,Credit,2024-12-11,2029-04-16,684673.43,73303.49,Active
CRD0006906,5122-XXXX-XXXX-6227,CUS0001454,PRD-CC03,,Credit,2020-02-10,2029-10-12,762599.45,70408.12,Active
CRD0006907,4490-XXXX-XXXX-6875,CUS0005140,PRD-DC01,ACC00004761,Debit,2024-05-10,2029-06-12,0.0,0.0,Active
CRD0006908,5279-XXXX-XXXX-6130,CUS0007534,PRD-DC01,ACC00016453,Debit,2021-07-20,2029-09-01,0.0,0.0,Active
CRD0006909,5227-XXXX-XXXX-9653,CUS0001462,PRD-CC04,,Credit,2024-07-26,2028-03-13,299088.3,84244.16,Active
CRD0006910,4294-XXXX-XXXX-5492,CUS0007571,PRD-CC02,,Credit,2021-05-09,2030-04-23,1453487.6,63772.55,Active
CRD0006911,5758-XXXX-XXXX-6379,CUS0001108,PRD-DC01,ACC00005845,Debit,2023-03-27,2026-08-01,0.0,0.0,Active
CRD0006912,4941-XXXX-XXXX-4362,CUS0000073,PRD-CC01,,Credit,2022-04-07,2029-01-05,265539.97,27543.23,Active
CRD0006913,5731-XXXX-XXXX-7099,CUS0007257,PRD-DC02,ACC00016570,Debit,2022-09-10,2030-06-06,0.0,0.0,Active
CRD0006914,4997-XXXX-XXXX-1458,CUS0008897,PRD-DC02,,Debit,2020-06-01,2027-11-02,0.0,0.0,Active
CRD0006915,5452-XXXX-XXXX-6876,CUS0007108,PRD-CC04,,Credit,2023-04-15,2029-03-01,234145.5,132020.52,Active
CRD0006916,5493-XXXX-XXXX-5828,CUS0002563,PRD-DC01,,Debit,2024-11-25,2026-05-26,0.0,0.0,Active
CRD0006917,4467-XXXX-XXXX-8526,CUS0009726,PRD-CC03,,Credit,2020-01-30,2027-04-07,731778.94,101335.96,Active
CRD0006918,5633-XXXX-XXXX-4284,CUS0007888,PRD-CC04,,Credit,2024-01-18,2028-04-14,1010855.46,99538.02,Active
CRD0006919,5550-XXXX-XXXX-1521,CUS0000258,PRD-CC02,,Credit,2025-12-18,2028-06-13,1166647.23,107341.49,Active
CRD0006920,4660-XXXX-XXXX-2639,CUS0000635,PRD-CC04,,Credit,2024-10-31,2027-12-25,1089964.84,81136.56,Active
CRD0006921,4710-XXXX-XXXX-5441,CUS0006055,PRD-DC02,ACC00011748,Debit,2022-09-12,2029-07-21,0.0,0.0,Blocked
CRD0006922,5865-XXXX-XXXX-4266,CUS0000383,PRD-CC02,,Credit,2024-02-12,2028-01-16,1485592.68,88153.92,Active
CRD0006923,5791-XXXX-XXXX-5855,CUS0009914,PRD-DC01,ACC00005695,Debit,2022-03-04,2029-06-23,0.0,0.0,Active
CRD0006924,4795-XXXX-XXXX-2374,CUS0001672,PRD-CC04,,Credit,2026-02-17,2026-12-22,1070670.47,26505.56,Active
CRD0006925,5515-XXXX-XXXX-6042,CUS0008090,PRD-CC04,,Credit,2024-11-19,2027-04-16,455630.42,182045.07,Active
CRD0006926,5815-XXXX-XXXX-4334,CUS0003861,PRD-CC01,,Credit,2022-02-13,2028-10-04,1117471.69,137306.38,Blocked
CRD0006927,5300-XXXX-XXXX-4460,CUS0008187,PRD-CC02,,Credit,2020-09-11,2028-04-15,771712.2,108042.01,Active
CRD0006928,5844-XXXX-XXXX-5052,CUS0009650,PRD-DC02,ACC00012502,Debit,2022-02-04,2027-02-10,0.0,0.0,Active
CRD0006929,4739-XXXX-XXXX-4020,CUS0007629,PRD-CC02,,Credit,2024-11-10,2029-06-20,1349884.89,169077.98,Active
CRD0006930,5223-XXXX-XXXX-2184,CUS0005388,PRD-DC02,ACC00017612,Debit,2023-02-17,2028-05-20,0.0,0.0,Active
CRD0006931,4768-XXXX-XXXX-3202,CUS0001966,PRD-DC01,ACC00013627,Debit,2025-03-23,2027-11-18,0.0,0.0,Active
CRD0006932,4463-XXXX-XXXX-7586,CUS0008084,PRD-DC02,ACC00002870,Debit,2023-09-13,2027-08-15,0.0,0.0,Active
CRD0006933,5233-XXXX-XXXX-6872,CUS0008241,PRD-DC02,ACC00001532,Debit,2022-03-20,2026-06-15,0.0,0.0,Active
CRD0006934,4890-XXXX-XXXX-7988,CUS0003211,PRD-CC03,,Credit,2023-10-07,2027-07-04,383230.59,112763.51,Expired
CRD0006935,5675-XXXX-XXXX-9274,CUS0008797,PRD-CC02,,Credit,2022-10-19,2029-05-05,375337.17,106362.89,Active
CRD0006936,4640-XXXX-XXXX-2072,CUS0006051,PRD-DC02,ACC00016258,Debit,2021-03-14,2028-05-18,0.0,0.0,Active
CRD0006937,5854-XXXX-XXXX-5703,CUS0002183,PRD-DC02,ACC00007330,Debit,2021-02-02,2026-10-13,0.0,0.0,Active
CRD0006938,4145-XXXX-XXXX-7773,CUS0002257,PRD-CC03,,Credit,2023-05-02,2029-12-25,194747.76,179864.38,Active
CRD0006939,5133-XXXX-XXXX-6363,CUS0003439,PRD-DC01,ACC00007973,Debit,2024-11-13,2030-12-30,0.0,0.0,Active
CRD0006940,5373-XXXX-XXXX-8752,CUS0009064,PRD-CC04,,Credit,2021-06-03,2027-06-15,1155536.12,168743.44,Active
CRD0006941,4208-XXXX-XXXX-5660,CUS0008898,PRD-CC02,,Credit,2023-04-15,2026-05-04,1252914.28,94514.1,Active
CRD0006942,4755-XXXX-XXXX-4053,CUS0001875,PRD-CC04,,Credit,2025-07-28,2027-06-07,450072.66,91119.79,Active
CRD0006943,4576-XXXX-XXXX-9180,CUS0007028,PRD-DC02,ACC00015484,Debit,2024-09-29,2030-06-29,0.0,0.0,Active
CRD0006944,4944-XXXX-XXXX-2262,CUS0004919,PRD-DC01,ACC00016162,Debit,2022-01-20,2027-02-27,0.0,0.0,Active
CRD0006945,5956-XXXX-XXXX-5043,CUS0001202,PRD-CC02,,Credit,2022-02-16,2030-02-19,935718.34,35822.31,Active
CRD0006946,4580-XXXX-XXXX-7626,CUS0004958,PRD-CC01,,Credit,2021-03-30,2028-09-10,523125.94,76011.34,Active
CRD0006947,5865-XXXX-XXXX-8134,CUS0009084,PRD-CC04,,Credit,2021-04-07,2029-12-11,1336412.51,50112.16,Active
CRD0006948,4942-XXXX-XXXX-8707,CUS0001925,PRD-DC01,,Debit,2023-02-11,2030-09-27,0.0,0.0,Active
CRD0006949,4528-XXXX-XXXX-5769,CUS0009646,PRD-CC01,,Credit,2020-08-27,2028-09-20,923927.81,156786.89,Active
CRD0006950,5836-XXXX-XXXX-8231,CUS0007603,PRD-CC03,,Credit,2020-11-12,2026-12-14,253067.51,44934.21,Active
CRD0006951,5948-XXXX-XXXX-9898,CUS0004849,PRD-DC02,,Debit,2020-10-19,2030-08-13,0.0,0.0,Active
CRD0006952,5676-XXXX-XXXX-6087,CUS0002393,PRD-DC01,ACC00016845,Debit,2025-06-29,2028-06-03,0.0,0.0,Active
CRD0006953,5990-XXXX-XXXX-6003,CUS0005511,PRD-DC02,ACC00010879,Debit,2024-12-27,2029-04-24,0.0,0.0,Active
CRD0006954,4910-XXXX-XXXX-5921,CUS0004637,PRD-CC03,,Credit,2026-01-26,2028-10-25,1377235.08,139972.23,Active
CRD0006955,5556-XXXX-XXXX-3711,CUS0004923,PRD-DC01,ACC00010568,Debit,2020-10-11,2028-08-02,0.0,0.0,Active
CRD0006956,4221-XXXX-XXXX-7071,CUS0005996,PRD-CC02,,Credit,2024-02-20,2026-12-21,383174.35,83217.07,Active
CRD0006957,5956-XXXX-XXXX-9330,CUS0003963,PRD-DC01,ACC00005588,Debit,2022-12-09,2026-05-28,0.0,0.0,Active
CRD0006958,4512-XXXX-XXXX-3314,CUS0004413,PRD-CC03,,Credit,2023-09-20,2026-11-05,1149427.23,36125.05,Active
CRD0006959,4948-XXXX-XXXX-3145,CUS0002571,PRD-DC02,ACC00009328,Debit,2022-07-22,2026-05-04,0.0,0.0,Active
CRD0006960,5405-XXXX-XXXX-6163,CUS0001466,PRD-DC01,,Debit,2025-03-31,2026-07-07,0.0,0.0,Active
CRD0006961,5489-XXXX-XXXX-1243,CUS0002155,PRD-CC02,,Credit,2025-04-15,2028-03-17,110456.91,189409.67,Active
CRD0006962,5898-XXXX-XXXX-9789,CUS0003208,PRD-CC04,,Credit,2025-04-10,2028-11-01,957127.38,14000.64,Active
CRD0006963,4820-XXXX-XXXX-3890,CUS0002968,PRD-DC01,ACC00005489,Debit,2023-08-27,2029-02-11,0.0,0.0,Active
CRD0006964,5720-XXXX-XXXX-3795,CUS0006637,PRD-CC01,,Credit,2023-12-26,2030-08-22,1025395.92,179958.35,Active
CRD0006965,5861-XXXX-XXXX-2735,CUS0005859,PRD-CC01,,Credit,2021-08-16,2027-07-20,912723.83,58109.95,Active
CRD0006966,4983-XXXX-XXXX-2471,CUS0009363,PRD-CC02,,Credit,2025-11-25,2026-09-20,1285835.4,87565.92,Active
CRD0006967,5178-XXXX-XXXX-1027,CUS0004254,PRD-DC01,ACC00003377,Debit,2021-07-23,2027-06-23,0.0,0.0,Active
CRD0006968,5883-XXXX-XXXX-1517,CUS0008417,PRD-CC03,,Credit,2023-11-21,2026-06-22,992861.82,162155.11,Active
CRD0006969,4110-XXXX-XXXX-1851,CUS0001424,PRD-CC04,,Credit,2020-06-18,2026-07-29,132998.61,68926.81,Active
CRD0006970,5364-XXXX-XXXX-9793,CUS0000975,PRD-DC02,ACC00008058,Debit,2022-01-19,2029-04-18,0.0,0.0,Active
CRD0006971,5882-XXXX-XXXX-7995,CUS0002717,PRD-CC02,,Credit,2024-01-07,2027-07-29,1332211.62,152520.77,Active
CRD0006972,4253-XXXX-XXXX-2504,CUS0001949,PRD-DC01,,Debit,2025-03-04,2029-10-04,0.0,0.0,Active
CRD0006973,5451-XXXX-XXXX-9521,CUS0005684,PRD-DC01,ACC00011593,Debit,2020-06-22,2029-09-20,0.0,0.0,Active
CRD0006974,4702-XXXX-XXXX-3895,CUS0005937,PRD-DC01,ACC00011936,Debit,2024-05-05,2026-05-02,0.0,0.0,Active
CRD0006975,5756-XXXX-XXXX-6288,CUS0003206,PRD-CC02,,Credit,2025-12-05,2030-08-01,255630.51,190600.15,Active
CRD0006976,5148-XXXX-XXXX-9641,CUS0004574,PRD-CC03,,Credit,2021-11-16,2026-05-29,153016.09,2341.83,Active
CRD0006977,5885-XXXX-XXXX-6315,CUS0005284,PRD-DC01,ACC00015234,Debit,2023-10-05,2030-10-20,0.0,0.0,Active
CRD0006978,5226-XXXX-XXXX-1522,CUS0009439,PRD-CC01,,Credit,2021-04-22,2027-04-29,1230247.26,85808.06,Active
CRD0006979,4403-XXXX-XXXX-4292,CUS0007908,PRD-DC01,,Debit,2022-10-28,2027-04-01,0.0,0.0,Active
CRD0006980,5696-XXXX-XXXX-4970,CUS0009738,PRD-CC01,,Credit,2024-12-18,2030-04-20,1307328.88,147235.13,Active
CRD0006981,5183-XXXX-XXXX-7365,CUS0003123,PRD-CC03,,Credit,2022-03-11,2029-02-06,784293.82,129531.46,Active
CRD0006982,4851-XXXX-XXXX-8457,CUS0009506,PRD-CC03,,Credit,2024-04-26,2027-08-16,79681.6,193956.16,Active
CRD0006983,5419-XXXX-XXXX-8052,CUS0005881,PRD-DC02,ACC00012470,Debit,2024-03-28,2030-11-15,0.0,0.0,Active
CRD0006984,5460-XXXX-XXXX-4613,CUS0003666,PRD-DC01,ACC00008055,Debit,2020-04-14,2027-07-09,0.0,0.0,Active
CRD0006985,4482-XXXX-XXXX-1447,CUS0003457,PRD-CC03,,Credit,2021-04-06,2029-06-06,1205329.72,96590.25,Active
CRD0006986,5140-XXXX-XXXX-8655,CUS0009346,PRD-DC02,ACC00015984,Debit,2024-01-14,2028-07-07,0.0,0.0,Active
CRD0006987,4385-XXXX-XXXX-1445,CUS0006475,PRD-DC02,ACC00017078,Debit,2021-07-23,2030-11-17,0.0,0.0,Active
CRD0006988,4670-XXXX-XXXX-3963,CUS0007050,PRD-DC01,ACC00005650,Debit,2021-02-07,2026-10-22,0.0,0.0,Active
CRD0006989,5565-XXXX-XXXX-6386,CUS0007148,PRD-DC01,ACC00009682,Debit,2021-08-14,2029-03-11,0.0,0.0,Active
CRD0006990,5907-XXXX-XXXX-2837,CUS0009105,PRD-DC02,ACC00017631,Debit,2025-10-05,2029-01-08,0.0,0.0,Active
CRD0006991,4894-XXXX-XXXX-5762,CUS0008117,PRD-CC01,,Credit,2026-04-25,2028-09-02,941440.06,13060.93,Active
CRD0006992,5648-XXXX-XXXX-6099,CUS0008662,PRD-DC01,ACC00003086,Debit,2023-01-23,2027-04-26,0.0,0.0,Active
CRD0006993,4380-XXXX-XXXX-7884,CUS0005444,PRD-CC04,,Credit,2020-08-17,2028-04-26,1104142.48,30058.9,Active
CRD0006994,4380-XXXX-XXXX-3564,CUS0002931,PRD-CC03,,Credit,2022-07-15,2028-08-04,1382154.18,8374.21,Active
CRD0006995,5786-XXXX-XXXX-8812,CUS0001590,PRD-DC02,ACC00009547,Debit,2021-08-26,2029-05-12,0.0,0.0,Active
CRD0006996,5993-XXXX-XXXX-9032,CUS0009992,PRD-CC04,,Credit,2024-07-08,2029-03-25,184465.46,184991.26,Active
CRD0006997,4195-XXXX-XXXX-9982,CUS0006545,PRD-CC02,,Credit,2025-11-04,2030-05-27,713360.31,193097.32,Active
CRD0006998,4578-XXXX-XXXX-5462,CUS0001464,PRD-DC01,ACC00000312,Debit,2024-09-09,2028-12-06,0.0,0.0,Active
CRD0006999,4302-XXXX-XXXX-4912,CUS0003688,PRD-DC01,ACC00001505,Debit,2020-01-13,2028-02-05,0.0,0.0,Blocked
CRD0007000,4721-XXXX-XXXX-1113,CUS0002515,PRD-DC01,ACC00015280,Debit,2023-03-25,2029-10-31,0.0,0.0,Active
CRD0007001,5370-XXXX-XXXX-5902,CUS0008481,PRD-DC01,ACC00004204,Debit,2021-02-07,2030-02-20,0.0,0.0,Active
CRD0007002,4906-XXXX-XXXX-7006,CUS0004971,PRD-CC02,,Credit,2020-04-10,2029-05-03,1179355.07,198473.16,Active
CRD0007003,5657-XXXX-XXXX-3265,CUS0003937,PRD-CC01,,Credit,2021-05-16,2029-01-30,760503.88,120805.3,Active
CRD0007004,5839-XXXX-XXXX-2022,CUS0009153,PRD-DC01,ACC00004835,Debit,2026-04-05,2027-09-26,0.0,0.0,Active
CRD0007005,5881-XXXX-XXXX-2149,CUS0003258,PRD-CC02,,Credit,2020-05-14,2029-04-14,1072958.44,102396.43,Active
CRD0007006,5282-XXXX-XXXX-2857,CUS0006306,PRD-DC01,ACC00003270,Debit,2026-02-11,2029-02-09,0.0,0.0,Active
CRD0007007,4959-XXXX-XXXX-5198,CUS0002004,PRD-CC02,,Credit,2020-09-09,2030-02-07,542107.78,176424.23,Active
CRD0007008,5907-XXXX-XXXX-3830,CUS0005566,PRD-CC01,,Credit,2022-10-07,2030-09-20,372903.08,82358.67,Active
CRD0007009,5580-XXXX-XXXX-6976,CUS0004192,PRD-DC01,ACC00005096,Debit,2024-01-20,2030-02-10,0.0,0.0,Active
CRD0007010,5990-XXXX-XXXX-3389,CUS0004985,PRD-CC04,,Credit,2020-01-07,2027-08-23,117104.72,177221.29,Active
CRD0007011,5747-XXXX-XXXX-1511,CUS0008840,PRD-DC02,,Debit,2025-09-22,2029-10-31,0.0,0.0,Active
CRD0007012,4273-XXXX-XXXX-5503,CUS0001780,PRD-DC01,ACC00004126,Debit,2023-04-21,2027-02-22,0.0,0.0,Active
CRD0007013,4525-XXXX-XXXX-4905,CUS0009422,PRD-CC03,,Credit,2020-05-30,2030-12-30,867379.52,193376.55,Active
CRD0007014,5410-XXXX-XXXX-5267,CUS0001670,PRD-DC01,ACC00004194,Debit,2020-02-22,2029-11-29,0.0,0.0,Active
CRD0007015,4416-XXXX-XXXX-2994,CUS0007194,PRD-CC01,,Credit,2022-02-11,2028-02-02,1042583.66,3170.56,Active
CRD0007016,4753-XXXX-XXXX-9133,CUS0007479,PRD-DC02,ACC00004771,Debit,2025-06-02,2029-05-05,0.0,0.0,Active
CRD0007017,4834-XXXX-XXXX-5393,CUS0000461,PRD-CC01,,Credit,2020-01-16,2028-03-29,729471.21,133785.84,Active
CRD0007018,4341-XXXX-XXXX-7341,CUS0001623,PRD-CC01,,Credit,2021-12-07,2028-05-12,780103.19,150015.16,Active
CRD0007019,5306-XXXX-XXXX-1220,CUS0009345,PRD-CC02,,Credit,2020-09-20,2027-04-18,608240.45,94264.28,Active
CRD0007020,4779-XXXX-XXXX-7555,CUS0001414,PRD-CC01,,Credit,2023-04-16,2029-11-14,141711.85,12689.85,Active
CRD0007021,4118-XXXX-XXXX-2732,CUS0005459,PRD-CC01,,Credit,2021-07-26,2028-08-29,378902.25,189468.14,Active
CRD0007022,5784-XXXX-XXXX-9040,CUS0002255,PRD-CC04,,Credit,2025-12-31,2026-06-04,1369507.39,183990.87,Active
CRD0007023,4153-XXXX-XXXX-9371,CUS0004693,PRD-DC02,ACC00004830,Debit,2021-05-07,2030-06-05,0.0,0.0,Active
CRD0007024,5578-XXXX-XXXX-7636,CUS0001639,PRD-DC02,ACC00009429,Debit,2025-10-12,2027-02-02,0.0,0.0,Active
CRD0007025,4235-XXXX-XXXX-3040,CUS0008509,PRD-DC01,ACC00004672,Debit,2024-04-18,2030-04-30,0.0,0.0,Active
CRD0007026,5443-XXXX-XXXX-2228,CUS0000997,PRD-DC01,ACC00008708,Debit,2021-08-15,2028-03-28,0.0,0.0,Active
CRD0007027,5860-XXXX-XXXX-1806,CUS0001844,PRD-CC04,,Credit,2023-10-17,2029-03-02,372636.57,54942.28,Active
CRD0007028,4777-XXXX-XXXX-9611,CUS0001153,PRD-DC02,ACC00004255,Debit,2020-07-02,2028-10-14,0.0,0.0,Active
CRD0007029,5116-XXXX-XXXX-1821,CUS0003680,PRD-CC01,,Credit,2021-07-05,2029-09-18,636465.77,61382.34,Active
CRD0007030,5338-XXXX-XXXX-8540,CUS0008303,PRD-CC04,,Credit,2024-06-13,2030-05-13,431842.79,84487.32,Active
CRD0007031,4657-XXXX-XXXX-1403,CUS0009273,PRD-DC01,ACC00005721,Debit,2022-07-05,2027-06-16,0.0,0.0,Blocked
CRD0007032,4154-XXXX-XXXX-7732,CUS0007150,PRD-DC01,ACC00008357,Debit,2021-06-23,2030-09-14,0.0,0.0,Active
CRD0007033,4606-XXXX-XXXX-5322,CUS0003536,PRD-DC01,ACC00012720,Debit,2024-01-05,2028-12-24,0.0,0.0,Active
CRD0007034,5799-XXXX-XXXX-1617,CUS0008426,PRD-DC01,ACC00012364,Debit,2022-02-25,2028-01-22,0.0,0.0,Active
CRD0007035,5442-XXXX-XXXX-7430,CUS0009818,PRD-DC02,ACC00012929,Debit,2023-11-08,2030-12-28,0.0,0.0,Active
CRD0007036,4658-XXXX-XXXX-8050,CUS0008170,PRD-CC01,,Credit,2022-08-06,2026-09-06,530007.51,52085.54,Active
CRD0007037,5782-XXXX-XXXX-8358,CUS0004281,PRD-DC01,ACC00017439,Debit,2025-10-16,2029-11-30,0.0,0.0,Active
CRD0007038,4189-XXXX-XXXX-7237,CUS0005300,PRD-DC02,ACC00004509,Debit,2025-02-02,2028-07-10,0.0,0.0,Active
CRD0007039,4503-XXXX-XXXX-5689,CUS0008847,PRD-CC01,,Credit,2023-06-29,2026-05-09,763732.59,103166.08,Active
CRD0007040,5614-XXXX-XXXX-7955,CUS0000822,PRD-DC01,ACC00012905,Debit,2021-11-13,2027-04-19,0.0,0.0,Active
CRD0007041,5312-XXXX-XXXX-9644,CUS0008848,PRD-CC04,,Credit,2022-03-02,2027-10-29,842516.64,30556.04,Active
CRD0007042,5706-XXXX-XXXX-4728,CUS0006819,PRD-DC01,ACC00008487,Debit,2020-10-17,2030-07-08,0.0,0.0,Active
CRD0007043,4972-XXXX-XXXX-6409,CUS0008245,PRD-CC04,,Credit,2024-12-07,2026-07-24,585471.35,8911.17,Active
CRD0007044,5205-XXXX-XXXX-4388,CUS0009287,PRD-DC02,ACC00001555,Debit,2026-04-27,2029-05-13,0.0,0.0,Active
CRD0007045,4215-XXXX-XXXX-7073,CUS0002186,PRD-DC02,ACC00013036,Debit,2023-03-21,2030-04-22,0.0,0.0,Active
CRD0007046,4667-XXXX-XXXX-1156,CUS0000017,PRD-DC01,,Debit,2023-02-19,2026-07-27,0.0,0.0,Active
CRD0007047,5296-XXXX-XXXX-4330,CUS0006263,PRD-DC01,ACC00013025,Debit,2024-10-10,2030-11-07,0.0,0.0,Active
CRD0007048,5330-XXXX-XXXX-6609,CUS0006826,PRD-CC04,,Credit,2025-10-06,2028-09-04,1418512.06,91280.4,Active
CRD0007049,5796-XXXX-XXXX-2136,CUS0009468,PRD-DC01,ACC00003063,Debit,2020-02-19,2030-11-26,0.0,0.0,Expired
CRD0007050,5623-XXXX-XXXX-4851,CUS0008743,PRD-DC02,ACC00013197,Debit,2023-09-30,2028-09-17,0.0,0.0,Active
CRD0007051,4848-XXXX-XXXX-7638,CUS0007930,PRD-CC02,,Credit,2025-06-02,2030-09-16,884506.92,16791.52,Active
CRD0007052,5814-XXXX-XXXX-9936,CUS0005415,PRD-DC01,ACC00007938,Debit,2021-10-24,2026-11-25,0.0,0.0,Active
CRD0007053,4600-XXXX-XXXX-6756,CUS0003960,PRD-DC01,ACC00017750,Debit,2026-03-01,2027-03-11,0.0,0.0,Active
CRD0007054,5139-XXXX-XXXX-3241,CUS0008167,PRD-CC04,,Credit,2020-12-28,2029-01-03,443876.28,103987.11,Expired
CRD0007055,4906-XXXX-XXXX-8959,CUS0006477,PRD-CC01,,Credit,2024-07-27,2030-12-09,114057.39,190093.16,Active
CRD0007056,4966-XXXX-XXXX-3971,CUS0004032,PRD-CC01,,Credit,2023-02-28,2029-02-05,563736.07,115802.74,Active
CRD0007057,4606-XXXX-XXXX-3766,CUS0000521,PRD-DC02,ACC00014403,Debit,2021-02-13,2027-12-20,0.0,0.0,Active
CRD0007058,4790-XXXX-XXXX-1769,CUS0005258,PRD-DC01,ACC00016397,Debit,2020-11-10,2027-04-27,0.0,0.0,Active
CRD0007059,4950-XXXX-XXXX-1136,CUS0009944,PRD-CC01,,Credit,2023-10-23,2027-01-05,1085764.75,153450.02,Active
CRD0007060,4663-XXXX-XXXX-3221,CUS0001758,PRD-CC04,,Credit,2024-10-13,2030-08-19,492361.21,167829.96,Expired
CRD0007061,5645-XXXX-XXXX-6344,CUS0007259,PRD-CC02,,Credit,2021-10-08,2029-09-16,610603.9,112534.74,Active
CRD0007062,4729-XXXX-XXXX-5369,CUS0006420,PRD-DC01,ACC00008458,Debit,2025-05-16,2029-05-06,0.0,0.0,Active
CRD0007063,5226-XXXX-XXXX-1675,CUS0006501,PRD-CC01,,Credit,2021-12-07,2029-07-17,781561.4,175760.56,Active
CRD0007064,5239-XXXX-XXXX-3919,CUS0007758,PRD-CC01,,Credit,2026-04-25,2028-02-21,82882.56,149415.43,Active
CRD0007065,5932-XXXX-XXXX-1835,CUS0008513,PRD-DC02,ACC00010697,Debit,2024-01-15,2027-02-02,0.0,0.0,Active
CRD0007066,4559-XXXX-XXXX-4661,CUS0005553,PRD-DC01,ACC00002024,Debit,2026-04-13,2028-01-14,0.0,0.0,Active
CRD0007067,4630-XXXX-XXXX-9576,CUS0000022,PRD-DC01,ACC00002287,Debit,2022-09-21,2030-10-06,0.0,0.0,Active
CRD0007068,5718-XXXX-XXXX-6226,CUS0003481,PRD-DC01,ACC00007312,Debit,2024-07-02,2026-06-05,0.0,0.0,Active
CRD0007069,4548-XXXX-XXXX-9074,CUS0000333,PRD-CC02,,Credit,2020-10-16,2030-04-02,663029.52,20103.98,Blocked
CRD0007070,4947-XXXX-XXXX-7935,CUS0000126,PRD-DC01,ACC00005153,Debit,2020-03-07,2029-12-13,0.0,0.0,Active
CRD0007071,4754-XXXX-XXXX-2747,CUS0008017,PRD-DC01,ACC00002243,Debit,2023-11-25,2026-11-11,0.0,0.0,Active
CRD0007072,5415-XXXX-XXXX-2968,CUS0003661,PRD-CC04,,Credit,2022-10-22,2029-08-05,1013610.54,91519.87,Active
CRD0007073,5628-XXXX-XXXX-8699,CUS0009190,PRD-DC02,,Debit,2025-07-20,2026-05-19,0.0,0.0,Active
CRD0007074,4413-XXXX-XXXX-1803,CUS0004462,PRD-DC02,ACC00000862,Debit,2020-02-03,2030-04-04,0.0,0.0,Active
CRD0007075,5735-XXXX-XXXX-7945,CUS0006265,PRD-DC01,,Debit,2022-09-28,2027-08-13,0.0,0.0,Active
CRD0007076,4653-XXXX-XXXX-3155,CUS0001465,PRD-DC01,,Debit,2023-11-21,2028-11-12,0.0,0.0,Expired
CRD0007077,5965-XXXX-XXXX-3468,CUS0008463,PRD-CC03,,Credit,2022-09-04,2027-03-15,1078780.95,53305.14,Active
CRD0007078,4122-XXXX-XXXX-2010,CUS0002264,PRD-DC02,ACC00004948,Debit,2023-02-06,2028-07-30,0.0,0.0,Active
CRD0007079,4749-XXXX-XXXX-9594,CUS0008000,PRD-CC02,,Credit,2022-11-14,2028-02-19,248727.6,100843.13,Blocked
CRD0007080,5203-XXXX-XXXX-6203,CUS0007066,PRD-DC02,,Debit,2023-04-08,2026-05-09,0.0,0.0,Active
CRD0007081,5916-XXXX-XXXX-8125,CUS0003925,PRD-DC01,ACC00005826,Debit,2024-12-10,2030-04-23,0.0,0.0,Active
CRD0007082,4705-XXXX-XXXX-4602,CUS0003927,PRD-CC02,,Credit,2026-02-04,2027-07-20,997474.21,24454.69,Active
CRD0007083,5170-XXXX-XXXX-8806,CUS0000483,PRD-CC04,,Credit,2022-02-10,2026-08-16,1397199.64,150837.73,Active
CRD0007084,5675-XXXX-XXXX-5055,CUS0003745,PRD-DC01,,Debit,2022-12-05,2030-05-26,0.0,0.0,Active
CRD0007085,5196-XXXX-XXXX-1096,CUS0007617,PRD-DC02,ACC00012239,Debit,2020-03-27,2027-07-17,0.0,0.0,Active
CRD0007086,5831-XXXX-XXXX-2997,CUS0008975,PRD-CC04,,Credit,2020-04-07,2029-05-27,314704.0,84347.69,Active
CRD0007087,5977-XXXX-XXXX-2970,CUS0004235,PRD-DC02,ACC00011957,Debit,2024-08-23,2030-10-09,0.0,0.0,Active
CRD0007088,4850-XXXX-XXXX-4714,CUS0008859,PRD-DC02,ACC00005145,Debit,2025-07-25,2030-02-15,0.0,0.0,Active
CRD0007089,5846-XXXX-XXXX-2582,CUS0000284,PRD-CC02,,Credit,2021-04-15,2028-07-09,528688.2,37785.55,Active
CRD0007090,4258-XXXX-XXXX-8685,CUS0005855,PRD-CC01,,Credit,2023-06-12,2030-04-30,1016184.41,184903.81,Active
CRD0007091,5906-XXXX-XXXX-3017,CUS0005623,PRD-CC02,,Credit,2024-12-04,2030-03-17,1292210.63,147054.21,Active
CRD0007092,4771-XXXX-XXXX-1299,CUS0009060,PRD-DC02,ACC00002187,Debit,2020-07-28,2028-10-24,0.0,0.0,Active
CRD0007093,5724-XXXX-XXXX-2544,CUS0009879,PRD-CC01,,Credit,2023-02-08,2030-07-08,440098.37,55731.66,Expired
CRD0007094,5558-XXXX-XXXX-5782,CUS0004242,PRD-CC04,,Credit,2024-03-04,2027-04-29,624204.12,34886.49,Active
CRD0007095,5565-XXXX-XXXX-4408,CUS0004278,PRD-CC01,,Credit,2020-04-05,2026-12-10,621220.99,192373.54,Active
CRD0007096,5758-XXXX-XXXX-7813,CUS0009643,PRD-DC01,,Debit,2025-08-01,2029-02-24,0.0,0.0,Active
CRD0007097,4455-XXXX-XXXX-9132,CUS0005135,PRD-CC01,,Credit,2025-04-28,2026-10-30,881587.48,18419.57,Active
CRD0007098,4948-XXXX-XXXX-8021,CUS0006431,PRD-CC04,,Credit,2020-01-07,2027-03-25,103260.23,26965.76,Active
CRD0007099,5627-XXXX-XXXX-4567,CUS0005276,PRD-CC02,,Credit,2022-05-19,2029-05-12,679648.96,182121.33,Active
CRD0007100,5417-XXXX-XXXX-7668,CUS0004712,PRD-DC01,,Debit,2024-06-07,2027-02-07,0.0,0.0,Expired
CRD0007101,4648-XXXX-XXXX-1244,CUS0000673,PRD-DC01,,Debit,2024-07-25,2029-05-22,0.0,0.0,Active
CRD0007102,5654-XXXX-XXXX-7824,CUS0003860,PRD-DC01,ACC00003809,Debit,2022-07-13,2026-06-30,0.0,0.0,Active
CRD0007103,5351-XXXX-XXXX-8876,CUS0009382,PRD-CC04,,Credit,2022-12-18,2029-11-26,923465.4,50749.75,Active
CRD0007104,4186-XXXX-XXXX-1090,CUS0001660,PRD-CC01,,Credit,2023-01-06,2029-02-09,209347.09,47603.5,Active
CRD0007105,4455-XXXX-XXXX-5629,CUS0007066,PRD-DC01,,Debit,2023-04-04,2030-07-19,0.0,0.0,Active
CRD0007106,4410-XXXX-XXXX-8456,CUS0009956,PRD-CC04,,Credit,2020-03-07,2029-09-02,1313773.16,108027.46,Blocked
CRD0007107,4347-XXXX-XXXX-2647,CUS0003269,PRD-CC04,,Credit,2020-12-03,2027-01-18,1019813.34,18263.33,Active
CRD0007108,5963-XXXX-XXXX-3182,CUS0000227,PRD-CC04,,Credit,2024-04-21,2029-08-17,787055.24,105351.53,Active
CRD0007109,5172-XXXX-XXXX-3149,CUS0009645,PRD-DC02,ACC00016764,Debit,2020-12-19,2026-06-02,0.0,0.0,Active
CRD0007110,4336-XXXX-XXXX-6028,CUS0008076,PRD-CC03,,Credit,2024-11-23,2029-04-17,890107.0,178731.97,Blocked
CRD0007111,5832-XXXX-XXXX-2309,CUS0005777,PRD-DC02,ACC00007513,Debit,2024-08-23,2027-02-27,0.0,0.0,Active
CRD0007112,4342-XXXX-XXXX-7833,CUS0004413,PRD-CC04,,Credit,2020-03-18,2029-10-22,1061469.22,69728.81,Active
CRD0007113,4791-XXXX-XXXX-9414,CUS0001327,PRD-DC01,ACC00014404,Debit,2021-07-10,2030-05-09,0.0,0.0,Active
CRD0007114,4420-XXXX-XXXX-9338,CUS0003206,PRD-CC01,,Credit,2025-02-10,2030-12-02,763030.33,81936.31,Active
CRD0007115,4826-XXXX-XXXX-5300,CUS0004060,PRD-CC02,,Credit,2026-02-22,2027-05-20,949110.6,95242.29,Active
CRD0007116,5667-XXXX-XXXX-1358,CUS0006472,PRD-CC01,,Credit,2021-02-12,2027-12-14,282655.96,67968.67,Active
CRD0007117,4434-XXXX-XXXX-4126,CUS0000380,PRD-DC01,ACC00000834,Debit,2022-12-22,2028-08-13,0.0,0.0,Active
CRD0007118,5876-XXXX-XXXX-9197,CUS0004078,PRD-CC02,,Credit,2024-04-30,2026-08-17,610525.03,56274.6,Active
CRD0007119,5930-XXXX-XXXX-4068,CUS0007718,PRD-CC03,,Credit,2023-12-13,2030-06-30,84289.71,193248.69,Active
CRD0007120,4514-XXXX-XXXX-9305,CUS0007313,PRD-CC01,,Credit,2021-08-31,2027-03-04,1391183.73,199568.78,Active
CRD0007121,4480-XXXX-XXXX-3706,CUS0006435,PRD-DC01,ACC00009947,Debit,2025-01-19,2029-03-30,0.0,0.0,Active
CRD0007122,5519-XXXX-XXXX-6010,CUS0008189,PRD-DC02,ACC00016596,Debit,2020-03-17,2027-07-30,0.0,0.0,Active
CRD0007123,5351-XXXX-XXXX-3855,CUS0004965,PRD-CC02,,Credit,2020-10-12,2027-12-10,447780.66,127474.33,Active
CRD0007124,4281-XXXX-XXXX-5267,CUS0001959,PRD-DC02,ACC00003926,Debit,2025-02-25,2029-06-07,0.0,0.0,Active
CRD0007125,4420-XXXX-XXXX-9822,CUS0005226,PRD-CC01,,Credit,2024-05-28,2027-08-05,493469.97,8926.54,Active
CRD0007126,5377-XXXX-XXXX-7502,CUS0004568,PRD-CC03,,Credit,2024-05-06,2027-09-05,1415276.59,140541.05,Active
CRD0007127,5932-XXXX-XXXX-2893,CUS0009552,PRD-CC03,,Credit,2022-04-27,2030-01-25,1427501.27,131787.92,Active
CRD0007128,4360-XXXX-XXXX-1541,CUS0001162,PRD-CC03,,Credit,2020-11-18,2030-05-26,1401269.18,142463.88,Active
CRD0007129,4336-XXXX-XXXX-7922,CUS0001294,PRD-CC03,,Credit,2021-01-26,2028-03-23,753558.97,30677.82,Active
CRD0007130,5247-XXXX-XXXX-3445,CUS0004077,PRD-CC02,,Credit,2024-04-13,2028-01-11,522770.23,143153.35,Active
CRD0007131,5373-XXXX-XXXX-6262,CUS0008335,PRD-DC02,ACC00004351,Debit,2024-02-11,2029-01-03,0.0,0.0,Active
CRD0007132,4373-XXXX-XXXX-6404,CUS0006268,PRD-DC02,ACC00000344,Debit,2024-05-24,2029-05-07,0.0,0.0,Active
CRD0007133,5623-XXXX-XXXX-8325,CUS0004578,PRD-CC02,,Credit,2021-03-24,2027-12-26,794558.39,136350.36,Active
CRD0007134,4124-XXXX-XXXX-6577,CUS0006460,PRD-DC02,ACC00003008,Debit,2020-08-30,2030-01-19,0.0,0.0,Active
CRD0007135,4758-XXXX-XXXX-6056,CUS0009409,PRD-DC02,ACC00001463,Debit,2026-01-04,2026-12-06,0.0,0.0,Active
CRD0007136,5234-XXXX-XXXX-2341,CUS0001351,PRD-DC01,ACC00011664,Debit,2025-03-03,2027-09-17,0.0,0.0,Active
CRD0007137,4836-XXXX-XXXX-2565,CUS0000816,PRD-CC01,,Credit,2023-05-26,2028-01-29,776888.46,178805.89,Active
CRD0007138,5532-XXXX-XXXX-9758,CUS0006873,PRD-DC01,ACC00017834,Debit,2023-08-24,2029-04-29,0.0,0.0,Active
CRD0007139,5939-XXXX-XXXX-1698,CUS0005925,PRD-DC01,ACC00000278,Debit,2020-06-30,2029-01-24,0.0,0.0,Active
CRD0007140,5255-XXXX-XXXX-5390,CUS0008770,PRD-CC04,,Credit,2023-05-19,2028-11-22,1210414.54,17193.29,Active
CRD0007141,4422-XXXX-XXXX-9684,CUS0007563,PRD-DC02,ACC00014844,Debit,2021-10-26,2028-11-17,0.0,0.0,Active
CRD0007142,5794-XXXX-XXXX-1116,CUS0000704,PRD-CC01,,Credit,2025-01-27,2030-08-11,1000603.29,80917.14,Active
CRD0007143,4142-XXXX-XXXX-4246,CUS0009602,PRD-CC01,,Credit,2021-01-17,2027-05-09,657277.58,16313.45,Active
CRD0007144,5810-XXXX-XXXX-2369,CUS0007592,PRD-CC03,,Credit,2021-03-05,2028-12-20,713601.31,146308.69,Active
CRD0007145,5390-XXXX-XXXX-3907,CUS0007451,PRD-CC03,,Credit,2020-07-26,2029-03-22,1299599.18,87761.56,Active
CRD0007146,4765-XXXX-XXXX-2837,CUS0003641,PRD-DC01,ACC00009624,Debit,2020-08-14,2028-05-19,0.0,0.0,Active
CRD0007147,4681-XXXX-XXXX-6587,CUS0001143,PRD-DC01,ACC00003951,Debit,2026-02-03,2027-05-06,0.0,0.0,Active
CRD0007148,5847-XXXX-XXXX-4793,CUS0001991,PRD-CC02,,Credit,2021-08-29,2026-11-16,622378.27,66168.05,Active
CRD0007149,5394-XXXX-XXXX-8257,CUS0009966,PRD-CC02,,Credit,2020-06-06,2030-04-13,43974.19,116405.51,Active
CRD0007150,5174-XXXX-XXXX-9107,CUS0002008,PRD-DC01,ACC00008483,Debit,2024-09-30,2030-12-30,0.0,0.0,Active
CRD0007151,5511-XXXX-XXXX-6999,CUS0009209,PRD-DC02,ACC00014995,Debit,2023-02-22,2027-03-24,0.0,0.0,Active
CRD0007152,4171-XXXX-XXXX-8217,CUS0000552,PRD-DC02,ACC00002819,Debit,2022-07-04,2030-01-04,0.0,0.0,Active
CRD0007153,5730-XXXX-XXXX-4352,CUS0006594,PRD-CC04,,Credit,2025-06-30,2028-02-10,1316987.2,118730.68,Active
CRD0007154,5477-XXXX-XXXX-5135,CUS0003479,PRD-CC02,,Credit,2023-07-14,2030-10-31,198933.66,156295.93,Active
CRD0007155,5942-XXXX-XXXX-4132,CUS0001039,PRD-CC03,,Credit,2020-04-16,2030-01-16,358930.89,106989.88,Active
CRD0007156,4554-XXXX-XXXX-5961,CUS0007600,PRD-DC01,,Debit,2021-01-01,2027-07-27,0.0,0.0,Active
CRD0007157,5196-XXXX-XXXX-4567,CUS0005841,PRD-DC01,,Debit,2023-10-25,2027-04-16,0.0,0.0,Active
CRD0007158,4172-XXXX-XXXX-3851,CUS0005531,PRD-CC02,,Credit,2024-09-23,2029-07-14,146697.16,32587.75,Active
CRD0007159,5705-XXXX-XXXX-8731,CUS0003521,PRD-DC01,ACC00017256,Debit,2025-11-14,2027-07-18,0.0,0.0,Active
CRD0007160,5454-XXXX-XXXX-2513,CUS0000396,PRD-DC02,ACC00011681,Debit,2024-08-08,2029-04-15,0.0,0.0,Active
CRD0007161,5526-XXXX-XXXX-7777,CUS0000330,PRD-DC02,,Debit,2023-09-17,2026-11-23,0.0,0.0,Active
CRD0007162,4175-XXXX-XXXX-1288,CUS0005694,PRD-CC03,,Credit,2022-08-15,2029-09-24,942533.79,139105.16,Blocked
CRD0007163,4759-XXXX-XXXX-7202,CUS0002272,PRD-CC02,,Credit,2025-01-01,2026-05-24,1344655.46,111297.8,Active
CRD0007164,4955-XXXX-XXXX-8980,CUS0003479,PRD-CC03,,Credit,2024-12-18,2030-05-15,1277202.15,87536.1,Active
CRD0007165,4472-XXXX-XXXX-8665,CUS0005075,PRD-DC01,,Debit,2021-02-08,2027-09-12,0.0,0.0,Active
CRD0007166,4333-XXXX-XXXX-7926,CUS0006942,PRD-CC03,,Credit,2021-03-24,2027-05-18,1204288.57,42707.93,Active
CRD0007167,5614-XXXX-XXXX-8595,CUS0008261,PRD-CC03,,Credit,2026-03-27,2028-05-16,449771.0,195923.37,Active
CRD0007168,5802-XXXX-XXXX-3660,CUS0004538,PRD-CC04,,Credit,2025-09-10,2026-12-04,489709.9,108077.36,Active
CRD0007169,4641-XXXX-XXXX-9079,CUS0003043,PRD-DC01,ACC00014312,Debit,2023-03-26,2026-12-24,0.0,0.0,Active
CRD0007170,4890-XXXX-XXXX-5047,CUS0007113,PRD-DC01,ACC00014572,Debit,2022-09-07,2028-04-30,0.0,0.0,Active
CRD0007171,5510-XXXX-XXXX-5222,CUS0008524,PRD-CC04,,Credit,2020-05-01,2029-06-06,629910.02,72206.42,Active
CRD0007172,5483-XXXX-XXXX-2272,CUS0000326,PRD-DC01,ACC00011836,Debit,2024-03-07,2026-06-20,0.0,0.0,Active
CRD0007173,5683-XXXX-XXXX-7398,CUS0002924,PRD-CC04,,Credit,2021-12-07,2029-10-21,777779.3,119587.22,Blocked
CRD0007174,4723-XXXX-XXXX-7342,CUS0004758,PRD-DC01,ACC00010897,Debit,2021-09-29,2029-02-11,0.0,0.0,Active
CRD0007175,5788-XXXX-XXXX-4902,CUS0001160,PRD-CC01,,Credit,2022-10-02,2028-02-10,184419.96,189263.7,Active
CRD0007176,5841-XXXX-XXXX-5317,CUS0003116,PRD-CC01,,Credit,2025-01-05,2029-07-31,531468.42,97127.0,Active
CRD0007177,4923-XXXX-XXXX-8090,CUS0008115,PRD-CC01,,Credit,2023-09-20,2029-10-01,385800.53,126993.73,Active
CRD0007178,5383-XXXX-XXXX-3896,CUS0007404,PRD-DC02,ACC00002566,Debit,2021-11-05,2027-10-28,0.0,0.0,Active
CRD0007179,4792-XXXX-XXXX-1091,CUS0007326,PRD-CC04,,Credit,2021-05-21,2029-03-15,1358403.29,497.5,Active
CRD0007180,4175-XXXX-XXXX-1995,CUS0007478,PRD-CC03,,Credit,2020-12-24,2027-06-03,936247.39,100171.95,Active
CRD0007181,5952-XXXX-XXXX-9499,CUS0001745,PRD-CC03,,Credit,2025-02-22,2029-05-30,359707.46,134082.7,Active
CRD0007182,4379-XXXX-XXXX-7200,CUS0002871,PRD-CC02,,Credit,2022-07-02,2026-05-15,208940.72,42931.08,Active
CRD0007183,5469-XXXX-XXXX-2407,CUS0004571,PRD-CC03,,Credit,2025-02-17,2029-10-08,1453159.25,130308.57,Expired
CRD0007184,4265-XXXX-XXXX-9795,CUS0006009,PRD-DC02,ACC00007675,Debit,2026-01-07,2028-12-23,0.0,0.0,Active
CRD0007185,5973-XXXX-XXXX-5783,CUS0005551,PRD-CC04,,Credit,2024-12-28,2027-04-27,359379.53,122262.05,Active
CRD0007186,5926-XXXX-XXXX-4500,CUS0009161,PRD-CC01,,Credit,2024-04-30,2028-01-06,878858.82,193448.6,Active
CRD0007187,5315-XXXX-XXXX-4475,CUS0001014,PRD-CC03,,Credit,2022-01-07,2029-07-05,821184.79,165837.05,Active
CRD0007188,5976-XXXX-XXXX-8952,CUS0009877,PRD-CC01,,Credit,2025-08-22,2026-08-06,1183540.69,136365.67,Active
CRD0007189,5853-XXXX-XXXX-8362,CUS0007264,PRD-CC04,,Credit,2025-03-16,2027-07-17,625179.73,38129.0,Active
CRD0007190,5756-XXXX-XXXX-3309,CUS0008469,PRD-CC01,,Credit,2022-08-09,2028-08-06,1262547.45,58894.39,Active
CRD0007191,5753-XXXX-XXXX-2127,CUS0005139,PRD-DC01,ACC00015013,Debit,2021-10-05,2028-08-21,0.0,0.0,Active
CRD0007192,4672-XXXX-XXXX-2269,CUS0007886,PRD-DC02,,Debit,2022-04-29,2029-04-22,0.0,0.0,Active
CRD0007193,5806-XXXX-XXXX-6192,CUS0005662,PRD-CC04,,Credit,2023-04-08,2028-04-05,644181.14,49129.61,Active
CRD0007194,5248-XXXX-XXXX-9871,CUS0004253,PRD-CC04,,Credit,2023-05-05,2028-08-17,1144144.24,29576.77,Active
CRD0007195,4530-XXXX-XXXX-2680,CUS0006174,PRD-DC01,ACC00006801,Debit,2026-04-09,2030-03-11,0.0,0.0,Active
CRD0007196,4439-XXXX-XXXX-7284,CUS0000317,PRD-CC02,,Credit,2022-07-03,2027-01-14,100421.7,83402.95,Active
CRD0007197,4883-XXXX-XXXX-6948,CUS0005615,PRD-CC01,,Credit,2026-04-26,2026-07-17,1006199.94,3846.55,Active
CRD0007198,4863-XXXX-XXXX-6862,CUS0006717,PRD-DC02,ACC00017403,Debit,2020-01-13,2026-05-20,0.0,0.0,Active
CRD0007199,4559-XXXX-XXXX-1583,CUS0005025,PRD-CC04,,Credit,2022-10-25,2027-06-13,1101538.32,18998.75,Expired
CRD0007200,4979-XXXX-XXXX-1169,CUS0004068,PRD-CC03,,Credit,2020-09-21,2028-07-30,712640.34,8687.01,Active
CRD0007201,4655-XXXX-XXXX-3884,CUS0001953,PRD-CC02,,Credit,2026-04-30,2027-04-09,1486079.09,184180.39,Active
CRD0007202,5490-XXXX-XXXX-5714,CUS0009487,PRD-DC02,ACC00000816,Debit,2025-12-16,2029-08-16,0.0,0.0,Active
CRD0007203,4364-XXXX-XXXX-6007,CUS0008353,PRD-DC01,ACC00001113,Debit,2024-04-07,2028-11-15,0.0,0.0,Active
CRD0007204,5283-XXXX-XXXX-6641,CUS0009203,PRD-DC01,ACC00014874,Debit,2021-01-08,2030-11-01,0.0,0.0,Active
CRD0007205,5622-XXXX-XXXX-8129,CUS0001609,PRD-CC02,,Credit,2023-04-18,2028-03-24,941802.5,182133.5,Active
CRD0007206,5110-XXXX-XXXX-5159,CUS0000711,PRD-CC04,,Credit,2023-02-12,2027-01-05,1427843.51,11517.23,Active
CRD0007207,4796-XXXX-XXXX-4671,CUS0006461,PRD-CC02,,Credit,2020-08-03,2029-08-17,1158330.84,160323.63,Active
CRD0007208,5471-XXXX-XXXX-8985,CUS0009292,PRD-CC01,,Credit,2023-04-16,2028-05-11,175809.27,196826.68,Active
CRD0007209,5365-XXXX-XXXX-1529,CUS0003368,PRD-CC01,,Credit,2022-09-06,2028-04-10,75138.24,144203.11,Active
CRD0007210,4112-XXXX-XXXX-9683,CUS0006703,PRD-DC02,ACC00014142,Debit,2026-04-22,2029-03-09,0.0,0.0,Active
CRD0007211,5205-XXXX-XXXX-4345,CUS0005167,PRD-CC03,,Credit,2020-02-06,2027-05-24,434804.36,106936.77,Active
CRD0007212,4345-XXXX-XXXX-4835,CUS0002547,PRD-CC04,,Credit,2026-03-03,2030-12-07,981206.05,99472.2,Active
CRD0007213,4453-XXXX-XXXX-6888,CUS0002200,PRD-CC02,,Credit,2020-04-26,2030-09-01,71992.57,40999.42,Active
CRD0007214,4492-XXXX-XXXX-6734,CUS0005322,PRD-DC01,ACC00009830,Debit,2025-10-10,2027-11-27,0.0,0.0,Active
CRD0007215,4535-XXXX-XXXX-2318,CUS0005299,PRD-CC04,,Credit,2021-07-25,2027-07-29,322345.64,70426.88,Active
CRD0007216,5770-XXXX-XXXX-9798,CUS0002553,PRD-CC04,,Credit,2025-09-06,2028-09-21,44619.69,118785.97,Active
CRD0007217,4687-XXXX-XXXX-8898,CUS0006465,PRD-CC01,,Credit,2022-10-05,2026-07-24,1063364.36,199481.27,Active
CRD0007218,5254-XXXX-XXXX-7077,CUS0005534,PRD-CC03,,Credit,2023-10-11,2030-05-02,811844.21,153716.01,Active
CRD0007219,5925-XXXX-XXXX-4613,CUS0009698,PRD-CC04,,Credit,2022-10-28,2027-06-16,529822.77,119682.72,Active
CRD0007220,5203-XXXX-XXXX-8320,CUS0004776,PRD-DC01,ACC00008873,Debit,2021-10-29,2029-12-22,0.0,0.0,Blocked
CRD0007221,5804-XXXX-XXXX-5704,CUS0003359,PRD-DC01,ACC00015884,Debit,2025-03-07,2029-05-06,0.0,0.0,Active
CRD0007222,4879-XXXX-XXXX-7826,CUS0000098,PRD-CC02,,Credit,2021-10-28,2027-04-27,528606.03,181605.3,Active
CRD0007223,4740-XXXX-XXXX-4948,CUS0003670,PRD-DC02,,Debit,2021-12-31,2026-09-01,0.0,0.0,Active
CRD0007224,4427-XXXX-XXXX-7137,CUS0002013,PRD-CC02,,Credit,2021-05-02,2027-10-06,921561.3,163908.54,Active
CRD0007225,5425-XXXX-XXXX-7873,CUS0009211,PRD-CC04,,Credit,2021-11-18,2029-01-14,728665.19,54359.03,Active
CRD0007226,5773-XXXX-XXXX-7284,CUS0009602,PRD-DC01,ACC00006328,Debit,2024-04-16,2030-07-07,0.0,0.0,Active
CRD0007227,5932-XXXX-XXXX-1134,CUS0007461,PRD-DC02,ACC00015902,Debit,2020-09-27,2028-10-07,0.0,0.0,Active
CRD0007228,4708-XXXX-XXXX-7722,CUS0002563,PRD-CC03,,Credit,2022-07-04,2028-12-25,118212.77,194230.5,Active
CRD0007229,4422-XXXX-XXXX-7150,CUS0001627,PRD-CC04,,Credit,2022-06-20,2026-10-01,433270.85,17130.52,Active
CRD0007230,4502-XXXX-XXXX-8669,CUS0002633,PRD-CC01,,Credit,2021-09-23,2029-04-06,1130645.17,87115.75,Active
CRD0007231,5886-XXXX-XXXX-5576,CUS0001798,PRD-CC01,,Credit,2021-01-26,2026-10-25,799927.07,114872.03,Active
CRD0007232,5350-XXXX-XXXX-7823,CUS0000132,PRD-DC02,,Debit,2022-02-07,2030-12-30,0.0,0.0,Active
CRD0007233,4357-XXXX-XXXX-8891,CUS0004712,PRD-DC01,,Debit,2025-06-13,2029-10-21,0.0,0.0,Active
CRD0007234,4942-XXXX-XXXX-1462,CUS0006072,PRD-CC03,,Credit,2025-10-30,2027-07-16,597101.04,130644.83,Active
CRD0007235,5278-XXXX-XXXX-5025,CUS0007939,PRD-CC03,,Credit,2020-10-29,2029-11-04,1267582.05,69549.44,Active
CRD0007236,4348-XXXX-XXXX-7896,CUS0000819,PRD-DC01,ACC00014745,Debit,2022-05-21,2029-01-07,0.0,0.0,Active
CRD0007237,4643-XXXX-XXXX-2426,CUS0004825,PRD-DC02,ACC00011287,Debit,2025-05-03,2028-05-08,0.0,0.0,Active
CRD0007238,5109-XXXX-XXXX-5928,CUS0002240,PRD-CC03,,Credit,2023-04-22,2027-03-09,538906.2,122880.2,Active
CRD0007239,5755-XXXX-XXXX-5895,CUS0004232,PRD-CC02,,Credit,2023-10-22,2029-01-09,1373304.88,185663.0,Active
CRD0007240,5240-XXXX-XXXX-8670,CUS0003581,PRD-CC02,,Credit,2023-05-25,2027-02-18,190189.88,109475.73,Active
CRD0007241,4973-XXXX-XXXX-3248,CUS0000418,PRD-CC01,,Credit,2020-12-01,2030-04-11,876811.34,24102.36,Active
CRD0007242,5889-XXXX-XXXX-4265,CUS0000135,PRD-DC02,,Debit,2026-04-15,2030-11-02,0.0,0.0,Active
CRD0007243,4434-XXXX-XXXX-6043,CUS0009203,PRD-DC01,ACC00014874,Debit,2023-12-01,2027-12-27,0.0,0.0,Active
CRD0007244,4992-XXXX-XXXX-6430,CUS0002322,PRD-CC01,,Credit,2025-08-11,2026-11-11,522785.59,174796.93,Active
CRD0007245,4592-XXXX-XXXX-3583,CUS0002542,PRD-CC02,,Credit,2023-04-14,2028-02-08,1093494.04,109013.8,Active
CRD0007246,4932-XXXX-XXXX-3803,CUS0004427,PRD-CC03,,Credit,2023-01-07,2028-03-09,634993.3,83422.48,Active
CRD0007247,4960-XXXX-XXXX-8532,CUS0006399,PRD-CC01,,Credit,2020-02-15,2026-11-14,1039147.13,83523.1,Active
CRD0007248,4529-XXXX-XXXX-2809,CUS0004761,PRD-CC04,,Credit,2020-01-14,2030-08-24,946659.46,187966.3,Active
CRD0007249,5454-XXXX-XXXX-2931,CUS0004232,PRD-CC03,,Credit,2024-02-09,2030-03-06,329858.32,154684.04,Active
CRD0007250,5785-XXXX-XXXX-9644,CUS0009398,PRD-DC02,,Debit,2023-08-25,2029-03-04,0.0,0.0,Active
CRD0007251,5108-XXXX-XXXX-4371,CUS0007954,PRD-DC02,ACC00011255,Debit,2021-08-08,2028-06-28,0.0,0.0,Active
CRD0007252,5187-XXXX-XXXX-7293,CUS0004288,PRD-DC02,ACC00000307,Debit,2021-11-13,2029-04-13,0.0,0.0,Active
CRD0007253,5445-XXXX-XXXX-7713,CUS0000501,PRD-DC02,ACC00012302,Debit,2023-07-01,2026-08-30,0.0,0.0,Active
CRD0007254,4146-XXXX-XXXX-9648,CUS0001649,PRD-CC03,,Credit,2021-07-20,2030-03-27,1289971.65,159085.47,Active
CRD0007255,4545-XXXX-XXXX-3203,CUS0003032,PRD-CC02,,Credit,2025-03-13,2028-12-05,68750.32,80666.69,Active
CRD0007256,4348-XXXX-XXXX-4964,CUS0002581,PRD-CC02,,Credit,2020-04-30,2030-05-05,980108.92,122977.61,Active
CRD0007257,4413-XXXX-XXXX-7235,CUS0000564,PRD-CC04,,Credit,2026-01-30,2030-11-14,294192.78,64372.57,Active
CRD0007258,4459-XXXX-XXXX-8038,CUS0008364,PRD-DC02,ACC00013506,Debit,2022-10-19,2027-02-11,0.0,0.0,Active
CRD0007259,5753-XXXX-XXXX-7814,CUS0008805,PRD-DC01,ACC00014637,Debit,2022-02-10,2030-06-29,0.0,0.0,Active
CRD0007260,5208-XXXX-XXXX-3926,CUS0008469,PRD-DC01,ACC00011401,Debit,2022-09-04,2030-02-11,0.0,0.0,Expired
CRD0007261,5597-XXXX-XXXX-4094,CUS0009362,PRD-DC01,ACC00003083,Debit,2025-12-03,2027-12-05,0.0,0.0,Active
CRD0007262,5128-XXXX-XXXX-4011,CUS0003341,PRD-CC02,,Credit,2022-12-24,2028-09-10,518966.99,16747.32,Active
CRD0007263,4544-XXXX-XXXX-7344,CUS0003350,PRD-CC04,,Credit,2025-10-07,2028-08-06,118481.43,183447.11,Active
CRD0007264,4827-XXXX-XXXX-7807,CUS0000325,PRD-DC02,ACC00015153,Debit,2021-08-26,2029-08-12,0.0,0.0,Active
CRD0007265,4151-XXXX-XXXX-6853,CUS0005087,PRD-DC02,ACC00006096,Debit,2025-06-11,2027-07-24,0.0,0.0,Active
CRD0007266,4350-XXXX-XXXX-1108,CUS0008391,PRD-CC01,,Credit,2024-06-24,2030-03-28,718663.28,130460.06,Active
CRD0007267,5268-XXXX-XXXX-8287,CUS0003195,PRD-DC01,ACC00007761,Debit,2024-02-08,2030-01-13,0.0,0.0,Active
CRD0007268,5100-XXXX-XXXX-4600,CUS0004948,PRD-CC03,,Credit,2020-04-01,2026-12-11,1019442.75,45119.18,Active
CRD0007269,5286-XXXX-XXXX-7271,CUS0006283,PRD-CC01,,Credit,2022-11-22,2030-09-03,1019751.93,56467.93,Active
CRD0007270,4757-XXXX-XXXX-1568,CUS0003491,PRD-DC02,ACC00009908,Debit,2022-05-12,2028-04-12,0.0,0.0,Active
CRD0007271,4117-XXXX-XXXX-1291,CUS0009304,PRD-CC02,,Credit,2025-10-17,2030-06-04,1116379.43,12829.2,Active
CRD0007272,5549-XXXX-XXXX-1599,CUS0001297,PRD-CC01,,Credit,2024-11-10,2030-07-22,1274453.92,151628.77,Active
CRD0007273,4961-XXXX-XXXX-3398,CUS0006045,PRD-CC02,,Credit,2025-10-07,2028-06-18,900784.39,46233.52,Active
CRD0007274,5481-XXXX-XXXX-1864,CUS0009211,PRD-DC01,ACC00015124,Debit,2021-03-11,2029-05-26,0.0,0.0,Active
CRD0007275,4659-XXXX-XXXX-6801,CUS0005589,PRD-DC02,ACC00003869,Debit,2025-02-09,2027-01-06,0.0,0.0,Active
CRD0007276,5318-XXXX-XXXX-4643,CUS0004943,PRD-CC02,,Credit,2022-05-01,2030-01-12,893611.14,177498.2,Active
CRD0007277,4520-XXXX-XXXX-9091,CUS0000174,PRD-CC01,,Credit,2024-11-08,2030-03-17,1319586.98,73820.96,Active
CRD0007278,5308-XXXX-XXXX-9692,CUS0007738,PRD-CC02,,Credit,2020-06-29,2027-01-04,338771.46,107749.32,Active
CRD0007279,4409-XXXX-XXXX-4813,CUS0003076,PRD-DC02,ACC00016441,Debit,2022-07-26,2027-03-17,0.0,0.0,Expired
CRD0007280,4391-XXXX-XXXX-4647,CUS0005029,PRD-CC02,,Credit,2022-03-23,2026-05-20,319252.13,70379.97,Active
CRD0007281,5151-XXXX-XXXX-2729,CUS0001964,PRD-DC02,ACC00011202,Debit,2024-11-12,2026-10-03,0.0,0.0,Active
CRD0007282,4318-XXXX-XXXX-1751,CUS0000860,PRD-DC02,ACC00007081,Debit,2025-10-04,2030-08-22,0.0,0.0,Active
CRD0007283,4601-XXXX-XXXX-9116,CUS0006357,PRD-CC03,,Credit,2023-03-07,2028-09-21,969482.61,127001.91,Active
CRD0007284,4448-XXXX-XXXX-1905,CUS0005977,PRD-CC02,,Credit,2024-01-25,2030-09-04,584163.63,161007.59,Active
CRD0007285,4593-XXXX-XXXX-1439,CUS0005880,PRD-CC04,,Credit,2024-03-12,2029-09-11,202303.43,140437.33,Active
CRD0007286,5530-XXXX-XXXX-3782,CUS0008110,PRD-CC03,,Credit,2025-10-18,2026-07-15,615301.49,134227.7,Active
CRD0007287,5812-XXXX-XXXX-1132,CUS0001923,PRD-DC02,,Debit,2020-02-02,2028-09-12,0.0,0.0,Active
CRD0007288,5768-XXXX-XXXX-9303,CUS0002990,PRD-CC01,,Credit,2024-09-22,2027-03-19,912601.05,104198.06,Active
CRD0007289,4976-XXXX-XXXX-7127,CUS0006588,PRD-DC02,ACC00005814,Debit,2022-05-24,2030-11-06,0.0,0.0,Active
CRD0007290,4892-XXXX-XXXX-5826,CUS0003343,PRD-DC01,ACC00000065,Debit,2025-04-29,2029-06-16,0.0,0.0,Active
CRD0007291,4953-XXXX-XXXX-8524,CUS0005389,PRD-CC01,,Credit,2021-01-31,2029-01-25,1478927.89,106745.36,Active
CRD0007292,5916-XXXX-XXXX-5993,CUS0007244,PRD-CC03,,Credit,2022-05-06,2030-07-11,998645.49,17200.98,Active
CRD0007293,5399-XXXX-XXXX-3809,CUS0001033,PRD-DC01,ACC00008726,Debit,2023-10-23,2026-08-09,0.0,0.0,Active
CRD0007294,4838-XXXX-XXXX-2584,CUS0007978,PRD-CC03,,Credit,2026-01-23,2029-06-23,1411321.68,75349.43,Active
CRD0007295,5167-XXXX-XXXX-8927,CUS0009546,PRD-CC02,,Credit,2022-06-06,2030-07-15,1208593.89,30175.27,Active
CRD0007296,4704-XXXX-XXXX-6439,CUS0008628,PRD-DC02,ACC00002516,Debit,2021-06-25,2029-06-13,0.0,0.0,Active
CRD0007297,5581-XXXX-XXXX-8451,CUS0007328,PRD-CC03,,Credit,2025-07-14,2030-06-30,678492.92,37295.07,Active
CRD0007298,4370-XXXX-XXXX-2281,CUS0003617,PRD-CC04,,Credit,2025-01-26,2030-12-28,1337004.2,98983.46,Active
CRD0007299,4829-XXXX-XXXX-4461,CUS0003017,PRD-CC01,,Credit,2023-04-08,2030-09-02,89906.02,10016.73,Active
CRD0007300,4259-XXXX-XXXX-9947,CUS0003320,PRD-CC01,,Credit,2022-07-08,2030-03-10,694096.67,101212.66,Active
CRD0007301,4607-XXXX-XXXX-1195,CUS0004207,PRD-DC02,ACC00006637,Debit,2025-03-21,2030-12-02,0.0,0.0,Active
CRD0007302,4889-XXXX-XXXX-8519,CUS0007779,PRD-DC01,ACC00014303,Debit,2023-08-06,2028-07-11,0.0,0.0,Active
CRD0007303,5823-XXXX-XXXX-3596,CUS0003290,PRD-CC03,,Credit,2021-09-21,2028-02-09,130439.55,75126.65,Active
CRD0007304,5702-XXXX-XXXX-2814,CUS0003583,PRD-CC01,,Credit,2025-10-10,2029-05-21,529753.5,128859.51,Active
CRD0007305,4941-XXXX-XXXX-8683,CUS0004291,PRD-CC01,,Credit,2025-12-08,2029-11-23,812452.38,80790.19,Active
CRD0007306,4615-XXXX-XXXX-5915,CUS0002540,PRD-CC01,,Credit,2023-04-11,2028-05-21,116304.55,64080.76,Active
CRD0007307,4804-XXXX-XXXX-5319,CUS0009360,PRD-CC02,,Credit,2022-12-07,2030-12-09,944200.82,92350.07,Active
CRD0007308,4530-XXXX-XXXX-3098,CUS0000213,PRD-DC02,ACC00014143,Debit,2024-02-27,2030-09-14,0.0,0.0,Active
CRD0007309,5100-XXXX-XXXX-7687,CUS0007086,PRD-CC04,,Credit,2022-11-09,2028-11-10,1163260.45,191327.63,Active
CRD0007310,5227-XXXX-XXXX-4318,CUS0009966,PRD-DC01,ACC00007660,Debit,2023-06-21,2030-02-26,0.0,0.0,Active
CRD0007311,5405-XXXX-XXXX-3302,CUS0006519,PRD-CC04,,Credit,2023-05-18,2027-05-14,379640.91,158332.69,Active
CRD0007312,4557-XXXX-XXXX-5325,CUS0006247,PRD-CC03,,Credit,2021-08-25,2029-11-16,437821.31,160404.85,Blocked
CRD0007313,4897-XXXX-XXXX-5281,CUS0004537,PRD-CC01,,Credit,2024-10-27,2028-09-30,504542.07,108872.85,Active
CRD0007314,5729-XXXX-XXXX-6479,CUS0008157,PRD-CC04,,Credit,2022-12-28,2028-03-21,1274221.13,88522.1,Active
CRD0007315,5308-XXXX-XXXX-7903,CUS0006483,PRD-DC01,ACC00002453,Debit,2023-08-10,2026-12-15,0.0,0.0,Active
CRD0007316,4393-XXXX-XXXX-3626,CUS0002101,PRD-CC04,,Credit,2023-09-12,2030-11-11,444979.62,141814.07,Active
CRD0007317,5222-XXXX-XXXX-6565,CUS0001302,PRD-DC02,ACC00003701,Debit,2023-08-25,2030-01-21,0.0,0.0,Active
CRD0007318,4878-XXXX-XXXX-4095,CUS0001580,PRD-DC01,,Debit,2020-08-04,2028-05-24,0.0,0.0,Active
CRD0007319,5617-XXXX-XXXX-7933,CUS0003171,PRD-DC02,ACC00014437,Debit,2024-12-26,2026-11-26,0.0,0.0,Active
CRD0007320,4792-XXXX-XXXX-3694,CUS0007301,PRD-CC04,,Credit,2020-12-19,2030-08-02,1259445.96,17798.06,Active
CRD0007321,5818-XXXX-XXXX-8722,CUS0005069,PRD-CC01,,Credit,2020-05-29,2027-03-19,1304642.49,156082.74,Active
CRD0007322,4906-XXXX-XXXX-9648,CUS0008142,PRD-CC02,,Credit,2022-09-06,2027-10-03,1337443.52,191027.3,Active
CRD0007323,5656-XXXX-XXXX-3142,CUS0008081,PRD-CC03,,Credit,2022-07-22,2026-05-18,764349.36,160804.19,Active
CRD0007324,4129-XXXX-XXXX-9833,CUS0003678,PRD-CC03,,Credit,2025-06-27,2028-12-27,277887.77,35883.82,Active
CRD0007325,4197-XXXX-XXXX-9562,CUS0003500,PRD-CC01,,Credit,2020-05-08,2027-10-13,247124.62,110569.23,Active
CRD0007326,5324-XXXX-XXXX-1008,CUS0000154,PRD-CC01,,Credit,2024-04-29,2029-11-06,1361503.5,197604.13,Active
CRD0007327,5860-XXXX-XXXX-2001,CUS0004740,PRD-DC01,ACC00013214,Debit,2026-01-01,2029-06-23,0.0,0.0,Active
CRD0007328,4580-XXXX-XXXX-4137,CUS0000279,PRD-DC02,,Debit,2021-05-31,2027-05-10,0.0,0.0,Active
CRD0007329,5816-XXXX-XXXX-2269,CUS0003545,PRD-CC03,,Credit,2020-10-29,2027-04-27,337440.5,48966.79,Active
CRD0007330,5282-XXXX-XXXX-9516,CUS0000258,PRD-CC01,,Credit,2020-07-30,2027-10-20,244674.21,29563.81,Active
CRD0007331,5820-XXXX-XXXX-8517,CUS0003290,PRD-DC02,ACC00014298,Debit,2026-03-19,2026-08-15,0.0,0.0,Active
CRD0007332,4650-XXXX-XXXX-3795,CUS0000235,PRD-DC02,ACC00012681,Debit,2021-07-11,2028-05-09,0.0,0.0,Blocked
CRD0007333,4789-XXXX-XXXX-3435,CUS0009429,PRD-DC02,ACC00001474,Debit,2020-05-15,2029-05-28,0.0,0.0,Active
CRD0007334,4760-XXXX-XXXX-5575,CUS0000091,PRD-DC02,ACC00002403,Debit,2023-10-07,2027-02-22,0.0,0.0,Active
CRD0007335,5259-XXXX-XXXX-2011,CUS0001691,PRD-CC03,,Credit,2026-04-09,2027-12-27,224764.31,187709.14,Active
CRD0007336,5688-XXXX-XXXX-7260,CUS0003075,PRD-CC01,,Credit,2021-08-19,2028-01-21,1416166.22,151335.61,Active
CRD0007337,4725-XXXX-XXXX-4144,CUS0001993,PRD-CC04,,Credit,2021-01-11,2030-04-28,479148.44,183577.35,Active
CRD0007338,5233-XXXX-XXXX-6698,CUS0000645,PRD-DC01,ACC00010758,Debit,2025-12-24,2027-05-10,0.0,0.0,Active
CRD0007339,4483-XXXX-XXXX-7818,CUS0002801,PRD-CC04,,Credit,2022-06-24,2029-03-31,215283.2,72050.06,Active
CRD0007340,4289-XXXX-XXXX-3023,CUS0004190,PRD-DC01,ACC00001584,Debit,2025-02-21,2029-05-26,0.0,0.0,Active
CRD0007341,4998-XXXX-XXXX-8485,CUS0006185,PRD-CC03,,Credit,2021-10-03,2026-12-16,812966.17,63056.68,Blocked
CRD0007342,5909-XXXX-XXXX-7551,CUS0000103,PRD-CC03,,Credit,2026-01-03,2027-11-19,431138.34,126452.99,Active
CRD0007343,5905-XXXX-XXXX-4768,CUS0006008,PRD-DC01,ACC00003882,Debit,2024-04-25,2029-12-25,0.0,0.0,Active
CRD0007344,5733-XXXX-XXXX-9547,CUS0007182,PRD-CC01,,Credit,2020-02-05,2028-06-16,575760.02,43077.73,Blocked
CRD0007345,5701-XXXX-XXXX-9996,CUS0002902,PRD-CC04,,Credit,2021-01-21,2030-09-29,1395617.19,184129.0,Active
CRD0007346,4678-XXXX-XXXX-1599,CUS0004076,PRD-DC01,,Debit,2023-10-06,2027-05-21,0.0,0.0,Blocked
CRD0007347,5583-XXXX-XXXX-1574,CUS0002739,PRD-CC01,,Credit,2021-04-05,2026-08-15,598375.51,85591.81,Active
CRD0007348,5837-XXXX-XXXX-2018,CUS0002111,PRD-CC03,,Credit,2025-10-03,2029-12-11,565255.54,156647.52,Active
CRD0007349,4382-XXXX-XXXX-7292,CUS0009544,PRD-CC04,,Credit,2025-08-15,2030-06-13,32064.8,150072.13,Active
CRD0007350,4691-XXXX-XXXX-2652,CUS0004293,PRD-DC02,ACC00005151,Debit,2022-08-10,2029-08-31,0.0,0.0,Active
CRD0007351,5740-XXXX-XXXX-9702,CUS0004967,PRD-CC02,,Credit,2024-05-10,2029-04-07,835224.09,185428.16,Active
CRD0007352,4242-XXXX-XXXX-9063,CUS0001653,PRD-DC01,ACC00015693,Debit,2022-07-22,2026-09-15,0.0,0.0,Active
CRD0007353,5799-XXXX-XXXX-5425,CUS0005201,PRD-CC03,,Credit,2021-04-28,2028-09-26,649879.01,85729.39,Active
CRD0007354,5474-XXXX-XXXX-5494,CUS0009479,PRD-CC01,,Credit,2020-03-09,2029-11-10,136202.15,59131.94,Active
CRD0007355,5849-XXXX-XXXX-3831,CUS0004634,PRD-CC04,,Credit,2023-06-04,2028-10-25,274159.73,16650.13,Active
CRD0007356,4750-XXXX-XXXX-7000,CUS0002142,PRD-CC03,,Credit,2024-07-03,2028-01-14,704837.6,86736.74,Active
CRD0007357,5764-XXXX-XXXX-6209,CUS0003657,PRD-CC03,,Credit,2022-10-29,2026-06-24,251680.67,46028.45,Active
CRD0007358,5226-XXXX-XXXX-8249,CUS0008675,PRD-CC01,,Credit,2025-07-27,2029-07-09,1312652.76,190170.37,Active
CRD0007359,4470-XXXX-XXXX-1668,CUS0003617,PRD-CC02,,Credit,2023-04-17,2026-11-19,914689.23,135019.66,Active
CRD0007360,5537-XXXX-XXXX-6945,CUS0006039,PRD-CC01,,Credit,2022-07-05,2028-08-24,905193.22,161685.06,Active
CRD0007361,5134-XXXX-XXXX-4978,CUS0008804,PRD-CC03,,Credit,2022-03-20,2030-03-16,735740.23,101040.49,Active
CRD0007362,4185-XXXX-XXXX-8554,CUS0003891,PRD-DC01,ACC00003549,Debit,2024-05-24,2030-09-19,0.0,0.0,Active
CRD0007363,5557-XXXX-XXXX-8014,CUS0003294,PRD-DC02,,Debit,2022-08-04,2027-01-29,0.0,0.0,Active
CRD0007364,4267-XXXX-XXXX-2182,CUS0006579,PRD-CC04,,Credit,2025-03-27,2030-01-27,223204.42,46596.72,Active
CRD0007365,4433-XXXX-XXXX-3684,CUS0002646,PRD-DC01,ACC00006053,Debit,2021-05-04,2029-04-04,0.0,0.0,Active
CRD0007366,5194-XXXX-XXXX-2103,CUS0008139,PRD-DC02,ACC00007792,Debit,2022-05-05,2028-02-22,0.0,0.0,Active
CRD0007367,4993-XXXX-XXXX-8668,CUS0001049,PRD-DC01,ACC00010532,Debit,2022-10-20,2028-10-06,0.0,0.0,Active
CRD0007368,4296-XXXX-XXXX-1999,CUS0002568,PRD-CC02,,Credit,2020-07-26,2029-11-02,949686.67,156722.69,Active
CRD0007369,4350-XXXX-XXXX-7243,CUS0009534,PRD-CC01,,Credit,2021-11-09,2027-06-07,699245.2,145073.15,Active
CRD0007370,4653-XXXX-XXXX-1574,CUS0006637,PRD-CC04,,Credit,2020-04-15,2026-08-27,425680.01,154975.16,Active
CRD0007371,5827-XXXX-XXXX-7900,CUS0009934,PRD-CC02,,Credit,2020-05-12,2026-10-10,419938.21,100495.88,Active
CRD0007372,5761-XXXX-XXXX-7400,CUS0005139,PRD-DC01,ACC00015013,Debit,2021-09-06,2029-05-12,0.0,0.0,Active
CRD0007373,4827-XXXX-XXXX-6934,CUS0007294,PRD-CC04,,Credit,2022-02-26,2030-09-07,433915.93,55818.57,Active
CRD0007374,4651-XXXX-XXXX-1870,CUS0004214,PRD-CC02,,Credit,2025-12-28,2029-11-25,484122.33,143803.11,Active
CRD0007375,5551-XXXX-XXXX-2171,CUS0008357,PRD-DC01,ACC00011930,Debit,2023-11-13,2027-04-15,0.0,0.0,Active
CRD0007376,5815-XXXX-XXXX-3449,CUS0002819,PRD-CC03,,Credit,2025-05-07,2028-03-25,64712.19,153862.35,Active
CRD0007377,5816-XXXX-XXXX-8453,CUS0001907,PRD-CC01,,Credit,2020-03-26,2030-01-23,1320119.18,181128.36,Active
CRD0007378,5679-XXXX-XXXX-6869,CUS0006860,PRD-DC02,ACC00003236,Debit,2026-01-23,2029-11-17,0.0,0.0,Active
CRD0007379,5336-XXXX-XXXX-8177,CUS0008567,PRD-CC04,,Credit,2024-04-27,2026-07-29,225023.88,21564.83,Active
CRD0007380,4118-XXXX-XXXX-2554,CUS0009961,PRD-CC01,,Credit,2026-04-05,2029-07-26,1046589.62,87238.29,Active
CRD0007381,5719-XXXX-XXXX-6354,CUS0002715,PRD-CC02,,Credit,2025-02-03,2027-02-02,552565.39,98200.43,Active
CRD0007382,5581-XXXX-XXXX-4279,CUS0006727,PRD-CC04,,Credit,2026-04-03,2026-11-02,136045.47,103854.27,Active
CRD0007383,4444-XXXX-XXXX-2148,CUS0003484,PRD-DC01,ACC00001525,Debit,2021-12-29,2027-05-14,0.0,0.0,Active
CRD0007384,4145-XXXX-XXXX-5153,CUS0002762,PRD-DC02,ACC00005476,Debit,2025-12-26,2029-06-14,0.0,0.0,Active
CRD0007385,4674-XXXX-XXXX-4437,CUS0005611,PRD-DC02,ACC00003356,Debit,2021-09-25,2030-02-01,0.0,0.0,Blocked
CRD0007386,4974-XXXX-XXXX-1710,CUS0004221,PRD-DC01,ACC00001360,Debit,2024-12-30,2027-04-02,0.0,0.0,Active
CRD0007387,4913-XXXX-XXXX-8448,CUS0008919,PRD-CC04,,Credit,2021-10-04,2029-08-15,72648.54,130828.09,Active
CRD0007388,5189-XXXX-XXXX-1499,CUS0001092,PRD-CC03,,Credit,2025-07-06,2029-03-26,1410689.04,130843.38,Active
CRD0007389,5277-XXXX-XXXX-7156,CUS0004026,PRD-DC01,ACC00000536,Debit,2023-02-17,2028-02-15,0.0,0.0,Active
CRD0007390,4655-XXXX-XXXX-4894,CUS0000819,PRD-CC03,,Credit,2022-03-28,2029-02-13,984051.07,172614.27,Active
CRD0007391,5592-XXXX-XXXX-2764,CUS0001006,PRD-CC03,,Credit,2020-08-29,2027-03-01,812323.37,161445.26,Active
CRD0007392,5914-XXXX-XXXX-1468,CUS0009578,PRD-DC02,ACC00015695,Debit,2020-01-09,2027-02-27,0.0,0.0,Active
CRD0007393,5954-XXXX-XXXX-9435,CUS0001333,PRD-CC01,,Credit,2024-03-17,2026-12-01,1044324.24,132904.67,Active
CRD0007394,5399-XXXX-XXXX-4734,CUS0005158,PRD-CC01,,Credit,2021-06-08,2029-06-06,1030299.84,137772.6,Active
CRD0007395,4293-XXXX-XXXX-2335,CUS0005240,PRD-CC03,,Credit,2022-05-10,2027-11-30,84676.56,91884.16,Active
CRD0007396,4629-XXXX-XXXX-2278,CUS0005960,PRD-CC01,,Credit,2022-11-03,2027-02-25,1212108.37,58331.79,Active
CRD0007397,5229-XXXX-XXXX-7836,CUS0004844,PRD-DC01,,Debit,2025-04-09,2028-04-13,0.0,0.0,Active
CRD0007398,5850-XXXX-XXXX-6146,CUS0003323,PRD-DC02,ACC00006516,Debit,2025-11-21,2030-04-22,0.0,0.0,Active
CRD0007399,4814-XXXX-XXXX-2972,CUS0004424,PRD-DC02,,Debit,2023-10-13,2030-06-27,0.0,0.0,Active
CRD0007400,4862-XXXX-XXXX-9137,CUS0006205,PRD-CC01,,Credit,2025-10-19,2029-10-14,1015144.79,147632.05,Active
CRD0007401,4777-XXXX-XXXX-8685,CUS0003651,PRD-DC01,ACC00006050,Debit,2022-12-29,2027-07-24,0.0,0.0,Active
CRD0007402,4310-XXXX-XXXX-2634,CUS0008828,PRD-DC01,ACC00012588,Debit,2024-11-09,2029-06-27,0.0,0.0,Active
CRD0007403,5134-XXXX-XXXX-3673,CUS0003497,PRD-CC04,,Credit,2021-07-27,2027-11-03,296023.92,50514.79,Active
CRD0007404,4594-XXXX-XXXX-1041,CUS0006850,PRD-CC03,,Credit,2021-01-14,2027-04-29,749976.6,151564.52,Active
CRD0007405,5511-XXXX-XXXX-4302,CUS0000390,PRD-DC02,,Debit,2020-01-18,2027-06-07,0.0,0.0,Active
CRD0007406,4980-XXXX-XXXX-1904,CUS0005073,PRD-CC04,,Credit,2023-01-18,2030-01-08,1479546.47,178722.63,Active
CRD0007407,4221-XXXX-XXXX-7987,CUS0008523,PRD-CC03,,Credit,2021-12-27,2028-05-28,929311.2,39824.33,Active
CRD0007408,5406-XXXX-XXXX-1322,CUS0004043,PRD-DC02,ACC00001653,Debit,2025-04-29,2027-07-03,0.0,0.0,Active
CRD0007409,5813-XXXX-XXXX-5829,CUS0006539,PRD-CC03,,Credit,2020-06-02,2028-02-29,765828.67,130681.64,Active
CRD0007410,5309-XXXX-XXXX-2267,CUS0000105,PRD-CC01,,Credit,2025-10-25,2026-11-18,688796.85,53056.13,Active
CRD0007411,5385-XXXX-XXXX-4674,CUS0009726,PRD-DC01,ACC00004623,Debit,2024-05-19,2028-11-06,0.0,0.0,Active
CRD0007412,5443-XXXX-XXXX-4207,CUS0000565,PRD-DC01,ACC00001272,Debit,2025-09-21,2028-06-05,0.0,0.0,Active
CRD0007413,4736-XXXX-XXXX-5488,CUS0008179,PRD-CC03,,Credit,2022-06-24,2028-10-08,68929.14,171597.69,Active
CRD0007414,5126-XXXX-XXXX-6802,CUS0006151,PRD-CC01,,Credit,2021-06-08,2028-01-19,1267390.37,189554.7,Active
CRD0007415,4310-XXXX-XXXX-8787,CUS0004400,PRD-CC02,,Credit,2022-02-17,2029-08-05,409761.69,150772.27,Active
CRD0007416,4544-XXXX-XXXX-2167,CUS0003340,PRD-DC01,ACC00002981,Debit,2022-07-17,2029-02-22,0.0,0.0,Active
CRD0007417,4744-XXXX-XXXX-3806,CUS0004476,PRD-CC02,,Credit,2020-10-14,2026-12-07,107720.93,136146.37,Active
CRD0007418,4619-XXXX-XXXX-2842,CUS0003577,PRD-CC04,,Credit,2021-05-05,2026-08-04,369006.39,4716.11,Active
CRD0007419,5660-XXXX-XXXX-8385,CUS0001989,PRD-CC03,,Credit,2022-09-06,2027-12-16,221326.34,124079.7,Active
CRD0007420,4723-XXXX-XXXX-2974,CUS0009055,PRD-CC03,,Credit,2025-09-09,2027-05-10,1495392.26,127028.5,Active
CRD0007421,5112-XXXX-XXXX-1352,CUS0006511,PRD-CC03,,Credit,2020-09-25,2027-08-25,1301800.11,152839.29,Active
CRD0007422,4255-XXXX-XXXX-5681,CUS0006344,PRD-CC04,,Credit,2025-06-24,2027-06-25,126263.13,104653.88,Active
CRD0007423,4113-XXXX-XXXX-3193,CUS0009962,PRD-CC03,,Credit,2020-10-18,2027-01-27,1133668.77,64369.99,Active
CRD0007424,4277-XXXX-XXXX-1290,CUS0000962,PRD-DC02,ACC00004224,Debit,2025-09-16,2030-04-19,0.0,0.0,Active
CRD0007425,5883-XXXX-XXXX-5027,CUS0004748,PRD-CC03,,Credit,2023-01-20,2027-02-28,899031.6,149.37,Active
CRD0007426,4758-XXXX-XXXX-3205,CUS0003678,PRD-DC01,ACC00017206,Debit,2021-06-14,2029-06-06,0.0,0.0,Active
CRD0007427,4939-XXXX-XXXX-8877,CUS0003877,PRD-CC04,,Credit,2025-09-06,2030-06-28,1306877.26,130432.13,Active
CRD0007428,5770-XXXX-XXXX-2221,CUS0008853,PRD-CC04,,Credit,2021-05-10,2029-05-10,1495297.64,145684.42,Active
CRD0007429,4531-XXXX-XXXX-2885,CUS0001769,PRD-DC01,ACC00003345,Debit,2023-07-15,2029-08-21,0.0,0.0,Active
CRD0007430,4972-XXXX-XXXX-8375,CUS0009133,PRD-CC01,,Credit,2025-01-08,2030-01-21,747730.31,122647.24,Active
CRD0007431,4548-XXXX-XXXX-4871,CUS0009606,PRD-DC01,ACC00006454,Debit,2024-03-13,2030-10-03,0.0,0.0,Active
CRD0007432,5282-XXXX-XXXX-6931,CUS0001897,PRD-CC01,,Credit,2023-11-30,2030-02-14,1370126.79,51619.32,Active
CRD0007433,5580-XXXX-XXXX-8028,CUS0000976,PRD-CC04,,Credit,2023-08-27,2030-01-01,870141.0,31686.64,Active
CRD0007434,5721-XXXX-XXXX-7618,CUS0007196,PRD-DC01,ACC00008259,Debit,2020-08-05,2030-01-22,0.0,0.0,Active
CRD0007435,4478-XXXX-XXXX-8034,CUS0005480,PRD-DC02,ACC00002913,Debit,2020-01-01,2027-03-10,0.0,0.0,Active
CRD0007436,4752-XXXX-XXXX-5382,CUS0005554,PRD-DC02,ACC00012009,Debit,2023-02-13,2027-06-03,0.0,0.0,Active
CRD0007437,4968-XXXX-XXXX-8869,CUS0003650,PRD-CC01,,Credit,2025-05-13,2030-12-03,1492756.39,87960.17,Blocked
CRD0007438,4808-XXXX-XXXX-4755,CUS0008607,PRD-CC02,,Credit,2022-06-26,2027-06-09,417139.23,163278.1,Active
CRD0007439,4596-XXXX-XXXX-6150,CUS0005613,PRD-CC03,,Credit,2021-12-23,2030-04-01,1066710.78,117607.38,Active
CRD0007440,4578-XXXX-XXXX-3724,CUS0002385,PRD-CC02,,Credit,2024-11-24,2029-09-18,1469815.1,110148.98,Active
CRD0007441,4180-XXXX-XXXX-9494,CUS0001754,PRD-CC03,,Credit,2024-01-31,2029-09-17,337613.66,176342.16,Active
CRD0007442,4243-XXXX-XXXX-4296,CUS0006959,PRD-CC04,,Credit,2026-03-04,2026-07-04,539960.45,179294.71,Active
CRD0007443,4185-XXXX-XXXX-7210,CUS0008098,PRD-CC03,,Credit,2022-05-26,2028-12-14,800092.98,115004.77,Active
CRD0007444,4751-XXXX-XXXX-3411,CUS0002054,PRD-CC03,,Credit,2023-10-12,2027-05-22,1403238.17,159913.88,Active
CRD0007445,5369-XXXX-XXXX-6265,CUS0000111,PRD-DC01,ACC00006978,Debit,2021-09-17,2027-03-18,0.0,0.0,Active
CRD0007446,5787-XXXX-XXXX-9955,CUS0003352,PRD-DC02,ACC00005057,Debit,2022-07-31,2028-07-23,0.0,0.0,Active
CRD0007447,4810-XXXX-XXXX-6032,CUS0009771,PRD-DC01,ACC00004179,Debit,2023-01-21,2028-11-23,0.0,0.0,Active
CRD0007448,5665-XXXX-XXXX-4871,CUS0003115,PRD-CC03,,Credit,2023-07-09,2030-12-30,997575.13,115454.95,Active
CRD0007449,4676-XXXX-XXXX-7066,CUS0007611,PRD-CC04,,Credit,2020-01-11,2028-04-09,70525.54,29675.51,Active
CRD0007450,5317-XXXX-XXXX-6891,CUS0008501,PRD-DC02,ACC00010324,Debit,2023-05-06,2027-10-14,0.0,0.0,Active
CRD0007451,5500-XXXX-XXXX-6612,CUS0004355,PRD-CC02,,Credit,2021-03-02,2029-06-16,1106628.96,196027.77,Blocked
CRD0007452,4714-XXXX-XXXX-1427,CUS0005285,PRD-DC02,,Debit,2023-08-31,2028-11-01,0.0,0.0,Active
CRD0007453,4129-XXXX-XXXX-2183,CUS0006261,PRD-CC01,,Credit,2023-12-08,2029-02-01,608123.95,177156.51,Active
CRD0007454,5977-XXXX-XXXX-2254,CUS0003929,PRD-CC02,,Credit,2020-07-09,2028-11-30,707980.55,155795.79,Active
CRD0007455,4359-XXXX-XXXX-7862,CUS0008114,PRD-CC02,,Credit,2020-07-11,2027-04-29,352646.04,99320.09,Active
CRD0007456,4391-XXXX-XXXX-9588,CUS0001200,PRD-CC01,,Credit,2022-10-02,2030-03-19,859615.24,147913.67,Active
CRD0007457,5683-XXXX-XXXX-7904,CUS0000177,PRD-DC01,ACC00016721,Debit,2022-06-21,2027-02-13,0.0,0.0,Active
CRD0007458,4289-XXXX-XXXX-1315,CUS0009212,PRD-CC01,,Credit,2023-11-30,2026-10-03,1060276.51,148331.04,Active
CRD0007459,5202-XXXX-XXXX-9366,CUS0001790,PRD-CC04,,Credit,2020-07-16,2030-01-27,92807.05,62786.03,Active
CRD0007460,4630-XXXX-XXXX-6455,CUS0003931,PRD-DC01,ACC00001665,Debit,2026-02-16,2026-09-16,0.0,0.0,Active
CRD0007461,5232-XXXX-XXXX-1967,CUS0002957,PRD-CC01,,Credit,2023-09-26,2028-12-14,564647.06,182874.48,Active
CRD0007462,4686-XXXX-XXXX-6664,CUS0006987,PRD-DC02,ACC00007166,Debit,2021-10-29,2029-11-04,0.0,0.0,Active
CRD0007463,5450-XXXX-XXXX-6168,CUS0002379,PRD-CC01,,Credit,2023-05-25,2030-02-15,821890.17,107464.76,Active
CRD0007464,4695-XXXX-XXXX-8818,CUS0009521,PRD-DC02,ACC00004093,Debit,2022-08-25,2029-07-23,0.0,0.0,Active
CRD0007465,4234-XXXX-XXXX-7225,CUS0000123,PRD-DC02,ACC00003426,Debit,2025-05-06,2029-09-17,0.0,0.0,Expired
CRD0007466,4359-XXXX-XXXX-1748,CUS0008553,PRD-CC02,,Credit,2025-04-28,2029-05-28,1474247.75,44398.69,Active
CRD0007467,4244-XXXX-XXXX-9769,CUS0006499,PRD-DC02,ACC00015292,Debit,2021-12-02,2028-05-21,0.0,0.0,Active
CRD0007468,4999-XXXX-XXXX-7730,CUS0003782,PRD-CC01,,Credit,2020-12-05,2027-04-23,1048119.54,115954.12,Active
CRD0007469,4908-XXXX-XXXX-1441,CUS0000063,PRD-CC01,,Credit,2025-10-13,2026-09-04,1043310.5,86780.7,Active
CRD0007470,4598-XXXX-XXXX-1841,CUS0007782,PRD-CC02,,Credit,2026-01-10,2026-07-05,174827.01,109552.75,Active
CRD0007471,4310-XXXX-XXXX-7592,CUS0007200,PRD-DC01,ACC00013882,Debit,2023-12-28,2027-09-08,0.0,0.0,Active
CRD0007472,5292-XXXX-XXXX-9723,CUS0009916,PRD-CC02,,Credit,2023-02-12,2029-04-22,1152753.35,159830.18,Active
CRD0007473,4110-XXXX-XXXX-8816,CUS0008978,PRD-DC01,ACC00007953,Debit,2024-09-03,2028-03-15,0.0,0.0,Active
CRD0007474,5946-XXXX-XXXX-8916,CUS0007022,PRD-DC01,ACC00009523,Debit,2022-12-07,2027-07-13,0.0,0.0,Active
CRD0007475,5661-XXXX-XXXX-2714,CUS0009117,PRD-DC01,ACC00002009,Debit,2021-07-09,2030-08-03,0.0,0.0,Active
CRD0007476,5297-XXXX-XXXX-3554,CUS0009475,PRD-CC02,,Credit,2020-05-08,2030-11-07,39612.14,123880.25,Active
CRD0007477,5799-XXXX-XXXX-4910,CUS0003167,PRD-CC03,,Credit,2021-01-25,2029-09-16,257546.09,18782.7,Active
CRD0007478,5496-XXXX-XXXX-8940,CUS0009974,PRD-CC01,,Credit,2025-09-26,2030-03-21,316595.22,65127.82,Active
CRD0007479,5372-XXXX-XXXX-4178,CUS0008672,PRD-CC03,,Credit,2021-11-05,2027-07-13,362652.38,24307.82,Active
CRD0007480,4152-XXXX-XXXX-4262,CUS0008939,PRD-CC02,,Credit,2021-01-24,2026-12-24,89784.2,145773.89,Active
CRD0007481,4458-XXXX-XXXX-2369,CUS0005680,PRD-DC01,ACC00008643,Debit,2024-12-07,2030-07-26,0.0,0.0,Active
CRD0007482,5487-XXXX-XXXX-7467,CUS0003179,PRD-CC04,,Credit,2023-05-28,2027-09-17,414784.24,80043.39,Active
CRD0007483,5573-XXXX-XXXX-6618,CUS0000882,PRD-DC02,ACC00005359,Debit,2024-11-16,2027-06-19,0.0,0.0,Active
CRD0007484,5790-XXXX-XXXX-5554,CUS0002381,PRD-CC04,,Credit,2020-03-28,2027-02-10,1255024.32,23605.51,Active
CRD0007485,4484-XXXX-XXXX-7798,CUS0005070,PRD-CC01,,Credit,2025-12-28,2028-10-18,23353.8,151188.16,Active
CRD0007486,4131-XXXX-XXXX-9413,CUS0007497,PRD-CC03,,Credit,2020-11-07,2028-03-19,488566.15,17627.43,Active
CRD0007487,5713-XXXX-XXXX-2345,CUS0008813,PRD-CC02,,Credit,2023-12-21,2028-10-12,246065.09,11264.45,Active
CRD0007488,4844-XXXX-XXXX-3722,CUS0008486,PRD-DC02,ACC00010147,Debit,2024-10-16,2027-02-25,0.0,0.0,Active
CRD0007489,5484-XXXX-XXXX-4806,CUS0009473,PRD-CC04,,Credit,2020-02-25,2028-12-01,1251226.83,35518.62,Active
CRD0007490,5236-XXXX-XXXX-4181,CUS0003585,PRD-DC01,ACC00013723,Debit,2020-07-28,2028-06-06,0.0,0.0,Active
CRD0007491,4178-XXXX-XXXX-1831,CUS0000429,PRD-CC02,,Credit,2022-11-20,2030-02-17,284969.83,5525.59,Active
CRD0007492,5835-XXXX-XXXX-6839,CUS0006187,PRD-DC02,ACC00016428,Debit,2024-10-23,2028-04-30,0.0,0.0,Active
CRD0007493,5437-XXXX-XXXX-3937,CUS0006986,PRD-DC02,ACC00012102,Debit,2021-07-13,2029-07-30,0.0,0.0,Active
CRD0007494,5114-XXXX-XXXX-2945,CUS0008916,PRD-CC03,,Credit,2020-06-12,2027-12-13,813966.64,156974.75,Active
CRD0007495,5820-XXXX-XXXX-6434,CUS0001677,PRD-DC02,ACC00017672,Debit,2022-06-14,2030-10-18,0.0,0.0,Active
CRD0007496,5288-XXXX-XXXX-9235,CUS0007355,PRD-CC01,,Credit,2026-04-12,2030-04-06,812059.14,13762.99,Active
CRD0007497,5335-XXXX-XXXX-4031,CUS0001613,PRD-CC03,,Credit,2024-01-03,2029-06-10,1103131.14,85870.44,Active
CRD0007498,5325-XXXX-XXXX-6690,CUS0006964,PRD-CC02,,Credit,2023-10-19,2030-09-26,662470.9,82787.41,Active
CRD0007499,4641-XXXX-XXXX-5677,CUS0002125,PRD-CC01,,Credit,2025-09-01,2027-01-15,1088033.15,113498.29,Active
CRD0007500,5374-XXXX-XXXX-9345,CUS0006549,PRD-CC02,,Credit,2023-12-30,2028-09-27,1170203.96,190502.0,Active
