history_id,customer_id,segment_id,valid_from,valid_to,is_current
CSH0000001,CUS0000001,SEG-PRIV,2019-06-04,,True
CSH0000002,CUS0000002,SEG-AFFL,2024-10-23,,True
CSH0000003,CUS0000003,SEG-MAFF,2023-05-23,,True
CSH0000004,CUS0000004,SEG-MAFF,2022-02-03,,True
CSH0000005,CUS0000005,SEG-MAFF,2020-10-31,,True
CSH0000006,CUS0000006,SEG-MAFF,2025-05-21,,True
CSH0000007,CUS0000007,SEG-MAFF,2024-11-30,,True
CSH0000008,CUS0000008,SEG-MASS,2020-02-01,,True
CSH0000009,CUS0000009,SEG-SME,2018-09-04,,True
CSH0000010,CUS0000010,SEG-MAFF,2022-10-27,,True
CSH0000011,CUS0000011,SEG-MASS,2026-01-23,,True
CSH0000012,CUS0000012,SEG-MAFF,2025-02-28,,True
CSH0000013,CUS0000013,SEG-PRIV,2018-02-07,,True
CSH0000014,CUS0000014,SEG-SME,2019-07-21,,True
CSH0000015,CUS0000015,SEG-MAFF,2019-05-18,,True
CSH0000016,CUS0000016,SEG-AFFL,2025-03-28,,True
CSH0000017,CUS0000017,SEG-PRIV,2021-09-07,,True
CSH0000018,CUS0000018,SEG-MAFF,2021-11-26,,True
CSH0000019,CUS0000019,SEG-PRIV,2021-03-17,,True
CSH0000020,CUS0000020,SEG-MAFF,2022-12-09,,True
CSH0000021,CUS0000021,SEG-CORP,2023-12-27,,True
CSH0000022,CUS0000022,SEG-SME,2018-10-04,,True
CSH0000023,CUS0000023,SEG-MAFF,2021-11-21,,True
CSH0000024,CUS0000024,SEG-MAFF,2020-04-30,,True
CSH0000025,CUS0000025,SEG-SME,2025-04-02,,True
CSH0000026,CUS0000026,SEG-CORP,2023-08-25,,True
CSH0000027,CUS0000027,SEG-MASS,2025-09-24,,True
CSH0000028,CUS0000028,SEG-MASS,2024-12-06,,True
CSH0000029,CUS0000029,SEG-MAFF,2023-04-13,,True
CSH0000030,CUS0000030,SEG-SME,2018-08-17,,True
CSH0000031,CUS0000031,SEG-MAFF,2022-08-01,,True
CSH0000032,CUS0000032,SEG-MASS,2025-09-25,,True
CSH0000033,CUS0000033,SEG-SME,2025-06-04,,True
CSH0000034,CUS0000034,SEG-MASS,2019-09-08,,True
CSH0000035,CUS0000035,SEG-SME,2021-03-07,,True
CSH0000036,CUS0000036,SEG-MAFF,2018-09-09,,True
CSH0000037,CUS0000037,SEG-MAFF,2026-03-31,,True
CSH0000038,CUS0000038,SEG-AFFL,2018-10-22,,True
CSH0000039,CUS0000039,SEG-MAFF,2021-09-20,,True
CSH0000040,CUS0000040,SEG-CORP,2023-08-19,,True
CSH0000041,CUS0000041,SEG-MASS,2019-10-20,,True
CSH0000042,CUS0000042,SEG-MAFF,2020-07-21,,True
CSH0000043,CUS0000043,SEG-AFFL,2025-08-03,,True
CSH0000044,CUS0000044,SEG-AFFL,2021-12-11,,True
CSH0000045,CUS0000045,SEG-CORP,2021-08-26,,True
CSH0000046,CUS0000046,SEG-MASS,2020-11-06,,True
CSH0000047,CUS0000047,SEG-AFFL,2019-02-26,,True
CSH0000048,CUS0000048,SEG-SME,2020-10-22,,True
CSH0000049,CUS0000049,SEG-MASS,2022-11-02,,True
CSH0000050,CUS0000050,SEG-MAFF,2018-04-01,,True
CSH0000051,CUS0000051,SEG-CORP,2019-09-30,,True
CSH0000052,CUS0000052,SEG-MASS,2023-01-03,,True
CSH0000053,CUS0000053,SEG-MAFF,2023-01-30,,True
CSH0000054,CUS0000054,SEG-MASS,2024-07-31,,True
CSH0000055,CUS0000055,SEG-SME,2023-06-14,,True
CSH0000056,CUS0000056,SEG-MAFF,2020-07-09,,True
CSH0000057,CUS0000057,SEG-MASS,2019-08-25,,True
CSH0000058,CUS0000058,SEG-MAFF,2021-09-21,,True
CSH0000059,CUS0000059,SEG-MASS,2021-01-12,,True
CSH0000060,CUS0000060,SEG-MASS,2022-10-26,,True
CSH0000061,CUS0000061,SEG-CORP,2025-10-20,,True
CSH0000062,CUS0000062,SEG-CORP,2024-06-27,,True
CSH0000063,CUS0000063,SEG-AFFL,2020-03-25,,True
CSH0000064,CUS0000064,SEG-AFFL,2020-10-17,,True
CSH0000065,CUS0000065,SEG-PRIV,2019-09-01,,True
CSH0000066,CUS0000066,SEG-PRIV,2023-02-28,,True
CSH0000067,CUS0000067,SEG-CORP,2024-06-06,,True
CSH0000068,CUS0000068,SEG-AFFL,2018-02-08,,True
CSH0000069,CUS0000069,SEG-CORP,2018-03-26,,True
CSH0000070,CUS0000070,SEG-PRIV,2023-07-03,,True
CSH0000071,CUS0000071,SEG-AFFL,2022-08-06,,True
CSH0000072,CUS0000072,SEG-CORP,2024-12-27,,True
CSH0000073,CUS0000073,SEG-MASS,2021-05-29,,True
CSH0000074,CUS0000074,SEG-MASS,2021-09-01,,True
CSH0000075,CUS0000075,SEG-MAFF,2019-09-12,,True
CSH0000076,CUS0000076,SEG-AFFL,2018-06-30,,True
CSH0000077,CUS0000077,SEG-AFFL,2022-01-18,,True
CSH0000078,CUS0000078,SEG-MASS,2026-04-04,,True
CSH0000079,CUS0000079,SEG-PRIV,2023-03-24,,True
CSH0000080,CUS0000080,SEG-MAFF,2022-07-28,,True
CSH0000081,CUS0000081,SEG-MASS,2022-07-30,,True
CSH0000082,CUS0000082,SEG-AFFL,2022-12-21,,True
CSH0000083,CUS0000083,SEG-MAFF,2024-11-04,,True
CSH0000084,CUS0000084,SEG-MASS,2020-12-21,,True
CSH0000085,CUS0000085,SEG-MASS,2018-03-16,,True
CSH0000086,CUS0000086,SEG-AFFL,2023-02-16,,True
CSH0000087,CUS0000087,SEG-MAFF,2025-10-26,,True
CSH0000088,CUS0000088,SEG-MAFF,2021-06-14,,True
CSH0000089,CUS0000089,SEG-MASS,2022-03-25,,True
CSH0000090,CUS0000090,SEG-MAFF,2018-05-30,,True
CSH0000091,CUS0000091,SEG-MAFF,2025-12-11,,True
CSH0000092,CUS0000092,SEG-MAFF,2019-03-20,,True
CSH0000093,CUS0000093,SEG-AFFL,2024-06-22,,True
CSH0000094,CUS0000094,SEG-SME,2023-04-17,,True
CSH0000095,CUS0000095,SEG-PRIV,2022-02-15,,True
CSH0000096,CUS0000096,SEG-AFFL,2022-07-30,,True
CSH0000097,CUS0000097,SEG-PRIV,2024-05-22,,True
CSH0000098,CUS0000098,SEG-PRIV,2020-11-22,,True
CSH0000099,CUS0000099,SEG-MASS,2026-03-31,,True
CSH0000100,CUS0000100,SEG-MASS,2020-12-23,,True
CSH0000101,CUS0000101,SEG-MASS,2018-08-13,,True
CSH0000102,CUS0000102,SEG-MASS,2022-08-03,,True
CSH0000103,CUS0000103,SEG-MAFF,2025-02-16,,True
CSH0000104,CUS0000104,SEG-MAFF,2024-05-23,,True
CSH0000105,CUS0000105,SEG-MASS,2019-09-13,,True
CSH0000106,CUS0000106,SEG-AFFL,2024-09-20,,True
CSH0000107,CUS0000107,SEG-AFFL,2022-10-15,,True
CSH0000108,CUS0000108,SEG-MAFF,2018-04-10,,True
CSH0000109,CUS0000109,SEG-AFFL,2022-03-07,,True
CSH0000110,CUS0000110,SEG-MASS,2018-11-27,,True
CSH0000111,CUS0000111,SEG-MAFF,2022-10-29,,True
CSH0000112,CUS0000112,SEG-AFFL,2023-06-11,,True
CSH0000113,CUS0000113,SEG-AFFL,2020-04-06,,True
CSH0000114,CUS0000114,SEG-SME,2018-06-24,,True
CSH0000115,CUS0000115,SEG-MAFF,2022-06-02,,True
CSH0000116,CUS0000116,SEG-MASS,2024-11-12,,True
CSH0000117,CUS0000117,SEG-MAFF,2023-06-15,,True
CSH0000118,CUS0000118,SEG-MAFF,2021-09-22,,True
CSH0000119,CUS0000119,SEG-MASS,2021-09-04,,True
CSH0000120,CUS0000120,SEG-CORP,2023-08-12,,True
CSH0000121,CUS0000121,SEG-AFFL,2022-10-16,,True
CSH0000122,CUS0000122,SEG-MAFF,2021-03-30,,True
CSH0000123,CUS0000123,SEG-PRIV,2025-09-05,,True
CSH0000124,CUS0000124,SEG-MASS,2018-09-23,,True
CSH0000125,CUS0000125,SEG-MASS,2021-01-10,,True
CSH0000126,CUS0000126,SEG-AFFL,2020-10-24,,True
CSH0000127,CUS0000127,SEG-MASS,2018-02-03,,True
CSH0000128,CUS0000128,SEG-MAFF,2020-11-10,,True
CSH0000129,CUS0000129,SEG-MASS,2020-01-08,,True
CSH0000130,CUS0000130,SEG-AFFL,2025-02-17,,True
CSH0000131,CUS0000131,SEG-MAFF,2023-11-28,,True
CSH0000132,CUS0000132,SEG-AFFL,2023-03-16,,True
CSH0000133,CUS0000133,SEG-MAFF,2023-03-25,,True
CSH0000134,CUS0000134,SEG-CORP,2022-06-10,,True
CSH0000135,CUS0000135,SEG-MASS,2024-02-18,,True
CSH0000136,CUS0000136,SEG-PRIV,2020-12-11,,True
CSH0000137,CUS0000137,SEG-CORP,2019-02-09,,True
CSH0000138,CUS0000138,SEG-AFFL,2018-01-03,,True
CSH0000139,CUS0000139,SEG-MASS,2023-05-15,,True
CSH0000140,CUS0000140,SEG-MASS,2021-02-04,,True
CSH0000141,CUS0000141,SEG-MASS,2018-08-18,,True
CSH0000142,CUS0000142,SEG-MAFF,2020-10-11,,True
CSH0000143,CUS0000143,SEG-AFFL,2023-09-02,,True
CSH0000144,CUS0000144,SEG-SME,2025-03-05,,True
CSH0000145,CUS0000145,SEG-MASS,2025-05-13,,True
CSH0000146,CUS0000146,SEG-MAFF,2018-11-05,,True
CSH0000147,CUS0000147,SEG-MASS,2025-09-20,,True
CSH0000148,CUS0000148,SEG-MASS,2021-01-15,,True
CSH0000149,CUS0000149,SEG-MASS,2022-08-22,,True
CSH0000150,CUS0000150,SEG-PRIV,2022-06-21,,True
CSH0000151,CUS0000151,SEG-PRIV,2020-11-30,,True
CSH0000152,CUS0000152,SEG-SME,2025-03-06,,True
CSH0000153,CUS0000153,SEG-PRIV,2020-04-05,,True
CSH0000154,CUS0000154,SEG-MAFF,2021-07-05,,True
CSH0000155,CUS0000155,SEG-MAFF,2021-08-20,,True
CSH0000156,CUS0000156,SEG-SME,2019-12-19,,True
CSH0000157,CUS0000157,SEG-MASS,2021-08-16,,True
CSH0000158,CUS0000158,SEG-MASS,2024-01-25,,True
CSH0000159,CUS0000159,SEG-AFFL,2020-05-04,,True
CSH0000160,CUS0000160,SEG-CORP,2019-07-08,,True
CSH0000161,CUS0000161,SEG-SME,2022-01-12,,True
CSH0000162,CUS0000162,SEG-MASS,2024-01-21,,True
CSH0000163,CUS0000163,SEG-AFFL,2020-09-02,,True
CSH0000164,CUS0000164,SEG-AFFL,2026-03-23,,True
CSH0000165,CUS0000165,SEG-AFFL,2020-05-08,,True
CSH0000166,CUS0000166,SEG-PRIV,2018-02-08,,True
CSH0000167,CUS0000167,SEG-PRIV,2020-11-28,,True
CSH0000168,CUS0000168,SEG-CORP,2019-03-07,,True
CSH0000169,CUS0000169,SEG-CORP,2023-06-12,,True
CSH0000170,CUS0000170,SEG-AFFL,2019-08-19,,True
CSH0000171,CUS0000171,SEG-CORP,2022-07-20,,True
CSH0000172,CUS0000172,SEG-AFFL,2020-03-08,,True
CSH0000173,CUS0000173,SEG-MASS,2021-05-21,,True
CSH0000174,CUS0000174,SEG-MASS,2019-10-04,,True
CSH0000175,CUS0000175,SEG-AFFL,2020-02-02,,True
CSH0000176,CUS0000176,SEG-PRIV,2025-03-25,,True
CSH0000177,CUS0000177,SEG-MAFF,2023-12-03,,True
CSH0000178,CUS0000178,SEG-MAFF,2023-03-08,,True
CSH0000179,CUS0000179,SEG-SME,2019-10-09,,True
CSH0000180,CUS0000180,SEG-AFFL,2022-06-08,,True
CSH0000181,CUS0000181,SEG-MAFF,2019-08-18,,True
CSH0000182,CUS0000182,SEG-MAFF,2025-01-27,,True
CSH0000183,CUS0000183,SEG-AFFL,2023-09-04,,True
CSH0000184,CUS0000184,SEG-MAFF,2025-11-19,,True
CSH0000185,CUS0000185,SEG-MAFF,2021-10-17,,True
CSH0000186,CUS0000186,SEG-MASS,2023-11-28,,True
CSH0000187,CUS0000187,SEG-MAFF,2026-01-13,,True
CSH0000188,CUS0000188,SEG-MASS,2019-10-05,,True
CSH0000189,CUS0000189,SEG-PRIV,2024-01-27,,True
CSH0000190,CUS0000190,SEG-MASS,2022-07-27,,True
CSH0000191,CUS0000191,SEG-AFFL,2026-02-01,,True
CSH0000192,CUS0000192,SEG-CORP,2021-06-04,,True
CSH0000193,CUS0000193,SEG-AFFL,2018-07-05,,True
CSH0000194,CUS0000194,SEG-MAFF,2021-05-11,,True
CSH0000195,CUS0000195,SEG-CORP,2023-10-03,,True
CSH0000196,CUS0000196,SEG-MAFF,2025-03-12,,True
CSH0000197,CUS0000197,SEG-MASS,2026-02-24,,True
CSH0000198,CUS0000198,SEG-MAFF,2018-09-04,,True
CSH0000199,CUS0000199,SEG-MAFF,2023-03-11,,True
CSH0000200,CUS0000200,SEG-AFFL,2023-03-15,,True
CSH0000201,CUS0000201,SEG-MAFF,2022-03-15,,True
CSH0000202,CUS0000202,SEG-MASS,2024-04-15,,True
CSH0000203,CUS0000203,SEG-PRIV,2022-01-20,,True
CSH0000204,CUS0000204,SEG-SME,2019-04-30,,True
CSH0000205,CUS0000205,SEG-PRIV,2021-05-17,,True
CSH0000206,CUS0000206,SEG-AFFL,2026-03-07,,True
CSH0000207,CUS0000207,SEG-SME,2023-04-02,,True
CSH0000208,CUS0000208,SEG-SME,2022-05-04,,True
CSH0000209,CUS0000209,SEG-MAFF,2020-09-20,,True
CSH0000210,CUS0000210,SEG-MASS,2018-02-01,,True
CSH0000211,CUS0000211,SEG-MAFF,2020-05-06,,True
CSH0000212,CUS0000212,SEG-AFFL,2022-11-14,,True
CSH0000213,CUS0000213,SEG-MASS,2018-07-25,,True
CSH0000214,CUS0000214,SEG-MASS,2020-07-31,,True
CSH0000215,CUS0000215,SEG-AFFL,2021-04-23,,True
CSH0000216,CUS0000216,SEG-SME,2023-05-04,,True
CSH0000217,CUS0000217,SEG-CORP,2022-09-18,,True
CSH0000218,CUS0000218,SEG-SME,2021-11-24,,True
CSH0000219,CUS0000219,SEG-SME,2023-10-02,,True
CSH0000220,CUS0000220,SEG-PRIV,2023-12-21,,True
CSH0000221,CUS0000221,SEG-MASS,2025-07-07,,True
CSH0000222,CUS0000222,SEG-MASS,2024-10-19,,True
CSH0000223,CUS0000223,SEG-MAFF,2022-02-08,,True
CSH0000224,CUS0000224,SEG-SME,2022-06-25,,True
CSH0000225,CUS0000225,SEG-PRIV,2021-05-11,,True
CSH0000226,CUS0000226,SEG-AFFL,2021-01-05,,True
CSH0000227,CUS0000227,SEG-MAFF,2021-09-19,,True
CSH0000228,CUS0000228,SEG-CORP,2018-08-15,,True
CSH0000229,CUS0000229,SEG-CORP,2023-02-23,,True
CSH0000230,CUS0000230,SEG-MAFF,2022-05-31,,True
CSH0000231,CUS0000231,SEG-AFFL,2021-11-03,,True
CSH0000232,CUS0000232,SEG-MAFF,2022-05-04,,True
CSH0000233,CUS0000233,SEG-AFFL,2018-09-10,,True
CSH0000234,CUS0000234,SEG-PRIV,2020-02-03,,True
CSH0000235,CUS0000235,SEG-MAFF,2022-04-14,,True
CSH0000236,CUS0000236,SEG-MASS,2023-01-23,,True
CSH0000237,CUS0000237,SEG-MAFF,2019-08-06,,True
CSH0000238,CUS0000238,SEG-MASS,2019-10-30,,True
CSH0000239,CUS0000239,SEG-MAFF,2018-10-01,,True
CSH0000240,CUS0000240,SEG-AFFL,2021-07-26,,True
CSH0000241,CUS0000241,SEG-SME,2023-12-16,,True
CSH0000242,CUS0000242,SEG-AFFL,2022-09-11,,True
CSH0000243,CUS0000243,SEG-MASS,2020-09-18,,True
CSH0000244,CUS0000244,SEG-MAFF,2025-04-26,,True
CSH0000245,CUS0000245,SEG-PRIV,2020-09-08,,True
CSH0000246,CUS0000246,SEG-MAFF,2020-06-21,,True
CSH0000247,CUS0000247,SEG-SME,2020-04-13,,True
CSH0000248,CUS0000248,SEG-MAFF,2019-12-16,,True
CSH0000249,CUS0000249,SEG-PRIV,2021-10-17,,True
CSH0000250,CUS0000250,SEG-MAFF,2022-11-16,,True
CSH0000251,CUS0000251,SEG-AFFL,2022-06-11,,True
CSH0000252,CUS0000252,SEG-MAFF,2024-05-02,,True
CSH0000253,CUS0000253,SEG-AFFL,2023-05-31,,True
CSH0000254,CUS0000254,SEG-AFFL,2026-04-16,,True
CSH0000255,CUS0000255,SEG-SME,2025-03-27,,True
CSH0000256,CUS0000256,SEG-MAFF,2021-03-20,,True
CSH0000257,CUS0000257,SEG-PRIV,2022-12-03,,True
CSH0000258,CUS0000258,SEG-MAFF,2019-09-22,,True
CSH0000259,CUS0000259,SEG-SME,2020-09-17,,True
CSH0000260,CUS0000260,SEG-MASS,2019-12-26,,True
CSH0000261,CUS0000261,SEG-MAFF,2021-01-28,,True
CSH0000262,CUS0000262,SEG-MASS,2024-09-20,,True
CSH0000263,CUS0000263,SEG-MAFF,2020-02-10,,True
CSH0000264,CUS0000264,SEG-AFFL,2019-02-28,,True
CSH0000265,CUS0000265,SEG-MAFF,2018-02-13,,True
CSH0000266,CUS0000266,SEG-MASS,2019-08-14,,True
CSH0000267,CUS0000267,SEG-MAFF,2022-09-09,,True
CSH0000268,CUS0000268,SEG-AFFL,2018-08-31,,True
CSH0000269,CUS0000269,SEG-CORP,2024-09-09,,True
CSH0000270,CUS0000270,SEG-SME,2022-12-01,,True
CSH0000271,CUS0000271,SEG-AFFL,2020-04-19,,True
CSH0000272,CUS0000272,SEG-SME,2022-09-08,,True
CSH0000273,CUS0000273,SEG-AFFL,2023-09-19,,True
CSH0000274,CUS0000274,SEG-MASS,2019-06-10,,True
CSH0000275,CUS0000275,SEG-MAFF,2020-07-02,,True
CSH0000276,CUS0000276,SEG-MASS,2021-02-16,,True
CSH0000277,CUS0000277,SEG-SME,2023-11-01,,True
CSH0000278,CUS0000278,SEG-MASS,2022-03-14,,True
CSH0000279,CUS0000279,SEG-AFFL,2025-10-27,,True
CSH0000280,CUS0000280,SEG-MAFF,2019-09-17,,True
CSH0000281,CUS0000281,SEG-MAFF,2021-11-12,,True
CSH0000282,CUS0000282,SEG-AFFL,2020-10-20,,True
CSH0000283,CUS0000283,SEG-MASS,2019-02-08,,True
CSH0000284,CUS0000284,SEG-MASS,2021-07-07,,True
CSH0000285,CUS0000285,SEG-SME,2018-05-02,,True
CSH0000286,CUS0000286,SEG-MASS,2019-10-07,,True
CSH0000287,CUS0000287,SEG-AFFL,2024-08-26,,True
CSH0000288,CUS0000288,SEG-MAFF,2024-03-21,,True
CSH0000289,CUS0000289,SEG-MASS,2023-06-09,,True
CSH0000290,CUS0000290,SEG-MAFF,2025-11-28,,True
CSH0000291,CUS0000291,SEG-MASS,2022-09-05,,True
CSH0000292,CUS0000292,SEG-PRIV,2026-03-06,,True
CSH0000293,CUS0000293,SEG-SME,2019-02-09,,True
CSH0000294,CUS0000294,SEG-AFFL,2025-04-20,,True
CSH0000295,CUS0000295,SEG-MAFF,2022-07-04,,True
CSH0000296,CUS0000296,SEG-MAFF,2020-12-11,,True
CSH0000297,CUS0000297,SEG-MAFF,2025-09-11,,True
CSH0000298,CUS0000298,SEG-MASS,2018-12-25,,True
CSH0000299,CUS0000299,SEG-MAFF,2025-10-09,,True
CSH0000300,CUS0000300,SEG-MAFF,2018-07-20,,True
CSH0000301,CUS0000301,SEG-MAFF,2021-09-09,,True
CSH0000302,CUS0000302,SEG-MAFF,2019-09-07,,True
CSH0000303,CUS0000303,SEG-AFFL,2021-12-24,,True
CSH0000304,CUS0000304,SEG-MASS,2018-12-15,,True
CSH0000305,CUS0000305,SEG-AFFL,2023-09-28,,True
CSH0000306,CUS0000306,SEG-MASS,2018-12-07,,True
CSH0000307,CUS0000307,SEG-MASS,2026-02-20,,True
CSH0000308,CUS0000308,SEG-AFFL,2026-04-22,,True
CSH0000309,CUS0000309,SEG-AFFL,2018-07-31,,True
CSH0000310,CUS0000310,SEG-MASS,2018-01-22,,True
CSH0000311,CUS0000311,SEG-AFFL,2022-06-19,,True
CSH0000312,CUS0000312,SEG-MAFF,2022-05-21,,True
CSH0000313,CUS0000313,SEG-MAFF,2021-05-08,,True
CSH0000314,CUS0000314,SEG-MAFF,2020-01-20,,True
CSH0000315,CUS0000315,SEG-MAFF,2018-03-14,,True
CSH0000316,CUS0000316,SEG-MAFF,2024-11-26,,True
CSH0000317,CUS0000317,SEG-MAFF,2023-02-28,,True
CSH0000318,CUS0000318,SEG-MASS,2022-01-13,,True
CSH0000319,CUS0000319,SEG-MAFF,2026-02-07,,True
CSH0000320,CUS0000320,SEG-MASS,2022-06-01,,True
CSH0000321,CUS0000321,SEG-MASS,2026-03-22,,True
CSH0000322,CUS0000322,SEG-MAFF,2018-03-08,,True
CSH0000323,CUS0000323,SEG-AFFL,2018-01-07,,True
CSH0000324,CUS0000324,SEG-CORP,2021-09-08,,True
CSH0000325,CUS0000325,SEG-MASS,2024-07-08,,True
CSH0000326,CUS0000326,SEG-AFFL,2019-12-04,,True
CSH0000327,CUS0000327,SEG-MASS,2019-10-16,,True
CSH0000328,CUS0000328,SEG-SME,2021-03-24,,True
CSH0000329,CUS0000329,SEG-MAFF,2020-07-12,,True
CSH0000330,CUS0000330,SEG-MAFF,2020-07-19,,True
CSH0000331,CUS0000331,SEG-MAFF,2023-12-30,,True
CSH0000332,CUS0000332,SEG-AFFL,2023-04-05,,True
CSH0000333,CUS0000333,SEG-MAFF,2025-12-02,,True
CSH0000334,CUS0000334,SEG-AFFL,2023-05-11,,True
CSH0000335,CUS0000335,SEG-MASS,2018-05-30,,True
CSH0000336,CUS0000336,SEG-AFFL,2022-08-14,,True
CSH0000337,CUS0000337,SEG-PRIV,2024-12-22,,True
CSH0000338,CUS0000338,SEG-PRIV,2018-05-21,,True
CSH0000339,CUS0000339,SEG-MAFF,2020-09-09,,True
CSH0000340,CUS0000340,SEG-AFFL,2019-10-24,,True
CSH0000341,CUS0000341,SEG-MAFF,2023-07-21,,True
CSH0000342,CUS0000342,SEG-MAFF,2022-01-24,,True
CSH0000343,CUS0000343,SEG-AFFL,2026-02-11,,True
CSH0000344,CUS0000344,SEG-MASS,2020-05-27,,True
CSH0000345,CUS0000345,SEG-MAFF,2025-05-07,,True
CSH0000346,CUS0000346,SEG-AFFL,2019-07-06,,True
CSH0000347,CUS0000347,SEG-AFFL,2021-11-08,,True
CSH0000348,CUS0000348,SEG-AFFL,2018-01-06,,True
CSH0000349,CUS0000349,SEG-AFFL,2018-05-07,,True
CSH0000350,CUS0000350,SEG-MAFF,2022-04-06,,True
CSH0000351,CUS0000351,SEG-AFFL,2023-12-30,,True
CSH0000352,CUS0000352,SEG-MAFF,2024-03-11,,True
CSH0000353,CUS0000353,SEG-SME,2023-03-16,,True
CSH0000354,CUS0000354,SEG-MAFF,2020-03-18,,True
CSH0000355,CUS0000355,SEG-SME,2024-07-29,,True
CSH0000356,CUS0000356,SEG-AFFL,2019-10-27,,True
CSH0000357,CUS0000357,SEG-MAFF,2026-03-01,,True
CSH0000358,CUS0000358,SEG-AFFL,2021-01-16,,True
CSH0000359,CUS0000359,SEG-MAFF,2024-02-16,,True
CSH0000360,CUS0000360,SEG-MAFF,2018-11-10,,True
CSH0000361,CUS0000361,SEG-AFFL,2020-09-14,,True
CSH0000362,CUS0000362,SEG-MAFF,2025-04-26,,True
CSH0000363,CUS0000363,SEG-MASS,2025-11-29,,True
CSH0000364,CUS0000364,SEG-MASS,2025-07-28,,True
CSH0000365,CUS0000365,SEG-PRIV,2020-06-30,,True
CSH0000366,CUS0000366,SEG-SME,2022-09-14,,True
CSH0000367,CUS0000367,SEG-CORP,2020-09-26,,True
CSH0000368,CUS0000368,SEG-AFFL,2019-10-06,,True
CSH0000369,CUS0000369,SEG-CORP,2023-11-15,,True
CSH0000370,CUS0000370,SEG-AFFL,2019-02-03,,True
CSH0000371,CUS0000371,SEG-SME,2018-12-12,,True
CSH0000372,CUS0000372,SEG-PRIV,2020-09-23,,True
CSH0000373,CUS0000373,SEG-SME,2024-03-20,,True
CSH0000374,CUS0000374,SEG-AFFL,2018-04-05,,True
CSH0000375,CUS0000375,SEG-MAFF,2021-08-11,,True
CSH0000376,CUS0000376,SEG-PRIV,2021-12-18,,True
CSH0000377,CUS0000377,SEG-CORP,2021-02-19,,True
CSH0000378,CUS0000378,SEG-MAFF,2022-07-20,,True
CSH0000379,CUS0000379,SEG-MASS,2019-06-05,,True
CSH0000380,CUS0000380,SEG-AFFL,2024-05-15,,True
CSH0000381,CUS0000381,SEG-AFFL,2020-11-01,,True
CSH0000382,CUS0000382,SEG-MASS,2026-04-05,,True
CSH0000383,CUS0000383,SEG-AFFL,2020-08-04,,True
CSH0000384,CUS0000384,SEG-MAFF,2022-04-18,,True
CSH0000385,CUS0000385,SEG-PRIV,2020-06-30,,True
CSH0000386,CUS0000386,SEG-MASS,2022-01-01,,True
CSH0000387,CUS0000387,SEG-MAFF,2020-12-19,,True
CSH0000388,CUS0000388,SEG-AFFL,2021-01-24,,True
CSH0000389,CUS0000389,SEG-MASS,2025-02-07,,True
CSH0000390,CUS0000390,SEG-AFFL,2023-05-14,,True
CSH0000391,CUS0000391,SEG-CORP,2021-12-21,,True
CSH0000392,CUS0000392,SEG-CORP,2023-12-20,,True
CSH0000393,CUS0000393,SEG-AFFL,2025-11-21,,True
CSH0000394,CUS0000394,SEG-AFFL,2024-09-12,,True
CSH0000395,CUS0000395,SEG-PRIV,2020-02-01,,True
CSH0000396,CUS0000396,SEG-AFFL,2018-03-22,,True
CSH0000397,CUS0000397,SEG-MAFF,2023-07-27,,True
CSH0000398,CUS0000398,SEG-MASS,2023-05-31,,True
CSH0000399,CUS0000399,SEG-MAFF,2026-01-07,,True
CSH0000400,CUS0000400,SEG-MAFF,2024-05-19,,True
CSH0000401,CUS0000401,SEG-MAFF,2025-11-14,,True
CSH0000402,CUS0000402,SEG-AFFL,2021-09-11,,True
CSH0000403,CUS0000403,SEG-MAFF,2022-06-30,,True
CSH0000404,CUS0000404,SEG-AFFL,2020-04-13,,True
CSH0000405,CUS0000405,SEG-AFFL,2020-01-24,,True
CSH0000406,CUS0000406,SEG-MAFF,2019-09-06,,True
CSH0000407,CUS0000407,SEG-MASS,2024-06-08,,True
CSH0000408,CUS0000408,SEG-PRIV,2019-04-24,,True
CSH0000409,CUS0000409,SEG-MAFF,2021-07-10,,True
CSH0000410,CUS0000410,SEG-MAFF,2020-06-19,,True
CSH0000411,CUS0000411,SEG-PRIV,2022-03-05,,True
CSH0000412,CUS0000412,SEG-PRIV,2018-12-12,,True
CSH0000413,CUS0000413,SEG-PRIV,2021-06-01,,True
CSH0000414,CUS0000414,SEG-AFFL,2021-03-02,,True
CSH0000415,CUS0000415,SEG-AFFL,2020-11-29,,True
CSH0000416,CUS0000416,SEG-MAFF,2022-09-08,,True
CSH0000417,CUS0000417,SEG-MAFF,2019-10-16,,True
CSH0000418,CUS0000418,SEG-MAFF,2019-12-15,,True
CSH0000419,CUS0000419,SEG-MASS,2024-09-02,,True
CSH0000420,CUS0000420,SEG-MAFF,2025-05-08,,True
CSH0000421,CUS0000421,SEG-PRIV,2025-12-23,,True
CSH0000422,CUS0000422,SEG-AFFL,2025-10-08,,True
CSH0000423,CUS0000423,SEG-MASS,2024-05-30,,True
CSH0000424,CUS0000424,SEG-MASS,2018-06-01,,True
CSH0000425,CUS0000425,SEG-MAFF,2023-07-09,,True
CSH0000426,CUS0000426,SEG-MASS,2019-06-15,,True
CSH0000427,CUS0000427,SEG-SME,2021-02-04,,True
CSH0000428,CUS0000428,SEG-MAFF,2025-05-13,,True
CSH0000429,CUS0000429,SEG-PRIV,2020-12-31,,True
CSH0000430,CUS0000430,SEG-PRIV,2018-01-01,,True
CSH0000431,CUS0000431,SEG-AFFL,2026-01-05,,True
CSH0000432,CUS0000432,SEG-MASS,2023-10-02,,True
CSH0000433,CUS0000433,SEG-PRIV,2021-04-04,,True
CSH0000434,CUS0000434,SEG-MAFF,2025-03-29,,True
CSH0000435,CUS0000435,SEG-SME,2019-05-15,,True
CSH0000436,CUS0000436,SEG-MASS,2026-04-29,,True
CSH0000437,CUS0000437,SEG-MAFF,2023-06-20,,True
CSH0000438,CUS0000438,SEG-AFFL,2022-01-07,,True
CSH0000439,CUS0000439,SEG-AFFL,2018-06-06,,True
CSH0000440,CUS0000440,SEG-SME,2026-03-04,,True
CSH0000441,CUS0000441,SEG-MAFF,2023-08-09,,True
CSH0000442,CUS0000442,SEG-MAFF,2025-12-26,,True
CSH0000443,CUS0000443,SEG-PRIV,2023-04-18,,True
CSH0000444,CUS0000444,SEG-AFFL,2024-08-08,,True
CSH0000445,CUS0000445,SEG-MAFF,2023-02-08,,True
CSH0000446,CUS0000446,SEG-PRIV,2024-11-10,,True
CSH0000447,CUS0000447,SEG-AFFL,2019-10-04,,True
CSH0000448,CUS0000448,SEG-AFFL,2021-02-20,,True
CSH0000449,CUS0000449,SEG-MASS,2020-04-03,,True
CSH0000450,CUS0000450,SEG-MAFF,2019-03-08,,True
CSH0000451,CUS0000451,SEG-MASS,2018-04-19,,True
CSH0000452,CUS0000452,SEG-AFFL,2022-03-16,,True
CSH0000453,CUS0000453,SEG-AFFL,2020-04-06,,True
CSH0000454,CUS0000454,SEG-PRIV,2018-06-28,,True
CSH0000455,CUS0000455,SEG-SME,2019-09-01,,True
CSH0000456,CUS0000456,SEG-MAFF,2026-02-08,,True
CSH0000457,CUS0000457,SEG-MASS,2024-09-18,,True
CSH0000458,CUS0000458,SEG-CORP,2018-05-22,,True
CSH0000459,CUS0000459,SEG-MASS,2018-11-18,,True
CSH0000460,CUS0000460,SEG-AFFL,2019-09-18,,True
CSH0000461,CUS0000461,SEG-AFFL,2023-08-08,,True
CSH0000462,CUS0000462,SEG-AFFL,2022-01-08,,True
CSH0000463,CUS0000463,SEG-AFFL,2025-04-23,,True
CSH0000464,CUS0000464,SEG-AFFL,2025-11-25,,True
CSH0000465,CUS0000465,SEG-MASS,2018-08-26,,True
CSH0000466,CUS0000466,SEG-MAFF,2023-12-20,,True
CSH0000467,CUS0000467,SEG-PRIV,2024-08-04,,True
CSH0000468,CUS0000468,SEG-MASS,2019-11-27,,True
CSH0000469,CUS0000469,SEG-AFFL,2021-12-29,,True
CSH0000470,CUS0000470,SEG-MAFF,2023-06-05,,True
CSH0000471,CUS0000471,SEG-SME,2022-11-27,,True
CSH0000472,CUS0000472,SEG-MAFF,2024-05-22,,True
CSH0000473,CUS0000473,SEG-MASS,2019-08-31,,True
CSH0000474,CUS0000474,SEG-CORP,2019-06-26,,True
CSH0000475,CUS0000475,SEG-MAFF,2019-09-26,,True
CSH0000476,CUS0000476,SEG-MAFF,2022-10-18,,True
CSH0000477,CUS0000477,SEG-AFFL,2020-02-19,,True
CSH0000478,CUS0000478,SEG-CORP,2020-01-22,,True
CSH0000479,CUS0000479,SEG-MAFF,2018-07-30,,True
CSH0000480,CUS0000480,SEG-CORP,2023-03-31,,True
CSH0000481,CUS0000481,SEG-SME,2025-11-10,,True
CSH0000482,CUS0000482,SEG-CORP,2025-08-31,,True
CSH0000483,CUS0000483,SEG-MASS,2021-12-01,,True
CSH0000484,CUS0000484,SEG-AFFL,2021-03-25,,True
CSH0000485,CUS0000485,SEG-PRIV,2023-02-09,,True
CSH0000486,CUS0000486,SEG-MASS,2025-06-21,,True
CSH0000487,CUS0000487,SEG-AFFL,2022-01-25,,True
CSH0000488,CUS0000488,SEG-AFFL,2018-07-20,,True
CSH0000489,CUS0000489,SEG-MAFF,2023-09-26,,True
CSH0000490,CUS0000490,SEG-AFFL,2018-02-05,,True
CSH0000491,CUS0000491,SEG-CORP,2021-02-04,,True
CSH0000492,CUS0000492,SEG-CORP,2019-02-24,,True
CSH0000493,CUS0000493,SEG-MAFF,2020-09-09,,True
CSH0000494,CUS0000494,SEG-PRIV,2025-04-06,,True
CSH0000495,CUS0000495,SEG-CORP,2024-01-28,,True
CSH0000496,CUS0000496,SEG-MASS,2021-03-01,,True
CSH0000497,CUS0000497,SEG-MASS,2019-11-12,,True
CSH0000498,CUS0000498,SEG-PRIV,2018-01-15,,True
CSH0000499,CUS0000499,SEG-AFFL,2019-05-20,,True
CSH0000500,CUS0000500,SEG-MASS,2022-09-04,,True
CSH0000501,CUS0000501,SEG-SME,2023-10-28,,True
CSH0000502,CUS0000502,SEG-AFFL,2026-03-17,,True
CSH0000503,CUS0000503,SEG-MAFF,2018-07-25,,True
CSH0000504,CUS0000504,SEG-MAFF,2019-10-22,,True
CSH0000505,CUS0000505,SEG-MASS,2020-12-22,,True
CSH0000506,CUS0000506,SEG-AFFL,2024-05-01,,True
CSH0000507,CUS0000507,SEG-CORP,2022-11-08,,True
CSH0000508,CUS0000508,SEG-MASS,2023-10-18,,True
CSH0000509,CUS0000509,SEG-MAFF,2025-09-24,,True
CSH0000510,CUS0000510,SEG-MAFF,2019-09-27,,True
CSH0000511,CUS0000511,SEG-MAFF,2018-01-24,,True
CSH0000512,CUS0000512,SEG-AFFL,2025-05-28,,True
CSH0000513,CUS0000513,SEG-PRIV,2021-10-16,,True
CSH0000514,CUS0000514,SEG-AFFL,2018-11-25,,True
CSH0000515,CUS0000515,SEG-MAFF,2024-09-10,,True
CSH0000516,CUS0000516,SEG-MAFF,2018-06-05,,True
CSH0000517,CUS0000517,SEG-MASS,2020-12-22,,True
CSH0000518,CUS0000518,SEG-AFFL,2024-06-29,,True
CSH0000519,CUS0000519,SEG-SME,2026-01-04,,True
CSH0000520,CUS0000520,SEG-MASS,2021-03-15,,True
CSH0000521,CUS0000521,SEG-CORP,2022-05-12,,True
CSH0000522,CUS0000522,SEG-MASS,2020-02-07,,True
CSH0000523,CUS0000523,SEG-AFFL,2023-07-05,,True
CSH0000524,CUS0000524,SEG-MASS,2018-01-24,,True
CSH0000525,CUS0000525,SEG-MASS,2024-01-24,,True
CSH0000526,CUS0000526,SEG-AFFL,2025-09-06,,True
CSH0000527,CUS0000527,SEG-MASS,2024-03-17,,True
CSH0000528,CUS0000528,SEG-MASS,2020-06-16,,True
CSH0000529,CUS0000529,SEG-AFFL,2023-05-30,,True
CSH0000530,CUS0000530,SEG-SME,2018-12-05,,True
CSH0000531,CUS0000531,SEG-AFFL,2022-10-06,,True
CSH0000532,CUS0000532,SEG-MAFF,2020-08-04,,True
CSH0000533,CUS0000533,SEG-MASS,2019-05-12,,True
CSH0000534,CUS0000534,SEG-SME,2024-10-08,,True
CSH0000535,CUS0000535,SEG-MASS,2023-08-06,,True
CSH0000536,CUS0000536,SEG-PRIV,2021-03-24,,True
CSH0000537,CUS0000537,SEG-MAFF,2021-07-29,,True
CSH0000538,CUS0000538,SEG-AFFL,2019-08-30,,True
CSH0000539,CUS0000539,SEG-CORP,2022-11-04,,True
CSH0000540,CUS0000540,SEG-MASS,2025-02-02,,True
CSH0000541,CUS0000541,SEG-MAFF,2022-01-07,,True
CSH0000542,CUS0000542,SEG-MAFF,2018-11-11,,True
CSH0000543,CUS0000543,SEG-MAFF,2020-10-20,,True
CSH0000544,CUS0000544,SEG-AFFL,2021-03-06,,True
CSH0000545,CUS0000545,SEG-MASS,2020-10-16,,True
CSH0000546,CUS0000546,SEG-AFFL,2022-02-13,,True
CSH0000547,CUS0000547,SEG-SME,2021-12-11,,True
CSH0000548,CUS0000548,SEG-MAFF,2018-12-11,,True
CSH0000549,CUS0000549,SEG-AFFL,2018-04-09,,True
CSH0000550,CUS0000550,SEG-MASS,2021-02-01,,True
CSH0000551,CUS0000551,SEG-MASS,2023-08-31,,True
CSH0000552,CUS0000552,SEG-SME,2025-06-25,,True
CSH0000553,CUS0000553,SEG-AFFL,2021-03-04,,True
CSH0000554,CUS0000554,SEG-MAFF,2022-11-26,,True
CSH0000555,CUS0000555,SEG-MAFF,2025-03-30,,True
CSH0000556,CUS0000556,SEG-SME,2018-07-05,,True
CSH0000557,CUS0000557,SEG-MASS,2025-02-22,,True
CSH0000558,CUS0000558,SEG-SME,2022-08-07,,True
CSH0000559,CUS0000559,SEG-SME,2018-02-06,,True
CSH0000560,CUS0000560,SEG-MASS,2023-11-04,,True
CSH0000561,CUS0000561,SEG-MAFF,2024-10-09,,True
CSH0000562,CUS0000562,SEG-MASS,2018-01-30,,True
CSH0000563,CUS0000563,SEG-MASS,2019-01-17,,True
CSH0000564,CUS0000564,SEG-MASS,2023-07-26,,True
CSH0000565,CUS0000565,SEG-MASS,2023-05-31,,True
CSH0000566,CUS0000566,SEG-AFFL,2023-01-15,,True
CSH0000567,CUS0000567,SEG-MASS,2022-10-03,,True
CSH0000568,CUS0000568,SEG-PRIV,2021-07-22,,True
CSH0000569,CUS0000569,SEG-CORP,2023-02-24,,True
CSH0000570,CUS0000570,SEG-MAFF,2019-12-15,,True
CSH0000571,CUS0000571,SEG-SME,2018-09-15,,True
CSH0000572,CUS0000572,SEG-MAFF,2018-03-05,,True
CSH0000573,CUS0000573,SEG-MAFF,2025-03-31,,True
CSH0000574,CUS0000574,SEG-AFFL,2018-02-01,,True
CSH0000575,CUS0000575,SEG-MASS,2021-05-12,,True
CSH0000576,CUS0000576,SEG-PRIV,2023-03-14,,True
CSH0000577,CUS0000577,SEG-MAFF,2020-12-10,,True
CSH0000578,CUS0000578,SEG-CORP,2018-10-12,,True
CSH0000579,CUS0000579,SEG-AFFL,2019-05-11,,True
CSH0000580,CUS0000580,SEG-MAFF,2024-08-26,,True
CSH0000581,CUS0000581,SEG-AFFL,2018-11-30,,True
CSH0000582,CUS0000582,SEG-MASS,2024-04-08,,True
CSH0000583,CUS0000583,SEG-AFFL,2020-05-13,,True
CSH0000584,CUS0000584,SEG-AFFL,2022-10-20,,True
CSH0000585,CUS0000585,SEG-MASS,2020-12-04,,True
CSH0000586,CUS0000586,SEG-MASS,2022-08-18,,True
CSH0000587,CUS0000587,SEG-MASS,2018-02-17,,True
CSH0000588,CUS0000588,SEG-AFFL,2020-08-10,,True
CSH0000589,CUS0000589,SEG-MASS,2020-11-06,,True
CSH0000590,CUS0000590,SEG-AFFL,2018-02-19,,True
CSH0000591,CUS0000591,SEG-MASS,2024-06-24,,True
CSH0000592,CUS0000592,SEG-CORP,2020-07-21,,True
CSH0000593,CUS0000593,SEG-MAFF,2023-08-22,,True
CSH0000594,CUS0000594,SEG-PRIV,2022-11-23,,True
CSH0000595,CUS0000595,SEG-AFFL,2019-02-19,,True
CSH0000596,CUS0000596,SEG-MAFF,2023-08-25,,True
CSH0000597,CUS0000597,SEG-MAFF,2021-11-15,,True
CSH0000598,CUS0000598,SEG-CORP,2023-10-08,,True
CSH0000599,CUS0000599,SEG-SME,2023-08-27,,True
CSH0000600,CUS0000600,SEG-MAFF,2024-10-23,,True
CSH0000601,CUS0000601,SEG-AFFL,2021-07-23,,True
CSH0000602,CUS0000602,SEG-MAFF,2024-11-25,,True
CSH0000603,CUS0000603,SEG-AFFL,2023-03-30,,True
CSH0000604,CUS0000604,SEG-MAFF,2022-06-21,,True
CSH0000605,CUS0000605,SEG-MAFF,2020-07-13,,True
CSH0000606,CUS0000606,SEG-PRIV,2018-09-14,,True
CSH0000607,CUS0000607,SEG-MASS,2026-02-05,,True
CSH0000608,CUS0000608,SEG-MASS,2020-12-12,,True
CSH0000609,CUS0000609,SEG-CORP,2025-10-08,,True
CSH0000610,CUS0000610,SEG-CORP,2023-02-21,,True
CSH0000611,CUS0000611,SEG-MASS,2021-10-04,,True
CSH0000612,CUS0000612,SEG-AFFL,2024-04-08,,True
CSH0000613,CUS0000613,SEG-AFFL,2025-02-16,,True
CSH0000614,CUS0000614,SEG-AFFL,2018-02-18,,True
CSH0000615,CUS0000615,SEG-MASS,2019-02-19,,True
CSH0000616,CUS0000616,SEG-AFFL,2026-02-05,,True
CSH0000617,CUS0000617,SEG-AFFL,2020-08-04,,True
CSH0000618,CUS0000618,SEG-MASS,2019-08-06,,True
CSH0000619,CUS0000619,SEG-AFFL,2021-11-19,,True
CSH0000620,CUS0000620,SEG-MASS,2025-04-14,,True
CSH0000621,CUS0000621,SEG-MASS,2022-10-25,,True
CSH0000622,CUS0000622,SEG-AFFL,2023-12-15,,True
CSH0000623,CUS0000623,SEG-SME,2018-09-15,,True
CSH0000624,CUS0000624,SEG-MAFF,2025-11-03,,True
CSH0000625,CUS0000625,SEG-MASS,2022-12-03,,True
CSH0000626,CUS0000626,SEG-AFFL,2022-01-31,,True
CSH0000627,CUS0000627,SEG-AFFL,2025-07-11,,True
CSH0000628,CUS0000628,SEG-MASS,2026-01-04,,True
CSH0000629,CUS0000629,SEG-SME,2020-02-16,,True
CSH0000630,CUS0000630,SEG-MAFF,2020-08-22,,True
CSH0000631,CUS0000631,SEG-MAFF,2021-04-14,,True
CSH0000632,CUS0000632,SEG-SME,2023-09-27,,True
CSH0000633,CUS0000633,SEG-PRIV,2019-01-08,,True
CSH0000634,CUS0000634,SEG-MASS,2024-09-25,,True
CSH0000635,CUS0000635,SEG-MASS,2018-08-28,,True
CSH0000636,CUS0000636,SEG-AFFL,2019-02-04,,True
CSH0000637,CUS0000637,SEG-AFFL,2018-08-03,,True
CSH0000638,CUS0000638,SEG-CORP,2020-04-05,,True
CSH0000639,CUS0000639,SEG-MASS,2022-11-05,,True
CSH0000640,CUS0000640,SEG-PRIV,2025-07-16,,True
CSH0000641,CUS0000641,SEG-CORP,2020-04-17,,True
CSH0000642,CUS0000642,SEG-MAFF,2023-07-23,,True
CSH0000643,CUS0000643,SEG-AFFL,2022-06-17,,True
CSH0000644,CUS0000644,SEG-CORP,2024-12-31,,True
CSH0000645,CUS0000645,SEG-AFFL,2023-07-21,,True
CSH0000646,CUS0000646,SEG-AFFL,2018-07-30,,True
CSH0000647,CUS0000647,SEG-AFFL,2020-07-12,,True
CSH0000648,CUS0000648,SEG-SME,2024-03-04,,True
CSH0000649,CUS0000649,SEG-AFFL,2019-08-24,,True
CSH0000650,CUS0000650,SEG-MAFF,2020-06-21,,True
CSH0000651,CUS0000651,SEG-MASS,2018-08-02,,True
CSH0000652,CUS0000652,SEG-MASS,2025-10-08,,True
CSH0000653,CUS0000653,SEG-AFFL,2022-05-07,,True
CSH0000654,CUS0000654,SEG-PRIV,2021-12-29,,True
CSH0000655,CUS0000655,SEG-SME,2020-04-15,,True
CSH0000656,CUS0000656,SEG-MAFF,2025-02-06,,True
CSH0000657,CUS0000657,SEG-MASS,2018-01-19,,True
CSH0000658,CUS0000658,SEG-PRIV,2022-11-19,,True
CSH0000659,CUS0000659,SEG-AFFL,2022-11-10,,True
CSH0000660,CUS0000660,SEG-MASS,2022-07-06,,True
CSH0000661,CUS0000661,SEG-MASS,2024-12-21,,True
CSH0000662,CUS0000662,SEG-PRIV,2019-11-21,,True
CSH0000663,CUS0000663,SEG-AFFL,2022-12-29,,True
CSH0000664,CUS0000664,SEG-MAFF,2023-08-18,,True
CSH0000665,CUS0000665,SEG-PRIV,2026-03-26,,True
CSH0000666,CUS0000666,SEG-AFFL,2021-12-29,,True
CSH0000667,CUS0000667,SEG-MASS,2024-06-17,,True
CSH0000668,CUS0000668,SEG-AFFL,2022-06-29,,True
CSH0000669,CUS0000669,SEG-PRIV,2021-12-09,,True
CSH0000670,CUS0000670,SEG-MASS,2019-10-31,,True
CSH0000671,CUS0000671,SEG-MASS,2024-12-31,,True
CSH0000672,CUS0000672,SEG-AFFL,2024-03-20,,True
CSH0000673,CUS0000673,SEG-CORP,2023-09-14,,True
CSH0000674,CUS0000674,SEG-MASS,2025-12-28,,True
CSH0000675,CUS0000675,SEG-MASS,2019-05-07,,True
CSH0000676,CUS0000676,SEG-PRIV,2019-05-22,,True
CSH0000677,CUS0000677,SEG-PRIV,2023-04-05,,True
CSH0000678,CUS0000678,SEG-CORP,2025-12-15,,True
CSH0000679,CUS0000679,SEG-SME,2019-07-09,,True
CSH0000680,CUS0000680,SEG-SME,2021-09-03,,True
CSH0000681,CUS0000681,SEG-MASS,2019-04-02,,True
CSH0000682,CUS0000682,SEG-MAFF,2019-09-29,,True
CSH0000683,CUS0000683,SEG-CORP,2026-03-22,,True
CSH0000684,CUS0000684,SEG-AFFL,2019-04-07,,True
CSH0000685,CUS0000685,SEG-MAFF,2023-01-20,,True
CSH0000686,CUS0000686,SEG-AFFL,2020-08-21,,True
CSH0000687,CUS0000687,SEG-CORP,2023-09-19,,True
CSH0000688,CUS0000688,SEG-AFFL,2021-01-27,,True
CSH0000689,CUS0000689,SEG-PRIV,2022-08-07,,True
CSH0000690,CUS0000690,SEG-MAFF,2018-12-26,,True
CSH0000691,CUS0000691,SEG-CORP,2021-02-05,,True
CSH0000692,CUS0000692,SEG-MAFF,2019-01-15,,True
CSH0000693,CUS0000693,SEG-AFFL,2020-05-15,,True
CSH0000694,CUS0000694,SEG-AFFL,2024-03-19,,True
CSH0000695,CUS0000695,SEG-CORP,2025-12-23,,True
CSH0000696,CUS0000696,SEG-AFFL,2019-02-08,,True
CSH0000697,CUS0000697,SEG-MAFF,2018-05-29,,True
CSH0000698,CUS0000698,SEG-CORP,2019-08-12,,True
CSH0000699,CUS0000699,SEG-CORP,2018-05-19,,True
CSH0000700,CUS0000700,SEG-AFFL,2023-09-05,,True
CSH0000701,CUS0000701,SEG-MAFF,2026-03-01,,True
CSH0000702,CUS0000702,SEG-AFFL,2018-11-19,,True
CSH0000703,CUS0000703,SEG-AFFL,2021-03-06,,True
CSH0000704,CUS0000704,SEG-MAFF,2018-05-16,,True
CSH0000705,CUS0000705,SEG-MAFF,2025-11-14,,True
CSH0000706,CUS0000706,SEG-AFFL,2024-05-21,,True
CSH0000707,CUS0000707,SEG-SME,2021-12-09,,True
CSH0000708,CUS0000708,SEG-AFFL,2019-01-15,,True
CSH0000709,CUS0000709,SEG-PRIV,2025-11-05,,True
CSH0000710,CUS0000710,SEG-MASS,2025-02-15,,True
CSH0000711,CUS0000711,SEG-MAFF,2022-02-28,,True
CSH0000712,CUS0000712,SEG-MAFF,2023-06-15,,True
CSH0000713,CUS0000713,SEG-MAFF,2020-02-15,,True
CSH0000714,CUS0000714,SEG-MASS,2022-06-13,,True
CSH0000715,CUS0000715,SEG-AFFL,2025-12-13,,True
CSH0000716,CUS0000716,SEG-PRIV,2024-06-29,,True
CSH0000717,CUS0000717,SEG-MAFF,2020-11-16,,True
CSH0000718,CUS0000718,SEG-CORP,2024-01-27,,True
CSH0000719,CUS0000719,SEG-MASS,2025-10-16,,True
CSH0000720,CUS0000720,SEG-SME,2022-04-27,,True
CSH0000721,CUS0000721,SEG-PRIV,2025-02-21,,True
CSH0000722,CUS0000722,SEG-PRIV,2021-11-06,,True
CSH0000723,CUS0000723,SEG-CORP,2022-11-25,,True
CSH0000724,CUS0000724,SEG-AFFL,2022-06-02,,True
CSH0000725,CUS0000725,SEG-MASS,2020-12-06,,True
CSH0000726,CUS0000726,SEG-AFFL,2021-08-13,,True
CSH0000727,CUS0000727,SEG-MASS,2021-11-09,,True
CSH0000728,CUS0000728,SEG-AFFL,2020-09-05,,True
CSH0000729,CUS0000729,SEG-AFFL,2022-03-22,,True
CSH0000730,CUS0000730,SEG-AFFL,2018-10-09,,True
CSH0000731,CUS0000731,SEG-PRIV,2025-03-20,,True
CSH0000732,CUS0000732,SEG-AFFL,2024-01-06,,True
CSH0000733,CUS0000733,SEG-AFFL,2022-03-07,,True
CSH0000734,CUS0000734,SEG-MASS,2020-11-26,,True
CSH0000735,CUS0000735,SEG-AFFL,2020-03-01,,True
CSH0000736,CUS0000736,SEG-AFFL,2021-02-14,,True
CSH0000737,CUS0000737,SEG-MAFF,2024-02-27,,True
CSH0000738,CUS0000738,SEG-PRIV,2025-04-25,,True
CSH0000739,CUS0000739,SEG-AFFL,2020-08-05,,True
CSH0000740,CUS0000740,SEG-MAFF,2021-09-04,,True
CSH0000741,CUS0000741,SEG-MASS,2025-06-27,,True
CSH0000742,CUS0000742,SEG-MASS,2019-08-08,,True
CSH0000743,CUS0000743,SEG-CORP,2021-03-04,,True
CSH0000744,CUS0000744,SEG-SME,2021-05-06,,True
CSH0000745,CUS0000745,SEG-AFFL,2020-03-17,,True
CSH0000746,CUS0000746,SEG-PRIV,2025-06-15,,True
CSH0000747,CUS0000747,SEG-AFFL,2021-11-28,,True
CSH0000748,CUS0000748,SEG-SME,2018-03-20,,True
CSH0000749,CUS0000749,SEG-MAFF,2019-12-10,,True
CSH0000750,CUS0000750,SEG-MAFF,2018-12-24,,True
CSH0000751,CUS0000751,SEG-MAFF,2024-01-23,,True
CSH0000752,CUS0000752,SEG-SME,2022-03-04,,True
CSH0000753,CUS0000753,SEG-MASS,2018-04-13,,True
CSH0000754,CUS0000754,SEG-SME,2022-03-24,,True
CSH0000755,CUS0000755,SEG-MASS,2024-12-18,,True
CSH0000756,CUS0000756,SEG-MAFF,2024-07-19,,True
CSH0000757,CUS0000757,SEG-MAFF,2019-06-20,,True
CSH0000758,CUS0000758,SEG-SME,2020-02-20,,True
CSH0000759,CUS0000759,SEG-MAFF,2018-08-17,,True
CSH0000760,CUS0000760,SEG-MASS,2025-07-27,,True
CSH0000761,CUS0000761,SEG-MAFF,2021-09-28,,True
CSH0000762,CUS0000762,SEG-MASS,2021-04-23,,True
CSH0000763,CUS0000763,SEG-MASS,2019-10-12,,True
CSH0000764,CUS0000764,SEG-MAFF,2023-11-09,,True
CSH0000765,CUS0000765,SEG-MASS,2025-01-01,,True
CSH0000766,CUS0000766,SEG-MAFF,2018-07-11,,True
CSH0000767,CUS0000767,SEG-MAFF,2018-03-06,,True
CSH0000768,CUS0000768,SEG-AFFL,2019-11-23,,True
CSH0000769,CUS0000769,SEG-PRIV,2023-07-15,,True
CSH0000770,CUS0000770,SEG-MASS,2022-06-06,,True
CSH0000771,CUS0000771,SEG-MAFF,2021-12-19,,True
CSH0000772,CUS0000772,SEG-SME,2018-05-24,,True
CSH0000773,CUS0000773,SEG-MAFF,2022-03-24,,True
CSH0000774,CUS0000774,SEG-MASS,2022-01-06,,True
CSH0000775,CUS0000775,SEG-MASS,2025-01-18,,True
CSH0000776,CUS0000776,SEG-AFFL,2018-07-06,,True
CSH0000777,CUS0000777,SEG-MAFF,2021-01-10,,True
CSH0000778,CUS0000778,SEG-MAFF,2020-02-28,,True
CSH0000779,CUS0000779,SEG-AFFL,2023-04-05,,True
CSH0000780,CUS0000780,SEG-AFFL,2018-06-10,,True
CSH0000781,CUS0000781,SEG-CORP,2023-11-02,,True
CSH0000782,CUS0000782,SEG-MAFF,2018-10-07,,True
CSH0000783,CUS0000783,SEG-AFFL,2024-05-12,,True
CSH0000784,CUS0000784,SEG-MAFF,2019-07-10,,True
CSH0000785,CUS0000785,SEG-SME,2021-01-30,,True
CSH0000786,CUS0000786,SEG-MASS,2025-03-22,,True
CSH0000787,CUS0000787,SEG-MASS,2021-11-08,,True
CSH0000788,CUS0000788,SEG-AFFL,2020-07-02,,True
CSH0000789,CUS0000789,SEG-MASS,2022-01-12,,True
CSH0000790,CUS0000790,SEG-AFFL,2018-11-21,,True
CSH0000791,CUS0000791,SEG-MAFF,2018-10-10,,True
CSH0000792,CUS0000792,SEG-MAFF,2023-08-06,,True
CSH0000793,CUS0000793,SEG-SME,2026-02-05,,True
CSH0000794,CUS0000794,SEG-MASS,2022-11-28,,True
CSH0000795,CUS0000795,SEG-MAFF,2024-06-02,,True
CSH0000796,CUS0000796,SEG-MASS,2020-04-03,,True
CSH0000797,CUS0000797,SEG-MASS,2024-01-04,,True
CSH0000798,CUS0000798,SEG-MASS,2023-12-11,,True
CSH0000799,CUS0000799,SEG-MAFF,2025-10-27,,True
CSH0000800,CUS0000800,SEG-PRIV,2022-06-20,,True
CSH0000801,CUS0000801,SEG-AFFL,2018-08-04,,True
CSH0000802,CUS0000802,SEG-AFFL,2020-01-16,,True
CSH0000803,CUS0000803,SEG-PRIV,2018-04-08,,True
CSH0000804,CUS0000804,SEG-SME,2021-07-03,,True
CSH0000805,CUS0000805,SEG-MAFF,2018-01-30,,True
CSH0000806,CUS0000806,SEG-MASS,2024-04-28,,True
CSH0000807,CUS0000807,SEG-MASS,2025-07-10,,True
CSH0000808,CUS0000808,SEG-MAFF,2024-10-11,,True
CSH0000809,CUS0000809,SEG-SME,2018-06-30,,True
CSH0000810,CUS0000810,SEG-MAFF,2023-05-24,,True
CSH0000811,CUS0000811,SEG-PRIV,2024-02-02,,True
CSH0000812,CUS0000812,SEG-PRIV,2022-02-28,,True
CSH0000813,CUS0000813,SEG-MASS,2019-09-02,,True
CSH0000814,CUS0000814,SEG-MAFF,2020-09-12,,True
CSH0000815,CUS0000815,SEG-SME,2022-02-27,,True
CSH0000816,CUS0000816,SEG-MASS,2021-04-19,,True
CSH0000817,CUS0000817,SEG-CORP,2025-03-09,,True
CSH0000818,CUS0000818,SEG-PRIV,2025-12-02,,True
CSH0000819,CUS0000819,SEG-MAFF,2025-03-21,,True
CSH0000820,CUS0000820,SEG-SME,2019-05-05,,True
CSH0000821,CUS0000821,SEG-PRIV,2025-05-20,,True
CSH0000822,CUS0000822,SEG-CORP,2021-01-11,,True
CSH0000823,CUS0000823,SEG-MAFF,2021-10-15,,True
CSH0000824,CUS0000824,SEG-MASS,2021-07-19,,True
CSH0000825,CUS0000825,SEG-MAFF,2022-02-20,,True
CSH0000826,CUS0000826,SEG-AFFL,2025-12-05,,True
CSH0000827,CUS0000827,SEG-AFFL,2023-01-01,,True
CSH0000828,CUS0000828,SEG-AFFL,2019-06-06,,True
CSH0000829,CUS0000829,SEG-AFFL,2021-06-25,,True
CSH0000830,CUS0000830,SEG-MASS,2026-02-28,,True
CSH0000831,CUS0000831,SEG-SME,2025-06-18,,True
CSH0000832,CUS0000832,SEG-CORP,2018-09-11,,True
CSH0000833,CUS0000833,SEG-MASS,2019-10-25,,True
CSH0000834,CUS0000834,SEG-MAFF,2022-04-10,,True
CSH0000835,CUS0000835,SEG-MASS,2021-05-09,,True
CSH0000836,CUS0000836,SEG-MASS,2019-09-02,,True
CSH0000837,CUS0000837,SEG-PRIV,2021-09-01,,True
CSH0000838,CUS0000838,SEG-MASS,2024-12-14,,True
CSH0000839,CUS0000839,SEG-AFFL,2026-02-22,,True
CSH0000840,CUS0000840,SEG-MAFF,2025-06-05,,True
CSH0000841,CUS0000841,SEG-SME,2023-07-15,,True
CSH0000842,CUS0000842,SEG-MAFF,2020-02-16,,True
CSH0000843,CUS0000843,SEG-PRIV,2025-10-04,,True
CSH0000844,CUS0000844,SEG-MAFF,2020-02-19,,True
CSH0000845,CUS0000845,SEG-MASS,2022-02-25,,True
CSH0000846,CUS0000846,SEG-CORP,2023-10-31,,True
CSH0000847,CUS0000847,SEG-MAFF,2021-11-20,,True
CSH0000848,CUS0000848,SEG-AFFL,2023-05-19,,True
CSH0000849,CUS0000849,SEG-SME,2024-04-20,,True
CSH0000850,CUS0000850,SEG-SME,2018-05-27,,True
CSH0000851,CUS0000851,SEG-MASS,2023-09-01,,True
CSH0000852,CUS0000852,SEG-MASS,2020-10-27,,True
CSH0000853,CUS0000853,SEG-MAFF,2024-08-07,,True
CSH0000854,CUS0000854,SEG-MASS,2021-12-29,,True
CSH0000855,CUS0000855,SEG-CORP,2018-06-24,,True
CSH0000856,CUS0000856,SEG-AFFL,2022-07-08,,True
CSH0000857,CUS0000857,SEG-MASS,2022-09-10,,True
CSH0000858,CUS0000858,SEG-MAFF,2023-11-01,,True
CSH0000859,CUS0000859,SEG-MASS,2023-06-10,,True
CSH0000860,CUS0000860,SEG-AFFL,2019-09-16,,True
CSH0000861,CUS0000861,SEG-SME,2022-06-23,,True
CSH0000862,CUS0000862,SEG-SME,2019-04-17,,True
CSH0000863,CUS0000863,SEG-AFFL,2019-07-17,,True
CSH0000864,CUS0000864,SEG-MAFF,2024-12-17,,True
CSH0000865,CUS0000865,SEG-MASS,2018-01-27,,True
CSH0000866,CUS0000866,SEG-MAFF,2018-09-02,,True
CSH0000867,CUS0000867,SEG-CORP,2025-01-07,,True
CSH0000868,CUS0000868,SEG-MASS,2023-02-24,,True
CSH0000869,CUS0000869,SEG-AFFL,2021-09-07,,True
CSH0000870,CUS0000870,SEG-MAFF,2025-05-22,,True
CSH0000871,CUS0000871,SEG-AFFL,2021-05-11,,True
CSH0000872,CUS0000872,SEG-MAFF,2025-02-27,,True
CSH0000873,CUS0000873,SEG-AFFL,2025-01-07,,True
CSH0000874,CUS0000874,SEG-SME,2022-09-14,,True
CSH0000875,CUS0000875,SEG-CORP,2022-03-05,,True
CSH0000876,CUS0000876,SEG-MASS,2020-02-12,,True
CSH0000877,CUS0000877,SEG-SME,2022-11-14,,True
CSH0000878,CUS0000878,SEG-MAFF,2019-07-25,,True
CSH0000879,CUS0000879,SEG-SME,2023-02-07,,True
CSH0000880,CUS0000880,SEG-MASS,2025-09-19,,True
CSH0000881,CUS0000881,SEG-MASS,2020-09-17,,True
CSH0000882,CUS0000882,SEG-AFFL,2025-08-26,,True
CSH0000883,CUS0000883,SEG-AFFL,2024-07-12,,True
CSH0000884,CUS0000884,SEG-AFFL,2022-04-20,,True
CSH0000885,CUS0000885,SEG-AFFL,2021-07-12,,True
CSH0000886,CUS0000886,SEG-CORP,2024-04-13,,True
CSH0000887,CUS0000887,SEG-MASS,2020-11-10,,True
CSH0000888,CUS0000888,SEG-MAFF,2020-06-25,,True
CSH0000889,CUS0000889,SEG-MASS,2018-12-01,,True
CSH0000890,CUS0000890,SEG-AFFL,2021-01-22,,True
CSH0000891,CUS0000891,SEG-MAFF,2024-06-24,,True
CSH0000892,CUS0000892,SEG-AFFL,2019-12-07,,True
CSH0000893,CUS0000893,SEG-MASS,2019-07-20,,True
CSH0000894,CUS0000894,SEG-MAFF,2025-06-27,,True
CSH0000895,CUS0000895,SEG-AFFL,2021-03-23,,True
CSH0000896,CUS0000896,SEG-MASS,2020-06-19,,True
CSH0000897,CUS0000897,SEG-MAFF,2024-12-23,,True
CSH0000898,CUS0000898,SEG-MASS,2021-04-05,,True
CSH0000899,CUS0000899,SEG-MASS,2024-05-03,,True
CSH0000900,CUS0000900,SEG-MASS,2025-05-08,,True
CSH0000901,CUS0000901,SEG-PRIV,2019-09-29,,True
CSH0000902,CUS0000902,SEG-MAFF,2020-08-15,,True
CSH0000903,CUS0000903,SEG-SME,2026-03-02,,True
CSH0000904,CUS0000904,SEG-PRIV,2025-09-05,,True
CSH0000905,CUS0000905,SEG-PRIV,2023-01-01,,True
CSH0000906,CUS0000906,SEG-SME,2025-10-31,,True
CSH0000907,CUS0000907,SEG-MASS,2023-05-26,,True
CSH0000908,CUS0000908,SEG-MAFF,2023-06-09,,True
CSH0000909,CUS0000909,SEG-MASS,2019-05-06,,True
CSH0000910,CUS0000910,SEG-AFFL,2021-05-22,,True
CSH0000911,CUS0000911,SEG-AFFL,2018-08-28,,True
CSH0000912,CUS0000912,SEG-MASS,2021-03-17,,True
CSH0000913,CUS0000913,SEG-MAFF,2026-01-19,,True
CSH0000914,CUS0000914,SEG-MASS,2024-08-09,,True
CSH0000915,CUS0000915,SEG-SME,2024-08-05,,True
CSH0000916,CUS0000916,SEG-PRIV,2019-02-17,,True
CSH0000917,CUS0000917,SEG-MAFF,2024-11-14,,True
CSH0000918,CUS0000918,SEG-MASS,2024-01-11,,True
CSH0000919,CUS0000919,SEG-MASS,2026-04-11,,True
CSH0000920,CUS0000920,SEG-AFFL,2025-10-10,,True
CSH0000921,CUS0000921,SEG-MAFF,2025-07-29,,True
CSH0000922,CUS0000922,SEG-MAFF,2023-03-24,,True
CSH0000923,CUS0000923,SEG-AFFL,2019-08-03,,True
CSH0000924,CUS0000924,SEG-AFFL,2018-12-06,,True
CSH0000925,CUS0000925,SEG-CORP,2018-12-17,,True
CSH0000926,CUS0000926,SEG-AFFL,2020-09-04,,True
CSH0000927,CUS0000927,SEG-MAFF,2024-02-06,,True
CSH0000928,CUS0000928,SEG-MASS,2024-08-31,,True
CSH0000929,CUS0000929,SEG-CORP,2025-08-10,,True
CSH0000930,CUS0000930,SEG-AFFL,2021-06-01,,True
CSH0000931,CUS0000931,SEG-MAFF,2022-12-07,,True
CSH0000932,CUS0000932,SEG-MAFF,2021-03-01,,True
CSH0000933,CUS0000933,SEG-MASS,2023-05-22,,True
CSH0000934,CUS0000934,SEG-MAFF,2023-03-21,,True
CSH0000935,CUS0000935,SEG-AFFL,2025-08-03,,True
CSH0000936,CUS0000936,SEG-AFFL,2019-03-20,,True
CSH0000937,CUS0000937,SEG-MASS,2020-08-14,,True
CSH0000938,CUS0000938,SEG-AFFL,2024-02-09,,True
CSH0000939,CUS0000939,SEG-MASS,2018-06-30,,True
CSH0000940,CUS0000940,SEG-CORP,2019-05-12,,True
CSH0000941,CUS0000941,SEG-PRIV,2022-06-10,,True
CSH0000942,CUS0000942,SEG-AFFL,2025-10-24,,True
CSH0000943,CUS0000943,SEG-MAFF,2020-04-30,,True
CSH0000944,CUS0000944,SEG-MAFF,2024-04-16,,True
CSH0000945,CUS0000945,SEG-AFFL,2019-10-27,,True
CSH0000946,CUS0000946,SEG-AFFL,2019-10-07,,True
CSH0000947,CUS0000947,SEG-AFFL,2024-11-02,,True
CSH0000948,CUS0000948,SEG-PRIV,2024-02-26,,True
CSH0000949,CUS0000949,SEG-AFFL,2018-04-07,,True
CSH0000950,CUS0000950,SEG-AFFL,2021-04-26,,True
CSH0000951,CUS0000951,SEG-AFFL,2022-06-20,,True
CSH0000952,CUS0000952,SEG-CORP,2023-06-09,,True
CSH0000953,CUS0000953,SEG-AFFL,2020-11-17,,True
CSH0000954,CUS0000954,SEG-SME,2018-12-02,,True
CSH0000955,CUS0000955,SEG-SME,2019-04-09,,True
CSH0000956,CUS0000956,SEG-MAFF,2023-01-11,,True
CSH0000957,CUS0000957,SEG-AFFL,2023-08-29,,True
CSH0000958,CUS0000958,SEG-MASS,2018-06-23,,True
CSH0000959,CUS0000959,SEG-MASS,2022-10-13,,True
CSH0000960,CUS0000960,SEG-MAFF,2021-12-04,,True
CSH0000961,CUS0000961,SEG-MASS,2020-11-19,,True
CSH0000962,CUS0000962,SEG-PRIV,2019-05-14,,True
CSH0000963,CUS0000963,SEG-CORP,2020-07-19,,True
CSH0000964,CUS0000964,SEG-MASS,2023-01-31,,True
CSH0000965,CUS0000965,SEG-AFFL,2021-06-05,,True
CSH0000966,CUS0000966,SEG-MASS,2019-10-12,,True
CSH0000967,CUS0000967,SEG-MASS,2023-10-06,,True
CSH0000968,CUS0000968,SEG-AFFL,2020-09-07,,True
CSH0000969,CUS0000969,SEG-MAFF,2020-01-07,,True
CSH0000970,CUS0000970,SEG-SME,2022-02-08,,True
CSH0000971,CUS0000971,SEG-MASS,2020-03-19,,True
CSH0000972,CUS0000972,SEG-MASS,2022-02-23,,True
CSH0000973,CUS0000973,SEG-SME,2018-08-05,,True
CSH0000974,CUS0000974,SEG-AFFL,2023-02-16,,True
CSH0000975,CUS0000975,SEG-SME,2019-06-10,,True
CSH0000976,CUS0000976,SEG-MASS,2019-03-05,,True
CSH0000977,CUS0000977,SEG-MAFF,2024-08-10,,True
CSH0000978,CUS0000978,SEG-MASS,2024-05-19,,True
CSH0000979,CUS0000979,SEG-MAFF,2018-12-20,,True
CSH0000980,CUS0000980,SEG-MASS,2023-08-28,,True
CSH0000981,CUS0000981,SEG-SME,2020-11-28,,True
CSH0000982,CUS0000982,SEG-MASS,2024-07-09,,True
CSH0000983,CUS0000983,SEG-CORP,2024-05-26,,True
CSH0000984,CUS0000984,SEG-MASS,2018-01-31,,True
CSH0000985,CUS0000985,SEG-AFFL,2020-11-02,,True
CSH0000986,CUS0000986,SEG-MASS,2018-02-23,,True
CSH0000987,CUS0000987,SEG-MAFF,2021-05-13,,True
CSH0000988,CUS0000988,SEG-MASS,2025-08-13,,True
CSH0000989,CUS0000989,SEG-AFFL,2018-05-16,,True
CSH0000990,CUS0000990,SEG-AFFL,2025-01-03,,True
CSH0000991,CUS0000991,SEG-AFFL,2024-03-26,,True
CSH0000992,CUS0000992,SEG-MASS,2020-07-10,,True
CSH0000993,CUS0000993,SEG-MAFF,2019-04-11,,True
CSH0000994,CUS0000994,SEG-PRIV,2018-05-10,,True
CSH0000995,CUS0000995,SEG-MASS,2023-06-11,,True
CSH0000996,CUS0000996,SEG-SME,2024-01-17,,True
CSH0000997,CUS0000997,SEG-MASS,2025-10-15,,True
CSH0000998,CUS0000998,SEG-MAFF,2020-05-13,,True
CSH0000999,CUS0000999,SEG-MASS,2023-08-16,,True
CSH0001000,CUS0001000,SEG-MAFF,2019-04-26,,True
CSH0001001,CUS0001001,SEG-MASS,2025-09-08,,True
CSH0001002,CUS0001002,SEG-MASS,2022-09-21,,True
CSH0001003,CUS0001003,SEG-MASS,2019-10-03,,True
CSH0001004,CUS0001004,SEG-MASS,2024-01-31,,True
CSH0001005,CUS0001005,SEG-MAFF,2018-08-19,,True
CSH0001006,CUS0001006,SEG-MAFF,2023-05-27,,True
CSH0001007,CUS0001007,SEG-MASS,2023-05-15,,True
CSH0001008,CUS0001008,SEG-MAFF,2020-11-01,,True
CSH0001009,CUS0001009,SEG-SME,2021-05-17,,True
CSH0001010,CUS0001010,SEG-CORP,2026-03-06,,True
CSH0001011,CUS0001011,SEG-MASS,2021-02-19,,True
CSH0001012,CUS0001012,SEG-MAFF,2025-09-03,,True
CSH0001013,CUS0001013,SEG-MASS,2021-05-08,,True
CSH0001014,CUS0001014,SEG-MAFF,2023-04-26,,True
CSH0001015,CUS0001015,SEG-AFFL,2024-08-07,,True
CSH0001016,CUS0001016,SEG-AFFL,2025-02-16,,True
CSH0001017,CUS0001017,SEG-MASS,2019-06-24,,True
CSH0001018,CUS0001018,SEG-PRIV,2020-11-13,,True
CSH0001019,CUS0001019,SEG-SME,2024-03-23,,True
CSH0001020,CUS0001020,SEG-AFFL,2020-11-24,,True
CSH0001021,CUS0001021,SEG-AFFL,2025-06-18,,True
CSH0001022,CUS0001022,SEG-AFFL,2018-07-10,,True
CSH0001023,CUS0001023,SEG-MASS,2020-09-24,,True
CSH0001024,CUS0001024,SEG-AFFL,2019-11-11,,True
CSH0001025,CUS0001025,SEG-CORP,2021-04-12,,True
CSH0001026,CUS0001026,SEG-AFFL,2018-10-10,,True
CSH0001027,CUS0001027,SEG-MASS,2021-06-27,,True
CSH0001028,CUS0001028,SEG-CORP,2019-10-02,,True
CSH0001029,CUS0001029,SEG-AFFL,2025-12-17,,True
CSH0001030,CUS0001030,SEG-MASS,2018-01-29,,True
CSH0001031,CUS0001031,SEG-AFFL,2026-03-06,,True
CSH0001032,CUS0001032,SEG-AFFL,2020-01-03,,True
CSH0001033,CUS0001033,SEG-MASS,2019-11-15,,True
CSH0001034,CUS0001034,SEG-AFFL,2022-01-27,,True
CSH0001035,CUS0001035,SEG-AFFL,2020-10-20,,True
CSH0001036,CUS0001036,SEG-PRIV,2020-05-03,,True
CSH0001037,CUS0001037,SEG-PRIV,2026-04-08,,True
CSH0001038,CUS0001038,SEG-CORP,2024-10-23,,True
CSH0001039,CUS0001039,SEG-SME,2025-05-04,,True
CSH0001040,CUS0001040,SEG-AFFL,2024-10-22,,True
CSH0001041,CUS0001041,SEG-AFFL,2024-03-08,,True
CSH0001042,CUS0001042,SEG-MAFF,2018-07-02,,True
CSH0001043,CUS0001043,SEG-MAFF,2025-05-31,,True
CSH0001044,CUS0001044,SEG-AFFL,2020-02-06,,True
CSH0001045,CUS0001045,SEG-AFFL,2018-01-20,,True
CSH0001046,CUS0001046,SEG-AFFL,2026-01-24,,True
CSH0001047,CUS0001047,SEG-MASS,2019-10-28,,True
CSH0001048,CUS0001048,SEG-AFFL,2025-08-14,,True
CSH0001049,CUS0001049,SEG-CORP,2026-03-14,,True
CSH0001050,CUS0001050,SEG-AFFL,2019-11-02,,True
CSH0001051,CUS0001051,SEG-MASS,2025-04-14,,True
CSH0001052,CUS0001052,SEG-MAFF,2024-12-25,,True
CSH0001053,CUS0001053,SEG-MASS,2024-02-24,,True
CSH0001054,CUS0001054,SEG-MAFF,2023-01-27,,True
CSH0001055,CUS0001055,SEG-MASS,2025-08-30,,True
CSH0001056,CUS0001056,SEG-AFFL,2018-09-05,,True
CSH0001057,CUS0001057,SEG-MAFF,2024-08-03,,True
CSH0001058,CUS0001058,SEG-MASS,2023-08-28,,True
CSH0001059,CUS0001059,SEG-MASS,2024-11-14,,True
CSH0001060,CUS0001060,SEG-AFFL,2023-10-30,,True
CSH0001061,CUS0001061,SEG-MASS,2020-01-02,,True
CSH0001062,CUS0001062,SEG-MASS,2024-07-04,,True
CSH0001063,CUS0001063,SEG-MASS,2019-01-01,,True
CSH0001064,CUS0001064,SEG-AFFL,2025-05-15,,True
CSH0001065,CUS0001065,SEG-MAFF,2025-07-16,,True
CSH0001066,CUS0001066,SEG-MASS,2025-12-25,,True
CSH0001067,CUS0001067,SEG-MAFF,2021-05-06,,True
CSH0001068,CUS0001068,SEG-CORP,2023-09-12,,True
CSH0001069,CUS0001069,SEG-MAFF,2020-12-26,,True
CSH0001070,CUS0001070,SEG-AFFL,2019-04-18,,True
CSH0001071,CUS0001071,SEG-MAFF,2026-04-05,,True
CSH0001072,CUS0001072,SEG-AFFL,2018-01-14,,True
CSH0001073,CUS0001073,SEG-MAFF,2020-12-22,,True
CSH0001074,CUS0001074,SEG-MAFF,2024-11-10,,True
CSH0001075,CUS0001075,SEG-MAFF,2020-09-07,,True
CSH0001076,CUS0001076,SEG-CORP,2022-06-15,,True
CSH0001077,CUS0001077,SEG-MASS,2020-12-22,,True
CSH0001078,CUS0001078,SEG-AFFL,2019-01-13,,True
CSH0001079,CUS0001079,SEG-MAFF,2024-02-16,,True
CSH0001080,CUS0001080,SEG-MAFF,2024-12-15,,True
CSH0001081,CUS0001081,SEG-MASS,2021-02-19,,True
CSH0001082,CUS0001082,SEG-MASS,2023-05-26,,True
CSH0001083,CUS0001083,SEG-MAFF,2025-04-05,,True
CSH0001084,CUS0001084,SEG-MASS,2024-08-30,,True
CSH0001085,CUS0001085,SEG-CORP,2025-10-19,,True
CSH0001086,CUS0001086,SEG-AFFL,2024-04-14,,True
CSH0001087,CUS0001087,SEG-PRIV,2026-04-26,,True
CSH0001088,CUS0001088,SEG-AFFL,2019-01-14,,True
CSH0001089,CUS0001089,SEG-SME,2021-11-10,,True
CSH0001090,CUS0001090,SEG-MAFF,2023-02-03,,True
CSH0001091,CUS0001091,SEG-MAFF,2022-09-02,,True
CSH0001092,CUS0001092,SEG-MASS,2020-01-24,,True
CSH0001093,CUS0001093,SEG-MAFF,2022-06-20,,True
CSH0001094,CUS0001094,SEG-MASS,2024-04-28,,True
CSH0001095,CUS0001095,SEG-PRIV,2020-07-17,,True
CSH0001096,CUS0001096,SEG-AFFL,2022-06-26,,True
CSH0001097,CUS0001097,SEG-PRIV,2023-09-04,,True
CSH0001098,CUS0001098,SEG-AFFL,2026-01-13,,True
CSH0001099,CUS0001099,SEG-SME,2025-08-20,,True
CSH0001100,CUS0001100,SEG-AFFL,2025-02-22,,True
CSH0001101,CUS0001101,SEG-MAFF,2026-02-13,,True
CSH0001102,CUS0001102,SEG-SME,2021-02-24,,True
CSH0001103,CUS0001103,SEG-CORP,2021-06-29,,True
CSH0001104,CUS0001104,SEG-MAFF,2022-05-18,,True
CSH0001105,CUS0001105,SEG-MAFF,2023-06-08,,True
CSH0001106,CUS0001106,SEG-AFFL,2021-01-31,,True
CSH0001107,CUS0001107,SEG-AFFL,2023-12-06,,True
CSH0001108,CUS0001108,SEG-MASS,2023-10-27,,True
CSH0001109,CUS0001109,SEG-MAFF,2018-09-03,,True
CSH0001110,CUS0001110,SEG-PRIV,2022-09-15,,True
CSH0001111,CUS0001111,SEG-MASS,2022-03-28,,True
CSH0001112,CUS0001112,SEG-MAFF,2022-08-06,,True
CSH0001113,CUS0001113,SEG-MAFF,2019-08-02,,True
CSH0001114,CUS0001114,SEG-AFFL,2020-04-06,,True
CSH0001115,CUS0001115,SEG-MAFF,2025-12-13,,True
CSH0001116,CUS0001116,SEG-CORP,2019-07-09,,True
CSH0001117,CUS0001117,SEG-MAFF,2024-03-19,,True
CSH0001118,CUS0001118,SEG-PRIV,2021-07-20,,True
CSH0001119,CUS0001119,SEG-MASS,2018-05-06,,True
CSH0001120,CUS0001120,SEG-MASS,2019-11-07,,True
CSH0001121,CUS0001121,SEG-AFFL,2025-02-26,,True
CSH0001122,CUS0001122,SEG-AFFL,2020-06-11,,True
CSH0001123,CUS0001123,SEG-AFFL,2025-10-22,,True
CSH0001124,CUS0001124,SEG-PRIV,2018-03-23,,True
CSH0001125,CUS0001125,SEG-MASS,2020-10-10,,True
CSH0001126,CUS0001126,SEG-CORP,2025-08-26,,True
CSH0001127,CUS0001127,SEG-PRIV,2024-11-14,,True
CSH0001128,CUS0001128,SEG-MAFF,2023-10-30,,True
CSH0001129,CUS0001129,SEG-MASS,2024-12-02,,True
CSH0001130,CUS0001130,SEG-SME,2025-10-12,,True
CSH0001131,CUS0001131,SEG-MASS,2019-03-21,,True
CSH0001132,CUS0001132,SEG-MAFF,2020-08-21,,True
CSH0001133,CUS0001133,SEG-PRIV,2023-07-21,,True
CSH0001134,CUS0001134,SEG-MAFF,2022-05-20,,True
CSH0001135,CUS0001135,SEG-MASS,2023-12-12,,True
CSH0001136,CUS0001136,SEG-AFFL,2018-05-03,,True
CSH0001137,CUS0001137,SEG-AFFL,2022-10-25,,True
CSH0001138,CUS0001138,SEG-PRIV,2024-10-22,,True
CSH0001139,CUS0001139,SEG-AFFL,2021-03-30,,True
CSH0001140,CUS0001140,SEG-MASS,2021-01-17,,True
CSH0001141,CUS0001141,SEG-PRIV,2018-10-22,,True
CSH0001142,CUS0001142,SEG-AFFL,2025-05-24,,True
CSH0001143,CUS0001143,SEG-AFFL,2019-07-19,,True
CSH0001144,CUS0001144,SEG-MAFF,2023-04-04,,True
CSH0001145,CUS0001145,SEG-MASS,2019-08-11,,True
CSH0001146,CUS0001146,SEG-MASS,2025-11-15,,True
CSH0001147,CUS0001147,SEG-AFFL,2025-11-14,,True
CSH0001148,CUS0001148,SEG-SME,2020-09-27,,True
CSH0001149,CUS0001149,SEG-MASS,2025-06-26,,True
CSH0001150,CUS0001150,SEG-MAFF,2020-10-06,,True
CSH0001151,CUS0001151,SEG-MASS,2021-04-10,,True
CSH0001152,CUS0001152,SEG-MASS,2022-05-01,,True
CSH0001153,CUS0001153,SEG-SME,2019-01-01,,True
CSH0001154,CUS0001154,SEG-MASS,2020-05-28,,True
CSH0001155,CUS0001155,SEG-MASS,2018-09-17,,True
CSH0001156,CUS0001156,SEG-AFFL,2020-09-26,,True
CSH0001157,CUS0001157,SEG-AFFL,2018-03-27,,True
CSH0001158,CUS0001158,SEG-MASS,2023-03-09,,True
CSH0001159,CUS0001159,SEG-AFFL,2024-05-20,,True
CSH0001160,CUS0001160,SEG-AFFL,2021-06-27,,True
CSH0001161,CUS0001161,SEG-MAFF,2021-08-23,,True
CSH0001162,CUS0001162,SEG-AFFL,2019-08-18,,True
CSH0001163,CUS0001163,SEG-MAFF,2025-03-24,,True
CSH0001164,CUS0001164,SEG-AFFL,2018-09-24,,True
CSH0001165,CUS0001165,SEG-AFFL,2022-09-14,,True
CSH0001166,CUS0001166,SEG-AFFL,2024-04-12,,True
CSH0001167,CUS0001167,SEG-PRIV,2020-10-06,,True
CSH0001168,CUS0001168,SEG-MASS,2018-09-16,,True
CSH0001169,CUS0001169,SEG-AFFL,2020-04-11,,True
CSH0001170,CUS0001170,SEG-AFFL,2020-01-22,,True
CSH0001171,CUS0001171,SEG-MAFF,2023-07-09,,True
CSH0001172,CUS0001172,SEG-CORP,2023-02-11,,True
CSH0001173,CUS0001173,SEG-AFFL,2019-05-22,,True
CSH0001174,CUS0001174,SEG-MAFF,2022-03-19,,True
CSH0001175,CUS0001175,SEG-MAFF,2022-04-25,,True
CSH0001176,CUS0001176,SEG-AFFL,2019-12-13,,True
CSH0001177,CUS0001177,SEG-CORP,2025-01-07,,True
CSH0001178,CUS0001178,SEG-MASS,2020-03-23,,True
CSH0001179,CUS0001179,SEG-MAFF,2020-09-06,,True
CSH0001180,CUS0001180,SEG-MASS,2024-12-23,,True
CSH0001181,CUS0001181,SEG-MAFF,2022-04-28,,True
CSH0001182,CUS0001182,SEG-MASS,2020-10-06,,True
CSH0001183,CUS0001183,SEG-MAFF,2022-11-29,,True
CSH0001184,CUS0001184,SEG-MAFF,2020-12-19,,True
CSH0001185,CUS0001185,SEG-CORP,2020-09-16,,True
CSH0001186,CUS0001186,SEG-MASS,2024-10-25,,True
CSH0001187,CUS0001187,SEG-MASS,2020-12-30,,True
CSH0001188,CUS0001188,SEG-PRIV,2018-03-26,,True
CSH0001189,CUS0001189,SEG-CORP,2020-03-24,,True
CSH0001190,CUS0001190,SEG-AFFL,2022-05-05,,True
CSH0001191,CUS0001191,SEG-SME,2022-02-18,,True
CSH0001192,CUS0001192,SEG-AFFL,2022-12-01,,True
CSH0001193,CUS0001193,SEG-AFFL,2022-08-25,,True
CSH0001194,CUS0001194,SEG-PRIV,2023-02-21,,True
CSH0001195,CUS0001195,SEG-MASS,2021-12-17,,True
CSH0001196,CUS0001196,SEG-PRIV,2026-03-08,,True
CSH0001197,CUS0001197,SEG-MAFF,2019-02-24,,True
CSH0001198,CUS0001198,SEG-MAFF,2022-09-22,,True
CSH0001199,CUS0001199,SEG-MASS,2019-05-22,,True
CSH0001200,CUS0001200,SEG-AFFL,2024-06-01,,True
CSH0001201,CUS0001201,SEG-AFFL,2022-09-14,,True
CSH0001202,CUS0001202,SEG-MAFF,2023-11-18,,True
CSH0001203,CUS0001203,SEG-AFFL,2020-09-27,,True
CSH0001204,CUS0001204,SEG-AFFL,2019-10-13,,True
CSH0001205,CUS0001205,SEG-PRIV,2023-02-17,,True
CSH0001206,CUS0001206,SEG-MASS,2024-10-20,,True
CSH0001207,CUS0001207,SEG-MAFF,2023-10-24,,True
CSH0001208,CUS0001208,SEG-MASS,2019-11-01,,True
CSH0001209,CUS0001209,SEG-MAFF,2025-09-27,,True
CSH0001210,CUS0001210,SEG-AFFL,2020-04-19,,True
CSH0001211,CUS0001211,SEG-CORP,2022-02-16,,True
CSH0001212,CUS0001212,SEG-AFFL,2025-09-17,,True
CSH0001213,CUS0001213,SEG-SME,2025-07-23,,True
CSH0001214,CUS0001214,SEG-MAFF,2018-06-02,,True
CSH0001215,CUS0001215,SEG-MAFF,2023-05-08,,True
CSH0001216,CUS0001216,SEG-SME,2023-10-12,,True
CSH0001217,CUS0001217,SEG-AFFL,2018-05-06,,True
CSH0001218,CUS0001218,SEG-AFFL,2020-12-23,,True
CSH0001219,CUS0001219,SEG-PRIV,2024-11-29,,True
CSH0001220,CUS0001220,SEG-SME,2018-12-16,,True
CSH0001221,CUS0001221,SEG-AFFL,2026-01-30,,True
CSH0001222,CUS0001222,SEG-MASS,2018-01-09,,True
CSH0001223,CUS0001223,SEG-MASS,2022-02-19,,True
CSH0001224,CUS0001224,SEG-MASS,2022-03-13,,True
CSH0001225,CUS0001225,SEG-MAFF,2023-03-31,,True
CSH0001226,CUS0001226,SEG-CORP,2021-10-11,,True
CSH0001227,CUS0001227,SEG-PRIV,2021-06-21,,True
CSH0001228,CUS0001228,SEG-MASS,2020-03-29,,True
CSH0001229,CUS0001229,SEG-AFFL,2023-06-21,,True
CSH0001230,CUS0001230,SEG-PRIV,2024-06-05,,True
CSH0001231,CUS0001231,SEG-AFFL,2023-05-19,,True
CSH0001232,CUS0001232,SEG-MAFF,2021-02-09,,True
CSH0001233,CUS0001233,SEG-MAFF,2024-06-21,,True
CSH0001234,CUS0001234,SEG-MAFF,2023-11-27,,True
CSH0001235,CUS0001235,SEG-MAFF,2020-10-08,,True
CSH0001236,CUS0001236,SEG-SME,2023-05-17,,True
CSH0001237,CUS0001237,SEG-SME,2021-06-19,,True
CSH0001238,CUS0001238,SEG-MASS,2018-06-28,,True
CSH0001239,CUS0001239,SEG-AFFL,2021-10-16,,True
CSH0001240,CUS0001240,SEG-MASS,2020-02-02,,True
CSH0001241,CUS0001241,SEG-AFFL,2022-07-02,,True
CSH0001242,CUS0001242,SEG-AFFL,2026-03-21,,True
CSH0001243,CUS0001243,SEG-MASS,2019-10-11,,True
CSH0001244,CUS0001244,SEG-CORP,2021-08-15,,True
CSH0001245,CUS0001245,SEG-AFFL,2022-04-09,,True
CSH0001246,CUS0001246,SEG-AFFL,2018-06-03,,True
CSH0001247,CUS0001247,SEG-MAFF,2023-04-20,,True
CSH0001248,CUS0001248,SEG-MASS,2024-11-17,,True
CSH0001249,CUS0001249,SEG-MASS,2018-02-17,,True
CSH0001250,CUS0001250,SEG-AFFL,2018-09-16,,True
CSH0001251,CUS0001251,SEG-MASS,2023-03-23,,True
CSH0001252,CUS0001252,SEG-MAFF,2019-04-23,,True
CSH0001253,CUS0001253,SEG-MASS,2019-01-31,,True
CSH0001254,CUS0001254,SEG-MASS,2018-07-03,,True
CSH0001255,CUS0001255,SEG-MASS,2018-09-16,,True
CSH0001256,CUS0001256,SEG-MAFF,2019-04-11,,True
CSH0001257,CUS0001257,SEG-MAFF,2023-07-27,,True
CSH0001258,CUS0001258,SEG-MASS,2024-10-19,,True
CSH0001259,CUS0001259,SEG-AFFL,2023-03-09,,True
CSH0001260,CUS0001260,SEG-MASS,2025-09-11,,True
CSH0001261,CUS0001261,SEG-AFFL,2023-10-10,,True
CSH0001262,CUS0001262,SEG-AFFL,2019-08-05,,True
CSH0001263,CUS0001263,SEG-MAFF,2020-12-24,,True
CSH0001264,CUS0001264,SEG-CORP,2026-03-10,,True
CSH0001265,CUS0001265,SEG-MASS,2024-03-10,,True
CSH0001266,CUS0001266,SEG-MASS,2020-10-17,,True
CSH0001267,CUS0001267,SEG-CORP,2020-01-14,,True
CSH0001268,CUS0001268,SEG-MASS,2025-04-20,,True
CSH0001269,CUS0001269,SEG-MAFF,2026-01-21,,True
CSH0001270,CUS0001270,SEG-PRIV,2018-08-01,,True
CSH0001271,CUS0001271,SEG-MASS,2024-01-29,,True
CSH0001272,CUS0001272,SEG-MAFF,2024-04-05,,True
CSH0001273,CUS0001273,SEG-MASS,2019-12-21,,True
CSH0001274,CUS0001274,SEG-SME,2022-11-25,,True
CSH0001275,CUS0001275,SEG-MAFF,2019-06-11,,True
CSH0001276,CUS0001276,SEG-MAFF,2025-07-24,,True
CSH0001277,CUS0001277,SEG-AFFL,2024-03-17,,True
CSH0001278,CUS0001278,SEG-MASS,2023-03-08,,True
CSH0001279,CUS0001279,SEG-MAFF,2026-02-20,,True
CSH0001280,CUS0001280,SEG-PRIV,2025-12-17,,True
CSH0001281,CUS0001281,SEG-PRIV,2024-03-17,,True
CSH0001282,CUS0001282,SEG-AFFL,2019-02-21,,True
CSH0001283,CUS0001283,SEG-AFFL,2018-03-18,,True
CSH0001284,CUS0001284,SEG-PRIV,2021-06-23,,True
CSH0001285,CUS0001285,SEG-AFFL,2018-11-18,,True
CSH0001286,CUS0001286,SEG-CORP,2018-06-06,,True
CSH0001287,CUS0001287,SEG-MASS,2026-01-30,,True
CSH0001288,CUS0001288,SEG-AFFL,2022-12-10,,True
CSH0001289,CUS0001289,SEG-CORP,2023-03-11,,True
CSH0001290,CUS0001290,SEG-AFFL,2025-07-12,,True
CSH0001291,CUS0001291,SEG-AFFL,2022-07-14,,True
CSH0001292,CUS0001292,SEG-MAFF,2023-10-09,,True
CSH0001293,CUS0001293,SEG-MASS,2021-02-05,,True
CSH0001294,CUS0001294,SEG-MAFF,2023-11-24,,True
CSH0001295,CUS0001295,SEG-MAFF,2023-02-10,,True
CSH0001296,CUS0001296,SEG-MAFF,2020-05-06,,True
CSH0001297,CUS0001297,SEG-MASS,2023-08-25,,True
CSH0001298,CUS0001298,SEG-MASS,2020-10-03,,True
CSH0001299,CUS0001299,SEG-MAFF,2022-10-07,,True
CSH0001300,CUS0001300,SEG-AFFL,2023-04-16,,True
CSH0001301,CUS0001301,SEG-MAFF,2021-10-14,,True
CSH0001302,CUS0001302,SEG-SME,2023-01-24,,True
CSH0001303,CUS0001303,SEG-SME,2025-07-20,,True
CSH0001304,CUS0001304,SEG-PRIV,2021-09-16,,True
CSH0001305,CUS0001305,SEG-MASS,2023-01-29,,True
CSH0001306,CUS0001306,SEG-MAFF,2020-10-11,,True
CSH0001307,CUS0001307,SEG-CORP,2019-05-10,,True
CSH0001308,CUS0001308,SEG-MAFF,2025-02-20,,True
CSH0001309,CUS0001309,SEG-AFFL,2025-02-25,,True
CSH0001310,CUS0001310,SEG-MASS,2024-12-11,,True
CSH0001311,CUS0001311,SEG-AFFL,2025-12-09,,True
CSH0001312,CUS0001312,SEG-MAFF,2018-11-21,,True
CSH0001313,CUS0001313,SEG-MASS,2018-10-30,,True
CSH0001314,CUS0001314,SEG-CORP,2019-03-02,,True
CSH0001315,CUS0001315,SEG-AFFL,2019-11-02,,True
CSH0001316,CUS0001316,SEG-CORP,2019-03-03,,True
CSH0001317,CUS0001317,SEG-AFFL,2023-11-05,,True
CSH0001318,CUS0001318,SEG-AFFL,2019-05-14,,True
CSH0001319,CUS0001319,SEG-AFFL,2025-02-16,,True
CSH0001320,CUS0001320,SEG-AFFL,2022-05-25,,True
CSH0001321,CUS0001321,SEG-AFFL,2022-09-09,,True
CSH0001322,CUS0001322,SEG-MAFF,2021-08-30,,True
CSH0001323,CUS0001323,SEG-SME,2025-01-22,,True
CSH0001324,CUS0001324,SEG-PRIV,2025-10-20,,True
CSH0001325,CUS0001325,SEG-CORP,2025-01-16,,True
CSH0001326,CUS0001326,SEG-PRIV,2018-09-23,,True
CSH0001327,CUS0001327,SEG-MASS,2018-02-01,,True
CSH0001328,CUS0001328,SEG-MASS,2019-11-15,,True
CSH0001329,CUS0001329,SEG-MASS,2018-08-10,,True
CSH0001330,CUS0001330,SEG-AFFL,2018-03-04,,True
CSH0001331,CUS0001331,SEG-AFFL,2022-02-13,,True
CSH0001332,CUS0001332,SEG-MAFF,2019-09-24,,True
CSH0001333,CUS0001333,SEG-MASS,2022-02-15,,True
CSH0001334,CUS0001334,SEG-AFFL,2019-02-08,,True
CSH0001335,CUS0001335,SEG-MAFF,2021-03-04,,True
CSH0001336,CUS0001336,SEG-CORP,2021-06-18,,True
CSH0001337,CUS0001337,SEG-PRIV,2020-06-19,,True
CSH0001338,CUS0001338,SEG-MASS,2021-08-21,,True
CSH0001339,CUS0001339,SEG-AFFL,2021-08-07,,True
CSH0001340,CUS0001340,SEG-SME,2025-03-15,,True
CSH0001341,CUS0001341,SEG-SME,2025-03-03,,True
CSH0001342,CUS0001342,SEG-PRIV,2022-05-23,,True
CSH0001343,CUS0001343,SEG-MAFF,2023-12-07,,True
CSH0001344,CUS0001344,SEG-MASS,2020-09-17,,True
CSH0001345,CUS0001345,SEG-MASS,2020-10-31,,True
CSH0001346,CUS0001346,SEG-AFFL,2018-03-28,,True
CSH0001347,CUS0001347,SEG-MAFF,2018-06-27,,True
CSH0001348,CUS0001348,SEG-MASS,2019-01-14,,True
CSH0001349,CUS0001349,SEG-AFFL,2022-07-15,,True
CSH0001350,CUS0001350,SEG-MASS,2026-03-24,,True
CSH0001351,CUS0001351,SEG-MASS,2022-08-26,,True
CSH0001352,CUS0001352,SEG-MAFF,2022-07-18,,True
CSH0001353,CUS0001353,SEG-MAFF,2024-03-21,,True
CSH0001354,CUS0001354,SEG-MASS,2024-05-01,,True
CSH0001355,CUS0001355,SEG-MAFF,2020-06-16,,True
CSH0001356,CUS0001356,SEG-MAFF,2021-01-19,,True
CSH0001357,CUS0001357,SEG-SME,2023-07-10,,True
CSH0001358,CUS0001358,SEG-MAFF,2025-09-30,,True
CSH0001359,CUS0001359,SEG-MAFF,2025-09-20,,True
CSH0001360,CUS0001360,SEG-MAFF,2024-12-10,,True
CSH0001361,CUS0001361,SEG-MASS,2025-01-16,,True
CSH0001362,CUS0001362,SEG-CORP,2023-10-20,,True
CSH0001363,CUS0001363,SEG-AFFL,2020-01-12,,True
CSH0001364,CUS0001364,SEG-MASS,2025-01-28,,True
CSH0001365,CUS0001365,SEG-CORP,2026-01-07,,True
CSH0001366,CUS0001366,SEG-MASS,2019-10-27,,True
CSH0001367,CUS0001367,SEG-MASS,2025-04-11,,True
CSH0001368,CUS0001368,SEG-MASS,2021-09-24,,True
CSH0001369,CUS0001369,SEG-PRIV,2021-07-06,,True
CSH0001370,CUS0001370,SEG-MAFF,2025-08-11,,True
CSH0001371,CUS0001371,SEG-AFFL,2025-12-14,,True
CSH0001372,CUS0001372,SEG-PRIV,2018-05-04,,True
CSH0001373,CUS0001373,SEG-AFFL,2024-03-04,,True
CSH0001374,CUS0001374,SEG-MAFF,2020-06-08,,True
CSH0001375,CUS0001375,SEG-MASS,2019-04-21,,True
CSH0001376,CUS0001376,SEG-MAFF,2020-03-13,,True
CSH0001377,CUS0001377,SEG-MAFF,2025-10-01,,True
CSH0001378,CUS0001378,SEG-MAFF,2021-08-19,,True
CSH0001379,CUS0001379,SEG-SME,2019-02-26,,True
CSH0001380,CUS0001380,SEG-AFFL,2025-09-09,,True
CSH0001381,CUS0001381,SEG-AFFL,2024-01-21,,True
CSH0001382,CUS0001382,SEG-MASS,2023-01-22,,True
CSH0001383,CUS0001383,SEG-CORP,2024-07-05,,True
CSH0001384,CUS0001384,SEG-MASS,2019-03-02,,True
CSH0001385,CUS0001385,SEG-MASS,2024-02-22,,True
CSH0001386,CUS0001386,SEG-PRIV,2022-12-09,,True
CSH0001387,CUS0001387,SEG-AFFL,2025-02-24,,True
CSH0001388,CUS0001388,SEG-AFFL,2018-03-25,,True
CSH0001389,CUS0001389,SEG-PRIV,2025-07-11,,True
CSH0001390,CUS0001390,SEG-SME,2023-01-15,,True
CSH0001391,CUS0001391,SEG-CORP,2026-01-16,,True
CSH0001392,CUS0001392,SEG-MASS,2021-04-19,,True
CSH0001393,CUS0001393,SEG-MAFF,2020-01-26,,True
CSH0001394,CUS0001394,SEG-PRIV,2022-02-13,,True
CSH0001395,CUS0001395,SEG-AFFL,2022-07-14,,True
CSH0001396,CUS0001396,SEG-SME,2019-04-17,,True
CSH0001397,CUS0001397,SEG-MAFF,2024-07-25,,True
CSH0001398,CUS0001398,SEG-MASS,2019-01-15,,True
CSH0001399,CUS0001399,SEG-MASS,2022-06-15,,True
CSH0001400,CUS0001400,SEG-MASS,2023-11-06,,True
CSH0001401,CUS0001401,SEG-CORP,2022-04-29,,True
CSH0001402,CUS0001402,SEG-AFFL,2025-10-26,,True
CSH0001403,CUS0001403,SEG-AFFL,2026-01-16,,True
CSH0001404,CUS0001404,SEG-AFFL,2020-05-24,,True
CSH0001405,CUS0001405,SEG-MAFF,2022-05-13,,True
CSH0001406,CUS0001406,SEG-PRIV,2018-05-15,,True
CSH0001407,CUS0001407,SEG-MASS,2022-10-24,,True
CSH0001408,CUS0001408,SEG-MAFF,2025-11-15,,True
CSH0001409,CUS0001409,SEG-MASS,2018-08-16,,True
CSH0001410,CUS0001410,SEG-MASS,2021-11-08,,True
CSH0001411,CUS0001411,SEG-MAFF,2026-04-04,,True
CSH0001412,CUS0001412,SEG-MASS,2020-07-13,,True
CSH0001413,CUS0001413,SEG-MAFF,2022-05-21,,True
CSH0001414,CUS0001414,SEG-MAFF,2023-10-26,,True
CSH0001415,CUS0001415,SEG-AFFL,2024-09-27,,True
CSH0001416,CUS0001416,SEG-AFFL,2019-02-12,,True
CSH0001417,CUS0001417,SEG-AFFL,2021-10-15,,True
CSH0001418,CUS0001418,SEG-CORP,2020-11-01,,True
CSH0001419,CUS0001419,SEG-MAFF,2025-10-11,,True
CSH0001420,CUS0001420,SEG-MAFF,2023-02-19,,True
CSH0001421,CUS0001421,SEG-PRIV,2019-06-09,,True
CSH0001422,CUS0001422,SEG-PRIV,2018-04-09,,True
CSH0001423,CUS0001423,SEG-MASS,2018-08-19,,True
CSH0001424,CUS0001424,SEG-CORP,2020-02-12,,True
CSH0001425,CUS0001425,SEG-AFFL,2020-03-13,,True
CSH0001426,CUS0001426,SEG-MAFF,2019-08-23,,True
CSH0001427,CUS0001427,SEG-AFFL,2020-10-19,,True
CSH0001428,CUS0001428,SEG-AFFL,2023-02-17,,True
CSH0001429,CUS0001429,SEG-SME,2018-01-09,,True
CSH0001430,CUS0001430,SEG-PRIV,2019-01-06,,True
CSH0001431,CUS0001431,SEG-MAFF,2020-07-20,,True
CSH0001432,CUS0001432,SEG-MASS,2023-03-01,,True
CSH0001433,CUS0001433,SEG-CORP,2020-02-12,,True
CSH0001434,CUS0001434,SEG-MAFF,2024-07-18,,True
CSH0001435,CUS0001435,SEG-AFFL,2021-12-14,,True
CSH0001436,CUS0001436,SEG-MAFF,2021-03-21,,True
CSH0001437,CUS0001437,SEG-AFFL,2021-03-25,,True
CSH0001438,CUS0001438,SEG-MASS,2018-09-16,,True
CSH0001439,CUS0001439,SEG-AFFL,2025-12-02,,True
CSH0001440,CUS0001440,SEG-SME,2024-12-11,,True
CSH0001441,CUS0001441,SEG-MASS,2025-04-09,,True
CSH0001442,CUS0001442,SEG-AFFL,2019-03-21,,True
CSH0001443,CUS0001443,SEG-MASS,2023-11-04,,True
CSH0001444,CUS0001444,SEG-CORP,2026-02-10,,True
CSH0001445,CUS0001445,SEG-AFFL,2025-03-27,,True
CSH0001446,CUS0001446,SEG-MAFF,2021-03-17,,True
CSH0001447,CUS0001447,SEG-AFFL,2018-04-06,,True
CSH0001448,CUS0001448,SEG-AFFL,2018-01-04,,True
CSH0001449,CUS0001449,SEG-AFFL,2024-05-16,,True
CSH0001450,CUS0001450,SEG-PRIV,2021-06-14,,True
CSH0001451,CUS0001451,SEG-MASS,2024-11-18,,True
CSH0001452,CUS0001452,SEG-AFFL,2018-08-26,,True
CSH0001453,CUS0001453,SEG-AFFL,2020-02-08,,True
CSH0001454,CUS0001454,SEG-MASS,2023-12-08,,True
CSH0001455,CUS0001455,SEG-MASS,2024-05-21,,True
CSH0001456,CUS0001456,SEG-MAFF,2025-10-17,,True
CSH0001457,CUS0001457,SEG-PRIV,2026-04-15,,True
CSH0001458,CUS0001458,SEG-MAFF,2025-04-28,,True
CSH0001459,CUS0001459,SEG-MAFF,2020-05-05,,True
CSH0001460,CUS0001460,SEG-CORP,2022-01-28,,True
CSH0001461,CUS0001461,SEG-AFFL,2025-10-19,,True
CSH0001462,CUS0001462,SEG-MAFF,2018-08-11,,True
CSH0001463,CUS0001463,SEG-AFFL,2022-11-02,,True
CSH0001464,CUS0001464,SEG-AFFL,2023-07-26,,True
CSH0001465,CUS0001465,SEG-AFFL,2025-08-12,,True
CSH0001466,CUS0001466,SEG-AFFL,2021-11-05,,True
CSH0001467,CUS0001467,SEG-AFFL,2021-06-19,,True
CSH0001468,CUS0001468,SEG-PRIV,2025-08-15,,True
CSH0001469,CUS0001469,SEG-MASS,2019-09-14,,True
CSH0001470,CUS0001470,SEG-SME,2018-11-09,,True
CSH0001471,CUS0001471,SEG-AFFL,2019-07-16,,True
CSH0001472,CUS0001472,SEG-AFFL,2021-01-22,,True
CSH0001473,CUS0001473,SEG-AFFL,2018-06-27,,True
CSH0001474,CUS0001474,SEG-PRIV,2021-12-28,,True
CSH0001475,CUS0001475,SEG-MASS,2020-11-18,,True
CSH0001476,CUS0001476,SEG-MAFF,2020-04-17,,True
CSH0001477,CUS0001477,SEG-AFFL,2023-04-18,,True
CSH0001478,CUS0001478,SEG-CORP,2026-04-20,,True
CSH0001479,CUS0001479,SEG-SME,2020-05-20,,True
CSH0001480,CUS0001480,SEG-PRIV,2020-12-27,,True
CSH0001481,CUS0001481,SEG-SME,2023-07-16,,True
CSH0001482,CUS0001482,SEG-MASS,2018-09-23,,True
CSH0001483,CUS0001483,SEG-PRIV,2026-04-16,,True
CSH0001484,CUS0001484,SEG-AFFL,2021-12-15,,True
CSH0001485,CUS0001485,SEG-MASS,2018-02-01,,True
CSH0001486,CUS0001486,SEG-AFFL,2021-12-14,,True
CSH0001487,CUS0001487,SEG-MAFF,2024-10-29,,True
CSH0001488,CUS0001488,SEG-MAFF,2024-10-06,,True
CSH0001489,CUS0001489,SEG-MAFF,2021-09-02,,True
CSH0001490,CUS0001490,SEG-MAFF,2022-01-08,,True
CSH0001491,CUS0001491,SEG-MASS,2024-06-30,,True
CSH0001492,CUS0001492,SEG-MASS,2020-03-02,,True
CSH0001493,CUS0001493,SEG-MASS,2023-10-08,,True
CSH0001494,CUS0001494,SEG-MAFF,2024-06-17,,True
CSH0001495,CUS0001495,SEG-MAFF,2024-10-09,,True
CSH0001496,CUS0001496,SEG-PRIV,2020-08-28,,True
CSH0001497,CUS0001497,SEG-SME,2023-08-01,,True
CSH0001498,CUS0001498,SEG-AFFL,2019-08-16,,True
CSH0001499,CUS0001499,SEG-MAFF,2019-04-17,,True
CSH0001500,CUS0001500,SEG-AFFL,2018-12-15,,True
CSH0001501,CUS0001501,SEG-MAFF,2023-07-20,,True
CSH0001502,CUS0001502,SEG-MASS,2023-07-18,,True
CSH0001503,CUS0001503,SEG-PRIV,2018-03-08,,True
CSH0001504,CUS0001504,SEG-AFFL,2024-06-01,,True
CSH0001505,CUS0001505,SEG-AFFL,2023-09-07,,True
CSH0001506,CUS0001506,SEG-MAFF,2019-05-13,,True
CSH0001507,CUS0001507,SEG-AFFL,2019-01-19,,True
CSH0001508,CUS0001508,SEG-CORP,2018-10-10,,True
CSH0001509,CUS0001509,SEG-MASS,2020-10-09,,True
CSH0001510,CUS0001510,SEG-PRIV,2023-04-03,,True
CSH0001511,CUS0001511,SEG-MAFF,2025-08-19,,True
CSH0001512,CUS0001512,SEG-MAFF,2024-10-12,,True
CSH0001513,CUS0001513,SEG-MAFF,2024-10-23,,True
CSH0001514,CUS0001514,SEG-AFFL,2018-05-10,,True
CSH0001515,CUS0001515,SEG-MAFF,2024-03-23,,True
CSH0001516,CUS0001516,SEG-MASS,2018-04-16,,True
CSH0001517,CUS0001517,SEG-MAFF,2025-06-25,,True
CSH0001518,CUS0001518,SEG-PRIV,2024-03-31,,True
CSH0001519,CUS0001519,SEG-MASS,2022-09-02,,True
CSH0001520,CUS0001520,SEG-PRIV,2025-12-28,,True
CSH0001521,CUS0001521,SEG-MASS,2023-05-19,,True
CSH0001522,CUS0001522,SEG-MAFF,2019-05-12,,True
CSH0001523,CUS0001523,SEG-MAFF,2020-11-11,,True
CSH0001524,CUS0001524,SEG-MASS,2024-06-04,,True
CSH0001525,CUS0001525,SEG-MAFF,2018-03-20,,True
CSH0001526,CUS0001526,SEG-SME,2024-11-08,,True
CSH0001527,CUS0001527,SEG-MASS,2024-04-22,,True
CSH0001528,CUS0001528,SEG-MASS,2023-12-13,,True
CSH0001529,CUS0001529,SEG-MAFF,2023-08-25,,True
CSH0001530,CUS0001530,SEG-MAFF,2019-12-16,,True
CSH0001531,CUS0001531,SEG-MASS,2024-07-31,,True
CSH0001532,CUS0001532,SEG-AFFL,2023-04-25,,True
CSH0001533,CUS0001533,SEG-AFFL,2022-06-04,,True
CSH0001534,CUS0001534,SEG-MASS,2018-06-15,,True
CSH0001535,CUS0001535,SEG-CORP,2024-11-07,,True
CSH0001536,CUS0001536,SEG-AFFL,2020-10-12,,True
CSH0001537,CUS0001537,SEG-MAFF,2020-01-27,,True
CSH0001538,CUS0001538,SEG-AFFL,2025-11-14,,True
CSH0001539,CUS0001539,SEG-AFFL,2025-08-15,,True
CSH0001540,CUS0001540,SEG-AFFL,2025-11-20,,True
CSH0001541,CUS0001541,SEG-MASS,2022-08-30,,True
CSH0001542,CUS0001542,SEG-MAFF,2020-06-17,,True
CSH0001543,CUS0001543,SEG-MAFF,2025-01-21,,True
CSH0001544,CUS0001544,SEG-MASS,2025-05-12,,True
CSH0001545,CUS0001545,SEG-AFFL,2019-05-26,,True
CSH0001546,CUS0001546,SEG-CORP,2021-04-22,,True
CSH0001547,CUS0001547,SEG-AFFL,2018-01-05,,True
CSH0001548,CUS0001548,SEG-MAFF,2021-05-16,,True
CSH0001549,CUS0001549,SEG-AFFL,2022-02-06,,True
CSH0001550,CUS0001550,SEG-MASS,2022-08-24,,True
CSH0001551,CUS0001551,SEG-AFFL,2021-02-23,,True
CSH0001552,CUS0001552,SEG-MASS,2026-02-18,,True
CSH0001553,CUS0001553,SEG-SME,2026-04-05,,True
CSH0001554,CUS0001554,SEG-MASS,2025-01-30,,True
CSH0001555,CUS0001555,SEG-AFFL,2022-12-19,,True
CSH0001556,CUS0001556,SEG-PRIV,2021-07-24,,True
CSH0001557,CUS0001557,SEG-MAFF,2020-11-01,,True
CSH0001558,CUS0001558,SEG-PRIV,2021-01-21,,True
CSH0001559,CUS0001559,SEG-CORP,2024-10-30,,True
CSH0001560,CUS0001560,SEG-AFFL,2021-06-30,,True
CSH0001561,CUS0001561,SEG-AFFL,2022-12-15,,True
CSH0001562,CUS0001562,SEG-MASS,2019-02-23,,True
CSH0001563,CUS0001563,SEG-AFFL,2023-01-24,,True
CSH0001564,CUS0001564,SEG-MASS,2018-07-24,,True
CSH0001565,CUS0001565,SEG-CORP,2019-10-24,,True
CSH0001566,CUS0001566,SEG-MASS,2024-01-21,,True
CSH0001567,CUS0001567,SEG-MASS,2025-07-26,,True
CSH0001568,CUS0001568,SEG-SME,2023-05-02,,True
CSH0001569,CUS0001569,SEG-AFFL,2018-04-14,,True
CSH0001570,CUS0001570,SEG-AFFL,2022-05-12,,True
CSH0001571,CUS0001571,SEG-MASS,2019-03-23,,True
CSH0001572,CUS0001572,SEG-MAFF,2019-09-03,,True
CSH0001573,CUS0001573,SEG-AFFL,2023-03-07,,True
CSH0001574,CUS0001574,SEG-SME,2022-07-22,,True
CSH0001575,CUS0001575,SEG-MAFF,2023-03-12,,True
CSH0001576,CUS0001576,SEG-AFFL,2026-02-28,,True
CSH0001577,CUS0001577,SEG-AFFL,2023-10-13,,True
CSH0001578,CUS0001578,SEG-CORP,2022-02-01,,True
CSH0001579,CUS0001579,SEG-MASS,2023-12-19,,True
CSH0001580,CUS0001580,SEG-MAFF,2018-03-13,,True
CSH0001581,CUS0001581,SEG-AFFL,2019-12-21,,True
CSH0001582,CUS0001582,SEG-MAFF,2024-08-26,,True
CSH0001583,CUS0001583,SEG-MAFF,2022-01-20,,True
CSH0001584,CUS0001584,SEG-PRIV,2023-03-10,,True
CSH0001585,CUS0001585,SEG-MASS,2025-07-03,,True
CSH0001586,CUS0001586,SEG-AFFL,2019-05-02,,True
CSH0001587,CUS0001587,SEG-MAFF,2021-10-12,,True
CSH0001588,CUS0001588,SEG-AFFL,2023-05-07,,True
CSH0001589,CUS0001589,SEG-CORP,2019-10-27,,True
CSH0001590,CUS0001590,SEG-MASS,2023-07-06,,True
CSH0001591,CUS0001591,SEG-MAFF,2019-04-26,,True
CSH0001592,CUS0001592,SEG-PRIV,2024-03-14,,True
CSH0001593,CUS0001593,SEG-AFFL,2018-12-14,,True
CSH0001594,CUS0001594,SEG-MAFF,2018-03-23,,True
CSH0001595,CUS0001595,SEG-CORP,2018-04-27,,True
CSH0001596,CUS0001596,SEG-MAFF,2021-11-06,,True
CSH0001597,CUS0001597,SEG-MAFF,2026-02-20,,True
CSH0001598,CUS0001598,SEG-AFFL,2018-11-06,,True
CSH0001599,CUS0001599,SEG-MASS,2024-11-01,,True
CSH0001600,CUS0001600,SEG-SME,2018-08-18,,True
CSH0001601,CUS0001601,SEG-MAFF,2019-04-10,,True
CSH0001602,CUS0001602,SEG-AFFL,2018-08-03,,True
CSH0001603,CUS0001603,SEG-MAFF,2020-09-21,,True
CSH0001604,CUS0001604,SEG-PRIV,2023-03-08,,True
CSH0001605,CUS0001605,SEG-MAFF,2023-11-21,,True
CSH0001606,CUS0001606,SEG-MASS,2021-12-30,,True
CSH0001607,CUS0001607,SEG-MAFF,2025-06-03,,True
CSH0001608,CUS0001608,SEG-MASS,2025-06-27,,True
CSH0001609,CUS0001609,SEG-MASS,2022-03-02,,True
CSH0001610,CUS0001610,SEG-AFFL,2024-08-27,,True
CSH0001611,CUS0001611,SEG-MAFF,2024-12-22,,True
CSH0001612,CUS0001612,SEG-SME,2022-12-01,,True
CSH0001613,CUS0001613,SEG-AFFL,2019-07-10,,True
CSH0001614,CUS0001614,SEG-AFFL,2023-08-01,,True
CSH0001615,CUS0001615,SEG-MAFF,2019-05-01,,True
CSH0001616,CUS0001616,SEG-CORP,2020-09-11,,True
CSH0001617,CUS0001617,SEG-MAFF,2026-03-18,,True
CSH0001618,CUS0001618,SEG-MASS,2020-09-28,,True
CSH0001619,CUS0001619,SEG-AFFL,2020-08-09,,True
CSH0001620,CUS0001620,SEG-AFFL,2021-07-24,,True
CSH0001621,CUS0001621,SEG-CORP,2023-06-13,,True
CSH0001622,CUS0001622,SEG-CORP,2018-11-10,,True
CSH0001623,CUS0001623,SEG-MAFF,2023-05-23,,True
CSH0001624,CUS0001624,SEG-AFFL,2024-11-01,,True
CSH0001625,CUS0001625,SEG-MAFF,2024-08-23,,True
CSH0001626,CUS0001626,SEG-AFFL,2021-02-21,,True
CSH0001627,CUS0001627,SEG-MASS,2025-04-06,,True
CSH0001628,CUS0001628,SEG-MAFF,2018-02-14,,True
CSH0001629,CUS0001629,SEG-AFFL,2018-03-19,,True
CSH0001630,CUS0001630,SEG-PRIV,2018-04-20,,True
CSH0001631,CUS0001631,SEG-SME,2026-01-14,,True
CSH0001632,CUS0001632,SEG-PRIV,2025-10-24,,True
CSH0001633,CUS0001633,SEG-MAFF,2019-02-06,,True
CSH0001634,CUS0001634,SEG-SME,2026-03-11,,True
CSH0001635,CUS0001635,SEG-MASS,2022-04-11,,True
CSH0001636,CUS0001636,SEG-SME,2026-04-22,,True
CSH0001637,CUS0001637,SEG-CORP,2026-04-04,,True
CSH0001638,CUS0001638,SEG-SME,2020-01-19,,True
CSH0001639,CUS0001639,SEG-MAFF,2024-08-03,,True
CSH0001640,CUS0001640,SEG-AFFL,2022-10-26,,True
CSH0001641,CUS0001641,SEG-MASS,2018-01-03,,True
CSH0001642,CUS0001642,SEG-MAFF,2021-05-30,,True
CSH0001643,CUS0001643,SEG-CORP,2020-12-19,,True
CSH0001644,CUS0001644,SEG-MAFF,2024-03-06,,True
CSH0001645,CUS0001645,SEG-MASS,2023-02-21,,True
CSH0001646,CUS0001646,SEG-CORP,2021-11-28,,True
CSH0001647,CUS0001647,SEG-SME,2022-05-04,,True
CSH0001648,CUS0001648,SEG-MAFF,2020-03-08,,True
CSH0001649,CUS0001649,SEG-AFFL,2022-08-18,,True
CSH0001650,CUS0001650,SEG-CORP,2025-03-29,,True
CSH0001651,CUS0001651,SEG-MAFF,2025-01-05,,True
CSH0001652,CUS0001652,SEG-CORP,2019-06-09,,True
CSH0001653,CUS0001653,SEG-MASS,2018-11-16,,True
CSH0001654,CUS0001654,SEG-MASS,2023-05-22,,True
CSH0001655,CUS0001655,SEG-AFFL,2022-11-12,,True
CSH0001656,CUS0001656,SEG-MAFF,2023-11-22,,True
CSH0001657,CUS0001657,SEG-PRIV,2020-04-08,,True
CSH0001658,CUS0001658,SEG-AFFL,2024-09-15,,True
CSH0001659,CUS0001659,SEG-MAFF,2025-11-04,,True
CSH0001660,CUS0001660,SEG-MASS,2025-03-03,,True
CSH0001661,CUS0001661,SEG-MASS,2021-08-01,,True
CSH0001662,CUS0001662,SEG-MASS,2019-02-20,,True
CSH0001663,CUS0001663,SEG-MASS,2023-01-08,,True
CSH0001664,CUS0001664,SEG-MASS,2020-10-06,,True
CSH0001665,CUS0001665,SEG-MAFF,2024-11-17,,True
CSH0001666,CUS0001666,SEG-CORP,2021-04-05,,True
CSH0001667,CUS0001667,SEG-MAFF,2023-02-27,,True
CSH0001668,CUS0001668,SEG-MASS,2021-08-27,,True
CSH0001669,CUS0001669,SEG-MAFF,2026-01-28,,True
CSH0001670,CUS0001670,SEG-AFFL,2026-04-13,,True
CSH0001671,CUS0001671,SEG-MASS,2018-03-31,,True
CSH0001672,CUS0001672,SEG-SME,2022-12-08,,True
CSH0001673,CUS0001673,SEG-AFFL,2025-12-30,,True
CSH0001674,CUS0001674,SEG-PRIV,2020-06-03,,True
CSH0001675,CUS0001675,SEG-MASS,2021-10-02,,True
CSH0001676,CUS0001676,SEG-AFFL,2018-01-15,,True
CSH0001677,CUS0001677,SEG-AFFL,2022-12-26,,True
CSH0001678,CUS0001678,SEG-MASS,2026-03-14,,True
CSH0001679,CUS0001679,SEG-CORP,2019-11-07,,True
CSH0001680,CUS0001680,SEG-MASS,2019-07-28,,True
CSH0001681,CUS0001681,SEG-MASS,2022-10-20,,True
CSH0001682,CUS0001682,SEG-MAFF,2023-03-19,,True
CSH0001683,CUS0001683,SEG-CORP,2024-12-09,,True
CSH0001684,CUS0001684,SEG-AFFL,2019-05-04,,True
CSH0001685,CUS0001685,SEG-AFFL,2024-10-20,,True
CSH0001686,CUS0001686,SEG-AFFL,2024-07-15,,True
CSH0001687,CUS0001687,SEG-MASS,2025-06-25,,True
CSH0001688,CUS0001688,SEG-CORP,2021-11-20,,True
CSH0001689,CUS0001689,SEG-AFFL,2018-11-25,,True
CSH0001690,CUS0001690,SEG-MASS,2020-05-23,,True
CSH0001691,CUS0001691,SEG-AFFL,2024-02-29,,True
CSH0001692,CUS0001692,SEG-MASS,2018-02-09,,True
CSH0001693,CUS0001693,SEG-MASS,2022-06-07,,True
CSH0001694,CUS0001694,SEG-MASS,2025-10-18,,True
CSH0001695,CUS0001695,SEG-AFFL,2024-01-24,,True
CSH0001696,CUS0001696,SEG-CORP,2025-07-06,,True
CSH0001697,CUS0001697,SEG-CORP,2022-08-06,,True
CSH0001698,CUS0001698,SEG-MAFF,2025-10-11,,True
CSH0001699,CUS0001699,SEG-MAFF,2020-06-22,,True
CSH0001700,CUS0001700,SEG-AFFL,2022-10-12,,True
CSH0001701,CUS0001701,SEG-MASS,2026-03-01,,True
CSH0001702,CUS0001702,SEG-AFFL,2023-02-20,,True
CSH0001703,CUS0001703,SEG-PRIV,2023-07-12,,True
CSH0001704,CUS0001704,SEG-AFFL,2018-07-08,,True
CSH0001705,CUS0001705,SEG-MASS,2020-08-14,,True
CSH0001706,CUS0001706,SEG-MASS,2019-10-11,,True
CSH0001707,CUS0001707,SEG-AFFL,2025-04-15,,True
CSH0001708,CUS0001708,SEG-MASS,2025-08-17,,True
CSH0001709,CUS0001709,SEG-SME,2019-06-04,,True
CSH0001710,CUS0001710,SEG-MAFF,2025-07-10,,True
CSH0001711,CUS0001711,SEG-AFFL,2026-04-15,,True
CSH0001712,CUS0001712,SEG-MASS,2024-10-19,,True
CSH0001713,CUS0001713,SEG-CORP,2024-05-24,,True
CSH0001714,CUS0001714,SEG-MAFF,2018-02-10,,True
CSH0001715,CUS0001715,SEG-MAFF,2026-04-01,,True
CSH0001716,CUS0001716,SEG-AFFL,2018-01-29,,True
CSH0001717,CUS0001717,SEG-AFFL,2022-12-15,,True
CSH0001718,CUS0001718,SEG-AFFL,2025-06-24,,True
CSH0001719,CUS0001719,SEG-AFFL,2019-05-06,,True
CSH0001720,CUS0001720,SEG-SME,2024-08-13,,True
CSH0001721,CUS0001721,SEG-SME,2021-06-18,,True
CSH0001722,CUS0001722,SEG-MASS,2019-11-27,,True
CSH0001723,CUS0001723,SEG-MAFF,2019-11-14,,True
CSH0001724,CUS0001724,SEG-MASS,2020-11-13,,True
CSH0001725,CUS0001725,SEG-MASS,2018-03-15,,True
CSH0001726,CUS0001726,SEG-MAFF,2023-03-26,,True
CSH0001727,CUS0001727,SEG-MAFF,2018-03-21,,True
CSH0001728,CUS0001728,SEG-CORP,2021-02-24,,True
CSH0001729,CUS0001729,SEG-SME,2025-06-14,,True
CSH0001730,CUS0001730,SEG-MAFF,2024-02-01,,True
CSH0001731,CUS0001731,SEG-MAFF,2018-01-16,,True
CSH0001732,CUS0001732,SEG-MAFF,2018-07-08,,True
CSH0001733,CUS0001733,SEG-AFFL,2025-06-29,,True
CSH0001734,CUS0001734,SEG-SME,2025-01-25,,True
CSH0001735,CUS0001735,SEG-CORP,2019-09-27,,True
CSH0001736,CUS0001736,SEG-MASS,2022-11-15,,True
CSH0001737,CUS0001737,SEG-MASS,2021-07-27,,True
CSH0001738,CUS0001738,SEG-AFFL,2022-09-22,,True
CSH0001739,CUS0001739,SEG-CORP,2019-06-12,,True
CSH0001740,CUS0001740,SEG-AFFL,2020-03-22,,True
CSH0001741,CUS0001741,SEG-MASS,2018-04-29,,True
CSH0001742,CUS0001742,SEG-MAFF,2021-11-29,,True
CSH0001743,CUS0001743,SEG-SME,2018-07-18,,True
CSH0001744,CUS0001744,SEG-AFFL,2020-11-26,,True
CSH0001745,CUS0001745,SEG-AFFL,2023-08-19,,True
CSH0001746,CUS0001746,SEG-CORP,2024-04-28,,True
CSH0001747,CUS0001747,SEG-MASS,2025-07-13,,True
CSH0001748,CUS0001748,SEG-MAFF,2023-06-14,,True
CSH0001749,CUS0001749,SEG-MASS,2021-04-26,,True
CSH0001750,CUS0001750,SEG-AFFL,2022-01-27,,True
CSH0001751,CUS0001751,SEG-MASS,2018-11-15,,True
CSH0001752,CUS0001752,SEG-AFFL,2020-11-15,,True
CSH0001753,CUS0001753,SEG-SME,2020-06-01,,True
CSH0001754,CUS0001754,SEG-AFFL,2019-08-04,,True
CSH0001755,CUS0001755,SEG-MASS,2021-04-13,,True
CSH0001756,CUS0001756,SEG-AFFL,2018-06-22,,True
CSH0001757,CUS0001757,SEG-MAFF,2021-10-24,,True
CSH0001758,CUS0001758,SEG-AFFL,2020-08-05,,True
CSH0001759,CUS0001759,SEG-SME,2018-12-05,,True
CSH0001760,CUS0001760,SEG-AFFL,2024-02-11,,True
CSH0001761,CUS0001761,SEG-SME,2019-11-10,,True
CSH0001762,CUS0001762,SEG-AFFL,2020-09-01,,True
CSH0001763,CUS0001763,SEG-AFFL,2020-08-16,,True
CSH0001764,CUS0001764,SEG-AFFL,2018-10-13,,True
CSH0001765,CUS0001765,SEG-MAFF,2023-04-27,,True
CSH0001766,CUS0001766,SEG-AFFL,2022-06-06,,True
CSH0001767,CUS0001767,SEG-CORP,2023-04-08,,True
CSH0001768,CUS0001768,SEG-MAFF,2025-08-01,,True
CSH0001769,CUS0001769,SEG-MASS,2019-04-17,,True
CSH0001770,CUS0001770,SEG-MAFF,2023-10-24,,True
CSH0001771,CUS0001771,SEG-MAFF,2018-04-07,,True
CSH0001772,CUS0001772,SEG-MASS,2019-05-17,,True
CSH0001773,CUS0001773,SEG-SME,2025-10-05,,True
CSH0001774,CUS0001774,SEG-SME,2020-07-01,,True
CSH0001775,CUS0001775,SEG-MASS,2019-05-13,,True
CSH0001776,CUS0001776,SEG-MASS,2019-01-15,,True
CSH0001777,CUS0001777,SEG-CORP,2020-03-19,,True
CSH0001778,CUS0001778,SEG-MAFF,2018-12-30,,True
CSH0001779,CUS0001779,SEG-MASS,2020-01-17,,True
CSH0001780,CUS0001780,SEG-MASS,2021-04-22,,True
CSH0001781,CUS0001781,SEG-MASS,2024-07-19,,True
CSH0001782,CUS0001782,SEG-AFFL,2018-04-04,,True
CSH0001783,CUS0001783,SEG-AFFL,2020-08-22,,True
CSH0001784,CUS0001784,SEG-MASS,2024-03-03,,True
CSH0001785,CUS0001785,SEG-SME,2020-02-29,,True
CSH0001786,CUS0001786,SEG-MASS,2021-09-13,,True
CSH0001787,CUS0001787,SEG-MAFF,2023-07-20,,True
CSH0001788,CUS0001788,SEG-AFFL,2022-10-31,,True
CSH0001789,CUS0001789,SEG-PRIV,2019-12-27,,True
CSH0001790,CUS0001790,SEG-MAFF,2023-07-01,,True
CSH0001791,CUS0001791,SEG-MAFF,2023-12-06,,True
CSH0001792,CUS0001792,SEG-MASS,2020-07-29,,True
CSH0001793,CUS0001793,SEG-MAFF,2023-11-17,,True
CSH0001794,CUS0001794,SEG-MASS,2026-02-04,,True
CSH0001795,CUS0001795,SEG-MAFF,2019-10-14,,True
CSH0001796,CUS0001796,SEG-MASS,2019-11-06,,True
CSH0001797,CUS0001797,SEG-AFFL,2019-07-08,,True
CSH0001798,CUS0001798,SEG-MASS,2019-08-24,,True
CSH0001799,CUS0001799,SEG-AFFL,2024-04-21,,True
CSH0001800,CUS0001800,SEG-SME,2021-03-22,,True
CSH0001801,CUS0001801,SEG-CORP,2020-05-22,,True
CSH0001802,CUS0001802,SEG-PRIV,2018-09-08,,True
CSH0001803,CUS0001803,SEG-MASS,2022-06-20,,True
CSH0001804,CUS0001804,SEG-MAFF,2018-08-29,,True
CSH0001805,CUS0001805,SEG-MAFF,2020-04-13,,True
CSH0001806,CUS0001806,SEG-AFFL,2021-05-20,,True
CSH0001807,CUS0001807,SEG-MAFF,2024-12-28,,True
CSH0001808,CUS0001808,SEG-SME,2023-08-19,,True
CSH0001809,CUS0001809,SEG-PRIV,2018-10-04,,True
CSH0001810,CUS0001810,SEG-CORP,2021-02-19,,True
CSH0001811,CUS0001811,SEG-AFFL,2022-05-05,,True
CSH0001812,CUS0001812,SEG-MAFF,2020-01-17,,True
CSH0001813,CUS0001813,SEG-CORP,2020-11-22,,True
CSH0001814,CUS0001814,SEG-MASS,2025-04-27,,True
CSH0001815,CUS0001815,SEG-MAFF,2024-03-04,,True
CSH0001816,CUS0001816,SEG-AFFL,2025-06-21,,True
CSH0001817,CUS0001817,SEG-AFFL,2025-11-27,,True
CSH0001818,CUS0001818,SEG-MAFF,2018-09-11,,True
CSH0001819,CUS0001819,SEG-AFFL,2019-09-18,,True
CSH0001820,CUS0001820,SEG-MAFF,2023-01-05,,True
CSH0001821,CUS0001821,SEG-MASS,2020-04-02,,True
CSH0001822,CUS0001822,SEG-MASS,2020-11-05,,True
CSH0001823,CUS0001823,SEG-AFFL,2026-03-28,,True
CSH0001824,CUS0001824,SEG-AFFL,2023-07-22,,True
CSH0001825,CUS0001825,SEG-MASS,2023-05-07,,True
CSH0001826,CUS0001826,SEG-AFFL,2018-12-22,,True
CSH0001827,CUS0001827,SEG-SME,2018-01-09,,True
CSH0001828,CUS0001828,SEG-CORP,2024-08-04,,True
CSH0001829,CUS0001829,SEG-MAFF,2025-05-02,,True
CSH0001830,CUS0001830,SEG-CORP,2019-08-29,,True
CSH0001831,CUS0001831,SEG-AFFL,2025-12-21,,True
CSH0001832,CUS0001832,SEG-SME,2019-03-25,,True
CSH0001833,CUS0001833,SEG-SME,2019-07-07,,True
CSH0001834,CUS0001834,SEG-MASS,2022-05-25,,True
CSH0001835,CUS0001835,SEG-MAFF,2026-03-31,,True
CSH0001836,CUS0001836,SEG-CORP,2019-06-22,,True
CSH0001837,CUS0001837,SEG-AFFL,2018-03-20,,True
CSH0001838,CUS0001838,SEG-PRIV,2019-09-08,,True
CSH0001839,CUS0001839,SEG-MASS,2018-01-27,,True
CSH0001840,CUS0001840,SEG-CORP,2025-10-04,,True
CSH0001841,CUS0001841,SEG-MAFF,2021-07-03,,True
CSH0001842,CUS0001842,SEG-AFFL,2019-07-18,,True
CSH0001843,CUS0001843,SEG-AFFL,2022-04-27,,True
CSH0001844,CUS0001844,SEG-MAFF,2025-08-10,,True
CSH0001845,CUS0001845,SEG-PRIV,2019-05-04,,True
CSH0001846,CUS0001846,SEG-PRIV,2021-06-02,,True
CSH0001847,CUS0001847,SEG-AFFL,2020-08-28,,True
CSH0001848,CUS0001848,SEG-AFFL,2019-09-23,,True
CSH0001849,CUS0001849,SEG-AFFL,2022-04-23,,True
CSH0001850,CUS0001850,SEG-MAFF,2019-04-24,,True
CSH0001851,CUS0001851,SEG-MAFF,2024-08-08,,True
CSH0001852,CUS0001852,SEG-MAFF,2020-08-11,,True
CSH0001853,CUS0001853,SEG-SME,2023-05-06,,True
CSH0001854,CUS0001854,SEG-AFFL,2018-08-20,,True
CSH0001855,CUS0001855,SEG-AFFL,2020-02-26,,True
CSH0001856,CUS0001856,SEG-AFFL,2020-07-19,,True
CSH0001857,CUS0001857,SEG-MAFF,2021-01-01,,True
CSH0001858,CUS0001858,SEG-MASS,2023-01-16,,True
CSH0001859,CUS0001859,SEG-SME,2018-05-23,,True
CSH0001860,CUS0001860,SEG-MASS,2019-05-30,,True
CSH0001861,CUS0001861,SEG-AFFL,2020-03-23,,True
CSH0001862,CUS0001862,SEG-CORP,2022-06-16,,True
CSH0001863,CUS0001863,SEG-PRIV,2020-05-25,,True
CSH0001864,CUS0001864,SEG-AFFL,2018-09-14,,True
CSH0001865,CUS0001865,SEG-MAFF,2021-04-09,,True
CSH0001866,CUS0001866,SEG-MAFF,2024-05-24,,True
CSH0001867,CUS0001867,SEG-MAFF,2024-05-08,,True
CSH0001868,CUS0001868,SEG-AFFL,2019-11-01,,True
CSH0001869,CUS0001869,SEG-MASS,2020-05-14,,True
CSH0001870,CUS0001870,SEG-CORP,2023-06-21,,True
CSH0001871,CUS0001871,SEG-AFFL,2021-04-15,,True
CSH0001872,CUS0001872,SEG-AFFL,2023-06-07,,True
CSH0001873,CUS0001873,SEG-CORP,2025-05-18,,True
CSH0001874,CUS0001874,SEG-MASS,2022-05-25,,True
CSH0001875,CUS0001875,SEG-AFFL,2018-07-22,,True
CSH0001876,CUS0001876,SEG-MAFF,2020-09-17,,True
CSH0001877,CUS0001877,SEG-SME,2018-12-17,,True
CSH0001878,CUS0001878,SEG-SME,2018-09-15,,True
CSH0001879,CUS0001879,SEG-AFFL,2018-11-11,,True
CSH0001880,CUS0001880,SEG-MASS,2018-10-10,,True
CSH0001881,CUS0001881,SEG-AFFL,2021-01-27,,True
CSH0001882,CUS0001882,SEG-MAFF,2023-05-01,,True
CSH0001883,CUS0001883,SEG-SME,2023-05-06,,True
CSH0001884,CUS0001884,SEG-AFFL,2020-11-18,,True
CSH0001885,CUS0001885,SEG-MAFF,2022-12-31,,True
CSH0001886,CUS0001886,SEG-AFFL,2025-03-08,,True
CSH0001887,CUS0001887,SEG-AFFL,2024-07-05,,True
CSH0001888,CUS0001888,SEG-MASS,2019-02-21,,True
CSH0001889,CUS0001889,SEG-MASS,2018-08-06,,True
CSH0001890,CUS0001890,SEG-SME,2024-11-11,,True
CSH0001891,CUS0001891,SEG-MAFF,2023-10-14,,True
CSH0001892,CUS0001892,SEG-AFFL,2024-01-30,,True
CSH0001893,CUS0001893,SEG-MAFF,2020-06-20,,True
CSH0001894,CUS0001894,SEG-AFFL,2024-01-05,,True
CSH0001895,CUS0001895,SEG-AFFL,2025-05-20,,True
CSH0001896,CUS0001896,SEG-AFFL,2025-05-07,,True
CSH0001897,CUS0001897,SEG-PRIV,2022-05-22,,True
CSH0001898,CUS0001898,SEG-AFFL,2019-02-08,,True
CSH0001899,CUS0001899,SEG-MAFF,2018-07-01,,True
CSH0001900,CUS0001900,SEG-MASS,2020-02-24,,True
CSH0001901,CUS0001901,SEG-AFFL,2022-06-17,,True
CSH0001902,CUS0001902,SEG-PRIV,2021-04-03,,True
CSH0001903,CUS0001903,SEG-AFFL,2025-01-26,,True
CSH0001904,CUS0001904,SEG-PRIV,2025-12-19,,True
CSH0001905,CUS0001905,SEG-MASS,2020-09-26,,True
CSH0001906,CUS0001906,SEG-MASS,2022-05-02,,True
CSH0001907,CUS0001907,SEG-MASS,2019-03-03,,True
CSH0001908,CUS0001908,SEG-MAFF,2018-08-19,,True
CSH0001909,CUS0001909,SEG-PRIV,2020-02-06,,True
CSH0001910,CUS0001910,SEG-MAFF,2018-03-30,,True
CSH0001911,CUS0001911,SEG-MAFF,2026-04-04,,True
CSH0001912,CUS0001912,SEG-CORP,2025-12-13,,True
CSH0001913,CUS0001913,SEG-MASS,2023-11-19,,True
CSH0001914,CUS0001914,SEG-MAFF,2020-08-22,,True
CSH0001915,CUS0001915,SEG-MASS,2023-10-15,,True
CSH0001916,CUS0001916,SEG-MAFF,2024-02-18,,True
CSH0001917,CUS0001917,SEG-AFFL,2025-01-18,,True
CSH0001918,CUS0001918,SEG-MAFF,2019-05-28,,True
CSH0001919,CUS0001919,SEG-AFFL,2018-12-11,,True
CSH0001920,CUS0001920,SEG-MASS,2018-09-28,,True
CSH0001921,CUS0001921,SEG-AFFL,2024-06-16,,True
CSH0001922,CUS0001922,SEG-MASS,2018-05-11,,True
CSH0001923,CUS0001923,SEG-MASS,2023-04-10,,True
CSH0001924,CUS0001924,SEG-MAFF,2019-02-27,,True
CSH0001925,CUS0001925,SEG-MASS,2021-04-09,,True
CSH0001926,CUS0001926,SEG-AFFL,2023-08-02,,True
CSH0001927,CUS0001927,SEG-MASS,2021-02-17,,True
CSH0001928,CUS0001928,SEG-AFFL,2023-08-23,,True
CSH0001929,CUS0001929,SEG-MAFF,2021-04-26,,True
CSH0001930,CUS0001930,SEG-MAFF,2020-09-25,,True
CSH0001931,CUS0001931,SEG-SME,2023-12-13,,True
CSH0001932,CUS0001932,SEG-MASS,2020-10-10,,True
CSH0001933,CUS0001933,SEG-MAFF,2025-12-03,,True
CSH0001934,CUS0001934,SEG-MASS,2023-02-09,,True
CSH0001935,CUS0001935,SEG-CORP,2020-04-23,,True
CSH0001936,CUS0001936,SEG-SME,2024-09-01,,True
CSH0001937,CUS0001937,SEG-CORP,2024-10-20,,True
CSH0001938,CUS0001938,SEG-AFFL,2025-05-16,,True
CSH0001939,CUS0001939,SEG-MASS,2019-10-16,,True
CSH0001940,CUS0001940,SEG-MAFF,2019-07-18,,True
CSH0001941,CUS0001941,SEG-AFFL,2020-08-20,,True
CSH0001942,CUS0001942,SEG-AFFL,2020-07-10,,True
CSH0001943,CUS0001943,SEG-MASS,2021-09-12,,True
CSH0001944,CUS0001944,SEG-MAFF,2019-09-11,,True
CSH0001945,CUS0001945,SEG-MASS,2020-04-02,,True
CSH0001946,CUS0001946,SEG-PRIV,2019-08-22,,True
CSH0001947,CUS0001947,SEG-PRIV,2018-10-29,,True
CSH0001948,CUS0001948,SEG-AFFL,2024-08-08,,True
CSH0001949,CUS0001949,SEG-MAFF,2021-09-30,,True
CSH0001950,CUS0001950,SEG-MAFF,2019-11-23,,True
CSH0001951,CUS0001951,SEG-AFFL,2021-07-26,,True
CSH0001952,CUS0001952,SEG-AFFL,2019-01-02,,True
CSH0001953,CUS0001953,SEG-MASS,2022-08-31,,True
CSH0001954,CUS0001954,SEG-AFFL,2022-10-01,,True
CSH0001955,CUS0001955,SEG-MASS,2022-08-04,,True
CSH0001956,CUS0001956,SEG-CORP,2023-02-12,,True
CSH0001957,CUS0001957,SEG-AFFL,2018-09-17,,True
CSH0001958,CUS0001958,SEG-CORP,2025-10-29,,True
CSH0001959,CUS0001959,SEG-AFFL,2024-04-06,,True
CSH0001960,CUS0001960,SEG-MASS,2018-09-22,,True
CSH0001961,CUS0001961,SEG-MAFF,2026-01-01,,True
CSH0001962,CUS0001962,SEG-CORP,2025-01-06,,True
CSH0001963,CUS0001963,SEG-MAFF,2020-03-05,,True
CSH0001964,CUS0001964,SEG-MAFF,2020-07-10,,True
CSH0001965,CUS0001965,SEG-MASS,2018-12-02,,True
CSH0001966,CUS0001966,SEG-MASS,2024-01-15,,True
CSH0001967,CUS0001967,SEG-SME,2020-04-19,,True
CSH0001968,CUS0001968,SEG-MAFF,2023-05-16,,True
CSH0001969,CUS0001969,SEG-MASS,2019-10-25,,True
CSH0001970,CUS0001970,SEG-MAFF,2019-05-02,,True
CSH0001971,CUS0001971,SEG-MASS,2025-07-13,,True
CSH0001972,CUS0001972,SEG-AFFL,2021-03-17,,True
CSH0001973,CUS0001973,SEG-AFFL,2025-11-16,,True
CSH0001974,CUS0001974,SEG-AFFL,2021-11-12,,True
CSH0001975,CUS0001975,SEG-CORP,2024-10-11,,True
CSH0001976,CUS0001976,SEG-MAFF,2019-09-19,,True
CSH0001977,CUS0001977,SEG-SME,2021-08-16,,True
CSH0001978,CUS0001978,SEG-AFFL,2023-05-16,,True
CSH0001979,CUS0001979,SEG-MAFF,2023-09-11,,True
CSH0001980,CUS0001980,SEG-MASS,2021-11-30,,True
CSH0001981,CUS0001981,SEG-AFFL,2024-12-21,,True
CSH0001982,CUS0001982,SEG-MAFF,2019-02-19,,True
CSH0001983,CUS0001983,SEG-MASS,2026-02-19,,True
CSH0001984,CUS0001984,SEG-PRIV,2020-09-28,,True
CSH0001985,CUS0001985,SEG-MAFF,2021-03-06,,True
CSH0001986,CUS0001986,SEG-MASS,2021-04-07,,True
CSH0001987,CUS0001987,SEG-AFFL,2021-09-07,,True
CSH0001988,CUS0001988,SEG-CORP,2019-01-20,,True
CSH0001989,CUS0001989,SEG-MASS,2023-04-17,,True
CSH0001990,CUS0001990,SEG-AFFL,2022-02-02,,True
CSH0001991,CUS0001991,SEG-MAFF,2021-12-19,,True
CSH0001992,CUS0001992,SEG-MAFF,2022-02-25,,True
CSH0001993,CUS0001993,SEG-CORP,2023-04-20,,True
CSH0001994,CUS0001994,SEG-MAFF,2018-09-11,,True
CSH0001995,CUS0001995,SEG-CORP,2024-05-23,,True
CSH0001996,CUS0001996,SEG-MAFF,2020-09-19,,True
CSH0001997,CUS0001997,SEG-PRIV,2025-01-14,,True
CSH0001998,CUS0001998,SEG-PRIV,2023-02-10,,True
CSH0001999,CUS0001999,SEG-SME,2021-10-10,,True
CSH0002000,CUS0002000,SEG-AFFL,2026-02-16,,True
CSH0002001,CUS0002001,SEG-AFFL,2020-07-11,,True
CSH0002002,CUS0002002,SEG-MASS,2025-04-20,,True
CSH0002003,CUS0002003,SEG-MASS,2022-05-11,,True
CSH0002004,CUS0002004,SEG-AFFL,2022-12-19,,True
CSH0002005,CUS0002005,SEG-MAFF,2025-02-11,,True
CSH0002006,CUS0002006,SEG-MASS,2025-08-03,,True
CSH0002007,CUS0002007,SEG-MAFF,2018-05-05,,True
CSH0002008,CUS0002008,SEG-MAFF,2018-03-08,,True
CSH0002009,CUS0002009,SEG-MASS,2019-02-14,,True
CSH0002010,CUS0002010,SEG-AFFL,2021-01-08,,True
CSH0002011,CUS0002011,SEG-AFFL,2021-10-03,,True
CSH0002012,CUS0002012,SEG-AFFL,2025-05-20,,True
CSH0002013,CUS0002013,SEG-SME,2023-09-01,,True
CSH0002014,CUS0002014,SEG-MASS,2018-03-02,,True
CSH0002015,CUS0002015,SEG-MASS,2025-01-31,,True
CSH0002016,CUS0002016,SEG-SME,2022-08-18,,True
CSH0002017,CUS0002017,SEG-MAFF,2020-04-07,,True
CSH0002018,CUS0002018,SEG-AFFL,2023-06-28,,True
CSH0002019,CUS0002019,SEG-SME,2025-09-14,,True
CSH0002020,CUS0002020,SEG-MAFF,2025-03-01,,True
CSH0002021,CUS0002021,SEG-AFFL,2026-02-04,,True
CSH0002022,CUS0002022,SEG-AFFL,2020-10-26,,True
CSH0002023,CUS0002023,SEG-PRIV,2020-02-28,,True
CSH0002024,CUS0002024,SEG-CORP,2023-12-16,,True
CSH0002025,CUS0002025,SEG-MAFF,2019-03-25,,True
CSH0002026,CUS0002026,SEG-MASS,2025-05-05,,True
CSH0002027,CUS0002027,SEG-SME,2023-11-15,,True
CSH0002028,CUS0002028,SEG-AFFL,2022-11-13,,True
CSH0002029,CUS0002029,SEG-MAFF,2021-07-26,,True
CSH0002030,CUS0002030,SEG-AFFL,2018-10-28,,True
CSH0002031,CUS0002031,SEG-SME,2024-10-07,,True
CSH0002032,CUS0002032,SEG-SME,2019-10-23,,True
CSH0002033,CUS0002033,SEG-MAFF,2022-07-19,,True
CSH0002034,CUS0002034,SEG-AFFL,2025-01-20,,True
CSH0002035,CUS0002035,SEG-AFFL,2025-05-05,,True
CSH0002036,CUS0002036,SEG-MASS,2018-08-31,,True
CSH0002037,CUS0002037,SEG-MASS,2023-07-27,,True
CSH0002038,CUS0002038,SEG-SME,2025-05-13,,True
CSH0002039,CUS0002039,SEG-MAFF,2019-12-02,,True
CSH0002040,CUS0002040,SEG-MAFF,2018-10-06,,True
CSH0002041,CUS0002041,SEG-MASS,2021-01-14,,True
CSH0002042,CUS0002042,SEG-MASS,2024-02-24,,True
CSH0002043,CUS0002043,SEG-MASS,2020-07-28,,True
CSH0002044,CUS0002044,SEG-MASS,2020-03-01,,True
CSH0002045,CUS0002045,SEG-SME,2023-07-22,,True
CSH0002046,CUS0002046,SEG-MAFF,2019-05-22,,True
CSH0002047,CUS0002047,SEG-MAFF,2026-04-29,,True
CSH0002048,CUS0002048,SEG-MASS,2020-03-14,,True
CSH0002049,CUS0002049,SEG-MASS,2025-03-26,,True
CSH0002050,CUS0002050,SEG-MASS,2025-03-16,,True
CSH0002051,CUS0002051,SEG-AFFL,2019-06-18,,True
CSH0002052,CUS0002052,SEG-MAFF,2024-10-26,,True
CSH0002053,CUS0002053,SEG-PRIV,2025-11-20,,True
CSH0002054,CUS0002054,SEG-MASS,2023-06-12,,True
CSH0002055,CUS0002055,SEG-AFFL,2018-01-25,,True
CSH0002056,CUS0002056,SEG-CORP,2024-10-24,,True
CSH0002057,CUS0002057,SEG-MAFF,2023-11-10,,True
CSH0002058,CUS0002058,SEG-MAFF,2019-01-06,,True
CSH0002059,CUS0002059,SEG-MAFF,2019-09-29,,True
CSH0002060,CUS0002060,SEG-SME,2022-01-16,,True
CSH0002061,CUS0002061,SEG-MASS,2023-11-11,,True
CSH0002062,CUS0002062,SEG-MASS,2021-07-05,,True
CSH0002063,CUS0002063,SEG-AFFL,2021-05-14,,True
CSH0002064,CUS0002064,SEG-MASS,2018-11-14,,True
CSH0002065,CUS0002065,SEG-SME,2022-07-10,,True
CSH0002066,CUS0002066,SEG-AFFL,2026-02-05,,True
CSH0002067,CUS0002067,SEG-MAFF,2020-08-21,,True
CSH0002068,CUS0002068,SEG-MASS,2024-10-06,,True
CSH0002069,CUS0002069,SEG-MASS,2019-08-03,,True
CSH0002070,CUS0002070,SEG-AFFL,2025-12-20,,True
CSH0002071,CUS0002071,SEG-SME,2018-09-20,,True
CSH0002072,CUS0002072,SEG-AFFL,2019-02-12,,True
CSH0002073,CUS0002073,SEG-SME,2022-09-10,,True
CSH0002074,CUS0002074,SEG-MAFF,2021-03-24,,True
CSH0002075,CUS0002075,SEG-MAFF,2018-03-11,,True
CSH0002076,CUS0002076,SEG-MASS,2021-05-18,,True
CSH0002077,CUS0002077,SEG-MAFF,2023-06-13,,True
CSH0002078,CUS0002078,SEG-MASS,2025-12-13,,True
CSH0002079,CUS0002079,SEG-PRIV,2025-07-25,,True
CSH0002080,CUS0002080,SEG-MASS,2019-12-16,,True
CSH0002081,CUS0002081,SEG-MASS,2022-10-04,,True
CSH0002082,CUS0002082,SEG-MAFF,2021-04-09,,True
CSH0002083,CUS0002083,SEG-MASS,2025-10-27,,True
CSH0002084,CUS0002084,SEG-AFFL,2024-04-26,,True
CSH0002085,CUS0002085,SEG-MASS,2020-08-12,,True
CSH0002086,CUS0002086,SEG-MASS,2019-01-27,,True
CSH0002087,CUS0002087,SEG-MASS,2020-07-09,,True
CSH0002088,CUS0002088,SEG-SME,2019-12-14,,True
CSH0002089,CUS0002089,SEG-MAFF,2018-06-14,,True
CSH0002090,CUS0002090,SEG-AFFL,2020-05-04,,True
CSH0002091,CUS0002091,SEG-MASS,2020-09-29,,True
CSH0002092,CUS0002092,SEG-MASS,2021-01-04,,True
CSH0002093,CUS0002093,SEG-MASS,2019-11-12,,True
CSH0002094,CUS0002094,SEG-PRIV,2018-06-21,,True
CSH0002095,CUS0002095,SEG-MASS,2019-03-15,,True
CSH0002096,CUS0002096,SEG-AFFL,2025-05-07,,True
CSH0002097,CUS0002097,SEG-MAFF,2022-11-11,,True
CSH0002098,CUS0002098,SEG-SME,2018-02-06,,True
CSH0002099,CUS0002099,SEG-PRIV,2019-08-27,,True
CSH0002100,CUS0002100,SEG-AFFL,2018-04-01,,True
CSH0002101,CUS0002101,SEG-AFFL,2025-08-13,,True
CSH0002102,CUS0002102,SEG-PRIV,2019-01-31,,True
CSH0002103,CUS0002103,SEG-SME,2024-03-27,,True
CSH0002104,CUS0002104,SEG-PRIV,2022-12-19,,True
CSH0002105,CUS0002105,SEG-MAFF,2020-08-15,,True
CSH0002106,CUS0002106,SEG-MASS,2020-09-26,,True
CSH0002107,CUS0002107,SEG-CORP,2022-07-09,,True
CSH0002108,CUS0002108,SEG-MAFF,2024-11-20,,True
CSH0002109,CUS0002109,SEG-SME,2024-06-28,,True
CSH0002110,CUS0002110,SEG-AFFL,2022-09-24,,True
CSH0002111,CUS0002111,SEG-PRIV,2020-07-18,,True
CSH0002112,CUS0002112,SEG-MASS,2026-01-07,,True
CSH0002113,CUS0002113,SEG-MASS,2019-04-25,,True
CSH0002114,CUS0002114,SEG-MAFF,2021-10-06,,True
CSH0002115,CUS0002115,SEG-MASS,2024-09-17,,True
CSH0002116,CUS0002116,SEG-MAFF,2025-05-26,,True
CSH0002117,CUS0002117,SEG-MASS,2023-07-16,,True
CSH0002118,CUS0002118,SEG-MASS,2020-09-23,,True
CSH0002119,CUS0002119,SEG-MAFF,2020-06-07,,True
CSH0002120,CUS0002120,SEG-SME,2024-02-26,,True
CSH0002121,CUS0002121,SEG-MAFF,2020-11-05,,True
CSH0002122,CUS0002122,SEG-CORP,2024-11-29,,True
CSH0002123,CUS0002123,SEG-SME,2023-07-17,,True
CSH0002124,CUS0002124,SEG-SME,2026-04-11,,True
CSH0002125,CUS0002125,SEG-PRIV,2021-05-01,,True
CSH0002126,CUS0002126,SEG-MASS,2019-03-21,,True
CSH0002127,CUS0002127,SEG-MASS,2018-11-13,,True
CSH0002128,CUS0002128,SEG-MAFF,2025-04-03,,True
CSH0002129,CUS0002129,SEG-MAFF,2022-12-22,,True
CSH0002130,CUS0002130,SEG-MAFF,2025-05-22,,True
CSH0002131,CUS0002131,SEG-AFFL,2019-07-22,,True
CSH0002132,CUS0002132,SEG-MASS,2025-08-10,,True
CSH0002133,CUS0002133,SEG-AFFL,2024-07-05,,True
CSH0002134,CUS0002134,SEG-PRIV,2019-12-14,,True
CSH0002135,CUS0002135,SEG-MASS,2025-04-11,,True
CSH0002136,CUS0002136,SEG-MAFF,2021-08-15,,True
CSH0002137,CUS0002137,SEG-MASS,2018-04-05,,True
CSH0002138,CUS0002138,SEG-MASS,2021-07-01,,True
CSH0002139,CUS0002139,SEG-SME,2019-01-07,,True
CSH0002140,CUS0002140,SEG-AFFL,2026-04-06,,True
CSH0002141,CUS0002141,SEG-CORP,2020-01-17,,True
CSH0002142,CUS0002142,SEG-MASS,2020-05-06,,True
CSH0002143,CUS0002143,SEG-AFFL,2021-05-16,,True
CSH0002144,CUS0002144,SEG-MASS,2025-01-22,,True
CSH0002145,CUS0002145,SEG-AFFL,2020-10-01,,True
CSH0002146,CUS0002146,SEG-SME,2019-09-14,,True
CSH0002147,CUS0002147,SEG-SME,2021-02-08,,True
CSH0002148,CUS0002148,SEG-MASS,2019-03-14,,True
CSH0002149,CUS0002149,SEG-MASS,2018-08-28,,True
CSH0002150,CUS0002150,SEG-AFFL,2021-01-18,,True
CSH0002151,CUS0002151,SEG-MASS,2024-09-12,,True
CSH0002152,CUS0002152,SEG-MASS,2019-03-06,,True
CSH0002153,CUS0002153,SEG-AFFL,2018-05-18,,True
CSH0002154,CUS0002154,SEG-MASS,2023-01-25,,True
CSH0002155,CUS0002155,SEG-MAFF,2023-09-23,,True
CSH0002156,CUS0002156,SEG-PRIV,2019-08-17,,True
CSH0002157,CUS0002157,SEG-MASS,2023-06-14,,True
CSH0002158,CUS0002158,SEG-MAFF,2020-06-27,,True
CSH0002159,CUS0002159,SEG-MAFF,2020-02-24,,True
CSH0002160,CUS0002160,SEG-AFFL,2021-05-05,,True
CSH0002161,CUS0002161,SEG-AFFL,2026-02-17,,True
CSH0002162,CUS0002162,SEG-MAFF,2019-05-19,,True
CSH0002163,CUS0002163,SEG-PRIV,2025-04-22,,True
CSH0002164,CUS0002164,SEG-MAFF,2022-01-25,,True
CSH0002165,CUS0002165,SEG-MASS,2024-07-29,,True
CSH0002166,CUS0002166,SEG-AFFL,2024-05-04,,True
CSH0002167,CUS0002167,SEG-MASS,2025-11-08,,True
CSH0002168,CUS0002168,SEG-AFFL,2019-04-01,,True
CSH0002169,CUS0002169,SEG-MAFF,2020-02-26,,True
CSH0002170,CUS0002170,SEG-MASS,2025-03-19,,True
CSH0002171,CUS0002171,SEG-MAFF,2018-07-30,,True
CSH0002172,CUS0002172,SEG-PRIV,2018-11-18,,True
CSH0002173,CUS0002173,SEG-SME,2025-04-30,,True
CSH0002174,CUS0002174,SEG-MAFF,2021-07-04,,True
CSH0002175,CUS0002175,SEG-MAFF,2019-06-05,,True
CSH0002176,CUS0002176,SEG-CORP,2018-08-15,,True
CSH0002177,CUS0002177,SEG-AFFL,2018-08-10,,True
CSH0002178,CUS0002178,SEG-PRIV,2025-06-12,,True
CSH0002179,CUS0002179,SEG-MASS,2020-06-09,,True
CSH0002180,CUS0002180,SEG-AFFL,2019-11-30,,True
CSH0002181,CUS0002181,SEG-SME,2021-12-14,,True
CSH0002182,CUS0002182,SEG-MASS,2023-03-19,,True
CSH0002183,CUS0002183,SEG-MASS,2021-10-25,,True
CSH0002184,CUS0002184,SEG-MAFF,2019-12-04,,True
CSH0002185,CUS0002185,SEG-MASS,2020-09-22,,True
CSH0002186,CUS0002186,SEG-CORP,2019-08-29,,True
CSH0002187,CUS0002187,SEG-CORP,2018-04-10,,True
CSH0002188,CUS0002188,SEG-SME,2021-10-03,,True
CSH0002189,CUS0002189,SEG-CORP,2021-02-11,,True
CSH0002190,CUS0002190,SEG-MASS,2021-07-15,,True
CSH0002191,CUS0002191,SEG-PRIV,2022-03-31,,True
CSH0002192,CUS0002192,SEG-MASS,2019-12-09,,True
CSH0002193,CUS0002193,SEG-AFFL,2026-04-29,,True
CSH0002194,CUS0002194,SEG-MASS,2021-04-13,,True
CSH0002195,CUS0002195,SEG-MAFF,2019-10-26,,True
CSH0002196,CUS0002196,SEG-MASS,2025-07-18,,True
CSH0002197,CUS0002197,SEG-MAFF,2018-06-19,,True
CSH0002198,CUS0002198,SEG-MAFF,2023-07-18,,True
CSH0002199,CUS0002199,SEG-CORP,2025-08-23,,True
CSH0002200,CUS0002200,SEG-AFFL,2026-04-13,,True
CSH0002201,CUS0002201,SEG-MASS,2019-05-09,,True
CSH0002202,CUS0002202,SEG-AFFL,2026-04-12,,True
CSH0002203,CUS0002203,SEG-CORP,2019-04-30,,True
CSH0002204,CUS0002204,SEG-MASS,2022-04-15,,True
CSH0002205,CUS0002205,SEG-MASS,2024-05-12,,True
CSH0002206,CUS0002206,SEG-MASS,2024-05-01,,True
CSH0002207,CUS0002207,SEG-MAFF,2019-11-01,,True
CSH0002208,CUS0002208,SEG-AFFL,2018-01-07,,True
CSH0002209,CUS0002209,SEG-MAFF,2020-05-03,,True
CSH0002210,CUS0002210,SEG-MAFF,2023-03-03,,True
CSH0002211,CUS0002211,SEG-PRIV,2024-04-23,,True
CSH0002212,CUS0002212,SEG-MASS,2021-03-11,,True
CSH0002213,CUS0002213,SEG-AFFL,2022-12-22,,True
CSH0002214,CUS0002214,SEG-MAFF,2019-05-23,,True
CSH0002215,CUS0002215,SEG-CORP,2019-02-20,,True
CSH0002216,CUS0002216,SEG-MASS,2020-03-20,,True
CSH0002217,CUS0002217,SEG-MAFF,2019-08-28,,True
CSH0002218,CUS0002218,SEG-AFFL,2019-08-16,,True
CSH0002219,CUS0002219,SEG-CORP,2025-10-03,,True
CSH0002220,CUS0002220,SEG-MAFF,2024-06-26,,True
CSH0002221,CUS0002221,SEG-CORP,2023-07-21,,True
CSH0002222,CUS0002222,SEG-SME,2025-04-24,,True
CSH0002223,CUS0002223,SEG-MASS,2022-12-22,,True
CSH0002224,CUS0002224,SEG-MAFF,2022-09-22,,True
CSH0002225,CUS0002225,SEG-MASS,2024-08-14,,True
CSH0002226,CUS0002226,SEG-MASS,2025-10-01,,True
CSH0002227,CUS0002227,SEG-AFFL,2021-05-12,,True
CSH0002228,CUS0002228,SEG-PRIV,2026-01-19,,True
CSH0002229,CUS0002229,SEG-PRIV,2025-09-30,,True
CSH0002230,CUS0002230,SEG-MAFF,2020-03-01,,True
CSH0002231,CUS0002231,SEG-MASS,2022-09-01,,True
CSH0002232,CUS0002232,SEG-CORP,2020-05-25,,True
CSH0002233,CUS0002233,SEG-SME,2023-10-01,,True
CSH0002234,CUS0002234,SEG-AFFL,2021-09-01,,True
CSH0002235,CUS0002235,SEG-AFFL,2023-01-13,,True
CSH0002236,CUS0002236,SEG-MASS,2018-05-13,,True
CSH0002237,CUS0002237,SEG-MAFF,2019-01-20,,True
CSH0002238,CUS0002238,SEG-AFFL,2024-01-05,,True
CSH0002239,CUS0002239,SEG-MASS,2019-08-30,,True
CSH0002240,CUS0002240,SEG-MAFF,2020-02-13,,True
CSH0002241,CUS0002241,SEG-CORP,2023-08-25,,True
CSH0002242,CUS0002242,SEG-MASS,2024-02-04,,True
CSH0002243,CUS0002243,SEG-MASS,2019-01-14,,True
CSH0002244,CUS0002244,SEG-AFFL,2022-11-15,,True
CSH0002245,CUS0002245,SEG-PRIV,2025-12-19,,True
CSH0002246,CUS0002246,SEG-MAFF,2021-07-07,,True
CSH0002247,CUS0002247,SEG-MASS,2023-09-17,,True
CSH0002248,CUS0002248,SEG-AFFL,2023-12-24,,True
CSH0002249,CUS0002249,SEG-MAFF,2022-05-10,,True
CSH0002250,CUS0002250,SEG-MASS,2022-03-14,,True
CSH0002251,CUS0002251,SEG-AFFL,2020-07-24,,True
CSH0002252,CUS0002252,SEG-AFFL,2024-08-29,,True
CSH0002253,CUS0002253,SEG-CORP,2023-01-24,,True
CSH0002254,CUS0002254,SEG-MASS,2021-06-25,,True
CSH0002255,CUS0002255,SEG-AFFL,2019-05-13,,True
CSH0002256,CUS0002256,SEG-AFFL,2023-09-23,,True
CSH0002257,CUS0002257,SEG-MASS,2023-07-11,,True
CSH0002258,CUS0002258,SEG-AFFL,2026-02-28,,True
CSH0002259,CUS0002259,SEG-AFFL,2024-02-20,,True
CSH0002260,CUS0002260,SEG-MASS,2024-04-17,,True
CSH0002261,CUS0002261,SEG-PRIV,2022-01-15,,True
CSH0002262,CUS0002262,SEG-MASS,2022-01-09,,True
CSH0002263,CUS0002263,SEG-PRIV,2022-11-29,,True
CSH0002264,CUS0002264,SEG-AFFL,2019-05-04,,True
CSH0002265,CUS0002265,SEG-PRIV,2024-06-19,,True
CSH0002266,CUS0002266,SEG-PRIV,2023-06-22,,True
CSH0002267,CUS0002267,SEG-PRIV,2020-07-26,,True
CSH0002268,CUS0002268,SEG-MASS,2019-07-06,,True
CSH0002269,CUS0002269,SEG-MASS,2019-12-07,,True
CSH0002270,CUS0002270,SEG-AFFL,2021-02-21,,True
CSH0002271,CUS0002271,SEG-AFFL,2025-06-09,,True
CSH0002272,CUS0002272,SEG-MASS,2025-06-18,,True
CSH0002273,CUS0002273,SEG-MAFF,2024-09-11,,True
CSH0002274,CUS0002274,SEG-SME,2023-09-12,,True
CSH0002275,CUS0002275,SEG-MAFF,2018-04-02,,True
CSH0002276,CUS0002276,SEG-MASS,2024-10-24,,True
CSH0002277,CUS0002277,SEG-MASS,2019-07-21,,True
CSH0002278,CUS0002278,SEG-MAFF,2022-12-22,,True
CSH0002279,CUS0002279,SEG-MASS,2022-05-20,,True
CSH0002280,CUS0002280,SEG-MASS,2018-08-02,,True
CSH0002281,CUS0002281,SEG-AFFL,2020-11-03,,True
CSH0002282,CUS0002282,SEG-MAFF,2024-11-20,,True
CSH0002283,CUS0002283,SEG-CORP,2019-12-18,,True
CSH0002284,CUS0002284,SEG-PRIV,2026-01-09,,True
CSH0002285,CUS0002285,SEG-MASS,2021-06-10,,True
CSH0002286,CUS0002286,SEG-MASS,2026-02-05,,True
CSH0002287,CUS0002287,SEG-MASS,2018-03-31,,True
CSH0002288,CUS0002288,SEG-MASS,2021-12-17,,True
CSH0002289,CUS0002289,SEG-MASS,2023-02-18,,True
CSH0002290,CUS0002290,SEG-MASS,2019-10-14,,True
CSH0002291,CUS0002291,SEG-AFFL,2021-08-27,,True
CSH0002292,CUS0002292,SEG-MAFF,2026-04-21,,True
CSH0002293,CUS0002293,SEG-AFFL,2019-08-04,,True
CSH0002294,CUS0002294,SEG-MAFF,2018-01-06,,True
CSH0002295,CUS0002295,SEG-MAFF,2024-01-27,,True
CSH0002296,CUS0002296,SEG-AFFL,2024-10-26,,True
CSH0002297,CUS0002297,SEG-AFFL,2024-02-28,,True
CSH0002298,CUS0002298,SEG-MASS,2020-03-01,,True
CSH0002299,CUS0002299,SEG-CORP,2026-04-03,,True
CSH0002300,CUS0002300,SEG-SME,2025-10-08,,True
CSH0002301,CUS0002301,SEG-CORP,2023-07-26,,True
CSH0002302,CUS0002302,SEG-CORP,2020-05-19,,True
CSH0002303,CUS0002303,SEG-AFFL,2026-05-01,,True
CSH0002304,CUS0002304,SEG-MASS,2026-02-07,,True
CSH0002305,CUS0002305,SEG-AFFL,2025-02-18,,True
CSH0002306,CUS0002306,SEG-AFFL,2021-02-06,,True
CSH0002307,CUS0002307,SEG-MAFF,2023-05-24,,True
CSH0002308,CUS0002308,SEG-SME,2024-01-02,,True
CSH0002309,CUS0002309,SEG-AFFL,2023-07-27,,True
CSH0002310,CUS0002310,SEG-MAFF,2020-09-30,,True
CSH0002311,CUS0002311,SEG-MASS,2021-06-08,,True
CSH0002312,CUS0002312,SEG-AFFL,2025-04-29,,True
CSH0002313,CUS0002313,SEG-MAFF,2020-01-14,,True
CSH0002314,CUS0002314,SEG-CORP,2025-10-30,,True
CSH0002315,CUS0002315,SEG-MASS,2025-08-26,,True
CSH0002316,CUS0002316,SEG-PRIV,2021-02-20,,True
CSH0002317,CUS0002317,SEG-MAFF,2021-11-08,,True
CSH0002318,CUS0002318,SEG-MAFF,2023-11-04,,True
CSH0002319,CUS0002319,SEG-MASS,2021-08-10,,True
CSH0002320,CUS0002320,SEG-SME,2020-02-29,,True
CSH0002321,CUS0002321,SEG-AFFL,2024-08-31,,True
CSH0002322,CUS0002322,SEG-MASS,2026-01-08,,True
CSH0002323,CUS0002323,SEG-AFFL,2023-12-28,,True
CSH0002324,CUS0002324,SEG-MASS,2020-04-25,,True
CSH0002325,CUS0002325,SEG-SME,2019-01-23,,True
CSH0002326,CUS0002326,SEG-SME,2019-10-15,,True
CSH0002327,CUS0002327,SEG-MASS,2019-05-08,,True
CSH0002328,CUS0002328,SEG-SME,2023-04-22,,True
CSH0002329,CUS0002329,SEG-CORP,2020-06-29,,True
CSH0002330,CUS0002330,SEG-AFFL,2025-09-02,,True
CSH0002331,CUS0002331,SEG-MASS,2021-02-04,,True
CSH0002332,CUS0002332,SEG-MASS,2021-02-07,,True
CSH0002333,CUS0002333,SEG-MAFF,2021-03-29,,True
CSH0002334,CUS0002334,SEG-PRIV,2021-12-15,,True
CSH0002335,CUS0002335,SEG-SME,2026-04-01,,True
CSH0002336,CUS0002336,SEG-MASS,2020-03-03,,True
CSH0002337,CUS0002337,SEG-PRIV,2018-09-11,,True
CSH0002338,CUS0002338,SEG-MAFF,2019-08-29,,True
CSH0002339,CUS0002339,SEG-MAFF,2019-05-08,,True
CSH0002340,CUS0002340,SEG-CORP,2018-06-16,,True
CSH0002341,CUS0002341,SEG-MASS,2025-06-21,,True
CSH0002342,CUS0002342,SEG-AFFL,2021-12-29,,True
CSH0002343,CUS0002343,SEG-MASS,2023-11-16,,True
CSH0002344,CUS0002344,SEG-CORP,2021-04-21,,True
CSH0002345,CUS0002345,SEG-MAFF,2019-08-30,,True
CSH0002346,CUS0002346,SEG-PRIV,2018-12-18,,True
CSH0002347,CUS0002347,SEG-AFFL,2018-10-28,,True
CSH0002348,CUS0002348,SEG-MAFF,2019-12-17,,True
CSH0002349,CUS0002349,SEG-MAFF,2018-05-07,,True
CSH0002350,CUS0002350,SEG-MAFF,2021-12-07,,True
CSH0002351,CUS0002351,SEG-MAFF,2025-12-13,,True
CSH0002352,CUS0002352,SEG-CORP,2024-09-08,,True
CSH0002353,CUS0002353,SEG-CORP,2018-10-10,,True
CSH0002354,CUS0002354,SEG-MASS,2021-06-20,,True
CSH0002355,CUS0002355,SEG-MAFF,2023-02-23,,True
CSH0002356,CUS0002356,SEG-CORP,2018-09-28,,True
CSH0002357,CUS0002357,SEG-SME,2023-05-11,,True
CSH0002358,CUS0002358,SEG-MASS,2020-02-18,,True
CSH0002359,CUS0002359,SEG-SME,2018-05-05,,True
CSH0002360,CUS0002360,SEG-MAFF,2022-03-19,,True
CSH0002361,CUS0002361,SEG-AFFL,2026-03-28,,True
CSH0002362,CUS0002362,SEG-MASS,2022-09-07,,True
CSH0002363,CUS0002363,SEG-MASS,2023-08-30,,True
CSH0002364,CUS0002364,SEG-MASS,2023-01-16,,True
CSH0002365,CUS0002365,SEG-CORP,2020-04-06,,True
CSH0002366,CUS0002366,SEG-MASS,2024-01-20,,True
CSH0002367,CUS0002367,SEG-MAFF,2025-03-14,,True
CSH0002368,CUS0002368,SEG-SME,2019-02-12,,True
CSH0002369,CUS0002369,SEG-PRIV,2023-08-24,,True
CSH0002370,CUS0002370,SEG-CORP,2019-08-27,,True
CSH0002371,CUS0002371,SEG-PRIV,2022-10-02,,True
CSH0002372,CUS0002372,SEG-MASS,2019-02-24,,True
CSH0002373,CUS0002373,SEG-MAFF,2018-06-06,,True
CSH0002374,CUS0002374,SEG-PRIV,2021-09-28,,True
CSH0002375,CUS0002375,SEG-MAFF,2019-08-13,,True
CSH0002376,CUS0002376,SEG-MAFF,2020-04-19,,True
CSH0002377,CUS0002377,SEG-MASS,2021-04-02,,True
CSH0002378,CUS0002378,SEG-MASS,2024-03-12,,True
CSH0002379,CUS0002379,SEG-MASS,2026-01-11,,True
CSH0002380,CUS0002380,SEG-MASS,2022-06-02,,True
CSH0002381,CUS0002381,SEG-AFFL,2018-07-05,,True
CSH0002382,CUS0002382,SEG-MASS,2026-03-21,,True
CSH0002383,CUS0002383,SEG-SME,2019-01-15,,True
CSH0002384,CUS0002384,SEG-PRIV,2021-05-30,,True
CSH0002385,CUS0002385,SEG-AFFL,2021-05-22,,True
CSH0002386,CUS0002386,SEG-PRIV,2025-02-19,,True
CSH0002387,CUS0002387,SEG-MASS,2025-04-06,,True
CSH0002388,CUS0002388,SEG-AFFL,2020-06-08,,True
CSH0002389,CUS0002389,SEG-MASS,2023-03-20,,True
CSH0002390,CUS0002390,SEG-AFFL,2020-06-13,,True
CSH0002391,CUS0002391,SEG-AFFL,2024-01-14,,True
CSH0002392,CUS0002392,SEG-MAFF,2018-08-26,,True
CSH0002393,CUS0002393,SEG-AFFL,2023-11-25,,True
CSH0002394,CUS0002394,SEG-AFFL,2022-11-04,,True
CSH0002395,CUS0002395,SEG-MASS,2025-01-21,,True
CSH0002396,CUS0002396,SEG-AFFL,2026-01-22,,True
CSH0002397,CUS0002397,SEG-AFFL,2019-10-21,,True
CSH0002398,CUS0002398,SEG-AFFL,2023-04-26,,True
CSH0002399,CUS0002399,SEG-MASS,2024-11-05,,True
CSH0002400,CUS0002400,SEG-AFFL,2018-12-31,,True
CSH0002401,CUS0002401,SEG-SME,2019-02-03,,True
CSH0002402,CUS0002402,SEG-MASS,2025-08-24,,True
CSH0002403,CUS0002403,SEG-AFFL,2025-03-16,,True
CSH0002404,CUS0002404,SEG-MAFF,2020-04-12,,True
CSH0002405,CUS0002405,SEG-CORP,2021-10-14,,True
CSH0002406,CUS0002406,SEG-MASS,2018-09-01,,True
CSH0002407,CUS0002407,SEG-AFFL,2020-11-27,,True
CSH0002408,CUS0002408,SEG-AFFL,2018-04-14,,True
CSH0002409,CUS0002409,SEG-AFFL,2021-04-15,,True
CSH0002410,CUS0002410,SEG-MASS,2025-01-09,,True
CSH0002411,CUS0002411,SEG-MAFF,2023-04-24,,True
CSH0002412,CUS0002412,SEG-MAFF,2021-06-23,,True
CSH0002413,CUS0002413,SEG-MAFF,2024-07-25,,True
CSH0002414,CUS0002414,SEG-MASS,2025-09-04,,True
CSH0002415,CUS0002415,SEG-MASS,2018-11-07,,True
CSH0002416,CUS0002416,SEG-MASS,2019-05-31,,True
CSH0002417,CUS0002417,SEG-AFFL,2019-09-19,,True
CSH0002418,CUS0002418,SEG-MASS,2021-08-11,,True
CSH0002419,CUS0002419,SEG-MASS,2018-05-06,,True
CSH0002420,CUS0002420,SEG-AFFL,2022-11-09,,True
CSH0002421,CUS0002421,SEG-AFFL,2022-11-13,,True
CSH0002422,CUS0002422,SEG-AFFL,2021-11-27,,True
CSH0002423,CUS0002423,SEG-MAFF,2025-09-16,,True
CSH0002424,CUS0002424,SEG-MASS,2024-05-08,,True
CSH0002425,CUS0002425,SEG-SME,2019-09-19,,True
CSH0002426,CUS0002426,SEG-MASS,2018-07-25,,True
CSH0002427,CUS0002427,SEG-MAFF,2018-10-07,,True
CSH0002428,CUS0002428,SEG-AFFL,2020-01-10,,True
CSH0002429,CUS0002429,SEG-MASS,2022-10-11,,True
CSH0002430,CUS0002430,SEG-MASS,2019-03-15,,True
CSH0002431,CUS0002431,SEG-AFFL,2023-01-17,,True
CSH0002432,CUS0002432,SEG-AFFL,2019-12-30,,True
CSH0002433,CUS0002433,SEG-SME,2021-08-29,,True
CSH0002434,CUS0002434,SEG-AFFL,2025-03-21,,True
CSH0002435,CUS0002435,SEG-AFFL,2021-10-06,,True
CSH0002436,CUS0002436,SEG-PRIV,2019-10-05,,True
CSH0002437,CUS0002437,SEG-CORP,2020-05-05,,True
CSH0002438,CUS0002438,SEG-MASS,2020-11-25,,True
CSH0002439,CUS0002439,SEG-MAFF,2023-12-21,,True
CSH0002440,CUS0002440,SEG-MASS,2019-01-05,,True
CSH0002441,CUS0002441,SEG-MAFF,2019-10-22,,True
CSH0002442,CUS0002442,SEG-AFFL,2024-02-04,,True
CSH0002443,CUS0002443,SEG-MAFF,2019-06-24,,True
CSH0002444,CUS0002444,SEG-AFFL,2018-10-18,,True
CSH0002445,CUS0002445,SEG-MASS,2020-08-11,,True
CSH0002446,CUS0002446,SEG-MASS,2019-05-27,,True
CSH0002447,CUS0002447,SEG-AFFL,2023-08-09,,True
CSH0002448,CUS0002448,SEG-MAFF,2025-07-04,,True
CSH0002449,CUS0002449,SEG-MASS,2022-02-14,,True
CSH0002450,CUS0002450,SEG-MAFF,2023-10-18,,True
CSH0002451,CUS0002451,SEG-MASS,2024-02-08,,True
CSH0002452,CUS0002452,SEG-SME,2020-07-21,,True
CSH0002453,CUS0002453,SEG-AFFL,2019-07-17,,True
CSH0002454,CUS0002454,SEG-MASS,2018-11-20,,True
CSH0002455,CUS0002455,SEG-MAFF,2019-03-26,,True
CSH0002456,CUS0002456,SEG-AFFL,2021-06-11,,True
CSH0002457,CUS0002457,SEG-AFFL,2022-12-03,,True
CSH0002458,CUS0002458,SEG-AFFL,2022-07-07,,True
CSH0002459,CUS0002459,SEG-CORP,2020-12-13,,True
CSH0002460,CUS0002460,SEG-CORP,2023-03-20,,True
CSH0002461,CUS0002461,SEG-MAFF,2022-06-05,,True
CSH0002462,CUS0002462,SEG-PRIV,2024-03-25,,True
CSH0002463,CUS0002463,SEG-MAFF,2025-07-18,,True
CSH0002464,CUS0002464,SEG-MAFF,2020-07-14,,True
CSH0002465,CUS0002465,SEG-MASS,2019-09-26,,True
CSH0002466,CUS0002466,SEG-MAFF,2020-03-18,,True
CSH0002467,CUS0002467,SEG-AFFL,2019-10-08,,True
CSH0002468,CUS0002468,SEG-AFFL,2018-07-18,,True
CSH0002469,CUS0002469,SEG-AFFL,2023-08-16,,True
CSH0002470,CUS0002470,SEG-CORP,2019-11-04,,True
CSH0002471,CUS0002471,SEG-MASS,2021-12-28,,True
CSH0002472,CUS0002472,SEG-MASS,2021-07-22,,True
CSH0002473,CUS0002473,SEG-CORP,2022-10-29,,True
CSH0002474,CUS0002474,SEG-AFFL,2022-01-29,,True
CSH0002475,CUS0002475,SEG-AFFL,2024-04-12,,True
CSH0002476,CUS0002476,SEG-AFFL,2018-11-25,,True
CSH0002477,CUS0002477,SEG-SME,2019-03-11,,True
CSH0002478,CUS0002478,SEG-AFFL,2025-11-21,,True
CSH0002479,CUS0002479,SEG-AFFL,2018-01-10,,True
CSH0002480,CUS0002480,SEG-AFFL,2018-04-30,,True
CSH0002481,CUS0002481,SEG-MASS,2021-12-07,,True
CSH0002482,CUS0002482,SEG-MAFF,2021-12-25,,True
CSH0002483,CUS0002483,SEG-CORP,2021-12-17,,True
CSH0002484,CUS0002484,SEG-CORP,2019-10-18,,True
CSH0002485,CUS0002485,SEG-CORP,2023-02-04,,True
CSH0002486,CUS0002486,SEG-MAFF,2021-10-11,,True
CSH0002487,CUS0002487,SEG-MASS,2020-03-15,,True
CSH0002488,CUS0002488,SEG-CORP,2019-10-30,,True
CSH0002489,CUS0002489,SEG-SME,2020-07-03,,True
CSH0002490,CUS0002490,SEG-MAFF,2021-03-16,,True
CSH0002491,CUS0002491,SEG-MASS,2024-08-30,,True
CSH0002492,CUS0002492,SEG-MASS,2018-10-25,,True
CSH0002493,CUS0002493,SEG-MAFF,2024-04-24,,True
CSH0002494,CUS0002494,SEG-MAFF,2021-05-29,,True
CSH0002495,CUS0002495,SEG-PRIV,2021-04-03,,True
CSH0002496,CUS0002496,SEG-MASS,2020-12-02,,True
CSH0002497,CUS0002497,SEG-MASS,2021-06-19,,True
CSH0002498,CUS0002498,SEG-AFFL,2023-11-11,,True
CSH0002499,CUS0002499,SEG-MAFF,2023-09-25,,True
CSH0002500,CUS0002500,SEG-AFFL,2018-04-01,,True
CSH0002501,CUS0002501,SEG-PRIV,2023-01-19,,True
CSH0002502,CUS0002502,SEG-SME,2026-03-03,,True
CSH0002503,CUS0002503,SEG-AFFL,2020-06-29,,True
CSH0002504,CUS0002504,SEG-AFFL,2019-06-15,,True
CSH0002505,CUS0002505,SEG-MASS,2023-10-13,,True
CSH0002506,CUS0002506,SEG-AFFL,2023-11-17,,True
CSH0002507,CUS0002507,SEG-MAFF,2024-05-23,,True
CSH0002508,CUS0002508,SEG-AFFL,2019-12-11,,True
CSH0002509,CUS0002509,SEG-AFFL,2024-12-13,,True
CSH0002510,CUS0002510,SEG-AFFL,2018-03-29,,True
CSH0002511,CUS0002511,SEG-AFFL,2024-09-12,,True
CSH0002512,CUS0002512,SEG-MAFF,2020-03-18,,True
CSH0002513,CUS0002513,SEG-CORP,2024-11-28,,True
CSH0002514,CUS0002514,SEG-CORP,2019-05-16,,True
CSH0002515,CUS0002515,SEG-AFFL,2023-10-14,,True
CSH0002516,CUS0002516,SEG-MAFF,2022-09-03,,True
CSH0002517,CUS0002517,SEG-SME,2025-10-14,,True
CSH0002518,CUS0002518,SEG-SME,2021-04-17,,True
CSH0002519,CUS0002519,SEG-MASS,2026-01-04,,True
CSH0002520,CUS0002520,SEG-MASS,2021-09-19,,True
CSH0002521,CUS0002521,SEG-AFFL,2025-11-13,,True
CSH0002522,CUS0002522,SEG-SME,2025-01-28,,True
CSH0002523,CUS0002523,SEG-PRIV,2019-09-29,,True
CSH0002524,CUS0002524,SEG-AFFL,2021-10-26,,True
CSH0002525,CUS0002525,SEG-AFFL,2020-06-27,,True
CSH0002526,CUS0002526,SEG-MAFF,2024-07-17,,True
CSH0002527,CUS0002527,SEG-MAFF,2020-01-15,,True
CSH0002528,CUS0002528,SEG-CORP,2023-08-06,,True
CSH0002529,CUS0002529,SEG-PRIV,2024-07-13,,True
CSH0002530,CUS0002530,SEG-PRIV,2019-04-04,,True
CSH0002531,CUS0002531,SEG-AFFL,2023-12-23,,True
CSH0002532,CUS0002532,SEG-MASS,2022-02-26,,True
CSH0002533,CUS0002533,SEG-CORP,2020-05-10,,True
CSH0002534,CUS0002534,SEG-MASS,2018-05-08,,True
CSH0002535,CUS0002535,SEG-AFFL,2025-06-09,,True
CSH0002536,CUS0002536,SEG-MAFF,2026-02-15,,True
CSH0002537,CUS0002537,SEG-AFFL,2019-05-11,,True
CSH0002538,CUS0002538,SEG-MAFF,2024-05-20,,True
CSH0002539,CUS0002539,SEG-AFFL,2025-06-26,,True
CSH0002540,CUS0002540,SEG-MASS,2025-04-27,,True
CSH0002541,CUS0002541,SEG-CORP,2023-01-25,,True
CSH0002542,CUS0002542,SEG-SME,2022-08-03,,True
CSH0002543,CUS0002543,SEG-AFFL,2022-06-05,,True
CSH0002544,CUS0002544,SEG-AFFL,2023-06-02,,True
CSH0002545,CUS0002545,SEG-MASS,2022-02-28,,True
CSH0002546,CUS0002546,SEG-MASS,2026-04-19,,True
CSH0002547,CUS0002547,SEG-AFFL,2021-09-19,,True
CSH0002548,CUS0002548,SEG-MAFF,2023-06-05,,True
CSH0002549,CUS0002549,SEG-MAFF,2021-03-17,,True
CSH0002550,CUS0002550,SEG-MAFF,2018-06-03,,True
CSH0002551,CUS0002551,SEG-AFFL,2026-01-16,,True
CSH0002552,CUS0002552,SEG-AFFL,2022-02-04,,True
CSH0002553,CUS0002553,SEG-CORP,2024-08-27,,True
CSH0002554,CUS0002554,SEG-MASS,2020-06-26,,True
CSH0002555,CUS0002555,SEG-SME,2018-10-21,,True
CSH0002556,CUS0002556,SEG-AFFL,2022-07-16,,True
CSH0002557,CUS0002557,SEG-AFFL,2026-03-09,,True
CSH0002558,CUS0002558,SEG-MAFF,2020-02-15,,True
CSH0002559,CUS0002559,SEG-MAFF,2018-05-26,,True
CSH0002560,CUS0002560,SEG-SME,2025-02-20,,True
CSH0002561,CUS0002561,SEG-SME,2025-09-22,,True
CSH0002562,CUS0002562,SEG-MAFF,2022-04-26,,True
CSH0002563,CUS0002563,SEG-MASS,2023-10-29,,True
CSH0002564,CUS0002564,SEG-PRIV,2025-06-19,,True
CSH0002565,CUS0002565,SEG-MASS,2021-03-29,,True
CSH0002566,CUS0002566,SEG-AFFL,2019-07-03,,True
CSH0002567,CUS0002567,SEG-MAFF,2025-05-06,,True
CSH0002568,CUS0002568,SEG-MAFF,2023-04-21,,True
CSH0002569,CUS0002569,SEG-AFFL,2025-05-27,,True
CSH0002570,CUS0002570,SEG-AFFL,2021-03-09,,True
CSH0002571,CUS0002571,SEG-MASS,2022-05-25,,True
CSH0002572,CUS0002572,SEG-MAFF,2019-05-20,,True
CSH0002573,CUS0002573,SEG-MASS,2018-09-23,,True
CSH0002574,CUS0002574,SEG-MASS,2023-10-28,,True
CSH0002575,CUS0002575,SEG-MASS,2023-08-07,,True
CSH0002576,CUS0002576,SEG-SME,2020-11-24,,True
CSH0002577,CUS0002577,SEG-PRIV,2026-01-25,,True
CSH0002578,CUS0002578,SEG-SME,2025-09-05,,True
CSH0002579,CUS0002579,SEG-MAFF,2019-12-11,,True
CSH0002580,CUS0002580,SEG-MAFF,2024-05-26,,True
CSH0002581,CUS0002581,SEG-CORP,2020-03-05,,True
CSH0002582,CUS0002582,SEG-MAFF,2019-04-24,,True
CSH0002583,CUS0002583,SEG-MAFF,2018-03-31,,True
CSH0002584,CUS0002584,SEG-MAFF,2024-07-15,,True
CSH0002585,CUS0002585,SEG-MAFF,2021-05-14,,True
CSH0002586,CUS0002586,SEG-SME,2019-08-27,,True
CSH0002587,CUS0002587,SEG-PRIV,2025-05-22,,True
CSH0002588,CUS0002588,SEG-SME,2021-11-29,,True
CSH0002589,CUS0002589,SEG-CORP,2025-01-05,,True
CSH0002590,CUS0002590,SEG-MAFF,2022-01-01,,True
CSH0002591,CUS0002591,SEG-AFFL,2021-09-20,,True
CSH0002592,CUS0002592,SEG-MAFF,2022-12-20,,True
CSH0002593,CUS0002593,SEG-PRIV,2021-06-14,,True
CSH0002594,CUS0002594,SEG-PRIV,2022-07-13,,True
CSH0002595,CUS0002595,SEG-AFFL,2020-11-13,,True
CSH0002596,CUS0002596,SEG-AFFL,2021-08-04,,True
CSH0002597,CUS0002597,SEG-MAFF,2020-01-14,,True
CSH0002598,CUS0002598,SEG-MAFF,2019-11-27,,True
CSH0002599,CUS0002599,SEG-MAFF,2018-08-13,,True
CSH0002600,CUS0002600,SEG-SME,2024-12-20,,True
CSH0002601,CUS0002601,SEG-MASS,2025-07-14,,True
CSH0002602,CUS0002602,SEG-AFFL,2023-11-15,,True
CSH0002603,CUS0002603,SEG-MASS,2018-01-01,,True
CSH0002604,CUS0002604,SEG-MAFF,2024-01-27,,True
CSH0002605,CUS0002605,SEG-MASS,2019-10-15,,True
CSH0002606,CUS0002606,SEG-CORP,2018-04-13,,True
CSH0002607,CUS0002607,SEG-MASS,2019-02-05,,True
CSH0002608,CUS0002608,SEG-MASS,2018-05-04,,True
CSH0002609,CUS0002609,SEG-MAFF,2025-01-26,,True
CSH0002610,CUS0002610,SEG-MAFF,2024-03-21,,True
CSH0002611,CUS0002611,SEG-MAFF,2022-01-24,,True
CSH0002612,CUS0002612,SEG-MASS,2021-02-17,,True
CSH0002613,CUS0002613,SEG-MAFF,2024-11-14,,True
CSH0002614,CUS0002614,SEG-AFFL,2023-12-22,,True
CSH0002615,CUS0002615,SEG-AFFL,2023-08-18,,True
CSH0002616,CUS0002616,SEG-CORP,2025-06-30,,True
CSH0002617,CUS0002617,SEG-PRIV,2023-11-26,,True
CSH0002618,CUS0002618,SEG-MASS,2022-09-27,,True
CSH0002619,CUS0002619,SEG-AFFL,2020-11-27,,True
CSH0002620,CUS0002620,SEG-AFFL,2025-11-23,,True
CSH0002621,CUS0002621,SEG-CORP,2023-12-18,,True
CSH0002622,CUS0002622,SEG-MAFF,2021-03-19,,True
CSH0002623,CUS0002623,SEG-MAFF,2020-07-29,,True
CSH0002624,CUS0002624,SEG-MASS,2023-10-13,,True
CSH0002625,CUS0002625,SEG-AFFL,2026-04-08,,True
CSH0002626,CUS0002626,SEG-MASS,2023-05-10,,True
CSH0002627,CUS0002627,SEG-AFFL,2022-11-17,,True
CSH0002628,CUS0002628,SEG-MAFF,2019-01-09,,True
CSH0002629,CUS0002629,SEG-AFFL,2026-01-27,,True
CSH0002630,CUS0002630,SEG-AFFL,2021-03-13,,True
CSH0002631,CUS0002631,SEG-CORP,2019-08-12,,True
CSH0002632,CUS0002632,SEG-MASS,2020-11-08,,True
CSH0002633,CUS0002633,SEG-MASS,2022-09-06,,True
CSH0002634,CUS0002634,SEG-AFFL,2024-09-16,,True
CSH0002635,CUS0002635,SEG-AFFL,2020-09-11,,True
CSH0002636,CUS0002636,SEG-MASS,2022-08-06,,True
CSH0002637,CUS0002637,SEG-MASS,2022-06-08,,True
CSH0002638,CUS0002638,SEG-AFFL,2024-02-17,,True
CSH0002639,CUS0002639,SEG-MAFF,2022-09-02,,True
CSH0002640,CUS0002640,SEG-MASS,2025-03-22,,True
CSH0002641,CUS0002641,SEG-MAFF,2026-04-04,,True
CSH0002642,CUS0002642,SEG-MASS,2023-01-30,,True
CSH0002643,CUS0002643,SEG-MASS,2022-01-16,,True
CSH0002644,CUS0002644,SEG-MAFF,2018-11-26,,True
CSH0002645,CUS0002645,SEG-MAFF,2025-07-21,,True
CSH0002646,CUS0002646,SEG-MASS,2020-11-19,,True
CSH0002647,CUS0002647,SEG-PRIV,2021-03-12,,True
CSH0002648,CUS0002648,SEG-MAFF,2021-05-27,,True
CSH0002649,CUS0002649,SEG-CORP,2022-08-08,,True
CSH0002650,CUS0002650,SEG-MAFF,2019-04-07,,True
CSH0002651,CUS0002651,SEG-MASS,2020-09-23,,True
CSH0002652,CUS0002652,SEG-AFFL,2021-09-05,,True
CSH0002653,CUS0002653,SEG-MASS,2026-02-14,,True
CSH0002654,CUS0002654,SEG-AFFL,2022-12-19,,True
CSH0002655,CUS0002655,SEG-MAFF,2021-06-11,,True
CSH0002656,CUS0002656,SEG-MASS,2025-10-31,,True
CSH0002657,CUS0002657,SEG-MASS,2018-07-15,,True
CSH0002658,CUS0002658,SEG-AFFL,2024-10-12,,True
CSH0002659,CUS0002659,SEG-MASS,2025-03-17,,True
CSH0002660,CUS0002660,SEG-MAFF,2019-08-17,,True
CSH0002661,CUS0002661,SEG-AFFL,2019-03-28,,True
CSH0002662,CUS0002662,SEG-AFFL,2023-11-15,,True
CSH0002663,CUS0002663,SEG-MASS,2022-12-23,,True
CSH0002664,CUS0002664,SEG-AFFL,2023-12-06,,True
CSH0002665,CUS0002665,SEG-AFFL,2025-11-04,,True
CSH0002666,CUS0002666,SEG-AFFL,2019-12-02,,True
CSH0002667,CUS0002667,SEG-MASS,2025-04-25,,True
CSH0002668,CUS0002668,SEG-PRIV,2018-12-01,,True
CSH0002669,CUS0002669,SEG-AFFL,2023-02-02,,True
CSH0002670,CUS0002670,SEG-PRIV,2021-09-03,,True
CSH0002671,CUS0002671,SEG-MASS,2023-12-30,,True
CSH0002672,CUS0002672,SEG-MASS,2018-08-18,,True
CSH0002673,CUS0002673,SEG-PRIV,2020-03-05,,True
CSH0002674,CUS0002674,SEG-MAFF,2022-10-25,,True
CSH0002675,CUS0002675,SEG-MASS,2018-06-09,,True
CSH0002676,CUS0002676,SEG-MAFF,2023-02-21,,True
CSH0002677,CUS0002677,SEG-MAFF,2018-10-14,,True
CSH0002678,CUS0002678,SEG-MASS,2023-05-06,,True
CSH0002679,CUS0002679,SEG-SME,2020-03-08,,True
CSH0002680,CUS0002680,SEG-MAFF,2021-12-07,,True
CSH0002681,CUS0002681,SEG-AFFL,2020-02-01,,True
CSH0002682,CUS0002682,SEG-MAFF,2022-09-05,,True
CSH0002683,CUS0002683,SEG-SME,2018-08-14,,True
CSH0002684,CUS0002684,SEG-MAFF,2024-11-29,,True
CSH0002685,CUS0002685,SEG-MASS,2022-05-02,,True
CSH0002686,CUS0002686,SEG-SME,2023-11-03,,True
CSH0002687,CUS0002687,SEG-MAFF,2022-03-03,,True
CSH0002688,CUS0002688,SEG-CORP,2026-03-09,,True
CSH0002689,CUS0002689,SEG-SME,2022-03-30,,True
CSH0002690,CUS0002690,SEG-AFFL,2022-03-14,,True
CSH0002691,CUS0002691,SEG-SME,2019-12-22,,True
CSH0002692,CUS0002692,SEG-MAFF,2025-09-14,,True
CSH0002693,CUS0002693,SEG-AFFL,2020-06-01,,True
CSH0002694,CUS0002694,SEG-PRIV,2022-01-16,,True
CSH0002695,CUS0002695,SEG-MAFF,2024-09-17,,True
CSH0002696,CUS0002696,SEG-MAFF,2024-05-22,,True
CSH0002697,CUS0002697,SEG-MASS,2018-02-09,,True
CSH0002698,CUS0002698,SEG-PRIV,2025-04-17,,True
CSH0002699,CUS0002699,SEG-AFFL,2021-07-08,,True
CSH0002700,CUS0002700,SEG-MAFF,2021-07-11,,True
CSH0002701,CUS0002701,SEG-MAFF,2022-01-28,,True
CSH0002702,CUS0002702,SEG-AFFL,2021-01-26,,True
CSH0002703,CUS0002703,SEG-CORP,2022-12-24,,True
CSH0002704,CUS0002704,SEG-SME,2024-10-16,,True
CSH0002705,CUS0002705,SEG-MAFF,2025-04-19,,True
CSH0002706,CUS0002706,SEG-MAFF,2020-07-28,,True
CSH0002707,CUS0002707,SEG-MAFF,2023-04-27,,True
CSH0002708,CUS0002708,SEG-MAFF,2022-12-30,,True
CSH0002709,CUS0002709,SEG-MAFF,2025-09-01,,True
CSH0002710,CUS0002710,SEG-MASS,2026-04-18,,True
CSH0002711,CUS0002711,SEG-AFFL,2021-03-12,,True
CSH0002712,CUS0002712,SEG-MAFF,2019-11-30,,True
CSH0002713,CUS0002713,SEG-MAFF,2021-08-27,,True
CSH0002714,CUS0002714,SEG-MASS,2024-08-18,,True
CSH0002715,CUS0002715,SEG-MASS,2019-07-14,,True
CSH0002716,CUS0002716,SEG-CORP,2022-07-16,,True
CSH0002717,CUS0002717,SEG-AFFL,2018-04-18,,True
CSH0002718,CUS0002718,SEG-AFFL,2018-12-02,,True
CSH0002719,CUS0002719,SEG-MASS,2023-08-21,,True
CSH0002720,CUS0002720,SEG-MASS,2024-01-27,,True
CSH0002721,CUS0002721,SEG-AFFL,2025-03-03,,True
CSH0002722,CUS0002722,SEG-MASS,2025-12-05,,True
CSH0002723,CUS0002723,SEG-CORP,2025-11-30,,True
CSH0002724,CUS0002724,SEG-AFFL,2025-05-08,,True
CSH0002725,CUS0002725,SEG-CORP,2019-04-10,,True
CSH0002726,CUS0002726,SEG-MAFF,2025-10-15,,True
CSH0002727,CUS0002727,SEG-MAFF,2026-04-09,,True
CSH0002728,CUS0002728,SEG-CORP,2024-12-10,,True
CSH0002729,CUS0002729,SEG-MASS,2021-12-24,,True
CSH0002730,CUS0002730,SEG-MAFF,2018-09-21,,True
CSH0002731,CUS0002731,SEG-AFFL,2021-02-28,,True
CSH0002732,CUS0002732,SEG-MASS,2021-11-14,,True
CSH0002733,CUS0002733,SEG-MASS,2021-10-30,,True
CSH0002734,CUS0002734,SEG-PRIV,2025-11-16,,True
CSH0002735,CUS0002735,SEG-MAFF,2019-08-09,,True
CSH0002736,CUS0002736,SEG-CORP,2025-08-12,,True
CSH0002737,CUS0002737,SEG-MASS,2020-07-03,,True
CSH0002738,CUS0002738,SEG-MAFF,2022-05-24,,True
CSH0002739,CUS0002739,SEG-CORP,2023-03-19,,True
CSH0002740,CUS0002740,SEG-MAFF,2019-05-19,,True
CSH0002741,CUS0002741,SEG-AFFL,2025-07-02,,True
CSH0002742,CUS0002742,SEG-SME,2023-06-15,,True
CSH0002743,CUS0002743,SEG-AFFL,2021-04-08,,True
CSH0002744,CUS0002744,SEG-PRIV,2019-02-18,,True
CSH0002745,CUS0002745,SEG-AFFL,2019-03-19,,True
CSH0002746,CUS0002746,SEG-AFFL,2020-04-11,,True
CSH0002747,CUS0002747,SEG-MASS,2021-11-03,,True
CSH0002748,CUS0002748,SEG-CORP,2022-07-29,,True
CSH0002749,CUS0002749,SEG-CORP,2020-07-05,,True
CSH0002750,CUS0002750,SEG-SME,2026-02-28,,True
CSH0002751,CUS0002751,SEG-SME,2026-01-13,,True
CSH0002752,CUS0002752,SEG-AFFL,2023-04-09,,True
CSH0002753,CUS0002753,SEG-MASS,2024-12-08,,True
CSH0002754,CUS0002754,SEG-MAFF,2025-06-07,,True
CSH0002755,CUS0002755,SEG-MASS,2024-02-19,,True
CSH0002756,CUS0002756,SEG-AFFL,2019-09-26,,True
CSH0002757,CUS0002757,SEG-MASS,2024-02-23,,True
CSH0002758,CUS0002758,SEG-CORP,2019-09-17,,True
CSH0002759,CUS0002759,SEG-AFFL,2018-02-12,,True
CSH0002760,CUS0002760,SEG-PRIV,2026-01-21,,True
CSH0002761,CUS0002761,SEG-AFFL,2018-05-21,,True
CSH0002762,CUS0002762,SEG-MASS,2021-01-16,,True
CSH0002763,CUS0002763,SEG-MASS,2019-02-26,,True
CSH0002764,CUS0002764,SEG-MAFF,2025-06-05,,True
CSH0002765,CUS0002765,SEG-MAFF,2021-05-12,,True
CSH0002766,CUS0002766,SEG-SME,2019-10-14,,True
CSH0002767,CUS0002767,SEG-MASS,2019-01-31,,True
CSH0002768,CUS0002768,SEG-AFFL,2022-06-08,,True
CSH0002769,CUS0002769,SEG-SME,2018-02-25,,True
CSH0002770,CUS0002770,SEG-MAFF,2023-04-11,,True
CSH0002771,CUS0002771,SEG-MASS,2022-03-09,,True
CSH0002772,CUS0002772,SEG-MAFF,2023-05-08,,True
CSH0002773,CUS0002773,SEG-MAFF,2022-10-09,,True
CSH0002774,CUS0002774,SEG-PRIV,2023-12-05,,True
CSH0002775,CUS0002775,SEG-SME,2024-11-04,,True
CSH0002776,CUS0002776,SEG-MAFF,2022-03-14,,True
CSH0002777,CUS0002777,SEG-AFFL,2021-11-06,,True
CSH0002778,CUS0002778,SEG-AFFL,2025-02-21,,True
CSH0002779,CUS0002779,SEG-CORP,2020-07-05,,True
CSH0002780,CUS0002780,SEG-MASS,2022-08-11,,True
CSH0002781,CUS0002781,SEG-MAFF,2024-10-28,,True
CSH0002782,CUS0002782,SEG-SME,2025-06-02,,True
CSH0002783,CUS0002783,SEG-MASS,2019-04-10,,True
CSH0002784,CUS0002784,SEG-MASS,2020-10-11,,True
CSH0002785,CUS0002785,SEG-AFFL,2020-07-15,,True
CSH0002786,CUS0002786,SEG-MASS,2018-10-03,,True
CSH0002787,CUS0002787,SEG-CORP,2025-01-07,,True
CSH0002788,CUS0002788,SEG-SME,2024-08-14,,True
CSH0002789,CUS0002789,SEG-AFFL,2021-04-04,,True
CSH0002790,CUS0002790,SEG-AFFL,2021-01-14,,True
CSH0002791,CUS0002791,SEG-MAFF,2023-01-09,,True
CSH0002792,CUS0002792,SEG-SME,2020-03-20,,True
CSH0002793,CUS0002793,SEG-MASS,2022-11-23,,True
CSH0002794,CUS0002794,SEG-AFFL,2019-08-09,,True
CSH0002795,CUS0002795,SEG-AFFL,2024-02-17,,True
CSH0002796,CUS0002796,SEG-MASS,2025-09-29,,True
CSH0002797,CUS0002797,SEG-MASS,2018-08-10,,True
CSH0002798,CUS0002798,SEG-PRIV,2026-03-14,,True
CSH0002799,CUS0002799,SEG-SME,2021-09-17,,True
CSH0002800,CUS0002800,SEG-MAFF,2024-07-08,,True
CSH0002801,CUS0002801,SEG-MASS,2023-01-21,,True
CSH0002802,CUS0002802,SEG-MAFF,2021-12-25,,True
CSH0002803,CUS0002803,SEG-AFFL,2022-12-11,,True
CSH0002804,CUS0002804,SEG-AFFL,2020-02-29,,True
CSH0002805,CUS0002805,SEG-MASS,2023-04-06,,True
CSH0002806,CUS0002806,SEG-MASS,2023-07-20,,True
CSH0002807,CUS0002807,SEG-MASS,2021-06-28,,True
CSH0002808,CUS0002808,SEG-AFFL,2021-05-23,,True
CSH0002809,CUS0002809,SEG-MAFF,2023-12-02,,True
CSH0002810,CUS0002810,SEG-MASS,2019-02-21,,True
CSH0002811,CUS0002811,SEG-MAFF,2022-01-12,,True
CSH0002812,CUS0002812,SEG-MASS,2019-05-10,,True
CSH0002813,CUS0002813,SEG-AFFL,2022-11-21,,True
CSH0002814,CUS0002814,SEG-AFFL,2020-08-10,,True
CSH0002815,CUS0002815,SEG-MASS,2021-09-20,,True
CSH0002816,CUS0002816,SEG-MASS,2024-07-26,,True
CSH0002817,CUS0002817,SEG-MAFF,2024-07-21,,True
CSH0002818,CUS0002818,SEG-MAFF,2025-10-18,,True
CSH0002819,CUS0002819,SEG-MASS,2026-01-27,,True
CSH0002820,CUS0002820,SEG-MASS,2023-01-06,,True
CSH0002821,CUS0002821,SEG-MAFF,2019-07-28,,True
CSH0002822,CUS0002822,SEG-CORP,2019-08-04,,True
CSH0002823,CUS0002823,SEG-AFFL,2025-08-22,,True
CSH0002824,CUS0002824,SEG-MAFF,2023-11-19,,True
CSH0002825,CUS0002825,SEG-PRIV,2023-09-10,,True
CSH0002826,CUS0002826,SEG-MASS,2021-02-10,,True
CSH0002827,CUS0002827,SEG-MASS,2020-08-07,,True
CSH0002828,CUS0002828,SEG-PRIV,2021-11-04,,True
CSH0002829,CUS0002829,SEG-MASS,2022-07-11,,True
CSH0002830,CUS0002830,SEG-AFFL,2018-04-09,,True
CSH0002831,CUS0002831,SEG-MAFF,2021-12-06,,True
CSH0002832,CUS0002832,SEG-AFFL,2022-09-04,,True
CSH0002833,CUS0002833,SEG-AFFL,2018-12-13,,True
CSH0002834,CUS0002834,SEG-MAFF,2023-05-21,,True
CSH0002835,CUS0002835,SEG-SME,2020-11-28,,True
CSH0002836,CUS0002836,SEG-MASS,2024-12-13,,True
CSH0002837,CUS0002837,SEG-MASS,2018-10-09,,True
CSH0002838,CUS0002838,SEG-PRIV,2023-06-13,,True
CSH0002839,CUS0002839,SEG-MASS,2022-11-01,,True
CSH0002840,CUS0002840,SEG-MAFF,2020-11-25,,True
CSH0002841,CUS0002841,SEG-PRIV,2019-07-16,,True
CSH0002842,CUS0002842,SEG-SME,2020-12-24,,True
CSH0002843,CUS0002843,SEG-SME,2023-06-12,,True
CSH0002844,CUS0002844,SEG-MASS,2022-07-03,,True
CSH0002845,CUS0002845,SEG-AFFL,2025-05-25,,True
CSH0002846,CUS0002846,SEG-SME,2019-06-06,,True
CSH0002847,CUS0002847,SEG-MASS,2018-08-06,,True
CSH0002848,CUS0002848,SEG-CORP,2021-08-16,,True
CSH0002849,CUS0002849,SEG-MAFF,2023-05-21,,True
CSH0002850,CUS0002850,SEG-AFFL,2022-10-25,,True
CSH0002851,CUS0002851,SEG-MASS,2019-08-17,,True
CSH0002852,CUS0002852,SEG-PRIV,2022-03-17,,True
CSH0002853,CUS0002853,SEG-AFFL,2025-12-04,,True
CSH0002854,CUS0002854,SEG-SME,2026-02-19,,True
CSH0002855,CUS0002855,SEG-PRIV,2021-03-27,,True
CSH0002856,CUS0002856,SEG-PRIV,2023-09-09,,True
CSH0002857,CUS0002857,SEG-MAFF,2023-04-09,,True
CSH0002858,CUS0002858,SEG-AFFL,2025-12-14,,True
CSH0002859,CUS0002859,SEG-MASS,2023-11-30,,True
CSH0002860,CUS0002860,SEG-MAFF,2022-11-12,,True
CSH0002861,CUS0002861,SEG-MAFF,2021-12-12,,True
CSH0002862,CUS0002862,SEG-AFFL,2019-04-19,,True
CSH0002863,CUS0002863,SEG-SME,2025-12-21,,True
CSH0002864,CUS0002864,SEG-MAFF,2018-05-19,,True
CSH0002865,CUS0002865,SEG-AFFL,2022-10-02,,True
CSH0002866,CUS0002866,SEG-MAFF,2020-04-14,,True
CSH0002867,CUS0002867,SEG-MAFF,2023-01-06,,True
CSH0002868,CUS0002868,SEG-SME,2021-04-02,,True
CSH0002869,CUS0002869,SEG-AFFL,2019-01-25,,True
CSH0002870,CUS0002870,SEG-MAFF,2018-04-05,,True
CSH0002871,CUS0002871,SEG-PRIV,2018-12-04,,True
CSH0002872,CUS0002872,SEG-MASS,2025-03-04,,True
CSH0002873,CUS0002873,SEG-AFFL,2021-04-04,,True
CSH0002874,CUS0002874,SEG-AFFL,2020-02-29,,True
CSH0002875,CUS0002875,SEG-MASS,2024-01-17,,True
CSH0002876,CUS0002876,SEG-SME,2024-12-17,,True
CSH0002877,CUS0002877,SEG-MASS,2026-04-25,,True
CSH0002878,CUS0002878,SEG-CORP,2019-09-18,,True
CSH0002879,CUS0002879,SEG-AFFL,2025-05-29,,True
CSH0002880,CUS0002880,SEG-MAFF,2018-02-18,,True
CSH0002881,CUS0002881,SEG-CORP,2025-11-17,,True
CSH0002882,CUS0002882,SEG-MASS,2025-06-21,,True
CSH0002883,CUS0002883,SEG-AFFL,2021-03-12,,True
CSH0002884,CUS0002884,SEG-CORP,2019-03-27,,True
CSH0002885,CUS0002885,SEG-PRIV,2021-04-24,,True
CSH0002886,CUS0002886,SEG-MAFF,2024-05-16,,True
CSH0002887,CUS0002887,SEG-MASS,2019-05-16,,True
CSH0002888,CUS0002888,SEG-MAFF,2020-01-16,,True
CSH0002889,CUS0002889,SEG-AFFL,2022-12-12,,True
CSH0002890,CUS0002890,SEG-AFFL,2018-04-11,,True
CSH0002891,CUS0002891,SEG-AFFL,2026-02-03,,True
CSH0002892,CUS0002892,SEG-MAFF,2026-01-14,,True
CSH0002893,CUS0002893,SEG-MAFF,2022-10-22,,True
CSH0002894,CUS0002894,SEG-PRIV,2023-11-26,,True
CSH0002895,CUS0002895,SEG-CORP,2019-05-21,,True
CSH0002896,CUS0002896,SEG-MASS,2020-07-03,,True
CSH0002897,CUS0002897,SEG-MASS,2022-08-26,,True
CSH0002898,CUS0002898,SEG-AFFL,2024-12-21,,True
CSH0002899,CUS0002899,SEG-AFFL,2024-07-02,,True
CSH0002900,CUS0002900,SEG-MASS,2024-09-27,,True
CSH0002901,CUS0002901,SEG-AFFL,2025-03-09,,True
CSH0002902,CUS0002902,SEG-MAFF,2020-01-14,,True
CSH0002903,CUS0002903,SEG-MAFF,2024-05-19,,True
CSH0002904,CUS0002904,SEG-AFFL,2025-06-23,,True
CSH0002905,CUS0002905,SEG-AFFL,2025-04-26,,True
CSH0002906,CUS0002906,SEG-MASS,2019-03-07,,True
CSH0002907,CUS0002907,SEG-AFFL,2025-11-13,,True
CSH0002908,CUS0002908,SEG-MASS,2020-10-31,,True
CSH0002909,CUS0002909,SEG-MAFF,2020-11-13,,True
CSH0002910,CUS0002910,SEG-AFFL,2025-01-19,,True
CSH0002911,CUS0002911,SEG-MAFF,2019-01-31,,True
CSH0002912,CUS0002912,SEG-MASS,2018-08-19,,True
CSH0002913,CUS0002913,SEG-SME,2020-01-07,,True
CSH0002914,CUS0002914,SEG-MASS,2021-08-13,,True
CSH0002915,CUS0002915,SEG-MAFF,2022-08-12,,True
CSH0002916,CUS0002916,SEG-MAFF,2022-08-14,,True
CSH0002917,CUS0002917,SEG-AFFL,2019-06-13,,True
CSH0002918,CUS0002918,SEG-MASS,2022-07-14,,True
CSH0002919,CUS0002919,SEG-MAFF,2020-02-23,,True
CSH0002920,CUS0002920,SEG-MAFF,2024-04-03,,True
CSH0002921,CUS0002921,SEG-MAFF,2025-05-22,,True
CSH0002922,CUS0002922,SEG-SME,2020-11-14,,True
CSH0002923,CUS0002923,SEG-MASS,2024-04-30,,True
CSH0002924,CUS0002924,SEG-MAFF,2024-09-15,,True
CSH0002925,CUS0002925,SEG-SME,2021-08-05,,True
CSH0002926,CUS0002926,SEG-MASS,2021-09-07,,True
CSH0002927,CUS0002927,SEG-MAFF,2026-01-23,,True
CSH0002928,CUS0002928,SEG-PRIV,2025-01-21,,True
CSH0002929,CUS0002929,SEG-AFFL,2019-10-20,,True
CSH0002930,CUS0002930,SEG-AFFL,2021-05-06,,True
CSH0002931,CUS0002931,SEG-MASS,2021-01-21,,True
CSH0002932,CUS0002932,SEG-MAFF,2019-10-29,,True
CSH0002933,CUS0002933,SEG-MASS,2021-12-03,,True
CSH0002934,CUS0002934,SEG-SME,2022-05-12,,True
CSH0002935,CUS0002935,SEG-MASS,2019-10-03,,True
CSH0002936,CUS0002936,SEG-SME,2024-12-07,,True
CSH0002937,CUS0002937,SEG-MAFF,2025-10-02,,True
CSH0002938,CUS0002938,SEG-AFFL,2026-01-24,,True
CSH0002939,CUS0002939,SEG-AFFL,2021-03-01,,True
CSH0002940,CUS0002940,SEG-MASS,2020-09-12,,True
CSH0002941,CUS0002941,SEG-MAFF,2025-01-03,,True
CSH0002942,CUS0002942,SEG-MASS,2020-08-24,,True
CSH0002943,CUS0002943,SEG-MAFF,2024-08-22,,True
CSH0002944,CUS0002944,SEG-MAFF,2019-05-19,,True
CSH0002945,CUS0002945,SEG-AFFL,2025-11-03,,True
CSH0002946,CUS0002946,SEG-MAFF,2019-01-06,,True
CSH0002947,CUS0002947,SEG-AFFL,2023-10-26,,True
CSH0002948,CUS0002948,SEG-PRIV,2024-07-10,,True
CSH0002949,CUS0002949,SEG-MASS,2024-12-13,,True
CSH0002950,CUS0002950,SEG-PRIV,2018-12-10,,True
CSH0002951,CUS0002951,SEG-MAFF,2019-12-14,,True
CSH0002952,CUS0002952,SEG-MASS,2024-05-01,,True
CSH0002953,CUS0002953,SEG-MAFF,2020-12-18,,True
CSH0002954,CUS0002954,SEG-MAFF,2020-11-26,,True
CSH0002955,CUS0002955,SEG-PRIV,2020-06-01,,True
CSH0002956,CUS0002956,SEG-MAFF,2025-10-06,,True
CSH0002957,CUS0002957,SEG-AFFL,2024-07-23,,True
CSH0002958,CUS0002958,SEG-MASS,2020-06-07,,True
CSH0002959,CUS0002959,SEG-AFFL,2022-08-08,,True
CSH0002960,CUS0002960,SEG-AFFL,2023-09-02,,True
CSH0002961,CUS0002961,SEG-PRIV,2019-02-16,,True
CSH0002962,CUS0002962,SEG-AFFL,2018-10-24,,True
CSH0002963,CUS0002963,SEG-PRIV,2018-07-25,,True
CSH0002964,CUS0002964,SEG-AFFL,2022-05-30,,True
CSH0002965,CUS0002965,SEG-SME,2023-10-06,,True
CSH0002966,CUS0002966,SEG-MAFF,2025-02-11,,True
CSH0002967,CUS0002967,SEG-MASS,2021-09-13,,True
CSH0002968,CUS0002968,SEG-MASS,2020-08-05,,True
CSH0002969,CUS0002969,SEG-AFFL,2025-02-21,,True
CSH0002970,CUS0002970,SEG-AFFL,2019-08-21,,True
CSH0002971,CUS0002971,SEG-PRIV,2022-07-16,,True
CSH0002972,CUS0002972,SEG-AFFL,2022-07-26,,True
CSH0002973,CUS0002973,SEG-AFFL,2018-06-10,,True
CSH0002974,CUS0002974,SEG-AFFL,2019-06-09,,True
CSH0002975,CUS0002975,SEG-AFFL,2023-03-18,,True
CSH0002976,CUS0002976,SEG-MAFF,2023-12-29,,True
CSH0002977,CUS0002977,SEG-SME,2021-05-04,,True
CSH0002978,CUS0002978,SEG-MASS,2022-07-29,,True
CSH0002979,CUS0002979,SEG-MASS,2019-04-03,,True
CSH0002980,CUS0002980,SEG-AFFL,2018-07-14,,True
CSH0002981,CUS0002981,SEG-MAFF,2019-02-20,,True
CSH0002982,CUS0002982,SEG-MAFF,2019-08-01,,True
CSH0002983,CUS0002983,SEG-MASS,2020-03-25,,True
CSH0002984,CUS0002984,SEG-CORP,2020-03-22,,True
CSH0002985,CUS0002985,SEG-MAFF,2021-09-20,,True
CSH0002986,CUS0002986,SEG-AFFL,2024-11-01,,True
CSH0002987,CUS0002987,SEG-PRIV,2023-01-04,,True
CSH0002988,CUS0002988,SEG-MAFF,2024-07-15,,True
CSH0002989,CUS0002989,SEG-MASS,2022-12-25,,True
CSH0002990,CUS0002990,SEG-AFFL,2022-08-13,,True
CSH0002991,CUS0002991,SEG-CORP,2023-11-13,,True
CSH0002992,CUS0002992,SEG-MASS,2018-02-08,,True
CSH0002993,CUS0002993,SEG-AFFL,2023-02-09,,True
CSH0002994,CUS0002994,SEG-MAFF,2020-12-07,,True
CSH0002995,CUS0002995,SEG-MASS,2018-02-19,,True
CSH0002996,CUS0002996,SEG-AFFL,2021-05-26,,True
CSH0002997,CUS0002997,SEG-PRIV,2018-10-16,,True
CSH0002998,CUS0002998,SEG-MAFF,2024-04-01,,True
CSH0002999,CUS0002999,SEG-MAFF,2023-12-28,,True
CSH0003000,CUS0003000,SEG-AFFL,2023-05-28,,True
CSH0003001,CUS0003001,SEG-CORP,2025-08-26,,True
CSH0003002,CUS0003002,SEG-SME,2026-01-13,,True
CSH0003003,CUS0003003,SEG-AFFL,2022-06-14,,True
CSH0003004,CUS0003004,SEG-MAFF,2019-07-09,,True
CSH0003005,CUS0003005,SEG-MASS,2023-10-25,,True
CSH0003006,CUS0003006,SEG-CORP,2023-09-19,,True
CSH0003007,CUS0003007,SEG-MAFF,2025-02-02,,True
CSH0003008,CUS0003008,SEG-MASS,2023-03-06,,True
CSH0003009,CUS0003009,SEG-AFFL,2025-07-17,,True
CSH0003010,CUS0003010,SEG-CORP,2019-12-12,,True
CSH0003011,CUS0003011,SEG-AFFL,2020-09-03,,True
CSH0003012,CUS0003012,SEG-AFFL,2025-02-05,,True
CSH0003013,CUS0003013,SEG-MASS,2019-01-20,,True
CSH0003014,CUS0003014,SEG-PRIV,2025-04-21,,True
CSH0003015,CUS0003015,SEG-CORP,2022-02-06,,True
CSH0003016,CUS0003016,SEG-AFFL,2025-05-15,,True
CSH0003017,CUS0003017,SEG-AFFL,2021-05-17,,True
CSH0003018,CUS0003018,SEG-PRIV,2022-04-15,,True
CSH0003019,CUS0003019,SEG-PRIV,2019-08-04,,True
CSH0003020,CUS0003020,SEG-AFFL,2019-10-31,,True
CSH0003021,CUS0003021,SEG-MAFF,2023-05-31,,True
CSH0003022,CUS0003022,SEG-PRIV,2023-12-03,,True
CSH0003023,CUS0003023,SEG-CORP,2022-08-24,,True
CSH0003024,CUS0003024,SEG-AFFL,2022-02-07,,True
CSH0003025,CUS0003025,SEG-MAFF,2022-01-24,,True
CSH0003026,CUS0003026,SEG-MAFF,2019-12-18,,True
CSH0003027,CUS0003027,SEG-SME,2020-10-01,,True
CSH0003028,CUS0003028,SEG-SME,2019-06-16,,True
CSH0003029,CUS0003029,SEG-MAFF,2023-11-30,,True
CSH0003030,CUS0003030,SEG-AFFL,2018-06-17,,True
CSH0003031,CUS0003031,SEG-CORP,2020-03-25,,True
CSH0003032,CUS0003032,SEG-MASS,2024-01-29,,True
CSH0003033,CUS0003033,SEG-MAFF,2019-03-14,,True
CSH0003034,CUS0003034,SEG-CORP,2023-03-01,,True
CSH0003035,CUS0003035,SEG-SME,2021-04-29,,True
CSH0003036,CUS0003036,SEG-MAFF,2021-11-29,,True
CSH0003037,CUS0003037,SEG-AFFL,2019-09-10,,True
CSH0003038,CUS0003038,SEG-MASS,2018-09-08,,True
CSH0003039,CUS0003039,SEG-CORP,2023-12-11,,True
CSH0003040,CUS0003040,SEG-MAFF,2025-11-14,,True
CSH0003041,CUS0003041,SEG-MAFF,2025-08-15,,True
CSH0003042,CUS0003042,SEG-PRIV,2019-05-15,,True
CSH0003043,CUS0003043,SEG-PRIV,2024-04-21,,True
CSH0003044,CUS0003044,SEG-CORP,2025-03-11,,True
CSH0003045,CUS0003045,SEG-MAFF,2021-10-17,,True
CSH0003046,CUS0003046,SEG-MASS,2022-07-13,,True
CSH0003047,CUS0003047,SEG-MAFF,2025-12-29,,True
CSH0003048,CUS0003048,SEG-MASS,2025-10-30,,True
CSH0003049,CUS0003049,SEG-MAFF,2020-07-10,,True
CSH0003050,CUS0003050,SEG-CORP,2018-07-17,,True
CSH0003051,CUS0003051,SEG-SME,2019-11-06,,True
CSH0003052,CUS0003052,SEG-MASS,2026-02-03,,True
CSH0003053,CUS0003053,SEG-MASS,2022-05-23,,True
CSH0003054,CUS0003054,SEG-MASS,2020-02-01,,True
CSH0003055,CUS0003055,SEG-AFFL,2020-11-27,,True
CSH0003056,CUS0003056,SEG-CORP,2021-08-21,,True
CSH0003057,CUS0003057,SEG-MAFF,2022-01-04,,True
CSH0003058,CUS0003058,SEG-CORP,2024-03-01,,True
CSH0003059,CUS0003059,SEG-MAFF,2022-12-10,,True
CSH0003060,CUS0003060,SEG-MASS,2021-04-12,,True
CSH0003061,CUS0003061,SEG-AFFL,2024-09-05,,True
CSH0003062,CUS0003062,SEG-CORP,2021-09-01,,True
CSH0003063,CUS0003063,SEG-MAFF,2020-08-31,,True
CSH0003064,CUS0003064,SEG-CORP,2018-01-12,,True
CSH0003065,CUS0003065,SEG-SME,2021-08-08,,True
CSH0003066,CUS0003066,SEG-MAFF,2019-07-07,,True
CSH0003067,CUS0003067,SEG-MAFF,2020-02-22,,True
CSH0003068,CUS0003068,SEG-AFFL,2023-03-31,,True
CSH0003069,CUS0003069,SEG-MAFF,2019-06-19,,True
CSH0003070,CUS0003070,SEG-AFFL,2025-01-19,,True
CSH0003071,CUS0003071,SEG-MASS,2023-06-04,,True
CSH0003072,CUS0003072,SEG-MASS,2019-08-23,,True
CSH0003073,CUS0003073,SEG-MAFF,2019-06-15,,True
CSH0003074,CUS0003074,SEG-AFFL,2021-05-26,,True
CSH0003075,CUS0003075,SEG-AFFL,2022-08-01,,True
CSH0003076,CUS0003076,SEG-MASS,2022-09-23,,True
CSH0003077,CUS0003077,SEG-CORP,2020-11-03,,True
CSH0003078,CUS0003078,SEG-AFFL,2024-12-01,,True
CSH0003079,CUS0003079,SEG-MAFF,2018-11-16,,True
CSH0003080,CUS0003080,SEG-AFFL,2021-06-19,,True
CSH0003081,CUS0003081,SEG-MAFF,2024-12-23,,True
CSH0003082,CUS0003082,SEG-AFFL,2018-05-04,,True
CSH0003083,CUS0003083,SEG-AFFL,2022-01-04,,True
CSH0003084,CUS0003084,SEG-MASS,2021-12-31,,True
CSH0003085,CUS0003085,SEG-MASS,2024-12-13,,True
CSH0003086,CUS0003086,SEG-MAFF,2023-07-11,,True
CSH0003087,CUS0003087,SEG-MAFF,2022-08-28,,True
CSH0003088,CUS0003088,SEG-CORP,2022-08-30,,True
CSH0003089,CUS0003089,SEG-PRIV,2021-12-24,,True
CSH0003090,CUS0003090,SEG-CORP,2023-07-28,,True
CSH0003091,CUS0003091,SEG-AFFL,2022-04-20,,True
CSH0003092,CUS0003092,SEG-MASS,2024-02-11,,True
CSH0003093,CUS0003093,SEG-SME,2020-10-05,,True
CSH0003094,CUS0003094,SEG-SME,2022-06-20,,True
CSH0003095,CUS0003095,SEG-MAFF,2022-11-21,,True
CSH0003096,CUS0003096,SEG-AFFL,2021-05-20,,True
CSH0003097,CUS0003097,SEG-PRIV,2019-07-22,,True
CSH0003098,CUS0003098,SEG-MASS,2020-11-08,,True
CSH0003099,CUS0003099,SEG-AFFL,2022-08-16,,True
CSH0003100,CUS0003100,SEG-AFFL,2018-03-23,,True
CSH0003101,CUS0003101,SEG-PRIV,2026-01-04,,True
CSH0003102,CUS0003102,SEG-AFFL,2025-10-16,,True
CSH0003103,CUS0003103,SEG-MASS,2018-09-23,,True
CSH0003104,CUS0003104,SEG-CORP,2021-06-22,,True
CSH0003105,CUS0003105,SEG-MASS,2023-09-26,,True
CSH0003106,CUS0003106,SEG-AFFL,2019-12-20,,True
CSH0003107,CUS0003107,SEG-MAFF,2025-08-21,,True
CSH0003108,CUS0003108,SEG-MAFF,2024-01-01,,True
CSH0003109,CUS0003109,SEG-MASS,2023-12-11,,True
CSH0003110,CUS0003110,SEG-MAFF,2024-12-03,,True
CSH0003111,CUS0003111,SEG-MASS,2025-01-06,,True
CSH0003112,CUS0003112,SEG-AFFL,2023-03-21,,True
CSH0003113,CUS0003113,SEG-MASS,2024-12-11,,True
CSH0003114,CUS0003114,SEG-AFFL,2020-06-09,,True
CSH0003115,CUS0003115,SEG-MASS,2018-05-22,,True
CSH0003116,CUS0003116,SEG-AFFL,2022-05-04,,True
CSH0003117,CUS0003117,SEG-MAFF,2022-08-03,,True
CSH0003118,CUS0003118,SEG-MASS,2020-04-03,,True
CSH0003119,CUS0003119,SEG-MAFF,2018-07-02,,True
CSH0003120,CUS0003120,SEG-PRIV,2019-09-13,,True
CSH0003121,CUS0003121,SEG-AFFL,2018-09-01,,True
CSH0003122,CUS0003122,SEG-MASS,2020-10-20,,True
CSH0003123,CUS0003123,SEG-AFFL,2019-07-12,,True
CSH0003124,CUS0003124,SEG-SME,2018-05-25,,True
CSH0003125,CUS0003125,SEG-MASS,2025-01-10,,True
CSH0003126,CUS0003126,SEG-AFFL,2021-04-21,,True
CSH0003127,CUS0003127,SEG-MASS,2023-03-06,,True
CSH0003128,CUS0003128,SEG-CORP,2021-06-10,,True
CSH0003129,CUS0003129,SEG-MASS,2020-05-13,,True
CSH0003130,CUS0003130,SEG-MASS,2023-02-03,,True
CSH0003131,CUS0003131,SEG-AFFL,2025-06-21,,True
CSH0003132,CUS0003132,SEG-AFFL,2025-05-08,,True
CSH0003133,CUS0003133,SEG-SME,2022-07-03,,True
CSH0003134,CUS0003134,SEG-SME,2022-03-13,,True
CSH0003135,CUS0003135,SEG-AFFL,2025-03-28,,True
CSH0003136,CUS0003136,SEG-PRIV,2020-06-08,,True
CSH0003137,CUS0003137,SEG-AFFL,2022-05-03,,True
CSH0003138,CUS0003138,SEG-MAFF,2025-07-28,,True
CSH0003139,CUS0003139,SEG-MASS,2023-12-01,,True
CSH0003140,CUS0003140,SEG-MAFF,2018-02-08,,True
CSH0003141,CUS0003141,SEG-MAFF,2025-09-02,,True
CSH0003142,CUS0003142,SEG-MASS,2025-02-16,,True
CSH0003143,CUS0003143,SEG-MAFF,2025-05-23,,True
CSH0003144,CUS0003144,SEG-MASS,2021-06-26,,True
CSH0003145,CUS0003145,SEG-MASS,2020-10-22,,True
CSH0003146,CUS0003146,SEG-MAFF,2025-10-12,,True
CSH0003147,CUS0003147,SEG-CORP,2020-08-11,,True
CSH0003148,CUS0003148,SEG-MAFF,2019-09-14,,True
CSH0003149,CUS0003149,SEG-MAFF,2025-02-17,,True
CSH0003150,CUS0003150,SEG-AFFL,2021-08-11,,True
CSH0003151,CUS0003151,SEG-AFFL,2021-10-13,,True
CSH0003152,CUS0003152,SEG-AFFL,2022-05-01,,True
CSH0003153,CUS0003153,SEG-MASS,2019-01-21,,True
CSH0003154,CUS0003154,SEG-AFFL,2018-03-13,,True
CSH0003155,CUS0003155,SEG-MASS,2022-03-05,,True
CSH0003156,CUS0003156,SEG-MAFF,2025-02-02,,True
CSH0003157,CUS0003157,SEG-MAFF,2021-12-28,,True
CSH0003158,CUS0003158,SEG-MAFF,2020-06-27,,True
CSH0003159,CUS0003159,SEG-AFFL,2026-02-22,,True
CSH0003160,CUS0003160,SEG-AFFL,2018-04-12,,True
CSH0003161,CUS0003161,SEG-MAFF,2025-11-11,,True
CSH0003162,CUS0003162,SEG-MAFF,2021-01-06,,True
CSH0003163,CUS0003163,SEG-MASS,2025-09-05,,True
CSH0003164,CUS0003164,SEG-AFFL,2018-02-19,,True
CSH0003165,CUS0003165,SEG-CORP,2024-10-03,,True
CSH0003166,CUS0003166,SEG-MAFF,2023-05-07,,True
CSH0003167,CUS0003167,SEG-PRIV,2021-05-02,,True
CSH0003168,CUS0003168,SEG-PRIV,2023-07-17,,True
CSH0003169,CUS0003169,SEG-MAFF,2018-09-16,,True
CSH0003170,CUS0003170,SEG-PRIV,2025-04-29,,True
CSH0003171,CUS0003171,SEG-PRIV,2023-12-02,,True
CSH0003172,CUS0003172,SEG-MASS,2020-01-19,,True
CSH0003173,CUS0003173,SEG-MASS,2025-05-29,,True
CSH0003174,CUS0003174,SEG-MASS,2019-08-03,,True
CSH0003175,CUS0003175,SEG-SME,2023-09-17,,True
CSH0003176,CUS0003176,SEG-PRIV,2020-04-13,,True
CSH0003177,CUS0003177,SEG-MASS,2022-01-14,,True
CSH0003178,CUS0003178,SEG-SME,2026-03-10,,True
CSH0003179,CUS0003179,SEG-MAFF,2023-10-21,,True
CSH0003180,CUS0003180,SEG-MAFF,2021-12-03,,True
CSH0003181,CUS0003181,SEG-MAFF,2021-02-02,,True
CSH0003182,CUS0003182,SEG-MASS,2019-10-05,,True
CSH0003183,CUS0003183,SEG-AFFL,2019-05-12,,True
CSH0003184,CUS0003184,SEG-AFFL,2021-12-31,,True
CSH0003185,CUS0003185,SEG-MASS,2021-09-08,,True
CSH0003186,CUS0003186,SEG-PRIV,2025-03-22,,True
CSH0003187,CUS0003187,SEG-AFFL,2020-08-23,,True
CSH0003188,CUS0003188,SEG-AFFL,2019-11-13,,True
CSH0003189,CUS0003189,SEG-CORP,2023-10-30,,True
CSH0003190,CUS0003190,SEG-AFFL,2018-09-14,,True
CSH0003191,CUS0003191,SEG-MASS,2019-10-15,,True
CSH0003192,CUS0003192,SEG-MAFF,2018-07-01,,True
CSH0003193,CUS0003193,SEG-MAFF,2021-11-15,,True
CSH0003194,CUS0003194,SEG-AFFL,2018-09-30,,True
CSH0003195,CUS0003195,SEG-MASS,2024-06-24,,True
CSH0003196,CUS0003196,SEG-MAFF,2021-07-04,,True
CSH0003197,CUS0003197,SEG-MASS,2019-06-13,,True
CSH0003198,CUS0003198,SEG-MASS,2020-02-20,,True
CSH0003199,CUS0003199,SEG-PRIV,2025-03-15,,True
CSH0003200,CUS0003200,SEG-MAFF,2019-06-18,,True
CSH0003201,CUS0003201,SEG-MASS,2021-01-17,,True
CSH0003202,CUS0003202,SEG-MAFF,2019-02-01,,True
CSH0003203,CUS0003203,SEG-MAFF,2026-04-21,,True
CSH0003204,CUS0003204,SEG-AFFL,2019-07-29,,True
CSH0003205,CUS0003205,SEG-AFFL,2021-09-07,,True
CSH0003206,CUS0003206,SEG-MASS,2019-04-07,,True
CSH0003207,CUS0003207,SEG-AFFL,2024-11-05,,True
CSH0003208,CUS0003208,SEG-MAFF,2024-02-08,,True
CSH0003209,CUS0003209,SEG-SME,2025-09-13,,True
CSH0003210,CUS0003210,SEG-MASS,2024-04-18,,True
CSH0003211,CUS0003211,SEG-SME,2020-12-17,,True
CSH0003212,CUS0003212,SEG-MAFF,2020-04-07,,True
CSH0003213,CUS0003213,SEG-AFFL,2025-03-25,,True
CSH0003214,CUS0003214,SEG-AFFL,2018-01-19,,True
CSH0003215,CUS0003215,SEG-PRIV,2020-05-02,,True
CSH0003216,CUS0003216,SEG-CORP,2019-11-10,,True
CSH0003217,CUS0003217,SEG-SME,2025-02-24,,True
CSH0003218,CUS0003218,SEG-SME,2018-04-26,,True
CSH0003219,CUS0003219,SEG-MAFF,2018-06-26,,True
CSH0003220,CUS0003220,SEG-MASS,2025-04-18,,True
CSH0003221,CUS0003221,SEG-MAFF,2024-02-05,,True
CSH0003222,CUS0003222,SEG-MAFF,2020-04-28,,True
CSH0003223,CUS0003223,SEG-MAFF,2018-12-01,,True
CSH0003224,CUS0003224,SEG-AFFL,2024-05-16,,True
CSH0003225,CUS0003225,SEG-MAFF,2021-02-10,,True
CSH0003226,CUS0003226,SEG-MASS,2022-07-16,,True
CSH0003227,CUS0003227,SEG-MAFF,2025-05-24,,True
CSH0003228,CUS0003228,SEG-CORP,2025-05-23,,True
CSH0003229,CUS0003229,SEG-AFFL,2023-01-22,,True
CSH0003230,CUS0003230,SEG-CORP,2020-01-03,,True
CSH0003231,CUS0003231,SEG-AFFL,2022-12-05,,True
CSH0003232,CUS0003232,SEG-MASS,2024-07-10,,True
CSH0003233,CUS0003233,SEG-MAFF,2018-10-17,,True
CSH0003234,CUS0003234,SEG-MAFF,2025-06-12,,True
CSH0003235,CUS0003235,SEG-MASS,2024-10-04,,True
CSH0003236,CUS0003236,SEG-PRIV,2018-04-16,,True
CSH0003237,CUS0003237,SEG-MASS,2023-02-21,,True
CSH0003238,CUS0003238,SEG-MASS,2019-03-29,,True
CSH0003239,CUS0003239,SEG-MASS,2023-11-11,,True
CSH0003240,CUS0003240,SEG-MASS,2026-01-16,,True
CSH0003241,CUS0003241,SEG-AFFL,2021-05-17,,True
CSH0003242,CUS0003242,SEG-CORP,2026-02-03,,True
CSH0003243,CUS0003243,SEG-AFFL,2019-08-14,,True
CSH0003244,CUS0003244,SEG-SME,2018-10-11,,True
CSH0003245,CUS0003245,SEG-SME,2023-12-02,,True
CSH0003246,CUS0003246,SEG-MASS,2023-01-25,,True
CSH0003247,CUS0003247,SEG-MAFF,2023-11-08,,True
CSH0003248,CUS0003248,SEG-MASS,2025-03-17,,True
CSH0003249,CUS0003249,SEG-MASS,2018-08-03,,True
CSH0003250,CUS0003250,SEG-AFFL,2018-01-29,,True
CSH0003251,CUS0003251,SEG-MAFF,2023-01-30,,True
CSH0003252,CUS0003252,SEG-AFFL,2023-09-28,,True
CSH0003253,CUS0003253,SEG-AFFL,2024-01-19,,True
CSH0003254,CUS0003254,SEG-MAFF,2025-03-05,,True
CSH0003255,CUS0003255,SEG-PRIV,2021-03-19,,True
CSH0003256,CUS0003256,SEG-AFFL,2025-12-05,,True
CSH0003257,CUS0003257,SEG-CORP,2025-01-09,,True
CSH0003258,CUS0003258,SEG-MAFF,2022-05-21,,True
CSH0003259,CUS0003259,SEG-AFFL,2024-05-12,,True
CSH0003260,CUS0003260,SEG-SME,2020-07-01,,True
CSH0003261,CUS0003261,SEG-SME,2026-03-15,,True
CSH0003262,CUS0003262,SEG-MASS,2025-09-13,,True
CSH0003263,CUS0003263,SEG-MASS,2024-06-14,,True
CSH0003264,CUS0003264,SEG-MAFF,2022-02-06,,True
CSH0003265,CUS0003265,SEG-AFFL,2024-01-19,,True
CSH0003266,CUS0003266,SEG-MASS,2022-06-17,,True
CSH0003267,CUS0003267,SEG-AFFL,2024-08-04,,True
CSH0003268,CUS0003268,SEG-AFFL,2022-07-03,,True
CSH0003269,CUS0003269,SEG-AFFL,2025-07-13,,True
CSH0003270,CUS0003270,SEG-AFFL,2023-07-02,,True
CSH0003271,CUS0003271,SEG-AFFL,2018-06-06,,True
CSH0003272,CUS0003272,SEG-AFFL,2022-12-25,,True
CSH0003273,CUS0003273,SEG-MASS,2021-12-30,,True
CSH0003274,CUS0003274,SEG-MASS,2020-06-05,,True
CSH0003275,CUS0003275,SEG-MASS,2025-12-08,,True
CSH0003276,CUS0003276,SEG-AFFL,2021-12-08,,True
CSH0003277,CUS0003277,SEG-AFFL,2021-02-10,,True
CSH0003278,CUS0003278,SEG-MASS,2018-05-08,,True
CSH0003279,CUS0003279,SEG-MAFF,2025-11-12,,True
CSH0003280,CUS0003280,SEG-AFFL,2018-02-13,,True
CSH0003281,CUS0003281,SEG-AFFL,2024-07-25,,True
CSH0003282,CUS0003282,SEG-AFFL,2025-09-21,,True
CSH0003283,CUS0003283,SEG-AFFL,2025-03-25,,True
CSH0003284,CUS0003284,SEG-CORP,2019-02-28,,True
CSH0003285,CUS0003285,SEG-PRIV,2025-12-09,,True
CSH0003286,CUS0003286,SEG-AFFL,2026-04-15,,True
CSH0003287,CUS0003287,SEG-AFFL,2025-09-15,,True
CSH0003288,CUS0003288,SEG-MASS,2018-03-30,,True
CSH0003289,CUS0003289,SEG-AFFL,2019-12-02,,True
CSH0003290,CUS0003290,SEG-MAFF,2020-04-04,,True
CSH0003291,CUS0003291,SEG-MASS,2019-09-09,,True
CSH0003292,CUS0003292,SEG-MAFF,2024-07-30,,True
CSH0003293,CUS0003293,SEG-PRIV,2019-02-14,,True
CSH0003294,CUS0003294,SEG-AFFL,2019-09-03,,True
CSH0003295,CUS0003295,SEG-MAFF,2023-01-26,,True
CSH0003296,CUS0003296,SEG-SME,2022-05-29,,True
CSH0003297,CUS0003297,SEG-AFFL,2020-04-25,,True
CSH0003298,CUS0003298,SEG-MAFF,2022-07-12,,True
CSH0003299,CUS0003299,SEG-CORP,2018-12-05,,True
CSH0003300,CUS0003300,SEG-MAFF,2023-08-01,,True
CSH0003301,CUS0003301,SEG-CORP,2024-05-04,,True
CSH0003302,CUS0003302,SEG-AFFL,2021-10-04,,True
CSH0003303,CUS0003303,SEG-MAFF,2018-07-26,,True
CSH0003304,CUS0003304,SEG-CORP,2018-10-09,,True
CSH0003305,CUS0003305,SEG-MASS,2018-06-18,,True
CSH0003306,CUS0003306,SEG-MASS,2023-07-23,,True
CSH0003307,CUS0003307,SEG-CORP,2022-04-25,,True
CSH0003308,CUS0003308,SEG-MASS,2025-08-22,,True
CSH0003309,CUS0003309,SEG-MASS,2025-06-10,,True
CSH0003310,CUS0003310,SEG-PRIV,2021-03-30,,True
CSH0003311,CUS0003311,SEG-MAFF,2024-01-06,,True
CSH0003312,CUS0003312,SEG-MAFF,2018-02-12,,True
CSH0003313,CUS0003313,SEG-MAFF,2023-08-14,,True
CSH0003314,CUS0003314,SEG-MASS,2018-04-03,,True
CSH0003315,CUS0003315,SEG-PRIV,2021-12-20,,True
CSH0003316,CUS0003316,SEG-AFFL,2019-11-14,,True
CSH0003317,CUS0003317,SEG-MASS,2021-05-03,,True
CSH0003318,CUS0003318,SEG-MASS,2021-04-09,,True
CSH0003319,CUS0003319,SEG-MAFF,2019-07-28,,True
CSH0003320,CUS0003320,SEG-MASS,2024-02-12,,True
CSH0003321,CUS0003321,SEG-MAFF,2021-11-28,,True
CSH0003322,CUS0003322,SEG-MAFF,2020-05-12,,True
CSH0003323,CUS0003323,SEG-AFFL,2026-04-19,,True
CSH0003324,CUS0003324,SEG-AFFL,2020-09-10,,True
CSH0003325,CUS0003325,SEG-AFFL,2025-09-17,,True
CSH0003326,CUS0003326,SEG-MAFF,2020-07-24,,True
CSH0003327,CUS0003327,SEG-PRIV,2019-08-21,,True
CSH0003328,CUS0003328,SEG-MASS,2018-05-17,,True
CSH0003329,CUS0003329,SEG-AFFL,2018-09-14,,True
CSH0003330,CUS0003330,SEG-AFFL,2024-06-04,,True
CSH0003331,CUS0003331,SEG-SME,2020-07-10,,True
CSH0003332,CUS0003332,SEG-MAFF,2025-09-02,,True
CSH0003333,CUS0003333,SEG-MASS,2021-03-01,,True
CSH0003334,CUS0003334,SEG-AFFL,2020-07-31,,True
CSH0003335,CUS0003335,SEG-CORP,2023-09-03,,True
CSH0003336,CUS0003336,SEG-MAFF,2020-01-14,,True
CSH0003337,CUS0003337,SEG-AFFL,2023-03-26,,True
CSH0003338,CUS0003338,SEG-PRIV,2023-07-22,,True
CSH0003339,CUS0003339,SEG-SME,2024-01-03,,True
CSH0003340,CUS0003340,SEG-MAFF,2024-06-08,,True
CSH0003341,CUS0003341,SEG-MASS,2024-09-19,,True
CSH0003342,CUS0003342,SEG-PRIV,2019-01-24,,True
CSH0003343,CUS0003343,SEG-SME,2024-05-07,,True
CSH0003344,CUS0003344,SEG-MAFF,2019-04-12,,True
CSH0003345,CUS0003345,SEG-MASS,2020-01-30,,True
CSH0003346,CUS0003346,SEG-CORP,2022-04-06,,True
CSH0003347,CUS0003347,SEG-MAFF,2023-12-02,,True
CSH0003348,CUS0003348,SEG-MASS,2021-01-16,,True
CSH0003349,CUS0003349,SEG-AFFL,2020-12-29,,True
CSH0003350,CUS0003350,SEG-MASS,2020-07-28,,True
CSH0003351,CUS0003351,SEG-CORP,2020-06-14,,True
CSH0003352,CUS0003352,SEG-AFFL,2022-04-02,,True
CSH0003353,CUS0003353,SEG-MASS,2024-12-03,,True
CSH0003354,CUS0003354,SEG-MAFF,2025-02-28,,True
CSH0003355,CUS0003355,SEG-AFFL,2025-10-02,,True
CSH0003356,CUS0003356,SEG-MAFF,2019-11-18,,True
CSH0003357,CUS0003357,SEG-PRIV,2020-05-18,,True
CSH0003358,CUS0003358,SEG-AFFL,2018-12-18,,True
CSH0003359,CUS0003359,SEG-MAFF,2025-04-19,,True
CSH0003360,CUS0003360,SEG-AFFL,2025-02-28,,True
CSH0003361,CUS0003361,SEG-AFFL,2024-12-17,,True
CSH0003362,CUS0003362,SEG-SME,2020-01-23,,True
CSH0003363,CUS0003363,SEG-MASS,2020-05-19,,True
CSH0003364,CUS0003364,SEG-MAFF,2022-06-16,,True
CSH0003365,CUS0003365,SEG-AFFL,2023-09-12,,True
CSH0003366,CUS0003366,SEG-PRIV,2024-06-06,,True
CSH0003367,CUS0003367,SEG-MAFF,2021-07-22,,True
CSH0003368,CUS0003368,SEG-PRIV,2024-11-10,,True
CSH0003369,CUS0003369,SEG-CORP,2023-06-01,,True
CSH0003370,CUS0003370,SEG-AFFL,2019-02-16,,True
CSH0003371,CUS0003371,SEG-MAFF,2020-07-07,,True
CSH0003372,CUS0003372,SEG-MASS,2022-07-25,,True
CSH0003373,CUS0003373,SEG-AFFL,2025-07-21,,True
CSH0003374,CUS0003374,SEG-SME,2020-04-08,,True
CSH0003375,CUS0003375,SEG-AFFL,2023-12-27,,True
CSH0003376,CUS0003376,SEG-AFFL,2021-12-30,,True
CSH0003377,CUS0003377,SEG-MASS,2021-04-18,,True
CSH0003378,CUS0003378,SEG-PRIV,2018-11-08,,True
CSH0003379,CUS0003379,SEG-AFFL,2022-01-18,,True
CSH0003380,CUS0003380,SEG-AFFL,2025-04-02,,True
CSH0003381,CUS0003381,SEG-PRIV,2025-07-26,,True
CSH0003382,CUS0003382,SEG-CORP,2026-02-17,,True
CSH0003383,CUS0003383,SEG-MASS,2021-01-05,,True
CSH0003384,CUS0003384,SEG-AFFL,2022-12-26,,True
CSH0003385,CUS0003385,SEG-MASS,2026-01-21,,True
CSH0003386,CUS0003386,SEG-AFFL,2023-10-21,,True
CSH0003387,CUS0003387,SEG-SME,2021-01-03,,True
CSH0003388,CUS0003388,SEG-SME,2021-11-15,,True
CSH0003389,CUS0003389,SEG-CORP,2023-08-14,,True
CSH0003390,CUS0003390,SEG-MAFF,2020-08-05,,True
CSH0003391,CUS0003391,SEG-CORP,2018-11-06,,True
CSH0003392,CUS0003392,SEG-MAFF,2024-04-11,,True
CSH0003393,CUS0003393,SEG-AFFL,2025-01-17,,True
CSH0003394,CUS0003394,SEG-MAFF,2022-04-02,,True
CSH0003395,CUS0003395,SEG-MASS,2021-11-24,,True
CSH0003396,CUS0003396,SEG-AFFL,2022-05-27,,True
CSH0003397,CUS0003397,SEG-MAFF,2019-09-14,,True
CSH0003398,CUS0003398,SEG-AFFL,2020-06-14,,True
CSH0003399,CUS0003399,SEG-AFFL,2022-11-10,,True
CSH0003400,CUS0003400,SEG-MASS,2021-01-03,,True
CSH0003401,CUS0003401,SEG-AFFL,2019-03-26,,True
CSH0003402,CUS0003402,SEG-MASS,2020-05-07,,True
CSH0003403,CUS0003403,SEG-MAFF,2023-09-10,,True
CSH0003404,CUS0003404,SEG-SME,2022-04-23,,True
CSH0003405,CUS0003405,SEG-SME,2025-02-08,,True
CSH0003406,CUS0003406,SEG-PRIV,2022-05-07,,True
CSH0003407,CUS0003407,SEG-MASS,2025-07-02,,True
CSH0003408,CUS0003408,SEG-MASS,2020-03-31,,True
CSH0003409,CUS0003409,SEG-SME,2025-08-18,,True
CSH0003410,CUS0003410,SEG-AFFL,2018-09-27,,True
CSH0003411,CUS0003411,SEG-SME,2024-06-04,,True
CSH0003412,CUS0003412,SEG-MAFF,2026-04-05,,True
CSH0003413,CUS0003413,SEG-MASS,2023-05-27,,True
CSH0003414,CUS0003414,SEG-MAFF,2024-08-25,,True
CSH0003415,CUS0003415,SEG-PRIV,2023-12-29,,True
CSH0003416,CUS0003416,SEG-MASS,2025-10-05,,True
CSH0003417,CUS0003417,SEG-AFFL,2021-05-09,,True
CSH0003418,CUS0003418,SEG-AFFL,2024-03-16,,True
CSH0003419,CUS0003419,SEG-MAFF,2024-05-09,,True
CSH0003420,CUS0003420,SEG-AFFL,2026-04-12,,True
CSH0003421,CUS0003421,SEG-SME,2019-06-30,,True
CSH0003422,CUS0003422,SEG-MASS,2021-06-16,,True
CSH0003423,CUS0003423,SEG-MASS,2020-12-13,,True
CSH0003424,CUS0003424,SEG-MASS,2023-12-20,,True
CSH0003425,CUS0003425,SEG-AFFL,2024-08-16,,True
CSH0003426,CUS0003426,SEG-MASS,2026-03-16,,True
CSH0003427,CUS0003427,SEG-CORP,2024-09-27,,True
CSH0003428,CUS0003428,SEG-AFFL,2024-03-06,,True
CSH0003429,CUS0003429,SEG-MASS,2023-12-15,,True
CSH0003430,CUS0003430,SEG-AFFL,2023-08-31,,True
CSH0003431,CUS0003431,SEG-AFFL,2022-07-09,,True
CSH0003432,CUS0003432,SEG-MAFF,2022-09-30,,True
CSH0003433,CUS0003433,SEG-AFFL,2019-01-11,,True
CSH0003434,CUS0003434,SEG-AFFL,2021-09-17,,True
CSH0003435,CUS0003435,SEG-PRIV,2025-08-22,,True
CSH0003436,CUS0003436,SEG-MAFF,2024-03-06,,True
CSH0003437,CUS0003437,SEG-AFFL,2020-08-12,,True
CSH0003438,CUS0003438,SEG-MAFF,2022-03-13,,True
CSH0003439,CUS0003439,SEG-MAFF,2025-01-13,,True
CSH0003440,CUS0003440,SEG-AFFL,2021-04-16,,True
CSH0003441,CUS0003441,SEG-PRIV,2021-05-14,,True
CSH0003442,CUS0003442,SEG-MASS,2018-11-14,,True
CSH0003443,CUS0003443,SEG-AFFL,2023-07-07,,True
CSH0003444,CUS0003444,SEG-AFFL,2020-12-17,,True
CSH0003445,CUS0003445,SEG-MAFF,2021-10-04,,True
CSH0003446,CUS0003446,SEG-MASS,2023-09-28,,True
CSH0003447,CUS0003447,SEG-MASS,2022-11-26,,True
CSH0003448,CUS0003448,SEG-MASS,2019-05-01,,True
CSH0003449,CUS0003449,SEG-SME,2021-08-27,,True
CSH0003450,CUS0003450,SEG-MAFF,2025-01-15,,True
CSH0003451,CUS0003451,SEG-AFFL,2022-10-31,,True
CSH0003452,CUS0003452,SEG-MASS,2019-02-22,,True
CSH0003453,CUS0003453,SEG-CORP,2023-02-13,,True
CSH0003454,CUS0003454,SEG-AFFL,2023-09-22,,True
CSH0003455,CUS0003455,SEG-CORP,2018-04-29,,True
CSH0003456,CUS0003456,SEG-AFFL,2023-09-05,,True
CSH0003457,CUS0003457,SEG-SME,2018-08-02,,True
CSH0003458,CUS0003458,SEG-MASS,2024-03-01,,True
CSH0003459,CUS0003459,SEG-AFFL,2022-05-06,,True
CSH0003460,CUS0003460,SEG-MAFF,2020-01-22,,True
CSH0003461,CUS0003461,SEG-AFFL,2022-10-12,,True
CSH0003462,CUS0003462,SEG-AFFL,2024-05-11,,True
CSH0003463,CUS0003463,SEG-AFFL,2018-12-08,,True
CSH0003464,CUS0003464,SEG-MASS,2025-01-08,,True
CSH0003465,CUS0003465,SEG-MAFF,2025-05-02,,True
CSH0003466,CUS0003466,SEG-MAFF,2018-08-17,,True
CSH0003467,CUS0003467,SEG-MAFF,2019-09-20,,True
CSH0003468,CUS0003468,SEG-MASS,2025-08-13,,True
CSH0003469,CUS0003469,SEG-AFFL,2024-04-23,,True
CSH0003470,CUS0003470,SEG-AFFL,2019-12-18,,True
CSH0003471,CUS0003471,SEG-AFFL,2023-09-13,,True
CSH0003472,CUS0003472,SEG-MASS,2021-10-20,,True
CSH0003473,CUS0003473,SEG-PRIV,2023-02-13,,True
CSH0003474,CUS0003474,SEG-AFFL,2018-01-17,,True
CSH0003475,CUS0003475,SEG-MASS,2024-02-28,,True
CSH0003476,CUS0003476,SEG-MAFF,2020-03-10,,True
CSH0003477,CUS0003477,SEG-MASS,2021-07-30,,True
CSH0003478,CUS0003478,SEG-MAFF,2019-02-15,,True
CSH0003479,CUS0003479,SEG-AFFL,2019-07-07,,True
CSH0003480,CUS0003480,SEG-MAFF,2023-03-19,,True
CSH0003481,CUS0003481,SEG-MASS,2019-08-14,,True
CSH0003482,CUS0003482,SEG-PRIV,2020-06-01,,True
CSH0003483,CUS0003483,SEG-CORP,2020-07-02,,True
CSH0003484,CUS0003484,SEG-AFFL,2026-04-18,,True
CSH0003485,CUS0003485,SEG-PRIV,2024-12-12,,True
CSH0003486,CUS0003486,SEG-AFFL,2025-08-18,,True
CSH0003487,CUS0003487,SEG-CORP,2025-11-08,,True
CSH0003488,CUS0003488,SEG-MAFF,2025-05-13,,True
CSH0003489,CUS0003489,SEG-MAFF,2025-03-02,,True
CSH0003490,CUS0003490,SEG-MAFF,2018-03-20,,True
CSH0003491,CUS0003491,SEG-MASS,2018-05-24,,True
CSH0003492,CUS0003492,SEG-MASS,2024-02-25,,True
CSH0003493,CUS0003493,SEG-MASS,2024-05-01,,True
CSH0003494,CUS0003494,SEG-MAFF,2024-02-24,,True
CSH0003495,CUS0003495,SEG-CORP,2018-06-07,,True
CSH0003496,CUS0003496,SEG-AFFL,2025-09-24,,True
CSH0003497,CUS0003497,SEG-MAFF,2018-07-20,,True
CSH0003498,CUS0003498,SEG-AFFL,2018-07-03,,True
CSH0003499,CUS0003499,SEG-MAFF,2020-08-18,,True
CSH0003500,CUS0003500,SEG-AFFL,2024-03-13,,True
CSH0003501,CUS0003501,SEG-AFFL,2023-09-30,,True
CSH0003502,CUS0003502,SEG-AFFL,2025-06-11,,True
CSH0003503,CUS0003503,SEG-MAFF,2025-10-25,,True
CSH0003504,CUS0003504,SEG-SME,2019-11-10,,True
CSH0003505,CUS0003505,SEG-MASS,2022-05-23,,True
CSH0003506,CUS0003506,SEG-AFFL,2023-10-06,,True
CSH0003507,CUS0003507,SEG-MASS,2022-01-27,,True
CSH0003508,CUS0003508,SEG-AFFL,2024-01-29,,True
CSH0003509,CUS0003509,SEG-MASS,2022-01-19,,True
CSH0003510,CUS0003510,SEG-AFFL,2024-08-23,,True
CSH0003511,CUS0003511,SEG-AFFL,2018-01-03,,True
CSH0003512,CUS0003512,SEG-MASS,2025-05-29,,True
CSH0003513,CUS0003513,SEG-MAFF,2018-06-27,,True
CSH0003514,CUS0003514,SEG-CORP,2023-10-26,,True
CSH0003515,CUS0003515,SEG-CORP,2023-01-04,,True
CSH0003516,CUS0003516,SEG-SME,2026-03-25,,True
CSH0003517,CUS0003517,SEG-MAFF,2024-09-04,,True
CSH0003518,CUS0003518,SEG-MASS,2026-04-26,,True
CSH0003519,CUS0003519,SEG-MAFF,2020-07-24,,True
CSH0003520,CUS0003520,SEG-CORP,2023-10-13,,True
CSH0003521,CUS0003521,SEG-MAFF,2023-12-12,,True
CSH0003522,CUS0003522,SEG-PRIV,2020-01-13,,True
CSH0003523,CUS0003523,SEG-AFFL,2018-06-19,,True
CSH0003524,CUS0003524,SEG-MASS,2018-06-01,,True
CSH0003525,CUS0003525,SEG-MASS,2025-04-25,,True
CSH0003526,CUS0003526,SEG-AFFL,2019-09-16,,True
CSH0003527,CUS0003527,SEG-CORP,2024-11-18,,True
CSH0003528,CUS0003528,SEG-MAFF,2018-10-19,,True
CSH0003529,CUS0003529,SEG-MASS,2020-01-23,,True
CSH0003530,CUS0003530,SEG-MAFF,2018-06-02,,True
CSH0003531,CUS0003531,SEG-AFFL,2022-05-19,,True
CSH0003532,CUS0003532,SEG-PRIV,2021-07-12,,True
CSH0003533,CUS0003533,SEG-AFFL,2024-03-02,,True
CSH0003534,CUS0003534,SEG-CORP,2019-01-25,,True
CSH0003535,CUS0003535,SEG-PRIV,2019-04-06,,True
CSH0003536,CUS0003536,SEG-MAFF,2018-12-02,,True
CSH0003537,CUS0003537,SEG-AFFL,2025-03-03,,True
CSH0003538,CUS0003538,SEG-MASS,2019-05-11,,True
CSH0003539,CUS0003539,SEG-MAFF,2021-05-17,,True
CSH0003540,CUS0003540,SEG-PRIV,2021-01-17,,True
CSH0003541,CUS0003541,SEG-PRIV,2024-04-20,,True
CSH0003542,CUS0003542,SEG-MAFF,2022-03-11,,True
CSH0003543,CUS0003543,SEG-MAFF,2020-03-04,,True
CSH0003544,CUS0003544,SEG-PRIV,2022-06-17,,True
CSH0003545,CUS0003545,SEG-MAFF,2019-01-25,,True
CSH0003546,CUS0003546,SEG-MAFF,2021-02-20,,True
CSH0003547,CUS0003547,SEG-MASS,2023-08-16,,True
CSH0003548,CUS0003548,SEG-MAFF,2025-04-18,,True
CSH0003549,CUS0003549,SEG-MAFF,2022-12-15,,True
CSH0003550,CUS0003550,SEG-MAFF,2019-10-20,,True
CSH0003551,CUS0003551,SEG-AFFL,2018-01-20,,True
CSH0003552,CUS0003552,SEG-MASS,2026-04-03,,True
CSH0003553,CUS0003553,SEG-CORP,2018-01-14,,True
CSH0003554,CUS0003554,SEG-MASS,2018-10-25,,True
CSH0003555,CUS0003555,SEG-MAFF,2018-01-25,,True
CSH0003556,CUS0003556,SEG-MASS,2019-04-05,,True
CSH0003557,CUS0003557,SEG-PRIV,2025-01-31,,True
CSH0003558,CUS0003558,SEG-MAFF,2023-05-26,,True
CSH0003559,CUS0003559,SEG-MASS,2022-12-05,,True
CSH0003560,CUS0003560,SEG-AFFL,2024-03-28,,True
CSH0003561,CUS0003561,SEG-MAFF,2026-04-06,,True
CSH0003562,CUS0003562,SEG-AFFL,2020-05-30,,True
CSH0003563,CUS0003563,SEG-AFFL,2023-07-09,,True
CSH0003564,CUS0003564,SEG-AFFL,2022-05-14,,True
CSH0003565,CUS0003565,SEG-CORP,2023-12-10,,True
CSH0003566,CUS0003566,SEG-MAFF,2022-07-27,,True
CSH0003567,CUS0003567,SEG-MAFF,2020-04-13,,True
CSH0003568,CUS0003568,SEG-SME,2020-01-18,,True
CSH0003569,CUS0003569,SEG-MAFF,2024-01-10,,True
CSH0003570,CUS0003570,SEG-AFFL,2023-09-09,,True
CSH0003571,CUS0003571,SEG-AFFL,2021-03-13,,True
CSH0003572,CUS0003572,SEG-MASS,2022-09-19,,True
CSH0003573,CUS0003573,SEG-MASS,2023-10-14,,True
CSH0003574,CUS0003574,SEG-CORP,2019-11-28,,True
CSH0003575,CUS0003575,SEG-AFFL,2022-12-08,,True
CSH0003576,CUS0003576,SEG-MAFF,2019-10-12,,True
CSH0003577,CUS0003577,SEG-MAFF,2020-07-23,,True
CSH0003578,CUS0003578,SEG-CORP,2025-09-10,,True
CSH0003579,CUS0003579,SEG-AFFL,2018-05-24,,True
CSH0003580,CUS0003580,SEG-AFFL,2025-01-02,,True
CSH0003581,CUS0003581,SEG-MAFF,2019-02-22,,True
CSH0003582,CUS0003582,SEG-MAFF,2019-10-29,,True
CSH0003583,CUS0003583,SEG-AFFL,2020-03-23,,True
CSH0003584,CUS0003584,SEG-AFFL,2024-08-15,,True
CSH0003585,CUS0003585,SEG-SME,2025-05-21,,True
CSH0003586,CUS0003586,SEG-CORP,2018-06-27,,True
CSH0003587,CUS0003587,SEG-MAFF,2018-03-05,,True
CSH0003588,CUS0003588,SEG-MAFF,2018-12-26,,True
CSH0003589,CUS0003589,SEG-MAFF,2024-12-30,,True
CSH0003590,CUS0003590,SEG-AFFL,2019-11-17,,True
CSH0003591,CUS0003591,SEG-MAFF,2020-05-22,,True
CSH0003592,CUS0003592,SEG-AFFL,2023-08-03,,True
CSH0003593,CUS0003593,SEG-MASS,2021-01-06,,True
CSH0003594,CUS0003594,SEG-MAFF,2021-05-30,,True
CSH0003595,CUS0003595,SEG-SME,2021-08-09,,True
CSH0003596,CUS0003596,SEG-AFFL,2023-12-17,,True
CSH0003597,CUS0003597,SEG-MAFF,2019-05-13,,True
CSH0003598,CUS0003598,SEG-AFFL,2025-07-21,,True
CSH0003599,CUS0003599,SEG-MAFF,2019-04-01,,True
CSH0003600,CUS0003600,SEG-MAFF,2024-01-07,,True
CSH0003601,CUS0003601,SEG-PRIV,2025-10-16,,True
CSH0003602,CUS0003602,SEG-MAFF,2019-07-29,,True
CSH0003603,CUS0003603,SEG-MAFF,2018-01-28,,True
CSH0003604,CUS0003604,SEG-SME,2022-02-18,,True
CSH0003605,CUS0003605,SEG-MASS,2021-07-23,,True
CSH0003606,CUS0003606,SEG-SME,2023-04-05,,True
CSH0003607,CUS0003607,SEG-AFFL,2024-03-14,,True
CSH0003608,CUS0003608,SEG-MAFF,2018-09-26,,True
CSH0003609,CUS0003609,SEG-MASS,2024-01-02,,True
CSH0003610,CUS0003610,SEG-MAFF,2018-07-03,,True
CSH0003611,CUS0003611,SEG-MASS,2020-01-21,,True
CSH0003612,CUS0003612,SEG-CORP,2025-04-28,,True
CSH0003613,CUS0003613,SEG-AFFL,2024-04-21,,True
CSH0003614,CUS0003614,SEG-MASS,2024-08-04,,True
CSH0003615,CUS0003615,SEG-AFFL,2024-06-14,,True
CSH0003616,CUS0003616,SEG-CORP,2020-12-10,,True
CSH0003617,CUS0003617,SEG-AFFL,2020-06-01,,True
CSH0003618,CUS0003618,SEG-SME,2021-05-22,,True
CSH0003619,CUS0003619,SEG-AFFL,2019-10-09,,True
CSH0003620,CUS0003620,SEG-SME,2018-03-03,,True
CSH0003621,CUS0003621,SEG-AFFL,2019-04-17,,True
CSH0003622,CUS0003622,SEG-CORP,2024-01-12,,True
CSH0003623,CUS0003623,SEG-MAFF,2022-02-21,,True
CSH0003624,CUS0003624,SEG-AFFL,2022-06-17,,True
CSH0003625,CUS0003625,SEG-MASS,2020-07-23,,True
CSH0003626,CUS0003626,SEG-MAFF,2022-02-14,,True
CSH0003627,CUS0003627,SEG-MASS,2021-07-11,,True
CSH0003628,CUS0003628,SEG-SME,2023-02-23,,True
CSH0003629,CUS0003629,SEG-MAFF,2024-08-22,,True
CSH0003630,CUS0003630,SEG-MAFF,2021-03-07,,True
CSH0003631,CUS0003631,SEG-MAFF,2019-02-24,,True
CSH0003632,CUS0003632,SEG-SME,2019-09-05,,True
CSH0003633,CUS0003633,SEG-MAFF,2022-12-22,,True
CSH0003634,CUS0003634,SEG-MASS,2019-10-17,,True
CSH0003635,CUS0003635,SEG-CORP,2019-08-09,,True
CSH0003636,CUS0003636,SEG-AFFL,2021-12-28,,True
CSH0003637,CUS0003637,SEG-MASS,2024-03-10,,True
CSH0003638,CUS0003638,SEG-SME,2025-08-19,,True
CSH0003639,CUS0003639,SEG-MAFF,2025-02-18,,True
CSH0003640,CUS0003640,SEG-AFFL,2020-04-28,,True
CSH0003641,CUS0003641,SEG-MASS,2022-05-12,,True
CSH0003642,CUS0003642,SEG-SME,2021-09-06,,True
CSH0003643,CUS0003643,SEG-AFFL,2019-01-22,,True
CSH0003644,CUS0003644,SEG-MASS,2025-07-14,,True
CSH0003645,CUS0003645,SEG-AFFL,2025-12-26,,True
CSH0003646,CUS0003646,SEG-SME,2023-10-12,,True
CSH0003647,CUS0003647,SEG-MASS,2019-07-07,,True
CSH0003648,CUS0003648,SEG-CORP,2023-05-13,,True
CSH0003649,CUS0003649,SEG-MASS,2025-04-27,,True
CSH0003650,CUS0003650,SEG-PRIV,2021-01-14,,True
CSH0003651,CUS0003651,SEG-MAFF,2019-02-25,,True
CSH0003652,CUS0003652,SEG-AFFL,2026-03-21,,True
CSH0003653,CUS0003653,SEG-SME,2019-09-29,,True
CSH0003654,CUS0003654,SEG-MASS,2025-11-05,,True
CSH0003655,CUS0003655,SEG-MASS,2021-01-22,,True
CSH0003656,CUS0003656,SEG-SME,2019-03-20,,True
CSH0003657,CUS0003657,SEG-MASS,2023-11-28,,True
CSH0003658,CUS0003658,SEG-MAFF,2024-08-16,,True
CSH0003659,CUS0003659,SEG-MASS,2019-11-13,,True
CSH0003660,CUS0003660,SEG-MAFF,2025-04-30,,True
CSH0003661,CUS0003661,SEG-MASS,2020-07-14,,True
CSH0003662,CUS0003662,SEG-MAFF,2018-08-11,,True
CSH0003663,CUS0003663,SEG-AFFL,2023-09-20,,True
CSH0003664,CUS0003664,SEG-MAFF,2018-01-26,,True
CSH0003665,CUS0003665,SEG-AFFL,2022-06-02,,True
CSH0003666,CUS0003666,SEG-MASS,2019-10-22,,True
CSH0003667,CUS0003667,SEG-PRIV,2025-08-12,,True
CSH0003668,CUS0003668,SEG-CORP,2021-12-31,,True
CSH0003669,CUS0003669,SEG-MAFF,2024-07-21,,True
CSH0003670,CUS0003670,SEG-MAFF,2024-03-24,,True
CSH0003671,CUS0003671,SEG-MASS,2023-09-21,,True
CSH0003672,CUS0003672,SEG-AFFL,2025-05-07,,True
CSH0003673,CUS0003673,SEG-MASS,2020-02-14,,True
CSH0003674,CUS0003674,SEG-AFFL,2023-10-12,,True
CSH0003675,CUS0003675,SEG-PRIV,2018-07-06,,True
CSH0003676,CUS0003676,SEG-AFFL,2025-10-13,,True
CSH0003677,CUS0003677,SEG-AFFL,2018-08-09,,True
CSH0003678,CUS0003678,SEG-MASS,2023-04-08,,True
CSH0003679,CUS0003679,SEG-AFFL,2018-04-07,,True
CSH0003680,CUS0003680,SEG-AFFL,2026-02-05,,True
CSH0003681,CUS0003681,SEG-PRIV,2019-06-23,,True
CSH0003682,CUS0003682,SEG-MAFF,2025-09-29,,True
CSH0003683,CUS0003683,SEG-MASS,2021-02-05,,True
CSH0003684,CUS0003684,SEG-MAFF,2022-01-05,,True
CSH0003685,CUS0003685,SEG-MAFF,2021-04-11,,True
CSH0003686,CUS0003686,SEG-MAFF,2022-05-27,,True
CSH0003687,CUS0003687,SEG-MASS,2023-05-10,,True
CSH0003688,CUS0003688,SEG-MAFF,2025-02-26,,True
CSH0003689,CUS0003689,SEG-AFFL,2022-02-07,,True
CSH0003690,CUS0003690,SEG-SME,2019-07-14,,True
CSH0003691,CUS0003691,SEG-AFFL,2018-11-23,,True
CSH0003692,CUS0003692,SEG-MAFF,2018-12-19,,True
CSH0003693,CUS0003693,SEG-AFFL,2019-06-23,,True
CSH0003694,CUS0003694,SEG-AFFL,2023-02-12,,True
CSH0003695,CUS0003695,SEG-MASS,2019-02-06,,True
CSH0003696,CUS0003696,SEG-MASS,2021-12-22,,True
CSH0003697,CUS0003697,SEG-MAFF,2020-08-30,,True
CSH0003698,CUS0003698,SEG-AFFL,2025-05-27,,True
CSH0003699,CUS0003699,SEG-MASS,2021-06-12,,True
CSH0003700,CUS0003700,SEG-SME,2023-01-27,,True
CSH0003701,CUS0003701,SEG-AFFL,2018-10-06,,True
CSH0003702,CUS0003702,SEG-MASS,2023-12-04,,True
CSH0003703,CUS0003703,SEG-PRIV,2020-08-30,,True
CSH0003704,CUS0003704,SEG-AFFL,2022-05-02,,True
CSH0003705,CUS0003705,SEG-AFFL,2024-03-22,,True
CSH0003706,CUS0003706,SEG-MAFF,2026-03-07,,True
CSH0003707,CUS0003707,SEG-MAFF,2019-01-27,,True
CSH0003708,CUS0003708,SEG-MAFF,2021-11-15,,True
CSH0003709,CUS0003709,SEG-AFFL,2022-03-07,,True
CSH0003710,CUS0003710,SEG-PRIV,2021-10-25,,True
CSH0003711,CUS0003711,SEG-MAFF,2025-02-23,,True
CSH0003712,CUS0003712,SEG-MAFF,2021-11-06,,True
CSH0003713,CUS0003713,SEG-CORP,2019-04-14,,True
CSH0003714,CUS0003714,SEG-MAFF,2023-04-26,,True
CSH0003715,CUS0003715,SEG-PRIV,2024-02-08,,True
CSH0003716,CUS0003716,SEG-AFFL,2018-10-28,,True
CSH0003717,CUS0003717,SEG-AFFL,2020-10-25,,True
CSH0003718,CUS0003718,SEG-CORP,2023-09-05,,True
CSH0003719,CUS0003719,SEG-CORP,2025-05-09,,True
CSH0003720,CUS0003720,SEG-CORP,2021-01-02,,True
CSH0003721,CUS0003721,SEG-MASS,2023-10-29,,True
CSH0003722,CUS0003722,SEG-MASS,2026-04-15,,True
CSH0003723,CUS0003723,SEG-AFFL,2024-12-24,,True
CSH0003724,CUS0003724,SEG-CORP,2022-11-11,,True
CSH0003725,CUS0003725,SEG-MASS,2019-02-28,,True
CSH0003726,CUS0003726,SEG-MAFF,2022-10-08,,True
CSH0003727,CUS0003727,SEG-MAFF,2020-07-18,,True
CSH0003728,CUS0003728,SEG-AFFL,2025-04-26,,True
CSH0003729,CUS0003729,SEG-AFFL,2024-04-24,,True
CSH0003730,CUS0003730,SEG-CORP,2020-02-18,,True
CSH0003731,CUS0003731,SEG-SME,2019-09-17,,True
CSH0003732,CUS0003732,SEG-MASS,2024-04-27,,True
CSH0003733,CUS0003733,SEG-PRIV,2024-07-17,,True
CSH0003734,CUS0003734,SEG-MAFF,2020-05-07,,True
CSH0003735,CUS0003735,SEG-MASS,2018-07-25,,True
CSH0003736,CUS0003736,SEG-MAFF,2019-12-26,,True
CSH0003737,CUS0003737,SEG-CORP,2021-02-25,,True
CSH0003738,CUS0003738,SEG-AFFL,2018-06-28,,True
CSH0003739,CUS0003739,SEG-MAFF,2025-03-10,,True
CSH0003740,CUS0003740,SEG-SME,2019-01-16,,True
CSH0003741,CUS0003741,SEG-SME,2025-11-03,,True
CSH0003742,CUS0003742,SEG-AFFL,2018-07-08,,True
CSH0003743,CUS0003743,SEG-CORP,2023-06-15,,True
CSH0003744,CUS0003744,SEG-MAFF,2020-01-17,,True
CSH0003745,CUS0003745,SEG-AFFL,2019-07-21,,True
CSH0003746,CUS0003746,SEG-MASS,2020-05-31,,True
CSH0003747,CUS0003747,SEG-SME,2021-10-19,,True
CSH0003748,CUS0003748,SEG-MAFF,2025-12-23,,True
CSH0003749,CUS0003749,SEG-MASS,2025-05-08,,True
CSH0003750,CUS0003750,SEG-AFFL,2018-10-04,,True
CSH0003751,CUS0003751,SEG-MASS,2021-04-02,,True
CSH0003752,CUS0003752,SEG-AFFL,2025-04-26,,True
CSH0003753,CUS0003753,SEG-AFFL,2018-12-07,,True
CSH0003754,CUS0003754,SEG-MASS,2020-10-29,,True
CSH0003755,CUS0003755,SEG-MASS,2025-02-05,,True
CSH0003756,CUS0003756,SEG-MASS,2018-03-17,,True
CSH0003757,CUS0003757,SEG-PRIV,2023-06-21,,True
CSH0003758,CUS0003758,SEG-MAFF,2025-11-10,,True
CSH0003759,CUS0003759,SEG-AFFL,2023-02-07,,True
CSH0003760,CUS0003760,SEG-MASS,2022-01-12,,True
CSH0003761,CUS0003761,SEG-MASS,2018-09-08,,True
CSH0003762,CUS0003762,SEG-MASS,2025-04-26,,True
CSH0003763,CUS0003763,SEG-PRIV,2022-05-26,,True
CSH0003764,CUS0003764,SEG-AFFL,2025-06-27,,True
CSH0003765,CUS0003765,SEG-SME,2024-03-20,,True
CSH0003766,CUS0003766,SEG-AFFL,2022-07-06,,True
CSH0003767,CUS0003767,SEG-PRIV,2020-06-25,,True
CSH0003768,CUS0003768,SEG-AFFL,2020-06-11,,True
CSH0003769,CUS0003769,SEG-MAFF,2024-06-28,,True
CSH0003770,CUS0003770,SEG-PRIV,2021-08-02,,True
CSH0003771,CUS0003771,SEG-AFFL,2018-12-04,,True
CSH0003772,CUS0003772,SEG-AFFL,2022-10-07,,True
CSH0003773,CUS0003773,SEG-MAFF,2025-10-07,,True
CSH0003774,CUS0003774,SEG-PRIV,2018-06-03,,True
CSH0003775,CUS0003775,SEG-CORP,2021-01-09,,True
CSH0003776,CUS0003776,SEG-MASS,2018-04-10,,True
CSH0003777,CUS0003777,SEG-MAFF,2020-04-21,,True
CSH0003778,CUS0003778,SEG-AFFL,2024-03-24,,True
CSH0003779,CUS0003779,SEG-MAFF,2022-01-06,,True
CSH0003780,CUS0003780,SEG-PRIV,2021-12-15,,True
CSH0003781,CUS0003781,SEG-AFFL,2022-11-02,,True
CSH0003782,CUS0003782,SEG-MAFF,2019-11-11,,True
CSH0003783,CUS0003783,SEG-AFFL,2025-03-30,,True
CSH0003784,CUS0003784,SEG-PRIV,2020-06-26,,True
CSH0003785,CUS0003785,SEG-AFFL,2021-03-13,,True
CSH0003786,CUS0003786,SEG-AFFL,2019-05-17,,True
CSH0003787,CUS0003787,SEG-MAFF,2020-11-27,,True
CSH0003788,CUS0003788,SEG-MASS,2024-05-06,,True
CSH0003789,CUS0003789,SEG-AFFL,2018-04-16,,True
CSH0003790,CUS0003790,SEG-MAFF,2020-11-11,,True
CSH0003791,CUS0003791,SEG-MAFF,2018-05-14,,True
CSH0003792,CUS0003792,SEG-CORP,2019-06-20,,True
CSH0003793,CUS0003793,SEG-CORP,2018-04-12,,True
CSH0003794,CUS0003794,SEG-MASS,2018-03-07,,True
CSH0003795,CUS0003795,SEG-AFFL,2018-01-31,,True
CSH0003796,CUS0003796,SEG-MASS,2025-02-16,,True
CSH0003797,CUS0003797,SEG-AFFL,2023-11-11,,True
CSH0003798,CUS0003798,SEG-MASS,2021-07-30,,True
CSH0003799,CUS0003799,SEG-MASS,2024-07-25,,True
CSH0003800,CUS0003800,SEG-MAFF,2020-10-03,,True
CSH0003801,CUS0003801,SEG-CORP,2021-02-03,,True
CSH0003802,CUS0003802,SEG-MASS,2022-12-22,,True
CSH0003803,CUS0003803,SEG-MASS,2024-09-08,,True
CSH0003804,CUS0003804,SEG-AFFL,2020-05-22,,True
CSH0003805,CUS0003805,SEG-MAFF,2020-10-25,,True
CSH0003806,CUS0003806,SEG-MAFF,2021-10-09,,True
CSH0003807,CUS0003807,SEG-MASS,2024-10-29,,True
CSH0003808,CUS0003808,SEG-AFFL,2025-11-19,,True
CSH0003809,CUS0003809,SEG-SME,2019-11-25,,True
CSH0003810,CUS0003810,SEG-MAFF,2018-12-30,,True
CSH0003811,CUS0003811,SEG-CORP,2025-09-13,,True
CSH0003812,CUS0003812,SEG-CORP,2019-11-26,,True
CSH0003813,CUS0003813,SEG-SME,2026-04-14,,True
CSH0003814,CUS0003814,SEG-MAFF,2023-05-01,,True
CSH0003815,CUS0003815,SEG-MAFF,2021-02-10,,True
CSH0003816,CUS0003816,SEG-MAFF,2018-02-04,,True
CSH0003817,CUS0003817,SEG-MAFF,2019-01-31,,True
CSH0003818,CUS0003818,SEG-MASS,2023-12-09,,True
CSH0003819,CUS0003819,SEG-PRIV,2020-01-22,,True
CSH0003820,CUS0003820,SEG-MASS,2018-02-11,,True
CSH0003821,CUS0003821,SEG-SME,2024-04-18,,True
CSH0003822,CUS0003822,SEG-MASS,2024-01-09,,True
CSH0003823,CUS0003823,SEG-MASS,2022-06-15,,True
CSH0003824,CUS0003824,SEG-PRIV,2023-07-27,,True
CSH0003825,CUS0003825,SEG-PRIV,2024-10-11,,True
CSH0003826,CUS0003826,SEG-AFFL,2025-10-25,,True
CSH0003827,CUS0003827,SEG-CORP,2021-08-03,,True
CSH0003828,CUS0003828,SEG-AFFL,2018-08-15,,True
CSH0003829,CUS0003829,SEG-MASS,2022-08-05,,True
CSH0003830,CUS0003830,SEG-MAFF,2021-07-25,,True
CSH0003831,CUS0003831,SEG-CORP,2022-09-26,,True
CSH0003832,CUS0003832,SEG-AFFL,2023-02-09,,True
CSH0003833,CUS0003833,SEG-MASS,2025-05-27,,True
CSH0003834,CUS0003834,SEG-MASS,2021-12-17,,True
CSH0003835,CUS0003835,SEG-PRIV,2023-10-18,,True
CSH0003836,CUS0003836,SEG-MASS,2025-06-02,,True
CSH0003837,CUS0003837,SEG-MAFF,2023-03-03,,True
CSH0003838,CUS0003838,SEG-MAFF,2022-01-16,,True
CSH0003839,CUS0003839,SEG-MASS,2022-06-11,,True
CSH0003840,CUS0003840,SEG-SME,2018-07-05,,True
CSH0003841,CUS0003841,SEG-CORP,2025-12-28,,True
CSH0003842,CUS0003842,SEG-CORP,2022-03-05,,True
CSH0003843,CUS0003843,SEG-MAFF,2025-07-14,,True
CSH0003844,CUS0003844,SEG-PRIV,2021-02-19,,True
CSH0003845,CUS0003845,SEG-CORP,2018-10-09,,True
CSH0003846,CUS0003846,SEG-AFFL,2026-03-28,,True
CSH0003847,CUS0003847,SEG-AFFL,2018-01-06,,True
CSH0003848,CUS0003848,SEG-MAFF,2023-02-15,,True
CSH0003849,CUS0003849,SEG-PRIV,2024-01-27,,True
CSH0003850,CUS0003850,SEG-MAFF,2023-07-04,,True
CSH0003851,CUS0003851,SEG-SME,2025-01-18,,True
CSH0003852,CUS0003852,SEG-MAFF,2023-05-15,,True
CSH0003853,CUS0003853,SEG-MASS,2018-09-15,,True
CSH0003854,CUS0003854,SEG-MAFF,2023-09-28,,True
CSH0003855,CUS0003855,SEG-MASS,2025-12-23,,True
CSH0003856,CUS0003856,SEG-MASS,2018-03-02,,True
CSH0003857,CUS0003857,SEG-MAFF,2023-05-13,,True
CSH0003858,CUS0003858,SEG-MASS,2026-02-12,,True
CSH0003859,CUS0003859,SEG-AFFL,2025-01-02,,True
CSH0003860,CUS0003860,SEG-MAFF,2022-03-11,,True
CSH0003861,CUS0003861,SEG-CORP,2025-09-15,,True
CSH0003862,CUS0003862,SEG-PRIV,2025-04-24,,True
CSH0003863,CUS0003863,SEG-MASS,2021-11-22,,True
CSH0003864,CUS0003864,SEG-PRIV,2025-12-07,,True
CSH0003865,CUS0003865,SEG-MASS,2022-03-28,,True
CSH0003866,CUS0003866,SEG-AFFL,2020-05-26,,True
CSH0003867,CUS0003867,SEG-MAFF,2023-10-09,,True
CSH0003868,CUS0003868,SEG-SME,2022-05-27,,True
CSH0003869,CUS0003869,SEG-AFFL,2026-03-24,,True
CSH0003870,CUS0003870,SEG-AFFL,2018-12-17,,True
CSH0003871,CUS0003871,SEG-AFFL,2022-07-14,,True
CSH0003872,CUS0003872,SEG-SME,2018-06-27,,True
CSH0003873,CUS0003873,SEG-MAFF,2022-04-21,,True
CSH0003874,CUS0003874,SEG-AFFL,2021-10-02,,True
CSH0003875,CUS0003875,SEG-AFFL,2025-10-09,,True
CSH0003876,CUS0003876,SEG-CORP,2020-01-17,,True
CSH0003877,CUS0003877,SEG-MAFF,2024-01-14,,True
CSH0003878,CUS0003878,SEG-AFFL,2019-04-30,,True
CSH0003879,CUS0003879,SEG-MAFF,2023-12-16,,True
CSH0003880,CUS0003880,SEG-MASS,2023-07-21,,True
CSH0003881,CUS0003881,SEG-PRIV,2024-12-14,,True
CSH0003882,CUS0003882,SEG-MAFF,2018-02-25,,True
CSH0003883,CUS0003883,SEG-MAFF,2023-09-25,,True
CSH0003884,CUS0003884,SEG-MAFF,2022-02-26,,True
CSH0003885,CUS0003885,SEG-MASS,2024-11-15,,True
CSH0003886,CUS0003886,SEG-MAFF,2022-12-07,,True
CSH0003887,CUS0003887,SEG-MAFF,2022-01-05,,True
CSH0003888,CUS0003888,SEG-MAFF,2020-09-26,,True
CSH0003889,CUS0003889,SEG-MAFF,2020-02-19,,True
CSH0003890,CUS0003890,SEG-MASS,2025-08-13,,True
CSH0003891,CUS0003891,SEG-PRIV,2026-01-29,,True
CSH0003892,CUS0003892,SEG-SME,2018-02-05,,True
CSH0003893,CUS0003893,SEG-AFFL,2019-03-03,,True
CSH0003894,CUS0003894,SEG-MASS,2021-02-12,,True
CSH0003895,CUS0003895,SEG-CORP,2022-07-27,,True
CSH0003896,CUS0003896,SEG-MAFF,2024-04-19,,True
CSH0003897,CUS0003897,SEG-AFFL,2025-03-26,,True
CSH0003898,CUS0003898,SEG-AFFL,2024-07-11,,True
CSH0003899,CUS0003899,SEG-SME,2020-12-06,,True
CSH0003900,CUS0003900,SEG-MAFF,2021-07-27,,True
CSH0003901,CUS0003901,SEG-PRIV,2024-11-23,,True
CSH0003902,CUS0003902,SEG-SME,2023-10-09,,True
CSH0003903,CUS0003903,SEG-AFFL,2019-04-04,,True
CSH0003904,CUS0003904,SEG-CORP,2018-12-15,,True
CSH0003905,CUS0003905,SEG-MAFF,2024-08-09,,True
CSH0003906,CUS0003906,SEG-AFFL,2020-12-01,,True
CSH0003907,CUS0003907,SEG-MASS,2023-11-26,,True
CSH0003908,CUS0003908,SEG-MAFF,2022-12-12,,True
CSH0003909,CUS0003909,SEG-MASS,2020-11-04,,True
CSH0003910,CUS0003910,SEG-AFFL,2021-05-30,,True
CSH0003911,CUS0003911,SEG-MAFF,2019-09-13,,True
CSH0003912,CUS0003912,SEG-MAFF,2020-10-11,,True
CSH0003913,CUS0003913,SEG-CORP,2024-09-22,,True
CSH0003914,CUS0003914,SEG-MASS,2023-12-30,,True
CSH0003915,CUS0003915,SEG-MAFF,2025-10-30,,True
CSH0003916,CUS0003916,SEG-MAFF,2019-07-07,,True
CSH0003917,CUS0003917,SEG-MASS,2019-11-25,,True
CSH0003918,CUS0003918,SEG-MASS,2021-03-20,,True
CSH0003919,CUS0003919,SEG-PRIV,2019-12-14,,True
CSH0003920,CUS0003920,SEG-PRIV,2024-10-29,,True
CSH0003921,CUS0003921,SEG-MAFF,2025-06-03,,True
CSH0003922,CUS0003922,SEG-AFFL,2020-11-20,,True
CSH0003923,CUS0003923,SEG-PRIV,2023-03-14,,True
CSH0003924,CUS0003924,SEG-MASS,2024-03-29,,True
CSH0003925,CUS0003925,SEG-CORP,2020-10-11,,True
CSH0003926,CUS0003926,SEG-MASS,2018-04-21,,True
CSH0003927,CUS0003927,SEG-AFFL,2019-03-17,,True
CSH0003928,CUS0003928,SEG-MASS,2022-07-28,,True
CSH0003929,CUS0003929,SEG-MAFF,2022-03-05,,True
CSH0003930,CUS0003930,SEG-MAFF,2023-05-15,,True
CSH0003931,CUS0003931,SEG-AFFL,2023-11-13,,True
CSH0003932,CUS0003932,SEG-MAFF,2018-05-11,,True
CSH0003933,CUS0003933,SEG-CORP,2021-05-06,,True
CSH0003934,CUS0003934,SEG-PRIV,2020-06-26,,True
CSH0003935,CUS0003935,SEG-PRIV,2025-09-26,,True
CSH0003936,CUS0003936,SEG-AFFL,2022-02-01,,True
CSH0003937,CUS0003937,SEG-MASS,2019-05-11,,True
CSH0003938,CUS0003938,SEG-AFFL,2019-04-05,,True
CSH0003939,CUS0003939,SEG-MASS,2018-06-21,,True
CSH0003940,CUS0003940,SEG-AFFL,2020-09-27,,True
CSH0003941,CUS0003941,SEG-MAFF,2021-09-26,,True
CSH0003942,CUS0003942,SEG-AFFL,2021-12-07,,True
CSH0003943,CUS0003943,SEG-CORP,2022-12-02,,True
CSH0003944,CUS0003944,SEG-MASS,2025-01-05,,True
CSH0003945,CUS0003945,SEG-PRIV,2018-11-10,,True
CSH0003946,CUS0003946,SEG-CORP,2022-08-10,,True
CSH0003947,CUS0003947,SEG-MASS,2019-04-29,,True
CSH0003948,CUS0003948,SEG-AFFL,2021-02-25,,True
CSH0003949,CUS0003949,SEG-SME,2021-12-22,,True
CSH0003950,CUS0003950,SEG-CORP,2025-01-04,,True
CSH0003951,CUS0003951,SEG-PRIV,2019-07-15,,True
CSH0003952,CUS0003952,SEG-AFFL,2021-05-13,,True
CSH0003953,CUS0003953,SEG-MASS,2019-02-19,,True
CSH0003954,CUS0003954,SEG-CORP,2024-03-12,,True
CSH0003955,CUS0003955,SEG-MASS,2025-11-03,,True
CSH0003956,CUS0003956,SEG-MAFF,2021-05-22,,True
CSH0003957,CUS0003957,SEG-CORP,2022-03-05,,True
CSH0003958,CUS0003958,SEG-MAFF,2021-01-30,,True
CSH0003959,CUS0003959,SEG-SME,2019-10-08,,True
CSH0003960,CUS0003960,SEG-MAFF,2023-02-11,,True
CSH0003961,CUS0003961,SEG-AFFL,2024-01-17,,True
CSH0003962,CUS0003962,SEG-MAFF,2018-08-21,,True
CSH0003963,CUS0003963,SEG-MAFF,2023-09-24,,True
CSH0003964,CUS0003964,SEG-AFFL,2022-10-16,,True
CSH0003965,CUS0003965,SEG-MAFF,2025-01-29,,True
CSH0003966,CUS0003966,SEG-PRIV,2026-04-28,,True
CSH0003967,CUS0003967,SEG-MASS,2024-10-05,,True
CSH0003968,CUS0003968,SEG-MAFF,2019-06-07,,True
CSH0003969,CUS0003969,SEG-MAFF,2022-10-07,,True
CSH0003970,CUS0003970,SEG-MAFF,2018-07-08,,True
CSH0003971,CUS0003971,SEG-MAFF,2019-03-11,,True
CSH0003972,CUS0003972,SEG-AFFL,2025-04-29,,True
CSH0003973,CUS0003973,SEG-PRIV,2021-06-22,,True
CSH0003974,CUS0003974,SEG-PRIV,2024-06-22,,True
CSH0003975,CUS0003975,SEG-MASS,2025-12-08,,True
CSH0003976,CUS0003976,SEG-MAFF,2025-04-27,,True
CSH0003977,CUS0003977,SEG-AFFL,2025-03-31,,True
CSH0003978,CUS0003978,SEG-AFFL,2023-05-19,,True
CSH0003979,CUS0003979,SEG-CORP,2018-09-12,,True
CSH0003980,CUS0003980,SEG-MASS,2023-01-24,,True
CSH0003981,CUS0003981,SEG-MAFF,2021-07-31,,True
CSH0003982,CUS0003982,SEG-CORP,2021-11-14,,True
CSH0003983,CUS0003983,SEG-MAFF,2024-08-16,,True
CSH0003984,CUS0003984,SEG-MASS,2020-05-04,,True
CSH0003985,CUS0003985,SEG-AFFL,2025-07-07,,True
CSH0003986,CUS0003986,SEG-MAFF,2021-09-22,,True
CSH0003987,CUS0003987,SEG-PRIV,2023-01-30,,True
CSH0003988,CUS0003988,SEG-MASS,2020-06-16,,True
CSH0003989,CUS0003989,SEG-AFFL,2025-09-03,,True
CSH0003990,CUS0003990,SEG-MASS,2022-05-15,,True
CSH0003991,CUS0003991,SEG-CORP,2020-09-24,,True
CSH0003992,CUS0003992,SEG-MASS,2021-08-10,,True
CSH0003993,CUS0003993,SEG-SME,2021-03-15,,True
CSH0003994,CUS0003994,SEG-MASS,2020-08-16,,True
CSH0003995,CUS0003995,SEG-AFFL,2018-01-07,,True
CSH0003996,CUS0003996,SEG-AFFL,2019-10-12,,True
CSH0003997,CUS0003997,SEG-PRIV,2020-04-24,,True
CSH0003998,CUS0003998,SEG-MASS,2022-03-31,,True
CSH0003999,CUS0003999,SEG-MASS,2018-10-28,,True
CSH0004000,CUS0004000,SEG-CORP,2024-01-31,,True
CSH0004001,CUS0004001,SEG-MASS,2018-12-13,,True
CSH0004002,CUS0004002,SEG-AFFL,2026-01-21,,True
CSH0004003,CUS0004003,SEG-AFFL,2019-09-11,,True
CSH0004004,CUS0004004,SEG-PRIV,2019-09-24,,True
CSH0004005,CUS0004005,SEG-MAFF,2018-04-11,,True
CSH0004006,CUS0004006,SEG-MAFF,2022-07-23,,True
CSH0004007,CUS0004007,SEG-AFFL,2019-03-23,,True
CSH0004008,CUS0004008,SEG-MAFF,2020-09-24,,True
CSH0004009,CUS0004009,SEG-MAFF,2022-01-28,,True
CSH0004010,CUS0004010,SEG-MAFF,2019-11-28,,True
CSH0004011,CUS0004011,SEG-PRIV,2023-04-25,,True
CSH0004012,CUS0004012,SEG-AFFL,2020-06-10,,True
CSH0004013,CUS0004013,SEG-AFFL,2024-06-26,,True
CSH0004014,CUS0004014,SEG-MASS,2023-03-11,,True
CSH0004015,CUS0004015,SEG-MAFF,2026-03-28,,True
CSH0004016,CUS0004016,SEG-AFFL,2021-08-22,,True
CSH0004017,CUS0004017,SEG-AFFL,2025-07-13,,True
CSH0004018,CUS0004018,SEG-AFFL,2022-04-08,,True
CSH0004019,CUS0004019,SEG-AFFL,2026-01-16,,True
CSH0004020,CUS0004020,SEG-AFFL,2022-04-24,,True
CSH0004021,CUS0004021,SEG-MASS,2022-12-06,,True
CSH0004022,CUS0004022,SEG-AFFL,2023-03-18,,True
CSH0004023,CUS0004023,SEG-AFFL,2018-04-26,,True
CSH0004024,CUS0004024,SEG-AFFL,2025-04-28,,True
CSH0004025,CUS0004025,SEG-MASS,2021-09-08,,True
CSH0004026,CUS0004026,SEG-MASS,2019-08-10,,True
CSH0004027,CUS0004027,SEG-AFFL,2026-02-12,,True
CSH0004028,CUS0004028,SEG-MAFF,2018-04-06,,True
CSH0004029,CUS0004029,SEG-MASS,2021-06-26,,True
CSH0004030,CUS0004030,SEG-MASS,2023-07-02,,True
CSH0004031,CUS0004031,SEG-AFFL,2020-02-19,,True
CSH0004032,CUS0004032,SEG-AFFL,2024-05-09,,True
CSH0004033,CUS0004033,SEG-MASS,2021-05-09,,True
CSH0004034,CUS0004034,SEG-MAFF,2022-08-27,,True
CSH0004035,CUS0004035,SEG-MASS,2023-02-04,,True
CSH0004036,CUS0004036,SEG-MAFF,2025-02-09,,True
CSH0004037,CUS0004037,SEG-AFFL,2018-06-16,,True
CSH0004038,CUS0004038,SEG-AFFL,2022-01-13,,True
CSH0004039,CUS0004039,SEG-CORP,2019-06-01,,True
CSH0004040,CUS0004040,SEG-MAFF,2019-12-24,,True
CSH0004041,CUS0004041,SEG-MAFF,2024-03-04,,True
CSH0004042,CUS0004042,SEG-MAFF,2019-10-19,,True
CSH0004043,CUS0004043,SEG-AFFL,2023-11-11,,True
CSH0004044,CUS0004044,SEG-MAFF,2021-01-30,,True
CSH0004045,CUS0004045,SEG-MAFF,2020-03-27,,True
CSH0004046,CUS0004046,SEG-MASS,2019-07-25,,True
CSH0004047,CUS0004047,SEG-AFFL,2020-11-03,,True
CSH0004048,CUS0004048,SEG-MAFF,2025-10-25,,True
CSH0004049,CUS0004049,SEG-CORP,2024-06-29,,True
CSH0004050,CUS0004050,SEG-AFFL,2019-10-31,,True
CSH0004051,CUS0004051,SEG-AFFL,2018-06-28,,True
CSH0004052,CUS0004052,SEG-CORP,2019-05-30,,True
CSH0004053,CUS0004053,SEG-SME,2018-01-24,,True
CSH0004054,CUS0004054,SEG-MASS,2019-11-21,,True
CSH0004055,CUS0004055,SEG-SME,2019-11-14,,True
CSH0004056,CUS0004056,SEG-AFFL,2025-01-21,,True
CSH0004057,CUS0004057,SEG-MASS,2021-02-20,,True
CSH0004058,CUS0004058,SEG-AFFL,2019-09-20,,True
CSH0004059,CUS0004059,SEG-PRIV,2022-07-30,,True
CSH0004060,CUS0004060,SEG-AFFL,2023-06-21,,True
CSH0004061,CUS0004061,SEG-AFFL,2024-01-26,,True
CSH0004062,CUS0004062,SEG-AFFL,2018-10-28,,True
CSH0004063,CUS0004063,SEG-MASS,2024-07-07,,True
CSH0004064,CUS0004064,SEG-SME,2023-08-30,,True
CSH0004065,CUS0004065,SEG-MASS,2026-04-08,,True
CSH0004066,CUS0004066,SEG-MASS,2018-05-22,,True
CSH0004067,CUS0004067,SEG-AFFL,2022-05-20,,True
CSH0004068,CUS0004068,SEG-MASS,2025-12-19,,True
CSH0004069,CUS0004069,SEG-SME,2024-05-29,,True
CSH0004070,CUS0004070,SEG-MAFF,2023-05-23,,True
CSH0004071,CUS0004071,SEG-MAFF,2020-07-19,,True
CSH0004072,CUS0004072,SEG-MASS,2020-10-03,,True
CSH0004073,CUS0004073,SEG-AFFL,2019-12-30,,True
CSH0004074,CUS0004074,SEG-AFFL,2021-04-21,,True
CSH0004075,CUS0004075,SEG-AFFL,2024-06-01,,True
CSH0004076,CUS0004076,SEG-AFFL,2023-02-04,,True
CSH0004077,CUS0004077,SEG-MASS,2018-04-29,,True
CSH0004078,CUS0004078,SEG-AFFL,2020-11-19,,True
CSH0004079,CUS0004079,SEG-AFFL,2024-07-18,,True
CSH0004080,CUS0004080,SEG-SME,2024-02-22,,True
CSH0004081,CUS0004081,SEG-MASS,2023-07-30,,True
CSH0004082,CUS0004082,SEG-MASS,2018-09-02,,True
CSH0004083,CUS0004083,SEG-MASS,2019-04-21,,True
CSH0004084,CUS0004084,SEG-MASS,2024-11-14,,True
CSH0004085,CUS0004085,SEG-AFFL,2024-11-14,,True
CSH0004086,CUS0004086,SEG-MASS,2019-08-23,,True
CSH0004087,CUS0004087,SEG-AFFL,2021-01-25,,True
CSH0004088,CUS0004088,SEG-MAFF,2023-06-17,,True
CSH0004089,CUS0004089,SEG-MASS,2024-07-22,,True
CSH0004090,CUS0004090,SEG-CORP,2018-03-17,,True
CSH0004091,CUS0004091,SEG-AFFL,2024-12-22,,True
CSH0004092,CUS0004092,SEG-MAFF,2024-07-10,,True
CSH0004093,CUS0004093,SEG-AFFL,2020-03-03,,True
CSH0004094,CUS0004094,SEG-MASS,2020-10-25,,True
CSH0004095,CUS0004095,SEG-AFFL,2020-11-27,,True
CSH0004096,CUS0004096,SEG-MASS,2022-11-10,,True
CSH0004097,CUS0004097,SEG-MASS,2020-08-04,,True
CSH0004098,CUS0004098,SEG-MASS,2021-09-10,,True
CSH0004099,CUS0004099,SEG-AFFL,2018-08-03,,True
CSH0004100,CUS0004100,SEG-PRIV,2018-07-14,,True
CSH0004101,CUS0004101,SEG-MAFF,2021-04-16,,True
CSH0004102,CUS0004102,SEG-MAFF,2024-06-15,,True
CSH0004103,CUS0004103,SEG-SME,2025-09-06,,True
CSH0004104,CUS0004104,SEG-PRIV,2025-03-19,,True
CSH0004105,CUS0004105,SEG-AFFL,2020-06-01,,True
CSH0004106,CUS0004106,SEG-CORP,2025-04-16,,True
CSH0004107,CUS0004107,SEG-AFFL,2024-06-24,,True
CSH0004108,CUS0004108,SEG-MASS,2020-09-07,,True
CSH0004109,CUS0004109,SEG-AFFL,2026-04-05,,True
CSH0004110,CUS0004110,SEG-MAFF,2021-03-10,,True
CSH0004111,CUS0004111,SEG-SME,2023-07-24,,True
CSH0004112,CUS0004112,SEG-CORP,2024-07-10,,True
CSH0004113,CUS0004113,SEG-MAFF,2024-05-01,,True
CSH0004114,CUS0004114,SEG-MASS,2024-07-25,,True
CSH0004115,CUS0004115,SEG-MASS,2022-10-05,,True
CSH0004116,CUS0004116,SEG-SME,2019-11-28,,True
CSH0004117,CUS0004117,SEG-AFFL,2025-01-03,,True
CSH0004118,CUS0004118,SEG-MASS,2020-03-26,,True
CSH0004119,CUS0004119,SEG-AFFL,2025-12-02,,True
CSH0004120,CUS0004120,SEG-MASS,2024-08-21,,True
CSH0004121,CUS0004121,SEG-AFFL,2021-09-04,,True
CSH0004122,CUS0004122,SEG-CORP,2021-01-07,,True
CSH0004123,CUS0004123,SEG-MAFF,2025-07-05,,True
CSH0004124,CUS0004124,SEG-MAFF,2023-11-26,,True
CSH0004125,CUS0004125,SEG-MASS,2018-11-03,,True
CSH0004126,CUS0004126,SEG-MASS,2024-01-09,,True
CSH0004127,CUS0004127,SEG-MASS,2021-12-12,,True
CSH0004128,CUS0004128,SEG-AFFL,2018-02-14,,True
CSH0004129,CUS0004129,SEG-CORP,2020-06-20,,True
CSH0004130,CUS0004130,SEG-CORP,2024-06-13,,True
CSH0004131,CUS0004131,SEG-PRIV,2020-09-19,,True
CSH0004132,CUS0004132,SEG-MASS,2025-01-17,,True
CSH0004133,CUS0004133,SEG-MASS,2025-05-08,,True
CSH0004134,CUS0004134,SEG-AFFL,2021-09-02,,True
CSH0004135,CUS0004135,SEG-MAFF,2021-11-23,,True
CSH0004136,CUS0004136,SEG-AFFL,2022-03-19,,True
CSH0004137,CUS0004137,SEG-MASS,2025-12-09,,True
CSH0004138,CUS0004138,SEG-MASS,2024-04-18,,True
CSH0004139,CUS0004139,SEG-MASS,2022-07-18,,True
CSH0004140,CUS0004140,SEG-MASS,2022-04-01,,True
CSH0004141,CUS0004141,SEG-MAFF,2021-11-11,,True
CSH0004142,CUS0004142,SEG-MAFF,2024-02-20,,True
CSH0004143,CUS0004143,SEG-MASS,2025-02-25,,True
CSH0004144,CUS0004144,SEG-AFFL,2020-04-21,,True
CSH0004145,CUS0004145,SEG-SME,2023-09-25,,True
CSH0004146,CUS0004146,SEG-AFFL,2019-11-22,,True
CSH0004147,CUS0004147,SEG-AFFL,2019-01-14,,True
CSH0004148,CUS0004148,SEG-MASS,2024-10-05,,True
CSH0004149,CUS0004149,SEG-AFFL,2020-06-30,,True
CSH0004150,CUS0004150,SEG-CORP,2020-09-23,,True
CSH0004151,CUS0004151,SEG-AFFL,2025-10-11,,True
CSH0004152,CUS0004152,SEG-MASS,2020-08-06,,True
CSH0004153,CUS0004153,SEG-SME,2024-02-02,,True
CSH0004154,CUS0004154,SEG-MASS,2021-01-03,,True
CSH0004155,CUS0004155,SEG-MASS,2024-03-17,,True
CSH0004156,CUS0004156,SEG-AFFL,2020-01-04,,True
CSH0004157,CUS0004157,SEG-SME,2023-10-04,,True
CSH0004158,CUS0004158,SEG-PRIV,2022-12-20,,True
CSH0004159,CUS0004159,SEG-MASS,2025-02-05,,True
CSH0004160,CUS0004160,SEG-PRIV,2023-03-30,,True
CSH0004161,CUS0004161,SEG-MASS,2020-12-23,,True
CSH0004162,CUS0004162,SEG-MASS,2019-11-03,,True
CSH0004163,CUS0004163,SEG-SME,2025-05-04,,True
CSH0004164,CUS0004164,SEG-CORP,2026-03-11,,True
CSH0004165,CUS0004165,SEG-MAFF,2019-12-31,,True
CSH0004166,CUS0004166,SEG-MASS,2022-04-28,,True
CSH0004167,CUS0004167,SEG-PRIV,2019-11-21,,True
CSH0004168,CUS0004168,SEG-MASS,2019-02-17,,True
CSH0004169,CUS0004169,SEG-AFFL,2021-10-19,,True
CSH0004170,CUS0004170,SEG-MAFF,2024-12-08,,True
CSH0004171,CUS0004171,SEG-MASS,2021-10-08,,True
CSH0004172,CUS0004172,SEG-AFFL,2018-01-04,,True
CSH0004173,CUS0004173,SEG-MAFF,2023-11-09,,True
CSH0004174,CUS0004174,SEG-MASS,2020-04-07,,True
CSH0004175,CUS0004175,SEG-AFFL,2018-07-25,,True
CSH0004176,CUS0004176,SEG-AFFL,2021-02-16,,True
CSH0004177,CUS0004177,SEG-AFFL,2025-04-01,,True
CSH0004178,CUS0004178,SEG-MAFF,2022-08-11,,True
CSH0004179,CUS0004179,SEG-AFFL,2025-09-14,,True
CSH0004180,CUS0004180,SEG-MAFF,2025-06-19,,True
CSH0004181,CUS0004181,SEG-MASS,2024-11-08,,True
CSH0004182,CUS0004182,SEG-MAFF,2022-09-18,,True
CSH0004183,CUS0004183,SEG-SME,2021-01-09,,True
CSH0004184,CUS0004184,SEG-SME,2022-05-31,,True
CSH0004185,CUS0004185,SEG-AFFL,2021-03-29,,True
CSH0004186,CUS0004186,SEG-SME,2021-01-16,,True
CSH0004187,CUS0004187,SEG-MASS,2019-07-16,,True
CSH0004188,CUS0004188,SEG-AFFL,2023-07-10,,True
CSH0004189,CUS0004189,SEG-AFFL,2021-12-25,,True
CSH0004190,CUS0004190,SEG-MAFF,2018-12-28,,True
CSH0004191,CUS0004191,SEG-MASS,2026-04-19,,True
CSH0004192,CUS0004192,SEG-MAFF,2022-10-12,,True
CSH0004193,CUS0004193,SEG-AFFL,2020-10-30,,True
CSH0004194,CUS0004194,SEG-CORP,2021-03-16,,True
CSH0004195,CUS0004195,SEG-MASS,2018-07-20,,True
CSH0004196,CUS0004196,SEG-SME,2019-09-10,,True
CSH0004197,CUS0004197,SEG-PRIV,2026-02-05,,True
CSH0004198,CUS0004198,SEG-MAFF,2024-08-28,,True
CSH0004199,CUS0004199,SEG-SME,2023-02-23,,True
CSH0004200,CUS0004200,SEG-MASS,2023-06-12,,True
CSH0004201,CUS0004201,SEG-MASS,2022-02-18,,True
CSH0004202,CUS0004202,SEG-AFFL,2025-09-28,,True
CSH0004203,CUS0004203,SEG-PRIV,2022-10-20,,True
CSH0004204,CUS0004204,SEG-AFFL,2021-01-28,,True
CSH0004205,CUS0004205,SEG-AFFL,2020-01-10,,True
CSH0004206,CUS0004206,SEG-CORP,2019-02-03,,True
CSH0004207,CUS0004207,SEG-PRIV,2019-08-23,,True
CSH0004208,CUS0004208,SEG-AFFL,2025-02-15,,True
CSH0004209,CUS0004209,SEG-MASS,2021-12-25,,True
CSH0004210,CUS0004210,SEG-MASS,2025-09-04,,True
CSH0004211,CUS0004211,SEG-MASS,2018-11-17,,True
CSH0004212,CUS0004212,SEG-MASS,2023-01-07,,True
CSH0004213,CUS0004213,SEG-AFFL,2025-02-26,,True
CSH0004214,CUS0004214,SEG-SME,2023-12-31,,True
CSH0004215,CUS0004215,SEG-AFFL,2023-05-27,,True
CSH0004216,CUS0004216,SEG-MASS,2021-12-21,,True
CSH0004217,CUS0004217,SEG-CORP,2021-09-03,,True
CSH0004218,CUS0004218,SEG-SME,2018-06-30,,True
CSH0004219,CUS0004219,SEG-MAFF,2025-07-01,,True
CSH0004220,CUS0004220,SEG-MASS,2026-03-12,,True
CSH0004221,CUS0004221,SEG-CORP,2022-07-17,,True
CSH0004222,CUS0004222,SEG-SME,2018-10-08,,True
CSH0004223,CUS0004223,SEG-MASS,2025-10-16,,True
CSH0004224,CUS0004224,SEG-CORP,2018-12-11,,True
CSH0004225,CUS0004225,SEG-AFFL,2021-08-30,,True
CSH0004226,CUS0004226,SEG-AFFL,2019-01-22,,True
CSH0004227,CUS0004227,SEG-MAFF,2021-06-28,,True
CSH0004228,CUS0004228,SEG-AFFL,2019-04-11,,True
CSH0004229,CUS0004229,SEG-MASS,2023-10-05,,True
CSH0004230,CUS0004230,SEG-MASS,2022-02-22,,True
CSH0004231,CUS0004231,SEG-AFFL,2023-03-19,,True
CSH0004232,CUS0004232,SEG-MAFF,2023-06-12,,True
CSH0004233,CUS0004233,SEG-MASS,2026-02-17,,True
CSH0004234,CUS0004234,SEG-MASS,2022-02-10,,True
CSH0004235,CUS0004235,SEG-AFFL,2024-01-01,,True
CSH0004236,CUS0004236,SEG-MAFF,2023-01-06,,True
CSH0004237,CUS0004237,SEG-CORP,2021-11-23,,True
CSH0004238,CUS0004238,SEG-CORP,2026-01-01,,True
CSH0004239,CUS0004239,SEG-MAFF,2020-01-13,,True
CSH0004240,CUS0004240,SEG-AFFL,2023-01-28,,True
CSH0004241,CUS0004241,SEG-AFFL,2019-08-15,,True
CSH0004242,CUS0004242,SEG-SME,2026-02-08,,True
CSH0004243,CUS0004243,SEG-MASS,2023-08-16,,True
CSH0004244,CUS0004244,SEG-AFFL,2023-06-14,,True
CSH0004245,CUS0004245,SEG-MASS,2019-09-11,,True
CSH0004246,CUS0004246,SEG-PRIV,2020-09-07,,True
CSH0004247,CUS0004247,SEG-MAFF,2018-03-26,,True
CSH0004248,CUS0004248,SEG-SME,2021-06-29,,True
CSH0004249,CUS0004249,SEG-MASS,2021-01-23,,True
CSH0004250,CUS0004250,SEG-MASS,2022-09-21,,True
CSH0004251,CUS0004251,SEG-MASS,2022-08-29,,True
CSH0004252,CUS0004252,SEG-MAFF,2019-04-30,,True
CSH0004253,CUS0004253,SEG-MAFF,2023-12-06,,True
CSH0004254,CUS0004254,SEG-AFFL,2024-05-03,,True
CSH0004255,CUS0004255,SEG-MASS,2022-02-21,,True
CSH0004256,CUS0004256,SEG-SME,2019-07-24,,True
CSH0004257,CUS0004257,SEG-MASS,2024-10-22,,True
CSH0004258,CUS0004258,SEG-PRIV,2025-10-20,,True
CSH0004259,CUS0004259,SEG-MAFF,2022-12-30,,True
CSH0004260,CUS0004260,SEG-PRIV,2019-09-30,,True
CSH0004261,CUS0004261,SEG-MAFF,2025-02-06,,True
CSH0004262,CUS0004262,SEG-MAFF,2023-09-29,,True
CSH0004263,CUS0004263,SEG-MASS,2018-11-19,,True
CSH0004264,CUS0004264,SEG-MAFF,2025-02-05,,True
CSH0004265,CUS0004265,SEG-MASS,2026-02-16,,True
CSH0004266,CUS0004266,SEG-MASS,2020-01-18,,True
CSH0004267,CUS0004267,SEG-AFFL,2018-03-14,,True
CSH0004268,CUS0004268,SEG-AFFL,2018-09-08,,True
CSH0004269,CUS0004269,SEG-AFFL,2024-11-10,,True
CSH0004270,CUS0004270,SEG-MAFF,2024-06-12,,True
CSH0004271,CUS0004271,SEG-MAFF,2018-10-04,,True
CSH0004272,CUS0004272,SEG-MASS,2019-09-19,,True
CSH0004273,CUS0004273,SEG-MASS,2019-07-30,,True
CSH0004274,CUS0004274,SEG-CORP,2018-01-30,,True
CSH0004275,CUS0004275,SEG-MASS,2023-11-04,,True
CSH0004276,CUS0004276,SEG-MASS,2018-11-10,,True
CSH0004277,CUS0004277,SEG-MAFF,2023-09-15,,True
CSH0004278,CUS0004278,SEG-MAFF,2024-02-18,,True
CSH0004279,CUS0004279,SEG-AFFL,2020-10-09,,True
CSH0004280,CUS0004280,SEG-MASS,2024-09-04,,True
CSH0004281,CUS0004281,SEG-MAFF,2025-10-13,,True
CSH0004282,CUS0004282,SEG-PRIV,2022-12-10,,True
CSH0004283,CUS0004283,SEG-MAFF,2023-06-15,,True
CSH0004284,CUS0004284,SEG-MAFF,2024-11-28,,True
CSH0004285,CUS0004285,SEG-MAFF,2024-08-06,,True
CSH0004286,CUS0004286,SEG-CORP,2018-07-18,,True
CSH0004287,CUS0004287,SEG-MAFF,2021-02-10,,True
CSH0004288,CUS0004288,SEG-AFFL,2020-05-06,,True
CSH0004289,CUS0004289,SEG-SME,2018-08-09,,True
CSH0004290,CUS0004290,SEG-MASS,2023-11-16,,True
CSH0004291,CUS0004291,SEG-AFFL,2025-10-22,,True
CSH0004292,CUS0004292,SEG-AFFL,2018-07-05,,True
CSH0004293,CUS0004293,SEG-MAFF,2026-01-02,,True
CSH0004294,CUS0004294,SEG-PRIV,2018-11-23,,True
CSH0004295,CUS0004295,SEG-MASS,2022-01-01,,True
CSH0004296,CUS0004296,SEG-CORP,2025-02-23,,True
CSH0004297,CUS0004297,SEG-MASS,2025-04-22,,True
CSH0004298,CUS0004298,SEG-SME,2025-10-22,,True
CSH0004299,CUS0004299,SEG-AFFL,2022-03-01,,True
CSH0004300,CUS0004300,SEG-MAFF,2022-12-27,,True
CSH0004301,CUS0004301,SEG-CORP,2023-09-30,,True
CSH0004302,CUS0004302,SEG-AFFL,2021-09-23,,True
CSH0004303,CUS0004303,SEG-MAFF,2019-03-27,,True
CSH0004304,CUS0004304,SEG-CORP,2022-12-27,,True
CSH0004305,CUS0004305,SEG-AFFL,2020-03-20,,True
CSH0004306,CUS0004306,SEG-MAFF,2025-02-11,,True
CSH0004307,CUS0004307,SEG-MAFF,2020-09-26,,True
CSH0004308,CUS0004308,SEG-PRIV,2020-06-07,,True
CSH0004309,CUS0004309,SEG-MAFF,2018-10-27,,True
CSH0004310,CUS0004310,SEG-SME,2023-02-12,,True
CSH0004311,CUS0004311,SEG-MASS,2025-05-16,,True
CSH0004312,CUS0004312,SEG-AFFL,2020-10-21,,True
CSH0004313,CUS0004313,SEG-AFFL,2022-11-15,,True
CSH0004314,CUS0004314,SEG-AFFL,2022-12-01,,True
CSH0004315,CUS0004315,SEG-MASS,2023-04-29,,True
CSH0004316,CUS0004316,SEG-MAFF,2018-03-17,,True
CSH0004317,CUS0004317,SEG-MAFF,2023-02-05,,True
CSH0004318,CUS0004318,SEG-MAFF,2018-06-08,,True
CSH0004319,CUS0004319,SEG-MASS,2021-05-07,,True
CSH0004320,CUS0004320,SEG-MAFF,2026-02-01,,True
CSH0004321,CUS0004321,SEG-PRIV,2020-08-26,,True
CSH0004322,CUS0004322,SEG-AFFL,2018-12-07,,True
CSH0004323,CUS0004323,SEG-MAFF,2020-09-23,,True
CSH0004324,CUS0004324,SEG-AFFL,2023-07-26,,True
CSH0004325,CUS0004325,SEG-AFFL,2024-07-27,,True
CSH0004326,CUS0004326,SEG-AFFL,2018-02-23,,True
CSH0004327,CUS0004327,SEG-MASS,2018-10-13,,True
CSH0004328,CUS0004328,SEG-AFFL,2025-08-11,,True
CSH0004329,CUS0004329,SEG-MASS,2022-05-15,,True
CSH0004330,CUS0004330,SEG-PRIV,2022-07-04,,True
CSH0004331,CUS0004331,SEG-MASS,2024-09-14,,True
CSH0004332,CUS0004332,SEG-SME,2025-08-14,,True
CSH0004333,CUS0004333,SEG-AFFL,2019-07-16,,True
CSH0004334,CUS0004334,SEG-AFFL,2022-05-13,,True
CSH0004335,CUS0004335,SEG-MASS,2025-12-03,,True
CSH0004336,CUS0004336,SEG-MAFF,2018-11-18,,True
CSH0004337,CUS0004337,SEG-MAFF,2022-10-08,,True
CSH0004338,CUS0004338,SEG-MASS,2024-11-20,,True
CSH0004339,CUS0004339,SEG-PRIV,2023-07-24,,True
CSH0004340,CUS0004340,SEG-MAFF,2024-11-20,,True
CSH0004341,CUS0004341,SEG-MASS,2025-09-15,,True
CSH0004342,CUS0004342,SEG-MAFF,2025-10-17,,True
CSH0004343,CUS0004343,SEG-SME,2021-02-25,,True
CSH0004344,CUS0004344,SEG-PRIV,2019-04-30,,True
CSH0004345,CUS0004345,SEG-MAFF,2019-03-09,,True
CSH0004346,CUS0004346,SEG-AFFL,2023-12-20,,True
CSH0004347,CUS0004347,SEG-PRIV,2021-08-17,,True
CSH0004348,CUS0004348,SEG-MASS,2020-10-16,,True
CSH0004349,CUS0004349,SEG-MAFF,2022-02-24,,True
CSH0004350,CUS0004350,SEG-CORP,2021-02-17,,True
CSH0004351,CUS0004351,SEG-MASS,2018-03-02,,True
CSH0004352,CUS0004352,SEG-MASS,2018-07-31,,True
CSH0004353,CUS0004353,SEG-MASS,2023-07-07,,True
CSH0004354,CUS0004354,SEG-MASS,2018-01-06,,True
CSH0004355,CUS0004355,SEG-MAFF,2020-07-16,,True
CSH0004356,CUS0004356,SEG-MASS,2021-06-03,,True
CSH0004357,CUS0004357,SEG-MAFF,2023-09-10,,True
CSH0004358,CUS0004358,SEG-AFFL,2018-03-06,,True
CSH0004359,CUS0004359,SEG-CORP,2023-11-08,,True
CSH0004360,CUS0004360,SEG-MASS,2024-07-02,,True
CSH0004361,CUS0004361,SEG-MAFF,2024-04-10,,True
CSH0004362,CUS0004362,SEG-MASS,2022-04-02,,True
CSH0004363,CUS0004363,SEG-MASS,2021-07-13,,True
CSH0004364,CUS0004364,SEG-MAFF,2024-04-21,,True
CSH0004365,CUS0004365,SEG-AFFL,2019-09-10,,True
CSH0004366,CUS0004366,SEG-AFFL,2018-06-13,,True
CSH0004367,CUS0004367,SEG-MAFF,2020-09-27,,True
CSH0004368,CUS0004368,SEG-AFFL,2024-01-02,,True
CSH0004369,CUS0004369,SEG-MAFF,2020-12-05,,True
CSH0004370,CUS0004370,SEG-MASS,2022-10-18,,True
CSH0004371,CUS0004371,SEG-MAFF,2025-08-18,,True
CSH0004372,CUS0004372,SEG-MASS,2025-11-24,,True
CSH0004373,CUS0004373,SEG-SME,2019-01-05,,True
CSH0004374,CUS0004374,SEG-CORP,2020-03-18,,True
CSH0004375,CUS0004375,SEG-CORP,2018-03-09,,True
CSH0004376,CUS0004376,SEG-MAFF,2018-01-02,,True
CSH0004377,CUS0004377,SEG-PRIV,2022-08-12,,True
CSH0004378,CUS0004378,SEG-MASS,2024-07-28,,True
CSH0004379,CUS0004379,SEG-SME,2025-01-13,,True
CSH0004380,CUS0004380,SEG-MAFF,2021-07-03,,True
CSH0004381,CUS0004381,SEG-MAFF,2025-04-12,,True
CSH0004382,CUS0004382,SEG-AFFL,2020-06-22,,True
CSH0004383,CUS0004383,SEG-MASS,2025-01-30,,True
CSH0004384,CUS0004384,SEG-MAFF,2025-11-18,,True
CSH0004385,CUS0004385,SEG-MAFF,2019-03-19,,True
CSH0004386,CUS0004386,SEG-MASS,2025-08-31,,True
CSH0004387,CUS0004387,SEG-MASS,2022-07-29,,True
CSH0004388,CUS0004388,SEG-PRIV,2025-07-14,,True
CSH0004389,CUS0004389,SEG-MAFF,2018-12-22,,True
CSH0004390,CUS0004390,SEG-AFFL,2026-02-19,,True
CSH0004391,CUS0004391,SEG-MAFF,2021-09-27,,True
CSH0004392,CUS0004392,SEG-CORP,2019-07-13,,True
CSH0004393,CUS0004393,SEG-MAFF,2021-07-16,,True
CSH0004394,CUS0004394,SEG-SME,2026-01-05,,True
CSH0004395,CUS0004395,SEG-MAFF,2019-08-19,,True
CSH0004396,CUS0004396,SEG-MASS,2021-09-26,,True
CSH0004397,CUS0004397,SEG-MASS,2021-02-06,,True
CSH0004398,CUS0004398,SEG-MASS,2021-03-15,,True
CSH0004399,CUS0004399,SEG-MASS,2021-08-04,,True
CSH0004400,CUS0004400,SEG-AFFL,2023-06-09,,True
CSH0004401,CUS0004401,SEG-AFFL,2022-02-14,,True
CSH0004402,CUS0004402,SEG-MASS,2020-02-27,,True
CSH0004403,CUS0004403,SEG-AFFL,2022-09-15,,True
CSH0004404,CUS0004404,SEG-MAFF,2024-01-14,,True
CSH0004405,CUS0004405,SEG-AFFL,2022-08-30,,True
CSH0004406,CUS0004406,SEG-MAFF,2025-03-28,,True
CSH0004407,CUS0004407,SEG-AFFL,2021-10-11,,True
CSH0004408,CUS0004408,SEG-CORP,2021-05-05,,True
CSH0004409,CUS0004409,SEG-MASS,2022-05-18,,True
CSH0004410,CUS0004410,SEG-MASS,2025-08-02,,True
CSH0004411,CUS0004411,SEG-MASS,2025-10-31,,True
CSH0004412,CUS0004412,SEG-MASS,2020-07-27,,True
CSH0004413,CUS0004413,SEG-MASS,2021-01-15,,True
CSH0004414,CUS0004414,SEG-CORP,2021-02-19,,True
CSH0004415,CUS0004415,SEG-AFFL,2022-07-22,,True
CSH0004416,CUS0004416,SEG-AFFL,2022-01-24,,True
CSH0004417,CUS0004417,SEG-MAFF,2025-09-04,,True
CSH0004418,CUS0004418,SEG-MASS,2023-10-29,,True
CSH0004419,CUS0004419,SEG-PRIV,2020-12-21,,True
CSH0004420,CUS0004420,SEG-PRIV,2022-07-27,,True
CSH0004421,CUS0004421,SEG-MASS,2020-12-26,,True
CSH0004422,CUS0004422,SEG-MASS,2025-12-20,,True
CSH0004423,CUS0004423,SEG-MASS,2022-09-01,,True
CSH0004424,CUS0004424,SEG-AFFL,2024-12-08,,True
CSH0004425,CUS0004425,SEG-CORP,2021-04-25,,True
CSH0004426,CUS0004426,SEG-SME,2018-01-15,,True
CSH0004427,CUS0004427,SEG-CORP,2024-02-28,,True
CSH0004428,CUS0004428,SEG-AFFL,2021-11-06,,True
CSH0004429,CUS0004429,SEG-PRIV,2018-01-05,,True
CSH0004430,CUS0004430,SEG-MASS,2022-03-01,,True
CSH0004431,CUS0004431,SEG-MASS,2021-03-28,,True
CSH0004432,CUS0004432,SEG-MAFF,2018-09-27,,True
CSH0004433,CUS0004433,SEG-PRIV,2024-05-12,,True
CSH0004434,CUS0004434,SEG-AFFL,2021-06-17,,True
CSH0004435,CUS0004435,SEG-MAFF,2022-11-10,,True
CSH0004436,CUS0004436,SEG-MASS,2020-02-08,,True
CSH0004437,CUS0004437,SEG-MAFF,2021-07-25,,True
CSH0004438,CUS0004438,SEG-MAFF,2019-05-19,,True
CSH0004439,CUS0004439,SEG-PRIV,2019-06-09,,True
CSH0004440,CUS0004440,SEG-AFFL,2023-12-16,,True
CSH0004441,CUS0004441,SEG-AFFL,2019-11-17,,True
CSH0004442,CUS0004442,SEG-SME,2020-01-23,,True
CSH0004443,CUS0004443,SEG-PRIV,2024-07-12,,True
CSH0004444,CUS0004444,SEG-CORP,2023-11-03,,True
CSH0004445,CUS0004445,SEG-MAFF,2022-10-10,,True
CSH0004446,CUS0004446,SEG-MAFF,2018-07-24,,True
CSH0004447,CUS0004447,SEG-MAFF,2021-11-04,,True
CSH0004448,CUS0004448,SEG-SME,2019-06-10,,True
CSH0004449,CUS0004449,SEG-MAFF,2020-11-16,,True
CSH0004450,CUS0004450,SEG-MAFF,2020-01-24,,True
CSH0004451,CUS0004451,SEG-MASS,2023-01-18,,True
CSH0004452,CUS0004452,SEG-AFFL,2023-08-16,,True
CSH0004453,CUS0004453,SEG-CORP,2022-03-11,,True
CSH0004454,CUS0004454,SEG-AFFL,2019-03-12,,True
CSH0004455,CUS0004455,SEG-AFFL,2025-05-23,,True
CSH0004456,CUS0004456,SEG-MAFF,2026-03-08,,True
CSH0004457,CUS0004457,SEG-MAFF,2024-06-29,,True
CSH0004458,CUS0004458,SEG-MAFF,2023-08-22,,True
CSH0004459,CUS0004459,SEG-MASS,2024-09-06,,True
CSH0004460,CUS0004460,SEG-PRIV,2018-01-22,,True
CSH0004461,CUS0004461,SEG-MAFF,2026-01-11,,True
CSH0004462,CUS0004462,SEG-PRIV,2024-01-27,,True
CSH0004463,CUS0004463,SEG-AFFL,2018-04-18,,True
CSH0004464,CUS0004464,SEG-MAFF,2025-10-31,,True
CSH0004465,CUS0004465,SEG-MAFF,2020-05-23,,True
CSH0004466,CUS0004466,SEG-MAFF,2021-05-15,,True
CSH0004467,CUS0004467,SEG-PRIV,2020-12-21,,True
CSH0004468,CUS0004468,SEG-MAFF,2025-12-15,,True
CSH0004469,CUS0004469,SEG-AFFL,2020-12-03,,True
CSH0004470,CUS0004470,SEG-AFFL,2023-02-11,,True
CSH0004471,CUS0004471,SEG-PRIV,2023-02-08,,True
CSH0004472,CUS0004472,SEG-MAFF,2022-10-01,,True
CSH0004473,CUS0004473,SEG-AFFL,2021-08-08,,True
CSH0004474,CUS0004474,SEG-MASS,2018-01-18,,True
CSH0004475,CUS0004475,SEG-MASS,2023-11-11,,True
CSH0004476,CUS0004476,SEG-CORP,2024-08-27,,True
CSH0004477,CUS0004477,SEG-MAFF,2022-01-30,,True
CSH0004478,CUS0004478,SEG-MASS,2022-05-23,,True
CSH0004479,CUS0004479,SEG-MAFF,2024-11-27,,True
CSH0004480,CUS0004480,SEG-AFFL,2024-10-27,,True
CSH0004481,CUS0004481,SEG-CORP,2022-03-26,,True
CSH0004482,CUS0004482,SEG-AFFL,2025-07-02,,True
CSH0004483,CUS0004483,SEG-MASS,2019-03-28,,True
CSH0004484,CUS0004484,SEG-PRIV,2024-05-03,,True
CSH0004485,CUS0004485,SEG-MASS,2026-02-24,,True
CSH0004486,CUS0004486,SEG-AFFL,2021-06-27,,True
CSH0004487,CUS0004487,SEG-AFFL,2025-09-03,,True
CSH0004488,CUS0004488,SEG-MASS,2025-05-22,,True
CSH0004489,CUS0004489,SEG-AFFL,2025-02-10,,True
CSH0004490,CUS0004490,SEG-AFFL,2024-05-25,,True
CSH0004491,CUS0004491,SEG-MASS,2019-01-21,,True
CSH0004492,CUS0004492,SEG-AFFL,2023-12-12,,True
CSH0004493,CUS0004493,SEG-AFFL,2019-05-14,,True
CSH0004494,CUS0004494,SEG-AFFL,2020-06-24,,True
CSH0004495,CUS0004495,SEG-PRIV,2019-02-26,,True
CSH0004496,CUS0004496,SEG-AFFL,2022-01-24,,True
CSH0004497,CUS0004497,SEG-SME,2022-07-04,,True
CSH0004498,CUS0004498,SEG-AFFL,2020-03-27,,True
CSH0004499,CUS0004499,SEG-SME,2022-08-25,,True
CSH0004500,CUS0004500,SEG-CORP,2019-10-07,,True
CSH0004501,CUS0004501,SEG-CORP,2020-04-15,,True
CSH0004502,CUS0004502,SEG-MAFF,2023-12-14,,True
CSH0004503,CUS0004503,SEG-PRIV,2018-04-25,,True
CSH0004504,CUS0004504,SEG-AFFL,2023-03-21,,True
CSH0004505,CUS0004505,SEG-AFFL,2025-02-18,,True
CSH0004506,CUS0004506,SEG-AFFL,2024-11-18,,True
CSH0004507,CUS0004507,SEG-AFFL,2019-06-08,,True
CSH0004508,CUS0004508,SEG-MAFF,2023-12-24,,True
CSH0004509,CUS0004509,SEG-MASS,2025-02-07,,True
CSH0004510,CUS0004510,SEG-MAFF,2019-09-03,,True
CSH0004511,CUS0004511,SEG-MASS,2019-10-19,,True
CSH0004512,CUS0004512,SEG-PRIV,2022-04-24,,True
CSH0004513,CUS0004513,SEG-MAFF,2022-11-12,,True
CSH0004514,CUS0004514,SEG-AFFL,2022-03-13,,True
CSH0004515,CUS0004515,SEG-AFFL,2023-04-09,,True
CSH0004516,CUS0004516,SEG-MAFF,2023-07-05,,True
CSH0004517,CUS0004517,SEG-MAFF,2020-08-23,,True
CSH0004518,CUS0004518,SEG-MASS,2024-09-23,,True
CSH0004519,CUS0004519,SEG-MAFF,2020-05-19,,True
CSH0004520,CUS0004520,SEG-MASS,2021-03-24,,True
CSH0004521,CUS0004521,SEG-MASS,2018-07-02,,True
CSH0004522,CUS0004522,SEG-PRIV,2025-07-26,,True
CSH0004523,CUS0004523,SEG-PRIV,2025-04-19,,True
CSH0004524,CUS0004524,SEG-CORP,2023-05-10,,True
CSH0004525,CUS0004525,SEG-MAFF,2019-10-17,,True
CSH0004526,CUS0004526,SEG-MAFF,2025-11-25,,True
CSH0004527,CUS0004527,SEG-AFFL,2022-01-19,,True
CSH0004528,CUS0004528,SEG-MAFF,2023-04-17,,True
CSH0004529,CUS0004529,SEG-MASS,2019-06-07,,True
CSH0004530,CUS0004530,SEG-MASS,2021-11-29,,True
CSH0004531,CUS0004531,SEG-MAFF,2021-12-05,,True
CSH0004532,CUS0004532,SEG-MASS,2018-02-06,,True
CSH0004533,CUS0004533,SEG-MASS,2023-10-12,,True
CSH0004534,CUS0004534,SEG-SME,2019-10-02,,True
CSH0004535,CUS0004535,SEG-PRIV,2021-12-09,,True
CSH0004536,CUS0004536,SEG-AFFL,2020-03-29,,True
CSH0004537,CUS0004537,SEG-MASS,2021-01-05,,True
CSH0004538,CUS0004538,SEG-CORP,2023-04-19,,True
CSH0004539,CUS0004539,SEG-AFFL,2023-04-28,,True
CSH0004540,CUS0004540,SEG-AFFL,2021-12-13,,True
CSH0004541,CUS0004541,SEG-MAFF,2022-12-13,,True
CSH0004542,CUS0004542,SEG-PRIV,2019-02-08,,True
CSH0004543,CUS0004543,SEG-MASS,2023-06-01,,True
CSH0004544,CUS0004544,SEG-PRIV,2022-02-11,,True
CSH0004545,CUS0004545,SEG-SME,2022-01-18,,True
CSH0004546,CUS0004546,SEG-MASS,2023-01-21,,True
CSH0004547,CUS0004547,SEG-AFFL,2018-07-10,,True
CSH0004548,CUS0004548,SEG-PRIV,2018-04-15,,True
CSH0004549,CUS0004549,SEG-AFFL,2026-01-05,,True
CSH0004550,CUS0004550,SEG-PRIV,2022-12-07,,True
CSH0004551,CUS0004551,SEG-MASS,2018-12-31,,True
CSH0004552,CUS0004552,SEG-CORP,2019-10-09,,True
CSH0004553,CUS0004553,SEG-MAFF,2023-12-06,,True
CSH0004554,CUS0004554,SEG-AFFL,2023-06-05,,True
CSH0004555,CUS0004555,SEG-MAFF,2020-12-02,,True
CSH0004556,CUS0004556,SEG-MAFF,2019-08-29,,True
CSH0004557,CUS0004557,SEG-PRIV,2022-03-23,,True
CSH0004558,CUS0004558,SEG-SME,2025-09-02,,True
CSH0004559,CUS0004559,SEG-AFFL,2019-12-02,,True
CSH0004560,CUS0004560,SEG-MASS,2024-12-14,,True
CSH0004561,CUS0004561,SEG-MAFF,2019-11-11,,True
CSH0004562,CUS0004562,SEG-MAFF,2020-12-04,,True
CSH0004563,CUS0004563,SEG-MAFF,2018-05-15,,True
CSH0004564,CUS0004564,SEG-MASS,2025-06-13,,True
CSH0004565,CUS0004565,SEG-MAFF,2026-02-27,,True
CSH0004566,CUS0004566,SEG-MASS,2018-11-16,,True
CSH0004567,CUS0004567,SEG-MASS,2021-08-20,,True
CSH0004568,CUS0004568,SEG-PRIV,2022-04-02,,True
CSH0004569,CUS0004569,SEG-AFFL,2023-05-08,,True
CSH0004570,CUS0004570,SEG-PRIV,2020-01-05,,True
CSH0004571,CUS0004571,SEG-AFFL,2025-01-07,,True
CSH0004572,CUS0004572,SEG-AFFL,2020-07-18,,True
CSH0004573,CUS0004573,SEG-AFFL,2021-06-09,,True
CSH0004574,CUS0004574,SEG-CORP,2023-02-02,,True
CSH0004575,CUS0004575,SEG-MAFF,2019-07-04,,True
CSH0004576,CUS0004576,SEG-MASS,2024-04-13,,True
CSH0004577,CUS0004577,SEG-MAFF,2019-03-13,,True
CSH0004578,CUS0004578,SEG-MAFF,2020-05-23,,True
CSH0004579,CUS0004579,SEG-MASS,2021-02-13,,True
CSH0004580,CUS0004580,SEG-AFFL,2018-12-02,,True
CSH0004581,CUS0004581,SEG-AFFL,2022-10-05,,True
CSH0004582,CUS0004582,SEG-AFFL,2022-08-25,,True
CSH0004583,CUS0004583,SEG-AFFL,2022-04-04,,True
CSH0004584,CUS0004584,SEG-PRIV,2020-11-14,,True
CSH0004585,CUS0004585,SEG-CORP,2022-07-14,,True
CSH0004586,CUS0004586,SEG-AFFL,2024-02-06,,True
CSH0004587,CUS0004587,SEG-AFFL,2018-04-23,,True
CSH0004588,CUS0004588,SEG-MAFF,2018-04-27,,True
CSH0004589,CUS0004589,SEG-CORP,2018-05-12,,True
CSH0004590,CUS0004590,SEG-MASS,2024-05-22,,True
CSH0004591,CUS0004591,SEG-MASS,2025-05-01,,True
CSH0004592,CUS0004592,SEG-PRIV,2018-12-09,,True
CSH0004593,CUS0004593,SEG-MAFF,2022-03-05,,True
CSH0004594,CUS0004594,SEG-MASS,2019-12-10,,True
CSH0004595,CUS0004595,SEG-MASS,2024-11-11,,True
CSH0004596,CUS0004596,SEG-AFFL,2022-08-05,,True
CSH0004597,CUS0004597,SEG-SME,2024-11-25,,True
CSH0004598,CUS0004598,SEG-SME,2023-04-20,,True
CSH0004599,CUS0004599,SEG-CORP,2020-03-04,,True
CSH0004600,CUS0004600,SEG-PRIV,2021-03-04,,True
CSH0004601,CUS0004601,SEG-PRIV,2021-02-23,,True
CSH0004602,CUS0004602,SEG-CORP,2018-12-15,,True
CSH0004603,CUS0004603,SEG-MASS,2019-07-23,,True
CSH0004604,CUS0004604,SEG-AFFL,2025-06-26,,True
CSH0004605,CUS0004605,SEG-MASS,2018-05-31,,True
CSH0004606,CUS0004606,SEG-AFFL,2025-09-22,,True
CSH0004607,CUS0004607,SEG-AFFL,2018-04-28,,True
CSH0004608,CUS0004608,SEG-AFFL,2022-08-25,,True
CSH0004609,CUS0004609,SEG-MASS,2018-09-21,,True
CSH0004610,CUS0004610,SEG-MAFF,2023-10-29,,True
CSH0004611,CUS0004611,SEG-SME,2018-06-23,,True
CSH0004612,CUS0004612,SEG-SME,2023-05-21,,True
CSH0004613,CUS0004613,SEG-AFFL,2021-07-31,,True
CSH0004614,CUS0004614,SEG-SME,2026-04-29,,True
CSH0004615,CUS0004615,SEG-MASS,2019-06-15,,True
CSH0004616,CUS0004616,SEG-MASS,2024-08-18,,True
CSH0004617,CUS0004617,SEG-PRIV,2018-05-06,,True
CSH0004618,CUS0004618,SEG-PRIV,2021-09-14,,True
CSH0004619,CUS0004619,SEG-CORP,2021-10-22,,True
CSH0004620,CUS0004620,SEG-MAFF,2023-09-23,,True
CSH0004621,CUS0004621,SEG-MAFF,2026-04-26,,True
CSH0004622,CUS0004622,SEG-SME,2020-06-30,,True
CSH0004623,CUS0004623,SEG-MAFF,2020-04-14,,True
CSH0004624,CUS0004624,SEG-MAFF,2023-09-09,,True
CSH0004625,CUS0004625,SEG-CORP,2025-12-17,,True
CSH0004626,CUS0004626,SEG-MASS,2024-02-22,,True
CSH0004627,CUS0004627,SEG-MAFF,2024-10-03,,True
CSH0004628,CUS0004628,SEG-MASS,2024-11-15,,True
CSH0004629,CUS0004629,SEG-MASS,2019-01-14,,True
CSH0004630,CUS0004630,SEG-SME,2024-07-09,,True
CSH0004631,CUS0004631,SEG-MAFF,2026-04-03,,True
CSH0004632,CUS0004632,SEG-AFFL,2018-09-27,,True
CSH0004633,CUS0004633,SEG-MASS,2024-10-15,,True
CSH0004634,CUS0004634,SEG-AFFL,2018-07-24,,True
CSH0004635,CUS0004635,SEG-MASS,2019-05-14,,True
CSH0004636,CUS0004636,SEG-MASS,2023-06-30,,True
CSH0004637,CUS0004637,SEG-MASS,2021-08-21,,True
CSH0004638,CUS0004638,SEG-AFFL,2024-11-02,,True
CSH0004639,CUS0004639,SEG-CORP,2020-02-23,,True
CSH0004640,CUS0004640,SEG-CORP,2022-06-12,,True
CSH0004641,CUS0004641,SEG-CORP,2019-09-12,,True
CSH0004642,CUS0004642,SEG-MAFF,2024-06-15,,True
CSH0004643,CUS0004643,SEG-AFFL,2024-06-08,,True
CSH0004644,CUS0004644,SEG-SME,2025-03-31,,True
CSH0004645,CUS0004645,SEG-MASS,2023-02-08,,True
CSH0004646,CUS0004646,SEG-CORP,2024-11-29,,True
CSH0004647,CUS0004647,SEG-CORP,2024-06-30,,True
CSH0004648,CUS0004648,SEG-PRIV,2025-07-27,,True
CSH0004649,CUS0004649,SEG-MAFF,2022-08-08,,True
CSH0004650,CUS0004650,SEG-AFFL,2020-02-09,,True
CSH0004651,CUS0004651,SEG-AFFL,2018-02-18,,True
CSH0004652,CUS0004652,SEG-MAFF,2018-05-27,,True
CSH0004653,CUS0004653,SEG-MASS,2021-01-29,,True
CSH0004654,CUS0004654,SEG-MASS,2022-11-12,,True
CSH0004655,CUS0004655,SEG-MASS,2021-04-16,,True
CSH0004656,CUS0004656,SEG-MASS,2024-10-27,,True
CSH0004657,CUS0004657,SEG-SME,2018-11-03,,True
CSH0004658,CUS0004658,SEG-AFFL,2025-10-18,,True
CSH0004659,CUS0004659,SEG-MASS,2018-01-27,,True
CSH0004660,CUS0004660,SEG-AFFL,2022-12-13,,True
CSH0004661,CUS0004661,SEG-MAFF,2025-01-12,,True
CSH0004662,CUS0004662,SEG-MASS,2019-10-01,,True
CSH0004663,CUS0004663,SEG-AFFL,2022-08-11,,True
CSH0004664,CUS0004664,SEG-AFFL,2024-09-30,,True
CSH0004665,CUS0004665,SEG-SME,2022-10-04,,True
CSH0004666,CUS0004666,SEG-SME,2021-03-01,,True
CSH0004667,CUS0004667,SEG-SME,2022-07-20,,True
CSH0004668,CUS0004668,SEG-MASS,2019-03-19,,True
CSH0004669,CUS0004669,SEG-PRIV,2024-02-27,,True
CSH0004670,CUS0004670,SEG-MAFF,2020-09-19,,True
CSH0004671,CUS0004671,SEG-SME,2018-07-15,,True
CSH0004672,CUS0004672,SEG-MASS,2024-07-26,,True
CSH0004673,CUS0004673,SEG-AFFL,2018-07-05,,True
CSH0004674,CUS0004674,SEG-PRIV,2021-06-05,,True
CSH0004675,CUS0004675,SEG-SME,2026-03-23,,True
CSH0004676,CUS0004676,SEG-AFFL,2020-02-04,,True
CSH0004677,CUS0004677,SEG-AFFL,2024-04-07,,True
CSH0004678,CUS0004678,SEG-AFFL,2018-10-30,,True
CSH0004679,CUS0004679,SEG-MAFF,2025-02-22,,True
CSH0004680,CUS0004680,SEG-AFFL,2020-02-15,,True
CSH0004681,CUS0004681,SEG-MAFF,2021-01-24,,True
CSH0004682,CUS0004682,SEG-CORP,2024-09-02,,True
CSH0004683,CUS0004683,SEG-AFFL,2021-02-10,,True
CSH0004684,CUS0004684,SEG-MAFF,2019-12-20,,True
CSH0004685,CUS0004685,SEG-AFFL,2019-05-07,,True
CSH0004686,CUS0004686,SEG-MASS,2025-04-24,,True
CSH0004687,CUS0004687,SEG-AFFL,2024-11-12,,True
CSH0004688,CUS0004688,SEG-SME,2022-10-01,,True
CSH0004689,CUS0004689,SEG-MAFF,2021-12-17,,True
CSH0004690,CUS0004690,SEG-MASS,2022-07-22,,True
CSH0004691,CUS0004691,SEG-SME,2019-08-18,,True
CSH0004692,CUS0004692,SEG-AFFL,2025-02-03,,True
CSH0004693,CUS0004693,SEG-AFFL,2022-12-02,,True
CSH0004694,CUS0004694,SEG-MASS,2026-02-19,,True
CSH0004695,CUS0004695,SEG-MAFF,2022-06-16,,True
CSH0004696,CUS0004696,SEG-MAFF,2022-11-19,,True
CSH0004697,CUS0004697,SEG-SME,2025-09-04,,True
CSH0004698,CUS0004698,SEG-MAFF,2020-06-29,,True
CSH0004699,CUS0004699,SEG-MAFF,2022-04-14,,True
CSH0004700,CUS0004700,SEG-PRIV,2021-07-03,,True
CSH0004701,CUS0004701,SEG-MAFF,2018-10-12,,True
CSH0004702,CUS0004702,SEG-MASS,2020-08-19,,True
CSH0004703,CUS0004703,SEG-AFFL,2022-11-29,,True
CSH0004704,CUS0004704,SEG-AFFL,2019-10-09,,True
CSH0004705,CUS0004705,SEG-PRIV,2022-09-21,,True
CSH0004706,CUS0004706,SEG-PRIV,2024-05-26,,True
CSH0004707,CUS0004707,SEG-CORP,2024-10-23,,True
CSH0004708,CUS0004708,SEG-MASS,2025-03-01,,True
CSH0004709,CUS0004709,SEG-PRIV,2025-09-01,,True
CSH0004710,CUS0004710,SEG-CORP,2026-03-16,,True
CSH0004711,CUS0004711,SEG-MAFF,2018-05-11,,True
CSH0004712,CUS0004712,SEG-MASS,2019-07-09,,True
CSH0004713,CUS0004713,SEG-PRIV,2024-11-05,,True
CSH0004714,CUS0004714,SEG-SME,2022-01-07,,True
CSH0004715,CUS0004715,SEG-AFFL,2018-09-21,,True
CSH0004716,CUS0004716,SEG-MASS,2022-10-27,,True
CSH0004717,CUS0004717,SEG-MASS,2021-07-10,,True
CSH0004718,CUS0004718,SEG-AFFL,2025-06-14,,True
CSH0004719,CUS0004719,SEG-MAFF,2025-03-03,,True
CSH0004720,CUS0004720,SEG-MASS,2023-01-30,,True
CSH0004721,CUS0004721,SEG-SME,2022-10-17,,True
CSH0004722,CUS0004722,SEG-AFFL,2020-01-17,,True
CSH0004723,CUS0004723,SEG-MASS,2019-02-04,,True
CSH0004724,CUS0004724,SEG-MAFF,2018-10-24,,True
CSH0004725,CUS0004725,SEG-CORP,2018-01-19,,True
CSH0004726,CUS0004726,SEG-MASS,2024-02-13,,True
CSH0004727,CUS0004727,SEG-CORP,2019-04-21,,True
CSH0004728,CUS0004728,SEG-AFFL,2021-04-15,,True
CSH0004729,CUS0004729,SEG-MASS,2025-12-02,,True
CSH0004730,CUS0004730,SEG-AFFL,2021-09-10,,True
CSH0004731,CUS0004731,SEG-MAFF,2024-04-29,,True
CSH0004732,CUS0004732,SEG-PRIV,2023-11-23,,True
CSH0004733,CUS0004733,SEG-MAFF,2021-08-01,,True
CSH0004734,CUS0004734,SEG-MASS,2025-08-19,,True
CSH0004735,CUS0004735,SEG-AFFL,2023-05-11,,True
CSH0004736,CUS0004736,SEG-SME,2022-12-05,,True
CSH0004737,CUS0004737,SEG-MASS,2021-07-09,,True
CSH0004738,CUS0004738,SEG-MASS,2022-06-16,,True
CSH0004739,CUS0004739,SEG-CORP,2021-06-22,,True
CSH0004740,CUS0004740,SEG-PRIV,2020-07-28,,True
CSH0004741,CUS0004741,SEG-AFFL,2024-11-08,,True
CSH0004742,CUS0004742,SEG-CORP,2021-05-19,,True
CSH0004743,CUS0004743,SEG-AFFL,2023-08-28,,True
CSH0004744,CUS0004744,SEG-MAFF,2023-07-12,,True
CSH0004745,CUS0004745,SEG-MASS,2020-11-26,,True
CSH0004746,CUS0004746,SEG-MASS,2023-08-23,,True
CSH0004747,CUS0004747,SEG-SME,2022-04-29,,True
CSH0004748,CUS0004748,SEG-MASS,2019-08-21,,True
CSH0004749,CUS0004749,SEG-CORP,2022-10-06,,True
CSH0004750,CUS0004750,SEG-MAFF,2026-03-24,,True
CSH0004751,CUS0004751,SEG-MASS,2025-01-18,,True
CSH0004752,CUS0004752,SEG-SME,2022-07-03,,True
CSH0004753,CUS0004753,SEG-MASS,2021-01-16,,True
CSH0004754,CUS0004754,SEG-MAFF,2024-05-22,,True
CSH0004755,CUS0004755,SEG-MASS,2021-08-11,,True
CSH0004756,CUS0004756,SEG-SME,2024-07-08,,True
CSH0004757,CUS0004757,SEG-MASS,2019-12-26,,True
CSH0004758,CUS0004758,SEG-MASS,2018-03-16,,True
CSH0004759,CUS0004759,SEG-MAFF,2025-05-31,,True
CSH0004760,CUS0004760,SEG-CORP,2021-08-06,,True
CSH0004761,CUS0004761,SEG-MASS,2026-01-12,,True
CSH0004762,CUS0004762,SEG-MAFF,2019-08-02,,True
CSH0004763,CUS0004763,SEG-MASS,2018-04-14,,True
CSH0004764,CUS0004764,SEG-MASS,2023-08-01,,True
CSH0004765,CUS0004765,SEG-MAFF,2025-01-17,,True
CSH0004766,CUS0004766,SEG-MAFF,2023-12-24,,True
CSH0004767,CUS0004767,SEG-CORP,2023-10-11,,True
CSH0004768,CUS0004768,SEG-MAFF,2026-03-16,,True
CSH0004769,CUS0004769,SEG-AFFL,2023-09-29,,True
CSH0004770,CUS0004770,SEG-AFFL,2023-09-19,,True
CSH0004771,CUS0004771,SEG-AFFL,2020-03-20,,True
CSH0004772,CUS0004772,SEG-MASS,2026-03-05,,True
CSH0004773,CUS0004773,SEG-MASS,2020-08-14,,True
CSH0004774,CUS0004774,SEG-MASS,2023-06-05,,True
CSH0004775,CUS0004775,SEG-AFFL,2024-10-02,,True
CSH0004776,CUS0004776,SEG-MASS,2018-04-13,,True
CSH0004777,CUS0004777,SEG-AFFL,2019-05-14,,True
CSH0004778,CUS0004778,SEG-CORP,2019-09-09,,True
CSH0004779,CUS0004779,SEG-AFFL,2021-05-30,,True
CSH0004780,CUS0004780,SEG-SME,2018-05-02,,True
CSH0004781,CUS0004781,SEG-MAFF,2020-05-27,,True
CSH0004782,CUS0004782,SEG-MAFF,2025-10-02,,True
CSH0004783,CUS0004783,SEG-MAFF,2021-06-15,,True
CSH0004784,CUS0004784,SEG-MASS,2022-06-03,,True
CSH0004785,CUS0004785,SEG-MASS,2021-11-10,,True
CSH0004786,CUS0004786,SEG-SME,2019-08-05,,True
CSH0004787,CUS0004787,SEG-AFFL,2022-06-28,,True
CSH0004788,CUS0004788,SEG-MASS,2025-01-22,,True
CSH0004789,CUS0004789,SEG-SME,2023-05-25,,True
CSH0004790,CUS0004790,SEG-MAFF,2025-02-21,,True
CSH0004791,CUS0004791,SEG-AFFL,2025-03-18,,True
CSH0004792,CUS0004792,SEG-MAFF,2019-05-17,,True
CSH0004793,CUS0004793,SEG-AFFL,2019-06-20,,True
CSH0004794,CUS0004794,SEG-PRIV,2018-07-05,,True
CSH0004795,CUS0004795,SEG-MASS,2021-04-29,,True
CSH0004796,CUS0004796,SEG-SME,2023-09-01,,True
CSH0004797,CUS0004797,SEG-CORP,2018-10-06,,True
CSH0004798,CUS0004798,SEG-MASS,2022-04-15,,True
CSH0004799,CUS0004799,SEG-AFFL,2023-03-28,,True
CSH0004800,CUS0004800,SEG-MASS,2021-01-30,,True
CSH0004801,CUS0004801,SEG-AFFL,2020-08-21,,True
CSH0004802,CUS0004802,SEG-MAFF,2019-09-24,,True
CSH0004803,CUS0004803,SEG-MAFF,2026-02-27,,True
CSH0004804,CUS0004804,SEG-PRIV,2024-09-01,,True
CSH0004805,CUS0004805,SEG-MASS,2022-10-27,,True
CSH0004806,CUS0004806,SEG-MASS,2025-12-31,,True
CSH0004807,CUS0004807,SEG-AFFL,2022-06-30,,True
CSH0004808,CUS0004808,SEG-AFFL,2023-11-11,,True
CSH0004809,CUS0004809,SEG-PRIV,2024-12-17,,True
CSH0004810,CUS0004810,SEG-PRIV,2023-11-13,,True
CSH0004811,CUS0004811,SEG-AFFL,2024-11-19,,True
CSH0004812,CUS0004812,SEG-MASS,2019-01-02,,True
CSH0004813,CUS0004813,SEG-MAFF,2019-07-13,,True
CSH0004814,CUS0004814,SEG-SME,2024-03-01,,True
CSH0004815,CUS0004815,SEG-MAFF,2021-09-17,,True
CSH0004816,CUS0004816,SEG-MASS,2021-02-28,,True
CSH0004817,CUS0004817,SEG-AFFL,2020-03-27,,True
CSH0004818,CUS0004818,SEG-AFFL,2018-09-07,,True
CSH0004819,CUS0004819,SEG-MASS,2019-09-01,,True
CSH0004820,CUS0004820,SEG-SME,2018-04-09,,True
CSH0004821,CUS0004821,SEG-SME,2022-04-06,,True
CSH0004822,CUS0004822,SEG-MASS,2023-02-17,,True
CSH0004823,CUS0004823,SEG-CORP,2023-05-16,,True
CSH0004824,CUS0004824,SEG-MAFF,2023-09-18,,True
CSH0004825,CUS0004825,SEG-CORP,2020-12-06,,True
CSH0004826,CUS0004826,SEG-AFFL,2021-06-10,,True
CSH0004827,CUS0004827,SEG-AFFL,2021-01-22,,True
CSH0004828,CUS0004828,SEG-MAFF,2025-02-17,,True
CSH0004829,CUS0004829,SEG-AFFL,2026-01-08,,True
CSH0004830,CUS0004830,SEG-AFFL,2019-09-11,,True
CSH0004831,CUS0004831,SEG-MAFF,2025-02-07,,True
CSH0004832,CUS0004832,SEG-AFFL,2022-04-06,,True
CSH0004833,CUS0004833,SEG-MAFF,2023-10-14,,True
CSH0004834,CUS0004834,SEG-CORP,2020-09-05,,True
CSH0004835,CUS0004835,SEG-SME,2021-09-07,,True
CSH0004836,CUS0004836,SEG-MASS,2019-11-27,,True
CSH0004837,CUS0004837,SEG-MASS,2020-12-03,,True
CSH0004838,CUS0004838,SEG-MASS,2023-02-20,,True
CSH0004839,CUS0004839,SEG-MAFF,2018-04-12,,True
CSH0004840,CUS0004840,SEG-AFFL,2024-10-24,,True
CSH0004841,CUS0004841,SEG-MASS,2024-08-21,,True
CSH0004842,CUS0004842,SEG-AFFL,2021-05-18,,True
CSH0004843,CUS0004843,SEG-PRIV,2021-03-22,,True
CSH0004844,CUS0004844,SEG-PRIV,2019-02-15,,True
CSH0004845,CUS0004845,SEG-MAFF,2025-12-25,,True
CSH0004846,CUS0004846,SEG-AFFL,2026-01-15,,True
CSH0004847,CUS0004847,SEG-CORP,2018-02-16,,True
CSH0004848,CUS0004848,SEG-PRIV,2024-01-30,,True
CSH0004849,CUS0004849,SEG-MAFF,2024-09-08,,True
CSH0004850,CUS0004850,SEG-MAFF,2025-03-04,,True
CSH0004851,CUS0004851,SEG-MAFF,2019-09-19,,True
CSH0004852,CUS0004852,SEG-MASS,2025-12-29,,True
CSH0004853,CUS0004853,SEG-CORP,2021-01-06,,True
CSH0004854,CUS0004854,SEG-CORP,2020-06-15,,True
CSH0004855,CUS0004855,SEG-PRIV,2022-04-26,,True
CSH0004856,CUS0004856,SEG-MASS,2023-02-08,,True
CSH0004857,CUS0004857,SEG-MASS,2020-02-09,,True
CSH0004858,CUS0004858,SEG-MASS,2021-08-14,,True
CSH0004859,CUS0004859,SEG-CORP,2018-03-31,,True
CSH0004860,CUS0004860,SEG-AFFL,2024-08-06,,True
CSH0004861,CUS0004861,SEG-MASS,2022-02-02,,True
CSH0004862,CUS0004862,SEG-CORP,2020-09-07,,True
CSH0004863,CUS0004863,SEG-MASS,2020-06-11,,True
CSH0004864,CUS0004864,SEG-MAFF,2019-07-31,,True
CSH0004865,CUS0004865,SEG-MASS,2025-09-25,,True
CSH0004866,CUS0004866,SEG-MAFF,2023-03-10,,True
CSH0004867,CUS0004867,SEG-MAFF,2021-12-24,,True
CSH0004868,CUS0004868,SEG-AFFL,2021-05-02,,True
CSH0004869,CUS0004869,SEG-CORP,2019-03-03,,True
CSH0004870,CUS0004870,SEG-MASS,2021-09-13,,True
CSH0004871,CUS0004871,SEG-CORP,2022-08-22,,True
CSH0004872,CUS0004872,SEG-CORP,2018-03-15,,True
CSH0004873,CUS0004873,SEG-MAFF,2020-01-04,,True
CSH0004874,CUS0004874,SEG-AFFL,2024-04-05,,True
CSH0004875,CUS0004875,SEG-AFFL,2020-03-02,,True
CSH0004876,CUS0004876,SEG-MAFF,2024-12-05,,True
CSH0004877,CUS0004877,SEG-MASS,2020-11-09,,True
CSH0004878,CUS0004878,SEG-MAFF,2022-05-11,,True
CSH0004879,CUS0004879,SEG-MAFF,2022-10-10,,True
CSH0004880,CUS0004880,SEG-MAFF,2026-03-08,,True
CSH0004881,CUS0004881,SEG-MAFF,2018-08-15,,True
CSH0004882,CUS0004882,SEG-CORP,2023-01-16,,True
CSH0004883,CUS0004883,SEG-MAFF,2021-09-26,,True
CSH0004884,CUS0004884,SEG-AFFL,2018-07-24,,True
CSH0004885,CUS0004885,SEG-MASS,2020-09-24,,True
CSH0004886,CUS0004886,SEG-MASS,2024-05-27,,True
CSH0004887,CUS0004887,SEG-MASS,2018-07-08,,True
CSH0004888,CUS0004888,SEG-AFFL,2022-06-12,,True
CSH0004889,CUS0004889,SEG-MAFF,2025-07-16,,True
CSH0004890,CUS0004890,SEG-AFFL,2025-06-23,,True
CSH0004891,CUS0004891,SEG-PRIV,2020-11-19,,True
CSH0004892,CUS0004892,SEG-MAFF,2025-02-06,,True
CSH0004893,CUS0004893,SEG-AFFL,2021-07-18,,True
CSH0004894,CUS0004894,SEG-MAFF,2024-02-08,,True
CSH0004895,CUS0004895,SEG-MAFF,2023-06-25,,True
CSH0004896,CUS0004896,SEG-MAFF,2022-04-11,,True
CSH0004897,CUS0004897,SEG-AFFL,2019-11-21,,True
CSH0004898,CUS0004898,SEG-AFFL,2021-06-08,,True
CSH0004899,CUS0004899,SEG-SME,2023-07-03,,True
CSH0004900,CUS0004900,SEG-PRIV,2021-12-17,,True
CSH0004901,CUS0004901,SEG-MASS,2021-07-13,,True
CSH0004902,CUS0004902,SEG-AFFL,2025-10-07,,True
CSH0004903,CUS0004903,SEG-MASS,2022-08-25,,True
CSH0004904,CUS0004904,SEG-MASS,2019-03-29,,True
CSH0004905,CUS0004905,SEG-MASS,2023-10-16,,True
CSH0004906,CUS0004906,SEG-PRIV,2023-02-14,,True
CSH0004907,CUS0004907,SEG-MASS,2023-09-19,,True
CSH0004908,CUS0004908,SEG-MASS,2021-09-24,,True
CSH0004909,CUS0004909,SEG-SME,2023-04-24,,True
CSH0004910,CUS0004910,SEG-MASS,2026-02-08,,True
CSH0004911,CUS0004911,SEG-MAFF,2024-06-17,,True
CSH0004912,CUS0004912,SEG-SME,2023-11-29,,True
CSH0004913,CUS0004913,SEG-AFFL,2020-02-12,,True
CSH0004914,CUS0004914,SEG-MASS,2021-08-20,,True
CSH0004915,CUS0004915,SEG-MAFF,2020-11-24,,True
CSH0004916,CUS0004916,SEG-MAFF,2025-05-23,,True
CSH0004917,CUS0004917,SEG-MASS,2026-02-25,,True
CSH0004918,CUS0004918,SEG-MASS,2021-01-02,,True
CSH0004919,CUS0004919,SEG-AFFL,2023-11-25,,True
CSH0004920,CUS0004920,SEG-MASS,2023-05-04,,True
CSH0004921,CUS0004921,SEG-PRIV,2023-11-18,,True
CSH0004922,CUS0004922,SEG-MAFF,2019-03-25,,True
CSH0004923,CUS0004923,SEG-MAFF,2022-03-13,,True
CSH0004924,CUS0004924,SEG-MAFF,2026-04-24,,True
CSH0004925,CUS0004925,SEG-AFFL,2021-12-20,,True
CSH0004926,CUS0004926,SEG-MAFF,2020-12-23,,True
CSH0004927,CUS0004927,SEG-PRIV,2018-05-18,,True
CSH0004928,CUS0004928,SEG-MASS,2025-11-02,,True
CSH0004929,CUS0004929,SEG-MASS,2020-07-18,,True
CSH0004930,CUS0004930,SEG-MASS,2019-11-10,,True
CSH0004931,CUS0004931,SEG-MAFF,2024-04-13,,True
CSH0004932,CUS0004932,SEG-SME,2024-03-28,,True
CSH0004933,CUS0004933,SEG-AFFL,2023-05-19,,True
CSH0004934,CUS0004934,SEG-PRIV,2025-03-04,,True
CSH0004935,CUS0004935,SEG-MAFF,2023-09-02,,True
CSH0004936,CUS0004936,SEG-AFFL,2024-12-20,,True
CSH0004937,CUS0004937,SEG-CORP,2025-06-07,,True
CSH0004938,CUS0004938,SEG-MAFF,2019-07-06,,True
CSH0004939,CUS0004939,SEG-MAFF,2023-07-09,,True
CSH0004940,CUS0004940,SEG-MASS,2020-03-23,,True
CSH0004941,CUS0004941,SEG-AFFL,2024-09-10,,True
CSH0004942,CUS0004942,SEG-AFFL,2019-11-22,,True
CSH0004943,CUS0004943,SEG-AFFL,2018-07-11,,True
CSH0004944,CUS0004944,SEG-SME,2018-10-12,,True
CSH0004945,CUS0004945,SEG-AFFL,2025-04-11,,True
CSH0004946,CUS0004946,SEG-AFFL,2019-09-09,,True
CSH0004947,CUS0004947,SEG-MASS,2026-02-14,,True
CSH0004948,CUS0004948,SEG-AFFL,2025-03-19,,True
CSH0004949,CUS0004949,SEG-MAFF,2022-01-13,,True
CSH0004950,CUS0004950,SEG-MAFF,2022-08-07,,True
CSH0004951,CUS0004951,SEG-PRIV,2025-06-12,,True
CSH0004952,CUS0004952,SEG-MAFF,2025-02-25,,True
CSH0004953,CUS0004953,SEG-AFFL,2019-08-10,,True
CSH0004954,CUS0004954,SEG-CORP,2018-11-02,,True
CSH0004955,CUS0004955,SEG-CORP,2022-02-11,,True
CSH0004956,CUS0004956,SEG-SME,2024-01-27,,True
CSH0004957,CUS0004957,SEG-CORP,2021-09-09,,True
CSH0004958,CUS0004958,SEG-MAFF,2024-09-29,,True
CSH0004959,CUS0004959,SEG-SME,2020-01-20,,True
CSH0004960,CUS0004960,SEG-MAFF,2023-07-05,,True
CSH0004961,CUS0004961,SEG-MASS,2020-11-26,,True
CSH0004962,CUS0004962,SEG-MAFF,2025-08-16,,True
CSH0004963,CUS0004963,SEG-SME,2018-12-06,,True
CSH0004964,CUS0004964,SEG-MAFF,2025-12-04,,True
CSH0004965,CUS0004965,SEG-MAFF,2018-02-04,,True
CSH0004966,CUS0004966,SEG-AFFL,2020-03-12,,True
CSH0004967,CUS0004967,SEG-MASS,2025-01-04,,True
CSH0004968,CUS0004968,SEG-MASS,2025-10-18,,True
CSH0004969,CUS0004969,SEG-SME,2020-02-22,,True
CSH0004970,CUS0004970,SEG-MASS,2020-04-21,,True
CSH0004971,CUS0004971,SEG-PRIV,2022-03-14,,True
CSH0004972,CUS0004972,SEG-MAFF,2021-05-02,,True
CSH0004973,CUS0004973,SEG-MASS,2018-10-07,,True
CSH0004974,CUS0004974,SEG-MASS,2025-10-03,,True
CSH0004975,CUS0004975,SEG-PRIV,2022-01-16,,True
CSH0004976,CUS0004976,SEG-CORP,2021-01-05,,True
CSH0004977,CUS0004977,SEG-CORP,2018-11-07,,True
CSH0004978,CUS0004978,SEG-SME,2025-02-08,,True
CSH0004979,CUS0004979,SEG-AFFL,2023-10-10,,True
CSH0004980,CUS0004980,SEG-AFFL,2024-12-15,,True
CSH0004981,CUS0004981,SEG-PRIV,2021-11-08,,True
CSH0004982,CUS0004982,SEG-SME,2018-02-14,,True
CSH0004983,CUS0004983,SEG-MASS,2024-04-11,,True
CSH0004984,CUS0004984,SEG-AFFL,2018-07-10,,True
CSH0004985,CUS0004985,SEG-AFFL,2019-02-23,,True
CSH0004986,CUS0004986,SEG-SME,2022-01-24,,True
CSH0004987,CUS0004987,SEG-MASS,2021-03-03,,True
CSH0004988,CUS0004988,SEG-SME,2019-09-16,,True
CSH0004989,CUS0004989,SEG-MASS,2024-10-11,,True
CSH0004990,CUS0004990,SEG-MAFF,2025-01-09,,True
CSH0004991,CUS0004991,SEG-MASS,2024-07-22,,True
CSH0004992,CUS0004992,SEG-SME,2023-06-06,,True
CSH0004993,CUS0004993,SEG-AFFL,2023-02-22,,True
CSH0004994,CUS0004994,SEG-PRIV,2019-08-01,,True
CSH0004995,CUS0004995,SEG-AFFL,2025-01-16,,True
CSH0004996,CUS0004996,SEG-AFFL,2023-01-25,,True
CSH0004997,CUS0004997,SEG-SME,2019-03-08,,True
CSH0004998,CUS0004998,SEG-MAFF,2024-10-05,,True
CSH0004999,CUS0004999,SEG-MASS,2024-06-05,,True
CSH0005000,CUS0005000,SEG-MAFF,2025-12-07,,True
CSH0005001,CUS0005001,SEG-SME,2024-04-14,,True
CSH0005002,CUS0005002,SEG-MAFF,2018-04-21,,True
CSH0005003,CUS0005003,SEG-SME,2021-02-22,,True
CSH0005004,CUS0005004,SEG-MASS,2022-09-19,,True
CSH0005005,CUS0005005,SEG-AFFL,2023-08-31,,True
CSH0005006,CUS0005006,SEG-AFFL,2023-01-07,,True
CSH0005007,CUS0005007,SEG-CORP,2020-03-23,,True
CSH0005008,CUS0005008,SEG-AFFL,2022-02-08,,True
CSH0005009,CUS0005009,SEG-MAFF,2025-01-19,,True
CSH0005010,CUS0005010,SEG-AFFL,2019-09-23,,True
CSH0005011,CUS0005011,SEG-MASS,2024-04-22,,True
CSH0005012,CUS0005012,SEG-SME,2021-11-02,,True
CSH0005013,CUS0005013,SEG-AFFL,2022-06-30,,True
CSH0005014,CUS0005014,SEG-MASS,2019-12-21,,True
CSH0005015,CUS0005015,SEG-AFFL,2024-09-10,,True
CSH0005016,CUS0005016,SEG-MASS,2018-05-23,,True
CSH0005017,CUS0005017,SEG-MASS,2018-02-05,,True
CSH0005018,CUS0005018,SEG-SME,2018-10-22,,True
CSH0005019,CUS0005019,SEG-AFFL,2019-11-01,,True
CSH0005020,CUS0005020,SEG-SME,2026-04-16,,True
CSH0005021,CUS0005021,SEG-MAFF,2021-02-20,,True
CSH0005022,CUS0005022,SEG-MAFF,2020-12-29,,True
CSH0005023,CUS0005023,SEG-AFFL,2024-11-23,,True
CSH0005024,CUS0005024,SEG-AFFL,2022-10-05,,True
CSH0005025,CUS0005025,SEG-PRIV,2022-05-13,,True
CSH0005026,CUS0005026,SEG-MAFF,2020-05-29,,True
CSH0005027,CUS0005027,SEG-MAFF,2026-01-29,,True
CSH0005028,CUS0005028,SEG-AFFL,2023-10-28,,True
CSH0005029,CUS0005029,SEG-CORP,2023-10-21,,True
CSH0005030,CUS0005030,SEG-MAFF,2018-07-21,,True
CSH0005031,CUS0005031,SEG-SME,2023-07-24,,True
CSH0005032,CUS0005032,SEG-MASS,2023-03-22,,True
CSH0005033,CUS0005033,SEG-MASS,2024-09-06,,True
CSH0005034,CUS0005034,SEG-MAFF,2020-01-12,,True
CSH0005035,CUS0005035,SEG-MAFF,2018-11-23,,True
CSH0005036,CUS0005036,SEG-AFFL,2024-04-23,,True
CSH0005037,CUS0005037,SEG-AFFL,2025-05-20,,True
CSH0005038,CUS0005038,SEG-AFFL,2018-01-08,,True
CSH0005039,CUS0005039,SEG-MASS,2020-10-10,,True
CSH0005040,CUS0005040,SEG-MASS,2025-01-10,,True
CSH0005041,CUS0005041,SEG-MASS,2025-01-21,,True
CSH0005042,CUS0005042,SEG-MAFF,2025-07-09,,True
CSH0005043,CUS0005043,SEG-CORP,2021-05-08,,True
CSH0005044,CUS0005044,SEG-SME,2022-04-11,,True
CSH0005045,CUS0005045,SEG-MAFF,2018-10-15,,True
CSH0005046,CUS0005046,SEG-AFFL,2026-04-19,,True
CSH0005047,CUS0005047,SEG-SME,2023-09-17,,True
CSH0005048,CUS0005048,SEG-MAFF,2023-10-02,,True
CSH0005049,CUS0005049,SEG-AFFL,2023-04-05,,True
CSH0005050,CUS0005050,SEG-MASS,2020-04-02,,True
CSH0005051,CUS0005051,SEG-MAFF,2020-10-11,,True
CSH0005052,CUS0005052,SEG-MAFF,2021-05-31,,True
CSH0005053,CUS0005053,SEG-SME,2020-07-15,,True
CSH0005054,CUS0005054,SEG-MAFF,2020-09-12,,True
CSH0005055,CUS0005055,SEG-MASS,2019-11-15,,True
CSH0005056,CUS0005056,SEG-MASS,2024-09-29,,True
CSH0005057,CUS0005057,SEG-PRIV,2021-07-29,,True
CSH0005058,CUS0005058,SEG-MASS,2022-05-27,,True
CSH0005059,CUS0005059,SEG-MAFF,2018-06-18,,True
CSH0005060,CUS0005060,SEG-MAFF,2023-12-15,,True
CSH0005061,CUS0005061,SEG-MASS,2023-09-30,,True
CSH0005062,CUS0005062,SEG-MASS,2019-06-02,,True
CSH0005063,CUS0005063,SEG-SME,2022-06-20,,True
CSH0005064,CUS0005064,SEG-CORP,2023-03-24,,True
CSH0005065,CUS0005065,SEG-AFFL,2025-05-03,,True
CSH0005066,CUS0005066,SEG-AFFL,2018-12-22,,True
CSH0005067,CUS0005067,SEG-AFFL,2019-05-10,,True
CSH0005068,CUS0005068,SEG-SME,2019-09-06,,True
CSH0005069,CUS0005069,SEG-MAFF,2018-04-27,,True
CSH0005070,CUS0005070,SEG-MASS,2022-11-15,,True
CSH0005071,CUS0005071,SEG-MAFF,2022-06-03,,True
CSH0005072,CUS0005072,SEG-MASS,2022-03-25,,True
CSH0005073,CUS0005073,SEG-CORP,2025-06-02,,True
CSH0005074,CUS0005074,SEG-AFFL,2019-11-02,,True
CSH0005075,CUS0005075,SEG-MAFF,2019-12-25,,True
CSH0005076,CUS0005076,SEG-MASS,2019-06-28,,True
CSH0005077,CUS0005077,SEG-SME,2023-04-30,,True
CSH0005078,CUS0005078,SEG-MASS,2025-01-22,,True
CSH0005079,CUS0005079,SEG-CORP,2021-01-18,,True
CSH0005080,CUS0005080,SEG-AFFL,2019-09-30,,True
CSH0005081,CUS0005081,SEG-MASS,2025-10-08,,True
CSH0005082,CUS0005082,SEG-MAFF,2019-12-28,,True
CSH0005083,CUS0005083,SEG-SME,2022-05-10,,True
CSH0005084,CUS0005084,SEG-AFFL,2022-07-13,,True
CSH0005085,CUS0005085,SEG-MASS,2019-07-26,,True
CSH0005086,CUS0005086,SEG-MAFF,2018-12-16,,True
CSH0005087,CUS0005087,SEG-MASS,2022-05-19,,True
CSH0005088,CUS0005088,SEG-MASS,2023-12-24,,True
CSH0005089,CUS0005089,SEG-SME,2020-10-02,,True
CSH0005090,CUS0005090,SEG-AFFL,2021-08-24,,True
CSH0005091,CUS0005091,SEG-MASS,2020-10-18,,True
CSH0005092,CUS0005092,SEG-MASS,2020-10-01,,True
CSH0005093,CUS0005093,SEG-AFFL,2023-02-20,,True
CSH0005094,CUS0005094,SEG-MAFF,2019-10-24,,True
CSH0005095,CUS0005095,SEG-CORP,2021-03-17,,True
CSH0005096,CUS0005096,SEG-MASS,2026-02-06,,True
CSH0005097,CUS0005097,SEG-MAFF,2023-03-08,,True
CSH0005098,CUS0005098,SEG-MASS,2024-07-21,,True
CSH0005099,CUS0005099,SEG-AFFL,2026-04-22,,True
CSH0005100,CUS0005100,SEG-MASS,2021-06-04,,True
CSH0005101,CUS0005101,SEG-MAFF,2026-03-08,,True
CSH0005102,CUS0005102,SEG-AFFL,2025-07-15,,True
CSH0005103,CUS0005103,SEG-MASS,2021-10-19,,True
CSH0005104,CUS0005104,SEG-MASS,2023-09-04,,True
CSH0005105,CUS0005105,SEG-MASS,2019-10-27,,True
CSH0005106,CUS0005106,SEG-MASS,2021-10-30,,True
CSH0005107,CUS0005107,SEG-CORP,2022-10-24,,True
CSH0005108,CUS0005108,SEG-MAFF,2019-09-10,,True
CSH0005109,CUS0005109,SEG-MAFF,2026-01-11,,True
CSH0005110,CUS0005110,SEG-AFFL,2024-08-17,,True
CSH0005111,CUS0005111,SEG-AFFL,2023-03-20,,True
CSH0005112,CUS0005112,SEG-CORP,2026-03-16,,True
CSH0005113,CUS0005113,SEG-AFFL,2019-09-27,,True
CSH0005114,CUS0005114,SEG-CORP,2018-12-20,,True
CSH0005115,CUS0005115,SEG-MAFF,2021-01-26,,True
CSH0005116,CUS0005116,SEG-MAFF,2021-03-31,,True
CSH0005117,CUS0005117,SEG-CORP,2021-12-06,,True
CSH0005118,CUS0005118,SEG-MAFF,2022-04-25,,True
CSH0005119,CUS0005119,SEG-AFFL,2020-07-01,,True
CSH0005120,CUS0005120,SEG-MAFF,2021-02-19,,True
CSH0005121,CUS0005121,SEG-MASS,2025-05-25,,True
CSH0005122,CUS0005122,SEG-MASS,2019-11-02,,True
CSH0005123,CUS0005123,SEG-MAFF,2020-02-10,,True
CSH0005124,CUS0005124,SEG-MASS,2018-02-10,,True
CSH0005125,CUS0005125,SEG-MAFF,2018-09-26,,True
CSH0005126,CUS0005126,SEG-SME,2020-09-28,,True
CSH0005127,CUS0005127,SEG-MASS,2023-08-05,,True
CSH0005128,CUS0005128,SEG-MAFF,2018-02-08,,True
CSH0005129,CUS0005129,SEG-MAFF,2022-10-06,,True
CSH0005130,CUS0005130,SEG-MAFF,2020-06-25,,True
CSH0005131,CUS0005131,SEG-MASS,2021-12-09,,True
CSH0005132,CUS0005132,SEG-MASS,2021-03-29,,True
CSH0005133,CUS0005133,SEG-MAFF,2021-10-26,,True
CSH0005134,CUS0005134,SEG-MASS,2019-07-23,,True
CSH0005135,CUS0005135,SEG-PRIV,2025-07-28,,True
CSH0005136,CUS0005136,SEG-AFFL,2019-04-28,,True
CSH0005137,CUS0005137,SEG-MASS,2019-03-29,,True
CSH0005138,CUS0005138,SEG-SME,2020-05-05,,True
CSH0005139,CUS0005139,SEG-AFFL,2020-08-29,,True
CSH0005140,CUS0005140,SEG-MASS,2023-07-12,,True
CSH0005141,CUS0005141,SEG-MAFF,2025-02-27,,True
CSH0005142,CUS0005142,SEG-AFFL,2021-07-23,,True
CSH0005143,CUS0005143,SEG-MASS,2024-07-29,,True
CSH0005144,CUS0005144,SEG-AFFL,2023-12-22,,True
CSH0005145,CUS0005145,SEG-SME,2026-02-25,,True
CSH0005146,CUS0005146,SEG-AFFL,2024-02-09,,True
CSH0005147,CUS0005147,SEG-AFFL,2023-10-21,,True
CSH0005148,CUS0005148,SEG-MAFF,2020-07-27,,True
CSH0005149,CUS0005149,SEG-AFFL,2019-03-22,,True
CSH0005150,CUS0005150,SEG-MASS,2018-11-16,,True
CSH0005151,CUS0005151,SEG-AFFL,2019-07-14,,True
CSH0005152,CUS0005152,SEG-MAFF,2023-04-18,,True
CSH0005153,CUS0005153,SEG-MAFF,2025-06-21,,True
CSH0005154,CUS0005154,SEG-MAFF,2020-04-22,,True
CSH0005155,CUS0005155,SEG-AFFL,2021-04-02,,True
CSH0005156,CUS0005156,SEG-MAFF,2022-02-06,,True
CSH0005157,CUS0005157,SEG-MAFF,2026-03-07,,True
CSH0005158,CUS0005158,SEG-AFFL,2025-11-09,,True
CSH0005159,CUS0005159,SEG-MAFF,2020-08-11,,True
CSH0005160,CUS0005160,SEG-AFFL,2024-10-21,,True
CSH0005161,CUS0005161,SEG-MAFF,2019-09-24,,True
CSH0005162,CUS0005162,SEG-MASS,2023-06-04,,True
CSH0005163,CUS0005163,SEG-SME,2021-03-14,,True
CSH0005164,CUS0005164,SEG-MASS,2024-03-26,,True
CSH0005165,CUS0005165,SEG-MASS,2025-01-17,,True
CSH0005166,CUS0005166,SEG-PRIV,2022-03-20,,True
CSH0005167,CUS0005167,SEG-AFFL,2018-01-01,,True
CSH0005168,CUS0005168,SEG-MAFF,2018-01-29,,True
CSH0005169,CUS0005169,SEG-MASS,2020-01-19,,True
CSH0005170,CUS0005170,SEG-MASS,2021-06-22,,True
CSH0005171,CUS0005171,SEG-AFFL,2020-04-25,,True
CSH0005172,CUS0005172,SEG-AFFL,2024-05-16,,True
CSH0005173,CUS0005173,SEG-PRIV,2019-07-23,,True
CSH0005174,CUS0005174,SEG-MAFF,2018-09-15,,True
CSH0005175,CUS0005175,SEG-AFFL,2021-01-20,,True
CSH0005176,CUS0005176,SEG-AFFL,2024-12-23,,True
CSH0005177,CUS0005177,SEG-AFFL,2021-09-27,,True
CSH0005178,CUS0005178,SEG-AFFL,2018-07-11,,True
CSH0005179,CUS0005179,SEG-MAFF,2021-11-09,,True
CSH0005180,CUS0005180,SEG-MASS,2024-05-05,,True
CSH0005181,CUS0005181,SEG-SME,2018-02-13,,True
CSH0005182,CUS0005182,SEG-MASS,2024-06-29,,True
CSH0005183,CUS0005183,SEG-PRIV,2020-03-14,,True
CSH0005184,CUS0005184,SEG-MASS,2024-02-13,,True
CSH0005185,CUS0005185,SEG-CORP,2023-06-21,,True
CSH0005186,CUS0005186,SEG-PRIV,2020-02-01,,True
CSH0005187,CUS0005187,SEG-MASS,2023-01-18,,True
CSH0005188,CUS0005188,SEG-MASS,2023-04-25,,True
CSH0005189,CUS0005189,SEG-MASS,2019-11-17,,True
CSH0005190,CUS0005190,SEG-PRIV,2019-06-28,,True
CSH0005191,CUS0005191,SEG-AFFL,2019-02-15,,True
CSH0005192,CUS0005192,SEG-CORP,2022-10-02,,True
CSH0005193,CUS0005193,SEG-AFFL,2023-09-04,,True
CSH0005194,CUS0005194,SEG-SME,2021-06-17,,True
CSH0005195,CUS0005195,SEG-CORP,2024-05-25,,True
CSH0005196,CUS0005196,SEG-PRIV,2025-05-01,,True
CSH0005197,CUS0005197,SEG-MASS,2024-12-05,,True
CSH0005198,CUS0005198,SEG-MASS,2022-10-23,,True
CSH0005199,CUS0005199,SEG-AFFL,2025-05-23,,True
CSH0005200,CUS0005200,SEG-AFFL,2024-02-18,,True
CSH0005201,CUS0005201,SEG-AFFL,2022-09-27,,True
CSH0005202,CUS0005202,SEG-PRIV,2020-05-26,,True
CSH0005203,CUS0005203,SEG-AFFL,2023-11-21,,True
CSH0005204,CUS0005204,SEG-MAFF,2025-08-29,,True
CSH0005205,CUS0005205,SEG-MASS,2021-08-08,,True
CSH0005206,CUS0005206,SEG-PRIV,2019-12-06,,True
CSH0005207,CUS0005207,SEG-PRIV,2025-07-12,,True
CSH0005208,CUS0005208,SEG-AFFL,2020-10-20,,True
CSH0005209,CUS0005209,SEG-MASS,2023-08-13,,True
CSH0005210,CUS0005210,SEG-PRIV,2026-01-07,,True
CSH0005211,CUS0005211,SEG-MAFF,2024-03-05,,True
CSH0005212,CUS0005212,SEG-AFFL,2019-06-21,,True
CSH0005213,CUS0005213,SEG-AFFL,2025-04-27,,True
CSH0005214,CUS0005214,SEG-PRIV,2022-04-18,,True
CSH0005215,CUS0005215,SEG-MAFF,2019-06-28,,True
CSH0005216,CUS0005216,SEG-AFFL,2019-01-25,,True
CSH0005217,CUS0005217,SEG-MASS,2023-10-08,,True
CSH0005218,CUS0005218,SEG-MASS,2025-11-24,,True
CSH0005219,CUS0005219,SEG-MAFF,2020-01-02,,True
CSH0005220,CUS0005220,SEG-AFFL,2023-10-12,,True
CSH0005221,CUS0005221,SEG-CORP,2022-05-22,,True
CSH0005222,CUS0005222,SEG-CORP,2018-10-20,,True
CSH0005223,CUS0005223,SEG-AFFL,2026-04-12,,True
CSH0005224,CUS0005224,SEG-MAFF,2024-10-06,,True
CSH0005225,CUS0005225,SEG-AFFL,2024-06-06,,True
CSH0005226,CUS0005226,SEG-CORP,2021-05-11,,True
CSH0005227,CUS0005227,SEG-MASS,2020-11-01,,True
CSH0005228,CUS0005228,SEG-AFFL,2024-04-30,,True
CSH0005229,CUS0005229,SEG-MASS,2019-12-09,,True
CSH0005230,CUS0005230,SEG-AFFL,2025-03-31,,True
CSH0005231,CUS0005231,SEG-MASS,2019-09-14,,True
CSH0005232,CUS0005232,SEG-AFFL,2018-05-22,,True
CSH0005233,CUS0005233,SEG-AFFL,2022-01-01,,True
CSH0005234,CUS0005234,SEG-AFFL,2025-08-21,,True
CSH0005235,CUS0005235,SEG-MASS,2019-03-23,,True
CSH0005236,CUS0005236,SEG-CORP,2023-11-12,,True
CSH0005237,CUS0005237,SEG-PRIV,2021-05-15,,True
CSH0005238,CUS0005238,SEG-CORP,2022-04-30,,True
CSH0005239,CUS0005239,SEG-MASS,2020-03-19,,True
CSH0005240,CUS0005240,SEG-MASS,2021-10-21,,True
CSH0005241,CUS0005241,SEG-MASS,2025-09-06,,True
CSH0005242,CUS0005242,SEG-AFFL,2020-08-27,,True
CSH0005243,CUS0005243,SEG-MAFF,2018-03-28,,True
CSH0005244,CUS0005244,SEG-MAFF,2022-09-17,,True
CSH0005245,CUS0005245,SEG-CORP,2018-08-22,,True
CSH0005246,CUS0005246,SEG-AFFL,2021-09-13,,True
CSH0005247,CUS0005247,SEG-PRIV,2026-04-17,,True
CSH0005248,CUS0005248,SEG-MASS,2020-04-09,,True
CSH0005249,CUS0005249,SEG-AFFL,2021-11-25,,True
CSH0005250,CUS0005250,SEG-AFFL,2018-10-20,,True
CSH0005251,CUS0005251,SEG-AFFL,2024-02-25,,True
CSH0005252,CUS0005252,SEG-MASS,2019-07-31,,True
CSH0005253,CUS0005253,SEG-MASS,2023-02-08,,True
CSH0005254,CUS0005254,SEG-MAFF,2023-12-20,,True
CSH0005255,CUS0005255,SEG-CORP,2025-08-05,,True
CSH0005256,CUS0005256,SEG-MAFF,2021-06-14,,True
CSH0005257,CUS0005257,SEG-MASS,2021-05-27,,True
CSH0005258,CUS0005258,SEG-AFFL,2018-06-16,,True
CSH0005259,CUS0005259,SEG-MAFF,2025-10-17,,True
CSH0005260,CUS0005260,SEG-CORP,2025-08-02,,True
CSH0005261,CUS0005261,SEG-CORP,2021-05-09,,True
CSH0005262,CUS0005262,SEG-MAFF,2025-07-09,,True
CSH0005263,CUS0005263,SEG-MAFF,2025-09-25,,True
CSH0005264,CUS0005264,SEG-AFFL,2024-04-06,,True
CSH0005265,CUS0005265,SEG-PRIV,2022-02-09,,True
CSH0005266,CUS0005266,SEG-CORP,2021-06-01,,True
CSH0005267,CUS0005267,SEG-AFFL,2018-04-21,,True
CSH0005268,CUS0005268,SEG-MAFF,2020-05-14,,True
CSH0005269,CUS0005269,SEG-MAFF,2024-10-14,,True
CSH0005270,CUS0005270,SEG-MAFF,2019-06-30,,True
CSH0005271,CUS0005271,SEG-MAFF,2023-03-01,,True
CSH0005272,CUS0005272,SEG-MASS,2019-10-03,,True
CSH0005273,CUS0005273,SEG-AFFL,2024-11-11,,True
CSH0005274,CUS0005274,SEG-PRIV,2024-01-30,,True
CSH0005275,CUS0005275,SEG-MAFF,2018-09-11,,True
CSH0005276,CUS0005276,SEG-MAFF,2025-09-25,,True
CSH0005277,CUS0005277,SEG-CORP,2020-10-31,,True
CSH0005278,CUS0005278,SEG-AFFL,2020-08-11,,True
CSH0005279,CUS0005279,SEG-MASS,2023-04-16,,True
CSH0005280,CUS0005280,SEG-MAFF,2026-01-01,,True
CSH0005281,CUS0005281,SEG-AFFL,2023-03-08,,True
CSH0005282,CUS0005282,SEG-MAFF,2023-07-17,,True
CSH0005283,CUS0005283,SEG-MASS,2023-02-22,,True
CSH0005284,CUS0005284,SEG-MAFF,2019-06-16,,True
CSH0005285,CUS0005285,SEG-CORP,2022-07-08,,True
CSH0005286,CUS0005286,SEG-AFFL,2022-12-24,,True
CSH0005287,CUS0005287,SEG-SME,2023-07-11,,True
CSH0005288,CUS0005288,SEG-CORP,2023-11-28,,True
CSH0005289,CUS0005289,SEG-MAFF,2022-09-06,,True
CSH0005290,CUS0005290,SEG-CORP,2021-07-18,,True
CSH0005291,CUS0005291,SEG-MAFF,2019-12-06,,True
CSH0005292,CUS0005292,SEG-MAFF,2026-01-05,,True
CSH0005293,CUS0005293,SEG-MAFF,2021-02-27,,True
CSH0005294,CUS0005294,SEG-MASS,2019-12-05,,True
CSH0005295,CUS0005295,SEG-CORP,2021-11-04,,True
CSH0005296,CUS0005296,SEG-SME,2025-04-17,,True
CSH0005297,CUS0005297,SEG-MASS,2019-08-25,,True
CSH0005298,CUS0005298,SEG-MASS,2026-01-11,,True
CSH0005299,CUS0005299,SEG-CORP,2020-12-02,,True
CSH0005300,CUS0005300,SEG-AFFL,2018-09-04,,True
CSH0005301,CUS0005301,SEG-AFFL,2023-07-27,,True
CSH0005302,CUS0005302,SEG-SME,2023-12-31,,True
CSH0005303,CUS0005303,SEG-MAFF,2021-11-05,,True
CSH0005304,CUS0005304,SEG-MASS,2026-03-13,,True
CSH0005305,CUS0005305,SEG-CORP,2023-07-06,,True
CSH0005306,CUS0005306,SEG-MASS,2019-06-27,,True
CSH0005307,CUS0005307,SEG-MAFF,2018-06-21,,True
CSH0005308,CUS0005308,SEG-AFFL,2025-04-12,,True
CSH0005309,CUS0005309,SEG-MAFF,2026-01-09,,True
CSH0005310,CUS0005310,SEG-PRIV,2021-07-27,,True
CSH0005311,CUS0005311,SEG-MAFF,2024-09-20,,True
CSH0005312,CUS0005312,SEG-MAFF,2022-04-24,,True
CSH0005313,CUS0005313,SEG-PRIV,2021-07-10,,True
CSH0005314,CUS0005314,SEG-MASS,2019-07-22,,True
CSH0005315,CUS0005315,SEG-MASS,2024-08-08,,True
CSH0005316,CUS0005316,SEG-MASS,2022-03-28,,True
CSH0005317,CUS0005317,SEG-AFFL,2019-02-17,,True
CSH0005318,CUS0005318,SEG-MAFF,2020-09-08,,True
CSH0005319,CUS0005319,SEG-AFFL,2021-03-19,,True
CSH0005320,CUS0005320,SEG-MAFF,2020-08-31,,True
CSH0005321,CUS0005321,SEG-MASS,2019-02-24,,True
CSH0005322,CUS0005322,SEG-AFFL,2024-12-08,,True
CSH0005323,CUS0005323,SEG-MAFF,2020-02-22,,True
CSH0005324,CUS0005324,SEG-MAFF,2019-06-13,,True
CSH0005325,CUS0005325,SEG-MASS,2022-02-10,,True
CSH0005326,CUS0005326,SEG-AFFL,2019-03-03,,True
CSH0005327,CUS0005327,SEG-SME,2024-01-02,,True
CSH0005328,CUS0005328,SEG-SME,2022-06-27,,True
CSH0005329,CUS0005329,SEG-AFFL,2023-11-15,,True
CSH0005330,CUS0005330,SEG-AFFL,2021-03-26,,True
CSH0005331,CUS0005331,SEG-MAFF,2021-07-30,,True
CSH0005332,CUS0005332,SEG-MAFF,2020-03-23,,True
CSH0005333,CUS0005333,SEG-SME,2021-05-13,,True
CSH0005334,CUS0005334,SEG-CORP,2025-08-07,,True
CSH0005335,CUS0005335,SEG-MAFF,2024-02-23,,True
CSH0005336,CUS0005336,SEG-MAFF,2024-03-07,,True
CSH0005337,CUS0005337,SEG-MASS,2021-02-25,,True
CSH0005338,CUS0005338,SEG-AFFL,2020-05-18,,True
CSH0005339,CUS0005339,SEG-MAFF,2021-07-25,,True
CSH0005340,CUS0005340,SEG-SME,2019-01-06,,True
CSH0005341,CUS0005341,SEG-MASS,2020-04-03,,True
CSH0005342,CUS0005342,SEG-AFFL,2019-07-02,,True
CSH0005343,CUS0005343,SEG-AFFL,2025-01-18,,True
CSH0005344,CUS0005344,SEG-MASS,2018-04-17,,True
CSH0005345,CUS0005345,SEG-PRIV,2026-01-14,,True
CSH0005346,CUS0005346,SEG-MASS,2021-02-22,,True
CSH0005347,CUS0005347,SEG-AFFL,2023-03-30,,True
CSH0005348,CUS0005348,SEG-PRIV,2021-01-05,,True
CSH0005349,CUS0005349,SEG-MASS,2022-04-20,,True
CSH0005350,CUS0005350,SEG-AFFL,2018-12-15,,True
CSH0005351,CUS0005351,SEG-MASS,2024-08-05,,True
CSH0005352,CUS0005352,SEG-MAFF,2025-05-23,,True
CSH0005353,CUS0005353,SEG-PRIV,2021-07-07,,True
CSH0005354,CUS0005354,SEG-CORP,2019-10-26,,True
CSH0005355,CUS0005355,SEG-SME,2019-02-18,,True
CSH0005356,CUS0005356,SEG-MAFF,2023-12-12,,True
CSH0005357,CUS0005357,SEG-SME,2020-03-28,,True
CSH0005358,CUS0005358,SEG-SME,2018-09-25,,True
CSH0005359,CUS0005359,SEG-MAFF,2020-02-24,,True
CSH0005360,CUS0005360,SEG-MASS,2022-05-30,,True
CSH0005361,CUS0005361,SEG-PRIV,2019-03-05,,True
CSH0005362,CUS0005362,SEG-MASS,2018-11-29,,True
CSH0005363,CUS0005363,SEG-AFFL,2024-06-08,,True
CSH0005364,CUS0005364,SEG-MASS,2019-10-01,,True
CSH0005365,CUS0005365,SEG-SME,2025-10-19,,True
CSH0005366,CUS0005366,SEG-AFFL,2021-10-22,,True
CSH0005367,CUS0005367,SEG-MAFF,2018-10-12,,True
CSH0005368,CUS0005368,SEG-MASS,2020-11-01,,True
CSH0005369,CUS0005369,SEG-PRIV,2022-08-24,,True
CSH0005370,CUS0005370,SEG-MASS,2021-08-10,,True
CSH0005371,CUS0005371,SEG-MASS,2026-03-31,,True
CSH0005372,CUS0005372,SEG-AFFL,2022-09-07,,True
CSH0005373,CUS0005373,SEG-SME,2022-06-07,,True
CSH0005374,CUS0005374,SEG-MAFF,2019-12-14,,True
CSH0005375,CUS0005375,SEG-PRIV,2023-03-27,,True
CSH0005376,CUS0005376,SEG-MASS,2025-04-13,,True
CSH0005377,CUS0005377,SEG-MAFF,2021-08-14,,True
CSH0005378,CUS0005378,SEG-AFFL,2019-12-12,,True
CSH0005379,CUS0005379,SEG-MASS,2018-11-27,,True
CSH0005380,CUS0005380,SEG-SME,2022-10-07,,True
CSH0005381,CUS0005381,SEG-AFFL,2022-05-06,,True
CSH0005382,CUS0005382,SEG-MASS,2023-04-28,,True
CSH0005383,CUS0005383,SEG-MASS,2019-10-27,,True
CSH0005384,CUS0005384,SEG-MAFF,2025-05-31,,True
CSH0005385,CUS0005385,SEG-AFFL,2018-06-04,,True
CSH0005386,CUS0005386,SEG-MASS,2018-09-01,,True
CSH0005387,CUS0005387,SEG-CORP,2018-11-08,,True
CSH0005388,CUS0005388,SEG-PRIV,2025-10-08,,True
CSH0005389,CUS0005389,SEG-MASS,2023-05-27,,True
CSH0005390,CUS0005390,SEG-MASS,2019-07-31,,True
CSH0005391,CUS0005391,SEG-AFFL,2020-08-18,,True
CSH0005392,CUS0005392,SEG-MAFF,2026-03-05,,True
CSH0005393,CUS0005393,SEG-SME,2025-06-06,,True
CSH0005394,CUS0005394,SEG-MAFF,2021-10-19,,True
CSH0005395,CUS0005395,SEG-CORP,2019-12-21,,True
CSH0005396,CUS0005396,SEG-MAFF,2019-07-03,,True
CSH0005397,CUS0005397,SEG-MASS,2023-02-17,,True
CSH0005398,CUS0005398,SEG-AFFL,2020-09-22,,True
CSH0005399,CUS0005399,SEG-MASS,2023-12-29,,True
CSH0005400,CUS0005400,SEG-AFFL,2022-03-20,,True
CSH0005401,CUS0005401,SEG-AFFL,2024-12-14,,True
CSH0005402,CUS0005402,SEG-MASS,2023-03-30,,True
CSH0005403,CUS0005403,SEG-AFFL,2025-12-10,,True
CSH0005404,CUS0005404,SEG-MASS,2021-05-23,,True
CSH0005405,CUS0005405,SEG-AFFL,2023-02-19,,True
CSH0005406,CUS0005406,SEG-MASS,2023-07-22,,True
CSH0005407,CUS0005407,SEG-AFFL,2022-04-12,,True
CSH0005408,CUS0005408,SEG-PRIV,2020-08-11,,True
CSH0005409,CUS0005409,SEG-MASS,2021-11-23,,True
CSH0005410,CUS0005410,SEG-AFFL,2018-04-14,,True
CSH0005411,CUS0005411,SEG-MAFF,2020-03-30,,True
CSH0005412,CUS0005412,SEG-MAFF,2021-02-13,,True
CSH0005413,CUS0005413,SEG-SME,2025-05-07,,True
CSH0005414,CUS0005414,SEG-MAFF,2026-01-29,,True
CSH0005415,CUS0005415,SEG-MASS,2025-03-08,,True
CSH0005416,CUS0005416,SEG-MAFF,2022-06-03,,True
CSH0005417,CUS0005417,SEG-CORP,2018-12-15,,True
CSH0005418,CUS0005418,SEG-AFFL,2026-03-09,,True
CSH0005419,CUS0005419,SEG-MASS,2019-07-07,,True
CSH0005420,CUS0005420,SEG-MAFF,2021-11-12,,True
CSH0005421,CUS0005421,SEG-MAFF,2018-03-03,,True
CSH0005422,CUS0005422,SEG-MAFF,2024-02-08,,True
CSH0005423,CUS0005423,SEG-AFFL,2018-10-07,,True
CSH0005424,CUS0005424,SEG-PRIV,2026-03-03,,True
CSH0005425,CUS0005425,SEG-MAFF,2020-02-18,,True
CSH0005426,CUS0005426,SEG-CORP,2018-09-14,,True
CSH0005427,CUS0005427,SEG-MASS,2025-04-16,,True
CSH0005428,CUS0005428,SEG-AFFL,2023-08-01,,True
CSH0005429,CUS0005429,SEG-AFFL,2018-06-07,,True
CSH0005430,CUS0005430,SEG-AFFL,2020-03-22,,True
CSH0005431,CUS0005431,SEG-MAFF,2019-10-21,,True
CSH0005432,CUS0005432,SEG-AFFL,2018-11-07,,True
CSH0005433,CUS0005433,SEG-MAFF,2025-04-12,,True
CSH0005434,CUS0005434,SEG-MASS,2019-12-01,,True
CSH0005435,CUS0005435,SEG-MAFF,2019-04-11,,True
CSH0005436,CUS0005436,SEG-AFFL,2025-12-03,,True
CSH0005437,CUS0005437,SEG-MAFF,2023-01-20,,True
CSH0005438,CUS0005438,SEG-AFFL,2021-06-07,,True
CSH0005439,CUS0005439,SEG-AFFL,2018-11-30,,True
CSH0005440,CUS0005440,SEG-MAFF,2025-08-09,,True
CSH0005441,CUS0005441,SEG-AFFL,2024-02-09,,True
CSH0005442,CUS0005442,SEG-MASS,2018-03-23,,True
CSH0005443,CUS0005443,SEG-AFFL,2019-06-26,,True
CSH0005444,CUS0005444,SEG-PRIV,2019-07-01,,True
CSH0005445,CUS0005445,SEG-AFFL,2022-04-13,,True
CSH0005446,CUS0005446,SEG-SME,2022-12-03,,True
CSH0005447,CUS0005447,SEG-SME,2022-12-12,,True
CSH0005448,CUS0005448,SEG-MAFF,2018-10-09,,True
CSH0005449,CUS0005449,SEG-MAFF,2018-11-07,,True
CSH0005450,CUS0005450,SEG-AFFL,2018-01-23,,True
CSH0005451,CUS0005451,SEG-PRIV,2025-07-28,,True
CSH0005452,CUS0005452,SEG-AFFL,2022-10-22,,True
CSH0005453,CUS0005453,SEG-SME,2019-02-19,,True
CSH0005454,CUS0005454,SEG-CORP,2025-07-30,,True
CSH0005455,CUS0005455,SEG-MASS,2022-04-07,,True
CSH0005456,CUS0005456,SEG-MAFF,2025-01-26,,True
CSH0005457,CUS0005457,SEG-MASS,2019-09-16,,True
CSH0005458,CUS0005458,SEG-MASS,2019-09-28,,True
CSH0005459,CUS0005459,SEG-AFFL,2022-12-29,,True
CSH0005460,CUS0005460,SEG-MAFF,2021-11-24,,True
CSH0005461,CUS0005461,SEG-MASS,2022-01-30,,True
CSH0005462,CUS0005462,SEG-MAFF,2025-12-23,,True
CSH0005463,CUS0005463,SEG-MASS,2020-10-23,,True
CSH0005464,CUS0005464,SEG-AFFL,2019-05-15,,True
CSH0005465,CUS0005465,SEG-MAFF,2019-12-12,,True
CSH0005466,CUS0005466,SEG-AFFL,2025-07-18,,True
CSH0005467,CUS0005467,SEG-MAFF,2021-09-15,,True
CSH0005468,CUS0005468,SEG-CORP,2023-08-15,,True
CSH0005469,CUS0005469,SEG-MAFF,2023-08-24,,True
CSH0005470,CUS0005470,SEG-AFFL,2021-01-18,,True
CSH0005471,CUS0005471,SEG-AFFL,2025-07-11,,True
CSH0005472,CUS0005472,SEG-AFFL,2023-08-19,,True
CSH0005473,CUS0005473,SEG-MAFF,2025-07-05,,True
CSH0005474,CUS0005474,SEG-SME,2020-01-05,,True
CSH0005475,CUS0005475,SEG-CORP,2024-12-04,,True
CSH0005476,CUS0005476,SEG-AFFL,2021-05-14,,True
CSH0005477,CUS0005477,SEG-PRIV,2025-01-07,,True
CSH0005478,CUS0005478,SEG-PRIV,2025-12-11,,True
CSH0005479,CUS0005479,SEG-AFFL,2020-10-02,,True
CSH0005480,CUS0005480,SEG-PRIV,2021-03-17,,True
CSH0005481,CUS0005481,SEG-MASS,2022-03-09,,True
CSH0005482,CUS0005482,SEG-MAFF,2021-11-08,,True
CSH0005483,CUS0005483,SEG-MASS,2025-01-29,,True
CSH0005484,CUS0005484,SEG-MAFF,2026-01-08,,True
CSH0005485,CUS0005485,SEG-MASS,2023-05-04,,True
CSH0005486,CUS0005486,SEG-SME,2021-08-22,,True
CSH0005487,CUS0005487,SEG-AFFL,2018-01-19,,True
CSH0005488,CUS0005488,SEG-MASS,2018-02-05,,True
CSH0005489,CUS0005489,SEG-MASS,2024-07-28,,True
CSH0005490,CUS0005490,SEG-MAFF,2025-10-26,,True
CSH0005491,CUS0005491,SEG-AFFL,2018-06-09,,True
CSH0005492,CUS0005492,SEG-PRIV,2024-04-14,,True
CSH0005493,CUS0005493,SEG-MAFF,2024-04-04,,True
CSH0005494,CUS0005494,SEG-PRIV,2020-07-17,,True
CSH0005495,CUS0005495,SEG-PRIV,2022-06-09,,True
CSH0005496,CUS0005496,SEG-MASS,2018-04-29,,True
CSH0005497,CUS0005497,SEG-AFFL,2020-04-23,,True
CSH0005498,CUS0005498,SEG-AFFL,2019-05-02,,True
CSH0005499,CUS0005499,SEG-AFFL,2018-01-30,,True
CSH0005500,CUS0005500,SEG-AFFL,2023-01-09,,True
CSH0005501,CUS0005501,SEG-AFFL,2025-01-23,,True
CSH0005502,CUS0005502,SEG-AFFL,2022-05-31,,True
CSH0005503,CUS0005503,SEG-MASS,2022-03-01,,True
CSH0005504,CUS0005504,SEG-CORP,2024-07-02,,True
CSH0005505,CUS0005505,SEG-MAFF,2022-06-29,,True
CSH0005506,CUS0005506,SEG-AFFL,2024-04-20,,True
CSH0005507,CUS0005507,SEG-MASS,2019-05-26,,True
CSH0005508,CUS0005508,SEG-MAFF,2024-11-03,,True
CSH0005509,CUS0005509,SEG-AFFL,2018-01-20,,True
CSH0005510,CUS0005510,SEG-MASS,2024-01-22,,True
CSH0005511,CUS0005511,SEG-MASS,2021-01-29,,True
CSH0005512,CUS0005512,SEG-MAFF,2026-02-13,,True
CSH0005513,CUS0005513,SEG-MASS,2019-01-16,,True
CSH0005514,CUS0005514,SEG-MASS,2024-05-25,,True
CSH0005515,CUS0005515,SEG-AFFL,2018-07-24,,True
CSH0005516,CUS0005516,SEG-MASS,2022-01-26,,True
CSH0005517,CUS0005517,SEG-MAFF,2023-06-23,,True
CSH0005518,CUS0005518,SEG-AFFL,2023-04-18,,True
CSH0005519,CUS0005519,SEG-MASS,2023-01-30,,True
CSH0005520,CUS0005520,SEG-MAFF,2023-12-29,,True
CSH0005521,CUS0005521,SEG-MASS,2018-06-02,,True
CSH0005522,CUS0005522,SEG-CORP,2019-10-23,,True
CSH0005523,CUS0005523,SEG-SME,2025-09-25,,True
CSH0005524,CUS0005524,SEG-PRIV,2022-03-15,,True
CSH0005525,CUS0005525,SEG-PRIV,2021-03-12,,True
CSH0005526,CUS0005526,SEG-MASS,2023-12-09,,True
CSH0005527,CUS0005527,SEG-MASS,2023-09-16,,True
CSH0005528,CUS0005528,SEG-CORP,2020-03-19,,True
CSH0005529,CUS0005529,SEG-PRIV,2024-12-12,,True
CSH0005530,CUS0005530,SEG-AFFL,2025-09-09,,True
CSH0005531,CUS0005531,SEG-MASS,2020-08-14,,True
CSH0005532,CUS0005532,SEG-MAFF,2023-10-28,,True
CSH0005533,CUS0005533,SEG-PRIV,2023-09-05,,True
CSH0005534,CUS0005534,SEG-MASS,2018-01-10,,True
CSH0005535,CUS0005535,SEG-CORP,2024-06-05,,True
CSH0005536,CUS0005536,SEG-MAFF,2018-09-09,,True
CSH0005537,CUS0005537,SEG-MAFF,2022-09-16,,True
CSH0005538,CUS0005538,SEG-MAFF,2026-03-19,,True
CSH0005539,CUS0005539,SEG-MASS,2024-01-30,,True
CSH0005540,CUS0005540,SEG-MAFF,2018-07-17,,True
CSH0005541,CUS0005541,SEG-MAFF,2026-03-28,,True
CSH0005542,CUS0005542,SEG-MASS,2025-05-14,,True
CSH0005543,CUS0005543,SEG-MAFF,2024-01-07,,True
CSH0005544,CUS0005544,SEG-CORP,2019-04-14,,True
CSH0005545,CUS0005545,SEG-AFFL,2026-04-13,,True
CSH0005546,CUS0005546,SEG-SME,2022-05-04,,True
CSH0005547,CUS0005547,SEG-MASS,2018-10-29,,True
CSH0005548,CUS0005548,SEG-SME,2023-05-17,,True
CSH0005549,CUS0005549,SEG-MASS,2025-04-16,,True
CSH0005550,CUS0005550,SEG-MASS,2022-06-11,,True
CSH0005551,CUS0005551,SEG-AFFL,2019-12-31,,True
CSH0005552,CUS0005552,SEG-MASS,2025-08-21,,True
CSH0005553,CUS0005553,SEG-CORP,2022-04-29,,True
CSH0005554,CUS0005554,SEG-MAFF,2019-06-15,,True
CSH0005555,CUS0005555,SEG-AFFL,2024-07-02,,True
CSH0005556,CUS0005556,SEG-PRIV,2020-11-05,,True
CSH0005557,CUS0005557,SEG-MASS,2021-01-23,,True
CSH0005558,CUS0005558,SEG-SME,2019-03-12,,True
CSH0005559,CUS0005559,SEG-MASS,2021-02-07,,True
CSH0005560,CUS0005560,SEG-PRIV,2018-12-08,,True
CSH0005561,CUS0005561,SEG-MASS,2024-06-20,,True
CSH0005562,CUS0005562,SEG-SME,2022-01-26,,True
CSH0005563,CUS0005563,SEG-AFFL,2018-06-15,,True
CSH0005564,CUS0005564,SEG-MAFF,2022-12-20,,True
CSH0005565,CUS0005565,SEG-MAFF,2025-09-25,,True
CSH0005566,CUS0005566,SEG-MASS,2018-10-01,,True
CSH0005567,CUS0005567,SEG-MASS,2021-03-13,,True
CSH0005568,CUS0005568,SEG-AFFL,2026-02-19,,True
CSH0005569,CUS0005569,SEG-MAFF,2020-05-18,,True
CSH0005570,CUS0005570,SEG-MASS,2024-06-21,,True
CSH0005571,CUS0005571,SEG-MAFF,2026-02-28,,True
CSH0005572,CUS0005572,SEG-MAFF,2019-01-29,,True
CSH0005573,CUS0005573,SEG-MAFF,2024-07-22,,True
CSH0005574,CUS0005574,SEG-MASS,2022-08-17,,True
CSH0005575,CUS0005575,SEG-MAFF,2018-04-04,,True
CSH0005576,CUS0005576,SEG-CORP,2020-06-29,,True
CSH0005577,CUS0005577,SEG-MAFF,2019-01-22,,True
CSH0005578,CUS0005578,SEG-CORP,2021-11-15,,True
CSH0005579,CUS0005579,SEG-MASS,2018-09-23,,True
CSH0005580,CUS0005580,SEG-MAFF,2019-12-23,,True
CSH0005581,CUS0005581,SEG-AFFL,2025-04-09,,True
CSH0005582,CUS0005582,SEG-AFFL,2024-12-10,,True
CSH0005583,CUS0005583,SEG-MASS,2024-10-29,,True
CSH0005584,CUS0005584,SEG-MASS,2021-04-09,,True
CSH0005585,CUS0005585,SEG-AFFL,2025-04-18,,True
CSH0005586,CUS0005586,SEG-MAFF,2022-02-21,,True
CSH0005587,CUS0005587,SEG-MAFF,2023-01-20,,True
CSH0005588,CUS0005588,SEG-PRIV,2025-11-08,,True
CSH0005589,CUS0005589,SEG-MASS,2026-04-30,,True
CSH0005590,CUS0005590,SEG-MASS,2025-07-27,,True
CSH0005591,CUS0005591,SEG-CORP,2024-08-16,,True
CSH0005592,CUS0005592,SEG-CORP,2018-01-03,,True
CSH0005593,CUS0005593,SEG-MAFF,2024-02-04,,True
CSH0005594,CUS0005594,SEG-AFFL,2018-09-29,,True
CSH0005595,CUS0005595,SEG-SME,2020-02-29,,True
CSH0005596,CUS0005596,SEG-MAFF,2021-07-21,,True
CSH0005597,CUS0005597,SEG-PRIV,2023-09-28,,True
CSH0005598,CUS0005598,SEG-AFFL,2020-12-27,,True
CSH0005599,CUS0005599,SEG-MAFF,2026-01-03,,True
CSH0005600,CUS0005600,SEG-SME,2019-12-02,,True
CSH0005601,CUS0005601,SEG-MAFF,2023-06-26,,True
CSH0005602,CUS0005602,SEG-AFFL,2019-12-28,,True
CSH0005603,CUS0005603,SEG-AFFL,2024-02-19,,True
CSH0005604,CUS0005604,SEG-MASS,2025-04-25,,True
CSH0005605,CUS0005605,SEG-MASS,2025-12-19,,True
CSH0005606,CUS0005606,SEG-MASS,2025-02-06,,True
CSH0005607,CUS0005607,SEG-AFFL,2021-06-22,,True
CSH0005608,CUS0005608,SEG-AFFL,2023-07-13,,True
CSH0005609,CUS0005609,SEG-CORP,2022-01-13,,True
CSH0005610,CUS0005610,SEG-AFFL,2021-06-29,,True
CSH0005611,CUS0005611,SEG-AFFL,2018-03-16,,True
CSH0005612,CUS0005612,SEG-PRIV,2020-06-08,,True
CSH0005613,CUS0005613,SEG-MASS,2024-06-16,,True
CSH0005614,CUS0005614,SEG-MASS,2024-07-23,,True
CSH0005615,CUS0005615,SEG-MASS,2023-06-06,,True
CSH0005616,CUS0005616,SEG-CORP,2022-05-21,,True
CSH0005617,CUS0005617,SEG-AFFL,2018-01-21,,True
CSH0005618,CUS0005618,SEG-MASS,2021-10-04,,True
CSH0005619,CUS0005619,SEG-AFFL,2021-01-07,,True
CSH0005620,CUS0005620,SEG-PRIV,2019-07-28,,True
CSH0005621,CUS0005621,SEG-MAFF,2025-03-06,,True
CSH0005622,CUS0005622,SEG-PRIV,2019-07-01,,True
CSH0005623,CUS0005623,SEG-AFFL,2025-03-08,,True
CSH0005624,CUS0005624,SEG-CORP,2018-12-15,,True
CSH0005625,CUS0005625,SEG-MAFF,2022-03-24,,True
CSH0005626,CUS0005626,SEG-MASS,2024-02-23,,True
CSH0005627,CUS0005627,SEG-CORP,2020-01-27,,True
CSH0005628,CUS0005628,SEG-AFFL,2021-11-15,,True
CSH0005629,CUS0005629,SEG-AFFL,2024-04-08,,True
CSH0005630,CUS0005630,SEG-MASS,2023-09-29,,True
CSH0005631,CUS0005631,SEG-SME,2023-02-01,,True
CSH0005632,CUS0005632,SEG-CORP,2020-09-04,,True
CSH0005633,CUS0005633,SEG-MAFF,2018-05-09,,True
CSH0005634,CUS0005634,SEG-MAFF,2024-06-11,,True
CSH0005635,CUS0005635,SEG-MASS,2026-04-18,,True
CSH0005636,CUS0005636,SEG-MASS,2025-06-10,,True
CSH0005637,CUS0005637,SEG-AFFL,2024-12-19,,True
CSH0005638,CUS0005638,SEG-MASS,2024-09-14,,True
CSH0005639,CUS0005639,SEG-AFFL,2022-01-28,,True
CSH0005640,CUS0005640,SEG-MAFF,2022-04-22,,True
CSH0005641,CUS0005641,SEG-AFFL,2020-01-26,,True
CSH0005642,CUS0005642,SEG-MAFF,2025-02-13,,True
CSH0005643,CUS0005643,SEG-AFFL,2022-05-15,,True
CSH0005644,CUS0005644,SEG-MAFF,2024-03-10,,True
CSH0005645,CUS0005645,SEG-MAFF,2025-01-10,,True
CSH0005646,CUS0005646,SEG-MASS,2022-02-24,,True
CSH0005647,CUS0005647,SEG-MASS,2026-02-01,,True
CSH0005648,CUS0005648,SEG-MAFF,2025-06-03,,True
CSH0005649,CUS0005649,SEG-AFFL,2024-02-21,,True
CSH0005650,CUS0005650,SEG-MAFF,2019-10-30,,True
CSH0005651,CUS0005651,SEG-AFFL,2022-03-06,,True
CSH0005652,CUS0005652,SEG-AFFL,2018-05-14,,True
CSH0005653,CUS0005653,SEG-AFFL,2025-06-15,,True
CSH0005654,CUS0005654,SEG-CORP,2020-11-22,,True
CSH0005655,CUS0005655,SEG-AFFL,2025-01-21,,True
CSH0005656,CUS0005656,SEG-MASS,2023-03-24,,True
CSH0005657,CUS0005657,SEG-SME,2020-09-11,,True
CSH0005658,CUS0005658,SEG-MAFF,2019-08-08,,True
CSH0005659,CUS0005659,SEG-AFFL,2021-11-24,,True
CSH0005660,CUS0005660,SEG-PRIV,2021-06-23,,True
CSH0005661,CUS0005661,SEG-MASS,2018-05-05,,True
CSH0005662,CUS0005662,SEG-MASS,2020-05-06,,True
CSH0005663,CUS0005663,SEG-MASS,2022-06-23,,True
CSH0005664,CUS0005664,SEG-MAFF,2020-02-17,,True
CSH0005665,CUS0005665,SEG-CORP,2024-06-11,,True
CSH0005666,CUS0005666,SEG-MAFF,2024-10-21,,True
CSH0005667,CUS0005667,SEG-AFFL,2020-11-17,,True
CSH0005668,CUS0005668,SEG-MASS,2023-09-23,,True
CSH0005669,CUS0005669,SEG-MAFF,2022-11-03,,True
CSH0005670,CUS0005670,SEG-MAFF,2018-11-03,,True
CSH0005671,CUS0005671,SEG-AFFL,2022-05-03,,True
CSH0005672,CUS0005672,SEG-MAFF,2021-01-16,,True
CSH0005673,CUS0005673,SEG-AFFL,2023-04-13,,True
CSH0005674,CUS0005674,SEG-MASS,2019-11-22,,True
CSH0005675,CUS0005675,SEG-SME,2025-12-26,,True
CSH0005676,CUS0005676,SEG-MASS,2020-12-31,,True
CSH0005677,CUS0005677,SEG-MASS,2022-03-20,,True
CSH0005678,CUS0005678,SEG-AFFL,2023-04-04,,True
CSH0005679,CUS0005679,SEG-SME,2025-01-08,,True
CSH0005680,CUS0005680,SEG-MAFF,2025-11-01,,True
CSH0005681,CUS0005681,SEG-MASS,2018-11-08,,True
CSH0005682,CUS0005682,SEG-AFFL,2021-03-08,,True
CSH0005683,CUS0005683,SEG-PRIV,2023-04-30,,True
CSH0005684,CUS0005684,SEG-MASS,2019-10-20,,True
CSH0005685,CUS0005685,SEG-AFFL,2018-07-07,,True
CSH0005686,CUS0005686,SEG-AFFL,2021-08-02,,True
CSH0005687,CUS0005687,SEG-MAFF,2025-09-02,,True
CSH0005688,CUS0005688,SEG-SME,2025-05-16,,True
CSH0005689,CUS0005689,SEG-AFFL,2021-10-29,,True
CSH0005690,CUS0005690,SEG-MASS,2026-03-14,,True
CSH0005691,CUS0005691,SEG-MASS,2025-09-11,,True
CSH0005692,CUS0005692,SEG-SME,2025-11-26,,True
CSH0005693,CUS0005693,SEG-MAFF,2019-04-24,,True
CSH0005694,CUS0005694,SEG-SME,2018-03-13,,True
CSH0005695,CUS0005695,SEG-AFFL,2024-12-11,,True
CSH0005696,CUS0005696,SEG-CORP,2018-12-15,,True
CSH0005697,CUS0005697,SEG-AFFL,2020-03-13,,True
CSH0005698,CUS0005698,SEG-CORP,2025-12-21,,True
CSH0005699,CUS0005699,SEG-MAFF,2022-12-28,,True
CSH0005700,CUS0005700,SEG-AFFL,2023-01-16,,True
CSH0005701,CUS0005701,SEG-AFFL,2023-11-07,,True
CSH0005702,CUS0005702,SEG-MAFF,2018-01-23,,True
CSH0005703,CUS0005703,SEG-AFFL,2019-07-01,,True
CSH0005704,CUS0005704,SEG-MASS,2021-10-09,,True
CSH0005705,CUS0005705,SEG-AFFL,2022-12-08,,True
CSH0005706,CUS0005706,SEG-MASS,2019-08-17,,True
CSH0005707,CUS0005707,SEG-PRIV,2022-09-03,,True
CSH0005708,CUS0005708,SEG-CORP,2021-11-06,,True
CSH0005709,CUS0005709,SEG-PRIV,2021-01-11,,True
CSH0005710,CUS0005710,SEG-MAFF,2019-05-15,,True
CSH0005711,CUS0005711,SEG-MASS,2018-11-24,,True
CSH0005712,CUS0005712,SEG-MAFF,2020-01-22,,True
CSH0005713,CUS0005713,SEG-MAFF,2021-06-24,,True
CSH0005714,CUS0005714,SEG-MAFF,2024-08-26,,True
CSH0005715,CUS0005715,SEG-AFFL,2018-07-24,,True
CSH0005716,CUS0005716,SEG-MAFF,2024-03-01,,True
CSH0005717,CUS0005717,SEG-MAFF,2019-11-06,,True
CSH0005718,CUS0005718,SEG-MASS,2020-07-18,,True
CSH0005719,CUS0005719,SEG-AFFL,2026-04-09,,True
CSH0005720,CUS0005720,SEG-AFFL,2020-03-09,,True
CSH0005721,CUS0005721,SEG-AFFL,2023-10-02,,True
CSH0005722,CUS0005722,SEG-AFFL,2018-06-16,,True
CSH0005723,CUS0005723,SEG-AFFL,2018-04-17,,True
CSH0005724,CUS0005724,SEG-MASS,2019-05-09,,True
CSH0005725,CUS0005725,SEG-AFFL,2022-05-28,,True
CSH0005726,CUS0005726,SEG-PRIV,2020-01-17,,True
CSH0005727,CUS0005727,SEG-AFFL,2022-04-30,,True
CSH0005728,CUS0005728,SEG-CORP,2020-02-07,,True
CSH0005729,CUS0005729,SEG-MAFF,2018-12-20,,True
CSH0005730,CUS0005730,SEG-AFFL,2019-06-11,,True
CSH0005731,CUS0005731,SEG-CORP,2019-08-28,,True
CSH0005732,CUS0005732,SEG-AFFL,2019-08-18,,True
CSH0005733,CUS0005733,SEG-SME,2018-10-22,,True
CSH0005734,CUS0005734,SEG-AFFL,2024-03-18,,True
CSH0005735,CUS0005735,SEG-MASS,2024-06-04,,True
CSH0005736,CUS0005736,SEG-CORP,2021-11-20,,True
CSH0005737,CUS0005737,SEG-MASS,2022-10-11,,True
CSH0005738,CUS0005738,SEG-MASS,2025-02-21,,True
CSH0005739,CUS0005739,SEG-MAFF,2021-10-04,,True
CSH0005740,CUS0005740,SEG-PRIV,2019-10-11,,True
CSH0005741,CUS0005741,SEG-CORP,2018-05-26,,True
CSH0005742,CUS0005742,SEG-MASS,2020-04-10,,True
CSH0005743,CUS0005743,SEG-MAFF,2020-11-02,,True
CSH0005744,CUS0005744,SEG-AFFL,2020-07-24,,True
CSH0005745,CUS0005745,SEG-MAFF,2022-08-30,,True
CSH0005746,CUS0005746,SEG-AFFL,2024-04-18,,True
CSH0005747,CUS0005747,SEG-MASS,2023-01-03,,True
CSH0005748,CUS0005748,SEG-AFFL,2023-07-10,,True
CSH0005749,CUS0005749,SEG-MASS,2019-11-28,,True
CSH0005750,CUS0005750,SEG-MAFF,2018-03-21,,True
CSH0005751,CUS0005751,SEG-MAFF,2020-06-09,,True
CSH0005752,CUS0005752,SEG-PRIV,2022-03-29,,True
CSH0005753,CUS0005753,SEG-MAFF,2025-12-16,,True
CSH0005754,CUS0005754,SEG-CORP,2020-07-13,,True
CSH0005755,CUS0005755,SEG-MAFF,2026-03-20,,True
CSH0005756,CUS0005756,SEG-MAFF,2024-03-08,,True
CSH0005757,CUS0005757,SEG-MAFF,2019-02-17,,True
CSH0005758,CUS0005758,SEG-PRIV,2023-11-03,,True
CSH0005759,CUS0005759,SEG-MASS,2018-10-14,,True
CSH0005760,CUS0005760,SEG-AFFL,2022-12-20,,True
CSH0005761,CUS0005761,SEG-MASS,2020-03-18,,True
CSH0005762,CUS0005762,SEG-MAFF,2024-12-19,,True
CSH0005763,CUS0005763,SEG-MAFF,2022-10-08,,True
CSH0005764,CUS0005764,SEG-MASS,2021-02-16,,True
CSH0005765,CUS0005765,SEG-CORP,2025-10-25,,True
CSH0005766,CUS0005766,SEG-SME,2026-01-26,,True
CSH0005767,CUS0005767,SEG-AFFL,2024-05-23,,True
CSH0005768,CUS0005768,SEG-AFFL,2018-04-16,,True
CSH0005769,CUS0005769,SEG-AFFL,2020-05-17,,True
CSH0005770,CUS0005770,SEG-PRIV,2022-03-13,,True
CSH0005771,CUS0005771,SEG-MAFF,2024-12-24,,True
CSH0005772,CUS0005772,SEG-CORP,2025-06-29,,True
CSH0005773,CUS0005773,SEG-MASS,2025-05-11,,True
CSH0005774,CUS0005774,SEG-AFFL,2024-10-25,,True
CSH0005775,CUS0005775,SEG-AFFL,2018-03-07,,True
CSH0005776,CUS0005776,SEG-MAFF,2023-09-05,,True
CSH0005777,CUS0005777,SEG-AFFL,2020-10-09,,True
CSH0005778,CUS0005778,SEG-MASS,2022-03-14,,True
CSH0005779,CUS0005779,SEG-CORP,2018-12-01,,True
CSH0005780,CUS0005780,SEG-MAFF,2021-10-18,,True
CSH0005781,CUS0005781,SEG-MAFF,2020-02-03,,True
CSH0005782,CUS0005782,SEG-AFFL,2018-06-28,,True
CSH0005783,CUS0005783,SEG-PRIV,2023-09-13,,True
CSH0005784,CUS0005784,SEG-AFFL,2025-12-25,,True
CSH0005785,CUS0005785,SEG-MAFF,2018-06-29,,True
CSH0005786,CUS0005786,SEG-MASS,2023-07-25,,True
CSH0005787,CUS0005787,SEG-MASS,2023-04-30,,True
CSH0005788,CUS0005788,SEG-PRIV,2025-01-16,,True
CSH0005789,CUS0005789,SEG-MAFF,2018-08-19,,True
CSH0005790,CUS0005790,SEG-AFFL,2019-01-09,,True
CSH0005791,CUS0005791,SEG-AFFL,2026-02-07,,True
CSH0005792,CUS0005792,SEG-SME,2025-12-25,,True
CSH0005793,CUS0005793,SEG-PRIV,2022-07-14,,True
CSH0005794,CUS0005794,SEG-AFFL,2021-07-08,,True
CSH0005795,CUS0005795,SEG-MAFF,2026-04-23,,True
CSH0005796,CUS0005796,SEG-AFFL,2019-04-23,,True
CSH0005797,CUS0005797,SEG-PRIV,2019-05-21,,True
CSH0005798,CUS0005798,SEG-CORP,2020-03-21,,True
CSH0005799,CUS0005799,SEG-MASS,2019-12-05,,True
CSH0005800,CUS0005800,SEG-AFFL,2024-06-22,,True
CSH0005801,CUS0005801,SEG-MAFF,2025-02-19,,True
CSH0005802,CUS0005802,SEG-AFFL,2021-10-04,,True
CSH0005803,CUS0005803,SEG-PRIV,2025-12-02,,True
CSH0005804,CUS0005804,SEG-PRIV,2024-04-08,,True
CSH0005805,CUS0005805,SEG-AFFL,2022-12-29,,True
CSH0005806,CUS0005806,SEG-MASS,2024-09-04,,True
CSH0005807,CUS0005807,SEG-MASS,2018-11-30,,True
CSH0005808,CUS0005808,SEG-PRIV,2025-12-20,,True
CSH0005809,CUS0005809,SEG-MASS,2020-12-16,,True
CSH0005810,CUS0005810,SEG-PRIV,2022-06-03,,True
CSH0005811,CUS0005811,SEG-MASS,2018-12-14,,True
CSH0005812,CUS0005812,SEG-PRIV,2023-03-07,,True
CSH0005813,CUS0005813,SEG-MAFF,2022-08-20,,True
CSH0005814,CUS0005814,SEG-SME,2025-04-13,,True
CSH0005815,CUS0005815,SEG-MASS,2024-03-14,,True
CSH0005816,CUS0005816,SEG-MASS,2025-11-19,,True
CSH0005817,CUS0005817,SEG-MASS,2018-02-05,,True
CSH0005818,CUS0005818,SEG-SME,2018-02-26,,True
CSH0005819,CUS0005819,SEG-MAFF,2020-01-08,,True
CSH0005820,CUS0005820,SEG-MASS,2024-01-08,,True
CSH0005821,CUS0005821,SEG-AFFL,2018-05-28,,True
CSH0005822,CUS0005822,SEG-AFFL,2023-09-28,,True
CSH0005823,CUS0005823,SEG-SME,2025-03-22,,True
CSH0005824,CUS0005824,SEG-AFFL,2022-03-02,,True
CSH0005825,CUS0005825,SEG-MAFF,2024-10-08,,True
CSH0005826,CUS0005826,SEG-MAFF,2023-02-21,,True
CSH0005827,CUS0005827,SEG-CORP,2018-05-25,,True
CSH0005828,CUS0005828,SEG-MAFF,2020-11-06,,True
CSH0005829,CUS0005829,SEG-MASS,2024-09-12,,True
CSH0005830,CUS0005830,SEG-AFFL,2024-06-17,,True
CSH0005831,CUS0005831,SEG-MAFF,2026-02-01,,True
CSH0005832,CUS0005832,SEG-MAFF,2025-06-30,,True
CSH0005833,CUS0005833,SEG-SME,2025-09-01,,True
CSH0005834,CUS0005834,SEG-MASS,2022-03-28,,True
CSH0005835,CUS0005835,SEG-AFFL,2023-05-19,,True
CSH0005836,CUS0005836,SEG-MAFF,2024-02-07,,True
CSH0005837,CUS0005837,SEG-MASS,2022-09-22,,True
CSH0005838,CUS0005838,SEG-MAFF,2022-07-13,,True
CSH0005839,CUS0005839,SEG-SME,2021-03-12,,True
CSH0005840,CUS0005840,SEG-MASS,2025-06-04,,True
CSH0005841,CUS0005841,SEG-MAFF,2025-04-18,,True
CSH0005842,CUS0005842,SEG-MAFF,2019-01-03,,True
CSH0005843,CUS0005843,SEG-SME,2026-04-19,,True
CSH0005844,CUS0005844,SEG-MASS,2025-03-21,,True
CSH0005845,CUS0005845,SEG-MAFF,2024-05-05,,True
CSH0005846,CUS0005846,SEG-MAFF,2023-06-26,,True
CSH0005847,CUS0005847,SEG-CORP,2020-10-27,,True
CSH0005848,CUS0005848,SEG-MASS,2023-10-03,,True
CSH0005849,CUS0005849,SEG-MASS,2025-09-05,,True
CSH0005850,CUS0005850,SEG-MASS,2021-07-13,,True
CSH0005851,CUS0005851,SEG-AFFL,2021-08-25,,True
CSH0005852,CUS0005852,SEG-SME,2019-07-19,,True
CSH0005853,CUS0005853,SEG-MAFF,2021-08-08,,True
CSH0005854,CUS0005854,SEG-AFFL,2019-03-25,,True
CSH0005855,CUS0005855,SEG-CORP,2020-09-08,,True
CSH0005856,CUS0005856,SEG-AFFL,2024-10-14,,True
CSH0005857,CUS0005857,SEG-MAFF,2026-02-15,,True
CSH0005858,CUS0005858,SEG-MASS,2024-07-18,,True
CSH0005859,CUS0005859,SEG-CORP,2021-12-21,,True
CSH0005860,CUS0005860,SEG-AFFL,2019-02-20,,True
CSH0005861,CUS0005861,SEG-SME,2023-10-05,,True
CSH0005862,CUS0005862,SEG-MAFF,2018-05-24,,True
CSH0005863,CUS0005863,SEG-SME,2022-06-01,,True
CSH0005864,CUS0005864,SEG-CORP,2025-06-03,,True
CSH0005865,CUS0005865,SEG-MAFF,2023-12-24,,True
CSH0005866,CUS0005866,SEG-SME,2023-12-28,,True
CSH0005867,CUS0005867,SEG-MASS,2026-03-18,,True
CSH0005868,CUS0005868,SEG-MAFF,2018-10-03,,True
CSH0005869,CUS0005869,SEG-MASS,2025-02-11,,True
CSH0005870,CUS0005870,SEG-AFFL,2021-05-08,,True
CSH0005871,CUS0005871,SEG-PRIV,2021-10-30,,True
CSH0005872,CUS0005872,SEG-PRIV,2026-03-22,,True
CSH0005873,CUS0005873,SEG-MAFF,2022-10-13,,True
CSH0005874,CUS0005874,SEG-MAFF,2026-04-13,,True
CSH0005875,CUS0005875,SEG-CORP,2020-04-17,,True
CSH0005876,CUS0005876,SEG-PRIV,2023-07-25,,True
CSH0005877,CUS0005877,SEG-MAFF,2025-02-08,,True
CSH0005878,CUS0005878,SEG-MAFF,2020-11-11,,True
CSH0005879,CUS0005879,SEG-SME,2020-10-09,,True
CSH0005880,CUS0005880,SEG-MASS,2023-01-28,,True
CSH0005881,CUS0005881,SEG-AFFL,2022-10-12,,True
CSH0005882,CUS0005882,SEG-AFFL,2026-02-19,,True
CSH0005883,CUS0005883,SEG-MAFF,2024-10-17,,True
CSH0005884,CUS0005884,SEG-MAFF,2018-11-16,,True
CSH0005885,CUS0005885,SEG-AFFL,2023-04-17,,True
CSH0005886,CUS0005886,SEG-MASS,2024-12-27,,True
CSH0005887,CUS0005887,SEG-PRIV,2018-12-12,,True
CSH0005888,CUS0005888,SEG-MASS,2023-09-28,,True
CSH0005889,CUS0005889,SEG-AFFL,2022-04-07,,True
CSH0005890,CUS0005890,SEG-MAFF,2019-12-31,,True
CSH0005891,CUS0005891,SEG-CORP,2020-03-10,,True
CSH0005892,CUS0005892,SEG-CORP,2020-07-02,,True
CSH0005893,CUS0005893,SEG-SME,2023-05-15,,True
CSH0005894,CUS0005894,SEG-MAFF,2021-12-15,,True
CSH0005895,CUS0005895,SEG-PRIV,2020-02-12,,True
CSH0005896,CUS0005896,SEG-AFFL,2022-12-29,,True
CSH0005897,CUS0005897,SEG-SME,2020-01-27,,True
CSH0005898,CUS0005898,SEG-CORP,2018-02-18,,True
CSH0005899,CUS0005899,SEG-CORP,2020-08-13,,True
CSH0005900,CUS0005900,SEG-MAFF,2024-07-20,,True
CSH0005901,CUS0005901,SEG-CORP,2023-05-05,,True
CSH0005902,CUS0005902,SEG-MAFF,2024-09-29,,True
CSH0005903,CUS0005903,SEG-MASS,2018-01-27,,True
CSH0005904,CUS0005904,SEG-PRIV,2021-06-21,,True
CSH0005905,CUS0005905,SEG-AFFL,2022-03-18,,True
CSH0005906,CUS0005906,SEG-MASS,2023-09-28,,True
CSH0005907,CUS0005907,SEG-AFFL,2020-07-17,,True
CSH0005908,CUS0005908,SEG-MAFF,2019-01-19,,True
CSH0005909,CUS0005909,SEG-MASS,2022-04-01,,True
CSH0005910,CUS0005910,SEG-PRIV,2022-04-23,,True
CSH0005911,CUS0005911,SEG-AFFL,2021-09-17,,True
CSH0005912,CUS0005912,SEG-MASS,2026-01-12,,True
CSH0005913,CUS0005913,SEG-SME,2019-05-04,,True
CSH0005914,CUS0005914,SEG-MASS,2022-08-03,,True
CSH0005915,CUS0005915,SEG-MAFF,2019-04-25,,True
CSH0005916,CUS0005916,SEG-MAFF,2024-10-25,,True
CSH0005917,CUS0005917,SEG-CORP,2018-12-18,,True
CSH0005918,CUS0005918,SEG-AFFL,2025-11-08,,True
CSH0005919,CUS0005919,SEG-MAFF,2019-04-20,,True
CSH0005920,CUS0005920,SEG-AFFL,2019-11-21,,True
CSH0005921,CUS0005921,SEG-AFFL,2024-11-08,,True
CSH0005922,CUS0005922,SEG-CORP,2022-01-08,,True
CSH0005923,CUS0005923,SEG-AFFL,2024-07-03,,True
CSH0005924,CUS0005924,SEG-MASS,2024-12-09,,True
CSH0005925,CUS0005925,SEG-AFFL,2021-03-04,,True
CSH0005926,CUS0005926,SEG-MAFF,2022-11-09,,True
CSH0005927,CUS0005927,SEG-MASS,2019-01-18,,True
CSH0005928,CUS0005928,SEG-MAFF,2019-06-27,,True
CSH0005929,CUS0005929,SEG-MAFF,2025-10-30,,True
CSH0005930,CUS0005930,SEG-PRIV,2023-05-27,,True
CSH0005931,CUS0005931,SEG-MAFF,2024-04-18,,True
CSH0005932,CUS0005932,SEG-AFFL,2026-01-23,,True
CSH0005933,CUS0005933,SEG-MASS,2025-03-29,,True
CSH0005934,CUS0005934,SEG-AFFL,2024-07-26,,True
CSH0005935,CUS0005935,SEG-MASS,2024-05-21,,True
CSH0005936,CUS0005936,SEG-PRIV,2022-09-09,,True
CSH0005937,CUS0005937,SEG-MAFF,2025-10-12,,True
CSH0005938,CUS0005938,SEG-AFFL,2024-07-13,,True
CSH0005939,CUS0005939,SEG-MASS,2020-02-14,,True
CSH0005940,CUS0005940,SEG-AFFL,2022-09-29,,True
CSH0005941,CUS0005941,SEG-MASS,2019-07-15,,True
CSH0005942,CUS0005942,SEG-SME,2023-11-06,,True
CSH0005943,CUS0005943,SEG-AFFL,2019-04-01,,True
CSH0005944,CUS0005944,SEG-PRIV,2023-01-07,,True
CSH0005945,CUS0005945,SEG-AFFL,2018-07-21,,True
CSH0005946,CUS0005946,SEG-AFFL,2026-03-22,,True
CSH0005947,CUS0005947,SEG-AFFL,2020-08-11,,True
CSH0005948,CUS0005948,SEG-MASS,2023-04-07,,True
CSH0005949,CUS0005949,SEG-AFFL,2018-01-14,,True
CSH0005950,CUS0005950,SEG-CORP,2023-11-02,,True
CSH0005951,CUS0005951,SEG-AFFL,2025-02-07,,True
CSH0005952,CUS0005952,SEG-AFFL,2022-05-15,,True
CSH0005953,CUS0005953,SEG-MASS,2022-04-12,,True
CSH0005954,CUS0005954,SEG-SME,2019-12-05,,True
CSH0005955,CUS0005955,SEG-AFFL,2021-12-29,,True
CSH0005956,CUS0005956,SEG-MASS,2025-02-27,,True
CSH0005957,CUS0005957,SEG-AFFL,2020-09-12,,True
CSH0005958,CUS0005958,SEG-MAFF,2019-05-10,,True
CSH0005959,CUS0005959,SEG-AFFL,2020-01-15,,True
CSH0005960,CUS0005960,SEG-MAFF,2023-07-24,,True
CSH0005961,CUS0005961,SEG-SME,2020-05-07,,True
CSH0005962,CUS0005962,SEG-PRIV,2018-02-16,,True
CSH0005963,CUS0005963,SEG-AFFL,2018-10-08,,True
CSH0005964,CUS0005964,SEG-MASS,2022-12-22,,True
CSH0005965,CUS0005965,SEG-AFFL,2020-04-09,,True
CSH0005966,CUS0005966,SEG-MASS,2019-10-23,,True
CSH0005967,CUS0005967,SEG-AFFL,2021-02-08,,True
CSH0005968,CUS0005968,SEG-MAFF,2019-03-24,,True
CSH0005969,CUS0005969,SEG-MAFF,2022-07-14,,True
CSH0005970,CUS0005970,SEG-MAFF,2022-01-01,,True
CSH0005971,CUS0005971,SEG-AFFL,2023-06-16,,True
CSH0005972,CUS0005972,SEG-MASS,2024-02-19,,True
CSH0005973,CUS0005973,SEG-MAFF,2024-05-09,,True
CSH0005974,CUS0005974,SEG-MASS,2025-01-17,,True
CSH0005975,CUS0005975,SEG-AFFL,2021-02-03,,True
CSH0005976,CUS0005976,SEG-CORP,2023-01-01,,True
CSH0005977,CUS0005977,SEG-AFFL,2024-04-13,,True
CSH0005978,CUS0005978,SEG-MAFF,2023-08-22,,True
CSH0005979,CUS0005979,SEG-SME,2019-09-08,,True
CSH0005980,CUS0005980,SEG-AFFL,2021-04-03,,True
CSH0005981,CUS0005981,SEG-MASS,2023-10-10,,True
CSH0005982,CUS0005982,SEG-MAFF,2019-03-04,,True
CSH0005983,CUS0005983,SEG-PRIV,2023-03-28,,True
CSH0005984,CUS0005984,SEG-AFFL,2020-03-05,,True
CSH0005985,CUS0005985,SEG-SME,2018-09-07,,True
CSH0005986,CUS0005986,SEG-MASS,2018-11-06,,True
CSH0005987,CUS0005987,SEG-MASS,2018-03-10,,True
CSH0005988,CUS0005988,SEG-MAFF,2018-09-20,,True
CSH0005989,CUS0005989,SEG-MAFF,2021-08-29,,True
CSH0005990,CUS0005990,SEG-CORP,2026-03-10,,True
CSH0005991,CUS0005991,SEG-MASS,2023-07-31,,True
CSH0005992,CUS0005992,SEG-AFFL,2026-04-22,,True
CSH0005993,CUS0005993,SEG-PRIV,2022-02-05,,True
CSH0005994,CUS0005994,SEG-MAFF,2025-01-28,,True
CSH0005995,CUS0005995,SEG-AFFL,2024-08-06,,True
CSH0005996,CUS0005996,SEG-AFFL,2019-02-11,,True
CSH0005997,CUS0005997,SEG-MASS,2024-04-02,,True
CSH0005998,CUS0005998,SEG-MASS,2020-03-30,,True
CSH0005999,CUS0005999,SEG-MASS,2021-03-29,,True
CSH0006000,CUS0006000,SEG-MASS,2024-07-10,,True
CSH0006001,CUS0006001,SEG-AFFL,2024-08-16,,True
CSH0006002,CUS0006002,SEG-MAFF,2020-02-24,,True
CSH0006003,CUS0006003,SEG-CORP,2024-10-23,,True
CSH0006004,CUS0006004,SEG-MASS,2020-03-23,,True
CSH0006005,CUS0006005,SEG-SME,2026-03-21,,True
CSH0006006,CUS0006006,SEG-SME,2022-08-21,,True
CSH0006007,CUS0006007,SEG-SME,2018-02-13,,True
CSH0006008,CUS0006008,SEG-AFFL,2018-06-02,,True
CSH0006009,CUS0006009,SEG-MASS,2018-10-04,,True
CSH0006010,CUS0006010,SEG-AFFL,2018-12-23,,True
CSH0006011,CUS0006011,SEG-MASS,2023-07-28,,True
CSH0006012,CUS0006012,SEG-AFFL,2024-09-07,,True
CSH0006013,CUS0006013,SEG-MASS,2020-04-25,,True
CSH0006014,CUS0006014,SEG-MASS,2024-01-30,,True
CSH0006015,CUS0006015,SEG-MASS,2023-03-04,,True
CSH0006016,CUS0006016,SEG-AFFL,2019-12-30,,True
CSH0006017,CUS0006017,SEG-MASS,2020-11-29,,True
CSH0006018,CUS0006018,SEG-CORP,2019-05-30,,True
CSH0006019,CUS0006019,SEG-MASS,2021-04-16,,True
CSH0006020,CUS0006020,SEG-MAFF,2024-11-26,,True
CSH0006021,CUS0006021,SEG-AFFL,2019-10-28,,True
CSH0006022,CUS0006022,SEG-CORP,2024-03-25,,True
CSH0006023,CUS0006023,SEG-MAFF,2021-09-07,,True
CSH0006024,CUS0006024,SEG-SME,2020-10-15,,True
CSH0006025,CUS0006025,SEG-AFFL,2022-09-27,,True
CSH0006026,CUS0006026,SEG-MAFF,2020-08-02,,True
CSH0006027,CUS0006027,SEG-MASS,2019-06-15,,True
CSH0006028,CUS0006028,SEG-SME,2023-05-10,,True
CSH0006029,CUS0006029,SEG-MASS,2025-11-15,,True
CSH0006030,CUS0006030,SEG-CORP,2025-02-10,,True
CSH0006031,CUS0006031,SEG-PRIV,2020-04-12,,True
CSH0006032,CUS0006032,SEG-AFFL,2018-02-18,,True
CSH0006033,CUS0006033,SEG-AFFL,2021-03-31,,True
CSH0006034,CUS0006034,SEG-MASS,2025-04-30,,True
CSH0006035,CUS0006035,SEG-MASS,2020-11-29,,True
CSH0006036,CUS0006036,SEG-CORP,2023-01-05,,True
CSH0006037,CUS0006037,SEG-PRIV,2024-07-08,,True
CSH0006038,CUS0006038,SEG-CORP,2021-05-03,,True
CSH0006039,CUS0006039,SEG-MAFF,2022-08-14,,True
CSH0006040,CUS0006040,SEG-MAFF,2021-08-22,,True
CSH0006041,CUS0006041,SEG-MASS,2023-12-23,,True
CSH0006042,CUS0006042,SEG-MASS,2018-05-06,,True
CSH0006043,CUS0006043,SEG-PRIV,2022-10-22,,True
CSH0006044,CUS0006044,SEG-MAFF,2022-09-15,,True
CSH0006045,CUS0006045,SEG-MASS,2018-10-29,,True
CSH0006046,CUS0006046,SEG-AFFL,2024-05-12,,True
CSH0006047,CUS0006047,SEG-MAFF,2024-12-02,,True
CSH0006048,CUS0006048,SEG-MASS,2018-02-16,,True
CSH0006049,CUS0006049,SEG-MASS,2024-08-27,,True
CSH0006050,CUS0006050,SEG-MAFF,2022-06-10,,True
CSH0006051,CUS0006051,SEG-MASS,2020-04-16,,True
CSH0006052,CUS0006052,SEG-AFFL,2022-05-13,,True
CSH0006053,CUS0006053,SEG-CORP,2018-03-18,,True
CSH0006054,CUS0006054,SEG-AFFL,2022-11-27,,True
CSH0006055,CUS0006055,SEG-MASS,2023-11-23,,True
CSH0006056,CUS0006056,SEG-MAFF,2025-02-01,,True
CSH0006057,CUS0006057,SEG-MASS,2024-02-28,,True
CSH0006058,CUS0006058,SEG-MAFF,2023-07-26,,True
CSH0006059,CUS0006059,SEG-MASS,2026-04-01,,True
CSH0006060,CUS0006060,SEG-PRIV,2022-09-03,,True
CSH0006061,CUS0006061,SEG-MASS,2023-04-13,,True
CSH0006062,CUS0006062,SEG-CORP,2021-03-25,,True
CSH0006063,CUS0006063,SEG-MAFF,2024-04-26,,True
CSH0006064,CUS0006064,SEG-PRIV,2022-03-14,,True
CSH0006065,CUS0006065,SEG-MAFF,2023-02-14,,True
CSH0006066,CUS0006066,SEG-CORP,2025-03-05,,True
CSH0006067,CUS0006067,SEG-AFFL,2023-06-24,,True
CSH0006068,CUS0006068,SEG-MAFF,2018-07-29,,True
CSH0006069,CUS0006069,SEG-MASS,2021-11-27,,True
CSH0006070,CUS0006070,SEG-MAFF,2024-08-07,,True
CSH0006071,CUS0006071,SEG-MASS,2024-08-19,,True
CSH0006072,CUS0006072,SEG-AFFL,2022-09-07,,True
CSH0006073,CUS0006073,SEG-PRIV,2025-11-08,,True
CSH0006074,CUS0006074,SEG-MASS,2026-01-04,,True
CSH0006075,CUS0006075,SEG-SME,2018-12-04,,True
CSH0006076,CUS0006076,SEG-PRIV,2023-05-12,,True
CSH0006077,CUS0006077,SEG-PRIV,2021-02-26,,True
CSH0006078,CUS0006078,SEG-MAFF,2024-12-23,,True
CSH0006079,CUS0006079,SEG-AFFL,2018-08-26,,True
CSH0006080,CUS0006080,SEG-MASS,2018-11-28,,True
CSH0006081,CUS0006081,SEG-MAFF,2019-03-18,,True
CSH0006082,CUS0006082,SEG-MAFF,2021-01-25,,True
CSH0006083,CUS0006083,SEG-AFFL,2022-05-17,,True
CSH0006084,CUS0006084,SEG-MAFF,2026-03-26,,True
CSH0006085,CUS0006085,SEG-AFFL,2018-03-22,,True
CSH0006086,CUS0006086,SEG-CORP,2024-06-19,,True
CSH0006087,CUS0006087,SEG-MASS,2022-04-24,,True
CSH0006088,CUS0006088,SEG-SME,2021-08-19,,True
CSH0006089,CUS0006089,SEG-MASS,2025-06-18,,True
CSH0006090,CUS0006090,SEG-MAFF,2020-08-20,,True
CSH0006091,CUS0006091,SEG-MASS,2024-11-05,,True
CSH0006092,CUS0006092,SEG-AFFL,2022-06-12,,True
CSH0006093,CUS0006093,SEG-SME,2019-02-10,,True
CSH0006094,CUS0006094,SEG-CORP,2022-01-03,,True
CSH0006095,CUS0006095,SEG-AFFL,2024-03-19,,True
CSH0006096,CUS0006096,SEG-MASS,2019-12-26,,True
CSH0006097,CUS0006097,SEG-CORP,2022-07-25,,True
CSH0006098,CUS0006098,SEG-AFFL,2018-09-25,,True
CSH0006099,CUS0006099,SEG-AFFL,2018-02-02,,True
CSH0006100,CUS0006100,SEG-PRIV,2018-02-14,,True
CSH0006101,CUS0006101,SEG-AFFL,2022-07-19,,True
CSH0006102,CUS0006102,SEG-MAFF,2022-01-23,,True
CSH0006103,CUS0006103,SEG-MASS,2020-11-27,,True
CSH0006104,CUS0006104,SEG-AFFL,2020-01-23,,True
CSH0006105,CUS0006105,SEG-MASS,2024-03-12,,True
CSH0006106,CUS0006106,SEG-CORP,2025-02-20,,True
CSH0006107,CUS0006107,SEG-MAFF,2025-02-11,,True
CSH0006108,CUS0006108,SEG-AFFL,2024-12-19,,True
CSH0006109,CUS0006109,SEG-PRIV,2024-04-29,,True
CSH0006110,CUS0006110,SEG-AFFL,2025-05-26,,True
CSH0006111,CUS0006111,SEG-MAFF,2019-09-07,,True
CSH0006112,CUS0006112,SEG-AFFL,2018-03-07,,True
CSH0006113,CUS0006113,SEG-MAFF,2021-08-17,,True
CSH0006114,CUS0006114,SEG-AFFL,2025-01-02,,True
CSH0006115,CUS0006115,SEG-MAFF,2019-08-05,,True
CSH0006116,CUS0006116,SEG-AFFL,2025-06-04,,True
CSH0006117,CUS0006117,SEG-MASS,2024-03-14,,True
CSH0006118,CUS0006118,SEG-AFFL,2025-03-12,,True
CSH0006119,CUS0006119,SEG-MAFF,2023-08-21,,True
CSH0006120,CUS0006120,SEG-AFFL,2023-03-23,,True
CSH0006121,CUS0006121,SEG-MAFF,2018-07-07,,True
CSH0006122,CUS0006122,SEG-MAFF,2026-01-22,,True
CSH0006123,CUS0006123,SEG-MAFF,2023-11-29,,True
CSH0006124,CUS0006124,SEG-AFFL,2024-11-11,,True
CSH0006125,CUS0006125,SEG-CORP,2019-01-12,,True
CSH0006126,CUS0006126,SEG-PRIV,2020-02-10,,True
CSH0006127,CUS0006127,SEG-MASS,2021-08-22,,True
CSH0006128,CUS0006128,SEG-PRIV,2020-09-18,,True
CSH0006129,CUS0006129,SEG-AFFL,2020-10-12,,True
CSH0006130,CUS0006130,SEG-MASS,2024-12-07,,True
CSH0006131,CUS0006131,SEG-MAFF,2020-03-09,,True
CSH0006132,CUS0006132,SEG-MAFF,2018-12-28,,True
CSH0006133,CUS0006133,SEG-MAFF,2025-06-01,,True
CSH0006134,CUS0006134,SEG-MASS,2020-04-02,,True
CSH0006135,CUS0006135,SEG-AFFL,2019-05-19,,True
CSH0006136,CUS0006136,SEG-CORP,2026-04-17,,True
CSH0006137,CUS0006137,SEG-MAFF,2020-09-28,,True
CSH0006138,CUS0006138,SEG-MAFF,2025-12-28,,True
CSH0006139,CUS0006139,SEG-PRIV,2021-12-20,,True
CSH0006140,CUS0006140,SEG-MASS,2026-01-09,,True
CSH0006141,CUS0006141,SEG-PRIV,2022-10-31,,True
CSH0006142,CUS0006142,SEG-SME,2022-05-04,,True
CSH0006143,CUS0006143,SEG-MASS,2019-08-22,,True
CSH0006144,CUS0006144,SEG-SME,2021-04-19,,True
CSH0006145,CUS0006145,SEG-MAFF,2020-11-19,,True
CSH0006146,CUS0006146,SEG-MAFF,2018-12-06,,True
CSH0006147,CUS0006147,SEG-AFFL,2025-12-04,,True
CSH0006148,CUS0006148,SEG-MAFF,2023-05-08,,True
CSH0006149,CUS0006149,SEG-AFFL,2018-07-07,,True
CSH0006150,CUS0006150,SEG-SME,2023-08-18,,True
CSH0006151,CUS0006151,SEG-AFFL,2018-01-13,,True
CSH0006152,CUS0006152,SEG-SME,2025-08-27,,True
CSH0006153,CUS0006153,SEG-AFFL,2019-02-27,,True
CSH0006154,CUS0006154,SEG-AFFL,2024-10-25,,True
CSH0006155,CUS0006155,SEG-MAFF,2025-12-21,,True
CSH0006156,CUS0006156,SEG-MASS,2026-01-10,,True
CSH0006157,CUS0006157,SEG-MAFF,2021-02-20,,True
CSH0006158,CUS0006158,SEG-MASS,2020-01-21,,True
CSH0006159,CUS0006159,SEG-MAFF,2022-11-24,,True
CSH0006160,CUS0006160,SEG-CORP,2018-08-16,,True
CSH0006161,CUS0006161,SEG-PRIV,2023-03-21,,True
CSH0006162,CUS0006162,SEG-AFFL,2022-09-13,,True
CSH0006163,CUS0006163,SEG-CORP,2025-07-14,,True
CSH0006164,CUS0006164,SEG-AFFL,2018-03-06,,True
CSH0006165,CUS0006165,SEG-MAFF,2022-02-28,,True
CSH0006166,CUS0006166,SEG-MASS,2021-02-07,,True
CSH0006167,CUS0006167,SEG-MAFF,2019-07-12,,True
CSH0006168,CUS0006168,SEG-MASS,2022-07-05,,True
CSH0006169,CUS0006169,SEG-CORP,2020-05-13,,True
CSH0006170,CUS0006170,SEG-AFFL,2024-05-09,,True
CSH0006171,CUS0006171,SEG-AFFL,2023-08-24,,True
CSH0006172,CUS0006172,SEG-MAFF,2021-09-04,,True
CSH0006173,CUS0006173,SEG-MAFF,2023-05-24,,True
CSH0006174,CUS0006174,SEG-MASS,2022-11-14,,True
CSH0006175,CUS0006175,SEG-PRIV,2024-04-17,,True
CSH0006176,CUS0006176,SEG-CORP,2024-04-07,,True
CSH0006177,CUS0006177,SEG-MAFF,2026-03-01,,True
CSH0006178,CUS0006178,SEG-MASS,2021-11-13,,True
CSH0006179,CUS0006179,SEG-PRIV,2020-06-21,,True
CSH0006180,CUS0006180,SEG-AFFL,2023-06-23,,True
CSH0006181,CUS0006181,SEG-SME,2021-12-15,,True
CSH0006182,CUS0006182,SEG-MAFF,2026-03-13,,True
CSH0006183,CUS0006183,SEG-PRIV,2024-12-21,,True
CSH0006184,CUS0006184,SEG-CORP,2026-04-09,,True
CSH0006185,CUS0006185,SEG-MAFF,2021-03-17,,True
CSH0006186,CUS0006186,SEG-MAFF,2020-08-13,,True
CSH0006187,CUS0006187,SEG-MAFF,2021-06-18,,True
CSH0006188,CUS0006188,SEG-AFFL,2020-03-04,,True
CSH0006189,CUS0006189,SEG-MAFF,2019-02-20,,True
CSH0006190,CUS0006190,SEG-PRIV,2024-10-22,,True
CSH0006191,CUS0006191,SEG-AFFL,2019-10-20,,True
CSH0006192,CUS0006192,SEG-AFFL,2025-01-05,,True
CSH0006193,CUS0006193,SEG-MAFF,2025-02-03,,True
CSH0006194,CUS0006194,SEG-MAFF,2019-08-06,,True
CSH0006195,CUS0006195,SEG-CORP,2019-05-05,,True
CSH0006196,CUS0006196,SEG-MAFF,2024-12-30,,True
CSH0006197,CUS0006197,SEG-MASS,2018-01-24,,True
CSH0006198,CUS0006198,SEG-MASS,2022-10-20,,True
CSH0006199,CUS0006199,SEG-AFFL,2020-07-26,,True
CSH0006200,CUS0006200,SEG-AFFL,2018-01-24,,True
CSH0006201,CUS0006201,SEG-CORP,2024-10-29,,True
CSH0006202,CUS0006202,SEG-AFFL,2021-10-04,,True
CSH0006203,CUS0006203,SEG-MASS,2018-02-19,,True
CSH0006204,CUS0006204,SEG-AFFL,2026-04-07,,True
CSH0006205,CUS0006205,SEG-MASS,2023-10-21,,True
CSH0006206,CUS0006206,SEG-AFFL,2020-02-08,,True
CSH0006207,CUS0006207,SEG-AFFL,2025-08-21,,True
CSH0006208,CUS0006208,SEG-MASS,2026-03-26,,True
CSH0006209,CUS0006209,SEG-AFFL,2026-04-01,,True
CSH0006210,CUS0006210,SEG-SME,2022-09-02,,True
CSH0006211,CUS0006211,SEG-MAFF,2020-05-10,,True
CSH0006212,CUS0006212,SEG-AFFL,2025-04-08,,True
CSH0006213,CUS0006213,SEG-MAFF,2022-05-11,,True
CSH0006214,CUS0006214,SEG-AFFL,2026-02-10,,True
CSH0006215,CUS0006215,SEG-MAFF,2021-11-04,,True
CSH0006216,CUS0006216,SEG-MASS,2022-09-21,,True
CSH0006217,CUS0006217,SEG-MAFF,2021-12-16,,True
CSH0006218,CUS0006218,SEG-CORP,2020-12-19,,True
CSH0006219,CUS0006219,SEG-CORP,2023-09-04,,True
CSH0006220,CUS0006220,SEG-AFFL,2020-10-25,,True
CSH0006221,CUS0006221,SEG-CORP,2023-02-23,,True
CSH0006222,CUS0006222,SEG-MASS,2024-12-18,,True
CSH0006223,CUS0006223,SEG-MAFF,2019-10-23,,True
CSH0006224,CUS0006224,SEG-MAFF,2026-02-26,,True
CSH0006225,CUS0006225,SEG-MASS,2024-03-25,,True
CSH0006226,CUS0006226,SEG-SME,2018-04-20,,True
CSH0006227,CUS0006227,SEG-MASS,2019-03-19,,True
CSH0006228,CUS0006228,SEG-CORP,2018-06-16,,True
CSH0006229,CUS0006229,SEG-MAFF,2021-04-25,,True
CSH0006230,CUS0006230,SEG-AFFL,2022-10-21,,True
CSH0006231,CUS0006231,SEG-MAFF,2022-04-10,,True
CSH0006232,CUS0006232,SEG-MASS,2022-12-27,,True
CSH0006233,CUS0006233,SEG-AFFL,2018-10-08,,True
CSH0006234,CUS0006234,SEG-MASS,2018-04-22,,True
CSH0006235,CUS0006235,SEG-SME,2018-11-17,,True
CSH0006236,CUS0006236,SEG-MASS,2023-07-17,,True
CSH0006237,CUS0006237,SEG-AFFL,2018-04-04,,True
CSH0006238,CUS0006238,SEG-MAFF,2018-01-01,,True
CSH0006239,CUS0006239,SEG-CORP,2026-02-17,,True
CSH0006240,CUS0006240,SEG-SME,2021-03-25,,True
CSH0006241,CUS0006241,SEG-MASS,2025-12-28,,True
CSH0006242,CUS0006242,SEG-MAFF,2021-05-10,,True
CSH0006243,CUS0006243,SEG-MASS,2018-07-22,,True
CSH0006244,CUS0006244,SEG-MAFF,2020-04-04,,True
CSH0006245,CUS0006245,SEG-MAFF,2022-10-19,,True
CSH0006246,CUS0006246,SEG-CORP,2024-08-13,,True
CSH0006247,CUS0006247,SEG-PRIV,2026-01-22,,True
CSH0006248,CUS0006248,SEG-AFFL,2022-01-27,,True
CSH0006249,CUS0006249,SEG-MAFF,2021-03-01,,True
CSH0006250,CUS0006250,SEG-CORP,2019-03-15,,True
CSH0006251,CUS0006251,SEG-SME,2021-07-18,,True
CSH0006252,CUS0006252,SEG-AFFL,2019-10-19,,True
CSH0006253,CUS0006253,SEG-AFFL,2025-11-11,,True
CSH0006254,CUS0006254,SEG-PRIV,2024-06-04,,True
CSH0006255,CUS0006255,SEG-CORP,2026-01-30,,True
CSH0006256,CUS0006256,SEG-AFFL,2022-06-20,,True
CSH0006257,CUS0006257,SEG-PRIV,2024-09-13,,True
CSH0006258,CUS0006258,SEG-MAFF,2019-01-22,,True
CSH0006259,CUS0006259,SEG-MAFF,2023-07-24,,True
CSH0006260,CUS0006260,SEG-AFFL,2023-07-11,,True
CSH0006261,CUS0006261,SEG-AFFL,2021-01-20,,True
CSH0006262,CUS0006262,SEG-CORP,2023-10-27,,True
CSH0006263,CUS0006263,SEG-PRIV,2020-04-13,,True
CSH0006264,CUS0006264,SEG-MAFF,2022-08-09,,True
CSH0006265,CUS0006265,SEG-MAFF,2025-10-17,,True
CSH0006266,CUS0006266,SEG-CORP,2021-12-12,,True
CSH0006267,CUS0006267,SEG-MASS,2025-02-02,,True
CSH0006268,CUS0006268,SEG-AFFL,2024-09-10,,True
CSH0006269,CUS0006269,SEG-MAFF,2025-01-12,,True
CSH0006270,CUS0006270,SEG-MASS,2022-05-11,,True
CSH0006271,CUS0006271,SEG-AFFL,2018-11-15,,True
CSH0006272,CUS0006272,SEG-AFFL,2021-06-01,,True
CSH0006273,CUS0006273,SEG-MASS,2025-09-05,,True
CSH0006274,CUS0006274,SEG-MAFF,2019-09-30,,True
CSH0006275,CUS0006275,SEG-AFFL,2022-04-02,,True
CSH0006276,CUS0006276,SEG-MAFF,2018-04-13,,True
CSH0006277,CUS0006277,SEG-MASS,2020-12-10,,True
CSH0006278,CUS0006278,SEG-MAFF,2018-05-18,,True
CSH0006279,CUS0006279,SEG-AFFL,2020-09-15,,True
CSH0006280,CUS0006280,SEG-CORP,2018-08-14,,True
CSH0006281,CUS0006281,SEG-MASS,2018-04-07,,True
CSH0006282,CUS0006282,SEG-MASS,2022-01-29,,True
CSH0006283,CUS0006283,SEG-MASS,2025-05-28,,True
CSH0006284,CUS0006284,SEG-MASS,2021-05-16,,True
CSH0006285,CUS0006285,SEG-MASS,2023-08-08,,True
CSH0006286,CUS0006286,SEG-MASS,2022-10-01,,True
CSH0006287,CUS0006287,SEG-MASS,2026-03-30,,True
CSH0006288,CUS0006288,SEG-MASS,2018-06-11,,True
CSH0006289,CUS0006289,SEG-SME,2019-11-15,,True
CSH0006290,CUS0006290,SEG-SME,2022-08-08,,True
CSH0006291,CUS0006291,SEG-MAFF,2021-09-02,,True
CSH0006292,CUS0006292,SEG-MAFF,2022-01-06,,True
CSH0006293,CUS0006293,SEG-MAFF,2023-01-19,,True
CSH0006294,CUS0006294,SEG-AFFL,2025-02-23,,True
CSH0006295,CUS0006295,SEG-MASS,2021-03-20,,True
CSH0006296,CUS0006296,SEG-SME,2024-09-01,,True
CSH0006297,CUS0006297,SEG-MASS,2023-04-23,,True
CSH0006298,CUS0006298,SEG-SME,2021-08-24,,True
CSH0006299,CUS0006299,SEG-MAFF,2018-07-22,,True
CSH0006300,CUS0006300,SEG-MAFF,2020-12-19,,True
CSH0006301,CUS0006301,SEG-CORP,2020-03-11,,True
CSH0006302,CUS0006302,SEG-MASS,2021-09-10,,True
CSH0006303,CUS0006303,SEG-MASS,2024-02-21,,True
CSH0006304,CUS0006304,SEG-MASS,2018-01-14,,True
CSH0006305,CUS0006305,SEG-MAFF,2025-01-17,,True
CSH0006306,CUS0006306,SEG-MAFF,2024-10-06,,True
CSH0006307,CUS0006307,SEG-AFFL,2025-09-06,,True
CSH0006308,CUS0006308,SEG-MAFF,2024-07-04,,True
CSH0006309,CUS0006309,SEG-MASS,2024-07-03,,True
CSH0006310,CUS0006310,SEG-MASS,2021-10-22,,True
CSH0006311,CUS0006311,SEG-AFFL,2025-08-21,,True
CSH0006312,CUS0006312,SEG-MAFF,2021-06-22,,True
CSH0006313,CUS0006313,SEG-MASS,2019-08-26,,True
CSH0006314,CUS0006314,SEG-MASS,2022-02-11,,True
CSH0006315,CUS0006315,SEG-PRIV,2026-03-24,,True
CSH0006316,CUS0006316,SEG-MASS,2020-06-14,,True
CSH0006317,CUS0006317,SEG-SME,2023-11-09,,True
CSH0006318,CUS0006318,SEG-SME,2020-10-08,,True
CSH0006319,CUS0006319,SEG-MASS,2024-11-01,,True
CSH0006320,CUS0006320,SEG-MASS,2023-06-15,,True
CSH0006321,CUS0006321,SEG-CORP,2020-08-11,,True
CSH0006322,CUS0006322,SEG-AFFL,2025-10-26,,True
CSH0006323,CUS0006323,SEG-MASS,2018-02-14,,True
CSH0006324,CUS0006324,SEG-MAFF,2024-11-14,,True
CSH0006325,CUS0006325,SEG-MAFF,2022-06-05,,True
CSH0006326,CUS0006326,SEG-MASS,2023-07-08,,True
CSH0006327,CUS0006327,SEG-MAFF,2025-04-30,,True
CSH0006328,CUS0006328,SEG-AFFL,2018-09-20,,True
CSH0006329,CUS0006329,SEG-AFFL,2022-07-07,,True
CSH0006330,CUS0006330,SEG-MASS,2022-05-23,,True
CSH0006331,CUS0006331,SEG-MASS,2018-04-26,,True
CSH0006332,CUS0006332,SEG-SME,2020-08-30,,True
CSH0006333,CUS0006333,SEG-MASS,2020-04-05,,True
CSH0006334,CUS0006334,SEG-MAFF,2020-01-25,,True
CSH0006335,CUS0006335,SEG-PRIV,2023-09-19,,True
CSH0006336,CUS0006336,SEG-MASS,2024-04-16,,True
CSH0006337,CUS0006337,SEG-AFFL,2023-09-25,,True
CSH0006338,CUS0006338,SEG-MAFF,2018-02-24,,True
CSH0006339,CUS0006339,SEG-MASS,2018-06-28,,True
CSH0006340,CUS0006340,SEG-MASS,2026-02-06,,True
CSH0006341,CUS0006341,SEG-AFFL,2019-07-24,,True
CSH0006342,CUS0006342,SEG-MAFF,2021-02-15,,True
CSH0006343,CUS0006343,SEG-MASS,2025-07-14,,True
CSH0006344,CUS0006344,SEG-MASS,2022-04-20,,True
CSH0006345,CUS0006345,SEG-MASS,2024-09-17,,True
CSH0006346,CUS0006346,SEG-PRIV,2022-03-24,,True
CSH0006347,CUS0006347,SEG-AFFL,2022-11-02,,True
CSH0006348,CUS0006348,SEG-MASS,2020-11-30,,True
CSH0006349,CUS0006349,SEG-AFFL,2025-01-27,,True
CSH0006350,CUS0006350,SEG-MAFF,2021-10-08,,True
CSH0006351,CUS0006351,SEG-MAFF,2026-01-31,,True
CSH0006352,CUS0006352,SEG-AFFL,2018-09-16,,True
CSH0006353,CUS0006353,SEG-SME,2025-08-17,,True
CSH0006354,CUS0006354,SEG-MASS,2021-07-27,,True
CSH0006355,CUS0006355,SEG-CORP,2019-02-04,,True
CSH0006356,CUS0006356,SEG-AFFL,2018-01-23,,True
CSH0006357,CUS0006357,SEG-AFFL,2023-05-22,,True
CSH0006358,CUS0006358,SEG-MAFF,2023-09-16,,True
CSH0006359,CUS0006359,SEG-MAFF,2020-03-05,,True
CSH0006360,CUS0006360,SEG-MASS,2019-01-25,,True
CSH0006361,CUS0006361,SEG-MASS,2024-01-28,,True
CSH0006362,CUS0006362,SEG-CORP,2021-06-20,,True
CSH0006363,CUS0006363,SEG-MAFF,2021-11-03,,True
CSH0006364,CUS0006364,SEG-MASS,2023-07-12,,True
CSH0006365,CUS0006365,SEG-MAFF,2023-07-13,,True
CSH0006366,CUS0006366,SEG-MASS,2019-07-16,,True
CSH0006367,CUS0006367,SEG-MASS,2022-01-19,,True
CSH0006368,CUS0006368,SEG-MASS,2025-05-14,,True
CSH0006369,CUS0006369,SEG-MASS,2025-08-12,,True
CSH0006370,CUS0006370,SEG-AFFL,2019-05-27,,True
CSH0006371,CUS0006371,SEG-MASS,2022-08-06,,True
CSH0006372,CUS0006372,SEG-MAFF,2021-05-24,,True
CSH0006373,CUS0006373,SEG-MASS,2024-03-23,,True
CSH0006374,CUS0006374,SEG-SME,2025-07-12,,True
CSH0006375,CUS0006375,SEG-AFFL,2025-11-21,,True
CSH0006376,CUS0006376,SEG-MASS,2019-08-22,,True
CSH0006377,CUS0006377,SEG-MASS,2023-03-01,,True
CSH0006378,CUS0006378,SEG-AFFL,2018-12-27,,True
CSH0006379,CUS0006379,SEG-MASS,2021-10-05,,True
CSH0006380,CUS0006380,SEG-MASS,2025-02-01,,True
CSH0006381,CUS0006381,SEG-MASS,2025-05-27,,True
CSH0006382,CUS0006382,SEG-MASS,2021-10-13,,True
CSH0006383,CUS0006383,SEG-AFFL,2023-03-29,,True
CSH0006384,CUS0006384,SEG-MASS,2020-05-08,,True
CSH0006385,CUS0006385,SEG-CORP,2018-07-07,,True
CSH0006386,CUS0006386,SEG-MASS,2019-06-21,,True
CSH0006387,CUS0006387,SEG-AFFL,2025-01-12,,True
CSH0006388,CUS0006388,SEG-CORP,2021-02-18,,True
CSH0006389,CUS0006389,SEG-MASS,2026-04-15,,True
CSH0006390,CUS0006390,SEG-MAFF,2022-08-22,,True
CSH0006391,CUS0006391,SEG-MASS,2022-06-10,,True
CSH0006392,CUS0006392,SEG-MASS,2021-08-06,,True
CSH0006393,CUS0006393,SEG-MASS,2019-12-03,,True
CSH0006394,CUS0006394,SEG-MASS,2018-02-27,,True
CSH0006395,CUS0006395,SEG-AFFL,2025-01-17,,True
CSH0006396,CUS0006396,SEG-MASS,2025-10-14,,True
CSH0006397,CUS0006397,SEG-AFFL,2019-04-30,,True
CSH0006398,CUS0006398,SEG-MASS,2025-10-28,,True
CSH0006399,CUS0006399,SEG-CORP,2019-08-20,,True
CSH0006400,CUS0006400,SEG-MAFF,2023-09-21,,True
CSH0006401,CUS0006401,SEG-AFFL,2020-01-13,,True
CSH0006402,CUS0006402,SEG-AFFL,2020-09-18,,True
CSH0006403,CUS0006403,SEG-MAFF,2021-09-28,,True
CSH0006404,CUS0006404,SEG-MAFF,2018-11-27,,True
CSH0006405,CUS0006405,SEG-MAFF,2023-07-18,,True
CSH0006406,CUS0006406,SEG-SME,2019-11-01,,True
CSH0006407,CUS0006407,SEG-CORP,2019-12-10,,True
CSH0006408,CUS0006408,SEG-AFFL,2019-06-07,,True
CSH0006409,CUS0006409,SEG-MAFF,2024-10-07,,True
CSH0006410,CUS0006410,SEG-MAFF,2023-12-09,,True
CSH0006411,CUS0006411,SEG-MAFF,2025-05-30,,True
CSH0006412,CUS0006412,SEG-MAFF,2020-01-27,,True
CSH0006413,CUS0006413,SEG-MAFF,2025-03-12,,True
CSH0006414,CUS0006414,SEG-AFFL,2021-09-13,,True
CSH0006415,CUS0006415,SEG-AFFL,2021-09-21,,True
CSH0006416,CUS0006416,SEG-AFFL,2025-05-26,,True
CSH0006417,CUS0006417,SEG-CORP,2019-09-01,,True
CSH0006418,CUS0006418,SEG-MASS,2021-01-04,,True
CSH0006419,CUS0006419,SEG-MASS,2019-12-09,,True
CSH0006420,CUS0006420,SEG-MASS,2022-03-02,,True
CSH0006421,CUS0006421,SEG-SME,2023-09-23,,True
CSH0006422,CUS0006422,SEG-AFFL,2019-07-06,,True
CSH0006423,CUS0006423,SEG-MASS,2022-09-27,,True
CSH0006424,CUS0006424,SEG-MAFF,2024-05-08,,True
CSH0006425,CUS0006425,SEG-MAFF,2022-04-23,,True
CSH0006426,CUS0006426,SEG-MAFF,2021-12-04,,True
CSH0006427,CUS0006427,SEG-CORP,2019-02-22,,True
CSH0006428,CUS0006428,SEG-AFFL,2024-07-25,,True
CSH0006429,CUS0006429,SEG-SME,2018-05-01,,True
CSH0006430,CUS0006430,SEG-MASS,2018-03-07,,True
CSH0006431,CUS0006431,SEG-MAFF,2018-10-17,,True
CSH0006432,CUS0006432,SEG-MAFF,2018-11-25,,True
CSH0006433,CUS0006433,SEG-MASS,2024-08-19,,True
CSH0006434,CUS0006434,SEG-AFFL,2018-08-12,,True
CSH0006435,CUS0006435,SEG-MAFF,2021-04-06,,True
CSH0006436,CUS0006436,SEG-CORP,2019-06-15,,True
CSH0006437,CUS0006437,SEG-AFFL,2019-08-03,,True
CSH0006438,CUS0006438,SEG-AFFL,2020-05-30,,True
CSH0006439,CUS0006439,SEG-MAFF,2023-01-25,,True
CSH0006440,CUS0006440,SEG-MASS,2020-01-20,,True
CSH0006441,CUS0006441,SEG-MAFF,2023-05-22,,True
CSH0006442,CUS0006442,SEG-PRIV,2025-02-24,,True
CSH0006443,CUS0006443,SEG-MAFF,2020-09-26,,True
CSH0006444,CUS0006444,SEG-MAFF,2022-02-23,,True
CSH0006445,CUS0006445,SEG-AFFL,2018-06-07,,True
CSH0006446,CUS0006446,SEG-AFFL,2018-10-17,,True
CSH0006447,CUS0006447,SEG-MAFF,2023-06-03,,True
CSH0006448,CUS0006448,SEG-SME,2025-05-14,,True
CSH0006449,CUS0006449,SEG-MAFF,2024-08-16,,True
CSH0006450,CUS0006450,SEG-MAFF,2019-06-05,,True
CSH0006451,CUS0006451,SEG-SME,2019-01-02,,True
CSH0006452,CUS0006452,SEG-AFFL,2024-08-15,,True
CSH0006453,CUS0006453,SEG-AFFL,2020-04-22,,True
CSH0006454,CUS0006454,SEG-AFFL,2018-08-24,,True
CSH0006455,CUS0006455,SEG-SME,2019-07-07,,True
CSH0006456,CUS0006456,SEG-MAFF,2020-08-30,,True
CSH0006457,CUS0006457,SEG-MASS,2022-06-20,,True
CSH0006458,CUS0006458,SEG-MAFF,2019-06-20,,True
CSH0006459,CUS0006459,SEG-SME,2026-01-04,,True
CSH0006460,CUS0006460,SEG-PRIV,2020-09-27,,True
CSH0006461,CUS0006461,SEG-MAFF,2019-08-27,,True
CSH0006462,CUS0006462,SEG-AFFL,2022-07-18,,True
CSH0006463,CUS0006463,SEG-MAFF,2025-09-26,,True
CSH0006464,CUS0006464,SEG-AFFL,2023-05-07,,True
CSH0006465,CUS0006465,SEG-AFFL,2019-11-13,,True
CSH0006466,CUS0006466,SEG-AFFL,2024-12-03,,True
CSH0006467,CUS0006467,SEG-AFFL,2020-03-19,,True
CSH0006468,CUS0006468,SEG-AFFL,2023-10-15,,True
CSH0006469,CUS0006469,SEG-AFFL,2019-12-22,,True
CSH0006470,CUS0006470,SEG-MAFF,2018-08-28,,True
CSH0006471,CUS0006471,SEG-AFFL,2022-09-17,,True
CSH0006472,CUS0006472,SEG-PRIV,2025-01-07,,True
CSH0006473,CUS0006473,SEG-AFFL,2022-05-02,,True
CSH0006474,CUS0006474,SEG-MAFF,2020-12-05,,True
CSH0006475,CUS0006475,SEG-MAFF,2023-03-23,,True
CSH0006476,CUS0006476,SEG-MAFF,2020-04-26,,True
CSH0006477,CUS0006477,SEG-MASS,2022-01-10,,True
CSH0006478,CUS0006478,SEG-PRIV,2023-12-31,,True
CSH0006479,CUS0006479,SEG-MASS,2020-05-18,,True
CSH0006480,CUS0006480,SEG-PRIV,2025-12-19,,True
CSH0006481,CUS0006481,SEG-AFFL,2023-12-29,,True
CSH0006482,CUS0006482,SEG-AFFL,2025-12-14,,True
CSH0006483,CUS0006483,SEG-MAFF,2018-01-28,,True
CSH0006484,CUS0006484,SEG-AFFL,2018-11-08,,True
CSH0006485,CUS0006485,SEG-SME,2018-11-03,,True
CSH0006486,CUS0006486,SEG-CORP,2023-12-08,,True
CSH0006487,CUS0006487,SEG-MAFF,2019-11-23,,True
CSH0006488,CUS0006488,SEG-AFFL,2025-10-13,,True
CSH0006489,CUS0006489,SEG-MAFF,2019-07-14,,True
CSH0006490,CUS0006490,SEG-CORP,2022-04-20,,True
CSH0006491,CUS0006491,SEG-SME,2018-11-20,,True
CSH0006492,CUS0006492,SEG-SME,2024-04-10,,True
CSH0006493,CUS0006493,SEG-MASS,2019-08-29,,True
CSH0006494,CUS0006494,SEG-MASS,2022-01-27,,True
CSH0006495,CUS0006495,SEG-MASS,2019-02-13,,True
CSH0006496,CUS0006496,SEG-MASS,2020-09-03,,True
CSH0006497,CUS0006497,SEG-AFFL,2021-01-27,,True
CSH0006498,CUS0006498,SEG-MASS,2020-12-22,,True
CSH0006499,CUS0006499,SEG-PRIV,2019-03-03,,True
CSH0006500,CUS0006500,SEG-MAFF,2019-10-29,,True
CSH0006501,CUS0006501,SEG-SME,2026-01-07,,True
CSH0006502,CUS0006502,SEG-CORP,2023-05-16,,True
CSH0006503,CUS0006503,SEG-AFFL,2025-06-26,,True
CSH0006504,CUS0006504,SEG-MASS,2025-01-17,,True
CSH0006505,CUS0006505,SEG-MASS,2023-11-26,,True
CSH0006506,CUS0006506,SEG-MAFF,2025-01-05,,True
CSH0006507,CUS0006507,SEG-MAFF,2023-02-10,,True
CSH0006508,CUS0006508,SEG-PRIV,2018-09-24,,True
CSH0006509,CUS0006509,SEG-MASS,2020-06-19,,True
CSH0006510,CUS0006510,SEG-AFFL,2025-04-16,,True
CSH0006511,CUS0006511,SEG-MASS,2023-05-07,,True
CSH0006512,CUS0006512,SEG-CORP,2018-05-25,,True
CSH0006513,CUS0006513,SEG-MASS,2022-05-21,,True
CSH0006514,CUS0006514,SEG-MAFF,2018-01-28,,True
CSH0006515,CUS0006515,SEG-PRIV,2024-12-24,,True
CSH0006516,CUS0006516,SEG-MAFF,2019-08-02,,True
CSH0006517,CUS0006517,SEG-MAFF,2018-06-12,,True
CSH0006518,CUS0006518,SEG-CORP,2018-12-15,,True
CSH0006519,CUS0006519,SEG-MAFF,2021-03-13,,True
CSH0006520,CUS0006520,SEG-AFFL,2023-12-15,,True
CSH0006521,CUS0006521,SEG-MASS,2019-06-06,,True
CSH0006522,CUS0006522,SEG-MAFF,2023-06-18,,True
CSH0006523,CUS0006523,SEG-AFFL,2025-08-19,,True
CSH0006524,CUS0006524,SEG-AFFL,2021-06-06,,True
CSH0006525,CUS0006525,SEG-AFFL,2026-04-04,,True
CSH0006526,CUS0006526,SEG-AFFL,2023-11-09,,True
CSH0006527,CUS0006527,SEG-MASS,2025-03-29,,True
CSH0006528,CUS0006528,SEG-AFFL,2018-04-15,,True
CSH0006529,CUS0006529,SEG-MASS,2024-12-06,,True
CSH0006530,CUS0006530,SEG-SME,2023-04-18,,True
CSH0006531,CUS0006531,SEG-PRIV,2023-08-14,,True
CSH0006532,CUS0006532,SEG-MAFF,2025-08-10,,True
CSH0006533,CUS0006533,SEG-MASS,2026-02-05,,True
CSH0006534,CUS0006534,SEG-MASS,2022-02-23,,True
CSH0006535,CUS0006535,SEG-SME,2023-07-05,,True
CSH0006536,CUS0006536,SEG-MAFF,2023-09-29,,True
CSH0006537,CUS0006537,SEG-AFFL,2019-04-26,,True
CSH0006538,CUS0006538,SEG-MAFF,2025-10-09,,True
CSH0006539,CUS0006539,SEG-SME,2020-12-16,,True
CSH0006540,CUS0006540,SEG-MASS,2025-08-11,,True
CSH0006541,CUS0006541,SEG-MASS,2025-03-19,,True
CSH0006542,CUS0006542,SEG-MAFF,2019-01-14,,True
CSH0006543,CUS0006543,SEG-MAFF,2024-08-15,,True
CSH0006544,CUS0006544,SEG-MASS,2025-10-05,,True
CSH0006545,CUS0006545,SEG-AFFL,2019-12-15,,True
CSH0006546,CUS0006546,SEG-CORP,2023-10-18,,True
CSH0006547,CUS0006547,SEG-AFFL,2023-07-25,,True
CSH0006548,CUS0006548,SEG-PRIV,2020-09-25,,True
CSH0006549,CUS0006549,SEG-AFFL,2020-10-03,,True
CSH0006550,CUS0006550,SEG-SME,2022-11-12,,True
CSH0006551,CUS0006551,SEG-CORP,2019-02-28,,True
CSH0006552,CUS0006552,SEG-CORP,2024-11-21,,True
CSH0006553,CUS0006553,SEG-MASS,2020-04-10,,True
CSH0006554,CUS0006554,SEG-MAFF,2021-11-02,,True
CSH0006555,CUS0006555,SEG-AFFL,2019-07-06,,True
CSH0006556,CUS0006556,SEG-MASS,2023-04-20,,True
CSH0006557,CUS0006557,SEG-MASS,2020-07-28,,True
CSH0006558,CUS0006558,SEG-MASS,2023-03-30,,True
CSH0006559,CUS0006559,SEG-MASS,2024-01-25,,True
CSH0006560,CUS0006560,SEG-MAFF,2018-03-15,,True
CSH0006561,CUS0006561,SEG-AFFL,2024-09-09,,True
CSH0006562,CUS0006562,SEG-SME,2025-04-03,,True
CSH0006563,CUS0006563,SEG-MAFF,2024-01-02,,True
CSH0006564,CUS0006564,SEG-CORP,2024-11-03,,True
CSH0006565,CUS0006565,SEG-AFFL,2025-09-21,,True
CSH0006566,CUS0006566,SEG-MAFF,2023-12-28,,True
CSH0006567,CUS0006567,SEG-CORP,2020-03-27,,True
CSH0006568,CUS0006568,SEG-AFFL,2022-07-09,,True
CSH0006569,CUS0006569,SEG-SME,2019-05-05,,True
CSH0006570,CUS0006570,SEG-CORP,2018-09-10,,True
CSH0006571,CUS0006571,SEG-AFFL,2020-10-06,,True
CSH0006572,CUS0006572,SEG-PRIV,2023-12-15,,True
CSH0006573,CUS0006573,SEG-MAFF,2024-11-17,,True
CSH0006574,CUS0006574,SEG-AFFL,2026-04-03,,True
CSH0006575,CUS0006575,SEG-MASS,2026-04-20,,True
CSH0006576,CUS0006576,SEG-AFFL,2023-06-14,,True
CSH0006577,CUS0006577,SEG-AFFL,2024-10-23,,True
CSH0006578,CUS0006578,SEG-MASS,2020-05-19,,True
CSH0006579,CUS0006579,SEG-MASS,2023-04-13,,True
CSH0006580,CUS0006580,SEG-MAFF,2023-10-21,,True
CSH0006581,CUS0006581,SEG-MASS,2025-12-02,,True
CSH0006582,CUS0006582,SEG-AFFL,2018-06-26,,True
CSH0006583,CUS0006583,SEG-MASS,2021-03-27,,True
CSH0006584,CUS0006584,SEG-MASS,2022-07-11,,True
CSH0006585,CUS0006585,SEG-PRIV,2025-08-12,,True
CSH0006586,CUS0006586,SEG-PRIV,2020-03-20,,True
CSH0006587,CUS0006587,SEG-SME,2018-09-11,,True
CSH0006588,CUS0006588,SEG-MAFF,2021-07-05,,True
CSH0006589,CUS0006589,SEG-AFFL,2025-09-19,,True
CSH0006590,CUS0006590,SEG-MAFF,2019-08-12,,True
CSH0006591,CUS0006591,SEG-MAFF,2020-07-03,,True
CSH0006592,CUS0006592,SEG-AFFL,2024-08-24,,True
CSH0006593,CUS0006593,SEG-AFFL,2025-11-05,,True
CSH0006594,CUS0006594,SEG-AFFL,2020-12-23,,True
CSH0006595,CUS0006595,SEG-SME,2021-07-19,,True
CSH0006596,CUS0006596,SEG-SME,2025-02-01,,True
CSH0006597,CUS0006597,SEG-SME,2026-03-06,,True
CSH0006598,CUS0006598,SEG-MAFF,2018-09-02,,True
CSH0006599,CUS0006599,SEG-MASS,2023-04-04,,True
CSH0006600,CUS0006600,SEG-AFFL,2022-01-19,,True
CSH0006601,CUS0006601,SEG-AFFL,2025-03-05,,True
CSH0006602,CUS0006602,SEG-MASS,2019-03-24,,True
CSH0006603,CUS0006603,SEG-AFFL,2024-10-10,,True
CSH0006604,CUS0006604,SEG-AFFL,2022-03-20,,True
CSH0006605,CUS0006605,SEG-MAFF,2018-01-21,,True
CSH0006606,CUS0006606,SEG-MAFF,2021-05-29,,True
CSH0006607,CUS0006607,SEG-AFFL,2023-06-10,,True
CSH0006608,CUS0006608,SEG-CORP,2024-11-04,,True
CSH0006609,CUS0006609,SEG-AFFL,2018-11-14,,True
CSH0006610,CUS0006610,SEG-MASS,2018-03-11,,True
CSH0006611,CUS0006611,SEG-MAFF,2025-05-16,,True
CSH0006612,CUS0006612,SEG-PRIV,2022-12-31,,True
CSH0006613,CUS0006613,SEG-MAFF,2024-07-25,,True
CSH0006614,CUS0006614,SEG-PRIV,2020-01-19,,True
CSH0006615,CUS0006615,SEG-AFFL,2022-10-14,,True
CSH0006616,CUS0006616,SEG-CORP,2022-09-30,,True
CSH0006617,CUS0006617,SEG-AFFL,2020-03-19,,True
CSH0006618,CUS0006618,SEG-SME,2019-03-18,,True
CSH0006619,CUS0006619,SEG-AFFL,2024-04-10,,True
CSH0006620,CUS0006620,SEG-MASS,2024-10-20,,True
CSH0006621,CUS0006621,SEG-PRIV,2023-09-18,,True
CSH0006622,CUS0006622,SEG-AFFL,2025-07-16,,True
CSH0006623,CUS0006623,SEG-MAFF,2019-05-29,,True
CSH0006624,CUS0006624,SEG-MASS,2018-02-25,,True
CSH0006625,CUS0006625,SEG-MASS,2018-04-13,,True
CSH0006626,CUS0006626,SEG-AFFL,2018-04-17,,True
CSH0006627,CUS0006627,SEG-AFFL,2021-05-15,,True
CSH0006628,CUS0006628,SEG-MASS,2018-05-07,,True
CSH0006629,CUS0006629,SEG-AFFL,2019-06-11,,True
CSH0006630,CUS0006630,SEG-MASS,2022-05-01,,True
CSH0006631,CUS0006631,SEG-AFFL,2024-09-28,,True
CSH0006632,CUS0006632,SEG-MASS,2022-12-19,,True
CSH0006633,CUS0006633,SEG-SME,2022-04-07,,True
CSH0006634,CUS0006634,SEG-CORP,2026-03-23,,True
CSH0006635,CUS0006635,SEG-MAFF,2022-09-12,,True
CSH0006636,CUS0006636,SEG-MAFF,2023-11-14,,True
CSH0006637,CUS0006637,SEG-MAFF,2020-11-24,,True
CSH0006638,CUS0006638,SEG-AFFL,2023-02-03,,True
CSH0006639,CUS0006639,SEG-MASS,2018-04-23,,True
CSH0006640,CUS0006640,SEG-AFFL,2019-07-14,,True
CSH0006641,CUS0006641,SEG-MAFF,2020-02-19,,True
CSH0006642,CUS0006642,SEG-MAFF,2018-01-08,,True
CSH0006643,CUS0006643,SEG-MASS,2018-05-14,,True
CSH0006644,CUS0006644,SEG-MAFF,2018-05-15,,True
CSH0006645,CUS0006645,SEG-MAFF,2019-05-06,,True
CSH0006646,CUS0006646,SEG-AFFL,2018-11-26,,True
CSH0006647,CUS0006647,SEG-CORP,2019-08-15,,True
CSH0006648,CUS0006648,SEG-MAFF,2022-01-27,,True
CSH0006649,CUS0006649,SEG-MAFF,2018-08-29,,True
CSH0006650,CUS0006650,SEG-AFFL,2022-08-24,,True
CSH0006651,CUS0006651,SEG-MASS,2023-12-07,,True
CSH0006652,CUS0006652,SEG-AFFL,2023-07-16,,True
CSH0006653,CUS0006653,SEG-SME,2021-06-06,,True
CSH0006654,CUS0006654,SEG-MASS,2025-12-17,,True
CSH0006655,CUS0006655,SEG-AFFL,2020-04-12,,True
CSH0006656,CUS0006656,SEG-AFFL,2023-04-22,,True
CSH0006657,CUS0006657,SEG-MASS,2019-08-25,,True
CSH0006658,CUS0006658,SEG-MAFF,2026-02-03,,True
CSH0006659,CUS0006659,SEG-MAFF,2018-12-29,,True
CSH0006660,CUS0006660,SEG-AFFL,2019-11-06,,True
CSH0006661,CUS0006661,SEG-AFFL,2022-02-19,,True
CSH0006662,CUS0006662,SEG-SME,2023-09-04,,True
CSH0006663,CUS0006663,SEG-AFFL,2025-11-24,,True
CSH0006664,CUS0006664,SEG-MASS,2019-01-26,,True
CSH0006665,CUS0006665,SEG-MASS,2024-02-14,,True
CSH0006666,CUS0006666,SEG-MASS,2019-01-20,,True
CSH0006667,CUS0006667,SEG-AFFL,2020-08-23,,True
CSH0006668,CUS0006668,SEG-PRIV,2024-01-14,,True
CSH0006669,CUS0006669,SEG-MASS,2021-11-24,,True
CSH0006670,CUS0006670,SEG-PRIV,2018-01-31,,True
CSH0006671,CUS0006671,SEG-MASS,2022-04-05,,True
CSH0006672,CUS0006672,SEG-CORP,2020-12-08,,True
CSH0006673,CUS0006673,SEG-SME,2026-04-21,,True
CSH0006674,CUS0006674,SEG-AFFL,2023-05-13,,True
CSH0006675,CUS0006675,SEG-PRIV,2023-04-12,,True
CSH0006676,CUS0006676,SEG-MAFF,2023-05-28,,True
CSH0006677,CUS0006677,SEG-CORP,2024-05-26,,True
CSH0006678,CUS0006678,SEG-AFFL,2019-08-08,,True
CSH0006679,CUS0006679,SEG-AFFL,2023-08-17,,True
CSH0006680,CUS0006680,SEG-MASS,2019-03-17,,True
CSH0006681,CUS0006681,SEG-SME,2020-08-12,,True
CSH0006682,CUS0006682,SEG-MASS,2018-01-07,,True
CSH0006683,CUS0006683,SEG-SME,2018-07-10,,True
CSH0006684,CUS0006684,SEG-CORP,2018-11-30,,True
CSH0006685,CUS0006685,SEG-MAFF,2025-06-19,,True
CSH0006686,CUS0006686,SEG-MASS,2022-07-21,,True
CSH0006687,CUS0006687,SEG-MASS,2019-10-29,,True
CSH0006688,CUS0006688,SEG-MASS,2021-07-24,,True
CSH0006689,CUS0006689,SEG-CORP,2020-11-03,,True
CSH0006690,CUS0006690,SEG-MAFF,2019-08-22,,True
CSH0006691,CUS0006691,SEG-MAFF,2020-10-31,,True
CSH0006692,CUS0006692,SEG-PRIV,2023-09-19,,True
CSH0006693,CUS0006693,SEG-PRIV,2020-12-22,,True
CSH0006694,CUS0006694,SEG-MAFF,2018-11-22,,True
CSH0006695,CUS0006695,SEG-MASS,2020-12-16,,True
CSH0006696,CUS0006696,SEG-MASS,2025-05-23,,True
CSH0006697,CUS0006697,SEG-MAFF,2024-11-19,,True
CSH0006698,CUS0006698,SEG-MAFF,2024-02-22,,True
CSH0006699,CUS0006699,SEG-MASS,2024-09-02,,True
CSH0006700,CUS0006700,SEG-MASS,2018-09-20,,True
CSH0006701,CUS0006701,SEG-MASS,2018-04-06,,True
CSH0006702,CUS0006702,SEG-AFFL,2025-11-12,,True
CSH0006703,CUS0006703,SEG-MASS,2021-02-04,,True
CSH0006704,CUS0006704,SEG-AFFL,2024-02-04,,True
CSH0006705,CUS0006705,SEG-AFFL,2020-02-12,,True
CSH0006706,CUS0006706,SEG-MASS,2023-04-16,,True
CSH0006707,CUS0006707,SEG-MASS,2026-03-07,,True
CSH0006708,CUS0006708,SEG-MAFF,2020-07-14,,True
CSH0006709,CUS0006709,SEG-AFFL,2025-04-26,,True
CSH0006710,CUS0006710,SEG-AFFL,2018-07-30,,True
CSH0006711,CUS0006711,SEG-SME,2024-08-02,,True
CSH0006712,CUS0006712,SEG-MASS,2020-10-22,,True
CSH0006713,CUS0006713,SEG-MASS,2021-03-30,,True
CSH0006714,CUS0006714,SEG-AFFL,2019-04-13,,True
CSH0006715,CUS0006715,SEG-MASS,2022-08-02,,True
CSH0006716,CUS0006716,SEG-PRIV,2023-07-04,,True
CSH0006717,CUS0006717,SEG-MASS,2022-05-15,,True
CSH0006718,CUS0006718,SEG-CORP,2019-03-24,,True
CSH0006719,CUS0006719,SEG-MASS,2024-12-25,,True
CSH0006720,CUS0006720,SEG-CORP,2018-05-20,,True
CSH0006721,CUS0006721,SEG-PRIV,2019-04-19,,True
CSH0006722,CUS0006722,SEG-AFFL,2026-04-14,,True
CSH0006723,CUS0006723,SEG-AFFL,2023-06-19,,True
CSH0006724,CUS0006724,SEG-MAFF,2023-02-21,,True
CSH0006725,CUS0006725,SEG-SME,2020-03-05,,True
CSH0006726,CUS0006726,SEG-PRIV,2022-06-02,,True
CSH0006727,CUS0006727,SEG-AFFL,2026-03-04,,True
CSH0006728,CUS0006728,SEG-MAFF,2022-08-31,,True
CSH0006729,CUS0006729,SEG-AFFL,2026-03-21,,True
CSH0006730,CUS0006730,SEG-AFFL,2021-10-07,,True
CSH0006731,CUS0006731,SEG-AFFL,2022-01-03,,True
CSH0006732,CUS0006732,SEG-AFFL,2025-11-16,,True
CSH0006733,CUS0006733,SEG-AFFL,2026-03-20,,True
CSH0006734,CUS0006734,SEG-MASS,2023-01-17,,True
CSH0006735,CUS0006735,SEG-MASS,2025-06-11,,True
CSH0006736,CUS0006736,SEG-MASS,2018-07-10,,True
CSH0006737,CUS0006737,SEG-AFFL,2021-10-19,,True
CSH0006738,CUS0006738,SEG-AFFL,2021-09-27,,True
CSH0006739,CUS0006739,SEG-AFFL,2025-02-06,,True
CSH0006740,CUS0006740,SEG-SME,2020-10-13,,True
CSH0006741,CUS0006741,SEG-MAFF,2025-01-29,,True
CSH0006742,CUS0006742,SEG-AFFL,2021-11-03,,True
CSH0006743,CUS0006743,SEG-MAFF,2025-07-26,,True
CSH0006744,CUS0006744,SEG-AFFL,2021-05-30,,True
CSH0006745,CUS0006745,SEG-MASS,2022-09-03,,True
CSH0006746,CUS0006746,SEG-AFFL,2025-06-02,,True
CSH0006747,CUS0006747,SEG-MAFF,2018-02-06,,True
CSH0006748,CUS0006748,SEG-AFFL,2021-05-03,,True
CSH0006749,CUS0006749,SEG-AFFL,2022-08-26,,True
CSH0006750,CUS0006750,SEG-CORP,2023-11-24,,True
CSH0006751,CUS0006751,SEG-MASS,2022-07-09,,True
CSH0006752,CUS0006752,SEG-AFFL,2021-05-31,,True
CSH0006753,CUS0006753,SEG-AFFL,2018-08-20,,True
CSH0006754,CUS0006754,SEG-PRIV,2025-08-04,,True
CSH0006755,CUS0006755,SEG-AFFL,2020-10-18,,True
CSH0006756,CUS0006756,SEG-PRIV,2025-11-26,,True
CSH0006757,CUS0006757,SEG-AFFL,2019-11-29,,True
CSH0006758,CUS0006758,SEG-MAFF,2021-09-28,,True
CSH0006759,CUS0006759,SEG-CORP,2026-03-13,,True
CSH0006760,CUS0006760,SEG-PRIV,2020-11-23,,True
CSH0006761,CUS0006761,SEG-PRIV,2023-06-29,,True
CSH0006762,CUS0006762,SEG-MAFF,2026-04-07,,True
CSH0006763,CUS0006763,SEG-AFFL,2023-05-09,,True
CSH0006764,CUS0006764,SEG-MASS,2019-08-17,,True
CSH0006765,CUS0006765,SEG-AFFL,2022-05-23,,True
CSH0006766,CUS0006766,SEG-AFFL,2018-07-14,,True
CSH0006767,CUS0006767,SEG-MASS,2021-02-10,,True
CSH0006768,CUS0006768,SEG-MASS,2026-02-20,,True
CSH0006769,CUS0006769,SEG-AFFL,2023-04-17,,True
CSH0006770,CUS0006770,SEG-MASS,2023-07-29,,True
CSH0006771,CUS0006771,SEG-MAFF,2019-10-25,,True
CSH0006772,CUS0006772,SEG-CORP,2018-07-16,,True
CSH0006773,CUS0006773,SEG-MASS,2024-05-04,,True
CSH0006774,CUS0006774,SEG-PRIV,2021-12-25,,True
CSH0006775,CUS0006775,SEG-SME,2018-03-09,,True
CSH0006776,CUS0006776,SEG-AFFL,2021-07-18,,True
CSH0006777,CUS0006777,SEG-PRIV,2018-03-23,,True
CSH0006778,CUS0006778,SEG-AFFL,2023-08-17,,True
CSH0006779,CUS0006779,SEG-PRIV,2021-02-10,,True
CSH0006780,CUS0006780,SEG-MASS,2024-02-10,,True
CSH0006781,CUS0006781,SEG-AFFL,2023-11-20,,True
CSH0006782,CUS0006782,SEG-AFFL,2024-10-28,,True
CSH0006783,CUS0006783,SEG-PRIV,2023-03-09,,True
CSH0006784,CUS0006784,SEG-PRIV,2020-04-30,,True
CSH0006785,CUS0006785,SEG-MAFF,2019-12-14,,True
CSH0006786,CUS0006786,SEG-MAFF,2018-01-25,,True
CSH0006787,CUS0006787,SEG-MAFF,2023-10-31,,True
CSH0006788,CUS0006788,SEG-MAFF,2023-10-12,,True
CSH0006789,CUS0006789,SEG-MAFF,2022-12-08,,True
CSH0006790,CUS0006790,SEG-SME,2021-03-18,,True
CSH0006791,CUS0006791,SEG-SME,2020-02-25,,True
CSH0006792,CUS0006792,SEG-MAFF,2023-10-24,,True
CSH0006793,CUS0006793,SEG-MAFF,2023-12-25,,True
CSH0006794,CUS0006794,SEG-AFFL,2021-12-02,,True
CSH0006795,CUS0006795,SEG-MAFF,2023-03-21,,True
CSH0006796,CUS0006796,SEG-MASS,2019-11-15,,True
CSH0006797,CUS0006797,SEG-MASS,2022-07-21,,True
CSH0006798,CUS0006798,SEG-MAFF,2019-09-11,,True
CSH0006799,CUS0006799,SEG-MAFF,2020-12-28,,True
CSH0006800,CUS0006800,SEG-AFFL,2019-01-18,,True
CSH0006801,CUS0006801,SEG-AFFL,2026-01-25,,True
CSH0006802,CUS0006802,SEG-AFFL,2020-11-17,,True
CSH0006803,CUS0006803,SEG-AFFL,2018-08-07,,True
CSH0006804,CUS0006804,SEG-MAFF,2018-11-23,,True
CSH0006805,CUS0006805,SEG-AFFL,2023-04-10,,True
CSH0006806,CUS0006806,SEG-MAFF,2022-03-10,,True
CSH0006807,CUS0006807,SEG-AFFL,2020-03-03,,True
CSH0006808,CUS0006808,SEG-AFFL,2020-04-05,,True
CSH0006809,CUS0006809,SEG-MAFF,2020-12-08,,True
CSH0006810,CUS0006810,SEG-MASS,2019-12-11,,True
CSH0006811,CUS0006811,SEG-MAFF,2019-05-07,,True
CSH0006812,CUS0006812,SEG-PRIV,2025-08-28,,True
CSH0006813,CUS0006813,SEG-MAFF,2021-03-01,,True
CSH0006814,CUS0006814,SEG-CORP,2022-09-22,,True
CSH0006815,CUS0006815,SEG-PRIV,2022-04-26,,True
CSH0006816,CUS0006816,SEG-MASS,2020-06-04,,True
CSH0006817,CUS0006817,SEG-MASS,2021-05-31,,True
CSH0006818,CUS0006818,SEG-SME,2019-12-02,,True
CSH0006819,CUS0006819,SEG-MASS,2019-07-20,,True
CSH0006820,CUS0006820,SEG-MASS,2021-12-18,,True
CSH0006821,CUS0006821,SEG-MAFF,2023-10-03,,True
CSH0006822,CUS0006822,SEG-CORP,2024-11-05,,True
CSH0006823,CUS0006823,SEG-AFFL,2022-08-31,,True
CSH0006824,CUS0006824,SEG-AFFL,2021-09-09,,True
CSH0006825,CUS0006825,SEG-MASS,2025-12-04,,True
CSH0006826,CUS0006826,SEG-AFFL,2024-10-01,,True
CSH0006827,CUS0006827,SEG-MASS,2025-04-05,,True
CSH0006828,CUS0006828,SEG-MASS,2026-02-28,,True
CSH0006829,CUS0006829,SEG-MAFF,2025-12-10,,True
CSH0006830,CUS0006830,SEG-MAFF,2022-06-26,,True
CSH0006831,CUS0006831,SEG-MASS,2022-05-25,,True
CSH0006832,CUS0006832,SEG-MASS,2018-03-31,,True
CSH0006833,CUS0006833,SEG-SME,2019-11-04,,True
CSH0006834,CUS0006834,SEG-CORP,2026-03-12,,True
CSH0006835,CUS0006835,SEG-AFFL,2023-10-03,,True
CSH0006836,CUS0006836,SEG-SME,2023-09-10,,True
CSH0006837,CUS0006837,SEG-MAFF,2021-08-19,,True
CSH0006838,CUS0006838,SEG-PRIV,2019-08-22,,True
CSH0006839,CUS0006839,SEG-AFFL,2025-01-03,,True
CSH0006840,CUS0006840,SEG-MASS,2023-04-27,,True
CSH0006841,CUS0006841,SEG-MAFF,2025-08-20,,True
CSH0006842,CUS0006842,SEG-MAFF,2022-06-26,,True
CSH0006843,CUS0006843,SEG-CORP,2024-10-24,,True
CSH0006844,CUS0006844,SEG-MAFF,2024-08-27,,True
CSH0006845,CUS0006845,SEG-MAFF,2024-03-30,,True
CSH0006846,CUS0006846,SEG-SME,2023-04-12,,True
CSH0006847,CUS0006847,SEG-MAFF,2024-03-14,,True
CSH0006848,CUS0006848,SEG-MASS,2024-04-06,,True
CSH0006849,CUS0006849,SEG-MAFF,2018-11-23,,True
CSH0006850,CUS0006850,SEG-CORP,2019-03-23,,True
CSH0006851,CUS0006851,SEG-MASS,2023-03-15,,True
CSH0006852,CUS0006852,SEG-MASS,2025-08-18,,True
CSH0006853,CUS0006853,SEG-MASS,2018-01-24,,True
CSH0006854,CUS0006854,SEG-AFFL,2020-05-16,,True
CSH0006855,CUS0006855,SEG-MAFF,2021-04-06,,True
CSH0006856,CUS0006856,SEG-MAFF,2020-05-25,,True
CSH0006857,CUS0006857,SEG-MAFF,2021-09-19,,True
CSH0006858,CUS0006858,SEG-AFFL,2022-11-09,,True
CSH0006859,CUS0006859,SEG-MAFF,2018-04-08,,True
CSH0006860,CUS0006860,SEG-AFFL,2025-03-31,,True
CSH0006861,CUS0006861,SEG-MAFF,2023-10-24,,True
CSH0006862,CUS0006862,SEG-AFFL,2021-01-19,,True
CSH0006863,CUS0006863,SEG-AFFL,2022-03-05,,True
CSH0006864,CUS0006864,SEG-MAFF,2021-08-05,,True
CSH0006865,CUS0006865,SEG-CORP,2023-09-29,,True
CSH0006866,CUS0006866,SEG-MAFF,2020-11-22,,True
CSH0006867,CUS0006867,SEG-AFFL,2018-01-03,,True
CSH0006868,CUS0006868,SEG-CORP,2018-09-06,,True
CSH0006869,CUS0006869,SEG-AFFL,2025-10-22,,True
CSH0006870,CUS0006870,SEG-PRIV,2022-01-29,,True
CSH0006871,CUS0006871,SEG-MAFF,2021-01-12,,True
CSH0006872,CUS0006872,SEG-SME,2024-09-30,,True
CSH0006873,CUS0006873,SEG-MAFF,2018-08-05,,True
CSH0006874,CUS0006874,SEG-MASS,2018-01-23,,True
CSH0006875,CUS0006875,SEG-SME,2018-10-18,,True
CSH0006876,CUS0006876,SEG-AFFL,2024-02-26,,True
CSH0006877,CUS0006877,SEG-MAFF,2024-02-29,,True
CSH0006878,CUS0006878,SEG-CORP,2018-09-27,,True
CSH0006879,CUS0006879,SEG-MASS,2025-12-09,,True
CSH0006880,CUS0006880,SEG-PRIV,2025-04-27,,True
CSH0006881,CUS0006881,SEG-MAFF,2018-07-19,,True
CSH0006882,CUS0006882,SEG-MAFF,2026-03-31,,True
CSH0006883,CUS0006883,SEG-SME,2023-11-01,,True
CSH0006884,CUS0006884,SEG-MAFF,2026-01-03,,True
CSH0006885,CUS0006885,SEG-AFFL,2019-12-05,,True
CSH0006886,CUS0006886,SEG-MAFF,2021-12-05,,True
CSH0006887,CUS0006887,SEG-CORP,2023-03-26,,True
CSH0006888,CUS0006888,SEG-CORP,2024-08-14,,True
CSH0006889,CUS0006889,SEG-MASS,2025-01-25,,True
CSH0006890,CUS0006890,SEG-SME,2025-05-07,,True
CSH0006891,CUS0006891,SEG-AFFL,2021-07-10,,True
CSH0006892,CUS0006892,SEG-CORP,2023-11-11,,True
CSH0006893,CUS0006893,SEG-MAFF,2023-07-31,,True
CSH0006894,CUS0006894,SEG-MAFF,2025-01-20,,True
CSH0006895,CUS0006895,SEG-MASS,2019-10-30,,True
CSH0006896,CUS0006896,SEG-MASS,2018-11-12,,True
CSH0006897,CUS0006897,SEG-AFFL,2024-10-14,,True
CSH0006898,CUS0006898,SEG-MAFF,2025-10-09,,True
CSH0006899,CUS0006899,SEG-MASS,2019-07-01,,True
CSH0006900,CUS0006900,SEG-MAFF,2025-07-23,,True
CSH0006901,CUS0006901,SEG-SME,2020-02-02,,True
CSH0006902,CUS0006902,SEG-MASS,2018-08-08,,True
CSH0006903,CUS0006903,SEG-MASS,2022-09-17,,True
CSH0006904,CUS0006904,SEG-CORP,2023-06-02,,True
CSH0006905,CUS0006905,SEG-MAFF,2018-12-04,,True
CSH0006906,CUS0006906,SEG-MASS,2018-11-12,,True
CSH0006907,CUS0006907,SEG-MASS,2020-07-16,,True
CSH0006908,CUS0006908,SEG-MAFF,2023-09-05,,True
CSH0006909,CUS0006909,SEG-SME,2023-01-16,,True
CSH0006910,CUS0006910,SEG-MAFF,2020-01-22,,True
CSH0006911,CUS0006911,SEG-MAFF,2020-07-22,,True
CSH0006912,CUS0006912,SEG-MASS,2021-12-13,,True
CSH0006913,CUS0006913,SEG-MASS,2024-11-10,,True
CSH0006914,CUS0006914,SEG-MAFF,2025-07-15,,True
CSH0006915,CUS0006915,SEG-AFFL,2022-05-06,,True
CSH0006916,CUS0006916,SEG-MAFF,2018-02-21,,True
CSH0006917,CUS0006917,SEG-AFFL,2022-04-29,,True
CSH0006918,CUS0006918,SEG-MASS,2023-03-02,,True
CSH0006919,CUS0006919,SEG-PRIV,2023-02-08,,True
CSH0006920,CUS0006920,SEG-MASS,2025-03-27,,True
CSH0006921,CUS0006921,SEG-MAFF,2023-09-27,,True
CSH0006922,CUS0006922,SEG-AFFL,2024-02-13,,True
CSH0006923,CUS0006923,SEG-PRIV,2023-06-26,,True
CSH0006924,CUS0006924,SEG-MAFF,2022-11-25,,True
CSH0006925,CUS0006925,SEG-AFFL,2021-04-20,,True
CSH0006926,CUS0006926,SEG-MASS,2025-11-09,,True
CSH0006927,CUS0006927,SEG-MASS,2024-01-24,,True
CSH0006928,CUS0006928,SEG-SME,2024-12-07,,True
CSH0006929,CUS0006929,SEG-MASS,2018-01-23,,True
CSH0006930,CUS0006930,SEG-AFFL,2024-02-19,,True
CSH0006931,CUS0006931,SEG-AFFL,2019-08-30,,True
CSH0006932,CUS0006932,SEG-MAFF,2021-01-31,,True
CSH0006933,CUS0006933,SEG-MAFF,2019-03-17,,True
CSH0006934,CUS0006934,SEG-MASS,2024-10-19,,True
CSH0006935,CUS0006935,SEG-MASS,2020-08-26,,True
CSH0006936,CUS0006936,SEG-AFFL,2018-05-26,,True
CSH0006937,CUS0006937,SEG-AFFL,2023-08-27,,True
CSH0006938,CUS0006938,SEG-MASS,2018-11-21,,True
CSH0006939,CUS0006939,SEG-AFFL,2018-10-17,,True
CSH0006940,CUS0006940,SEG-MAFF,2025-04-09,,True
CSH0006941,CUS0006941,SEG-AFFL,2021-08-18,,True
CSH0006942,CUS0006942,SEG-MASS,2025-09-10,,True
CSH0006943,CUS0006943,SEG-SME,2022-03-13,,True
CSH0006944,CUS0006944,SEG-SME,2021-02-16,,True
CSH0006945,CUS0006945,SEG-MAFF,2018-11-11,,True
CSH0006946,CUS0006946,SEG-AFFL,2022-07-23,,True
CSH0006947,CUS0006947,SEG-MAFF,2020-09-10,,True
CSH0006948,CUS0006948,SEG-MASS,2021-07-03,,True
CSH0006949,CUS0006949,SEG-MAFF,2020-10-05,,True
CSH0006950,CUS0006950,SEG-AFFL,2021-07-16,,True
CSH0006951,CUS0006951,SEG-MASS,2021-08-15,,True
CSH0006952,CUS0006952,SEG-MAFF,2025-02-06,,True
CSH0006953,CUS0006953,SEG-CORP,2021-08-30,,True
CSH0006954,CUS0006954,SEG-AFFL,2020-09-30,,True
CSH0006955,CUS0006955,SEG-SME,2022-05-12,,True
CSH0006956,CUS0006956,SEG-AFFL,2021-02-18,,True
CSH0006957,CUS0006957,SEG-AFFL,2019-05-05,,True
CSH0006958,CUS0006958,SEG-CORP,2022-06-04,,True
CSH0006959,CUS0006959,SEG-AFFL,2020-04-10,,True
CSH0006960,CUS0006960,SEG-CORP,2022-07-08,,True
CSH0006961,CUS0006961,SEG-MAFF,2019-10-24,,True
CSH0006962,CUS0006962,SEG-MASS,2026-01-04,,True
CSH0006963,CUS0006963,SEG-AFFL,2026-03-12,,True
CSH0006964,CUS0006964,SEG-MASS,2025-02-13,,True
CSH0006965,CUS0006965,SEG-MASS,2024-11-03,,True
CSH0006966,CUS0006966,SEG-MASS,2021-06-13,,True
CSH0006967,CUS0006967,SEG-MAFF,2018-01-01,,True
CSH0006968,CUS0006968,SEG-AFFL,2023-09-01,,True
CSH0006969,CUS0006969,SEG-AFFL,2025-01-09,,True
CSH0006970,CUS0006970,SEG-AFFL,2019-04-24,,True
CSH0006971,CUS0006971,SEG-CORP,2025-12-21,,True
CSH0006972,CUS0006972,SEG-SME,2024-05-01,,True
CSH0006973,CUS0006973,SEG-AFFL,2020-03-10,,True
CSH0006974,CUS0006974,SEG-MAFF,2020-05-28,,True
CSH0006975,CUS0006975,SEG-PRIV,2023-05-11,,True
CSH0006976,CUS0006976,SEG-AFFL,2022-11-21,,True
CSH0006977,CUS0006977,SEG-AFFL,2019-05-28,,True
CSH0006978,CUS0006978,SEG-PRIV,2018-03-25,,True
CSH0006979,CUS0006979,SEG-SME,2024-05-01,,True
CSH0006980,CUS0006980,SEG-MAFF,2021-02-11,,True
CSH0006981,CUS0006981,SEG-SME,2019-05-09,,True
CSH0006982,CUS0006982,SEG-AFFL,2022-01-12,,True
CSH0006983,CUS0006983,SEG-MAFF,2023-07-07,,True
CSH0006984,CUS0006984,SEG-AFFL,2018-08-23,,True
CSH0006985,CUS0006985,SEG-MASS,2019-04-06,,True
CSH0006986,CUS0006986,SEG-AFFL,2024-06-29,,True
CSH0006987,CUS0006987,SEG-MASS,2025-01-31,,True
CSH0006988,CUS0006988,SEG-MASS,2022-03-23,,True
CSH0006989,CUS0006989,SEG-AFFL,2018-06-28,,True
CSH0006990,CUS0006990,SEG-AFFL,2022-02-24,,True
CSH0006991,CUS0006991,SEG-AFFL,2018-10-01,,True
CSH0006992,CUS0006992,SEG-MAFF,2018-02-26,,True
CSH0006993,CUS0006993,SEG-MAFF,2021-04-12,,True
CSH0006994,CUS0006994,SEG-PRIV,2018-01-28,,True
CSH0006995,CUS0006995,SEG-PRIV,2022-10-31,,True
CSH0006996,CUS0006996,SEG-AFFL,2019-05-30,,True
CSH0006997,CUS0006997,SEG-AFFL,2026-04-03,,True
CSH0006998,CUS0006998,SEG-SME,2021-06-22,,True
CSH0006999,CUS0006999,SEG-MASS,2018-04-07,,True
CSH0007000,CUS0007000,SEG-MASS,2020-11-26,,True
CSH0007001,CUS0007001,SEG-MASS,2024-08-21,,True
CSH0007002,CUS0007002,SEG-AFFL,2024-12-11,,True
CSH0007003,CUS0007003,SEG-SME,2022-11-21,,True
CSH0007004,CUS0007004,SEG-MAFF,2021-12-07,,True
CSH0007005,CUS0007005,SEG-CORP,2024-03-27,,True
CSH0007006,CUS0007006,SEG-MAFF,2019-10-07,,True
CSH0007007,CUS0007007,SEG-MAFF,2023-08-14,,True
CSH0007008,CUS0007008,SEG-AFFL,2018-08-08,,True
CSH0007009,CUS0007009,SEG-AFFL,2020-11-29,,True
CSH0007010,CUS0007010,SEG-AFFL,2023-07-06,,True
CSH0007011,CUS0007011,SEG-MAFF,2025-12-02,,True
CSH0007012,CUS0007012,SEG-MAFF,2019-06-26,,True
CSH0007013,CUS0007013,SEG-MASS,2021-11-06,,True
CSH0007014,CUS0007014,SEG-MASS,2025-08-05,,True
CSH0007015,CUS0007015,SEG-MAFF,2023-12-27,,True
CSH0007016,CUS0007016,SEG-SME,2022-06-03,,True
CSH0007017,CUS0007017,SEG-MASS,2023-04-23,,True
CSH0007018,CUS0007018,SEG-MAFF,2026-01-06,,True
CSH0007019,CUS0007019,SEG-MAFF,2019-07-15,,True
CSH0007020,CUS0007020,SEG-MASS,2022-04-23,,True
CSH0007021,CUS0007021,SEG-MASS,2022-09-19,,True
CSH0007022,CUS0007022,SEG-MAFF,2024-03-05,,True
CSH0007023,CUS0007023,SEG-MASS,2019-11-22,,True
CSH0007024,CUS0007024,SEG-CORP,2023-10-02,,True
CSH0007025,CUS0007025,SEG-AFFL,2020-10-10,,True
CSH0007026,CUS0007026,SEG-MASS,2023-01-15,,True
CSH0007027,CUS0007027,SEG-MAFF,2020-02-12,,True
CSH0007028,CUS0007028,SEG-AFFL,2021-01-08,,True
CSH0007029,CUS0007029,SEG-CORP,2026-01-11,,True
CSH0007030,CUS0007030,SEG-MASS,2018-12-08,,True
CSH0007031,CUS0007031,SEG-AFFL,2021-02-15,,True
CSH0007032,CUS0007032,SEG-PRIV,2025-04-25,,True
CSH0007033,CUS0007033,SEG-MAFF,2024-12-18,,True
CSH0007034,CUS0007034,SEG-AFFL,2020-02-02,,True
CSH0007035,CUS0007035,SEG-MASS,2020-03-27,,True
CSH0007036,CUS0007036,SEG-AFFL,2022-05-18,,True
CSH0007037,CUS0007037,SEG-PRIV,2019-01-11,,True
CSH0007038,CUS0007038,SEG-MAFF,2020-07-13,,True
CSH0007039,CUS0007039,SEG-AFFL,2021-02-01,,True
CSH0007040,CUS0007040,SEG-AFFL,2025-09-25,,True
CSH0007041,CUS0007041,SEG-CORP,2024-09-06,,True
CSH0007042,CUS0007042,SEG-AFFL,2023-09-28,,True
CSH0007043,CUS0007043,SEG-MASS,2018-09-11,,True
CSH0007044,CUS0007044,SEG-MAFF,2025-02-05,,True
CSH0007045,CUS0007045,SEG-SME,2019-03-11,,True
CSH0007046,CUS0007046,SEG-CORP,2025-08-04,,True
CSH0007047,CUS0007047,SEG-AFFL,2021-05-26,,True
CSH0007048,CUS0007048,SEG-AFFL,2019-07-15,,True
CSH0007049,CUS0007049,SEG-MAFF,2023-01-26,,True
CSH0007050,CUS0007050,SEG-MAFF,2021-10-06,,True
CSH0007051,CUS0007051,SEG-CORP,2022-11-20,,True
CSH0007052,CUS0007052,SEG-PRIV,2019-10-03,,True
CSH0007053,CUS0007053,SEG-PRIV,2023-07-25,,True
CSH0007054,CUS0007054,SEG-MAFF,2023-01-15,,True
CSH0007055,CUS0007055,SEG-MASS,2023-10-23,,True
CSH0007056,CUS0007056,SEG-MASS,2018-08-01,,True
CSH0007057,CUS0007057,SEG-MASS,2023-08-23,,True
CSH0007058,CUS0007058,SEG-AFFL,2022-01-14,,True
CSH0007059,CUS0007059,SEG-MAFF,2020-06-28,,True
CSH0007060,CUS0007060,SEG-AFFL,2024-11-29,,True
CSH0007061,CUS0007061,SEG-PRIV,2026-04-22,,True
CSH0007062,CUS0007062,SEG-MASS,2023-10-31,,True
CSH0007063,CUS0007063,SEG-MAFF,2025-03-23,,True
CSH0007064,CUS0007064,SEG-MASS,2025-07-16,,True
CSH0007065,CUS0007065,SEG-MAFF,2021-08-01,,True
CSH0007066,CUS0007066,SEG-CORP,2020-12-22,,True
CSH0007067,CUS0007067,SEG-MAFF,2022-10-07,,True
CSH0007068,CUS0007068,SEG-MAFF,2026-02-10,,True
CSH0007069,CUS0007069,SEG-SME,2024-11-30,,True
CSH0007070,CUS0007070,SEG-MAFF,2023-11-23,,True
CSH0007071,CUS0007071,SEG-CORP,2021-08-26,,True
CSH0007072,CUS0007072,SEG-MAFF,2022-01-15,,True
CSH0007073,CUS0007073,SEG-CORP,2020-02-09,,True
CSH0007074,CUS0007074,SEG-PRIV,2020-11-05,,True
CSH0007075,CUS0007075,SEG-MASS,2024-08-03,,True
CSH0007076,CUS0007076,SEG-CORP,2026-03-17,,True
CSH0007077,CUS0007077,SEG-PRIV,2019-02-23,,True
CSH0007078,CUS0007078,SEG-CORP,2020-11-27,,True
CSH0007079,CUS0007079,SEG-MAFF,2024-10-16,,True
CSH0007080,CUS0007080,SEG-SME,2021-04-06,,True
CSH0007081,CUS0007081,SEG-SME,2025-12-22,,True
CSH0007082,CUS0007082,SEG-MAFF,2019-07-22,,True
CSH0007083,CUS0007083,SEG-SME,2018-08-31,,True
CSH0007084,CUS0007084,SEG-AFFL,2018-04-05,,True
CSH0007085,CUS0007085,SEG-MASS,2023-02-14,,True
CSH0007086,CUS0007086,SEG-MASS,2021-07-25,,True
CSH0007087,CUS0007087,SEG-AFFL,2022-02-16,,True
CSH0007088,CUS0007088,SEG-AFFL,2020-02-26,,True
CSH0007089,CUS0007089,SEG-AFFL,2023-08-10,,True
CSH0007090,CUS0007090,SEG-MASS,2023-04-13,,True
CSH0007091,CUS0007091,SEG-MAFF,2021-10-11,,True
CSH0007092,CUS0007092,SEG-AFFL,2026-03-05,,True
CSH0007093,CUS0007093,SEG-SME,2025-08-26,,True
CSH0007094,CUS0007094,SEG-MAFF,2023-03-03,,True
CSH0007095,CUS0007095,SEG-MAFF,2024-12-14,,True
CSH0007096,CUS0007096,SEG-CORP,2021-11-16,,True
CSH0007097,CUS0007097,SEG-MAFF,2021-12-27,,True
CSH0007098,CUS0007098,SEG-CORP,2019-11-29,,True
CSH0007099,CUS0007099,SEG-AFFL,2022-05-27,,True
CSH0007100,CUS0007100,SEG-PRIV,2024-03-23,,True
CSH0007101,CUS0007101,SEG-AFFL,2020-02-20,,True
CSH0007102,CUS0007102,SEG-MAFF,2024-10-09,,True
CSH0007103,CUS0007103,SEG-AFFL,2025-04-13,,True
CSH0007104,CUS0007104,SEG-MAFF,2024-08-18,,True
CSH0007105,CUS0007105,SEG-SME,2025-05-20,,True
CSH0007106,CUS0007106,SEG-MASS,2020-03-23,,True
CSH0007107,CUS0007107,SEG-MASS,2022-11-02,,True
CSH0007108,CUS0007108,SEG-MASS,2020-11-02,,True
CSH0007109,CUS0007109,SEG-MASS,2023-07-23,,True
CSH0007110,CUS0007110,SEG-MAFF,2023-09-29,,True
CSH0007111,CUS0007111,SEG-PRIV,2023-12-21,,True
CSH0007112,CUS0007112,SEG-AFFL,2020-09-24,,True
CSH0007113,CUS0007113,SEG-AFFL,2022-03-20,,True
CSH0007114,CUS0007114,SEG-AFFL,2019-12-30,,True
CSH0007115,CUS0007115,SEG-MASS,2025-02-04,,True
CSH0007116,CUS0007116,SEG-CORP,2024-11-14,,True
CSH0007117,CUS0007117,SEG-MAFF,2018-06-07,,True
CSH0007118,CUS0007118,SEG-AFFL,2019-04-15,,True
CSH0007119,CUS0007119,SEG-CORP,2022-11-17,,True
CSH0007120,CUS0007120,SEG-AFFL,2023-03-02,,True
CSH0007121,CUS0007121,SEG-MAFF,2025-06-04,,True
CSH0007122,CUS0007122,SEG-AFFL,2023-08-13,,True
CSH0007123,CUS0007123,SEG-MAFF,2023-04-07,,True
CSH0007124,CUS0007124,SEG-PRIV,2019-03-14,,True
CSH0007125,CUS0007125,SEG-CORP,2018-12-14,,True
CSH0007126,CUS0007126,SEG-AFFL,2022-07-31,,True
CSH0007127,CUS0007127,SEG-AFFL,2024-01-14,,True
CSH0007128,CUS0007128,SEG-AFFL,2022-03-03,,True
CSH0007129,CUS0007129,SEG-SME,2025-01-14,,True
CSH0007130,CUS0007130,SEG-MASS,2021-12-11,,True
CSH0007131,CUS0007131,SEG-MASS,2026-03-30,,True
CSH0007132,CUS0007132,SEG-AFFL,2022-02-08,,True
CSH0007133,CUS0007133,SEG-MAFF,2026-03-18,,True
CSH0007134,CUS0007134,SEG-MASS,2021-04-26,,True
CSH0007135,CUS0007135,SEG-CORP,2026-03-26,,True
CSH0007136,CUS0007136,SEG-CORP,2025-11-11,,True
CSH0007137,CUS0007137,SEG-MAFF,2018-01-31,,True
CSH0007138,CUS0007138,SEG-MASS,2020-09-16,,True
CSH0007139,CUS0007139,SEG-AFFL,2020-03-03,,True
CSH0007140,CUS0007140,SEG-MAFF,2018-08-05,,True
CSH0007141,CUS0007141,SEG-MASS,2019-01-04,,True
CSH0007142,CUS0007142,SEG-MASS,2021-02-27,,True
CSH0007143,CUS0007143,SEG-AFFL,2026-03-11,,True
CSH0007144,CUS0007144,SEG-AFFL,2018-07-31,,True
CSH0007145,CUS0007145,SEG-AFFL,2023-12-12,,True
CSH0007146,CUS0007146,SEG-AFFL,2023-12-21,,True
CSH0007147,CUS0007147,SEG-MAFF,2019-07-18,,True
CSH0007148,CUS0007148,SEG-MAFF,2019-02-06,,True
CSH0007149,CUS0007149,SEG-MAFF,2020-05-16,,True
CSH0007150,CUS0007150,SEG-AFFL,2025-11-04,,True
CSH0007151,CUS0007151,SEG-AFFL,2021-03-31,,True
CSH0007152,CUS0007152,SEG-AFFL,2025-07-30,,True
CSH0007153,CUS0007153,SEG-MAFF,2025-04-08,,True
CSH0007154,CUS0007154,SEG-SME,2025-11-13,,True
CSH0007155,CUS0007155,SEG-MAFF,2020-08-03,,True
CSH0007156,CUS0007156,SEG-MAFF,2024-01-21,,True
CSH0007157,CUS0007157,SEG-PRIV,2018-05-18,,True
CSH0007158,CUS0007158,SEG-AFFL,2024-03-13,,True
CSH0007159,CUS0007159,SEG-SME,2018-09-20,,True
CSH0007160,CUS0007160,SEG-MASS,2021-02-18,,True
CSH0007161,CUS0007161,SEG-MASS,2024-01-09,,True
CSH0007162,CUS0007162,SEG-AFFL,2021-04-23,,True
CSH0007163,CUS0007163,SEG-MASS,2018-07-22,,True
CSH0007164,CUS0007164,SEG-AFFL,2025-02-11,,True
CSH0007165,CUS0007165,SEG-AFFL,2025-11-01,,True
CSH0007166,CUS0007166,SEG-MAFF,2018-08-27,,True
CSH0007167,CUS0007167,SEG-AFFL,2021-06-19,,True
CSH0007168,CUS0007168,SEG-CORP,2022-03-30,,True
CSH0007169,CUS0007169,SEG-MAFF,2022-09-04,,True
CSH0007170,CUS0007170,SEG-MAFF,2018-07-27,,True
CSH0007171,CUS0007171,SEG-MASS,2021-05-22,,True
CSH0007172,CUS0007172,SEG-MASS,2018-01-05,,True
CSH0007173,CUS0007173,SEG-MAFF,2024-12-09,,True
CSH0007174,CUS0007174,SEG-PRIV,2018-11-08,,True
CSH0007175,CUS0007175,SEG-MAFF,2021-09-14,,True
CSH0007176,CUS0007176,SEG-MAFF,2022-12-14,,True
CSH0007177,CUS0007177,SEG-MASS,2020-10-25,,True
CSH0007178,CUS0007178,SEG-MAFF,2026-03-10,,True
CSH0007179,CUS0007179,SEG-MASS,2018-04-22,,True
CSH0007180,CUS0007180,SEG-AFFL,2024-09-05,,True
CSH0007181,CUS0007181,SEG-AFFL,2026-03-26,,True
CSH0007182,CUS0007182,SEG-PRIV,2019-02-24,,True
CSH0007183,CUS0007183,SEG-MASS,2025-04-02,,True
CSH0007184,CUS0007184,SEG-SME,2022-09-20,,True
CSH0007185,CUS0007185,SEG-MAFF,2020-03-15,,True
CSH0007186,CUS0007186,SEG-AFFL,2018-09-10,,True
CSH0007187,CUS0007187,SEG-MAFF,2019-03-13,,True
CSH0007188,CUS0007188,SEG-CORP,2018-11-23,,True
CSH0007189,CUS0007189,SEG-MAFF,2025-08-28,,True
CSH0007190,CUS0007190,SEG-SME,2025-09-07,,True
CSH0007191,CUS0007191,SEG-MASS,2024-07-16,,True
CSH0007192,CUS0007192,SEG-PRIV,2019-09-30,,True
CSH0007193,CUS0007193,SEG-AFFL,2020-01-10,,True
CSH0007194,CUS0007194,SEG-MAFF,2025-10-08,,True
CSH0007195,CUS0007195,SEG-PRIV,2019-12-15,,True
CSH0007196,CUS0007196,SEG-SME,2020-04-25,,True
CSH0007197,CUS0007197,SEG-MAFF,2019-02-16,,True
CSH0007198,CUS0007198,SEG-AFFL,2022-08-14,,True
CSH0007199,CUS0007199,SEG-MAFF,2020-10-08,,True
CSH0007200,CUS0007200,SEG-MAFF,2024-09-16,,True
CSH0007201,CUS0007201,SEG-MASS,2020-09-14,,True
CSH0007202,CUS0007202,SEG-MAFF,2025-10-07,,True
CSH0007203,CUS0007203,SEG-MASS,2023-09-10,,True
CSH0007204,CUS0007204,SEG-MAFF,2026-04-11,,True
CSH0007205,CUS0007205,SEG-AFFL,2026-03-03,,True
CSH0007206,CUS0007206,SEG-MAFF,2024-06-24,,True
CSH0007207,CUS0007207,SEG-PRIV,2024-11-07,,True
CSH0007208,CUS0007208,SEG-MASS,2023-09-16,,True
CSH0007209,CUS0007209,SEG-SME,2021-01-17,,True
CSH0007210,CUS0007210,SEG-MAFF,2024-03-24,,True
CSH0007211,CUS0007211,SEG-SME,2018-08-31,,True
CSH0007212,CUS0007212,SEG-SME,2024-09-16,,True
CSH0007213,CUS0007213,SEG-AFFL,2023-04-01,,True
CSH0007214,CUS0007214,SEG-MAFF,2021-06-12,,True
CSH0007215,CUS0007215,SEG-MAFF,2025-02-22,,True
CSH0007216,CUS0007216,SEG-SME,2025-12-23,,True
CSH0007217,CUS0007217,SEG-AFFL,2026-01-09,,True
CSH0007218,CUS0007218,SEG-AFFL,2020-09-02,,True
CSH0007219,CUS0007219,SEG-PRIV,2019-12-02,,True
CSH0007220,CUS0007220,SEG-MAFF,2020-05-07,,True
CSH0007221,CUS0007221,SEG-MAFF,2024-11-20,,True
CSH0007222,CUS0007222,SEG-AFFL,2019-11-07,,True
CSH0007223,CUS0007223,SEG-MASS,2020-09-12,,True
CSH0007224,CUS0007224,SEG-MASS,2025-05-11,,True
CSH0007225,CUS0007225,SEG-PRIV,2019-06-13,,True
CSH0007226,CUS0007226,SEG-AFFL,2021-01-26,,True
CSH0007227,CUS0007227,SEG-MASS,2024-07-19,,True
CSH0007228,CUS0007228,SEG-MASS,2019-07-28,,True
CSH0007229,CUS0007229,SEG-MAFF,2023-07-12,,True
CSH0007230,CUS0007230,SEG-MASS,2020-03-30,,True
CSH0007231,CUS0007231,SEG-CORP,2024-05-06,,True
CSH0007232,CUS0007232,SEG-AFFL,2023-11-21,,True
CSH0007233,CUS0007233,SEG-MAFF,2022-02-01,,True
CSH0007234,CUS0007234,SEG-MASS,2020-12-29,,True
CSH0007235,CUS0007235,SEG-AFFL,2021-08-24,,True
CSH0007236,CUS0007236,SEG-AFFL,2020-07-30,,True
CSH0007237,CUS0007237,SEG-MASS,2024-01-13,,True
CSH0007238,CUS0007238,SEG-MASS,2021-05-09,,True
CSH0007239,CUS0007239,SEG-MASS,2024-05-28,,True
CSH0007240,CUS0007240,SEG-MAFF,2018-07-14,,True
CSH0007241,CUS0007241,SEG-AFFL,2024-02-16,,True
CSH0007242,CUS0007242,SEG-SME,2022-08-28,,True
CSH0007243,CUS0007243,SEG-MASS,2021-04-05,,True
CSH0007244,CUS0007244,SEG-AFFL,2025-06-05,,True
CSH0007245,CUS0007245,SEG-AFFL,2023-06-04,,True
CSH0007246,CUS0007246,SEG-MAFF,2023-12-29,,True
CSH0007247,CUS0007247,SEG-MAFF,2022-03-31,,True
CSH0007248,CUS0007248,SEG-MASS,2024-06-24,,True
CSH0007249,CUS0007249,SEG-CORP,2026-02-25,,True
CSH0007250,CUS0007250,SEG-MAFF,2024-06-07,,True
CSH0007251,CUS0007251,SEG-CORP,2021-09-10,,True
CSH0007252,CUS0007252,SEG-PRIV,2023-03-26,,True
CSH0007253,CUS0007253,SEG-MASS,2025-08-30,,True
CSH0007254,CUS0007254,SEG-MAFF,2024-07-12,,True
CSH0007255,CUS0007255,SEG-SME,2022-09-02,,True
CSH0007256,CUS0007256,SEG-SME,2024-06-10,,True
CSH0007257,CUS0007257,SEG-MASS,2022-08-09,,True
CSH0007258,CUS0007258,SEG-AFFL,2019-01-28,,True
CSH0007259,CUS0007259,SEG-AFFL,2022-07-26,,True
CSH0007260,CUS0007260,SEG-MAFF,2022-08-15,,True
CSH0007261,CUS0007261,SEG-CORP,2018-11-12,,True
CSH0007262,CUS0007262,SEG-PRIV,2023-09-21,,True
CSH0007263,CUS0007263,SEG-MASS,2020-11-07,,True
CSH0007264,CUS0007264,SEG-CORP,2021-07-03,,True
CSH0007265,CUS0007265,SEG-AFFL,2020-05-19,,True
CSH0007266,CUS0007266,SEG-SME,2022-10-05,,True
CSH0007267,CUS0007267,SEG-SME,2022-11-26,,True
CSH0007268,CUS0007268,SEG-MAFF,2019-08-05,,True
CSH0007269,CUS0007269,SEG-MASS,2024-10-28,,True
CSH0007270,CUS0007270,SEG-MAFF,2022-11-30,,True
CSH0007271,CUS0007271,SEG-AFFL,2019-11-24,,True
CSH0007272,CUS0007272,SEG-SME,2021-02-12,,True
CSH0007273,CUS0007273,SEG-SME,2025-04-08,,True
CSH0007274,CUS0007274,SEG-MAFF,2020-07-28,,True
CSH0007275,CUS0007275,SEG-AFFL,2022-01-05,,True
CSH0007276,CUS0007276,SEG-MASS,2023-02-03,,True
CSH0007277,CUS0007277,SEG-PRIV,2018-11-06,,True
CSH0007278,CUS0007278,SEG-MAFF,2025-06-12,,True
CSH0007279,CUS0007279,SEG-AFFL,2021-04-27,,True
CSH0007280,CUS0007280,SEG-CORP,2018-03-12,,True
CSH0007281,CUS0007281,SEG-AFFL,2025-10-10,,True
CSH0007282,CUS0007282,SEG-CORP,2021-03-26,,True
CSH0007283,CUS0007283,SEG-AFFL,2025-04-23,,True
CSH0007284,CUS0007284,SEG-MASS,2018-02-15,,True
CSH0007285,CUS0007285,SEG-PRIV,2019-03-31,,True
CSH0007286,CUS0007286,SEG-MAFF,2020-01-27,,True
CSH0007287,CUS0007287,SEG-AFFL,2023-07-30,,True
CSH0007288,CUS0007288,SEG-MASS,2018-11-16,,True
CSH0007289,CUS0007289,SEG-MAFF,2026-02-08,,True
CSH0007290,CUS0007290,SEG-CORP,2023-12-06,,True
CSH0007291,CUS0007291,SEG-MAFF,2020-08-05,,True
CSH0007292,CUS0007292,SEG-MASS,2018-07-25,,True
CSH0007293,CUS0007293,SEG-MASS,2020-06-30,,True
CSH0007294,CUS0007294,SEG-MAFF,2021-03-14,,True
CSH0007295,CUS0007295,SEG-AFFL,2025-10-26,,True
CSH0007296,CUS0007296,SEG-PRIV,2025-08-25,,True
CSH0007297,CUS0007297,SEG-MAFF,2022-07-18,,True
CSH0007298,CUS0007298,SEG-MASS,2025-11-17,,True
CSH0007299,CUS0007299,SEG-MAFF,2019-06-26,,True
CSH0007300,CUS0007300,SEG-CORP,2018-05-07,,True
CSH0007301,CUS0007301,SEG-AFFL,2021-04-12,,True
CSH0007302,CUS0007302,SEG-MASS,2025-06-29,,True
CSH0007303,CUS0007303,SEG-SME,2024-11-22,,True
CSH0007304,CUS0007304,SEG-MAFF,2019-04-14,,True
CSH0007305,CUS0007305,SEG-CORP,2023-04-30,,True
CSH0007306,CUS0007306,SEG-MAFF,2018-04-15,,True
CSH0007307,CUS0007307,SEG-MASS,2018-12-12,,True
CSH0007308,CUS0007308,SEG-CORP,2024-02-22,,True
CSH0007309,CUS0007309,SEG-MASS,2023-11-26,,True
CSH0007310,CUS0007310,SEG-MAFF,2018-10-28,,True
CSH0007311,CUS0007311,SEG-MASS,2023-09-17,,True
CSH0007312,CUS0007312,SEG-MAFF,2025-04-21,,True
CSH0007313,CUS0007313,SEG-SME,2024-08-31,,True
CSH0007314,CUS0007314,SEG-SME,2024-09-08,,True
CSH0007315,CUS0007315,SEG-MAFF,2025-05-30,,True
CSH0007316,CUS0007316,SEG-MAFF,2020-07-09,,True
CSH0007317,CUS0007317,SEG-MAFF,2021-06-23,,True
CSH0007318,CUS0007318,SEG-AFFL,2024-04-15,,True
CSH0007319,CUS0007319,SEG-AFFL,2020-06-13,,True
CSH0007320,CUS0007320,SEG-MAFF,2025-10-18,,True
CSH0007321,CUS0007321,SEG-PRIV,2019-09-30,,True
CSH0007322,CUS0007322,SEG-SME,2023-07-31,,True
CSH0007323,CUS0007323,SEG-MASS,2020-01-29,,True
CSH0007324,CUS0007324,SEG-MASS,2022-05-30,,True
CSH0007325,CUS0007325,SEG-MASS,2026-03-25,,True
CSH0007326,CUS0007326,SEG-MAFF,2020-05-09,,True
CSH0007327,CUS0007327,SEG-MASS,2023-10-02,,True
CSH0007328,CUS0007328,SEG-MASS,2024-11-24,,True
CSH0007329,CUS0007329,SEG-MAFF,2021-03-14,,True
CSH0007330,CUS0007330,SEG-MASS,2019-11-23,,True
CSH0007331,CUS0007331,SEG-MAFF,2022-04-09,,True
CSH0007332,CUS0007332,SEG-MAFF,2025-10-24,,True
CSH0007333,CUS0007333,SEG-AFFL,2018-03-03,,True
CSH0007334,CUS0007334,SEG-MASS,2020-07-02,,True
CSH0007335,CUS0007335,SEG-CORP,2020-03-26,,True
CSH0007336,CUS0007336,SEG-AFFL,2022-05-02,,True
CSH0007337,CUS0007337,SEG-PRIV,2018-08-23,,True
CSH0007338,CUS0007338,SEG-MASS,2021-07-30,,True
CSH0007339,CUS0007339,SEG-MASS,2025-03-16,,True
CSH0007340,CUS0007340,SEG-MASS,2019-10-30,,True
CSH0007341,CUS0007341,SEG-AFFL,2023-07-08,,True
CSH0007342,CUS0007342,SEG-AFFL,2023-07-13,,True
CSH0007343,CUS0007343,SEG-MASS,2020-08-29,,True
CSH0007344,CUS0007344,SEG-CORP,2018-07-06,,True
CSH0007345,CUS0007345,SEG-MASS,2025-10-29,,True
CSH0007346,CUS0007346,SEG-AFFL,2023-09-26,,True
CSH0007347,CUS0007347,SEG-MAFF,2022-12-14,,True
CSH0007348,CUS0007348,SEG-MAFF,2019-03-30,,True
CSH0007349,CUS0007349,SEG-MASS,2018-02-04,,True
CSH0007350,CUS0007350,SEG-AFFL,2020-05-05,,True
CSH0007351,CUS0007351,SEG-AFFL,2018-10-12,,True
CSH0007352,CUS0007352,SEG-MASS,2024-05-24,,True
CSH0007353,CUS0007353,SEG-MASS,2019-02-03,,True
CSH0007354,CUS0007354,SEG-AFFL,2020-05-02,,True
CSH0007355,CUS0007355,SEG-CORP,2023-01-30,,True
CSH0007356,CUS0007356,SEG-CORP,2026-01-09,,True
CSH0007357,CUS0007357,SEG-AFFL,2019-09-18,,True
CSH0007358,CUS0007358,SEG-MASS,2023-11-26,,True
CSH0007359,CUS0007359,SEG-MASS,2025-12-13,,True
CSH0007360,CUS0007360,SEG-AFFL,2021-12-08,,True
CSH0007361,CUS0007361,SEG-AFFL,2019-08-07,,True
CSH0007362,CUS0007362,SEG-AFFL,2022-05-09,,True
CSH0007363,CUS0007363,SEG-MAFF,2022-02-17,,True
CSH0007364,CUS0007364,SEG-SME,2018-05-08,,True
CSH0007365,CUS0007365,SEG-AFFL,2019-11-20,,True
CSH0007366,CUS0007366,SEG-MASS,2023-12-28,,True
CSH0007367,CUS0007367,SEG-AFFL,2021-09-07,,True
CSH0007368,CUS0007368,SEG-AFFL,2023-04-27,,True
CSH0007369,CUS0007369,SEG-MASS,2024-05-24,,True
CSH0007370,CUS0007370,SEG-MAFF,2023-08-16,,True
CSH0007371,CUS0007371,SEG-CORP,2025-10-13,,True
CSH0007372,CUS0007372,SEG-MAFF,2025-04-26,,True
CSH0007373,CUS0007373,SEG-AFFL,2026-01-07,,True
CSH0007374,CUS0007374,SEG-MAFF,2023-09-23,,True
CSH0007375,CUS0007375,SEG-MASS,2024-08-17,,True
CSH0007376,CUS0007376,SEG-MAFF,2018-12-13,,True
CSH0007377,CUS0007377,SEG-PRIV,2021-06-26,,True
CSH0007378,CUS0007378,SEG-MASS,2023-03-04,,True
CSH0007379,CUS0007379,SEG-MAFF,2018-10-08,,True
CSH0007380,CUS0007380,SEG-MASS,2020-10-02,,True
CSH0007381,CUS0007381,SEG-AFFL,2019-08-26,,True
CSH0007382,CUS0007382,SEG-MAFF,2025-04-02,,True
CSH0007383,CUS0007383,SEG-AFFL,2018-10-14,,True
CSH0007384,CUS0007384,SEG-AFFL,2018-09-29,,True
CSH0007385,CUS0007385,SEG-MASS,2021-03-19,,True
CSH0007386,CUS0007386,SEG-MAFF,2018-08-29,,True
CSH0007387,CUS0007387,SEG-AFFL,2020-03-28,,True
CSH0007388,CUS0007388,SEG-MAFF,2018-04-11,,True
CSH0007389,CUS0007389,SEG-AFFL,2021-12-02,,True
CSH0007390,CUS0007390,SEG-PRIV,2024-07-22,,True
CSH0007391,CUS0007391,SEG-MASS,2025-05-16,,True
CSH0007392,CUS0007392,SEG-MASS,2024-10-03,,True
CSH0007393,CUS0007393,SEG-PRIV,2022-08-12,,True
CSH0007394,CUS0007394,SEG-MASS,2024-04-29,,True
CSH0007395,CUS0007395,SEG-SME,2020-07-24,,True
CSH0007396,CUS0007396,SEG-MAFF,2026-04-11,,True
CSH0007397,CUS0007397,SEG-MAFF,2024-05-25,,True
CSH0007398,CUS0007398,SEG-AFFL,2018-10-27,,True
CSH0007399,CUS0007399,SEG-MASS,2025-04-13,,True
CSH0007400,CUS0007400,SEG-MASS,2023-03-20,,True
CSH0007401,CUS0007401,SEG-AFFL,2020-01-12,,True
CSH0007402,CUS0007402,SEG-MASS,2022-07-08,,True
CSH0007403,CUS0007403,SEG-AFFL,2021-12-18,,True
CSH0007404,CUS0007404,SEG-CORP,2026-04-15,,True
CSH0007405,CUS0007405,SEG-SME,2025-07-04,,True
CSH0007406,CUS0007406,SEG-MAFF,2019-09-16,,True
CSH0007407,CUS0007407,SEG-SME,2023-07-12,,True
CSH0007408,CUS0007408,SEG-AFFL,2022-04-16,,True
CSH0007409,CUS0007409,SEG-MAFF,2025-07-27,,True
CSH0007410,CUS0007410,SEG-PRIV,2025-11-05,,True
CSH0007411,CUS0007411,SEG-MASS,2023-02-22,,True
CSH0007412,CUS0007412,SEG-MASS,2025-08-26,,True
CSH0007413,CUS0007413,SEG-MAFF,2020-01-02,,True
CSH0007414,CUS0007414,SEG-AFFL,2021-12-04,,True
CSH0007415,CUS0007415,SEG-MASS,2025-01-27,,True
CSH0007416,CUS0007416,SEG-AFFL,2022-01-05,,True
CSH0007417,CUS0007417,SEG-MASS,2020-02-06,,True
CSH0007418,CUS0007418,SEG-MASS,2021-04-18,,True
CSH0007419,CUS0007419,SEG-AFFL,2020-12-24,,True
CSH0007420,CUS0007420,SEG-AFFL,2022-10-01,,True
CSH0007421,CUS0007421,SEG-AFFL,2024-11-02,,True
CSH0007422,CUS0007422,SEG-AFFL,2019-06-20,,True
CSH0007423,CUS0007423,SEG-SME,2022-08-07,,True
CSH0007424,CUS0007424,SEG-PRIV,2018-10-09,,True
CSH0007425,CUS0007425,SEG-MAFF,2022-06-22,,True
CSH0007426,CUS0007426,SEG-MAFF,2019-07-25,,True
CSH0007427,CUS0007427,SEG-MASS,2020-11-08,,True
CSH0007428,CUS0007428,SEG-AFFL,2019-12-06,,True
CSH0007429,CUS0007429,SEG-MASS,2019-05-04,,True
CSH0007430,CUS0007430,SEG-MAFF,2022-02-05,,True
CSH0007431,CUS0007431,SEG-MASS,2023-07-10,,True
CSH0007432,CUS0007432,SEG-AFFL,2023-10-02,,True
CSH0007433,CUS0007433,SEG-MASS,2021-08-21,,True
CSH0007434,CUS0007434,SEG-MASS,2021-07-29,,True
CSH0007435,CUS0007435,SEG-MASS,2021-02-17,,True
CSH0007436,CUS0007436,SEG-AFFL,2019-10-04,,True
CSH0007437,CUS0007437,SEG-MAFF,2022-04-10,,True
CSH0007438,CUS0007438,SEG-MASS,2018-08-06,,True
CSH0007439,CUS0007439,SEG-SME,2024-01-21,,True
CSH0007440,CUS0007440,SEG-MAFF,2026-01-16,,True
CSH0007441,CUS0007441,SEG-MASS,2019-05-20,,True
CSH0007442,CUS0007442,SEG-PRIV,2018-12-30,,True
CSH0007443,CUS0007443,SEG-MASS,2019-06-06,,True
CSH0007444,CUS0007444,SEG-PRIV,2023-06-21,,True
CSH0007445,CUS0007445,SEG-MAFF,2024-03-06,,True
CSH0007446,CUS0007446,SEG-MASS,2022-06-05,,True
CSH0007447,CUS0007447,SEG-MAFF,2024-10-06,,True
CSH0007448,CUS0007448,SEG-MAFF,2019-12-16,,True
CSH0007449,CUS0007449,SEG-MAFF,2019-06-23,,True
CSH0007450,CUS0007450,SEG-MAFF,2018-03-24,,True
CSH0007451,CUS0007451,SEG-AFFL,2023-11-09,,True
CSH0007452,CUS0007452,SEG-AFFL,2025-03-03,,True
CSH0007453,CUS0007453,SEG-MAFF,2019-10-20,,True
CSH0007454,CUS0007454,SEG-AFFL,2019-10-15,,True
CSH0007455,CUS0007455,SEG-CORP,2021-10-12,,True
CSH0007456,CUS0007456,SEG-MASS,2024-02-09,,True
CSH0007457,CUS0007457,SEG-AFFL,2018-08-14,,True
CSH0007458,CUS0007458,SEG-SME,2018-02-25,,True
CSH0007459,CUS0007459,SEG-MASS,2023-06-17,,True
CSH0007460,CUS0007460,SEG-MAFF,2022-10-03,,True
CSH0007461,CUS0007461,SEG-MASS,2022-05-17,,True
CSH0007462,CUS0007462,SEG-MASS,2024-04-11,,True
CSH0007463,CUS0007463,SEG-MAFF,2021-11-14,,True
CSH0007464,CUS0007464,SEG-MASS,2019-07-15,,True
CSH0007465,CUS0007465,SEG-AFFL,2022-04-28,,True
CSH0007466,CUS0007466,SEG-MASS,2021-04-13,,True
CSH0007467,CUS0007467,SEG-AFFL,2019-06-13,,True
CSH0007468,CUS0007468,SEG-MASS,2021-07-23,,True
CSH0007469,CUS0007469,SEG-MASS,2018-04-26,,True
CSH0007470,CUS0007470,SEG-SME,2021-05-24,,True
CSH0007471,CUS0007471,SEG-AFFL,2023-11-14,,True
CSH0007472,CUS0007472,SEG-AFFL,2022-05-23,,True
CSH0007473,CUS0007473,SEG-MAFF,2023-11-20,,True
CSH0007474,CUS0007474,SEG-MAFF,2022-05-30,,True
CSH0007475,CUS0007475,SEG-MASS,2022-04-08,,True
CSH0007476,CUS0007476,SEG-MASS,2024-05-22,,True
CSH0007477,CUS0007477,SEG-MAFF,2021-04-09,,True
CSH0007478,CUS0007478,SEG-AFFL,2021-12-05,,True
CSH0007479,CUS0007479,SEG-AFFL,2018-08-08,,True
CSH0007480,CUS0007480,SEG-AFFL,2022-12-30,,True
CSH0007481,CUS0007481,SEG-MAFF,2018-12-20,,True
CSH0007482,CUS0007482,SEG-MASS,2024-11-03,,True
CSH0007483,CUS0007483,SEG-CORP,2018-04-14,,True
CSH0007484,CUS0007484,SEG-PRIV,2025-11-30,,True
CSH0007485,CUS0007485,SEG-MASS,2019-06-10,,True
CSH0007486,CUS0007486,SEG-MAFF,2020-02-22,,True
CSH0007487,CUS0007487,SEG-AFFL,2024-07-07,,True
CSH0007488,CUS0007488,SEG-MAFF,2021-03-20,,True
CSH0007489,CUS0007489,SEG-AFFL,2018-02-11,,True
CSH0007490,CUS0007490,SEG-AFFL,2024-08-28,,True
CSH0007491,CUS0007491,SEG-AFFL,2025-03-27,,True
CSH0007492,CUS0007492,SEG-AFFL,2022-08-13,,True
CSH0007493,CUS0007493,SEG-AFFL,2019-05-02,,True
CSH0007494,CUS0007494,SEG-MASS,2021-03-05,,True
CSH0007495,CUS0007495,SEG-MAFF,2021-02-20,,True
CSH0007496,CUS0007496,SEG-AFFL,2021-06-21,,True
CSH0007497,CUS0007497,SEG-MASS,2026-02-16,,True
CSH0007498,CUS0007498,SEG-MASS,2022-04-21,,True
CSH0007499,CUS0007499,SEG-PRIV,2026-03-25,,True
CSH0007500,CUS0007500,SEG-SME,2025-05-05,,True
CSH0007501,CUS0007501,SEG-AFFL,2021-02-19,,True
CSH0007502,CUS0007502,SEG-SME,2019-11-26,,True
CSH0007503,CUS0007503,SEG-AFFL,2022-03-27,,True
CSH0007504,CUS0007504,SEG-MASS,2024-04-02,,True
CSH0007505,CUS0007505,SEG-CORP,2018-12-14,,True
CSH0007506,CUS0007506,SEG-AFFL,2020-12-25,,True
CSH0007507,CUS0007507,SEG-MAFF,2018-11-26,,True
CSH0007508,CUS0007508,SEG-MAFF,2020-06-13,,True
CSH0007509,CUS0007509,SEG-CORP,2025-05-23,,True
CSH0007510,CUS0007510,SEG-MASS,2021-10-11,,True
CSH0007511,CUS0007511,SEG-MASS,2018-01-19,,True
CSH0007512,CUS0007512,SEG-AFFL,2020-01-11,,True
CSH0007513,CUS0007513,SEG-PRIV,2020-07-01,,True
CSH0007514,CUS0007514,SEG-AFFL,2023-07-19,,True
CSH0007515,CUS0007515,SEG-MAFF,2025-05-29,,True
CSH0007516,CUS0007516,SEG-MASS,2026-02-26,,True
CSH0007517,CUS0007517,SEG-SME,2020-09-26,,True
CSH0007518,CUS0007518,SEG-MASS,2024-06-10,,True
CSH0007519,CUS0007519,SEG-MAFF,2019-06-17,,True
CSH0007520,CUS0007520,SEG-MASS,2020-11-28,,True
CSH0007521,CUS0007521,SEG-MAFF,2021-12-23,,True
CSH0007522,CUS0007522,SEG-CORP,2023-12-14,,True
CSH0007523,CUS0007523,SEG-MAFF,2021-03-01,,True
CSH0007524,CUS0007524,SEG-AFFL,2019-01-26,,True
CSH0007525,CUS0007525,SEG-AFFL,2023-10-06,,True
CSH0007526,CUS0007526,SEG-MASS,2020-08-19,,True
CSH0007527,CUS0007527,SEG-MAFF,2020-05-11,,True
CSH0007528,CUS0007528,SEG-MAFF,2020-02-16,,True
CSH0007529,CUS0007529,SEG-MAFF,2019-01-25,,True
CSH0007530,CUS0007530,SEG-MAFF,2026-02-28,,True
CSH0007531,CUS0007531,SEG-AFFL,2023-06-10,,True
CSH0007532,CUS0007532,SEG-MASS,2025-03-17,,True
CSH0007533,CUS0007533,SEG-MASS,2024-11-20,,True
CSH0007534,CUS0007534,SEG-AFFL,2022-09-14,,True
CSH0007535,CUS0007535,SEG-MASS,2025-12-02,,True
CSH0007536,CUS0007536,SEG-MAFF,2021-03-14,,True
CSH0007537,CUS0007537,SEG-CORP,2024-07-15,,True
CSH0007538,CUS0007538,SEG-CORP,2025-07-27,,True
CSH0007539,CUS0007539,SEG-AFFL,2021-06-09,,True
CSH0007540,CUS0007540,SEG-SME,2023-08-04,,True
CSH0007541,CUS0007541,SEG-MAFF,2025-08-01,,True
CSH0007542,CUS0007542,SEG-SME,2018-02-15,,True
CSH0007543,CUS0007543,SEG-AFFL,2023-07-02,,True
CSH0007544,CUS0007544,SEG-PRIV,2019-11-29,,True
CSH0007545,CUS0007545,SEG-MAFF,2024-04-21,,True
CSH0007546,CUS0007546,SEG-PRIV,2023-06-07,,True
CSH0007547,CUS0007547,SEG-MASS,2019-08-14,,True
CSH0007548,CUS0007548,SEG-PRIV,2025-04-03,,True
CSH0007549,CUS0007549,SEG-PRIV,2019-04-15,,True
CSH0007550,CUS0007550,SEG-MAFF,2025-03-22,,True
CSH0007551,CUS0007551,SEG-SME,2023-11-12,,True
CSH0007552,CUS0007552,SEG-PRIV,2024-06-07,,True
CSH0007553,CUS0007553,SEG-SME,2026-02-05,,True
CSH0007554,CUS0007554,SEG-AFFL,2022-12-13,,True
CSH0007555,CUS0007555,SEG-CORP,2020-03-24,,True
CSH0007556,CUS0007556,SEG-MASS,2018-07-12,,True
CSH0007557,CUS0007557,SEG-MASS,2019-08-01,,True
CSH0007558,CUS0007558,SEG-MASS,2025-05-21,,True
CSH0007559,CUS0007559,SEG-SME,2021-11-20,,True
CSH0007560,CUS0007560,SEG-CORP,2024-05-07,,True
CSH0007561,CUS0007561,SEG-AFFL,2018-02-18,,True
CSH0007562,CUS0007562,SEG-MAFF,2019-12-20,,True
CSH0007563,CUS0007563,SEG-MAFF,2024-01-23,,True
CSH0007564,CUS0007564,SEG-MASS,2022-12-02,,True
CSH0007565,CUS0007565,SEG-AFFL,2025-12-13,,True
CSH0007566,CUS0007566,SEG-MASS,2023-02-19,,True
CSH0007567,CUS0007567,SEG-MAFF,2023-11-13,,True
CSH0007568,CUS0007568,SEG-PRIV,2019-11-21,,True
CSH0007569,CUS0007569,SEG-SME,2023-05-12,,True
CSH0007570,CUS0007570,SEG-AFFL,2024-09-24,,True
CSH0007571,CUS0007571,SEG-CORP,2025-01-21,,True
CSH0007572,CUS0007572,SEG-PRIV,2023-09-10,,True
CSH0007573,CUS0007573,SEG-AFFL,2021-08-27,,True
CSH0007574,CUS0007574,SEG-MAFF,2020-07-18,,True
CSH0007575,CUS0007575,SEG-MAFF,2023-10-15,,True
CSH0007576,CUS0007576,SEG-PRIV,2024-10-10,,True
CSH0007577,CUS0007577,SEG-AFFL,2020-03-31,,True
CSH0007578,CUS0007578,SEG-AFFL,2021-08-09,,True
CSH0007579,CUS0007579,SEG-AFFL,2023-12-23,,True
CSH0007580,CUS0007580,SEG-MASS,2024-07-04,,True
CSH0007581,CUS0007581,SEG-MASS,2020-03-10,,True
CSH0007582,CUS0007582,SEG-MASS,2023-04-12,,True
CSH0007583,CUS0007583,SEG-PRIV,2018-03-23,,True
CSH0007584,CUS0007584,SEG-MAFF,2023-10-04,,True
CSH0007585,CUS0007585,SEG-AFFL,2025-09-13,,True
CSH0007586,CUS0007586,SEG-MASS,2024-06-12,,True
CSH0007587,CUS0007587,SEG-SME,2022-01-26,,True
CSH0007588,CUS0007588,SEG-MAFF,2018-11-14,,True
CSH0007589,CUS0007589,SEG-AFFL,2021-08-08,,True
CSH0007590,CUS0007590,SEG-MAFF,2025-02-12,,True
CSH0007591,CUS0007591,SEG-AFFL,2018-08-27,,True
CSH0007592,CUS0007592,SEG-PRIV,2019-08-27,,True
CSH0007593,CUS0007593,SEG-MAFF,2026-03-21,,True
CSH0007594,CUS0007594,SEG-MASS,2019-09-19,,True
CSH0007595,CUS0007595,SEG-MAFF,2022-08-05,,True
CSH0007596,CUS0007596,SEG-AFFL,2021-07-12,,True
CSH0007597,CUS0007597,SEG-MAFF,2018-02-05,,True
CSH0007598,CUS0007598,SEG-MAFF,2023-12-24,,True
CSH0007599,CUS0007599,SEG-MASS,2025-08-06,,True
CSH0007600,CUS0007600,SEG-SME,2021-09-17,,True
CSH0007601,CUS0007601,SEG-AFFL,2019-06-17,,True
CSH0007602,CUS0007602,SEG-AFFL,2018-11-26,,True
CSH0007603,CUS0007603,SEG-MAFF,2019-07-16,,True
CSH0007604,CUS0007604,SEG-MASS,2024-04-19,,True
CSH0007605,CUS0007605,SEG-MAFF,2024-10-16,,True
CSH0007606,CUS0007606,SEG-MAFF,2022-01-26,,True
CSH0007607,CUS0007607,SEG-MAFF,2023-04-17,,True
CSH0007608,CUS0007608,SEG-MAFF,2024-04-03,,True
CSH0007609,CUS0007609,SEG-MAFF,2021-06-15,,True
CSH0007610,CUS0007610,SEG-MAFF,2018-05-30,,True
CSH0007611,CUS0007611,SEG-AFFL,2023-10-07,,True
CSH0007612,CUS0007612,SEG-PRIV,2020-06-16,,True
CSH0007613,CUS0007613,SEG-MAFF,2024-06-12,,True
CSH0007614,CUS0007614,SEG-AFFL,2021-12-12,,True
CSH0007615,CUS0007615,SEG-MASS,2025-10-22,,True
CSH0007616,CUS0007616,SEG-PRIV,2023-06-02,,True
CSH0007617,CUS0007617,SEG-MASS,2023-09-24,,True
CSH0007618,CUS0007618,SEG-MAFF,2021-05-28,,True
CSH0007619,CUS0007619,SEG-MASS,2022-12-08,,True
CSH0007620,CUS0007620,SEG-AFFL,2020-03-14,,True
CSH0007621,CUS0007621,SEG-MASS,2022-09-18,,True
CSH0007622,CUS0007622,SEG-PRIV,2019-02-18,,True
CSH0007623,CUS0007623,SEG-AFFL,2019-02-23,,True
CSH0007624,CUS0007624,SEG-MASS,2021-07-04,,True
CSH0007625,CUS0007625,SEG-SME,2020-07-14,,True
CSH0007626,CUS0007626,SEG-AFFL,2023-12-25,,True
CSH0007627,CUS0007627,SEG-MAFF,2019-08-23,,True
CSH0007628,CUS0007628,SEG-MAFF,2021-05-20,,True
CSH0007629,CUS0007629,SEG-MASS,2018-02-08,,True
CSH0007630,CUS0007630,SEG-AFFL,2018-10-20,,True
CSH0007631,CUS0007631,SEG-AFFL,2024-01-20,,True
CSH0007632,CUS0007632,SEG-MAFF,2018-09-28,,True
CSH0007633,CUS0007633,SEG-SME,2020-01-24,,True
CSH0007634,CUS0007634,SEG-AFFL,2018-06-11,,True
CSH0007635,CUS0007635,SEG-AFFL,2025-06-27,,True
CSH0007636,CUS0007636,SEG-MASS,2021-01-28,,True
CSH0007637,CUS0007637,SEG-AFFL,2024-02-18,,True
CSH0007638,CUS0007638,SEG-AFFL,2021-07-04,,True
CSH0007639,CUS0007639,SEG-MASS,2025-05-18,,True
CSH0007640,CUS0007640,SEG-MAFF,2026-01-16,,True
CSH0007641,CUS0007641,SEG-MASS,2022-08-20,,True
CSH0007642,CUS0007642,SEG-SME,2021-09-25,,True
CSH0007643,CUS0007643,SEG-AFFL,2023-10-30,,True
CSH0007644,CUS0007644,SEG-MASS,2023-07-09,,True
CSH0007645,CUS0007645,SEG-MASS,2024-09-11,,True
CSH0007646,CUS0007646,SEG-MAFF,2019-06-14,,True
CSH0007647,CUS0007647,SEG-MASS,2021-01-23,,True
CSH0007648,CUS0007648,SEG-AFFL,2020-01-18,,True
CSH0007649,CUS0007649,SEG-MAFF,2022-05-15,,True
CSH0007650,CUS0007650,SEG-MASS,2025-07-21,,True
CSH0007651,CUS0007651,SEG-MAFF,2021-01-09,,True
CSH0007652,CUS0007652,SEG-MASS,2022-06-17,,True
CSH0007653,CUS0007653,SEG-MASS,2022-02-21,,True
CSH0007654,CUS0007654,SEG-SME,2018-05-17,,True
CSH0007655,CUS0007655,SEG-MAFF,2022-02-07,,True
CSH0007656,CUS0007656,SEG-PRIV,2021-12-22,,True
CSH0007657,CUS0007657,SEG-MAFF,2018-07-29,,True
CSH0007658,CUS0007658,SEG-CORP,2022-05-06,,True
CSH0007659,CUS0007659,SEG-AFFL,2019-03-02,,True
CSH0007660,CUS0007660,SEG-MASS,2019-03-03,,True
CSH0007661,CUS0007661,SEG-AFFL,2026-04-14,,True
CSH0007662,CUS0007662,SEG-AFFL,2024-04-21,,True
CSH0007663,CUS0007663,SEG-MASS,2019-01-17,,True
CSH0007664,CUS0007664,SEG-PRIV,2025-08-12,,True
CSH0007665,CUS0007665,SEG-AFFL,2019-05-16,,True
CSH0007666,CUS0007666,SEG-AFFL,2025-03-01,,True
CSH0007667,CUS0007667,SEG-AFFL,2021-11-11,,True
CSH0007668,CUS0007668,SEG-CORP,2026-02-10,,True
CSH0007669,CUS0007669,SEG-AFFL,2021-05-20,,True
CSH0007670,CUS0007670,SEG-AFFL,2021-05-25,,True
CSH0007671,CUS0007671,SEG-PRIV,2021-02-15,,True
CSH0007672,CUS0007672,SEG-MASS,2025-08-03,,True
CSH0007673,CUS0007673,SEG-MAFF,2024-01-15,,True
CSH0007674,CUS0007674,SEG-AFFL,2018-07-16,,True
CSH0007675,CUS0007675,SEG-MAFF,2020-07-19,,True
CSH0007676,CUS0007676,SEG-AFFL,2023-02-18,,True
CSH0007677,CUS0007677,SEG-MASS,2019-05-11,,True
CSH0007678,CUS0007678,SEG-AFFL,2023-06-01,,True
CSH0007679,CUS0007679,SEG-AFFL,2019-12-05,,True
CSH0007680,CUS0007680,SEG-MAFF,2021-02-21,,True
CSH0007681,CUS0007681,SEG-CORP,2024-04-16,,True
CSH0007682,CUS0007682,SEG-MASS,2023-10-05,,True
CSH0007683,CUS0007683,SEG-AFFL,2025-05-04,,True
CSH0007684,CUS0007684,SEG-SME,2024-07-24,,True
CSH0007685,CUS0007685,SEG-PRIV,2021-08-30,,True
CSH0007686,CUS0007686,SEG-PRIV,2019-12-11,,True
CSH0007687,CUS0007687,SEG-SME,2025-02-11,,True
CSH0007688,CUS0007688,SEG-MAFF,2018-08-02,,True
CSH0007689,CUS0007689,SEG-MAFF,2018-01-01,,True
CSH0007690,CUS0007690,SEG-MAFF,2023-08-21,,True
CSH0007691,CUS0007691,SEG-AFFL,2023-11-25,,True
CSH0007692,CUS0007692,SEG-AFFL,2018-01-12,,True
CSH0007693,CUS0007693,SEG-MASS,2025-11-27,,True
CSH0007694,CUS0007694,SEG-AFFL,2024-04-14,,True
CSH0007695,CUS0007695,SEG-AFFL,2018-02-24,,True
CSH0007696,CUS0007696,SEG-MAFF,2019-09-15,,True
CSH0007697,CUS0007697,SEG-MASS,2021-04-09,,True
CSH0007698,CUS0007698,SEG-AFFL,2023-10-05,,True
CSH0007699,CUS0007699,SEG-PRIV,2024-04-18,,True
CSH0007700,CUS0007700,SEG-MAFF,2021-05-14,,True
CSH0007701,CUS0007701,SEG-AFFL,2026-04-11,,True
CSH0007702,CUS0007702,SEG-MAFF,2024-10-28,,True
CSH0007703,CUS0007703,SEG-SME,2021-06-24,,True
CSH0007704,CUS0007704,SEG-AFFL,2024-03-12,,True
CSH0007705,CUS0007705,SEG-SME,2025-08-10,,True
CSH0007706,CUS0007706,SEG-AFFL,2020-01-14,,True
CSH0007707,CUS0007707,SEG-MAFF,2025-02-07,,True
CSH0007708,CUS0007708,SEG-MAFF,2021-06-01,,True
CSH0007709,CUS0007709,SEG-SME,2022-05-08,,True
CSH0007710,CUS0007710,SEG-SME,2022-04-03,,True
CSH0007711,CUS0007711,SEG-MASS,2023-01-03,,True
CSH0007712,CUS0007712,SEG-MAFF,2024-12-23,,True
CSH0007713,CUS0007713,SEG-MASS,2024-01-27,,True
CSH0007714,CUS0007714,SEG-MAFF,2021-07-23,,True
CSH0007715,CUS0007715,SEG-CORP,2019-08-01,,True
CSH0007716,CUS0007716,SEG-AFFL,2026-03-08,,True
CSH0007717,CUS0007717,SEG-AFFL,2024-03-12,,True
CSH0007718,CUS0007718,SEG-SME,2023-11-06,,True
CSH0007719,CUS0007719,SEG-SME,2022-01-28,,True
CSH0007720,CUS0007720,SEG-AFFL,2021-05-23,,True
CSH0007721,CUS0007721,SEG-AFFL,2018-07-16,,True
CSH0007722,CUS0007722,SEG-MASS,2019-10-08,,True
CSH0007723,CUS0007723,SEG-CORP,2021-05-29,,True
CSH0007724,CUS0007724,SEG-AFFL,2022-03-18,,True
CSH0007725,CUS0007725,SEG-MASS,2024-01-26,,True
CSH0007726,CUS0007726,SEG-PRIV,2022-12-09,,True
CSH0007727,CUS0007727,SEG-MASS,2022-10-17,,True
CSH0007728,CUS0007728,SEG-MAFF,2019-02-12,,True
CSH0007729,CUS0007729,SEG-MASS,2024-06-28,,True
CSH0007730,CUS0007730,SEG-MASS,2024-12-04,,True
CSH0007731,CUS0007731,SEG-MAFF,2019-06-25,,True
CSH0007732,CUS0007732,SEG-SME,2024-10-24,,True
CSH0007733,CUS0007733,SEG-AFFL,2020-12-21,,True
CSH0007734,CUS0007734,SEG-AFFL,2019-05-06,,True
CSH0007735,CUS0007735,SEG-AFFL,2025-04-25,,True
CSH0007736,CUS0007736,SEG-AFFL,2021-06-01,,True
CSH0007737,CUS0007737,SEG-AFFL,2018-12-30,,True
CSH0007738,CUS0007738,SEG-PRIV,2019-12-15,,True
CSH0007739,CUS0007739,SEG-MAFF,2023-08-12,,True
CSH0007740,CUS0007740,SEG-MASS,2020-04-30,,True
CSH0007741,CUS0007741,SEG-MAFF,2021-03-24,,True
CSH0007742,CUS0007742,SEG-AFFL,2022-01-18,,True
CSH0007743,CUS0007743,SEG-PRIV,2023-03-19,,True
CSH0007744,CUS0007744,SEG-CORP,2019-04-28,,True
CSH0007745,CUS0007745,SEG-AFFL,2023-03-29,,True
CSH0007746,CUS0007746,SEG-AFFL,2019-10-26,,True
CSH0007747,CUS0007747,SEG-MASS,2020-07-04,,True
CSH0007748,CUS0007748,SEG-MAFF,2022-02-24,,True
CSH0007749,CUS0007749,SEG-MAFF,2021-12-22,,True
CSH0007750,CUS0007750,SEG-SME,2022-01-13,,True
CSH0007751,CUS0007751,SEG-SME,2025-07-04,,True
CSH0007752,CUS0007752,SEG-MAFF,2022-10-27,,True
CSH0007753,CUS0007753,SEG-MASS,2024-02-09,,True
CSH0007754,CUS0007754,SEG-AFFL,2023-07-06,,True
CSH0007755,CUS0007755,SEG-CORP,2020-10-30,,True
CSH0007756,CUS0007756,SEG-AFFL,2020-04-21,,True
CSH0007757,CUS0007757,SEG-MASS,2019-12-21,,True
CSH0007758,CUS0007758,SEG-MAFF,2026-01-19,,True
CSH0007759,CUS0007759,SEG-AFFL,2021-06-23,,True
CSH0007760,CUS0007760,SEG-PRIV,2021-05-25,,True
CSH0007761,CUS0007761,SEG-CORP,2018-04-12,,True
CSH0007762,CUS0007762,SEG-MAFF,2026-01-10,,True
CSH0007763,CUS0007763,SEG-AFFL,2019-07-27,,True
CSH0007764,CUS0007764,SEG-AFFL,2023-04-22,,True
CSH0007765,CUS0007765,SEG-AFFL,2022-11-13,,True
CSH0007766,CUS0007766,SEG-AFFL,2018-07-13,,True
CSH0007767,CUS0007767,SEG-MASS,2020-05-18,,True
CSH0007768,CUS0007768,SEG-MASS,2022-10-17,,True
CSH0007769,CUS0007769,SEG-MAFF,2020-11-07,,True
CSH0007770,CUS0007770,SEG-MASS,2025-12-14,,True
CSH0007771,CUS0007771,SEG-AFFL,2021-01-30,,True
CSH0007772,CUS0007772,SEG-SME,2024-05-29,,True
CSH0007773,CUS0007773,SEG-AFFL,2023-03-29,,True
CSH0007774,CUS0007774,SEG-MASS,2024-07-06,,True
CSH0007775,CUS0007775,SEG-SME,2021-06-17,,True
CSH0007776,CUS0007776,SEG-MASS,2018-12-16,,True
CSH0007777,CUS0007777,SEG-AFFL,2023-10-17,,True
CSH0007778,CUS0007778,SEG-AFFL,2018-04-11,,True
CSH0007779,CUS0007779,SEG-MAFF,2018-02-12,,True
CSH0007780,CUS0007780,SEG-MAFF,2024-07-08,,True
CSH0007781,CUS0007781,SEG-AFFL,2021-09-30,,True
CSH0007782,CUS0007782,SEG-AFFL,2021-08-20,,True
CSH0007783,CUS0007783,SEG-MAFF,2024-01-04,,True
CSH0007784,CUS0007784,SEG-AFFL,2023-05-21,,True
CSH0007785,CUS0007785,SEG-AFFL,2024-12-22,,True
CSH0007786,CUS0007786,SEG-MASS,2023-01-09,,True
CSH0007787,CUS0007787,SEG-SME,2023-10-02,,True
CSH0007788,CUS0007788,SEG-MASS,2020-01-04,,True
CSH0007789,CUS0007789,SEG-MAFF,2023-12-25,,True
CSH0007790,CUS0007790,SEG-AFFL,2023-04-27,,True
CSH0007791,CUS0007791,SEG-AFFL,2019-08-03,,True
CSH0007792,CUS0007792,SEG-CORP,2025-09-10,,True
CSH0007793,CUS0007793,SEG-AFFL,2018-05-18,,True
CSH0007794,CUS0007794,SEG-PRIV,2018-04-10,,True
CSH0007795,CUS0007795,SEG-CORP,2023-07-21,,True
CSH0007796,CUS0007796,SEG-PRIV,2021-10-21,,True
CSH0007797,CUS0007797,SEG-MAFF,2021-12-17,,True
CSH0007798,CUS0007798,SEG-AFFL,2025-12-12,,True
CSH0007799,CUS0007799,SEG-MAFF,2025-09-28,,True
CSH0007800,CUS0007800,SEG-SME,2018-09-03,,True
CSH0007801,CUS0007801,SEG-CORP,2018-11-12,,True
CSH0007802,CUS0007802,SEG-PRIV,2023-12-06,,True
CSH0007803,CUS0007803,SEG-MASS,2024-05-26,,True
CSH0007804,CUS0007804,SEG-MAFF,2018-08-13,,True
CSH0007805,CUS0007805,SEG-PRIV,2022-02-04,,True
CSH0007806,CUS0007806,SEG-PRIV,2023-06-13,,True
CSH0007807,CUS0007807,SEG-AFFL,2019-03-08,,True
CSH0007808,CUS0007808,SEG-AFFL,2024-02-18,,True
CSH0007809,CUS0007809,SEG-MASS,2018-05-31,,True
CSH0007810,CUS0007810,SEG-AFFL,2024-10-22,,True
CSH0007811,CUS0007811,SEG-MAFF,2018-10-11,,True
CSH0007812,CUS0007812,SEG-CORP,2022-06-04,,True
CSH0007813,CUS0007813,SEG-AFFL,2021-10-19,,True
CSH0007814,CUS0007814,SEG-PRIV,2018-03-21,,True
CSH0007815,CUS0007815,SEG-PRIV,2018-07-29,,True
CSH0007816,CUS0007816,SEG-MASS,2020-04-03,,True
CSH0007817,CUS0007817,SEG-AFFL,2025-06-03,,True
CSH0007818,CUS0007818,SEG-CORP,2020-06-01,,True
CSH0007819,CUS0007819,SEG-MAFF,2024-03-08,,True
CSH0007820,CUS0007820,SEG-MAFF,2019-06-06,,True
CSH0007821,CUS0007821,SEG-MASS,2018-07-10,,True
CSH0007822,CUS0007822,SEG-PRIV,2021-09-12,,True
CSH0007823,CUS0007823,SEG-MASS,2021-08-19,,True
CSH0007824,CUS0007824,SEG-AFFL,2019-11-22,,True
CSH0007825,CUS0007825,SEG-CORP,2024-11-18,,True
CSH0007826,CUS0007826,SEG-SME,2021-01-25,,True
CSH0007827,CUS0007827,SEG-AFFL,2021-02-17,,True
CSH0007828,CUS0007828,SEG-MAFF,2022-08-29,,True
CSH0007829,CUS0007829,SEG-MAFF,2019-07-21,,True
CSH0007830,CUS0007830,SEG-MASS,2019-06-01,,True
CSH0007831,CUS0007831,SEG-AFFL,2022-03-19,,True
CSH0007832,CUS0007832,SEG-MAFF,2025-01-31,,True
CSH0007833,CUS0007833,SEG-AFFL,2022-11-19,,True
CSH0007834,CUS0007834,SEG-AFFL,2022-08-08,,True
CSH0007835,CUS0007835,SEG-MAFF,2023-11-16,,True
CSH0007836,CUS0007836,SEG-AFFL,2023-02-21,,True
CSH0007837,CUS0007837,SEG-SME,2022-05-20,,True
CSH0007838,CUS0007838,SEG-PRIV,2023-03-16,,True
CSH0007839,CUS0007839,SEG-AFFL,2020-08-08,,True
CSH0007840,CUS0007840,SEG-AFFL,2026-03-25,,True
CSH0007841,CUS0007841,SEG-MAFF,2020-01-19,,True
CSH0007842,CUS0007842,SEG-MASS,2020-05-30,,True
CSH0007843,CUS0007843,SEG-SME,2018-10-10,,True
CSH0007844,CUS0007844,SEG-AFFL,2023-04-11,,True
CSH0007845,CUS0007845,SEG-CORP,2021-10-21,,True
CSH0007846,CUS0007846,SEG-CORP,2023-02-24,,True
CSH0007847,CUS0007847,SEG-AFFL,2021-09-12,,True
CSH0007848,CUS0007848,SEG-AFFL,2025-07-07,,True
CSH0007849,CUS0007849,SEG-MASS,2022-10-11,,True
CSH0007850,CUS0007850,SEG-MAFF,2018-06-22,,True
CSH0007851,CUS0007851,SEG-CORP,2018-05-14,,True
CSH0007852,CUS0007852,SEG-MAFF,2023-04-26,,True
CSH0007853,CUS0007853,SEG-PRIV,2022-03-17,,True
CSH0007854,CUS0007854,SEG-MASS,2024-07-06,,True
CSH0007855,CUS0007855,SEG-MASS,2020-02-16,,True
CSH0007856,CUS0007856,SEG-MASS,2019-04-02,,True
CSH0007857,CUS0007857,SEG-AFFL,2020-02-04,,True
CSH0007858,CUS0007858,SEG-MASS,2020-07-06,,True
CSH0007859,CUS0007859,SEG-AFFL,2018-03-06,,True
CSH0007860,CUS0007860,SEG-MASS,2020-08-17,,True
CSH0007861,CUS0007861,SEG-MAFF,2018-05-01,,True
CSH0007862,CUS0007862,SEG-AFFL,2025-02-16,,True
CSH0007863,CUS0007863,SEG-MASS,2021-02-01,,True
CSH0007864,CUS0007864,SEG-MAFF,2022-08-22,,True
CSH0007865,CUS0007865,SEG-MASS,2020-03-19,,True
CSH0007866,CUS0007866,SEG-MASS,2021-07-05,,True
CSH0007867,CUS0007867,SEG-SME,2023-11-05,,True
CSH0007868,CUS0007868,SEG-MASS,2022-05-20,,True
CSH0007869,CUS0007869,SEG-PRIV,2025-06-07,,True
CSH0007870,CUS0007870,SEG-PRIV,2020-04-07,,True
CSH0007871,CUS0007871,SEG-MASS,2021-05-14,,True
CSH0007872,CUS0007872,SEG-PRIV,2021-04-13,,True
CSH0007873,CUS0007873,SEG-MAFF,2019-03-03,,True
CSH0007874,CUS0007874,SEG-MASS,2020-06-09,,True
CSH0007875,CUS0007875,SEG-AFFL,2022-03-17,,True
CSH0007876,CUS0007876,SEG-MAFF,2022-04-20,,True
CSH0007877,CUS0007877,SEG-AFFL,2023-07-10,,True
CSH0007878,CUS0007878,SEG-MASS,2019-09-24,,True
CSH0007879,CUS0007879,SEG-AFFL,2018-02-21,,True
CSH0007880,CUS0007880,SEG-MAFF,2018-06-21,,True
CSH0007881,CUS0007881,SEG-SME,2025-03-22,,True
CSH0007882,CUS0007882,SEG-SME,2025-05-07,,True
CSH0007883,CUS0007883,SEG-AFFL,2022-04-30,,True
CSH0007884,CUS0007884,SEG-AFFL,2023-09-12,,True
CSH0007885,CUS0007885,SEG-MAFF,2025-06-30,,True
CSH0007886,CUS0007886,SEG-AFFL,2019-06-08,,True
CSH0007887,CUS0007887,SEG-AFFL,2018-12-13,,True
CSH0007888,CUS0007888,SEG-AFFL,2019-02-16,,True
CSH0007889,CUS0007889,SEG-MAFF,2023-10-07,,True
CSH0007890,CUS0007890,SEG-SME,2018-07-01,,True
CSH0007891,CUS0007891,SEG-MAFF,2025-03-28,,True
CSH0007892,CUS0007892,SEG-CORP,2025-10-23,,True
CSH0007893,CUS0007893,SEG-AFFL,2018-08-07,,True
CSH0007894,CUS0007894,SEG-AFFL,2025-07-28,,True
CSH0007895,CUS0007895,SEG-CORP,2018-12-16,,True
CSH0007896,CUS0007896,SEG-AFFL,2020-04-15,,True
CSH0007897,CUS0007897,SEG-MASS,2025-03-09,,True
CSH0007898,CUS0007898,SEG-MAFF,2021-03-06,,True
CSH0007899,CUS0007899,SEG-MASS,2019-06-23,,True
CSH0007900,CUS0007900,SEG-MAFF,2021-11-01,,True
CSH0007901,CUS0007901,SEG-AFFL,2022-12-24,,True
CSH0007902,CUS0007902,SEG-AFFL,2023-01-20,,True
CSH0007903,CUS0007903,SEG-SME,2025-06-15,,True
CSH0007904,CUS0007904,SEG-MASS,2018-01-31,,True
CSH0007905,CUS0007905,SEG-MASS,2024-10-29,,True
CSH0007906,CUS0007906,SEG-CORP,2020-08-31,,True
CSH0007907,CUS0007907,SEG-MAFF,2019-10-27,,True
CSH0007908,CUS0007908,SEG-MASS,2024-01-04,,True
CSH0007909,CUS0007909,SEG-AFFL,2021-01-05,,True
CSH0007910,CUS0007910,SEG-PRIV,2022-07-15,,True
CSH0007911,CUS0007911,SEG-MASS,2022-03-22,,True
CSH0007912,CUS0007912,SEG-CORP,2019-08-18,,True
CSH0007913,CUS0007913,SEG-MAFF,2019-03-21,,True
CSH0007914,CUS0007914,SEG-MASS,2020-04-23,,True
CSH0007915,CUS0007915,SEG-SME,2025-07-26,,True
CSH0007916,CUS0007916,SEG-MAFF,2021-08-16,,True
CSH0007917,CUS0007917,SEG-MAFF,2022-09-14,,True
CSH0007918,CUS0007918,SEG-MASS,2024-10-03,,True
CSH0007919,CUS0007919,SEG-MASS,2019-09-20,,True
CSH0007920,CUS0007920,SEG-SME,2024-07-18,,True
CSH0007921,CUS0007921,SEG-PRIV,2019-07-16,,True
CSH0007922,CUS0007922,SEG-AFFL,2020-02-02,,True
CSH0007923,CUS0007923,SEG-MAFF,2021-05-24,,True
CSH0007924,CUS0007924,SEG-MASS,2018-04-30,,True
CSH0007925,CUS0007925,SEG-MAFF,2023-10-23,,True
CSH0007926,CUS0007926,SEG-MAFF,2018-08-23,,True
CSH0007927,CUS0007927,SEG-AFFL,2018-08-07,,True
CSH0007928,CUS0007928,SEG-CORP,2024-10-02,,True
CSH0007929,CUS0007929,SEG-MASS,2022-01-02,,True
CSH0007930,CUS0007930,SEG-AFFL,2023-08-07,,True
CSH0007931,CUS0007931,SEG-MASS,2026-03-19,,True
CSH0007932,CUS0007932,SEG-MAFF,2023-03-20,,True
CSH0007933,CUS0007933,SEG-AFFL,2019-03-28,,True
CSH0007934,CUS0007934,SEG-AFFL,2020-04-02,,True
CSH0007935,CUS0007935,SEG-MASS,2022-07-12,,True
CSH0007936,CUS0007936,SEG-PRIV,2020-03-27,,True
CSH0007937,CUS0007937,SEG-MASS,2018-02-08,,True
CSH0007938,CUS0007938,SEG-CORP,2023-09-19,,True
CSH0007939,CUS0007939,SEG-MASS,2023-03-23,,True
CSH0007940,CUS0007940,SEG-AFFL,2025-12-22,,True
CSH0007941,CUS0007941,SEG-MAFF,2025-10-16,,True
CSH0007942,CUS0007942,SEG-MAFF,2023-08-14,,True
CSH0007943,CUS0007943,SEG-MAFF,2023-01-12,,True
CSH0007944,CUS0007944,SEG-AFFL,2020-12-30,,True
CSH0007945,CUS0007945,SEG-AFFL,2019-08-23,,True
CSH0007946,CUS0007946,SEG-MASS,2019-01-08,,True
CSH0007947,CUS0007947,SEG-SME,2025-12-13,,True
CSH0007948,CUS0007948,SEG-SME,2026-02-03,,True
CSH0007949,CUS0007949,SEG-AFFL,2022-09-05,,True
CSH0007950,CUS0007950,SEG-AFFL,2019-10-28,,True
CSH0007951,CUS0007951,SEG-AFFL,2021-10-03,,True
CSH0007952,CUS0007952,SEG-MASS,2019-02-27,,True
CSH0007953,CUS0007953,SEG-MAFF,2022-11-15,,True
CSH0007954,CUS0007954,SEG-PRIV,2024-05-27,,True
CSH0007955,CUS0007955,SEG-MASS,2025-01-29,,True
CSH0007956,CUS0007956,SEG-AFFL,2025-10-08,,True
CSH0007957,CUS0007957,SEG-MASS,2022-12-13,,True
CSH0007958,CUS0007958,SEG-MASS,2020-02-16,,True
CSH0007959,CUS0007959,SEG-MASS,2019-06-15,,True
CSH0007960,CUS0007960,SEG-MAFF,2018-05-18,,True
CSH0007961,CUS0007961,SEG-SME,2025-03-01,,True
CSH0007962,CUS0007962,SEG-MASS,2026-04-09,,True
CSH0007963,CUS0007963,SEG-CORP,2018-07-10,,True
CSH0007964,CUS0007964,SEG-MAFF,2020-01-25,,True
CSH0007965,CUS0007965,SEG-CORP,2021-10-31,,True
CSH0007966,CUS0007966,SEG-MAFF,2020-03-03,,True
CSH0007967,CUS0007967,SEG-SME,2020-03-16,,True
CSH0007968,CUS0007968,SEG-SME,2020-05-16,,True
CSH0007969,CUS0007969,SEG-MASS,2018-06-10,,True
CSH0007970,CUS0007970,SEG-PRIV,2024-10-13,,True
CSH0007971,CUS0007971,SEG-MASS,2026-02-09,,True
CSH0007972,CUS0007972,SEG-MASS,2023-09-06,,True
CSH0007973,CUS0007973,SEG-MAFF,2025-09-22,,True
CSH0007974,CUS0007974,SEG-PRIV,2019-05-06,,True
CSH0007975,CUS0007975,SEG-MASS,2022-12-31,,True
CSH0007976,CUS0007976,SEG-SME,2021-10-12,,True
CSH0007977,CUS0007977,SEG-AFFL,2018-12-24,,True
CSH0007978,CUS0007978,SEG-MASS,2023-07-07,,True
CSH0007979,CUS0007979,SEG-MAFF,2018-08-11,,True
CSH0007980,CUS0007980,SEG-MAFF,2021-05-27,,True
CSH0007981,CUS0007981,SEG-MASS,2023-02-05,,True
CSH0007982,CUS0007982,SEG-MAFF,2021-03-31,,True
CSH0007983,CUS0007983,SEG-AFFL,2018-09-02,,True
CSH0007984,CUS0007984,SEG-MAFF,2021-11-30,,True
CSH0007985,CUS0007985,SEG-CORP,2020-05-17,,True
CSH0007986,CUS0007986,SEG-CORP,2020-01-07,,True
CSH0007987,CUS0007987,SEG-MAFF,2025-08-06,,True
CSH0007988,CUS0007988,SEG-MASS,2022-06-24,,True
CSH0007989,CUS0007989,SEG-AFFL,2022-05-10,,True
CSH0007990,CUS0007990,SEG-MAFF,2021-12-21,,True
CSH0007991,CUS0007991,SEG-SME,2026-01-31,,True
CSH0007992,CUS0007992,SEG-MAFF,2018-01-02,,True
CSH0007993,CUS0007993,SEG-AFFL,2019-09-08,,True
CSH0007994,CUS0007994,SEG-MASS,2020-02-27,,True
CSH0007995,CUS0007995,SEG-AFFL,2019-03-08,,True
CSH0007996,CUS0007996,SEG-AFFL,2025-03-20,,True
CSH0007997,CUS0007997,SEG-MAFF,2022-05-03,,True
CSH0007998,CUS0007998,SEG-AFFL,2021-01-01,,True
CSH0007999,CUS0007999,SEG-MASS,2018-12-24,,True
CSH0008000,CUS0008000,SEG-MAFF,2021-01-16,,True
CSH0008001,CUS0008001,SEG-AFFL,2022-01-24,,True
CSH0008002,CUS0008002,SEG-CORP,2018-11-16,,True
CSH0008003,CUS0008003,SEG-SME,2024-01-29,,True
CSH0008004,CUS0008004,SEG-MASS,2021-10-11,,True
CSH0008005,CUS0008005,SEG-CORP,2022-07-25,,True
CSH0008006,CUS0008006,SEG-CORP,2020-01-13,,True
CSH0008007,CUS0008007,SEG-AFFL,2022-06-07,,True
CSH0008008,CUS0008008,SEG-MAFF,2018-11-23,,True
CSH0008009,CUS0008009,SEG-MASS,2023-09-11,,True
CSH0008010,CUS0008010,SEG-MAFF,2018-06-20,,True
CSH0008011,CUS0008011,SEG-MAFF,2019-01-16,,True
CSH0008012,CUS0008012,SEG-MAFF,2021-12-12,,True
CSH0008013,CUS0008013,SEG-AFFL,2021-04-27,,True
CSH0008014,CUS0008014,SEG-MASS,2024-04-14,,True
CSH0008015,CUS0008015,SEG-SME,2024-05-12,,True
CSH0008016,CUS0008016,SEG-AFFL,2023-12-30,,True
CSH0008017,CUS0008017,SEG-MAFF,2019-10-03,,True
CSH0008018,CUS0008018,SEG-MAFF,2025-09-14,,True
CSH0008019,CUS0008019,SEG-PRIV,2025-01-10,,True
CSH0008020,CUS0008020,SEG-CORP,2025-01-02,,True
CSH0008021,CUS0008021,SEG-MASS,2019-02-26,,True
CSH0008022,CUS0008022,SEG-AFFL,2024-09-21,,True
CSH0008023,CUS0008023,SEG-MAFF,2025-10-22,,True
CSH0008024,CUS0008024,SEG-AFFL,2020-10-14,,True
CSH0008025,CUS0008025,SEG-AFFL,2019-09-04,,True
CSH0008026,CUS0008026,SEG-SME,2024-12-20,,True
CSH0008027,CUS0008027,SEG-AFFL,2026-04-23,,True
CSH0008028,CUS0008028,SEG-MAFF,2023-01-26,,True
CSH0008029,CUS0008029,SEG-MASS,2018-09-19,,True
CSH0008030,CUS0008030,SEG-CORP,2022-05-20,,True
CSH0008031,CUS0008031,SEG-MAFF,2022-01-29,,True
CSH0008032,CUS0008032,SEG-AFFL,2023-06-26,,True
CSH0008033,CUS0008033,SEG-AFFL,2021-11-14,,True
CSH0008034,CUS0008034,SEG-MAFF,2021-08-07,,True
CSH0008035,CUS0008035,SEG-MASS,2022-06-25,,True
CSH0008036,CUS0008036,SEG-MASS,2021-11-24,,True
CSH0008037,CUS0008037,SEG-MASS,2024-08-20,,True
CSH0008038,CUS0008038,SEG-SME,2023-10-22,,True
CSH0008039,CUS0008039,SEG-MASS,2020-11-19,,True
CSH0008040,CUS0008040,SEG-PRIV,2023-01-21,,True
CSH0008041,CUS0008041,SEG-MAFF,2025-04-08,,True
CSH0008042,CUS0008042,SEG-MASS,2024-01-21,,True
CSH0008043,CUS0008043,SEG-MASS,2024-03-07,,True
CSH0008044,CUS0008044,SEG-CORP,2019-11-01,,True
CSH0008045,CUS0008045,SEG-MAFF,2024-02-13,,True
CSH0008046,CUS0008046,SEG-MASS,2023-06-03,,True
CSH0008047,CUS0008047,SEG-AFFL,2018-06-07,,True
CSH0008048,CUS0008048,SEG-MASS,2026-01-12,,True
CSH0008049,CUS0008049,SEG-AFFL,2021-10-21,,True
CSH0008050,CUS0008050,SEG-MASS,2018-11-05,,True
CSH0008051,CUS0008051,SEG-PRIV,2022-11-18,,True
CSH0008052,CUS0008052,SEG-PRIV,2024-07-26,,True
CSH0008053,CUS0008053,SEG-SME,2023-02-16,,True
CSH0008054,CUS0008054,SEG-MAFF,2025-05-11,,True
CSH0008055,CUS0008055,SEG-MAFF,2020-08-19,,True
CSH0008056,CUS0008056,SEG-MAFF,2025-10-23,,True
CSH0008057,CUS0008057,SEG-AFFL,2023-04-03,,True
CSH0008058,CUS0008058,SEG-MASS,2024-04-28,,True
CSH0008059,CUS0008059,SEG-MAFF,2018-10-30,,True
CSH0008060,CUS0008060,SEG-MAFF,2020-05-04,,True
CSH0008061,CUS0008061,SEG-PRIV,2021-02-13,,True
CSH0008062,CUS0008062,SEG-MASS,2019-04-10,,True
CSH0008063,CUS0008063,SEG-MASS,2020-05-11,,True
CSH0008064,CUS0008064,SEG-MASS,2020-01-19,,True
CSH0008065,CUS0008065,SEG-MAFF,2022-01-08,,True
CSH0008066,CUS0008066,SEG-MAFF,2026-03-04,,True
CSH0008067,CUS0008067,SEG-CORP,2018-09-28,,True
CSH0008068,CUS0008068,SEG-AFFL,2025-08-10,,True
CSH0008069,CUS0008069,SEG-MAFF,2025-10-17,,True
CSH0008070,CUS0008070,SEG-PRIV,2020-01-24,,True
CSH0008071,CUS0008071,SEG-SME,2025-01-18,,True
CSH0008072,CUS0008072,SEG-AFFL,2021-10-05,,True
CSH0008073,CUS0008073,SEG-MASS,2024-11-22,,True
CSH0008074,CUS0008074,SEG-SME,2020-05-15,,True
CSH0008075,CUS0008075,SEG-CORP,2018-01-25,,True
CSH0008076,CUS0008076,SEG-MAFF,2024-04-26,,True
CSH0008077,CUS0008077,SEG-CORP,2025-03-07,,True
CSH0008078,CUS0008078,SEG-PRIV,2020-07-31,,True
CSH0008079,CUS0008079,SEG-SME,2023-05-06,,True
CSH0008080,CUS0008080,SEG-CORP,2024-03-18,,True
CSH0008081,CUS0008081,SEG-MAFF,2020-10-13,,True
CSH0008082,CUS0008082,SEG-AFFL,2023-11-30,,True
CSH0008083,CUS0008083,SEG-MASS,2023-09-27,,True
CSH0008084,CUS0008084,SEG-MAFF,2026-03-07,,True
CSH0008085,CUS0008085,SEG-AFFL,2018-08-02,,True
CSH0008086,CUS0008086,SEG-MAFF,2020-07-16,,True
CSH0008087,CUS0008087,SEG-MAFF,2025-06-07,,True
CSH0008088,CUS0008088,SEG-PRIV,2021-08-29,,True
CSH0008089,CUS0008089,SEG-MASS,2019-12-25,,True
CSH0008090,CUS0008090,SEG-SME,2018-09-20,,True
CSH0008091,CUS0008091,SEG-MAFF,2025-11-25,,True
CSH0008092,CUS0008092,SEG-AFFL,2020-04-01,,True
CSH0008093,CUS0008093,SEG-MAFF,2018-05-08,,True
CSH0008094,CUS0008094,SEG-MASS,2025-07-29,,True
CSH0008095,CUS0008095,SEG-MASS,2019-01-29,,True
CSH0008096,CUS0008096,SEG-MASS,2019-09-06,,True
CSH0008097,CUS0008097,SEG-PRIV,2021-09-10,,True
CSH0008098,CUS0008098,SEG-MASS,2022-05-14,,True
CSH0008099,CUS0008099,SEG-MASS,2025-11-24,,True
CSH0008100,CUS0008100,SEG-MASS,2025-08-14,,True
CSH0008101,CUS0008101,SEG-MAFF,2020-05-09,,True
CSH0008102,CUS0008102,SEG-MAFF,2022-12-12,,True
CSH0008103,CUS0008103,SEG-MASS,2019-09-03,,True
CSH0008104,CUS0008104,SEG-AFFL,2025-04-19,,True
CSH0008105,CUS0008105,SEG-MASS,2018-03-05,,True
CSH0008106,CUS0008106,SEG-MAFF,2021-06-13,,True
CSH0008107,CUS0008107,SEG-MAFF,2023-06-28,,True
CSH0008108,CUS0008108,SEG-MASS,2022-07-20,,True
CSH0008109,CUS0008109,SEG-AFFL,2023-06-10,,True
CSH0008110,CUS0008110,SEG-MAFF,2022-06-15,,True
CSH0008111,CUS0008111,SEG-MASS,2020-06-26,,True
CSH0008112,CUS0008112,SEG-MASS,2021-02-03,,True
CSH0008113,CUS0008113,SEG-MAFF,2020-08-29,,True
CSH0008114,CUS0008114,SEG-MASS,2025-10-02,,True
CSH0008115,CUS0008115,SEG-MASS,2019-11-06,,True
CSH0008116,CUS0008116,SEG-AFFL,2023-02-22,,True
CSH0008117,CUS0008117,SEG-AFFL,2020-11-18,,True
CSH0008118,CUS0008118,SEG-MAFF,2025-12-03,,True
CSH0008119,CUS0008119,SEG-MAFF,2022-06-16,,True
CSH0008120,CUS0008120,SEG-AFFL,2025-11-21,,True
CSH0008121,CUS0008121,SEG-PRIV,2019-03-30,,True
CSH0008122,CUS0008122,SEG-MAFF,2022-04-23,,True
CSH0008123,CUS0008123,SEG-SME,2022-04-01,,True
CSH0008124,CUS0008124,SEG-MAFF,2020-04-15,,True
CSH0008125,CUS0008125,SEG-MASS,2024-05-09,,True
CSH0008126,CUS0008126,SEG-SME,2018-10-29,,True
CSH0008127,CUS0008127,SEG-MASS,2025-08-19,,True
CSH0008128,CUS0008128,SEG-PRIV,2021-10-04,,True
CSH0008129,CUS0008129,SEG-AFFL,2022-06-02,,True
CSH0008130,CUS0008130,SEG-AFFL,2021-12-23,,True
CSH0008131,CUS0008131,SEG-SME,2021-12-09,,True
CSH0008132,CUS0008132,SEG-MASS,2022-10-02,,True
CSH0008133,CUS0008133,SEG-MAFF,2020-02-21,,True
CSH0008134,CUS0008134,SEG-MASS,2018-02-26,,True
CSH0008135,CUS0008135,SEG-MASS,2020-03-12,,True
CSH0008136,CUS0008136,SEG-AFFL,2018-12-26,,True
CSH0008137,CUS0008137,SEG-AFFL,2025-02-06,,True
CSH0008138,CUS0008138,SEG-PRIV,2023-01-04,,True
CSH0008139,CUS0008139,SEG-AFFL,2018-03-24,,True
CSH0008140,CUS0008140,SEG-PRIV,2020-09-23,,True
CSH0008141,CUS0008141,SEG-MAFF,2025-09-05,,True
CSH0008142,CUS0008142,SEG-MASS,2018-07-02,,True
CSH0008143,CUS0008143,SEG-SME,2025-08-25,,True
CSH0008144,CUS0008144,SEG-MAFF,2026-03-11,,True
CSH0008145,CUS0008145,SEG-MASS,2024-09-16,,True
CSH0008146,CUS0008146,SEG-AFFL,2025-12-10,,True
CSH0008147,CUS0008147,SEG-MAFF,2024-12-02,,True
CSH0008148,CUS0008148,SEG-AFFL,2026-01-12,,True
CSH0008149,CUS0008149,SEG-MAFF,2019-03-06,,True
CSH0008150,CUS0008150,SEG-MAFF,2024-03-29,,True
CSH0008151,CUS0008151,SEG-AFFL,2021-08-01,,True
CSH0008152,CUS0008152,SEG-AFFL,2025-07-12,,True
CSH0008153,CUS0008153,SEG-MAFF,2021-08-31,,True
CSH0008154,CUS0008154,SEG-AFFL,2023-09-01,,True
CSH0008155,CUS0008155,SEG-SME,2022-10-02,,True
CSH0008156,CUS0008156,SEG-PRIV,2018-07-17,,True
CSH0008157,CUS0008157,SEG-MASS,2019-09-10,,True
CSH0008158,CUS0008158,SEG-MASS,2025-09-14,,True
CSH0008159,CUS0008159,SEG-MAFF,2023-01-28,,True
CSH0008160,CUS0008160,SEG-PRIV,2019-03-24,,True
CSH0008161,CUS0008161,SEG-MAFF,2019-09-14,,True
CSH0008162,CUS0008162,SEG-MAFF,2022-07-09,,True
CSH0008163,CUS0008163,SEG-CORP,2024-09-24,,True
CSH0008164,CUS0008164,SEG-SME,2025-03-23,,True
CSH0008165,CUS0008165,SEG-MAFF,2022-07-03,,True
CSH0008166,CUS0008166,SEG-MASS,2023-11-04,,True
CSH0008167,CUS0008167,SEG-CORP,2025-05-27,,True
CSH0008168,CUS0008168,SEG-MAFF,2022-08-26,,True
CSH0008169,CUS0008169,SEG-SME,2021-12-01,,True
CSH0008170,CUS0008170,SEG-AFFL,2024-08-04,,True
CSH0008171,CUS0008171,SEG-AFFL,2018-03-09,,True
CSH0008172,CUS0008172,SEG-MAFF,2020-09-21,,True
CSH0008173,CUS0008173,SEG-MASS,2019-07-28,,True
CSH0008174,CUS0008174,SEG-MASS,2023-07-21,,True
CSH0008175,CUS0008175,SEG-CORP,2022-03-21,,True
CSH0008176,CUS0008176,SEG-PRIV,2025-08-08,,True
CSH0008177,CUS0008177,SEG-AFFL,2024-03-21,,True
CSH0008178,CUS0008178,SEG-AFFL,2018-07-29,,True
CSH0008179,CUS0008179,SEG-AFFL,2021-01-04,,True
CSH0008180,CUS0008180,SEG-MASS,2018-06-13,,True
CSH0008181,CUS0008181,SEG-AFFL,2020-02-24,,True
CSH0008182,CUS0008182,SEG-MASS,2018-02-22,,True
CSH0008183,CUS0008183,SEG-MASS,2025-08-29,,True
CSH0008184,CUS0008184,SEG-PRIV,2021-02-18,,True
CSH0008185,CUS0008185,SEG-MAFF,2025-01-08,,True
CSH0008186,CUS0008186,SEG-PRIV,2021-04-18,,True
CSH0008187,CUS0008187,SEG-MASS,2018-06-04,,True
CSH0008188,CUS0008188,SEG-MAFF,2022-06-16,,True
CSH0008189,CUS0008189,SEG-MAFF,2018-08-31,,True
CSH0008190,CUS0008190,SEG-AFFL,2019-04-27,,True
CSH0008191,CUS0008191,SEG-MASS,2024-09-05,,True
CSH0008192,CUS0008192,SEG-PRIV,2024-03-26,,True
CSH0008193,CUS0008193,SEG-SME,2022-08-18,,True
CSH0008194,CUS0008194,SEG-AFFL,2020-12-01,,True
CSH0008195,CUS0008195,SEG-AFFL,2021-02-02,,True
CSH0008196,CUS0008196,SEG-MASS,2025-09-28,,True
CSH0008197,CUS0008197,SEG-MAFF,2024-01-28,,True
CSH0008198,CUS0008198,SEG-MAFF,2020-02-09,,True
CSH0008199,CUS0008199,SEG-MASS,2018-05-26,,True
CSH0008200,CUS0008200,SEG-SME,2025-03-29,,True
CSH0008201,CUS0008201,SEG-MASS,2022-03-12,,True
CSH0008202,CUS0008202,SEG-MASS,2023-09-10,,True
CSH0008203,CUS0008203,SEG-MAFF,2024-05-27,,True
CSH0008204,CUS0008204,SEG-AFFL,2019-11-05,,True
CSH0008205,CUS0008205,SEG-AFFL,2024-12-01,,True
CSH0008206,CUS0008206,SEG-MAFF,2026-03-20,,True
CSH0008207,CUS0008207,SEG-AFFL,2018-02-10,,True
CSH0008208,CUS0008208,SEG-MAFF,2020-10-15,,True
CSH0008209,CUS0008209,SEG-AFFL,2020-11-07,,True
CSH0008210,CUS0008210,SEG-AFFL,2021-11-14,,True
CSH0008211,CUS0008211,SEG-MASS,2020-10-25,,True
CSH0008212,CUS0008212,SEG-MASS,2023-11-19,,True
CSH0008213,CUS0008213,SEG-MAFF,2026-02-06,,True
CSH0008214,CUS0008214,SEG-MASS,2019-11-27,,True
CSH0008215,CUS0008215,SEG-AFFL,2020-12-21,,True
CSH0008216,CUS0008216,SEG-MASS,2023-02-07,,True
CSH0008217,CUS0008217,SEG-MAFF,2018-04-30,,True
CSH0008218,CUS0008218,SEG-MAFF,2024-07-22,,True
CSH0008219,CUS0008219,SEG-MASS,2018-03-24,,True
CSH0008220,CUS0008220,SEG-MASS,2022-10-28,,True
CSH0008221,CUS0008221,SEG-MASS,2022-02-23,,True
CSH0008222,CUS0008222,SEG-MASS,2018-06-11,,True
CSH0008223,CUS0008223,SEG-AFFL,2022-04-14,,True
CSH0008224,CUS0008224,SEG-PRIV,2025-07-07,,True
CSH0008225,CUS0008225,SEG-MAFF,2018-03-25,,True
CSH0008226,CUS0008226,SEG-MAFF,2020-10-02,,True
CSH0008227,CUS0008227,SEG-SME,2025-08-09,,True
CSH0008228,CUS0008228,SEG-CORP,2025-10-04,,True
CSH0008229,CUS0008229,SEG-AFFL,2021-08-31,,True
CSH0008230,CUS0008230,SEG-CORP,2025-11-01,,True
CSH0008231,CUS0008231,SEG-MASS,2021-01-04,,True
CSH0008232,CUS0008232,SEG-SME,2019-10-05,,True
CSH0008233,CUS0008233,SEG-MASS,2023-12-19,,True
CSH0008234,CUS0008234,SEG-MASS,2024-04-26,,True
CSH0008235,CUS0008235,SEG-MASS,2025-12-06,,True
CSH0008236,CUS0008236,SEG-MASS,2023-12-04,,True
CSH0008237,CUS0008237,SEG-PRIV,2025-08-18,,True
CSH0008238,CUS0008238,SEG-MAFF,2021-08-14,,True
CSH0008239,CUS0008239,SEG-MAFF,2026-03-23,,True
CSH0008240,CUS0008240,SEG-MAFF,2023-04-17,,True
CSH0008241,CUS0008241,SEG-SME,2018-10-16,,True
CSH0008242,CUS0008242,SEG-SME,2019-05-28,,True
CSH0008243,CUS0008243,SEG-CORP,2025-10-28,,True
CSH0008244,CUS0008244,SEG-AFFL,2024-04-16,,True
CSH0008245,CUS0008245,SEG-AFFL,2020-12-12,,True
CSH0008246,CUS0008246,SEG-MAFF,2021-01-03,,True
CSH0008247,CUS0008247,SEG-MAFF,2023-07-15,,True
CSH0008248,CUS0008248,SEG-AFFL,2020-08-28,,True
CSH0008249,CUS0008249,SEG-AFFL,2025-06-21,,True
CSH0008250,CUS0008250,SEG-MAFF,2022-01-13,,True
CSH0008251,CUS0008251,SEG-SME,2026-02-17,,True
CSH0008252,CUS0008252,SEG-PRIV,2019-07-01,,True
CSH0008253,CUS0008253,SEG-MASS,2022-12-06,,True
CSH0008254,CUS0008254,SEG-AFFL,2019-05-29,,True
CSH0008255,CUS0008255,SEG-AFFL,2023-11-28,,True
CSH0008256,CUS0008256,SEG-CORP,2022-04-08,,True
CSH0008257,CUS0008257,SEG-AFFL,2019-02-10,,True
CSH0008258,CUS0008258,SEG-MASS,2022-11-24,,True
CSH0008259,CUS0008259,SEG-AFFL,2025-10-08,,True
CSH0008260,CUS0008260,SEG-MASS,2022-09-15,,True
CSH0008261,CUS0008261,SEG-MASS,2023-08-07,,True
CSH0008262,CUS0008262,SEG-MAFF,2018-07-28,,True
CSH0008263,CUS0008263,SEG-AFFL,2025-08-25,,True
CSH0008264,CUS0008264,SEG-SME,2023-06-02,,True
CSH0008265,CUS0008265,SEG-MASS,2018-09-26,,True
CSH0008266,CUS0008266,SEG-PRIV,2021-05-01,,True
CSH0008267,CUS0008267,SEG-SME,2021-08-30,,True
CSH0008268,CUS0008268,SEG-MAFF,2021-01-30,,True
CSH0008269,CUS0008269,SEG-MAFF,2024-11-07,,True
CSH0008270,CUS0008270,SEG-AFFL,2021-01-31,,True
CSH0008271,CUS0008271,SEG-SME,2021-11-23,,True
CSH0008272,CUS0008272,SEG-MAFF,2020-10-14,,True
CSH0008273,CUS0008273,SEG-MASS,2019-06-10,,True
CSH0008274,CUS0008274,SEG-PRIV,2020-01-13,,True
CSH0008275,CUS0008275,SEG-MAFF,2025-02-18,,True
CSH0008276,CUS0008276,SEG-MASS,2019-02-22,,True
CSH0008277,CUS0008277,SEG-AFFL,2019-03-23,,True
CSH0008278,CUS0008278,SEG-CORP,2025-01-26,,True
CSH0008279,CUS0008279,SEG-MASS,2023-08-27,,True
CSH0008280,CUS0008280,SEG-MAFF,2023-07-12,,True
CSH0008281,CUS0008281,SEG-SME,2025-04-26,,True
CSH0008282,CUS0008282,SEG-MASS,2026-02-18,,True
CSH0008283,CUS0008283,SEG-SME,2018-03-19,,True
CSH0008284,CUS0008284,SEG-MAFF,2018-01-01,,True
CSH0008285,CUS0008285,SEG-MASS,2018-01-17,,True
CSH0008286,CUS0008286,SEG-SME,2023-04-26,,True
CSH0008287,CUS0008287,SEG-MASS,2026-04-13,,True
CSH0008288,CUS0008288,SEG-MAFF,2024-10-29,,True
CSH0008289,CUS0008289,SEG-MASS,2024-10-18,,True
CSH0008290,CUS0008290,SEG-CORP,2020-07-23,,True
CSH0008291,CUS0008291,SEG-MAFF,2021-06-06,,True
CSH0008292,CUS0008292,SEG-AFFL,2019-10-03,,True
CSH0008293,CUS0008293,SEG-MASS,2020-01-02,,True
CSH0008294,CUS0008294,SEG-MAFF,2026-03-02,,True
CSH0008295,CUS0008295,SEG-MAFF,2025-07-11,,True
CSH0008296,CUS0008296,SEG-MASS,2021-05-07,,True
CSH0008297,CUS0008297,SEG-AFFL,2020-08-23,,True
CSH0008298,CUS0008298,SEG-PRIV,2024-05-24,,True
CSH0008299,CUS0008299,SEG-MASS,2025-06-26,,True
CSH0008300,CUS0008300,SEG-AFFL,2025-03-20,,True
CSH0008301,CUS0008301,SEG-AFFL,2025-08-24,,True
CSH0008302,CUS0008302,SEG-AFFL,2025-12-31,,True
CSH0008303,CUS0008303,SEG-MAFF,2019-04-18,,True
CSH0008304,CUS0008304,SEG-MAFF,2022-04-01,,True
CSH0008305,CUS0008305,SEG-MAFF,2019-03-08,,True
CSH0008306,CUS0008306,SEG-MAFF,2024-03-09,,True
CSH0008307,CUS0008307,SEG-AFFL,2022-06-29,,True
CSH0008308,CUS0008308,SEG-AFFL,2020-05-01,,True
CSH0008309,CUS0008309,SEG-SME,2024-01-09,,True
CSH0008310,CUS0008310,SEG-CORP,2018-03-06,,True
CSH0008311,CUS0008311,SEG-SME,2024-07-15,,True
CSH0008312,CUS0008312,SEG-MAFF,2023-07-04,,True
CSH0008313,CUS0008313,SEG-MASS,2019-07-13,,True
CSH0008314,CUS0008314,SEG-MASS,2019-03-30,,True
CSH0008315,CUS0008315,SEG-MASS,2019-08-23,,True
CSH0008316,CUS0008316,SEG-MASS,2018-05-25,,True
CSH0008317,CUS0008317,SEG-MASS,2023-10-10,,True
CSH0008318,CUS0008318,SEG-MAFF,2019-11-22,,True
CSH0008319,CUS0008319,SEG-AFFL,2024-07-08,,True
CSH0008320,CUS0008320,SEG-PRIV,2021-08-05,,True
CSH0008321,CUS0008321,SEG-MAFF,2020-10-29,,True
CSH0008322,CUS0008322,SEG-MASS,2025-04-20,,True
CSH0008323,CUS0008323,SEG-MAFF,2023-04-25,,True
CSH0008324,CUS0008324,SEG-AFFL,2019-04-04,,True
CSH0008325,CUS0008325,SEG-AFFL,2024-09-29,,True
CSH0008326,CUS0008326,SEG-SME,2025-10-17,,True
CSH0008327,CUS0008327,SEG-MASS,2025-01-09,,True
CSH0008328,CUS0008328,SEG-PRIV,2021-06-21,,True
CSH0008329,CUS0008329,SEG-MAFF,2024-06-07,,True
CSH0008330,CUS0008330,SEG-MASS,2018-02-13,,True
CSH0008331,CUS0008331,SEG-SME,2018-02-26,,True
CSH0008332,CUS0008332,SEG-MASS,2025-03-18,,True
CSH0008333,CUS0008333,SEG-MASS,2022-07-17,,True
CSH0008334,CUS0008334,SEG-AFFL,2022-09-17,,True
CSH0008335,CUS0008335,SEG-AFFL,2020-09-11,,True
CSH0008336,CUS0008336,SEG-MAFF,2020-06-22,,True
CSH0008337,CUS0008337,SEG-MAFF,2020-01-28,,True
CSH0008338,CUS0008338,SEG-CORP,2023-09-07,,True
CSH0008339,CUS0008339,SEG-AFFL,2018-02-27,,True
CSH0008340,CUS0008340,SEG-AFFL,2020-11-10,,True
CSH0008341,CUS0008341,SEG-AFFL,2021-05-21,,True
CSH0008342,CUS0008342,SEG-AFFL,2025-04-25,,True
CSH0008343,CUS0008343,SEG-AFFL,2019-02-25,,True
CSH0008344,CUS0008344,SEG-MAFF,2024-01-01,,True
CSH0008345,CUS0008345,SEG-MASS,2019-07-24,,True
CSH0008346,CUS0008346,SEG-MAFF,2019-06-11,,True
CSH0008347,CUS0008347,SEG-MASS,2022-06-21,,True
CSH0008348,CUS0008348,SEG-AFFL,2020-01-06,,True
CSH0008349,CUS0008349,SEG-AFFL,2025-09-23,,True
CSH0008350,CUS0008350,SEG-MASS,2022-01-14,,True
CSH0008351,CUS0008351,SEG-MASS,2019-09-15,,True
CSH0008352,CUS0008352,SEG-CORP,2024-06-04,,True
CSH0008353,CUS0008353,SEG-MASS,2023-08-08,,True
CSH0008354,CUS0008354,SEG-PRIV,2019-05-08,,True
CSH0008355,CUS0008355,SEG-AFFL,2020-06-18,,True
CSH0008356,CUS0008356,SEG-AFFL,2022-03-17,,True
CSH0008357,CUS0008357,SEG-AFFL,2019-02-13,,True
CSH0008358,CUS0008358,SEG-SME,2025-09-10,,True
CSH0008359,CUS0008359,SEG-AFFL,2020-04-27,,True
CSH0008360,CUS0008360,SEG-MASS,2023-06-03,,True
CSH0008361,CUS0008361,SEG-MAFF,2020-07-05,,True
CSH0008362,CUS0008362,SEG-MAFF,2026-04-01,,True
CSH0008363,CUS0008363,SEG-MAFF,2018-04-21,,True
CSH0008364,CUS0008364,SEG-MAFF,2023-10-30,,True
CSH0008365,CUS0008365,SEG-SME,2019-07-29,,True
CSH0008366,CUS0008366,SEG-MAFF,2020-01-17,,True
CSH0008367,CUS0008367,SEG-CORP,2025-12-19,,True
CSH0008368,CUS0008368,SEG-MAFF,2025-05-25,,True
CSH0008369,CUS0008369,SEG-SME,2022-01-19,,True
CSH0008370,CUS0008370,SEG-MASS,2022-09-22,,True
CSH0008371,CUS0008371,SEG-MASS,2022-09-14,,True
CSH0008372,CUS0008372,SEG-MASS,2018-08-18,,True
CSH0008373,CUS0008373,SEG-AFFL,2025-12-17,,True
CSH0008374,CUS0008374,SEG-PRIV,2022-10-04,,True
CSH0008375,CUS0008375,SEG-MASS,2022-11-19,,True
CSH0008376,CUS0008376,SEG-MASS,2018-01-17,,True
CSH0008377,CUS0008377,SEG-MAFF,2018-08-17,,True
CSH0008378,CUS0008378,SEG-AFFL,2021-09-08,,True
CSH0008379,CUS0008379,SEG-AFFL,2022-12-14,,True
CSH0008380,CUS0008380,SEG-MAFF,2024-09-12,,True
CSH0008381,CUS0008381,SEG-MASS,2022-09-07,,True
CSH0008382,CUS0008382,SEG-MAFF,2021-11-15,,True
CSH0008383,CUS0008383,SEG-AFFL,2021-09-21,,True
CSH0008384,CUS0008384,SEG-SME,2024-12-27,,True
CSH0008385,CUS0008385,SEG-AFFL,2025-08-18,,True
CSH0008386,CUS0008386,SEG-MAFF,2021-05-09,,True
CSH0008387,CUS0008387,SEG-MAFF,2024-10-01,,True
CSH0008388,CUS0008388,SEG-SME,2018-09-21,,True
CSH0008389,CUS0008389,SEG-AFFL,2025-06-17,,True
CSH0008390,CUS0008390,SEG-AFFL,2024-09-25,,True
CSH0008391,CUS0008391,SEG-AFFL,2018-06-09,,True
CSH0008392,CUS0008392,SEG-MAFF,2019-04-27,,True
CSH0008393,CUS0008393,SEG-AFFL,2019-04-14,,True
CSH0008394,CUS0008394,SEG-MASS,2025-06-05,,True
CSH0008395,CUS0008395,SEG-MAFF,2020-02-02,,True
CSH0008396,CUS0008396,SEG-CORP,2019-09-09,,True
CSH0008397,CUS0008397,SEG-AFFL,2023-07-14,,True
CSH0008398,CUS0008398,SEG-SME,2024-06-13,,True
CSH0008399,CUS0008399,SEG-AFFL,2019-08-01,,True
CSH0008400,CUS0008400,SEG-MASS,2023-02-27,,True
CSH0008401,CUS0008401,SEG-SME,2023-11-25,,True
CSH0008402,CUS0008402,SEG-MASS,2025-12-18,,True
CSH0008403,CUS0008403,SEG-PRIV,2023-04-14,,True
CSH0008404,CUS0008404,SEG-MAFF,2025-08-11,,True
CSH0008405,CUS0008405,SEG-MAFF,2023-09-23,,True
CSH0008406,CUS0008406,SEG-PRIV,2021-03-30,,True
CSH0008407,CUS0008407,SEG-MASS,2021-03-07,,True
CSH0008408,CUS0008408,SEG-MASS,2021-06-06,,True
CSH0008409,CUS0008409,SEG-SME,2022-06-15,,True
CSH0008410,CUS0008410,SEG-CORP,2023-08-01,,True
CSH0008411,CUS0008411,SEG-MAFF,2022-04-29,,True
CSH0008412,CUS0008412,SEG-CORP,2020-05-14,,True
CSH0008413,CUS0008413,SEG-MAFF,2021-03-24,,True
CSH0008414,CUS0008414,SEG-MASS,2022-03-04,,True
CSH0008415,CUS0008415,SEG-MASS,2018-08-11,,True
CSH0008416,CUS0008416,SEG-MAFF,2023-08-04,,True
CSH0008417,CUS0008417,SEG-PRIV,2021-10-03,,True
CSH0008418,CUS0008418,SEG-SME,2023-11-25,,True
CSH0008419,CUS0008419,SEG-AFFL,2018-02-09,,True
CSH0008420,CUS0008420,SEG-PRIV,2022-05-22,,True
CSH0008421,CUS0008421,SEG-MAFF,2022-10-15,,True
CSH0008422,CUS0008422,SEG-PRIV,2022-06-03,,True
CSH0008423,CUS0008423,SEG-MAFF,2021-08-07,,True
CSH0008424,CUS0008424,SEG-MAFF,2026-03-10,,True
CSH0008425,CUS0008425,SEG-SME,2018-01-01,,True
CSH0008426,CUS0008426,SEG-PRIV,2025-12-14,,True
CSH0008427,CUS0008427,SEG-AFFL,2019-03-14,,True
CSH0008428,CUS0008428,SEG-MAFF,2023-01-03,,True
CSH0008429,CUS0008429,SEG-MAFF,2023-01-23,,True
CSH0008430,CUS0008430,SEG-AFFL,2023-05-05,,True
CSH0008431,CUS0008431,SEG-MASS,2019-02-03,,True
CSH0008432,CUS0008432,SEG-AFFL,2022-05-07,,True
CSH0008433,CUS0008433,SEG-AFFL,2020-01-17,,True
CSH0008434,CUS0008434,SEG-MASS,2024-04-04,,True
CSH0008435,CUS0008435,SEG-MAFF,2020-10-20,,True
CSH0008436,CUS0008436,SEG-MAFF,2022-08-16,,True
CSH0008437,CUS0008437,SEG-AFFL,2022-12-08,,True
CSH0008438,CUS0008438,SEG-AFFL,2018-08-16,,True
CSH0008439,CUS0008439,SEG-AFFL,2022-10-10,,True
CSH0008440,CUS0008440,SEG-CORP,2021-10-21,,True
CSH0008441,CUS0008441,SEG-SME,2020-05-30,,True
CSH0008442,CUS0008442,SEG-MAFF,2020-12-04,,True
CSH0008443,CUS0008443,SEG-AFFL,2025-02-02,,True
CSH0008444,CUS0008444,SEG-MAFF,2022-06-24,,True
CSH0008445,CUS0008445,SEG-AFFL,2020-05-15,,True
CSH0008446,CUS0008446,SEG-MASS,2022-09-28,,True
CSH0008447,CUS0008447,SEG-PRIV,2018-04-27,,True
CSH0008448,CUS0008448,SEG-AFFL,2018-04-06,,True
CSH0008449,CUS0008449,SEG-CORP,2019-04-11,,True
CSH0008450,CUS0008450,SEG-MASS,2025-10-07,,True
CSH0008451,CUS0008451,SEG-AFFL,2025-12-13,,True
CSH0008452,CUS0008452,SEG-MAFF,2018-08-05,,True
CSH0008453,CUS0008453,SEG-MAFF,2020-05-22,,True
CSH0008454,CUS0008454,SEG-AFFL,2021-12-26,,True
CSH0008455,CUS0008455,SEG-SME,2019-04-17,,True
CSH0008456,CUS0008456,SEG-PRIV,2021-06-26,,True
CSH0008457,CUS0008457,SEG-CORP,2018-03-02,,True
CSH0008458,CUS0008458,SEG-MAFF,2019-12-19,,True
CSH0008459,CUS0008459,SEG-MASS,2019-03-20,,True
CSH0008460,CUS0008460,SEG-AFFL,2024-02-01,,True
CSH0008461,CUS0008461,SEG-MAFF,2025-05-01,,True
CSH0008462,CUS0008462,SEG-SME,2024-02-11,,True
CSH0008463,CUS0008463,SEG-CORP,2019-03-30,,True
CSH0008464,CUS0008464,SEG-CORP,2021-10-21,,True
CSH0008465,CUS0008465,SEG-AFFL,2018-02-04,,True
CSH0008466,CUS0008466,SEG-MASS,2026-03-31,,True
CSH0008467,CUS0008467,SEG-MAFF,2021-12-31,,True
CSH0008468,CUS0008468,SEG-AFFL,2020-01-14,,True
CSH0008469,CUS0008469,SEG-MASS,2022-05-16,,True
CSH0008470,CUS0008470,SEG-SME,2018-12-24,,True
CSH0008471,CUS0008471,SEG-PRIV,2019-08-13,,True
CSH0008472,CUS0008472,SEG-CORP,2021-10-03,,True
CSH0008473,CUS0008473,SEG-CORP,2021-05-31,,True
CSH0008474,CUS0008474,SEG-AFFL,2021-11-23,,True
CSH0008475,CUS0008475,SEG-MASS,2020-02-11,,True
CSH0008476,CUS0008476,SEG-MASS,2021-03-18,,True
CSH0008477,CUS0008477,SEG-PRIV,2020-12-11,,True
CSH0008478,CUS0008478,SEG-SME,2021-03-31,,True
CSH0008479,CUS0008479,SEG-AFFL,2026-03-07,,True
CSH0008480,CUS0008480,SEG-AFFL,2021-12-27,,True
CSH0008481,CUS0008481,SEG-AFFL,2023-10-11,,True
CSH0008482,CUS0008482,SEG-CORP,2018-12-15,,True
CSH0008483,CUS0008483,SEG-MAFF,2019-03-09,,True
CSH0008484,CUS0008484,SEG-MASS,2021-06-20,,True
CSH0008485,CUS0008485,SEG-MAFF,2025-07-03,,True
CSH0008486,CUS0008486,SEG-MAFF,2019-03-31,,True
CSH0008487,CUS0008487,SEG-MASS,2020-10-07,,True
CSH0008488,CUS0008488,SEG-MASS,2023-06-20,,True
CSH0008489,CUS0008489,SEG-MASS,2020-11-27,,True
CSH0008490,CUS0008490,SEG-SME,2019-02-13,,True
CSH0008491,CUS0008491,SEG-MAFF,2025-04-03,,True
CSH0008492,CUS0008492,SEG-MAFF,2022-12-21,,True
CSH0008493,CUS0008493,SEG-AFFL,2025-03-20,,True
CSH0008494,CUS0008494,SEG-MAFF,2024-02-07,,True
CSH0008495,CUS0008495,SEG-MASS,2019-01-30,,True
CSH0008496,CUS0008496,SEG-MAFF,2018-09-17,,True
CSH0008497,CUS0008497,SEG-MASS,2019-05-21,,True
CSH0008498,CUS0008498,SEG-MASS,2023-10-06,,True
CSH0008499,CUS0008499,SEG-SME,2024-10-07,,True
CSH0008500,CUS0008500,SEG-AFFL,2023-03-09,,True
CSH0008501,CUS0008501,SEG-PRIV,2024-10-22,,True
CSH0008502,CUS0008502,SEG-SME,2021-09-07,,True
CSH0008503,CUS0008503,SEG-SME,2018-10-18,,True
CSH0008504,CUS0008504,SEG-MASS,2020-09-29,,True
CSH0008505,CUS0008505,SEG-MAFF,2018-08-06,,True
CSH0008506,CUS0008506,SEG-MAFF,2022-06-15,,True
CSH0008507,CUS0008507,SEG-AFFL,2025-09-04,,True
CSH0008508,CUS0008508,SEG-MAFF,2020-04-20,,True
CSH0008509,CUS0008509,SEG-CORP,2024-07-07,,True
CSH0008510,CUS0008510,SEG-AFFL,2020-07-30,,True
CSH0008511,CUS0008511,SEG-MASS,2022-08-24,,True
CSH0008512,CUS0008512,SEG-CORP,2018-12-14,,True
CSH0008513,CUS0008513,SEG-MASS,2019-08-12,,True
CSH0008514,CUS0008514,SEG-MAFF,2019-04-26,,True
CSH0008515,CUS0008515,SEG-AFFL,2023-01-04,,True
CSH0008516,CUS0008516,SEG-MAFF,2023-07-12,,True
CSH0008517,CUS0008517,SEG-CORP,2019-04-29,,True
CSH0008518,CUS0008518,SEG-AFFL,2024-06-24,,True
CSH0008519,CUS0008519,SEG-MASS,2020-10-16,,True
CSH0008520,CUS0008520,SEG-MAFF,2024-10-22,,True
CSH0008521,CUS0008521,SEG-MASS,2018-01-08,,True
CSH0008522,CUS0008522,SEG-MAFF,2025-06-07,,True
CSH0008523,CUS0008523,SEG-AFFL,2019-08-15,,True
CSH0008524,CUS0008524,SEG-MAFF,2020-06-07,,True
CSH0008525,CUS0008525,SEG-SME,2023-12-05,,True
CSH0008526,CUS0008526,SEG-MAFF,2024-12-21,,True
CSH0008527,CUS0008527,SEG-MAFF,2023-08-28,,True
CSH0008528,CUS0008528,SEG-MAFF,2018-03-05,,True
CSH0008529,CUS0008529,SEG-SME,2023-08-14,,True
CSH0008530,CUS0008530,SEG-MAFF,2021-06-03,,True
CSH0008531,CUS0008531,SEG-MASS,2020-12-16,,True
CSH0008532,CUS0008532,SEG-AFFL,2019-09-01,,True
CSH0008533,CUS0008533,SEG-MAFF,2023-12-13,,True
CSH0008534,CUS0008534,SEG-MAFF,2021-03-16,,True
CSH0008535,CUS0008535,SEG-AFFL,2022-11-04,,True
CSH0008536,CUS0008536,SEG-CORP,2022-02-06,,True
CSH0008537,CUS0008537,SEG-MASS,2025-01-09,,True
CSH0008538,CUS0008538,SEG-AFFL,2023-07-31,,True
CSH0008539,CUS0008539,SEG-PRIV,2021-11-25,,True
CSH0008540,CUS0008540,SEG-MAFF,2022-06-30,,True
CSH0008541,CUS0008541,SEG-CORP,2018-12-07,,True
CSH0008542,CUS0008542,SEG-MASS,2021-01-01,,True
CSH0008543,CUS0008543,SEG-MASS,2021-02-04,,True
CSH0008544,CUS0008544,SEG-CORP,2024-09-19,,True
CSH0008545,CUS0008545,SEG-AFFL,2020-07-27,,True
CSH0008546,CUS0008546,SEG-AFFL,2021-01-12,,True
CSH0008547,CUS0008547,SEG-MAFF,2019-08-11,,True
CSH0008548,CUS0008548,SEG-MAFF,2024-02-09,,True
CSH0008549,CUS0008549,SEG-SME,2022-04-15,,True
CSH0008550,CUS0008550,SEG-MAFF,2018-03-20,,True
CSH0008551,CUS0008551,SEG-MAFF,2021-11-25,,True
CSH0008552,CUS0008552,SEG-MASS,2020-07-19,,True
CSH0008553,CUS0008553,SEG-MASS,2026-02-08,,True
CSH0008554,CUS0008554,SEG-MASS,2020-10-17,,True
CSH0008555,CUS0008555,SEG-CORP,2018-05-24,,True
CSH0008556,CUS0008556,SEG-MASS,2023-07-26,,True
CSH0008557,CUS0008557,SEG-MAFF,2018-01-01,,True
CSH0008558,CUS0008558,SEG-AFFL,2019-06-26,,True
CSH0008559,CUS0008559,SEG-MASS,2023-06-18,,True
CSH0008560,CUS0008560,SEG-CORP,2026-02-07,,True
CSH0008561,CUS0008561,SEG-SME,2018-03-11,,True
CSH0008562,CUS0008562,SEG-MAFF,2022-05-03,,True
CSH0008563,CUS0008563,SEG-AFFL,2018-05-28,,True
CSH0008564,CUS0008564,SEG-MAFF,2021-06-21,,True
CSH0008565,CUS0008565,SEG-MASS,2020-10-29,,True
CSH0008566,CUS0008566,SEG-AFFL,2018-12-06,,True
CSH0008567,CUS0008567,SEG-AFFL,2020-07-27,,True
CSH0008568,CUS0008568,SEG-AFFL,2021-10-14,,True
CSH0008569,CUS0008569,SEG-PRIV,2025-09-20,,True
CSH0008570,CUS0008570,SEG-AFFL,2018-04-06,,True
CSH0008571,CUS0008571,SEG-MASS,2023-10-16,,True
CSH0008572,CUS0008572,SEG-MASS,2023-11-15,,True
CSH0008573,CUS0008573,SEG-MASS,2020-03-24,,True
CSH0008574,CUS0008574,SEG-AFFL,2024-06-15,,True
CSH0008575,CUS0008575,SEG-SME,2019-06-23,,True
CSH0008576,CUS0008576,SEG-MAFF,2018-10-07,,True
CSH0008577,CUS0008577,SEG-MASS,2018-05-28,,True
CSH0008578,CUS0008578,SEG-MASS,2018-03-16,,True
CSH0008579,CUS0008579,SEG-MAFF,2025-04-21,,True
CSH0008580,CUS0008580,SEG-AFFL,2024-07-08,,True
CSH0008581,CUS0008581,SEG-MASS,2024-07-18,,True
CSH0008582,CUS0008582,SEG-AFFL,2020-04-18,,True
CSH0008583,CUS0008583,SEG-MASS,2023-03-10,,True
CSH0008584,CUS0008584,SEG-AFFL,2024-06-09,,True
CSH0008585,CUS0008585,SEG-MASS,2019-03-23,,True
CSH0008586,CUS0008586,SEG-MASS,2018-07-08,,True
CSH0008587,CUS0008587,SEG-MAFF,2022-05-31,,True
CSH0008588,CUS0008588,SEG-PRIV,2025-09-06,,True
CSH0008589,CUS0008589,SEG-MAFF,2023-05-27,,True
CSH0008590,CUS0008590,SEG-MAFF,2022-04-16,,True
CSH0008591,CUS0008591,SEG-AFFL,2025-03-16,,True
CSH0008592,CUS0008592,SEG-AFFL,2018-05-17,,True
CSH0008593,CUS0008593,SEG-MASS,2022-10-31,,True
CSH0008594,CUS0008594,SEG-MAFF,2021-05-17,,True
CSH0008595,CUS0008595,SEG-MAFF,2025-08-23,,True
CSH0008596,CUS0008596,SEG-AFFL,2021-05-16,,True
CSH0008597,CUS0008597,SEG-CORP,2021-06-23,,True
CSH0008598,CUS0008598,SEG-SME,2025-09-17,,True
CSH0008599,CUS0008599,SEG-AFFL,2024-10-24,,True
CSH0008600,CUS0008600,SEG-PRIV,2019-11-22,,True
CSH0008601,CUS0008601,SEG-CORP,2022-07-10,,True
CSH0008602,CUS0008602,SEG-AFFL,2018-09-14,,True
CSH0008603,CUS0008603,SEG-AFFL,2019-08-16,,True
CSH0008604,CUS0008604,SEG-CORP,2024-06-15,,True
CSH0008605,CUS0008605,SEG-CORP,2020-07-13,,True
CSH0008606,CUS0008606,SEG-MASS,2025-02-28,,True
CSH0008607,CUS0008607,SEG-MASS,2022-04-18,,True
CSH0008608,CUS0008608,SEG-MAFF,2020-05-10,,True
CSH0008609,CUS0008609,SEG-MAFF,2020-11-29,,True
CSH0008610,CUS0008610,SEG-AFFL,2021-03-31,,True
CSH0008611,CUS0008611,SEG-MAFF,2022-11-29,,True
CSH0008612,CUS0008612,SEG-AFFL,2024-07-20,,True
CSH0008613,CUS0008613,SEG-MASS,2020-10-28,,True
CSH0008614,CUS0008614,SEG-SME,2021-10-13,,True
CSH0008615,CUS0008615,SEG-AFFL,2023-09-26,,True
CSH0008616,CUS0008616,SEG-AFFL,2022-01-07,,True
CSH0008617,CUS0008617,SEG-AFFL,2022-08-21,,True
CSH0008618,CUS0008618,SEG-AFFL,2024-05-15,,True
CSH0008619,CUS0008619,SEG-AFFL,2026-01-30,,True
CSH0008620,CUS0008620,SEG-MASS,2022-10-17,,True
CSH0008621,CUS0008621,SEG-AFFL,2025-01-08,,True
CSH0008622,CUS0008622,SEG-AFFL,2025-06-22,,True
CSH0008623,CUS0008623,SEG-MAFF,2020-03-27,,True
CSH0008624,CUS0008624,SEG-MAFF,2022-12-23,,True
CSH0008625,CUS0008625,SEG-MAFF,2023-04-28,,True
CSH0008626,CUS0008626,SEG-MAFF,2022-01-06,,True
CSH0008627,CUS0008627,SEG-MASS,2022-12-29,,True
CSH0008628,CUS0008628,SEG-MAFF,2021-10-14,,True
CSH0008629,CUS0008629,SEG-AFFL,2021-07-31,,True
CSH0008630,CUS0008630,SEG-CORP,2022-11-01,,True
CSH0008631,CUS0008631,SEG-MASS,2020-03-30,,True
CSH0008632,CUS0008632,SEG-AFFL,2022-09-09,,True
CSH0008633,CUS0008633,SEG-AFFL,2022-06-09,,True
CSH0008634,CUS0008634,SEG-MASS,2023-11-26,,True
CSH0008635,CUS0008635,SEG-MASS,2025-09-07,,True
CSH0008636,CUS0008636,SEG-MASS,2018-07-01,,True
CSH0008637,CUS0008637,SEG-PRIV,2023-07-19,,True
CSH0008638,CUS0008638,SEG-MASS,2026-01-23,,True
CSH0008639,CUS0008639,SEG-PRIV,2019-10-10,,True
CSH0008640,CUS0008640,SEG-PRIV,2020-09-13,,True
CSH0008641,CUS0008641,SEG-MAFF,2024-11-23,,True
CSH0008642,CUS0008642,SEG-AFFL,2024-11-05,,True
CSH0008643,CUS0008643,SEG-CORP,2022-02-25,,True
CSH0008644,CUS0008644,SEG-MAFF,2020-09-09,,True
CSH0008645,CUS0008645,SEG-AFFL,2021-03-07,,True
CSH0008646,CUS0008646,SEG-MASS,2018-04-30,,True
CSH0008647,CUS0008647,SEG-AFFL,2023-04-20,,True
CSH0008648,CUS0008648,SEG-CORP,2018-12-16,,True
CSH0008649,CUS0008649,SEG-AFFL,2023-03-12,,True
CSH0008650,CUS0008650,SEG-SME,2023-05-13,,True
CSH0008651,CUS0008651,SEG-PRIV,2025-04-04,,True
CSH0008652,CUS0008652,SEG-MASS,2020-10-22,,True
CSH0008653,CUS0008653,SEG-AFFL,2024-11-14,,True
CSH0008654,CUS0008654,SEG-PRIV,2018-10-25,,True
CSH0008655,CUS0008655,SEG-MASS,2019-03-20,,True
CSH0008656,CUS0008656,SEG-MAFF,2022-04-26,,True
CSH0008657,CUS0008657,SEG-MAFF,2022-05-20,,True
CSH0008658,CUS0008658,SEG-AFFL,2025-09-10,,True
CSH0008659,CUS0008659,SEG-MASS,2024-04-17,,True
CSH0008660,CUS0008660,SEG-PRIV,2023-06-15,,True
CSH0008661,CUS0008661,SEG-AFFL,2023-05-13,,True
CSH0008662,CUS0008662,SEG-CORP,2018-12-21,,True
CSH0008663,CUS0008663,SEG-PRIV,2023-10-18,,True
CSH0008664,CUS0008664,SEG-MASS,2024-08-31,,True
CSH0008665,CUS0008665,SEG-MAFF,2021-09-25,,True
CSH0008666,CUS0008666,SEG-MASS,2024-09-08,,True
CSH0008667,CUS0008667,SEG-AFFL,2023-09-05,,True
CSH0008668,CUS0008668,SEG-MAFF,2021-05-14,,True
CSH0008669,CUS0008669,SEG-MAFF,2024-07-17,,True
CSH0008670,CUS0008670,SEG-CORP,2025-10-13,,True
CSH0008671,CUS0008671,SEG-AFFL,2023-09-27,,True
CSH0008672,CUS0008672,SEG-MASS,2024-01-27,,True
CSH0008673,CUS0008673,SEG-AFFL,2019-07-24,,True
CSH0008674,CUS0008674,SEG-AFFL,2024-09-28,,True
CSH0008675,CUS0008675,SEG-SME,2025-10-14,,True
CSH0008676,CUS0008676,SEG-MAFF,2019-11-01,,True
CSH0008677,CUS0008677,SEG-MASS,2025-01-03,,True
CSH0008678,CUS0008678,SEG-AFFL,2025-03-18,,True
CSH0008679,CUS0008679,SEG-SME,2026-01-23,,True
CSH0008680,CUS0008680,SEG-MAFF,2024-01-25,,True
CSH0008681,CUS0008681,SEG-CORP,2026-02-26,,True
CSH0008682,CUS0008682,SEG-PRIV,2021-02-22,,True
CSH0008683,CUS0008683,SEG-AFFL,2019-12-29,,True
CSH0008684,CUS0008684,SEG-MAFF,2023-12-19,,True
CSH0008685,CUS0008685,SEG-AFFL,2025-03-11,,True
CSH0008686,CUS0008686,SEG-AFFL,2025-11-11,,True
CSH0008687,CUS0008687,SEG-AFFL,2019-09-18,,True
CSH0008688,CUS0008688,SEG-MASS,2024-05-22,,True
CSH0008689,CUS0008689,SEG-MASS,2018-11-26,,True
CSH0008690,CUS0008690,SEG-MAFF,2018-12-23,,True
CSH0008691,CUS0008691,SEG-MASS,2022-09-22,,True
CSH0008692,CUS0008692,SEG-SME,2025-02-12,,True
CSH0008693,CUS0008693,SEG-PRIV,2022-01-24,,True
CSH0008694,CUS0008694,SEG-MASS,2024-10-29,,True
CSH0008695,CUS0008695,SEG-AFFL,2023-02-02,,True
CSH0008696,CUS0008696,SEG-AFFL,2018-05-26,,True
CSH0008697,CUS0008697,SEG-MAFF,2019-02-14,,True
CSH0008698,CUS0008698,SEG-AFFL,2025-01-05,,True
CSH0008699,CUS0008699,SEG-PRIV,2021-02-07,,True
CSH0008700,CUS0008700,SEG-AFFL,2023-10-26,,True
CSH0008701,CUS0008701,SEG-MASS,2019-10-04,,True
CSH0008702,CUS0008702,SEG-MASS,2024-10-18,,True
CSH0008703,CUS0008703,SEG-MASS,2023-06-11,,True
CSH0008704,CUS0008704,SEG-PRIV,2022-05-02,,True
CSH0008705,CUS0008705,SEG-MASS,2026-03-11,,True
CSH0008706,CUS0008706,SEG-SME,2020-03-28,,True
CSH0008707,CUS0008707,SEG-MAFF,2020-08-31,,True
CSH0008708,CUS0008708,SEG-MASS,2022-01-25,,True
CSH0008709,CUS0008709,SEG-MAFF,2018-11-15,,True
CSH0008710,CUS0008710,SEG-AFFL,2023-12-31,,True
CSH0008711,CUS0008711,SEG-AFFL,2026-03-03,,True
CSH0008712,CUS0008712,SEG-AFFL,2024-09-25,,True
CSH0008713,CUS0008713,SEG-MAFF,2019-07-13,,True
CSH0008714,CUS0008714,SEG-MAFF,2024-11-03,,True
CSH0008715,CUS0008715,SEG-PRIV,2021-11-11,,True
CSH0008716,CUS0008716,SEG-MASS,2023-01-11,,True
CSH0008717,CUS0008717,SEG-MAFF,2025-08-05,,True
CSH0008718,CUS0008718,SEG-PRIV,2018-09-06,,True
CSH0008719,CUS0008719,SEG-PRIV,2023-09-15,,True
CSH0008720,CUS0008720,SEG-AFFL,2020-01-22,,True
CSH0008721,CUS0008721,SEG-MASS,2022-01-03,,True
CSH0008722,CUS0008722,SEG-MASS,2024-04-12,,True
CSH0008723,CUS0008723,SEG-SME,2020-08-11,,True
CSH0008724,CUS0008724,SEG-CORP,2021-03-07,,True
CSH0008725,CUS0008725,SEG-PRIV,2026-02-28,,True
CSH0008726,CUS0008726,SEG-MAFF,2020-08-26,,True
CSH0008727,CUS0008727,SEG-MASS,2019-02-26,,True
CSH0008728,CUS0008728,SEG-AFFL,2024-01-03,,True
CSH0008729,CUS0008729,SEG-MASS,2019-10-15,,True
CSH0008730,CUS0008730,SEG-MASS,2025-04-17,,True
CSH0008731,CUS0008731,SEG-MASS,2023-10-23,,True
CSH0008732,CUS0008732,SEG-SME,2023-12-05,,True
CSH0008733,CUS0008733,SEG-MASS,2022-04-02,,True
CSH0008734,CUS0008734,SEG-AFFL,2020-03-30,,True
CSH0008735,CUS0008735,SEG-AFFL,2021-01-30,,True
CSH0008736,CUS0008736,SEG-PRIV,2021-11-22,,True
CSH0008737,CUS0008737,SEG-AFFL,2023-03-17,,True
CSH0008738,CUS0008738,SEG-MASS,2020-04-21,,True
CSH0008739,CUS0008739,SEG-PRIV,2021-05-17,,True
CSH0008740,CUS0008740,SEG-PRIV,2022-07-13,,True
CSH0008741,CUS0008741,SEG-PRIV,2020-12-02,,True
CSH0008742,CUS0008742,SEG-AFFL,2018-09-03,,True
CSH0008743,CUS0008743,SEG-AFFL,2025-10-10,,True
CSH0008744,CUS0008744,SEG-AFFL,2025-09-10,,True
CSH0008745,CUS0008745,SEG-MAFF,2022-05-19,,True
CSH0008746,CUS0008746,SEG-MAFF,2020-11-30,,True
CSH0008747,CUS0008747,SEG-AFFL,2023-03-17,,True
CSH0008748,CUS0008748,SEG-MAFF,2023-07-13,,True
CSH0008749,CUS0008749,SEG-MASS,2021-06-25,,True
CSH0008750,CUS0008750,SEG-MAFF,2019-02-06,,True
CSH0008751,CUS0008751,SEG-MASS,2020-02-01,,True
CSH0008752,CUS0008752,SEG-MASS,2023-02-23,,True
CSH0008753,CUS0008753,SEG-MAFF,2025-03-03,,True
CSH0008754,CUS0008754,SEG-AFFL,2020-01-25,,True
CSH0008755,CUS0008755,SEG-CORP,2025-04-08,,True
CSH0008756,CUS0008756,SEG-MASS,2025-08-21,,True
CSH0008757,CUS0008757,SEG-SME,2020-06-01,,True
CSH0008758,CUS0008758,SEG-SME,2026-03-16,,True
CSH0008759,CUS0008759,SEG-MAFF,2026-03-09,,True
CSH0008760,CUS0008760,SEG-MAFF,2018-09-22,,True
CSH0008761,CUS0008761,SEG-SME,2022-01-29,,True
CSH0008762,CUS0008762,SEG-MAFF,2025-06-18,,True
CSH0008763,CUS0008763,SEG-MASS,2023-07-20,,True
CSH0008764,CUS0008764,SEG-MAFF,2022-05-14,,True
CSH0008765,CUS0008765,SEG-MAFF,2018-02-02,,True
CSH0008766,CUS0008766,SEG-MASS,2024-01-31,,True
CSH0008767,CUS0008767,SEG-MASS,2026-04-23,,True
CSH0008768,CUS0008768,SEG-MASS,2018-02-12,,True
CSH0008769,CUS0008769,SEG-SME,2024-02-03,,True
CSH0008770,CUS0008770,SEG-SME,2020-06-17,,True
CSH0008771,CUS0008771,SEG-MASS,2019-08-12,,True
CSH0008772,CUS0008772,SEG-MAFF,2021-05-25,,True
CSH0008773,CUS0008773,SEG-PRIV,2023-12-27,,True
CSH0008774,CUS0008774,SEG-AFFL,2025-06-25,,True
CSH0008775,CUS0008775,SEG-AFFL,2025-03-19,,True
CSH0008776,CUS0008776,SEG-MAFF,2018-03-13,,True
CSH0008777,CUS0008777,SEG-MAFF,2020-07-31,,True
CSH0008778,CUS0008778,SEG-PRIV,2019-04-17,,True
CSH0008779,CUS0008779,SEG-AFFL,2018-07-26,,True
CSH0008780,CUS0008780,SEG-AFFL,2019-08-20,,True
CSH0008781,CUS0008781,SEG-AFFL,2019-05-07,,True
CSH0008782,CUS0008782,SEG-CORP,2023-06-25,,True
CSH0008783,CUS0008783,SEG-MASS,2023-12-07,,True
CSH0008784,CUS0008784,SEG-MAFF,2018-01-29,,True
CSH0008785,CUS0008785,SEG-MASS,2025-07-15,,True
CSH0008786,CUS0008786,SEG-PRIV,2024-05-20,,True
CSH0008787,CUS0008787,SEG-PRIV,2024-02-11,,True
CSH0008788,CUS0008788,SEG-AFFL,2022-07-06,,True
CSH0008789,CUS0008789,SEG-MASS,2024-09-15,,True
CSH0008790,CUS0008790,SEG-MAFF,2020-07-14,,True
CSH0008791,CUS0008791,SEG-MAFF,2023-10-20,,True
CSH0008792,CUS0008792,SEG-CORP,2018-09-01,,True
CSH0008793,CUS0008793,SEG-MAFF,2026-04-27,,True
CSH0008794,CUS0008794,SEG-AFFL,2023-07-11,,True
CSH0008795,CUS0008795,SEG-MASS,2023-03-18,,True
CSH0008796,CUS0008796,SEG-MAFF,2025-02-08,,True
CSH0008797,CUS0008797,SEG-MAFF,2023-12-28,,True
CSH0008798,CUS0008798,SEG-MAFF,2025-02-03,,True
CSH0008799,CUS0008799,SEG-AFFL,2024-06-16,,True
CSH0008800,CUS0008800,SEG-SME,2023-01-17,,True
CSH0008801,CUS0008801,SEG-MAFF,2018-04-17,,True
CSH0008802,CUS0008802,SEG-MASS,2023-10-25,,True
CSH0008803,CUS0008803,SEG-CORP,2018-05-26,,True
CSH0008804,CUS0008804,SEG-SME,2025-10-19,,True
CSH0008805,CUS0008805,SEG-MAFF,2022-12-04,,True
CSH0008806,CUS0008806,SEG-MASS,2022-11-08,,True
CSH0008807,CUS0008807,SEG-MASS,2019-06-30,,True
CSH0008808,CUS0008808,SEG-MAFF,2025-01-10,,True
CSH0008809,CUS0008809,SEG-MAFF,2018-03-01,,True
CSH0008810,CUS0008810,SEG-AFFL,2019-10-24,,True
CSH0008811,CUS0008811,SEG-MASS,2022-02-16,,True
CSH0008812,CUS0008812,SEG-AFFL,2018-02-16,,True
CSH0008813,CUS0008813,SEG-SME,2022-08-30,,True
CSH0008814,CUS0008814,SEG-AFFL,2020-03-08,,True
CSH0008815,CUS0008815,SEG-MAFF,2020-03-17,,True
CSH0008816,CUS0008816,SEG-MASS,2022-11-18,,True
CSH0008817,CUS0008817,SEG-MASS,2021-04-25,,True
CSH0008818,CUS0008818,SEG-MASS,2025-12-20,,True
CSH0008819,CUS0008819,SEG-MAFF,2018-10-18,,True
CSH0008820,CUS0008820,SEG-AFFL,2021-05-30,,True
CSH0008821,CUS0008821,SEG-MASS,2022-10-24,,True
CSH0008822,CUS0008822,SEG-AFFL,2019-10-24,,True
CSH0008823,CUS0008823,SEG-MASS,2020-11-01,,True
CSH0008824,CUS0008824,SEG-PRIV,2023-01-07,,True
CSH0008825,CUS0008825,SEG-MASS,2023-01-24,,True
CSH0008826,CUS0008826,SEG-PRIV,2018-11-03,,True
CSH0008827,CUS0008827,SEG-AFFL,2024-05-02,,True
CSH0008828,CUS0008828,SEG-MAFF,2020-10-07,,True
CSH0008829,CUS0008829,SEG-MAFF,2023-11-04,,True
CSH0008830,CUS0008830,SEG-MAFF,2021-09-03,,True
CSH0008831,CUS0008831,SEG-MAFF,2018-02-12,,True
CSH0008832,CUS0008832,SEG-MASS,2024-09-25,,True
CSH0008833,CUS0008833,SEG-PRIV,2018-05-05,,True
CSH0008834,CUS0008834,SEG-MAFF,2018-08-26,,True
CSH0008835,CUS0008835,SEG-AFFL,2025-01-25,,True
CSH0008836,CUS0008836,SEG-CORP,2025-05-28,,True
CSH0008837,CUS0008837,SEG-MAFF,2025-11-05,,True
CSH0008838,CUS0008838,SEG-AFFL,2021-08-10,,True
CSH0008839,CUS0008839,SEG-CORP,2018-09-03,,True
CSH0008840,CUS0008840,SEG-MAFF,2024-06-01,,True
CSH0008841,CUS0008841,SEG-MASS,2024-02-28,,True
CSH0008842,CUS0008842,SEG-AFFL,2022-04-10,,True
CSH0008843,CUS0008843,SEG-AFFL,2021-10-28,,True
CSH0008844,CUS0008844,SEG-AFFL,2020-07-25,,True
CSH0008845,CUS0008845,SEG-AFFL,2026-04-19,,True
CSH0008846,CUS0008846,SEG-CORP,2020-03-16,,True
CSH0008847,CUS0008847,SEG-AFFL,2021-01-06,,True
CSH0008848,CUS0008848,SEG-MASS,2020-09-16,,True
CSH0008849,CUS0008849,SEG-PRIV,2024-05-25,,True
CSH0008850,CUS0008850,SEG-MASS,2022-01-15,,True
CSH0008851,CUS0008851,SEG-MASS,2018-12-03,,True
CSH0008852,CUS0008852,SEG-PRIV,2020-06-02,,True
CSH0008853,CUS0008853,SEG-MASS,2018-11-14,,True
CSH0008854,CUS0008854,SEG-SME,2025-07-29,,True
CSH0008855,CUS0008855,SEG-MASS,2026-01-07,,True
CSH0008856,CUS0008856,SEG-SME,2022-08-18,,True
CSH0008857,CUS0008857,SEG-AFFL,2020-07-02,,True
CSH0008858,CUS0008858,SEG-MAFF,2019-06-26,,True
CSH0008859,CUS0008859,SEG-CORP,2019-06-29,,True
CSH0008860,CUS0008860,SEG-MAFF,2023-01-31,,True
CSH0008861,CUS0008861,SEG-PRIV,2022-10-07,,True
CSH0008862,CUS0008862,SEG-PRIV,2018-06-17,,True
CSH0008863,CUS0008863,SEG-MASS,2023-06-06,,True
CSH0008864,CUS0008864,SEG-MAFF,2023-05-18,,True
CSH0008865,CUS0008865,SEG-MAFF,2022-11-19,,True
CSH0008866,CUS0008866,SEG-MAFF,2026-01-01,,True
CSH0008867,CUS0008867,SEG-AFFL,2020-06-01,,True
CSH0008868,CUS0008868,SEG-MASS,2020-05-18,,True
CSH0008869,CUS0008869,SEG-SME,2022-11-09,,True
CSH0008870,CUS0008870,SEG-PRIV,2021-06-18,,True
CSH0008871,CUS0008871,SEG-MAFF,2018-11-05,,True
CSH0008872,CUS0008872,SEG-AFFL,2019-10-11,,True
CSH0008873,CUS0008873,SEG-MASS,2020-08-30,,True
CSH0008874,CUS0008874,SEG-CORP,2025-08-31,,True
CSH0008875,CUS0008875,SEG-MASS,2020-04-14,,True
CSH0008876,CUS0008876,SEG-SME,2020-03-14,,True
CSH0008877,CUS0008877,SEG-MAFF,2022-09-04,,True
CSH0008878,CUS0008878,SEG-PRIV,2020-04-26,,True
CSH0008879,CUS0008879,SEG-AFFL,2018-12-03,,True
CSH0008880,CUS0008880,SEG-SME,2021-09-04,,True
CSH0008881,CUS0008881,SEG-AFFL,2020-08-08,,True
CSH0008882,CUS0008882,SEG-SME,2019-11-20,,True
CSH0008883,CUS0008883,SEG-MASS,2022-05-29,,True
CSH0008884,CUS0008884,SEG-MASS,2020-02-14,,True
CSH0008885,CUS0008885,SEG-MASS,2021-07-11,,True
CSH0008886,CUS0008886,SEG-AFFL,2023-06-11,,True
CSH0008887,CUS0008887,SEG-MAFF,2024-10-25,,True
CSH0008888,CUS0008888,SEG-AFFL,2021-10-22,,True
CSH0008889,CUS0008889,SEG-AFFL,2025-08-29,,True
CSH0008890,CUS0008890,SEG-AFFL,2023-09-08,,True
CSH0008891,CUS0008891,SEG-CORP,2022-03-04,,True
CSH0008892,CUS0008892,SEG-AFFL,2018-01-16,,True
CSH0008893,CUS0008893,SEG-AFFL,2018-07-19,,True
CSH0008894,CUS0008894,SEG-PRIV,2022-10-05,,True
CSH0008895,CUS0008895,SEG-CORP,2023-01-05,,True
CSH0008896,CUS0008896,SEG-CORP,2024-11-28,,True
CSH0008897,CUS0008897,SEG-AFFL,2024-01-03,,True
CSH0008898,CUS0008898,SEG-PRIV,2018-09-25,,True
CSH0008899,CUS0008899,SEG-AFFL,2018-11-12,,True
CSH0008900,CUS0008900,SEG-AFFL,2018-10-02,,True
CSH0008901,CUS0008901,SEG-MASS,2021-06-17,,True
CSH0008902,CUS0008902,SEG-PRIV,2026-04-15,,True
CSH0008903,CUS0008903,SEG-SME,2025-12-10,,True
CSH0008904,CUS0008904,SEG-AFFL,2019-09-21,,True
CSH0008905,CUS0008905,SEG-AFFL,2022-12-31,,True
CSH0008906,CUS0008906,SEG-MASS,2025-03-10,,True
CSH0008907,CUS0008907,SEG-MAFF,2019-05-06,,True
CSH0008908,CUS0008908,SEG-MAFF,2018-07-10,,True
CSH0008909,CUS0008909,SEG-MAFF,2018-01-10,,True
CSH0008910,CUS0008910,SEG-AFFL,2019-01-12,,True
CSH0008911,CUS0008911,SEG-AFFL,2022-04-13,,True
CSH0008912,CUS0008912,SEG-MASS,2021-10-10,,True
CSH0008913,CUS0008913,SEG-MAFF,2024-06-01,,True
CSH0008914,CUS0008914,SEG-MASS,2025-06-06,,True
CSH0008915,CUS0008915,SEG-PRIV,2019-08-04,,True
CSH0008916,CUS0008916,SEG-MASS,2021-01-09,,True
CSH0008917,CUS0008917,SEG-MASS,2023-12-18,,True
CSH0008918,CUS0008918,SEG-MAFF,2019-09-20,,True
CSH0008919,CUS0008919,SEG-MASS,2018-08-30,,True
CSH0008920,CUS0008920,SEG-AFFL,2021-10-23,,True
CSH0008921,CUS0008921,SEG-MASS,2024-07-26,,True
CSH0008922,CUS0008922,SEG-AFFL,2022-05-29,,True
CSH0008923,CUS0008923,SEG-AFFL,2022-05-15,,True
CSH0008924,CUS0008924,SEG-MASS,2022-03-15,,True
CSH0008925,CUS0008925,SEG-MASS,2023-09-30,,True
CSH0008926,CUS0008926,SEG-MASS,2025-09-17,,True
CSH0008927,CUS0008927,SEG-SME,2018-05-12,,True
CSH0008928,CUS0008928,SEG-AFFL,2020-03-27,,True
CSH0008929,CUS0008929,SEG-CORP,2020-12-15,,True
CSH0008930,CUS0008930,SEG-CORP,2026-02-04,,True
CSH0008931,CUS0008931,SEG-MAFF,2018-02-15,,True
CSH0008932,CUS0008932,SEG-AFFL,2024-01-13,,True
CSH0008933,CUS0008933,SEG-CORP,2020-04-02,,True
CSH0008934,CUS0008934,SEG-AFFL,2023-04-14,,True
CSH0008935,CUS0008935,SEG-AFFL,2018-09-03,,True
CSH0008936,CUS0008936,SEG-MAFF,2024-03-27,,True
CSH0008937,CUS0008937,SEG-MAFF,2018-04-15,,True
CSH0008938,CUS0008938,SEG-MASS,2023-06-07,,True
CSH0008939,CUS0008939,SEG-CORP,2020-10-23,,True
CSH0008940,CUS0008940,SEG-CORP,2021-07-02,,True
CSH0008941,CUS0008941,SEG-MASS,2019-10-28,,True
CSH0008942,CUS0008942,SEG-AFFL,2021-11-05,,True
CSH0008943,CUS0008943,SEG-AFFL,2019-03-05,,True
CSH0008944,CUS0008944,SEG-AFFL,2020-11-28,,True
CSH0008945,CUS0008945,SEG-MAFF,2019-05-09,,True
CSH0008946,CUS0008946,SEG-AFFL,2025-07-23,,True
CSH0008947,CUS0008947,SEG-MAFF,2018-08-02,,True
CSH0008948,CUS0008948,SEG-MASS,2018-07-11,,True
CSH0008949,CUS0008949,SEG-SME,2026-01-14,,True
CSH0008950,CUS0008950,SEG-MASS,2022-09-15,,True
CSH0008951,CUS0008951,SEG-MASS,2020-12-16,,True
CSH0008952,CUS0008952,SEG-AFFL,2024-04-11,,True
CSH0008953,CUS0008953,SEG-PRIV,2025-07-16,,True
CSH0008954,CUS0008954,SEG-CORP,2024-01-28,,True
CSH0008955,CUS0008955,SEG-MAFF,2018-09-23,,True
CSH0008956,CUS0008956,SEG-MAFF,2020-01-13,,True
CSH0008957,CUS0008957,SEG-MAFF,2025-01-31,,True
CSH0008958,CUS0008958,SEG-PRIV,2025-03-06,,True
CSH0008959,CUS0008959,SEG-AFFL,2018-10-31,,True
CSH0008960,CUS0008960,SEG-MASS,2024-06-17,,True
CSH0008961,CUS0008961,SEG-AFFL,2020-01-20,,True
CSH0008962,CUS0008962,SEG-MASS,2020-11-22,,True
CSH0008963,CUS0008963,SEG-SME,2025-04-09,,True
CSH0008964,CUS0008964,SEG-AFFL,2018-04-04,,True
CSH0008965,CUS0008965,SEG-PRIV,2024-06-16,,True
CSH0008966,CUS0008966,SEG-MASS,2024-02-10,,True
CSH0008967,CUS0008967,SEG-MASS,2026-02-07,,True
CSH0008968,CUS0008968,SEG-MAFF,2018-03-18,,True
CSH0008969,CUS0008969,SEG-CORP,2020-04-08,,True
CSH0008970,CUS0008970,SEG-MAFF,2023-11-06,,True
CSH0008971,CUS0008971,SEG-MAFF,2020-12-28,,True
CSH0008972,CUS0008972,SEG-MASS,2022-01-02,,True
CSH0008973,CUS0008973,SEG-MAFF,2019-01-05,,True
CSH0008974,CUS0008974,SEG-AFFL,2019-08-03,,True
CSH0008975,CUS0008975,SEG-MAFF,2025-12-21,,True
CSH0008976,CUS0008976,SEG-MASS,2025-06-10,,True
CSH0008977,CUS0008977,SEG-MASS,2018-11-02,,True
CSH0008978,CUS0008978,SEG-MAFF,2025-09-27,,True
CSH0008979,CUS0008979,SEG-PRIV,2019-12-20,,True
CSH0008980,CUS0008980,SEG-AFFL,2021-09-29,,True
CSH0008981,CUS0008981,SEG-MASS,2022-10-25,,True
CSH0008982,CUS0008982,SEG-CORP,2026-01-19,,True
CSH0008983,CUS0008983,SEG-PRIV,2020-11-03,,True
CSH0008984,CUS0008984,SEG-MASS,2025-09-17,,True
CSH0008985,CUS0008985,SEG-AFFL,2025-07-08,,True
CSH0008986,CUS0008986,SEG-SME,2025-03-02,,True
CSH0008987,CUS0008987,SEG-MAFF,2021-08-17,,True
CSH0008988,CUS0008988,SEG-MASS,2025-11-21,,True
CSH0008989,CUS0008989,SEG-MAFF,2025-08-12,,True
CSH0008990,CUS0008990,SEG-MASS,2022-03-30,,True
CSH0008991,CUS0008991,SEG-SME,2024-02-22,,True
CSH0008992,CUS0008992,SEG-MASS,2025-12-26,,True
CSH0008993,CUS0008993,SEG-CORP,2018-10-25,,True
CSH0008994,CUS0008994,SEG-PRIV,2022-12-10,,True
CSH0008995,CUS0008995,SEG-MAFF,2020-07-14,,True
CSH0008996,CUS0008996,SEG-AFFL,2021-12-29,,True
CSH0008997,CUS0008997,SEG-MASS,2021-11-17,,True
CSH0008998,CUS0008998,SEG-MASS,2024-02-20,,True
CSH0008999,CUS0008999,SEG-CORP,2023-08-30,,True
CSH0009000,CUS0009000,SEG-MASS,2022-10-12,,True
CSH0009001,CUS0009001,SEG-CORP,2022-03-21,,True
CSH0009002,CUS0009002,SEG-PRIV,2026-03-29,,True
CSH0009003,CUS0009003,SEG-MASS,2026-03-31,,True
CSH0009004,CUS0009004,SEG-MASS,2024-11-21,,True
CSH0009005,CUS0009005,SEG-MASS,2026-01-21,,True
CSH0009006,CUS0009006,SEG-MAFF,2020-01-22,,True
CSH0009007,CUS0009007,SEG-MAFF,2023-08-28,,True
CSH0009008,CUS0009008,SEG-AFFL,2022-09-16,,True
CSH0009009,CUS0009009,SEG-AFFL,2020-05-13,,True
CSH0009010,CUS0009010,SEG-AFFL,2025-01-09,,True
CSH0009011,CUS0009011,SEG-MAFF,2019-07-06,,True
CSH0009012,CUS0009012,SEG-CORP,2024-03-14,,True
CSH0009013,CUS0009013,SEG-MAFF,2021-05-02,,True
CSH0009014,CUS0009014,SEG-AFFL,2021-10-15,,True
CSH0009015,CUS0009015,SEG-AFFL,2024-03-28,,True
CSH0009016,CUS0009016,SEG-MAFF,2025-03-02,,True
CSH0009017,CUS0009017,SEG-MAFF,2022-01-01,,True
CSH0009018,CUS0009018,SEG-MASS,2025-01-19,,True
CSH0009019,CUS0009019,SEG-SME,2022-02-09,,True
CSH0009020,CUS0009020,SEG-AFFL,2022-02-12,,True
CSH0009021,CUS0009021,SEG-SME,2024-11-15,,True
CSH0009022,CUS0009022,SEG-AFFL,2022-02-22,,True
CSH0009023,CUS0009023,SEG-PRIV,2024-11-06,,True
CSH0009024,CUS0009024,SEG-AFFL,2025-05-20,,True
CSH0009025,CUS0009025,SEG-MAFF,2018-11-08,,True
CSH0009026,CUS0009026,SEG-MASS,2022-12-31,,True
CSH0009027,CUS0009027,SEG-MAFF,2025-05-21,,True
CSH0009028,CUS0009028,SEG-MAFF,2022-01-03,,True
CSH0009029,CUS0009029,SEG-MAFF,2019-04-24,,True
CSH0009030,CUS0009030,SEG-MASS,2026-04-23,,True
CSH0009031,CUS0009031,SEG-SME,2021-01-31,,True
CSH0009032,CUS0009032,SEG-MAFF,2020-09-24,,True
CSH0009033,CUS0009033,SEG-MASS,2019-12-20,,True
CSH0009034,CUS0009034,SEG-SME,2022-02-04,,True
CSH0009035,CUS0009035,SEG-SME,2023-05-24,,True
CSH0009036,CUS0009036,SEG-AFFL,2018-01-16,,True
CSH0009037,CUS0009037,SEG-AFFL,2025-06-29,,True
CSH0009038,CUS0009038,SEG-CORP,2024-03-04,,True
CSH0009039,CUS0009039,SEG-AFFL,2020-10-25,,True
CSH0009040,CUS0009040,SEG-SME,2024-05-17,,True
CSH0009041,CUS0009041,SEG-MAFF,2020-03-03,,True
CSH0009042,CUS0009042,SEG-SME,2022-04-19,,True
CSH0009043,CUS0009043,SEG-CORP,2024-08-21,,True
CSH0009044,CUS0009044,SEG-MASS,2018-05-20,,True
CSH0009045,CUS0009045,SEG-MAFF,2020-08-25,,True
CSH0009046,CUS0009046,SEG-AFFL,2019-06-01,,True
CSH0009047,CUS0009047,SEG-MASS,2019-01-29,,True
CSH0009048,CUS0009048,SEG-AFFL,2019-02-23,,True
CSH0009049,CUS0009049,SEG-AFFL,2024-12-15,,True
CSH0009050,CUS0009050,SEG-MASS,2021-04-04,,True
CSH0009051,CUS0009051,SEG-MAFF,2021-08-05,,True
CSH0009052,CUS0009052,SEG-MAFF,2024-10-13,,True
CSH0009053,CUS0009053,SEG-MASS,2025-08-25,,True
CSH0009054,CUS0009054,SEG-AFFL,2022-03-24,,True
CSH0009055,CUS0009055,SEG-PRIV,2020-01-05,,True
CSH0009056,CUS0009056,SEG-AFFL,2025-10-21,,True
CSH0009057,CUS0009057,SEG-MAFF,2019-02-12,,True
CSH0009058,CUS0009058,SEG-MASS,2021-04-20,,True
CSH0009059,CUS0009059,SEG-MAFF,2025-10-07,,True
CSH0009060,CUS0009060,SEG-MAFF,2025-01-09,,True
CSH0009061,CUS0009061,SEG-CORP,2020-08-11,,True
CSH0009062,CUS0009062,SEG-SME,2024-05-19,,True
CSH0009063,CUS0009063,SEG-PRIV,2026-03-02,,True
CSH0009064,CUS0009064,SEG-AFFL,2021-05-27,,True
CSH0009065,CUS0009065,SEG-AFFL,2025-07-11,,True
CSH0009066,CUS0009066,SEG-MASS,2023-07-11,,True
CSH0009067,CUS0009067,SEG-MASS,2022-05-11,,True
CSH0009068,CUS0009068,SEG-CORP,2024-05-26,,True
CSH0009069,CUS0009069,SEG-SME,2018-03-13,,True
CSH0009070,CUS0009070,SEG-MASS,2025-06-14,,True
CSH0009071,CUS0009071,SEG-MAFF,2024-10-13,,True
CSH0009072,CUS0009072,SEG-AFFL,2022-09-17,,True
CSH0009073,CUS0009073,SEG-MAFF,2025-11-29,,True
CSH0009074,CUS0009074,SEG-CORP,2023-08-26,,True
CSH0009075,CUS0009075,SEG-PRIV,2024-01-17,,True
CSH0009076,CUS0009076,SEG-CORP,2020-10-03,,True
CSH0009077,CUS0009077,SEG-CORP,2023-02-27,,True
CSH0009078,CUS0009078,SEG-AFFL,2021-12-03,,True
CSH0009079,CUS0009079,SEG-MAFF,2020-01-22,,True
CSH0009080,CUS0009080,SEG-PRIV,2021-03-29,,True
CSH0009081,CUS0009081,SEG-MASS,2020-04-10,,True
CSH0009082,CUS0009082,SEG-PRIV,2019-04-06,,True
CSH0009083,CUS0009083,SEG-AFFL,2024-03-09,,True
CSH0009084,CUS0009084,SEG-CORP,2023-03-25,,True
CSH0009085,CUS0009085,SEG-MAFF,2025-06-28,,True
CSH0009086,CUS0009086,SEG-MAFF,2025-04-13,,True
CSH0009087,CUS0009087,SEG-MAFF,2021-09-10,,True
CSH0009088,CUS0009088,SEG-SME,2018-04-03,,True
CSH0009089,CUS0009089,SEG-MAFF,2025-08-02,,True
CSH0009090,CUS0009090,SEG-SME,2024-05-12,,True
CSH0009091,CUS0009091,SEG-AFFL,2019-08-02,,True
CSH0009092,CUS0009092,SEG-PRIV,2021-08-22,,True
CSH0009093,CUS0009093,SEG-PRIV,2022-02-10,,True
CSH0009094,CUS0009094,SEG-MAFF,2018-03-19,,True
CSH0009095,CUS0009095,SEG-CORP,2020-02-16,,True
CSH0009096,CUS0009096,SEG-SME,2018-05-22,,True
CSH0009097,CUS0009097,SEG-MASS,2024-12-10,,True
CSH0009098,CUS0009098,SEG-AFFL,2019-01-18,,True
CSH0009099,CUS0009099,SEG-AFFL,2025-11-11,,True
CSH0009100,CUS0009100,SEG-AFFL,2019-12-12,,True
CSH0009101,CUS0009101,SEG-CORP,2021-02-12,,True
CSH0009102,CUS0009102,SEG-CORP,2019-02-04,,True
CSH0009103,CUS0009103,SEG-SME,2018-10-10,,True
CSH0009104,CUS0009104,SEG-MAFF,2023-10-16,,True
CSH0009105,CUS0009105,SEG-PRIV,2018-11-11,,True
CSH0009106,CUS0009106,SEG-MASS,2023-02-19,,True
CSH0009107,CUS0009107,SEG-MAFF,2026-02-27,,True
CSH0009108,CUS0009108,SEG-MAFF,2023-01-22,,True
CSH0009109,CUS0009109,SEG-MASS,2018-10-15,,True
CSH0009110,CUS0009110,SEG-PRIV,2025-10-15,,True
CSH0009111,CUS0009111,SEG-AFFL,2021-09-18,,True
CSH0009112,CUS0009112,SEG-CORP,2022-03-09,,True
CSH0009113,CUS0009113,SEG-MAFF,2020-07-17,,True
CSH0009114,CUS0009114,SEG-MAFF,2024-02-24,,True
CSH0009115,CUS0009115,SEG-MASS,2021-06-20,,True
CSH0009116,CUS0009116,SEG-PRIV,2018-12-19,,True
CSH0009117,CUS0009117,SEG-MASS,2024-08-11,,True
CSH0009118,CUS0009118,SEG-MASS,2025-08-06,,True
CSH0009119,CUS0009119,SEG-PRIV,2021-12-31,,True
CSH0009120,CUS0009120,SEG-MASS,2021-06-27,,True
CSH0009121,CUS0009121,SEG-MASS,2022-01-18,,True
CSH0009122,CUS0009122,SEG-MASS,2018-08-06,,True
CSH0009123,CUS0009123,SEG-AFFL,2019-05-06,,True
CSH0009124,CUS0009124,SEG-AFFL,2019-06-26,,True
CSH0009125,CUS0009125,SEG-MASS,2022-10-15,,True
CSH0009126,CUS0009126,SEG-AFFL,2024-04-15,,True
CSH0009127,CUS0009127,SEG-AFFL,2022-12-19,,True
CSH0009128,CUS0009128,SEG-PRIV,2023-11-01,,True
CSH0009129,CUS0009129,SEG-SME,2021-12-07,,True
CSH0009130,CUS0009130,SEG-MASS,2023-02-19,,True
CSH0009131,CUS0009131,SEG-MAFF,2023-08-03,,True
CSH0009132,CUS0009132,SEG-MAFF,2023-08-21,,True
CSH0009133,CUS0009133,SEG-MAFF,2024-02-25,,True
CSH0009134,CUS0009134,SEG-MASS,2022-12-04,,True
CSH0009135,CUS0009135,SEG-MAFF,2020-11-14,,True
CSH0009136,CUS0009136,SEG-AFFL,2022-08-11,,True
CSH0009137,CUS0009137,SEG-MASS,2018-11-17,,True
CSH0009138,CUS0009138,SEG-SME,2018-12-14,,True
CSH0009139,CUS0009139,SEG-AFFL,2019-06-05,,True
CSH0009140,CUS0009140,SEG-MASS,2018-07-25,,True
CSH0009141,CUS0009141,SEG-PRIV,2018-12-17,,True
CSH0009142,CUS0009142,SEG-MAFF,2021-01-27,,True
CSH0009143,CUS0009143,SEG-PRIV,2018-06-05,,True
CSH0009144,CUS0009144,SEG-AFFL,2019-09-25,,True
CSH0009145,CUS0009145,SEG-AFFL,2021-03-22,,True
CSH0009146,CUS0009146,SEG-MASS,2023-11-23,,True
CSH0009147,CUS0009147,SEG-MASS,2018-09-25,,True
CSH0009148,CUS0009148,SEG-MAFF,2022-04-17,,True
CSH0009149,CUS0009149,SEG-MASS,2023-03-16,,True
CSH0009150,CUS0009150,SEG-MAFF,2022-08-21,,True
CSH0009151,CUS0009151,SEG-MAFF,2019-05-10,,True
CSH0009152,CUS0009152,SEG-MAFF,2022-04-23,,True
CSH0009153,CUS0009153,SEG-PRIV,2020-07-10,,True
CSH0009154,CUS0009154,SEG-MASS,2020-02-06,,True
CSH0009155,CUS0009155,SEG-AFFL,2023-12-03,,True
CSH0009156,CUS0009156,SEG-MASS,2023-01-21,,True
CSH0009157,CUS0009157,SEG-AFFL,2018-05-10,,True
CSH0009158,CUS0009158,SEG-MAFF,2022-06-28,,True
CSH0009159,CUS0009159,SEG-AFFL,2025-12-07,,True
CSH0009160,CUS0009160,SEG-MAFF,2022-08-20,,True
CSH0009161,CUS0009161,SEG-MAFF,2022-09-28,,True
CSH0009162,CUS0009162,SEG-AFFL,2025-02-20,,True
CSH0009163,CUS0009163,SEG-SME,2020-09-14,,True
CSH0009164,CUS0009164,SEG-MAFF,2019-01-20,,True
CSH0009165,CUS0009165,SEG-SME,2025-08-29,,True
CSH0009166,CUS0009166,SEG-MASS,2022-03-04,,True
CSH0009167,CUS0009167,SEG-MASS,2018-04-22,,True
CSH0009168,CUS0009168,SEG-PRIV,2023-09-02,,True
CSH0009169,CUS0009169,SEG-CORP,2024-07-16,,True
CSH0009170,CUS0009170,SEG-SME,2025-10-19,,True
CSH0009171,CUS0009171,SEG-SME,2020-07-24,,True
CSH0009172,CUS0009172,SEG-AFFL,2025-01-22,,True
CSH0009173,CUS0009173,SEG-AFFL,2019-01-03,,True
CSH0009174,CUS0009174,SEG-CORP,2022-10-10,,True
CSH0009175,CUS0009175,SEG-SME,2024-01-02,,True
CSH0009176,CUS0009176,SEG-MAFF,2020-08-06,,True
CSH0009177,CUS0009177,SEG-CORP,2019-03-08,,True
CSH0009178,CUS0009178,SEG-SME,2023-09-27,,True
CSH0009179,CUS0009179,SEG-AFFL,2019-02-18,,True
CSH0009180,CUS0009180,SEG-CORP,2018-03-18,,True
CSH0009181,CUS0009181,SEG-MASS,2018-04-11,,True
CSH0009182,CUS0009182,SEG-AFFL,2023-02-13,,True
CSH0009183,CUS0009183,SEG-MASS,2024-09-19,,True
CSH0009184,CUS0009184,SEG-AFFL,2019-01-16,,True
CSH0009185,CUS0009185,SEG-SME,2022-09-20,,True
CSH0009186,CUS0009186,SEG-AFFL,2019-02-10,,True
CSH0009187,CUS0009187,SEG-MAFF,2020-04-11,,True
CSH0009188,CUS0009188,SEG-CORP,2022-03-16,,True
CSH0009189,CUS0009189,SEG-MAFF,2022-10-03,,True
CSH0009190,CUS0009190,SEG-MASS,2022-02-24,,True
CSH0009191,CUS0009191,SEG-MASS,2024-03-11,,True
CSH0009192,CUS0009192,SEG-MASS,2023-10-14,,True
CSH0009193,CUS0009193,SEG-AFFL,2019-08-19,,True
CSH0009194,CUS0009194,SEG-PRIV,2019-02-28,,True
CSH0009195,CUS0009195,SEG-CORP,2025-11-20,,True
CSH0009196,CUS0009196,SEG-CORP,2025-03-04,,True
CSH0009197,CUS0009197,SEG-MASS,2021-01-24,,True
CSH0009198,CUS0009198,SEG-MAFF,2025-02-17,,True
CSH0009199,CUS0009199,SEG-AFFL,2025-04-02,,True
CSH0009200,CUS0009200,SEG-MASS,2023-08-17,,True
CSH0009201,CUS0009201,SEG-AFFL,2022-04-15,,True
CSH0009202,CUS0009202,SEG-MASS,2018-04-22,,True
CSH0009203,CUS0009203,SEG-MASS,2020-02-26,,True
CSH0009204,CUS0009204,SEG-AFFL,2018-05-24,,True
CSH0009205,CUS0009205,SEG-AFFL,2024-04-18,,True
CSH0009206,CUS0009206,SEG-MASS,2022-07-13,,True
CSH0009207,CUS0009207,SEG-MASS,2022-06-04,,True
CSH0009208,CUS0009208,SEG-AFFL,2021-01-15,,True
CSH0009209,CUS0009209,SEG-MAFF,2024-12-20,,True
CSH0009210,CUS0009210,SEG-CORP,2020-03-17,,True
CSH0009211,CUS0009211,SEG-AFFL,2023-10-02,,True
CSH0009212,CUS0009212,SEG-MAFF,2025-04-14,,True
CSH0009213,CUS0009213,SEG-AFFL,2021-04-16,,True
CSH0009214,CUS0009214,SEG-PRIV,2022-05-06,,True
CSH0009215,CUS0009215,SEG-MAFF,2026-02-04,,True
CSH0009216,CUS0009216,SEG-MAFF,2018-02-04,,True
CSH0009217,CUS0009217,SEG-SME,2025-03-21,,True
CSH0009218,CUS0009218,SEG-CORP,2021-09-19,,True
CSH0009219,CUS0009219,SEG-AFFL,2024-01-18,,True
CSH0009220,CUS0009220,SEG-PRIV,2026-02-02,,True
CSH0009221,CUS0009221,SEG-MAFF,2025-08-30,,True
CSH0009222,CUS0009222,SEG-MASS,2020-06-14,,True
CSH0009223,CUS0009223,SEG-MAFF,2020-10-30,,True
CSH0009224,CUS0009224,SEG-MASS,2018-10-18,,True
CSH0009225,CUS0009225,SEG-MAFF,2019-01-22,,True
CSH0009226,CUS0009226,SEG-AFFL,2024-10-11,,True
CSH0009227,CUS0009227,SEG-PRIV,2024-12-30,,True
CSH0009228,CUS0009228,SEG-AFFL,2021-07-13,,True
CSH0009229,CUS0009229,SEG-MASS,2025-10-29,,True
CSH0009230,CUS0009230,SEG-AFFL,2024-12-24,,True
CSH0009231,CUS0009231,SEG-AFFL,2018-08-18,,True
CSH0009232,CUS0009232,SEG-MASS,2019-02-23,,True
CSH0009233,CUS0009233,SEG-SME,2020-08-29,,True
CSH0009234,CUS0009234,SEG-MAFF,2024-11-06,,True
CSH0009235,CUS0009235,SEG-PRIV,2021-11-25,,True
CSH0009236,CUS0009236,SEG-MASS,2024-04-01,,True
CSH0009237,CUS0009237,SEG-MAFF,2020-07-11,,True
CSH0009238,CUS0009238,SEG-MAFF,2020-04-07,,True
CSH0009239,CUS0009239,SEG-AFFL,2019-04-01,,True
CSH0009240,CUS0009240,SEG-MAFF,2018-09-08,,True
CSH0009241,CUS0009241,SEG-CORP,2019-12-16,,True
CSH0009242,CUS0009242,SEG-MASS,2019-10-29,,True
CSH0009243,CUS0009243,SEG-MAFF,2022-09-12,,True
CSH0009244,CUS0009244,SEG-MAFF,2024-06-29,,True
CSH0009245,CUS0009245,SEG-PRIV,2022-07-09,,True
CSH0009246,CUS0009246,SEG-MASS,2020-11-11,,True
CSH0009247,CUS0009247,SEG-PRIV,2025-12-09,,True
CSH0009248,CUS0009248,SEG-MAFF,2025-12-28,,True
CSH0009249,CUS0009249,SEG-AFFL,2023-01-26,,True
CSH0009250,CUS0009250,SEG-MASS,2018-08-22,,True
CSH0009251,CUS0009251,SEG-PRIV,2021-11-10,,True
CSH0009252,CUS0009252,SEG-MAFF,2021-05-15,,True
CSH0009253,CUS0009253,SEG-AFFL,2025-05-24,,True
CSH0009254,CUS0009254,SEG-CORP,2026-03-15,,True
CSH0009255,CUS0009255,SEG-SME,2025-05-13,,True
CSH0009256,CUS0009256,SEG-MAFF,2021-04-09,,True
CSH0009257,CUS0009257,SEG-CORP,2021-09-03,,True
CSH0009258,CUS0009258,SEG-PRIV,2021-01-14,,True
CSH0009259,CUS0009259,SEG-MASS,2026-04-09,,True
CSH0009260,CUS0009260,SEG-MASS,2022-03-21,,True
CSH0009261,CUS0009261,SEG-MAFF,2020-08-14,,True
CSH0009262,CUS0009262,SEG-MASS,2020-03-15,,True
CSH0009263,CUS0009263,SEG-MAFF,2021-08-15,,True
CSH0009264,CUS0009264,SEG-MASS,2019-03-23,,True
CSH0009265,CUS0009265,SEG-MAFF,2020-02-08,,True
CSH0009266,CUS0009266,SEG-MASS,2020-10-18,,True
CSH0009267,CUS0009267,SEG-AFFL,2024-04-16,,True
CSH0009268,CUS0009268,SEG-MASS,2021-05-28,,True
CSH0009269,CUS0009269,SEG-MAFF,2022-08-07,,True
CSH0009270,CUS0009270,SEG-SME,2019-05-13,,True
CSH0009271,CUS0009271,SEG-MASS,2018-10-31,,True
CSH0009272,CUS0009272,SEG-PRIV,2019-09-29,,True
CSH0009273,CUS0009273,SEG-SME,2020-05-01,,True
CSH0009274,CUS0009274,SEG-MASS,2023-06-18,,True
CSH0009275,CUS0009275,SEG-MASS,2019-03-27,,True
CSH0009276,CUS0009276,SEG-MASS,2023-12-16,,True
CSH0009277,CUS0009277,SEG-MAFF,2020-07-30,,True
CSH0009278,CUS0009278,SEG-SME,2023-12-07,,True
CSH0009279,CUS0009279,SEG-MAFF,2024-04-10,,True
CSH0009280,CUS0009280,SEG-MASS,2026-04-10,,True
CSH0009281,CUS0009281,SEG-MAFF,2024-11-19,,True
CSH0009282,CUS0009282,SEG-MAFF,2023-07-29,,True
CSH0009283,CUS0009283,SEG-MASS,2023-10-25,,True
CSH0009284,CUS0009284,SEG-CORP,2023-01-13,,True
CSH0009285,CUS0009285,SEG-MASS,2018-06-26,,True
CSH0009286,CUS0009286,SEG-MAFF,2018-07-27,,True
CSH0009287,CUS0009287,SEG-MAFF,2024-06-03,,True
CSH0009288,CUS0009288,SEG-MASS,2020-01-22,,True
CSH0009289,CUS0009289,SEG-AFFL,2021-05-31,,True
CSH0009290,CUS0009290,SEG-SME,2024-04-01,,True
CSH0009291,CUS0009291,SEG-MASS,2026-01-26,,True
CSH0009292,CUS0009292,SEG-MAFF,2024-10-26,,True
CSH0009293,CUS0009293,SEG-MASS,2019-10-04,,True
CSH0009294,CUS0009294,SEG-AFFL,2018-08-09,,True
CSH0009295,CUS0009295,SEG-MASS,2024-08-18,,True
CSH0009296,CUS0009296,SEG-MAFF,2025-08-16,,True
CSH0009297,CUS0009297,SEG-AFFL,2019-02-10,,True
CSH0009298,CUS0009298,SEG-MASS,2025-04-19,,True
CSH0009299,CUS0009299,SEG-AFFL,2023-11-29,,True
CSH0009300,CUS0009300,SEG-MASS,2019-11-05,,True
CSH0009301,CUS0009301,SEG-MAFF,2021-03-14,,True
CSH0009302,CUS0009302,SEG-MASS,2019-11-22,,True
CSH0009303,CUS0009303,SEG-PRIV,2021-03-04,,True
CSH0009304,CUS0009304,SEG-MAFF,2018-05-29,,True
CSH0009305,CUS0009305,SEG-MASS,2024-09-28,,True
CSH0009306,CUS0009306,SEG-MASS,2025-03-11,,True
CSH0009307,CUS0009307,SEG-MASS,2021-07-22,,True
CSH0009308,CUS0009308,SEG-MAFF,2021-08-09,,True
CSH0009309,CUS0009309,SEG-MASS,2020-08-21,,True
CSH0009310,CUS0009310,SEG-MAFF,2020-11-18,,True
CSH0009311,CUS0009311,SEG-AFFL,2020-03-17,,True
CSH0009312,CUS0009312,SEG-AFFL,2023-02-24,,True
CSH0009313,CUS0009313,SEG-CORP,2020-07-28,,True
CSH0009314,CUS0009314,SEG-PRIV,2023-10-16,,True
CSH0009315,CUS0009315,SEG-MAFF,2022-10-26,,True
CSH0009316,CUS0009316,SEG-MAFF,2024-01-03,,True
CSH0009317,CUS0009317,SEG-PRIV,2019-10-15,,True
CSH0009318,CUS0009318,SEG-AFFL,2022-09-25,,True
CSH0009319,CUS0009319,SEG-MAFF,2022-11-05,,True
CSH0009320,CUS0009320,SEG-MAFF,2018-01-25,,True
CSH0009321,CUS0009321,SEG-MAFF,2018-04-18,,True
CSH0009322,CUS0009322,SEG-MASS,2022-06-05,,True
CSH0009323,CUS0009323,SEG-MAFF,2022-12-11,,True
CSH0009324,CUS0009324,SEG-MASS,2018-04-16,,True
CSH0009325,CUS0009325,SEG-MAFF,2023-02-26,,True
CSH0009326,CUS0009326,SEG-CORP,2026-01-27,,True
CSH0009327,CUS0009327,SEG-MASS,2019-12-05,,True
CSH0009328,CUS0009328,SEG-AFFL,2018-07-04,,True
CSH0009329,CUS0009329,SEG-MASS,2018-06-05,,True
CSH0009330,CUS0009330,SEG-PRIV,2018-04-17,,True
CSH0009331,CUS0009331,SEG-PRIV,2022-02-23,,True
CSH0009332,CUS0009332,SEG-AFFL,2021-02-07,,True
CSH0009333,CUS0009333,SEG-CORP,2022-04-08,,True
CSH0009334,CUS0009334,SEG-MAFF,2025-11-21,,True
CSH0009335,CUS0009335,SEG-CORP,2018-08-04,,True
CSH0009336,CUS0009336,SEG-MAFF,2022-03-21,,True
CSH0009337,CUS0009337,SEG-PRIV,2021-08-22,,True
CSH0009338,CUS0009338,SEG-PRIV,2025-06-16,,True
CSH0009339,CUS0009339,SEG-PRIV,2019-11-05,,True
CSH0009340,CUS0009340,SEG-CORP,2025-03-18,,True
CSH0009341,CUS0009341,SEG-MASS,2024-06-10,,True
CSH0009342,CUS0009342,SEG-MAFF,2020-12-20,,True
CSH0009343,CUS0009343,SEG-MASS,2024-09-20,,True
CSH0009344,CUS0009344,SEG-PRIV,2023-06-16,,True
CSH0009345,CUS0009345,SEG-MAFF,2025-04-27,,True
CSH0009346,CUS0009346,SEG-SME,2024-02-24,,True
CSH0009347,CUS0009347,SEG-MAFF,2025-03-06,,True
CSH0009348,CUS0009348,SEG-SME,2023-09-13,,True
CSH0009349,CUS0009349,SEG-AFFL,2019-11-07,,True
CSH0009350,CUS0009350,SEG-MASS,2025-01-23,,True
CSH0009351,CUS0009351,SEG-PRIV,2025-03-23,,True
CSH0009352,CUS0009352,SEG-AFFL,2026-03-20,,True
CSH0009353,CUS0009353,SEG-MASS,2025-10-19,,True
CSH0009354,CUS0009354,SEG-MAFF,2025-06-23,,True
CSH0009355,CUS0009355,SEG-CORP,2021-11-29,,True
CSH0009356,CUS0009356,SEG-PRIV,2025-02-18,,True
CSH0009357,CUS0009357,SEG-CORP,2019-08-19,,True
CSH0009358,CUS0009358,SEG-MAFF,2025-12-17,,True
CSH0009359,CUS0009359,SEG-MASS,2025-05-15,,True
CSH0009360,CUS0009360,SEG-MASS,2025-07-14,,True
CSH0009361,CUS0009361,SEG-MAFF,2019-09-15,,True
CSH0009362,CUS0009362,SEG-MAFF,2020-09-28,,True
CSH0009363,CUS0009363,SEG-PRIV,2018-08-18,,True
CSH0009364,CUS0009364,SEG-PRIV,2021-05-28,,True
CSH0009365,CUS0009365,SEG-MAFF,2020-04-06,,True
CSH0009366,CUS0009366,SEG-CORP,2018-06-14,,True
CSH0009367,CUS0009367,SEG-MASS,2020-03-19,,True
CSH0009368,CUS0009368,SEG-CORP,2026-01-13,,True
CSH0009369,CUS0009369,SEG-MASS,2019-02-28,,True
CSH0009370,CUS0009370,SEG-AFFL,2025-01-08,,True
CSH0009371,CUS0009371,SEG-MASS,2018-08-22,,True
CSH0009372,CUS0009372,SEG-AFFL,2021-05-12,,True
CSH0009373,CUS0009373,SEG-SME,2022-09-23,,True
CSH0009374,CUS0009374,SEG-CORP,2024-12-10,,True
CSH0009375,CUS0009375,SEG-MAFF,2021-07-06,,True
CSH0009376,CUS0009376,SEG-PRIV,2025-06-16,,True
CSH0009377,CUS0009377,SEG-MASS,2023-04-16,,True
CSH0009378,CUS0009378,SEG-MASS,2024-03-29,,True
CSH0009379,CUS0009379,SEG-CORP,2022-01-25,,True
CSH0009380,CUS0009380,SEG-AFFL,2025-04-16,,True
CSH0009381,CUS0009381,SEG-MAFF,2026-02-16,,True
CSH0009382,CUS0009382,SEG-MASS,2025-05-03,,True
CSH0009383,CUS0009383,SEG-MAFF,2024-01-18,,True
CSH0009384,CUS0009384,SEG-CORP,2021-11-13,,True
CSH0009385,CUS0009385,SEG-PRIV,2019-01-31,,True
CSH0009386,CUS0009386,SEG-PRIV,2018-06-17,,True
CSH0009387,CUS0009387,SEG-MASS,2025-04-21,,True
CSH0009388,CUS0009388,SEG-AFFL,2022-08-29,,True
CSH0009389,CUS0009389,SEG-AFFL,2025-08-21,,True
CSH0009390,CUS0009390,SEG-MASS,2025-12-14,,True
CSH0009391,CUS0009391,SEG-MASS,2019-04-15,,True
CSH0009392,CUS0009392,SEG-MASS,2023-05-07,,True
CSH0009393,CUS0009393,SEG-MASS,2021-01-04,,True
CSH0009394,CUS0009394,SEG-MASS,2019-06-27,,True
CSH0009395,CUS0009395,SEG-MASS,2020-11-10,,True
CSH0009396,CUS0009396,SEG-PRIV,2025-01-10,,True
CSH0009397,CUS0009397,SEG-PRIV,2022-03-31,,True
CSH0009398,CUS0009398,SEG-AFFL,2023-01-04,,True
CSH0009399,CUS0009399,SEG-MASS,2021-10-10,,True
CSH0009400,CUS0009400,SEG-MASS,2022-04-15,,True
CSH0009401,CUS0009401,SEG-AFFL,2019-02-14,,True
CSH0009402,CUS0009402,SEG-AFFL,2022-02-26,,True
CSH0009403,CUS0009403,SEG-MAFF,2020-03-10,,True
CSH0009404,CUS0009404,SEG-SME,2018-09-01,,True
CSH0009405,CUS0009405,SEG-AFFL,2019-06-27,,True
CSH0009406,CUS0009406,SEG-MASS,2023-08-30,,True
CSH0009407,CUS0009407,SEG-MASS,2024-07-20,,True
CSH0009408,CUS0009408,SEG-MASS,2021-03-25,,True
CSH0009409,CUS0009409,SEG-SME,2018-10-16,,True
CSH0009410,CUS0009410,SEG-AFFL,2023-01-13,,True
CSH0009411,CUS0009411,SEG-SME,2023-11-09,,True
CSH0009412,CUS0009412,SEG-AFFL,2018-08-15,,True
CSH0009413,CUS0009413,SEG-PRIV,2019-09-19,,True
CSH0009414,CUS0009414,SEG-MAFF,2021-12-04,,True
CSH0009415,CUS0009415,SEG-CORP,2019-02-12,,True
CSH0009416,CUS0009416,SEG-MAFF,2019-10-07,,True
CSH0009417,CUS0009417,SEG-MAFF,2022-06-26,,True
CSH0009418,CUS0009418,SEG-MASS,2025-01-05,,True
CSH0009419,CUS0009419,SEG-MASS,2024-02-13,,True
CSH0009420,CUS0009420,SEG-AFFL,2022-12-30,,True
CSH0009421,CUS0009421,SEG-SME,2025-07-14,,True
CSH0009422,CUS0009422,SEG-MAFF,2023-03-29,,True
CSH0009423,CUS0009423,SEG-SME,2019-02-18,,True
CSH0009424,CUS0009424,SEG-MAFF,2022-07-12,,True
CSH0009425,CUS0009425,SEG-AFFL,2021-02-14,,True
CSH0009426,CUS0009426,SEG-AFFL,2023-03-30,,True
CSH0009427,CUS0009427,SEG-MASS,2019-09-08,,True
CSH0009428,CUS0009428,SEG-MAFF,2019-05-13,,True
CSH0009429,CUS0009429,SEG-MAFF,2019-08-20,,True
CSH0009430,CUS0009430,SEG-AFFL,2024-07-03,,True
CSH0009431,CUS0009431,SEG-MASS,2026-04-03,,True
CSH0009432,CUS0009432,SEG-MASS,2025-06-11,,True
CSH0009433,CUS0009433,SEG-MAFF,2026-04-24,,True
CSH0009434,CUS0009434,SEG-CORP,2022-06-24,,True
CSH0009435,CUS0009435,SEG-MASS,2025-03-31,,True
CSH0009436,CUS0009436,SEG-MAFF,2022-06-21,,True
CSH0009437,CUS0009437,SEG-MASS,2018-01-28,,True
CSH0009438,CUS0009438,SEG-MASS,2021-01-22,,True
CSH0009439,CUS0009439,SEG-PRIV,2025-03-07,,True
CSH0009440,CUS0009440,SEG-PRIV,2020-08-10,,True
CSH0009441,CUS0009441,SEG-SME,2019-05-18,,True
CSH0009442,CUS0009442,SEG-MASS,2022-11-05,,True
CSH0009443,CUS0009443,SEG-AFFL,2024-04-26,,True
CSH0009444,CUS0009444,SEG-SME,2021-06-13,,True
CSH0009445,CUS0009445,SEG-MASS,2026-03-05,,True
CSH0009446,CUS0009446,SEG-MAFF,2025-09-30,,True
CSH0009447,CUS0009447,SEG-PRIV,2020-12-27,,True
CSH0009448,CUS0009448,SEG-CORP,2019-03-01,,True
CSH0009449,CUS0009449,SEG-MASS,2023-06-01,,True
CSH0009450,CUS0009450,SEG-PRIV,2020-02-14,,True
CSH0009451,CUS0009451,SEG-AFFL,2022-03-06,,True
CSH0009452,CUS0009452,SEG-MAFF,2019-02-19,,True
CSH0009453,CUS0009453,SEG-MASS,2020-11-22,,True
CSH0009454,CUS0009454,SEG-MASS,2024-02-14,,True
CSH0009455,CUS0009455,SEG-PRIV,2023-05-23,,True
CSH0009456,CUS0009456,SEG-MASS,2023-10-06,,True
CSH0009457,CUS0009457,SEG-PRIV,2022-11-30,,True
CSH0009458,CUS0009458,SEG-AFFL,2025-08-18,,True
CSH0009459,CUS0009459,SEG-AFFL,2023-08-04,,True
CSH0009460,CUS0009460,SEG-MASS,2023-09-05,,True
CSH0009461,CUS0009461,SEG-MAFF,2024-11-09,,True
CSH0009462,CUS0009462,SEG-MAFF,2024-08-05,,True
CSH0009463,CUS0009463,SEG-SME,2023-07-25,,True
CSH0009464,CUS0009464,SEG-MASS,2020-05-12,,True
CSH0009465,CUS0009465,SEG-AFFL,2023-11-04,,True
CSH0009466,CUS0009466,SEG-MAFF,2024-09-26,,True
CSH0009467,CUS0009467,SEG-PRIV,2024-05-31,,True
CSH0009468,CUS0009468,SEG-CORP,2023-11-17,,True
CSH0009469,CUS0009469,SEG-MASS,2020-07-15,,True
CSH0009470,CUS0009470,SEG-MAFF,2018-07-16,,True
CSH0009471,CUS0009471,SEG-AFFL,2018-08-29,,True
CSH0009472,CUS0009472,SEG-CORP,2025-05-10,,True
CSH0009473,CUS0009473,SEG-MASS,2021-09-11,,True
CSH0009474,CUS0009474,SEG-CORP,2018-01-06,,True
CSH0009475,CUS0009475,SEG-AFFL,2020-09-27,,True
CSH0009476,CUS0009476,SEG-MAFF,2018-05-01,,True
CSH0009477,CUS0009477,SEG-MASS,2018-06-16,,True
CSH0009478,CUS0009478,SEG-MAFF,2025-03-27,,True
CSH0009479,CUS0009479,SEG-MAFF,2019-10-08,,True
CSH0009480,CUS0009480,SEG-PRIV,2022-07-14,,True
CSH0009481,CUS0009481,SEG-MASS,2025-01-24,,True
CSH0009482,CUS0009482,SEG-AFFL,2025-11-08,,True
CSH0009483,CUS0009483,SEG-MASS,2018-06-29,,True
CSH0009484,CUS0009484,SEG-MAFF,2018-08-04,,True
CSH0009485,CUS0009485,SEG-MAFF,2023-10-10,,True
CSH0009486,CUS0009486,SEG-CORP,2025-07-22,,True
CSH0009487,CUS0009487,SEG-MASS,2026-02-09,,True
CSH0009488,CUS0009488,SEG-AFFL,2020-05-16,,True
CSH0009489,CUS0009489,SEG-AFFL,2022-06-14,,True
CSH0009490,CUS0009490,SEG-PRIV,2024-06-13,,True
CSH0009491,CUS0009491,SEG-MASS,2021-07-14,,True
CSH0009492,CUS0009492,SEG-MASS,2022-03-17,,True
CSH0009493,CUS0009493,SEG-AFFL,2023-11-14,,True
CSH0009494,CUS0009494,SEG-MAFF,2025-10-20,,True
CSH0009495,CUS0009495,SEG-AFFL,2019-07-26,,True
CSH0009496,CUS0009496,SEG-AFFL,2020-08-17,,True
CSH0009497,CUS0009497,SEG-AFFL,2019-10-05,,True
CSH0009498,CUS0009498,SEG-CORP,2024-02-08,,True
CSH0009499,CUS0009499,SEG-AFFL,2021-05-16,,True
CSH0009500,CUS0009500,SEG-AFFL,2026-04-09,,True
CSH0009501,CUS0009501,SEG-MAFF,2021-11-14,,True
CSH0009502,CUS0009502,SEG-MAFF,2019-07-03,,True
CSH0009503,CUS0009503,SEG-AFFL,2018-11-08,,True
CSH0009504,CUS0009504,SEG-MASS,2019-09-23,,True
CSH0009505,CUS0009505,SEG-MAFF,2019-07-20,,True
CSH0009506,CUS0009506,SEG-MASS,2018-06-19,,True
CSH0009507,CUS0009507,SEG-MASS,2024-12-24,,True
CSH0009508,CUS0009508,SEG-MASS,2018-05-18,,True
CSH0009509,CUS0009509,SEG-AFFL,2020-04-24,,True
CSH0009510,CUS0009510,SEG-SME,2018-05-15,,True
CSH0009511,CUS0009511,SEG-PRIV,2020-05-07,,True
CSH0009512,CUS0009512,SEG-MAFF,2022-01-12,,True
CSH0009513,CUS0009513,SEG-MASS,2024-05-01,,True
CSH0009514,CUS0009514,SEG-CORP,2023-01-03,,True
CSH0009515,CUS0009515,SEG-MASS,2023-12-18,,True
CSH0009516,CUS0009516,SEG-AFFL,2023-02-20,,True
CSH0009517,CUS0009517,SEG-AFFL,2025-07-26,,True
CSH0009518,CUS0009518,SEG-PRIV,2026-03-12,,True
CSH0009519,CUS0009519,SEG-AFFL,2023-06-10,,True
CSH0009520,CUS0009520,SEG-AFFL,2024-06-30,,True
CSH0009521,CUS0009521,SEG-MASS,2020-11-30,,True
CSH0009522,CUS0009522,SEG-AFFL,2023-10-14,,True
CSH0009523,CUS0009523,SEG-AFFL,2018-02-14,,True
CSH0009524,CUS0009524,SEG-PRIV,2020-09-26,,True
CSH0009525,CUS0009525,SEG-MASS,2024-09-09,,True
CSH0009526,CUS0009526,SEG-MAFF,2019-02-07,,True
CSH0009527,CUS0009527,SEG-AFFL,2018-01-22,,True
CSH0009528,CUS0009528,SEG-MASS,2019-04-26,,True
CSH0009529,CUS0009529,SEG-AFFL,2018-03-05,,True
CSH0009530,CUS0009530,SEG-AFFL,2026-04-21,,True
CSH0009531,CUS0009531,SEG-MASS,2022-06-26,,True
CSH0009532,CUS0009532,SEG-MAFF,2018-12-21,,True
CSH0009533,CUS0009533,SEG-MAFF,2024-11-07,,True
CSH0009534,CUS0009534,SEG-CORP,2019-04-24,,True
CSH0009535,CUS0009535,SEG-PRIV,2025-08-11,,True
CSH0009536,CUS0009536,SEG-MAFF,2024-03-09,,True
CSH0009537,CUS0009537,SEG-MAFF,2019-03-22,,True
CSH0009538,CUS0009538,SEG-AFFL,2019-09-30,,True
CSH0009539,CUS0009539,SEG-MAFF,2020-11-18,,True
CSH0009540,CUS0009540,SEG-CORP,2024-03-31,,True
CSH0009541,CUS0009541,SEG-PRIV,2023-07-22,,True
CSH0009542,CUS0009542,SEG-MASS,2023-08-10,,True
CSH0009543,CUS0009543,SEG-MAFF,2023-12-07,,True
CSH0009544,CUS0009544,SEG-MAFF,2024-08-13,,True
CSH0009545,CUS0009545,SEG-AFFL,2022-05-11,,True
CSH0009546,CUS0009546,SEG-MASS,2024-03-29,,True
CSH0009547,CUS0009547,SEG-MASS,2026-03-24,,True
CSH0009548,CUS0009548,SEG-CORP,2020-12-31,,True
CSH0009549,CUS0009549,SEG-MAFF,2022-06-18,,True
CSH0009550,CUS0009550,SEG-MASS,2022-11-01,,True
CSH0009551,CUS0009551,SEG-CORP,2023-03-21,,True
CSH0009552,CUS0009552,SEG-PRIV,2025-09-17,,True
CSH0009553,CUS0009553,SEG-MASS,2021-12-02,,True
CSH0009554,CUS0009554,SEG-MAFF,2020-04-30,,True
CSH0009555,CUS0009555,SEG-AFFL,2018-01-14,,True
CSH0009556,CUS0009556,SEG-MASS,2026-02-20,,True
CSH0009557,CUS0009557,SEG-CORP,2022-11-12,,True
CSH0009558,CUS0009558,SEG-PRIV,2022-07-23,,True
CSH0009559,CUS0009559,SEG-AFFL,2021-06-29,,True
CSH0009560,CUS0009560,SEG-AFFL,2025-05-23,,True
CSH0009561,CUS0009561,SEG-MAFF,2020-07-11,,True
CSH0009562,CUS0009562,SEG-AFFL,2023-04-14,,True
CSH0009563,CUS0009563,SEG-AFFL,2020-04-22,,True
CSH0009564,CUS0009564,SEG-CORP,2020-11-05,,True
CSH0009565,CUS0009565,SEG-MASS,2018-06-06,,True
CSH0009566,CUS0009566,SEG-SME,2022-11-19,,True
CSH0009567,CUS0009567,SEG-AFFL,2021-04-24,,True
CSH0009568,CUS0009568,SEG-AFFL,2023-03-15,,True
CSH0009569,CUS0009569,SEG-MAFF,2021-06-12,,True
CSH0009570,CUS0009570,SEG-MAFF,2019-06-18,,True
CSH0009571,CUS0009571,SEG-AFFL,2022-04-24,,True
CSH0009572,CUS0009572,SEG-MASS,2020-08-05,,True
CSH0009573,CUS0009573,SEG-AFFL,2021-08-11,,True
CSH0009574,CUS0009574,SEG-PRIV,2020-11-08,,True
CSH0009575,CUS0009575,SEG-SME,2026-01-08,,True
CSH0009576,CUS0009576,SEG-CORP,2019-11-29,,True
CSH0009577,CUS0009577,SEG-CORP,2025-10-25,,True
CSH0009578,CUS0009578,SEG-MAFF,2019-01-12,,True
CSH0009579,CUS0009579,SEG-MAFF,2024-04-20,,True
CSH0009580,CUS0009580,SEG-PRIV,2023-10-22,,True
CSH0009581,CUS0009581,SEG-AFFL,2022-03-20,,True
CSH0009582,CUS0009582,SEG-MAFF,2020-12-03,,True
CSH0009583,CUS0009583,SEG-AFFL,2024-12-20,,True
CSH0009584,CUS0009584,SEG-AFFL,2020-08-29,,True
CSH0009585,CUS0009585,SEG-MASS,2021-05-28,,True
CSH0009586,CUS0009586,SEG-PRIV,2019-12-16,,True
CSH0009587,CUS0009587,SEG-MAFF,2019-01-07,,True
CSH0009588,CUS0009588,SEG-AFFL,2026-03-01,,True
CSH0009589,CUS0009589,SEG-MASS,2019-06-08,,True
CSH0009590,CUS0009590,SEG-MASS,2025-12-26,,True
CSH0009591,CUS0009591,SEG-MASS,2022-05-08,,True
CSH0009592,CUS0009592,SEG-SME,2021-02-16,,True
CSH0009593,CUS0009593,SEG-MAFF,2021-10-11,,True
CSH0009594,CUS0009594,SEG-PRIV,2025-06-30,,True
CSH0009595,CUS0009595,SEG-AFFL,2021-12-04,,True
CSH0009596,CUS0009596,SEG-AFFL,2019-08-10,,True
CSH0009597,CUS0009597,SEG-MAFF,2025-03-14,,True
CSH0009598,CUS0009598,SEG-AFFL,2022-08-01,,True
CSH0009599,CUS0009599,SEG-MAFF,2024-08-09,,True
CSH0009600,CUS0009600,SEG-MASS,2025-03-03,,True
CSH0009601,CUS0009601,SEG-AFFL,2021-05-25,,True
CSH0009602,CUS0009602,SEG-MASS,2023-08-12,,True
CSH0009603,CUS0009603,SEG-PRIV,2019-08-15,,True
CSH0009604,CUS0009604,SEG-MASS,2024-02-25,,True
CSH0009605,CUS0009605,SEG-MASS,2025-04-30,,True
CSH0009606,CUS0009606,SEG-CORP,2019-04-06,,True
CSH0009607,CUS0009607,SEG-AFFL,2021-09-23,,True
CSH0009608,CUS0009608,SEG-AFFL,2018-05-28,,True
CSH0009609,CUS0009609,SEG-SME,2019-05-18,,True
CSH0009610,CUS0009610,SEG-MASS,2024-05-17,,True
CSH0009611,CUS0009611,SEG-AFFL,2025-03-31,,True
CSH0009612,CUS0009612,SEG-MASS,2020-08-26,,True
CSH0009613,CUS0009613,SEG-PRIV,2023-06-09,,True
CSH0009614,CUS0009614,SEG-MAFF,2024-01-19,,True
CSH0009615,CUS0009615,SEG-MASS,2022-12-24,,True
CSH0009616,CUS0009616,SEG-CORP,2025-11-27,,True
CSH0009617,CUS0009617,SEG-MASS,2019-02-16,,True
CSH0009618,CUS0009618,SEG-PRIV,2026-01-08,,True
CSH0009619,CUS0009619,SEG-MASS,2025-01-23,,True
CSH0009620,CUS0009620,SEG-AFFL,2020-07-07,,True
CSH0009621,CUS0009621,SEG-MASS,2026-02-08,,True
CSH0009622,CUS0009622,SEG-MASS,2023-04-28,,True
CSH0009623,CUS0009623,SEG-AFFL,2025-08-24,,True
CSH0009624,CUS0009624,SEG-MASS,2022-09-10,,True
CSH0009625,CUS0009625,SEG-MASS,2021-05-27,,True
CSH0009626,CUS0009626,SEG-AFFL,2019-05-28,,True
CSH0009627,CUS0009627,SEG-MASS,2019-09-25,,True
CSH0009628,CUS0009628,SEG-AFFL,2020-12-15,,True
CSH0009629,CUS0009629,SEG-CORP,2019-08-07,,True
CSH0009630,CUS0009630,SEG-AFFL,2021-08-13,,True
CSH0009631,CUS0009631,SEG-AFFL,2018-06-30,,True
CSH0009632,CUS0009632,SEG-PRIV,2025-11-03,,True
CSH0009633,CUS0009633,SEG-AFFL,2022-12-12,,True
CSH0009634,CUS0009634,SEG-PRIV,2022-03-26,,True
CSH0009635,CUS0009635,SEG-CORP,2019-03-07,,True
CSH0009636,CUS0009636,SEG-SME,2025-03-23,,True
CSH0009637,CUS0009637,SEG-AFFL,2025-06-16,,True
CSH0009638,CUS0009638,SEG-AFFL,2025-04-04,,True
CSH0009639,CUS0009639,SEG-MASS,2020-05-08,,True
CSH0009640,CUS0009640,SEG-PRIV,2020-06-05,,True
CSH0009641,CUS0009641,SEG-MAFF,2025-09-10,,True
CSH0009642,CUS0009642,SEG-SME,2020-11-23,,True
CSH0009643,CUS0009643,SEG-MASS,2023-02-21,,True
CSH0009644,CUS0009644,SEG-MAFF,2019-07-31,,True
CSH0009645,CUS0009645,SEG-MAFF,2025-09-13,,True
CSH0009646,CUS0009646,SEG-MAFF,2021-02-13,,True
CSH0009647,CUS0009647,SEG-CORP,2021-10-08,,True
CSH0009648,CUS0009648,SEG-MASS,2019-06-18,,True
CSH0009649,CUS0009649,SEG-MASS,2025-10-31,,True
CSH0009650,CUS0009650,SEG-PRIV,2022-04-08,,True
CSH0009651,CUS0009651,SEG-MASS,2019-04-17,,True
CSH0009652,CUS0009652,SEG-MASS,2024-12-19,,True
CSH0009653,CUS0009653,SEG-MASS,2020-05-11,,True
CSH0009654,CUS0009654,SEG-CORP,2023-05-19,,True
CSH0009655,CUS0009655,SEG-MASS,2021-07-28,,True
CSH0009656,CUS0009656,SEG-AFFL,2024-06-06,,True
CSH0009657,CUS0009657,SEG-MAFF,2022-02-06,,True
CSH0009658,CUS0009658,SEG-AFFL,2024-04-10,,True
CSH0009659,CUS0009659,SEG-AFFL,2020-10-28,,True
CSH0009660,CUS0009660,SEG-MAFF,2020-08-26,,True
CSH0009661,CUS0009661,SEG-MAFF,2018-10-08,,True
CSH0009662,CUS0009662,SEG-MAFF,2018-05-01,,True
CSH0009663,CUS0009663,SEG-AFFL,2021-10-13,,True
CSH0009664,CUS0009664,SEG-AFFL,2018-02-11,,True
CSH0009665,CUS0009665,SEG-AFFL,2022-09-30,,True
CSH0009666,CUS0009666,SEG-MASS,2019-08-30,,True
CSH0009667,CUS0009667,SEG-MAFF,2024-10-29,,True
CSH0009668,CUS0009668,SEG-MAFF,2019-09-26,,True
CSH0009669,CUS0009669,SEG-AFFL,2021-06-09,,True
CSH0009670,CUS0009670,SEG-AFFL,2022-08-31,,True
CSH0009671,CUS0009671,SEG-MAFF,2018-11-21,,True
CSH0009672,CUS0009672,SEG-MAFF,2023-12-31,,True
CSH0009673,CUS0009673,SEG-MAFF,2024-02-23,,True
CSH0009674,CUS0009674,SEG-SME,2020-02-12,,True
CSH0009675,CUS0009675,SEG-MAFF,2020-05-04,,True
CSH0009676,CUS0009676,SEG-MAFF,2020-11-16,,True
CSH0009677,CUS0009677,SEG-CORP,2020-04-13,,True
CSH0009678,CUS0009678,SEG-CORP,2018-01-18,,True
CSH0009679,CUS0009679,SEG-AFFL,2023-11-10,,True
CSH0009680,CUS0009680,SEG-AFFL,2023-06-20,,True
CSH0009681,CUS0009681,SEG-MASS,2022-12-02,,True
CSH0009682,CUS0009682,SEG-MASS,2021-02-25,,True
CSH0009683,CUS0009683,SEG-MAFF,2022-01-31,,True
CSH0009684,CUS0009684,SEG-PRIV,2021-05-19,,True
CSH0009685,CUS0009685,SEG-MASS,2025-07-21,,True
CSH0009686,CUS0009686,SEG-CORP,2021-02-05,,True
CSH0009687,CUS0009687,SEG-MASS,2023-05-16,,True
CSH0009688,CUS0009688,SEG-AFFL,2020-03-28,,True
CSH0009689,CUS0009689,SEG-MASS,2022-04-06,,True
CSH0009690,CUS0009690,SEG-MAFF,2019-09-04,,True
CSH0009691,CUS0009691,SEG-PRIV,2020-11-07,,True
CSH0009692,CUS0009692,SEG-AFFL,2025-08-15,,True
CSH0009693,CUS0009693,SEG-MAFF,2018-12-08,,True
CSH0009694,CUS0009694,SEG-MAFF,2020-02-14,,True
CSH0009695,CUS0009695,SEG-MASS,2022-02-03,,True
CSH0009696,CUS0009696,SEG-MAFF,2022-05-23,,True
CSH0009697,CUS0009697,SEG-MASS,2022-10-29,,True
CSH0009698,CUS0009698,SEG-AFFL,2023-03-07,,True
CSH0009699,CUS0009699,SEG-MAFF,2023-08-05,,True
CSH0009700,CUS0009700,SEG-AFFL,2025-04-14,,True
CSH0009701,CUS0009701,SEG-MASS,2022-02-15,,True
CSH0009702,CUS0009702,SEG-MASS,2020-05-10,,True
CSH0009703,CUS0009703,SEG-AFFL,2020-04-06,,True
CSH0009704,CUS0009704,SEG-MASS,2025-05-15,,True
CSH0009705,CUS0009705,SEG-AFFL,2025-09-04,,True
CSH0009706,CUS0009706,SEG-CORP,2018-01-15,,True
CSH0009707,CUS0009707,SEG-CORP,2020-11-03,,True
CSH0009708,CUS0009708,SEG-SME,2023-07-04,,True
CSH0009709,CUS0009709,SEG-CORP,2020-05-07,,True
CSH0009710,CUS0009710,SEG-AFFL,2022-08-16,,True
CSH0009711,CUS0009711,SEG-AFFL,2018-08-22,,True
CSH0009712,CUS0009712,SEG-SME,2020-01-28,,True
CSH0009713,CUS0009713,SEG-MASS,2024-03-12,,True
CSH0009714,CUS0009714,SEG-MAFF,2019-08-30,,True
CSH0009715,CUS0009715,SEG-MASS,2024-06-05,,True
CSH0009716,CUS0009716,SEG-MASS,2022-11-28,,True
CSH0009717,CUS0009717,SEG-AFFL,2019-12-25,,True
CSH0009718,CUS0009718,SEG-MASS,2019-06-19,,True
CSH0009719,CUS0009719,SEG-CORP,2022-09-07,,True
CSH0009720,CUS0009720,SEG-MAFF,2021-10-30,,True
CSH0009721,CUS0009721,SEG-AFFL,2025-06-20,,True
CSH0009722,CUS0009722,SEG-MASS,2025-05-18,,True
CSH0009723,CUS0009723,SEG-MASS,2022-03-16,,True
CSH0009724,CUS0009724,SEG-MAFF,2022-09-05,,True
CSH0009725,CUS0009725,SEG-AFFL,2020-09-22,,True
CSH0009726,CUS0009726,SEG-MAFF,2019-12-22,,True
CSH0009727,CUS0009727,SEG-MAFF,2026-04-27,,True
CSH0009728,CUS0009728,SEG-PRIV,2018-03-11,,True
CSH0009729,CUS0009729,SEG-PRIV,2022-02-03,,True
CSH0009730,CUS0009730,SEG-MAFF,2023-02-12,,True
CSH0009731,CUS0009731,SEG-MASS,2023-11-22,,True
CSH0009732,CUS0009732,SEG-CORP,2021-08-04,,True
CSH0009733,CUS0009733,SEG-SME,2021-12-16,,True
CSH0009734,CUS0009734,SEG-CORP,2018-09-12,,True
CSH0009735,CUS0009735,SEG-AFFL,2022-03-15,,True
CSH0009736,CUS0009736,SEG-MASS,2021-11-12,,True
CSH0009737,CUS0009737,SEG-MAFF,2021-11-12,,True
CSH0009738,CUS0009738,SEG-MASS,2024-05-18,,True
CSH0009739,CUS0009739,SEG-MASS,2018-11-02,,True
CSH0009740,CUS0009740,SEG-MASS,2018-01-11,,True
CSH0009741,CUS0009741,SEG-CORP,2022-08-06,,True
CSH0009742,CUS0009742,SEG-AFFL,2024-12-08,,True
CSH0009743,CUS0009743,SEG-AFFL,2022-09-11,,True
CSH0009744,CUS0009744,SEG-PRIV,2018-10-07,,True
CSH0009745,CUS0009745,SEG-AFFL,2018-03-23,,True
CSH0009746,CUS0009746,SEG-PRIV,2020-06-24,,True
CSH0009747,CUS0009747,SEG-MAFF,2018-06-26,,True
CSH0009748,CUS0009748,SEG-MASS,2020-11-30,,True
CSH0009749,CUS0009749,SEG-AFFL,2025-07-06,,True
CSH0009750,CUS0009750,SEG-PRIV,2023-11-07,,True
CSH0009751,CUS0009751,SEG-AFFL,2024-12-24,,True
CSH0009752,CUS0009752,SEG-MAFF,2023-04-07,,True
CSH0009753,CUS0009753,SEG-AFFL,2025-11-08,,True
CSH0009754,CUS0009754,SEG-AFFL,2022-11-14,,True
CSH0009755,CUS0009755,SEG-MASS,2025-12-17,,True
CSH0009756,CUS0009756,SEG-MAFF,2021-05-24,,True
CSH0009757,CUS0009757,SEG-AFFL,2025-11-25,,True
CSH0009758,CUS0009758,SEG-PRIV,2019-01-07,,True
CSH0009759,CUS0009759,SEG-AFFL,2022-05-20,,True
CSH0009760,CUS0009760,SEG-AFFL,2021-08-11,,True
CSH0009761,CUS0009761,SEG-AFFL,2023-10-23,,True
CSH0009762,CUS0009762,SEG-MASS,2019-04-10,,True
CSH0009763,CUS0009763,SEG-SME,2021-10-18,,True
CSH0009764,CUS0009764,SEG-MAFF,2022-07-26,,True
CSH0009765,CUS0009765,SEG-AFFL,2019-08-12,,True
CSH0009766,CUS0009766,SEG-MASS,2021-11-10,,True
CSH0009767,CUS0009767,SEG-MASS,2019-11-25,,True
CSH0009768,CUS0009768,SEG-PRIV,2021-05-28,,True
CSH0009769,CUS0009769,SEG-MAFF,2018-02-07,,True
CSH0009770,CUS0009770,SEG-MAFF,2026-01-14,,True
CSH0009771,CUS0009771,SEG-AFFL,2023-06-19,,True
CSH0009772,CUS0009772,SEG-MAFF,2021-10-10,,True
CSH0009773,CUS0009773,SEG-PRIV,2023-05-08,,True
CSH0009774,CUS0009774,SEG-MAFF,2023-04-04,,True
CSH0009775,CUS0009775,SEG-MASS,2020-09-21,,True
CSH0009776,CUS0009776,SEG-MASS,2022-06-30,,True
CSH0009777,CUS0009777,SEG-AFFL,2023-02-28,,True
CSH0009778,CUS0009778,SEG-AFFL,2018-03-06,,True
CSH0009779,CUS0009779,SEG-SME,2022-07-01,,True
CSH0009780,CUS0009780,SEG-MASS,2021-02-25,,True
CSH0009781,CUS0009781,SEG-AFFL,2021-05-22,,True
CSH0009782,CUS0009782,SEG-SME,2022-04-30,,True
CSH0009783,CUS0009783,SEG-MASS,2019-01-14,,True
CSH0009784,CUS0009784,SEG-MAFF,2024-09-09,,True
CSH0009785,CUS0009785,SEG-AFFL,2019-06-19,,True
CSH0009786,CUS0009786,SEG-MAFF,2024-03-02,,True
CSH0009787,CUS0009787,SEG-AFFL,2019-10-08,,True
CSH0009788,CUS0009788,SEG-PRIV,2020-04-10,,True
CSH0009789,CUS0009789,SEG-CORP,2025-09-05,,True
CSH0009790,CUS0009790,SEG-MAFF,2018-03-06,,True
CSH0009791,CUS0009791,SEG-MASS,2024-07-06,,True
CSH0009792,CUS0009792,SEG-CORP,2022-10-02,,True
CSH0009793,CUS0009793,SEG-CORP,2023-11-23,,True
CSH0009794,CUS0009794,SEG-MASS,2025-07-18,,True
CSH0009795,CUS0009795,SEG-MASS,2019-09-11,,True
CSH0009796,CUS0009796,SEG-MAFF,2026-04-10,,True
CSH0009797,CUS0009797,SEG-CORP,2020-07-06,,True
CSH0009798,CUS0009798,SEG-PRIV,2020-11-23,,True
CSH0009799,CUS0009799,SEG-MAFF,2021-11-04,,True
CSH0009800,CUS0009800,SEG-AFFL,2019-11-28,,True
CSH0009801,CUS0009801,SEG-AFFL,2018-09-25,,True
CSH0009802,CUS0009802,SEG-AFFL,2018-09-06,,True
CSH0009803,CUS0009803,SEG-MAFF,2021-04-23,,True
CSH0009804,CUS0009804,SEG-MAFF,2024-10-10,,True
CSH0009805,CUS0009805,SEG-CORP,2024-01-28,,True
CSH0009806,CUS0009806,SEG-AFFL,2025-06-25,,True
CSH0009807,CUS0009807,SEG-AFFL,2022-05-29,,True
CSH0009808,CUS0009808,SEG-AFFL,2022-01-04,,True
CSH0009809,CUS0009809,SEG-MAFF,2024-12-12,,True
CSH0009810,CUS0009810,SEG-CORP,2019-06-05,,True
CSH0009811,CUS0009811,SEG-AFFL,2021-09-17,,True
CSH0009812,CUS0009812,SEG-PRIV,2018-01-19,,True
CSH0009813,CUS0009813,SEG-MAFF,2020-03-11,,True
CSH0009814,CUS0009814,SEG-MASS,2022-03-18,,True
CSH0009815,CUS0009815,SEG-MASS,2021-08-14,,True
CSH0009816,CUS0009816,SEG-MAFF,2021-12-30,,True
CSH0009817,CUS0009817,SEG-AFFL,2021-06-22,,True
CSH0009818,CUS0009818,SEG-MASS,2018-04-13,,True
CSH0009819,CUS0009819,SEG-SME,2023-10-17,,True
CSH0009820,CUS0009820,SEG-AFFL,2025-10-22,,True
CSH0009821,CUS0009821,SEG-MASS,2023-12-31,,True
CSH0009822,CUS0009822,SEG-MAFF,2025-11-17,,True
CSH0009823,CUS0009823,SEG-MAFF,2024-04-29,,True
CSH0009824,CUS0009824,SEG-AFFL,2023-04-19,,True
CSH0009825,CUS0009825,SEG-PRIV,2023-08-18,,True
CSH0009826,CUS0009826,SEG-AFFL,2024-02-28,,True
CSH0009827,CUS0009827,SEG-AFFL,2023-04-03,,True
CSH0009828,CUS0009828,SEG-PRIV,2025-06-23,,True
CSH0009829,CUS0009829,SEG-CORP,2022-09-27,,True
CSH0009830,CUS0009830,SEG-AFFL,2018-11-19,,True
CSH0009831,CUS0009831,SEG-MAFF,2022-04-04,,True
CSH0009832,CUS0009832,SEG-PRIV,2023-10-28,,True
CSH0009833,CUS0009833,SEG-AFFL,2024-08-09,,True
CSH0009834,CUS0009834,SEG-AFFL,2023-02-22,,True
CSH0009835,CUS0009835,SEG-MASS,2023-07-15,,True
CSH0009836,CUS0009836,SEG-PRIV,2019-08-23,,True
CSH0009837,CUS0009837,SEG-AFFL,2024-04-14,,True
CSH0009838,CUS0009838,SEG-MAFF,2018-02-26,,True
CSH0009839,CUS0009839,SEG-MAFF,2018-12-15,,True
CSH0009840,CUS0009840,SEG-MASS,2019-09-14,,True
CSH0009841,CUS0009841,SEG-MASS,2023-12-20,,True
CSH0009842,CUS0009842,SEG-MAFF,2023-02-04,,True
CSH0009843,CUS0009843,SEG-AFFL,2024-01-23,,True
CSH0009844,CUS0009844,SEG-MAFF,2020-08-21,,True
CSH0009845,CUS0009845,SEG-PRIV,2025-09-06,,True
CSH0009846,CUS0009846,SEG-AFFL,2019-04-17,,True
CSH0009847,CUS0009847,SEG-MAFF,2025-04-15,,True
CSH0009848,CUS0009848,SEG-MASS,2025-03-11,,True
CSH0009849,CUS0009849,SEG-MAFF,2023-08-28,,True
CSH0009850,CUS0009850,SEG-MASS,2025-10-21,,True
CSH0009851,CUS0009851,SEG-MASS,2019-02-16,,True
CSH0009852,CUS0009852,SEG-MASS,2020-03-04,,True
CSH0009853,CUS0009853,SEG-MASS,2019-02-04,,True
CSH0009854,CUS0009854,SEG-PRIV,2021-01-10,,True
CSH0009855,CUS0009855,SEG-PRIV,2021-08-10,,True
CSH0009856,CUS0009856,SEG-AFFL,2018-02-12,,True
CSH0009857,CUS0009857,SEG-MASS,2021-08-07,,True
CSH0009858,CUS0009858,SEG-MAFF,2023-06-15,,True
CSH0009859,CUS0009859,SEG-MAFF,2025-10-20,,True
CSH0009860,CUS0009860,SEG-CORP,2024-07-25,,True
CSH0009861,CUS0009861,SEG-SME,2018-02-15,,True
CSH0009862,CUS0009862,SEG-MAFF,2024-11-15,,True
CSH0009863,CUS0009863,SEG-MAFF,2022-10-09,,True
CSH0009864,CUS0009864,SEG-MAFF,2026-03-03,,True
CSH0009865,CUS0009865,SEG-AFFL,2023-11-12,,True
CSH0009866,CUS0009866,SEG-MASS,2023-09-16,,True
CSH0009867,CUS0009867,SEG-MAFF,2023-08-16,,True
CSH0009868,CUS0009868,SEG-MAFF,2020-11-30,,True
CSH0009869,CUS0009869,SEG-AFFL,2023-06-25,,True
CSH0009870,CUS0009870,SEG-MASS,2024-09-21,,True
CSH0009871,CUS0009871,SEG-CORP,2022-10-16,,True
CSH0009872,CUS0009872,SEG-MASS,2022-02-14,,True
CSH0009873,CUS0009873,SEG-MASS,2026-03-30,,True
CSH0009874,CUS0009874,SEG-PRIV,2020-10-27,,True
CSH0009875,CUS0009875,SEG-AFFL,2019-11-23,,True
CSH0009876,CUS0009876,SEG-AFFL,2025-09-04,,True
CSH0009877,CUS0009877,SEG-AFFL,2025-03-31,,True
CSH0009878,CUS0009878,SEG-MASS,2020-04-12,,True
CSH0009879,CUS0009879,SEG-PRIV,2023-03-24,,True
CSH0009880,CUS0009880,SEG-SME,2022-12-27,,True
CSH0009881,CUS0009881,SEG-MAFF,2023-06-01,,True
CSH0009882,CUS0009882,SEG-AFFL,2018-08-30,,True
CSH0009883,CUS0009883,SEG-MAFF,2022-06-01,,True
CSH0009884,CUS0009884,SEG-PRIV,2021-02-05,,True
CSH0009885,CUS0009885,SEG-MASS,2020-08-03,,True
CSH0009886,CUS0009886,SEG-MAFF,2022-10-08,,True
CSH0009887,CUS0009887,SEG-MASS,2020-10-02,,True
CSH0009888,CUS0009888,SEG-MAFF,2018-12-26,,True
CSH0009889,CUS0009889,SEG-CORP,2019-04-04,,True
CSH0009890,CUS0009890,SEG-AFFL,2019-01-01,,True
CSH0009891,CUS0009891,SEG-AFFL,2020-09-24,,True
CSH0009892,CUS0009892,SEG-MASS,2018-05-14,,True
CSH0009893,CUS0009893,SEG-MASS,2022-03-05,,True
CSH0009894,CUS0009894,SEG-MASS,2024-04-22,,True
CSH0009895,CUS0009895,SEG-MAFF,2023-01-22,,True
CSH0009896,CUS0009896,SEG-MAFF,2021-03-22,,True
CSH0009897,CUS0009897,SEG-MAFF,2018-09-30,,True
CSH0009898,CUS0009898,SEG-MASS,2022-03-21,,True
CSH0009899,CUS0009899,SEG-MASS,2023-01-25,,True
CSH0009900,CUS0009900,SEG-AFFL,2020-02-04,,True
CSH0009901,CUS0009901,SEG-SME,2020-08-07,,True
CSH0009902,CUS0009902,SEG-AFFL,2018-06-10,,True
CSH0009903,CUS0009903,SEG-AFFL,2019-11-07,,True
CSH0009904,CUS0009904,SEG-SME,2021-07-04,,True
CSH0009905,CUS0009905,SEG-AFFL,2023-01-26,,True
CSH0009906,CUS0009906,SEG-CORP,2024-01-18,,True
CSH0009907,CUS0009907,SEG-MASS,2023-07-07,,True
CSH0009908,CUS0009908,SEG-AFFL,2023-06-20,,True
CSH0009909,CUS0009909,SEG-AFFL,2022-10-11,,True
CSH0009910,CUS0009910,SEG-MASS,2021-10-18,,True
CSH0009911,CUS0009911,SEG-AFFL,2025-08-18,,True
CSH0009912,CUS0009912,SEG-SME,2021-09-24,,True
CSH0009913,CUS0009913,SEG-AFFL,2023-03-04,,True
CSH0009914,CUS0009914,SEG-AFFL,2018-11-01,,True
CSH0009915,CUS0009915,SEG-MAFF,2018-10-06,,True
CSH0009916,CUS0009916,SEG-MASS,2024-12-30,,True
CSH0009917,CUS0009917,SEG-MASS,2019-01-28,,True
CSH0009918,CUS0009918,SEG-SME,2025-12-09,,True
CSH0009919,CUS0009919,SEG-MASS,2022-11-14,,True
CSH0009920,CUS0009920,SEG-MASS,2018-09-17,,True
CSH0009921,CUS0009921,SEG-SME,2021-10-19,,True
CSH0009922,CUS0009922,SEG-SME,2025-03-23,,True
CSH0009923,CUS0009923,SEG-MASS,2021-08-17,,True
CSH0009924,CUS0009924,SEG-AFFL,2023-10-21,,True
CSH0009925,CUS0009925,SEG-AFFL,2020-12-25,,True
CSH0009926,CUS0009926,SEG-AFFL,2024-08-25,,True
CSH0009927,CUS0009927,SEG-AFFL,2023-12-22,,True
CSH0009928,CUS0009928,SEG-AFFL,2024-06-27,,True
CSH0009929,CUS0009929,SEG-MASS,2025-08-01,,True
CSH0009930,CUS0009930,SEG-AFFL,2021-12-01,,True
CSH0009931,CUS0009931,SEG-MASS,2018-05-14,,True
CSH0009932,CUS0009932,SEG-MASS,2019-11-20,,True
CSH0009933,CUS0009933,SEG-MAFF,2019-07-04,,True
CSH0009934,CUS0009934,SEG-SME,2021-02-15,,True
CSH0009935,CUS0009935,SEG-SME,2020-10-15,,True
CSH0009936,CUS0009936,SEG-CORP,2018-12-06,,True
CSH0009937,CUS0009937,SEG-MAFF,2023-11-06,,True
CSH0009938,CUS0009938,SEG-MAFF,2021-09-13,,True
CSH0009939,CUS0009939,SEG-MAFF,2023-11-04,,True
CSH0009940,CUS0009940,SEG-AFFL,2022-12-16,,True
CSH0009941,CUS0009941,SEG-CORP,2019-09-02,,True
CSH0009942,CUS0009942,SEG-SME,2019-08-22,,True
CSH0009943,CUS0009943,SEG-AFFL,2023-05-15,,True
CSH0009944,CUS0009944,SEG-MAFF,2021-06-03,,True
CSH0009945,CUS0009945,SEG-AFFL,2025-07-02,,True
CSH0009946,CUS0009946,SEG-MAFF,2019-03-13,,True
CSH0009947,CUS0009947,SEG-MAFF,2022-03-01,,True
CSH0009948,CUS0009948,SEG-AFFL,2019-08-28,,True
CSH0009949,CUS0009949,SEG-MASS,2019-04-10,,True
CSH0009950,CUS0009950,SEG-MAFF,2019-02-04,,True
CSH0009951,CUS0009951,SEG-MAFF,2018-08-26,,True
CSH0009952,CUS0009952,SEG-MAFF,2025-01-03,,True
CSH0009953,CUS0009953,SEG-MASS,2020-11-04,,True
CSH0009954,CUS0009954,SEG-MASS,2018-04-20,,True
CSH0009955,CUS0009955,SEG-SME,2019-05-25,,True
CSH0009956,CUS0009956,SEG-MASS,2026-03-20,,True
CSH0009957,CUS0009957,SEG-SME,2022-05-24,,True
CSH0009958,CUS0009958,SEG-AFFL,2022-01-28,,True
CSH0009959,CUS0009959,SEG-MAFF,2024-12-19,,True
CSH0009960,CUS0009960,SEG-AFFL,2022-04-12,,True
CSH0009961,CUS0009961,SEG-AFFL,2023-06-19,,True
CSH0009962,CUS0009962,SEG-AFFL,2018-07-16,,True
CSH0009963,CUS0009963,SEG-MASS,2019-08-22,,True
CSH0009964,CUS0009964,SEG-MASS,2024-12-25,,True
CSH0009965,CUS0009965,SEG-MAFF,2021-12-14,,True
CSH0009966,CUS0009966,SEG-MAFF,2020-10-01,,True
CSH0009967,CUS0009967,SEG-MASS,2023-09-17,,True
CSH0009968,CUS0009968,SEG-CORP,2021-09-12,,True
CSH0009969,CUS0009969,SEG-AFFL,2024-08-21,,True
CSH0009970,CUS0009970,SEG-MAFF,2019-10-11,,True
CSH0009971,CUS0009971,SEG-AFFL,2024-12-20,,True
CSH0009972,CUS0009972,SEG-AFFL,2020-05-05,,True
CSH0009973,CUS0009973,SEG-MAFF,2022-08-09,,True
CSH0009974,CUS0009974,SEG-AFFL,2024-01-17,,True
CSH0009975,CUS0009975,SEG-MAFF,2021-07-17,,True
CSH0009976,CUS0009976,SEG-PRIV,2025-07-16,,True
CSH0009977,CUS0009977,SEG-AFFL,2022-03-05,,True
CSH0009978,CUS0009978,SEG-PRIV,2019-12-29,,True
CSH0009979,CUS0009979,SEG-PRIV,2025-01-12,,True
CSH0009980,CUS0009980,SEG-MAFF,2019-03-14,,True
CSH0009981,CUS0009981,SEG-PRIV,2020-08-21,,True
CSH0009982,CUS0009982,SEG-MASS,2021-11-05,,True
CSH0009983,CUS0009983,SEG-MAFF,2025-08-18,,True
CSH0009984,CUS0009984,SEG-MAFF,2021-08-01,,True
CSH0009985,CUS0009985,SEG-AFFL,2021-09-17,,True
CSH0009986,CUS0009986,SEG-AFFL,2019-06-13,,True
CSH0009987,CUS0009987,SEG-AFFL,2026-03-03,,True
CSH0009988,CUS0009988,SEG-AFFL,2021-04-19,,True
CSH0009989,CUS0009989,SEG-AFFL,2019-11-22,,True
CSH0009990,CUS0009990,SEG-AFFL,2021-05-20,,True
CSH0009991,CUS0009991,SEG-MAFF,2019-10-09,,True
CSH0009992,CUS0009992,SEG-AFFL,2022-01-24,,True
CSH0009993,CUS0009993,SEG-MAFF,2025-02-27,,True
CSH0009994,CUS0009994,SEG-PRIV,2023-06-04,,True
CSH0009995,CUS0009995,SEG-MAFF,2022-03-04,,True
CSH0009996,CUS0009996,SEG-MAFF,2019-06-30,,True
CSH0009997,CUS0009997,SEG-CORP,2021-11-15,,True
CSH0009998,CUS0009998,SEG-MAFF,2018-06-04,,True
CSH0009999,CUS0009999,SEG-AFFL,2022-10-10,,True
CSH0010000,CUS0010000,SEG-MAFF,2025-12-30,,True
