fd_id,customer_id,product_id,branch_id,principal_thb,interest_rate_pct,term_months,start_date,maturity_date,auto_rollover,status
FD0000001,CUS0007743,PRD-FD01,BR0024,2218499.95,3.27,6,2026-01-24,2026-07-23,True,Active
FD0000002,CUS0007398,PRD-FD01,BR0004,369126.6,2.14,6,2024-02-19,2024-08-17,True,Active
FD0000003,CUS0001171,PRD-FD02,BR0006,2929713.23,1.96,12,2022-09-15,2023-09-10,True,Active
FD0000004,CUS0004209,PRD-FD02,BR0048,832637.2,2.75,12,2023-12-27,2024-12-21,True,Active
FD0000005,CUS0004367,PRD-FD03,BR0042,604120.68,2.52,24,2022-05-04,2024-04-23,True,Active
FD0000006,CUS0008275,PRD-FD03,BR0027,1462404.34,2.56,24,2024-02-21,2026-02-10,True,Active
FD0000007,CUS0005467,PRD-FD03,BR0038,1657788.33,2.44,24,2022-02-12,2024-02-02,True,Matured
FD0000008,CUS0005507,PRD-FD02,BR0004,3455868.13,1.35,12,2024-12-19,2025-12-14,True,Active
FD0000009,CUS0001736,PRD-FD03,BR0040,4508504.35,1.41,24,2024-05-29,2026-05-19,False,Active
FD0000010,CUS0005968,PRD-FD01,BR0030,3957609.57,1.79,6,2026-04-26,2026-10-23,False,Matured
FD0000011,CUS0007512,PRD-FD03,BR0011,3289956.26,1.92,24,2024-07-23,2026-07-13,True,Active
FD0000012,CUS0006817,PRD-FD01,BR0010,1650578.25,2.67,6,2024-01-31,2024-07-29,False,Active
FD0000013,CUS0009903,PRD-FD02,BR0021,4566880.55,3.3,12,2024-07-24,2025-07-19,True,Active
FD0000014,CUS0003230,PRD-FD02,BR0029,3940304.0,2.64,12,2022-03-26,2023-03-21,False,Matured
FD0000015,CUS0001369,PRD-FD03,BR0014,4025686.68,2.63,24,2024-12-15,2026-12-05,True,Active
FD0000016,CUS0000161,PRD-FD03,BR0014,1509097.54,1.7,24,2025-05-10,2027-04-30,True,Active
FD0000017,CUS0004567,PRD-FD02,BR0014,779968.47,1.41,12,2025-05-23,2026-05-18,True,Matured
FD0000018,CUS0004944,PRD-FD02,BR0046,103131.77,1.74,12,2025-01-06,2026-01-01,True,Active
FD0000019,CUS0004710,PRD-FD02,BR0032,4308636.98,2.63,12,2024-01-28,2025-01-22,False,Active
FD0000020,CUS0001491,PRD-FD01,BR0040,3644621.55,1.98,6,2025-12-31,2026-06-29,False,Matured
FD0000021,CUS0005594,PRD-FD02,BR0003,295765.86,3.08,12,2025-10-30,2026-10-25,True,Matured
FD0000022,CUS0007329,PRD-FD01,BR0038,2752862.9,2.5,6,2025-06-26,2025-12-23,True,Active
FD0000023,CUS0009618,PRD-FD02,BR0003,297211.55,1.32,12,2022-10-21,2023-10-16,False,Active
FD0000024,CUS0005892,PRD-FD01,BR0033,794019.24,2.57,6,2022-01-16,2022-07-15,False,Active
FD0000025,CUS0004889,PRD-FD02,BR0046,188909.22,1.98,12,2023-06-22,2024-06-16,True,Matured
FD0000026,CUS0001759,PRD-FD03,BR0022,421714.06,3.25,24,2026-01-06,2027-12-27,False,Active
FD0000027,CUS0002491,PRD-FD01,BR0040,2072772.1,1.98,6,2024-06-10,2024-12-07,False,Active
FD0000028,CUS0005826,PRD-FD01,BR0011,3683632.2,1.46,6,2023-09-21,2024-03-19,False,Matured
FD0000029,CUS0008547,PRD-FD02,BR0023,4100781.87,2.0,12,2022-10-06,2023-10-01,True,Active
FD0000030,CUS0009202,PRD-FD02,BR0001,3827269.98,2.07,12,2023-04-18,2024-04-12,False,Active
FD0000031,CUS0003777,PRD-FD03,BR0009,4159919.64,1.29,24,2022-12-03,2024-11-22,True,Matured
FD0000032,CUS0001567,PRD-FD02,BR0024,1029034.83,2.3,12,2024-03-12,2025-03-07,True,Matured
FD0000033,CUS0001210,PRD-FD03,BR0037,1136287.32,3.16,24,2024-02-29,2026-02-18,True,Active
FD0000034,CUS0008931,PRD-FD01,BR0049,3678006.4,3.12,6,2023-08-29,2024-02-25,True,Active
FD0000035,CUS0008464,PRD-FD02,BR0013,929507.42,1.88,12,2023-04-12,2024-04-06,True,Active
FD0000036,CUS0007838,PRD-FD02,BR0029,83761.87,3.43,12,2023-04-23,2024-04-17,True,Matured
FD0000037,CUS0004471,PRD-FD01,BR0006,2864199.09,1.75,6,2024-03-20,2024-09-16,False,Matured
FD0000038,CUS0002330,PRD-FD03,BR0019,4461748.32,1.75,24,2024-10-25,2026-10-15,True,Active
FD0000039,CUS0004496,PRD-FD03,BR0016,3600576.17,3.12,24,2023-06-26,2025-06-15,False,Matured
FD0000040,CUS0004829,PRD-FD01,BR0009,4475152.95,2.49,6,2023-02-18,2023-08-17,True,Matured
FD0000041,CUS0004423,PRD-FD03,BR0031,735524.29,2.62,24,2024-10-06,2026-09-26,True,Active
FD0000042,CUS0000320,PRD-FD01,BR0043,557182.78,2.09,6,2024-01-25,2024-07-23,True,Active
FD0000043,CUS0007362,PRD-FD02,BR0033,3093775.88,3.24,12,2024-08-23,2025-08-18,True,Matured
FD0000044,CUS0002244,PRD-FD01,BR0001,2395040.93,3.18,6,2025-09-25,2026-03-24,True,Active
FD0000045,CUS0006713,PRD-FD02,BR0005,2736733.96,2.58,12,2024-04-06,2025-04-01,False,Active
FD0000046,CUS0008513,PRD-FD03,BR0044,3158512.06,2.8,24,2023-03-13,2025-03-02,True,Active
FD0000047,CUS0006088,PRD-FD01,BR0008,1118718.73,2.87,6,2023-05-30,2023-11-26,False,Active
FD0000048,CUS0004754,PRD-FD03,BR0028,4805753.91,2.38,24,2023-01-17,2025-01-06,False,Active
FD0000049,CUS0007788,PRD-FD01,BR0039,3172017.34,2.22,6,2024-04-20,2024-10-17,True,Active
FD0000050,CUS0008927,PRD-FD03,BR0021,4717954.23,2.33,24,2023-08-28,2025-08-17,True,Active
FD0000051,CUS0003426,PRD-FD03,BR0041,1482209.7,1.37,24,2025-03-30,2027-03-20,False,Active
FD0000052,CUS0000821,PRD-FD03,BR0034,1044233.86,2.47,24,2025-09-25,2027-09-15,True,Active
FD0000053,CUS0007096,PRD-FD02,BR0012,987943.33,2.6,12,2023-10-16,2024-10-10,False,Matured
FD0000054,CUS0007206,PRD-FD01,BR0019,1450700.83,1.75,6,2022-05-10,2022-11-06,False,Active
FD0000055,CUS0001691,PRD-FD02,BR0032,318232.28,3.4,12,2023-11-20,2024-11-14,True,Active
FD0000056,CUS0001318,PRD-FD01,BR0027,4817051.17,2.51,6,2025-04-08,2025-10-05,True,Matured
FD0000057,CUS0000858,PRD-FD01,BR0001,1909217.84,1.57,6,2023-01-27,2023-07-26,False,Active
FD0000058,CUS0008697,PRD-FD01,BR0003,319112.02,2.5,6,2023-10-02,2024-03-30,True,Active
FD0000059,CUS0008912,PRD-FD02,BR0018,3896075.33,1.2,12,2022-01-30,2023-01-25,True,Matured
FD0000060,CUS0009251,PRD-FD03,BR0049,1964403.95,2.28,24,2026-03-15,2028-03-04,False,Matured
FD0000061,CUS0005194,PRD-FD02,BR0021,259214.59,2.12,12,2022-07-10,2023-07-05,True,Active
FD0000062,CUS0003052,PRD-FD03,BR0026,2060939.0,2.96,24,2024-06-19,2026-06-09,False,Active
FD0000063,CUS0004308,PRD-FD02,BR0043,2113357.65,2.62,12,2025-03-13,2026-03-08,False,Active
FD0000064,CUS0003571,PRD-FD01,BR0017,3879260.81,2.33,6,2022-08-06,2023-02-02,True,Matured
FD0000065,CUS0004235,PRD-FD01,BR0021,1837247.22,3.05,6,2023-04-29,2023-10-26,True,Active
FD0000066,CUS0007555,PRD-FD01,BR0041,1845650.4,3.35,6,2025-06-21,2025-12-18,True,Matured
FD0000067,CUS0005380,PRD-FD02,BR0039,4333089.03,2.7,12,2022-01-18,2023-01-13,True,Matured
FD0000068,CUS0005144,PRD-FD03,BR0002,336252.16,2.69,24,2022-12-06,2024-11-25,True,Active
FD0000069,CUS0004207,PRD-FD01,BR0025,1400728.84,3.37,6,2024-09-26,2025-03-25,False,Matured
FD0000070,CUS0003772,PRD-FD02,BR0033,2389401.84,2.04,12,2022-01-25,2023-01-20,False,Matured
FD0000071,CUS0008253,PRD-FD02,BR0045,4585690.19,1.57,12,2022-02-26,2023-02-21,False,Matured
FD0000072,CUS0002554,PRD-FD03,BR0029,2025476.04,2.22,24,2022-10-12,2024-10-01,True,Matured
FD0000073,CUS0009327,PRD-FD01,BR0018,3392636.66,2.55,6,2025-03-04,2025-08-31,True,Matured
FD0000074,CUS0004218,PRD-FD01,BR0038,55794.8,3.08,6,2023-07-24,2024-01-20,True,Active
FD0000075,CUS0008703,PRD-FD03,BR0037,4912396.33,2.73,24,2026-03-03,2028-02-21,True,Active
FD0000076,CUS0005376,PRD-FD01,BR0015,4719991.56,1.56,6,2024-04-25,2024-10-22,False,Matured
FD0000077,CUS0000156,PRD-FD03,BR0002,3266988.73,1.29,24,2025-01-27,2027-01-17,True,Active
FD0000078,CUS0003623,PRD-FD01,BR0039,3296948.43,2.63,6,2022-09-27,2023-03-26,True,Active
FD0000079,CUS0001593,PRD-FD03,BR0047,1706229.12,2.22,24,2024-02-04,2026-01-24,True,Active
FD0000080,CUS0002885,PRD-FD02,BR0036,1181131.68,2.78,12,2023-08-08,2024-08-02,True,Active
FD0000081,CUS0003634,PRD-FD02,BR0010,2201982.41,2.54,12,2024-11-17,2025-11-12,False,Active
FD0000082,CUS0000172,PRD-FD03,BR0019,61226.01,2.73,24,2024-04-06,2026-03-27,False,Matured
FD0000083,CUS0006394,PRD-FD01,BR0034,2595205.74,2.34,6,2023-11-11,2024-05-09,False,Active
FD0000084,CUS0005460,PRD-FD02,BR0013,2094808.26,1.47,12,2022-11-11,2023-11-06,False,Active
FD0000085,CUS0003428,PRD-FD01,BR0001,4508950.33,3.05,6,2023-06-01,2023-11-28,True,Active
FD0000086,CUS0006299,PRD-FD01,BR0020,1861127.39,3.48,6,2024-01-19,2024-07-17,True,Active
FD0000087,CUS0005904,PRD-FD03,BR0010,860162.61,3.21,24,2025-11-29,2027-11-19,False,Active
FD0000088,CUS0002596,PRD-FD01,BR0047,2224941.03,2.3,6,2025-10-27,2026-04-25,True,Active
FD0000089,CUS0007602,PRD-FD02,BR0047,3055869.61,3.28,12,2022-07-08,2023-07-03,True,Active
FD0000090,CUS0008215,PRD-FD03,BR0021,3781008.64,1.97,24,2024-07-07,2026-06-27,True,Matured
FD0000091,CUS0009316,PRD-FD02,BR0016,2649691.27,2.8,12,2024-12-09,2025-12-04,True,Active
FD0000092,CUS0006147,PRD-FD01,BR0018,2048671.75,2.03,6,2026-02-19,2026-08-18,True,Active
FD0000093,CUS0003841,PRD-FD03,BR0018,3439287.48,1.76,24,2024-02-03,2026-01-23,True,Active
FD0000094,CUS0008523,PRD-FD02,BR0017,3363052.29,3.44,12,2023-05-26,2024-05-20,True,Active
FD0000095,CUS0002340,PRD-FD01,BR0035,3098365.58,3.09,6,2026-01-05,2026-07-04,False,Active
FD0000096,CUS0000222,PRD-FD01,BR0031,3694176.0,1.79,6,2024-05-09,2024-11-05,False,Matured
FD0000097,CUS0003464,PRD-FD01,BR0026,3407740.05,1.22,6,2025-09-11,2026-03-10,True,Active
FD0000098,CUS0003354,PRD-FD01,BR0035,3511607.26,2.42,6,2022-12-28,2023-06-26,False,Matured
FD0000099,CUS0009806,PRD-FD02,BR0040,761747.27,1.59,12,2024-10-23,2025-10-18,False,Matured
FD0000100,CUS0005582,PRD-FD03,BR0027,322889.78,2.28,24,2024-02-28,2026-02-17,True,Active
FD0000101,CUS0001447,PRD-FD03,BR0008,845164.99,1.23,24,2025-06-03,2027-05-24,True,Matured
FD0000102,CUS0005826,PRD-FD01,BR0043,2866439.72,1.68,6,2023-06-26,2023-12-23,True,Matured
FD0000103,CUS0006764,PRD-FD03,BR0020,4173189.11,3.48,24,2023-05-07,2025-04-26,False,Matured
FD0000104,CUS0007021,PRD-FD01,BR0034,4123728.27,1.88,6,2023-12-31,2024-06-28,False,Matured
FD0000105,CUS0002506,PRD-FD01,BR0030,3933907.28,1.7,6,2024-04-06,2024-10-03,False,Matured
FD0000106,CUS0001773,PRD-FD01,BR0021,3998366.52,2.89,6,2024-03-27,2024-09-23,False,Active
FD0000107,CUS0003694,PRD-FD03,BR0021,2893996.46,3.36,24,2026-02-05,2028-01-26,True,Matured
FD0000108,CUS0003565,PRD-FD02,BR0044,4886844.86,3.12,12,2024-04-29,2025-04-24,True,Active
FD0000109,CUS0003924,PRD-FD03,BR0014,3921920.29,2.0,24,2025-11-10,2027-10-31,False,Active
FD0000110,CUS0009124,PRD-FD01,BR0047,3726447.13,1.91,6,2025-06-09,2025-12-06,False,Active
FD0000111,CUS0002725,PRD-FD03,BR0024,1228096.15,2.91,24,2023-04-27,2025-04-16,False,Active
FD0000112,CUS0008971,PRD-FD03,BR0002,3146586.53,1.52,24,2023-10-11,2025-09-30,False,Active
FD0000113,CUS0009278,PRD-FD03,BR0042,4983305.24,1.62,24,2025-12-25,2027-12-15,False,Active
FD0000114,CUS0004432,PRD-FD01,BR0004,3428437.89,2.43,6,2024-10-25,2025-04-23,True,Active
FD0000115,CUS0009365,PRD-FD03,BR0040,1263168.24,1.38,24,2024-09-26,2026-09-16,True,Active
FD0000116,CUS0009486,PRD-FD01,BR0038,616967.37,3.47,6,2024-10-03,2025-04-01,True,Active
FD0000117,CUS0003615,PRD-FD02,BR0046,3013763.34,2.3,12,2022-08-18,2023-08-13,True,Active
FD0000118,CUS0001656,PRD-FD01,BR0037,2963303.47,3.27,6,2026-02-19,2026-08-18,False,Active
FD0000119,CUS0007370,PRD-FD02,BR0037,526833.46,3.27,12,2026-02-03,2027-01-29,True,Active
FD0000120,CUS0003008,PRD-FD02,BR0006,4225390.01,1.42,12,2024-07-17,2025-07-12,False,Active
FD0000121,CUS0000010,PRD-FD03,BR0019,4810753.41,1.94,24,2025-04-18,2027-04-08,False,Active
FD0000122,CUS0005515,PRD-FD02,BR0039,983202.95,1.77,12,2024-04-26,2025-04-21,False,Active
FD0000123,CUS0007996,PRD-FD01,BR0049,4469324.48,2.26,6,2024-10-10,2025-04-08,False,Active
FD0000124,CUS0006479,PRD-FD01,BR0026,2695392.05,3.43,6,2024-07-11,2025-01-07,True,Active
FD0000125,CUS0007727,PRD-FD01,BR0024,1648341.52,1.32,6,2026-02-20,2026-08-19,False,Matured
FD0000126,CUS0001392,PRD-FD01,BR0005,815814.35,3.49,6,2025-04-24,2025-10-21,True,Matured
FD0000127,CUS0009811,PRD-FD03,BR0026,1666573.86,3.32,24,2025-11-21,2027-11-11,True,Matured
FD0000128,CUS0000574,PRD-FD02,BR0036,852302.85,2.27,12,2022-12-24,2023-12-19,True,Active
FD0000129,CUS0009700,PRD-FD01,BR0010,4976647.55,1.65,6,2025-07-07,2026-01-03,True,Active
FD0000130,CUS0005867,PRD-FD03,BR0035,3513612.27,3.14,24,2023-08-13,2025-08-02,False,Active
FD0000131,CUS0008629,PRD-FD01,BR0028,746661.01,3.28,6,2024-06-14,2024-12-11,True,Active
FD0000132,CUS0003715,PRD-FD01,BR0050,4717740.33,2.58,6,2026-04-24,2026-10-21,True,Active
FD0000133,CUS0001172,PRD-FD02,BR0007,651388.67,2.11,12,2023-11-25,2024-11-19,True,Active
FD0000134,CUS0000483,PRD-FD02,BR0014,1404437.31,1.97,12,2022-10-29,2023-10-24,False,Matured
FD0000135,CUS0001557,PRD-FD03,BR0046,1286247.18,2.3,24,2024-07-04,2026-06-24,True,Active
FD0000136,CUS0004719,PRD-FD03,BR0040,3514933.74,1.79,24,2025-09-08,2027-08-29,True,Matured
FD0000137,CUS0006245,PRD-FD01,BR0016,1410022.37,2.07,6,2023-01-03,2023-07-02,True,Active
FD0000138,CUS0006421,PRD-FD03,BR0023,2905736.34,2.61,24,2024-01-15,2026-01-04,False,Active
FD0000139,CUS0004653,PRD-FD01,BR0030,4873901.19,3.26,6,2025-08-09,2026-02-05,False,Active
FD0000140,CUS0007832,PRD-FD02,BR0029,2428488.08,1.75,12,2022-11-16,2023-11-11,False,Active
FD0000141,CUS0004804,PRD-FD01,BR0011,4814566.09,1.42,6,2022-11-13,2023-05-12,True,Active
FD0000142,CUS0002917,PRD-FD03,BR0033,4152339.76,1.65,24,2025-03-02,2027-02-20,True,Matured
FD0000143,CUS0006867,PRD-FD01,BR0019,4813296.52,1.41,6,2025-11-24,2026-05-23,False,Active
FD0000144,CUS0006301,PRD-FD02,BR0033,3858821.6,3.48,12,2024-08-20,2025-08-15,True,Active
FD0000145,CUS0009596,PRD-FD01,BR0013,4139271.32,1.58,6,2023-07-01,2023-12-28,True,Active
FD0000146,CUS0003812,PRD-FD01,BR0025,3869656.1,2.87,6,2026-01-29,2026-07-28,True,Active
FD0000147,CUS0004509,PRD-FD03,BR0044,3588109.53,2.99,24,2024-12-09,2026-11-29,False,Matured
FD0000148,CUS0000775,PRD-FD03,BR0038,4490464.7,2.06,24,2026-03-20,2028-03-09,True,Matured
FD0000149,CUS0002566,PRD-FD03,BR0008,1883660.34,2.04,24,2025-08-17,2027-08-07,True,Active
FD0000150,CUS0009846,PRD-FD01,BR0036,396093.5,3.19,6,2022-11-26,2023-05-25,True,Active
FD0000151,CUS0008477,PRD-FD01,BR0025,3089040.53,1.77,6,2024-12-30,2025-06-28,False,Active
FD0000152,CUS0005362,PRD-FD03,BR0026,2010594.47,3.3,24,2023-05-06,2025-04-25,False,Active
FD0000153,CUS0003200,PRD-FD02,BR0036,1924751.3,2.11,12,2026-04-21,2027-04-16,False,Active
FD0000154,CUS0001564,PRD-FD01,BR0020,3223819.94,2.38,6,2024-03-22,2024-09-18,False,Active
FD0000155,CUS0003434,PRD-FD02,BR0043,2628489.96,3.27,12,2025-08-03,2026-07-29,True,Active
FD0000156,CUS0003715,PRD-FD03,BR0036,2692436.33,2.28,24,2026-04-16,2028-04-05,True,Matured
FD0000157,CUS0007525,PRD-FD03,BR0007,4601924.99,1.4,24,2023-03-02,2025-02-19,False,Active
FD0000158,CUS0002853,PRD-FD03,BR0050,3786870.25,1.56,24,2022-06-23,2024-06-12,False,Active
FD0000159,CUS0007794,PRD-FD02,BR0022,369702.65,2.83,12,2022-12-15,2023-12-10,True,Matured
FD0000160,CUS0004418,PRD-FD03,BR0004,3817798.28,1.33,24,2023-07-09,2025-06-28,True,Matured
FD0000161,CUS0006791,PRD-FD02,BR0025,4815594.07,2.76,12,2022-07-27,2023-07-22,False,Active
FD0000162,CUS0000385,PRD-FD01,BR0006,2318160.04,1.76,6,2022-02-02,2022-08-01,False,Matured
FD0000163,CUS0009291,PRD-FD01,BR0018,2061503.24,1.27,6,2025-11-27,2026-05-26,True,Matured
FD0000164,CUS0004143,PRD-FD03,BR0011,661363.64,2.09,24,2024-01-04,2025-12-24,False,Active
FD0000165,CUS0000700,PRD-FD01,BR0005,1515334.74,2.91,6,2023-07-11,2024-01-07,False,Active
FD0000166,CUS0007451,PRD-FD03,BR0035,1143260.17,2.75,24,2022-09-25,2024-09-14,True,Active
FD0000167,CUS0004660,PRD-FD02,BR0046,602460.39,2.25,12,2023-07-11,2024-07-05,True,Active
FD0000168,CUS0005068,PRD-FD03,BR0044,4347188.44,2.24,24,2023-02-06,2025-01-26,True,Active
FD0000169,CUS0008152,PRD-FD01,BR0007,2925603.31,2.63,6,2023-09-11,2024-03-09,True,Active
FD0000170,CUS0002967,PRD-FD01,BR0002,4919002.49,3.13,6,2025-05-06,2025-11-02,False,Active
FD0000171,CUS0004573,PRD-FD02,BR0006,1331855.95,3.27,12,2025-07-21,2026-07-16,True,Active
FD0000172,CUS0009279,PRD-FD03,BR0023,1783138.35,2.28,24,2023-12-22,2025-12-11,True,Matured
FD0000173,CUS0009991,PRD-FD01,BR0046,141148.37,3.08,6,2022-01-18,2022-07-17,False,Active
FD0000174,CUS0003746,PRD-FD03,BR0048,1167728.34,2.91,24,2022-07-25,2024-07-14,False,Active
FD0000175,CUS0002655,PRD-FD03,BR0016,674357.81,1.95,24,2024-01-10,2025-12-30,True,Active
FD0000176,CUS0004316,PRD-FD03,BR0006,4254300.03,1.21,24,2023-02-17,2025-02-06,False,Matured
FD0000177,CUS0006193,PRD-FD02,BR0012,1223032.47,2.44,12,2022-05-09,2023-05-04,True,Active
FD0000178,CUS0008607,PRD-FD01,BR0010,159679.53,3.31,6,2022-05-10,2022-11-06,True,Active
FD0000179,CUS0005339,PRD-FD03,BR0002,3796547.68,3.31,24,2023-10-04,2025-09-23,False,Active
FD0000180,CUS0005466,PRD-FD02,BR0019,537335.62,1.68,12,2022-01-06,2023-01-01,True,Matured
FD0000181,CUS0008049,PRD-FD03,BR0008,1444000.39,3.01,24,2022-12-15,2024-12-04,True,Active
FD0000182,CUS0001399,PRD-FD01,BR0018,3040212.4,2.55,6,2022-05-14,2022-11-10,True,Matured
FD0000183,CUS0004197,PRD-FD03,BR0015,4778402.58,3.06,24,2022-04-11,2024-03-31,True,Active
FD0000184,CUS0005187,PRD-FD02,BR0015,1452820.08,2.06,12,2022-09-15,2023-09-10,False,Active
FD0000185,CUS0006402,PRD-FD03,BR0047,3262091.77,3.13,24,2022-07-23,2024-07-12,False,Matured
FD0000186,CUS0006792,PRD-FD02,BR0037,3352304.77,2.79,12,2024-01-18,2025-01-12,True,Matured
FD0000187,CUS0002948,PRD-FD02,BR0045,3074400.73,2.15,12,2023-05-05,2024-04-29,True,Active
FD0000188,CUS0006937,PRD-FD02,BR0029,745684.1,1.89,12,2024-02-25,2025-02-19,True,Active
FD0000189,CUS0004748,PRD-FD03,BR0026,1212377.8,3.4,24,2023-11-10,2025-10-30,False,Active
FD0000190,CUS0000004,PRD-FD03,BR0019,2805602.19,2.93,24,2024-12-19,2026-12-09,True,Active
FD0000191,CUS0009615,PRD-FD02,BR0019,142501.75,2.74,12,2022-12-18,2023-12-13,True,Active
FD0000192,CUS0001887,PRD-FD02,BR0013,1929545.61,2.16,12,2024-06-25,2025-06-20,True,Active
FD0000193,CUS0008686,PRD-FD03,BR0034,443844.88,2.93,24,2023-10-08,2025-09-27,True,Matured
FD0000194,CUS0006908,PRD-FD02,BR0046,1639961.59,1.97,12,2025-05-26,2026-05-21,True,Active
FD0000195,CUS0000886,PRD-FD02,BR0022,567023.37,2.93,12,2025-04-24,2026-04-19,False,Active
FD0000196,CUS0001812,PRD-FD01,BR0027,75588.92,3.05,6,2023-10-04,2024-04-01,True,Active
FD0000197,CUS0009257,PRD-FD02,BR0038,1419000.19,2.1,12,2022-01-27,2023-01-22,True,Active
FD0000198,CUS0003252,PRD-FD03,BR0006,951168.07,2.87,24,2023-04-23,2025-04-12,False,Active
FD0000199,CUS0005458,PRD-FD03,BR0026,1993443.46,2.58,24,2022-01-26,2024-01-16,True,Active
FD0000200,CUS0007779,PRD-FD01,BR0015,2536981.39,1.35,6,2024-03-06,2024-09-02,True,Active
FD0000201,CUS0005241,PRD-FD01,BR0049,780272.45,1.25,6,2022-11-10,2023-05-09,False,Active
FD0000202,CUS0004818,PRD-FD03,BR0036,3924747.72,2.55,24,2026-03-28,2028-03-17,True,Active
FD0000203,CUS0009957,PRD-FD01,BR0012,3281814.7,1.88,6,2025-12-05,2026-06-03,True,Active
FD0000204,CUS0004578,PRD-FD01,BR0041,1226012.08,1.79,6,2026-02-16,2026-08-15,True,Active
FD0000205,CUS0008551,PRD-FD03,BR0013,1532262.17,1.98,24,2025-07-09,2027-06-29,True,Matured
FD0000206,CUS0000293,PRD-FD01,BR0008,737924.24,1.5,6,2022-05-27,2022-11-23,True,Active
FD0000207,CUS0000085,PRD-FD03,BR0049,2726662.8,2.11,24,2025-08-25,2027-08-15,True,Matured
FD0000208,CUS0003159,PRD-FD03,BR0048,3442044.03,1.67,24,2024-01-02,2025-12-22,False,Active
FD0000209,CUS0002541,PRD-FD03,BR0040,1506780.84,3.17,24,2023-09-14,2025-09-03,True,Active
FD0000210,CUS0000828,PRD-FD01,BR0010,2881344.59,2.85,6,2022-09-24,2023-03-23,True,Active
FD0000211,CUS0007975,PRD-FD02,BR0044,1128391.88,3.4,12,2022-02-27,2023-02-22,False,Active
FD0000212,CUS0000334,PRD-FD02,BR0019,3003814.81,1.45,12,2022-12-26,2023-12-21,True,Matured
FD0000213,CUS0009698,PRD-FD01,BR0025,1850466.29,1.94,6,2025-06-10,2025-12-07,True,Matured
FD0000214,CUS0004510,PRD-FD03,BR0005,3674506.99,1.81,24,2025-12-15,2027-12-05,True,Active
FD0000215,CUS0008156,PRD-FD02,BR0008,1345275.32,3.36,12,2026-04-03,2027-03-29,True,Active
FD0000216,CUS0001615,PRD-FD01,BR0040,3138474.86,1.94,6,2025-09-19,2026-03-18,False,Matured
FD0000217,CUS0004060,PRD-FD01,BR0041,1424386.24,3.38,6,2023-03-16,2023-09-12,True,Active
FD0000218,CUS0005149,PRD-FD02,BR0049,3816043.93,2.86,12,2025-07-05,2026-06-30,False,Active
FD0000219,CUS0004966,PRD-FD02,BR0032,1711196.6,2.17,12,2024-03-31,2025-03-26,False,Active
FD0000220,CUS0009433,PRD-FD02,BR0050,3987790.56,2.64,12,2025-10-31,2026-10-26,True,Active
FD0000221,CUS0007506,PRD-FD02,BR0038,3262009.19,3.31,12,2024-04-08,2025-04-03,False,Matured
FD0000222,CUS0004093,PRD-FD01,BR0016,4379160.91,1.3,6,2023-06-27,2023-12-24,True,Matured
FD0000223,CUS0001020,PRD-FD03,BR0025,3392227.81,2.62,24,2024-06-13,2026-06-03,False,Active
FD0000224,CUS0004028,PRD-FD02,BR0022,3167599.5,3.17,12,2023-04-06,2024-03-31,False,Matured
FD0000225,CUS0007046,PRD-FD01,BR0047,4820444.18,2.36,6,2022-11-12,2023-05-11,True,Matured
FD0000226,CUS0001178,PRD-FD02,BR0037,2523950.42,1.56,12,2026-03-30,2027-03-25,False,Active
FD0000227,CUS0001614,PRD-FD01,BR0046,4940186.95,2.28,6,2022-11-12,2023-05-11,True,Active
FD0000228,CUS0000055,PRD-FD03,BR0022,3019074.52,1.89,24,2025-07-08,2027-06-28,False,Active
FD0000229,CUS0007607,PRD-FD01,BR0046,2466715.3,3.41,6,2022-06-13,2022-12-10,True,Active
FD0000230,CUS0002740,PRD-FD02,BR0005,1032418.74,2.02,12,2025-03-10,2026-03-05,True,Active
FD0000231,CUS0005208,PRD-FD01,BR0042,2188403.34,1.39,6,2024-01-25,2024-07-23,False,Active
FD0000232,CUS0002957,PRD-FD01,BR0022,2863485.98,1.76,6,2022-10-23,2023-04-21,True,Active
FD0000233,CUS0006887,PRD-FD02,BR0007,1125731.97,1.96,12,2022-02-21,2023-02-16,True,Active
FD0000234,CUS0000940,PRD-FD02,BR0043,2242794.77,3.46,12,2024-07-05,2025-06-30,True,Active
FD0000235,CUS0001815,PRD-FD03,BR0020,3418600.76,2.9,24,2023-07-05,2025-06-24,True,Active
FD0000236,CUS0005126,PRD-FD01,BR0024,2612424.53,1.38,6,2022-07-13,2023-01-09,False,Active
FD0000237,CUS0009181,PRD-FD03,BR0012,2498964.22,2.79,24,2025-04-23,2027-04-13,True,Active
FD0000238,CUS0007765,PRD-FD03,BR0041,520707.78,1.39,24,2024-02-23,2026-02-12,True,Active
FD0000239,CUS0001491,PRD-FD02,BR0001,3840254.14,2.31,12,2022-12-11,2023-12-06,True,Active
FD0000240,CUS0002956,PRD-FD01,BR0001,2300660.67,2.19,6,2026-01-15,2026-07-14,True,Active
FD0000241,CUS0009194,PRD-FD01,BR0043,1457418.89,1.3,6,2023-02-25,2023-08-24,False,Active
FD0000242,CUS0009709,PRD-FD02,BR0007,3822355.96,2.25,12,2023-06-01,2024-05-26,True,Matured
FD0000243,CUS0004758,PRD-FD03,BR0049,2627294.97,2.19,24,2023-01-04,2024-12-24,False,Active
FD0000244,CUS0009300,PRD-FD01,BR0037,4132617.48,1.55,6,2024-03-25,2024-09-21,False,Matured
FD0000245,CUS0002023,PRD-FD01,BR0007,645678.47,1.21,6,2024-12-15,2025-06-13,False,Matured
FD0000246,CUS0009640,PRD-FD02,BR0027,1299393.03,1.66,12,2023-04-06,2024-03-31,False,Matured
FD0000247,CUS0002485,PRD-FD01,BR0040,366520.29,2.33,6,2022-01-02,2022-07-01,True,Active
FD0000248,CUS0007379,PRD-FD03,BR0047,693937.78,2.53,24,2024-03-05,2026-02-23,False,Matured
FD0000249,CUS0004793,PRD-FD03,BR0035,2629566.41,2.67,24,2023-06-13,2025-06-02,False,Active
FD0000250,CUS0004149,PRD-FD01,BR0023,4852751.91,1.5,6,2025-12-24,2026-06-22,True,Active
FD0000251,CUS0005687,PRD-FD03,BR0021,492050.97,2.32,24,2026-02-18,2028-02-08,True,Matured
FD0000252,CUS0009397,PRD-FD03,BR0015,1407718.09,2.57,24,2022-04-14,2024-04-03,False,Matured
FD0000253,CUS0008955,PRD-FD01,BR0008,4548869.92,3.37,6,2023-01-14,2023-07-13,True,Active
FD0000254,CUS0005785,PRD-FD01,BR0002,1075390.35,2.53,6,2025-09-13,2026-03-12,True,Matured
FD0000255,CUS0005374,PRD-FD02,BR0015,2681549.42,2.38,12,2022-05-08,2023-05-03,False,Matured
FD0000256,CUS0006703,PRD-FD01,BR0041,3632011.74,1.52,6,2024-08-13,2025-02-09,True,Active
FD0000257,CUS0007392,PRD-FD03,BR0036,2976657.81,1.91,24,2025-08-20,2027-08-10,False,Active
FD0000258,CUS0009153,PRD-FD01,BR0050,515372.15,2.58,6,2023-03-13,2023-09-09,True,Active
FD0000259,CUS0001594,PRD-FD01,BR0038,4430225.58,1.64,6,2024-01-02,2024-06-30,True,Active
FD0000260,CUS0001838,PRD-FD01,BR0048,2772325.99,2.14,6,2024-04-04,2024-10-01,True,Active
FD0000261,CUS0002132,PRD-FD03,BR0028,2415552.23,1.29,24,2024-10-13,2026-10-03,False,Active
FD0000262,CUS0009090,PRD-FD02,BR0019,4636127.92,2.55,12,2025-03-16,2026-03-11,False,Active
FD0000263,CUS0007765,PRD-FD02,BR0038,2178078.76,2.96,12,2025-03-13,2026-03-08,True,Active
FD0000264,CUS0006228,PRD-FD01,BR0011,1076068.11,1.6,6,2022-07-24,2023-01-20,True,Active
FD0000265,CUS0002213,PRD-FD01,BR0028,4015458.43,2.55,6,2025-11-25,2026-05-24,False,Active
FD0000266,CUS0008994,PRD-FD01,BR0039,3896477.6,3.21,6,2022-02-23,2022-08-22,True,Active
FD0000267,CUS0006321,PRD-FD01,BR0035,1291244.19,3.46,6,2024-03-06,2024-09-02,False,Active
FD0000268,CUS0009878,PRD-FD01,BR0016,2614882.37,1.36,6,2022-11-30,2023-05-29,True,Matured
FD0000269,CUS0009204,PRD-FD01,BR0004,2851953.07,1.69,6,2022-04-14,2022-10-11,False,Active
FD0000270,CUS0005196,PRD-FD01,BR0023,4776040.59,2.77,6,2024-08-14,2025-02-10,True,Active
FD0000271,CUS0004990,PRD-FD01,BR0022,4035261.03,2.51,6,2024-04-01,2024-09-28,True,Active
FD0000272,CUS0009050,PRD-FD01,BR0029,418822.15,2.03,6,2026-02-27,2026-08-26,True,Matured
FD0000273,CUS0004215,PRD-FD03,BR0049,3918576.98,2.03,24,2025-03-05,2027-02-23,True,Matured
FD0000274,CUS0001112,PRD-FD01,BR0050,3786846.93,3.08,6,2023-07-05,2024-01-01,True,Active
FD0000275,CUS0004604,PRD-FD03,BR0016,1449355.73,2.56,24,2022-07-07,2024-06-26,False,Active
FD0000276,CUS0009103,PRD-FD01,BR0012,583542.95,3.23,6,2026-01-06,2026-07-05,True,Active
FD0000277,CUS0006178,PRD-FD01,BR0019,2503487.26,3.24,6,2026-02-05,2026-08-04,True,Matured
FD0000278,CUS0008438,PRD-FD03,BR0008,849375.14,2.57,24,2024-01-12,2026-01-01,True,Active
FD0000279,CUS0004544,PRD-FD01,BR0039,357886.28,2.31,6,2025-08-17,2026-02-13,True,Matured
FD0000280,CUS0003606,PRD-FD01,BR0029,1947694.37,1.43,6,2022-02-01,2022-07-31,True,Matured
FD0000281,CUS0000798,PRD-FD03,BR0021,2772775.22,1.71,24,2025-02-13,2027-02-03,False,Active
FD0000282,CUS0005795,PRD-FD02,BR0043,4682857.34,3.02,12,2026-01-23,2027-01-18,False,Active
FD0000283,CUS0003346,PRD-FD01,BR0037,705020.22,3.29,6,2023-05-03,2023-10-30,True,Matured
FD0000284,CUS0004299,PRD-FD02,BR0039,2044885.91,2.13,12,2023-08-13,2024-08-07,False,Matured
FD0000285,CUS0002077,PRD-FD01,BR0007,4251597.74,2.1,6,2024-03-21,2024-09-17,False,Active
FD0000286,CUS0007749,PRD-FD01,BR0002,908470.23,2.83,6,2025-04-04,2025-10-01,False,Matured
FD0000287,CUS0003249,PRD-FD01,BR0003,190787.23,1.84,6,2024-09-30,2025-03-29,True,Active
FD0000288,CUS0007106,PRD-FD01,BR0008,4411420.29,1.88,6,2022-07-10,2023-01-06,False,Matured
FD0000289,CUS0007777,PRD-FD02,BR0017,3098183.7,2.05,12,2025-02-24,2026-02-19,True,Active
FD0000290,CUS0006873,PRD-FD01,BR0014,793324.53,2.13,6,2024-06-07,2024-12-04,True,Active
FD0000291,CUS0004645,PRD-FD03,BR0037,3889964.76,2.69,24,2022-03-18,2024-03-07,False,Matured
FD0000292,CUS0001454,PRD-FD02,BR0038,1724994.63,1.43,12,2023-01-18,2024-01-13,True,Active
FD0000293,CUS0002546,PRD-FD01,BR0026,787770.69,3.1,6,2023-10-12,2024-04-09,False,Active
FD0000294,CUS0001287,PRD-FD03,BR0046,3334200.91,2.44,24,2026-04-26,2028-04-15,False,Active
FD0000295,CUS0001955,PRD-FD02,BR0036,1803519.95,2.03,12,2025-11-08,2026-11-03,False,Active
FD0000296,CUS0002619,PRD-FD01,BR0042,3415363.05,3.09,6,2024-04-24,2024-10-21,False,Active
FD0000297,CUS0009983,PRD-FD01,BR0049,1267757.83,3.41,6,2024-02-29,2024-08-27,True,Active
FD0000298,CUS0009415,PRD-FD03,BR0007,4463527.5,3.09,24,2024-11-26,2026-11-16,False,Matured
FD0000299,CUS0004564,PRD-FD03,BR0022,1867350.53,1.69,24,2024-01-06,2025-12-26,False,Matured
FD0000300,CUS0008501,PRD-FD01,BR0033,3105582.9,3.3,6,2024-09-20,2025-03-19,True,Matured
FD0000301,CUS0002256,PRD-FD01,BR0019,1784545.54,1.8,6,2025-10-02,2026-03-31,True,Matured
FD0000302,CUS0003822,PRD-FD03,BR0002,4181029.11,1.82,24,2024-04-07,2026-03-28,True,Active
FD0000303,CUS0001090,PRD-FD02,BR0002,1937794.53,1.34,12,2026-03-27,2027-03-22,True,Active
FD0000304,CUS0009365,PRD-FD02,BR0009,3584064.28,3.11,12,2023-07-17,2024-07-11,True,Active
FD0000305,CUS0001766,PRD-FD03,BR0035,2246349.15,1.88,24,2023-02-21,2025-02-10,True,Matured
FD0000306,CUS0004964,PRD-FD03,BR0008,1396946.62,2.56,24,2025-01-26,2027-01-16,False,Matured
FD0000307,CUS0009781,PRD-FD03,BR0007,4644838.08,2.53,24,2025-02-22,2027-02-12,True,Active
FD0000308,CUS0007128,PRD-FD03,BR0048,1127495.72,3.32,24,2025-10-31,2027-10-21,True,Matured
FD0000309,CUS0004882,PRD-FD01,BR0047,918624.75,2.14,6,2024-11-08,2025-05-07,True,Active
FD0000310,CUS0009594,PRD-FD02,BR0037,3426908.8,2.11,12,2026-02-17,2027-02-12,True,Matured
FD0000311,CUS0009205,PRD-FD01,BR0047,3994549.99,2.27,6,2023-10-25,2024-04-22,True,Active
FD0000312,CUS0009115,PRD-FD02,BR0041,3353233.23,3.16,12,2022-10-19,2023-10-14,True,Matured
FD0000313,CUS0004015,PRD-FD01,BR0049,2787506.75,2.9,6,2025-07-04,2025-12-31,True,Active
FD0000314,CUS0006408,PRD-FD01,BR0009,1069729.91,1.72,6,2023-06-10,2023-12-07,False,Matured
FD0000315,CUS0007466,PRD-FD02,BR0002,1542349.72,1.64,12,2025-02-07,2026-02-02,True,Active
FD0000316,CUS0000865,PRD-FD02,BR0008,453015.27,2.6,12,2025-06-14,2026-06-09,True,Active
FD0000317,CUS0000876,PRD-FD02,BR0008,4646789.02,2.36,12,2022-04-18,2023-04-13,True,Matured
FD0000318,CUS0002891,PRD-FD01,BR0019,4777569.79,3.36,6,2024-09-01,2025-02-28,True,Matured
FD0000319,CUS0007266,PRD-FD01,BR0031,822808.99,1.92,6,2022-06-09,2022-12-06,True,Active
FD0000320,CUS0004015,PRD-FD01,BR0025,2443295.02,1.56,6,2025-12-26,2026-06-24,False,Active
FD0000321,CUS0002101,PRD-FD02,BR0017,1533668.17,2.99,12,2026-01-06,2027-01-01,True,Matured
FD0000322,CUS0009461,PRD-FD02,BR0041,3321884.43,2.72,12,2024-02-27,2025-02-21,True,Matured
FD0000323,CUS0005075,PRD-FD02,BR0017,4329557.02,1.92,12,2024-06-16,2025-06-11,True,Matured
FD0000324,CUS0002919,PRD-FD03,BR0030,2848470.78,3.05,24,2024-02-02,2026-01-22,True,Active
FD0000325,CUS0008075,PRD-FD02,BR0004,4704991.16,2.82,12,2025-02-15,2026-02-10,False,Active
FD0000326,CUS0008848,PRD-FD03,BR0032,2324729.24,2.51,24,2024-05-26,2026-05-16,True,Active
FD0000327,CUS0006598,PRD-FD01,BR0037,611442.87,2.1,6,2024-04-26,2024-10-23,True,Active
FD0000328,CUS0007481,PRD-FD01,BR0045,1881038.53,2.8,6,2025-02-19,2025-08-18,True,Active
FD0000329,CUS0006062,PRD-FD03,BR0008,654624.59,2.52,24,2023-06-09,2025-05-29,True,Active
FD0000330,CUS0002394,PRD-FD03,BR0013,2019859.29,2.02,24,2022-10-13,2024-10-02,True,Active
FD0000331,CUS0003007,PRD-FD03,BR0038,3044747.89,3.27,24,2024-06-12,2026-06-02,True,Active
FD0000332,CUS0002156,PRD-FD01,BR0035,4255749.0,2.44,6,2022-01-29,2022-07-28,False,Matured
FD0000333,CUS0004443,PRD-FD03,BR0014,2211791.72,3.24,24,2023-07-30,2025-07-19,True,Active
FD0000334,CUS0008918,PRD-FD03,BR0046,84152.33,2.99,24,2023-06-18,2025-06-07,True,Matured
FD0000335,CUS0008526,PRD-FD01,BR0018,1178589.19,3.47,6,2023-03-21,2023-09-17,True,Active
FD0000336,CUS0003043,PRD-FD02,BR0030,4280838.88,2.77,12,2022-04-24,2023-04-19,True,Active
FD0000337,CUS0002478,PRD-FD02,BR0003,3817074.04,1.77,12,2025-07-15,2026-07-10,True,Matured
FD0000338,CUS0004252,PRD-FD01,BR0049,2055443.21,2.65,6,2026-03-07,2026-09-03,True,Matured
FD0000339,CUS0009420,PRD-FD03,BR0025,3463786.86,2.79,24,2026-03-21,2028-03-10,True,Active
FD0000340,CUS0009173,PRD-FD01,BR0029,4853600.78,3.27,6,2022-12-12,2023-06-10,True,Active
FD0000341,CUS0008189,PRD-FD01,BR0040,2342608.03,1.42,6,2023-07-08,2024-01-04,False,Active
FD0000342,CUS0003494,PRD-FD03,BR0020,274895.48,2.4,24,2024-08-08,2026-07-29,True,Active
FD0000343,CUS0008673,PRD-FD03,BR0002,2230869.03,2.37,24,2024-09-08,2026-08-29,False,Matured
FD0000344,CUS0000635,PRD-FD02,BR0014,4596362.04,1.27,12,2022-06-27,2023-06-22,False,Matured
FD0000345,CUS0004119,PRD-FD03,BR0016,1993509.77,1.86,24,2024-07-23,2026-07-13,True,Active
FD0000346,CUS0006363,PRD-FD01,BR0004,2877645.61,1.64,6,2022-07-17,2023-01-13,False,Matured
FD0000347,CUS0004491,PRD-FD02,BR0030,2681348.14,2.03,12,2023-03-19,2024-03-13,False,Active
FD0000348,CUS0003225,PRD-FD02,BR0015,3854067.39,1.72,12,2024-05-03,2025-04-28,False,Matured
FD0000349,CUS0006381,PRD-FD01,BR0003,3809112.82,2.79,6,2026-02-11,2026-08-10,True,Active
FD0000350,CUS0007430,PRD-FD02,BR0028,252347.33,2.21,12,2025-11-26,2026-11-21,False,Active
FD0000351,CUS0007192,PRD-FD01,BR0042,153562.46,1.64,6,2025-03-24,2025-09-20,False,Matured
FD0000352,CUS0007104,PRD-FD01,BR0025,1981743.72,1.76,6,2023-02-13,2023-08-12,False,Active
FD0000353,CUS0004504,PRD-FD02,BR0024,933346.06,2.86,12,2025-11-21,2026-11-16,True,Matured
FD0000354,CUS0009005,PRD-FD01,BR0005,3566479.21,1.59,6,2024-07-25,2025-01-21,False,Matured
FD0000355,CUS0009605,PRD-FD01,BR0001,1794356.99,2.88,6,2023-09-06,2024-03-04,False,Active
FD0000356,CUS0008986,PRD-FD03,BR0037,4390953.46,1.49,24,2026-01-20,2028-01-10,False,Matured
FD0000357,CUS0003901,PRD-FD02,BR0028,1182431.25,1.27,12,2023-09-05,2024-08-30,False,Matured
FD0000358,CUS0002108,PRD-FD03,BR0035,2042723.75,3.18,24,2025-06-24,2027-06-14,True,Active
FD0000359,CUS0005180,PRD-FD01,BR0004,1324078.87,2.93,6,2022-01-18,2022-07-17,True,Matured
FD0000360,CUS0001797,PRD-FD03,BR0017,4544356.58,2.98,24,2024-12-29,2026-12-19,True,Matured
FD0000361,CUS0007056,PRD-FD03,BR0001,1261969.0,2.94,24,2025-04-26,2027-04-16,False,Matured
FD0000362,CUS0004671,PRD-FD03,BR0044,1818480.53,2.13,24,2025-11-13,2027-11-03,True,Active
FD0000363,CUS0005269,PRD-FD01,BR0043,1567083.89,2.32,6,2024-08-05,2025-02-01,True,Matured
FD0000364,CUS0003047,PRD-FD01,BR0026,2441809.78,3.13,6,2022-04-19,2022-10-16,False,Active
FD0000365,CUS0008028,PRD-FD02,BR0002,1601952.7,1.77,12,2024-06-04,2025-05-30,True,Active
FD0000366,CUS0001095,PRD-FD02,BR0013,1810924.1,1.95,12,2024-01-19,2025-01-13,True,Active
FD0000367,CUS0002027,PRD-FD03,BR0018,3915685.6,2.03,24,2024-05-13,2026-05-03,False,Active
FD0000368,CUS0004232,PRD-FD01,BR0041,1373116.8,2.6,6,2026-03-23,2026-09-19,False,Active
FD0000369,CUS0004685,PRD-FD03,BR0001,1908768.18,2.77,24,2025-11-02,2027-10-23,True,Active
FD0000370,CUS0007704,PRD-FD02,BR0004,2684739.7,1.95,12,2026-02-15,2027-02-10,False,Matured
FD0000371,CUS0005234,PRD-FD03,BR0025,129873.34,1.81,24,2025-08-08,2027-07-29,True,Active
FD0000372,CUS0002344,PRD-FD02,BR0002,3115539.07,2.93,12,2022-02-07,2023-02-02,True,Matured
FD0000373,CUS0008090,PRD-FD03,BR0021,4831512.47,1.67,24,2022-07-08,2024-06-27,True,Active
FD0000374,CUS0006900,PRD-FD03,BR0011,2805725.0,2.18,24,2022-06-11,2024-05-31,True,Active
FD0000375,CUS0005640,PRD-FD01,BR0046,2677576.83,1.93,6,2022-11-29,2023-05-28,False,Matured
FD0000376,CUS0005251,PRD-FD02,BR0027,2129169.2,3.19,12,2025-10-31,2026-10-26,False,Active
FD0000377,CUS0005432,PRD-FD03,BR0034,435937.44,1.62,24,2023-11-16,2025-11-05,True,Active
FD0000378,CUS0007048,PRD-FD03,BR0001,2230749.59,1.84,24,2023-06-07,2025-05-27,True,Active
FD0000379,CUS0007254,PRD-FD02,BR0011,3969909.03,2.89,12,2025-06-09,2026-06-04,True,Matured
FD0000380,CUS0003748,PRD-FD02,BR0042,4575097.08,3.03,12,2023-05-01,2024-04-25,False,Active
FD0000381,CUS0008096,PRD-FD01,BR0021,4366799.1,1.51,6,2025-02-24,2025-08-23,True,Active
FD0000382,CUS0004325,PRD-FD02,BR0013,2230290.95,1.55,12,2022-08-24,2023-08-19,False,Matured
FD0000383,CUS0005949,PRD-FD01,BR0021,3050011.33,2.58,6,2022-09-07,2023-03-06,False,Matured
FD0000384,CUS0007166,PRD-FD03,BR0045,1884226.34,2.46,24,2026-01-15,2028-01-05,False,Active
FD0000385,CUS0007981,PRD-FD01,BR0035,4895003.47,3.16,6,2023-03-18,2023-09-14,False,Matured
FD0000386,CUS0002504,PRD-FD02,BR0046,3062765.53,2.42,12,2022-12-22,2023-12-17,True,Matured
FD0000387,CUS0008620,PRD-FD03,BR0045,560064.69,3.25,24,2023-07-07,2025-06-26,True,Matured
FD0000388,CUS0005721,PRD-FD02,BR0029,3563102.29,2.74,12,2023-04-12,2024-04-06,True,Active
FD0000389,CUS0007890,PRD-FD03,BR0045,3869614.74,3.13,24,2022-12-11,2024-11-30,True,Active
FD0000390,CUS0005881,PRD-FD03,BR0012,616021.21,2.64,24,2024-09-02,2026-08-23,True,Matured
FD0000391,CUS0008638,PRD-FD01,BR0017,411440.64,2.05,6,2025-04-21,2025-10-18,False,Matured
FD0000392,CUS0009933,PRD-FD01,BR0013,2027324.5,2.17,6,2022-12-06,2023-06-04,True,Active
FD0000393,CUS0002143,PRD-FD02,BR0004,1267823.05,1.51,12,2026-03-25,2027-03-20,True,Active
FD0000394,CUS0009595,PRD-FD02,BR0002,456284.03,2.86,12,2026-03-01,2027-02-24,False,Active
FD0000395,CUS0008596,PRD-FD03,BR0035,1986219.68,2.2,24,2026-01-08,2027-12-29,False,Active
FD0000396,CUS0000578,PRD-FD01,BR0029,1689390.36,1.98,6,2024-04-28,2024-10-25,False,Active
FD0000397,CUS0001552,PRD-FD02,BR0044,3725912.59,2.43,12,2026-01-08,2027-01-03,True,Active
FD0000398,CUS0005770,PRD-FD02,BR0032,1712999.54,1.53,12,2025-10-26,2026-10-21,False,Active
FD0000399,CUS0008143,PRD-FD01,BR0013,346021.52,2.84,6,2024-03-12,2024-09-08,True,Active
FD0000400,CUS0006885,PRD-FD02,BR0038,4614533.22,2.09,12,2023-05-28,2024-05-22,False,Matured
FD0000401,CUS0005759,PRD-FD03,BR0032,3515625.99,2.01,24,2025-10-19,2027-10-09,True,Matured
FD0000402,CUS0001220,PRD-FD02,BR0048,937539.66,3.49,12,2025-03-19,2026-03-14,False,Active
FD0000403,CUS0001278,PRD-FD01,BR0021,624909.55,3.06,6,2025-06-03,2025-11-30,True,Active
FD0000404,CUS0005242,PRD-FD01,BR0048,3833519.54,3.11,6,2024-11-16,2025-05-15,True,Active
FD0000405,CUS0004694,PRD-FD03,BR0041,2483311.98,2.38,24,2025-11-10,2027-10-31,False,Active
FD0000406,CUS0006310,PRD-FD01,BR0006,1096129.3,1.57,6,2023-06-01,2023-11-28,True,Active
FD0000407,CUS0007731,PRD-FD03,BR0003,3256584.26,3.08,24,2024-04-30,2026-04-20,True,Active
FD0000408,CUS0006980,PRD-FD03,BR0022,464614.77,3.29,24,2022-05-30,2024-05-19,False,Active
FD0000409,CUS0001347,PRD-FD03,BR0013,4739208.41,1.32,24,2022-08-21,2024-08-10,True,Active
FD0000410,CUS0007267,PRD-FD01,BR0035,368790.89,2.01,6,2022-09-07,2023-03-06,True,Matured
FD0000411,CUS0003791,PRD-FD01,BR0001,2362432.28,2.65,6,2024-04-11,2024-10-08,False,Matured
FD0000412,CUS0004263,PRD-FD02,BR0030,4019368.72,3.34,12,2025-01-06,2026-01-01,True,Matured
FD0000413,CUS0007569,PRD-FD01,BR0036,1772056.55,3.3,6,2025-02-27,2025-08-26,True,Active
FD0000414,CUS0007301,PRD-FD03,BR0036,3353709.66,1.55,24,2025-12-02,2027-11-22,True,Active
FD0000415,CUS0000519,PRD-FD03,BR0005,3214749.7,2.65,24,2025-05-06,2027-04-26,False,Matured
FD0000416,CUS0002331,PRD-FD02,BR0036,3960343.9,2.62,12,2026-03-31,2027-03-26,True,Active
FD0000417,CUS0008094,PRD-FD01,BR0021,3542710.44,2.25,6,2022-06-21,2022-12-18,False,Matured
FD0000418,CUS0001358,PRD-FD01,BR0048,4707513.28,3.12,6,2022-03-31,2022-09-27,True,Active
FD0000419,CUS0000605,PRD-FD02,BR0012,2338671.98,1.86,12,2024-01-22,2025-01-16,True,Active
FD0000420,CUS0009349,PRD-FD02,BR0023,2632998.84,1.5,12,2025-08-03,2026-07-29,False,Matured
FD0000421,CUS0004139,PRD-FD03,BR0001,776006.46,2.96,24,2023-05-05,2025-04-24,False,Active
FD0000422,CUS0004249,PRD-FD03,BR0003,4588573.54,1.71,24,2024-04-17,2026-04-07,False,Active
FD0000423,CUS0007592,PRD-FD01,BR0048,4255125.26,2.21,6,2025-09-24,2026-03-23,False,Active
FD0000424,CUS0001681,PRD-FD02,BR0003,104463.67,2.45,12,2025-11-14,2026-11-09,True,Matured
FD0000425,CUS0008621,PRD-FD01,BR0015,3311628.91,2.37,6,2025-05-08,2025-11-04,True,Matured
FD0000426,CUS0006330,PRD-FD01,BR0046,4710065.8,1.41,6,2025-03-25,2025-09-21,True,Active
FD0000427,CUS0000458,PRD-FD02,BR0004,196546.79,1.96,12,2023-09-28,2024-09-22,True,Active
FD0000428,CUS0000253,PRD-FD02,BR0045,648623.5,1.34,12,2023-09-10,2024-09-04,False,Active
FD0000429,CUS0006608,PRD-FD03,BR0026,157617.29,2.25,24,2025-02-10,2027-01-31,True,Active
FD0000430,CUS0003893,PRD-FD03,BR0032,4762081.93,1.25,24,2022-08-02,2024-07-22,True,Active
FD0000431,CUS0009463,PRD-FD02,BR0009,2177636.77,2.83,12,2023-01-15,2024-01-10,True,Active
FD0000432,CUS0008856,PRD-FD02,BR0030,4691319.16,2.93,12,2024-11-28,2025-11-23,False,Active
FD0000433,CUS0003190,PRD-FD02,BR0028,4998132.27,2.62,12,2026-01-12,2027-01-07,False,Active
FD0000434,CUS0003060,PRD-FD03,BR0033,1728274.48,2.92,24,2022-05-23,2024-05-12,True,Matured
FD0000435,CUS0008816,PRD-FD01,BR0036,1055554.47,1.95,6,2024-08-19,2025-02-15,False,Active
FD0000436,CUS0007342,PRD-FD03,BR0011,2267172.82,1.65,24,2026-01-05,2027-12-26,False,Matured
FD0000437,CUS0001450,PRD-FD01,BR0023,1661594.61,1.22,6,2022-04-21,2022-10-18,True,Active
FD0000438,CUS0009574,PRD-FD01,BR0010,2611737.86,2.57,6,2026-03-27,2026-09-23,True,Matured
FD0000439,CUS0006191,PRD-FD02,BR0048,1848929.08,2.67,12,2026-05-01,2027-04-26,False,Matured
FD0000440,CUS0008920,PRD-FD03,BR0002,1271944.2,1.97,24,2025-06-19,2027-06-09,False,Matured
FD0000441,CUS0001053,PRD-FD02,BR0017,193572.76,2.44,12,2025-05-25,2026-05-20,False,Matured
FD0000442,CUS0005954,PRD-FD02,BR0029,412460.34,3.22,12,2023-10-05,2024-09-29,True,Active
FD0000443,CUS0000985,PRD-FD01,BR0014,862659.81,2.8,6,2023-07-22,2024-01-18,True,Active
FD0000444,CUS0005746,PRD-FD02,BR0020,4471828.36,1.61,12,2023-02-16,2024-02-11,True,Active
FD0000445,CUS0006639,PRD-FD01,BR0033,2923611.92,1.68,6,2025-07-22,2026-01-18,False,Matured
FD0000446,CUS0006430,PRD-FD01,BR0040,1172949.99,1.58,6,2025-12-20,2026-06-18,False,Matured
FD0000447,CUS0006352,PRD-FD03,BR0020,1573251.06,2.26,24,2025-05-13,2027-05-03,True,Matured
FD0000448,CUS0002311,PRD-FD01,BR0012,237211.54,2.73,6,2022-09-21,2023-03-20,False,Active
FD0000449,CUS0005858,PRD-FD02,BR0006,3819363.65,3.17,12,2025-09-22,2026-09-17,True,Matured
FD0000450,CUS0008450,PRD-FD03,BR0001,2569782.62,2.86,24,2022-01-08,2023-12-29,True,Active
FD0000451,CUS0009320,PRD-FD03,BR0040,1208586.06,1.54,24,2024-08-05,2026-07-26,True,Active
FD0000452,CUS0001628,PRD-FD02,BR0027,4406836.23,1.25,12,2025-12-26,2026-12-21,False,Active
FD0000453,CUS0005766,PRD-FD01,BR0032,2646755.88,3.42,6,2025-07-17,2026-01-13,True,Active
FD0000454,CUS0005576,PRD-FD03,BR0007,1310594.79,2.2,24,2025-03-14,2027-03-04,True,Active
FD0000455,CUS0007387,PRD-FD02,BR0033,2896397.97,3.16,12,2022-05-04,2023-04-29,False,Active
FD0000456,CUS0007795,PRD-FD02,BR0046,2325609.27,1.48,12,2022-01-05,2022-12-31,False,Matured
FD0000457,CUS0009800,PRD-FD02,BR0037,366024.21,1.74,12,2023-09-01,2024-08-26,True,Active
FD0000458,CUS0007168,PRD-FD03,BR0033,1908762.29,2.72,24,2026-03-27,2028-03-16,False,Matured
FD0000459,CUS0008252,PRD-FD02,BR0041,835189.42,2.56,12,2023-07-11,2024-07-05,True,Matured
FD0000460,CUS0008819,PRD-FD03,BR0005,3341426.58,1.81,24,2024-08-31,2026-08-21,False,Matured
FD0000461,CUS0006775,PRD-FD01,BR0010,2886814.19,2.03,6,2026-04-13,2026-10-10,False,Active
FD0000462,CUS0004268,PRD-FD02,BR0042,1575569.37,1.39,12,2024-12-07,2025-12-02,False,Matured
FD0000463,CUS0008984,PRD-FD03,BR0046,2874599.97,2.56,24,2024-01-10,2025-12-30,True,Matured
FD0000464,CUS0002603,PRD-FD02,BR0006,3338178.67,2.51,12,2024-11-15,2025-11-10,True,Active
FD0000465,CUS0001533,PRD-FD01,BR0007,2107008.04,1.65,6,2022-02-23,2022-08-22,True,Active
FD0000466,CUS0002288,PRD-FD03,BR0026,514655.99,2.79,24,2026-04-28,2028-04-17,False,Active
FD0000467,CUS0009079,PRD-FD02,BR0036,3044127.11,3.21,12,2023-08-31,2024-08-25,True,Active
FD0000468,CUS0007136,PRD-FD03,BR0012,2338625.9,1.65,24,2024-04-16,2026-04-06,True,Active
FD0000469,CUS0002938,PRD-FD01,BR0043,1519875.19,2.39,6,2024-02-13,2024-08-11,True,Active
FD0000470,CUS0007831,PRD-FD01,BR0019,2360149.47,1.81,6,2024-03-14,2024-09-10,False,Active
FD0000471,CUS0005201,PRD-FD01,BR0047,2301381.15,1.69,6,2024-07-25,2025-01-21,True,Matured
FD0000472,CUS0000016,PRD-FD03,BR0002,1357656.58,2.52,24,2022-08-09,2024-07-29,True,Active
FD0000473,CUS0004705,PRD-FD03,BR0017,1313637.2,1.93,24,2025-02-28,2027-02-18,True,Active
FD0000474,CUS0006361,PRD-FD02,BR0017,1281370.86,1.71,12,2026-04-05,2027-03-31,False,Active
FD0000475,CUS0007769,PRD-FD02,BR0006,2375408.23,2.51,12,2022-04-08,2023-04-03,True,Active
FD0000476,CUS0003208,PRD-FD02,BR0012,4616790.06,1.58,12,2024-10-08,2025-10-03,False,Active
FD0000477,CUS0001802,PRD-FD02,BR0028,4020078.74,2.24,12,2023-12-08,2024-12-02,True,Active
FD0000478,CUS0007946,PRD-FD03,BR0006,2433617.01,2.78,24,2022-02-02,2024-01-23,False,Matured
FD0000479,CUS0004414,PRD-FD01,BR0025,598186.75,2.3,6,2023-05-29,2023-11-25,True,Active
FD0000480,CUS0004934,PRD-FD02,BR0035,1819062.59,2.5,12,2024-04-16,2025-04-11,True,Matured
FD0000481,CUS0007474,PRD-FD01,BR0034,3418994.63,1.73,6,2025-12-27,2026-06-25,True,Active
FD0000482,CUS0002196,PRD-FD01,BR0033,1988119.58,2.33,6,2023-11-18,2024-05-16,True,Active
FD0000483,CUS0005609,PRD-FD02,BR0041,1596439.27,3.03,12,2023-04-29,2024-04-23,False,Active
FD0000484,CUS0001541,PRD-FD03,BR0001,2976789.14,2.74,24,2023-01-20,2025-01-09,False,Matured
FD0000485,CUS0002328,PRD-FD01,BR0050,3696989.63,2.64,6,2023-12-05,2024-06-02,True,Active
FD0000486,CUS0009793,PRD-FD01,BR0029,4946537.05,2.39,6,2023-11-05,2024-05-03,False,Matured
FD0000487,CUS0005732,PRD-FD03,BR0021,942087.14,2.27,24,2024-07-12,2026-07-02,False,Matured
FD0000488,CUS0004894,PRD-FD03,BR0013,4857750.18,1.37,24,2023-04-13,2025-04-02,False,Matured
FD0000489,CUS0000816,PRD-FD01,BR0031,4486550.63,2.97,6,2023-03-14,2023-09-10,True,Active
FD0000490,CUS0005002,PRD-FD03,BR0030,3997093.74,3.08,24,2024-09-08,2026-08-29,False,Matured
FD0000491,CUS0006720,PRD-FD02,BR0049,917504.9,2.43,12,2024-08-23,2025-08-18,True,Active
FD0000492,CUS0007453,PRD-FD03,BR0025,2290094.17,1.67,24,2022-02-22,2024-02-12,True,Matured
FD0000493,CUS0007606,PRD-FD03,BR0009,3002171.09,2.69,24,2022-05-22,2024-05-11,False,Active
FD0000494,CUS0000105,PRD-FD01,BR0009,2734997.8,1.24,6,2023-08-29,2024-02-25,False,Active
FD0000495,CUS0009808,PRD-FD01,BR0042,4544960.83,3.18,6,2023-03-21,2023-09-17,False,Matured
FD0000496,CUS0005772,PRD-FD01,BR0039,1347545.4,2.47,6,2022-02-08,2022-08-07,True,Active
FD0000497,CUS0006206,PRD-FD03,BR0002,490945.67,1.85,24,2024-06-20,2026-06-10,True,Active
FD0000498,CUS0006507,PRD-FD01,BR0045,2359675.83,2.3,6,2024-03-27,2024-09-23,True,Active
FD0000499,CUS0008210,PRD-FD03,BR0009,4653079.27,3.49,24,2022-10-08,2024-09-27,False,Active
FD0000500,CUS0004446,PRD-FD02,BR0017,1404394.54,2.23,12,2023-07-15,2024-07-09,False,Active
FD0000501,CUS0006577,PRD-FD01,BR0021,957441.66,1.56,6,2025-03-07,2025-09-03,False,Active
FD0000502,CUS0006336,PRD-FD03,BR0009,310461.35,1.41,24,2025-05-03,2027-04-23,False,Active
FD0000503,CUS0001487,PRD-FD01,BR0015,1780573.32,2.61,6,2025-08-28,2026-02-24,True,Active
FD0000504,CUS0005611,PRD-FD03,BR0010,4834360.36,1.4,24,2022-05-06,2024-04-25,True,Active
FD0000505,CUS0001379,PRD-FD03,BR0005,4836538.38,2.1,24,2023-12-07,2025-11-26,True,Active
FD0000506,CUS0005957,PRD-FD01,BR0030,190673.91,3.21,6,2025-09-02,2026-03-01,True,Active
FD0000507,CUS0006793,PRD-FD03,BR0021,4878416.59,2.39,24,2025-06-25,2027-06-15,True,Active
FD0000508,CUS0006124,PRD-FD01,BR0043,95826.23,3.06,6,2023-03-28,2023-09-24,True,Active
FD0000509,CUS0003943,PRD-FD02,BR0011,4880648.73,1.51,12,2024-02-18,2025-02-12,True,Active
FD0000510,CUS0007660,PRD-FD03,BR0018,2624199.13,2.76,24,2025-10-12,2027-10-02,True,Active
FD0000511,CUS0009073,PRD-FD01,BR0025,1605030.84,2.94,6,2025-06-06,2025-12-03,False,Active
FD0000512,CUS0002603,PRD-FD02,BR0027,1776972.21,2.56,12,2022-01-01,2022-12-27,True,Active
FD0000513,CUS0008779,PRD-FD03,BR0047,3880373.56,2.4,24,2023-06-28,2025-06-17,True,Active
FD0000514,CUS0006801,PRD-FD01,BR0032,964450.12,2.08,6,2025-06-23,2025-12-20,True,Matured
FD0000515,CUS0000624,PRD-FD03,BR0042,229406.57,2.84,24,2023-10-20,2025-10-09,False,Matured
FD0000516,CUS0007624,PRD-FD02,BR0050,4006714.68,2.3,12,2025-12-10,2026-12-05,False,Matured
FD0000517,CUS0003441,PRD-FD03,BR0001,4604656.66,3.13,24,2023-08-20,2025-08-09,False,Matured
FD0000518,CUS0001669,PRD-FD01,BR0004,1343067.77,3.46,6,2025-12-22,2026-06-20,False,Active
FD0000519,CUS0008690,PRD-FD01,BR0022,4895261.1,3.45,6,2022-05-21,2022-11-17,True,Matured
FD0000520,CUS0006088,PRD-FD01,BR0002,50412.08,2.66,6,2025-12-11,2026-06-09,False,Active
FD0000521,CUS0007912,PRD-FD03,BR0038,4468205.0,1.98,24,2023-12-06,2025-11-25,True,Active
FD0000522,CUS0005313,PRD-FD01,BR0028,4558700.37,2.41,6,2025-12-28,2026-06-26,False,Active
FD0000523,CUS0008165,PRD-FD03,BR0019,3729192.12,2.98,24,2024-06-27,2026-06-17,True,Active
FD0000524,CUS0005340,PRD-FD02,BR0021,1396020.39,2.75,12,2026-01-30,2027-01-25,False,Matured
FD0000525,CUS0001783,PRD-FD03,BR0026,1403973.22,3.3,24,2025-08-14,2027-08-04,True,Active
FD0000526,CUS0009436,PRD-FD01,BR0004,139417.51,2.77,6,2023-06-27,2023-12-24,True,Active
FD0000527,CUS0007015,PRD-FD03,BR0008,1626712.45,1.5,24,2025-08-23,2027-08-13,True,Active
FD0000528,CUS0005510,PRD-FD03,BR0031,2904572.62,3.1,24,2023-11-06,2025-10-26,True,Active
FD0000529,CUS0009741,PRD-FD02,BR0010,2482877.75,1.5,12,2022-02-25,2023-02-20,False,Matured
FD0000530,CUS0006703,PRD-FD02,BR0004,1598644.12,1.83,12,2025-05-27,2026-05-22,False,Matured
FD0000531,CUS0003753,PRD-FD01,BR0033,701351.4,1.34,6,2022-04-03,2022-09-30,False,Matured
FD0000532,CUS0001944,PRD-FD03,BR0039,3194120.4,1.33,24,2024-04-16,2026-04-06,True,Active
FD0000533,CUS0005239,PRD-FD03,BR0037,2605106.18,2.06,24,2025-05-22,2027-05-12,True,Matured
FD0000534,CUS0000012,PRD-FD01,BR0016,4957814.64,1.29,6,2025-06-20,2025-12-17,False,Active
FD0000535,CUS0006315,PRD-FD03,BR0038,451084.63,2.72,24,2022-10-12,2024-10-01,False,Active
FD0000536,CUS0008862,PRD-FD02,BR0028,4435904.1,2.82,12,2025-07-08,2026-07-03,True,Active
FD0000537,CUS0001125,PRD-FD02,BR0019,3577398.14,3.08,12,2024-08-16,2025-08-11,False,Matured
FD0000538,CUS0006369,PRD-FD02,BR0009,523439.07,2.24,12,2022-12-18,2023-12-13,False,Matured
FD0000539,CUS0004914,PRD-FD02,BR0007,4598209.68,2.99,12,2023-09-23,2024-09-17,False,Active
FD0000540,CUS0007964,PRD-FD01,BR0027,436345.84,2.34,6,2022-10-10,2023-04-08,False,Active
FD0000541,CUS0000101,PRD-FD02,BR0024,3267150.72,3.15,12,2022-07-24,2023-07-19,True,Active
FD0000542,CUS0003151,PRD-FD03,BR0016,3709339.95,1.24,24,2023-02-08,2025-01-28,True,Active
FD0000543,CUS0003232,PRD-FD01,BR0041,182600.31,1.49,6,2024-03-02,2024-08-29,False,Active
FD0000544,CUS0002433,PRD-FD02,BR0038,2532633.96,2.28,12,2023-10-27,2024-10-21,False,Active
FD0000545,CUS0007154,PRD-FD01,BR0050,3706486.03,2.01,6,2025-12-22,2026-06-20,True,Matured
FD0000546,CUS0002742,PRD-FD01,BR0015,2480840.39,1.62,6,2023-08-25,2024-02-21,True,Matured
FD0000547,CUS0004224,PRD-FD01,BR0037,664442.74,2.79,6,2022-05-13,2022-11-09,True,Active
FD0000548,CUS0003465,PRD-FD03,BR0049,4929492.38,1.5,24,2023-04-08,2025-03-28,False,Active
FD0000549,CUS0007610,PRD-FD03,BR0029,4529917.56,1.86,24,2025-03-18,2027-03-08,False,Active
FD0000550,CUS0002809,PRD-FD02,BR0003,4800829.39,3.5,12,2023-12-02,2024-11-26,False,Active
FD0000551,CUS0003977,PRD-FD01,BR0008,1843566.38,1.99,6,2024-03-30,2024-09-26,True,Active
FD0000552,CUS0004533,PRD-FD03,BR0044,2074058.34,1.79,24,2024-08-26,2026-08-16,False,Matured
FD0000553,CUS0008892,PRD-FD01,BR0035,4393769.26,1.33,6,2026-04-08,2026-10-05,True,Active
FD0000554,CUS0007578,PRD-FD01,BR0033,170539.12,3.07,6,2023-01-09,2023-07-08,False,Active
FD0000555,CUS0004825,PRD-FD02,BR0045,2268086.62,2.62,12,2024-03-01,2025-02-24,False,Active
FD0000556,CUS0005425,PRD-FD03,BR0040,127267.92,2.82,24,2022-01-19,2024-01-09,False,Matured
FD0000557,CUS0001683,PRD-FD02,BR0001,3540111.02,2.46,12,2024-06-24,2025-06-19,True,Matured
FD0000558,CUS0006517,PRD-FD01,BR0019,3207823.2,1.32,6,2024-01-19,2024-07-17,False,Matured
FD0000559,CUS0002218,PRD-FD03,BR0030,4220944.81,3.3,24,2025-09-09,2027-08-30,False,Active
FD0000560,CUS0009653,PRD-FD03,BR0026,3111021.47,1.73,24,2023-11-14,2025-11-03,False,Active
FD0000561,CUS0001174,PRD-FD01,BR0019,4778660.12,2.83,6,2026-02-09,2026-08-08,True,Matured
FD0000562,CUS0005268,PRD-FD03,BR0027,4983630.47,2.28,24,2024-02-05,2026-01-25,True,Active
FD0000563,CUS0001922,PRD-FD01,BR0003,1534158.55,3.15,6,2025-11-26,2026-05-25,True,Active
FD0000564,CUS0002203,PRD-FD02,BR0035,583026.3,3.26,12,2025-10-03,2026-09-28,False,Active
FD0000565,CUS0001719,PRD-FD02,BR0004,909237.19,2.23,12,2022-07-29,2023-07-24,True,Active
FD0000566,CUS0001409,PRD-FD03,BR0007,4171003.32,1.67,24,2023-09-12,2025-09-01,True,Active
FD0000567,CUS0007433,PRD-FD01,BR0045,1176433.37,2.03,6,2022-07-12,2023-01-08,True,Active
FD0000568,CUS0000608,PRD-FD01,BR0022,2504100.49,3.46,6,2023-06-04,2023-12-01,False,Matured
FD0000569,CUS0003368,PRD-FD02,BR0001,983710.01,2.58,12,2024-12-03,2025-11-28,True,Active
FD0000570,CUS0007227,PRD-FD03,BR0050,312868.21,2.36,24,2024-05-23,2026-05-13,True,Active
FD0000571,CUS0004327,PRD-FD01,BR0033,4924285.7,1.87,6,2023-11-17,2024-05-15,True,Active
FD0000572,CUS0006146,PRD-FD02,BR0014,4253847.47,2.32,12,2025-01-07,2026-01-02,True,Matured
FD0000573,CUS0000932,PRD-FD02,BR0032,629300.79,2.82,12,2022-08-25,2023-08-20,True,Matured
FD0000574,CUS0004977,PRD-FD02,BR0046,1757287.7,3.25,12,2022-07-08,2023-07-03,True,Active
FD0000575,CUS0003775,PRD-FD01,BR0043,1853191.0,1.35,6,2024-05-09,2024-11-05,False,Matured
FD0000576,CUS0007820,PRD-FD02,BR0036,1257119.45,2.5,12,2025-04-07,2026-04-02,True,Matured
FD0000577,CUS0003090,PRD-FD03,BR0012,4277999.94,2.46,24,2025-02-01,2027-01-22,True,Active
FD0000578,CUS0000061,PRD-FD01,BR0011,2909900.71,2.4,6,2025-06-18,2025-12-15,True,Active
FD0000579,CUS0006307,PRD-FD02,BR0015,4105676.54,2.71,12,2022-05-24,2023-05-19,False,Active
FD0000580,CUS0002924,PRD-FD03,BR0026,1201977.18,2.57,24,2022-06-12,2024-06-01,True,Active
FD0000581,CUS0007296,PRD-FD03,BR0020,2571282.38,1.72,24,2022-01-01,2023-12-22,True,Matured
FD0000582,CUS0005281,PRD-FD02,BR0024,3449683.32,2.36,12,2023-10-16,2024-10-10,True,Matured
FD0000583,CUS0005422,PRD-FD03,BR0050,3814176.88,2.39,24,2024-05-05,2026-04-25,False,Active
FD0000584,CUS0007795,PRD-FD01,BR0039,2187526.53,2.44,6,2025-03-27,2025-09-23,True,Active
FD0000585,CUS0002697,PRD-FD02,BR0041,2717013.21,2.88,12,2022-06-30,2023-06-25,False,Matured
FD0000586,CUS0000116,PRD-FD01,BR0036,3193803.6,1.66,6,2023-09-20,2024-03-18,False,Active
FD0000587,CUS0003507,PRD-FD02,BR0015,3125747.36,2.01,12,2026-04-19,2027-04-14,True,Matured
FD0000588,CUS0000050,PRD-FD02,BR0006,303491.66,2.28,12,2025-08-29,2026-08-24,True,Active
FD0000589,CUS0004409,PRD-FD03,BR0037,69390.98,1.27,24,2024-04-01,2026-03-22,True,Matured
FD0000590,CUS0006007,PRD-FD01,BR0024,1076289.21,3.03,6,2024-07-26,2025-01-22,False,Active
FD0000591,CUS0005691,PRD-FD03,BR0034,3364863.0,1.73,24,2022-11-08,2024-10-28,True,Active
FD0000592,CUS0009871,PRD-FD03,BR0016,3545573.47,1.75,24,2024-02-11,2026-01-31,True,Active
FD0000593,CUS0007267,PRD-FD02,BR0011,1898105.72,2.26,12,2024-12-08,2025-12-03,True,Matured
FD0000594,CUS0004650,PRD-FD01,BR0011,130436.32,3.08,6,2023-06-04,2023-12-01,False,Active
FD0000595,CUS0002540,PRD-FD01,BR0039,281199.48,1.28,6,2025-02-24,2025-08-23,True,Active
FD0000596,CUS0004849,PRD-FD01,BR0046,3018419.99,1.49,6,2025-12-16,2026-06-14,False,Active
FD0000597,CUS0008314,PRD-FD01,BR0047,3187164.88,2.13,6,2024-03-13,2024-09-09,True,Active
FD0000598,CUS0002283,PRD-FD03,BR0027,4130128.18,2.74,24,2024-05-12,2026-05-02,False,Active
FD0000599,CUS0005196,PRD-FD02,BR0030,816487.5,3.17,12,2025-12-28,2026-12-23,True,Matured
FD0000600,CUS0006030,PRD-FD02,BR0045,967274.36,3.2,12,2026-01-17,2027-01-12,True,Active
FD0000601,CUS0003424,PRD-FD01,BR0031,567167.42,2.34,6,2024-04-08,2024-10-05,False,Matured
FD0000602,CUS0004262,PRD-FD02,BR0009,2123512.56,1.2,12,2024-02-23,2025-02-17,True,Active
FD0000603,CUS0005840,PRD-FD01,BR0005,849323.0,3.4,6,2024-10-13,2025-04-11,True,Active
FD0000604,CUS0001501,PRD-FD03,BR0030,2435369.9,2.18,24,2024-10-19,2026-10-09,False,Matured
FD0000605,CUS0006051,PRD-FD03,BR0022,2040241.07,2.52,24,2024-12-30,2026-12-20,False,Matured
FD0000606,CUS0002770,PRD-FD02,BR0036,2638221.28,2.62,12,2025-07-14,2026-07-09,False,Active
FD0000607,CUS0002269,PRD-FD03,BR0005,297253.36,2.13,24,2022-11-20,2024-11-09,False,Matured
FD0000608,CUS0004653,PRD-FD03,BR0038,1226560.41,1.31,24,2022-03-23,2024-03-12,False,Active
FD0000609,CUS0000881,PRD-FD02,BR0036,1156655.18,3.21,12,2024-04-28,2025-04-23,True,Active
FD0000610,CUS0005542,PRD-FD01,BR0046,118936.6,2.99,6,2024-10-12,2025-04-10,True,Matured
FD0000611,CUS0009212,PRD-FD01,BR0039,2598633.47,2.78,6,2023-04-06,2023-10-03,True,Active
FD0000612,CUS0007230,PRD-FD01,BR0046,2919462.67,2.3,6,2025-10-15,2026-04-13,False,Active
FD0000613,CUS0006359,PRD-FD03,BR0038,1090225.24,1.49,24,2025-10-06,2027-09-26,True,Matured
FD0000614,CUS0006908,PRD-FD02,BR0019,2073847.19,2.6,12,2023-11-11,2024-11-05,True,Matured
FD0000615,CUS0009977,PRD-FD02,BR0017,3465889.16,2.49,12,2026-01-01,2026-12-27,True,Matured
FD0000616,CUS0006398,PRD-FD03,BR0024,1641852.91,2.76,24,2025-09-22,2027-09-12,False,Active
FD0000617,CUS0006944,PRD-FD03,BR0005,2689065.18,2.39,24,2023-05-08,2025-04-27,False,Active
FD0000618,CUS0006793,PRD-FD01,BR0026,3999541.48,1.96,6,2026-02-06,2026-08-05,True,Active
FD0000619,CUS0008537,PRD-FD02,BR0010,4394503.99,2.36,12,2025-06-14,2026-06-09,True,Active
FD0000620,CUS0002112,PRD-FD01,BR0006,3584323.15,1.73,6,2023-11-27,2024-05-25,False,Active
FD0000621,CUS0006753,PRD-FD01,BR0025,1149794.57,3.47,6,2023-01-21,2023-07-20,False,Active
FD0000622,CUS0008260,PRD-FD02,BR0045,2076159.94,1.39,12,2022-07-22,2023-07-17,True,Active
FD0000623,CUS0001481,PRD-FD01,BR0040,4401337.15,1.79,6,2025-04-22,2025-10-19,False,Active
FD0000624,CUS0009881,PRD-FD03,BR0011,1985974.8,3.01,24,2025-04-09,2027-03-30,True,Active
FD0000625,CUS0005982,PRD-FD02,BR0050,4257399.97,1.24,12,2023-02-12,2024-02-07,True,Active
FD0000626,CUS0002038,PRD-FD02,BR0030,3637619.7,1.58,12,2024-08-23,2025-08-18,False,Active
FD0000627,CUS0000386,PRD-FD03,BR0047,3735676.59,2.68,24,2025-12-22,2027-12-12,False,Matured
FD0000628,CUS0003024,PRD-FD03,BR0006,616246.48,1.61,24,2025-05-10,2027-04-30,False,Matured
FD0000629,CUS0001416,PRD-FD03,BR0003,403628.49,2.6,24,2024-05-18,2026-05-08,False,Active
FD0000630,CUS0006380,PRD-FD02,BR0006,1761030.44,2.66,12,2022-07-26,2023-07-21,False,Active
FD0000631,CUS0005969,PRD-FD02,BR0007,2055596.3,2.35,12,2022-07-29,2023-07-24,False,Active
FD0000632,CUS0003537,PRD-FD03,BR0009,4858293.86,1.36,24,2025-07-06,2027-06-26,False,Active
FD0000633,CUS0007659,PRD-FD02,BR0016,969287.93,3.42,12,2022-12-25,2023-12-20,False,Active
FD0000634,CUS0007666,PRD-FD02,BR0031,1784407.15,3.19,12,2023-10-31,2024-10-25,False,Active
FD0000635,CUS0008966,PRD-FD02,BR0008,1685510.38,3.27,12,2024-10-20,2025-10-15,True,Matured
FD0000636,CUS0003317,PRD-FD02,BR0046,4480610.84,1.72,12,2025-01-01,2025-12-27,True,Active
FD0000637,CUS0009052,PRD-FD02,BR0008,4912451.95,1.71,12,2024-01-17,2025-01-11,False,Active
FD0000638,CUS0006983,PRD-FD03,BR0010,376813.75,2.89,24,2023-09-01,2025-08-21,True,Active
FD0000639,CUS0001125,PRD-FD01,BR0030,2822314.57,2.75,6,2023-07-02,2023-12-29,True,Active
FD0000640,CUS0008283,PRD-FD01,BR0014,70443.67,2.46,6,2026-03-16,2026-09-12,False,Matured
FD0000641,CUS0001672,PRD-FD01,BR0006,4747748.76,3.38,6,2023-04-17,2023-10-14,True,Active
FD0000642,CUS0001134,PRD-FD01,BR0005,4451518.75,2.38,6,2022-10-01,2023-03-30,False,Active
FD0000643,CUS0001475,PRD-FD02,BR0010,2918056.53,2.91,12,2026-01-10,2027-01-05,False,Matured
FD0000644,CUS0002099,PRD-FD01,BR0048,2413979.75,2.35,6,2025-03-23,2025-09-19,False,Matured
FD0000645,CUS0004131,PRD-FD01,BR0008,4404170.41,3.38,6,2024-03-03,2024-08-30,True,Matured
FD0000646,CUS0003759,PRD-FD01,BR0030,441070.73,1.54,6,2023-05-25,2023-11-21,True,Active
FD0000647,CUS0007385,PRD-FD01,BR0034,4736384.17,1.45,6,2022-07-17,2023-01-13,False,Active
FD0000648,CUS0007606,PRD-FD03,BR0041,1500561.09,1.85,24,2022-12-13,2024-12-02,False,Matured
FD0000649,CUS0003764,PRD-FD02,BR0017,2685293.69,1.39,12,2026-01-24,2027-01-19,False,Active
FD0000650,CUS0001577,PRD-FD03,BR0006,2273311.32,1.63,24,2022-08-13,2024-08-02,True,Active
FD0000651,CUS0006178,PRD-FD02,BR0010,3284167.92,1.27,12,2025-10-30,2026-10-25,True,Active
FD0000652,CUS0009386,PRD-FD02,BR0019,4559427.55,3.47,12,2025-05-24,2026-05-19,True,Matured
FD0000653,CUS0005637,PRD-FD01,BR0042,1105643.54,2.86,6,2024-07-26,2025-01-22,False,Active
FD0000654,CUS0004510,PRD-FD02,BR0035,3643779.39,1.93,12,2024-07-22,2025-07-17,False,Matured
FD0000655,CUS0009514,PRD-FD01,BR0001,2798836.47,2.72,6,2022-02-12,2022-08-11,True,Active
FD0000656,CUS0002950,PRD-FD02,BR0005,2644840.12,1.45,12,2024-04-01,2025-03-27,True,Matured
FD0000657,CUS0003543,PRD-FD02,BR0020,1352334.85,1.97,12,2023-01-08,2024-01-03,False,Active
FD0000658,CUS0003006,PRD-FD01,BR0050,2973895.64,1.91,6,2023-08-07,2024-02-03,True,Matured
FD0000659,CUS0007354,PRD-FD02,BR0045,3653798.54,2.63,12,2023-07-06,2024-06-30,True,Active
FD0000660,CUS0002684,PRD-FD03,BR0009,56102.64,1.23,24,2025-09-10,2027-08-31,True,Active
FD0000661,CUS0000454,PRD-FD02,BR0028,2736101.12,2.52,12,2024-09-02,2025-08-28,True,Active
FD0000662,CUS0004410,PRD-FD03,BR0007,2784910.97,2.37,24,2023-07-23,2025-07-12,False,Active
FD0000663,CUS0006491,PRD-FD01,BR0035,1060733.85,2.78,6,2023-10-17,2024-04-14,False,Active
FD0000664,CUS0007236,PRD-FD01,BR0033,3510945.05,2.91,6,2023-07-28,2024-01-24,True,Active
FD0000665,CUS0002331,PRD-FD03,BR0012,1920001.01,2.32,24,2024-03-26,2026-03-16,True,Active
FD0000666,CUS0003679,PRD-FD02,BR0023,2090290.5,2.03,12,2024-12-05,2025-11-30,False,Active
FD0000667,CUS0006613,PRD-FD03,BR0024,2077700.83,1.7,24,2025-01-09,2026-12-30,True,Active
FD0000668,CUS0003839,PRD-FD02,BR0048,4897392.9,1.59,12,2026-04-13,2027-04-08,False,Active
FD0000669,CUS0009061,PRD-FD02,BR0032,1288798.23,3.13,12,2023-12-29,2024-12-23,True,Active
FD0000670,CUS0009514,PRD-FD03,BR0030,2770282.89,1.36,24,2022-09-15,2024-09-04,False,Active
FD0000671,CUS0003422,PRD-FD03,BR0037,4587726.21,2.21,24,2025-09-03,2027-08-24,False,Matured
FD0000672,CUS0001074,PRD-FD02,BR0034,3835613.39,2.11,12,2023-04-16,2024-04-10,False,Active
FD0000673,CUS0007172,PRD-FD03,BR0028,4224668.96,2.46,24,2024-12-30,2026-12-20,True,Active
FD0000674,CUS0003555,PRD-FD01,BR0010,4636767.15,3.46,6,2022-10-09,2023-04-07,True,Active
FD0000675,CUS0009919,PRD-FD01,BR0010,2851611.0,1.87,6,2022-12-05,2023-06-03,True,Matured
FD0000676,CUS0008947,PRD-FD02,BR0017,4695645.52,2.92,12,2022-01-14,2023-01-09,True,Active
FD0000677,CUS0003729,PRD-FD02,BR0020,4948854.87,1.7,12,2025-07-20,2026-07-15,True,Active
FD0000678,CUS0004734,PRD-FD02,BR0017,4704247.71,2.76,12,2023-08-29,2024-08-23,True,Active
FD0000679,CUS0002999,PRD-FD03,BR0019,3246912.93,1.43,24,2022-12-22,2024-12-11,False,Active
FD0000680,CUS0003245,PRD-FD02,BR0032,4614514.27,3.45,12,2023-10-14,2024-10-08,True,Active
FD0000681,CUS0009887,PRD-FD02,BR0043,3160294.03,2.65,12,2025-08-19,2026-08-14,True,Active
FD0000682,CUS0001955,PRD-FD03,BR0029,1010085.71,3.07,24,2023-03-19,2025-03-08,False,Active
FD0000683,CUS0005704,PRD-FD02,BR0018,3124738.79,2.31,12,2023-04-03,2024-03-28,False,Matured
FD0000684,CUS0008484,PRD-FD02,BR0047,2845114.16,3.33,12,2023-05-09,2024-05-03,False,Matured
FD0000685,CUS0007587,PRD-FD03,BR0047,532223.73,1.64,24,2024-10-21,2026-10-11,True,Active
FD0000686,CUS0000033,PRD-FD01,BR0021,666404.75,2.21,6,2025-06-11,2025-12-08,False,Active
FD0000687,CUS0002215,PRD-FD01,BR0042,1505047.69,2.97,6,2025-07-10,2026-01-06,False,Active
FD0000688,CUS0003812,PRD-FD01,BR0006,608368.11,1.75,6,2025-03-04,2025-08-31,True,Matured
FD0000689,CUS0009410,PRD-FD01,BR0021,1584280.41,1.69,6,2023-02-01,2023-07-31,True,Matured
FD0000690,CUS0002618,PRD-FD01,BR0006,4853293.58,2.25,6,2022-10-23,2023-04-21,True,Matured
FD0000691,CUS0001099,PRD-FD01,BR0004,685803.93,3.49,6,2022-08-01,2023-01-28,False,Active
FD0000692,CUS0007254,PRD-FD01,BR0004,879352.02,2.84,6,2025-12-06,2026-06-04,False,Active
FD0000693,CUS0002838,PRD-FD01,BR0013,1031711.71,1.87,6,2022-11-22,2023-05-21,True,Matured
FD0000694,CUS0000347,PRD-FD02,BR0029,3803621.89,1.4,12,2025-11-27,2026-11-22,False,Active
FD0000695,CUS0003459,PRD-FD01,BR0010,3607396.79,1.31,6,2023-11-24,2024-05-22,True,Active
FD0000696,CUS0000814,PRD-FD01,BR0013,4795941.2,2.95,6,2026-04-27,2026-10-24,True,Active
FD0000697,CUS0009790,PRD-FD01,BR0028,480196.99,2.51,6,2023-06-26,2023-12-23,True,Active
FD0000698,CUS0005335,PRD-FD01,BR0014,604427.88,1.61,6,2023-11-23,2024-05-21,False,Matured
FD0000699,CUS0004687,PRD-FD01,BR0044,3198213.3,3.44,6,2024-01-17,2024-07-15,True,Active
FD0000700,CUS0001579,PRD-FD01,BR0001,2325442.2,2.43,6,2025-09-05,2026-03-04,True,Matured
FD0000701,CUS0003049,PRD-FD02,BR0031,4938739.4,1.72,12,2025-12-20,2026-12-15,False,Active
FD0000702,CUS0006644,PRD-FD02,BR0040,2956323.01,2.1,12,2023-05-08,2024-05-02,True,Active
FD0000703,CUS0009563,PRD-FD02,BR0012,444349.32,1.82,12,2025-09-05,2026-08-31,True,Active
FD0000704,CUS0007339,PRD-FD03,BR0049,4691355.62,3.33,24,2024-01-21,2026-01-10,True,Active
FD0000705,CUS0001927,PRD-FD03,BR0031,3752318.45,1.34,24,2025-08-08,2027-07-29,False,Matured
FD0000706,CUS0008156,PRD-FD01,BR0003,2646941.19,2.23,6,2023-09-03,2024-03-01,True,Active
FD0000707,CUS0000788,PRD-FD02,BR0015,4339901.37,3.27,12,2024-11-28,2025-11-23,True,Active
FD0000708,CUS0004328,PRD-FD03,BR0039,446584.72,2.49,24,2022-09-03,2024-08-23,True,Active
FD0000709,CUS0004520,PRD-FD03,BR0024,3966470.85,1.63,24,2023-08-22,2025-08-11,True,Active
FD0000710,CUS0001580,PRD-FD01,BR0001,1455738.35,1.68,6,2023-12-28,2024-06-25,False,Matured
FD0000711,CUS0002487,PRD-FD03,BR0014,4772024.0,1.61,24,2024-11-15,2026-11-05,True,Matured
FD0000712,CUS0005282,PRD-FD01,BR0047,827592.38,2.81,6,2022-10-23,2023-04-21,True,Matured
FD0000713,CUS0008007,PRD-FD01,BR0009,2230087.69,3.16,6,2026-02-28,2026-08-27,True,Active
FD0000714,CUS0008108,PRD-FD01,BR0006,2112965.13,1.28,6,2026-04-24,2026-10-21,True,Active
FD0000715,CUS0000557,PRD-FD02,BR0014,367737.07,1.71,12,2023-12-06,2024-11-30,False,Active
FD0000716,CUS0004720,PRD-FD01,BR0014,4987664.44,3.4,6,2023-01-15,2023-07-14,True,Active
FD0000717,CUS0006728,PRD-FD02,BR0036,1531494.56,1.29,12,2025-05-16,2026-05-11,False,Active
FD0000718,CUS0006030,PRD-FD03,BR0018,3922788.82,1.71,24,2025-05-28,2027-05-18,True,Matured
FD0000719,CUS0006948,PRD-FD02,BR0023,55687.51,2.26,12,2023-03-06,2024-02-29,False,Active
FD0000720,CUS0002463,PRD-FD03,BR0006,1635023.74,2.6,24,2024-01-05,2025-12-25,True,Active
FD0000721,CUS0003523,PRD-FD01,BR0047,1020039.0,2.66,6,2024-04-23,2024-10-20,False,Matured
FD0000722,CUS0005374,PRD-FD01,BR0030,1276956.42,2.32,6,2023-05-17,2023-11-13,False,Active
FD0000723,CUS0009291,PRD-FD02,BR0049,1298085.25,2.11,12,2025-11-25,2026-11-20,True,Active
FD0000724,CUS0004655,PRD-FD01,BR0005,2262933.28,2.32,6,2026-03-29,2026-09-25,True,Matured
FD0000725,CUS0002594,PRD-FD01,BR0026,3170488.36,2.93,6,2023-09-17,2024-03-15,False,Active
FD0000726,CUS0002290,PRD-FD02,BR0010,4601210.31,2.09,12,2024-05-14,2025-05-09,True,Active
FD0000727,CUS0004609,PRD-FD01,BR0014,3871712.33,3.0,6,2026-04-03,2026-09-30,True,Matured
FD0000728,CUS0009046,PRD-FD03,BR0030,1223442.43,1.41,24,2023-05-28,2025-05-17,False,Active
FD0000729,CUS0009651,PRD-FD03,BR0038,817265.68,2.54,24,2022-11-19,2024-11-08,False,Matured
FD0000730,CUS0009256,PRD-FD01,BR0026,230781.34,3.35,6,2025-08-16,2026-02-12,True,Matured
FD0000731,CUS0002614,PRD-FD03,BR0044,2805557.46,1.91,24,2024-03-28,2026-03-18,True,Matured
FD0000732,CUS0002706,PRD-FD02,BR0007,1832874.5,2.12,12,2025-01-12,2026-01-07,True,Active
FD0000733,CUS0009526,PRD-FD01,BR0016,4107179.43,1.94,6,2024-12-08,2025-06-06,False,Active
FD0000734,CUS0002051,PRD-FD01,BR0008,4742150.9,2.45,6,2025-02-07,2025-08-06,True,Matured
FD0000735,CUS0005532,PRD-FD01,BR0014,1750154.48,3.22,6,2022-04-05,2022-10-02,False,Active
FD0000736,CUS0004890,PRD-FD01,BR0007,3162860.59,2.83,6,2024-11-29,2025-05-28,False,Active
FD0000737,CUS0000260,PRD-FD03,BR0030,1625367.23,3.17,24,2025-12-15,2027-12-05,False,Matured
FD0000738,CUS0004530,PRD-FD01,BR0005,3581548.79,1.95,6,2024-10-17,2025-04-15,True,Active
FD0000739,CUS0004253,PRD-FD02,BR0002,3437289.69,1.76,12,2022-08-05,2023-07-31,False,Matured
FD0000740,CUS0006395,PRD-FD02,BR0022,4711612.26,3.16,12,2023-04-01,2024-03-26,True,Matured
FD0000741,CUS0000272,PRD-FD03,BR0011,1268585.12,2.28,24,2022-01-23,2024-01-13,True,Active
FD0000742,CUS0008778,PRD-FD02,BR0035,4140340.52,1.34,12,2025-10-30,2026-10-25,False,Active
FD0000743,CUS0003122,PRD-FD03,BR0009,2336280.92,2.51,24,2023-02-06,2025-01-26,True,Matured
FD0000744,CUS0003044,PRD-FD03,BR0022,4237150.64,1.92,24,2025-08-25,2027-08-15,True,Matured
FD0000745,CUS0000461,PRD-FD02,BR0013,2588386.78,2.03,12,2023-11-12,2024-11-06,False,Active
FD0000746,CUS0000244,PRD-FD03,BR0034,1630602.3,3.44,24,2024-06-05,2026-05-26,False,Active
FD0000747,CUS0003134,PRD-FD02,BR0039,2180897.04,3.34,12,2026-02-01,2027-01-27,True,Active
FD0000748,CUS0003414,PRD-FD02,BR0045,2009549.05,2.36,12,2025-03-03,2026-02-26,False,Active
FD0000749,CUS0007043,PRD-FD03,BR0021,4518600.49,2.19,24,2026-04-05,2028-03-25,False,Active
FD0000750,CUS0002394,PRD-FD02,BR0022,2509462.86,2.53,12,2025-03-17,2026-03-12,True,Active
FD0000751,CUS0001959,PRD-FD01,BR0036,1818607.87,2.12,6,2024-02-16,2024-08-14,True,Active
FD0000752,CUS0007055,PRD-FD01,BR0016,2105301.02,1.38,6,2022-04-26,2022-10-23,True,Matured
FD0000753,CUS0000492,PRD-FD01,BR0045,4543649.44,1.42,6,2022-09-02,2023-03-01,True,Active
FD0000754,CUS0009584,PRD-FD01,BR0028,1648681.43,2.47,6,2022-06-13,2022-12-10,True,Active
FD0000755,CUS0008946,PRD-FD01,BR0021,277593.38,1.49,6,2024-09-07,2025-03-06,False,Active
FD0000756,CUS0009665,PRD-FD01,BR0049,2240024.33,2.63,6,2023-12-01,2024-05-29,False,Active
FD0000757,CUS0000495,PRD-FD02,BR0002,376402.46,2.02,12,2022-10-24,2023-10-19,False,Active
FD0000758,CUS0006593,PRD-FD01,BR0003,2023108.64,1.54,6,2026-03-05,2026-09-01,True,Matured
FD0000759,CUS0005945,PRD-FD02,BR0046,2637223.94,3.19,12,2022-06-11,2023-06-06,True,Active
FD0000760,CUS0003167,PRD-FD01,BR0016,3197692.64,2.57,6,2023-02-23,2023-08-22,False,Active
FD0000761,CUS0004344,PRD-FD02,BR0013,2600303.97,2.35,12,2026-02-17,2027-02-12,False,Active
FD0000762,CUS0005826,PRD-FD01,BR0002,866034.71,1.83,6,2025-11-07,2026-05-06,True,Active
FD0000763,CUS0008433,PRD-FD02,BR0023,2619224.54,1.52,12,2024-01-27,2025-01-21,True,Matured
FD0000764,CUS0000551,PRD-FD03,BR0001,4022986.75,3.35,24,2022-02-26,2024-02-16,False,Matured
FD0000765,CUS0001164,PRD-FD02,BR0030,2682372.66,3.39,12,2024-05-09,2025-05-04,True,Active
FD0000766,CUS0007864,PRD-FD02,BR0045,455613.63,3.12,12,2023-12-21,2024-12-15,True,Matured
FD0000767,CUS0008253,PRD-FD03,BR0039,1392892.17,1.48,24,2023-12-09,2025-11-28,False,Active
FD0000768,CUS0001822,PRD-FD03,BR0017,3632479.38,1.24,24,2025-07-09,2027-06-29,True,Active
FD0000769,CUS0008446,PRD-FD02,BR0027,2396156.85,2.55,12,2025-04-16,2026-04-11,True,Active
FD0000770,CUS0005071,PRD-FD02,BR0043,3262882.38,2.53,12,2025-09-18,2026-09-13,False,Active
FD0000771,CUS0004949,PRD-FD01,BR0019,1289563.9,2.93,6,2024-08-01,2025-01-28,True,Active
FD0000772,CUS0004631,PRD-FD01,BR0035,448907.96,2.92,6,2023-03-21,2023-09-17,False,Active
FD0000773,CUS0009262,PRD-FD02,BR0016,3942114.48,2.89,12,2024-06-25,2025-06-20,True,Active
FD0000774,CUS0002698,PRD-FD02,BR0015,579713.2,2.17,12,2025-11-22,2026-11-17,True,Matured
FD0000775,CUS0009686,PRD-FD01,BR0015,927731.14,3.46,6,2022-06-12,2022-12-09,True,Matured
FD0000776,CUS0000056,PRD-FD01,BR0005,817888.33,1.86,6,2026-03-10,2026-09-06,True,Active
FD0000777,CUS0000481,PRD-FD02,BR0035,4269889.88,1.24,12,2024-10-16,2025-10-11,True,Matured
FD0000778,CUS0005055,PRD-FD02,BR0011,2385933.39,1.95,12,2024-02-16,2025-02-10,True,Active
FD0000779,CUS0006196,PRD-FD02,BR0047,4146281.47,1.92,12,2024-01-21,2025-01-15,True,Matured
FD0000780,CUS0000553,PRD-FD02,BR0019,3696746.47,1.99,12,2025-06-28,2026-06-23,True,Matured
FD0000781,CUS0001080,PRD-FD02,BR0005,1034049.17,2.41,12,2024-07-05,2025-06-30,True,Active
FD0000782,CUS0005047,PRD-FD03,BR0038,2336078.87,1.56,24,2024-02-17,2026-02-06,True,Active
FD0000783,CUS0006258,PRD-FD02,BR0034,4709955.49,3.29,12,2022-03-15,2023-03-10,True,Active
FD0000784,CUS0006877,PRD-FD03,BR0001,2012775.94,2.24,24,2024-12-30,2026-12-20,False,Active
FD0000785,CUS0009337,PRD-FD02,BR0002,4231612.11,1.34,12,2025-12-02,2026-11-27,False,Active
FD0000786,CUS0003423,PRD-FD02,BR0013,3549102.67,3.28,12,2022-10-26,2023-10-21,True,Active
FD0000787,CUS0007269,PRD-FD01,BR0019,253515.79,3.04,6,2023-02-11,2023-08-10,True,Active
FD0000788,CUS0002057,PRD-FD03,BR0029,4370877.71,3.26,24,2022-04-23,2024-04-12,False,Matured
FD0000789,CUS0005972,PRD-FD03,BR0050,2377363.73,3.32,24,2022-03-26,2024-03-15,False,Active
FD0000790,CUS0003915,PRD-FD03,BR0007,3442909.19,1.58,24,2025-02-10,2027-01-31,False,Matured
FD0000791,CUS0001583,PRD-FD01,BR0006,4262856.79,2.29,6,2022-07-08,2023-01-04,False,Active
FD0000792,CUS0009936,PRD-FD02,BR0001,2301426.49,2.17,12,2024-03-29,2025-03-24,True,Active
FD0000793,CUS0000907,PRD-FD03,BR0014,2557982.53,2.89,24,2022-08-30,2024-08-19,True,Active
FD0000794,CUS0009289,PRD-FD01,BR0046,732481.13,1.33,6,2024-06-22,2024-12-19,True,Matured
FD0000795,CUS0001840,PRD-FD03,BR0010,4305047.29,3.04,24,2023-05-24,2025-05-13,True,Matured
FD0000796,CUS0003988,PRD-FD01,BR0003,4554797.06,2.91,6,2022-10-13,2023-04-11,True,Matured
FD0000797,CUS0005755,PRD-FD03,BR0038,4710279.96,3.0,24,2024-04-15,2026-04-05,True,Active
FD0000798,CUS0001294,PRD-FD01,BR0017,1388023.52,3.19,6,2022-05-13,2022-11-09,True,Active
FD0000799,CUS0000890,PRD-FD03,BR0046,4473844.57,1.63,24,2025-10-15,2027-10-05,True,Active
FD0000800,CUS0003932,PRD-FD03,BR0001,2283228.13,3.06,24,2022-01-23,2024-01-13,True,Matured
FD0000801,CUS0001641,PRD-FD01,BR0010,3116106.44,2.93,6,2024-07-15,2025-01-11,True,Active
FD0000802,CUS0009468,PRD-FD01,BR0017,2788932.36,2.73,6,2026-02-24,2026-08-23,True,Active
FD0000803,CUS0004588,PRD-FD03,BR0009,3231316.88,2.79,24,2024-12-13,2026-12-03,True,Matured
FD0000804,CUS0003504,PRD-FD02,BR0002,2363712.7,1.35,12,2025-02-05,2026-01-31,True,Active
FD0000805,CUS0009775,PRD-FD02,BR0013,1063631.53,1.51,12,2023-01-20,2024-01-15,False,Active
FD0000806,CUS0001175,PRD-FD03,BR0016,1239171.15,1.52,24,2023-08-31,2025-08-20,True,Active
FD0000807,CUS0008019,PRD-FD02,BR0014,3236396.84,2.23,12,2024-11-17,2025-11-12,True,Active
FD0000808,CUS0002841,PRD-FD03,BR0033,4328677.7,3.43,24,2024-05-21,2026-05-11,False,Matured
FD0000809,CUS0000257,PRD-FD02,BR0045,2784103.7,1.88,12,2023-06-30,2024-06-24,True,Active
FD0000810,CUS0007048,PRD-FD02,BR0047,1077339.96,3.02,12,2025-12-19,2026-12-14,True,Active
FD0000811,CUS0002400,PRD-FD03,BR0039,3561642.36,2.43,24,2025-08-31,2027-08-21,True,Active
FD0000812,CUS0000326,PRD-FD02,BR0012,4644539.08,2.06,12,2023-11-03,2024-10-28,False,Matured
FD0000813,CUS0009321,PRD-FD03,BR0027,2106164.59,1.51,24,2023-09-19,2025-09-08,True,Matured
FD0000814,CUS0004013,PRD-FD01,BR0035,841401.67,2.39,6,2022-06-26,2022-12-23,True,Active
FD0000815,CUS0005435,PRD-FD03,BR0014,949793.83,1.21,24,2025-11-16,2027-11-06,True,Active
FD0000816,CUS0005416,PRD-FD03,BR0016,736060.25,2.24,24,2023-04-24,2025-04-13,False,Matured
FD0000817,CUS0009243,PRD-FD01,BR0026,2720871.97,3.44,6,2024-01-22,2024-07-20,True,Active
FD0000818,CUS0008428,PRD-FD02,BR0043,1590660.26,3.19,12,2024-04-03,2025-03-29,True,Matured
FD0000819,CUS0003435,PRD-FD01,BR0028,2455748.23,1.74,6,2025-10-09,2026-04-07,True,Active
FD0000820,CUS0005368,PRD-FD01,BR0046,4632458.67,1.72,6,2022-12-15,2023-06-13,True,Active
FD0000821,CUS0009029,PRD-FD02,BR0017,1410780.88,2.89,12,2025-10-02,2026-09-27,True,Active
FD0000822,CUS0005235,PRD-FD01,BR0009,4337438.12,2.18,6,2024-08-04,2025-01-31,False,Matured
FD0000823,CUS0006044,PRD-FD02,BR0023,2031493.23,3.18,12,2024-03-19,2025-03-14,False,Matured
FD0000824,CUS0002132,PRD-FD02,BR0014,2789610.9,3.13,12,2025-10-07,2026-10-02,False,Active
FD0000825,CUS0001865,PRD-FD02,BR0014,1792119.63,2.92,12,2024-05-17,2025-05-12,False,Active
FD0000826,CUS0008808,PRD-FD03,BR0024,3310061.97,2.76,24,2024-12-05,2026-11-25,True,Matured
FD0000827,CUS0000007,PRD-FD01,BR0047,2892254.0,2.39,6,2025-12-01,2026-05-30,False,Active
FD0000828,CUS0005466,PRD-FD02,BR0005,1231624.66,1.85,12,2023-09-20,2024-09-14,True,Active
FD0000829,CUS0001189,PRD-FD01,BR0037,2911681.16,1.5,6,2026-02-18,2026-08-17,False,Active
FD0000830,CUS0008503,PRD-FD01,BR0010,3267301.39,2.25,6,2023-02-24,2023-08-23,False,Active
FD0000831,CUS0007888,PRD-FD03,BR0023,679624.15,1.83,24,2023-05-20,2025-05-09,True,Active
FD0000832,CUS0007419,PRD-FD03,BR0046,2152955.35,1.6,24,2022-05-16,2024-05-05,True,Active
FD0000833,CUS0002640,PRD-FD03,BR0022,4357983.19,1.91,24,2022-08-16,2024-08-05,False,Matured
FD0000834,CUS0002428,PRD-FD03,BR0040,4523032.6,2.67,24,2023-12-24,2025-12-13,False,Active
FD0000835,CUS0009607,PRD-FD02,BR0009,4732319.02,1.25,12,2023-06-14,2024-06-08,False,Active
FD0000836,CUS0006446,PRD-FD03,BR0015,3256492.35,2.89,24,2024-08-20,2026-08-10,False,Matured
FD0000837,CUS0001992,PRD-FD03,BR0030,3342526.97,1.65,24,2025-02-17,2027-02-07,True,Active
FD0000838,CUS0000392,PRD-FD01,BR0045,880680.34,2.1,6,2024-11-29,2025-05-28,True,Active
FD0000839,CUS0001942,PRD-FD03,BR0001,1565531.29,1.61,24,2022-09-24,2024-09-13,True,Active
FD0000840,CUS0007781,PRD-FD01,BR0022,2278917.85,2.44,6,2026-01-23,2026-07-22,True,Active
FD0000841,CUS0000538,PRD-FD03,BR0030,2123910.67,3.18,24,2025-07-12,2027-07-02,False,Active
FD0000842,CUS0003207,PRD-FD03,BR0018,1219446.98,2.65,24,2023-08-23,2025-08-12,False,Matured
FD0000843,CUS0001695,PRD-FD02,BR0036,4036459.14,2.17,12,2022-02-11,2023-02-06,False,Matured
FD0000844,CUS0008002,PRD-FD01,BR0006,2869949.96,1.75,6,2025-10-26,2026-04-24,False,Active
FD0000845,CUS0000678,PRD-FD03,BR0012,270375.96,1.63,24,2024-06-06,2026-05-27,True,Matured
FD0000846,CUS0009345,PRD-FD03,BR0016,146458.4,1.23,24,2023-05-29,2025-05-18,False,Matured
FD0000847,CUS0007729,PRD-FD03,BR0033,1680772.74,3.36,24,2025-10-03,2027-09-23,True,Active
FD0000848,CUS0008807,PRD-FD03,BR0032,132334.44,3.1,24,2026-04-15,2028-04-04,True,Matured
FD0000849,CUS0007017,PRD-FD01,BR0049,2433831.33,3.28,6,2023-08-06,2024-02-02,False,Active
FD0000850,CUS0005934,PRD-FD01,BR0014,69515.01,1.79,6,2023-02-03,2023-08-02,True,Matured
FD0000851,CUS0008301,PRD-FD03,BR0031,2075028.18,2.07,24,2025-02-02,2027-01-23,True,Active
FD0000852,CUS0003410,PRD-FD03,BR0036,3174378.1,2.25,24,2025-08-07,2027-07-28,True,Active
FD0000853,CUS0007147,PRD-FD03,BR0003,3469895.75,2.83,24,2025-05-07,2027-04-27,True,Active
FD0000854,CUS0008286,PRD-FD03,BR0045,3611584.76,1.98,24,2025-11-24,2027-11-14,True,Active
FD0000855,CUS0006224,PRD-FD03,BR0006,420948.49,3.14,24,2024-10-23,2026-10-13,False,Matured
FD0000856,CUS0003840,PRD-FD01,BR0025,4469729.6,1.24,6,2023-12-19,2024-06-16,True,Active
FD0000857,CUS0003906,PRD-FD01,BR0020,1092088.05,1.55,6,2022-05-14,2022-11-10,True,Active
FD0000858,CUS0007384,PRD-FD03,BR0001,2377867.79,2.7,24,2022-12-18,2024-12-07,False,Active
FD0000859,CUS0005828,PRD-FD01,BR0012,3436054.84,3.23,6,2023-12-30,2024-06-27,False,Active
FD0000860,CUS0004342,PRD-FD02,BR0013,1529761.07,1.23,12,2022-12-28,2023-12-23,False,Active
FD0000861,CUS0006190,PRD-FD02,BR0039,2004305.17,3.12,12,2023-07-17,2024-07-11,False,Active
FD0000862,CUS0003274,PRD-FD02,BR0042,3463855.08,1.45,12,2025-04-13,2026-04-08,True,Active
FD0000863,CUS0005143,PRD-FD02,BR0036,556591.08,1.85,12,2022-02-26,2023-02-21,True,Active
FD0000864,CUS0008785,PRD-FD02,BR0050,3713229.2,3.12,12,2022-04-18,2023-04-13,True,Matured
FD0000865,CUS0000429,PRD-FD02,BR0049,4766878.97,1.62,12,2022-08-03,2023-07-29,True,Active
FD0000866,CUS0007441,PRD-FD03,BR0032,3670093.71,2.66,24,2025-04-02,2027-03-23,True,Active
FD0000867,CUS0004090,PRD-FD02,BR0022,544362.08,2.33,12,2023-12-27,2024-12-21,True,Active
FD0000868,CUS0009946,PRD-FD03,BR0020,3748505.91,3.09,24,2025-11-30,2027-11-20,True,Active
FD0000869,CUS0001804,PRD-FD03,BR0038,2024939.81,2.01,24,2025-01-25,2027-01-15,True,Active
FD0000870,CUS0003140,PRD-FD03,BR0033,2974373.01,2.54,24,2024-03-26,2026-03-16,True,Matured
FD0000871,CUS0006379,PRD-FD01,BR0003,1357022.14,2.76,6,2025-02-24,2025-08-23,False,Active
FD0000872,CUS0004446,PRD-FD03,BR0045,179471.69,3.15,24,2022-06-06,2024-05-26,True,Matured
FD0000873,CUS0003073,PRD-FD01,BR0047,1266041.83,3.0,6,2024-07-19,2025-01-15,True,Matured
FD0000874,CUS0002020,PRD-FD01,BR0002,2649288.81,1.36,6,2022-12-17,2023-06-15,False,Active
FD0000875,CUS0006782,PRD-FD01,BR0049,2392314.91,1.31,6,2023-07-22,2024-01-18,True,Active
FD0000876,CUS0006305,PRD-FD01,BR0038,4668696.18,1.62,6,2025-12-25,2026-06-23,False,Active
FD0000877,CUS0009423,PRD-FD01,BR0002,695839.72,3.06,6,2025-12-01,2026-05-30,False,Matured
FD0000878,CUS0009700,PRD-FD01,BR0040,4742930.96,1.65,6,2025-10-01,2026-03-30,True,Matured
FD0000879,CUS0003715,PRD-FD02,BR0036,4248334.32,2.12,12,2023-12-13,2024-12-07,True,Active
FD0000880,CUS0004639,PRD-FD01,BR0046,661243.99,3.2,6,2026-01-10,2026-07-09,True,Active
FD0000881,CUS0001502,PRD-FD03,BR0023,796422.08,1.65,24,2024-01-11,2025-12-31,True,Active
FD0000882,CUS0006242,PRD-FD03,BR0035,4321575.3,3.48,24,2024-10-06,2026-09-26,False,Matured
FD0000883,CUS0003936,PRD-FD02,BR0014,4003023.94,2.5,12,2024-07-07,2025-07-02,True,Active
FD0000884,CUS0007228,PRD-FD02,BR0045,1415008.22,3.47,12,2025-09-22,2026-09-17,True,Active
FD0000885,CUS0001636,PRD-FD01,BR0021,1204661.19,2.96,6,2023-03-07,2023-09-03,True,Active
FD0000886,CUS0004910,PRD-FD01,BR0028,3213211.17,3.05,6,2024-03-21,2024-09-17,False,Matured
FD0000887,CUS0003987,PRD-FD03,BR0039,4210302.58,1.52,24,2022-05-01,2024-04-20,True,Matured
FD0000888,CUS0008293,PRD-FD01,BR0011,3566866.74,2.65,6,2022-02-11,2022-08-10,True,Active
FD0000889,CUS0005910,PRD-FD02,BR0016,3438389.27,1.38,12,2022-03-19,2023-03-14,False,Active
FD0000890,CUS0006020,PRD-FD01,BR0044,4842350.63,1.3,6,2023-11-22,2024-05-20,True,Matured
FD0000891,CUS0009256,PRD-FD03,BR0011,509150.82,3.03,24,2024-01-15,2026-01-04,True,Active
FD0000892,CUS0008250,PRD-FD03,BR0040,4446348.49,1.65,24,2023-12-17,2025-12-06,True,Active
FD0000893,CUS0007608,PRD-FD02,BR0037,3974674.6,2.46,12,2024-04-01,2025-03-27,False,Active
FD0000894,CUS0001453,PRD-FD01,BR0016,2230921.27,2.81,6,2023-05-20,2023-11-16,False,Active
FD0000895,CUS0003487,PRD-FD02,BR0027,4037126.61,2.37,12,2023-08-01,2024-07-26,True,Active
FD0000896,CUS0006523,PRD-FD01,BR0035,2056473.31,2.98,6,2025-04-30,2025-10-27,True,Active
FD0000897,CUS0000800,PRD-FD01,BR0041,4188299.46,2.87,6,2025-03-26,2025-09-22,True,Active
FD0000898,CUS0007049,PRD-FD01,BR0011,2203557.71,1.32,6,2024-09-18,2025-03-17,True,Active
FD0000899,CUS0004955,PRD-FD01,BR0026,3325644.4,2.72,6,2025-09-28,2026-03-27,True,Active
FD0000900,CUS0001077,PRD-FD02,BR0016,765084.21,3.32,12,2024-09-01,2025-08-27,True,Active
FD0000901,CUS0004026,PRD-FD01,BR0012,1829689.82,2.18,6,2023-01-30,2023-07-29,True,Active
FD0000902,CUS0003865,PRD-FD01,BR0040,3123331.36,2.76,6,2025-11-11,2026-05-10,False,Active
FD0000903,CUS0008200,PRD-FD02,BR0048,3520765.41,1.59,12,2025-02-15,2026-02-10,True,Matured
FD0000904,CUS0009927,PRD-FD02,BR0003,3463311.33,1.42,12,2023-11-10,2024-11-04,True,Active
FD0000905,CUS0004887,PRD-FD01,BR0019,616331.71,2.95,6,2025-08-14,2026-02-10,True,Matured
FD0000906,CUS0000174,PRD-FD03,BR0025,3013724.95,2.86,24,2023-07-27,2025-07-16,True,Active
FD0000907,CUS0006247,PRD-FD02,BR0005,126806.0,1.76,12,2023-07-20,2024-07-14,False,Active
FD0000908,CUS0009390,PRD-FD01,BR0031,3408300.6,2.78,6,2022-07-09,2023-01-05,True,Matured
FD0000909,CUS0001163,PRD-FD01,BR0027,4801825.69,3.35,6,2025-06-28,2025-12-25,True,Active
FD0000910,CUS0004078,PRD-FD03,BR0022,1520936.82,1.72,24,2023-04-10,2025-03-30,False,Active
FD0000911,CUS0008937,PRD-FD01,BR0018,4958440.06,2.94,6,2023-03-01,2023-08-28,False,Matured
FD0000912,CUS0008847,PRD-FD01,BR0027,2243742.77,1.69,6,2024-01-10,2024-07-08,True,Matured
FD0000913,CUS0003574,PRD-FD01,BR0026,4270196.57,2.96,6,2026-01-11,2026-07-10,True,Active
FD0000914,CUS0000135,PRD-FD03,BR0030,4723916.81,1.93,24,2023-09-15,2025-09-04,False,Matured
FD0000915,CUS0001928,PRD-FD03,BR0008,4741021.34,3.32,24,2025-05-19,2027-05-09,True,Active
FD0000916,CUS0000622,PRD-FD03,BR0009,3149972.19,3.25,24,2024-11-14,2026-11-04,True,Active
FD0000917,CUS0001696,PRD-FD02,BR0020,4673707.51,3.04,12,2022-10-26,2023-10-21,True,Active
FD0000918,CUS0003407,PRD-FD01,BR0024,2567345.91,3.45,6,2024-11-06,2025-05-05,False,Active
FD0000919,CUS0002038,PRD-FD03,BR0004,4384296.12,2.1,24,2025-03-13,2027-03-03,False,Active
FD0000920,CUS0006708,PRD-FD03,BR0001,1223815.61,2.19,24,2023-05-27,2025-05-16,True,Matured
FD0000921,CUS0008470,PRD-FD03,BR0022,813092.16,2.03,24,2024-12-28,2026-12-18,True,Active
FD0000922,CUS0009872,PRD-FD01,BR0012,3864280.32,1.61,6,2024-02-25,2024-08-23,False,Active
FD0000923,CUS0009694,PRD-FD01,BR0024,3496130.02,1.33,6,2025-04-09,2025-10-06,True,Active
FD0000924,CUS0005456,PRD-FD01,BR0033,2734874.56,1.45,6,2025-01-30,2025-07-29,False,Matured
FD0000925,CUS0004848,PRD-FD02,BR0050,2336859.51,1.33,12,2023-10-28,2024-10-22,False,Active
FD0000926,CUS0002571,PRD-FD02,BR0003,1954258.29,2.98,12,2024-09-29,2025-09-24,False,Active
FD0000927,CUS0003181,PRD-FD02,BR0038,3526773.61,2.85,12,2024-05-03,2025-04-28,True,Active
FD0000928,CUS0003489,PRD-FD02,BR0010,4267668.04,3.14,12,2024-08-12,2025-08-07,True,Active
FD0000929,CUS0005219,PRD-FD03,BR0027,3646867.8,2.98,24,2025-03-25,2027-03-15,True,Matured
FD0000930,CUS0009924,PRD-FD02,BR0010,1855512.35,3.11,12,2023-10-29,2024-10-23,False,Active
FD0000931,CUS0003606,PRD-FD01,BR0024,3807983.45,2.91,6,2022-05-09,2022-11-05,True,Active
FD0000932,CUS0009831,PRD-FD01,BR0004,2920185.32,1.9,6,2022-05-09,2022-11-05,False,Active
FD0000933,CUS0007720,PRD-FD03,BR0044,1721143.76,1.86,24,2026-04-30,2028-04-19,True,Active
FD0000934,CUS0000678,PRD-FD03,BR0042,1411277.25,2.16,24,2025-07-23,2027-07-13,True,Active
FD0000935,CUS0000024,PRD-FD03,BR0038,2111381.75,2.61,24,2024-12-04,2026-11-24,False,Active
FD0000936,CUS0008364,PRD-FD01,BR0022,3886139.55,1.21,6,2023-03-09,2023-09-05,False,Matured
FD0000937,CUS0008606,PRD-FD01,BR0038,227352.3,2.14,6,2026-03-08,2026-09-04,True,Active
FD0000938,CUS0004093,PRD-FD02,BR0021,3176423.66,2.62,12,2025-01-15,2026-01-10,True,Active
FD0000939,CUS0008186,PRD-FD02,BR0035,2091118.77,2.22,12,2022-04-12,2023-04-07,True,Matured
FD0000940,CUS0000888,PRD-FD02,BR0043,2979537.69,2.37,12,2023-07-13,2024-07-07,False,Active
FD0000941,CUS0008691,PRD-FD03,BR0008,3909734.9,2.13,24,2024-05-09,2026-04-29,True,Matured
FD0000942,CUS0008685,PRD-FD01,BR0028,3034414.61,2.06,6,2024-05-03,2024-10-30,True,Active
FD0000943,CUS0004571,PRD-FD01,BR0010,3308890.44,2.3,6,2023-09-12,2024-03-10,False,Active
FD0000944,CUS0002487,PRD-FD01,BR0035,1065066.09,2.84,6,2025-10-12,2026-04-10,False,Matured
FD0000945,CUS0009674,PRD-FD03,BR0026,1680233.88,2.49,24,2025-04-03,2027-03-24,False,Active
FD0000946,CUS0008036,PRD-FD03,BR0027,4619742.66,2.69,24,2023-01-14,2025-01-03,True,Active
FD0000947,CUS0006407,PRD-FD01,BR0030,3130293.74,1.76,6,2022-02-20,2022-08-19,True,Active
FD0000948,CUS0003500,PRD-FD02,BR0043,2789363.86,2.31,12,2024-01-18,2025-01-12,False,Matured
FD0000949,CUS0006331,PRD-FD02,BR0035,3037366.21,1.87,12,2025-06-04,2026-05-30,False,Active
FD0000950,CUS0008769,PRD-FD03,BR0020,1956987.38,3.28,24,2024-06-29,2026-06-19,True,Matured
FD0000951,CUS0002465,PRD-FD02,BR0030,2043471.04,2.3,12,2023-10-23,2024-10-17,False,Matured
FD0000952,CUS0002603,PRD-FD02,BR0004,255800.49,1.99,12,2025-05-25,2026-05-20,True,Active
FD0000953,CUS0001450,PRD-FD01,BR0007,540506.34,1.67,6,2025-04-25,2025-10-22,False,Matured
FD0000954,CUS0006147,PRD-FD02,BR0041,2092503.22,2.87,12,2023-11-05,2024-10-30,True,Matured
FD0000955,CUS0002871,PRD-FD02,BR0030,504160.32,3.31,12,2022-11-19,2023-11-14,True,Matured
FD0000956,CUS0001720,PRD-FD03,BR0018,3389703.74,1.87,24,2025-10-23,2027-10-13,False,Matured
FD0000957,CUS0002416,PRD-FD03,BR0003,503465.55,2.74,24,2023-02-16,2025-02-05,True,Active
FD0000958,CUS0003422,PRD-FD01,BR0043,2481907.28,2.93,6,2022-03-12,2022-09-08,True,Active
FD0000959,CUS0002107,PRD-FD02,BR0004,184107.1,1.69,12,2023-02-04,2024-01-30,False,Active
FD0000960,CUS0006660,PRD-FD02,BR0015,1359141.65,3.48,12,2025-08-16,2026-08-11,True,Active
FD0000961,CUS0008801,PRD-FD02,BR0001,2935875.28,2.81,12,2026-02-09,2027-02-04,False,Active
FD0000962,CUS0000936,PRD-FD02,BR0020,3232784.43,1.48,12,2026-01-25,2027-01-20,False,Active
FD0000963,CUS0003365,PRD-FD03,BR0016,3845706.61,1.59,24,2026-02-23,2028-02-13,True,Matured
FD0000964,CUS0000189,PRD-FD01,BR0048,3597988.86,2.25,6,2024-04-10,2024-10-07,True,Matured
FD0000965,CUS0001740,PRD-FD02,BR0015,1436616.29,1.69,12,2024-07-08,2025-07-03,False,Active
FD0000966,CUS0004274,PRD-FD02,BR0007,1980319.56,3.36,12,2023-10-30,2024-10-24,True,Active
FD0000967,CUS0006397,PRD-FD02,BR0026,4334093.77,2.44,12,2023-06-20,2024-06-14,True,Active
FD0000968,CUS0007521,PRD-FD02,BR0004,475888.8,2.91,12,2023-08-25,2024-08-19,True,Active
FD0000969,CUS0009871,PRD-FD02,BR0045,3505126.65,2.52,12,2023-05-11,2024-05-05,True,Matured
FD0000970,CUS0003157,PRD-FD02,BR0022,56480.88,2.84,12,2023-07-15,2024-07-09,False,Active
FD0000971,CUS0007077,PRD-FD01,BR0043,2782479.36,1.46,6,2024-09-19,2025-03-18,False,Active
FD0000972,CUS0003755,PRD-FD02,BR0026,1703507.0,1.64,12,2023-11-26,2024-11-20,True,Active
FD0000973,CUS0003494,PRD-FD02,BR0021,3318517.9,2.04,12,2025-11-21,2026-11-16,False,Matured
FD0000974,CUS0001393,PRD-FD03,BR0038,1556167.03,3.15,24,2023-09-09,2025-08-29,True,Active
FD0000975,CUS0009124,PRD-FD01,BR0022,2232083.44,3.15,6,2023-06-07,2023-12-04,True,Matured
FD0000976,CUS0009930,PRD-FD01,BR0008,1796370.97,2.92,6,2024-01-31,2024-07-29,True,Active
FD0000977,CUS0009125,PRD-FD03,BR0011,266768.59,1.51,24,2023-05-24,2025-05-13,False,Active
FD0000978,CUS0006277,PRD-FD02,BR0017,1044021.38,3.36,12,2025-10-18,2026-10-13,False,Matured
FD0000979,CUS0005754,PRD-FD03,BR0005,1875924.91,1.24,24,2025-05-02,2027-04-22,True,Active
FD0000980,CUS0002897,PRD-FD03,BR0048,1200564.94,1.49,24,2025-02-01,2027-01-22,False,Active
FD0000981,CUS0003985,PRD-FD02,BR0039,2347140.3,2.38,12,2023-01-05,2023-12-31,False,Active
FD0000982,CUS0004327,PRD-FD03,BR0026,4578618.01,2.43,24,2024-04-29,2026-04-19,True,Matured
FD0000983,CUS0001634,PRD-FD01,BR0004,1257826.4,1.78,6,2022-10-06,2023-04-04,True,Matured
FD0000984,CUS0002665,PRD-FD03,BR0045,4372071.65,1.92,24,2024-03-31,2026-03-21,True,Matured
FD0000985,CUS0006616,PRD-FD01,BR0019,3340187.73,1.83,6,2023-11-12,2024-05-10,True,Active
FD0000986,CUS0008443,PRD-FD01,BR0004,2035836.45,1.75,6,2023-04-11,2023-10-08,False,Matured
FD0000987,CUS0003671,PRD-FD03,BR0047,1139495.86,2.9,24,2025-10-29,2027-10-19,False,Active
FD0000988,CUS0006609,PRD-FD02,BR0016,3861112.65,3.03,12,2024-11-28,2025-11-23,False,Active
FD0000989,CUS0006826,PRD-FD02,BR0021,2665843.91,2.98,12,2024-05-11,2025-05-06,False,Active
FD0000990,CUS0008233,PRD-FD03,BR0011,890603.56,1.24,24,2025-12-27,2027-12-17,True,Active
FD0000991,CUS0003591,PRD-FD02,BR0012,4013902.24,2.69,12,2024-01-19,2025-01-13,True,Active
FD0000992,CUS0006578,PRD-FD01,BR0019,1042220.83,1.74,6,2024-08-22,2025-02-18,True,Active
FD0000993,CUS0004250,PRD-FD02,BR0049,2680968.52,2.43,12,2022-01-23,2023-01-18,True,Active
FD0000994,CUS0008170,PRD-FD02,BR0024,990801.74,1.77,12,2022-03-24,2023-03-19,True,Active
FD0000995,CUS0005014,PRD-FD02,BR0003,4548029.19,2.26,12,2022-06-29,2023-06-24,True,Active
FD0000996,CUS0007446,PRD-FD01,BR0033,1102963.12,1.75,6,2023-09-04,2024-03-02,True,Active
FD0000997,CUS0007262,PRD-FD03,BR0013,419495.83,2.79,24,2023-11-08,2025-10-28,False,Active
FD0000998,CUS0005242,PRD-FD02,BR0023,4743822.34,2.52,12,2025-10-08,2026-10-03,True,Active
FD0000999,CUS0000365,PRD-FD03,BR0006,122228.84,3.08,24,2023-05-07,2025-04-26,True,Active
FD0001000,CUS0002091,PRD-FD01,BR0047,4922376.99,2.41,6,2025-06-08,2025-12-05,False,Matured
FD0001001,CUS0001037,PRD-FD01,BR0021,414092.73,3.35,6,2024-07-11,2025-01-07,True,Active
FD0001002,CUS0009255,PRD-FD03,BR0029,1740338.15,2.26,24,2025-06-09,2027-05-30,False,Matured
FD0001003,CUS0007382,PRD-FD03,BR0025,2718906.08,3.12,24,2023-08-23,2025-08-12,True,Matured
FD0001004,CUS0005528,PRD-FD02,BR0041,2314337.4,2.17,12,2026-01-23,2027-01-18,False,Matured
FD0001005,CUS0005197,PRD-FD01,BR0008,3965484.26,2.4,6,2023-09-27,2024-03-25,False,Matured
FD0001006,CUS0009395,PRD-FD02,BR0024,1304425.42,2.9,12,2023-05-24,2024-05-18,False,Matured
FD0001007,CUS0004843,PRD-FD03,BR0041,702273.74,2.09,24,2022-11-30,2024-11-19,False,Active
FD0001008,CUS0003181,PRD-FD01,BR0036,3352228.99,2.48,6,2025-12-08,2026-06-06,True,Active
FD0001009,CUS0005361,PRD-FD02,BR0040,617147.11,3.43,12,2022-02-25,2023-02-20,False,Matured
FD0001010,CUS0008399,PRD-FD03,BR0049,2418966.78,2.1,24,2026-01-11,2028-01-01,True,Matured
FD0001011,CUS0003301,PRD-FD03,BR0034,4447888.25,2.84,24,2026-03-22,2028-03-11,True,Active
FD0001012,CUS0008368,PRD-FD01,BR0007,4778348.98,1.8,6,2022-02-12,2022-08-11,False,Active
FD0001013,CUS0002939,PRD-FD03,BR0012,1599329.75,1.88,24,2025-02-27,2027-02-17,True,Active
FD0001014,CUS0005163,PRD-FD03,BR0033,932397.57,1.79,24,2022-01-04,2023-12-25,True,Matured
FD0001015,CUS0000757,PRD-FD03,BR0031,4045267.44,2.95,24,2025-09-22,2027-09-12,True,Matured
FD0001016,CUS0000679,PRD-FD02,BR0015,2777392.81,1.7,12,2023-12-08,2024-12-02,True,Matured
FD0001017,CUS0002990,PRD-FD02,BR0021,3908333.78,2.2,12,2023-10-23,2024-10-17,False,Matured
FD0001018,CUS0007865,PRD-FD01,BR0046,3130001.96,2.25,6,2025-12-19,2026-06-17,False,Active
FD0001019,CUS0007808,PRD-FD01,BR0037,4826252.09,1.94,6,2025-06-23,2025-12-20,True,Active
FD0001020,CUS0000957,PRD-FD01,BR0020,4135019.36,2.65,6,2023-10-11,2024-04-08,False,Active
FD0001021,CUS0006972,PRD-FD02,BR0034,795330.84,1.24,12,2024-11-12,2025-11-07,True,Matured
FD0001022,CUS0004411,PRD-FD01,BR0034,2931059.26,1.66,6,2022-05-20,2022-11-16,True,Active
FD0001023,CUS0008403,PRD-FD02,BR0041,4440780.55,1.88,12,2024-01-18,2025-01-12,True,Matured
FD0001024,CUS0006465,PRD-FD03,BR0017,424358.74,2.81,24,2022-08-24,2024-08-13,True,Active
FD0001025,CUS0003926,PRD-FD03,BR0024,3594098.25,2.66,24,2024-02-02,2026-01-22,True,Active
FD0001026,CUS0004489,PRD-FD01,BR0034,833059.15,3.11,6,2023-09-08,2024-03-06,False,Matured
FD0001027,CUS0001941,PRD-FD02,BR0004,1251408.19,2.37,12,2025-08-22,2026-08-17,True,Matured
FD0001028,CUS0000401,PRD-FD03,BR0010,175681.0,2.46,24,2024-04-28,2026-04-18,True,Active
FD0001029,CUS0009427,PRD-FD03,BR0043,3537460.5,2.82,24,2025-04-18,2027-04-08,True,Matured
FD0001030,CUS0006340,PRD-FD02,BR0020,4561962.44,1.4,12,2023-10-03,2024-09-27,False,Active
FD0001031,CUS0001145,PRD-FD02,BR0007,3748944.49,1.61,12,2024-08-18,2025-08-13,True,Active
FD0001032,CUS0004163,PRD-FD03,BR0050,2501029.56,1.25,24,2022-12-24,2024-12-13,True,Matured
FD0001033,CUS0008669,PRD-FD02,BR0012,64991.92,1.2,12,2023-04-21,2024-04-15,True,Active
FD0001034,CUS0008553,PRD-FD02,BR0008,4878042.06,1.89,12,2022-03-13,2023-03-08,True,Matured
FD0001035,CUS0005561,PRD-FD02,BR0040,445383.48,3.44,12,2022-11-30,2023-11-25,True,Active
FD0001036,CUS0004508,PRD-FD03,BR0013,3860055.47,3.27,24,2024-03-31,2026-03-21,True,Active
FD0001037,CUS0006847,PRD-FD02,BR0019,2024097.07,2.31,12,2024-09-01,2025-08-27,False,Matured
FD0001038,CUS0006730,PRD-FD01,BR0004,82469.61,3.41,6,2026-03-11,2026-09-07,True,Active
FD0001039,CUS0004910,PRD-FD02,BR0004,3283923.75,3.41,12,2023-10-13,2024-10-07,False,Matured
FD0001040,CUS0008378,PRD-FD03,BR0033,1787428.54,1.3,24,2022-08-19,2024-08-08,True,Matured
FD0001041,CUS0008385,PRD-FD02,BR0023,932212.51,3.16,12,2025-01-02,2025-12-28,False,Matured
FD0001042,CUS0007058,PRD-FD01,BR0045,1666243.43,1.27,6,2023-06-02,2023-11-29,False,Active
FD0001043,CUS0006695,PRD-FD02,BR0044,2047035.81,1.91,12,2023-10-15,2024-10-09,True,Matured
FD0001044,CUS0008277,PRD-FD03,BR0038,1805810.16,1.5,24,2025-07-18,2027-07-08,True,Matured
FD0001045,CUS0006635,PRD-FD01,BR0012,1642775.39,2.05,6,2025-10-19,2026-04-17,True,Active
FD0001046,CUS0008677,PRD-FD02,BR0030,989167.54,2.42,12,2024-09-28,2025-09-23,True,Active
FD0001047,CUS0007153,PRD-FD03,BR0036,3778696.26,1.45,24,2024-11-28,2026-11-18,True,Active
FD0001048,CUS0000556,PRD-FD02,BR0015,1725327.18,2.74,12,2023-10-09,2024-10-03,True,Active
FD0001049,CUS0007995,PRD-FD03,BR0017,1702563.6,2.69,24,2024-08-16,2026-08-06,True,Active
FD0001050,CUS0000462,PRD-FD02,BR0043,424588.04,1.98,12,2023-12-30,2024-12-24,True,Active
FD0001051,CUS0004621,PRD-FD02,BR0022,1333842.93,2.07,12,2022-09-24,2023-09-19,True,Matured
FD0001052,CUS0007557,PRD-FD02,BR0016,4731590.87,2.31,12,2022-03-08,2023-03-03,False,Active
FD0001053,CUS0004571,PRD-FD03,BR0042,2096130.56,1.5,24,2023-09-07,2025-08-27,True,Matured
FD0001054,CUS0000251,PRD-FD03,BR0021,3576669.86,3.37,24,2024-04-13,2026-04-03,False,Active
FD0001055,CUS0003336,PRD-FD02,BR0001,3083306.83,2.52,12,2023-02-28,2024-02-23,True,Active
FD0001056,CUS0009704,PRD-FD02,BR0015,3376147.54,2.76,12,2024-06-17,2025-06-12,True,Active
FD0001057,CUS0002141,PRD-FD03,BR0034,262079.1,1.66,24,2023-12-18,2025-12-07,True,Matured
FD0001058,CUS0004447,PRD-FD02,BR0035,1394459.32,3.4,12,2026-01-02,2026-12-28,False,Active
FD0001059,CUS0002844,PRD-FD01,BR0022,1785741.93,2.23,6,2023-10-07,2024-04-04,True,Active
FD0001060,CUS0007839,PRD-FD01,BR0032,3418847.41,2.29,6,2024-03-12,2024-09-08,True,Active
FD0001061,CUS0006722,PRD-FD01,BR0029,1463181.4,2.84,6,2022-07-30,2023-01-26,False,Active
FD0001062,CUS0005461,PRD-FD03,BR0020,2348209.39,1.68,24,2024-12-27,2026-12-17,True,Active
FD0001063,CUS0009978,PRD-FD03,BR0050,3074569.68,2.46,24,2024-04-29,2026-04-19,True,Active
FD0001064,CUS0008551,PRD-FD03,BR0003,3768763.35,2.54,24,2023-05-04,2025-04-23,True,Active
FD0001065,CUS0001842,PRD-FD02,BR0032,161383.05,2.35,12,2022-03-31,2023-03-26,False,Active
FD0001066,CUS0005131,PRD-FD03,BR0009,370578.95,2.74,24,2022-02-03,2024-01-24,True,Matured
FD0001067,CUS0005058,PRD-FD01,BR0033,4247882.01,2.01,6,2022-12-29,2023-06-27,False,Active
FD0001068,CUS0006601,PRD-FD01,BR0034,4847917.99,3.37,6,2025-02-07,2025-08-06,True,Matured
FD0001069,CUS0007987,PRD-FD01,BR0041,3529957.48,1.52,6,2025-12-12,2026-06-10,True,Active
FD0001070,CUS0008525,PRD-FD03,BR0030,4021159.5,2.79,24,2025-09-07,2027-08-28,True,Active
FD0001071,CUS0004609,PRD-FD03,BR0018,50146.64,3.34,24,2024-08-31,2026-08-21,True,Matured
FD0001072,CUS0009701,PRD-FD01,BR0044,3710595.81,2.16,6,2023-04-02,2023-09-29,False,Active
FD0001073,CUS0001520,PRD-FD01,BR0038,2396395.3,1.9,6,2025-08-18,2026-02-14,True,Active
FD0001074,CUS0003717,PRD-FD01,BR0031,3808171.15,2.11,6,2023-06-01,2023-11-28,False,Matured
FD0001075,CUS0008481,PRD-FD03,BR0035,3119849.9,1.62,24,2025-09-29,2027-09-19,True,Matured
FD0001076,CUS0008884,PRD-FD02,BR0015,4936552.52,2.22,12,2026-02-01,2027-01-27,False,Active
FD0001077,CUS0008294,PRD-FD03,BR0046,3674524.44,2.94,24,2022-11-07,2024-10-27,True,Active
FD0001078,CUS0004643,PRD-FD03,BR0008,1821830.09,1.74,24,2023-01-23,2025-01-12,True,Active
FD0001079,CUS0000365,PRD-FD01,BR0017,4547241.65,1.65,6,2024-11-13,2025-05-12,False,Active
FD0001080,CUS0004174,PRD-FD01,BR0033,3533940.61,2.62,6,2025-11-24,2026-05-23,False,Active
FD0001081,CUS0005745,PRD-FD02,BR0017,3513397.18,1.43,12,2026-03-12,2027-03-07,True,Active
FD0001082,CUS0006746,PRD-FD03,BR0021,4674425.51,1.9,24,2022-04-26,2024-04-15,True,Matured
FD0001083,CUS0006256,PRD-FD01,BR0014,885542.89,2.97,6,2022-04-20,2022-10-17,True,Active
FD0001084,CUS0009958,PRD-FD02,BR0013,187358.85,1.9,12,2022-06-17,2023-06-12,False,Matured
FD0001085,CUS0003246,PRD-FD03,BR0011,2682635.38,3.09,24,2022-12-05,2024-11-24,True,Active
FD0001086,CUS0002739,PRD-FD02,BR0020,1988486.08,3.25,12,2024-07-03,2025-06-28,False,Active
FD0001087,CUS0008054,PRD-FD01,BR0032,4212116.33,2.78,6,2023-10-05,2024-04-02,True,Active
FD0001088,CUS0004710,PRD-FD02,BR0025,775688.96,1.51,12,2022-07-10,2023-07-05,True,Active
FD0001089,CUS0006471,PRD-FD01,BR0040,3387885.35,2.32,6,2024-08-08,2025-02-04,True,Matured
FD0001090,CUS0007996,PRD-FD03,BR0024,1034270.96,1.35,24,2022-06-28,2024-06-17,False,Active
FD0001091,CUS0009591,PRD-FD03,BR0004,4977928.16,3.18,24,2024-01-29,2026-01-18,True,Active
FD0001092,CUS0004213,PRD-FD02,BR0048,2887826.44,2.09,12,2024-03-31,2025-03-26,True,Active
FD0001093,CUS0006298,PRD-FD02,BR0021,1147762.21,2.06,12,2026-03-14,2027-03-09,True,Active
FD0001094,CUS0005015,PRD-FD02,BR0030,2449407.87,3.48,12,2022-07-12,2023-07-07,False,Active
FD0001095,CUS0004204,PRD-FD01,BR0026,4745533.07,2.38,6,2023-10-11,2024-04-08,False,Active
FD0001096,CUS0006737,PRD-FD03,BR0046,2972527.52,3.3,24,2024-08-27,2026-08-17,False,Matured
FD0001097,CUS0008854,PRD-FD01,BR0021,323306.81,1.36,6,2025-04-17,2025-10-14,True,Matured
FD0001098,CUS0000068,PRD-FD01,BR0043,1343372.42,1.23,6,2023-01-06,2023-07-05,True,Active
FD0001099,CUS0001031,PRD-FD01,BR0043,4113334.72,3.08,6,2025-08-14,2026-02-10,True,Matured
FD0001100,CUS0006366,PRD-FD03,BR0019,613843.36,3.08,24,2024-09-22,2026-09-12,True,Active
FD0001101,CUS0001936,PRD-FD03,BR0008,1873215.82,2.11,24,2024-02-16,2026-02-05,True,Active
FD0001102,CUS0004427,PRD-FD03,BR0019,4818073.1,2.93,24,2025-04-18,2027-04-08,True,Active
FD0001103,CUS0004703,PRD-FD01,BR0015,2720356.17,3.13,6,2025-11-13,2026-05-12,True,Active
FD0001104,CUS0001909,PRD-FD03,BR0037,3143018.72,1.95,24,2022-01-03,2023-12-24,True,Matured
FD0001105,CUS0007371,PRD-FD03,BR0010,1501861.11,2.24,24,2025-07-27,2027-07-17,True,Active
FD0001106,CUS0001107,PRD-FD02,BR0008,4711945.72,2.77,12,2023-04-29,2024-04-23,False,Matured
FD0001107,CUS0007658,PRD-FD01,BR0034,4720685.94,1.72,6,2023-12-19,2024-06-16,True,Active
FD0001108,CUS0001247,PRD-FD02,BR0046,1479339.98,2.7,12,2022-07-30,2023-07-25,True,Active
FD0001109,CUS0000888,PRD-FD03,BR0037,3406209.83,1.97,24,2023-02-13,2025-02-02,False,Active
FD0001110,CUS0008721,PRD-FD01,BR0018,605293.05,2.88,6,2024-04-25,2024-10-22,True,Active
FD0001111,CUS0000621,PRD-FD02,BR0019,3821797.57,1.73,12,2024-10-28,2025-10-23,True,Active
FD0001112,CUS0006224,PRD-FD01,BR0024,3754754.82,2.27,6,2025-07-27,2026-01-23,False,Matured
FD0001113,CUS0009705,PRD-FD01,BR0036,4856499.63,2.12,6,2025-11-01,2026-04-30,False,Active
FD0001114,CUS0007993,PRD-FD03,BR0035,4039291.28,1.34,24,2025-05-14,2027-05-04,False,Active
FD0001115,CUS0007952,PRD-FD02,BR0031,4128229.08,2.84,12,2023-05-30,2024-05-24,False,Active
FD0001116,CUS0007520,PRD-FD01,BR0004,1741319.66,3.03,6,2025-03-31,2025-09-27,True,Active
FD0001117,CUS0009790,PRD-FD01,BR0006,1232758.97,1.31,6,2024-05-31,2024-11-27,True,Active
FD0001118,CUS0008244,PRD-FD02,BR0018,65986.6,3.37,12,2025-09-17,2026-09-12,False,Matured
FD0001119,CUS0003635,PRD-FD03,BR0011,1193218.69,3.04,24,2024-07-24,2026-07-14,False,Active
FD0001120,CUS0000831,PRD-FD01,BR0018,2657996.86,3.26,6,2023-05-15,2023-11-11,False,Matured
FD0001121,CUS0003771,PRD-FD01,BR0016,1649869.51,2.64,6,2023-04-13,2023-10-10,False,Active
FD0001122,CUS0007425,PRD-FD02,BR0001,738411.52,2.99,12,2024-11-06,2025-11-01,True,Matured
FD0001123,CUS0003543,PRD-FD03,BR0035,1368585.24,2.28,24,2024-07-14,2026-07-04,True,Active
FD0001124,CUS0008521,PRD-FD03,BR0010,1502313.35,1.27,24,2022-03-04,2024-02-22,False,Active
FD0001125,CUS0002322,PRD-FD01,BR0023,1544429.77,2.12,6,2026-02-22,2026-08-21,True,Active
FD0001126,CUS0008385,PRD-FD02,BR0022,2213639.19,1.5,12,2025-12-13,2026-12-08,True,Active
FD0001127,CUS0002037,PRD-FD01,BR0012,2882379.71,2.09,6,2024-07-15,2025-01-11,False,Active
FD0001128,CUS0007243,PRD-FD01,BR0037,3330725.02,1.24,6,2024-04-18,2024-10-15,True,Matured
FD0001129,CUS0001896,PRD-FD02,BR0043,1569587.8,2.14,12,2022-11-14,2023-11-09,False,Active
FD0001130,CUS0008862,PRD-FD02,BR0025,56927.69,2.05,12,2024-10-09,2025-10-04,True,Matured
FD0001131,CUS0000334,PRD-FD03,BR0043,1201258.35,1.6,24,2024-11-04,2026-10-25,True,Active
FD0001132,CUS0001950,PRD-FD01,BR0050,2985622.31,1.23,6,2025-07-11,2026-01-07,True,Active
FD0001133,CUS0004178,PRD-FD01,BR0045,2963910.65,1.49,6,2023-02-01,2023-07-31,True,Active
FD0001134,CUS0001207,PRD-FD03,BR0004,4516835.6,1.64,24,2024-06-27,2026-06-17,False,Matured
FD0001135,CUS0005577,PRD-FD03,BR0022,2247147.85,3.28,24,2024-08-02,2026-07-23,True,Active
FD0001136,CUS0003645,PRD-FD02,BR0039,3806629.28,2.55,12,2025-03-25,2026-03-20,False,Active
FD0001137,CUS0009871,PRD-FD02,BR0008,2822803.57,3.49,12,2024-06-23,2025-06-18,False,Active
FD0001138,CUS0003742,PRD-FD01,BR0006,605675.42,2.16,6,2025-03-23,2025-09-19,True,Active
FD0001139,CUS0008471,PRD-FD02,BR0013,4607338.01,1.26,12,2023-01-07,2024-01-02,False,Active
FD0001140,CUS0007089,PRD-FD02,BR0017,744189.25,1.87,12,2023-09-12,2024-09-06,True,Active
FD0001141,CUS0006213,PRD-FD01,BR0039,4764350.79,3.19,6,2022-05-14,2022-11-10,True,Active
FD0001142,CUS0009709,PRD-FD03,BR0005,3594241.96,2.53,24,2023-03-04,2025-02-21,True,Active
FD0001143,CUS0002145,PRD-FD01,BR0010,1637076.9,2.71,6,2024-07-18,2025-01-14,True,Active
FD0001144,CUS0003649,PRD-FD02,BR0044,2425070.7,3.27,12,2025-01-06,2026-01-01,True,Active
FD0001145,CUS0008902,PRD-FD02,BR0011,4553677.16,2.17,12,2025-07-19,2026-07-14,False,Active
FD0001146,CUS0005599,PRD-FD02,BR0047,4576291.74,2.58,12,2023-03-05,2024-02-28,True,Active
FD0001147,CUS0005959,PRD-FD03,BR0045,3207209.03,2.63,24,2022-04-20,2024-04-09,True,Matured
FD0001148,CUS0008602,PRD-FD01,BR0035,499710.92,1.88,6,2024-01-24,2024-07-22,False,Active
FD0001149,CUS0000713,PRD-FD03,BR0001,1343183.67,2.05,24,2024-01-27,2026-01-16,False,Matured
FD0001150,CUS0003854,PRD-FD03,BR0037,3250221.67,1.4,24,2022-11-01,2024-10-21,False,Active
FD0001151,CUS0001137,PRD-FD01,BR0026,3892361.63,1.85,6,2025-07-08,2026-01-04,False,Active
FD0001152,CUS0002739,PRD-FD03,BR0049,2253582.37,1.62,24,2023-02-27,2025-02-16,True,Active
FD0001153,CUS0005896,PRD-FD01,BR0022,3939463.46,3.13,6,2024-05-29,2024-11-25,False,Active
FD0001154,CUS0000801,PRD-FD01,BR0008,3848885.75,3.36,6,2022-11-30,2023-05-29,True,Active
FD0001155,CUS0008735,PRD-FD01,BR0007,1173774.39,2.59,6,2024-01-21,2024-07-19,True,Active
FD0001156,CUS0004049,PRD-FD01,BR0034,329586.56,2.33,6,2023-01-14,2023-07-13,True,Active
FD0001157,CUS0002862,PRD-FD03,BR0039,1318116.63,3.31,24,2024-04-28,2026-04-18,True,Matured
FD0001158,CUS0000746,PRD-FD01,BR0036,485026.69,2.25,6,2024-01-14,2024-07-12,False,Active
FD0001159,CUS0009536,PRD-FD01,BR0030,236994.73,2.1,6,2023-06-04,2023-12-01,True,Active
FD0001160,CUS0000250,PRD-FD02,BR0010,2087276.76,3.22,12,2024-09-22,2025-09-17,False,Matured
FD0001161,CUS0000048,PRD-FD01,BR0007,2759435.98,1.58,6,2023-10-10,2024-04-07,True,Active
FD0001162,CUS0009649,PRD-FD01,BR0026,1243371.7,1.65,6,2023-11-25,2024-05-23,True,Matured
FD0001163,CUS0002582,PRD-FD01,BR0046,3294467.93,1.95,6,2025-06-23,2025-12-20,False,Active
FD0001164,CUS0009536,PRD-FD02,BR0039,3577851.95,2.61,12,2022-04-29,2023-04-24,True,Active
FD0001165,CUS0008064,PRD-FD01,BR0005,4895316.85,3.41,6,2026-02-14,2026-08-13,False,Matured
FD0001166,CUS0008974,PRD-FD03,BR0041,3590377.38,1.49,24,2024-03-29,2026-03-19,True,Active
FD0001167,CUS0005563,PRD-FD02,BR0010,792255.97,2.53,12,2025-10-21,2026-10-16,False,Matured
FD0001168,CUS0002520,PRD-FD03,BR0037,3511227.59,3.43,24,2024-06-10,2026-05-31,True,Active
FD0001169,CUS0001006,PRD-FD02,BR0004,4797401.53,1.62,12,2025-05-20,2026-05-15,True,Active
FD0001170,CUS0003435,PRD-FD01,BR0029,1720823.89,2.62,6,2023-12-22,2024-06-19,False,Active
FD0001171,CUS0002719,PRD-FD01,BR0027,853751.92,2.89,6,2024-12-24,2025-06-22,True,Active
FD0001172,CUS0009096,PRD-FD02,BR0009,4340343.36,1.71,12,2025-12-25,2026-12-20,True,Active
FD0001173,CUS0006670,PRD-FD01,BR0041,2922004.3,3.16,6,2023-09-02,2024-02-29,False,Active
FD0001174,CUS0000554,PRD-FD02,BR0034,168391.65,1.86,12,2024-05-09,2025-05-04,True,Active
FD0001175,CUS0003188,PRD-FD01,BR0040,4088125.9,2.36,6,2026-03-29,2026-09-25,True,Active
FD0001176,CUS0008870,PRD-FD03,BR0043,1628514.37,3.1,24,2022-12-16,2024-12-05,False,Matured
FD0001177,CUS0004521,PRD-FD03,BR0010,1320807.76,1.7,24,2024-10-09,2026-09-29,True,Active
FD0001178,CUS0004194,PRD-FD01,BR0029,3142424.36,2.11,6,2022-08-27,2023-02-23,True,Active
FD0001179,CUS0003975,PRD-FD03,BR0045,1999039.96,3.11,24,2022-09-15,2024-09-04,True,Active
FD0001180,CUS0006301,PRD-FD03,BR0041,3763349.25,1.51,24,2023-01-07,2024-12-27,False,Matured
FD0001181,CUS0000948,PRD-FD01,BR0040,3496892.27,1.77,6,2023-11-11,2024-05-09,True,Matured
FD0001182,CUS0001093,PRD-FD01,BR0044,3130170.57,3.24,6,2024-05-14,2024-11-10,True,Active
FD0001183,CUS0005386,PRD-FD01,BR0018,3732600.59,1.55,6,2024-02-01,2024-07-30,False,Active
FD0001184,CUS0008714,PRD-FD03,BR0005,691773.45,1.88,24,2024-06-22,2026-06-12,False,Matured
FD0001185,CUS0004911,PRD-FD02,BR0025,615919.17,3.49,12,2022-07-03,2023-06-28,True,Matured
FD0001186,CUS0005787,PRD-FD01,BR0020,3860342.84,2.08,6,2023-08-02,2024-01-29,True,Active
FD0001187,CUS0001454,PRD-FD01,BR0044,4058322.29,1.54,6,2025-09-20,2026-03-19,True,Matured
FD0001188,CUS0004703,PRD-FD01,BR0044,2572759.39,3.09,6,2022-12-07,2023-06-05,True,Matured
FD0001189,CUS0006484,PRD-FD02,BR0050,2682247.26,1.58,12,2025-05-07,2026-05-02,True,Active
FD0001190,CUS0000105,PRD-FD01,BR0003,282796.0,2.88,6,2022-09-07,2023-03-06,True,Active
FD0001191,CUS0004747,PRD-FD02,BR0050,1516732.53,1.4,12,2025-09-28,2026-09-23,False,Active
FD0001192,CUS0009649,PRD-FD02,BR0050,1087836.49,3.25,12,2024-05-22,2025-05-17,True,Active
FD0001193,CUS0008878,PRD-FD01,BR0018,842525.22,2.55,6,2024-10-12,2025-04-10,False,Matured
FD0001194,CUS0003033,PRD-FD01,BR0036,4052257.38,1.22,6,2026-03-02,2026-08-29,True,Active
FD0001195,CUS0001507,PRD-FD01,BR0046,1953829.78,2.54,6,2022-10-30,2023-04-28,True,Active
FD0001196,CUS0009848,PRD-FD01,BR0032,4507365.07,2.53,6,2025-03-27,2025-09-23,True,Active
FD0001197,CUS0007117,PRD-FD01,BR0012,3317815.94,2.9,6,2022-07-07,2023-01-03,True,Active
FD0001198,CUS0009713,PRD-FD03,BR0001,2811946.64,2.24,24,2024-10-06,2026-09-26,True,Matured
FD0001199,CUS0002851,PRD-FD03,BR0004,185749.12,2.82,24,2025-05-22,2027-05-12,True,Active
FD0001200,CUS0007710,PRD-FD03,BR0030,4364183.51,2.12,24,2022-05-31,2024-05-20,True,Active
FD0001201,CUS0003766,PRD-FD02,BR0047,2388058.07,2.34,12,2023-09-29,2024-09-23,True,Active
FD0001202,CUS0003553,PRD-FD01,BR0010,3629883.76,1.8,6,2022-03-31,2022-09-27,True,Active
FD0001203,CUS0009667,PRD-FD02,BR0028,1464044.07,2.36,12,2025-08-10,2026-08-05,False,Active
FD0001204,CUS0004414,PRD-FD03,BR0044,335380.32,2.91,24,2023-02-22,2025-02-11,True,Matured
FD0001205,CUS0009163,PRD-FD02,BR0021,2571902.59,2.33,12,2022-07-03,2023-06-28,True,Active
FD0001206,CUS0005572,PRD-FD02,BR0021,561571.56,1.62,12,2024-07-01,2025-06-26,True,Active
FD0001207,CUS0003075,PRD-FD01,BR0045,2038298.08,2.22,6,2022-07-30,2023-01-26,True,Active
FD0001208,CUS0009802,PRD-FD02,BR0012,1624677.41,3.48,12,2022-03-04,2023-02-27,True,Active
FD0001209,CUS0002270,PRD-FD03,BR0036,2030323.96,1.82,24,2025-06-27,2027-06-17,True,Active
FD0001210,CUS0007011,PRD-FD03,BR0017,4868846.55,3.16,24,2025-12-28,2027-12-18,True,Matured
FD0001211,CUS0000145,PRD-FD01,BR0043,2475122.01,2.71,6,2022-10-29,2023-04-27,True,Active
FD0001212,CUS0001281,PRD-FD03,BR0022,4446046.38,1.29,24,2022-10-16,2024-10-05,True,Active
FD0001213,CUS0007781,PRD-FD01,BR0023,1246404.55,1.53,6,2025-09-04,2026-03-03,True,Matured
FD0001214,CUS0003486,PRD-FD02,BR0043,1743101.67,2.04,12,2024-05-01,2025-04-26,True,Active
FD0001215,CUS0005256,PRD-FD01,BR0023,3948471.1,2.48,6,2024-12-14,2025-06-12,True,Active
FD0001216,CUS0002579,PRD-FD02,BR0043,3496084.04,3.45,12,2022-11-09,2023-11-04,True,Active
FD0001217,CUS0002475,PRD-FD02,BR0021,528473.79,1.27,12,2026-02-06,2027-02-01,False,Matured
FD0001218,CUS0006694,PRD-FD01,BR0034,4256364.09,1.92,6,2025-10-15,2026-04-13,False,Active
FD0001219,CUS0006350,PRD-FD03,BR0049,3731972.04,3.09,24,2023-11-22,2025-11-11,True,Active
FD0001220,CUS0009987,PRD-FD02,BR0026,3455218.38,1.81,12,2026-02-06,2027-02-01,False,Active
FD0001221,CUS0009444,PRD-FD02,BR0019,4203422.4,2.74,12,2023-06-22,2024-06-16,True,Active
FD0001222,CUS0008029,PRD-FD03,BR0034,4555059.68,3.39,24,2026-03-11,2028-02-29,True,Matured
FD0001223,CUS0000907,PRD-FD02,BR0034,748680.45,2.21,12,2025-06-11,2026-06-06,True,Active
FD0001224,CUS0001336,PRD-FD03,BR0014,396994.36,3.32,24,2025-02-16,2027-02-06,True,Active
FD0001225,CUS0006543,PRD-FD03,BR0004,2440180.02,2.4,24,2024-01-24,2026-01-13,True,Active
FD0001226,CUS0007147,PRD-FD02,BR0019,3656602.35,1.93,12,2024-04-13,2025-04-08,False,Matured
FD0001227,CUS0008838,PRD-FD03,BR0050,750800.62,2.9,24,2025-09-01,2027-08-22,False,Active
FD0001228,CUS0008204,PRD-FD01,BR0037,4963740.78,2.3,6,2023-04-24,2023-10-21,False,Active
FD0001229,CUS0006257,PRD-FD02,BR0013,2529375.66,1.79,12,2022-12-12,2023-12-07,True,Active
FD0001230,CUS0008705,PRD-FD01,BR0035,3697952.3,3.47,6,2025-03-18,2025-09-14,False,Active
FD0001231,CUS0004225,PRD-FD01,BR0038,1739694.92,2.99,6,2025-08-11,2026-02-07,False,Active
FD0001232,CUS0003405,PRD-FD01,BR0026,1831581.24,2.27,6,2024-03-29,2024-09-25,False,Active
FD0001233,CUS0001955,PRD-FD02,BR0037,1697939.47,1.62,12,2024-10-17,2025-10-12,False,Active
FD0001234,CUS0008351,PRD-FD03,BR0004,3777755.21,2.75,24,2025-07-02,2027-06-22,True,Matured
FD0001235,CUS0006484,PRD-FD01,BR0025,245530.75,3.32,6,2022-09-25,2023-03-24,False,Active
FD0001236,CUS0008302,PRD-FD03,BR0041,991146.21,1.97,24,2023-02-19,2025-02-08,False,Matured
FD0001237,CUS0007236,PRD-FD01,BR0044,516367.92,1.62,6,2023-07-03,2023-12-30,True,Active
FD0001238,CUS0003684,PRD-FD03,BR0037,4888350.84,3.3,24,2023-09-24,2025-09-13,False,Active
FD0001239,CUS0006808,PRD-FD01,BR0020,1408787.77,2.1,6,2022-07-23,2023-01-19,True,Active
FD0001240,CUS0009614,PRD-FD03,BR0042,3915947.09,2.27,24,2023-01-09,2024-12-29,True,Matured
FD0001241,CUS0004561,PRD-FD01,BR0002,677043.17,2.17,6,2025-05-20,2025-11-16,False,Matured
FD0001242,CUS0008143,PRD-FD01,BR0025,256292.52,2.88,6,2022-12-31,2023-06-29,False,Active
FD0001243,CUS0003591,PRD-FD03,BR0002,695858.91,2.98,24,2025-07-15,2027-07-05,False,Matured
FD0001244,CUS0000680,PRD-FD02,BR0006,1662811.36,2.81,12,2025-03-10,2026-03-05,False,Active
FD0001245,CUS0007993,PRD-FD01,BR0028,1575876.22,1.59,6,2023-02-12,2023-08-11,True,Active
FD0001246,CUS0006518,PRD-FD01,BR0027,2420865.46,3.03,6,2022-02-21,2022-08-20,False,Matured
FD0001247,CUS0009526,PRD-FD02,BR0036,569166.84,1.24,12,2023-06-11,2024-06-05,False,Matured
FD0001248,CUS0007186,PRD-FD01,BR0024,2932164.12,3.37,6,2022-09-27,2023-03-26,False,Matured
FD0001249,CUS0008595,PRD-FD02,BR0029,3923283.55,2.01,12,2025-09-30,2026-09-25,True,Matured
FD0001250,CUS0006964,PRD-FD02,BR0028,757799.69,3.16,12,2025-11-24,2026-11-19,True,Active
FD0001251,CUS0008446,PRD-FD03,BR0014,325976.13,2.74,24,2022-12-28,2024-12-17,True,Active
FD0001252,CUS0006099,PRD-FD02,BR0034,3186597.15,2.41,12,2023-10-05,2024-09-29,False,Active
FD0001253,CUS0000335,PRD-FD02,BR0019,4407121.14,2.95,12,2023-05-25,2024-05-19,True,Active
FD0001254,CUS0002552,PRD-FD01,BR0002,412241.65,3.01,6,2024-06-23,2024-12-20,True,Active
FD0001255,CUS0005653,PRD-FD02,BR0022,4348512.14,2.45,12,2025-01-11,2026-01-06,False,Active
FD0001256,CUS0002319,PRD-FD02,BR0013,4366526.31,3.43,12,2024-06-21,2025-06-16,False,Active
FD0001257,CUS0008335,PRD-FD02,BR0036,825873.41,1.98,12,2025-12-13,2026-12-08,True,Active
FD0001258,CUS0006069,PRD-FD03,BR0002,1959881.81,2.24,24,2023-12-31,2025-12-20,True,Active
FD0001259,CUS0009655,PRD-FD02,BR0007,2309839.26,2.33,12,2022-05-08,2023-05-03,True,Matured
FD0001260,CUS0003929,PRD-FD03,BR0026,1784061.49,1.76,24,2022-09-14,2024-09-03,False,Active
FD0001261,CUS0006928,PRD-FD01,BR0023,1191591.19,1.46,6,2026-03-29,2026-09-25,False,Active
FD0001262,CUS0009132,PRD-FD02,BR0017,3882539.15,1.52,12,2026-04-26,2027-04-21,True,Matured
FD0001263,CUS0008113,PRD-FD03,BR0033,2524212.99,1.83,24,2023-05-15,2025-05-04,True,Active
FD0001264,CUS0007869,PRD-FD03,BR0046,3568897.61,3.42,24,2023-12-09,2025-11-28,False,Active
FD0001265,CUS0000266,PRD-FD01,BR0002,564701.13,2.69,6,2026-04-12,2026-10-09,True,Active
FD0001266,CUS0000918,PRD-FD03,BR0033,1849694.95,2.7,24,2023-05-02,2025-04-21,True,Active
FD0001267,CUS0007501,PRD-FD01,BR0045,2068192.55,2.21,6,2022-10-18,2023-04-16,True,Matured
FD0001268,CUS0004468,PRD-FD03,BR0046,2876393.74,2.55,24,2023-06-17,2025-06-06,False,Active
FD0001269,CUS0009472,PRD-FD03,BR0032,3754652.7,1.7,24,2024-04-25,2026-04-15,True,Matured
FD0001270,CUS0007897,PRD-FD03,BR0045,2543946.42,1.56,24,2023-02-13,2025-02-02,False,Active
FD0001271,CUS0007710,PRD-FD01,BR0037,3985943.22,2.13,6,2023-02-08,2023-08-07,False,Active
FD0001272,CUS0001051,PRD-FD02,BR0041,4377933.67,2.74,12,2022-08-19,2023-08-14,True,Active
FD0001273,CUS0004189,PRD-FD03,BR0016,2795179.89,1.76,24,2023-05-23,2025-05-12,True,Active
FD0001274,CUS0005106,PRD-FD02,BR0027,969944.04,1.28,12,2022-10-10,2023-10-05,True,Active
FD0001275,CUS0009747,PRD-FD01,BR0032,616188.05,2.69,6,2022-08-25,2023-02-21,True,Active
FD0001276,CUS0007424,PRD-FD02,BR0012,1453531.01,1.35,12,2023-02-21,2024-02-16,True,Active
FD0001277,CUS0001308,PRD-FD02,BR0047,4417685.65,3.24,12,2023-06-28,2024-06-22,True,Matured
FD0001278,CUS0007662,PRD-FD02,BR0042,1511204.87,2.72,12,2023-04-18,2024-04-12,True,Matured
FD0001279,CUS0000844,PRD-FD02,BR0019,483111.72,1.77,12,2026-01-13,2027-01-08,True,Matured
FD0001280,CUS0007954,PRD-FD03,BR0028,4904524.48,2.78,24,2022-08-02,2024-07-22,False,Active
FD0001281,CUS0003053,PRD-FD03,BR0023,2134190.44,2.74,24,2025-02-01,2027-01-22,True,Active
FD0001282,CUS0002627,PRD-FD01,BR0038,385408.62,1.4,6,2022-01-13,2022-07-12,True,Matured
FD0001283,CUS0008905,PRD-FD02,BR0041,2071963.87,3.23,12,2024-03-11,2025-03-06,True,Active
FD0001284,CUS0000317,PRD-FD03,BR0044,4090187.27,2.93,24,2024-01-08,2025-12-28,False,Active
FD0001285,CUS0004328,PRD-FD01,BR0037,4121882.92,2.26,6,2023-10-12,2024-04-09,True,Active
FD0001286,CUS0001557,PRD-FD02,BR0010,2941889.1,3.49,12,2025-04-02,2026-03-28,False,Active
FD0001287,CUS0007294,PRD-FD01,BR0007,3967535.52,1.88,6,2024-12-08,2025-06-06,True,Active
FD0001288,CUS0008952,PRD-FD03,BR0001,2208440.4,2.6,24,2024-06-01,2026-05-22,False,Active
FD0001289,CUS0002722,PRD-FD01,BR0017,1528838.27,2.67,6,2025-06-04,2025-12-01,True,Active
FD0001290,CUS0002205,PRD-FD02,BR0027,673752.77,1.67,12,2024-02-19,2025-02-13,False,Active
FD0001291,CUS0009486,PRD-FD03,BR0046,4041101.97,2.35,24,2024-04-16,2026-04-06,True,Active
FD0001292,CUS0005407,PRD-FD02,BR0017,4014466.03,1.72,12,2022-03-24,2023-03-19,False,Matured
FD0001293,CUS0002505,PRD-FD01,BR0030,2718421.35,1.48,6,2024-04-27,2024-10-24,False,Active
FD0001294,CUS0009467,PRD-FD01,BR0050,3560110.57,1.88,6,2025-04-12,2025-10-09,True,Matured
FD0001295,CUS0008167,PRD-FD02,BR0040,2819296.07,2.02,12,2022-05-11,2023-05-06,True,Active
FD0001296,CUS0001771,PRD-FD03,BR0031,1690316.72,3.04,24,2022-06-29,2024-06-18,True,Active
FD0001297,CUS0004244,PRD-FD03,BR0049,3147929.05,1.48,24,2025-01-03,2026-12-24,True,Active
FD0001298,CUS0003158,PRD-FD01,BR0026,1652395.8,2.07,6,2025-06-23,2025-12-20,True,Active
FD0001299,CUS0004088,PRD-FD02,BR0041,3172588.89,1.52,12,2024-09-24,2025-09-19,False,Active
FD0001300,CUS0008615,PRD-FD03,BR0013,2466257.69,1.5,24,2025-06-24,2027-06-14,True,Active
FD0001301,CUS0000308,PRD-FD02,BR0020,2549396.67,1.97,12,2026-02-28,2027-02-23,False,Active
FD0001302,CUS0000133,PRD-FD03,BR0005,266346.14,2.54,24,2022-03-30,2024-03-19,True,Active
FD0001303,CUS0009474,PRD-FD02,BR0005,668272.43,1.89,12,2024-11-19,2025-11-14,True,Matured
FD0001304,CUS0006103,PRD-FD02,BR0025,2478303.68,2.53,12,2022-03-26,2023-03-21,False,Active
FD0001305,CUS0009727,PRD-FD02,BR0031,4811627.35,2.88,12,2025-09-05,2026-08-31,False,Matured
FD0001306,CUS0006308,PRD-FD02,BR0026,1195198.36,1.6,12,2022-10-31,2023-10-26,True,Matured
FD0001307,CUS0009518,PRD-FD03,BR0005,3868777.21,2.91,24,2026-02-15,2028-02-05,False,Active
FD0001308,CUS0003000,PRD-FD01,BR0049,2685126.05,1.87,6,2023-09-22,2024-03-20,True,Active
FD0001309,CUS0002440,PRD-FD03,BR0024,2640883.28,2.44,24,2025-08-20,2027-08-10,False,Active
FD0001310,CUS0003281,PRD-FD03,BR0021,418838.87,2.79,24,2023-01-18,2025-01-07,False,Active
FD0001311,CUS0001262,PRD-FD01,BR0029,927059.56,2.08,6,2025-09-13,2026-03-12,True,Active
FD0001312,CUS0007801,PRD-FD03,BR0002,4704918.54,1.25,24,2024-02-09,2026-01-29,False,Active
FD0001313,CUS0007751,PRD-FD02,BR0019,3285154.0,2.55,12,2023-11-20,2024-11-14,True,Active
FD0001314,CUS0009015,PRD-FD01,BR0030,434915.31,3.39,6,2024-02-17,2024-08-15,False,Matured
FD0001315,CUS0009085,PRD-FD02,BR0018,3343608.49,2.71,12,2024-06-12,2025-06-07,False,Matured
FD0001316,CUS0001048,PRD-FD01,BR0011,1763880.51,2.23,6,2023-02-27,2023-08-26,True,Active
FD0001317,CUS0003238,PRD-FD03,BR0031,4125947.27,1.92,24,2025-07-13,2027-07-03,False,Matured
FD0001318,CUS0007786,PRD-FD02,BR0027,4930051.47,1.52,12,2024-11-09,2025-11-04,True,Active
FD0001319,CUS0004459,PRD-FD02,BR0027,2229165.49,2.02,12,2024-06-07,2025-06-02,True,Active
FD0001320,CUS0008834,PRD-FD01,BR0045,842758.3,1.53,6,2023-07-29,2024-01-25,True,Active
FD0001321,CUS0005881,PRD-FD03,BR0036,1150456.39,1.67,24,2023-08-24,2025-08-13,True,Active
FD0001322,CUS0007983,PRD-FD02,BR0018,4815080.94,1.44,12,2024-12-12,2025-12-07,False,Matured
FD0001323,CUS0009384,PRD-FD01,BR0043,938014.09,3.39,6,2023-08-09,2024-02-05,False,Active
FD0001324,CUS0009249,PRD-FD03,BR0006,2984245.8,2.97,24,2023-07-26,2025-07-15,False,Active
FD0001325,CUS0004947,PRD-FD03,BR0029,368983.63,2.98,24,2022-10-05,2024-09-24,True,Matured
FD0001326,CUS0006731,PRD-FD02,BR0020,3118861.08,2.84,12,2025-05-22,2026-05-17,False,Matured
FD0001327,CUS0001795,PRD-FD03,BR0049,704117.32,3.06,24,2023-06-26,2025-06-15,False,Matured
FD0001328,CUS0003214,PRD-FD02,BR0025,4973662.53,2.57,12,2025-12-02,2026-11-27,False,Active
FD0001329,CUS0006851,PRD-FD03,BR0018,3329735.08,2.56,24,2026-03-25,2028-03-14,True,Matured
FD0001330,CUS0002508,PRD-FD02,BR0024,687323.72,2.68,12,2023-07-11,2024-07-05,False,Active
FD0001331,CUS0002199,PRD-FD02,BR0045,542208.54,1.39,12,2023-06-22,2024-06-16,True,Active
FD0001332,CUS0007050,PRD-FD01,BR0021,1386765.29,2.32,6,2022-10-10,2023-04-08,True,Active
FD0001333,CUS0007833,PRD-FD02,BR0042,3291862.05,2.08,12,2024-04-26,2025-04-21,False,Matured
FD0001334,CUS0005486,PRD-FD01,BR0014,1793389.28,1.51,6,2024-11-11,2025-05-10,False,Matured
FD0001335,CUS0005444,PRD-FD01,BR0003,2053497.38,2.41,6,2026-04-08,2026-10-05,True,Active
FD0001336,CUS0000370,PRD-FD03,BR0016,3721075.37,1.74,24,2023-04-29,2025-04-18,False,Active
FD0001337,CUS0006312,PRD-FD01,BR0012,570027.01,2.89,6,2023-05-30,2023-11-26,True,Matured
FD0001338,CUS0002454,PRD-FD01,BR0043,4748669.87,2.93,6,2025-02-07,2025-08-06,True,Matured
FD0001339,CUS0003924,PRD-FD02,BR0028,3730548.02,2.2,12,2025-01-14,2026-01-09,False,Active
FD0001340,CUS0007169,PRD-FD02,BR0018,2838916.79,3.05,12,2022-01-06,2023-01-01,True,Matured
FD0001341,CUS0007433,PRD-FD01,BR0019,94576.84,3.02,6,2022-03-13,2022-09-09,True,Active
FD0001342,CUS0004079,PRD-FD03,BR0050,3723249.95,2.5,24,2023-02-22,2025-02-11,True,Active
FD0001343,CUS0004135,PRD-FD02,BR0019,3715276.38,1.87,12,2022-04-15,2023-04-10,True,Active
FD0001344,CUS0000324,PRD-FD03,BR0014,4511118.65,2.4,24,2023-07-27,2025-07-16,True,Matured
FD0001345,CUS0006966,PRD-FD01,BR0046,95056.31,1.78,6,2022-07-30,2023-01-26,True,Matured
FD0001346,CUS0002180,PRD-FD01,BR0038,1597523.78,1.7,6,2025-07-28,2026-01-24,True,Active
FD0001347,CUS0003473,PRD-FD01,BR0028,506648.63,2.85,6,2023-03-02,2023-08-29,False,Matured
FD0001348,CUS0001994,PRD-FD03,BR0020,3562718.75,2.0,24,2024-10-12,2026-10-02,False,Active
FD0001349,CUS0007328,PRD-FD03,BR0034,1138604.8,2.44,24,2025-02-12,2027-02-02,True,Active
FD0001350,CUS0004458,PRD-FD03,BR0047,2267389.07,2.42,24,2026-01-08,2027-12-29,True,Active
FD0001351,CUS0009809,PRD-FD01,BR0012,2644570.64,1.52,6,2023-06-08,2023-12-05,True,Active
FD0001352,CUS0001822,PRD-FD01,BR0005,4792655.05,2.89,6,2023-03-08,2023-09-04,False,Active
FD0001353,CUS0003535,PRD-FD01,BR0022,1167417.75,3.49,6,2024-12-09,2025-06-07,True,Active
FD0001354,CUS0004458,PRD-FD01,BR0013,833787.82,1.52,6,2025-04-17,2025-10-14,False,Active
FD0001355,CUS0001869,PRD-FD03,BR0006,4930463.09,3.19,24,2022-12-21,2024-12-10,True,Active
FD0001356,CUS0003530,PRD-FD02,BR0039,3776614.36,1.3,12,2023-03-23,2024-03-17,True,Active
FD0001357,CUS0005798,PRD-FD01,BR0035,4649911.91,3.37,6,2023-10-12,2024-04-09,False,Matured
FD0001358,CUS0007083,PRD-FD02,BR0011,2868706.72,3.03,12,2023-10-17,2024-10-11,True,Matured
FD0001359,CUS0000016,PRD-FD01,BR0042,4124940.67,2.02,6,2022-01-26,2022-07-25,True,Matured
FD0001360,CUS0002029,PRD-FD01,BR0013,1502003.98,1.56,6,2025-02-13,2025-08-12,True,Active
FD0001361,CUS0006110,PRD-FD02,BR0014,1210287.62,1.64,12,2023-10-06,2024-09-30,True,Matured
FD0001362,CUS0009848,PRD-FD01,BR0050,3120435.57,1.45,6,2025-06-24,2025-12-21,True,Active
FD0001363,CUS0004786,PRD-FD02,BR0001,2157103.29,1.44,12,2023-01-01,2023-12-27,True,Matured
FD0001364,CUS0007457,PRD-FD01,BR0039,3038012.66,2.47,6,2024-02-10,2024-08-08,True,Matured
FD0001365,CUS0008631,PRD-FD01,BR0033,1102479.95,3.35,6,2024-03-05,2024-09-01,True,Active
FD0001366,CUS0002446,PRD-FD03,BR0033,3978380.23,3.01,24,2022-06-02,2024-05-22,True,Active
FD0001367,CUS0004955,PRD-FD01,BR0042,3205802.87,1.91,6,2023-09-04,2024-03-02,False,Active
FD0001368,CUS0001984,PRD-FD03,BR0009,4617859.79,1.68,24,2025-08-21,2027-08-11,True,Active
FD0001369,CUS0001690,PRD-FD01,BR0004,4868320.98,1.68,6,2025-04-06,2025-10-03,False,Active
FD0001370,CUS0007285,PRD-FD02,BR0017,554624.27,2.12,12,2023-07-10,2024-07-04,False,Active
FD0001371,CUS0008168,PRD-FD01,BR0036,1985689.54,3.43,6,2025-07-23,2026-01-19,True,Matured
FD0001372,CUS0002162,PRD-FD02,BR0007,3454691.51,2.41,12,2025-05-28,2026-05-23,False,Matured
FD0001373,CUS0009947,PRD-FD01,BR0029,331524.61,2.67,6,2023-01-07,2023-07-06,True,Matured
FD0001374,CUS0008672,PRD-FD02,BR0032,1314778.43,1.78,12,2026-03-02,2027-02-25,False,Matured
FD0001375,CUS0001125,PRD-FD02,BR0008,4288941.5,1.78,12,2026-04-07,2027-04-02,True,Active
FD0001376,CUS0005647,PRD-FD02,BR0021,186375.55,3.48,12,2025-04-15,2026-04-10,True,Matured
FD0001377,CUS0007317,PRD-FD01,BR0001,4289175.78,2.07,6,2023-12-09,2024-06-06,True,Active
FD0001378,CUS0000704,PRD-FD01,BR0022,1401003.49,3.42,6,2024-09-11,2025-03-10,False,Matured
FD0001379,CUS0002441,PRD-FD01,BR0041,4919898.61,3.11,6,2025-06-26,2025-12-23,True,Active
FD0001380,CUS0005245,PRD-FD03,BR0045,629852.38,3.05,24,2024-12-18,2026-12-08,True,Active
FD0001381,CUS0002683,PRD-FD02,BR0016,4964793.61,2.68,12,2024-02-10,2025-02-04,False,Matured
FD0001382,CUS0008695,PRD-FD03,BR0034,2172954.32,1.63,24,2025-04-11,2027-04-01,True,Active
FD0001383,CUS0008420,PRD-FD02,BR0013,1267162.18,1.69,12,2024-10-08,2025-10-03,True,Matured
FD0001384,CUS0004073,PRD-FD01,BR0009,4400216.42,3.44,6,2023-11-07,2024-05-05,False,Active
FD0001385,CUS0001663,PRD-FD01,BR0039,1188405.45,2.25,6,2022-12-22,2023-06-20,True,Active
FD0001386,CUS0005530,PRD-FD01,BR0050,3512840.54,3.15,6,2024-05-12,2024-11-08,True,Active
FD0001387,CUS0003878,PRD-FD03,BR0002,2174703.94,2.44,24,2024-10-26,2026-10-16,False,Matured
FD0001388,CUS0005753,PRD-FD03,BR0035,2264831.58,1.56,24,2024-04-25,2026-04-15,False,Matured
FD0001389,CUS0006925,PRD-FD03,BR0004,4240091.07,2.06,24,2024-03-24,2026-03-14,False,Active
FD0001390,CUS0001253,PRD-FD02,BR0005,994180.16,3.31,12,2024-04-09,2025-04-04,False,Active
FD0001391,CUS0007507,PRD-FD02,BR0012,530759.46,3.35,12,2024-06-02,2025-05-28,True,Active
FD0001392,CUS0001695,PRD-FD02,BR0004,2896808.81,1.92,12,2023-12-07,2024-12-01,True,Matured
FD0001393,CUS0002069,PRD-FD02,BR0041,2321026.16,2.84,12,2022-04-19,2023-04-14,True,Active
FD0001394,CUS0000387,PRD-FD02,BR0043,1951170.69,3.34,12,2025-11-30,2026-11-25,False,Matured
FD0001395,CUS0001282,PRD-FD03,BR0015,594721.02,2.53,24,2024-08-29,2026-08-19,True,Active
FD0001396,CUS0003838,PRD-FD02,BR0002,4883107.35,1.47,12,2023-07-31,2024-07-25,True,Active
FD0001397,CUS0008368,PRD-FD02,BR0043,660832.57,2.22,12,2025-01-16,2026-01-11,False,Active
FD0001398,CUS0004501,PRD-FD01,BR0040,50029.83,2.24,6,2022-09-19,2023-03-18,True,Active
FD0001399,CUS0009714,PRD-FD03,BR0022,4141361.66,2.16,24,2023-02-24,2025-02-13,True,Matured
FD0001400,CUS0006281,PRD-FD03,BR0029,1869100.54,2.32,24,2026-05-01,2028-04-20,True,Active
FD0001401,CUS0001373,PRD-FD02,BR0020,2884416.87,2.89,12,2022-05-05,2023-04-30,True,Active
FD0001402,CUS0006031,PRD-FD03,BR0018,2079247.16,1.48,24,2026-02-20,2028-02-10,False,Matured
FD0001403,CUS0005451,PRD-FD03,BR0021,4375442.2,1.24,24,2023-09-09,2025-08-29,False,Active
FD0001404,CUS0008013,PRD-FD02,BR0030,2798722.48,2.07,12,2022-11-07,2023-11-02,False,Matured
FD0001405,CUS0001241,PRD-FD01,BR0048,2236469.46,2.35,6,2022-04-08,2022-10-05,False,Active
FD0001406,CUS0002429,PRD-FD01,BR0017,4697729.71,1.71,6,2026-04-09,2026-10-06,True,Active
FD0001407,CUS0002638,PRD-FD01,BR0029,3201273.39,3.42,6,2025-05-20,2025-11-16,True,Active
FD0001408,CUS0007832,PRD-FD03,BR0014,2330709.83,2.86,24,2026-04-13,2028-04-02,True,Active
FD0001409,CUS0008890,PRD-FD02,BR0014,1828074.19,1.52,12,2023-05-03,2024-04-27,False,Active
FD0001410,CUS0004382,PRD-FD03,BR0022,3633098.53,3.07,24,2022-10-21,2024-10-10,True,Active
FD0001411,CUS0006095,PRD-FD01,BR0018,2705785.15,1.79,6,2024-10-12,2025-04-10,False,Matured
FD0001412,CUS0000363,PRD-FD01,BR0025,4358141.17,1.56,6,2025-02-04,2025-08-03,False,Active
FD0001413,CUS0004452,PRD-FD03,BR0011,2618866.93,3.35,24,2024-12-22,2026-12-12,True,Active
FD0001414,CUS0008963,PRD-FD03,BR0015,871948.35,3.26,24,2024-07-18,2026-07-08,False,Active
FD0001415,CUS0005146,PRD-FD02,BR0037,2468106.69,3.18,12,2025-12-28,2026-12-23,True,Active
FD0001416,CUS0005304,PRD-FD02,BR0044,1970927.63,2.42,12,2023-09-13,2024-09-07,True,Matured
FD0001417,CUS0009170,PRD-FD02,BR0029,541835.03,2.64,12,2025-01-09,2026-01-04,True,Active
FD0001418,CUS0005825,PRD-FD03,BR0037,1072054.64,3.18,24,2025-01-31,2027-01-21,False,Matured
FD0001419,CUS0008301,PRD-FD01,BR0003,4550263.25,3.28,6,2025-05-27,2025-11-23,True,Matured
FD0001420,CUS0005384,PRD-FD02,BR0035,4786409.6,1.95,12,2022-05-16,2023-05-11,False,Matured
FD0001421,CUS0001605,PRD-FD02,BR0001,541155.55,2.96,12,2022-03-23,2023-03-18,False,Active
FD0001422,CUS0001939,PRD-FD03,BR0030,3408469.97,2.71,24,2022-06-22,2024-06-11,False,Active
FD0001423,CUS0003670,PRD-FD02,BR0020,1293959.95,2.84,12,2022-05-17,2023-05-12,True,Active
FD0001424,CUS0001774,PRD-FD02,BR0001,2685450.19,2.16,12,2022-03-24,2023-03-19,True,Matured
FD0001425,CUS0001472,PRD-FD01,BR0049,1040292.31,2.34,6,2023-10-16,2024-04-13,True,Matured
FD0001426,CUS0009527,PRD-FD01,BR0009,1838993.42,1.44,6,2023-09-03,2024-03-01,True,Matured
FD0001427,CUS0004764,PRD-FD02,BR0031,2252817.58,2.68,12,2022-06-01,2023-05-27,True,Active
FD0001428,CUS0003221,PRD-FD02,BR0021,2105328.55,1.4,12,2024-03-21,2025-03-16,True,Matured
FD0001429,CUS0002424,PRD-FD02,BR0009,2681968.19,3.02,12,2024-08-13,2025-08-08,True,Active
FD0001430,CUS0000600,PRD-FD01,BR0027,4911128.93,3.17,6,2026-03-01,2026-08-28,False,Active
FD0001431,CUS0007696,PRD-FD02,BR0016,722174.69,1.44,12,2023-12-10,2024-12-04,False,Active
FD0001432,CUS0007068,PRD-FD03,BR0010,2150888.24,2.7,24,2025-08-22,2027-08-12,True,Active
FD0001433,CUS0005902,PRD-FD02,BR0045,3893976.31,2.01,12,2022-01-14,2023-01-09,False,Active
FD0001434,CUS0007486,PRD-FD01,BR0008,768680.75,1.4,6,2022-08-28,2023-02-24,False,Matured
FD0001435,CUS0009032,PRD-FD03,BR0008,4003648.41,2.65,24,2025-03-06,2027-02-24,False,Active
FD0001436,CUS0000196,PRD-FD02,BR0008,4802078.93,3.3,12,2026-03-13,2027-03-08,False,Matured
FD0001437,CUS0007361,PRD-FD03,BR0027,923587.92,1.4,24,2023-10-12,2025-10-01,True,Matured
FD0001438,CUS0009363,PRD-FD01,BR0019,2069612.41,3.0,6,2023-09-16,2024-03-14,False,Active
FD0001439,CUS0007042,PRD-FD01,BR0026,3529642.97,1.3,6,2025-11-09,2026-05-08,True,Matured
FD0001440,CUS0000392,PRD-FD03,BR0041,3679585.51,1.84,24,2025-06-03,2027-05-24,True,Active
FD0001441,CUS0003033,PRD-FD02,BR0046,4982539.01,2.2,12,2024-10-01,2025-09-26,True,Active
FD0001442,CUS0000339,PRD-FD01,BR0004,4320688.97,3.0,6,2025-06-15,2025-12-12,False,Active
FD0001443,CUS0005852,PRD-FD01,BR0042,4555474.01,2.66,6,2025-05-09,2025-11-05,True,Matured
FD0001444,CUS0002263,PRD-FD01,BR0044,1619428.83,2.36,6,2024-01-26,2024-07-24,False,Active
FD0001445,CUS0007378,PRD-FD01,BR0002,1300711.27,3.44,6,2025-07-07,2026-01-03,False,Active
FD0001446,CUS0002834,PRD-FD03,BR0001,2979205.99,3.04,24,2022-11-18,2024-11-07,False,Active
FD0001447,CUS0007812,PRD-FD01,BR0034,2948525.03,1.99,6,2023-06-25,2023-12-22,True,Active
FD0001448,CUS0000955,PRD-FD01,BR0021,1814138.71,2.38,6,2023-07-06,2024-01-02,False,Active
FD0001449,CUS0002442,PRD-FD02,BR0007,928339.41,1.26,12,2023-07-18,2024-07-12,True,Active
FD0001450,CUS0007203,PRD-FD03,BR0002,3318346.5,1.94,24,2023-12-04,2025-11-23,False,Active
FD0001451,CUS0000206,PRD-FD01,BR0006,3886080.84,1.27,6,2025-11-07,2026-05-06,False,Matured
FD0001452,CUS0006164,PRD-FD01,BR0010,4951571.3,2.06,6,2022-10-06,2023-04-04,True,Active
FD0001453,CUS0003426,PRD-FD03,BR0042,95466.27,2.26,24,2024-01-10,2025-12-30,False,Active
FD0001454,CUS0009072,PRD-FD01,BR0030,131056.04,2.76,6,2023-12-30,2024-06-27,False,Matured
FD0001455,CUS0009868,PRD-FD02,BR0036,4372829.88,2.41,12,2023-04-06,2024-03-31,True,Active
FD0001456,CUS0002905,PRD-FD03,BR0042,441332.33,3.2,24,2022-10-16,2024-10-05,False,Active
FD0001457,CUS0009000,PRD-FD01,BR0010,2375860.49,3.15,6,2025-05-09,2025-11-05,True,Matured
FD0001458,CUS0003437,PRD-FD02,BR0018,4361525.24,2.17,12,2023-03-20,2024-03-14,False,Active
FD0001459,CUS0004231,PRD-FD03,BR0035,4031430.81,1.63,24,2023-06-10,2025-05-30,False,Active
FD0001460,CUS0007631,PRD-FD03,BR0040,1470143.6,3.16,24,2024-07-14,2026-07-04,False,Active
FD0001461,CUS0008986,PRD-FD02,BR0042,1968716.49,2.97,12,2022-01-08,2023-01-03,False,Active
FD0001462,CUS0002326,PRD-FD03,BR0034,78666.07,1.24,24,2023-10-20,2025-10-09,False,Matured
FD0001463,CUS0005231,PRD-FD02,BR0021,3691734.56,2.5,12,2025-03-03,2026-02-26,True,Active
FD0001464,CUS0008475,PRD-FD03,BR0003,2403945.41,3.03,24,2025-07-20,2027-07-10,False,Matured
FD0001465,CUS0009032,PRD-FD02,BR0009,54101.79,2.11,12,2024-10-23,2025-10-18,False,Matured
FD0001466,CUS0009691,PRD-FD03,BR0024,4821825.72,3.28,24,2025-08-20,2027-08-10,True,Matured
FD0001467,CUS0004636,PRD-FD01,BR0020,250476.01,1.78,6,2024-05-15,2024-11-11,True,Active
FD0001468,CUS0001305,PRD-FD01,BR0039,3825473.93,2.91,6,2022-03-29,2022-09-25,True,Matured
FD0001469,CUS0000736,PRD-FD02,BR0036,702828.47,3.07,12,2022-12-16,2023-12-11,True,Active
FD0001470,CUS0000146,PRD-FD02,BR0031,3489116.59,2.77,12,2024-06-21,2025-06-16,True,Active
FD0001471,CUS0005828,PRD-FD01,BR0034,789063.36,2.9,6,2023-11-25,2024-05-23,True,Active
FD0001472,CUS0003850,PRD-FD03,BR0009,532774.51,1.7,24,2024-03-26,2026-03-16,True,Active
FD0001473,CUS0004283,PRD-FD03,BR0034,2272529.7,3.2,24,2022-11-14,2024-11-03,False,Matured
FD0001474,CUS0006913,PRD-FD03,BR0022,1830680.51,3.36,24,2023-10-10,2025-09-29,True,Active
FD0001475,CUS0009507,PRD-FD02,BR0035,4053462.83,3.08,12,2025-12-27,2026-12-22,False,Matured
FD0001476,CUS0001891,PRD-FD01,BR0002,4924591.55,2.49,6,2022-05-07,2022-11-03,False,Active
FD0001477,CUS0001060,PRD-FD03,BR0019,4636164.1,3.09,24,2023-04-18,2025-04-07,False,Active
FD0001478,CUS0008940,PRD-FD02,BR0040,4178033.92,1.7,12,2025-05-30,2026-05-25,False,Active
FD0001479,CUS0009225,PRD-FD02,BR0012,2762180.03,1.7,12,2023-09-05,2024-08-30,True,Active
FD0001480,CUS0007696,PRD-FD01,BR0031,2123362.04,1.6,6,2025-04-16,2025-10-13,False,Matured
FD0001481,CUS0002222,PRD-FD03,BR0033,3664561.0,2.89,24,2022-03-30,2024-03-19,True,Matured
FD0001482,CUS0000356,PRD-FD01,BR0015,4168992.39,2.31,6,2024-11-19,2025-05-18,True,Active
FD0001483,CUS0009035,PRD-FD02,BR0036,1631033.79,1.73,12,2022-03-02,2023-02-25,True,Active
FD0001484,CUS0004880,PRD-FD03,BR0004,4169338.72,2.58,24,2022-07-15,2024-07-04,True,Active
FD0001485,CUS0000647,PRD-FD01,BR0015,3049885.33,1.54,6,2022-12-27,2023-06-25,True,Matured
FD0001486,CUS0004542,PRD-FD03,BR0011,1250977.33,1.26,24,2023-08-20,2025-08-09,True,Active
FD0001487,CUS0005496,PRD-FD02,BR0010,3176325.36,1.46,12,2025-01-22,2026-01-17,True,Matured
FD0001488,CUS0009687,PRD-FD01,BR0046,2273564.22,2.17,6,2022-07-10,2023-01-06,True,Active
FD0001489,CUS0004123,PRD-FD01,BR0018,787243.39,2.63,6,2025-01-18,2025-07-17,False,Matured
FD0001490,CUS0007731,PRD-FD03,BR0040,4442670.56,3.1,24,2023-11-29,2025-11-18,True,Active
FD0001491,CUS0000788,PRD-FD01,BR0025,4862910.56,1.84,6,2024-07-28,2025-01-24,True,Active
FD0001492,CUS0007064,PRD-FD02,BR0021,1743624.68,2.61,12,2025-03-01,2026-02-24,True,Active
FD0001493,CUS0004270,PRD-FD03,BR0011,3904191.56,2.07,24,2024-12-01,2026-11-21,True,Matured
FD0001494,CUS0006233,PRD-FD02,BR0027,3347348.04,2.35,12,2024-11-22,2025-11-17,True,Active
FD0001495,CUS0001792,PRD-FD01,BR0008,457036.7,2.65,6,2023-01-15,2023-07-14,True,Matured
FD0001496,CUS0000751,PRD-FD03,BR0008,2280708.26,2.12,24,2024-02-25,2026-02-14,False,Active
FD0001497,CUS0004264,PRD-FD03,BR0049,672206.71,2.06,24,2022-12-15,2024-12-04,True,Active
FD0001498,CUS0006569,PRD-FD01,BR0003,1131546.17,3.29,6,2026-02-13,2026-08-12,True,Active
FD0001499,CUS0005049,PRD-FD03,BR0031,3275900.38,1.74,24,2024-04-28,2026-04-18,True,Active
FD0001500,CUS0007154,PRD-FD01,BR0003,2997926.69,3.16,6,2023-03-11,2023-09-07,False,Active
FD0001501,CUS0007117,PRD-FD02,BR0005,597350.46,2.86,12,2024-01-25,2025-01-19,True,Active
FD0001502,CUS0007455,PRD-FD02,BR0024,3949291.01,1.9,12,2025-05-12,2026-05-07,True,Active
FD0001503,CUS0004714,PRD-FD03,BR0033,122061.47,2.81,24,2022-03-05,2024-02-23,False,Active
FD0001504,CUS0003821,PRD-FD02,BR0026,2757160.16,2.05,12,2022-11-19,2023-11-14,True,Matured
FD0001505,CUS0003058,PRD-FD02,BR0015,4351612.95,1.62,12,2022-02-04,2023-01-30,False,Active
FD0001506,CUS0003049,PRD-FD03,BR0034,861445.65,2.64,24,2022-07-14,2024-07-03,True,Matured
FD0001507,CUS0006520,PRD-FD01,BR0034,1161333.96,1.86,6,2025-04-14,2025-10-11,False,Active
FD0001508,CUS0005116,PRD-FD03,BR0023,2725978.39,1.86,24,2022-11-02,2024-10-22,False,Active
FD0001509,CUS0003113,PRD-FD02,BR0019,4648778.5,2.26,12,2023-04-16,2024-04-10,False,Matured
FD0001510,CUS0007532,PRD-FD03,BR0025,3749053.7,2.86,24,2025-10-02,2027-09-22,True,Matured
FD0001511,CUS0004549,PRD-FD03,BR0014,2722003.62,3.13,24,2026-02-04,2028-01-25,True,Active
FD0001512,CUS0009365,PRD-FD03,BR0047,4857278.29,3.25,24,2024-07-04,2026-06-24,True,Active
FD0001513,CUS0006921,PRD-FD01,BR0013,2601410.61,1.65,6,2025-05-03,2025-10-30,False,Matured
FD0001514,CUS0009612,PRD-FD02,BR0028,2686710.32,2.6,12,2023-07-11,2024-07-05,True,Matured
FD0001515,CUS0004063,PRD-FD01,BR0041,3164122.35,1.41,6,2025-11-19,2026-05-18,True,Matured
FD0001516,CUS0009602,PRD-FD01,BR0041,2823007.31,3.02,6,2024-02-27,2024-08-25,True,Active
FD0001517,CUS0008845,PRD-FD02,BR0031,3689129.43,2.68,12,2025-09-06,2026-09-01,True,Active
FD0001518,CUS0007176,PRD-FD02,BR0015,3810079.78,2.72,12,2025-06-07,2026-06-02,True,Active
FD0001519,CUS0007678,PRD-FD03,BR0047,2075246.03,1.94,24,2022-10-20,2024-10-09,True,Active
FD0001520,CUS0007139,PRD-FD03,BR0041,2856703.53,2.15,24,2025-02-25,2027-02-15,True,Active
FD0001521,CUS0003616,PRD-FD01,BR0033,4403869.97,2.74,6,2025-04-28,2025-10-25,False,Active
FD0001522,CUS0005859,PRD-FD02,BR0019,903351.28,1.25,12,2024-01-23,2025-01-17,True,Matured
FD0001523,CUS0009921,PRD-FD03,BR0024,3752965.52,2.21,24,2024-01-06,2025-12-26,False,Active
FD0001524,CUS0003377,PRD-FD01,BR0027,1867138.39,2.12,6,2023-03-03,2023-08-30,False,Matured
FD0001525,CUS0005901,PRD-FD02,BR0042,1504983.28,2.37,12,2025-06-18,2026-06-13,True,Matured
FD0001526,CUS0008237,PRD-FD01,BR0022,937818.97,1.49,6,2022-10-05,2023-04-03,True,Matured
FD0001527,CUS0006411,PRD-FD01,BR0031,3991972.43,1.51,6,2022-07-04,2022-12-31,True,Active
FD0001528,CUS0005622,PRD-FD02,BR0018,739740.85,1.39,12,2025-01-08,2026-01-03,False,Matured
FD0001529,CUS0002705,PRD-FD01,BR0035,1213396.45,1.76,6,2025-09-26,2026-03-25,True,Active
FD0001530,CUS0007828,PRD-FD02,BR0031,1277460.79,2.17,12,2023-07-12,2024-07-06,True,Active
FD0001531,CUS0002227,PRD-FD01,BR0020,4261485.35,2.92,6,2023-04-13,2023-10-10,True,Active
FD0001532,CUS0002137,PRD-FD01,BR0047,2020821.38,2.34,6,2025-06-17,2025-12-14,True,Active
FD0001533,CUS0000666,PRD-FD02,BR0021,1466893.21,3.08,12,2025-12-25,2026-12-20,True,Matured
FD0001534,CUS0002350,PRD-FD02,BR0046,3531096.18,3.38,12,2023-11-23,2024-11-17,False,Matured
FD0001535,CUS0008394,PRD-FD01,BR0044,184123.53,1.67,6,2026-01-24,2026-07-23,True,Active
FD0001536,CUS0004883,PRD-FD02,BR0021,1947105.39,1.63,12,2022-03-01,2023-02-24,True,Matured
FD0001537,CUS0009241,PRD-FD01,BR0041,4337251.62,1.92,6,2022-06-18,2022-12-15,False,Matured
FD0001538,CUS0006294,PRD-FD03,BR0038,2037759.37,2.61,24,2024-11-17,2026-11-07,True,Matured
FD0001539,CUS0000294,PRD-FD03,BR0045,4435486.39,2.77,24,2025-10-22,2027-10-12,False,Active
FD0001540,CUS0005335,PRD-FD02,BR0003,4102269.28,1.81,12,2024-07-27,2025-07-22,True,Matured
FD0001541,CUS0007981,PRD-FD03,BR0011,3716553.23,2.02,24,2024-08-08,2026-07-29,True,Active
FD0001542,CUS0007371,PRD-FD02,BR0019,1299525.94,1.69,12,2022-02-27,2023-02-22,False,Matured
FD0001543,CUS0009592,PRD-FD03,BR0041,2230165.84,3.02,24,2022-02-06,2024-01-27,True,Active
FD0001544,CUS0009961,PRD-FD03,BR0010,1498768.51,1.73,24,2024-08-30,2026-08-20,True,Active
FD0001545,CUS0004804,PRD-FD03,BR0006,3712013.84,3.44,24,2025-06-22,2027-06-12,True,Active
FD0001546,CUS0003276,PRD-FD02,BR0041,3059924.4,1.31,12,2025-03-10,2026-03-05,True,Matured
FD0001547,CUS0000622,PRD-FD02,BR0011,902641.47,1.2,12,2023-04-17,2024-04-11,True,Matured
FD0001548,CUS0008961,PRD-FD01,BR0008,1665822.93,2.72,6,2022-08-20,2023-02-16,True,Active
FD0001549,CUS0000480,PRD-FD01,BR0042,1066927.73,1.87,6,2022-09-16,2023-03-15,True,Active
FD0001550,CUS0005300,PRD-FD02,BR0011,4048425.7,1.57,12,2022-01-01,2022-12-27,True,Active
FD0001551,CUS0004716,PRD-FD03,BR0006,4378626.25,2.3,24,2024-10-30,2026-10-20,True,Active
FD0001552,CUS0005605,PRD-FD03,BR0018,3277988.09,1.32,24,2024-08-29,2026-08-19,True,Matured
FD0001553,CUS0000086,PRD-FD02,BR0018,3392357.69,2.88,12,2023-12-16,2024-12-10,True,Active
FD0001554,CUS0001773,PRD-FD02,BR0016,1715959.69,2.21,12,2022-10-20,2023-10-15,False,Active
FD0001555,CUS0004799,PRD-FD01,BR0039,1023990.14,1.49,6,2022-02-03,2022-08-02,True,Matured
FD0001556,CUS0001192,PRD-FD01,BR0007,689502.3,2.75,6,2022-02-28,2022-08-27,True,Active
FD0001557,CUS0000188,PRD-FD02,BR0036,2078593.85,2.84,12,2024-02-01,2025-01-26,True,Active
FD0001558,CUS0002852,PRD-FD02,BR0004,4996113.94,2.88,12,2022-03-20,2023-03-15,False,Active
FD0001559,CUS0007446,PRD-FD01,BR0023,4012738.27,1.3,6,2025-12-22,2026-06-20,True,Active
FD0001560,CUS0007228,PRD-FD03,BR0033,271973.8,2.77,24,2025-01-10,2026-12-31,True,Active
FD0001561,CUS0002488,PRD-FD01,BR0048,3597784.7,3.37,6,2023-10-02,2024-03-30,True,Active
FD0001562,CUS0008210,PRD-FD02,BR0029,809074.66,3.12,12,2025-05-04,2026-04-29,False,Active
FD0001563,CUS0009531,PRD-FD01,BR0009,4702887.16,2.65,6,2024-11-21,2025-05-20,True,Matured
FD0001564,CUS0007952,PRD-FD03,BR0010,4862187.3,3.2,24,2024-06-13,2026-06-03,True,Active
FD0001565,CUS0000845,PRD-FD03,BR0023,1833654.76,2.13,24,2024-04-09,2026-03-30,False,Active
FD0001566,CUS0008024,PRD-FD03,BR0026,1486555.69,1.55,24,2023-10-27,2025-10-16,True,Active
FD0001567,CUS0007213,PRD-FD01,BR0043,1088042.11,2.58,6,2025-06-22,2025-12-19,True,Active
FD0001568,CUS0001666,PRD-FD03,BR0037,4286336.33,2.75,24,2023-10-17,2025-10-06,False,Active
FD0001569,CUS0004034,PRD-FD03,BR0039,2700082.78,2.73,24,2024-06-07,2026-05-28,False,Matured
FD0001570,CUS0003036,PRD-FD03,BR0033,113823.15,2.45,24,2023-10-14,2025-10-03,True,Matured
FD0001571,CUS0002328,PRD-FD03,BR0012,4190137.13,1.48,24,2024-08-29,2026-08-19,True,Active
FD0001572,CUS0006787,PRD-FD03,BR0006,461957.03,1.33,24,2026-03-19,2028-03-08,False,Active
FD0001573,CUS0009016,PRD-FD01,BR0041,3460456.91,1.49,6,2023-01-13,2023-07-12,False,Active
FD0001574,CUS0005904,PRD-FD03,BR0010,327179.5,1.94,24,2025-08-23,2027-08-13,False,Active
FD0001575,CUS0005906,PRD-FD01,BR0018,51038.98,1.53,6,2024-09-26,2025-03-25,True,Active
FD0001576,CUS0008391,PRD-FD03,BR0043,1713562.43,1.36,24,2022-05-11,2024-04-30,False,Active
FD0001577,CUS0000504,PRD-FD01,BR0022,4824354.56,2.91,6,2025-12-01,2026-05-30,True,Active
FD0001578,CUS0000788,PRD-FD02,BR0021,1598058.23,3.12,12,2023-03-09,2024-03-03,True,Matured
FD0001579,CUS0005941,PRD-FD01,BR0002,4020165.63,2.62,6,2023-04-19,2023-10-16,True,Active
FD0001580,CUS0001290,PRD-FD03,BR0005,3811611.3,1.88,24,2025-10-14,2027-10-04,True,Matured
FD0001581,CUS0001829,PRD-FD02,BR0026,4383263.26,1.2,12,2022-07-27,2023-07-22,False,Active
FD0001582,CUS0007336,PRD-FD02,BR0046,1166869.48,1.33,12,2023-12-13,2024-12-07,False,Matured
FD0001583,CUS0004125,PRD-FD01,BR0042,4972443.36,3.27,6,2023-11-03,2024-05-01,True,Active
FD0001584,CUS0001388,PRD-FD02,BR0046,3271135.03,1.22,12,2024-10-23,2025-10-18,True,Active
FD0001585,CUS0002130,PRD-FD03,BR0032,3369743.35,1.34,24,2024-04-30,2026-04-20,True,Active
FD0001586,CUS0005369,PRD-FD02,BR0018,4820676.72,2.22,12,2022-02-06,2023-02-01,True,Matured
FD0001587,CUS0006506,PRD-FD03,BR0021,4459885.81,3.43,24,2025-11-27,2027-11-17,True,Active
FD0001588,CUS0001501,PRD-FD01,BR0032,2538138.76,3.42,6,2022-04-25,2022-10-22,False,Active
FD0001589,CUS0008654,PRD-FD02,BR0019,3070487.15,2.4,12,2024-07-04,2025-06-29,False,Active
FD0001590,CUS0008870,PRD-FD01,BR0004,549439.46,2.75,6,2022-12-10,2023-06-08,True,Matured
FD0001591,CUS0008537,PRD-FD02,BR0043,771768.54,2.05,12,2024-01-15,2025-01-09,True,Matured
FD0001592,CUS0008824,PRD-FD03,BR0006,2680161.13,2.28,24,2024-06-18,2026-06-08,True,Active
FD0001593,CUS0004734,PRD-FD01,BR0023,3064741.43,2.83,6,2022-09-07,2023-03-06,True,Matured
FD0001594,CUS0003469,PRD-FD03,BR0030,2133511.06,2.95,24,2023-01-19,2025-01-08,False,Matured
FD0001595,CUS0009840,PRD-FD02,BR0019,2881501.15,2.13,12,2022-08-08,2023-08-03,True,Active
FD0001596,CUS0001747,PRD-FD03,BR0015,756063.51,1.55,24,2024-03-09,2026-02-27,True,Active
FD0001597,CUS0005940,PRD-FD02,BR0024,4027820.48,1.64,12,2024-04-08,2025-04-03,True,Active
FD0001598,CUS0009142,PRD-FD03,BR0020,2275220.95,3.18,24,2024-11-23,2026-11-13,True,Active
FD0001599,CUS0005202,PRD-FD01,BR0046,2978608.19,3.22,6,2023-01-21,2023-07-20,True,Active
FD0001600,CUS0001833,PRD-FD02,BR0032,3511532.65,2.86,12,2023-06-23,2024-06-17,True,Active
FD0001601,CUS0006660,PRD-FD02,BR0033,2621377.66,2.08,12,2022-01-11,2023-01-06,False,Matured
FD0001602,CUS0005967,PRD-FD02,BR0043,3077025.93,2.23,12,2023-12-24,2024-12-18,True,Matured
FD0001603,CUS0007934,PRD-FD02,BR0020,646066.31,2.18,12,2023-06-15,2024-06-09,True,Matured
FD0001604,CUS0004902,PRD-FD01,BR0003,1437900.95,1.52,6,2023-02-05,2023-08-04,True,Active
FD0001605,CUS0003404,PRD-FD03,BR0022,1047479.27,2.83,24,2025-03-03,2027-02-21,False,Active
FD0001606,CUS0004644,PRD-FD03,BR0039,1407934.39,3.31,24,2024-04-21,2026-04-11,True,Active
FD0001607,CUS0007293,PRD-FD02,BR0018,4314124.23,2.47,12,2023-09-28,2024-09-22,True,Matured
FD0001608,CUS0007516,PRD-FD03,BR0008,1679882.32,2.31,24,2025-09-20,2027-09-10,True,Active
FD0001609,CUS0004078,PRD-FD01,BR0041,670696.9,1.5,6,2024-03-15,2024-09-11,True,Active
FD0001610,CUS0009040,PRD-FD02,BR0023,4044049.63,2.58,12,2022-11-18,2023-11-13,False,Active
FD0001611,CUS0005462,PRD-FD02,BR0032,4601163.68,2.19,12,2024-04-04,2025-03-30,True,Active
FD0001612,CUS0004297,PRD-FD03,BR0044,3807545.62,2.73,24,2023-10-06,2025-09-25,True,Active
FD0001613,CUS0008355,PRD-FD01,BR0009,174680.27,2.52,6,2022-08-25,2023-02-21,False,Active
FD0001614,CUS0001102,PRD-FD03,BR0013,2198466.44,3.47,24,2026-02-25,2028-02-15,True,Active
FD0001615,CUS0009643,PRD-FD02,BR0050,2786902.73,3.01,12,2025-04-28,2026-04-23,True,Active
FD0001616,CUS0005877,PRD-FD03,BR0029,2216197.52,1.81,24,2022-07-24,2024-07-13,False,Active
FD0001617,CUS0009928,PRD-FD03,BR0010,4056307.55,2.91,24,2022-05-03,2024-04-22,True,Active
FD0001618,CUS0008403,PRD-FD01,BR0003,3186270.04,1.78,6,2025-12-01,2026-05-30,False,Matured
FD0001619,CUS0008098,PRD-FD01,BR0039,4391933.16,3.38,6,2025-12-11,2026-06-09,True,Active
FD0001620,CUS0001627,PRD-FD02,BR0007,3147727.98,1.69,12,2025-07-19,2026-07-14,True,Matured
FD0001621,CUS0004826,PRD-FD01,BR0008,830717.84,1.88,6,2023-11-01,2024-04-29,True,Active
FD0001622,CUS0008141,PRD-FD02,BR0048,3970080.07,1.87,12,2024-02-06,2025-01-31,True,Matured
FD0001623,CUS0000821,PRD-FD02,BR0004,98996.14,1.4,12,2025-12-20,2026-12-15,True,Active
FD0001624,CUS0004573,PRD-FD02,BR0038,4175726.79,2.31,12,2025-07-28,2026-07-23,True,Active
FD0001625,CUS0001521,PRD-FD02,BR0007,1004044.34,1.26,12,2022-01-31,2023-01-26,False,Matured
FD0001626,CUS0005138,PRD-FD03,BR0017,2369176.86,2.28,24,2023-07-02,2025-06-21,True,Matured
FD0001627,CUS0000732,PRD-FD01,BR0011,1224552.46,2.29,6,2023-11-26,2024-05-24,True,Active
FD0001628,CUS0005933,PRD-FD02,BR0019,1123911.57,3.36,12,2024-01-10,2025-01-04,True,Active
FD0001629,CUS0002196,PRD-FD03,BR0017,2648084.98,1.51,24,2025-08-01,2027-07-22,False,Active
FD0001630,CUS0003491,PRD-FD01,BR0005,2467540.83,2.59,6,2024-11-19,2025-05-18,False,Matured
FD0001631,CUS0001303,PRD-FD03,BR0035,381335.11,2.01,24,2022-10-13,2024-10-02,True,Matured
FD0001632,CUS0003270,PRD-FD02,BR0048,3604584.28,1.38,12,2026-04-01,2027-03-27,True,Active
FD0001633,CUS0009591,PRD-FD03,BR0041,4594423.35,2.59,24,2024-01-16,2026-01-05,False,Active
FD0001634,CUS0006795,PRD-FD01,BR0046,4630287.39,3.1,6,2022-03-16,2022-09-12,False,Active
FD0001635,CUS0007678,PRD-FD02,BR0015,476520.59,2.9,12,2024-05-29,2025-05-24,True,Active
FD0001636,CUS0001319,PRD-FD01,BR0009,1369528.08,2.43,6,2023-08-04,2024-01-31,False,Matured
FD0001637,CUS0002810,PRD-FD01,BR0022,395030.86,2.57,6,2025-05-26,2025-11-22,False,Active
FD0001638,CUS0003422,PRD-FD01,BR0008,4761314.02,1.87,6,2025-09-27,2026-03-26,False,Matured
FD0001639,CUS0005473,PRD-FD01,BR0008,2899901.65,3.37,6,2026-04-07,2026-10-04,True,Active
FD0001640,CUS0002497,PRD-FD03,BR0025,1532185.12,3.5,24,2023-10-21,2025-10-10,False,Active
FD0001641,CUS0004397,PRD-FD01,BR0016,3287692.31,2.96,6,2025-11-22,2026-05-21,False,Matured
FD0001642,CUS0008412,PRD-FD02,BR0006,380390.65,1.98,12,2024-08-20,2025-08-15,True,Active
FD0001643,CUS0004047,PRD-FD03,BR0040,4333144.48,3.31,24,2025-10-20,2027-10-10,False,Active
FD0001644,CUS0001496,PRD-FD03,BR0038,1561027.31,1.68,24,2024-12-11,2026-12-01,True,Matured
FD0001645,CUS0003314,PRD-FD02,BR0036,4259937.92,2.21,12,2022-11-29,2023-11-24,True,Active
FD0001646,CUS0001301,PRD-FD02,BR0028,3074751.27,1.62,12,2024-02-14,2025-02-08,True,Matured
FD0001647,CUS0006921,PRD-FD02,BR0040,4517419.18,2.39,12,2026-02-24,2027-02-19,False,Matured
FD0001648,CUS0009663,PRD-FD03,BR0030,4236486.49,3.2,24,2023-09-07,2025-08-27,True,Active
FD0001649,CUS0000338,PRD-FD01,BR0024,3811494.27,2.66,6,2023-01-22,2023-07-21,True,Active
FD0001650,CUS0009554,PRD-FD01,BR0023,2608869.15,3.18,6,2026-04-30,2026-10-27,True,Active
FD0001651,CUS0004827,PRD-FD01,BR0004,4029081.43,1.41,6,2025-12-09,2026-06-07,False,Matured
FD0001652,CUS0006827,PRD-FD02,BR0036,2024205.64,2.38,12,2025-07-26,2026-07-21,True,Active
FD0001653,CUS0002822,PRD-FD01,BR0014,3812957.81,3.13,6,2025-04-08,2025-10-05,True,Active
FD0001654,CUS0009369,PRD-FD02,BR0020,2073392.77,2.0,12,2026-03-24,2027-03-19,False,Active
FD0001655,CUS0005790,PRD-FD03,BR0033,1876720.69,2.75,24,2026-01-11,2028-01-01,True,Active
FD0001656,CUS0005517,PRD-FD03,BR0026,2005464.59,1.47,24,2022-11-20,2024-11-09,True,Active
FD0001657,CUS0006736,PRD-FD01,BR0048,370530.66,3.42,6,2025-12-13,2026-06-11,False,Active
FD0001658,CUS0003033,PRD-FD03,BR0001,4433968.38,2.51,24,2023-09-09,2025-08-29,False,Active
FD0001659,CUS0000302,PRD-FD01,BR0046,4623456.67,1.31,6,2023-01-27,2023-07-26,True,Active
FD0001660,CUS0006689,PRD-FD02,BR0001,3772111.16,2.81,12,2024-02-14,2025-02-08,True,Matured
FD0001661,CUS0002859,PRD-FD03,BR0005,2741663.83,3.22,24,2025-04-25,2027-04-15,False,Active
FD0001662,CUS0004876,PRD-FD02,BR0043,3207691.41,3.39,12,2024-08-03,2025-07-29,True,Matured
FD0001663,CUS0001571,PRD-FD03,BR0022,1809100.13,3.16,24,2025-04-21,2027-04-11,True,Matured
FD0001664,CUS0007655,PRD-FD02,BR0004,1598214.48,2.74,12,2024-10-26,2025-10-21,False,Active
FD0001665,CUS0003259,PRD-FD02,BR0050,3638476.22,3.26,12,2024-11-27,2025-11-22,True,Active
FD0001666,CUS0009906,PRD-FD02,BR0007,1628089.39,3.34,12,2022-02-21,2023-02-16,False,Matured
FD0001667,CUS0001639,PRD-FD03,BR0037,2249241.51,1.77,24,2024-02-16,2026-02-05,True,Matured
FD0001668,CUS0005140,PRD-FD01,BR0006,3182316.05,2.62,6,2025-02-24,2025-08-23,True,Active
FD0001669,CUS0005267,PRD-FD03,BR0034,4476924.83,3.24,24,2024-10-01,2026-09-21,True,Active
FD0001670,CUS0002847,PRD-FD02,BR0045,4893215.67,1.53,12,2023-02-16,2024-02-11,True,Matured
FD0001671,CUS0000021,PRD-FD02,BR0039,220225.59,2.66,12,2024-01-01,2024-12-26,True,Matured
FD0001672,CUS0009634,PRD-FD02,BR0019,1916677.62,1.24,12,2024-10-27,2025-10-22,False,Active
FD0001673,CUS0002808,PRD-FD01,BR0044,3611023.57,2.89,6,2023-04-08,2023-10-05,False,Active
FD0001674,CUS0006904,PRD-FD02,BR0042,290345.21,2.05,12,2023-06-11,2024-06-05,False,Active
FD0001675,CUS0002375,PRD-FD01,BR0031,4318058.33,3.41,6,2024-10-09,2025-04-07,False,Active
FD0001676,CUS0009886,PRD-FD02,BR0032,1251092.83,2.73,12,2024-09-19,2025-09-14,False,Matured
FD0001677,CUS0008299,PRD-FD01,BR0002,1691799.85,2.29,6,2023-03-04,2023-08-31,True,Matured
FD0001678,CUS0004293,PRD-FD03,BR0009,4014538.91,2.59,24,2024-07-14,2026-07-04,True,Active
FD0001679,CUS0009198,PRD-FD03,BR0032,4533838.24,3.11,24,2023-02-27,2025-02-16,False,Matured
FD0001680,CUS0005908,PRD-FD02,BR0011,1348155.7,2.59,12,2026-01-13,2027-01-08,True,Active
FD0001681,CUS0005666,PRD-FD03,BR0031,1558582.51,1.72,24,2024-11-29,2026-11-19,True,Active
FD0001682,CUS0008705,PRD-FD03,BR0038,2911059.92,3.12,24,2024-01-31,2026-01-20,False,Active
FD0001683,CUS0006991,PRD-FD01,BR0030,4446658.29,2.18,6,2023-09-30,2024-03-28,False,Active
FD0001684,CUS0007780,PRD-FD02,BR0004,2211246.77,2.51,12,2025-04-23,2026-04-18,True,Active
FD0001685,CUS0004201,PRD-FD02,BR0029,1946387.37,3.14,12,2025-09-16,2026-09-11,True,Active
FD0001686,CUS0001246,PRD-FD03,BR0005,1165011.07,1.41,24,2025-10-06,2027-09-26,True,Active
FD0001687,CUS0008831,PRD-FD03,BR0040,1575633.41,2.66,24,2023-10-30,2025-10-19,True,Matured
FD0001688,CUS0005095,PRD-FD02,BR0019,2709046.06,1.58,12,2023-01-03,2023-12-29,True,Active
FD0001689,CUS0008271,PRD-FD02,BR0007,1198310.61,1.21,12,2025-11-14,2026-11-09,False,Matured
FD0001690,CUS0001904,PRD-FD01,BR0023,2344249.78,1.71,6,2024-02-06,2024-08-04,True,Matured
FD0001691,CUS0002074,PRD-FD02,BR0032,1282494.47,3.21,12,2025-01-12,2026-01-07,True,Active
FD0001692,CUS0004057,PRD-FD03,BR0018,541209.65,3.21,24,2026-01-28,2028-01-18,True,Active
FD0001693,CUS0007564,PRD-FD02,BR0022,2809737.57,2.63,12,2024-10-04,2025-09-29,True,Active
FD0001694,CUS0003791,PRD-FD01,BR0024,2475178.15,2.42,6,2022-11-03,2023-05-02,True,Active
FD0001695,CUS0001723,PRD-FD01,BR0050,3643426.34,2.11,6,2024-05-04,2024-10-31,False,Matured
FD0001696,CUS0000370,PRD-FD02,BR0012,4328245.67,2.09,12,2025-11-25,2026-11-20,True,Active
FD0001697,CUS0000406,PRD-FD01,BR0048,3006872.54,2.97,6,2024-10-13,2025-04-11,False,Active
FD0001698,CUS0008781,PRD-FD01,BR0040,2531515.93,2.74,6,2025-10-11,2026-04-09,True,Active
FD0001699,CUS0001105,PRD-FD03,BR0010,2913672.17,1.7,24,2023-06-12,2025-06-01,True,Active
FD0001700,CUS0009456,PRD-FD02,BR0020,2490712.42,1.28,12,2024-03-26,2025-03-21,True,Matured
FD0001701,CUS0007451,PRD-FD01,BR0025,1211081.85,2.01,6,2022-01-24,2022-07-23,True,Active
FD0001702,CUS0004681,PRD-FD01,BR0036,4424942.53,1.77,6,2022-08-02,2023-01-29,True,Active
FD0001703,CUS0008399,PRD-FD02,BR0041,2050749.62,3.32,12,2025-11-10,2026-11-05,True,Active
FD0001704,CUS0007820,PRD-FD03,BR0041,2155155.89,1.55,24,2026-03-29,2028-03-18,False,Active
FD0001705,CUS0007281,PRD-FD03,BR0029,3953505.09,3.08,24,2025-10-07,2027-09-27,True,Matured
FD0001706,CUS0002735,PRD-FD03,BR0029,3668545.85,2.34,24,2025-10-24,2027-10-14,True,Active
FD0001707,CUS0006120,PRD-FD02,BR0043,1279106.23,2.83,12,2022-11-14,2023-11-09,True,Matured
FD0001708,CUS0007820,PRD-FD02,BR0043,3468474.72,3.33,12,2023-09-27,2024-09-21,True,Active
FD0001709,CUS0002765,PRD-FD02,BR0036,158661.91,3.47,12,2023-05-25,2024-05-19,True,Active
FD0001710,CUS0007572,PRD-FD01,BR0038,3161326.53,1.27,6,2025-02-22,2025-08-21,True,Active
FD0001711,CUS0001074,PRD-FD02,BR0024,4612623.83,2.58,12,2022-07-19,2023-07-14,False,Active
FD0001712,CUS0005717,PRD-FD02,BR0032,4804221.04,1.97,12,2023-09-04,2024-08-29,True,Matured
FD0001713,CUS0003128,PRD-FD03,BR0047,3472325.94,2.46,24,2023-08-24,2025-08-13,False,Matured
FD0001714,CUS0004831,PRD-FD02,BR0036,803798.63,2.87,12,2023-04-14,2024-04-08,False,Active
FD0001715,CUS0001281,PRD-FD02,BR0040,2005003.29,3.23,12,2023-05-30,2024-05-24,False,Active
FD0001716,CUS0006778,PRD-FD02,BR0030,3260372.3,1.48,12,2022-09-01,2023-08-27,True,Active
FD0001717,CUS0003353,PRD-FD03,BR0029,2054983.83,3.37,24,2026-04-29,2028-04-18,True,Active
FD0001718,CUS0005721,PRD-FD01,BR0048,1557835.21,2.29,6,2022-05-10,2022-11-06,True,Matured
FD0001719,CUS0008086,PRD-FD02,BR0039,2453156.84,1.98,12,2022-11-03,2023-10-29,True,Matured
FD0001720,CUS0006031,PRD-FD02,BR0008,301724.63,3.35,12,2026-02-12,2027-02-07,False,Active
FD0001721,CUS0007752,PRD-FD01,BR0007,4521500.37,2.01,6,2023-04-17,2023-10-14,True,Active
FD0001722,CUS0005390,PRD-FD01,BR0023,1647548.92,2.08,6,2025-08-15,2026-02-11,True,Matured
FD0001723,CUS0002931,PRD-FD01,BR0005,1767521.1,2.27,6,2022-04-08,2022-10-05,True,Active
FD0001724,CUS0000881,PRD-FD02,BR0012,4276160.25,3.43,12,2024-05-13,2025-05-08,False,Active
FD0001725,CUS0002059,PRD-FD01,BR0021,1033954.59,1.74,6,2022-12-09,2023-06-07,False,Active
FD0001726,CUS0002211,PRD-FD03,BR0038,2504477.43,2.47,24,2022-04-16,2024-04-05,True,Active
FD0001727,CUS0002119,PRD-FD01,BR0008,626119.26,3.3,6,2023-08-23,2024-02-19,False,Matured
FD0001728,CUS0000760,PRD-FD01,BR0012,659228.01,1.64,6,2026-01-23,2026-07-22,False,Matured
FD0001729,CUS0004069,PRD-FD02,BR0014,1497739.24,1.27,12,2022-03-21,2023-03-16,True,Matured
FD0001730,CUS0006058,PRD-FD03,BR0032,2597107.74,3.27,24,2024-04-07,2026-03-28,True,Active
FD0001731,CUS0001606,PRD-FD03,BR0039,1383359.22,1.78,24,2024-09-06,2026-08-27,False,Active
FD0001732,CUS0007619,PRD-FD03,BR0023,494178.44,2.98,24,2024-10-04,2026-09-24,True,Active
FD0001733,CUS0009754,PRD-FD02,BR0047,2163586.02,2.42,12,2025-11-22,2026-11-17,False,Active
FD0001734,CUS0001525,PRD-FD03,BR0026,4765702.89,1.97,24,2022-06-15,2024-06-04,True,Active
FD0001735,CUS0002823,PRD-FD02,BR0031,1537929.81,3.37,12,2025-10-20,2026-10-15,True,Matured
FD0001736,CUS0004659,PRD-FD02,BR0002,1147965.61,2.69,12,2024-03-06,2025-03-01,False,Active
FD0001737,CUS0006433,PRD-FD02,BR0037,3867423.61,1.76,12,2026-03-11,2027-03-06,True,Active
FD0001738,CUS0008936,PRD-FD01,BR0009,3235471.86,2.52,6,2025-02-09,2025-08-08,True,Active
FD0001739,CUS0001235,PRD-FD02,BR0002,1180853.67,1.47,12,2025-01-15,2026-01-10,True,Active
FD0001740,CUS0001301,PRD-FD02,BR0018,608664.09,2.23,12,2023-02-25,2024-02-20,False,Active
FD0001741,CUS0004387,PRD-FD01,BR0028,2343592.29,1.66,6,2024-06-30,2024-12-27,True,Active
FD0001742,CUS0000730,PRD-FD03,BR0009,251983.49,3.35,24,2025-03-13,2027-03-03,False,Active
FD0001743,CUS0001721,PRD-FD01,BR0037,1654267.2,3.24,6,2025-05-20,2025-11-16,False,Active
FD0001744,CUS0001824,PRD-FD01,BR0036,4161164.87,3.24,6,2025-10-02,2026-03-31,False,Active
FD0001745,CUS0005037,PRD-FD01,BR0050,1095473.97,2.06,6,2023-05-03,2023-10-30,True,Active
FD0001746,CUS0003981,PRD-FD01,BR0050,2538271.69,2.93,6,2024-11-26,2025-05-25,True,Active
FD0001747,CUS0000556,PRD-FD03,BR0048,4548042.29,2.99,24,2022-09-27,2024-09-16,True,Matured
FD0001748,CUS0006127,PRD-FD02,BR0037,1898062.77,1.6,12,2025-06-21,2026-06-16,True,Active
FD0001749,CUS0007616,PRD-FD03,BR0044,4842499.51,2.95,24,2026-01-24,2028-01-14,False,Active
FD0001750,CUS0001428,PRD-FD03,BR0019,4885032.36,2.45,24,2025-11-06,2027-10-27,True,Active
FD0001751,CUS0003900,PRD-FD02,BR0028,3789477.24,2.99,12,2022-01-24,2023-01-19,True,Active
FD0001752,CUS0003398,PRD-FD03,BR0024,4537845.0,2.84,24,2022-08-04,2024-07-24,False,Active
FD0001753,CUS0002058,PRD-FD03,BR0002,3637354.57,3.44,24,2025-11-04,2027-10-25,True,Active
FD0001754,CUS0001924,PRD-FD02,BR0018,4312237.23,1.22,12,2022-05-02,2023-04-27,False,Matured
FD0001755,CUS0001977,PRD-FD02,BR0002,2373144.76,3.15,12,2026-02-15,2027-02-10,True,Matured
FD0001756,CUS0005502,PRD-FD02,BR0048,1418834.88,3.1,12,2024-09-14,2025-09-09,True,Active
FD0001757,CUS0006193,PRD-FD01,BR0032,2830427.72,2.93,6,2025-04-23,2025-10-20,False,Active
FD0001758,CUS0003965,PRD-FD01,BR0032,4169933.02,2.78,6,2022-03-24,2022-09-20,False,Matured
FD0001759,CUS0008764,PRD-FD01,BR0024,127393.39,1.49,6,2023-07-12,2024-01-08,False,Active
FD0001760,CUS0002886,PRD-FD01,BR0026,438762.32,1.48,6,2023-09-01,2024-02-28,False,Active
FD0001761,CUS0006747,PRD-FD01,BR0013,4940538.62,2.59,6,2022-03-08,2022-09-04,False,Active
FD0001762,CUS0006615,PRD-FD01,BR0026,149867.03,3.26,6,2024-09-27,2025-03-26,True,Active
FD0001763,CUS0002327,PRD-FD03,BR0023,2691443.12,2.12,24,2025-04-24,2027-04-14,True,Active
FD0001764,CUS0006822,PRD-FD03,BR0012,1701097.82,2.76,24,2025-11-29,2027-11-19,True,Matured
FD0001765,CUS0000051,PRD-FD03,BR0049,227412.16,2.26,24,2022-01-13,2024-01-03,False,Matured
FD0001766,CUS0008606,PRD-FD01,BR0045,2931744.87,2.33,6,2023-04-21,2023-10-18,True,Matured
FD0001767,CUS0003199,PRD-FD02,BR0015,1786142.32,1.78,12,2024-09-07,2025-09-02,True,Matured
FD0001768,CUS0000893,PRD-FD03,BR0018,4690417.06,3.01,24,2024-05-04,2026-04-24,True,Matured
FD0001769,CUS0009961,PRD-FD03,BR0012,3583856.22,1.5,24,2024-01-10,2025-12-30,True,Active
FD0001770,CUS0000716,PRD-FD02,BR0002,4879253.7,1.99,12,2022-06-20,2023-06-15,False,Active
FD0001771,CUS0003963,PRD-FD01,BR0033,4181728.21,1.24,6,2025-10-22,2026-04-20,True,Active
FD0001772,CUS0006764,PRD-FD01,BR0019,495456.17,2.3,6,2023-03-27,2023-09-23,True,Active
FD0001773,CUS0005897,PRD-FD02,BR0039,2397977.41,2.13,12,2025-07-05,2026-06-30,True,Active
FD0001774,CUS0000871,PRD-FD01,BR0031,2254702.24,2.39,6,2023-01-05,2023-07-04,True,Active
FD0001775,CUS0002101,PRD-FD01,BR0040,1221976.37,2.03,6,2024-09-21,2025-03-20,True,Matured
FD0001776,CUS0009352,PRD-FD01,BR0020,1733883.07,1.97,6,2022-04-24,2022-10-21,False,Active
FD0001777,CUS0005031,PRD-FD02,BR0033,1592574.77,1.25,12,2026-04-25,2027-04-20,True,Active
FD0001778,CUS0006761,PRD-FD01,BR0030,1941073.78,2.25,6,2022-07-28,2023-01-24,False,Active
FD0001779,CUS0001149,PRD-FD02,BR0034,3257618.59,2.23,12,2023-03-03,2024-02-26,True,Matured
FD0001780,CUS0003529,PRD-FD03,BR0009,2256072.8,2.79,24,2025-02-03,2027-01-24,True,Active
FD0001781,CUS0009688,PRD-FD03,BR0010,1286596.44,2.84,24,2022-09-08,2024-08-28,True,Active
FD0001782,CUS0005782,PRD-FD02,BR0043,4131470.36,2.66,12,2024-02-17,2025-02-11,False,Matured
FD0001783,CUS0004929,PRD-FD03,BR0037,4355775.24,2.43,24,2026-02-06,2028-01-27,False,Matured
FD0001784,CUS0003426,PRD-FD03,BR0050,4005260.13,2.81,24,2023-07-13,2025-07-02,True,Active
FD0001785,CUS0009128,PRD-FD01,BR0015,101214.4,2.79,6,2024-07-10,2025-01-06,True,Active
FD0001786,CUS0009956,PRD-FD03,BR0009,2262050.74,3.36,24,2025-11-10,2027-10-31,True,Active
FD0001787,CUS0009303,PRD-FD01,BR0042,4060521.55,1.94,6,2025-02-03,2025-08-02,True,Active
FD0001788,CUS0007342,PRD-FD01,BR0033,2199535.12,1.69,6,2024-01-11,2024-07-09,True,Matured
FD0001789,CUS0009731,PRD-FD02,BR0027,2272312.04,2.82,12,2022-04-05,2023-03-31,False,Active
FD0001790,CUS0004577,PRD-FD02,BR0045,2509757.89,1.9,12,2026-01-05,2026-12-31,True,Active
FD0001791,CUS0002730,PRD-FD02,BR0049,4583424.12,1.81,12,2025-08-09,2026-08-04,False,Active
FD0001792,CUS0007272,PRD-FD03,BR0043,973358.66,3.37,24,2024-08-30,2026-08-20,False,Matured
FD0001793,CUS0004789,PRD-FD03,BR0026,86307.69,1.84,24,2023-02-07,2025-01-27,True,Matured
FD0001794,CUS0000712,PRD-FD01,BR0026,4137722.24,3.15,6,2022-03-16,2022-09-12,False,Active
FD0001795,CUS0008708,PRD-FD03,BR0047,790251.29,2.13,24,2023-11-30,2025-11-19,True,Active
FD0001796,CUS0003005,PRD-FD03,BR0023,3521826.91,3.38,24,2024-05-28,2026-05-18,True,Matured
FD0001797,CUS0006004,PRD-FD02,BR0024,2874504.17,2.36,12,2025-08-08,2026-08-03,False,Active
FD0001798,CUS0006409,PRD-FD01,BR0003,4395502.34,2.35,6,2024-04-25,2024-10-22,True,Matured
FD0001799,CUS0001838,PRD-FD02,BR0026,2038956.7,3.18,12,2024-07-19,2025-07-14,False,Matured
FD0001800,CUS0008222,PRD-FD02,BR0024,2186376.36,3.15,12,2025-12-04,2026-11-29,True,Matured
FD0001801,CUS0007739,PRD-FD03,BR0050,135025.09,2.48,24,2025-05-02,2027-04-22,True,Matured
FD0001802,CUS0001229,PRD-FD03,BR0035,454812.23,2.49,24,2025-05-28,2027-05-18,False,Matured
FD0001803,CUS0004978,PRD-FD02,BR0039,3865857.47,1.3,12,2026-01-21,2027-01-16,False,Active
FD0001804,CUS0006327,PRD-FD02,BR0006,1884762.13,2.79,12,2022-08-04,2023-07-30,False,Matured
FD0001805,CUS0006564,PRD-FD03,BR0027,3313722.03,2.01,24,2023-06-08,2025-05-28,True,Active
FD0001806,CUS0002089,PRD-FD03,BR0014,161611.6,2.78,24,2025-02-08,2027-01-29,True,Matured
FD0001807,CUS0006996,PRD-FD01,BR0031,3375124.78,2.13,6,2025-09-05,2026-03-04,False,Active
FD0001808,CUS0004469,PRD-FD03,BR0044,3783340.89,2.69,24,2022-12-23,2024-12-12,False,Matured
FD0001809,CUS0002459,PRD-FD03,BR0031,891524.57,2.49,24,2023-08-30,2025-08-19,False,Active
FD0001810,CUS0004255,PRD-FD03,BR0048,2800994.71,1.5,24,2025-05-18,2027-05-08,True,Active
FD0001811,CUS0006149,PRD-FD03,BR0003,3652488.24,2.61,24,2022-08-28,2024-08-17,True,Matured
FD0001812,CUS0005972,PRD-FD02,BR0031,1961140.0,3.17,12,2024-02-21,2025-02-15,True,Active
FD0001813,CUS0003540,PRD-FD02,BR0011,2290584.7,3.43,12,2022-12-12,2023-12-07,False,Active
FD0001814,CUS0000460,PRD-FD02,BR0016,4209952.34,1.65,12,2022-11-24,2023-11-19,True,Active
FD0001815,CUS0003749,PRD-FD02,BR0031,2465463.67,2.53,12,2023-02-05,2024-01-31,True,Active
FD0001816,CUS0008744,PRD-FD02,BR0036,1597649.49,1.59,12,2022-01-04,2022-12-30,True,Active
FD0001817,CUS0001817,PRD-FD02,BR0039,3943588.77,1.93,12,2024-09-30,2025-09-25,True,Active
FD0001818,CUS0003927,PRD-FD01,BR0021,4769036.91,1.91,6,2022-12-24,2023-06-22,True,Active
FD0001819,CUS0008564,PRD-FD02,BR0011,4223732.44,1.66,12,2025-08-04,2026-07-30,False,Active
FD0001820,CUS0009371,PRD-FD02,BR0009,1125006.48,1.94,12,2025-01-09,2026-01-04,True,Matured
FD0001821,CUS0008326,PRD-FD03,BR0044,4020156.83,1.25,24,2024-10-13,2026-10-03,True,Active
FD0001822,CUS0008070,PRD-FD01,BR0014,1408796.71,2.77,6,2023-08-16,2024-02-12,True,Active
FD0001823,CUS0004147,PRD-FD02,BR0038,623056.53,2.11,12,2024-02-06,2025-01-31,True,Matured
FD0001824,CUS0006996,PRD-FD01,BR0018,909024.59,2.2,6,2022-04-27,2022-10-24,False,Active
FD0001825,CUS0001614,PRD-FD02,BR0005,4561605.36,2.74,12,2025-07-04,2026-06-29,True,Matured
FD0001826,CUS0001495,PRD-FD02,BR0048,3593858.13,2.11,12,2022-03-08,2023-03-03,True,Active
FD0001827,CUS0007202,PRD-FD02,BR0002,2501443.3,1.76,12,2023-03-21,2024-03-15,True,Active
FD0001828,CUS0007002,PRD-FD01,BR0024,3061643.06,3.06,6,2023-07-16,2024-01-12,True,Matured
FD0001829,CUS0001646,PRD-FD03,BR0023,818596.67,2.25,24,2024-05-20,2026-05-10,True,Active
FD0001830,CUS0007470,PRD-FD02,BR0041,4101969.94,3.14,12,2024-12-02,2025-11-27,True,Active
FD0001831,CUS0006460,PRD-FD01,BR0034,4042739.48,2.69,6,2026-03-07,2026-09-03,True,Matured
FD0001832,CUS0005230,PRD-FD01,BR0017,2955135.23,1.48,6,2022-07-23,2023-01-19,False,Active
FD0001833,CUS0009486,PRD-FD02,BR0037,4369772.08,2.84,12,2025-11-14,2026-11-09,True,Active
FD0001834,CUS0008709,PRD-FD01,BR0047,637600.42,1.92,6,2024-12-23,2025-06-21,True,Active
FD0001835,CUS0006443,PRD-FD03,BR0017,4237081.19,2.6,24,2025-03-20,2027-03-10,False,Matured
FD0001836,CUS0005363,PRD-FD01,BR0048,205320.07,2.21,6,2022-09-16,2023-03-15,False,Active
FD0001837,CUS0004143,PRD-FD01,BR0025,151694.42,2.27,6,2024-04-27,2024-10-24,True,Matured
FD0001838,CUS0009051,PRD-FD02,BR0034,2330778.61,2.64,12,2022-06-02,2023-05-28,False,Matured
FD0001839,CUS0000416,PRD-FD01,BR0035,4533973.46,1.38,6,2022-02-14,2022-08-13,False,Matured
FD0001840,CUS0007138,PRD-FD01,BR0007,3926986.61,1.87,6,2024-05-10,2024-11-06,False,Active
FD0001841,CUS0004148,PRD-FD02,BR0013,3781456.56,2.76,12,2025-06-26,2026-06-21,True,Active
FD0001842,CUS0004793,PRD-FD03,BR0029,4187448.16,1.34,24,2024-07-26,2026-07-16,False,Active
FD0001843,CUS0009590,PRD-FD03,BR0005,3045998.21,2.56,24,2022-07-19,2024-07-08,True,Matured
FD0001844,CUS0009227,PRD-FD02,BR0042,2500518.21,2.12,12,2022-09-22,2023-09-17,False,Active
FD0001845,CUS0008972,PRD-FD02,BR0036,3540105.11,3.27,12,2024-12-07,2025-12-02,False,Active
FD0001846,CUS0000601,PRD-FD01,BR0050,4995033.78,2.07,6,2023-11-09,2024-05-07,False,Active
FD0001847,CUS0008918,PRD-FD01,BR0036,4446287.67,2.07,6,2026-01-02,2026-07-01,False,Active
FD0001848,CUS0001794,PRD-FD03,BR0009,4302402.1,1.67,24,2025-02-21,2027-02-11,True,Matured
FD0001849,CUS0003562,PRD-FD03,BR0022,3136796.84,2.52,24,2025-03-02,2027-02-20,False,Matured
FD0001850,CUS0008684,PRD-FD03,BR0047,4493533.91,3.4,24,2022-11-12,2024-11-01,True,Active
FD0001851,CUS0006591,PRD-FD02,BR0034,582084.91,2.92,12,2024-05-08,2025-05-03,False,Active
FD0001852,CUS0002801,PRD-FD02,BR0036,2865263.57,1.39,12,2024-01-16,2025-01-10,True,Matured
FD0001853,CUS0004200,PRD-FD03,BR0026,3906019.06,2.18,24,2022-03-25,2024-03-14,True,Active
FD0001854,CUS0002586,PRD-FD02,BR0028,694092.16,2.04,12,2026-04-18,2027-04-13,False,Matured
FD0001855,CUS0005622,PRD-FD02,BR0021,4495237.73,2.78,12,2025-02-07,2026-02-02,False,Active
FD0001856,CUS0006900,PRD-FD03,BR0045,3341526.96,3.41,24,2024-04-23,2026-04-13,True,Active
FD0001857,CUS0006241,PRD-FD03,BR0008,1939237.58,2.79,24,2023-04-16,2025-04-05,False,Active
FD0001858,CUS0000962,PRD-FD01,BR0039,2954121.12,2.83,6,2022-05-04,2022-10-31,False,Matured
FD0001859,CUS0008689,PRD-FD03,BR0001,1737450.75,3.47,24,2023-11-13,2025-11-02,True,Active
FD0001860,CUS0009832,PRD-FD02,BR0037,1327780.51,1.64,12,2023-10-06,2024-09-30,True,Active
FD0001861,CUS0005053,PRD-FD03,BR0016,2913071.62,2.13,24,2023-10-13,2025-10-02,True,Active
FD0001862,CUS0009954,PRD-FD03,BR0031,843571.09,1.63,24,2022-05-29,2024-05-18,False,Active
FD0001863,CUS0009922,PRD-FD03,BR0035,3326034.99,2.1,24,2022-05-10,2024-04-29,True,Matured
FD0001864,CUS0004664,PRD-FD03,BR0023,2408164.69,2.18,24,2023-08-28,2025-08-17,False,Matured
FD0001865,CUS0008052,PRD-FD03,BR0009,4338548.96,3.12,24,2024-01-09,2025-12-29,True,Active
FD0001866,CUS0008135,PRD-FD02,BR0021,4665687.35,2.38,12,2025-05-14,2026-05-09,False,Matured
FD0001867,CUS0007824,PRD-FD02,BR0035,4675520.12,2.57,12,2023-11-13,2024-11-07,True,Matured
FD0001868,CUS0006889,PRD-FD03,BR0003,3435870.99,2.69,24,2025-09-05,2027-08-26,True,Matured
FD0001869,CUS0005506,PRD-FD03,BR0025,3595486.62,2.78,24,2024-03-19,2026-03-09,False,Matured
FD0001870,CUS0000357,PRD-FD02,BR0023,593572.79,2.0,12,2025-02-17,2026-02-12,True,Matured
FD0001871,CUS0000338,PRD-FD03,BR0026,3649880.53,2.65,24,2024-12-05,2026-11-25,True,Active
FD0001872,CUS0007405,PRD-FD01,BR0048,2337082.4,2.95,6,2023-02-20,2023-08-19,True,Matured
FD0001873,CUS0002327,PRD-FD02,BR0023,3544089.84,1.26,12,2023-09-29,2024-09-23,False,Active
FD0001874,CUS0007022,PRD-FD01,BR0002,4215612.22,3.11,6,2023-10-15,2024-04-12,True,Active
FD0001875,CUS0009355,PRD-FD01,BR0016,327521.25,2.46,6,2025-06-27,2025-12-24,True,Matured
FD0001876,CUS0005068,PRD-FD02,BR0012,2694993.85,2.11,12,2023-01-31,2024-01-26,True,Active
FD0001877,CUS0006893,PRD-FD03,BR0033,4850023.69,3.43,24,2022-10-30,2024-10-19,False,Active
FD0001878,CUS0002393,PRD-FD03,BR0024,4481667.35,3.48,24,2022-06-14,2024-06-03,False,Matured
FD0001879,CUS0008506,PRD-FD02,BR0001,3493187.84,3.34,12,2026-02-04,2027-01-30,True,Matured
FD0001880,CUS0004791,PRD-FD03,BR0046,4042955.42,1.63,24,2022-11-13,2024-11-02,False,Active
FD0001881,CUS0005669,PRD-FD01,BR0002,575205.29,2.03,6,2024-05-30,2024-11-26,True,Matured
FD0001882,CUS0002163,PRD-FD03,BR0030,2895978.02,1.9,24,2022-06-03,2024-05-23,True,Active
FD0001883,CUS0005381,PRD-FD02,BR0011,3918213.9,2.02,12,2025-04-22,2026-04-17,False,Active
FD0001884,CUS0001993,PRD-FD01,BR0050,868462.75,2.7,6,2023-04-06,2023-10-03,True,Matured
FD0001885,CUS0007169,PRD-FD02,BR0003,3225893.29,2.55,12,2023-04-19,2024-04-13,True,Active
FD0001886,CUS0006699,PRD-FD02,BR0003,949560.07,2.61,12,2024-09-24,2025-09-19,False,Active
FD0001887,CUS0009103,PRD-FD03,BR0010,4895657.46,2.92,24,2022-12-14,2024-12-03,False,Active
FD0001888,CUS0008773,PRD-FD01,BR0047,2312965.72,3.23,6,2023-01-23,2023-07-22,False,Active
FD0001889,CUS0003684,PRD-FD03,BR0041,4792078.27,2.22,24,2023-05-28,2025-05-17,True,Active
FD0001890,CUS0005125,PRD-FD03,BR0012,2290697.91,2.63,24,2022-10-07,2024-09-26,False,Active
FD0001891,CUS0000054,PRD-FD03,BR0005,3193029.42,3.19,24,2024-12-03,2026-11-23,False,Active
FD0001892,CUS0004816,PRD-FD01,BR0029,3904236.01,3.44,6,2023-08-28,2024-02-24,True,Active
FD0001893,CUS0003949,PRD-FD02,BR0022,2599938.84,2.36,12,2024-07-16,2025-07-11,True,Active
FD0001894,CUS0000207,PRD-FD01,BR0027,156569.75,1.75,6,2023-07-10,2024-01-06,False,Active
FD0001895,CUS0000785,PRD-FD03,BR0050,2254136.43,1.99,24,2024-01-12,2026-01-01,False,Active
FD0001896,CUS0000513,PRD-FD01,BR0010,1198142.64,1.52,6,2025-01-01,2025-06-30,True,Active
FD0001897,CUS0008644,PRD-FD02,BR0011,1166956.72,2.96,12,2025-10-05,2026-09-30,True,Active
FD0001898,CUS0008910,PRD-FD01,BR0021,1229654.6,2.03,6,2024-12-08,2025-06-06,False,Active
FD0001899,CUS0007956,PRD-FD02,BR0048,1616907.44,1.78,12,2024-09-21,2025-09-16,False,Active
FD0001900,CUS0000928,PRD-FD01,BR0035,2175608.91,1.4,6,2026-02-19,2026-08-18,False,Active
FD0001901,CUS0003132,PRD-FD02,BR0017,3753546.36,2.7,12,2025-06-06,2026-06-01,True,Matured
FD0001902,CUS0004681,PRD-FD03,BR0048,4416161.7,3.19,24,2025-02-01,2027-01-22,True,Active
FD0001903,CUS0008336,PRD-FD03,BR0042,1763991.86,1.22,24,2023-11-19,2025-11-08,False,Active
FD0001904,CUS0006119,PRD-FD02,BR0038,872489.8,2.59,12,2025-08-07,2026-08-02,True,Active
FD0001905,CUS0008378,PRD-FD02,BR0011,2920058.64,2.43,12,2025-05-20,2026-05-15,True,Active
FD0001906,CUS0005765,PRD-FD02,BR0011,3817727.74,2.63,12,2022-08-23,2023-08-18,True,Active
FD0001907,CUS0005650,PRD-FD02,BR0004,3090890.07,3.12,12,2025-04-18,2026-04-13,False,Active
FD0001908,CUS0006766,PRD-FD03,BR0026,1010820.51,3.39,24,2024-08-15,2026-08-05,True,Matured
FD0001909,CUS0007006,PRD-FD02,BR0023,3573147.11,2.26,12,2022-06-30,2023-06-25,True,Matured
FD0001910,CUS0004610,PRD-FD01,BR0007,2590015.34,2.8,6,2023-04-19,2023-10-16,False,Active
FD0001911,CUS0008158,PRD-FD02,BR0023,2974142.69,3.49,12,2024-02-10,2025-02-04,True,Active
FD0001912,CUS0000913,PRD-FD03,BR0016,609728.95,2.22,24,2026-03-03,2028-02-21,True,Active
FD0001913,CUS0004427,PRD-FD02,BR0042,1708698.77,2.24,12,2022-09-22,2023-09-17,True,Active
FD0001914,CUS0005238,PRD-FD01,BR0037,4047310.55,3.47,6,2025-03-05,2025-09-01,True,Matured
FD0001915,CUS0007232,PRD-FD01,BR0029,508293.99,2.37,6,2022-09-16,2023-03-15,False,Matured
FD0001916,CUS0008800,PRD-FD02,BR0016,1682849.67,1.29,12,2023-12-16,2024-12-10,False,Matured
FD0001917,CUS0000228,PRD-FD02,BR0043,2367044.95,1.47,12,2024-12-31,2025-12-26,False,Active
FD0001918,CUS0004175,PRD-FD02,BR0038,3789914.66,2.62,12,2022-10-09,2023-10-04,True,Matured
FD0001919,CUS0006705,PRD-FD03,BR0024,2641689.78,2.87,24,2024-02-11,2026-01-31,True,Active
FD0001920,CUS0000667,PRD-FD02,BR0030,4642817.85,1.24,12,2023-01-03,2023-12-29,False,Active
FD0001921,CUS0005093,PRD-FD01,BR0030,1544610.42,1.52,6,2022-09-22,2023-03-21,False,Active
FD0001922,CUS0003114,PRD-FD02,BR0020,2009798.87,2.5,12,2022-01-19,2023-01-14,True,Active
FD0001923,CUS0007982,PRD-FD01,BR0039,1270022.1,3.18,6,2024-08-11,2025-02-07,True,Matured
FD0001924,CUS0005123,PRD-FD02,BR0006,1037309.44,1.21,12,2025-02-27,2026-02-22,False,Matured
FD0001925,CUS0006390,PRD-FD02,BR0039,3908288.91,1.92,12,2025-05-06,2026-05-01,True,Matured
FD0001926,CUS0003672,PRD-FD02,BR0035,2127843.91,3.41,12,2025-05-05,2026-04-30,False,Matured
FD0001927,CUS0003330,PRD-FD01,BR0012,4251426.39,2.14,6,2024-08-11,2025-02-07,False,Active
FD0001928,CUS0002658,PRD-FD03,BR0015,240827.17,1.65,24,2022-02-28,2024-02-18,True,Active
FD0001929,CUS0007287,PRD-FD01,BR0007,4230203.74,2.81,6,2026-04-02,2026-09-29,True,Active
FD0001930,CUS0008107,PRD-FD03,BR0030,3838477.7,1.5,24,2024-08-06,2026-07-27,True,Active
FD0001931,CUS0000822,PRD-FD02,BR0012,4267613.9,3.14,12,2025-02-18,2026-02-13,False,Active
FD0001932,CUS0002673,PRD-FD01,BR0004,2728323.21,2.49,6,2025-04-04,2025-10-01,True,Active
FD0001933,CUS0007203,PRD-FD01,BR0032,1319270.16,1.91,6,2025-04-01,2025-09-28,True,Active
FD0001934,CUS0006939,PRD-FD03,BR0050,3420027.59,2.44,24,2022-03-01,2024-02-19,False,Matured
FD0001935,CUS0003990,PRD-FD03,BR0043,3710923.99,2.57,24,2025-06-14,2027-06-04,False,Active
FD0001936,CUS0005941,PRD-FD02,BR0023,2537702.25,2.63,12,2025-10-11,2026-10-06,True,Matured
FD0001937,CUS0005358,PRD-FD03,BR0025,864955.19,2.22,24,2022-12-02,2024-11-21,False,Active
FD0001938,CUS0001900,PRD-FD03,BR0003,1192911.6,2.85,24,2025-03-07,2027-02-25,True,Active
FD0001939,CUS0003276,PRD-FD01,BR0033,4461324.83,2.25,6,2024-07-20,2025-01-16,True,Active
FD0001940,CUS0003928,PRD-FD02,BR0031,2004382.03,1.87,12,2023-06-03,2024-05-28,True,Matured
FD0001941,CUS0006454,PRD-FD03,BR0039,2376550.19,1.47,24,2024-12-31,2026-12-21,False,Matured
FD0001942,CUS0008139,PRD-FD01,BR0032,4871244.67,1.25,6,2022-02-27,2022-08-26,True,Active
FD0001943,CUS0008470,PRD-FD03,BR0044,1745697.56,2.08,24,2024-03-21,2026-03-11,False,Active
FD0001944,CUS0009472,PRD-FD01,BR0023,3081485.61,2.98,6,2022-03-25,2022-09-21,True,Active
FD0001945,CUS0007224,PRD-FD01,BR0003,999927.46,1.73,6,2023-07-29,2024-01-25,True,Active
FD0001946,CUS0003585,PRD-FD01,BR0011,3351228.86,2.08,6,2023-07-08,2024-01-04,True,Matured
FD0001947,CUS0009013,PRD-FD02,BR0018,2473442.32,2.94,12,2022-06-08,2023-06-03,False,Active
FD0001948,CUS0006119,PRD-FD03,BR0034,2356971.33,3.43,24,2024-12-08,2026-11-28,True,Active
FD0001949,CUS0006922,PRD-FD02,BR0045,3622110.46,2.64,12,2022-08-06,2023-08-01,True,Active
FD0001950,CUS0000673,PRD-FD02,BR0003,3866121.18,2.6,12,2025-04-10,2026-04-05,True,Matured
FD0001951,CUS0001669,PRD-FD02,BR0009,4231137.31,3.04,12,2025-01-20,2026-01-15,True,Matured
FD0001952,CUS0001341,PRD-FD03,BR0001,352576.22,1.64,24,2023-09-05,2025-08-25,False,Active
FD0001953,CUS0001883,PRD-FD02,BR0035,88169.1,1.77,12,2026-03-23,2027-03-18,True,Active
FD0001954,CUS0000699,PRD-FD01,BR0004,1958353.4,1.29,6,2022-06-01,2022-11-28,True,Active
FD0001955,CUS0003749,PRD-FD02,BR0022,2033436.59,2.78,12,2024-10-03,2025-09-28,False,Matured
FD0001956,CUS0005771,PRD-FD01,BR0008,2079320.37,3.26,6,2022-07-23,2023-01-19,True,Matured
FD0001957,CUS0004811,PRD-FD01,BR0015,771365.84,2.1,6,2024-06-27,2024-12-24,True,Active
FD0001958,CUS0009389,PRD-FD02,BR0049,196049.55,2.49,12,2025-08-01,2026-07-27,False,Active
FD0001959,CUS0002916,PRD-FD03,BR0038,2770975.89,2.69,24,2024-08-22,2026-08-12,True,Active
FD0001960,CUS0005756,PRD-FD01,BR0021,2144381.07,2.28,6,2026-01-23,2026-07-22,True,Active
FD0001961,CUS0006018,PRD-FD01,BR0036,3207794.94,2.06,6,2023-01-08,2023-07-07,True,Active
FD0001962,CUS0007205,PRD-FD02,BR0044,3549117.32,2.68,12,2024-02-04,2025-01-29,False,Active
FD0001963,CUS0007161,PRD-FD01,BR0024,3182959.04,1.62,6,2022-12-04,2023-06-02,False,Active
FD0001964,CUS0006016,PRD-FD03,BR0050,3718047.88,1.79,24,2024-09-05,2026-08-26,False,Active
FD0001965,CUS0004034,PRD-FD01,BR0005,636809.15,3.12,6,2025-10-30,2026-04-28,False,Active
FD0001966,CUS0000045,PRD-FD02,BR0047,2705831.33,3.42,12,2023-10-02,2024-09-26,True,Active
FD0001967,CUS0002415,PRD-FD03,BR0002,1396790.79,2.06,24,2023-01-27,2025-01-16,False,Active
FD0001968,CUS0005618,PRD-FD01,BR0046,1347844.7,2.58,6,2022-07-05,2023-01-01,False,Active
FD0001969,CUS0001884,PRD-FD01,BR0003,1131405.88,1.4,6,2022-06-10,2022-12-07,False,Active
FD0001970,CUS0002697,PRD-FD03,BR0040,579938.98,1.83,24,2026-04-26,2028-04-15,True,Active
FD0001971,CUS0006787,PRD-FD02,BR0002,4378158.51,2.28,12,2026-02-05,2027-01-31,True,Active
FD0001972,CUS0006623,PRD-FD01,BR0001,3821678.94,2.75,6,2025-10-21,2026-04-19,True,Matured
FD0001973,CUS0006527,PRD-FD03,BR0006,1307844.44,2.14,24,2026-03-02,2028-02-20,False,Active
FD0001974,CUS0004109,PRD-FD01,BR0014,288979.86,2.26,6,2025-05-04,2025-10-31,False,Active
FD0001975,CUS0007029,PRD-FD01,BR0006,2241916.87,1.91,6,2024-12-28,2025-06-26,True,Active
FD0001976,CUS0000341,PRD-FD03,BR0016,4730116.35,1.82,24,2025-07-15,2027-07-05,True,Matured
FD0001977,CUS0005715,PRD-FD02,BR0028,3895488.78,2.63,12,2022-09-15,2023-09-10,True,Active
FD0001978,CUS0005869,PRD-FD02,BR0009,2617249.85,1.64,12,2023-11-23,2024-11-17,False,Matured
FD0001979,CUS0005471,PRD-FD02,BR0007,4453202.49,1.23,12,2022-02-16,2023-02-11,True,Active
FD0001980,CUS0006619,PRD-FD03,BR0004,1707838.33,2.83,24,2023-07-26,2025-07-15,False,Matured
FD0001981,CUS0009771,PRD-FD02,BR0007,3222935.14,3.36,12,2023-12-27,2024-12-21,False,Active
FD0001982,CUS0007663,PRD-FD01,BR0004,4549049.44,1.9,6,2026-02-17,2026-08-16,False,Active
FD0001983,CUS0004949,PRD-FD03,BR0045,3241729.47,2.53,24,2022-07-08,2024-06-27,False,Active
FD0001984,CUS0005793,PRD-FD03,BR0024,2949390.8,3.47,24,2023-09-24,2025-09-13,False,Active
FD0001985,CUS0007688,PRD-FD02,BR0035,4646154.15,1.53,12,2025-02-13,2026-02-08,True,Matured
FD0001986,CUS0005822,PRD-FD03,BR0003,4487751.5,2.47,24,2022-08-10,2024-07-30,True,Active
FD0001987,CUS0006485,PRD-FD01,BR0045,1068920.17,1.7,6,2023-10-12,2024-04-09,False,Matured
FD0001988,CUS0009664,PRD-FD01,BR0017,520606.12,2.12,6,2025-03-09,2025-09-05,False,Active
FD0001989,CUS0009256,PRD-FD02,BR0010,3064514.38,1.86,12,2025-07-30,2026-07-25,False,Active
FD0001990,CUS0009515,PRD-FD02,BR0045,1439578.08,2.49,12,2022-10-30,2023-10-25,False,Active
FD0001991,CUS0007332,PRD-FD01,BR0048,4472895.77,2.71,6,2022-07-22,2023-01-18,False,Matured
FD0001992,CUS0006892,PRD-FD01,BR0044,3367726.36,1.49,6,2026-01-15,2026-07-14,True,Active
FD0001993,CUS0008550,PRD-FD01,BR0046,2032681.43,1.33,6,2024-07-03,2024-12-30,True,Active
FD0001994,CUS0001693,PRD-FD01,BR0018,1941451.0,1.93,6,2024-08-06,2025-02-02,True,Active
FD0001995,CUS0009359,PRD-FD03,BR0050,162715.24,2.03,24,2025-09-26,2027-09-16,False,Active
FD0001996,CUS0001867,PRD-FD01,BR0023,4125392.77,2.53,6,2023-10-12,2024-04-09,True,Active
FD0001997,CUS0008316,PRD-FD02,BR0010,4270027.63,1.84,12,2023-06-27,2024-06-21,True,Active
FD0001998,CUS0007610,PRD-FD01,BR0007,3219249.77,1.83,6,2023-07-08,2024-01-04,True,Matured
FD0001999,CUS0004010,PRD-FD01,BR0049,4610709.6,1.68,6,2023-04-29,2023-10-26,True,Active
FD0002000,CUS0007724,PRD-FD02,BR0040,4201754.74,2.54,12,2023-11-09,2024-11-03,True,Active
FD0002001,CUS0007332,PRD-FD01,BR0045,152153.12,1.45,6,2023-05-31,2023-11-27,True,Active
FD0002002,CUS0000487,PRD-FD03,BR0033,4924466.96,1.3,24,2023-11-16,2025-11-05,False,Matured
FD0002003,CUS0001575,PRD-FD01,BR0043,263495.75,3.39,6,2025-10-17,2026-04-15,True,Active
FD0002004,CUS0009882,PRD-FD01,BR0044,3082066.74,2.0,6,2023-07-22,2024-01-18,True,Active
FD0002005,CUS0004082,PRD-FD02,BR0018,4402425.71,2.51,12,2022-02-22,2023-02-17,False,Active
FD0002006,CUS0009553,PRD-FD03,BR0021,2698788.77,1.63,24,2024-05-20,2026-05-10,True,Active
FD0002007,CUS0001759,PRD-FD02,BR0014,4149625.3,3.06,12,2025-12-14,2026-12-09,False,Active
FD0002008,CUS0005258,PRD-FD03,BR0024,140969.56,1.96,24,2026-01-16,2028-01-06,True,Matured
FD0002009,CUS0008166,PRD-FD01,BR0013,3832056.39,1.36,6,2024-01-15,2024-07-13,False,Matured
FD0002010,CUS0004565,PRD-FD01,BR0007,3274601.41,1.69,6,2023-05-13,2023-11-09,True,Matured
FD0002011,CUS0004677,PRD-FD01,BR0034,2974424.95,1.85,6,2022-06-10,2022-12-07,False,Matured
FD0002012,CUS0001152,PRD-FD01,BR0048,919176.02,1.43,6,2022-10-23,2023-04-21,True,Active
FD0002013,CUS0004081,PRD-FD02,BR0012,298570.66,3.07,12,2023-04-30,2024-04-24,True,Matured
FD0002014,CUS0008258,PRD-FD02,BR0005,4771580.54,2.95,12,2025-01-03,2025-12-29,True,Active
FD0002015,CUS0001850,PRD-FD02,BR0006,4730876.17,2.27,12,2025-04-28,2026-04-23,True,Active
FD0002016,CUS0002370,PRD-FD03,BR0020,811551.23,1.66,24,2023-02-01,2025-01-21,False,Active
FD0002017,CUS0005622,PRD-FD03,BR0036,1099707.77,2.83,24,2023-04-14,2025-04-03,True,Matured
FD0002018,CUS0009563,PRD-FD02,BR0048,4920076.18,3.3,12,2022-06-12,2023-06-07,True,Active
FD0002019,CUS0000242,PRD-FD01,BR0012,1026679.15,3.02,6,2022-08-12,2023-02-08,True,Active
FD0002020,CUS0008665,PRD-FD03,BR0049,1888139.36,1.96,24,2025-03-20,2027-03-10,True,Matured
FD0002021,CUS0005470,PRD-FD01,BR0014,3610567.01,1.5,6,2023-01-06,2023-07-05,False,Active
FD0002022,CUS0004088,PRD-FD02,BR0044,2350338.56,1.59,12,2026-02-20,2027-02-15,True,Active
FD0002023,CUS0002305,PRD-FD01,BR0048,3792886.18,3.31,6,2024-07-15,2025-01-11,True,Active
FD0002024,CUS0005746,PRD-FD02,BR0008,2366097.32,2.95,12,2023-10-30,2024-10-24,False,Active
FD0002025,CUS0009902,PRD-FD02,BR0019,3136694.15,2.77,12,2025-03-03,2026-02-26,True,Active
FD0002026,CUS0004966,PRD-FD03,BR0048,1341897.66,2.6,24,2023-07-13,2025-07-02,True,Active
FD0002027,CUS0005104,PRD-FD02,BR0035,3253518.68,3.08,12,2022-10-15,2023-10-10,True,Active
FD0002028,CUS0005736,PRD-FD02,BR0048,2907262.8,1.73,12,2023-11-12,2024-11-06,True,Active
FD0002029,CUS0001141,PRD-FD03,BR0048,3512574.93,1.28,24,2025-01-13,2027-01-03,True,Active
FD0002030,CUS0002682,PRD-FD02,BR0027,4114161.59,2.41,12,2024-06-22,2025-06-17,True,Active
FD0002031,CUS0001023,PRD-FD03,BR0046,2378476.28,1.25,24,2022-12-12,2024-12-01,False,Matured
FD0002032,CUS0005264,PRD-FD02,BR0025,1926350.33,2.6,12,2025-05-14,2026-05-09,True,Matured
FD0002033,CUS0006561,PRD-FD01,BR0010,291442.06,3.39,6,2022-08-08,2023-02-04,False,Active
FD0002034,CUS0009719,PRD-FD01,BR0006,2899521.98,1.98,6,2025-07-17,2026-01-13,True,Active
FD0002035,CUS0007771,PRD-FD02,BR0022,50773.24,3.04,12,2025-05-10,2026-05-05,True,Active
FD0002036,CUS0009002,PRD-FD03,BR0010,1065853.41,3.35,24,2023-05-31,2025-05-20,False,Matured
FD0002037,CUS0000071,PRD-FD03,BR0012,1040018.96,2.62,24,2022-06-09,2024-05-29,True,Matured
FD0002038,CUS0009146,PRD-FD01,BR0009,85418.78,2.17,6,2024-12-21,2025-06-19,False,Active
FD0002039,CUS0007108,PRD-FD02,BR0017,2078937.46,3.2,12,2025-11-14,2026-11-09,True,Active
FD0002040,CUS0007483,PRD-FD01,BR0043,1052211.56,1.97,6,2026-01-25,2026-07-24,True,Matured
FD0002041,CUS0008746,PRD-FD03,BR0027,3818652.53,3.3,24,2025-01-02,2026-12-23,False,Active
FD0002042,CUS0002767,PRD-FD02,BR0039,2766838.12,1.75,12,2024-12-20,2025-12-15,True,Active
FD0002043,CUS0002300,PRD-FD01,BR0022,4989120.18,3.03,6,2023-06-04,2023-12-01,False,Matured
FD0002044,CUS0008259,PRD-FD02,BR0049,2421556.15,3.48,12,2023-06-29,2024-06-23,True,Active
FD0002045,CUS0000621,PRD-FD03,BR0011,3676239.08,2.0,24,2022-11-23,2024-11-12,False,Active
FD0002046,CUS0001971,PRD-FD01,BR0014,1947535.01,1.68,6,2022-01-07,2022-07-06,True,Matured
FD0002047,CUS0009216,PRD-FD03,BR0047,2296643.26,2.16,24,2022-05-12,2024-05-01,True,Active
FD0002048,CUS0009586,PRD-FD03,BR0024,4983877.35,2.98,24,2022-12-10,2024-11-29,False,Active
FD0002049,CUS0005700,PRD-FD03,BR0033,2734227.32,2.58,24,2023-12-04,2025-11-23,True,Active
FD0002050,CUS0000855,PRD-FD03,BR0045,1278561.21,1.3,24,2023-12-07,2025-11-26,True,Matured
FD0002051,CUS0006464,PRD-FD03,BR0010,4599913.37,2.39,24,2022-05-26,2024-05-15,False,Matured
FD0002052,CUS0002280,PRD-FD03,BR0030,4848667.19,2.45,24,2026-01-01,2027-12-22,False,Matured
FD0002053,CUS0004986,PRD-FD03,BR0034,875583.62,2.7,24,2025-09-24,2027-09-14,True,Matured
FD0002054,CUS0009956,PRD-FD03,BR0011,1970200.0,3.45,24,2022-01-23,2024-01-13,False,Active
FD0002055,CUS0000424,PRD-FD01,BR0020,593974.71,2.71,6,2026-03-02,2026-08-29,True,Active
FD0002056,CUS0000292,PRD-FD01,BR0039,742462.43,2.77,6,2022-02-12,2022-08-11,False,Active
FD0002057,CUS0003658,PRD-FD01,BR0047,1020591.47,2.14,6,2024-10-15,2025-04-13,False,Active
FD0002058,CUS0004208,PRD-FD01,BR0027,4661278.48,3.2,6,2025-07-14,2026-01-10,True,Active
FD0002059,CUS0005847,PRD-FD02,BR0011,2666499.78,1.85,12,2025-08-14,2026-08-09,True,Matured
FD0002060,CUS0009254,PRD-FD03,BR0023,342256.11,2.59,24,2025-11-29,2027-11-19,False,Matured
FD0002061,CUS0005071,PRD-FD01,BR0037,2236934.41,1.28,6,2025-02-27,2025-08-26,False,Active
FD0002062,CUS0009650,PRD-FD01,BR0022,435704.88,1.86,6,2023-08-30,2024-02-26,True,Matured
FD0002063,CUS0009713,PRD-FD02,BR0037,2306487.03,2.4,12,2024-01-19,2025-01-13,True,Active
FD0002064,CUS0007322,PRD-FD02,BR0005,3451126.65,1.8,12,2024-08-27,2025-08-22,True,Matured
FD0002065,CUS0007641,PRD-FD02,BR0038,1570680.28,3.05,12,2022-12-07,2023-12-02,False,Active
FD0002066,CUS0007300,PRD-FD02,BR0003,3519222.95,3.09,12,2024-06-01,2025-05-27,False,Matured
FD0002067,CUS0005568,PRD-FD02,BR0004,2992049.96,2.36,12,2025-09-28,2026-09-23,True,Matured
FD0002068,CUS0003222,PRD-FD02,BR0032,3736685.68,2.94,12,2025-09-27,2026-09-22,False,Active
FD0002069,CUS0009728,PRD-FD03,BR0019,2009178.03,2.43,24,2023-06-02,2025-05-22,False,Active
FD0002070,CUS0009042,PRD-FD02,BR0006,2084105.44,2.01,12,2025-11-09,2026-11-04,True,Active
FD0002071,CUS0000316,PRD-FD03,BR0032,554647.61,2.55,24,2026-02-18,2028-02-08,True,Active
FD0002072,CUS0003616,PRD-FD03,BR0036,4172196.11,2.37,24,2026-01-08,2027-12-29,False,Matured
FD0002073,CUS0002172,PRD-FD02,BR0024,1894632.91,2.48,12,2025-12-12,2026-12-07,True,Matured
FD0002074,CUS0001799,PRD-FD02,BR0015,3919152.98,2.63,12,2022-11-23,2023-11-18,True,Active
FD0002075,CUS0007262,PRD-FD03,BR0047,3273708.24,2.03,24,2026-04-10,2028-03-30,True,Active
FD0002076,CUS0003811,PRD-FD02,BR0027,1124649.41,1.67,12,2025-03-29,2026-03-24,True,Active
FD0002077,CUS0003662,PRD-FD01,BR0022,472462.3,1.23,6,2022-09-25,2023-03-24,False,Active
FD0002078,CUS0005030,PRD-FD03,BR0010,2344118.98,2.71,24,2026-02-23,2028-02-13,False,Active
FD0002079,CUS0008609,PRD-FD02,BR0039,714581.05,3.11,12,2024-03-15,2025-03-10,True,Matured
FD0002080,CUS0003404,PRD-FD03,BR0041,1033675.41,3.25,24,2025-09-28,2027-09-18,True,Active
FD0002081,CUS0008381,PRD-FD02,BR0025,3317943.19,2.11,12,2025-03-18,2026-03-13,False,Matured
FD0002082,CUS0005000,PRD-FD02,BR0013,2788483.22,1.22,12,2026-03-13,2027-03-08,False,Matured
FD0002083,CUS0000578,PRD-FD03,BR0049,344082.79,1.67,24,2022-05-15,2024-05-04,False,Active
FD0002084,CUS0001535,PRD-FD01,BR0043,1793896.95,2.2,6,2022-12-25,2023-06-23,True,Active
FD0002085,CUS0000250,PRD-FD03,BR0028,4306649.95,1.9,24,2024-12-21,2026-12-11,False,Active
FD0002086,CUS0002580,PRD-FD03,BR0015,4954963.02,1.98,24,2026-04-15,2028-04-04,True,Active
FD0002087,CUS0007225,PRD-FD02,BR0043,524449.31,2.1,12,2023-11-25,2024-11-19,False,Active
FD0002088,CUS0003870,PRD-FD03,BR0045,1166138.54,2.13,24,2023-02-19,2025-02-08,True,Matured
FD0002089,CUS0002007,PRD-FD01,BR0043,2990352.39,2.53,6,2022-06-16,2022-12-13,True,Active
FD0002090,CUS0001354,PRD-FD03,BR0001,3577378.63,3.27,24,2024-01-29,2026-01-18,True,Matured
FD0002091,CUS0000768,PRD-FD03,BR0037,1702325.5,2.59,24,2022-12-12,2024-12-01,True,Active
FD0002092,CUS0008912,PRD-FD01,BR0045,1652813.52,1.3,6,2022-04-06,2022-10-03,False,Matured
FD0002093,CUS0001690,PRD-FD01,BR0022,4321806.51,3.32,6,2024-08-05,2025-02-01,True,Matured
FD0002094,CUS0000517,PRD-FD01,BR0028,585176.06,2.59,6,2025-07-26,2026-01-22,False,Active
FD0002095,CUS0005032,PRD-FD01,BR0049,2680813.89,3.24,6,2024-09-30,2025-03-29,True,Matured
FD0002096,CUS0003763,PRD-FD03,BR0034,837068.76,1.77,24,2022-07-19,2024-07-08,False,Active
FD0002097,CUS0003504,PRD-FD03,BR0037,4306275.69,3.11,24,2022-04-26,2024-04-15,False,Active
FD0002098,CUS0009063,PRD-FD01,BR0026,3205877.55,1.22,6,2022-04-20,2022-10-17,False,Matured
FD0002099,CUS0003012,PRD-FD02,BR0037,426280.75,2.98,12,2025-02-26,2026-02-21,True,Active
FD0002100,CUS0009280,PRD-FD01,BR0006,2907288.8,2.55,6,2023-11-01,2024-04-29,False,Active
FD0002101,CUS0008282,PRD-FD02,BR0047,293700.85,2.44,12,2024-06-26,2025-06-21,False,Active
FD0002102,CUS0002685,PRD-FD03,BR0006,4197208.46,2.41,24,2025-12-27,2027-12-17,True,Matured
FD0002103,CUS0001313,PRD-FD01,BR0049,1015209.06,1.87,6,2022-05-27,2022-11-23,True,Active
FD0002104,CUS0001149,PRD-FD02,BR0042,4126830.69,1.65,12,2024-02-08,2025-02-02,True,Active
FD0002105,CUS0007516,PRD-FD03,BR0040,2312620.47,2.77,24,2025-05-13,2027-05-03,False,Active
FD0002106,CUS0004031,PRD-FD03,BR0044,2997482.23,2.79,24,2026-03-14,2028-03-03,False,Active
FD0002107,CUS0002219,PRD-FD02,BR0011,4126215.75,3.13,12,2024-05-07,2025-05-02,True,Active
FD0002108,CUS0000977,PRD-FD02,BR0026,529797.86,2.04,12,2025-07-07,2026-07-02,True,Active
FD0002109,CUS0000644,PRD-FD02,BR0002,1782673.37,2.81,12,2025-08-13,2026-08-08,True,Active
FD0002110,CUS0003088,PRD-FD03,BR0004,3337834.21,3.29,24,2022-07-16,2024-07-05,True,Matured
FD0002111,CUS0008966,PRD-FD03,BR0018,2440227.42,1.79,24,2026-01-14,2028-01-04,False,Matured
FD0002112,CUS0006170,PRD-FD01,BR0035,214721.34,1.7,6,2025-10-03,2026-04-01,True,Matured
FD0002113,CUS0001038,PRD-FD01,BR0042,2098092.62,1.95,6,2026-01-26,2026-07-25,False,Matured
FD0002114,CUS0003901,PRD-FD02,BR0016,2767816.17,2.15,12,2025-05-28,2026-05-23,True,Active
FD0002115,CUS0009508,PRD-FD02,BR0031,2644005.48,3.0,12,2025-06-13,2026-06-08,True,Active
FD0002116,CUS0006876,PRD-FD02,BR0034,3746005.51,3.21,12,2025-03-24,2026-03-19,True,Matured
FD0002117,CUS0000218,PRD-FD02,BR0039,3708893.43,2.94,12,2025-11-18,2026-11-13,True,Active
FD0002118,CUS0002309,PRD-FD02,BR0030,4620183.79,1.88,12,2022-10-13,2023-10-08,True,Matured
FD0002119,CUS0009818,PRD-FD03,BR0018,3119675.67,3.4,24,2026-04-28,2028-04-17,True,Active
FD0002120,CUS0005141,PRD-FD03,BR0025,1495546.3,1.34,24,2024-02-05,2026-01-25,True,Active
FD0002121,CUS0000308,PRD-FD03,BR0041,2999870.38,3.15,24,2022-01-02,2023-12-23,False,Active
FD0002122,CUS0000375,PRD-FD02,BR0004,4240274.28,1.23,12,2024-10-23,2025-10-18,False,Active
FD0002123,CUS0000445,PRD-FD02,BR0018,1414422.68,2.71,12,2026-02-11,2027-02-06,True,Active
FD0002124,CUS0007911,PRD-FD02,BR0024,2995327.57,2.4,12,2025-12-17,2026-12-12,True,Matured
FD0002125,CUS0009400,PRD-FD01,BR0030,1480899.9,1.25,6,2026-03-18,2026-09-14,True,Matured
FD0002126,CUS0008044,PRD-FD02,BR0024,4031873.69,2.49,12,2022-09-18,2023-09-13,True,Active
FD0002127,CUS0001197,PRD-FD03,BR0027,1942152.48,1.27,24,2023-09-11,2025-08-31,False,Active
FD0002128,CUS0003576,PRD-FD01,BR0023,3910736.91,2.21,6,2025-01-11,2025-07-10,False,Active
FD0002129,CUS0003578,PRD-FD01,BR0012,3574982.1,2.45,6,2025-04-15,2025-10-12,True,Active
FD0002130,CUS0007322,PRD-FD03,BR0016,1250933.9,1.85,24,2022-05-08,2024-04-27,False,Active
FD0002131,CUS0003253,PRD-FD01,BR0004,1934203.8,3.48,6,2024-10-24,2025-04-22,True,Matured
FD0002132,CUS0001307,PRD-FD02,BR0010,238713.18,1.86,12,2024-08-10,2025-08-05,True,Active
FD0002133,CUS0009314,PRD-FD02,BR0019,4940630.24,2.04,12,2022-04-12,2023-04-07,True,Active
FD0002134,CUS0002761,PRD-FD01,BR0048,648626.92,1.63,6,2023-07-15,2024-01-11,True,Active
FD0002135,CUS0006396,PRD-FD03,BR0011,2476475.11,1.74,24,2024-09-22,2026-09-12,False,Active
FD0002136,CUS0006273,PRD-FD01,BR0046,2692217.26,3.13,6,2025-04-15,2025-10-12,False,Active
FD0002137,CUS0003467,PRD-FD03,BR0049,4500345.8,1.21,24,2024-07-27,2026-07-17,False,Active
FD0002138,CUS0006241,PRD-FD02,BR0044,2503149.49,2.62,12,2025-11-19,2026-11-14,False,Active
FD0002139,CUS0001977,PRD-FD01,BR0025,4010275.25,3.12,6,2024-04-22,2024-10-19,True,Matured
FD0002140,CUS0008980,PRD-FD03,BR0014,4157856.74,1.43,24,2023-05-05,2025-04-24,True,Matured
FD0002141,CUS0000318,PRD-FD01,BR0003,1339541.94,2.06,6,2023-01-04,2023-07-03,False,Active
FD0002142,CUS0000940,PRD-FD02,BR0003,3393500.45,2.53,12,2023-01-29,2024-01-24,False,Active
FD0002143,CUS0007599,PRD-FD01,BR0016,4187831.87,1.6,6,2022-06-22,2022-12-19,True,Active
FD0002144,CUS0004253,PRD-FD01,BR0026,4660794.99,1.81,6,2023-07-29,2024-01-25,False,Active
FD0002145,CUS0003018,PRD-FD02,BR0013,2030955.33,2.53,12,2022-03-11,2023-03-06,True,Active
FD0002146,CUS0004135,PRD-FD02,BR0009,2575951.17,1.74,12,2025-04-30,2026-04-25,True,Matured
FD0002147,CUS0003112,PRD-FD03,BR0032,2126690.48,1.25,24,2026-04-13,2028-04-02,True,Matured
FD0002148,CUS0005859,PRD-FD02,BR0024,3884122.17,2.84,12,2026-04-22,2027-04-17,False,Active
FD0002149,CUS0006538,PRD-FD03,BR0009,2578228.34,1.35,24,2022-08-16,2024-08-05,True,Active
FD0002150,CUS0005017,PRD-FD01,BR0050,959867.21,1.73,6,2024-10-24,2025-04-22,False,Matured
FD0002151,CUS0005288,PRD-FD01,BR0039,2945888.69,2.24,6,2023-10-09,2024-04-06,True,Active
FD0002152,CUS0000727,PRD-FD01,BR0039,1238651.5,1.74,6,2026-04-19,2026-10-16,False,Active
FD0002153,CUS0009149,PRD-FD02,BR0008,373172.42,1.38,12,2025-02-05,2026-01-31,False,Matured
FD0002154,CUS0004332,PRD-FD02,BR0039,221539.7,2.46,12,2023-08-15,2024-08-09,True,Matured
FD0002155,CUS0008328,PRD-FD02,BR0023,4591834.85,2.06,12,2022-01-26,2023-01-21,False,Active
FD0002156,CUS0004077,PRD-FD01,BR0031,1629847.67,3.5,6,2024-01-15,2024-07-13,False,Matured
FD0002157,CUS0005035,PRD-FD02,BR0002,1538369.26,1.31,12,2023-10-10,2024-10-04,False,Matured
FD0002158,CUS0008610,PRD-FD02,BR0019,3292185.19,1.42,12,2022-04-10,2023-04-05,False,Matured
FD0002159,CUS0006790,PRD-FD02,BR0015,4494962.44,2.38,12,2022-07-02,2023-06-27,True,Active
FD0002160,CUS0002389,PRD-FD03,BR0026,91282.32,2.03,24,2023-04-26,2025-04-15,True,Active
FD0002161,CUS0008185,PRD-FD02,BR0027,1703843.66,2.52,12,2024-11-19,2025-11-14,False,Active
FD0002162,CUS0004800,PRD-FD02,BR0025,4113491.52,1.23,12,2023-10-19,2024-10-13,False,Active
FD0002163,CUS0003699,PRD-FD02,BR0024,4586553.21,2.62,12,2023-09-24,2024-09-18,False,Matured
FD0002164,CUS0000877,PRD-FD03,BR0013,2411210.76,1.87,24,2023-04-26,2025-04-15,False,Active
FD0002165,CUS0009988,PRD-FD01,BR0014,1626296.95,3.28,6,2024-10-30,2025-04-28,True,Matured
FD0002166,CUS0009670,PRD-FD02,BR0018,82160.1,3.09,12,2026-01-26,2027-01-21,True,Active
FD0002167,CUS0006182,PRD-FD03,BR0026,2068291.29,1.51,24,2023-02-01,2025-01-21,True,Active
FD0002168,CUS0003998,PRD-FD03,BR0014,1825159.4,1.75,24,2024-12-16,2026-12-06,False,Active
FD0002169,CUS0009570,PRD-FD03,BR0033,2365302.15,2.55,24,2024-08-23,2026-08-13,True,Active
FD0002170,CUS0004838,PRD-FD01,BR0013,2065557.15,2.21,6,2024-08-03,2025-01-30,False,Active
FD0002171,CUS0002000,PRD-FD02,BR0005,3424400.44,3.26,12,2024-03-03,2025-02-26,True,Active
FD0002172,CUS0007473,PRD-FD02,BR0025,4836261.22,1.45,12,2025-02-03,2026-01-29,True,Matured
FD0002173,CUS0005417,PRD-FD01,BR0038,2501389.43,3.22,6,2023-11-21,2024-05-19,True,Active
FD0002174,CUS0007539,PRD-FD02,BR0010,2226521.71,1.26,12,2023-11-29,2024-11-23,False,Active
FD0002175,CUS0007594,PRD-FD03,BR0043,3651798.02,3.17,24,2026-04-25,2028-04-14,True,Active
FD0002176,CUS0009865,PRD-FD03,BR0004,3043590.76,1.8,24,2025-02-16,2027-02-06,False,Active
FD0002177,CUS0002791,PRD-FD01,BR0010,3060508.16,1.66,6,2024-09-06,2025-03-05,True,Active
FD0002178,CUS0003796,PRD-FD01,BR0013,4213424.71,1.49,6,2023-02-09,2023-08-08,False,Active
FD0002179,CUS0001392,PRD-FD02,BR0021,484008.47,1.29,12,2022-03-06,2023-03-01,False,Active
FD0002180,CUS0008837,PRD-FD01,BR0016,428625.14,2.05,6,2025-03-01,2025-08-28,False,Active
FD0002181,CUS0009509,PRD-FD01,BR0015,954559.88,2.09,6,2022-03-15,2022-09-11,True,Active
FD0002182,CUS0008412,PRD-FD01,BR0036,4335896.22,1.25,6,2025-04-07,2025-10-04,True,Matured
FD0002183,CUS0001770,PRD-FD01,BR0035,1263739.71,2.6,6,2022-12-20,2023-06-18,True,Active
FD0002184,CUS0002231,PRD-FD03,BR0031,2229982.12,2.58,24,2023-01-25,2025-01-14,False,Active
FD0002185,CUS0008424,PRD-FD01,BR0017,2206691.61,2.66,6,2025-03-28,2025-09-24,False,Matured
FD0002186,CUS0004691,PRD-FD02,BR0026,3309760.29,2.17,12,2022-07-16,2023-07-11,True,Active
FD0002187,CUS0006437,PRD-FD03,BR0033,2526605.34,1.32,24,2025-06-20,2027-06-10,True,Active
FD0002188,CUS0008573,PRD-FD03,BR0008,3880659.12,1.73,24,2025-02-18,2027-02-08,False,Active
FD0002189,CUS0001358,PRD-FD01,BR0040,2856521.65,3.23,6,2022-03-15,2022-09-11,False,Active
FD0002190,CUS0008142,PRD-FD03,BR0023,4935897.25,2.91,24,2025-04-14,2027-04-04,False,Matured
FD0002191,CUS0004738,PRD-FD03,BR0043,3246131.4,2.97,24,2023-11-14,2025-11-03,False,Active
FD0002192,CUS0005868,PRD-FD01,BR0019,3788444.98,2.49,6,2024-10-21,2025-04-19,True,Matured
FD0002193,CUS0001808,PRD-FD02,BR0023,3400335.54,3.24,12,2024-07-11,2025-07-06,False,Matured
FD0002194,CUS0009157,PRD-FD03,BR0044,3943137.83,1.65,24,2024-05-24,2026-05-14,False,Active
FD0002195,CUS0001751,PRD-FD02,BR0025,2474319.9,2.84,12,2022-07-07,2023-07-02,True,Active
FD0002196,CUS0000684,PRD-FD02,BR0047,3556179.1,2.84,12,2025-12-31,2026-12-26,False,Matured
FD0002197,CUS0007096,PRD-FD02,BR0027,4589761.39,1.7,12,2025-07-16,2026-07-11,True,Active
FD0002198,CUS0004769,PRD-FD03,BR0006,841622.28,2.87,24,2024-06-10,2026-05-31,False,Matured
FD0002199,CUS0002175,PRD-FD03,BR0005,1234708.48,2.3,24,2025-03-10,2027-02-28,True,Active
FD0002200,CUS0001904,PRD-FD03,BR0025,4037145.15,2.21,24,2023-08-01,2025-07-21,True,Matured
FD0002201,CUS0003817,PRD-FD02,BR0050,4545520.98,1.9,12,2022-12-26,2023-12-21,True,Matured
FD0002202,CUS0004648,PRD-FD03,BR0009,3037796.6,2.31,24,2022-08-13,2024-08-02,False,Active
FD0002203,CUS0002052,PRD-FD03,BR0002,4244358.7,1.3,24,2026-04-07,2028-03-27,True,Matured
FD0002204,CUS0009358,PRD-FD03,BR0043,3806391.03,2.06,24,2026-03-27,2028-03-16,False,Active
FD0002205,CUS0007410,PRD-FD03,BR0031,2560379.84,3.22,24,2024-09-04,2026-08-25,False,Active
FD0002206,CUS0006965,PRD-FD02,BR0040,182379.23,2.62,12,2023-12-03,2024-11-27,False,Active
FD0002207,CUS0006438,PRD-FD01,BR0033,3402623.58,2.99,6,2022-11-21,2023-05-20,False,Active
FD0002208,CUS0003630,PRD-FD02,BR0045,3125607.01,2.05,12,2026-04-18,2027-04-13,True,Active
FD0002209,CUS0008914,PRD-FD02,BR0020,1359225.69,3.15,12,2026-02-20,2027-02-15,True,Active
FD0002210,CUS0002193,PRD-FD02,BR0021,321644.5,1.56,12,2023-01-16,2024-01-11,False,Matured
FD0002211,CUS0009288,PRD-FD02,BR0014,1659536.13,2.21,12,2022-06-23,2023-06-18,True,Active
FD0002212,CUS0006052,PRD-FD01,BR0004,2980493.85,2.19,6,2026-02-17,2026-08-16,True,Active
FD0002213,CUS0007784,PRD-FD01,BR0020,64410.67,2.27,6,2022-12-24,2023-06-22,False,Matured
FD0002214,CUS0000962,PRD-FD01,BR0044,3815151.41,2.93,6,2024-06-11,2024-12-08,False,Active
FD0002215,CUS0001850,PRD-FD01,BR0035,3021517.78,1.96,6,2025-01-04,2025-07-03,True,Active
FD0002216,CUS0006328,PRD-FD01,BR0043,2586036.24,2.82,6,2025-12-30,2026-06-28,True,Matured
FD0002217,CUS0002086,PRD-FD01,BR0039,258286.08,1.51,6,2025-05-10,2025-11-06,True,Active
FD0002218,CUS0007399,PRD-FD03,BR0033,3482345.31,2.71,24,2025-05-17,2027-05-07,False,Active
FD0002219,CUS0003984,PRD-FD01,BR0016,2932704.88,3.29,6,2024-09-19,2025-03-18,False,Active
FD0002220,CUS0007229,PRD-FD02,BR0006,4773676.17,1.57,12,2022-09-24,2023-09-19,False,Matured
FD0002221,CUS0004059,PRD-FD02,BR0049,606094.41,2.21,12,2022-05-16,2023-05-11,True,Matured
FD0002222,CUS0004662,PRD-FD01,BR0038,4393325.78,3.43,6,2022-01-23,2022-07-22,True,Matured
FD0002223,CUS0007458,PRD-FD02,BR0034,2834934.3,3.47,12,2022-03-26,2023-03-21,True,Matured
FD0002224,CUS0005564,PRD-FD01,BR0040,3452004.85,2.44,6,2024-04-06,2024-10-03,False,Matured
FD0002225,CUS0006565,PRD-FD03,BR0030,3481664.7,2.35,24,2023-05-24,2025-05-13,True,Active
FD0002226,CUS0000192,PRD-FD01,BR0042,861754.85,1.72,6,2022-01-23,2022-07-22,False,Active
FD0002227,CUS0008460,PRD-FD02,BR0015,4552894.73,1.78,12,2025-06-28,2026-06-23,True,Active
FD0002228,CUS0001919,PRD-FD01,BR0040,2638418.06,2.44,6,2023-07-07,2024-01-03,False,Active
FD0002229,CUS0007241,PRD-FD01,BR0035,3685987.11,2.36,6,2025-10-20,2026-04-18,False,Active
FD0002230,CUS0001534,PRD-FD02,BR0028,3219531.24,2.35,12,2023-04-25,2024-04-19,False,Active
FD0002231,CUS0008781,PRD-FD01,BR0013,2294131.09,1.21,6,2025-04-15,2025-10-12,True,Matured
FD0002232,CUS0005371,PRD-FD02,BR0017,529819.04,2.06,12,2022-07-17,2023-07-12,False,Matured
FD0002233,CUS0005085,PRD-FD03,BR0011,2041067.07,1.58,24,2024-12-08,2026-11-28,True,Matured
FD0002234,CUS0001111,PRD-FD01,BR0024,2388304.28,1.65,6,2025-02-07,2025-08-06,True,Matured
FD0002235,CUS0001993,PRD-FD03,BR0008,4199542.59,1.54,24,2022-01-13,2024-01-03,True,Active
FD0002236,CUS0002121,PRD-FD03,BR0041,2501733.52,3.02,24,2025-09-09,2027-08-30,False,Matured
FD0002237,CUS0001640,PRD-FD03,BR0013,4491075.35,3.42,24,2025-09-14,2027-09-04,False,Matured
FD0002238,CUS0008006,PRD-FD03,BR0042,3907314.6,1.96,24,2024-11-05,2026-10-26,True,Active
FD0002239,CUS0000397,PRD-FD01,BR0004,4229763.54,2.07,6,2025-08-25,2026-02-21,False,Active
FD0002240,CUS0003467,PRD-FD01,BR0028,2080502.82,2.49,6,2025-09-26,2026-03-25,True,Matured
FD0002241,CUS0008654,PRD-FD03,BR0038,2391490.43,1.45,24,2025-03-29,2027-03-19,True,Active
FD0002242,CUS0006130,PRD-FD02,BR0019,204945.58,1.87,12,2024-01-13,2025-01-07,True,Active
FD0002243,CUS0009290,PRD-FD02,BR0028,3621287.23,2.04,12,2023-06-24,2024-06-18,False,Active
FD0002244,CUS0000740,PRD-FD03,BR0028,1452563.67,2.77,24,2025-07-09,2027-06-29,False,Active
FD0002245,CUS0000561,PRD-FD01,BR0018,3585147.16,3.43,6,2025-01-29,2025-07-28,True,Matured
FD0002246,CUS0006903,PRD-FD01,BR0033,1875105.02,2.98,6,2023-11-25,2024-05-23,True,Matured
FD0002247,CUS0007170,PRD-FD03,BR0008,3005167.88,2.5,24,2022-05-26,2024-05-15,False,Active
FD0002248,CUS0009703,PRD-FD03,BR0006,1909188.37,1.56,24,2023-09-29,2025-09-18,False,Active
FD0002249,CUS0002141,PRD-FD03,BR0004,546101.95,1.29,24,2024-10-23,2026-10-13,False,Active
FD0002250,CUS0005017,PRD-FD03,BR0018,2734362.75,2.07,24,2022-02-12,2024-02-02,False,Matured
FD0002251,CUS0006573,PRD-FD01,BR0046,2679683.8,2.62,6,2023-07-15,2024-01-11,True,Matured
FD0002252,CUS0005769,PRD-FD02,BR0042,1121434.13,1.69,12,2022-04-02,2023-03-28,True,Matured
FD0002253,CUS0001991,PRD-FD02,BR0050,3513498.25,1.9,12,2023-05-01,2024-04-25,False,Active
FD0002254,CUS0006344,PRD-FD01,BR0013,798236.66,1.29,6,2025-09-08,2026-03-07,True,Active
FD0002255,CUS0003039,PRD-FD03,BR0034,200977.45,1.51,24,2024-07-22,2026-07-12,False,Active
FD0002256,CUS0004345,PRD-FD03,BR0024,4814480.11,3.17,24,2025-12-02,2027-11-22,True,Active
FD0002257,CUS0006420,PRD-FD02,BR0024,556754.97,3.1,12,2024-09-15,2025-09-10,False,Active
FD0002258,CUS0005761,PRD-FD03,BR0046,3630920.73,3.41,24,2026-03-30,2028-03-19,True,Active
FD0002259,CUS0006152,PRD-FD01,BR0008,333828.81,2.67,6,2022-05-04,2022-10-31,False,Matured
FD0002260,CUS0009410,PRD-FD02,BR0015,2401340.62,3.23,12,2025-01-20,2026-01-15,True,Active
FD0002261,CUS0003185,PRD-FD02,BR0007,952709.73,1.44,12,2023-04-04,2024-03-29,True,Matured
FD0002262,CUS0002530,PRD-FD02,BR0041,3281833.0,3.4,12,2024-07-22,2025-07-17,False,Active
FD0002263,CUS0006573,PRD-FD02,BR0037,2276209.07,2.84,12,2023-04-21,2024-04-15,True,Active
FD0002264,CUS0005924,PRD-FD02,BR0013,2744788.68,1.64,12,2022-03-06,2023-03-01,False,Active
FD0002265,CUS0002554,PRD-FD03,BR0012,2534421.5,2.02,24,2025-09-30,2027-09-20,True,Matured
FD0002266,CUS0007716,PRD-FD02,BR0048,3311162.01,1.8,12,2025-07-04,2026-06-29,False,Matured
FD0002267,CUS0005948,PRD-FD02,BR0020,3497821.97,3.29,12,2025-02-19,2026-02-14,False,Active
FD0002268,CUS0005236,PRD-FD01,BR0049,1658705.68,2.83,6,2022-07-31,2023-01-27,False,Matured
FD0002269,CUS0001204,PRD-FD02,BR0019,2907513.85,2.13,12,2025-09-15,2026-09-10,True,Active
FD0002270,CUS0000964,PRD-FD03,BR0039,2646136.75,2.44,24,2022-11-27,2024-11-16,False,Matured
FD0002271,CUS0005250,PRD-FD01,BR0013,614454.7,2.48,6,2024-06-15,2024-12-12,True,Matured
FD0002272,CUS0000421,PRD-FD01,BR0019,3840450.81,2.38,6,2024-01-15,2024-07-13,False,Active
FD0002273,CUS0002422,PRD-FD03,BR0031,4643303.69,3.07,24,2023-02-16,2025-02-05,True,Active
FD0002274,CUS0009032,PRD-FD02,BR0043,2203425.68,1.62,12,2025-11-23,2026-11-18,False,Matured
FD0002275,CUS0008897,PRD-FD03,BR0020,2711550.18,1.32,24,2026-02-26,2028-02-16,False,Active
FD0002276,CUS0009089,PRD-FD01,BR0019,2463030.39,2.23,6,2024-12-24,2025-06-22,True,Active
FD0002277,CUS0003479,PRD-FD02,BR0046,2351307.21,3.5,12,2023-07-15,2024-07-09,True,Active
FD0002278,CUS0006911,PRD-FD02,BR0048,3172997.87,1.75,12,2023-09-30,2024-09-24,True,Active
FD0002279,CUS0002297,PRD-FD01,BR0039,976060.28,1.25,6,2025-10-22,2026-04-20,True,Active
FD0002280,CUS0001715,PRD-FD02,BR0024,2387819.28,1.86,12,2025-04-13,2026-04-08,True,Active
FD0002281,CUS0005194,PRD-FD03,BR0042,2688525.06,3.03,24,2022-06-28,2024-06-17,True,Active
FD0002282,CUS0005382,PRD-FD02,BR0003,4628851.74,2.6,12,2024-08-03,2025-07-29,False,Active
FD0002283,CUS0001333,PRD-FD03,BR0011,2042163.86,1.96,24,2023-01-29,2025-01-18,True,Matured
FD0002284,CUS0009016,PRD-FD02,BR0048,892098.04,2.48,12,2025-07-22,2026-07-17,False,Matured
FD0002285,CUS0005516,PRD-FD01,BR0041,2286625.89,2.15,6,2024-07-07,2025-01-03,True,Matured
FD0002286,CUS0005167,PRD-FD01,BR0015,2860569.54,2.58,6,2025-06-24,2025-12-21,True,Active
FD0002287,CUS0008559,PRD-FD02,BR0002,264358.79,3.28,12,2026-01-19,2027-01-14,False,Active
FD0002288,CUS0006313,PRD-FD03,BR0014,2689088.66,2.21,24,2026-01-29,2028-01-19,False,Active
FD0002289,CUS0009736,PRD-FD02,BR0002,1820075.24,1.91,12,2023-09-05,2024-08-30,True,Active
FD0002290,CUS0008930,PRD-FD03,BR0004,3108697.56,1.28,24,2024-11-07,2026-10-28,True,Active
FD0002291,CUS0009254,PRD-FD01,BR0018,4410666.65,3.01,6,2026-04-08,2026-10-05,True,Active
FD0002292,CUS0002627,PRD-FD03,BR0009,1694343.65,2.63,24,2024-06-08,2026-05-29,True,Active
FD0002293,CUS0009884,PRD-FD03,BR0027,3858821.51,2.21,24,2026-04-12,2028-04-01,True,Active
FD0002294,CUS0004552,PRD-FD03,BR0039,2520358.94,3.06,24,2024-09-10,2026-08-31,True,Active
FD0002295,CUS0001345,PRD-FD02,BR0010,1324971.81,1.44,12,2023-03-25,2024-03-19,True,Matured
FD0002296,CUS0004780,PRD-FD03,BR0029,2864026.07,3.07,24,2025-08-20,2027-08-10,True,Matured
FD0002297,CUS0006958,PRD-FD02,BR0020,1180895.67,1.94,12,2024-09-26,2025-09-21,False,Matured
FD0002298,CUS0003060,PRD-FD01,BR0016,242961.81,2.32,6,2024-02-06,2024-08-04,True,Matured
FD0002299,CUS0006399,PRD-FD02,BR0016,1835810.62,1.22,12,2024-05-24,2025-05-19,False,Active
FD0002300,CUS0001382,PRD-FD03,BR0009,794358.81,1.64,24,2022-07-03,2024-06-22,True,Active
FD0002301,CUS0005134,PRD-FD02,BR0024,2048587.88,2.84,12,2026-02-24,2027-02-19,False,Matured
FD0002302,CUS0003892,PRD-FD01,BR0014,1534966.94,2.42,6,2024-01-19,2024-07-17,False,Active
FD0002303,CUS0002223,PRD-FD01,BR0023,2094394.45,1.93,6,2022-09-13,2023-03-12,False,Matured
FD0002304,CUS0004609,PRD-FD02,BR0018,2522739.91,2.25,12,2025-08-01,2026-07-27,False,Active
FD0002305,CUS0009562,PRD-FD02,BR0006,3617029.4,2.96,12,2023-10-25,2024-10-19,False,Matured
FD0002306,CUS0000499,PRD-FD03,BR0033,1397984.29,2.47,24,2022-11-14,2024-11-03,True,Active
FD0002307,CUS0005990,PRD-FD01,BR0010,3718348.51,1.56,6,2022-10-05,2023-04-03,False,Matured
FD0002308,CUS0003031,PRD-FD03,BR0008,2749275.06,2.18,24,2023-12-13,2025-12-02,False,Active
FD0002309,CUS0007067,PRD-FD02,BR0019,1556750.21,1.94,12,2023-11-11,2024-11-05,True,Active
FD0002310,CUS0007043,PRD-FD02,BR0020,2331884.54,3.31,12,2024-02-15,2025-02-09,False,Active
FD0002311,CUS0005154,PRD-FD03,BR0008,4881521.76,2.37,24,2025-04-23,2027-04-13,True,Matured
FD0002312,CUS0008916,PRD-FD02,BR0036,4330548.03,3.34,12,2025-11-07,2026-11-02,True,Active
FD0002313,CUS0006456,PRD-FD01,BR0042,4263754.88,3.32,6,2026-03-22,2026-09-18,True,Active
FD0002314,CUS0009026,PRD-FD02,BR0016,3491555.02,3.04,12,2023-06-10,2024-06-04,True,Active
FD0002315,CUS0005114,PRD-FD01,BR0049,2578547.27,2.45,6,2024-08-12,2025-02-08,True,Matured
FD0002316,CUS0008367,PRD-FD01,BR0012,1577117.05,2.23,6,2025-05-29,2025-11-25,True,Matured
FD0002317,CUS0005720,PRD-FD02,BR0041,4370202.66,3.3,12,2023-02-18,2024-02-13,True,Matured
FD0002318,CUS0007780,PRD-FD02,BR0045,1427137.65,3.19,12,2024-10-28,2025-10-23,False,Active
FD0002319,CUS0003347,PRD-FD02,BR0007,1344242.19,2.45,12,2022-06-17,2023-06-12,True,Matured
FD0002320,CUS0004317,PRD-FD02,BR0005,4532006.33,1.98,12,2023-10-29,2024-10-23,True,Active
FD0002321,CUS0009040,PRD-FD01,BR0031,3300436.45,1.96,6,2024-08-16,2025-02-12,True,Matured
FD0002322,CUS0003068,PRD-FD03,BR0004,3422184.0,3.32,24,2026-02-14,2028-02-04,True,Active
FD0002323,CUS0002011,PRD-FD03,BR0038,1962734.91,1.41,24,2024-10-29,2026-10-19,True,Active
FD0002324,CUS0004383,PRD-FD03,BR0034,4694385.02,3.27,24,2024-04-20,2026-04-10,True,Active
FD0002325,CUS0000738,PRD-FD01,BR0036,2334853.63,2.97,6,2025-05-10,2025-11-06,False,Matured
FD0002326,CUS0005046,PRD-FD01,BR0005,4294696.91,1.44,6,2025-10-22,2026-04-20,True,Active
FD0002327,CUS0009637,PRD-FD01,BR0024,2952293.14,1.79,6,2023-10-14,2024-04-11,True,Active
FD0002328,CUS0009686,PRD-FD03,BR0049,2550007.17,1.66,24,2026-04-21,2028-04-10,False,Matured
FD0002329,CUS0000517,PRD-FD01,BR0024,2273706.36,2.53,6,2023-11-01,2024-04-29,False,Active
FD0002330,CUS0004992,PRD-FD02,BR0041,4779564.28,3.18,12,2022-10-05,2023-09-30,False,Matured
FD0002331,CUS0001638,PRD-FD03,BR0046,1440745.0,2.57,24,2025-01-27,2027-01-17,False,Matured
FD0002332,CUS0005333,PRD-FD02,BR0044,2041648.64,2.06,12,2023-03-09,2024-03-03,False,Active
FD0002333,CUS0004949,PRD-FD03,BR0017,3007518.53,1.83,24,2022-09-02,2024-08-22,False,Active
FD0002334,CUS0009912,PRD-FD01,BR0019,470909.66,2.02,6,2022-09-05,2023-03-04,False,Matured
FD0002335,CUS0008676,PRD-FD03,BR0013,3463720.24,1.38,24,2025-12-01,2027-11-21,True,Active
FD0002336,CUS0004269,PRD-FD01,BR0037,4621952.5,2.98,6,2025-12-28,2026-06-26,True,Matured
FD0002337,CUS0003062,PRD-FD02,BR0050,4385192.09,2.3,12,2025-04-18,2026-04-13,True,Active
FD0002338,CUS0002625,PRD-FD03,BR0031,4591650.08,2.68,24,2024-12-12,2026-12-02,False,Matured
FD0002339,CUS0000499,PRD-FD03,BR0018,3708397.51,1.66,24,2026-02-04,2028-01-25,True,Matured
FD0002340,CUS0005878,PRD-FD01,BR0013,4614049.94,1.46,6,2025-01-11,2025-07-10,False,Active
FD0002341,CUS0004279,PRD-FD03,BR0004,528874.34,1.53,24,2023-04-04,2025-03-24,True,Active
FD0002342,CUS0002214,PRD-FD03,BR0008,1503485.78,3.28,24,2024-09-23,2026-09-13,True,Active
FD0002343,CUS0004581,PRD-FD01,BR0020,2530277.72,2.2,6,2025-10-21,2026-04-19,False,Active
FD0002344,CUS0004617,PRD-FD01,BR0049,2326077.64,2.93,6,2022-07-04,2022-12-31,True,Active
FD0002345,CUS0000585,PRD-FD01,BR0034,2913202.16,2.11,6,2025-11-26,2026-05-25,False,Active
FD0002346,CUS0007547,PRD-FD03,BR0023,317503.1,3.44,24,2024-09-29,2026-09-19,True,Active
FD0002347,CUS0008607,PRD-FD03,BR0014,220929.64,2.04,24,2026-01-02,2027-12-23,True,Active
FD0002348,CUS0000952,PRD-FD02,BR0039,3266883.15,2.95,12,2023-04-10,2024-04-04,False,Active
FD0002349,CUS0005932,PRD-FD03,BR0007,67968.6,2.99,24,2023-10-30,2025-10-19,True,Active
FD0002350,CUS0008305,PRD-FD03,BR0036,2295887.71,2.87,24,2023-07-28,2025-07-17,False,Active
FD0002351,CUS0002419,PRD-FD03,BR0013,4667607.36,2.16,24,2022-05-11,2024-04-30,True,Active
FD0002352,CUS0007409,PRD-FD02,BR0021,2533680.69,3.18,12,2024-06-29,2025-06-24,True,Matured
FD0002353,CUS0001559,PRD-FD03,BR0047,3699665.92,2.25,24,2024-09-12,2026-09-02,False,Active
FD0002354,CUS0008743,PRD-FD01,BR0026,633951.99,2.24,6,2023-12-25,2024-06-22,True,Matured
FD0002355,CUS0003783,PRD-FD03,BR0032,4348974.25,1.25,24,2026-02-13,2028-02-03,False,Active
FD0002356,CUS0000462,PRD-FD01,BR0039,3210707.89,2.87,6,2025-06-02,2025-11-29,False,Active
FD0002357,CUS0007586,PRD-FD01,BR0035,4231638.95,2.05,6,2022-01-14,2022-07-13,False,Active
FD0002358,CUS0006885,PRD-FD02,BR0021,4134128.14,1.87,12,2022-11-19,2023-11-14,False,Active
FD0002359,CUS0000221,PRD-FD01,BR0009,2641625.72,2.83,6,2022-08-15,2023-02-11,False,Active
FD0002360,CUS0009942,PRD-FD02,BR0003,4128959.46,1.72,12,2023-05-03,2024-04-27,True,Active
FD0002361,CUS0007787,PRD-FD03,BR0038,4162043.38,2.51,24,2023-02-24,2025-02-13,True,Matured
FD0002362,CUS0002076,PRD-FD01,BR0010,4058703.02,2.66,6,2026-03-31,2026-09-27,False,Matured
FD0002363,CUS0006231,PRD-FD03,BR0012,656336.26,1.49,24,2024-09-05,2026-08-26,True,Active
FD0002364,CUS0003632,PRD-FD01,BR0027,190540.89,2.36,6,2026-03-20,2026-09-16,True,Matured
FD0002365,CUS0006118,PRD-FD01,BR0039,4881082.46,3.1,6,2026-04-03,2026-09-30,True,Active
FD0002366,CUS0003751,PRD-FD01,BR0021,2373510.01,2.23,6,2023-01-04,2023-07-03,True,Matured
FD0002367,CUS0006621,PRD-FD01,BR0001,4906848.03,2.99,6,2025-04-03,2025-09-30,False,Active
FD0002368,CUS0004147,PRD-FD02,BR0007,1159380.09,2.43,12,2025-01-14,2026-01-09,False,Active
FD0002369,CUS0000328,PRD-FD02,BR0001,4191767.87,2.46,12,2024-01-06,2024-12-31,True,Active
FD0002370,CUS0006481,PRD-FD01,BR0009,4922816.82,1.77,6,2025-11-17,2026-05-16,True,Active
FD0002371,CUS0007333,PRD-FD03,BR0038,2339794.52,3.47,24,2025-06-04,2027-05-25,True,Active
FD0002372,CUS0008140,PRD-FD01,BR0022,1035408.03,2.51,6,2024-04-14,2024-10-11,True,Active
FD0002373,CUS0006219,PRD-FD02,BR0043,4000937.35,2.37,12,2025-06-30,2026-06-25,True,Matured
FD0002374,CUS0000554,PRD-FD01,BR0009,368583.7,3.37,6,2022-12-22,2023-06-20,True,Active
FD0002375,CUS0000944,PRD-FD01,BR0027,2550602.0,3.45,6,2023-12-27,2024-06-24,False,Active
FD0002376,CUS0007801,PRD-FD02,BR0026,1291822.37,2.99,12,2023-10-23,2024-10-17,False,Active
FD0002377,CUS0001581,PRD-FD02,BR0041,3126739.69,2.26,12,2024-03-11,2025-03-06,False,Active
FD0002378,CUS0004592,PRD-FD03,BR0033,3302294.86,1.72,24,2024-11-23,2026-11-13,True,Active
FD0002379,CUS0002854,PRD-FD01,BR0004,150626.12,2.34,6,2022-04-01,2022-09-28,False,Active
FD0002380,CUS0009905,PRD-FD01,BR0009,2396917.23,1.57,6,2022-04-27,2022-10-24,True,Matured
FD0002381,CUS0001128,PRD-FD01,BR0050,4315106.12,2.67,6,2022-02-17,2022-08-16,False,Active
FD0002382,CUS0002903,PRD-FD02,BR0050,244306.61,2.29,12,2026-03-11,2027-03-06,True,Active
FD0002383,CUS0006842,PRD-FD01,BR0043,3060651.5,1.92,6,2023-02-04,2023-08-03,False,Active
FD0002384,CUS0009964,PRD-FD01,BR0033,4091480.32,3.12,6,2024-02-26,2024-08-24,False,Active
FD0002385,CUS0002239,PRD-FD03,BR0027,736197.14,3.39,24,2024-01-04,2025-12-24,True,Active
FD0002386,CUS0007441,PRD-FD03,BR0031,3822658.2,3.26,24,2025-03-28,2027-03-18,False,Active
FD0002387,CUS0002198,PRD-FD03,BR0017,3950228.32,1.3,24,2022-09-14,2024-09-03,False,Active
FD0002388,CUS0002834,PRD-FD01,BR0039,738177.97,1.75,6,2025-05-29,2025-11-25,False,Active
FD0002389,CUS0007859,PRD-FD03,BR0012,2606215.48,2.38,24,2022-05-22,2024-05-11,True,Matured
FD0002390,CUS0008451,PRD-FD03,BR0013,294255.42,2.26,24,2023-11-21,2025-11-10,True,Matured
FD0002391,CUS0009958,PRD-FD01,BR0031,2217814.12,3.48,6,2023-10-23,2024-04-20,True,Active
FD0002392,CUS0002391,PRD-FD02,BR0016,2948815.57,2.08,12,2025-06-05,2026-05-31,True,Matured
FD0002393,CUS0001064,PRD-FD02,BR0003,2318690.34,3.29,12,2022-12-04,2023-11-29,True,Active
FD0002394,CUS0009548,PRD-FD03,BR0016,585286.5,1.53,24,2024-08-23,2026-08-13,False,Active
FD0002395,CUS0008295,PRD-FD01,BR0038,3990639.18,3.45,6,2024-03-29,2024-09-25,False,Active
FD0002396,CUS0003391,PRD-FD03,BR0004,2894260.58,2.48,24,2023-05-30,2025-05-19,False,Active
FD0002397,CUS0002198,PRD-FD03,BR0028,2632670.27,1.78,24,2022-06-17,2024-06-06,True,Active
FD0002398,CUS0001004,PRD-FD03,BR0022,3368651.33,3.2,24,2025-07-31,2027-07-21,True,Matured
FD0002399,CUS0004871,PRD-FD01,BR0013,3670527.76,1.64,6,2023-07-22,2024-01-18,True,Active
FD0002400,CUS0003243,PRD-FD03,BR0045,2763362.3,3.4,24,2026-01-17,2028-01-07,True,Matured
FD0002401,CUS0007845,PRD-FD03,BR0003,4783478.37,2.51,24,2023-10-30,2025-10-19,False,Matured
FD0002402,CUS0003089,PRD-FD02,BR0034,4257384.14,3.48,12,2022-10-04,2023-09-29,True,Active
FD0002403,CUS0001813,PRD-FD02,BR0034,3869323.27,2.77,12,2025-07-02,2026-06-27,True,Active
FD0002404,CUS0001526,PRD-FD03,BR0015,3819930.81,3.2,24,2025-12-31,2027-12-21,False,Matured
FD0002405,CUS0000638,PRD-FD03,BR0039,347885.14,2.34,24,2025-10-16,2027-10-06,False,Active
FD0002406,CUS0006032,PRD-FD03,BR0027,4050508.4,2.88,24,2023-12-31,2025-12-20,False,Active
FD0002407,CUS0004361,PRD-FD02,BR0048,4292614.52,2.73,12,2025-04-01,2026-03-27,True,Active
FD0002408,CUS0004759,PRD-FD01,BR0041,3620829.36,3.02,6,2024-05-27,2024-11-23,True,Active
FD0002409,CUS0000433,PRD-FD02,BR0018,2606957.66,2.52,12,2024-07-19,2025-07-14,False,Matured
FD0002410,CUS0001450,PRD-FD01,BR0006,3089014.63,1.91,6,2026-02-28,2026-08-27,True,Matured
FD0002411,CUS0008619,PRD-FD03,BR0020,4008930.59,3.33,24,2026-01-23,2028-01-13,True,Active
FD0002412,CUS0000581,PRD-FD01,BR0036,4805600.78,1.66,6,2024-12-10,2025-06-08,True,Active
FD0002413,CUS0003470,PRD-FD01,BR0025,1521539.29,2.79,6,2023-05-11,2023-11-07,True,Active
FD0002414,CUS0008894,PRD-FD02,BR0013,314717.42,3.03,12,2022-06-11,2023-06-06,True,Active
FD0002415,CUS0009482,PRD-FD01,BR0027,1008751.82,3.25,6,2022-09-27,2023-03-26,True,Active
FD0002416,CUS0006864,PRD-FD02,BR0027,3357404.02,2.08,12,2023-09-15,2024-09-09,True,Active
FD0002417,CUS0004704,PRD-FD02,BR0001,2171389.19,2.12,12,2025-06-21,2026-06-16,False,Active
FD0002418,CUS0004580,PRD-FD02,BR0007,853449.59,3.33,12,2022-09-14,2023-09-09,False,Active
FD0002419,CUS0005305,PRD-FD02,BR0043,4000167.53,1.22,12,2025-07-05,2026-06-30,False,Active
FD0002420,CUS0000514,PRD-FD01,BR0047,3902921.54,1.21,6,2022-03-22,2022-09-18,False,Active
FD0002421,CUS0006862,PRD-FD02,BR0025,162753.31,2.6,12,2023-01-13,2024-01-08,False,Matured
FD0002422,CUS0002427,PRD-FD02,BR0013,4481368.9,2.42,12,2024-09-08,2025-09-03,True,Active
FD0002423,CUS0006557,PRD-FD01,BR0018,2240420.96,2.43,6,2024-01-12,2024-07-10,True,Active
FD0002424,CUS0008704,PRD-FD02,BR0038,1326897.97,3.32,12,2025-10-09,2026-10-04,False,Matured
FD0002425,CUS0007926,PRD-FD01,BR0046,415763.89,2.77,6,2024-08-22,2025-02-18,False,Active
FD0002426,CUS0007223,PRD-FD03,BR0009,827405.89,2.12,24,2024-01-23,2026-01-12,False,Active
FD0002427,CUS0003548,PRD-FD03,BR0037,2663586.2,3.49,24,2023-07-30,2025-07-19,True,Active
FD0002428,CUS0002947,PRD-FD03,BR0016,2107691.48,2.07,24,2023-12-04,2025-11-23,True,Active
FD0002429,CUS0003245,PRD-FD02,BR0004,2967400.27,2.73,12,2025-07-31,2026-07-26,True,Active
FD0002430,CUS0009245,PRD-FD03,BR0036,3136059.51,2.77,24,2024-12-05,2026-11-25,False,Matured
FD0002431,CUS0002033,PRD-FD02,BR0043,1360591.21,1.54,12,2022-07-26,2023-07-21,True,Matured
FD0002432,CUS0003046,PRD-FD02,BR0015,1777169.34,1.53,12,2022-01-29,2023-01-24,True,Active
FD0002433,CUS0002204,PRD-FD03,BR0039,2234016.85,2.35,24,2024-11-28,2026-11-18,True,Active
FD0002434,CUS0007119,PRD-FD02,BR0014,1297577.16,2.38,12,2024-04-06,2025-04-01,True,Active
FD0002435,CUS0004936,PRD-FD02,BR0006,1225075.71,3.42,12,2025-04-10,2026-04-05,True,Active
FD0002436,CUS0002002,PRD-FD03,BR0049,59463.93,1.96,24,2025-08-26,2027-08-16,False,Matured
FD0002437,CUS0009105,PRD-FD01,BR0015,1340343.29,2.2,6,2023-11-16,2024-05-14,True,Active
FD0002438,CUS0003344,PRD-FD03,BR0018,3095959.18,1.54,24,2025-03-14,2027-03-04,True,Active
FD0002439,CUS0003313,PRD-FD03,BR0012,1279442.43,3.38,24,2025-06-18,2027-06-08,False,Active
FD0002440,CUS0009018,PRD-FD01,BR0005,4990348.36,2.72,6,2024-08-07,2025-02-03,True,Active
FD0002441,CUS0000017,PRD-FD03,BR0020,725118.49,2.85,24,2024-08-10,2026-07-31,False,Matured
FD0002442,CUS0004403,PRD-FD01,BR0015,4358878.65,2.18,6,2024-05-11,2024-11-07,True,Active
FD0002443,CUS0008958,PRD-FD02,BR0040,443384.84,1.75,12,2025-02-25,2026-02-20,False,Active
FD0002444,CUS0006361,PRD-FD01,BR0020,4066173.01,2.81,6,2025-12-07,2026-06-05,True,Active
FD0002445,CUS0008709,PRD-FD03,BR0012,3710824.66,1.61,24,2023-04-22,2025-04-11,False,Matured
FD0002446,CUS0001790,PRD-FD03,BR0026,4594650.04,2.39,24,2024-03-23,2026-03-13,True,Matured
FD0002447,CUS0006192,PRD-FD01,BR0030,1054388.4,2.44,6,2024-12-30,2025-06-28,True,Active
FD0002448,CUS0003968,PRD-FD01,BR0035,367811.73,2.12,6,2023-07-24,2024-01-20,True,Active
FD0002449,CUS0000964,PRD-FD03,BR0041,3418239.35,2.39,24,2023-05-16,2025-05-05,True,Active
FD0002450,CUS0009569,PRD-FD03,BR0031,2613531.75,2.65,24,2025-08-30,2027-08-20,True,Active
FD0002451,CUS0000536,PRD-FD03,BR0010,2725864.73,3.45,24,2022-08-31,2024-08-20,False,Active
FD0002452,CUS0000375,PRD-FD01,BR0017,4097837.76,1.52,6,2022-04-16,2022-10-13,False,Active
FD0002453,CUS0000536,PRD-FD02,BR0029,2571837.03,2.88,12,2023-06-18,2024-06-12,True,Matured
FD0002454,CUS0001836,PRD-FD03,BR0026,4994331.85,3.44,24,2026-01-16,2028-01-06,True,Matured
FD0002455,CUS0004569,PRD-FD01,BR0015,3080157.61,1.4,6,2023-03-24,2023-09-20,True,Active
FD0002456,CUS0009732,PRD-FD03,BR0045,1064126.04,1.71,24,2023-09-22,2025-09-11,True,Matured
FD0002457,CUS0002796,PRD-FD02,BR0044,3718919.45,2.85,12,2025-08-22,2026-08-17,True,Active
FD0002458,CUS0003367,PRD-FD01,BR0012,1070713.48,3.33,6,2023-09-25,2024-03-23,False,Active
FD0002459,CUS0000602,PRD-FD02,BR0025,3338888.17,2.53,12,2025-06-06,2026-06-01,True,Active
FD0002460,CUS0003149,PRD-FD03,BR0001,1378452.16,2.09,24,2024-03-09,2026-02-27,True,Active
FD0002461,CUS0007689,PRD-FD01,BR0046,2875423.36,2.61,6,2022-12-23,2023-06-21,True,Active
FD0002462,CUS0004431,PRD-FD01,BR0048,828861.91,2.6,6,2025-01-28,2025-07-27,True,Active
FD0002463,CUS0005202,PRD-FD02,BR0015,4461615.35,2.59,12,2026-04-23,2027-04-18,True,Active
FD0002464,CUS0007311,PRD-FD01,BR0005,2932648.96,3.24,6,2023-04-20,2023-10-17,True,Matured
FD0002465,CUS0003525,PRD-FD01,BR0011,441476.79,1.76,6,2026-03-19,2026-09-15,True,Active
FD0002466,CUS0004554,PRD-FD02,BR0004,2733682.35,2.34,12,2025-03-21,2026-03-16,True,Active
FD0002467,CUS0006975,PRD-FD01,BR0022,3157701.16,2.1,6,2026-04-22,2026-10-19,True,Active
FD0002468,CUS0003764,PRD-FD03,BR0017,2235424.61,3.38,24,2025-12-22,2027-12-12,True,Active
FD0002469,CUS0003405,PRD-FD02,BR0047,4048270.43,2.94,12,2023-11-20,2024-11-14,False,Active
FD0002470,CUS0004094,PRD-FD02,BR0038,2540303.96,2.79,12,2023-05-19,2024-05-13,False,Active
FD0002471,CUS0007837,PRD-FD02,BR0049,737752.82,3.37,12,2023-10-25,2024-10-19,True,Active
FD0002472,CUS0009803,PRD-FD01,BR0021,4582090.58,1.95,6,2025-09-10,2026-03-09,False,Active
FD0002473,CUS0003999,PRD-FD03,BR0044,2043341.05,1.79,24,2024-03-26,2026-03-16,True,Active
FD0002474,CUS0000474,PRD-FD01,BR0046,3149701.59,2.78,6,2024-10-26,2025-04-24,True,Active
FD0002475,CUS0001589,PRD-FD01,BR0025,2545667.12,1.25,6,2025-06-22,2025-12-19,True,Matured
FD0002476,CUS0002884,PRD-FD01,BR0013,2048194.51,2.28,6,2025-07-27,2026-01-23,True,Active
FD0002477,CUS0006579,PRD-FD01,BR0021,1062660.42,2.63,6,2024-04-01,2024-09-28,True,Active
FD0002478,CUS0000705,PRD-FD02,BR0001,431578.5,3.27,12,2025-07-10,2026-07-05,False,Active
FD0002479,CUS0007907,PRD-FD01,BR0025,4081538.93,2.56,6,2022-11-08,2023-05-07,True,Active
FD0002480,CUS0009243,PRD-FD03,BR0047,3309866.7,2.88,24,2026-01-18,2028-01-08,False,Matured
FD0002481,CUS0007368,PRD-FD03,BR0012,2344560.83,2.05,24,2024-02-17,2026-02-06,True,Active
FD0002482,CUS0007260,PRD-FD01,BR0026,2722752.55,2.54,6,2023-03-19,2023-09-15,True,Active
FD0002483,CUS0008353,PRD-FD01,BR0047,812824.81,2.39,6,2025-08-04,2026-01-31,True,Matured
FD0002484,CUS0007509,PRD-FD03,BR0032,3931207.71,1.41,24,2024-06-02,2026-05-23,False,Active
FD0002485,CUS0005099,PRD-FD02,BR0048,1767041.39,1.64,12,2023-06-28,2024-06-22,True,Active
FD0002486,CUS0006599,PRD-FD02,BR0008,1866236.25,1.77,12,2024-12-24,2025-12-19,True,Active
FD0002487,CUS0007338,PRD-FD03,BR0003,3346003.97,3.25,24,2023-10-01,2025-09-20,False,Matured
FD0002488,CUS0001180,PRD-FD01,BR0013,721449.95,2.15,6,2026-01-26,2026-07-25,True,Active
FD0002489,CUS0002044,PRD-FD02,BR0020,3298364.03,3.29,12,2026-03-15,2027-03-10,False,Active
FD0002490,CUS0000259,PRD-FD02,BR0019,1129035.0,2.13,12,2022-04-20,2023-04-15,True,Active
FD0002491,CUS0005107,PRD-FD02,BR0040,4254812.31,3.28,12,2024-03-31,2025-03-26,False,Active
FD0002492,CUS0001404,PRD-FD01,BR0018,3482195.28,2.03,6,2022-10-17,2023-04-15,False,Matured
FD0002493,CUS0002516,PRD-FD01,BR0011,166043.33,2.37,6,2025-05-08,2025-11-04,True,Active
FD0002494,CUS0007226,PRD-FD03,BR0035,2874296.99,1.37,24,2023-02-21,2025-02-10,True,Active
FD0002495,CUS0005016,PRD-FD02,BR0023,2381565.46,2.56,12,2024-06-30,2025-06-25,False,Active
FD0002496,CUS0008767,PRD-FD03,BR0010,955001.69,2.42,24,2023-05-18,2025-05-07,True,Matured
FD0002497,CUS0009847,PRD-FD01,BR0049,1781276.61,2.36,6,2023-07-20,2024-01-16,True,Active
FD0002498,CUS0000989,PRD-FD02,BR0007,3437503.42,2.53,12,2023-12-27,2024-12-21,True,Active
FD0002499,CUS0001646,PRD-FD01,BR0040,2478632.71,1.33,6,2022-10-12,2023-04-10,False,Active
FD0002500,CUS0003454,PRD-FD03,BR0039,2115725.03,1.95,24,2025-04-01,2027-03-22,False,Active
FD0002501,CUS0002716,PRD-FD02,BR0017,183670.82,1.29,12,2022-01-01,2022-12-27,False,Matured
FD0002502,CUS0003819,PRD-FD02,BR0001,4104873.86,3.1,12,2022-01-02,2022-12-28,True,Active
FD0002503,CUS0009886,PRD-FD02,BR0011,1761573.5,1.93,12,2025-08-10,2026-08-05,False,Matured
FD0002504,CUS0003232,PRD-FD02,BR0021,2860461.13,1.69,12,2025-07-06,2026-07-01,True,Active
FD0002505,CUS0008577,PRD-FD03,BR0025,4670450.79,1.7,24,2024-10-06,2026-09-26,True,Active
FD0002506,CUS0005191,PRD-FD02,BR0039,1488313.53,1.5,12,2023-11-28,2024-11-22,False,Active
FD0002507,CUS0006547,PRD-FD03,BR0018,3882216.0,1.49,24,2023-02-15,2025-02-04,True,Active
FD0002508,CUS0003482,PRD-FD03,BR0023,647201.21,2.52,24,2023-02-05,2025-01-25,False,Matured
FD0002509,CUS0006775,PRD-FD01,BR0025,842310.46,2.87,6,2022-08-18,2023-02-14,True,Active
FD0002510,CUS0004317,PRD-FD01,BR0047,1611793.79,2.43,6,2023-05-05,2023-11-01,False,Matured
FD0002511,CUS0001565,PRD-FD02,BR0018,3011501.52,2.96,12,2024-08-14,2025-08-09,False,Active
FD0002512,CUS0003502,PRD-FD03,BR0041,1538793.49,3.2,24,2025-07-06,2027-06-26,True,Active
FD0002513,CUS0002323,PRD-FD01,BR0041,4672442.56,3.35,6,2024-01-29,2024-07-27,True,Active
FD0002514,CUS0007794,PRD-FD02,BR0033,822749.44,1.28,12,2024-10-27,2025-10-22,True,Active
FD0002515,CUS0009726,PRD-FD01,BR0011,4562451.4,3.01,6,2023-06-10,2023-12-07,True,Matured
FD0002516,CUS0009140,PRD-FD03,BR0011,2321817.95,2.83,24,2022-08-20,2024-08-09,True,Matured
FD0002517,CUS0007980,PRD-FD01,BR0043,4758574.8,3.28,6,2024-01-04,2024-07-02,True,Matured
FD0002518,CUS0008599,PRD-FD01,BR0050,1668017.14,3.33,6,2024-01-25,2024-07-23,True,Active
FD0002519,CUS0001621,PRD-FD02,BR0050,2945886.86,3.16,12,2025-05-21,2026-05-16,False,Active
FD0002520,CUS0002769,PRD-FD02,BR0009,3788367.78,2.73,12,2023-01-26,2024-01-21,True,Active
FD0002521,CUS0006280,PRD-FD01,BR0032,613996.2,1.55,6,2024-07-17,2025-01-13,True,Matured
FD0002522,CUS0007868,PRD-FD02,BR0014,4523603.46,2.0,12,2022-05-19,2023-05-14,False,Active
FD0002523,CUS0009910,PRD-FD02,BR0024,2714251.25,2.14,12,2025-01-11,2026-01-06,True,Matured
FD0002524,CUS0002189,PRD-FD02,BR0010,2987565.15,1.68,12,2023-10-18,2024-10-12,True,Active
FD0002525,CUS0009191,PRD-FD02,BR0007,689108.51,1.76,12,2023-12-04,2024-11-28,True,Active
FD0002526,CUS0006761,PRD-FD02,BR0033,196538.91,2.52,12,2026-01-20,2027-01-15,True,Active
FD0002527,CUS0002671,PRD-FD03,BR0047,2987114.15,3.14,24,2024-11-29,2026-11-19,True,Active
FD0002528,CUS0000837,PRD-FD01,BR0018,3575374.56,1.79,6,2025-09-25,2026-03-24,True,Active
FD0002529,CUS0001473,PRD-FD02,BR0028,3676051.22,1.31,12,2022-09-24,2023-09-19,False,Active
FD0002530,CUS0004788,PRD-FD03,BR0002,956850.96,2.92,24,2022-06-15,2024-06-04,False,Matured
FD0002531,CUS0004681,PRD-FD01,BR0001,435254.12,1.54,6,2022-01-27,2022-07-26,False,Active
FD0002532,CUS0009217,PRD-FD03,BR0017,1721186.95,2.66,24,2023-03-13,2025-03-02,True,Active
FD0002533,CUS0003877,PRD-FD02,BR0008,3382337.28,2.95,12,2024-02-07,2025-02-01,False,Active
FD0002534,CUS0004102,PRD-FD03,BR0016,2216015.15,3.2,24,2023-06-30,2025-06-19,True,Active
FD0002535,CUS0009554,PRD-FD03,BR0003,4359773.32,1.37,24,2024-12-07,2026-11-27,False,Active
FD0002536,CUS0003964,PRD-FD01,BR0050,1650027.61,3.49,6,2022-10-30,2023-04-28,True,Active
FD0002537,CUS0000626,PRD-FD02,BR0008,1092041.81,2.72,12,2022-02-09,2023-02-04,False,Matured
FD0002538,CUS0004287,PRD-FD02,BR0021,4799656.97,3.33,12,2025-05-31,2026-05-26,True,Matured
FD0002539,CUS0002929,PRD-FD02,BR0033,4894414.59,1.61,12,2024-04-12,2025-04-07,False,Matured
FD0002540,CUS0001798,PRD-FD03,BR0013,3989383.44,2.43,24,2024-06-25,2026-06-15,False,Active
FD0002541,CUS0005468,PRD-FD03,BR0017,2997457.23,1.35,24,2024-01-23,2026-01-12,False,Active
FD0002542,CUS0006486,PRD-FD01,BR0035,1281405.26,2.33,6,2024-05-20,2024-11-16,True,Active
FD0002543,CUS0002365,PRD-FD01,BR0001,2106586.83,2.77,6,2025-03-02,2025-08-29,True,Matured
FD0002544,CUS0008744,PRD-FD03,BR0034,2986918.81,2.77,24,2025-05-13,2027-05-03,False,Matured
FD0002545,CUS0004920,PRD-FD02,BR0014,3351203.1,1.41,12,2023-08-08,2024-08-02,True,Matured
FD0002546,CUS0001993,PRD-FD01,BR0048,4124163.3,3.34,6,2022-12-27,2023-06-25,True,Active
FD0002547,CUS0002754,PRD-FD01,BR0050,3179813.82,3.06,6,2022-05-11,2022-11-07,False,Matured
FD0002548,CUS0009298,PRD-FD01,BR0008,4030713.46,1.71,6,2026-01-02,2026-07-01,True,Active
FD0002549,CUS0002948,PRD-FD02,BR0020,2724946.02,1.75,12,2025-01-02,2025-12-28,False,Active
FD0002550,CUS0003956,PRD-FD01,BR0025,4707427.46,2.31,6,2022-05-12,2022-11-08,False,Matured
FD0002551,CUS0007069,PRD-FD03,BR0038,4528124.99,1.39,24,2023-09-14,2025-09-03,True,Matured
FD0002552,CUS0004548,PRD-FD02,BR0011,878354.68,2.61,12,2024-08-08,2025-08-03,False,Matured
FD0002553,CUS0001581,PRD-FD01,BR0050,4663636.99,1.28,6,2023-11-04,2024-05-02,True,Active
FD0002554,CUS0001547,PRD-FD03,BR0050,2678280.43,3.17,24,2024-12-24,2026-12-14,False,Active
FD0002555,CUS0008667,PRD-FD01,BR0032,2966607.12,2.97,6,2025-12-24,2026-06-22,True,Active
FD0002556,CUS0005940,PRD-FD01,BR0008,2649359.59,1.87,6,2023-01-25,2023-07-24,False,Active
FD0002557,CUS0001855,PRD-FD01,BR0009,1871504.48,1.32,6,2024-07-01,2024-12-28,True,Matured
FD0002558,CUS0003477,PRD-FD01,BR0004,344130.0,2.38,6,2024-08-18,2025-02-14,True,Active
FD0002559,CUS0005855,PRD-FD01,BR0041,1916742.54,1.96,6,2025-01-14,2025-07-13,True,Active
FD0002560,CUS0003904,PRD-FD02,BR0035,2949948.74,2.52,12,2025-08-02,2026-07-28,False,Active
FD0002561,CUS0007517,PRD-FD01,BR0041,2045118.86,1.73,6,2022-01-19,2022-07-18,True,Active
FD0002562,CUS0009048,PRD-FD03,BR0011,3537256.28,1.9,24,2024-03-20,2026-03-10,False,Active
FD0002563,CUS0008392,PRD-FD01,BR0011,977062.76,1.76,6,2026-02-10,2026-08-09,True,Active
FD0002564,CUS0007824,PRD-FD01,BR0020,1953168.43,1.4,6,2022-08-23,2023-02-19,False,Active
FD0002565,CUS0001367,PRD-FD01,BR0039,498172.26,3.3,6,2022-07-22,2023-01-18,True,Active
FD0002566,CUS0004359,PRD-FD03,BR0003,3057093.99,2.3,24,2025-06-23,2027-06-13,False,Active
FD0002567,CUS0009483,PRD-FD02,BR0002,4795989.68,3.23,12,2022-08-04,2023-07-30,False,Active
FD0002568,CUS0004501,PRD-FD03,BR0043,418958.63,1.81,24,2023-05-16,2025-05-05,False,Active
FD0002569,CUS0007914,PRD-FD03,BR0029,390823.95,3.38,24,2025-05-31,2027-05-21,False,Active
FD0002570,CUS0001859,PRD-FD01,BR0012,2857894.31,1.22,6,2024-05-23,2024-11-19,True,Active
FD0002571,CUS0003508,PRD-FD01,BR0041,1512669.84,2.61,6,2026-01-10,2026-07-09,True,Active
FD0002572,CUS0000987,PRD-FD01,BR0037,1190892.59,1.73,6,2024-03-06,2024-09-02,True,Matured
FD0002573,CUS0008775,PRD-FD01,BR0034,4129637.34,2.47,6,2025-12-14,2026-06-12,True,Matured
FD0002574,CUS0005586,PRD-FD01,BR0020,4280311.99,1.55,6,2025-11-24,2026-05-23,True,Active
FD0002575,CUS0002308,PRD-FD01,BR0006,1208352.3,3.02,6,2024-05-29,2024-11-25,True,Active
FD0002576,CUS0007154,PRD-FD03,BR0001,3242433.27,2.71,24,2024-04-24,2026-04-14,False,Active
FD0002577,CUS0008802,PRD-FD01,BR0022,1514782.1,2.91,6,2025-12-02,2026-05-31,False,Matured
FD0002578,CUS0004245,PRD-FD03,BR0020,1987725.53,2.56,24,2024-07-06,2026-06-26,True,Active
FD0002579,CUS0003286,PRD-FD01,BR0002,413598.37,1.62,6,2025-10-25,2026-04-23,False,Active
FD0002580,CUS0001614,PRD-FD03,BR0040,3260398.77,3.21,24,2024-09-24,2026-09-14,False,Active
FD0002581,CUS0003442,PRD-FD02,BR0009,888867.15,1.21,12,2025-05-04,2026-04-29,False,Active
FD0002582,CUS0005691,PRD-FD03,BR0024,2952802.01,3.11,24,2024-09-14,2026-09-04,True,Matured
FD0002583,CUS0003658,PRD-FD02,BR0039,4279385.13,2.78,12,2025-04-06,2026-04-01,True,Matured
FD0002584,CUS0009495,PRD-FD03,BR0004,1456189.24,2.33,24,2023-09-18,2025-09-07,True,Active
FD0002585,CUS0001523,PRD-FD02,BR0036,1681916.02,2.11,12,2022-09-12,2023-09-07,False,Matured
FD0002586,CUS0003341,PRD-FD02,BR0007,4161799.1,3.32,12,2025-02-20,2026-02-15,False,Matured
FD0002587,CUS0004661,PRD-FD02,BR0024,1785645.23,3.43,12,2026-02-27,2027-02-22,True,Active
FD0002588,CUS0005358,PRD-FD01,BR0001,3863573.74,1.83,6,2024-11-04,2025-05-03,True,Active
FD0002589,CUS0007474,PRD-FD01,BR0038,2456535.25,3.33,6,2026-04-09,2026-10-06,True,Active
FD0002590,CUS0008837,PRD-FD03,BR0038,1796886.0,2.39,24,2024-07-05,2026-06-25,True,Active
FD0002591,CUS0007402,PRD-FD03,BR0048,3172845.13,1.62,24,2024-02-09,2026-01-29,True,Matured
FD0002592,CUS0003851,PRD-FD03,BR0049,4204851.12,1.93,24,2024-06-13,2026-06-03,True,Matured
FD0002593,CUS0004771,PRD-FD02,BR0019,3294501.68,2.54,12,2022-02-27,2023-02-22,True,Active
FD0002594,CUS0006796,PRD-FD02,BR0015,2495192.6,3.47,12,2025-08-27,2026-08-22,False,Active
FD0002595,CUS0001532,PRD-FD01,BR0030,1648579.8,1.66,6,2024-02-27,2024-08-25,True,Active
FD0002596,CUS0000996,PRD-FD02,BR0003,1158325.4,3.04,12,2023-11-13,2024-11-07,False,Matured
FD0002597,CUS0002123,PRD-FD03,BR0001,3610976.13,2.54,24,2024-07-16,2026-07-06,True,Matured
FD0002598,CUS0005670,PRD-FD03,BR0018,4428319.41,3.42,24,2025-06-28,2027-06-18,False,Active
FD0002599,CUS0006018,PRD-FD01,BR0035,2001872.6,1.37,6,2022-03-27,2022-09-23,True,Matured
FD0002600,CUS0005204,PRD-FD03,BR0015,2850099.19,2.8,24,2023-07-11,2025-06-30,True,Matured
FD0002601,CUS0002752,PRD-FD02,BR0005,1992483.23,3.26,12,2026-02-13,2027-02-08,True,Matured
FD0002602,CUS0001610,PRD-FD01,BR0039,4299276.69,2.97,6,2024-07-10,2025-01-06,False,Active
FD0002603,CUS0005352,PRD-FD02,BR0031,3853494.71,1.25,12,2025-06-03,2026-05-29,True,Active
FD0002604,CUS0008732,PRD-FD03,BR0031,2245558.85,1.45,24,2022-01-23,2024-01-13,True,Active
FD0002605,CUS0006479,PRD-FD03,BR0004,4709380.15,3.46,24,2025-03-06,2027-02-24,True,Active
FD0002606,CUS0004591,PRD-FD03,BR0050,3860649.12,1.62,24,2026-05-01,2028-04-20,False,Matured
FD0002607,CUS0007951,PRD-FD02,BR0047,1816330.67,1.95,12,2025-04-09,2026-04-04,True,Active
FD0002608,CUS0005637,PRD-FD02,BR0011,997104.95,2.6,12,2022-07-23,2023-07-18,True,Active
FD0002609,CUS0003446,PRD-FD01,BR0044,897517.4,1.34,6,2024-09-08,2025-03-07,True,Active
FD0002610,CUS0009561,PRD-FD03,BR0049,484819.57,2.68,24,2023-11-23,2025-11-12,True,Active
FD0002611,CUS0004079,PRD-FD03,BR0022,317786.28,2.2,24,2022-01-17,2024-01-07,True,Matured
FD0002612,CUS0002109,PRD-FD01,BR0026,4885113.87,2.66,6,2023-02-27,2023-08-26,True,Active
FD0002613,CUS0008551,PRD-FD03,BR0042,4218872.32,1.25,24,2024-04-21,2026-04-11,False,Matured
FD0002614,CUS0009399,PRD-FD03,BR0029,4833783.11,2.1,24,2024-03-12,2026-03-02,False,Matured
FD0002615,CUS0006863,PRD-FD01,BR0021,1308174.74,3.38,6,2023-12-07,2024-06-04,True,Matured
FD0002616,CUS0004825,PRD-FD02,BR0038,2022069.79,2.69,12,2022-12-20,2023-12-15,False,Active
FD0002617,CUS0000726,PRD-FD01,BR0045,2382160.13,1.25,6,2023-04-16,2023-10-13,False,Active
FD0002618,CUS0003102,PRD-FD01,BR0008,294941.1,2.33,6,2026-03-18,2026-09-14,True,Active
FD0002619,CUS0000627,PRD-FD03,BR0038,4730869.13,2.86,24,2024-11-12,2026-11-02,True,Active
FD0002620,CUS0004268,PRD-FD01,BR0004,3382891.79,1.54,6,2022-09-07,2023-03-06,True,Active
FD0002621,CUS0008065,PRD-FD01,BR0002,4203444.09,3.19,6,2023-06-28,2023-12-25,False,Active
FD0002622,CUS0006787,PRD-FD02,BR0004,2499790.21,1.31,12,2023-01-22,2024-01-17,True,Matured
FD0002623,CUS0004890,PRD-FD01,BR0022,2909941.04,2.32,6,2025-01-31,2025-07-30,False,Active
FD0002624,CUS0007205,PRD-FD01,BR0015,786576.99,2.11,6,2022-05-20,2022-11-16,True,Active
FD0002625,CUS0007894,PRD-FD02,BR0025,4873310.44,3.15,12,2023-05-12,2024-05-06,True,Matured
FD0002626,CUS0008464,PRD-FD02,BR0045,1530041.27,2.73,12,2022-08-26,2023-08-21,True,Active
FD0002627,CUS0009298,PRD-FD03,BR0024,2961272.87,3.12,24,2023-09-18,2025-09-07,True,Active
FD0002628,CUS0002887,PRD-FD03,BR0011,3289857.65,1.72,24,2024-04-24,2026-04-14,True,Active
FD0002629,CUS0009996,PRD-FD03,BR0025,4317537.22,1.2,24,2025-05-24,2027-05-14,False,Active
FD0002630,CUS0001259,PRD-FD02,BR0028,4212969.45,2.71,12,2024-04-03,2025-03-29,False,Matured
FD0002631,CUS0000504,PRD-FD03,BR0012,3275474.43,1.31,24,2022-12-11,2024-11-30,False,Active
FD0002632,CUS0005293,PRD-FD02,BR0016,3551755.38,2.66,12,2023-04-01,2024-03-26,True,Active
FD0002633,CUS0005975,PRD-FD03,BR0039,1550266.4,2.36,24,2024-08-25,2026-08-15,True,Active
FD0002634,CUS0001576,PRD-FD02,BR0037,305539.65,2.42,12,2024-11-18,2025-11-13,False,Active
FD0002635,CUS0006120,PRD-FD03,BR0025,2032881.79,2.76,24,2023-12-26,2025-12-15,False,Active
FD0002636,CUS0009688,PRD-FD01,BR0030,2571919.92,2.68,6,2024-03-30,2024-09-26,True,Active
FD0002637,CUS0008897,PRD-FD03,BR0043,3629726.77,1.6,24,2024-08-20,2026-08-10,True,Active
FD0002638,CUS0002172,PRD-FD02,BR0033,374836.49,2.7,12,2024-04-13,2025-04-08,True,Active
FD0002639,CUS0004516,PRD-FD02,BR0011,2912555.83,2.77,12,2023-03-27,2024-03-21,True,Active
FD0002640,CUS0001728,PRD-FD01,BR0026,56678.34,1.54,6,2025-02-23,2025-08-22,True,Active
FD0002641,CUS0000419,PRD-FD01,BR0022,1059568.23,2.81,6,2025-01-08,2025-07-07,True,Active
FD0002642,CUS0006453,PRD-FD02,BR0039,4835514.99,1.62,12,2022-12-12,2023-12-07,True,Active
FD0002643,CUS0008388,PRD-FD02,BR0048,3121170.59,3.34,12,2025-01-26,2026-01-21,True,Active
FD0002644,CUS0007664,PRD-FD02,BR0017,1000159.5,1.44,12,2025-02-25,2026-02-20,True,Active
FD0002645,CUS0005992,PRD-FD02,BR0030,3440270.84,3.34,12,2025-09-28,2026-09-23,True,Active
FD0002646,CUS0003878,PRD-FD02,BR0040,2465836.75,2.47,12,2022-12-22,2023-12-17,True,Active
FD0002647,CUS0004854,PRD-FD02,BR0049,1374645.38,1.45,12,2023-05-25,2024-05-19,True,Matured
FD0002648,CUS0009141,PRD-FD01,BR0036,4119603.14,3.02,6,2024-04-30,2024-10-27,True,Active
FD0002649,CUS0003045,PRD-FD03,BR0004,1698665.01,1.31,24,2022-03-26,2024-03-15,True,Active
FD0002650,CUS0003731,PRD-FD01,BR0033,3959922.77,1.45,6,2026-03-13,2026-09-09,True,Active
FD0002651,CUS0004913,PRD-FD02,BR0043,2058422.53,2.04,12,2024-09-04,2025-08-30,False,Matured
FD0002652,CUS0007502,PRD-FD02,BR0026,897122.66,3.37,12,2022-02-11,2023-02-06,False,Matured
FD0002653,CUS0000886,PRD-FD02,BR0018,697264.09,1.61,12,2022-01-05,2022-12-31,True,Active
FD0002654,CUS0005546,PRD-FD03,BR0016,678731.19,3.12,24,2023-04-26,2025-04-15,False,Active
FD0002655,CUS0003237,PRD-FD01,BR0016,1093482.49,2.17,6,2023-01-16,2023-07-15,True,Matured
FD0002656,CUS0004218,PRD-FD01,BR0035,2908574.45,3.21,6,2022-04-17,2022-10-14,True,Active
FD0002657,CUS0003149,PRD-FD01,BR0040,3034434.79,1.87,6,2023-03-15,2023-09-11,True,Active
FD0002658,CUS0009367,PRD-FD01,BR0030,4829029.93,1.27,6,2025-11-22,2026-05-21,False,Matured
FD0002659,CUS0007982,PRD-FD01,BR0010,804969.02,1.69,6,2023-01-10,2023-07-09,True,Active
FD0002660,CUS0007461,PRD-FD02,BR0046,2936161.62,1.38,12,2024-10-03,2025-09-28,False,Matured
FD0002661,CUS0001716,PRD-FD03,BR0031,3267985.52,2.74,24,2026-03-03,2028-02-21,True,Active
FD0002662,CUS0001615,PRD-FD02,BR0008,3675009.77,2.09,12,2025-09-21,2026-09-16,True,Matured
FD0002663,CUS0001127,PRD-FD03,BR0022,3897010.7,2.28,24,2023-12-15,2025-12-04,True,Active
FD0002664,CUS0002987,PRD-FD03,BR0016,1942062.15,3.06,24,2023-11-24,2025-11-13,True,Active
FD0002665,CUS0005734,PRD-FD01,BR0012,3473540.6,1.97,6,2022-08-28,2023-02-24,False,Active
FD0002666,CUS0008391,PRD-FD03,BR0041,4888432.74,3.0,24,2022-08-17,2024-08-06,False,Matured
FD0002667,CUS0009530,PRD-FD01,BR0031,4120226.58,1.73,6,2023-11-30,2024-05-28,True,Active
FD0002668,CUS0003856,PRD-FD02,BR0047,4947578.11,3.34,12,2023-10-03,2024-09-27,False,Matured
FD0002669,CUS0009270,PRD-FD03,BR0032,4403295.38,2.69,24,2022-06-11,2024-05-31,True,Active
FD0002670,CUS0004426,PRD-FD01,BR0016,4761681.97,3.42,6,2023-10-10,2024-04-07,True,Active
FD0002671,CUS0001091,PRD-FD02,BR0044,284735.17,2.33,12,2022-08-15,2023-08-10,False,Active
FD0002672,CUS0009227,PRD-FD01,BR0045,2859574.92,3.3,6,2025-04-17,2025-10-14,True,Matured
FD0002673,CUS0002967,PRD-FD01,BR0030,4806731.3,2.62,6,2022-05-25,2022-11-21,True,Matured
FD0002674,CUS0003035,PRD-FD03,BR0011,2002430.9,3.3,24,2025-03-24,2027-03-14,False,Matured
FD0002675,CUS0007032,PRD-FD03,BR0030,1932351.37,2.55,24,2024-11-21,2026-11-11,True,Active
FD0002676,CUS0007959,PRD-FD01,BR0042,2659312.69,3.33,6,2022-08-21,2023-02-17,False,Active
FD0002677,CUS0009515,PRD-FD02,BR0045,2680107.05,2.51,12,2022-07-06,2023-07-01,False,Active
FD0002678,CUS0003699,PRD-FD02,BR0003,4930499.42,1.46,12,2024-08-14,2025-08-09,False,Active
FD0002679,CUS0003443,PRD-FD03,BR0009,2665131.53,2.36,24,2024-12-31,2026-12-21,True,Active
FD0002680,CUS0003262,PRD-FD02,BR0004,614313.22,3.35,12,2023-04-21,2024-04-15,True,Active
FD0002681,CUS0001442,PRD-FD02,BR0041,1865336.54,1.97,12,2026-03-20,2027-03-15,True,Active
FD0002682,CUS0000611,PRD-FD03,BR0047,876243.04,3.15,24,2025-04-09,2027-03-30,False,Matured
FD0002683,CUS0006329,PRD-FD01,BR0002,4367530.54,1.65,6,2025-08-16,2026-02-12,True,Active
FD0002684,CUS0005893,PRD-FD01,BR0034,1715213.34,1.42,6,2023-04-13,2023-10-10,True,Active
FD0002685,CUS0002799,PRD-FD03,BR0012,1331533.67,3.39,24,2023-11-25,2025-11-14,True,Active
FD0002686,CUS0007542,PRD-FD03,BR0001,2846171.89,1.23,24,2023-09-03,2025-08-23,True,Active
FD0002687,CUS0001243,PRD-FD02,BR0005,1058532.47,2.96,12,2023-05-06,2024-04-30,True,Active
FD0002688,CUS0006238,PRD-FD03,BR0005,111242.36,1.87,24,2022-03-22,2024-03-11,True,Matured
FD0002689,CUS0004873,PRD-FD02,BR0044,2267319.59,2.85,12,2023-03-08,2024-03-02,True,Matured
FD0002690,CUS0006221,PRD-FD02,BR0028,2701549.66,2.74,12,2025-01-28,2026-01-23,True,Active
FD0002691,CUS0000212,PRD-FD01,BR0009,4107186.48,1.46,6,2025-02-13,2025-08-12,True,Active
FD0002692,CUS0009374,PRD-FD01,BR0011,4030879.99,2.52,6,2024-06-27,2024-12-24,True,Matured
FD0002693,CUS0003739,PRD-FD01,BR0026,3803906.97,3.29,6,2025-02-07,2025-08-06,False,Active
FD0002694,CUS0006869,PRD-FD02,BR0032,2004837.52,2.08,12,2024-12-18,2025-12-13,True,Active
FD0002695,CUS0001077,PRD-FD03,BR0013,766305.35,2.2,24,2023-06-07,2025-05-27,False,Matured
FD0002696,CUS0004577,PRD-FD03,BR0030,3741759.48,1.54,24,2025-01-31,2027-01-21,False,Active
FD0002697,CUS0000600,PRD-FD01,BR0035,409517.61,2.38,6,2023-08-14,2024-02-10,False,Active
FD0002698,CUS0006797,PRD-FD02,BR0022,3620710.63,1.28,12,2025-08-17,2026-08-12,False,Active
FD0002699,CUS0001046,PRD-FD02,BR0007,549736.96,2.2,12,2026-03-05,2027-02-28,True,Active
FD0002700,CUS0006948,PRD-FD03,BR0024,2836848.33,1.33,24,2022-02-14,2024-02-04,False,Active
FD0002701,CUS0006405,PRD-FD03,BR0017,2039285.43,2.06,24,2024-02-06,2026-01-26,True,Active
FD0002702,CUS0008901,PRD-FD02,BR0021,4523226.2,3.06,12,2025-09-25,2026-09-20,False,Active
FD0002703,CUS0008251,PRD-FD03,BR0027,3304843.71,2.18,24,2024-08-25,2026-08-15,False,Active
FD0002704,CUS0000531,PRD-FD03,BR0034,3608951.59,1.39,24,2025-02-03,2027-01-24,True,Active
FD0002705,CUS0004878,PRD-FD02,BR0028,2285934.56,1.35,12,2025-09-09,2026-09-04,False,Active
FD0002706,CUS0003482,PRD-FD01,BR0026,4769776.94,1.72,6,2026-03-21,2026-09-17,False,Matured
FD0002707,CUS0005011,PRD-FD03,BR0010,4947803.3,3.43,24,2024-01-24,2026-01-13,False,Active
FD0002708,CUS0006100,PRD-FD01,BR0005,2457558.31,3.26,6,2022-10-16,2023-04-14,True,Active
FD0002709,CUS0000278,PRD-FD01,BR0009,1834974.11,2.91,6,2024-07-25,2025-01-21,True,Matured
FD0002710,CUS0009575,PRD-FD03,BR0030,3845820.94,3.2,24,2025-07-01,2027-06-21,False,Active
FD0002711,CUS0000139,PRD-FD02,BR0037,1998226.88,2.1,12,2022-10-31,2023-10-26,True,Active
FD0002712,CUS0003103,PRD-FD01,BR0043,3811880.21,1.79,6,2022-01-14,2022-07-13,False,Active
FD0002713,CUS0009888,PRD-FD03,BR0047,4849932.18,1.95,24,2024-11-08,2026-10-29,True,Active
FD0002714,CUS0002570,PRD-FD03,BR0015,4643299.53,2.5,24,2023-03-14,2025-03-03,False,Active
FD0002715,CUS0002646,PRD-FD03,BR0003,924790.87,2.07,24,2022-04-15,2024-04-04,True,Active
FD0002716,CUS0003045,PRD-FD03,BR0005,1154113.82,2.33,24,2022-08-20,2024-08-09,False,Matured
FD0002717,CUS0008896,PRD-FD02,BR0017,2252723.72,3.43,12,2023-01-20,2024-01-15,True,Active
FD0002718,CUS0000024,PRD-FD03,BR0023,380602.03,2.34,24,2022-11-09,2024-10-29,False,Matured
FD0002719,CUS0001056,PRD-FD03,BR0007,4055974.37,1.72,24,2023-06-07,2025-05-27,True,Active
FD0002720,CUS0004521,PRD-FD02,BR0025,1356369.68,1.59,12,2026-01-29,2027-01-24,True,Active
FD0002721,CUS0001911,PRD-FD01,BR0016,1091042.65,2.11,6,2023-01-02,2023-07-01,False,Matured
FD0002722,CUS0000274,PRD-FD03,BR0033,1735178.76,3.32,24,2024-12-09,2026-11-29,True,Active
FD0002723,CUS0006283,PRD-FD01,BR0004,4480659.07,2.54,6,2022-09-24,2023-03-23,False,Active
FD0002724,CUS0007231,PRD-FD03,BR0031,2100894.28,3.49,24,2025-01-26,2027-01-16,False,Active
FD0002725,CUS0006353,PRD-FD01,BR0009,4249915.37,3.06,6,2023-01-21,2023-07-20,True,Active
FD0002726,CUS0000340,PRD-FD02,BR0049,674821.07,1.68,12,2024-10-10,2025-10-05,False,Active
FD0002727,CUS0008810,PRD-FD02,BR0038,500552.28,2.78,12,2025-09-28,2026-09-23,True,Active
FD0002728,CUS0007442,PRD-FD03,BR0014,1553470.53,3.37,24,2024-12-16,2026-12-06,True,Matured
FD0002729,CUS0009319,PRD-FD01,BR0029,3398842.77,3.09,6,2023-05-01,2023-10-28,True,Active
FD0002730,CUS0002416,PRD-FD01,BR0043,1656561.15,2.43,6,2024-10-03,2025-04-01,True,Active
FD0002731,CUS0003938,PRD-FD01,BR0017,1072407.18,1.63,6,2024-01-02,2024-06-30,False,Active
FD0002732,CUS0002177,PRD-FD02,BR0012,2214737.94,3.46,12,2023-05-14,2024-05-08,False,Active
FD0002733,CUS0009350,PRD-FD02,BR0046,2397245.36,1.49,12,2023-03-28,2024-03-22,False,Active
FD0002734,CUS0008445,PRD-FD02,BR0040,504686.6,1.25,12,2025-01-27,2026-01-22,True,Matured
FD0002735,CUS0008357,PRD-FD03,BR0046,2075408.83,2.26,24,2022-07-05,2024-06-24,False,Active
FD0002736,CUS0003236,PRD-FD02,BR0032,1191316.64,2.3,12,2024-03-07,2025-03-02,True,Active
FD0002737,CUS0003497,PRD-FD03,BR0035,2361444.5,3.03,24,2023-07-21,2025-07-10,True,Active
FD0002738,CUS0000908,PRD-FD01,BR0050,2395892.5,3.24,6,2024-07-27,2025-01-23,False,Matured
FD0002739,CUS0003500,PRD-FD02,BR0018,4286899.13,1.49,12,2022-03-13,2023-03-08,True,Active
FD0002740,CUS0004347,PRD-FD01,BR0043,4823988.1,2.35,6,2023-06-26,2023-12-23,False,Active
FD0002741,CUS0008360,PRD-FD03,BR0038,833729.18,1.67,24,2024-12-03,2026-11-23,True,Matured
FD0002742,CUS0005532,PRD-FD01,BR0017,3531446.86,1.29,6,2023-04-01,2023-09-28,True,Active
FD0002743,CUS0006099,PRD-FD01,BR0022,1606243.4,2.71,6,2024-01-18,2024-07-16,False,Active
FD0002744,CUS0004619,PRD-FD02,BR0033,4807431.96,1.88,12,2024-04-09,2025-04-04,False,Matured
FD0002745,CUS0000843,PRD-FD02,BR0050,1808976.88,3.02,12,2026-01-29,2027-01-24,True,Matured
FD0002746,CUS0006379,PRD-FD02,BR0049,4366570.1,2.95,12,2022-07-02,2023-06-27,True,Active
FD0002747,CUS0008292,PRD-FD03,BR0010,1401139.83,1.38,24,2025-10-18,2027-10-08,False,Active
FD0002748,CUS0002389,PRD-FD02,BR0006,779218.47,1.42,12,2025-02-15,2026-02-10,True,Active
FD0002749,CUS0003106,PRD-FD01,BR0037,3961832.48,1.74,6,2022-09-03,2023-03-02,False,Matured
FD0002750,CUS0004944,PRD-FD01,BR0045,3632579.66,3.41,6,2024-07-25,2025-01-21,True,Active
FD0002751,CUS0007071,PRD-FD02,BR0009,4312532.98,2.21,12,2024-03-02,2025-02-25,True,Active
FD0002752,CUS0001262,PRD-FD03,BR0014,487518.09,1.41,24,2025-11-02,2027-10-23,True,Active
FD0002753,CUS0002169,PRD-FD01,BR0045,3065451.91,1.86,6,2025-10-04,2026-04-02,False,Active
FD0002754,CUS0007263,PRD-FD02,BR0024,2885259.27,2.25,12,2025-08-11,2026-08-06,False,Matured
FD0002755,CUS0000785,PRD-FD03,BR0032,416072.45,1.54,24,2022-07-30,2024-07-19,False,Active
FD0002756,CUS0003574,PRD-FD03,BR0031,1876724.33,3.46,24,2025-02-28,2027-02-18,True,Active
FD0002757,CUS0000472,PRD-FD02,BR0041,2935394.17,2.9,12,2023-11-27,2024-11-21,False,Matured
FD0002758,CUS0005545,PRD-FD03,BR0036,239116.62,3.07,24,2024-08-28,2026-08-18,True,Active
FD0002759,CUS0002675,PRD-FD02,BR0014,3386180.72,2.48,12,2025-11-17,2026-11-12,True,Active
FD0002760,CUS0000247,PRD-FD01,BR0036,2569541.4,1.98,6,2025-07-13,2026-01-09,False,Active
FD0002761,CUS0000293,PRD-FD02,BR0037,351683.29,1.67,12,2022-03-14,2023-03-09,False,Matured
FD0002762,CUS0003600,PRD-FD03,BR0024,4366650.88,1.25,24,2026-01-06,2027-12-27,False,Active
FD0002763,CUS0007984,PRD-FD01,BR0042,3142756.45,2.75,6,2025-08-27,2026-02-23,True,Active
FD0002764,CUS0006677,PRD-FD01,BR0011,193592.91,1.77,6,2026-03-08,2026-09-04,False,Active
FD0002765,CUS0000506,PRD-FD02,BR0023,620182.25,1.27,12,2024-12-31,2025-12-26,True,Active
FD0002766,CUS0002691,PRD-FD02,BR0038,486507.44,1.9,12,2026-03-13,2027-03-08,True,Active
FD0002767,CUS0006343,PRD-FD02,BR0038,3321857.33,2.09,12,2025-11-06,2026-11-01,True,Active
FD0002768,CUS0000462,PRD-FD02,BR0047,4073442.79,2.87,12,2026-01-21,2027-01-16,True,Active
FD0002769,CUS0001171,PRD-FD02,BR0004,3848236.17,2.75,12,2025-03-26,2026-03-21,True,Active
FD0002770,CUS0005405,PRD-FD03,BR0033,1406610.96,1.43,24,2022-03-20,2024-03-09,True,Active
FD0002771,CUS0005611,PRD-FD02,BR0025,1659528.11,2.56,12,2024-12-21,2025-12-16,True,Matured
FD0002772,CUS0005647,PRD-FD03,BR0050,3032836.27,3.47,24,2023-07-05,2025-06-24,True,Active
FD0002773,CUS0005912,PRD-FD01,BR0041,831741.02,1.99,6,2023-09-03,2024-03-01,False,Matured
FD0002774,CUS0006018,PRD-FD01,BR0013,3387580.66,2.7,6,2025-10-04,2026-04-02,True,Active
FD0002775,CUS0000638,PRD-FD01,BR0041,4796616.4,2.16,6,2024-07-13,2025-01-09,True,Matured
FD0002776,CUS0005840,PRD-FD03,BR0003,2719868.54,2.56,24,2023-07-04,2025-06-23,False,Matured
FD0002777,CUS0000775,PRD-FD03,BR0048,1272329.74,2.38,24,2026-04-20,2028-04-09,True,Active
FD0002778,CUS0007564,PRD-FD01,BR0037,847368.48,1.71,6,2024-09-29,2025-03-28,False,Active
FD0002779,CUS0006604,PRD-FD01,BR0021,3231255.05,2.81,6,2022-04-23,2022-10-20,True,Active
FD0002780,CUS0008183,PRD-FD02,BR0025,2810179.08,1.68,12,2022-01-05,2022-12-31,False,Active
FD0002781,CUS0005377,PRD-FD02,BR0002,2184458.06,1.51,12,2022-06-08,2023-06-03,False,Active
FD0002782,CUS0005781,PRD-FD03,BR0021,3248503.75,3.05,24,2024-06-16,2026-06-06,True,Matured
FD0002783,CUS0004854,PRD-FD03,BR0016,1224751.85,2.68,24,2025-11-10,2027-10-31,True,Matured
FD0002784,CUS0006430,PRD-FD03,BR0015,4448925.89,2.59,24,2024-02-26,2026-02-15,False,Active
FD0002785,CUS0006297,PRD-FD02,BR0023,2256558.7,1.23,12,2022-08-28,2023-08-23,False,Active
FD0002786,CUS0004307,PRD-FD02,BR0001,943993.1,1.88,12,2023-08-01,2024-07-26,True,Active
FD0002787,CUS0000287,PRD-FD01,BR0004,3712259.78,2.64,6,2022-07-29,2023-01-25,False,Matured
FD0002788,CUS0008457,PRD-FD01,BR0040,1126180.51,1.55,6,2022-12-27,2023-06-25,True,Active
FD0002789,CUS0008347,PRD-FD02,BR0036,4241828.36,3.41,12,2026-03-13,2027-03-08,False,Active
FD0002790,CUS0009935,PRD-FD03,BR0045,2919944.11,2.34,24,2023-06-03,2025-05-23,True,Matured
FD0002791,CUS0007622,PRD-FD03,BR0024,740522.68,1.64,24,2025-03-10,2027-02-28,False,Active
FD0002792,CUS0003792,PRD-FD02,BR0039,3811288.39,2.44,12,2022-04-20,2023-04-15,True,Matured
FD0002793,CUS0000237,PRD-FD03,BR0005,3593564.84,3.4,24,2025-09-06,2027-08-27,True,Matured
FD0002794,CUS0007671,PRD-FD02,BR0036,4139788.26,1.52,12,2026-01-23,2027-01-18,True,Active
FD0002795,CUS0001377,PRD-FD02,BR0008,163005.47,1.65,12,2023-05-15,2024-05-09,True,Active
FD0002796,CUS0004566,PRD-FD02,BR0034,2004821.81,3.46,12,2022-07-16,2023-07-11,False,Active
FD0002797,CUS0005386,PRD-FD01,BR0039,3318744.46,3.34,6,2023-08-21,2024-02-17,True,Matured
FD0002798,CUS0008331,PRD-FD01,BR0021,3561250.95,3.06,6,2022-03-02,2022-08-29,False,Active
FD0002799,CUS0008531,PRD-FD01,BR0018,3456068.89,1.75,6,2025-02-02,2025-08-01,True,Active
FD0002800,CUS0002637,PRD-FD01,BR0029,2659967.23,3.41,6,2024-01-22,2024-07-20,False,Matured
FD0002801,CUS0002274,PRD-FD03,BR0038,4085392.22,2.6,24,2024-08-16,2026-08-06,True,Active
FD0002802,CUS0008394,PRD-FD01,BR0013,4145370.67,2.68,6,2025-10-20,2026-04-18,True,Matured
FD0002803,CUS0002277,PRD-FD02,BR0019,1733300.25,1.47,12,2026-03-24,2027-03-19,False,Active
FD0002804,CUS0000055,PRD-FD03,BR0028,1801678.14,2.69,24,2025-12-17,2027-12-07,False,Matured
FD0002805,CUS0000759,PRD-FD01,BR0040,2984310.3,2.21,6,2024-04-30,2024-10-27,False,Active
FD0002806,CUS0005257,PRD-FD01,BR0007,872359.09,2.25,6,2024-07-13,2025-01-09,True,Active
FD0002807,CUS0003897,PRD-FD02,BR0028,359334.1,3.49,12,2022-10-02,2023-09-27,False,Active
FD0002808,CUS0001893,PRD-FD01,BR0024,4280167.28,2.88,6,2022-12-04,2023-06-02,False,Active
FD0002809,CUS0004668,PRD-FD01,BR0046,613130.95,1.42,6,2022-12-31,2023-06-29,False,Active
FD0002810,CUS0000529,PRD-FD02,BR0025,4386507.52,2.93,12,2023-04-27,2024-04-21,False,Active
FD0002811,CUS0003726,PRD-FD01,BR0050,4437168.14,1.98,6,2026-01-20,2026-07-19,True,Active
FD0002812,CUS0004761,PRD-FD01,BR0023,4002732.73,2.16,6,2026-01-03,2026-07-02,True,Matured
FD0002813,CUS0003624,PRD-FD03,BR0047,1393868.91,2.95,24,2024-06-20,2026-06-10,True,Active
FD0002814,CUS0001326,PRD-FD02,BR0049,2597122.11,3.11,12,2022-08-25,2023-08-20,False,Matured
FD0002815,CUS0004590,PRD-FD03,BR0037,3275605.69,1.48,24,2025-11-01,2027-10-22,True,Active
FD0002816,CUS0005030,PRD-FD03,BR0031,1050932.09,2.41,24,2022-12-20,2024-12-09,False,Active
FD0002817,CUS0008442,PRD-FD02,BR0009,2395654.46,2.54,12,2025-07-31,2026-07-26,True,Active
FD0002818,CUS0008124,PRD-FD03,BR0045,3774026.56,2.27,24,2024-08-08,2026-07-29,False,Matured
FD0002819,CUS0002561,PRD-FD02,BR0026,2243357.37,1.95,12,2024-10-10,2025-10-05,True,Active
FD0002820,CUS0002059,PRD-FD03,BR0043,3842243.65,3.06,24,2023-10-15,2025-10-04,False,Matured
FD0002821,CUS0008230,PRD-FD01,BR0041,1337582.21,2.48,6,2022-04-28,2022-10-25,False,Active
FD0002822,CUS0001150,PRD-FD02,BR0006,486755.85,3.31,12,2024-02-19,2025-02-13,True,Active
FD0002823,CUS0001041,PRD-FD01,BR0002,1079548.53,1.23,6,2023-01-10,2023-07-09,False,Matured
FD0002824,CUS0003548,PRD-FD03,BR0038,3318048.73,2.2,24,2025-06-04,2027-05-25,False,Matured
FD0002825,CUS0000845,PRD-FD03,BR0024,2882280.38,1.88,24,2025-10-18,2027-10-08,True,Active
FD0002826,CUS0009700,PRD-FD01,BR0025,3801727.09,1.81,6,2025-05-31,2025-11-27,False,Active
FD0002827,CUS0006841,PRD-FD02,BR0008,581658.03,1.68,12,2023-08-02,2024-07-27,False,Active
FD0002828,CUS0005591,PRD-FD03,BR0050,2111145.17,2.81,24,2025-02-25,2027-02-15,True,Active
FD0002829,CUS0000265,PRD-FD01,BR0022,1985644.04,3.16,6,2022-05-18,2022-11-14,True,Active
FD0002830,CUS0009884,PRD-FD01,BR0001,4844406.55,1.64,6,2024-08-04,2025-01-31,False,Active
FD0002831,CUS0007022,PRD-FD01,BR0002,1167069.97,1.77,6,2025-08-14,2026-02-10,False,Active
FD0002832,CUS0003947,PRD-FD03,BR0007,620985.19,1.76,24,2025-01-09,2026-12-30,True,Active
FD0002833,CUS0009844,PRD-FD01,BR0031,4052103.26,3.05,6,2022-09-13,2023-03-12,True,Matured
FD0002834,CUS0000845,PRD-FD02,BR0021,2103118.59,1.69,12,2022-05-28,2023-05-23,True,Matured
FD0002835,CUS0002236,PRD-FD01,BR0043,2318383.95,2.58,6,2022-11-15,2023-05-14,False,Active
FD0002836,CUS0009746,PRD-FD03,BR0002,3912912.86,2.63,24,2024-12-03,2026-11-23,True,Matured
FD0002837,CUS0006735,PRD-FD03,BR0022,4507329.43,1.82,24,2025-06-13,2027-06-03,True,Matured
FD0002838,CUS0007645,PRD-FD01,BR0006,3661694.02,1.26,6,2024-11-22,2025-05-21,True,Active
FD0002839,CUS0001028,PRD-FD02,BR0010,295892.73,3.36,12,2025-04-21,2026-04-16,True,Active
FD0002840,CUS0000333,PRD-FD02,BR0022,996004.87,2.67,12,2025-09-08,2026-09-03,False,Active
FD0002841,CUS0005974,PRD-FD02,BR0050,4564875.45,1.98,12,2023-07-21,2024-07-15,True,Active
FD0002842,CUS0003641,PRD-FD02,BR0043,803870.67,1.75,12,2025-11-19,2026-11-14,False,Active
FD0002843,CUS0003367,PRD-FD02,BR0050,4436012.9,2.54,12,2023-07-04,2024-06-28,False,Active
FD0002844,CUS0004690,PRD-FD01,BR0048,4946530.89,2.55,6,2025-01-25,2025-07-24,True,Active
FD0002845,CUS0001808,PRD-FD02,BR0027,2359631.44,3.26,12,2025-07-12,2026-07-07,True,Active
FD0002846,CUS0005545,PRD-FD02,BR0001,4332658.28,2.67,12,2024-08-08,2025-08-03,True,Matured
FD0002847,CUS0005135,PRD-FD01,BR0031,1253253.87,1.62,6,2025-04-02,2025-09-29,True,Active
FD0002848,CUS0000511,PRD-FD01,BR0040,4021113.02,2.31,6,2023-07-19,2024-01-15,True,Active
FD0002849,CUS0004836,PRD-FD01,BR0028,4967847.87,1.46,6,2026-02-16,2026-08-15,True,Active
FD0002850,CUS0008059,PRD-FD02,BR0048,471994.54,2.14,12,2023-10-24,2024-10-18,True,Active
FD0002851,CUS0000437,PRD-FD03,BR0033,4122376.59,2.28,24,2024-07-17,2026-07-07,True,Active
FD0002852,CUS0001696,PRD-FD03,BR0031,2813122.4,2.56,24,2024-09-24,2026-09-14,False,Matured
FD0002853,CUS0005410,PRD-FD02,BR0036,4766898.79,3.48,12,2024-06-04,2025-05-30,True,Active
FD0002854,CUS0008259,PRD-FD03,BR0042,1555274.88,1.39,24,2023-11-12,2025-11-01,True,Matured
FD0002855,CUS0002696,PRD-FD01,BR0033,1525277.8,2.78,6,2022-11-21,2023-05-20,True,Active
FD0002856,CUS0001230,PRD-FD02,BR0016,2961722.01,2.42,12,2023-08-15,2024-08-09,True,Matured
FD0002857,CUS0003122,PRD-FD02,BR0002,275978.48,1.75,12,2025-08-22,2026-08-17,True,Active
FD0002858,CUS0008725,PRD-FD01,BR0007,4181653.97,2.6,6,2023-05-09,2023-11-05,True,Active
FD0002859,CUS0005346,PRD-FD02,BR0044,3425845.35,2.51,12,2025-09-20,2026-09-15,False,Active
FD0002860,CUS0005030,PRD-FD01,BR0048,4521672.88,3.02,6,2024-10-25,2025-04-23,False,Active
FD0002861,CUS0003413,PRD-FD02,BR0044,1662131.55,1.93,12,2023-02-16,2024-02-11,False,Active
FD0002862,CUS0003830,PRD-FD01,BR0033,4899846.03,2.98,6,2024-02-14,2024-08-12,True,Active
FD0002863,CUS0008066,PRD-FD03,BR0031,4403922.29,3.01,24,2022-05-18,2024-05-07,False,Active
FD0002864,CUS0003972,PRD-FD03,BR0042,4773935.61,3.24,24,2022-04-01,2024-03-21,True,Active
FD0002865,CUS0008116,PRD-FD03,BR0031,2064413.42,3.44,24,2023-05-02,2025-04-21,True,Active
FD0002866,CUS0006304,PRD-FD03,BR0028,1498313.95,1.9,24,2023-06-27,2025-06-16,True,Active
FD0002867,CUS0009916,PRD-FD02,BR0043,3352155.79,1.78,12,2024-11-13,2025-11-08,True,Active
FD0002868,CUS0007189,PRD-FD03,BR0029,1279758.97,2.17,24,2026-01-08,2027-12-29,True,Matured
FD0002869,CUS0009840,PRD-FD01,BR0009,3984314.65,2.22,6,2024-10-16,2025-04-14,False,Active
FD0002870,CUS0007232,PRD-FD02,BR0045,4685399.16,1.61,12,2023-04-28,2024-04-22,True,Active
FD0002871,CUS0009805,PRD-FD01,BR0022,2373891.56,1.78,6,2022-11-18,2023-05-17,False,Active
FD0002872,CUS0007768,PRD-FD01,BR0024,531820.24,2.51,6,2024-09-21,2025-03-20,True,Active
FD0002873,CUS0001092,PRD-FD03,BR0038,3224239.0,2.5,24,2024-12-20,2026-12-10,True,Active
FD0002874,CUS0000210,PRD-FD03,BR0047,1647529.16,1.21,24,2026-03-30,2028-03-19,True,Active
FD0002875,CUS0001173,PRD-FD03,BR0050,3863514.69,2.3,24,2024-02-13,2026-02-02,True,Active
FD0002876,CUS0002382,PRD-FD01,BR0043,2064468.54,1.75,6,2022-03-16,2022-09-12,False,Matured
FD0002877,CUS0000062,PRD-FD02,BR0028,2267574.76,1.31,12,2025-04-26,2026-04-21,False,Matured
FD0002878,CUS0003973,PRD-FD02,BR0023,4395368.91,2.28,12,2025-12-16,2026-12-11,True,Active
FD0002879,CUS0008528,PRD-FD01,BR0029,4319318.84,2.49,6,2023-09-12,2024-03-10,False,Active
FD0002880,CUS0009638,PRD-FD02,BR0014,2121955.64,1.6,12,2022-07-07,2023-07-02,True,Active
FD0002881,CUS0004966,PRD-FD01,BR0041,936788.67,3.04,6,2024-11-25,2025-05-24,True,Active
FD0002882,CUS0004625,PRD-FD01,BR0034,2008944.42,3.23,6,2026-03-15,2026-09-11,True,Active
FD0002883,CUS0003502,PRD-FD03,BR0050,4123413.47,3.46,24,2022-01-26,2024-01-16,False,Active
FD0002884,CUS0004731,PRD-FD01,BR0014,4874740.96,2.09,6,2023-03-08,2023-09-04,True,Active
FD0002885,CUS0000587,PRD-FD03,BR0010,1727750.26,2.09,24,2023-09-28,2025-09-17,False,Active
FD0002886,CUS0006783,PRD-FD01,BR0005,2652235.66,1.48,6,2024-04-10,2024-10-07,False,Active
FD0002887,CUS0005049,PRD-FD03,BR0005,244447.78,3.32,24,2023-02-21,2025-02-10,False,Active
FD0002888,CUS0003372,PRD-FD01,BR0007,3749549.22,1.62,6,2022-07-12,2023-01-08,False,Matured
FD0002889,CUS0002985,PRD-FD01,BR0038,4963213.38,2.78,6,2025-08-03,2026-01-30,False,Matured
FD0002890,CUS0007165,PRD-FD01,BR0049,3082720.2,1.59,6,2024-01-18,2024-07-16,False,Active
FD0002891,CUS0004181,PRD-FD03,BR0022,3809762.25,2.13,24,2023-02-12,2025-02-01,True,Active
FD0002892,CUS0001801,PRD-FD01,BR0034,3006618.23,1.99,6,2024-10-08,2025-04-06,False,Matured
FD0002893,CUS0000004,PRD-FD03,BR0004,1694298.31,2.92,24,2022-02-05,2024-01-26,False,Active
FD0002894,CUS0008048,PRD-FD02,BR0005,350437.91,2.74,12,2022-06-05,2023-05-31,True,Active
FD0002895,CUS0009659,PRD-FD01,BR0033,388112.56,2.91,6,2024-05-26,2024-11-22,False,Active
FD0002896,CUS0001913,PRD-FD01,BR0017,3059097.15,3.26,6,2023-02-15,2023-08-14,False,Matured
FD0002897,CUS0004419,PRD-FD02,BR0015,1905420.77,2.31,12,2023-01-10,2024-01-05,False,Active
FD0002898,CUS0001402,PRD-FD02,BR0016,4487940.87,2.07,12,2024-07-02,2025-06-27,True,Active
FD0002899,CUS0008320,PRD-FD01,BR0005,249886.27,1.79,6,2025-07-11,2026-01-07,True,Active
FD0002900,CUS0009140,PRD-FD01,BR0036,1495828.81,3.46,6,2023-10-17,2024-04-14,False,Active
FD0002901,CUS0007335,PRD-FD01,BR0014,3401923.59,1.56,6,2022-06-29,2022-12-26,True,Active
FD0002902,CUS0008514,PRD-FD02,BR0005,3286206.6,1.94,12,2024-02-26,2025-02-20,False,Active
FD0002903,CUS0006641,PRD-FD01,BR0033,2201007.33,2.8,6,2022-01-20,2022-07-19,True,Active
FD0002904,CUS0005902,PRD-FD02,BR0020,3161831.52,1.72,12,2025-10-05,2026-09-30,False,Matured
FD0002905,CUS0004029,PRD-FD03,BR0019,2010493.83,3.47,24,2023-02-05,2025-01-25,True,Matured
FD0002906,CUS0009005,PRD-FD01,BR0004,3119110.74,2.69,6,2025-01-13,2025-07-12,True,Active
FD0002907,CUS0006254,PRD-FD01,BR0007,2537463.57,2.59,6,2022-11-25,2023-05-24,True,Active
FD0002908,CUS0005032,PRD-FD02,BR0038,3538664.41,2.16,12,2025-04-29,2026-04-24,True,Active
FD0002909,CUS0001106,PRD-FD02,BR0021,4567109.18,3.33,12,2022-09-18,2023-09-13,True,Active
FD0002910,CUS0004431,PRD-FD02,BR0044,1362087.7,1.33,12,2024-05-15,2025-05-10,True,Active
FD0002911,CUS0006913,PRD-FD02,BR0022,1892682.6,1.77,12,2022-09-11,2023-09-06,True,Active
FD0002912,CUS0000623,PRD-FD03,BR0006,1748169.82,3.28,24,2024-03-31,2026-03-21,False,Active
FD0002913,CUS0002587,PRD-FD02,BR0040,315006.07,1.85,12,2024-09-23,2025-09-18,True,Active
FD0002914,CUS0004733,PRD-FD01,BR0022,3449830.73,2.2,6,2023-05-28,2023-11-24,True,Active
FD0002915,CUS0003110,PRD-FD01,BR0044,4462290.09,2.54,6,2023-11-07,2024-05-05,True,Matured
FD0002916,CUS0008177,PRD-FD03,BR0030,1921184.76,2.87,24,2026-04-05,2028-03-25,True,Active
FD0002917,CUS0008577,PRD-FD03,BR0016,438109.03,2.86,24,2025-03-03,2027-02-21,True,Active
FD0002918,CUS0008698,PRD-FD01,BR0028,4932468.94,3.42,6,2024-05-17,2024-11-13,False,Matured
FD0002919,CUS0006808,PRD-FD02,BR0028,1372248.51,3.22,12,2024-11-19,2025-11-14,True,Active
FD0002920,CUS0005658,PRD-FD03,BR0006,3695531.57,2.02,24,2022-11-19,2024-11-08,True,Active
FD0002921,CUS0007985,PRD-FD02,BR0020,659457.04,3.12,12,2023-05-31,2024-05-25,False,Active
FD0002922,CUS0000793,PRD-FD01,BR0017,2235585.39,2.41,6,2024-09-30,2025-03-29,False,Active
FD0002923,CUS0001696,PRD-FD03,BR0043,3398688.15,3.34,24,2024-01-30,2026-01-19,True,Active
FD0002924,CUS0005039,PRD-FD03,BR0022,478275.45,3.28,24,2026-04-08,2028-03-28,False,Active
FD0002925,CUS0009657,PRD-FD02,BR0033,3633771.9,2.49,12,2025-05-01,2026-04-26,True,Matured
FD0002926,CUS0007209,PRD-FD02,BR0049,1924128.58,3.0,12,2023-07-01,2024-06-25,True,Active
FD0002927,CUS0004128,PRD-FD03,BR0037,108273.93,3.21,24,2023-09-10,2025-08-30,False,Active
FD0002928,CUS0001679,PRD-FD02,BR0033,4177344.99,2.53,12,2024-04-24,2025-04-19,False,Active
FD0002929,CUS0006640,PRD-FD01,BR0026,3461957.28,3.04,6,2024-12-12,2025-06-10,False,Active
FD0002930,CUS0001092,PRD-FD02,BR0010,4671063.72,1.28,12,2025-08-29,2026-08-24,True,Matured
FD0002931,CUS0008205,PRD-FD03,BR0004,413280.28,2.62,24,2023-07-23,2025-07-12,True,Active
FD0002932,CUS0007759,PRD-FD03,BR0026,3933856.89,2.9,24,2025-09-02,2027-08-23,True,Active
FD0002933,CUS0005383,PRD-FD02,BR0044,1205963.59,2.07,12,2024-11-17,2025-11-12,True,Matured
FD0002934,CUS0000237,PRD-FD02,BR0008,2255031.29,2.59,12,2024-09-07,2025-09-02,True,Active
FD0002935,CUS0001340,PRD-FD01,BR0041,2985548.92,3.17,6,2026-02-20,2026-08-19,True,Active
FD0002936,CUS0007267,PRD-FD02,BR0045,1431589.24,2.06,12,2023-08-06,2024-07-31,False,Matured
FD0002937,CUS0007458,PRD-FD01,BR0016,4963515.35,1.62,6,2023-02-02,2023-08-01,True,Active
FD0002938,CUS0002796,PRD-FD03,BR0013,3434321.17,1.72,24,2023-10-27,2025-10-16,False,Matured
FD0002939,CUS0001476,PRD-FD01,BR0025,459548.49,2.34,6,2025-09-08,2026-03-07,False,Active
FD0002940,CUS0000350,PRD-FD02,BR0017,4252113.41,1.44,12,2022-02-19,2023-02-14,True,Active
FD0002941,CUS0007234,PRD-FD03,BR0021,1717200.24,2.86,24,2024-10-06,2026-09-26,True,Active
FD0002942,CUS0005679,PRD-FD01,BR0043,3032804.9,3.01,6,2022-02-25,2022-08-24,True,Matured
FD0002943,CUS0001783,PRD-FD01,BR0046,643481.97,3.5,6,2025-10-13,2026-04-11,True,Active
FD0002944,CUS0001366,PRD-FD02,BR0034,532868.89,3.35,12,2022-08-05,2023-07-31,True,Active
FD0002945,CUS0005313,PRD-FD02,BR0010,4801398.23,1.33,12,2023-02-08,2024-02-03,True,Active
FD0002946,CUS0005538,PRD-FD02,BR0016,3066544.34,1.94,12,2022-06-13,2023-06-08,True,Active
FD0002947,CUS0006566,PRD-FD02,BR0050,4971912.94,1.82,12,2024-09-16,2025-09-11,False,Matured
FD0002948,CUS0004782,PRD-FD02,BR0045,2830886.12,3.01,12,2024-07-25,2025-07-20,False,Matured
FD0002949,CUS0001946,PRD-FD02,BR0021,2788039.32,3.05,12,2022-06-18,2023-06-13,True,Active
FD0002950,CUS0004725,PRD-FD01,BR0002,4404064.43,2.75,6,2025-12-01,2026-05-30,True,Active
FD0002951,CUS0006620,PRD-FD01,BR0034,2226164.22,2.87,6,2023-03-20,2023-09-16,True,Active
FD0002952,CUS0000045,PRD-FD01,BR0031,3912392.1,1.49,6,2022-01-29,2022-07-28,False,Active
FD0002953,CUS0002463,PRD-FD01,BR0035,120839.14,1.66,6,2025-03-24,2025-09-20,False,Active
FD0002954,CUS0009179,PRD-FD02,BR0007,2147460.05,1.32,12,2026-03-27,2027-03-22,True,Active
FD0002955,CUS0009023,PRD-FD03,BR0012,2854818.58,2.27,24,2023-08-03,2025-07-23,False,Active
FD0002956,CUS0000606,PRD-FD02,BR0018,4211291.7,3.13,12,2025-08-02,2026-07-28,True,Active
FD0002957,CUS0005941,PRD-FD03,BR0005,2061468.81,1.9,24,2024-05-06,2026-04-26,True,Active
FD0002958,CUS0006902,PRD-FD03,BR0010,4253879.38,3.09,24,2022-05-12,2024-05-01,True,Active
FD0002959,CUS0004381,PRD-FD03,BR0004,468802.35,1.96,24,2024-08-20,2026-08-10,False,Matured
FD0002960,CUS0005785,PRD-FD02,BR0049,1204574.98,3.15,12,2025-05-07,2026-05-02,False,Active
FD0002961,CUS0007156,PRD-FD03,BR0050,3658827.49,1.54,24,2023-09-25,2025-09-14,False,Active
FD0002962,CUS0000797,PRD-FD03,BR0047,1460658.05,2.11,24,2025-08-06,2027-07-27,False,Active
FD0002963,CUS0006440,PRD-FD03,BR0022,4375852.43,2.66,24,2025-05-25,2027-05-15,False,Matured
FD0002964,CUS0002487,PRD-FD03,BR0043,1208962.11,3.45,24,2023-10-06,2025-09-25,True,Matured
FD0002965,CUS0006922,PRD-FD03,BR0005,4452625.83,1.44,24,2023-09-14,2025-09-03,True,Active
FD0002966,CUS0008011,PRD-FD02,BR0038,2118655.37,3.0,12,2024-12-06,2025-12-01,True,Matured
FD0002967,CUS0007061,PRD-FD02,BR0014,745843.17,2.0,12,2022-11-22,2023-11-17,False,Active
FD0002968,CUS0000142,PRD-FD03,BR0010,217052.35,2.43,24,2026-01-31,2028-01-21,False,Matured
FD0002969,CUS0003242,PRD-FD03,BR0014,458684.4,2.72,24,2024-05-15,2026-05-05,False,Active
FD0002970,CUS0009860,PRD-FD01,BR0029,1226729.05,3.27,6,2023-05-15,2023-11-11,False,Active
FD0002971,CUS0000214,PRD-FD03,BR0027,3313402.54,3.12,24,2026-01-01,2027-12-22,True,Matured
FD0002972,CUS0000225,PRD-FD01,BR0026,100532.47,3.31,6,2024-09-10,2025-03-09,True,Active
FD0002973,CUS0002374,PRD-FD01,BR0024,3382971.54,3.18,6,2024-12-04,2025-06-02,True,Active
FD0002974,CUS0000571,PRD-FD02,BR0030,4425233.5,1.41,12,2025-03-24,2026-03-19,False,Matured
FD0002975,CUS0000239,PRD-FD01,BR0041,384985.45,2.8,6,2022-03-26,2022-09-22,False,Active
FD0002976,CUS0005414,PRD-FD01,BR0038,1531976.1,1.7,6,2023-08-12,2024-02-08,False,Active
FD0002977,CUS0009855,PRD-FD01,BR0002,1355670.22,3.13,6,2023-08-17,2024-02-13,True,Active
FD0002978,CUS0008146,PRD-FD01,BR0008,2903382.04,2.03,6,2025-04-19,2025-10-16,True,Active
FD0002979,CUS0001866,PRD-FD02,BR0025,3177725.81,2.14,12,2022-09-30,2023-09-25,True,Matured
FD0002980,CUS0002332,PRD-FD02,BR0043,475254.55,2.43,12,2022-05-08,2023-05-03,True,Active
FD0002981,CUS0007124,PRD-FD03,BR0036,1723121.71,3.01,24,2025-12-29,2027-12-19,False,Active
FD0002982,CUS0005331,PRD-FD01,BR0006,591638.37,2.48,6,2024-12-03,2025-06-01,False,Matured
FD0002983,CUS0008378,PRD-FD02,BR0041,4804135.42,2.07,12,2025-10-31,2026-10-26,False,Active
FD0002984,CUS0002017,PRD-FD01,BR0036,783401.78,1.21,6,2022-01-16,2022-07-15,True,Active
FD0002985,CUS0002662,PRD-FD02,BR0040,493561.98,1.23,12,2022-08-19,2023-08-14,True,Active
FD0002986,CUS0005951,PRD-FD02,BR0035,1560351.17,1.29,12,2023-04-19,2024-04-13,True,Matured
FD0002987,CUS0009311,PRD-FD03,BR0038,4234872.73,2.4,24,2023-04-06,2025-03-26,False,Matured
FD0002988,CUS0001606,PRD-FD02,BR0035,3945191.84,1.4,12,2023-07-13,2024-07-07,False,Active
FD0002989,CUS0003939,PRD-FD02,BR0034,2482316.76,1.95,12,2023-10-09,2024-10-03,True,Active
FD0002990,CUS0006882,PRD-FD03,BR0019,1795450.2,1.74,24,2023-10-18,2025-10-07,True,Matured
FD0002991,CUS0006990,PRD-FD03,BR0034,4650551.38,1.34,24,2025-10-11,2027-10-01,True,Active
FD0002992,CUS0003123,PRD-FD02,BR0050,2780448.06,3.03,12,2025-09-14,2026-09-09,True,Matured
FD0002993,CUS0002032,PRD-FD01,BR0047,3447489.89,1.53,6,2023-06-26,2023-12-23,False,Active
FD0002994,CUS0004038,PRD-FD02,BR0025,4406242.68,2.34,12,2024-09-04,2025-08-30,False,Active
FD0002995,CUS0000836,PRD-FD02,BR0037,4870909.11,2.29,12,2025-10-20,2026-10-15,True,Matured
FD0002996,CUS0000902,PRD-FD03,BR0028,3688201.06,1.41,24,2023-12-30,2025-12-19,False,Active
FD0002997,CUS0000580,PRD-FD03,BR0041,2437827.13,3.21,24,2026-03-26,2028-03-15,False,Active
FD0002998,CUS0005536,PRD-FD01,BR0037,871998.31,3.11,6,2025-10-22,2026-04-20,False,Matured
FD0002999,CUS0008039,PRD-FD03,BR0045,1700188.67,2.52,24,2024-05-16,2026-05-06,False,Active
FD0003000,CUS0001377,PRD-FD02,BR0031,2834209.84,3.47,12,2024-07-26,2025-07-21,True,Matured
