holding_id,customer_id,product_id,units_held,average_cost_thb,current_nav_thb,market_value_thb,as_of_date
INV0000001,CUS0007901,PRD-WL01,35528.9539,19.9714,21.9377,779423.53,2026-05-01
INV0000002,CUS0005795,PRD-WL02,43949.7141,25.1729,22.634,994757.83,2026-05-01
INV0000003,CUS0003710,PRD-WL01,44724.8302,6.2938,8.4469,377786.17,2026-05-01
INV0000004,CUS0007588,PRD-WL01,38565.0228,26.0424,22.2494,858048.62,2026-05-01
INV0000005,CUS0003199,PRD-WL01,13267.1371,18.9924,24.9836,331460.85,2026-05-01
INV0000006,CUS0009823,PRD-WL03,23172.3249,24.3561,31.5402,730859.76,2026-05-01
INV0000007,CUS0007122,PRD-WL04,12289.0586,18.3084,23.4006,287571.34,2026-05-01
INV0000008,CUS0006561,PRD-WL02,27427.4044,12.3585,16.4393,450887.33,2026-05-01
INV0000009,CUS0006755,PRD-WL02,27593.3522,11.2696,11.721,323421.68,2026-05-01
INV0000010,CUS0009224,PRD-WL02,30278.7632,17.2054,19.162,580201.66,2026-05-01
INV0000011,CUS0007303,PRD-WL03,774.5827,12.7955,17.7203,13725.84,2026-05-01
INV0000012,CUS0003498,PRD-WL02,20902.1338,23.3687,28.5786,597353.72,2026-05-01
INV0000013,CUS0001790,PRD-WL03,18220.6418,10.032,11.9211,217210.09,2026-05-01
INV0000014,CUS0003610,PRD-WL03,10196.001,13.3896,17.3736,177141.24,2026-05-01
INV0000015,CUS0000415,PRD-WL03,19197.5156,24.1789,23.7492,455925.64,2026-05-01
INV0000016,CUS0009497,PRD-WL03,33159.6502,31.2519,27.1106,898978.01,2026-05-01
INV0000017,CUS0000317,PRD-WL01,45530.9584,23.0398,30.6162,1393984.93,2026-05-01
INV0000018,CUS0000580,PRD-WL04,14955.0241,9.9315,8.993,134490.53,2026-05-01
INV0000019,CUS0003885,PRD-WL01,43722.572,13.462,18.615,813895.68,2026-05-01
INV0000020,CUS0004558,PRD-WL04,38384.5763,28.9402,32.811,1259436.33,2026-05-01
INV0000021,CUS0009224,PRD-WL01,20317.1554,6.1155,8.0495,163542.94,2026-05-01
INV0000022,CUS0009650,PRD-WL03,11169.5966,16.0759,16.4535,183778.96,2026-05-01
INV0000023,CUS0006522,PRD-WL01,17982.2498,25.8543,33.6461,605032.57,2026-05-01
INV0000024,CUS0009752,PRD-WL02,44946.7433,18.1715,20.1224,904436.35,2026-05-01
INV0000025,CUS0005039,PRD-WL03,30569.409,22.1762,19.3782,592380.12,2026-05-01
INV0000026,CUS0002695,PRD-WL01,47270.5618,23.6476,28.9859,1370179.78,2026-05-01
INV0000027,CUS0006864,PRD-WL01,45850.6509,9.8985,11.9767,549139.49,2026-05-01
INV0000028,CUS0002063,PRD-WL02,30444.3001,15.8792,20.9879,638961.93,2026-05-01
INV0000029,CUS0001400,PRD-WL01,24656.8319,38.828,32.6229,804377.36,2026-05-01
INV0000030,CUS0000464,PRD-WL02,15703.9888,34.3976,32.9855,518003.92,2026-05-01
INV0000031,CUS0004055,PRD-WL01,36542.3564,20.2219,18.5082,676333.24,2026-05-01
INV0000032,CUS0005589,PRD-WL02,18800.7395,33.343,28.0802,527928.53,2026-05-01
INV0000033,CUS0008210,PRD-WL01,26696.8787,25.2355,27.9125,745176.63,2026-05-01
INV0000034,CUS0004968,PRD-WL03,40748.606,30.3462,33.3437,1358709.29,2026-05-01
INV0000035,CUS0001671,PRD-WL01,20575.6522,14.9576,19.9545,410576.85,2026-05-01
INV0000036,CUS0006373,PRD-WL01,8789.5867,30.5721,33.3983,293557.25,2026-05-01
INV0000037,CUS0004840,PRD-WL01,23804.2888,13.9824,13.0129,309762.83,2026-05-01
INV0000038,CUS0008852,PRD-WL02,3937.5545,27.7403,30.662,120733.3,2026-05-01
INV0000039,CUS0007825,PRD-WL03,46040.8843,11.6417,11.7694,541873.58,2026-05-01
INV0000040,CUS0001278,PRD-WL04,46732.7207,22.5901,23.7029,1107701.01,2026-05-01
INV0000041,CUS0001433,PRD-WL02,28155.5113,30.1916,31.7947,895196.04,2026-05-01
INV0000042,CUS0008301,PRD-WL04,3268.6561,10.9298,10.7654,35188.39,2026-05-01
INV0000043,CUS0004902,PRD-WL04,32569.0068,25.6104,29.6752,966491.79,2026-05-01
INV0000044,CUS0002550,PRD-WL03,42040.8621,23.9143,26.1078,1097594.42,2026-05-01
INV0000045,CUS0007808,PRD-WL02,49894.6441,21.4767,20.2239,1009064.29,2026-05-01
INV0000046,CUS0003551,PRD-WL03,5650.0599,19.8921,26.4122,149230.51,2026-05-01
INV0000047,CUS0002821,PRD-WL03,4083.6927,28.0681,29.601,120881.39,2026-05-01
INV0000048,CUS0004708,PRD-WL01,27026.394,11.6165,16.3499,441878.84,2026-05-01
INV0000049,CUS0005304,PRD-WL01,28638.1824,36.5817,31.9381,914649.13,2026-05-01
INV0000050,CUS0008181,PRD-WL02,20386.3614,14.414,20.2424,412668.88,2026-05-01
INV0000051,CUS0007541,PRD-WL02,35785.1324,15.3351,15.661,560430.96,2026-05-01
INV0000052,CUS0000797,PRD-WL04,32927.4059,25.5489,23.9684,789217.24,2026-05-01
INV0000053,CUS0002852,PRD-WL02,25938.809,10.8803,10.8008,280159.89,2026-05-01
INV0000054,CUS0007178,PRD-WL01,10113.9315,22.3418,23.2239,234884.93,2026-05-01
INV0000055,CUS0008344,PRD-WL02,32140.4003,28.8134,31.1786,1002092.68,2026-05-01
INV0000056,CUS0006495,PRD-WL01,15482.8819,7.1744,9.8016,151757.02,2026-05-01
INV0000057,CUS0003777,PRD-WL01,38110.0861,28.386,30.6126,1166648.82,2026-05-01
INV0000058,CUS0008283,PRD-WL01,32940.7398,9.8304,8.7623,288636.64,2026-05-01
INV0000059,CUS0005073,PRD-WL01,48389.5232,26.1432,22.8615,1106257.08,2026-05-01
INV0000060,CUS0009383,PRD-WL04,18807.8085,13.813,11.6515,219139.18,2026-05-01
INV0000061,CUS0000097,PRD-WL04,366.5701,20.9028,21.6837,7948.6,2026-05-01
INV0000062,CUS0001010,PRD-WL02,12856.8094,17.8162,18.153,233389.66,2026-05-01
INV0000063,CUS0007818,PRD-WL03,23680.6489,7.3854,9.2116,218136.67,2026-05-01
INV0000064,CUS0001598,PRD-WL02,22254.305,16.0794,17.2942,384870.4,2026-05-01
INV0000065,CUS0003716,PRD-WL03,41949.2433,31.6312,32.5882,1367050.33,2026-05-01
INV0000066,CUS0001604,PRD-WL01,48317.3382,9.2016,8.9183,430908.52,2026-05-01
INV0000067,CUS0006983,PRD-WL04,7080.7983,8.9513,11.1968,79282.28,2026-05-01
INV0000068,CUS0004791,PRD-WL04,17461.453,32.0176,28.4156,496177.66,2026-05-01
INV0000069,CUS0004043,PRD-WL04,8367.0644,20.2321,21.6514,181158.66,2026-05-01
INV0000070,CUS0001005,PRD-WL02,4406.5176,24.4622,21.5555,94984.69,2026-05-01
INV0000071,CUS0006191,PRD-WL01,16179.9063,32.3005,33.0432,534635.88,2026-05-01
INV0000072,CUS0000461,PRD-WL03,23883.7525,25.5991,23.5937,563506.09,2026-05-01
INV0000073,CUS0004408,PRD-WL03,4226.4823,31.0261,28.937,122301.72,2026-05-01
INV0000074,CUS0006022,PRD-WL03,25317.4933,18.9552,18.5362,469290.12,2026-05-01
INV0000075,CUS0002846,PRD-WL02,45996.6767,14.7391,17.2651,794137.22,2026-05-01
INV0000076,CUS0000104,PRD-WL02,6775.7082,20.63,25.7938,174771.26,2026-05-01
INV0000077,CUS0003813,PRD-WL01,4450.15,16.5477,19.8411,88295.87,2026-05-01
INV0000078,CUS0007611,PRD-WL01,7165.8739,32.9144,30.0808,215555.22,2026-05-01
INV0000079,CUS0002204,PRD-WL02,1279.4608,23.5558,21.9969,28144.17,2026-05-01
INV0000080,CUS0000969,PRD-WL01,13369.6783,11.9403,16.7415,223828.47,2026-05-01
INV0000081,CUS0006456,PRD-WL01,26960.2576,15.2978,14.1431,381301.62,2026-05-01
INV0000082,CUS0006895,PRD-WL03,39910.8363,9.0573,11.0746,441996.55,2026-05-01
INV0000083,CUS0001039,PRD-WL01,12111.5969,26.4524,23.3492,282796.1,2026-05-01
INV0000084,CUS0008716,PRD-WL03,41558.4262,27.2322,26.4309,1098426.61,2026-05-01
INV0000085,CUS0008498,PRD-WL03,22246.3828,21.1923,19.3593,430674.4,2026-05-01
INV0000086,CUS0003329,PRD-WL01,9260.0419,15.0907,16.9136,156620.64,2026-05-01
INV0000087,CUS0003424,PRD-WL02,44916.4742,20.6953,25.0162,1123639.5,2026-05-01
INV0000088,CUS0005170,PRD-WL04,8527.5994,18.7213,18.2641,155748.93,2026-05-01
INV0000089,CUS0002214,PRD-WL01,5678.1864,24.5964,30.204,171503.94,2026-05-01
INV0000090,CUS0007947,PRD-WL04,7695.5196,36.8373,32.7544,252062.13,2026-05-01
INV0000091,CUS0004973,PRD-WL02,16145.0801,12.6782,12.0365,194330.26,2026-05-01
INV0000092,CUS0005248,PRD-WL03,5662.045,21.153,27.0455,153132.84,2026-05-01
INV0000093,CUS0009602,PRD-WL01,29267.1911,31.6765,26.8889,786962.57,2026-05-01
INV0000094,CUS0007142,PRD-WL03,17413.1393,7.6857,9.5123,165639.0,2026-05-01
INV0000095,CUS0007347,PRD-WL02,39392.3028,32.0976,34.7831,1370186.41,2026-05-01
INV0000096,CUS0005489,PRD-WL02,6775.6401,20.4592,22.5924,153077.97,2026-05-01
INV0000097,CUS0003482,PRD-WL02,46832.1635,8.4931,10.6914,500701.39,2026-05-01
INV0000098,CUS0005495,PRD-WL03,30650.8101,11.7773,12.5031,383230.14,2026-05-01
INV0000099,CUS0002308,PRD-WL03,48126.9028,19.5512,27.8494,1340305.37,2026-05-01
INV0000100,CUS0007656,PRD-WL01,29940.4939,15.2522,13.8607,414996.2,2026-05-01
INV0000101,CUS0009823,PRD-WL01,41877.5031,24.8627,24.5686,1028871.62,2026-05-01
INV0000102,CUS0008440,PRD-WL03,16629.4618,29.3238,33.0349,549352.61,2026-05-01
INV0000103,CUS0006604,PRD-WL03,40339.4251,24.1506,25.8716,1043645.47,2026-05-01
INV0000104,CUS0002482,PRD-WL04,4076.2725,12.2937,10.436,42539.98,2026-05-01
INV0000105,CUS0006405,PRD-WL01,2717.6636,12.2572,12.9498,35193.2,2026-05-01
INV0000106,CUS0003161,PRD-WL04,5444.6545,29.9573,32.6393,177709.71,2026-05-01
INV0000107,CUS0001481,PRD-WL02,44334.0646,22.6495,19.913,882824.23,2026-05-01
INV0000108,CUS0006515,PRD-WL01,15874.965,24.7841,25.2632,401052.42,2026-05-01
INV0000109,CUS0006843,PRD-WL01,32653.605,14.2835,14.1402,461728.51,2026-05-01
INV0000110,CUS0006664,PRD-WL03,22957.4103,29.7772,25.9138,594913.74,2026-05-01
INV0000111,CUS0001624,PRD-WL02,17937.5603,32.1565,27.815,498933.24,2026-05-01
INV0000112,CUS0005118,PRD-WL04,6552.996,7.3427,8.3393,54647.4,2026-05-01
INV0000113,CUS0007972,PRD-WL02,2725.3771,26.7102,26.3996,71948.87,2026-05-01
INV0000114,CUS0004078,PRD-WL02,42147.1572,21.3427,18.0717,761670.78,2026-05-01
INV0000115,CUS0005436,PRD-WL02,48903.809,7.6396,10.487,512854.24,2026-05-01
INV0000116,CUS0001448,PRD-WL01,35299.2072,16.3474,19.5122,688765.19,2026-05-01
INV0000117,CUS0000300,PRD-WL04,27827.5609,17.4188,16.098,447968.08,2026-05-01
INV0000118,CUS0002323,PRD-WL01,17649.6356,18.9632,25.9744,458438.69,2026-05-01
INV0000119,CUS0006994,PRD-WL01,46528.4557,33.0972,29.6468,1379419.82,2026-05-01
INV0000120,CUS0009738,PRD-WL01,46578.8596,21.9153,18.287,851787.61,2026-05-01
INV0000121,CUS0009357,PRD-WL01,1616.013,18.0656,22.9654,37112.38,2026-05-01
INV0000122,CUS0004922,PRD-WL02,10402.9969,14.5663,12.8135,133298.8,2026-05-01
INV0000123,CUS0002209,PRD-WL02,40822.1476,21.337,17.9606,733190.26,2026-05-01
INV0000124,CUS0006792,PRD-WL01,4932.2708,27.1019,24.7439,122043.62,2026-05-01
INV0000125,CUS0003506,PRD-WL02,29597.4443,30.7233,27.3671,809996.22,2026-05-01
INV0000126,CUS0004055,PRD-WL02,25704.4472,10.2041,13.5615,348590.86,2026-05-01
INV0000127,CUS0001921,PRD-WL04,21396.1242,22.0074,25.0669,536334.51,2026-05-01
INV0000128,CUS0003110,PRD-WL01,42707.7813,11.9857,12.0607,515085.74,2026-05-01
INV0000129,CUS0008641,PRD-WL04,15821.617,19.6873,26.1078,413067.61,2026-05-01
INV0000130,CUS0001614,PRD-WL04,23877.6481,18.9474,20.3065,484871.46,2026-05-01
INV0000131,CUS0004254,PRD-WL03,14919.5502,33.7199,29.2242,436011.92,2026-05-01
INV0000132,CUS0002286,PRD-WL03,5420.0956,10.5137,12.0664,65401.04,2026-05-01
INV0000133,CUS0002952,PRD-WL02,29489.127,20.0448,20.6647,609383.96,2026-05-01
INV0000134,CUS0000332,PRD-WL02,9667.2705,18.0305,25.5272,246778.35,2026-05-01
INV0000135,CUS0007093,PRD-WL02,24571.7462,9.1899,9.3789,230455.95,2026-05-01
INV0000136,CUS0000751,PRD-WL04,32067.6711,9.3586,11.0237,353504.39,2026-05-01
INV0000137,CUS0006040,PRD-WL01,41772.1657,17.1255,19.6795,822055.33,2026-05-01
INV0000138,CUS0001046,PRD-WL03,14398.91,23.112,20.1565,290231.63,2026-05-01
INV0000139,CUS0007272,PRD-WL02,29569.919,11.1922,13.3793,395624.82,2026-05-01
INV0000140,CUS0001555,PRD-WL02,8273.7845,16.7985,18.0372,149235.91,2026-05-01
INV0000141,CUS0001372,PRD-WL04,4404.5307,21.6308,25.8826,114000.71,2026-05-01
INV0000142,CUS0002871,PRD-WL04,21505.9837,10.8575,11.6686,250944.72,2026-05-01
INV0000143,CUS0000522,PRD-WL03,1500.5387,24.8571,34.0448,51085.54,2026-05-01
INV0000144,CUS0005169,PRD-WL01,24833.2264,11.0724,10.6728,265040.06,2026-05-01
INV0000145,CUS0007068,PRD-WL01,11872.0269,35.429,33.9443,402987.64,2026-05-01
INV0000146,CUS0000210,PRD-WL02,421.526,29.5181,33.3083,14040.31,2026-05-01
INV0000147,CUS0009460,PRD-WL02,15392.3285,15.1678,13.1528,202452.22,2026-05-01
INV0000148,CUS0007210,PRD-WL04,49736.441,38.7737,32.4916,1616016.55,2026-05-01
INV0000149,CUS0005349,PRD-WL04,8184.2406,31.9113,31.8122,260358.7,2026-05-01
INV0000150,CUS0009523,PRD-WL04,7962.2961,18.569,17.6891,140845.85,2026-05-01
INV0000151,CUS0008931,PRD-WL03,43108.4267,9.2539,8.2777,356838.62,2026-05-01
INV0000152,CUS0001412,PRD-WL04,48054.5787,29.249,30.7019,1475366.87,2026-05-01
INV0000153,CUS0001257,PRD-WL04,46104.4628,24.6588,24.4696,1128157.76,2026-05-01
INV0000154,CUS0001162,PRD-WL02,43025.1224,35.9023,34.6095,1489077.97,2026-05-01
INV0000155,CUS0005639,PRD-WL04,37103.2424,21.2646,20.2672,751978.83,2026-05-01
INV0000156,CUS0007282,PRD-WL02,5856.9319,23.6458,28.4036,166357.95,2026-05-01
INV0000157,CUS0000491,PRD-WL02,3629.8521,10.9554,12.8152,46517.28,2026-05-01
INV0000158,CUS0002256,PRD-WL03,22992.359,13.2566,15.4724,355746.98,2026-05-01
INV0000159,CUS0000115,PRD-WL02,19788.4975,33.0454,28.873,571353.29,2026-05-01
INV0000160,CUS0001084,PRD-WL02,33790.2726,20.5185,22.855,772276.68,2026-05-01
INV0000161,CUS0000794,PRD-WL02,3739.3907,9.9513,12.1447,45413.78,2026-05-01
INV0000162,CUS0006925,PRD-WL03,19508.0489,33.2008,30.162,588401.77,2026-05-01
INV0000163,CUS0001964,PRD-WL04,5230.6543,13.1204,14.2848,74718.85,2026-05-01
INV0000164,CUS0008942,PRD-WL03,48158.4652,12.3523,16.8582,811865.04,2026-05-01
INV0000165,CUS0009629,PRD-WL03,45157.8109,27.4216,25.3936,1146719.39,2026-05-01
INV0000166,CUS0008318,PRD-WL03,23749.7072,7.7581,8.1435,193405.74,2026-05-01
INV0000167,CUS0006046,PRD-WL02,36208.8585,19.586,24.7695,896875.32,2026-05-01
INV0000168,CUS0000068,PRD-WL03,19884.3779,13.157,17.7422,352792.61,2026-05-01
INV0000169,CUS0003807,PRD-WL04,18450.8155,14.1784,19.7991,365309.54,2026-05-01
INV0000170,CUS0003000,PRD-WL02,33269.3466,7.4677,8.033,267252.66,2026-05-01
INV0000171,CUS0003512,PRD-WL03,31680.2531,29.135,34.4283,1090697.26,2026-05-01
INV0000172,CUS0003602,PRD-WL04,2832.9755,25.2357,34.4213,97514.7,2026-05-01
INV0000173,CUS0006014,PRD-WL03,26384.7203,12.2404,15.4307,407134.7,2026-05-01
INV0000174,CUS0009744,PRD-WL03,47990.8912,19.1315,17.5938,844342.14,2026-05-01
INV0000175,CUS0003061,PRD-WL03,9182.8324,9.0968,11.2111,102949.65,2026-05-01
INV0000176,CUS0004508,PRD-WL03,17179.6501,39.2537,32.906,565313.57,2026-05-01
INV0000177,CUS0002894,PRD-WL01,27497.8784,23.8984,28.93,795513.62,2026-05-01
INV0000178,CUS0004935,PRD-WL02,31725.1532,19.4166,22.6563,718774.59,2026-05-01
INV0000179,CUS0007725,PRD-WL04,47995.953,24.6783,25.3387,1216155.05,2026-05-01
INV0000180,CUS0003079,PRD-WL01,2931.9968,24.9726,26.1479,76665.56,2026-05-01
INV0000181,CUS0007214,PRD-WL02,2565.5142,25.4429,30.5865,78470.1,2026-05-01
INV0000182,CUS0004256,PRD-WL01,39018.941,30.4125,33.7594,1317256.04,2026-05-01
INV0000183,CUS0000686,PRD-WL02,1294.6802,11.3403,16.1859,20955.56,2026-05-01
INV0000184,CUS0002449,PRD-WL04,40861.14,15.0611,17.0784,697842.89,2026-05-01
INV0000185,CUS0009845,PRD-WL02,8279.8339,28.5977,30.9171,255988.45,2026-05-01
INV0000186,CUS0002718,PRD-WL04,3031.4912,21.1847,27.0718,82067.92,2026-05-01
INV0000187,CUS0001541,PRD-WL04,2539.4824,22.6137,31.3662,79653.91,2026-05-01
INV0000188,CUS0003590,PRD-WL04,26425.3058,9.8173,13.9917,369734.95,2026-05-01
INV0000189,CUS0007084,PRD-WL02,32731.9284,30.5085,31.5229,1031805.31,2026-05-01
INV0000190,CUS0004678,PRD-WL02,9324.8959,16.9145,22.5439,210219.52,2026-05-01
INV0000191,CUS0007225,PRD-WL03,47771.7304,29.7035,28.8108,1376341.77,2026-05-01
INV0000192,CUS0000657,PRD-WL01,12634.9104,19.4659,24.62,311071.49,2026-05-01
INV0000193,CUS0004020,PRD-WL01,30584.6662,28.1913,30.1575,922357.07,2026-05-01
INV0000194,CUS0005713,PRD-WL02,47662.934,12.9861,15.8581,755843.57,2026-05-01
INV0000195,CUS0007437,PRD-WL01,4969.8171,19.0709,18.7293,93081.2,2026-05-01
INV0000196,CUS0006944,PRD-WL02,23217.0492,8.0722,8.7078,202169.42,2026-05-01
INV0000197,CUS0006035,PRD-WL03,49141.0797,13.6849,13.6159,669100.03,2026-05-01
INV0000198,CUS0003997,PRD-WL04,16434.5608,28.4715,29.4827,484535.23,2026-05-01
INV0000199,CUS0000590,PRD-WL02,23995.4938,23.0718,27.0908,650057.12,2026-05-01
INV0000200,CUS0009250,PRD-WL01,671.2449,10.7712,12.7297,8544.75,2026-05-01
INV0000201,CUS0008341,PRD-WL01,20263.0276,32.7768,31.4836,637953.06,2026-05-01
INV0000202,CUS0006200,PRD-WL04,16744.6886,29.7642,34.8098,582879.26,2026-05-01
INV0000203,CUS0003799,PRD-WL04,29037.8834,17.2487,21.8271,633812.78,2026-05-01
INV0000204,CUS0009243,PRD-WL01,5364.9784,14.9147,13.2157,70901.95,2026-05-01
INV0000205,CUS0005327,PRD-WL04,12189.2208,11.3716,11.237,136970.27,2026-05-01
INV0000206,CUS0008381,PRD-WL01,28914.8247,9.0799,10.4162,301182.6,2026-05-01
INV0000207,CUS0007142,PRD-WL01,21280.6632,14.1026,16.7728,356936.31,2026-05-01
INV0000208,CUS0000086,PRD-WL01,41966.3969,19.8983,23.4033,982152.18,2026-05-01
INV0000209,CUS0009122,PRD-WL03,26818.5325,12.4771,12.3263,330573.28,2026-05-01
INV0000210,CUS0006075,PRD-WL04,8527.1489,23.7484,28.0474,239164.36,2026-05-01
INV0000211,CUS0000743,PRD-WL03,49551.5057,19.0029,18.0824,896010.15,2026-05-01
INV0000212,CUS0002138,PRD-WL03,49455.0453,21.0054,26.2564,1298511.45,2026-05-01
INV0000213,CUS0009652,PRD-WL01,17723.3554,7.01,8.9154,158010.8,2026-05-01
INV0000214,CUS0006288,PRD-WL02,37976.8947,14.7129,14.2109,539685.85,2026-05-01
INV0000215,CUS0003359,PRD-WL01,39122.6313,26.2435,22.6587,886467.97,2026-05-01
INV0000216,CUS0000414,PRD-WL02,17886.1145,25.9509,22.1932,396950.12,2026-05-01
INV0000217,CUS0006090,PRD-WL01,40725.1799,29.8497,30.4835,1241446.02,2026-05-01
INV0000218,CUS0000595,PRD-WL03,640.6817,12.5962,14.1852,9088.2,2026-05-01
INV0000219,CUS0004641,PRD-WL03,26361.9896,28.2361,27.3834,721880.91,2026-05-01
INV0000220,CUS0006807,PRD-WL01,21738.6609,27.6057,27.4152,595969.74,2026-05-01
INV0000221,CUS0006599,PRD-WL03,5317.7176,24.8947,21.0505,111940.61,2026-05-01
INV0000222,CUS0006401,PRD-WL03,31643.3855,12.3776,11.9904,379416.85,2026-05-01
INV0000223,CUS0001207,PRD-WL02,1912.638,15.0958,18.3424,35082.37,2026-05-01
INV0000224,CUS0007621,PRD-WL02,30008.691,9.3175,9.5394,286264.91,2026-05-01
INV0000225,CUS0004033,PRD-WL01,15410.6787,18.3356,16.6802,257053.2,2026-05-01
INV0000226,CUS0007906,PRD-WL01,26795.4119,20.2964,22.0644,591224.69,2026-05-01
INV0000227,CUS0007937,PRD-WL01,35614.1356,18.9275,24.3389,866808.88,2026-05-01
INV0000228,CUS0004128,PRD-WL01,26071.1835,36.5683,34.7217,905235.81,2026-05-01
INV0000229,CUS0002457,PRD-WL04,10389.3102,16.691,17.4963,181774.49,2026-05-01
INV0000230,CUS0003324,PRD-WL01,24524.5706,19.3385,16.7085,409768.79,2026-05-01
INV0000231,CUS0002345,PRD-WL04,18427.1848,15.0141,20.7567,382487.55,2026-05-01
INV0000232,CUS0008315,PRD-WL04,19490.5429,14.4573,13.0095,253562.22,2026-05-01
INV0000233,CUS0006750,PRD-WL03,49387.8231,20.8015,29.3768,1450856.2,2026-05-01
INV0000234,CUS0002380,PRD-WL01,3730.9621,16.7188,15.7314,58693.26,2026-05-01
INV0000235,CUS0003355,PRD-WL04,35990.5124,31.6333,30.4197,1094820.59,2026-05-01
INV0000236,CUS0003390,PRD-WL04,31341.99,30.3037,31.3287,981903.8,2026-05-01
INV0000237,CUS0009388,PRD-WL03,46410.3411,33.9085,29.9083,1388054.4,2026-05-01
INV0000238,CUS0004866,PRD-WL03,35164.9036,29.1122,29.1456,1024902.21,2026-05-01
INV0000239,CUS0005654,PRD-WL02,38914.9809,17.8353,19.5482,760717.83,2026-05-01
INV0000240,CUS0000456,PRD-WL04,32104.8088,23.2008,22.1633,711548.51,2026-05-01
INV0000241,CUS0009745,PRD-WL04,48847.6623,9.6137,9.7646,476977.88,2026-05-01
INV0000242,CUS0003100,PRD-WL01,8545.5295,14.9964,13.255,113270.99,2026-05-01
INV0000243,CUS0009945,PRD-WL03,30309.0856,16.585,14.1355,428434.08,2026-05-01
INV0000244,CUS0000413,PRD-WL03,34188.4967,27.3371,25.5578,873782.76,2026-05-01
INV0000245,CUS0007252,PRD-WL03,25511.571,39.6721,34.0209,867926.61,2026-05-01
INV0000246,CUS0000545,PRD-WL04,6587.0988,10.5064,12.7008,83661.42,2026-05-01
INV0000247,CUS0006745,PRD-WL04,30907.0744,17.676,24.0446,743148.24,2026-05-01
INV0000248,CUS0004166,PRD-WL04,17733.3634,9.0232,11.5722,205214.03,2026-05-01
INV0000249,CUS0008840,PRD-WL01,37506.4545,11.3578,13.4233,503460.39,2026-05-01
INV0000250,CUS0002107,PRD-WL02,8461.877,8.212,10.3332,87438.27,2026-05-01
INV0000251,CUS0000568,PRD-WL02,38534.0828,19.1062,17.8649,688407.54,2026-05-01
INV0000252,CUS0009635,PRD-WL04,42793.7831,34.1314,28.8211,1233363.9,2026-05-01
INV0000253,CUS0005766,PRD-WL02,45714.9087,31.4865,28.805,1316817.95,2026-05-01
INV0000254,CUS0007377,PRD-WL02,44419.3043,24.6039,27.4718,1220278.24,2026-05-01
INV0000255,CUS0002842,PRD-WL02,31485.0146,6.6256,8.2391,259408.18,2026-05-01
INV0000256,CUS0000457,PRD-WL04,34275.0568,13.1934,17.5195,600481.86,2026-05-01
INV0000257,CUS0009137,PRD-WL04,17080.7782,17.4417,15.1937,259520.22,2026-05-01
INV0000258,CUS0003889,PRD-WL01,40103.1562,17.9759,16.0925,645360.04,2026-05-01
INV0000259,CUS0005456,PRD-WL02,14732.9507,15.3082,17.8648,263201.22,2026-05-01
INV0000260,CUS0006385,PRD-WL04,9100.0903,25.233,25.3982,231125.91,2026-05-01
INV0000261,CUS0001399,PRD-WL04,27623.9621,37.5024,34.1575,943565.49,2026-05-01
INV0000262,CUS0002936,PRD-WL02,436.8135,10.6938,11.4503,5001.65,2026-05-01
INV0000263,CUS0001234,PRD-WL02,2109.5995,32.6991,29.313,61838.69,2026-05-01
INV0000264,CUS0005771,PRD-WL04,4107.535,17.6144,14.7275,60493.72,2026-05-01
INV0000265,CUS0001994,PRD-WL04,49216.4773,22.7449,25.166,1238581.87,2026-05-01
INV0000266,CUS0005090,PRD-WL04,33723.9625,32.2369,29.7995,1004957.22,2026-05-01
INV0000267,CUS0007252,PRD-WL03,17269.6944,10.7877,12.4848,215608.68,2026-05-01
INV0000268,CUS0006987,PRD-WL03,5562.5735,20.8479,28.9456,161012.03,2026-05-01
INV0000269,CUS0004173,PRD-WL02,47351.9756,11.1409,10.3687,490978.43,2026-05-01
INV0000270,CUS0004311,PRD-WL03,15704.2487,23.2564,31.0281,487273.0,2026-05-01
INV0000271,CUS0007578,PRD-WL03,17612.1975,28.3814,28.7468,506294.32,2026-05-01
INV0000272,CUS0001225,PRD-WL01,27087.7874,26.3991,23.8327,645575.11,2026-05-01
INV0000273,CUS0005605,PRD-WL02,12565.3995,24.4344,29.783,374235.29,2026-05-01
INV0000274,CUS0007663,PRD-WL03,4246.3212,11.8171,10.8127,45914.2,2026-05-01
INV0000275,CUS0002425,PRD-WL02,40194.1449,22.8686,19.1822,771012.13,2026-05-01
INV0000276,CUS0004176,PRD-WL04,2234.8135,15.8601,22.5574,50411.58,2026-05-01
INV0000277,CUS0000337,PRD-WL03,44784.0442,18.9729,26.7027,1195854.9,2026-05-01
INV0000278,CUS0006432,PRD-WL04,18058.1494,7.9861,9.0887,164125.1,2026-05-01
INV0000279,CUS0009164,PRD-WL02,25854.1753,23.6835,31.6059,817144.48,2026-05-01
INV0000280,CUS0005069,PRD-WL02,48495.9826,28.0732,28.7944,1396412.72,2026-05-01
INV0000281,CUS0004246,PRD-WL04,24869.958,26.7666,22.3953,556970.17,2026-05-01
INV0000282,CUS0002839,PRD-WL01,21774.3663,13.9917,11.8231,257440.51,2026-05-01
INV0000283,CUS0000812,PRD-WL01,27943.3685,26.1047,22.551,630150.9,2026-05-01
INV0000284,CUS0003397,PRD-WL02,20609.2292,19.6513,25.2719,520834.38,2026-05-01
INV0000285,CUS0004659,PRD-WL01,43701.2991,22.3697,26.5077,1158420.93,2026-05-01
INV0000286,CUS0005472,PRD-WL02,24068.9473,6.0155,8.1866,197042.84,2026-05-01
INV0000287,CUS0004505,PRD-WL04,37914.4611,12.0517,13.9193,527742.76,2026-05-01
INV0000288,CUS0005262,PRD-WL04,27052.8949,7.5481,8.0888,218825.46,2026-05-01
INV0000289,CUS0004006,PRD-WL04,1251.7666,27.4821,26.0574,32617.78,2026-05-01
INV0000290,CUS0001151,PRD-WL01,22308.0988,16.0062,13.3855,298605.06,2026-05-01
INV0000291,CUS0002942,PRD-WL01,2979.553,21.1645,21.119,62925.18,2026-05-01
INV0000292,CUS0009348,PRD-WL04,14683.3309,22.3365,21.5478,316393.48,2026-05-01
INV0000293,CUS0008700,PRD-WL04,1666.3116,27.5846,29.9533,49911.53,2026-05-01
INV0000294,CUS0000406,PRD-WL02,42716.2083,12.8101,14.1188,603101.6,2026-05-01
INV0000295,CUS0009659,PRD-WL04,2599.9417,22.736,28.5697,74279.55,2026-05-01
INV0000296,CUS0005220,PRD-WL01,41776.5261,24.5447,29.3194,1224862.68,2026-05-01
INV0000297,CUS0003051,PRD-WL01,19675.0369,8.7031,10.7731,211961.14,2026-05-01
INV0000298,CUS0003331,PRD-WL02,20950.955,15.6383,19.5517,409626.79,2026-05-01
INV0000299,CUS0005070,PRD-WL02,358.9087,32.6909,31.2098,11201.47,2026-05-01
INV0000300,CUS0005313,PRD-WL04,30551.4702,8.1201,9.6878,295976.53,2026-05-01
INV0000301,CUS0005253,PRD-WL04,4888.4997,17.6763,16.2801,79585.26,2026-05-01
INV0000302,CUS0004941,PRD-WL02,1109.676,21.909,26.0855,28946.45,2026-05-01
INV0000303,CUS0002657,PRD-WL02,34792.2221,27.7641,27.458,955324.83,2026-05-01
INV0000304,CUS0001750,PRD-WL01,18005.9274,36.6641,31.6599,570065.86,2026-05-01
INV0000305,CUS0000684,PRD-WL04,16520.8164,33.9379,30.7619,508211.7,2026-05-01
INV0000306,CUS0001333,PRD-WL04,8551.2483,12.7154,15.2466,130377.46,2026-05-01
INV0000307,CUS0000933,PRD-WL03,47122.4635,23.7266,26.1421,1231880.15,2026-05-01
INV0000308,CUS0005748,PRD-WL04,44456.293,19.9512,19.305,858228.74,2026-05-01
INV0000309,CUS0005579,PRD-WL04,5533.299,15.0095,13.1172,72581.39,2026-05-01
INV0000310,CUS0004376,PRD-WL01,24561.5032,20.5343,23.5858,579302.7,2026-05-01
INV0000311,CUS0001695,PRD-WL03,11647.9622,38.2676,34.1559,397846.63,2026-05-01
INV0000312,CUS0001389,PRD-WL01,3120.736,31.4444,28.9114,90224.85,2026-05-01
INV0000313,CUS0003040,PRD-WL04,26652.3745,17.828,18.59,495467.64,2026-05-01
INV0000314,CUS0009296,PRD-WL04,9540.5658,14.2069,17.7716,169551.12,2026-05-01
INV0000315,CUS0004538,PRD-WL02,49271.5334,9.7893,8.2477,406376.83,2026-05-01
INV0000316,CUS0009170,PRD-WL02,9633.507,11.1844,9.4614,91146.46,2026-05-01
INV0000317,CUS0000247,PRD-WL03,35373.4057,22.3082,24.2505,857822.77,2026-05-01
INV0000318,CUS0005224,PRD-WL03,17390.5776,21.4689,20.5919,358105.03,2026-05-01
INV0000319,CUS0008298,PRD-WL03,19559.1845,8.1804,10.9298,213777.97,2026-05-01
INV0000320,CUS0005210,PRD-WL01,40905.3713,18.7741,20.2108,826730.28,2026-05-01
INV0000321,CUS0004404,PRD-WL04,27757.024,27.4425,24.0377,667215.02,2026-05-01
INV0000322,CUS0001920,PRD-WL04,21395.2651,26.8072,22.8136,488103.02,2026-05-01
INV0000323,CUS0000209,PRD-WL01,44035.3607,26.6979,30.7521,1354179.82,2026-05-01
INV0000324,CUS0009189,PRD-WL02,185.2093,11.0713,14.8098,2742.91,2026-05-01
INV0000325,CUS0009207,PRD-WL02,20030.6269,19.4839,27.1881,544594.69,2026-05-01
INV0000326,CUS0002696,PRD-WL04,33022.0333,12.4615,15.7207,519129.48,2026-05-01
INV0000327,CUS0005448,PRD-WL02,10956.8732,8.0238,9.3708,102674.67,2026-05-01
INV0000328,CUS0001072,PRD-WL03,38704.831,19.7488,17.495,677141.02,2026-05-01
INV0000329,CUS0005609,PRD-WL03,42285.6509,18.2711,20.4986,866796.64,2026-05-01
INV0000330,CUS0006496,PRD-WL01,6012.3474,18.7928,20.3462,122328.42,2026-05-01
INV0000331,CUS0004164,PRD-WL01,35146.7107,8.8714,9.4115,330783.27,2026-05-01
INV0000332,CUS0005045,PRD-WL04,26671.5301,27.2236,26.6279,710206.84,2026-05-01
INV0000333,CUS0000507,PRD-WL03,10075.0386,29.9066,32.2715,325136.61,2026-05-01
INV0000334,CUS0005294,PRD-WL02,17004.5882,10.174,11.7336,199525.04,2026-05-01
INV0000335,CUS0006514,PRD-WL01,26359.8091,17.9698,15.079,397479.56,2026-05-01
INV0000336,CUS0009964,PRD-WL03,12669.4415,12.9155,12.6347,160074.59,2026-05-01
INV0000337,CUS0000744,PRD-WL01,35891.8365,26.9885,25.1344,902119.78,2026-05-01
INV0000338,CUS0001612,PRD-WL02,1982.9132,33.0505,30.1286,59742.4,2026-05-01
INV0000339,CUS0003085,PRD-WL02,14743.3159,28.8559,29.3027,432018.96,2026-05-01
INV0000340,CUS0007176,PRD-WL01,37630.3067,31.891,27.9343,1051176.28,2026-05-01
INV0000341,CUS0000107,PRD-WL02,17708.9821,31.6788,32.7186,579413.1,2026-05-01
INV0000342,CUS0000505,PRD-WL04,46574.7154,25.3215,25.7655,1200020.83,2026-05-01
INV0000343,CUS0002226,PRD-WL04,46655.1927,11.6822,13.7376,640930.38,2026-05-01
INV0000344,CUS0005009,PRD-WL02,20467.6167,13.1962,14.0734,288048.96,2026-05-01
INV0000345,CUS0004671,PRD-WL03,979.1565,10.1643,14.4257,14125.02,2026-05-01
INV0000346,CUS0006883,PRD-WL03,45283.3607,18.9054,19.0337,861909.9,2026-05-01
INV0000347,CUS0008194,PRD-WL02,16069.8192,16.6289,16.5614,266138.7,2026-05-01
INV0000348,CUS0002689,PRD-WL03,39169.2149,31.6893,30.5833,1197923.85,2026-05-01
INV0000349,CUS0003718,PRD-WL01,19195.9448,11.6836,16.4456,315688.83,2026-05-01
INV0000350,CUS0003126,PRD-WL03,10585.0433,28.8974,25.1451,266161.97,2026-05-01
INV0000351,CUS0007386,PRD-WL02,2476.3252,30.6895,32.8259,81287.6,2026-05-01
INV0000352,CUS0002694,PRD-WL03,42504.1724,33.8138,34.7679,1477780.82,2026-05-01
INV0000353,CUS0009843,PRD-WL01,42517.6447,23.065,25.7721,1095768.99,2026-05-01
INV0000354,CUS0004958,PRD-WL04,19090.838,23.1791,29.6989,566976.89,2026-05-01
INV0000355,CUS0001425,PRD-WL04,16021.6956,24.2113,20.6068,330155.88,2026-05-01
INV0000356,CUS0005525,PRD-WL01,15039.7347,13.9934,16.8109,252831.48,2026-05-01
INV0000357,CUS0006640,PRD-WL03,4054.2932,32.3531,32.9952,133772.21,2026-05-01
INV0000358,CUS0003769,PRD-WL03,33979.1799,28.3672,34.889,1185499.61,2026-05-01
INV0000359,CUS0009537,PRD-WL01,8069.7039,10.4246,12.2931,99201.68,2026-05-01
INV0000360,CUS0002008,PRD-WL03,38161.6567,13.657,19.227,733734.17,2026-05-01
INV0000361,CUS0008384,PRD-WL04,35188.0609,16.0247,19.0544,670487.39,2026-05-01
INV0000362,CUS0007455,PRD-WL03,2505.6103,13.979,17.5578,43993.0,2026-05-01
INV0000363,CUS0000713,PRD-WL01,5174.7828,13.517,18.9921,98279.99,2026-05-01
INV0000364,CUS0008657,PRD-WL04,21754.8476,25.1602,32.6216,709677.94,2026-05-01
INV0000365,CUS0005753,PRD-WL03,36492.8102,16.3892,17.2434,629260.12,2026-05-01
INV0000366,CUS0006919,PRD-WL03,34216.2927,10.9592,12.9848,444291.72,2026-05-01
INV0000367,CUS0000319,PRD-WL01,22796.5431,30.5695,29.4518,671399.23,2026-05-01
INV0000368,CUS0002298,PRD-WL02,43829.6784,12.5355,14.3823,630371.58,2026-05-01
INV0000369,CUS0003395,PRD-WL03,19704.5105,24.9122,28.5982,563513.53,2026-05-01
INV0000370,CUS0000762,PRD-WL01,48990.8467,11.9287,11.0134,539555.79,2026-05-01
INV0000371,CUS0009600,PRD-WL04,13674.3228,24.3583,20.5956,281630.88,2026-05-01
INV0000372,CUS0007619,PRD-WL02,46868.709,30.2711,33.783,1583365.6,2026-05-01
INV0000373,CUS0003990,PRD-WL01,15873.7743,35.0618,30.5551,485024.76,2026-05-01
INV0000374,CUS0004770,PRD-WL02,20195.2418,18.9165,20.3996,411974.85,2026-05-01
INV0000375,CUS0008292,PRD-WL02,31901.5658,9.5564,12.5032,398871.66,2026-05-01
INV0000376,CUS0006758,PRD-WL02,33066.8283,30.0243,29.2954,968705.96,2026-05-01
INV0000377,CUS0006982,PRD-WL01,39375.1305,10.7772,9.668,380678.76,2026-05-01
INV0000378,CUS0006542,PRD-WL02,11811.1542,35.5979,29.7862,351809.4,2026-05-01
INV0000379,CUS0006563,PRD-WL02,43562.85,8.0392,10.4827,456656.29,2026-05-01
INV0000380,CUS0001570,PRD-WL03,22437.5058,36.1456,33.1555,743926.72,2026-05-01
INV0000381,CUS0005998,PRD-WL01,37363.1918,21.1351,19.4284,725907.04,2026-05-01
INV0000382,CUS0007615,PRD-WL01,19812.6163,20.589,26.3052,521174.83,2026-05-01
INV0000383,CUS0000717,PRD-WL03,15150.7231,29.1811,30.4405,461195.59,2026-05-01
INV0000384,CUS0000496,PRD-WL04,29524.3262,19.5831,19.2639,568753.67,2026-05-01
INV0000385,CUS0000763,PRD-WL01,28864.7519,19.6053,17.9363,517726.85,2026-05-01
INV0000386,CUS0009040,PRD-WL04,10763.0201,21.2695,27.9535,300864.08,2026-05-01
INV0000387,CUS0005178,PRD-WL04,4778.3585,34.9978,30.4175,145345.72,2026-05-01
INV0000388,CUS0008104,PRD-WL03,46107.7195,27.8526,32.9234,1518022.89,2026-05-01
INV0000389,CUS0004513,PRD-WL02,472.9804,28.4911,32.4871,15365.76,2026-05-01
INV0000390,CUS0008168,PRD-WL01,17086.6315,6.616,8.0369,137323.55,2026-05-01
INV0000391,CUS0001972,PRD-WL02,12490.5303,26.5782,27.8402,347738.86,2026-05-01
INV0000392,CUS0001360,PRD-WL03,8198.8647,8.7642,11.6269,95327.38,2026-05-01
INV0000393,CUS0005419,PRD-WL03,13584.8102,10.6348,9.3708,127300.54,2026-05-01
INV0000394,CUS0000846,PRD-WL03,31732.2043,26.4332,32.7858,1040365.7,2026-05-01
INV0000395,CUS0008327,PRD-WL01,18169.5498,17.7803,22.1364,402208.42,2026-05-01
INV0000396,CUS0008736,PRD-WL03,39310.8816,20.8233,17.9064,703916.37,2026-05-01
INV0000397,CUS0000731,PRD-WL02,31260.0934,28.3472,26.4976,828317.45,2026-05-01
INV0000398,CUS0006473,PRD-WL01,37415.7218,19.7286,22.3707,837015.89,2026-05-01
INV0000399,CUS0000315,PRD-WL02,21544.5292,8.7482,10.5972,228311.68,2026-05-01
INV0000400,CUS0009951,PRD-WL01,4160.2571,16.5415,13.8544,57637.87,2026-05-01
INV0000401,CUS0007240,PRD-WL01,36420.7478,33.4118,29.8194,1086044.85,2026-05-01
INV0000402,CUS0004990,PRD-WL03,30568.6226,17.801,15.2429,465954.46,2026-05-01
INV0000403,CUS0008740,PRD-WL03,33596.8376,14.2516,15.296,513897.23,2026-05-01
INV0000404,CUS0004571,PRD-WL01,1248.6246,10.3049,9.9811,12462.65,2026-05-01
INV0000405,CUS0007322,PRD-WL02,6555.6506,10.5195,13.4877,88420.65,2026-05-01
INV0000406,CUS0009092,PRD-WL02,32702.6748,9.358,8.6072,281478.46,2026-05-01
INV0000407,CUS0004561,PRD-WL04,29550.1281,17.0701,22.8422,674989.94,2026-05-01
INV0000408,CUS0008713,PRD-WL01,20241.758,9.5431,8.8107,178344.06,2026-05-01
INV0000409,CUS0000856,PRD-WL03,36819.993,21.7003,19.1261,704222.87,2026-05-01
INV0000410,CUS0003849,PRD-WL04,44480.2911,10.3609,10.2117,454219.39,2026-05-01
INV0000411,CUS0008252,PRD-WL03,41330.5508,36.3952,30.5866,1264161.03,2026-05-01
INV0000412,CUS0005898,PRD-WL01,3325.5984,15.8037,14.0831,46834.73,2026-05-01
INV0000413,CUS0001861,PRD-WL03,39968.5931,17.5148,17.0545,681644.37,2026-05-01
INV0000414,CUS0008153,PRD-WL04,20031.5089,20.622,25.1724,504241.15,2026-05-01
INV0000415,CUS0004803,PRD-WL01,6967.0125,13.3263,13.1024,91284.58,2026-05-01
INV0000416,CUS0003082,PRD-WL01,43789.5284,16.6843,18.4208,806638.14,2026-05-01
INV0000417,CUS0002929,PRD-WL03,22852.1357,17.9647,20.787,475027.34,2026-05-01
INV0000418,CUS0007619,PRD-WL03,7643.7405,16.5462,19.7029,150603.85,2026-05-01
INV0000419,CUS0009639,PRD-WL03,14390.3746,33.7257,34.6501,498627.92,2026-05-01
INV0000420,CUS0008278,PRD-WL02,22663.0894,13.229,11.6281,263528.67,2026-05-01
INV0000421,CUS0000038,PRD-WL04,48282.0204,8.8718,8.6395,417132.52,2026-05-01
INV0000422,CUS0005176,PRD-WL04,6101.9891,24.4918,32.4521,198022.36,2026-05-01
INV0000423,CUS0007700,PRD-WL01,46931.7449,12.4569,17.0649,800885.53,2026-05-01
INV0000424,CUS0007748,PRD-WL04,32611.1564,27.1023,29.2195,952881.68,2026-05-01
INV0000425,CUS0002194,PRD-WL04,31360.863,11.7307,11.6439,365162.75,2026-05-01
INV0000426,CUS0007610,PRD-WL01,28122.7029,10.0012,10.5152,295715.85,2026-05-01
INV0000427,CUS0003869,PRD-WL03,48556.2595,10.2584,11.1796,542839.56,2026-05-01
INV0000428,CUS0008384,PRD-WL02,2975.8217,13.3836,15.2696,45439.61,2026-05-01
INV0000429,CUS0003747,PRD-WL04,36085.5595,27.3736,33.0552,1192815.39,2026-05-01
INV0000430,CUS0000766,PRD-WL04,38340.229,20.0343,26.9126,1031835.25,2026-05-01
INV0000431,CUS0008670,PRD-WL03,28334.0404,23.7738,27.7251,785564.1,2026-05-01
INV0000432,CUS0006829,PRD-WL04,26217.6004,21.8966,18.9109,495798.42,2026-05-01
INV0000433,CUS0006960,PRD-WL04,31112.3637,21.1031,20.0389,623457.54,2026-05-01
INV0000434,CUS0001494,PRD-WL04,47929.7991,26.0391,29.5421,1415946.92,2026-05-01
INV0000435,CUS0002757,PRD-WL04,48434.162,13.3017,16.9298,819980.68,2026-05-01
INV0000436,CUS0006684,PRD-WL01,2597.7724,30.4351,32.6463,84807.66,2026-05-01
INV0000437,CUS0002429,PRD-WL02,19501.4839,9.8648,13.257,258531.17,2026-05-01
INV0000438,CUS0000016,PRD-WL01,12102.0639,18.0873,18.1094,219161.12,2026-05-01
INV0000439,CUS0009485,PRD-WL04,12105.2343,27.1526,25.6692,310731.68,2026-05-01
INV0000440,CUS0009145,PRD-WL04,2726.3916,13.8944,12.4858,34041.18,2026-05-01
INV0000441,CUS0000112,PRD-WL04,29802.9821,32.8401,31.4099,936108.69,2026-05-01
INV0000442,CUS0006038,PRD-WL02,36246.1181,25.1783,21.5269,780266.56,2026-05-01
INV0000443,CUS0003502,PRD-WL01,1378.5573,30.988,29.0753,40081.97,2026-05-01
INV0000444,CUS0005324,PRD-WL03,20666.6361,22.8795,29.7781,615413.16,2026-05-01
INV0000445,CUS0003543,PRD-WL01,43284.7773,23.9225,20.8576,902816.57,2026-05-01
INV0000446,CUS0007005,PRD-WL02,37991.2426,37.9054,33.7213,1281114.09,2026-05-01
INV0000447,CUS0001886,PRD-WL04,23552.1464,35.6427,30.6601,722111.16,2026-05-01
INV0000448,CUS0006554,PRD-WL02,22895.5962,25.4843,24.1746,553491.88,2026-05-01
INV0000449,CUS0003969,PRD-WL01,38456.5222,10.9652,14.2651,548586.13,2026-05-01
INV0000450,CUS0006233,PRD-WL03,4283.6956,18.6798,22.6506,97028.28,2026-05-01
INV0000451,CUS0001871,PRD-WL02,29786.2678,20.9405,26.2364,781484.44,2026-05-01
INV0000452,CUS0009988,PRD-WL01,12804.3838,9.4309,11.1479,142741.99,2026-05-01
INV0000453,CUS0001156,PRD-WL04,27503.7509,28.9642,29.0949,800218.88,2026-05-01
INV0000454,CUS0000412,PRD-WL02,11071.7659,17.9656,15.5499,172164.85,2026-05-01
INV0000455,CUS0005920,PRD-WL04,28570.5278,13.4206,16.9878,485350.41,2026-05-01
INV0000456,CUS0009955,PRD-WL04,33715.0803,7.5457,9.835,331587.81,2026-05-01
INV0000457,CUS0007807,PRD-WL01,20231.9451,12.2308,11.5943,234575.24,2026-05-01
INV0000458,CUS0001312,PRD-WL01,12830.6198,6.9088,9.7931,125651.54,2026-05-01
INV0000459,CUS0006571,PRD-WL04,10453.9149,22.97,31.0759,324864.81,2026-05-01
INV0000460,CUS0001461,PRD-WL04,19266.8003,28.9354,30.4248,586188.55,2026-05-01
INV0000461,CUS0000847,PRD-WL04,42522.4115,23.3502,19.7051,837908.37,2026-05-01
INV0000462,CUS0004831,PRD-WL02,35600.4209,31.2705,28.1919,1003643.51,2026-05-01
INV0000463,CUS0009187,PRD-WL04,38463.3722,17.3105,16.3233,627849.16,2026-05-01
INV0000464,CUS0008359,PRD-WL04,986.7959,9.9805,11.6501,11496.27,2026-05-01
INV0000465,CUS0007340,PRD-WL04,31178.8102,35.6812,31.8175,992031.79,2026-05-01
INV0000466,CUS0005295,PRD-WL02,12019.6172,12.7347,12.7363,153085.45,2026-05-01
INV0000467,CUS0006914,PRD-WL03,24741.3851,31.183,29.4279,728087.01,2026-05-01
INV0000468,CUS0005449,PRD-WL01,17851.414,13.2268,15.9276,284330.18,2026-05-01
INV0000469,CUS0000067,PRD-WL01,6697.5379,18.6204,16.1399,108097.59,2026-05-01
INV0000470,CUS0000069,PRD-WL02,32296.2202,19.6271,18.1544,586318.5,2026-05-01
INV0000471,CUS0004218,PRD-WL04,7175.4547,23.7059,24.0754,172751.94,2026-05-01
INV0000472,CUS0003417,PRD-WL03,32771.6282,20.0051,18.5803,608906.68,2026-05-01
INV0000473,CUS0004653,PRD-WL01,19129.3701,34.8368,30.4638,582753.3,2026-05-01
INV0000474,CUS0000352,PRD-WL03,49311.9473,23.963,29.4381,1451650.04,2026-05-01
INV0000475,CUS0000866,PRD-WL01,12147.3382,22.7036,19.3949,235596.41,2026-05-01
INV0000476,CUS0007546,PRD-WL03,47019.8244,14.1009,16.741,787158.88,2026-05-01
INV0000477,CUS0000579,PRD-WL04,43084.1028,17.5883,23.6733,1019942.89,2026-05-01
INV0000478,CUS0005005,PRD-WL02,26086.0884,16.0356,17.1795,448145.96,2026-05-01
INV0000479,CUS0000122,PRD-WL03,28136.0597,25.7359,27.3974,770854.88,2026-05-01
INV0000480,CUS0000157,PRD-WL03,18487.8429,26.4656,29.6824,548763.55,2026-05-01
INV0000481,CUS0009448,PRD-WL03,24282.6252,27.934,27.9093,677711.07,2026-05-01
INV0000482,CUS0000018,PRD-WL04,23762.0046,21.6937,25.5959,608209.89,2026-05-01
INV0000483,CUS0003181,PRD-WL01,49339.5585,25.1318,27.7292,1368146.49,2026-05-01
INV0000484,CUS0002141,PRD-WL01,38161.7518,26.5439,22.6878,865806.19,2026-05-01
INV0000485,CUS0001703,PRD-WL04,39267.2094,25.9983,30.0032,1178141.94,2026-05-01
INV0000486,CUS0004497,PRD-WL04,11406.12,19.2228,27.2377,310676.47,2026-05-01
INV0000487,CUS0001917,PRD-WL01,29501.0684,23.5673,22.6094,667001.46,2026-05-01
INV0000488,CUS0007991,PRD-WL03,10769.4491,13.9015,12.4794,134396.26,2026-05-01
INV0000489,CUS0004757,PRD-WL04,45612.4718,27.234,33.4515,1525805.6,2026-05-01
INV0000490,CUS0009308,PRD-WL01,10518.4058,27.9222,30.7041,322958.18,2026-05-01
INV0000491,CUS0006346,PRD-WL02,3221.0625,18.1761,17.4354,56160.51,2026-05-01
INV0000492,CUS0008832,PRD-WL04,30353.0675,23.8045,21.5569,654318.04,2026-05-01
INV0000493,CUS0001893,PRD-WL03,32368.4113,20.9926,23.5739,763049.69,2026-05-01
INV0000494,CUS0000325,PRD-WL01,11781.0888,13.3194,18.6711,219965.89,2026-05-01
INV0000495,CUS0008478,PRD-WL04,17215.5205,19.3563,19.8372,341507.72,2026-05-01
INV0000496,CUS0005670,PRD-WL02,17592.9085,17.3153,21.65,380886.47,2026-05-01
INV0000497,CUS0002947,PRD-WL03,31727.3093,12.5734,11.0059,349187.59,2026-05-01
INV0000498,CUS0007339,PRD-WL01,49064.251,34.4508,31.8629,1563329.32,2026-05-01
INV0000499,CUS0006040,PRD-WL04,33756.9118,26.0705,25.0837,846748.25,2026-05-01
INV0000500,CUS0008981,PRD-WL01,7374.9776,23.4813,27.0251,199309.51,2026-05-01
INV0000501,CUS0000928,PRD-WL02,31701.1116,8.7426,8.3828,265744.08,2026-05-01
INV0000502,CUS0004869,PRD-WL03,28981.9312,14.068,12.0642,349643.81,2026-05-01
INV0000503,CUS0002593,PRD-WL02,41470.7083,18.3733,19.8102,821543.03,2026-05-01
INV0000504,CUS0001428,PRD-WL04,33861.7008,25.7387,24.0483,814316.34,2026-05-01
INV0000505,CUS0001208,PRD-WL03,22140.6601,9.745,8.6812,192207.5,2026-05-01
INV0000506,CUS0009103,PRD-WL04,13917.1465,35.5077,30.7809,428382.29,2026-05-01
INV0000507,CUS0003873,PRD-WL03,47850.0637,7.6803,9.4531,452331.44,2026-05-01
INV0000508,CUS0000831,PRD-WL02,28956.327,23.0803,27.4194,793965.11,2026-05-01
INV0000509,CUS0001831,PRD-WL02,31711.2487,26.5314,31.6109,1002421.11,2026-05-01
INV0000510,CUS0005260,PRD-WL03,41978.8367,11.195,15.8466,665221.83,2026-05-01
INV0000511,CUS0001265,PRD-WL01,25081.3418,18.0576,17.3712,435693.0,2026-05-01
INV0000512,CUS0000830,PRD-WL04,18749.5295,19.2826,17.914,335879.07,2026-05-01
INV0000513,CUS0008256,PRD-WL02,12873.2479,31.1858,30.654,394616.54,2026-05-01
INV0000514,CUS0008458,PRD-WL04,40233.0556,31.5046,31.0651,1249843.9,2026-05-01
INV0000515,CUS0008443,PRD-WL01,3172.4414,25.5141,28.5881,90694.07,2026-05-01
INV0000516,CUS0009701,PRD-WL03,2510.4667,10.5199,8.9905,22570.35,2026-05-01
INV0000517,CUS0005395,PRD-WL02,18290.3961,10.6202,10.0004,182911.28,2026-05-01
INV0000518,CUS0002242,PRD-WL04,3249.8222,14.0296,18.3119,59510.42,2026-05-01
INV0000519,CUS0007579,PRD-WL04,422.8663,9.0233,10.0808,4262.83,2026-05-01
INV0000520,CUS0005689,PRD-WL03,7191.3129,15.0996,15.7825,113496.9,2026-05-01
INV0000521,CUS0009838,PRD-WL01,30022.6439,10.2518,8.7923,263968.09,2026-05-01
INV0000522,CUS0004140,PRD-WL03,25816.7996,16.0103,13.8998,358848.35,2026-05-01
INV0000523,CUS0003851,PRD-WL02,49587.1925,26.7181,22.5592,1118647.39,2026-05-01
INV0000524,CUS0006477,PRD-WL04,46732.4053,17.0005,16.5224,772131.49,2026-05-01
INV0000525,CUS0002019,PRD-WL03,13349.4471,20.2323,26.0075,347185.75,2026-05-01
INV0000526,CUS0006586,PRD-WL04,44911.1226,27.6679,29.1276,1308153.21,2026-05-01
INV0000527,CUS0004860,PRD-WL02,10885.8882,33.7782,33.5163,364854.69,2026-05-01
INV0000528,CUS0002080,PRD-WL02,48320.329,23.4469,20.5908,994954.23,2026-05-01
INV0000529,CUS0006871,PRD-WL04,12427.2921,11.7415,9.8121,121937.83,2026-05-01
INV0000530,CUS0008695,PRD-WL04,15234.9499,13.7084,15.4712,235702.96,2026-05-01
INV0000531,CUS0000856,PRD-WL04,38496.6356,18.0079,17.825,686202.53,2026-05-01
INV0000532,CUS0000758,PRD-WL03,28009.1864,23.3123,28.949,810837.94,2026-05-01
INV0000533,CUS0002392,PRD-WL02,14085.5997,11.0184,12.4437,175276.98,2026-05-01
INV0000534,CUS0005874,PRD-WL04,28184.3887,25.9286,23.2634,655664.71,2026-05-01
INV0000535,CUS0008683,PRD-WL03,12399.648,12.7336,16.034,198815.96,2026-05-01
INV0000536,CUS0009794,PRD-WL03,45428.8252,32.5407,27.2319,1237113.22,2026-05-01
INV0000537,CUS0000154,PRD-WL01,12232.5279,20.6179,19.387,237152.02,2026-05-01
INV0000538,CUS0009459,PRD-WL04,8538.3786,17.955,18.4007,157112.14,2026-05-01
INV0000539,CUS0007789,PRD-WL02,32889.63,16.4401,20.664,679631.31,2026-05-01
INV0000540,CUS0009514,PRD-WL03,9440.0924,11.9846,10.524,99347.53,2026-05-01
INV0000541,CUS0002825,PRD-WL01,42959.0776,22.9782,20.2155,868439.23,2026-05-01
INV0000542,CUS0006330,PRD-WL01,2645.3505,30.1916,30.4818,80635.04,2026-05-01
INV0000543,CUS0007085,PRD-WL01,46501.9623,10.5168,11.5318,536251.33,2026-05-01
INV0000544,CUS0001218,PRD-WL03,7720.013,8.4365,9.5258,73539.3,2026-05-01
INV0000545,CUS0003815,PRD-WL02,23594.7111,15.813,17.6547,416557.55,2026-05-01
INV0000546,CUS0008636,PRD-WL01,47620.7994,26.7794,29.5409,1406761.27,2026-05-01
INV0000547,CUS0007419,PRD-WL01,22810.9508,32.4415,34.9294,796772.82,2026-05-01
INV0000548,CUS0003090,PRD-WL04,37360.8899,20.3679,18.0581,674666.69,2026-05-01
INV0000549,CUS0001473,PRD-WL03,38766.1607,36.9818,32.1399,1245940.53,2026-05-01
INV0000550,CUS0003089,PRD-WL03,13465.8926,15.5566,19.3351,260364.38,2026-05-01
INV0000551,CUS0000524,PRD-WL01,25003.136,14.0297,19.6468,491231.61,2026-05-01
INV0000552,CUS0004642,PRD-WL01,24376.0487,13.4855,11.708,285394.78,2026-05-01
INV0000553,CUS0000891,PRD-WL04,25108.1989,20.6606,28.7263,721265.65,2026-05-01
INV0000554,CUS0008996,PRD-WL01,34033.4935,15.7321,21.8415,743342.55,2026-05-01
INV0000555,CUS0000524,PRD-WL04,42368.9775,14.4071,17.1101,724937.44,2026-05-01
INV0000556,CUS0001450,PRD-WL04,774.01,19.5522,25.3502,19621.31,2026-05-01
INV0000557,CUS0006934,PRD-WL02,30894.706,14.6008,16.3151,504050.22,2026-05-01
INV0000558,CUS0005981,PRD-WL03,6406.2368,16.0103,14.6522,93865.46,2026-05-01
INV0000559,CUS0007153,PRD-WL01,885.8446,26.0478,22.3491,19797.83,2026-05-01
INV0000560,CUS0005695,PRD-WL01,23243.9037,10.5328,9.2902,215940.51,2026-05-01
INV0000561,CUS0007501,PRD-WL04,48097.9091,8.1208,9.2953,447084.49,2026-05-01
INV0000562,CUS0009147,PRD-WL01,33011.8456,12.86,15.739,519573.44,2026-05-01
INV0000563,CUS0000817,PRD-WL01,10730.7042,10.2733,12.5334,134492.21,2026-05-01
INV0000564,CUS0008260,PRD-WL03,46968.7487,27.1509,26.4255,1241172.67,2026-05-01
INV0000565,CUS0006944,PRD-WL04,15429.2045,20.3413,22.4684,346669.54,2026-05-01
INV0000566,CUS0005777,PRD-WL01,46945.779,23.2293,21.8205,1024380.37,2026-05-01
INV0000567,CUS0001218,PRD-WL01,22319.744,28.831,26.8594,599494.93,2026-05-01
INV0000568,CUS0006965,PRD-WL02,8349.5536,29.7842,26.1974,218736.6,2026-05-01
INV0000569,CUS0009031,PRD-WL04,2823.0922,24.8893,29.0398,81982.03,2026-05-01
INV0000570,CUS0001970,PRD-WL03,20454.1961,15.5487,14.0756,287905.08,2026-05-01
INV0000571,CUS0004579,PRD-WL01,22527.4908,23.7018,21.5976,486539.74,2026-05-01
INV0000572,CUS0008090,PRD-WL02,28717.9367,35.387,30.1126,864771.74,2026-05-01
INV0000573,CUS0003899,PRD-WL02,23043.9893,8.9032,8.3703,192885.1,2026-05-01
INV0000574,CUS0002723,PRD-WL01,9848.0304,11.131,9.7691,96206.39,2026-05-01
INV0000575,CUS0007691,PRD-WL03,15126.9086,7.1455,8.7696,132656.94,2026-05-01
INV0000576,CUS0007419,PRD-WL03,49361.91,17.6477,18.8827,932086.14,2026-05-01
INV0000577,CUS0001478,PRD-WL04,16423.4688,22.7336,23.2199,381351.3,2026-05-01
INV0000578,CUS0006562,PRD-WL04,20826.4768,25.6299,25.4129,529261.17,2026-05-01
INV0000579,CUS0002446,PRD-WL03,10976.9919,26.6239,22.9695,252136.02,2026-05-01
INV0000580,CUS0001374,PRD-WL04,36244.6767,14.8646,17.5115,634698.66,2026-05-01
INV0000581,CUS0008509,PRD-WL04,41095.2776,31.7736,34.8742,1433164.93,2026-05-01
INV0000582,CUS0006395,PRD-WL01,17967.955,31.4503,29.3085,526613.81,2026-05-01
INV0000583,CUS0008583,PRD-WL03,36952.7154,16.8213,20.5754,760316.9,2026-05-01
INV0000584,CUS0008037,PRD-WL04,26713.621,33.488,30.1832,806302.57,2026-05-01
INV0000585,CUS0003139,PRD-WL01,10061.8981,14.265,13.697,137817.82,2026-05-01
INV0000586,CUS0001619,PRD-WL04,46030.9797,21.4959,27.445,1263320.24,2026-05-01
INV0000587,CUS0002077,PRD-WL04,5468.8768,19.1609,18.1429,99221.28,2026-05-01
INV0000588,CUS0001878,PRD-WL02,27133.2754,16.636,19.5377,530121.79,2026-05-01
INV0000589,CUS0009549,PRD-WL04,34383.8144,15.5706,15.2019,522699.31,2026-05-01
INV0000590,CUS0002557,PRD-WL01,37319.7244,22.3726,20.4657,763774.28,2026-05-01
INV0000591,CUS0000409,PRD-WL01,38530.4214,11.4749,10.1635,391603.94,2026-05-01
INV0000592,CUS0005227,PRD-WL03,5071.3832,17.5026,24.9332,126445.81,2026-05-01
INV0000593,CUS0009395,PRD-WL04,44643.3023,10.9712,11.0852,494879.93,2026-05-01
INV0000594,CUS0004170,PRD-WL04,31682.4203,29.9297,28.8172,912998.64,2026-05-01
INV0000595,CUS0005568,PRD-WL04,19994.446,26.4937,34.6583,692973.51,2026-05-01
INV0000596,CUS0005057,PRD-WL02,15345.5379,12.0136,13.2584,203457.28,2026-05-01
INV0000597,CUS0002073,PRD-WL02,7235.5065,15.795,15.1548,109652.65,2026-05-01
INV0000598,CUS0003843,PRD-WL03,2338.1851,34.0349,31.8148,74388.89,2026-05-01
INV0000599,CUS0001419,PRD-WL04,47536.9737,19.9706,17.2894,821885.75,2026-05-01
INV0000600,CUS0002422,PRD-WL04,6785.7969,12.2501,16.207,109977.41,2026-05-01
INV0000601,CUS0004511,PRD-WL02,12433.895,30.2476,33.5854,417597.34,2026-05-01
INV0000602,CUS0000496,PRD-WL01,47229.2343,7.8917,9.0485,427353.73,2026-05-01
INV0000603,CUS0002846,PRD-WL03,15135.4329,25.5476,25.4203,384747.24,2026-05-01
INV0000604,CUS0002529,PRD-WL01,13258.8749,30.6617,28.1419,373129.93,2026-05-01
INV0000605,CUS0005945,PRD-WL02,26795.7068,19.4557,18.8844,506020.85,2026-05-01
INV0000606,CUS0008514,PRD-WL04,32398.0813,18.8344,15.6982,508591.56,2026-05-01
INV0000607,CUS0006390,PRD-WL04,13294.427,15.7569,13.9128,184962.7,2026-05-01
INV0000608,CUS0007228,PRD-WL04,32504.6949,15.626,16.8214,546774.47,2026-05-01
INV0000609,CUS0005756,PRD-WL04,20872.1591,13.2622,11.1721,233185.85,2026-05-01
INV0000610,CUS0002247,PRD-WL02,16502.7648,12.014,11.9966,197977.07,2026-05-01
INV0000611,CUS0008220,PRD-WL02,38164.7393,20.2905,24.7479,944497.15,2026-05-01
INV0000612,CUS0004822,PRD-WL02,11141.5451,36.2374,34.6138,385651.21,2026-05-01
INV0000613,CUS0005972,PRD-WL04,22142.1749,21.5321,23.6952,524663.26,2026-05-01
INV0000614,CUS0005968,PRD-WL04,13613.9199,12.1765,13.7979,187843.51,2026-05-01
INV0000615,CUS0009240,PRD-WL04,20450.3071,23.1434,29.4339,601932.29,2026-05-01
INV0000616,CUS0005036,PRD-WL01,48903.838,32.9733,29.7238,1453607.9,2026-05-01
INV0000617,CUS0002870,PRD-WL04,18216.7496,19.6962,17.5438,319591.01,2026-05-01
INV0000618,CUS0003443,PRD-WL01,113.3362,35.3834,34.0176,3855.43,2026-05-01
INV0000619,CUS0000560,PRD-WL01,12100.3689,26.5952,30.5881,370127.29,2026-05-01
INV0000620,CUS0007553,PRD-WL02,5472.9658,14.5379,20.3353,111294.4,2026-05-01
INV0000621,CUS0006254,PRD-WL01,10712.2255,18.4215,15.5324,166386.57,2026-05-01
INV0000622,CUS0009387,PRD-WL03,35181.3197,22.0593,28.6594,1008275.51,2026-05-01
INV0000623,CUS0001211,PRD-WL03,48823.9567,23.4182,20.8186,1016446.42,2026-05-01
INV0000624,CUS0000860,PRD-WL01,24153.5684,29.8839,33.351,805545.66,2026-05-01
INV0000625,CUS0004838,PRD-WL04,25821.6586,22.109,26.1276,674657.97,2026-05-01
INV0000626,CUS0006584,PRD-WL01,44738.6875,6.9215,8.7429,391145.87,2026-05-01
INV0000627,CUS0006305,PRD-WL02,29775.8309,13.3074,17.898,532927.82,2026-05-01
INV0000628,CUS0001869,PRD-WL01,33681.0561,18.6292,24.0579,810295.48,2026-05-01
INV0000629,CUS0006913,PRD-WL02,5171.9493,18.5216,17.5547,90792.02,2026-05-01
INV0000630,CUS0002248,PRD-WL03,7939.3512,21.771,23.0278,182825.79,2026-05-01
INV0000631,CUS0008425,PRD-WL03,46523.1391,15.2732,17.7257,824655.21,2026-05-01
INV0000632,CUS0004286,PRD-WL04,36328.9783,15.4036,15.0822,547920.92,2026-05-01
INV0000633,CUS0002532,PRD-WL04,28776.0825,26.8394,23.5883,678778.87,2026-05-01
INV0000634,CUS0000297,PRD-WL04,13820.2785,10.2244,11.3624,157031.53,2026-05-01
INV0000635,CUS0004673,PRD-WL04,2659.1908,23.9903,27.9647,74363.47,2026-05-01
INV0000636,CUS0005832,PRD-WL01,42077.3584,22.9659,30.9051,1300404.97,2026-05-01
INV0000637,CUS0006970,PRD-WL01,18035.1544,14.593,17.0921,308258.66,2026-05-01
INV0000638,CUS0006762,PRD-WL03,17828.1198,17.6139,15.1487,270072.84,2026-05-01
INV0000639,CUS0000156,PRD-WL04,3088.3546,20.7783,22.7065,70125.72,2026-05-01
INV0000640,CUS0006224,PRD-WL03,28716.9633,33.7784,32.7367,940098.61,2026-05-01
INV0000641,CUS0003811,PRD-WL04,25253.5419,15.8921,20.6675,521927.58,2026-05-01
INV0000642,CUS0003119,PRD-WL01,41472.105,23.887,21.1025,875165.1,2026-05-01
INV0000643,CUS0009905,PRD-WL03,632.8134,29.0529,33.5023,21200.7,2026-05-01
INV0000644,CUS0008283,PRD-WL02,35491.257,14.3857,12.1319,430576.38,2026-05-01
INV0000645,CUS0005079,PRD-WL02,30987.6984,18.0583,20.7991,644516.24,2026-05-01
INV0000646,CUS0005833,PRD-WL02,36248.4885,15.7535,18.9019,685165.3,2026-05-01
INV0000647,CUS0009454,PRD-WL01,22304.1796,7.8227,8.7476,195108.04,2026-05-01
INV0000648,CUS0007480,PRD-WL04,30810.9294,37.0166,33.4759,1031423.59,2026-05-01
INV0000649,CUS0005111,PRD-WL01,14539.989,9.376,9.251,134509.44,2026-05-01
INV0000650,CUS0004618,PRD-WL02,30972.996,23.4775,24.2372,750698.7,2026-05-01
INV0000651,CUS0000864,PRD-WL03,16862.0187,27.9707,32.0982,541240.45,2026-05-01
INV0000652,CUS0001301,PRD-WL04,21382.3468,18.81,21.9736,469847.14,2026-05-01
INV0000653,CUS0001206,PRD-WL04,21584.9434,29.717,30.6263,661066.95,2026-05-01
INV0000654,CUS0007514,PRD-WL03,27668.1929,34.8844,31.7682,878968.69,2026-05-01
INV0000655,CUS0005123,PRD-WL02,21249.3723,21.4999,27.8932,592712.99,2026-05-01
INV0000656,CUS0005308,PRD-WL04,13761.3653,22.7189,29.3441,403814.88,2026-05-01
INV0000657,CUS0008594,PRD-WL01,28726.8614,14.0331,17.1725,493312.03,2026-05-01
INV0000658,CUS0006610,PRD-WL03,29142.5497,21.0899,21.0681,613978.15,2026-05-01
INV0000659,CUS0001293,PRD-WL01,20435.2321,24.6608,31.189,637354.45,2026-05-01
INV0000660,CUS0009786,PRD-WL04,35055.4053,22.2832,20.7899,728798.37,2026-05-01
INV0000661,CUS0008656,PRD-WL04,3016.054,22.7336,19.1239,57678.72,2026-05-01
INV0000662,CUS0000868,PRD-WL04,44734.0812,13.6402,14.8958,666349.93,2026-05-01
INV0000663,CUS0004968,PRD-WL01,2299.5584,34.8445,29.5722,68003.0,2026-05-01
INV0000664,CUS0003170,PRD-WL01,21387.3089,19.3537,17.6618,377738.37,2026-05-01
INV0000665,CUS0000460,PRD-WL03,49586.8796,17.5124,15.4507,766152.0,2026-05-01
INV0000666,CUS0009734,PRD-WL02,14286.6784,35.522,31.3103,447320.19,2026-05-01
INV0000667,CUS0005406,PRD-WL03,37424.8766,36.1171,33.5773,1256626.31,2026-05-01
INV0000668,CUS0008125,PRD-WL02,37142.7172,10.6189,14.7901,549344.5,2026-05-01
INV0000669,CUS0009043,PRD-WL02,14423.6961,27.7634,32.3853,467115.73,2026-05-01
INV0000670,CUS0000987,PRD-WL03,35746.5791,21.3605,29.357,1049412.32,2026-05-01
INV0000671,CUS0009247,PRD-WL03,5458.0674,16.6625,23.2742,127032.15,2026-05-01
INV0000672,CUS0000233,PRD-WL04,18888.1161,25.454,25.1292,474643.25,2026-05-01
INV0000673,CUS0000127,PRD-WL02,28522.9297,21.7757,28.3923,809831.58,2026-05-01
INV0000674,CUS0001581,PRD-WL04,27583.824,22.3232,23.3579,644300.2,2026-05-01
INV0000675,CUS0001778,PRD-WL03,9248.3697,11.4168,14.81,136968.36,2026-05-01
INV0000676,CUS0002129,PRD-WL03,16269.1631,32.6869,29.5946,481479.37,2026-05-01
INV0000677,CUS0008480,PRD-WL01,46379.3232,14.408,13.8727,643406.44,2026-05-01
INV0000678,CUS0002001,PRD-WL01,6955.0306,20.8129,24.546,170718.18,2026-05-01
INV0000679,CUS0003836,PRD-WL03,25759.484,6.7125,8.8701,228489.2,2026-05-01
INV0000680,CUS0004399,PRD-WL03,23973.2317,31.6694,32.8208,786820.64,2026-05-01
INV0000681,CUS0003774,PRD-WL03,562.166,13.5748,14.0402,7892.92,2026-05-01
INV0000682,CUS0005651,PRD-WL02,13141.9914,7.5859,9.3811,123286.34,2026-05-01
INV0000683,CUS0009914,PRD-WL03,9383.0319,10.0292,13.3761,125508.37,2026-05-01
INV0000684,CUS0005378,PRD-WL02,46095.1384,27.8615,31.732,1462690.93,2026-05-01
INV0000685,CUS0006384,PRD-WL04,38624.6636,32.8507,28.7592,1110814.43,2026-05-01
INV0000686,CUS0000381,PRD-WL02,8812.7239,27.0554,32.0925,282822.34,2026-05-01
INV0000687,CUS0003259,PRD-WL03,19998.3154,18.924,22.3702,447366.32,2026-05-01
INV0000688,CUS0006971,PRD-WL04,9486.6961,18.9472,24.2668,230211.76,2026-05-01
INV0000689,CUS0006298,PRD-WL01,37217.2519,16.9502,16.9428,630564.46,2026-05-01
INV0000690,CUS0009998,PRD-WL04,46682.7114,26.8,22.7544,1062237.09,2026-05-01
INV0000691,CUS0005574,PRD-WL01,43723.4102,18.4822,16.8381,736219.15,2026-05-01
INV0000692,CUS0005644,PRD-WL03,30300.8098,32.1682,32.3721,980900.84,2026-05-01
INV0000693,CUS0009666,PRD-WL04,33367.3008,21.8017,20.5659,686228.57,2026-05-01
INV0000694,CUS0003118,PRD-WL02,39039.8952,18.4952,15.6307,610220.89,2026-05-01
INV0000695,CUS0001894,PRD-WL02,7195.4273,31.0485,26.3837,189842.0,2026-05-01
INV0000696,CUS0008633,PRD-WL03,4515.3737,18.7975,24.2849,109655.4,2026-05-01
INV0000697,CUS0000202,PRD-WL04,13465.0256,14.4206,17.6961,238278.44,2026-05-01
INV0000698,CUS0000369,PRD-WL01,24966.3912,20.7287,28.1347,702421.93,2026-05-01
INV0000699,CUS0007722,PRD-WL04,41844.9963,18.2889,20.8462,872309.16,2026-05-01
INV0000700,CUS0002847,PRD-WL04,19491.5181,13.3566,11.9451,232828.13,2026-05-01
INV0000701,CUS0005450,PRD-WL01,28001.972,21.7554,25.9686,727172.01,2026-05-01
INV0000702,CUS0000778,PRD-WL01,16276.9327,14.4764,15.3099,249198.21,2026-05-01
INV0000703,CUS0007546,PRD-WL04,12819.9117,11.8647,13.5275,173421.36,2026-05-01
INV0000704,CUS0001172,PRD-WL02,25064.3121,19.2251,21.1851,530989.96,2026-05-01
INV0000705,CUS0004436,PRD-WL03,45374.1147,11.8932,16.7553,760256.9,2026-05-01
INV0000706,CUS0000446,PRD-WL02,38892.0989,33.6556,34.399,1337849.31,2026-05-01
INV0000707,CUS0006199,PRD-WL01,1006.2113,9.7962,9.0229,9078.94,2026-05-01
INV0000708,CUS0001958,PRD-WL03,14203.9428,15.7245,13.7955,195950.49,2026-05-01
INV0000709,CUS0009639,PRD-WL02,29334.0316,39.0468,33.6215,986254.14,2026-05-01
INV0000710,CUS0000036,PRD-WL02,16990.1655,10.967,10.477,178005.96,2026-05-01
INV0000711,CUS0001317,PRD-WL02,40580.2177,36.5783,30.7693,1248624.89,2026-05-01
INV0000712,CUS0003956,PRD-WL02,48616.873,14.4182,20.0525,974889.85,2026-05-01
INV0000713,CUS0001803,PRD-WL03,9762.8019,17.8431,19.8444,193736.95,2026-05-01
INV0000714,CUS0000093,PRD-WL01,49871.2977,12.1474,11.3932,568193.67,2026-05-01
INV0000715,CUS0001920,PRD-WL01,12438.3475,20.9286,23.5246,292607.15,2026-05-01
INV0000716,CUS0009091,PRD-WL02,17415.2473,32.1344,34.5513,601719.43,2026-05-01
INV0000717,CUS0000119,PRD-WL02,45573.6025,13.1336,11.9118,542863.64,2026-05-01
INV0000718,CUS0003058,PRD-WL01,32506.3969,22.808,22.0494,716746.55,2026-05-01
INV0000719,CUS0006523,PRD-WL04,20839.992,20.8688,26.5281,552845.39,2026-05-01
INV0000720,CUS0008228,PRD-WL03,46336.2722,30.0596,33.2755,1541862.63,2026-05-01
INV0000721,CUS0004238,PRD-WL03,24226.6413,11.4733,10.5656,255969.0,2026-05-01
INV0000722,CUS0003882,PRD-WL01,26520.7254,8.1578,10.228,271253.98,2026-05-01
INV0000723,CUS0003153,PRD-WL02,48140.2665,12.8977,12.4187,597839.53,2026-05-01
INV0000724,CUS0008891,PRD-WL03,22903.4257,28.4822,26.0261,596086.85,2026-05-01
INV0000725,CUS0002983,PRD-WL03,26369.3559,27.9256,25.634,675952.07,2026-05-01
INV0000726,CUS0007865,PRD-WL01,21972.628,18.7474,25.19,553490.5,2026-05-01
INV0000727,CUS0003226,PRD-WL02,49831.6429,26.5291,28.7507,1432694.62,2026-05-01
INV0000728,CUS0008163,PRD-WL03,49322.6296,36.2446,33.6804,1661205.89,2026-05-01
INV0000729,CUS0007383,PRD-WL01,40823.3629,27.201,33.5527,1369734.05,2026-05-01
INV0000730,CUS0002635,PRD-WL04,38155.0958,10.3692,9.4416,360245.15,2026-05-01
INV0000731,CUS0009573,PRD-WL03,44089.4308,39.4369,34.4886,1520582.74,2026-05-01
INV0000732,CUS0001630,PRD-WL01,13537.8114,18.499,21.4873,290891.01,2026-05-01
INV0000733,CUS0009963,PRD-WL01,30185.6215,7.4163,8.685,262162.12,2026-05-01
INV0000734,CUS0006253,PRD-WL04,20719.4842,34.8624,31.4372,651362.57,2026-05-01
INV0000735,CUS0009490,PRD-WL01,20064.3198,17.4978,20.3321,407949.76,2026-05-01
INV0000736,CUS0006024,PRD-WL01,37167.7869,23.059,23.5353,874755.02,2026-05-01
INV0000737,CUS0002076,PRD-WL01,38591.7445,12.3618,14.5089,559923.76,2026-05-01
INV0000738,CUS0006727,PRD-WL03,31084.8678,9.7855,13.5015,419692.34,2026-05-01
INV0000739,CUS0001008,PRD-WL01,49444.7133,35.1144,33.6968,1666128.62,2026-05-01
INV0000740,CUS0004601,PRD-WL01,2713.1005,28.5148,29.4003,79765.97,2026-05-01
INV0000741,CUS0006910,PRD-WL01,1108.8812,18.3941,20.7791,23041.55,2026-05-01
INV0000742,CUS0002835,PRD-WL02,36180.1631,13.8299,13.4363,486127.53,2026-05-01
INV0000743,CUS0005742,PRD-WL01,11745.1075,21.0465,19.3912,227751.73,2026-05-01
INV0000744,CUS0008615,PRD-WL02,20546.1391,26.3539,29.6223,608623.9,2026-05-01
INV0000745,CUS0000437,PRD-WL03,11707.0265,21.7515,30.6744,359106.01,2026-05-01
INV0000746,CUS0003912,PRD-WL03,19200.4083,23.0391,21.0927,404988.45,2026-05-01
INV0000747,CUS0004103,PRD-WL02,18447.4061,21.2706,19.6021,361607.9,2026-05-01
INV0000748,CUS0007378,PRD-WL03,521.9324,20.6813,17.5904,9181.0,2026-05-01
INV0000749,CUS0004872,PRD-WL04,11583.4874,37.6095,34.1274,395314.31,2026-05-01
INV0000750,CUS0006442,PRD-WL01,4038.2103,14.6991,17.2321,69586.84,2026-05-01
INV0000751,CUS0008720,PRD-WL04,18398.0613,9.4054,11.7598,216357.52,2026-05-01
INV0000752,CUS0004096,PRD-WL03,16021.6075,15.1387,20.9841,336199.01,2026-05-01
INV0000753,CUS0004667,PRD-WL04,44490.0426,31.7102,30.7477,1367966.48,2026-05-01
INV0000754,CUS0002515,PRD-WL03,48794.9849,17.0192,14.705,717530.25,2026-05-01
INV0000755,CUS0000028,PRD-WL01,6356.0797,19.3405,24.259,154192.14,2026-05-01
INV0000756,CUS0003244,PRD-WL02,26344.0568,21.6589,19.4865,513353.46,2026-05-01
INV0000757,CUS0003251,PRD-WL03,8414.8356,12.0191,15.1563,127537.77,2026-05-01
INV0000758,CUS0007674,PRD-WL03,22892.5856,32.0119,33.6722,770843.72,2026-05-01
INV0000759,CUS0005198,PRD-WL01,13935.8787,24.1071,25.605,356828.17,2026-05-01
INV0000760,CUS0006761,PRD-WL02,23940.3986,16.6029,22.4937,538508.14,2026-05-01
INV0000761,CUS0005074,PRD-WL01,23455.594,35.171,31.9883,750304.58,2026-05-01
INV0000762,CUS0007985,PRD-WL04,17204.4187,21.4622,18.0511,310558.68,2026-05-01
INV0000763,CUS0001863,PRD-WL04,39899.6664,32.6563,27.9712,1116041.55,2026-05-01
INV0000764,CUS0007171,PRD-WL02,1249.5349,12.4509,11.1675,13954.18,2026-05-01
INV0000765,CUS0005500,PRD-WL01,18375.7781,27.2926,32.415,595650.85,2026-05-01
INV0000766,CUS0007749,PRD-WL02,38650.4331,29.8912,29.8558,1153939.6,2026-05-01
INV0000767,CUS0003790,PRD-WL02,49091.8221,22.071,27.8082,1365155.21,2026-05-01
INV0000768,CUS0002369,PRD-WL03,19146.3324,21.1039,22.787,436287.48,2026-05-01
INV0000769,CUS0007540,PRD-WL01,41352.4582,7.5476,9.496,392682.94,2026-05-01
INV0000770,CUS0003194,PRD-WL02,44201.3232,14.5112,12.795,565555.93,2026-05-01
INV0000771,CUS0001394,PRD-WL03,20931.0853,28.7645,34.9023,730543.02,2026-05-01
INV0000772,CUS0001445,PRD-WL04,34064.0813,18.9605,20.6286,702694.31,2026-05-01
INV0000773,CUS0005916,PRD-WL02,19292.4415,27.0876,24.8461,479341.93,2026-05-01
INV0000774,CUS0007854,PRD-WL01,48842.9266,11.9746,14.0262,685080.66,2026-05-01
INV0000775,CUS0008548,PRD-WL04,31466.7434,23.5781,24.2005,761510.92,2026-05-01
INV0000776,CUS0000215,PRD-WL04,445.8137,23.5165,29.2486,13039.43,2026-05-01
INV0000777,CUS0009487,PRD-WL01,16583.6354,26.9082,28.3823,470681.72,2026-05-01
INV0000778,CUS0006441,PRD-WL04,7545.1888,12.7907,12.2946,92765.08,2026-05-01
INV0000779,CUS0005708,PRD-WL02,9185.7913,13.8726,15.7066,144277.55,2026-05-01
INV0000780,CUS0001807,PRD-WL02,7202.6885,12.6935,16.1702,116468.91,2026-05-01
INV0000781,CUS0000077,PRD-WL02,24715.9774,12.2121,17.4142,430408.97,2026-05-01
INV0000782,CUS0006722,PRD-WL03,48520.4195,18.257,19.3171,937273.8,2026-05-01
INV0000783,CUS0008726,PRD-WL01,21512.4408,31.7618,31.4112,675731.58,2026-05-01
INV0000784,CUS0004956,PRD-WL02,27445.0037,24.2828,29.1912,801152.59,2026-05-01
INV0000785,CUS0005478,PRD-WL01,27770.8902,6.3204,8.8905,246897.1,2026-05-01
INV0000786,CUS0009355,PRD-WL03,19027.6888,27.5157,27.1967,517490.34,2026-05-01
INV0000787,CUS0005893,PRD-WL01,34887.2657,11.8743,10.7279,374267.1,2026-05-01
INV0000788,CUS0000196,PRD-WL03,45954.8657,19.0903,21.5612,990842.05,2026-05-01
INV0000789,CUS0009371,PRD-WL04,5473.6522,6.3699,8.4673,46347.06,2026-05-01
INV0000790,CUS0002796,PRD-WL01,6991.1259,35.9723,33.6296,235108.77,2026-05-01
INV0000791,CUS0001006,PRD-WL02,2117.4215,23.4699,30.766,65144.59,2026-05-01
INV0000792,CUS0006280,PRD-WL02,18025.1457,11.4887,14.1541,255129.71,2026-05-01
INV0000793,CUS0007744,PRD-WL04,15991.2628,21.0046,27.3721,437714.44,2026-05-01
INV0000794,CUS0007521,PRD-WL03,10201.1962,27.1667,27.5272,280810.37,2026-05-01
INV0000795,CUS0002936,PRD-WL03,41929.4288,13.0106,18.2195,763933.23,2026-05-01
INV0000796,CUS0001648,PRD-WL04,9960.0349,26.1386,23.9412,238455.19,2026-05-01
INV0000797,CUS0003623,PRD-WL04,8481.2179,19.1688,20.2783,171984.68,2026-05-01
INV0000798,CUS0001738,PRD-WL03,15746.911,7.4604,8.0577,126883.88,2026-05-01
INV0000799,CUS0005099,PRD-WL03,19096.2803,19.2156,18.4432,352196.52,2026-05-01
INV0000800,CUS0006703,PRD-WL04,2256.469,24.897,29.4731,66505.14,2026-05-01
INV0000801,CUS0004579,PRD-WL04,15883.0114,24.0934,30.5186,484727.27,2026-05-01
INV0000802,CUS0000857,PRD-WL03,34736.4924,20.7879,28.6115,993863.15,2026-05-01
INV0000803,CUS0006431,PRD-WL02,15188.8665,20.5483,20.5478,312097.79,2026-05-01
INV0000804,CUS0006087,PRD-WL01,4923.9689,25.2397,26.2969,129485.12,2026-05-01
INV0000805,CUS0005955,PRD-WL01,14251.4311,26.5179,23.2844,331836.02,2026-05-01
INV0000806,CUS0003318,PRD-WL01,26054.1912,30.6693,30.684,799446.8,2026-05-01
INV0000807,CUS0006414,PRD-WL04,22372.3774,15.952,21.8517,488874.48,2026-05-01
INV0000808,CUS0004465,PRD-WL02,19328.359,21.7243,30.3315,586258.12,2026-05-01
INV0000809,CUS0004174,PRD-WL03,44781.1707,8.1432,10.2123,457318.75,2026-05-01
INV0000810,CUS0001244,PRD-WL02,19006.5729,25.528,23.239,441693.75,2026-05-01
INV0000811,CUS0000125,PRD-WL02,17624.0187,19.1097,16.8378,296749.7,2026-05-01
INV0000812,CUS0004503,PRD-WL04,46639.7448,32.8254,29.1984,1361805.92,2026-05-01
INV0000813,CUS0006873,PRD-WL04,23659.8991,10.1861,8.5134,201426.18,2026-05-01
INV0000814,CUS0002641,PRD-WL03,17891.4109,22.0646,20.7112,370552.59,2026-05-01
INV0000815,CUS0000976,PRD-WL03,16546.6639,30.5116,30.8289,510115.45,2026-05-01
INV0000816,CUS0001593,PRD-WL03,38324.4883,36.2266,32.8556,1259174.06,2026-05-01
INV0000817,CUS0000066,PRD-WL02,14059.1371,22.226,22.8536,321301.9,2026-05-01
INV0000818,CUS0004297,PRD-WL01,36989.9703,17.0498,16.4398,608107.71,2026-05-01
INV0000819,CUS0009054,PRD-WL02,5945.821,11.584,10.0504,59757.88,2026-05-01
INV0000820,CUS0000158,PRD-WL03,40950.6228,14.0105,14.24,583136.87,2026-05-01
INV0000821,CUS0004600,PRD-WL03,37436.9347,17.2995,21.2931,797148.39,2026-05-01
INV0000822,CUS0004901,PRD-WL02,27437.3358,14.9773,15.5336,426200.6,2026-05-01
INV0000823,CUS0002965,PRD-WL03,30219.2094,12.8162,16.9789,513088.93,2026-05-01
INV0000824,CUS0006361,PRD-WL01,48558.6009,11.4622,15.5082,753056.49,2026-05-01
INV0000825,CUS0004163,PRD-WL04,20097.0824,12.536,13.0412,262090.07,2026-05-01
INV0000826,CUS0003671,PRD-WL04,2268.0233,8.7351,10.2794,23313.92,2026-05-01
INV0000827,CUS0002743,PRD-WL03,11612.0511,22.318,24.7772,287714.11,2026-05-01
INV0000828,CUS0002277,PRD-WL01,9905.2703,37.2902,31.616,313165.03,2026-05-01
INV0000829,CUS0004306,PRD-WL01,11222.5832,23.9501,23.4919,263639.8,2026-05-01
INV0000830,CUS0008750,PRD-WL03,19054.0396,22.822,21.9536,418304.76,2026-05-01
INV0000831,CUS0002327,PRD-WL02,44303.3442,9.1741,8.5771,379994.21,2026-05-01
INV0000832,CUS0000240,PRD-WL02,3397.4175,6.4877,9.1728,31163.83,2026-05-01
INV0000833,CUS0008826,PRD-WL03,22540.7793,12.6041,13.5387,305172.85,2026-05-01
INV0000834,CUS0001648,PRD-WL02,23225.1648,9.8875,8.3607,194178.64,2026-05-01
INV0000835,CUS0009129,PRD-WL03,11039.7767,27.3102,24.9622,275577.11,2026-05-01
INV0000836,CUS0005556,PRD-WL04,30330.6285,23.8437,30.5827,927592.51,2026-05-01
INV0000837,CUS0002988,PRD-WL01,32913.1527,27.9968,24.3111,800154.95,2026-05-01
INV0000838,CUS0006787,PRD-WL01,25462.2188,32.2766,33.576,854919.46,2026-05-01
INV0000839,CUS0006309,PRD-WL04,47849.8181,21.5222,24.6002,1177115.1,2026-05-01
INV0000840,CUS0006612,PRD-WL03,39350.0854,27.6341,34.691,1365093.81,2026-05-01
INV0000841,CUS0007418,PRD-WL03,27102.1889,6.2966,8.5169,230826.63,2026-05-01
INV0000842,CUS0006635,PRD-WL02,43231.9791,22.2383,29.4606,1273640.04,2026-05-01
INV0000843,CUS0006770,PRD-WL02,24282.5372,25.1283,27.8611,676538.2,2026-05-01
INV0000844,CUS0001424,PRD-WL03,1106.5463,6.0366,8.2796,9161.76,2026-05-01
INV0000845,CUS0002770,PRD-WL02,9023.7658,17.7088,15.2725,137815.46,2026-05-01
INV0000846,CUS0009674,PRD-WL03,43886.5328,21.4397,20.3348,892423.87,2026-05-01
INV0000847,CUS0008366,PRD-WL03,32620.7727,18.3057,20.7286,676182.95,2026-05-01
INV0000848,CUS0004287,PRD-WL04,27248.1093,25.2008,31.9246,869884.99,2026-05-01
INV0000849,CUS0007278,PRD-WL04,14898.0059,24.8062,26.2396,390917.72,2026-05-01
INV0000850,CUS0009236,PRD-WL04,3357.6941,29.2882,33.8398,113623.7,2026-05-01
INV0000851,CUS0003491,PRD-WL04,20730.69,8.8701,11.2286,232776.63,2026-05-01
INV0000852,CUS0008210,PRD-WL01,4829.3398,17.957,15.4661,74691.05,2026-05-01
INV0000853,CUS0001498,PRD-WL04,46116.8192,10.9654,15.2639,703922.52,2026-05-01
INV0000854,CUS0008306,PRD-WL03,9713.8574,33.7838,31.7595,308507.25,2026-05-01
INV0000855,CUS0000460,PRD-WL02,21493.9664,22.4083,23.6742,508852.46,2026-05-01
INV0000856,CUS0006648,PRD-WL03,46157.1081,16.1774,21.909,1011256.08,2026-05-01
INV0000857,CUS0009300,PRD-WL01,11646.6977,36.4531,33.2695,387479.81,2026-05-01
INV0000858,CUS0007597,PRD-WL03,21852.5166,30.6929,34.8834,762290.08,2026-05-01
INV0000859,CUS0002931,PRD-WL04,18108.8341,8.1814,10.4151,188605.32,2026-05-01
INV0000860,CUS0000689,PRD-WL03,24505.6231,10.5759,9.262,226971.08,2026-05-01
INV0000861,CUS0008337,PRD-WL03,13008.4389,20.0519,21.7256,282616.14,2026-05-01
INV0000862,CUS0002963,PRD-WL03,40514.988,14.4157,14.9341,605054.88,2026-05-01
INV0000863,CUS0003476,PRD-WL02,30443.4133,27.4564,28.6722,872879.63,2026-05-01
INV0000864,CUS0000744,PRD-WL02,3660.9719,12.5284,13.8251,50613.3,2026-05-01
INV0000865,CUS0008797,PRD-WL01,36967.8683,25.0699,27.0348,999418.93,2026-05-01
INV0000866,CUS0003403,PRD-WL03,10559.5715,23.5328,27.7757,293299.49,2026-05-01
INV0000867,CUS0002790,PRD-WL01,41395.4428,11.3216,11.4927,475745.41,2026-05-01
INV0000868,CUS0002294,PRD-WL01,30373.9181,34.9324,30.9098,938851.73,2026-05-01
INV0000869,CUS0001402,PRD-WL01,1961.7811,28.4343,33.221,65172.33,2026-05-01
INV0000870,CUS0002286,PRD-WL01,11289.7151,32.9824,29.5964,334134.92,2026-05-01
INV0000871,CUS0003973,PRD-WL03,19143.0271,14.9935,19.159,366761.26,2026-05-01
INV0000872,CUS0009406,PRD-WL02,17529.9308,12.158,10.8279,189812.34,2026-05-01
INV0000873,CUS0006707,PRD-WL04,48564.4046,8.4773,9.7938,475630.07,2026-05-01
INV0000874,CUS0005738,PRD-WL02,5001.4194,13.5606,12.8011,64023.67,2026-05-01
INV0000875,CUS0009825,PRD-WL02,1365.1503,34.2487,31.2147,42612.76,2026-05-01
INV0000876,CUS0004372,PRD-WL02,28945.7374,9.8849,10.5539,305490.42,2026-05-01
INV0000877,CUS0004082,PRD-WL04,2039.3287,20.2728,20.8358,42491.04,2026-05-01
INV0000878,CUS0005187,PRD-WL03,22640.8889,21.209,24.8796,563296.26,2026-05-01
INV0000879,CUS0008463,PRD-WL02,17399.0903,26.8662,26.9145,468287.82,2026-05-01
INV0000880,CUS0006394,PRD-WL02,29420.747,14.3682,19.4293,571624.52,2026-05-01
INV0000881,CUS0008625,PRD-WL04,17892.8892,15.2387,19.0954,341671.88,2026-05-01
INV0000882,CUS0003492,PRD-WL04,21640.2134,23.4423,23.9996,519356.47,2026-05-01
INV0000883,CUS0008724,PRD-WL03,840.418,12.6649,16.6409,13985.31,2026-05-01
INV0000884,CUS0004032,PRD-WL04,47352.8126,19.4954,18.0124,852937.8,2026-05-01
INV0000885,CUS0007850,PRD-WL04,49573.4363,14.842,16.3142,808750.95,2026-05-01
INV0000886,CUS0000959,PRD-WL01,20139.951,22.579,26.1234,526124.0,2026-05-01
INV0000887,CUS0002959,PRD-WL02,45215.4584,6.7234,9.1127,412034.91,2026-05-01
INV0000888,CUS0007575,PRD-WL02,46800.6182,18.1057,24.5842,1150555.76,2026-05-01
INV0000889,CUS0002227,PRD-WL01,41429.8309,18.2776,19.1611,793841.13,2026-05-01
INV0000890,CUS0005604,PRD-WL03,41938.8291,24.3557,21.5405,903383.35,2026-05-01
INV0000891,CUS0007807,PRD-WL04,20458.0893,39.3157,33.052,676180.77,2026-05-01
INV0000892,CUS0003408,PRD-WL03,26367.0738,17.7226,14.7768,389620.98,2026-05-01
INV0000893,CUS0005486,PRD-WL03,3142.3509,13.8206,19.0071,59726.98,2026-05-01
INV0000894,CUS0004510,PRD-WL04,20241.659,16.7905,20.7806,420633.82,2026-05-01
INV0000895,CUS0003845,PRD-WL04,6447.9079,23.2272,24.8949,160520.02,2026-05-01
INV0000896,CUS0009606,PRD-WL03,44852.7138,31.1489,28.6337,1284299.15,2026-05-01
INV0000897,CUS0001220,PRD-WL03,27125.9693,23.1805,25.0916,680633.97,2026-05-01
INV0000898,CUS0002459,PRD-WL04,17033.4787,29.1693,29.71,506064.65,2026-05-01
INV0000899,CUS0006863,PRD-WL04,16565.0972,13.6127,15.3403,254113.56,2026-05-01
INV0000900,CUS0007036,PRD-WL03,48918.2108,26.4793,23.8918,1168744.11,2026-05-01
INV0000901,CUS0009172,PRD-WL04,44224.8342,17.4285,19.6847,870552.59,2026-05-01
INV0000902,CUS0004807,PRD-WL02,45597.8843,24.6449,21.1953,966460.84,2026-05-01
INV0000903,CUS0000970,PRD-WL03,43906.6005,8.3003,10.0967,443311.77,2026-05-01
INV0000904,CUS0002268,PRD-WL03,35842.2201,33.274,27.8091,996739.88,2026-05-01
INV0000905,CUS0002240,PRD-WL01,15796.3269,17.2612,24.0449,379821.1,2026-05-01
INV0000906,CUS0008844,PRD-WL03,3468.0609,24.526,26.7308,92704.04,2026-05-01
INV0000907,CUS0004681,PRD-WL03,16374.3343,17.8548,15.525,254211.54,2026-05-01
INV0000908,CUS0002316,PRD-WL04,19150.6403,12.5532,17.4161,333529.47,2026-05-01
INV0000909,CUS0003509,PRD-WL01,41883.7781,14.2873,19.3129,808897.22,2026-05-01
INV0000910,CUS0001175,PRD-WL03,23501.3338,10.6013,13.4822,316849.68,2026-05-01
INV0000911,CUS0002811,PRD-WL02,33033.4719,33.0452,28.8543,953157.71,2026-05-01
INV0000912,CUS0002986,PRD-WL03,42515.3672,35.7211,29.8879,1270695.04,2026-05-01
INV0000913,CUS0009285,PRD-WL03,44804.2842,15.3467,15.9286,713669.52,2026-05-01
INV0000914,CUS0001458,PRD-WL02,3022.5482,26.8123,27.0529,81768.69,2026-05-01
INV0000915,CUS0007832,PRD-WL04,42635.305,20.5365,22.7007,967851.27,2026-05-01
INV0000916,CUS0006055,PRD-WL01,2657.2312,24.9631,22.5931,60035.09,2026-05-01
INV0000917,CUS0000866,PRD-WL03,14515.8389,13.0157,17.8142,258588.06,2026-05-01
INV0000918,CUS0004536,PRD-WL02,22329.3586,14.3584,20.2511,452194.07,2026-05-01
INV0000919,CUS0007261,PRD-WL03,31626.5524,13.4428,11.2107,354555.79,2026-05-01
INV0000920,CUS0007262,PRD-WL02,46662.9202,8.4054,10.0635,469592.3,2026-05-01
INV0000921,CUS0000403,PRD-WL04,14059.7493,21.9249,22.4417,315524.68,2026-05-01
INV0000922,CUS0007295,PRD-WL03,39950.5547,24.874,28.8525,1152673.38,2026-05-01
INV0000923,CUS0005785,PRD-WL01,1127.2266,19.3919,24.2992,27390.7,2026-05-01
INV0000924,CUS0006191,PRD-WL03,43178.0772,26.3742,23.2101,1002167.49,2026-05-01
INV0000925,CUS0000405,PRD-WL04,37776.3811,19.1494,16.5515,625255.77,2026-05-01
INV0000926,CUS0005765,PRD-WL04,37287.5219,19.9556,22.6883,845990.48,2026-05-01
INV0000927,CUS0005101,PRD-WL02,5009.5469,16.9555,16.3537,81924.63,2026-05-01
INV0000928,CUS0009706,PRD-WL01,33457.0471,16.9589,19.7591,661081.14,2026-05-01
INV0000929,CUS0006049,PRD-WL04,3066.655,22.986,20.339,62372.7,2026-05-01
INV0000930,CUS0006701,PRD-WL03,31479.8375,10.5855,14.7973,465816.6,2026-05-01
INV0000931,CUS0003309,PRD-WL03,37683.1338,24.7921,34.9847,1318333.13,2026-05-01
INV0000932,CUS0000160,PRD-WL03,7856.4098,15.6221,16.55,130023.58,2026-05-01
INV0000933,CUS0004485,PRD-WL02,33065.8403,37.7269,32.1929,1064485.29,2026-05-01
INV0000934,CUS0008518,PRD-WL01,42474.8991,16.0012,14.0932,598607.25,2026-05-01
INV0000935,CUS0003516,PRD-WL01,33147.3865,24.6724,26.6592,883682.81,2026-05-01
INV0000936,CUS0007356,PRD-WL03,6645.2344,16.9799,15.0686,100134.38,2026-05-01
INV0000937,CUS0004036,PRD-WL02,24119.6629,20.541,21.4235,516727.6,2026-05-01
INV0000938,CUS0008468,PRD-WL04,30481.3214,7.5098,9.6943,295495.07,2026-05-01
INV0000939,CUS0004844,PRD-WL03,48284.1023,21.1338,22.8673,1104127.05,2026-05-01
INV0000940,CUS0000337,PRD-WL03,1349.4357,30.1042,25.3812,34250.3,2026-05-01
INV0000941,CUS0002493,PRD-WL01,1055.1849,15.824,14.4162,15211.76,2026-05-01
INV0000942,CUS0008423,PRD-WL03,4245.9977,27.5727,30.1872,128174.78,2026-05-01
INV0000943,CUS0002508,PRD-WL02,702.521,23.4956,24.8354,17447.39,2026-05-01
INV0000944,CUS0008107,PRD-WL02,12750.2159,9.0897,8.3105,105960.67,2026-05-01
INV0000945,CUS0004193,PRD-WL04,42769.9872,10.8974,14.2397,609031.79,2026-05-01
INV0000946,CUS0008929,PRD-WL02,30838.2415,32.3365,27.5225,848745.5,2026-05-01
INV0000947,CUS0006946,PRD-WL02,18300.9347,22.8296,27.2124,498012.36,2026-05-01
INV0000948,CUS0000268,PRD-WL01,44275.1857,23.0049,22.6068,1000920.27,2026-05-01
INV0000949,CUS0005686,PRD-WL01,4147.6973,9.8734,12.8864,53448.89,2026-05-01
INV0000950,CUS0005817,PRD-WL02,30931.0213,35.5474,31.7143,980955.69,2026-05-01
INV0000951,CUS0003826,PRD-WL02,31817.887,28.9302,32.4101,1031220.9,2026-05-01
INV0000952,CUS0009460,PRD-WL01,9642.3007,12.3913,12.404,119603.1,2026-05-01
INV0000953,CUS0000282,PRD-WL03,39947.8238,29.3396,34.1794,1365392.65,2026-05-01
INV0000954,CUS0002365,PRD-WL01,27824.9828,12.7596,14.7019,409080.11,2026-05-01
INV0000955,CUS0002391,PRD-WL04,21888.0156,19.0488,26.2737,575079.16,2026-05-01
INV0000956,CUS0005525,PRD-WL04,16214.9549,14.4804,14.9887,243041.09,2026-05-01
INV0000957,CUS0005864,PRD-WL03,10296.7399,27.3943,29.3399,302105.32,2026-05-01
INV0000958,CUS0001929,PRD-WL03,19154.6329,26.9463,22.4583,430180.49,2026-05-01
INV0000959,CUS0004818,PRD-WL02,30741.2816,7.6051,10.2621,315470.11,2026-05-01
INV0000960,CUS0000052,PRD-WL01,19822.1356,35.6682,32.9772,653678.53,2026-05-01
INV0000961,CUS0004722,PRD-WL04,9326.7902,20.2471,18.0825,168651.68,2026-05-01
INV0000962,CUS0007747,PRD-WL01,47519.1953,8.1639,11.4819,545610.65,2026-05-01
INV0000963,CUS0008045,PRD-WL02,6519.8303,36.9809,33.0047,215185.04,2026-05-01
INV0000964,CUS0007045,PRD-WL02,39005.9742,22.8722,26.8692,1048059.32,2026-05-01
INV0000965,CUS0004847,PRD-WL03,15788.773,11.5281,14.4095,227508.32,2026-05-01
INV0000966,CUS0007696,PRD-WL02,3743.8479,28.9774,31.8909,119394.68,2026-05-01
INV0000967,CUS0005858,PRD-WL03,10478.2472,26.0284,27.5394,288564.64,2026-05-01
INV0000968,CUS0009755,PRD-WL01,26550.4173,15.1696,14.0838,373930.77,2026-05-01
INV0000969,CUS0000980,PRD-WL03,29849.8331,16.0588,15.8036,471734.82,2026-05-01
INV0000970,CUS0007168,PRD-WL03,41145.3696,16.7147,19.7399,812205.48,2026-05-01
INV0000971,CUS0004290,PRD-WL01,44468.9415,28.2338,30.9747,1377412.12,2026-05-01
INV0000972,CUS0001892,PRD-WL04,6608.2298,15.63,16.811,111090.95,2026-05-01
INV0000973,CUS0000235,PRD-WL02,22815.6955,26.4262,26.4517,603513.93,2026-05-01
INV0000974,CUS0009309,PRD-WL03,25003.6929,19.5769,17.8729,446888.5,2026-05-01
INV0000975,CUS0006436,PRD-WL02,10735.4097,11.9749,13.9017,149240.45,2026-05-01
INV0000976,CUS0009697,PRD-WL02,49173.181,12.2643,17.1239,842036.63,2026-05-01
INV0000977,CUS0001322,PRD-WL02,42401.6784,21.676,29.1821,1237370.02,2026-05-01
INV0000978,CUS0001243,PRD-WL03,12954.1052,18.976,22.6554,293480.43,2026-05-01
INV0000979,CUS0008519,PRD-WL04,26169.8852,6.2816,8.2456,215786.41,2026-05-01
INV0000980,CUS0003224,PRD-WL02,7455.5763,27.5248,24.2949,181132.48,2026-05-01
INV0000981,CUS0001775,PRD-WL04,10969.3391,41.677,34.7619,381315.07,2026-05-01
INV0000982,CUS0004194,PRD-WL02,46657.9214,20.5662,27.1968,1268946.16,2026-05-01
INV0000983,CUS0005503,PRD-WL01,12052.4033,29.1208,32.5004,391707.93,2026-05-01
INV0000984,CUS0008830,PRD-WL02,4027.7324,29.5359,31.1438,125438.89,2026-05-01
INV0000985,CUS0001727,PRD-WL01,43180.7536,9.8677,10.1347,437623.98,2026-05-01
INV0000986,CUS0006373,PRD-WL01,37980.2843,37.5011,32.0631,1217765.65,2026-05-01
INV0000987,CUS0008420,PRD-WL01,31854.1981,26.5806,26.1427,832754.74,2026-05-01
INV0000988,CUS0009118,PRD-WL04,37943.62,12.3276,10.6812,405283.39,2026-05-01
INV0000989,CUS0001570,PRD-WL03,37251.1053,17.0505,15.8551,590620.0,2026-05-01
INV0000990,CUS0004244,PRD-WL02,4591.9242,8.6474,11.8774,54540.12,2026-05-01
INV0000991,CUS0007754,PRD-WL01,14579.3862,38.42,32.5597,474700.44,2026-05-01
INV0000992,CUS0002016,PRD-WL01,34218.5132,28.8763,25.7348,880606.59,2026-05-01
INV0000993,CUS0002035,PRD-WL01,28916.4189,13.1852,18.6195,538409.26,2026-05-01
INV0000994,CUS0003429,PRD-WL02,10297.396,25.842,26.484,272716.24,2026-05-01
INV0000995,CUS0008670,PRD-WL02,15383.5764,24.6462,30.755,473121.89,2026-05-01
INV0000996,CUS0004107,PRD-WL01,28299.8243,20.0651,21.8908,619505.79,2026-05-01
INV0000997,CUS0005304,PRD-WL01,22412.9229,16.6412,15.9693,357918.69,2026-05-01
INV0000998,CUS0005876,PRD-WL03,48055.785,21.1048,29.5766,1421326.73,2026-05-01
INV0000999,CUS0006293,PRD-WL01,11289.1017,32.7153,31.9067,360197.98,2026-05-01
INV0001000,CUS0006063,PRD-WL04,44308.8202,15.0511,15.5482,688922.4,2026-05-01
INV0001001,CUS0000331,PRD-WL02,26031.6429,10.4834,11.9821,311913.75,2026-05-01
INV0001002,CUS0003895,PRD-WL01,42532.6542,25.6693,21.7611,925557.34,2026-05-01
INV0001003,CUS0004928,PRD-WL01,48930.4742,13.3866,19.0691,933060.11,2026-05-01
INV0001004,CUS0000601,PRD-WL03,19284.9581,30.473,28.3252,546250.3,2026-05-01
INV0001005,CUS0006438,PRD-WL03,13298.124,8.9492,9.567,127223.15,2026-05-01
INV0001006,CUS0007061,PRD-WL01,11009.8137,10.6358,14.1692,156000.25,2026-05-01
INV0001007,CUS0002415,PRD-WL03,3635.1614,34.1974,33.3154,121106.86,2026-05-01
INV0001008,CUS0007841,PRD-WL02,35503.6687,24.5989,22.9929,816332.3,2026-05-01
INV0001009,CUS0001164,PRD-WL02,10709.885,13.1153,11.5687,123899.45,2026-05-01
INV0001010,CUS0000982,PRD-WL03,30325.084,28.7893,31.0728,942285.27,2026-05-01
INV0001011,CUS0004158,PRD-WL02,22172.7395,23.84,23.1748,513848.8,2026-05-01
INV0001012,CUS0007362,PRD-WL02,22646.083,27.381,28.6928,649779.53,2026-05-01
INV0001013,CUS0000209,PRD-WL02,5299.9519,21.8831,30.02,159104.56,2026-05-01
INV0001014,CUS0007253,PRD-WL02,11563.8591,32.415,28.5836,330536.72,2026-05-01
INV0001015,CUS0008949,PRD-WL04,769.232,16.1274,17.7138,13626.02,2026-05-01
INV0001016,CUS0000885,PRD-WL02,36626.3997,7.1281,8.9856,329110.18,2026-05-01
INV0001017,CUS0007463,PRD-WL04,33181.9984,30.6564,28.5432,947120.42,2026-05-01
INV0001018,CUS0001431,PRD-WL01,1982.8217,21.8147,26.4612,52467.84,2026-05-01
INV0001019,CUS0004979,PRD-WL04,19056.9086,11.4053,13.3494,254398.3,2026-05-01
INV0001020,CUS0009508,PRD-WL01,23917.9706,21.4201,25.8213,617593.09,2026-05-01
INV0001021,CUS0005083,PRD-WL01,3013.1967,33.1979,31.7451,95654.23,2026-05-01
INV0001022,CUS0003172,PRD-WL04,41292.9782,14.0218,19.6204,810184.75,2026-05-01
INV0001023,CUS0006656,PRD-WL02,20542.3379,22.1062,19.9787,410409.21,2026-05-01
INV0001024,CUS0000195,PRD-WL01,44170.0263,20.1734,21.4307,946594.58,2026-05-01
INV0001025,CUS0006879,PRD-WL04,29327.1674,6.2067,8.2508,241972.59,2026-05-01
INV0001026,CUS0004809,PRD-WL01,49484.3084,27.3942,33.8516,1675123.01,2026-05-01
INV0001027,CUS0000535,PRD-WL01,44137.7861,16.6661,14.9175,658425.42,2026-05-01
INV0001028,CUS0001279,PRD-WL01,38052.0601,23.2453,23.429,891521.72,2026-05-01
INV0001029,CUS0005161,PRD-WL04,41642.7885,31.0729,31.581,1315120.9,2026-05-01
INV0001030,CUS0008772,PRD-WL01,20237.9421,25.7308,34.9241,706791.91,2026-05-01
INV0001031,CUS0004028,PRD-WL01,17290.694,13.6117,15.5422,268735.42,2026-05-01
INV0001032,CUS0005922,PRD-WL01,4255.104,7.5652,9.8183,41777.89,2026-05-01
INV0001033,CUS0008770,PRD-WL04,4819.825,18.341,25.0523,120747.7,2026-05-01
INV0001034,CUS0007978,PRD-WL03,6313.595,24.199,25.1015,158480.7,2026-05-01
INV0001035,CUS0004770,PRD-WL01,3131.0879,18.6465,22.2948,69806.98,2026-05-01
INV0001036,CUS0006007,PRD-WL01,32044.8126,11.5237,10.1478,325184.35,2026-05-01
INV0001037,CUS0002083,PRD-WL02,5403.3057,29.0774,34.5247,186547.51,2026-05-01
INV0001038,CUS0002413,PRD-WL02,19116.7703,25.2263,22.1342,423134.42,2026-05-01
INV0001039,CUS0004756,PRD-WL01,19375.6162,15.3523,18.5342,359111.55,2026-05-01
INV0001040,CUS0009217,PRD-WL03,33067.0566,18.7914,17.1823,568168.09,2026-05-01
INV0001041,CUS0007321,PRD-WL01,11307.1311,25.2744,28.5169,322444.33,2026-05-01
INV0001042,CUS0007569,PRD-WL01,3523.6892,29.6728,31.6897,111664.65,2026-05-01
INV0001043,CUS0009840,PRD-WL01,18785.9442,28.1731,31.2486,587034.46,2026-05-01
INV0001044,CUS0000119,PRD-WL01,39166.0834,8.8406,12.5596,491910.34,2026-05-01
INV0001045,CUS0008608,PRD-WL01,19004.5443,23.5408,25.8691,491630.46,2026-05-01
INV0001046,CUS0007564,PRD-WL01,39129.8356,34.0353,31.6697,1239230.15,2026-05-01
INV0001047,CUS0005530,PRD-WL04,5916.8382,13.3336,16.1885,95784.74,2026-05-01
INV0001048,CUS0001048,PRD-WL04,4411.88,27.289,30.1132,132855.82,2026-05-01
INV0001049,CUS0000285,PRD-WL04,20678.5084,13.6758,17.9701,371594.86,2026-05-01
INV0001050,CUS0008994,PRD-WL02,22772.9492,30.6388,28.5724,650677.81,2026-05-01
INV0001051,CUS0005277,PRD-WL01,27949.3671,13.3274,16.1061,450155.3,2026-05-01
INV0001052,CUS0005826,PRD-WL02,32705.0168,31.7983,30.0726,983524.89,2026-05-01
INV0001053,CUS0002132,PRD-WL02,47288.2934,11.5621,13.0503,617126.42,2026-05-01
INV0001054,CUS0006778,PRD-WL04,21368.7562,27.7807,26.0095,555790.66,2026-05-01
INV0001055,CUS0001641,PRD-WL01,5043.6463,8.3932,9.6511,48676.73,2026-05-01
INV0001056,CUS0007265,PRD-WL04,20264.4853,8.974,8.7794,177910.02,2026-05-01
INV0001057,CUS0006160,PRD-WL02,24052.333,20.3703,20.3905,490439.1,2026-05-01
INV0001058,CUS0005088,PRD-WL02,46031.4991,9.8158,9.1263,420097.27,2026-05-01
INV0001059,CUS0002796,PRD-WL01,3609.4248,30.9795,31.0218,111970.85,2026-05-01
INV0001060,CUS0002093,PRD-WL02,3476.5694,15.5897,15.3845,53485.28,2026-05-01
INV0001061,CUS0003372,PRD-WL04,27139.359,23.905,21.8477,592932.57,2026-05-01
INV0001062,CUS0005039,PRD-WL01,32900.9433,15.0235,17.7076,582596.74,2026-05-01
INV0001063,CUS0000857,PRD-WL01,21426.2527,21.28,27.8045,595746.24,2026-05-01
INV0001064,CUS0000823,PRD-WL03,16307.4843,22.6287,20.1628,328804.54,2026-05-01
INV0001065,CUS0001736,PRD-WL03,27857.535,16.3556,14.1373,393830.33,2026-05-01
INV0001066,CUS0004064,PRD-WL01,49084.7487,25.2804,31.4645,1544427.08,2026-05-01
INV0001067,CUS0004640,PRD-WL01,37599.4278,9.2555,11.3551,426945.26,2026-05-01
INV0001068,CUS0003741,PRD-WL02,13335.8658,24.6526,21.7586,290169.77,2026-05-01
INV0001069,CUS0009390,PRD-WL04,19519.0719,36.6568,33.7704,659166.87,2026-05-01
INV0001070,CUS0004731,PRD-WL01,24929.9319,14.6211,15.8743,395745.22,2026-05-01
INV0001071,CUS0003857,PRD-WL04,47404.2625,29.6411,24.9715,1183755.54,2026-05-01
INV0001072,CUS0007291,PRD-WL01,7381.5571,13.9133,12.5554,92678.4,2026-05-01
INV0001073,CUS0003845,PRD-WL04,12094.3439,36.1686,33.1447,400863.4,2026-05-01
INV0001074,CUS0008210,PRD-WL01,29316.0326,9.6955,9.6211,282052.48,2026-05-01
INV0001075,CUS0000680,PRD-WL04,35998.9355,19.7368,25.2742,909844.3,2026-05-01
INV0001076,CUS0007454,PRD-WL03,49450.9758,22.3486,28.8379,1426062.3,2026-05-01
INV0001077,CUS0007298,PRD-WL01,19364.5299,29.5318,27.6538,535502.84,2026-05-01
INV0001078,CUS0005802,PRD-WL04,1822.4268,12.279,12.5351,22844.3,2026-05-01
INV0001079,CUS0008424,PRD-WL02,43027.8339,15.6019,13.5467,582885.16,2026-05-01
INV0001080,CUS0004820,PRD-WL01,41910.764,24.1313,27.081,1134985.4,2026-05-01
INV0001081,CUS0003749,PRD-WL01,31459.7289,29.8212,31.6788,996606.46,2026-05-01
INV0001082,CUS0004299,PRD-WL01,43306.8553,20.7805,20.7307,897781.43,2026-05-01
INV0001083,CUS0009786,PRD-WL03,18033.0348,37.2074,31.9303,575800.21,2026-05-01
INV0001084,CUS0007095,PRD-WL04,38452.6083,23.6083,30.8232,1185232.44,2026-05-01
INV0001085,CUS0002547,PRD-WL02,12115.1752,20.7266,20.088,243369.64,2026-05-01
INV0001086,CUS0006575,PRD-WL01,8691.7602,17.2975,17.4473,151647.75,2026-05-01
INV0001087,CUS0003548,PRD-WL02,15446.6085,22.8688,20.73,320208.19,2026-05-01
INV0001088,CUS0003268,PRD-WL03,10418.5333,11.8327,10.2399,106684.74,2026-05-01
INV0001089,CUS0003172,PRD-WL03,38570.6664,17.3015,18.865,727635.62,2026-05-01
INV0001090,CUS0005718,PRD-WL02,13207.0889,14.2424,16.3779,216304.38,2026-05-01
INV0001091,CUS0001831,PRD-WL04,23781.0549,26.6266,23.9983,570704.89,2026-05-01
INV0001092,CUS0003217,PRD-WL04,47323.3564,19.1084,25.4005,1202036.91,2026-05-01
INV0001093,CUS0007606,PRD-WL02,10769.473,18.3075,19.2472,207282.2,2026-05-01
INV0001094,CUS0006370,PRD-WL03,3853.367,12.3954,16.135,62174.08,2026-05-01
INV0001095,CUS0009394,PRD-WL03,30989.0547,16.0243,17.8123,551986.34,2026-05-01
INV0001096,CUS0004303,PRD-WL04,24209.554,10.0468,11.6368,281721.74,2026-05-01
INV0001097,CUS0006172,PRD-WL01,29802.3047,9.9951,11.1125,331178.11,2026-05-01
INV0001098,CUS0002285,PRD-WL03,4972.2761,17.3973,19.7923,98412.78,2026-05-01
INV0001099,CUS0009469,PRD-WL02,43937.1444,12.477,13.897,610594.5,2026-05-01
INV0001100,CUS0002741,PRD-WL04,179.4947,17.2138,17.3614,3116.28,2026-05-01
INV0001101,CUS0002509,PRD-WL03,15542.8583,11.6407,11.2744,175236.4,2026-05-01
INV0001102,CUS0005052,PRD-WL03,34498.0374,28.5029,29.4678,1016581.27,2026-05-01
INV0001103,CUS0002006,PRD-WL02,21927.4617,10.9519,9.8049,214996.57,2026-05-01
INV0001104,CUS0002277,PRD-WL02,26176.77,21.0102,21.9199,573792.18,2026-05-01
INV0001105,CUS0000827,PRD-WL04,27407.4959,13.4751,17.3458,475404.94,2026-05-01
INV0001106,CUS0006767,PRD-WL04,15741.386,35.6423,31.8435,501260.83,2026-05-01
INV0001107,CUS0001068,PRD-WL01,26817.6183,24.0122,32.6469,875512.1,2026-05-01
INV0001108,CUS0000327,PRD-WL04,34695.3714,14.8765,20.8698,724085.46,2026-05-01
INV0001109,CUS0008498,PRD-WL03,41213.6657,21.6314,19.6412,809485.85,2026-05-01
INV0001110,CUS0007868,PRD-WL02,2653.8377,16.6212,16.8246,44649.76,2026-05-01
INV0001111,CUS0002920,PRD-WL03,46065.1109,35.8468,33.6478,1549989.64,2026-05-01
INV0001112,CUS0007518,PRD-WL01,34647.5201,20.7294,17.4909,606016.31,2026-05-01
INV0001113,CUS0008046,PRD-WL03,47265.8617,15.7877,14.0734,665191.38,2026-05-01
INV0001114,CUS0004663,PRD-WL01,23252.5932,24.7038,20.9159,486348.91,2026-05-01
INV0001115,CUS0004092,PRD-WL04,42911.9715,21.2365,25.9141,1112025.12,2026-05-01
INV0001116,CUS0003166,PRD-WL01,18921.5492,31.0178,34.3637,650214.44,2026-05-01
INV0001117,CUS0009287,PRD-WL01,39044.6495,16.4915,21.7708,850033.26,2026-05-01
INV0001118,CUS0003719,PRD-WL02,5421.3334,29.9001,29.6344,160657.96,2026-05-01
INV0001119,CUS0009432,PRD-WL02,12346.6736,14.9456,16.5738,204631.3,2026-05-01
INV0001120,CUS0006393,PRD-WL04,18505.2982,37.8516,32.4138,599827.03,2026-05-01
INV0001121,CUS0002243,PRD-WL01,46634.9624,32.6902,33.4937,1561977.44,2026-05-01
INV0001122,CUS0009137,PRD-WL03,16598.7573,14.751,16.7995,278850.82,2026-05-01
INV0001123,CUS0007864,PRD-WL01,4325.7965,19.275,19.262,83323.49,2026-05-01
INV0001124,CUS0009592,PRD-WL01,15654.7804,18.8226,20.6306,322967.51,2026-05-01
INV0001125,CUS0000078,PRD-WL02,28327.5518,19.8633,17.7736,503482.57,2026-05-01
INV0001126,CUS0008964,PRD-WL04,13422.3172,24.8186,29.4795,395683.2,2026-05-01
INV0001127,CUS0003110,PRD-WL04,19888.0047,29.4603,29.7943,592549.18,2026-05-01
INV0001128,CUS0006395,PRD-WL03,37244.8553,16.2473,21.1819,788916.8,2026-05-01
INV0001129,CUS0002440,PRD-WL04,17516.3636,18.7867,21.4407,375563.1,2026-05-01
INV0001130,CUS0007684,PRD-WL01,20668.5713,30.6004,34.3295,709541.72,2026-05-01
INV0001131,CUS0003969,PRD-WL04,34150.2501,34.2121,29.6994,1014241.94,2026-05-01
INV0001132,CUS0009641,PRD-WL03,12772.4123,10.6617,8.8983,113652.76,2026-05-01
INV0001133,CUS0006852,PRD-WL01,31220.6978,10.239,14.4063,449774.74,2026-05-01
INV0001134,CUS0001188,PRD-WL04,7000.8861,31.8332,27.6657,193684.41,2026-05-01
INV0001135,CUS0002039,PRD-WL01,8972.6908,28.4884,25.2466,226529.94,2026-05-01
INV0001136,CUS0001832,PRD-WL02,4177.6206,9.3881,8.0552,33651.57,2026-05-01
INV0001137,CUS0002592,PRD-WL03,8189.2533,25.3281,28.0529,229732.3,2026-05-01
INV0001138,CUS0006028,PRD-WL02,24580.613,24.1097,21.7392,534362.86,2026-05-01
INV0001139,CUS0001836,PRD-WL03,24533.3134,24.0063,27.2933,669595.08,2026-05-01
INV0001140,CUS0002094,PRD-WL04,1176.877,25.7623,25.5616,30082.86,2026-05-01
INV0001141,CUS0004731,PRD-WL02,48642.5466,38.5381,32.443,1578110.14,2026-05-01
INV0001142,CUS0000699,PRD-WL01,44316.5582,6.854,9.6377,427109.69,2026-05-01
INV0001143,CUS0003961,PRD-WL02,5559.9962,21.8722,25.862,143792.62,2026-05-01
INV0001144,CUS0008355,PRD-WL04,11283.9239,10.8719,11.8603,133830.72,2026-05-01
INV0001145,CUS0005297,PRD-WL04,9950.393,20.642,22.8899,227763.5,2026-05-01
INV0001146,CUS0005580,PRD-WL03,22914.8021,20.7868,23.0679,528596.36,2026-05-01
INV0001147,CUS0007175,PRD-WL01,9486.5408,18.9703,23.4922,222859.71,2026-05-01
INV0001148,CUS0004615,PRD-WL01,43880.8584,15.9384,16.4501,721844.51,2026-05-01
INV0001149,CUS0003990,PRD-WL01,18522.1839,11.3514,14.3765,266284.18,2026-05-01
INV0001150,CUS0002548,PRD-WL01,21121.3548,11.0843,10.1346,214056.48,2026-05-01
INV0001151,CUS0002894,PRD-WL02,33091.6014,24.4404,20.6205,682365.37,2026-05-01
INV0001152,CUS0001779,PRD-WL02,2689.3892,30.047,30.2251,81287.06,2026-05-01
INV0001153,CUS0004149,PRD-WL03,16505.4275,9.7082,12.5885,207778.57,2026-05-01
INV0001154,CUS0004149,PRD-WL04,29257.4679,6.7792,9.4328,275979.84,2026-05-01
INV0001155,CUS0008968,PRD-WL03,13715.9181,18.8204,20.1673,276613.04,2026-05-01
INV0001156,CUS0003011,PRD-WL03,24671.5971,26.8574,22.8546,563859.48,2026-05-01
INV0001157,CUS0007980,PRD-WL03,28133.906,17.9024,18.2012,512070.85,2026-05-01
INV0001158,CUS0009545,PRD-WL04,11977.2635,14.4871,13.6531,163526.78,2026-05-01
INV0001159,CUS0007272,PRD-WL03,30399.3186,18.3406,19.345,588074.82,2026-05-01
INV0001160,CUS0008336,PRD-WL04,23925.2068,18.5941,18.5201,443097.22,2026-05-01
INV0001161,CUS0008317,PRD-WL01,42292.8349,34.5617,29.3924,1243087.92,2026-05-01
INV0001162,CUS0006400,PRD-WL04,38066.0992,22.5695,28.312,1077727.4,2026-05-01
INV0001163,CUS0000055,PRD-WL03,20900.1614,22.3603,29.781,622427.71,2026-05-01
INV0001164,CUS0004597,PRD-WL03,40171.7944,31.3882,27.9535,1122942.25,2026-05-01
INV0001165,CUS0005588,PRD-WL01,41533.5849,9.0088,10.8203,449405.85,2026-05-01
INV0001166,CUS0006807,PRD-WL03,29361.2617,9.7826,9.7719,286915.31,2026-05-01
INV0001167,CUS0007754,PRD-WL01,44374.4652,18.173,15.8114,701622.42,2026-05-01
INV0001168,CUS0000297,PRD-WL04,12454.7133,9.7686,12.8451,159982.04,2026-05-01
INV0001169,CUS0001584,PRD-WL01,9959.2397,11.5601,9.7981,97581.63,2026-05-01
INV0001170,CUS0005114,PRD-WL01,39307.8573,9.5216,8.4806,333354.21,2026-05-01
INV0001171,CUS0000882,PRD-WL04,17515.6072,12.9364,13.2288,231710.46,2026-05-01
INV0001172,CUS0004324,PRD-WL02,48959.9939,14.9931,15.9635,781572.86,2026-05-01
INV0001173,CUS0009232,PRD-WL01,26020.3064,20.3558,26.3037,684430.33,2026-05-01
INV0001174,CUS0004823,PRD-WL01,29941.2819,6.5178,8.6564,259183.71,2026-05-01
INV0001175,CUS0006817,PRD-WL03,3472.0039,24.5668,24.4832,85005.77,2026-05-01
INV0001176,CUS0003676,PRD-WL01,18466.37,26.8916,23.8604,440614.97,2026-05-01
INV0001177,CUS0004596,PRD-WL01,42169.3217,26.0032,27.9512,1178683.14,2026-05-01
INV0001178,CUS0001283,PRD-WL02,26306.2969,11.1118,14.3556,377642.68,2026-05-01
INV0001179,CUS0001686,PRD-WL03,36701.742,31.4621,30.7336,1127976.66,2026-05-01
INV0001180,CUS0009538,PRD-WL01,48203.4549,14.3854,16.3228,786815.35,2026-05-01
INV0001181,CUS0001149,PRD-WL04,4563.42,30.4886,26.2236,119669.3,2026-05-01
INV0001182,CUS0001686,PRD-WL02,24954.8064,21.9521,23.7427,592494.48,2026-05-01
INV0001183,CUS0005728,PRD-WL01,33617.6575,28.0003,31.696,1065545.27,2026-05-01
INV0001184,CUS0003442,PRD-WL02,48459.8004,32.4707,29.5815,1433513.59,2026-05-01
INV0001185,CUS0009199,PRD-WL03,6884.592,16.1132,20.3783,140296.28,2026-05-01
INV0001186,CUS0001979,PRD-WL03,36084.4216,15.6637,14.4725,522231.79,2026-05-01
INV0001187,CUS0003359,PRD-WL01,4903.8146,19.8367,18.8407,92391.3,2026-05-01
INV0001188,CUS0003812,PRD-WL03,34957.2678,22.4503,23.3379,815829.22,2026-05-01
INV0001189,CUS0009931,PRD-WL04,28399.0935,29.2555,31.135,884205.78,2026-05-01
INV0001190,CUS0004141,PRD-WL01,16657.8738,23.6358,28.9474,482202.14,2026-05-01
INV0001191,CUS0008498,PRD-WL04,24062.3717,30.4706,25.8997,623208.21,2026-05-01
INV0001192,CUS0001523,PRD-WL03,8096.6239,32.2053,27.1742,220019.28,2026-05-01
INV0001193,CUS0008465,PRD-WL01,38881.4666,29.833,34.8953,1356780.44,2026-05-01
INV0001194,CUS0005188,PRD-WL03,35662.0597,7.7071,10.3989,370846.19,2026-05-01
INV0001195,CUS0002593,PRD-WL04,5564.2975,23.5251,28.9299,160974.57,2026-05-01
INV0001196,CUS0006439,PRD-WL03,39964.3101,19.1268,18.2297,728537.38,2026-05-01
INV0001197,CUS0001359,PRD-WL03,30220.3584,31.8107,32.4074,979363.24,2026-05-01
INV0001198,CUS0004447,PRD-WL04,31688.8104,33.0918,33.1441,1050297.1,2026-05-01
INV0001199,CUS0008990,PRD-WL03,39575.6284,26.1411,22.6911,898014.54,2026-05-01
INV0001200,CUS0009086,PRD-WL04,20155.7089,12.3077,16.1902,326324.96,2026-05-01
INV0001201,CUS0005491,PRD-WL03,16636.7602,25.1635,27.2205,452860.93,2026-05-01
INV0001202,CUS0005500,PRD-WL02,12967.3861,37.9279,31.8746,413330.24,2026-05-01
INV0001203,CUS0003134,PRD-WL02,31559.5889,12.2856,11.9598,377446.37,2026-05-01
INV0001204,CUS0001066,PRD-WL04,49843.1052,25.9869,22.3029,1111645.79,2026-05-01
INV0001205,CUS0006520,PRD-WL04,8139.5602,25.5507,32.1258,261489.88,2026-05-01
INV0001206,CUS0000759,PRD-WL04,41043.9599,26.4665,24.3422,999100.28,2026-05-01
INV0001207,CUS0005110,PRD-WL01,33589.2351,17.6996,17.0932,574147.51,2026-05-01
INV0001208,CUS0009269,PRD-WL04,341.0172,18.5323,21.6845,7394.79,2026-05-01
INV0001209,CUS0002695,PRD-WL03,31442.0253,28.6777,32.7406,1029430.77,2026-05-01
INV0001210,CUS0003662,PRD-WL03,27626.526,24.6774,27.2424,752612.87,2026-05-01
INV0001211,CUS0002323,PRD-WL01,29919.1592,33.541,32.5625,974242.62,2026-05-01
INV0001212,CUS0006429,PRD-WL04,48263.2707,16.722,17.1524,827830.92,2026-05-01
INV0001213,CUS0007447,PRD-WL01,7856.8524,13.0045,14.7362,115780.15,2026-05-01
INV0001214,CUS0000182,PRD-WL01,22154.963,28.7845,32.7566,725721.26,2026-05-01
INV0001215,CUS0000335,PRD-WL02,42328.5119,27.2044,23.1197,978622.5,2026-05-01
INV0001216,CUS0008533,PRD-WL02,2518.4806,22.4363,19.7113,49642.53,2026-05-01
INV0001217,CUS0008414,PRD-WL04,6744.0007,13.9074,19.0294,128334.29,2026-05-01
INV0001218,CUS0001355,PRD-WL01,7284.7267,16.3747,21.2278,154638.72,2026-05-01
INV0001219,CUS0007237,PRD-WL03,1282.3764,22.4579,24.1642,30987.6,2026-05-01
INV0001220,CUS0002870,PRD-WL02,44010.7715,35.665,31.0679,1367322.25,2026-05-01
INV0001221,CUS0008205,PRD-WL03,22472.7655,9.2334,9.7682,219518.47,2026-05-01
INV0001222,CUS0001064,PRD-WL01,48480.7614,16.1577,17.4523,846100.79,2026-05-01
INV0001223,CUS0003251,PRD-WL02,10152.5719,14.5223,19.6836,199839.16,2026-05-01
INV0001224,CUS0004620,PRD-WL02,11367.3393,10.3953,14.4655,164434.25,2026-05-01
INV0001225,CUS0007927,PRD-WL02,21656.9378,17.2288,14.4604,313167.98,2026-05-01
INV0001226,CUS0008754,PRD-WL01,47252.6024,18.7031,17.1875,812154.1,2026-05-01
INV0001227,CUS0006820,PRD-WL02,43699.6621,14.8249,14.9682,654105.28,2026-05-01
INV0001228,CUS0008984,PRD-WL03,35318.1272,34.7003,32.443,1145826.0,2026-05-01
INV0001229,CUS0008829,PRD-WL04,21418.7223,11.003,14.8872,318864.8,2026-05-01
INV0001230,CUS0000309,PRD-WL02,37842.7367,30.5224,28.0326,1060830.3,2026-05-01
INV0001231,CUS0008103,PRD-WL01,10059.3902,30.311,26.0207,261752.37,2026-05-01
INV0001232,CUS0002008,PRD-WL02,21410.4715,29.0129,25.843,553310.81,2026-05-01
INV0001233,CUS0000703,PRD-WL01,2029.2928,7.8806,8.7871,17831.6,2026-05-01
INV0001234,CUS0002820,PRD-WL03,17091.9291,19.5624,23.9135,408727.85,2026-05-01
INV0001235,CUS0004880,PRD-WL02,29317.9229,18.6416,25.4853,747176.06,2026-05-01
INV0001236,CUS0002382,PRD-WL02,45281.3769,7.6796,9.4415,427524.12,2026-05-01
INV0001237,CUS0005267,PRD-WL04,32834.1933,25.1543,32.7884,1076580.66,2026-05-01
INV0001238,CUS0003327,PRD-WL04,22899.1286,24.499,29.3162,671315.43,2026-05-01
INV0001239,CUS0005450,PRD-WL02,24655.4503,15.5769,13.4259,331021.61,2026-05-01
INV0001240,CUS0001793,PRD-WL04,37262.1616,28.8636,24.4136,909703.51,2026-05-01
INV0001241,CUS0004406,PRD-WL02,40007.9586,10.5302,11.0638,442640.05,2026-05-01
INV0001242,CUS0009971,PRD-WL04,29364.8606,24.2148,23.015,675832.27,2026-05-01
INV0001243,CUS0008969,PRD-WL04,40368.2942,14.3377,13.2035,533002.77,2026-05-01
INV0001244,CUS0000141,PRD-WL02,38674.1759,36.1362,31.199,1206595.61,2026-05-01
INV0001245,CUS0002671,PRD-WL04,22085.4378,21.0164,17.9827,397155.8,2026-05-01
INV0001246,CUS0007333,PRD-WL02,13956.0966,16.4598,16.5547,231038.99,2026-05-01
INV0001247,CUS0001428,PRD-WL01,33740.2614,18.9666,23.3362,787369.49,2026-05-01
INV0001248,CUS0000480,PRD-WL04,8932.8506,27.2601,33.3635,298031.16,2026-05-01
INV0001249,CUS0003777,PRD-WL01,13496.3748,17.6385,22.1911,299499.4,2026-05-01
INV0001250,CUS0007019,PRD-WL01,36266.3047,34.4592,33.2882,1207240.0,2026-05-01
INV0001251,CUS0008046,PRD-WL02,25461.7371,32.129,31.9852,814398.75,2026-05-01
INV0001252,CUS0007692,PRD-WL02,9126.2124,18.2505,16.0467,146445.59,2026-05-01
INV0001253,CUS0004231,PRD-WL02,2328.1394,21.9598,21.8142,50786.5,2026-05-01
INV0001254,CUS0001524,PRD-WL04,8004.2106,28.0136,24.0648,192619.73,2026-05-01
INV0001255,CUS0007691,PRD-WL03,36494.1427,31.6534,32.9331,1201865.25,2026-05-01
INV0001256,CUS0006689,PRD-WL02,18575.5191,31.6683,32.3331,600604.12,2026-05-01
INV0001257,CUS0006944,PRD-WL02,41369.9541,22.8205,24.0039,993040.24,2026-05-01
INV0001258,CUS0000969,PRD-WL04,16159.4197,32.3417,31.0915,502420.6,2026-05-01
INV0001259,CUS0008101,PRD-WL04,43651.7439,20.9637,19.4336,848310.53,2026-05-01
INV0001260,CUS0006665,PRD-WL04,28630.848,19.87,18.5005,529685.0,2026-05-01
INV0001261,CUS0007681,PRD-WL01,43304.4436,16.4509,18.2665,791020.62,2026-05-01
INV0001262,CUS0007421,PRD-WL04,19610.0099,9.7805,11.2846,221291.12,2026-05-01
INV0001263,CUS0007316,PRD-WL03,44778.3188,25.328,23.0404,1031710.38,2026-05-01
INV0001264,CUS0005866,PRD-WL03,20419.2424,25.8951,28.2427,576694.54,2026-05-01
INV0001265,CUS0007339,PRD-WL04,42904.9285,25.1936,32.5286,1395637.26,2026-05-01
INV0001266,CUS0001284,PRD-WL02,25690.9178,13.463,13.159,338066.79,2026-05-01
INV0001267,CUS0006762,PRD-WL03,18610.6325,28.018,29.3837,546849.24,2026-05-01
INV0001268,CUS0002568,PRD-WL04,7296.414,36.4227,34.7594,253618.97,2026-05-01
INV0001269,CUS0000607,PRD-WL01,31923.5037,27.5804,25.5257,814869.78,2026-05-01
INV0001270,CUS0006491,PRD-WL01,5943.1876,10.6877,13.1913,78398.37,2026-05-01
INV0001271,CUS0001243,PRD-WL02,27008.1956,19.7102,17.0005,459152.83,2026-05-01
INV0001272,CUS0005737,PRD-WL01,49568.9505,9.3756,10.5002,520483.89,2026-05-01
INV0001273,CUS0008835,PRD-WL02,25608.6963,31.7451,28.2553,723581.4,2026-05-01
INV0001274,CUS0003384,PRD-WL02,26594.41,15.2211,19.9595,530811.13,2026-05-01
INV0001275,CUS0000999,PRD-WL04,8875.4273,23.4287,21.3143,189173.52,2026-05-01
INV0001276,CUS0006290,PRD-WL01,14186.6301,18.3014,16.1918,229707.08,2026-05-01
INV0001277,CUS0007326,PRD-WL02,19134.3064,35.1093,32.434,620602.09,2026-05-01
INV0001278,CUS0003430,PRD-WL04,29519.8246,15.2249,19.6409,579795.92,2026-05-01
INV0001279,CUS0008242,PRD-WL02,25255.8994,17.2368,15.0961,381265.58,2026-05-01
INV0001280,CUS0005223,PRD-WL01,41149.3798,14.4982,19.556,804717.27,2026-05-01
INV0001281,CUS0000396,PRD-WL03,31955.7742,35.5599,31.5407,1007907.49,2026-05-01
INV0001282,CUS0009313,PRD-WL04,32110.0112,26.4334,34.662,1112997.21,2026-05-01
INV0001283,CUS0007599,PRD-WL03,48243.5659,7.562,8.8803,428417.34,2026-05-01
INV0001284,CUS0002794,PRD-WL01,12051.8313,24.6677,28.1932,339779.69,2026-05-01
INV0001285,CUS0000502,PRD-WL01,28097.3726,8.5184,9.7139,272935.07,2026-05-01
INV0001286,CUS0004468,PRD-WL01,7593.37,25.0191,29.706,225568.65,2026-05-01
INV0001287,CUS0003579,PRD-WL03,40567.3692,10.6088,12.9509,525383.94,2026-05-01
INV0001288,CUS0003939,PRD-WL04,28368.46,21.3054,28.4981,808447.21,2026-05-01
INV0001289,CUS0004025,PRD-WL02,45884.0927,16.9427,20.5562,943202.59,2026-05-01
INV0001290,CUS0009643,PRD-WL02,31461.9645,39.0966,33.0735,1040557.28,2026-05-01
INV0001291,CUS0002414,PRD-WL02,8375.6953,11.4489,11.0502,92553.11,2026-05-01
INV0001292,CUS0000098,PRD-WL04,17256.5183,28.0869,34.3622,592971.93,2026-05-01
INV0001293,CUS0006496,PRD-WL01,24531.4567,19.5796,18.0597,443030.75,2026-05-01
INV0001294,CUS0007841,PRD-WL03,20863.6249,18.3957,25.3593,529086.92,2026-05-01
INV0001295,CUS0001845,PRD-WL04,29904.3316,25.4219,25.0302,748511.4,2026-05-01
INV0001296,CUS0003040,PRD-WL03,41770.2392,16.4418,16.1405,674192.55,2026-05-01
INV0001297,CUS0009013,PRD-WL04,34439.0724,25.5236,27.3187,940830.69,2026-05-01
INV0001298,CUS0006004,PRD-WL03,31619.1237,17.0086,15.5781,492565.87,2026-05-01
INV0001299,CUS0009609,PRD-WL01,14501.3611,27.5385,33.7405,489283.17,2026-05-01
INV0001300,CUS0006614,PRD-WL01,23081.4469,10.6926,9.6004,221591.12,2026-05-01
INV0001301,CUS0000888,PRD-WL02,34158.0186,18.9591,24.9942,853752.35,2026-05-01
INV0001302,CUS0008648,PRD-WL04,26550.842,8.3981,11.4244,303327.44,2026-05-01
INV0001303,CUS0009510,PRD-WL04,6921.775,26.5894,32.6594,226061.02,2026-05-01
INV0001304,CUS0003786,PRD-WL02,31155.489,18.9546,22.2448,693047.62,2026-05-01
INV0001305,CUS0003016,PRD-WL01,32097.087,30.6425,33.4603,1073978.16,2026-05-01
INV0001306,CUS0008242,PRD-WL02,17301.9891,27.5548,23.5178,406904.72,2026-05-01
INV0001307,CUS0007390,PRD-WL02,29836.0476,19.1825,24.0674,718076.09,2026-05-01
INV0001308,CUS0001019,PRD-WL02,22909.2239,28.7798,26.1587,599275.52,2026-05-01
INV0001309,CUS0001918,PRD-WL01,34243.5412,9.2348,12.2998,421188.71,2026-05-01
INV0001310,CUS0006330,PRD-WL04,6066.9126,24.4183,34.3153,208187.93,2026-05-01
INV0001311,CUS0005559,PRD-WL03,5595.1887,18.4228,19.1789,107309.56,2026-05-01
INV0001312,CUS0003010,PRD-WL01,7623.1045,10.6467,13.5338,103169.57,2026-05-01
INV0001313,CUS0003133,PRD-WL01,16309.1821,14.7265,13.9666,227783.82,2026-05-01
INV0001314,CUS0001862,PRD-WL02,28133.3347,9.8179,8.7806,247027.56,2026-05-01
INV0001315,CUS0005907,PRD-WL02,49380.497,8.3762,9.9525,491459.4,2026-05-01
INV0001316,CUS0001667,PRD-WL01,33070.325,7.6262,9.3177,308139.37,2026-05-01
INV0001317,CUS0001767,PRD-WL03,7147.5074,35.095,30.5939,218670.13,2026-05-01
INV0001318,CUS0003371,PRD-WL04,20904.3661,8.5995,8.6338,180484.12,2026-05-01
INV0001319,CUS0008029,PRD-WL02,48732.4403,16.0873,21.5524,1050301.05,2026-05-01
INV0001320,CUS0008590,PRD-WL02,28122.8005,13.8514,15.3598,431960.59,2026-05-01
INV0001321,CUS0007518,PRD-WL04,12144.7504,21.4759,25.8418,313842.21,2026-05-01
INV0001322,CUS0005271,PRD-WL04,41722.2568,29.8206,30.7952,1284845.24,2026-05-01
INV0001323,CUS0003093,PRD-WL04,32019.6262,28.4173,26.3783,844623.31,2026-05-01
INV0001324,CUS0001957,PRD-WL02,31187.2873,18.9855,20.7037,645692.24,2026-05-01
INV0001325,CUS0006116,PRD-WL04,21595.7008,10.306,13.3974,289326.24,2026-05-01
INV0001326,CUS0009864,PRD-WL03,39689.4618,25.5026,30.9728,1229293.76,2026-05-01
INV0001327,CUS0007718,PRD-WL04,40972.906,28.5008,30.4288,1246756.36,2026-05-01
INV0001328,CUS0003671,PRD-WL03,27362.8477,18.9809,21.1005,577369.77,2026-05-01
INV0001329,CUS0008003,PRD-WL02,19231.3865,28.6964,31.2128,600265.42,2026-05-01
INV0001330,CUS0009776,PRD-WL01,21702.6517,19.4124,24.9293,541031.92,2026-05-01
INV0001331,CUS0009751,PRD-WL04,15287.2487,27.0613,29.1189,445147.87,2026-05-01
INV0001332,CUS0005213,PRD-WL01,47294.3849,9.7066,8.9175,421747.68,2026-05-01
INV0001333,CUS0002300,PRD-WL01,28773.3863,8.766,11.4438,329276.88,2026-05-01
INV0001334,CUS0008617,PRD-WL04,35367.6386,22.511,26.623,941592.64,2026-05-01
INV0001335,CUS0002455,PRD-WL01,42164.389,12.3434,12.4881,526553.11,2026-05-01
INV0001336,CUS0007811,PRD-WL03,16716.7198,25.304,30.9046,516623.54,2026-05-01
INV0001337,CUS0007349,PRD-WL04,20204.4973,22.4037,20.8832,421934.56,2026-05-01
INV0001338,CUS0000349,PRD-WL02,26735.161,24.967,22.6529,605628.93,2026-05-01
INV0001339,CUS0001820,PRD-WL04,4988.6707,24.492,30.2362,150838.45,2026-05-01
INV0001340,CUS0006656,PRD-WL01,15257.0197,11.7486,10.5491,160947.83,2026-05-01
INV0001341,CUS0009163,PRD-WL02,8342.4934,16.8101,15.0389,125461.92,2026-05-01
INV0001342,CUS0009719,PRD-WL04,4127.4153,21.6076,25.5934,105634.59,2026-05-01
INV0001343,CUS0007007,PRD-WL02,26981.2521,16.6442,17.3092,467023.89,2026-05-01
INV0001344,CUS0004757,PRD-WL03,35393.4253,23.4302,26.8615,950720.49,2026-05-01
INV0001345,CUS0005277,PRD-WL02,24177.0547,10.6818,9.4215,227784.12,2026-05-01
INV0001346,CUS0000623,PRD-WL03,44232.6753,28.9665,33.7637,1493458.78,2026-05-01
INV0001347,CUS0005982,PRD-WL03,20493.0992,20.5158,17.2842,354206.83,2026-05-01
INV0001348,CUS0002630,PRD-WL01,660.4819,22.2664,19.0189,12561.64,2026-05-01
INV0001349,CUS0002607,PRD-WL03,21488.8413,29.9818,32.4618,697566.47,2026-05-01
INV0001350,CUS0006334,PRD-WL01,6231.8776,27.2567,33.5737,209227.19,2026-05-01
INV0001351,CUS0001357,PRD-WL02,47593.4754,11.7136,16.0005,761519.4,2026-05-01
INV0001352,CUS0000902,PRD-WL03,36238.5005,19.1789,19.3254,700323.52,2026-05-01
INV0001353,CUS0003184,PRD-WL04,16132.4015,15.641,16.5546,267065.45,2026-05-01
INV0001354,CUS0002853,PRD-WL03,42083.2191,29.9988,32.4106,1363942.38,2026-05-01
INV0001355,CUS0002842,PRD-WL02,14648.4055,35.7989,32.4252,474977.48,2026-05-01
INV0001356,CUS0000332,PRD-WL04,4293.21,18.4782,22.7545,97689.85,2026-05-01
INV0001357,CUS0005926,PRD-WL03,18942.8157,17.8207,23.4033,443324.4,2026-05-01
INV0001358,CUS0005164,PRD-WL02,13967.8248,36.1296,30.4566,425412.45,2026-05-01
INV0001359,CUS0004170,PRD-WL01,17189.0824,21.7694,19.9626,343138.78,2026-05-01
INV0001360,CUS0006574,PRD-WL03,38377.6732,13.4712,15.4532,593057.86,2026-05-01
INV0001361,CUS0001605,PRD-WL04,10999.0896,12.1386,10.5247,115762.12,2026-05-01
INV0001362,CUS0003264,PRD-WL02,15336.5542,9.8733,11.4961,176310.56,2026-05-01
INV0001363,CUS0005294,PRD-WL02,39904.4448,6.7437,8.2629,329726.44,2026-05-01
INV0001364,CUS0000859,PRD-WL04,5945.3593,8.3153,9.0922,54056.4,2026-05-01
INV0001365,CUS0000510,PRD-WL02,6080.3018,19.1364,22.1931,134940.75,2026-05-01
INV0001366,CUS0008348,PRD-WL04,14068.0812,21.6315,20.013,281544.51,2026-05-01
INV0001367,CUS0006213,PRD-WL02,8447.9112,13.703,16.4743,139173.42,2026-05-01
INV0001368,CUS0003782,PRD-WL02,4717.0958,20.4826,21.9843,103702.05,2026-05-01
INV0001369,CUS0009137,PRD-WL04,36214.6969,8.4113,10.2875,372558.69,2026-05-01
INV0001370,CUS0002401,PRD-WL03,37933.5468,22.8034,28.1322,1067154.13,2026-05-01
INV0001371,CUS0001498,PRD-WL04,7299.7839,15.9701,14.0469,102539.33,2026-05-01
INV0001372,CUS0000513,PRD-WL02,46573.5589,15.7695,22.3236,1039689.5,2026-05-01
INV0001373,CUS0010000,PRD-WL01,2248.6667,9.5812,11.6001,26084.76,2026-05-01
INV0001374,CUS0005658,PRD-WL03,33822.4728,30.1862,30.6895,1037994.78,2026-05-01
INV0001375,CUS0000105,PRD-WL02,1631.4901,20.1086,23.2007,37851.71,2026-05-01
INV0001376,CUS0009437,PRD-WL03,3485.0926,17.149,16.1328,56224.3,2026-05-01
INV0001377,CUS0001738,PRD-WL03,22049.7567,29.8418,30.2439,666870.64,2026-05-01
INV0001378,CUS0008999,PRD-WL04,44686.7045,30.4963,27.571,1232057.13,2026-05-01
INV0001379,CUS0003751,PRD-WL04,49622.6335,19.579,22.4267,1112871.91,2026-05-01
INV0001380,CUS0001929,PRD-WL02,25831.4531,15.0028,15.8247,408775.0,2026-05-01
INV0001381,CUS0000745,PRD-WL01,13701.9053,9.5847,10.3253,141476.28,2026-05-01
INV0001382,CUS0005002,PRD-WL04,27966.2114,20.2571,20.4985,573265.38,2026-05-01
INV0001383,CUS0006989,PRD-WL03,9228.167,14.1451,17.1769,158511.3,2026-05-01
INV0001384,CUS0003396,PRD-WL03,20256.9278,11.2792,10.8868,220533.12,2026-05-01
INV0001385,CUS0009093,PRD-WL03,30649.6633,30.4192,30.9998,950133.43,2026-05-01
INV0001386,CUS0007731,PRD-WL02,5642.0205,25.0218,32.4475,183069.46,2026-05-01
INV0001387,CUS0009818,PRD-WL01,41034.4501,18.5885,21.0079,862047.62,2026-05-01
INV0001388,CUS0008409,PRD-WL03,23578.3019,34.9449,32.8597,774775.93,2026-05-01
INV0001389,CUS0002498,PRD-WL01,11456.7332,19.5161,21.3391,244476.38,2026-05-01
INV0001390,CUS0005707,PRD-WL03,12190.9254,26.4786,27.8175,339121.07,2026-05-01
INV0001391,CUS0004556,PRD-WL03,11233.6445,9.1453,9.8529,110683.98,2026-05-01
INV0001392,CUS0005541,PRD-WL04,41949.4995,24.591,28.7492,1206014.55,2026-05-01
INV0001393,CUS0003783,PRD-WL03,35806.3033,15.1543,17.5736,629245.65,2026-05-01
INV0001394,CUS0006193,PRD-WL02,162.1356,18.4096,25.2415,4092.55,2026-05-01
INV0001395,CUS0006096,PRD-WL02,3590.3017,17.8758,19.3435,69449.0,2026-05-01
INV0001396,CUS0004603,PRD-WL02,45100.9478,23.9807,33.7398,1521696.96,2026-05-01
INV0001397,CUS0003735,PRD-WL04,26843.9579,11.1561,13.8846,372717.62,2026-05-01
INV0001398,CUS0008733,PRD-WL03,23347.2715,28.1819,34.3281,801467.47,2026-05-01
INV0001399,CUS0002035,PRD-WL04,26606.0475,23.11,27.0381,719376.97,2026-05-01
INV0001400,CUS0004538,PRD-WL02,38318.1437,26.2602,31.495,1206829.94,2026-05-01
INV0001401,CUS0000318,PRD-WL03,11082.2092,22.36,26.2601,291019.92,2026-05-01
INV0001402,CUS0007102,PRD-WL01,14057.5334,21.664,25.7536,362032.09,2026-05-01
INV0001403,CUS0006726,PRD-WL01,17787.5668,25.0405,28.3366,504039.17,2026-05-01
INV0001404,CUS0004037,PRD-WL01,35636.6615,18.4587,25.4874,908285.85,2026-05-01
INV0001405,CUS0006869,PRD-WL04,13518.1829,31.9847,29.7185,401740.12,2026-05-01
INV0001406,CUS0005525,PRD-WL03,40985.7885,18.0774,19.2517,789046.1,2026-05-01
INV0001407,CUS0007946,PRD-WL03,49419.8189,28.3814,29.9522,1480232.3,2026-05-01
INV0001408,CUS0006274,PRD-WL03,48638.9502,26.3758,33.9898,1653228.19,2026-05-01
INV0001409,CUS0004544,PRD-WL04,35109.603,16.4938,16.0852,564744.99,2026-05-01
INV0001410,CUS0003901,PRD-WL03,49903.062,21.7886,24.6946,1232336.15,2026-05-01
INV0001411,CUS0007776,PRD-WL04,49856.0664,7.4786,8.1183,404746.5,2026-05-01
INV0001412,CUS0002843,PRD-WL03,26661.1826,7.7732,8.3666,223063.45,2026-05-01
INV0001413,CUS0001303,PRD-WL02,22067.8337,24.4833,31.274,690149.43,2026-05-01
INV0001414,CUS0006859,PRD-WL02,1748.2161,22.0997,24.4488,42741.79,2026-05-01
INV0001415,CUS0005054,PRD-WL02,28023.2613,33.3534,28.7784,806464.62,2026-05-01
INV0001416,CUS0001194,PRD-WL02,15287.8633,11.1627,12.9288,197653.73,2026-05-01
INV0001417,CUS0008413,PRD-WL02,40833.9787,13.4281,18.7502,765645.27,2026-05-01
INV0001418,CUS0005617,PRD-WL03,48908.3781,11.1155,13.286,649796.71,2026-05-01
INV0001419,CUS0004658,PRD-WL03,33472.4498,24.5979,25.3286,847810.29,2026-05-01
INV0001420,CUS0009977,PRD-WL02,12774.7463,19.1545,22.7419,290522.0,2026-05-01
INV0001421,CUS0003219,PRD-WL01,32990.0589,17.2812,22.4348,740125.37,2026-05-01
INV0001422,CUS0008075,PRD-WL02,40124.5587,37.441,32.5513,1306106.55,2026-05-01
INV0001423,CUS0005328,PRD-WL04,13876.9974,28.9661,29.3553,407363.42,2026-05-01
INV0001424,CUS0009091,PRD-WL04,41975.0157,29.0368,33.1868,1393016.45,2026-05-01
INV0001425,CUS0007577,PRD-WL04,38083.1644,24.3983,34.6505,1319600.69,2026-05-01
INV0001426,CUS0003697,PRD-WL01,14203.82,26.9734,30.3378,430912.65,2026-05-01
INV0001427,CUS0005125,PRD-WL03,18536.3021,9.9989,8.357,154907.88,2026-05-01
INV0001428,CUS0000524,PRD-WL04,47635.1692,25.9396,30.2291,1439968.29,2026-05-01
INV0001429,CUS0008637,PRD-WL02,47185.8305,36.9419,32.1489,1516972.55,2026-05-01
INV0001430,CUS0000502,PRD-WL01,5490.5984,30.4564,34.4534,189169.78,2026-05-01
INV0001431,CUS0007386,PRD-WL01,47705.782,20.7936,24.7996,1183084.31,2026-05-01
INV0001432,CUS0005653,PRD-WL04,48364.4868,12.429,10.6139,513335.83,2026-05-01
INV0001433,CUS0003799,PRD-WL04,44731.2638,36.2193,34.7251,1553297.61,2026-05-01
INV0001434,CUS0008572,PRD-WL02,37795.1278,16.0262,18.6529,704988.74,2026-05-01
INV0001435,CUS0006450,PRD-WL02,18810.9985,21.2104,27.1318,510376.25,2026-05-01
INV0001436,CUS0003466,PRD-WL01,41614.2465,20.4723,18.0639,751715.59,2026-05-01
INV0001437,CUS0000841,PRD-WL02,32075.1583,20.4611,19.1986,615798.13,2026-05-01
INV0001438,CUS0008039,PRD-WL01,43784.5219,17.7629,21.0155,920153.62,2026-05-01
INV0001439,CUS0004917,PRD-WL01,30342.1848,26.4255,30.8754,936827.09,2026-05-01
INV0001440,CUS0001974,PRD-WL02,22382.4283,8.6028,11.3101,253147.5,2026-05-01
INV0001441,CUS0008933,PRD-WL03,1916.0583,16.2875,14.6116,27996.68,2026-05-01
INV0001442,CUS0008050,PRD-WL04,34615.6463,7.6128,8.8986,308030.79,2026-05-01
INV0001443,CUS0001740,PRD-WL04,26393.0474,40.4019,34.4078,908126.7,2026-05-01
INV0001444,CUS0009216,PRD-WL01,45451.7717,26.2923,27.9176,1268904.38,2026-05-01
INV0001445,CUS0005039,PRD-WL04,24092.4311,8.6852,10.6322,256155.55,2026-05-01
INV0001446,CUS0006476,PRD-WL02,41824.2593,21.4232,21.0269,879434.52,2026-05-01
INV0001447,CUS0007886,PRD-WL04,36286.563,22.3707,23.5545,854711.85,2026-05-01
INV0001448,CUS0009261,PRD-WL04,33599.8519,34.6064,32.6611,1097408.12,2026-05-01
INV0001449,CUS0005385,PRD-WL01,42121.7049,12.7501,10.7858,454316.28,2026-05-01
INV0001450,CUS0004256,PRD-WL03,18147.9103,16.457,21.0009,381122.45,2026-05-01
INV0001451,CUS0006546,PRD-WL02,43549.9648,22.0248,29.3498,1278182.76,2026-05-01
INV0001452,CUS0000813,PRD-WL02,39245.9329,7.6758,9.9966,392325.89,2026-05-01
INV0001453,CUS0004333,PRD-WL02,31214.785,37.9031,31.6911,989230.87,2026-05-01
INV0001454,CUS0007824,PRD-WL04,15326.1999,12.5404,16.1283,247185.55,2026-05-01
INV0001455,CUS0003640,PRD-WL03,49445.2581,13.1109,12.9158,638625.06,2026-05-01
INV0001456,CUS0000515,PRD-WL02,18204.884,18.5853,18.7379,341121.3,2026-05-01
INV0001457,CUS0000332,PRD-WL04,10067.5175,13.2292,11.9686,120494.09,2026-05-01
INV0001458,CUS0005353,PRD-WL04,7905.9329,10.4403,13.4485,106322.94,2026-05-01
INV0001459,CUS0002616,PRD-WL02,44804.8131,20.76,18.0691,809582.65,2026-05-01
INV0001460,CUS0000376,PRD-WL02,48139.3829,33.0814,33.3167,1603845.38,2026-05-01
INV0001461,CUS0001585,PRD-WL03,1194.7366,11.9843,13.1193,15674.11,2026-05-01
INV0001462,CUS0004141,PRD-WL01,22634.8824,39.8545,34.8521,788873.18,2026-05-01
INV0001463,CUS0002190,PRD-WL01,33284.7155,22.6938,28.6896,954925.17,2026-05-01
INV0001464,CUS0001183,PRD-WL02,49998.1275,18.9028,21.5018,1075049.74,2026-05-01
INV0001465,CUS0000310,PRD-WL04,11259.5491,26.8259,31.763,357637.06,2026-05-01
INV0001466,CUS0006199,PRD-WL04,14203.0394,25.916,26.4569,375768.39,2026-05-01
INV0001467,CUS0008665,PRD-WL01,44538.5751,19.3602,18.5706,827108.06,2026-05-01
INV0001468,CUS0001065,PRD-WL01,22494.7286,24.7454,21.6708,487478.76,2026-05-01
INV0001469,CUS0001393,PRD-WL04,18873.6729,32.8096,34.1212,643992.37,2026-05-01
INV0001470,CUS0006432,PRD-WL01,9267.8784,22.1716,24.3066,225270.61,2026-05-01
INV0001471,CUS0001856,PRD-WL04,37139.0892,18.4635,17.4907,649588.67,2026-05-01
INV0001472,CUS0005413,PRD-WL01,39501.1217,11.0847,12.7257,502679.42,2026-05-01
INV0001473,CUS0002553,PRD-WL03,16235.0597,20.257,25.8292,419338.6,2026-05-01
INV0001474,CUS0000201,PRD-WL02,40463.2297,22.5523,19.6363,794548.12,2026-05-01
INV0001475,CUS0008130,PRD-WL02,32716.5564,22.6103,25.9103,847695.79,2026-05-01
INV0001476,CUS0000954,PRD-WL03,34045.3168,23.5548,20.431,695579.87,2026-05-01
INV0001477,CUS0002022,PRD-WL01,19991.8595,16.9323,16.5791,331447.04,2026-05-01
INV0001478,CUS0007783,PRD-WL04,3586.4609,31.0128,28.3231,101579.69,2026-05-01
INV0001479,CUS0000869,PRD-WL02,18494.914,26.1389,26.4717,489591.81,2026-05-01
INV0001480,CUS0001030,PRD-WL03,41862.177,23.316,26.1425,1094381.96,2026-05-01
INV0001481,CUS0000392,PRD-WL01,36714.7982,18.2793,21.475,788450.29,2026-05-01
INV0001482,CUS0000562,PRD-WL01,5027.6284,32.334,30.87,155202.89,2026-05-01
INV0001483,CUS0004896,PRD-WL04,47459.4471,22.1677,18.8962,896803.2,2026-05-01
INV0001484,CUS0005028,PRD-WL04,11659.0373,18.521,24.1155,281163.51,2026-05-01
INV0001485,CUS0001287,PRD-WL02,34270.935,16.414,15.9816,547704.37,2026-05-01
INV0001486,CUS0001557,PRD-WL04,35550.0025,19.6728,23.8987,849598.84,2026-05-01
INV0001487,CUS0009109,PRD-WL01,42427.3992,12.3143,13.5123,573291.75,2026-05-01
INV0001488,CUS0000236,PRD-WL01,48893.0614,25.0863,22.1086,1080957.14,2026-05-01
INV0001489,CUS0009637,PRD-WL03,28610.0702,15.162,15.4077,440815.38,2026-05-01
INV0001490,CUS0006378,PRD-WL01,22045.4775,12.9963,13.0712,288160.85,2026-05-01
INV0001491,CUS0002381,PRD-WL04,1498.9938,22.9513,25.3569,38009.84,2026-05-01
INV0001492,CUS0008961,PRD-WL01,5133.3769,11.4899,12.0758,61989.63,2026-05-01
INV0001493,CUS0005568,PRD-WL04,32971.1684,24.7503,25.9681,856198.6,2026-05-01
INV0001494,CUS0006491,PRD-WL04,2253.781,21.7272,19.728,44462.59,2026-05-01
INV0001495,CUS0000975,PRD-WL03,778.2822,19.0884,24.7674,19276.03,2026-05-01
INV0001496,CUS0002137,PRD-WL02,18671.9323,27.5537,27.5566,514534.97,2026-05-01
INV0001497,CUS0006143,PRD-WL02,1636.2675,36.6493,32.0948,52515.68,2026-05-01
INV0001498,CUS0009894,PRD-WL02,16154.7865,17.3758,23.7966,384428.99,2026-05-01
INV0001499,CUS0007845,PRD-WL04,47888.1129,14.99,16.5256,791379.8,2026-05-01
INV0001500,CUS0000183,PRD-WL02,26352.9226,16.7649,20.751,546849.5,2026-05-01
INV0001501,CUS0005546,PRD-WL03,21805.8454,23.4913,25.2527,550656.47,2026-05-01
INV0001502,CUS0008389,PRD-WL03,23149.2816,21.9072,28.349,656258.98,2026-05-01
INV0001503,CUS0003246,PRD-WL04,7680.1298,39.9724,33.5319,257529.34,2026-05-01
INV0001504,CUS0000383,PRD-WL04,2759.7702,14.6202,14.1138,38950.84,2026-05-01
INV0001505,CUS0007696,PRD-WL04,23223.1577,22.5489,24.051,558540.17,2026-05-01
INV0001506,CUS0001823,PRD-WL01,49421.0748,32.0266,27.5473,1361417.17,2026-05-01
INV0001507,CUS0005280,PRD-WL03,42297.86,18.9938,19.0288,804877.52,2026-05-01
INV0001508,CUS0006247,PRD-WL02,9702.7231,15.1681,19.0124,184472.05,2026-05-01
INV0001509,CUS0001836,PRD-WL03,13543.9944,11.9706,10.2056,138224.59,2026-05-01
INV0001510,CUS0000583,PRD-WL01,18815.9591,8.8375,11.527,216891.56,2026-05-01
INV0001511,CUS0003657,PRD-WL01,9313.4269,29.6297,26.185,243872.08,2026-05-01
INV0001512,CUS0000975,PRD-WL02,16470.0796,16.4606,16.7302,275547.73,2026-05-01
INV0001513,CUS0005702,PRD-WL03,27783.8743,40.7852,34.9671,971521.51,2026-05-01
INV0001514,CUS0005527,PRD-WL04,15181.4944,18.5985,18.887,286732.88,2026-05-01
INV0001515,CUS0008974,PRD-WL02,18471.7266,25.3043,31.6651,584909.07,2026-05-01
INV0001516,CUS0003678,PRD-WL04,10930.8373,19.4625,17.793,194492.39,2026-05-01
INV0001517,CUS0002683,PRD-WL01,35935.0283,16.7163,16.6451,598142.14,2026-05-01
INV0001518,CUS0008798,PRD-WL03,40034.3599,10.302,9.2543,370489.98,2026-05-01
INV0001519,CUS0009053,PRD-WL04,23430.8706,26.1398,21.8925,512960.33,2026-05-01
INV0001520,CUS0000832,PRD-WL04,16155.1396,12.5058,11.3125,182755.02,2026-05-01
INV0001521,CUS0001656,PRD-WL01,26969.2319,19.5616,25.0502,675584.65,2026-05-01
INV0001522,CUS0005613,PRD-WL02,24043.7714,10.655,14.2719,343150.3,2026-05-01
INV0001523,CUS0003043,PRD-WL03,49646.9802,11.3262,14.0652,698294.71,2026-05-01
INV0001524,CUS0008517,PRD-WL03,19377.7017,37.7914,34.074,660275.81,2026-05-01
INV0001525,CUS0001894,PRD-WL01,20214.589,24.0119,24.2129,489453.82,2026-05-01
INV0001526,CUS0001518,PRD-WL03,38351.397,11.2223,12.2231,468772.96,2026-05-01
INV0001527,CUS0000715,PRD-WL04,42985.5095,28.8957,31.2471,1343172.51,2026-05-01
INV0001528,CUS0000927,PRD-WL03,1362.5398,32.6017,33.9248,46223.89,2026-05-01
INV0001529,CUS0002211,PRD-WL01,29942.7787,26.8684,32.271,966283.41,2026-05-01
INV0001530,CUS0009888,PRD-WL04,9388.9343,18.2087,23.7294,222793.78,2026-05-01
INV0001531,CUS0004431,PRD-WL03,31685.0675,26.347,25.3883,804430.0,2026-05-01
INV0001532,CUS0009300,PRD-WL02,37136.795,31.7558,31.4998,1169801.62,2026-05-01
INV0001533,CUS0001536,PRD-WL02,34630.3825,17.1906,18.8743,653624.23,2026-05-01
INV0001534,CUS0006626,PRD-WL04,48808.176,19.2986,22.3914,1092883.39,2026-05-01
INV0001535,CUS0006255,PRD-WL04,12550.4887,10.9795,11.1569,140024.55,2026-05-01
INV0001536,CUS0008320,PRD-WL03,27457.7156,23.0649,31.6345,868611.1,2026-05-01
INV0001537,CUS0009298,PRD-WL04,22848.3537,10.8593,11.6228,265561.85,2026-05-01
INV0001538,CUS0009429,PRD-WL02,1267.6955,15.601,14.0704,17836.98,2026-05-01
INV0001539,CUS0001108,PRD-WL04,49851.9597,29.9577,33.6598,1678006.99,2026-05-01
INV0001540,CUS0009630,PRD-WL01,32542.9604,30.9345,31.146,1013583.04,2026-05-01
INV0001541,CUS0003388,PRD-WL02,33462.8651,24.1907,24.6164,823735.27,2026-05-01
INV0001542,CUS0004444,PRD-WL01,3058.3293,17.4834,20.3824,62336.09,2026-05-01
INV0001543,CUS0001792,PRD-WL01,2317.0489,24.3738,28.2988,65569.7,2026-05-01
INV0001544,CUS0000364,PRD-WL01,22748.9354,21.9883,26.4962,602760.34,2026-05-01
INV0001545,CUS0002947,PRD-WL03,45420.8707,20.2853,28.1302,1277698.18,2026-05-01
INV0001546,CUS0000352,PRD-WL04,5209.4921,35.7118,31.4787,163988.04,2026-05-01
INV0001547,CUS0006224,PRD-WL03,33395.2566,22.4048,28.4177,949016.38,2026-05-01
INV0001548,CUS0002574,PRD-WL03,3149.2017,23.9627,26.6698,83988.58,2026-05-01
INV0001549,CUS0004942,PRD-WL02,46372.9142,20.2139,18.7397,869014.5,2026-05-01
INV0001550,CUS0009212,PRD-WL01,43005.1775,35.1054,30.3109,1303525.63,2026-05-01
INV0001551,CUS0008052,PRD-WL04,41426.3522,31.256,31.3739,1299706.23,2026-05-01
INV0001552,CUS0004219,PRD-WL04,5268.1556,29.7933,29.704,156485.29,2026-05-01
INV0001553,CUS0002402,PRD-WL01,15322.0936,29.9405,25.4891,390546.38,2026-05-01
INV0001554,CUS0003833,PRD-WL03,47534.5179,8.8754,8.0486,382586.32,2026-05-01
INV0001555,CUS0000343,PRD-WL01,48032.6956,7.7232,8.2478,396164.07,2026-05-01
INV0001556,CUS0001594,PRD-WL04,29106.3928,18.2977,16.5944,483003.12,2026-05-01
INV0001557,CUS0008542,PRD-WL01,31375.6941,28.4607,34.4893,1082125.73,2026-05-01
INV0001558,CUS0005060,PRD-WL04,1440.442,18.3492,17.1247,24667.14,2026-05-01
INV0001559,CUS0000827,PRD-WL02,48178.4908,7.2846,8.6814,418256.75,2026-05-01
INV0001560,CUS0009403,PRD-WL04,19159.0278,23.6079,27.0542,518332.17,2026-05-01
INV0001561,CUS0002832,PRD-WL03,44808.9968,7.4131,10.2729,460318.34,2026-05-01
INV0001562,CUS0009308,PRD-WL03,47062.1717,7.0035,8.1416,383161.38,2026-05-01
INV0001563,CUS0009452,PRD-WL04,16198.3873,23.68,25.1933,408090.83,2026-05-01
INV0001564,CUS0007288,PRD-WL03,39726.5599,8.59,12.1816,483933.06,2026-05-01
INV0001565,CUS0000725,PRD-WL03,9659.0814,17.8642,25.0969,242413.0,2026-05-01
INV0001566,CUS0009476,PRD-WL04,1609.0248,27.5957,28.839,46402.67,2026-05-01
INV0001567,CUS0003919,PRD-WL02,4415.6723,22.5749,21.8483,96474.93,2026-05-01
INV0001568,CUS0004302,PRD-WL03,39236.4307,26.5417,34.9595,1371686.0,2026-05-01
INV0001569,CUS0002142,PRD-WL03,29015.1503,33.2347,31.863,924509.73,2026-05-01
INV0001570,CUS0003480,PRD-WL01,27366.5774,34.8754,31.3316,857438.66,2026-05-01
INV0001571,CUS0002109,PRD-WL04,41639.3801,7.2763,9.2454,384972.72,2026-05-01
INV0001572,CUS0002517,PRD-WL02,46948.6055,13.6902,13.9846,656557.47,2026-05-01
INV0001573,CUS0002026,PRD-WL01,41744.37,37.1168,32.2324,1345521.23,2026-05-01
INV0001574,CUS0006787,PRD-WL02,21072.858,19.6464,27.6193,582017.59,2026-05-01
INV0001575,CUS0001893,PRD-WL04,20697.1375,23.6293,28.9401,598977.23,2026-05-01
INV0001576,CUS0008073,PRD-WL03,14713.4524,15.56,19.2694,283519.4,2026-05-01
INV0001577,CUS0002761,PRD-WL02,43267.1001,15.4695,14.1654,612895.78,2026-05-01
INV0001578,CUS0009582,PRD-WL01,45366.1135,17.8482,18.4473,836882.31,2026-05-01
INV0001579,CUS0003194,PRD-WL02,26484.9527,27.6272,23.2868,616749.8,2026-05-01
INV0001580,CUS0002702,PRD-WL01,40371.9906,23.3862,25.3467,1023296.73,2026-05-01
INV0001581,CUS0009732,PRD-WL01,19681.2643,14.6453,13.5367,266419.37,2026-05-01
INV0001582,CUS0000454,PRD-WL01,41688.1773,36.4412,32.8189,1368160.12,2026-05-01
INV0001583,CUS0002287,PRD-WL02,24704.7256,22.6637,30.5269,754158.69,2026-05-01
INV0001584,CUS0005961,PRD-WL01,47278.8986,32.0777,30.2909,1432120.39,2026-05-01
INV0001585,CUS0008088,PRD-WL02,5813.1018,15.6608,17.473,101572.33,2026-05-01
INV0001586,CUS0003244,PRD-WL02,40692.9348,15.4725,15.2264,619606.9,2026-05-01
INV0001587,CUS0003139,PRD-WL02,47291.7513,21.7713,20.0129,946445.09,2026-05-01
INV0001588,CUS0002525,PRD-WL04,44121.7107,14.1795,15.7048,692922.64,2026-05-01
INV0001589,CUS0009319,PRD-WL01,20204.0691,37.5756,34.9063,705249.3,2026-05-01
INV0001590,CUS0006341,PRD-WL04,48594.5489,12.6135,12.3522,600249.59,2026-05-01
INV0001591,CUS0005283,PRD-WL01,14629.8039,11.8511,10.7966,157952.14,2026-05-01
INV0001592,CUS0001704,PRD-WL02,21645.6551,9.7362,11.4923,248758.36,2026-05-01
INV0001593,CUS0006002,PRD-WL02,626.6777,16.5135,13.9413,8736.7,2026-05-01
INV0001594,CUS0003471,PRD-WL04,23979.5897,32.2137,28.302,678670.35,2026-05-01
INV0001595,CUS0002313,PRD-WL03,1693.9514,31.7455,28.6351,48506.47,2026-05-01
INV0001596,CUS0004987,PRD-WL02,7827.9614,31.5165,28.95,226619.48,2026-05-01
INV0001597,CUS0005568,PRD-WL01,32927.2184,27.1615,26.4792,871886.4,2026-05-01
INV0001598,CUS0002614,PRD-WL04,10329.6453,12.1141,13.2984,137367.76,2026-05-01
INV0001599,CUS0004039,PRD-WL01,6351.0353,30.8221,29.5737,187823.61,2026-05-01
INV0001600,CUS0004731,PRD-WL02,18196.6513,16.2612,13.9092,253100.86,2026-05-01
INV0001601,CUS0003678,PRD-WL01,40612.2242,11.6665,16.3618,664489.09,2026-05-01
INV0001602,CUS0002796,PRD-WL01,12476.1947,20.1582,20.1595,251513.85,2026-05-01
INV0001603,CUS0006693,PRD-WL02,10060.2853,20.0494,17.7712,178783.34,2026-05-01
INV0001604,CUS0008238,PRD-WL04,27371.7569,16.0693,14.2942,391257.37,2026-05-01
INV0001605,CUS0001905,PRD-WL04,17171.8762,16.8606,20.9679,360058.18,2026-05-01
INV0001606,CUS0003402,PRD-WL01,12684.4176,18.625,19.7652,250710.05,2026-05-01
INV0001607,CUS0009293,PRD-WL03,25704.5991,27.2093,32.5292,836150.05,2026-05-01
INV0001608,CUS0002311,PRD-WL01,27865.9568,17.8437,19.3267,538556.99,2026-05-01
INV0001609,CUS0003508,PRD-WL04,22598.768,22.9063,21.4815,485455.43,2026-05-01
INV0001610,CUS0002605,PRD-WL04,20400.2866,36.1848,31.7294,647288.85,2026-05-01
INV0001611,CUS0006373,PRD-WL03,42080.3499,24.1286,27.8297,1171083.51,2026-05-01
INV0001612,CUS0007734,PRD-WL03,21662.9135,23.8575,33.6127,728149.01,2026-05-01
INV0001613,CUS0001688,PRD-WL04,34046.1189,13.8386,14.786,503405.91,2026-05-01
INV0001614,CUS0005797,PRD-WL03,3477.8947,26.5466,29.2362,101680.43,2026-05-01
INV0001615,CUS0005856,PRD-WL04,41953.1501,31.922,28.5626,1198291.05,2026-05-01
INV0001616,CUS0003168,PRD-WL01,3530.7115,28.4817,33.0877,116823.12,2026-05-01
INV0001617,CUS0009612,PRD-WL04,22532.0048,13.5792,15.3033,344814.03,2026-05-01
INV0001618,CUS0005312,PRD-WL03,4154.3313,24.034,22.5209,93559.28,2026-05-01
INV0001619,CUS0002883,PRD-WL02,12932.846,10.2834,12.3022,159102.46,2026-05-01
INV0001620,CUS0007178,PRD-WL04,39447.1035,10.4478,12.8478,506808.5,2026-05-01
INV0001621,CUS0001986,PRD-WL01,20199.7232,33.6538,34.0409,687616.76,2026-05-01
INV0001622,CUS0003753,PRD-WL03,35119.2124,30.1318,32.5463,1143000.42,2026-05-01
INV0001623,CUS0008982,PRD-WL01,29645.5666,17.8242,19.0146,563698.59,2026-05-01
INV0001624,CUS0008083,PRD-WL04,40249.9046,35.189,30.4629,1226128.82,2026-05-01
INV0001625,CUS0007544,PRD-WL04,24513.9323,34.8602,29.3187,718716.63,2026-05-01
INV0001626,CUS0000662,PRD-WL03,36580.2455,22.3506,31.1,1137645.64,2026-05-01
INV0001627,CUS0006315,PRD-WL02,23706.233,21.8446,21.7942,516658.38,2026-05-01
INV0001628,CUS0007972,PRD-WL01,18312.6786,15.7369,17.8008,325980.33,2026-05-01
INV0001629,CUS0003542,PRD-WL01,48033.0479,18.884,16.7112,802689.87,2026-05-01
INV0001630,CUS0000491,PRD-WL01,3251.4085,17.6622,16.112,52386.69,2026-05-01
INV0001631,CUS0009300,PRD-WL03,35583.2721,24.1336,29.0735,1034530.26,2026-05-01
INV0001632,CUS0001866,PRD-WL01,47803.6074,20.095,17.6946,845865.71,2026-05-01
INV0001633,CUS0009088,PRD-WL02,40091.4411,31.3523,30.7231,1231733.35,2026-05-01
INV0001634,CUS0000254,PRD-WL01,12430.3686,16.6724,15.0116,186599.72,2026-05-01
INV0001635,CUS0001932,PRD-WL03,33016.6242,16.9384,14.4876,478331.64,2026-05-01
INV0001636,CUS0007595,PRD-WL01,49346.5861,33.6881,34.0576,1680626.29,2026-05-01
INV0001637,CUS0003234,PRD-WL03,36805.7529,30.6351,31.8212,1171203.22,2026-05-01
INV0001638,CUS0001258,PRD-WL04,47576.1664,18.2873,21.8682,1040405.12,2026-05-01
INV0001639,CUS0008625,PRD-WL03,17202.4223,26.9779,30.9976,533233.81,2026-05-01
INV0001640,CUS0001200,PRD-WL03,32329.4171,7.8761,10.1161,327047.62,2026-05-01
INV0001641,CUS0002431,PRD-WL01,45230.6066,25.2804,33.902,1533408.02,2026-05-01
INV0001642,CUS0000369,PRD-WL04,4640.9296,22.3838,25.6487,119033.81,2026-05-01
INV0001643,CUS0009878,PRD-WL01,49132.6771,22.8771,22.6443,1112575.08,2026-05-01
INV0001644,CUS0000657,PRD-WL02,6776.8992,21.7573,24.6571,167098.68,2026-05-01
INV0001645,CUS0007622,PRD-WL01,29761.0145,8.0751,10.6338,316472.68,2026-05-01
INV0001646,CUS0009873,PRD-WL02,15222.5023,22.2234,28.5061,433934.17,2026-05-01
INV0001647,CUS0009443,PRD-WL04,23032.8262,7.5104,9.2832,213818.33,2026-05-01
INV0001648,CUS0009929,PRD-WL02,20037.5253,25.9359,27.739,555820.91,2026-05-01
INV0001649,CUS0002677,PRD-WL01,19609.7356,14.2678,17.5631,344407.75,2026-05-01
INV0001650,CUS0002175,PRD-WL03,6168.9175,13.9828,12.1843,75163.94,2026-05-01
INV0001651,CUS0008767,PRD-WL01,41760.337,25.0245,33.9714,1418657.11,2026-05-01
INV0001652,CUS0002737,PRD-WL01,29345.8682,10.0727,13.3274,391104.12,2026-05-01
INV0001653,CUS0006760,PRD-WL03,47970.8876,10.4181,9.1954,441111.5,2026-05-01
INV0001654,CUS0001177,PRD-WL03,25623.0849,26.9927,29.1814,747717.49,2026-05-01
INV0001655,CUS0007621,PRD-WL03,33875.8667,25.6829,23.6879,802448.14,2026-05-01
INV0001656,CUS0002365,PRD-WL01,10898.897,23.7437,23.6177,257406.88,2026-05-01
INV0001657,CUS0008559,PRD-WL02,4530.3174,30.8452,25.7807,116794.75,2026-05-01
INV0001658,CUS0003045,PRD-WL01,9265.4151,27.6768,33.0116,305866.18,2026-05-01
INV0001659,CUS0004864,PRD-WL02,2640.3293,30.2028,29.3187,77411.02,2026-05-01
INV0001660,CUS0008246,PRD-WL01,43308.9682,9.0568,11.6773,505731.81,2026-05-01
INV0001661,CUS0009511,PRD-WL03,24549.5071,16.434,20.5101,503512.85,2026-05-01
INV0001662,CUS0000759,PRD-WL04,29645.3718,23.9564,26.5685,787633.06,2026-05-01
INV0001663,CUS0006840,PRD-WL04,25707.2294,15.4997,16.2177,416912.13,2026-05-01
INV0001664,CUS0007322,PRD-WL02,23618.1473,17.9235,21.8493,516039.99,2026-05-01
INV0001665,CUS0005195,PRD-WL04,37874.3682,15.8601,13.2344,501244.54,2026-05-01
INV0001666,CUS0004162,PRD-WL02,35256.8995,8.1237,8.8426,311762.66,2026-05-01
INV0001667,CUS0006361,PRD-WL04,29594.8891,12.5296,12.3116,364360.44,2026-05-01
INV0001668,CUS0004369,PRD-WL02,10931.8031,13.9678,13.8432,151331.14,2026-05-01
INV0001669,CUS0004552,PRD-WL01,2726.9422,16.7262,15.6547,42689.46,2026-05-01
INV0001670,CUS0006550,PRD-WL02,12628.5639,7.2914,9.7825,123538.93,2026-05-01
INV0001671,CUS0002123,PRD-WL01,9098.8055,9.7123,10.5947,96399.11,2026-05-01
INV0001672,CUS0005146,PRD-WL04,38243.2468,32.419,33.0904,1265484.33,2026-05-01
INV0001673,CUS0009861,PRD-WL04,22530.1376,13.7366,13.9611,314545.5,2026-05-01
INV0001674,CUS0002400,PRD-WL03,30515.7646,17.4813,24.8511,758350.32,2026-05-01
INV0001675,CUS0007916,PRD-WL04,6906.2645,23.8571,24.1895,167059.09,2026-05-01
INV0001676,CUS0004578,PRD-WL01,20806.4645,15.5855,15.4328,321102.01,2026-05-01
INV0001677,CUS0007955,PRD-WL01,37693.4375,23.2114,29.946,1128767.68,2026-05-01
INV0001678,CUS0001765,PRD-WL04,28200.6816,27.8054,32.7391,923264.93,2026-05-01
INV0001679,CUS0004216,PRD-WL04,26739.8035,28.0211,23.3806,625192.65,2026-05-01
INV0001680,CUS0004841,PRD-WL03,20667.6953,20.141,21.3552,441362.77,2026-05-01
INV0001681,CUS0001134,PRD-WL01,49953.0256,19.9725,17.1143,854911.07,2026-05-01
INV0001682,CUS0009121,PRD-WL03,12121.6194,30.272,32.752,397007.28,2026-05-01
INV0001683,CUS0005002,PRD-WL01,41616.8349,12.3826,11.7414,488639.91,2026-05-01
INV0001684,CUS0002549,PRD-WL04,2181.2884,11.2024,9.6828,21120.98,2026-05-01
INV0001685,CUS0004557,PRD-WL02,45655.5866,6.4583,8.3011,378991.59,2026-05-01
INV0001686,CUS0003732,PRD-WL04,23978.5238,8.0459,11.307,271125.17,2026-05-01
INV0001687,CUS0002866,PRD-WL04,14768.5863,37.4979,32.4349,479017.62,2026-05-01
INV0001688,CUS0002276,PRD-WL02,4810.9772,8.9364,12.6982,61090.75,2026-05-01
INV0001689,CUS0000627,PRD-WL02,34765.2496,15.1901,21.0515,731860.65,2026-05-01
INV0001690,CUS0003931,PRD-WL02,24068.2662,9.8402,8.93,214929.62,2026-05-01
INV0001691,CUS0001901,PRD-WL02,28401.3645,27.0261,22.5803,641311.33,2026-05-01
INV0001692,CUS0006295,PRD-WL03,28053.366,15.3629,16.4993,462860.9,2026-05-01
INV0001693,CUS0002095,PRD-WL03,27574.0516,11.4567,10.2172,281729.6,2026-05-01
INV0001694,CUS0009592,PRD-WL02,33355.0454,17.7102,15.1405,505012.06,2026-05-01
INV0001695,CUS0000594,PRD-WL03,7996.8664,21.363,28.1346,224988.64,2026-05-01
INV0001696,CUS0006128,PRD-WL02,29962.4464,24.0409,25.9313,776965.19,2026-05-01
INV0001697,CUS0006079,PRD-WL03,20179.4088,20.6097,26.4575,533896.71,2026-05-01
INV0001698,CUS0008987,PRD-WL01,2984.8362,19.0408,16.6456,49684.39,2026-05-01
INV0001699,CUS0003049,PRD-WL01,11639.8459,15.3279,20.7189,241164.8,2026-05-01
INV0001700,CUS0000133,PRD-WL01,26335.7855,20.1024,17.8125,469106.18,2026-05-01
INV0001701,CUS0001588,PRD-WL03,30905.5608,18.6648,16.9806,524794.97,2026-05-01
INV0001702,CUS0001565,PRD-WL03,6577.8163,17.7922,16.5801,109060.85,2026-05-01
INV0001703,CUS0005400,PRD-WL01,25019.1107,9.9043,13.2497,331495.71,2026-05-01
INV0001704,CUS0005708,PRD-WL02,5505.0845,10.0144,12.5203,68925.31,2026-05-01
INV0001705,CUS0006018,PRD-WL02,34068.1436,30.2437,32.5113,1107599.64,2026-05-01
INV0001706,CUS0001622,PRD-WL04,30137.279,26.1717,32.7992,988478.64,2026-05-01
INV0001707,CUS0003758,PRD-WL04,18021.6915,19.5342,17.446,314406.43,2026-05-01
INV0001708,CUS0001925,PRD-WL01,15128.2282,31.0431,29.3472,443971.14,2026-05-01
INV0001709,CUS0003037,PRD-WL03,26613.6268,31.0823,26.2958,699826.61,2026-05-01
INV0001710,CUS0006535,PRD-WL03,1396.311,20.9481,21.1314,29506.01,2026-05-01
INV0001711,CUS0009152,PRD-WL03,21207.5364,6.9424,9.8521,208938.77,2026-05-01
INV0001712,CUS0005199,PRD-WL03,21322.4304,21.2758,22.3687,476955.05,2026-05-01
INV0001713,CUS0009189,PRD-WL03,27340.9073,9.1395,11.0111,301053.46,2026-05-01
INV0001714,CUS0004299,PRD-WL01,45743.6183,8.913,9.6581,441796.44,2026-05-01
INV0001715,CUS0009482,PRD-WL04,7087.1368,16.133,17.0292,120688.27,2026-05-01
INV0001716,CUS0005358,PRD-WL04,4805.8832,14.5541,13.4379,64580.98,2026-05-01
INV0001717,CUS0009432,PRD-WL01,5281.9724,17.3814,21.1457,111691.0,2026-05-01
INV0001718,CUS0006750,PRD-WL02,26492.3882,13.1003,14.7288,390201.09,2026-05-01
INV0001719,CUS0008879,PRD-WL03,15565.9455,13.9392,17.7099,275671.34,2026-05-01
INV0001720,CUS0007534,PRD-WL02,27159.9338,18.9664,22.3155,606087.5,2026-05-01
INV0001721,CUS0009382,PRD-WL02,14701.6266,25.9919,23.051,338887.19,2026-05-01
INV0001722,CUS0009054,PRD-WL03,10788.9609,16.1098,22.9148,247226.88,2026-05-01
INV0001723,CUS0005497,PRD-WL02,36817.9622,6.3479,8.5893,316240.52,2026-05-01
INV0001724,CUS0004254,PRD-WL02,43783.5635,27.3803,23.2952,1019946.87,2026-05-01
INV0001725,CUS0004456,PRD-WL01,42655.0591,14.4407,20.5634,877133.04,2026-05-01
INV0001726,CUS0008252,PRD-WL03,3554.885,32.2886,30.556,108623.07,2026-05-01
INV0001727,CUS0003846,PRD-WL03,29868.8004,22.8276,30.5988,913949.45,2026-05-01
INV0001728,CUS0009131,PRD-WL02,44424.7729,32.5046,29.6659,1317900.87,2026-05-01
INV0001729,CUS0007066,PRD-WL03,39301.1216,24.0278,31.6646,1244454.3,2026-05-01
INV0001730,CUS0008118,PRD-WL03,45816.4349,31.0573,29.7109,1361247.52,2026-05-01
INV0001731,CUS0007286,PRD-WL03,20100.1266,8.2521,9.6437,193839.59,2026-05-01
INV0001732,CUS0000481,PRD-WL02,48797.1411,6.0352,8.1446,397433.2,2026-05-01
INV0001733,CUS0000838,PRD-WL03,11950.6429,11.9163,12.6427,151088.39,2026-05-01
INV0001734,CUS0008906,PRD-WL04,6705.49,9.8018,11.2034,75124.29,2026-05-01
INV0001735,CUS0009602,PRD-WL04,18793.1433,16.5973,19.6914,370063.3,2026-05-01
INV0001736,CUS0008263,PRD-WL02,13893.7478,25.176,32.6145,453137.64,2026-05-01
INV0001737,CUS0000600,PRD-WL01,37647.3285,21.8377,19.5562,736238.69,2026-05-01
INV0001738,CUS0000408,PRD-WL03,36370.003,8.5317,10.4034,378371.69,2026-05-01
INV0001739,CUS0006279,PRD-WL04,25496.1141,24.9767,30.5207,778159.25,2026-05-01
INV0001740,CUS0009976,PRD-WL02,701.326,25.3418,31.8463,22334.64,2026-05-01
INV0001741,CUS0004572,PRD-WL04,48091.1313,20.7322,28.1132,1351995.59,2026-05-01
INV0001742,CUS0005978,PRD-WL02,27303.0697,26.012,27.2764,744729.45,2026-05-01
INV0001743,CUS0001858,PRD-WL03,9385.6586,13.5426,12.4753,117088.91,2026-05-01
INV0001744,CUS0004523,PRD-WL04,18807.4348,9.2298,8.002,150497.09,2026-05-01
INV0001745,CUS0006865,PRD-WL02,43149.4387,23.3556,20.3817,879458.91,2026-05-01
INV0001746,CUS0001020,PRD-WL01,10588.4312,29.9366,34.3907,364143.56,2026-05-01
INV0001747,CUS0001924,PRD-WL02,35233.1963,10.9734,14.203,500417.09,2026-05-01
INV0001748,CUS0004296,PRD-WL04,30183.7697,29.8141,31.0093,935977.57,2026-05-01
INV0001749,CUS0008750,PRD-WL02,31952.3272,19.9537,20.0512,640682.5,2026-05-01
INV0001750,CUS0002686,PRD-WL01,49902.8993,34.7153,33.5718,1675330.15,2026-05-01
INV0001751,CUS0005026,PRD-WL03,23821.6857,32.6941,33.7834,804777.54,2026-05-01
INV0001752,CUS0004527,PRD-WL01,41835.447,11.1876,11.137,465921.37,2026-05-01
INV0001753,CUS0009829,PRD-WL02,7969.0913,24.9978,32.5409,259321.4,2026-05-01
INV0001754,CUS0005833,PRD-WL03,1889.0097,28.6458,23.9417,45226.1,2026-05-01
INV0001755,CUS0009590,PRD-WL03,48877.9376,16.9572,19.1536,936188.47,2026-05-01
INV0001756,CUS0006112,PRD-WL03,25848.3673,14.5909,14.8746,384484.12,2026-05-01
INV0001757,CUS0009860,PRD-WL03,25827.8286,29.9583,30.8154,795894.87,2026-05-01
INV0001758,CUS0003769,PRD-WL02,39142.0913,15.4114,20.1875,790180.97,2026-05-01
INV0001759,CUS0004671,PRD-WL01,15477.9448,17.9392,24.9657,386417.73,2026-05-01
INV0001760,CUS0005995,PRD-WL04,11524.1383,37.7271,32.9214,379390.77,2026-05-01
INV0001761,CUS0006743,PRD-WL04,44640.9544,14.5581,16.0788,717772.98,2026-05-01
INV0001762,CUS0001062,PRD-WL03,36432.0395,35.1104,33.3512,1215052.24,2026-05-01
INV0001763,CUS0000456,PRD-WL04,39785.6817,15.0708,13.1543,523352.79,2026-05-01
INV0001764,CUS0009616,PRD-WL03,14677.3669,31.9499,28.8602,423591.74,2026-05-01
INV0001765,CUS0006775,PRD-WL03,48588.2662,7.9894,11.2572,546967.83,2026-05-01
INV0001766,CUS0001039,PRD-WL02,30188.1182,16.6723,18.1992,549399.6,2026-05-01
INV0001767,CUS0009389,PRD-WL02,9895.2933,8.0577,11.2701,111520.95,2026-05-01
INV0001768,CUS0009889,PRD-WL01,8757.3463,7.9883,11.2747,98736.45,2026-05-01
INV0001769,CUS0000541,PRD-WL03,34036.6458,23.0314,26.4046,898724.02,2026-05-01
INV0001770,CUS0006577,PRD-WL02,37211.3151,30.7856,27.4593,1021796.66,2026-05-01
INV0001771,CUS0001750,PRD-WL02,7463.0026,24.3091,27.7161,206845.33,2026-05-01
INV0001772,CUS0001880,PRD-WL04,5953.6233,23.8554,23.5951,140476.34,2026-05-01
INV0001773,CUS0004128,PRD-WL03,11401.4666,10.8781,11.8347,134932.94,2026-05-01
INV0001774,CUS0001227,PRD-WL03,14818.8389,12.4258,13.6192,201820.73,2026-05-01
INV0001775,CUS0002847,PRD-WL01,6922.237,17.1057,22.2176,153795.49,2026-05-01
INV0001776,CUS0006669,PRD-WL03,30531.2949,17.7004,20.7326,632993.12,2026-05-01
INV0001777,CUS0009605,PRD-WL02,1499.3935,18.8021,24.3822,36558.51,2026-05-01
INV0001778,CUS0004823,PRD-WL04,31617.6869,14.4557,20.1325,636543.08,2026-05-01
INV0001779,CUS0003087,PRD-WL04,42333.6029,9.3838,8.751,370461.36,2026-05-01
INV0001780,CUS0007060,PRD-WL04,31958.4304,34.2728,31.9795,1022014.62,2026-05-01
INV0001781,CUS0003765,PRD-WL02,15394.7701,15.6185,14.0323,216024.03,2026-05-01
INV0001782,CUS0005195,PRD-WL03,49501.0864,10.0169,13.2372,655255.78,2026-05-01
INV0001783,CUS0007493,PRD-WL04,22185.8402,15.8821,21.7845,483307.44,2026-05-01
INV0001784,CUS0002903,PRD-WL03,26351.8086,14.7811,14.8024,390070.01,2026-05-01
INV0001785,CUS0002033,PRD-WL02,35573.8544,16.8549,15.404,547979.65,2026-05-01
INV0001786,CUS0004016,PRD-WL04,32692.8432,19.1638,20.3556,665482.44,2026-05-01
INV0001787,CUS0005759,PRD-WL01,9192.733,27.2432,28.2915,260076.21,2026-05-01
INV0001788,CUS0004565,PRD-WL02,7530.9304,9.8247,13.4759,101486.06,2026-05-01
INV0001789,CUS0007944,PRD-WL01,36820.8997,21.8912,25.7222,947114.55,2026-05-01
INV0001790,CUS0005663,PRD-WL02,36647.6702,10.1441,9.2148,337700.95,2026-05-01
INV0001791,CUS0005053,PRD-WL02,43598.1661,15.5346,19.6707,857606.45,2026-05-01
INV0001792,CUS0006738,PRD-WL02,31128.2908,7.9931,11.3476,353231.39,2026-05-01
INV0001793,CUS0009311,PRD-WL01,15842.7041,25.8155,30.0691,476375.85,2026-05-01
INV0001794,CUS0009075,PRD-WL01,41666.1573,22.842,24.7662,1031912.38,2026-05-01
INV0001795,CUS0001348,PRD-WL02,38570.1756,16.7605,22.7816,878690.31,2026-05-01
INV0001796,CUS0000547,PRD-WL02,21712.8697,20.2251,23.5906,512219.62,2026-05-01
INV0001797,CUS0001737,PRD-WL03,32156.9933,17.5932,22.135,711795.05,2026-05-01
INV0001798,CUS0008304,PRD-WL03,33166.0696,21.864,22.9473,761071.75,2026-05-01
INV0001799,CUS0005766,PRD-WL04,3089.3948,8.9575,9.6444,29795.36,2026-05-01
INV0001800,CUS0009467,PRD-WL03,28181.9979,7.4532,9.4808,267187.89,2026-05-01
INV0001801,CUS0007988,PRD-WL01,24585.6026,11.4486,11.5897,284939.76,2026-05-01
INV0001802,CUS0002984,PRD-WL01,34423.8054,27.118,33.0597,1138040.68,2026-05-01
INV0001803,CUS0005182,PRD-WL01,9995.5748,7.0288,10.028,100235.62,2026-05-01
INV0001804,CUS0000130,PRD-WL01,7876.5524,25.0199,27.4793,216442.15,2026-05-01
INV0001805,CUS0000327,PRD-WL03,5315.6678,15.3582,17.2051,91456.6,2026-05-01
INV0001806,CUS0000124,PRD-WL04,47311.4974,37.5623,32.0018,1514053.08,2026-05-01
INV0001807,CUS0001264,PRD-WL02,31749.4651,38.931,34.5603,1097271.04,2026-05-01
INV0001808,CUS0006591,PRD-WL04,48030.1547,26.4704,23.2828,1118276.49,2026-05-01
INV0001809,CUS0000888,PRD-WL03,40993.3466,11.5055,12.9197,529621.74,2026-05-01
INV0001810,CUS0001810,PRD-WL02,41333.1273,18.3973,18.9478,783171.83,2026-05-01
INV0001811,CUS0009690,PRD-WL04,7318.6051,23.2641,21.6834,158692.24,2026-05-01
INV0001812,CUS0003348,PRD-WL03,17194.7293,17.3062,15.1692,260830.29,2026-05-01
INV0001813,CUS0002165,PRD-WL04,4851.7075,19.838,19.4358,94296.82,2026-05-01
INV0001814,CUS0000184,PRD-WL01,4183.268,7.8634,8.0758,33783.24,2026-05-01
INV0001815,CUS0009331,PRD-WL02,6419.4957,7.2817,8.6365,55441.97,2026-05-01
INV0001816,CUS0008707,PRD-WL03,15351.1143,33.6296,28.6253,439430.25,2026-05-01
INV0001817,CUS0000499,PRD-WL04,5989.7492,12.2677,15.6403,93681.47,2026-05-01
INV0001818,CUS0009853,PRD-WL01,49291.3873,29.1732,25.8924,1276272.32,2026-05-01
INV0001819,CUS0001692,PRD-WL02,9268.5108,19.3876,22.5362,208877.01,2026-05-01
INV0001820,CUS0006243,PRD-WL03,11735.2377,36.6882,31.8406,373657.01,2026-05-01
INV0001821,CUS0003312,PRD-WL04,16951.8081,17.7379,19.9211,337698.66,2026-05-01
INV0001822,CUS0003506,PRD-WL03,9847.4932,18.7957,25.05,246679.7,2026-05-01
INV0001823,CUS0008573,PRD-WL04,28446.2075,15.861,14.9083,424084.6,2026-05-01
INV0001824,CUS0003132,PRD-WL02,34675.2494,11.3475,13.6043,471732.5,2026-05-01
INV0001825,CUS0008688,PRD-WL03,13199.7687,40.4687,34.2931,452660.99,2026-05-01
INV0001826,CUS0008876,PRD-WL03,38553.6622,25.6454,30.5112,1176318.5,2026-05-01
INV0001827,CUS0002788,PRD-WL01,22620.2303,21.386,23.8716,539981.09,2026-05-01
INV0001828,CUS0002799,PRD-WL04,15692.072,15.1158,13.6826,214708.34,2026-05-01
INV0001829,CUS0005811,PRD-WL01,39934.61,14.5361,15.9972,638841.94,2026-05-01
INV0001830,CUS0007313,PRD-WL02,26808.4221,41.2397,34.7586,931823.22,2026-05-01
INV0001831,CUS0007237,PRD-WL03,8812.631,14.2797,18.9097,166644.21,2026-05-01
INV0001832,CUS0007221,PRD-WL04,39966.3961,20.3039,18.7409,749006.23,2026-05-01
INV0001833,CUS0001549,PRD-WL03,26076.1391,35.5157,31.4529,820170.2,2026-05-01
INV0001834,CUS0009432,PRD-WL02,11629.7504,16.011,13.7233,159598.55,2026-05-01
INV0001835,CUS0003142,PRD-WL04,38358.3313,11.9154,15.0598,577668.8,2026-05-01
INV0001836,CUS0000663,PRD-WL02,2798.5036,34.8589,29.6099,82863.41,2026-05-01
INV0001837,CUS0009906,PRD-WL02,11343.962,26.4451,33.6231,381419.17,2026-05-01
INV0001838,CUS0009700,PRD-WL01,21294.313,30.9351,25.8965,551448.18,2026-05-01
INV0001839,CUS0003583,PRD-WL02,49475.9927,19.0958,17.0132,841744.96,2026-05-01
INV0001840,CUS0002255,PRD-WL02,38282.1402,11.419,12.3069,471134.47,2026-05-01
INV0001841,CUS0000605,PRD-WL04,36094.2482,23.5687,20.7373,748497.25,2026-05-01
INV0001842,CUS0004168,PRD-WL02,8278.0204,6.959,8.5459,70743.13,2026-05-01
INV0001843,CUS0006901,PRD-WL02,30989.7182,13.5742,14.0414,435139.03,2026-05-01
INV0001844,CUS0009985,PRD-WL03,680.3199,10.4421,9.1841,6248.13,2026-05-01
INV0001845,CUS0001845,PRD-WL04,5198.6376,20.6237,19.9999,103972.23,2026-05-01
INV0001846,CUS0002914,PRD-WL01,36368.789,16.0259,21.3838,777702.91,2026-05-01
INV0001847,CUS0009157,PRD-WL03,31721.8324,34.7666,32.7787,1039800.43,2026-05-01
INV0001848,CUS0005490,PRD-WL04,43358.5409,8.402,11.3637,492713.45,2026-05-01
INV0001849,CUS0006507,PRD-WL04,5787.5218,14.8429,18.5702,107475.44,2026-05-01
INV0001850,CUS0003014,PRD-WL01,25792.0604,14.4208,12.8493,331409.92,2026-05-01
INV0001851,CUS0004471,PRD-WL02,39790.2977,25.7488,27.6352,1099612.83,2026-05-01
INV0001852,CUS0009557,PRD-WL04,10419.3989,12.0532,12.5999,131283.38,2026-05-01
INV0001853,CUS0001782,PRD-WL04,9694.2282,10.9381,11.8686,115056.92,2026-05-01
INV0001854,CUS0009103,PRD-WL03,37612.0978,19.0881,22.2427,836594.61,2026-05-01
INV0001855,CUS0009287,PRD-WL03,31668.9788,15.3627,20.6113,652738.82,2026-05-01
INV0001856,CUS0009834,PRD-WL04,49093.1107,14.6203,18.3715,901914.08,2026-05-01
INV0001857,CUS0002706,PRD-WL03,42197.4116,37.2588,32.7092,1380243.58,2026-05-01
INV0001858,CUS0000389,PRD-WL01,25322.0784,13.1835,13.0919,331514.12,2026-05-01
INV0001859,CUS0007357,PRD-WL04,13112.2648,18.7808,21.5019,281938.61,2026-05-01
INV0001860,CUS0007911,PRD-WL04,38781.2748,39.0894,33.7181,1307630.9,2026-05-01
INV0001861,CUS0006349,PRD-WL04,41147.9717,25.8511,29.6152,1218605.41,2026-05-01
INV0001862,CUS0009505,PRD-WL03,38168.2867,13.8806,17.8384,680861.17,2026-05-01
INV0001863,CUS0002422,PRD-WL01,36886.0158,32.5126,34.4066,1269122.39,2026-05-01
INV0001864,CUS0009315,PRD-WL04,39598.8928,15.4811,22.0609,873587.21,2026-05-01
INV0001865,CUS0006807,PRD-WL04,39663.3651,14.9076,14.3091,567547.06,2026-05-01
INV0001866,CUS0009652,PRD-WL04,46043.9196,29.9501,26.4221,1216577.05,2026-05-01
INV0001867,CUS0005936,PRD-WL01,35939.1911,15.6761,15.647,562340.52,2026-05-01
INV0001868,CUS0000058,PRD-WL03,34038.3641,17.9304,18.3354,624107.02,2026-05-01
INV0001869,CUS0006255,PRD-WL04,48629.2463,6.748,8.8395,429858.22,2026-05-01
INV0001870,CUS0003774,PRD-WL02,19767.7541,17.9699,24.4058,482447.85,2026-05-01
INV0001871,CUS0007998,PRD-WL03,9571.5063,23.255,21.6685,207400.18,2026-05-01
INV0001872,CUS0008881,PRD-WL02,39158.8187,24.5424,26.1793,1025150.46,2026-05-01
INV0001873,CUS0005624,PRD-WL03,12562.9608,37.0816,34.9389,438936.03,2026-05-01
INV0001874,CUS0006827,PRD-WL04,19228.0924,21.2697,21.2036,407704.78,2026-05-01
INV0001875,CUS0001396,PRD-WL02,11965.476,26.9842,27.7551,332102.98,2026-05-01
INV0001876,CUS0005367,PRD-WL01,45386.3208,21.3863,28.7032,1302732.64,2026-05-01
INV0001877,CUS0009905,PRD-WL01,21852.4952,15.3502,13.8748,303199.0,2026-05-01
INV0001878,CUS0009679,PRD-WL03,31503.1696,30.5005,33.8129,1065213.52,2026-05-01
INV0001879,CUS0001605,PRD-WL01,32916.0891,27.7849,29.9843,986965.89,2026-05-01
INV0001880,CUS0006410,PRD-WL01,4071.1378,9.1989,13.0595,53167.02,2026-05-01
INV0001881,CUS0006201,PRD-WL04,32962.9976,16.8224,14.1015,464827.71,2026-05-01
INV0001882,CUS0000732,PRD-WL01,41146.2075,17.4557,14.6494,602767.25,2026-05-01
INV0001883,CUS0009401,PRD-WL01,17975.1616,29.182,34.212,614966.23,2026-05-01
INV0001884,CUS0008692,PRD-WL03,2774.9872,30.4248,26.9538,74796.45,2026-05-01
INV0001885,CUS0008150,PRD-WL03,13030.6003,13.2736,15.2527,198751.84,2026-05-01
INV0001886,CUS0003440,PRD-WL01,37460.3663,26.132,26.5049,992883.26,2026-05-01
INV0001887,CUS0000470,PRD-WL03,32053.9117,9.0367,10.674,342143.45,2026-05-01
INV0001888,CUS0000101,PRD-WL04,34424.1857,29.724,28.2549,972651.92,2026-05-01
INV0001889,CUS0002277,PRD-WL01,13704.3845,15.6257,17.5093,239954.18,2026-05-01
INV0001890,CUS0001793,PRD-WL01,28138.8679,26.2126,22.8447,642824.0,2026-05-01
INV0001891,CUS0004228,PRD-WL01,33337.9576,25.4444,34.861,1162194.54,2026-05-01
INV0001892,CUS0008274,PRD-WL02,15189.118,10.3987,12.361,187752.69,2026-05-01
INV0001893,CUS0000015,PRD-WL01,11425.6286,38.8824,33.6084,383997.1,2026-05-01
INV0001894,CUS0007299,PRD-WL04,13154.2257,28.0818,32.2169,423788.37,2026-05-01
INV0001895,CUS0009238,PRD-WL04,2357.2338,15.6109,20.6736,48732.51,2026-05-01
INV0001896,CUS0003431,PRD-WL03,11699.5857,35.747,33.6326,393487.49,2026-05-01
INV0001897,CUS0001491,PRD-WL03,25454.0028,16.3746,16.5042,420097.95,2026-05-01
INV0001898,CUS0002274,PRD-WL03,7940.6681,23.3707,31.9064,253358.13,2026-05-01
INV0001899,CUS0005910,PRD-WL01,17438.8023,18.9754,22.9797,400738.45,2026-05-01
INV0001900,CUS0005402,PRD-WL01,28912.7239,26.5644,29.4808,852370.23,2026-05-01
INV0001901,CUS0006884,PRD-WL01,16677.4613,18.1663,20.1083,335355.4,2026-05-01
INV0001902,CUS0008413,PRD-WL02,19688.0713,19.7631,18.4851,363935.97,2026-05-01
INV0001903,CUS0006281,PRD-WL03,9152.9839,28.3995,23.8596,218386.53,2026-05-01
INV0001904,CUS0002950,PRD-WL04,9154.1839,22.1703,18.629,170533.29,2026-05-01
INV0001905,CUS0009725,PRD-WL02,33063.4909,25.0016,32.1183,1061943.12,2026-05-01
INV0001906,CUS0007846,PRD-WL03,45094.6489,21.7844,24.5143,1105463.75,2026-05-01
INV0001907,CUS0004256,PRD-WL02,1605.1373,12.2123,15.679,25166.95,2026-05-01
INV0001908,CUS0008723,PRD-WL02,25600.7218,27.4772,28.0319,717636.87,2026-05-01
INV0001909,CUS0001027,PRD-WL03,34627.8734,27.8543,28.6915,993525.63,2026-05-01
INV0001910,CUS0007389,PRD-WL01,33428.6121,14.0062,13.1979,441187.48,2026-05-01
INV0001911,CUS0002601,PRD-WL02,2175.4381,13.1791,15.7703,34307.31,2026-05-01
INV0001912,CUS0004100,PRD-WL03,35838.5543,12.6321,12.3728,443423.26,2026-05-01
INV0001913,CUS0009860,PRD-WL02,10463.0814,22.455,28.6225,299479.55,2026-05-01
INV0001914,CUS0002363,PRD-WL03,47884.1616,13.676,13.8153,661534.06,2026-05-01
INV0001915,CUS0001682,PRD-WL03,46147.2484,6.8028,8.6882,400936.52,2026-05-01
INV0001916,CUS0002380,PRD-WL01,32071.1162,11.324,15.8149,507201.5,2026-05-01
INV0001917,CUS0003556,PRD-WL03,34903.9588,30.746,31.829,1110958.1,2026-05-01
INV0001918,CUS0009776,PRD-WL03,32908.3809,17.3735,22.5769,742969.22,2026-05-01
INV0001919,CUS0009956,PRD-WL02,25856.2003,6.5072,8.2835,214179.84,2026-05-01
INV0001920,CUS0001747,PRD-WL03,44728.117,36.7096,32.5397,1455439.51,2026-05-01
INV0001921,CUS0004653,PRD-WL04,26374.1676,9.2591,10.203,269095.63,2026-05-01
INV0001922,CUS0007285,PRD-WL02,29122.9964,14.1394,13.2421,385649.63,2026-05-01
INV0001923,CUS0002697,PRD-WL02,26711.1188,33.593,31.5425,842535.46,2026-05-01
INV0001924,CUS0008941,PRD-WL02,30782.164,15.4646,15.5404,478367.14,2026-05-01
INV0001925,CUS0004979,PRD-WL04,12102.1182,14.342,15.9332,192825.47,2026-05-01
INV0001926,CUS0005321,PRD-WL03,20254.8884,13.9405,13.9575,282707.6,2026-05-01
INV0001927,CUS0006404,PRD-WL02,47900.2914,15.5486,16.8796,808537.76,2026-05-01
INV0001928,CUS0000108,PRD-WL03,4670.3171,29.1373,28.673,133912.0,2026-05-01
INV0001929,CUS0006457,PRD-WL01,11575.8626,12.4616,17.3551,200900.25,2026-05-01
INV0001930,CUS0001712,PRD-WL03,24372.3562,25.5899,24.6645,601131.98,2026-05-01
INV0001931,CUS0004076,PRD-WL04,36529.7409,12.5078,13.6369,498152.42,2026-05-01
INV0001932,CUS0004308,PRD-WL02,16550.4559,24.0313,25.7655,426430.77,2026-05-01
INV0001933,CUS0003123,PRD-WL03,27879.6555,28.9542,33.0215,920628.04,2026-05-01
INV0001934,CUS0006809,PRD-WL04,38537.05,14.0422,17.7611,684460.4,2026-05-01
INV0001935,CUS0001025,PRD-WL01,6024.6442,11.8398,10.7552,64796.25,2026-05-01
INV0001936,CUS0003688,PRD-WL02,27117.634,14.16,13.8047,374350.8,2026-05-01
INV0001937,CUS0002368,PRD-WL01,18016.7713,30.2526,32.5391,586249.52,2026-05-01
INV0001938,CUS0006562,PRD-WL03,20208.0199,6.3993,8.6234,174261.84,2026-05-01
INV0001939,CUS0001644,PRD-WL02,39834.3701,25.5891,21.6689,863166.98,2026-05-01
INV0001940,CUS0003478,PRD-WL01,36316.7746,10.0342,12.0944,439229.6,2026-05-01
INV0001941,CUS0001425,PRD-WL01,17078.341,16.7813,18.2102,311000.01,2026-05-01
INV0001942,CUS0009633,PRD-WL04,43038.2335,8.6348,9.3292,401512.29,2026-05-01
INV0001943,CUS0002070,PRD-WL03,4541.7629,10.6594,13.2025,59962.62,2026-05-01
INV0001944,CUS0003179,PRD-WL02,28836.1308,28.572,24.0259,692813.99,2026-05-01
INV0001945,CUS0006139,PRD-WL03,37463.4801,7.3246,10.096,378231.3,2026-05-01
INV0001946,CUS0005599,PRD-WL04,45734.166,35.2375,33.4393,1529318.5,2026-05-01
INV0001947,CUS0008846,PRD-WL02,3015.1838,36.9868,33.1845,100057.37,2026-05-01
INV0001948,CUS0008772,PRD-WL02,35752.2563,24.3205,20.4663,731716.4,2026-05-01
INV0001949,CUS0001229,PRD-WL01,6140.0283,17.454,20.6762,126952.45,2026-05-01
INV0001950,CUS0006443,PRD-WL04,39402.1004,20.6537,22.0957,870616.99,2026-05-01
INV0001951,CUS0009314,PRD-WL02,4399.1381,27.6092,29.4265,129451.24,2026-05-01
INV0001952,CUS0002683,PRD-WL04,37701.5227,13.7346,14.8542,560025.96,2026-05-01
INV0001953,CUS0001311,PRD-WL01,46087.5557,24.1898,23.7214,1093261.34,2026-05-01
INV0001954,CUS0006566,PRD-WL02,9885.164,18.5581,18.8033,185873.7,2026-05-01
INV0001955,CUS0005916,PRD-WL03,42971.6918,22.0996,18.4947,794748.55,2026-05-01
INV0001956,CUS0002944,PRD-WL02,15709.4947,8.7264,10.3227,162164.4,2026-05-01
INV0001957,CUS0000635,PRD-WL02,11384.3694,21.6828,19.7482,224820.8,2026-05-01
INV0001958,CUS0005744,PRD-WL03,21171.889,25.5781,31.3353,663427.49,2026-05-01
INV0001959,CUS0008613,PRD-WL03,29753.4653,9.3503,9.1207,271372.43,2026-05-01
INV0001960,CUS0008519,PRD-WL02,7523.7914,10.6422,14.1977,106820.53,2026-05-01
INV0001961,CUS0002738,PRD-WL04,27161.1948,15.3131,14.3883,390803.42,2026-05-01
INV0001962,CUS0007619,PRD-WL02,14418.3671,15.7125,18.7482,270318.43,2026-05-01
INV0001963,CUS0002628,PRD-WL01,4739.6398,17.566,20.1752,95623.18,2026-05-01
INV0001964,CUS0005158,PRD-WL03,36573.5848,20.2476,19.9498,729635.7,2026-05-01
INV0001965,CUS0004863,PRD-WL02,45732.7142,20.4742,24.6025,1125139.1,2026-05-01
INV0001966,CUS0000343,PRD-WL04,13710.493,36.2814,34.9404,479050.11,2026-05-01
INV0001967,CUS0000629,PRD-WL01,36860.1861,27.879,26.5385,978214.05,2026-05-01
INV0001968,CUS0000931,PRD-WL01,34792.6575,18.9736,19.7805,688216.16,2026-05-01
INV0001969,CUS0006334,PRD-WL02,12344.9669,32.1314,26.9378,332546.25,2026-05-01
INV0001970,CUS0007039,PRD-WL02,19846.9533,31.6043,34.4578,683882.35,2026-05-01
INV0001971,CUS0005289,PRD-WL03,40109.7054,16.0632,16.1012,645814.39,2026-05-01
INV0001972,CUS0003859,PRD-WL03,5048.3437,27.1631,32.8915,166047.6,2026-05-01
INV0001973,CUS0009299,PRD-WL04,7092.9315,33.7606,32.3461,229428.67,2026-05-01
INV0001974,CUS0008385,PRD-WL01,49035.4041,22.0323,26.7704,1312697.38,2026-05-01
INV0001975,CUS0004285,PRD-WL04,28164.9632,35.7076,33.9483,956152.62,2026-05-01
INV0001976,CUS0007616,PRD-WL01,17446.8385,9.6907,10.6124,185152.83,2026-05-01
INV0001977,CUS0006266,PRD-WL04,30019.6618,10.6483,12.5411,376479.58,2026-05-01
INV0001978,CUS0007302,PRD-WL02,42524.7392,15.2502,16.8955,718476.73,2026-05-01
INV0001979,CUS0003128,PRD-WL03,25011.4418,19.6358,22.9948,575133.1,2026-05-01
INV0001980,CUS0009913,PRD-WL03,6979.3254,19.3743,21.1981,147948.44,2026-05-01
INV0001981,CUS0001859,PRD-WL04,29975.5429,20.8593,27.6214,827966.46,2026-05-01
INV0001982,CUS0004638,PRD-WL04,2322.5786,21.8891,21.7618,50543.49,2026-05-01
INV0001983,CUS0009530,PRD-WL04,5977.0685,19.9805,19.1089,114215.2,2026-05-01
INV0001984,CUS0000019,PRD-WL04,1441.6152,24.0034,23.9255,34491.36,2026-05-01
INV0001985,CUS0001262,PRD-WL01,13223.1621,17.2205,18.7794,248323.05,2026-05-01
INV0001986,CUS0005863,PRD-WL01,45878.8841,34.3208,34.3897,1577761.06,2026-05-01
INV0001987,CUS0001922,PRD-WL02,27425.4562,18.6779,17.3646,476232.08,2026-05-01
INV0001988,CUS0007211,PRD-WL03,14135.2333,28.064,25.4514,359761.48,2026-05-01
INV0001989,CUS0006789,PRD-WL02,41203.3361,10.6447,14.6037,601721.16,2026-05-01
INV0001990,CUS0002179,PRD-WL02,9865.9831,38.465,33.6853,332338.6,2026-05-01
INV0001991,CUS0007276,PRD-WL03,36731.8029,26.1571,30.3917,1116341.93,2026-05-01
INV0001992,CUS0009381,PRD-WL03,24886.3629,22.1464,18.4597,459394.79,2026-05-01
INV0001993,CUS0008406,PRD-WL04,17345.6835,27.9742,27.276,473120.86,2026-05-01
INV0001994,CUS0008307,PRD-WL03,31039.88,25.9798,27.0053,838241.27,2026-05-01
INV0001995,CUS0005654,PRD-WL02,5981.5651,26.3816,30.6968,183614.91,2026-05-01
INV0001996,CUS0009884,PRD-WL04,24014.7107,19.5872,27.2205,653692.43,2026-05-01
INV0001997,CUS0001330,PRD-WL03,1710.7998,17.5005,15.289,26156.42,2026-05-01
INV0001998,CUS0007818,PRD-WL03,40601.577,28.0096,24.8438,1008697.46,2026-05-01
INV0001999,CUS0006596,PRD-WL01,9835.9245,20.6928,18.5451,182408.2,2026-05-01
INV0002000,CUS0005316,PRD-WL02,18657.7248,21.6189,26.0919,486815.49,2026-05-01
INV0002001,CUS0006709,PRD-WL03,6446.6824,9.7369,11.3624,73249.78,2026-05-01
INV0002002,CUS0001816,PRD-WL03,18871.3497,13.4324,16.5604,312517.1,2026-05-01
INV0002003,CUS0002632,PRD-WL04,48840.5873,9.728,8.3142,406070.41,2026-05-01
INV0002004,CUS0001558,PRD-WL04,17826.9071,25.0115,23.622,421107.2,2026-05-01
INV0002005,CUS0005456,PRD-WL01,41038.0119,14.405,20.0923,824548.05,2026-05-01
INV0002006,CUS0009091,PRD-WL02,9819.6231,28.8332,31.1475,305856.71,2026-05-01
INV0002007,CUS0006766,PRD-WL04,35990.2732,31.875,27.5888,992928.45,2026-05-01
INV0002008,CUS0006887,PRD-WL04,7562.1618,20.5937,21.3901,161755.4,2026-05-01
INV0002009,CUS0004308,PRD-WL02,11210.0473,14.9667,20.0752,225043.94,2026-05-01
INV0002010,CUS0008357,PRD-WL02,27978.7829,22.7054,25.2568,706654.52,2026-05-01
INV0002011,CUS0008814,PRD-WL01,6905.4533,35.943,34.4193,237680.87,2026-05-01
INV0002012,CUS0002009,PRD-WL02,13651.6629,18.4237,15.8778,216758.37,2026-05-01
INV0002013,CUS0006359,PRD-WL02,23094.6084,20.3059,16.9776,392091.02,2026-05-01
INV0002014,CUS0002612,PRD-WL03,22823.4045,28.0121,25.0949,572751.05,2026-05-01
INV0002015,CUS0005982,PRD-WL02,20178.9167,12.2223,10.7018,215950.73,2026-05-01
INV0002016,CUS0009440,PRD-WL03,23184.5807,19.1678,22.8994,530912.99,2026-05-01
INV0002017,CUS0009212,PRD-WL02,33029.7465,12.2979,17.3318,572464.96,2026-05-01
INV0002018,CUS0005984,PRD-WL04,36419.2452,10.2386,10.4454,380413.58,2026-05-01
INV0002019,CUS0006244,PRD-WL04,19085.5383,15.1092,13.4413,256534.45,2026-05-01
INV0002020,CUS0001934,PRD-WL04,42461.5467,31.0113,25.9061,1100013.07,2026-05-01
INV0002021,CUS0005748,PRD-WL02,47791.5098,20.5527,28.3545,1355104.36,2026-05-01
INV0002022,CUS0006978,PRD-WL03,25377.2482,8.3876,8.5573,217160.73,2026-05-01
INV0002023,CUS0004843,PRD-WL01,25435.0989,26.392,34.2457,871042.77,2026-05-01
INV0002024,CUS0007219,PRD-WL03,19484.9347,28.3549,27.1988,529966.84,2026-05-01
INV0002025,CUS0002184,PRD-WL02,41913.7923,24.2026,24.1935,1014041.33,2026-05-01
INV0002026,CUS0009144,PRD-WL04,39161.2726,17.0339,15.8823,621971.08,2026-05-01
INV0002027,CUS0007674,PRD-WL02,16255.3557,24.8161,28.3204,460358.18,2026-05-01
INV0002028,CUS0001884,PRD-WL04,38714.5183,28.352,24.3939,944398.09,2026-05-01
INV0002029,CUS0004500,PRD-WL04,4509.5076,20.7617,28.6662,129270.45,2026-05-01
INV0002030,CUS0004543,PRD-WL02,663.2999,12.3527,11.3973,7559.83,2026-05-01
INV0002031,CUS0001738,PRD-WL03,38465.7331,20.8665,17.8309,685878.64,2026-05-01
INV0002032,CUS0006281,PRD-WL03,38426.1254,18.4576,15.8156,607732.23,2026-05-01
INV0002033,CUS0002414,PRD-WL01,654.5389,9.212,12.0692,7899.76,2026-05-01
INV0002034,CUS0006596,PRD-WL02,10614.1035,32.0127,30.6915,325762.76,2026-05-01
INV0002035,CUS0002340,PRD-WL02,27693.1518,8.5421,11.5509,319880.83,2026-05-01
INV0002036,CUS0009627,PRD-WL01,136.3399,9.1368,9.679,1319.63,2026-05-01
INV0002037,CUS0001423,PRD-WL01,20914.2432,22.3476,21.0785,440840.88,2026-05-01
INV0002038,CUS0008449,PRD-WL03,28571.957,22.2422,21.9098,626005.86,2026-05-01
INV0002039,CUS0004993,PRD-WL01,36692.4377,18.0409,17.5618,644385.25,2026-05-01
INV0002040,CUS0005231,PRD-WL03,39942.2606,32.4642,28.0699,1121175.26,2026-05-01
INV0002041,CUS0006574,PRD-WL01,19809.1198,16.1345,20.102,398202.93,2026-05-01
INV0002042,CUS0001782,PRD-WL01,40447.8176,11.5138,9.673,391251.74,2026-05-01
INV0002043,CUS0001525,PRD-WL04,11951.1005,24.4974,30.0332,358929.79,2026-05-01
INV0002044,CUS0007220,PRD-WL04,39260.6633,31.4212,32.4478,1273922.15,2026-05-01
INV0002045,CUS0001792,PRD-WL01,34958.2223,33.1251,29.1926,1020521.4,2026-05-01
INV0002046,CUS0009439,PRD-WL01,35743.4161,20.6263,21.6377,773405.31,2026-05-01
INV0002047,CUS0002936,PRD-WL04,25327.3181,17.9075,24.5569,621960.42,2026-05-01
INV0002048,CUS0004746,PRD-WL03,32613.1349,18.5058,20.2936,661837.91,2026-05-01
INV0002049,CUS0007170,PRD-WL02,7106.8835,19.3692,17.8819,127084.58,2026-05-01
INV0002050,CUS0009247,PRD-WL02,14938.9643,21.941,24.3768,364164.14,2026-05-01
INV0002051,CUS0002563,PRD-WL01,43189.3276,20.4553,22.3458,965100.08,2026-05-01
INV0002052,CUS0007219,PRD-WL02,16008.7992,35.8001,34.0513,545120.42,2026-05-01
INV0002053,CUS0000857,PRD-WL03,16023.1338,16.7854,15.5009,248372.99,2026-05-01
INV0002054,CUS0001967,PRD-WL03,13510.6937,13.9203,18.3551,247990.13,2026-05-01
INV0002055,CUS0003116,PRD-WL02,8680.0831,30.6459,25.9629,225360.13,2026-05-01
INV0002056,CUS0002310,PRD-WL03,32845.6167,10.7441,11.3532,372902.86,2026-05-01
INV0002057,CUS0003499,PRD-WL02,29798.3198,21.0518,25.6666,764821.55,2026-05-01
INV0002058,CUS0003766,PRD-WL04,19293.7648,10.7631,12.1825,235046.29,2026-05-01
INV0002059,CUS0003941,PRD-WL02,20055.487,22.3477,29.9377,600415.15,2026-05-01
INV0002060,CUS0003760,PRD-WL04,2213.653,31.6862,34.2257,75763.82,2026-05-01
INV0002061,CUS0006287,PRD-WL04,12201.9069,14.332,17.9908,219522.07,2026-05-01
INV0002062,CUS0007368,PRD-WL01,1506.5397,5.9198,8.0448,12119.81,2026-05-01
INV0002063,CUS0002535,PRD-WL03,39864.6345,15.5015,19.6072,781633.86,2026-05-01
INV0002064,CUS0009599,PRD-WL01,27081.3446,31.3628,26.2177,710010.57,2026-05-01
INV0002065,CUS0003324,PRD-WL04,31442.9932,15.0699,18.4228,579267.98,2026-05-01
INV0002066,CUS0000976,PRD-WL04,26460.0616,20.2368,28.1978,746115.52,2026-05-01
INV0002067,CUS0004894,PRD-WL03,21226.536,12.113,11.2544,238891.93,2026-05-01
INV0002068,CUS0002703,PRD-WL01,16572.722,20.1274,17.5859,291446.23,2026-05-01
INV0002069,CUS0005206,PRD-WL01,21215.3209,9.698,8.6865,184286.88,2026-05-01
INV0002070,CUS0006590,PRD-WL01,33041.993,16.5581,13.8568,457856.29,2026-05-01
INV0002071,CUS0003256,PRD-WL04,22602.6578,14.5485,15.2032,343632.73,2026-05-01
INV0002072,CUS0009640,PRD-WL04,22856.5861,28.7349,32.6426,746098.4,2026-05-01
INV0002073,CUS0000164,PRD-WL01,39605.247,21.3717,28.0475,1110828.17,2026-05-01
INV0002074,CUS0003352,PRD-WL01,17411.1801,20.7932,18.5298,322625.69,2026-05-01
INV0002075,CUS0008024,PRD-WL03,4216.5855,35.1401,32.4181,136693.69,2026-05-01
INV0002076,CUS0009264,PRD-WL01,18221.0288,16.5112,20.7101,377359.33,2026-05-01
INV0002077,CUS0000535,PRD-WL04,637.1129,28.941,28.2024,17968.11,2026-05-01
INV0002078,CUS0009734,PRD-WL02,25024.7823,18.8384,25.754,644488.24,2026-05-01
INV0002079,CUS0003220,PRD-WL01,31284.1211,20.4544,21.1086,660364.0,2026-05-01
INV0002080,CUS0006764,PRD-WL01,2777.3649,24.2576,33.0094,91679.15,2026-05-01
INV0002081,CUS0002189,PRD-WL04,37777.3261,15.1628,17.145,647692.26,2026-05-01
INV0002082,CUS0009239,PRD-WL03,22804.5908,34.4957,31.5326,719088.04,2026-05-01
INV0002083,CUS0001757,PRD-WL03,41200.4404,8.1588,9.9352,409334.62,2026-05-01
INV0002084,CUS0009887,PRD-WL02,37256.5754,24.9866,22.1538,825374.72,2026-05-01
INV0002085,CUS0006645,PRD-WL03,4992.4519,27.876,24.622,122924.15,2026-05-01
INV0002086,CUS0000292,PRD-WL02,41862.2374,26.8359,25.8301,1081305.78,2026-05-01
INV0002087,CUS0000156,PRD-WL03,30123.6655,10.625,10.8495,326826.71,2026-05-01
INV0002088,CUS0005486,PRD-WL03,5177.8227,10.3827,11.1418,57690.26,2026-05-01
INV0002089,CUS0004950,PRD-WL02,28729.8869,16.3964,20.5529,590482.49,2026-05-01
INV0002090,CUS0000398,PRD-WL04,28680.0324,20.1055,21.0104,602578.95,2026-05-01
INV0002091,CUS0006805,PRD-WL01,3292.043,15.0194,12.6118,41518.59,2026-05-01
INV0002092,CUS0008858,PRD-WL01,16585.9596,20.2257,21.6376,358880.36,2026-05-01
INV0002093,CUS0003185,PRD-WL02,3920.0663,8.4165,9.0289,35393.89,2026-05-01
INV0002094,CUS0009290,PRD-WL01,23452.7594,11.6975,10.9191,256083.03,2026-05-01
INV0002095,CUS0001999,PRD-WL01,48295.2312,32.3464,32.2768,1558815.52,2026-05-01
INV0002096,CUS0007336,PRD-WL02,7610.3534,8.1759,10.0964,76837.17,2026-05-01
INV0002097,CUS0004720,PRD-WL02,27251.3301,17.0271,19.975,544345.32,2026-05-01
INV0002098,CUS0009416,PRD-WL03,48483.5152,28.7725,28.8882,1400601.48,2026-05-01
INV0002099,CUS0007398,PRD-WL03,29803.3766,22.3954,19.0946,569083.55,2026-05-01
INV0002100,CUS0009039,PRD-WL03,48034.6711,12.3739,13.1012,629311.83,2026-05-01
INV0002101,CUS0003129,PRD-WL04,711.8568,12.4022,14.9168,10618.63,2026-05-01
INV0002102,CUS0007645,PRD-WL02,14265.6309,18.9139,20.5399,293014.63,2026-05-01
INV0002103,CUS0004685,PRD-WL01,47555.4226,26.3565,26.8755,1278075.76,2026-05-01
INV0002104,CUS0005763,PRD-WL03,20042.4228,14.7056,16.1778,324242.31,2026-05-01
INV0002105,CUS0006381,PRD-WL01,35743.1209,26.4465,31.1898,1114820.79,2026-05-01
INV0002106,CUS0001135,PRD-WL03,30200.1175,29.4017,28.6101,864028.38,2026-05-01
INV0002107,CUS0001129,PRD-WL04,30304.8202,7.151,8.1272,246293.33,2026-05-01
INV0002108,CUS0006657,PRD-WL02,22960.3023,27.9508,25.9114,594933.58,2026-05-01
INV0002109,CUS0006707,PRD-WL02,31799.2665,20.784,25.7025,817320.65,2026-05-01
INV0002110,CUS0005239,PRD-WL02,16656.696,17.8979,25.2417,420443.32,2026-05-01
INV0002111,CUS0002112,PRD-WL02,33803.2237,12.4493,16.0478,542467.37,2026-05-01
INV0002112,CUS0001057,PRD-WL03,41130.1134,11.2439,15.2079,625502.65,2026-05-01
INV0002113,CUS0009457,PRD-WL04,16520.556,16.3917,18.2226,301047.48,2026-05-01
INV0002114,CUS0008677,PRD-WL03,37589.8861,17.6825,23.3395,877329.15,2026-05-01
INV0002115,CUS0004241,PRD-WL01,19780.2386,19.2291,20.4683,404867.86,2026-05-01
INV0002116,CUS0008807,PRD-WL03,42649.1007,35.3034,33.4696,1427448.34,2026-05-01
INV0002117,CUS0008803,PRD-WL03,28270.9454,29.1867,25.6414,724906.62,2026-05-01
INV0002118,CUS0008474,PRD-WL04,24499.3929,38.9124,32.4451,794885.25,2026-05-01
INV0002119,CUS0004500,PRD-WL03,34731.7578,32.6818,28.336,984159.09,2026-05-01
INV0002120,CUS0005746,PRD-WL03,1174.4776,8.9653,10.3325,12135.29,2026-05-01
INV0002121,CUS0007187,PRD-WL03,38472.7246,12.9419,17.0946,657675.84,2026-05-01
INV0002122,CUS0006263,PRD-WL04,45516.9794,15.6118,13.6708,622253.52,2026-05-01
INV0002123,CUS0006024,PRD-WL03,18853.9554,5.8702,8.1126,152954.6,2026-05-01
INV0002124,CUS0009981,PRD-WL02,7439.4926,27.455,26.628,198098.81,2026-05-01
INV0002125,CUS0002815,PRD-WL04,44631.9835,32.0874,33.3462,1488307.05,2026-05-01
INV0002126,CUS0005012,PRD-WL04,27322.2144,9.0333,12.1884,333014.08,2026-05-01
INV0002127,CUS0005658,PRD-WL03,5967.4483,20.299,19.2185,114685.41,2026-05-01
INV0002128,CUS0001925,PRD-WL01,39492.9716,16.8395,15.6455,617887.29,2026-05-01
INV0002129,CUS0006166,PRD-WL04,5638.7609,17.4522,19.6863,111006.34,2026-05-01
INV0002130,CUS0009216,PRD-WL02,13211.3736,29.9785,25.2857,334058.83,2026-05-01
INV0002131,CUS0003591,PRD-WL04,5316.567,26.6689,28.7903,153065.56,2026-05-01
INV0002132,CUS0007019,PRD-WL04,34116.9831,30.5837,32.7379,1116918.38,2026-05-01
INV0002133,CUS0002189,PRD-WL04,39938.3795,21.7441,23.9792,957690.39,2026-05-01
INV0002134,CUS0005326,PRD-WL04,14393.5339,17.473,21.3705,307597.02,2026-05-01
INV0002135,CUS0000448,PRD-WL02,41848.9191,31.5331,30.71,1285180.31,2026-05-01
INV0002136,CUS0009950,PRD-WL04,27970.8483,17.6409,14.8444,415210.46,2026-05-01
INV0002137,CUS0003492,PRD-WL04,25597.2516,10.4828,14.7377,377244.61,2026-05-01
INV0002138,CUS0008342,PRD-WL02,35024.9927,34.9735,32.2285,1128802.98,2026-05-01
INV0002139,CUS0002505,PRD-WL03,32091.5036,31.6411,32.226,1034180.8,2026-05-01
INV0002140,CUS0000857,PRD-WL04,26582.8556,33.8606,34.8442,926258.34,2026-05-01
INV0002141,CUS0008208,PRD-WL02,4805.6804,37.4409,31.6538,152118.05,2026-05-01
INV0002142,CUS0002840,PRD-WL02,29589.2054,19.2835,18.1564,537233.45,2026-05-01
INV0002143,CUS0006635,PRD-WL04,26309.374,7.515,9.4667,249062.95,2026-05-01
INV0002144,CUS0009078,PRD-WL02,35862.984,20.9645,22.2008,796186.94,2026-05-01
INV0002145,CUS0004596,PRD-WL01,36871.5283,22.0055,18.7867,692694.34,2026-05-01
INV0002146,CUS0009760,PRD-WL04,22625.9786,25.9872,32.136,727108.45,2026-05-01
INV0002147,CUS0006672,PRD-WL04,2604.2948,18.6727,23.772,61909.3,2026-05-01
INV0002148,CUS0007007,PRD-WL04,17012.1447,24.1217,22.9013,389600.23,2026-05-01
INV0002149,CUS0005865,PRD-WL04,10326.5437,33.9716,33.2592,343452.58,2026-05-01
INV0002150,CUS0004777,PRD-WL03,5586.9126,38.1688,33.9914,189906.98,2026-05-01
INV0002151,CUS0002113,PRD-WL03,17875.9907,26.6958,26.0443,465567.66,2026-05-01
INV0002152,CUS0007135,PRD-WL03,48189.7713,14.0309,12.5952,606959.81,2026-05-01
INV0002153,CUS0004425,PRD-WL03,31776.2208,19.3777,26.7748,850801.96,2026-05-01
INV0002154,CUS0001710,PRD-WL02,41132.994,19.5944,27.6265,1136360.66,2026-05-01
INV0002155,CUS0002280,PRD-WL01,30026.8349,22.1537,28.7877,864403.52,2026-05-01
INV0002156,CUS0001490,PRD-WL01,29217.3961,26.7015,25.0375,731530.55,2026-05-01
INV0002157,CUS0008849,PRD-WL03,38003.9701,18.0043,22.2898,847100.89,2026-05-01
INV0002158,CUS0000393,PRD-WL03,41827.3283,21.7596,26.1471,1093663.34,2026-05-01
INV0002159,CUS0005142,PRD-WL01,14441.8653,25.6586,29.4503,425317.27,2026-05-01
INV0002160,CUS0002461,PRD-WL04,2204.6996,34.6034,33.9129,74767.76,2026-05-01
INV0002161,CUS0002851,PRD-WL03,10550.8359,28.1029,28.9553,305502.62,2026-05-01
INV0002162,CUS0007282,PRD-WL01,9718.5319,12.2365,10.6153,103165.13,2026-05-01
INV0002163,CUS0005762,PRD-WL03,1824.0124,22.7846,32.4702,59226.05,2026-05-01
INV0002164,CUS0004940,PRD-WL02,34220.5543,38.7548,33.5603,1148452.07,2026-05-01
INV0002165,CUS0002125,PRD-WL02,958.3403,34.5583,32.2671,30922.86,2026-05-01
INV0002166,CUS0005229,PRD-WL04,42576.8135,29.3202,30.7065,1307384.92,2026-05-01
INV0002167,CUS0009081,PRD-WL02,44573.9488,20.2114,24.091,1073831.0,2026-05-01
INV0002168,CUS0007145,PRD-WL03,6235.4221,22.5298,19.6208,122343.97,2026-05-01
INV0002169,CUS0003683,PRD-WL03,46005.4028,25.4199,30.0427,1382126.51,2026-05-01
INV0002170,CUS0003394,PRD-WL01,44970.3306,14.096,19.2529,865809.28,2026-05-01
INV0002171,CUS0000338,PRD-WL01,24606.3147,29.521,24.719,608243.49,2026-05-01
INV0002172,CUS0006483,PRD-WL04,6816.5577,16.5443,15.0783,102782.1,2026-05-01
INV0002173,CUS0001507,PRD-WL02,1309.7,39.4395,33.6721,44100.35,2026-05-01
INV0002174,CUS0000566,PRD-WL02,47842.7894,29.2992,25.1154,1201590.79,2026-05-01
INV0002175,CUS0000503,PRD-WL03,21484.4488,10.5468,14.6453,314646.2,2026-05-01
INV0002176,CUS0006039,PRD-WL03,947.8771,19.5381,18.9784,17989.19,2026-05-01
INV0002177,CUS0008805,PRD-WL03,22793.7578,34.2213,33.8249,770996.58,2026-05-01
INV0002178,CUS0003499,PRD-WL02,19000.2638,17.4617,16.6377,316120.69,2026-05-01
INV0002179,CUS0008526,PRD-WL03,6528.3205,21.388,21.926,143139.96,2026-05-01
INV0002180,CUS0001988,PRD-WL04,23836.5119,14.9934,18.6349,444191.02,2026-05-01
INV0002181,CUS0004606,PRD-WL02,6452.3756,9.5445,8.9592,57808.12,2026-05-01
INV0002182,CUS0002438,PRD-WL04,2106.8924,23.8811,26.1756,55149.17,2026-05-01
INV0002183,CUS0004530,PRD-WL03,49087.5324,31.8678,27.6939,1359425.21,2026-05-01
INV0002184,CUS0003170,PRD-WL02,35575.8462,36.0764,34.1322,1214281.9,2026-05-01
INV0002185,CUS0009377,PRD-WL01,8692.6618,20.1943,19.1278,166271.5,2026-05-01
INV0002186,CUS0005554,PRD-WL01,1062.274,23.0803,30.7139,32626.58,2026-05-01
INV0002187,CUS0007890,PRD-WL03,39943.4285,32.2924,28.2737,1129348.51,2026-05-01
INV0002188,CUS0001786,PRD-WL03,48585.6193,9.226,8.5816,416942.35,2026-05-01
INV0002189,CUS0006185,PRD-WL01,30466.7285,19.8552,23.0161,701225.27,2026-05-01
INV0002190,CUS0005983,PRD-WL04,17226.6531,20.6459,24.5546,422993.58,2026-05-01
INV0002191,CUS0001269,PRD-WL03,29352.2455,12.5412,16.38,480789.78,2026-05-01
INV0002192,CUS0009167,PRD-WL01,24454.5605,11.6063,16.0807,393246.45,2026-05-01
INV0002193,CUS0004501,PRD-WL03,19484.8483,6.1972,8.8272,171996.65,2026-05-01
INV0002194,CUS0006896,PRD-WL03,36154.0282,23.6288,25.7473,930868.61,2026-05-01
INV0002195,CUS0001005,PRD-WL03,47892.7225,18.0038,18.3491,878788.35,2026-05-01
INV0002196,CUS0000874,PRD-WL03,47823.3735,23.8437,32.4016,1549553.82,2026-05-01
INV0002197,CUS0003332,PRD-WL02,34674.7049,24.6618,31.4409,1090203.93,2026-05-01
INV0002198,CUS0006571,PRD-WL01,26490.9394,22.9329,24.0859,638058.12,2026-05-01
INV0002199,CUS0005588,PRD-WL01,16780.2946,15.3221,21.0539,353290.64,2026-05-01
INV0002200,CUS0000807,PRD-WL01,39455.9728,20.3294,19.2607,759949.66,2026-05-01
INV0002201,CUS0009104,PRD-WL02,16583.9835,37.5295,32.1351,532927.97,2026-05-01
INV0002202,CUS0004637,PRD-WL03,40526.5687,22.2698,28.8921,1170897.68,2026-05-01
INV0002203,CUS0007886,PRD-WL01,43209.0981,25.1344,20.9764,906371.33,2026-05-01
INV0002204,CUS0007245,PRD-WL01,45214.4629,24.0117,23.1463,1046547.52,2026-05-01
INV0002205,CUS0009689,PRD-WL04,8788.1592,11.8667,12.5956,110692.14,2026-05-01
INV0002206,CUS0009366,PRD-WL02,34318.3365,30.1519,29.2202,1002788.66,2026-05-01
INV0002207,CUS0002289,PRD-WL02,30332.9884,20.2016,24.5137,743573.78,2026-05-01
INV0002208,CUS0007192,PRD-WL04,48121.5671,11.0153,10.1322,487577.34,2026-05-01
INV0002209,CUS0007178,PRD-WL01,26463.2509,21.4863,27.3319,723290.93,2026-05-01
INV0002210,CUS0008899,PRD-WL02,43112.4917,21.739,22.1633,955515.09,2026-05-01
INV0002211,CUS0000370,PRD-WL03,8738.3718,20.7539,19.5132,170513.6,2026-05-01
INV0002212,CUS0006509,PRD-WL03,22307.9027,19.1854,16.9532,378190.34,2026-05-01
INV0002213,CUS0002944,PRD-WL03,48622.7311,30.02,34.9619,1699943.06,2026-05-01
INV0002214,CUS0009970,PRD-WL03,49539.7362,29.672,30.2661,1499374.61,2026-05-01
INV0002215,CUS0008499,PRD-WL03,33956.0533,22.5892,27.8414,945384.06,2026-05-01
INV0002216,CUS0000132,PRD-WL01,49759.5403,30.381,27.438,1365302.27,2026-05-01
INV0002217,CUS0006315,PRD-WL01,11472.8971,11.4804,10.5027,120496.4,2026-05-01
INV0002218,CUS0001961,PRD-WL01,38282.3445,34.6792,34.7488,1330265.53,2026-05-01
INV0002219,CUS0006946,PRD-WL01,32661.2895,22.1611,28.7651,939505.26,2026-05-01
INV0002220,CUS0004801,PRD-WL01,5957.459,16.1674,16.0411,95564.2,2026-05-01
INV0002221,CUS0003272,PRD-WL04,12954.0634,27.64,28.3324,367019.71,2026-05-01
INV0002222,CUS0000178,PRD-WL03,7506.7872,21.093,23.0154,172771.71,2026-05-01
INV0002223,CUS0005607,PRD-WL03,30287.4184,15.3385,17.7683,538155.94,2026-05-01
INV0002224,CUS0001412,PRD-WL03,37217.9164,12.1841,14.9955,558101.27,2026-05-01
INV0002225,CUS0009451,PRD-WL03,37687.9304,15.0817,21.1189,795927.63,2026-05-01
INV0002226,CUS0001611,PRD-WL01,14091.9866,15.1401,12.9858,182995.72,2026-05-01
INV0002227,CUS0002337,PRD-WL04,26411.1943,15.9833,18.2978,483266.75,2026-05-01
INV0002228,CUS0005741,PRD-WL03,1149.1752,20.8994,17.5973,20222.38,2026-05-01
INV0002229,CUS0005741,PRD-WL04,37724.7041,25.6358,26.7539,1009282.96,2026-05-01
INV0002230,CUS0006373,PRD-WL03,47054.6488,9.5193,9.0137,424136.49,2026-05-01
INV0002231,CUS0008167,PRD-WL03,45909.2453,20.6466,20.7148,951000.83,2026-05-01
INV0002232,CUS0006246,PRD-WL02,20193.9929,8.0678,10.5891,213836.21,2026-05-01
INV0002233,CUS0002323,PRD-WL01,36477.2036,12.0784,15.6431,570616.54,2026-05-01
INV0002234,CUS0003658,PRD-WL02,49874.0472,9.395,10.3982,518600.32,2026-05-01
INV0002235,CUS0006162,PRD-WL02,26662.5885,30.4491,30.1832,804762.24,2026-05-01
INV0002236,CUS0007774,PRD-WL04,36240.7776,25.0697,21.1268,765651.66,2026-05-01
INV0002237,CUS0008790,PRD-WL04,19560.4669,11.5773,10.7677,210621.24,2026-05-01
INV0002238,CUS0001412,PRD-WL02,18472.2422,16.1717,22.5725,416964.69,2026-05-01
INV0002239,CUS0004663,PRD-WL03,28930.966,24.2434,22.5029,651030.63,2026-05-01
INV0002240,CUS0003869,PRD-WL04,770.1879,18.9088,24.9435,19211.18,2026-05-01
INV0002241,CUS0001863,PRD-WL02,23244.9847,7.5562,10.1477,235883.13,2026-05-01
INV0002242,CUS0006264,PRD-WL02,8620.6899,12.3003,16.7051,144009.49,2026-05-01
INV0002243,CUS0003921,PRD-WL02,48159.0506,7.0868,9.0678,436696.64,2026-05-01
INV0002244,CUS0009896,PRD-WL01,20816.5859,29.2335,29.1253,606289.31,2026-05-01
INV0002245,CUS0003144,PRD-WL01,10232.2595,27.4233,27.1623,277931.7,2026-05-01
INV0002246,CUS0000298,PRD-WL04,17084.8488,23.4382,21.7744,372012.33,2026-05-01
INV0002247,CUS0007042,PRD-WL02,42889.4545,21.7349,19.7652,847718.65,2026-05-01
INV0002248,CUS0001303,PRD-WL01,9279.4507,23.5682,32.1864,298672.11,2026-05-01
INV0002249,CUS0003163,PRD-WL01,25738.2263,13.9771,17.2708,444519.76,2026-05-01
INV0002250,CUS0008902,PRD-WL04,42164.0271,12.0872,15.8221,667123.45,2026-05-01
INV0002251,CUS0002087,PRD-WL03,39566.114,13.9546,15.2584,603715.59,2026-05-01
INV0002252,CUS0000507,PRD-WL04,48842.0729,8.2537,10.26,501119.67,2026-05-01
INV0002253,CUS0001775,PRD-WL03,8170.3374,39.3382,34.8921,285080.23,2026-05-01
INV0002254,CUS0005213,PRD-WL02,6994.8614,16.6174,13.9013,97237.67,2026-05-01
INV0002255,CUS0004672,PRD-WL03,9795.357,25.4221,25.9831,254513.74,2026-05-01
INV0002256,CUS0009099,PRD-WL02,30429.2822,24.2488,24.141,734593.3,2026-05-01
INV0002257,CUS0004928,PRD-WL03,13200.1705,14.4772,13.9745,184465.78,2026-05-01
INV0002258,CUS0001356,PRD-WL02,29584.2763,33.5307,32.1441,950959.94,2026-05-01
INV0002259,CUS0006359,PRD-WL02,33801.668,19.3382,17.5134,591982.13,2026-05-01
INV0002260,CUS0004507,PRD-WL03,30141.1262,25.4721,30.4356,917363.26,2026-05-01
INV0002261,CUS0003796,PRD-WL04,35756.6876,24.3381,25.7522,920813.37,2026-05-01
INV0002262,CUS0005587,PRD-WL04,4448.4002,12.7073,12.5251,55716.66,2026-05-01
INV0002263,CUS0004329,PRD-WL04,30043.8946,15.8646,18.0488,542256.24,2026-05-01
INV0002264,CUS0008250,PRD-WL01,7278.8234,10.4059,10.2283,74449.99,2026-05-01
INV0002265,CUS0003656,PRD-WL02,16555.5857,24.8648,29.197,483373.44,2026-05-01
INV0002266,CUS0001929,PRD-WL01,27402.4424,10.1559,9.8146,268944.01,2026-05-01
INV0002267,CUS0006465,PRD-WL04,6063.3346,7.9617,8.3618,50700.39,2026-05-01
INV0002268,CUS0002331,PRD-WL02,36617.2718,12.0033,13.5884,497570.14,2026-05-01
INV0002269,CUS0003619,PRD-WL04,41009.9892,18.259,21.4552,879877.52,2026-05-01
INV0002270,CUS0003168,PRD-WL04,34974.054,25.0866,33.4433,1169647.78,2026-05-01
INV0002271,CUS0008896,PRD-WL01,3484.4377,11.8603,16.322,56872.99,2026-05-01
INV0002272,CUS0004075,PRD-WL02,27585.0185,34.503,29.7658,821090.14,2026-05-01
INV0002273,CUS0002879,PRD-WL03,2367.8493,27.2278,31.0509,73523.85,2026-05-01
INV0002274,CUS0004986,PRD-WL01,45409.7697,23.0983,25.7942,1171308.68,2026-05-01
INV0002275,CUS0003350,PRD-WL02,22328.8288,23.8565,28.9421,646243.2,2026-05-01
INV0002276,CUS0005510,PRD-WL04,35434.4438,17.9686,25.5087,903886.6,2026-05-01
INV0002277,CUS0000514,PRD-WL03,44173.8875,16.8704,14.238,628947.81,2026-05-01
INV0002278,CUS0006420,PRD-WL04,13077.9088,26.2465,30.3323,396683.05,2026-05-01
INV0002279,CUS0000984,PRD-WL04,32059.3465,30.2455,33.1419,1062507.66,2026-05-01
INV0002280,CUS0009563,PRD-WL03,35010.8126,35.7913,30.7751,1077461.26,2026-05-01
INV0002281,CUS0009642,PRD-WL03,26796.4348,31.33,31.2568,837570.8,2026-05-01
INV0002282,CUS0007893,PRD-WL04,24165.9671,14.1549,17.917,432981.63,2026-05-01
INV0002283,CUS0007930,PRD-WL01,17615.1307,24.9922,26.6074,468692.83,2026-05-01
INV0002284,CUS0006144,PRD-WL03,46171.1119,10.6572,12.4685,575684.51,2026-05-01
INV0002285,CUS0009301,PRD-WL01,23804.482,19.9002,18.7141,445479.46,2026-05-01
INV0002286,CUS0007609,PRD-WL04,30448.4812,12.227,16.4599,501178.96,2026-05-01
INV0002287,CUS0004351,PRD-WL01,40572.2569,27.6321,23.3172,946031.43,2026-05-01
INV0002288,CUS0006671,PRD-WL04,18808.9977,12.5656,15.2041,285973.88,2026-05-01
INV0002289,CUS0004182,PRD-WL03,15338.7468,20.8685,29.0787,446030.82,2026-05-01
INV0002290,CUS0007725,PRD-WL03,884.0633,19.8295,18.3693,16239.62,2026-05-01
INV0002291,CUS0001665,PRD-WL01,15627.1462,18.1551,19.2145,300267.8,2026-05-01
INV0002292,CUS0003356,PRD-WL02,7995.1203,25.235,25.2399,201796.04,2026-05-01
INV0002293,CUS0007674,PRD-WL02,17579.5649,12.4757,11.9348,209808.59,2026-05-01
INV0002294,CUS0005476,PRD-WL02,7090.4475,32.4305,29.0237,205791.02,2026-05-01
INV0002295,CUS0003475,PRD-WL04,36934.0623,10.2864,13.5585,500770.48,2026-05-01
INV0002296,CUS0000702,PRD-WL01,12546.6299,35.2039,32.5345,408198.33,2026-05-01
INV0002297,CUS0001771,PRD-WL04,45086.8476,33.8382,31.654,1427179.07,2026-05-01
INV0002298,CUS0007142,PRD-WL02,8931.5506,13.721,11.9615,106834.74,2026-05-01
INV0002299,CUS0003803,PRD-WL03,26722.5589,23.8461,22.8987,611911.86,2026-05-01
INV0002300,CUS0009947,PRD-WL02,25828.9267,20.9793,29.6787,766568.97,2026-05-01
INV0002301,CUS0007471,PRD-WL03,2379.8864,15.1068,21.4245,50987.88,2026-05-01
INV0002302,CUS0007486,PRD-WL01,31272.743,35.4536,31.8165,994989.23,2026-05-01
INV0002303,CUS0003631,PRD-WL01,40401.5021,14.9635,14.9516,604067.1,2026-05-01
INV0002304,CUS0002365,PRD-WL03,2875.0195,6.8086,8.0862,23247.98,2026-05-01
INV0002305,CUS0008992,PRD-WL03,41024.8761,9.7339,8.6805,356116.44,2026-05-01
INV0002306,CUS0000436,PRD-WL01,42965.2669,18.3625,15.9471,685171.41,2026-05-01
INV0002307,CUS0008813,PRD-WL03,32350.0228,17.872,18.0033,582407.17,2026-05-01
INV0002308,CUS0000200,PRD-WL04,48867.6019,23.1837,32.4145,1584018.88,2026-05-01
INV0002309,CUS0001927,PRD-WL01,38174.4762,10.6061,11.1839,426939.52,2026-05-01
INV0002310,CUS0004037,PRD-WL04,26915.9226,15.8151,20.3142,546775.43,2026-05-01
INV0002311,CUS0001250,PRD-WL01,48667.7536,12.0941,15.7753,767748.41,2026-05-01
INV0002312,CUS0003869,PRD-WL02,3981.5124,16.1616,14.1844,56475.36,2026-05-01
INV0002313,CUS0006202,PRD-WL02,37809.445,33.2376,34.9153,1320128.12,2026-05-01
INV0002314,CUS0006274,PRD-WL04,41657.648,22.3109,24.5933,1024499.03,2026-05-01
INV0002315,CUS0002012,PRD-WL01,3161.4939,7.5753,9.2272,29171.74,2026-05-01
INV0002316,CUS0003216,PRD-WL02,14710.9105,39.5417,33.676,495404.62,2026-05-01
INV0002317,CUS0007890,PRD-WL03,28530.1028,7.8072,9.1806,261923.46,2026-05-01
INV0002318,CUS0004046,PRD-WL02,32949.8072,21.1129,21.4563,706980.95,2026-05-01
INV0002319,CUS0006957,PRD-WL01,24631.7479,15.8536,18.5436,456761.28,2026-05-01
INV0002320,CUS0008485,PRD-WL04,19364.3189,7.8184,9.1409,177007.3,2026-05-01
INV0002321,CUS0003692,PRD-WL04,33036.3491,10.905,11.4633,378705.58,2026-05-01
INV0002322,CUS0000356,PRD-WL01,4209.0372,16.8052,16.7724,70595.66,2026-05-01
INV0002323,CUS0003650,PRD-WL04,21849.5653,29.5651,25.2763,552276.17,2026-05-01
INV0002324,CUS0000508,PRD-WL02,37897.4822,8.2528,9.6428,365437.84,2026-05-01
INV0002325,CUS0006625,PRD-WL04,22843.2979,28.7729,25.5446,583522.91,2026-05-01
INV0002326,CUS0000097,PRD-WL02,3056.3778,8.3537,8.8947,27185.56,2026-05-01
INV0002327,CUS0001406,PRD-WL04,44906.5268,31.1767,28.2437,1268326.47,2026-05-01
INV0002328,CUS0009913,PRD-WL04,14886.4891,9.7119,13.1906,196361.72,2026-05-01
INV0002329,CUS0006243,PRD-WL01,16931.2095,18.5644,15.8564,268468.03,2026-05-01
INV0002330,CUS0008326,PRD-WL01,304.8269,17.079,21.0026,6402.16,2026-05-01
INV0002331,CUS0004816,PRD-WL04,1170.6063,12.0778,11.1941,13103.88,2026-05-01
INV0002332,CUS0003623,PRD-WL02,43424.0518,30.7913,29.1325,1265051.19,2026-05-01
INV0002333,CUS0003540,PRD-WL01,28024.9952,7.1829,9.7715,273846.24,2026-05-01
INV0002334,CUS0007085,PRD-WL02,35541.8979,26.2579,26.2503,932985.48,2026-05-01
INV0002335,CUS0002783,PRD-WL02,3585.5014,19.6602,24.5577,88051.67,2026-05-01
INV0002336,CUS0005345,PRD-WL02,38384.5304,31.4825,34.2037,1312892.96,2026-05-01
INV0002337,CUS0006295,PRD-WL02,16268.7743,19.8968,19.2858,313756.33,2026-05-01
INV0002338,CUS0002364,PRD-WL03,27086.7633,14.0219,15.8666,429774.84,2026-05-01
INV0002339,CUS0006661,PRD-WL03,12128.8728,17.5399,22.4227,271962.08,2026-05-01
INV0002340,CUS0005951,PRD-WL01,12676.6686,10.5001,11.9948,152054.1,2026-05-01
INV0002341,CUS0001496,PRD-WL01,28002.4741,10.733,9.8428,275622.75,2026-05-01
INV0002342,CUS0000608,PRD-WL02,21212.5349,19.2234,21.2883,451578.81,2026-05-01
INV0002343,CUS0007020,PRD-WL04,15095.4124,35.1698,30.3103,457546.48,2026-05-01
INV0002344,CUS0005041,PRD-WL02,7760.1477,7.7193,8.1356,63133.46,2026-05-01
INV0002345,CUS0006355,PRD-WL04,25262.5808,10.9603,15.46,390559.5,2026-05-01
INV0002346,CUS0001703,PRD-WL03,3689.9256,18.8546,22.3797,82579.43,2026-05-01
INV0002347,CUS0008436,PRD-WL03,42271.8352,21.8449,20.3998,862336.98,2026-05-01
INV0002348,CUS0008937,PRD-WL03,38279.9507,15.9788,18.2789,699715.39,2026-05-01
INV0002349,CUS0001990,PRD-WL04,1055.8508,25.7714,23.9941,25334.19,2026-05-01
INV0002350,CUS0007216,PRD-WL01,32452.9243,15.9469,22.0591,715882.3,2026-05-01
INV0002351,CUS0001176,PRD-WL02,25458.9591,11.678,13.6951,348662.99,2026-05-01
INV0002352,CUS0001046,PRD-WL04,24304.4257,26.6894,24.3232,591161.41,2026-05-01
INV0002353,CUS0007931,PRD-WL02,1769.1909,30.2163,31.0871,54999.01,2026-05-01
INV0002354,CUS0000565,PRD-WL03,12306.6295,20.7594,19.7834,243466.97,2026-05-01
INV0002355,CUS0003015,PRD-WL04,29135.2952,17.0038,17.9453,522841.61,2026-05-01
INV0002356,CUS0000607,PRD-WL04,42826.4897,33.0262,30.4679,1304833.21,2026-05-01
INV0002357,CUS0009013,PRD-WL01,44195.4581,18.3044,16.3476,722489.67,2026-05-01
INV0002358,CUS0002907,PRD-WL01,1250.7066,19.0798,18.767,23472.01,2026-05-01
INV0002359,CUS0009850,PRD-WL02,29829.2511,16.1806,21.5852,643870.35,2026-05-01
INV0002360,CUS0006989,PRD-WL02,46086.8741,29.736,26.7111,1231031.1,2026-05-01
INV0002361,CUS0004881,PRD-WL02,31529.9503,12.1053,16.7554,528296.93,2026-05-01
INV0002362,CUS0006522,PRD-WL01,38701.9939,28.467,27.3,1056564.43,2026-05-01
INV0002363,CUS0007377,PRD-WL03,8114.1847,11.5468,9.9472,80713.42,2026-05-01
INV0002364,CUS0003599,PRD-WL01,27708.2686,34.5425,32.8544,910338.54,2026-05-01
INV0002365,CUS0003390,PRD-WL02,38933.4122,26.3284,24.6315,958988.34,2026-05-01
INV0002366,CUS0008809,PRD-WL04,43490.5776,17.1383,20.5017,891630.77,2026-05-01
INV0002367,CUS0005925,PRD-WL04,19408.6036,5.9093,8.4191,163402.97,2026-05-01
INV0002368,CUS0004576,PRD-WL01,39690.7259,9.7784,9.8177,389671.64,2026-05-01
INV0002369,CUS0002696,PRD-WL04,23026.9407,27.0658,28.2183,649781.12,2026-05-01
INV0002370,CUS0009099,PRD-WL02,16716.2327,28.0374,27.82,465045.59,2026-05-01
INV0002371,CUS0001862,PRD-WL01,36752.6692,18.6337,17.4879,642727.0,2026-05-01
INV0002372,CUS0000650,PRD-WL02,46144.5384,29.1919,29.8794,1378771.12,2026-05-01
INV0002373,CUS0006222,PRD-WL01,32545.5032,17.8653,15.297,497848.56,2026-05-01
INV0002374,CUS0006867,PRD-WL03,44109.0065,22.6828,26.0955,1151046.58,2026-05-01
INV0002375,CUS0007359,PRD-WL01,41551.046,26.2576,21.9719,912955.43,2026-05-01
INV0002376,CUS0001997,PRD-WL03,15669.0847,27.8733,34.6673,543204.86,2026-05-01
INV0002377,CUS0008528,PRD-WL04,30090.2882,36.3664,31.4271,945650.5,2026-05-01
INV0002378,CUS0003356,PRD-WL01,2738.5616,22.9278,21.9053,59989.01,2026-05-01
INV0002379,CUS0002955,PRD-WL02,22311.3107,14.2449,12.5953,281017.65,2026-05-01
INV0002380,CUS0000597,PRD-WL03,48087.6655,27.4457,24.0168,1154911.84,2026-05-01
INV0002381,CUS0007455,PRD-WL02,46726.8082,17.4897,18.8653,881515.25,2026-05-01
INV0002382,CUS0009621,PRD-WL04,38583.7229,25.5435,32.4848,1253384.52,2026-05-01
INV0002383,CUS0000624,PRD-WL01,12039.7953,26.6629,23.9405,288238.72,2026-05-01
INV0002384,CUS0008222,PRD-WL01,10389.0071,16.9146,22.9819,238759.12,2026-05-01
INV0002385,CUS0005773,PRD-WL01,3862.2897,16.5239,17.0296,65773.25,2026-05-01
INV0002386,CUS0006659,PRD-WL02,48816.776,8.9386,8.5783,418764.95,2026-05-01
INV0002387,CUS0004746,PRD-WL03,9783.7129,6.3992,8.5262,83417.89,2026-05-01
INV0002388,CUS0006312,PRD-WL02,43889.7799,15.4079,15.8593,696061.19,2026-05-01
INV0002389,CUS0002505,PRD-WL01,25450.6355,26.4199,30.4724,775541.95,2026-05-01
INV0002390,CUS0008566,PRD-WL03,41050.9144,24.3084,28.164,1156157.95,2026-05-01
INV0002391,CUS0002926,PRD-WL02,3314.6365,29.1381,26.9199,89229.68,2026-05-01
INV0002392,CUS0002070,PRD-WL01,9857.4261,33.873,33.8283,333459.97,2026-05-01
INV0002393,CUS0006912,PRD-WL04,13361.8607,21.7681,20.4319,273008.2,2026-05-01
INV0002394,CUS0002942,PRD-WL02,29635.3267,21.8587,26.6572,789994.83,2026-05-01
INV0002395,CUS0005387,PRD-WL02,20282.0497,7.9725,11.3144,229479.22,2026-05-01
INV0002396,CUS0003732,PRD-WL02,19091.2029,35.5648,31.8098,607287.35,2026-05-01
INV0002397,CUS0001756,PRD-WL01,34741.8654,26.5531,25.3058,879170.7,2026-05-01
INV0002398,CUS0004523,PRD-WL02,25937.5117,20.6044,18.1466,470677.65,2026-05-01
INV0002399,CUS0003864,PRD-WL04,30978.6095,21.1627,22.0642,683518.24,2026-05-01
INV0002400,CUS0007814,PRD-WL02,10313.6085,19.2274,20.5752,212204.56,2026-05-01
INV0002401,CUS0007886,PRD-WL04,47071.6612,27.1207,24.4429,1150567.91,2026-05-01
INV0002402,CUS0000145,PRD-WL03,1142.9805,26.4253,27.5059,31438.71,2026-05-01
INV0002403,CUS0007015,PRD-WL04,41489.8167,7.2926,9.0094,373798.35,2026-05-01
INV0002404,CUS0002075,PRD-WL01,10828.0603,23.5747,29.2915,317170.13,2026-05-01
INV0002405,CUS0000625,PRD-WL01,22375.1418,37.1909,33.7883,756018.0,2026-05-01
INV0002406,CUS0000439,PRD-WL01,13274.9102,19.5066,18.4952,245522.12,2026-05-01
INV0002407,CUS0000002,PRD-WL01,38399.7173,17.4532,16.6779,640426.65,2026-05-01
INV0002408,CUS0005760,PRD-WL04,37905.0687,30.7164,33.5848,1273034.15,2026-05-01
INV0002409,CUS0000994,PRD-WL03,32673.6208,7.3312,9.696,316803.43,2026-05-01
INV0002410,CUS0006920,PRD-WL04,38574.0726,39.9731,33.9265,1308683.27,2026-05-01
INV0002411,CUS0006118,PRD-WL04,36438.0466,27.093,25.8637,942422.71,2026-05-01
INV0002412,CUS0003165,PRD-WL01,8815.1587,24.0509,27.7532,244648.86,2026-05-01
INV0002413,CUS0002430,PRD-WL04,32742.162,16.8165,18.7362,613463.7,2026-05-01
INV0002414,CUS0009016,PRD-WL04,4772.1554,12.9944,16.5435,78948.15,2026-05-01
INV0002415,CUS0006271,PRD-WL02,14369.968,32.0532,34.4575,495153.17,2026-05-01
INV0002416,CUS0002428,PRD-WL04,18669.3808,23.9712,20.0603,374513.38,2026-05-01
INV0002417,CUS0001837,PRD-WL02,9687.7813,15.9401,16.8061,162813.82,2026-05-01
INV0002418,CUS0007590,PRD-WL03,9371.5501,38.3031,32.3986,303625.1,2026-05-01
INV0002419,CUS0000649,PRD-WL04,21599.9491,10.1798,11.2213,242379.51,2026-05-01
INV0002420,CUS0002348,PRD-WL04,26777.2962,14.8815,14.7536,395061.52,2026-05-01
INV0002421,CUS0006801,PRD-WL03,19632.3616,10.8248,15.1779,297978.02,2026-05-01
INV0002422,CUS0001540,PRD-WL01,49666.7836,33.4248,34.7579,1726313.1,2026-05-01
INV0002423,CUS0007491,PRD-WL03,4209.2591,15.6055,21.4369,90233.47,2026-05-01
INV0002424,CUS0004313,PRD-WL04,25447.9592,19.9096,22.6544,576508.25,2026-05-01
INV0002425,CUS0008034,PRD-WL01,28692.1767,33.0348,29.6206,849879.49,2026-05-01
INV0002426,CUS0003593,PRD-WL04,413.7448,19.171,17.3822,7191.79,2026-05-01
INV0002427,CUS0002951,PRD-WL04,25584.2075,27.8078,26.6632,682156.84,2026-05-01
INV0002428,CUS0000913,PRD-WL03,27819.037,21.2553,29.0559,808307.16,2026-05-01
INV0002429,CUS0001308,PRD-WL04,10538.7248,30.9448,26.9907,284447.56,2026-05-01
INV0002430,CUS0006558,PRD-WL01,4851.5637,25.5604,34.3787,166790.45,2026-05-01
INV0002431,CUS0008501,PRD-WL02,38757.3628,21.2168,24.8485,963062.33,2026-05-01
INV0002432,CUS0008132,PRD-WL02,7405.3835,16.72,19.823,146796.92,2026-05-01
INV0002433,CUS0006342,PRD-WL04,19868.2331,10.4085,12.9226,256749.23,2026-05-01
INV0002434,CUS0007124,PRD-WL04,32368.0541,22.903,26.0173,842129.37,2026-05-01
INV0002435,CUS0009770,PRD-WL04,37628.4002,12.3533,12.3117,463269.57,2026-05-01
INV0002436,CUS0003094,PRD-WL01,26337.8093,27.6617,24.6668,649669.47,2026-05-01
INV0002437,CUS0001008,PRD-WL01,47743.2147,10.7838,10.3139,492418.74,2026-05-01
INV0002438,CUS0005360,PRD-WL04,25860.2012,14.1166,12.6639,327491.0,2026-05-01
INV0002439,CUS0001033,PRD-WL03,8190.6685,18.6001,17.7317,145234.48,2026-05-01
INV0002440,CUS0008462,PRD-WL02,4670.0137,13.8973,17.8845,83520.86,2026-05-01
INV0002441,CUS0001338,PRD-WL04,574.6279,24.881,28.1521,16176.98,2026-05-01
INV0002442,CUS0003848,PRD-WL01,17291.2711,37.3263,32.551,562848.17,2026-05-01
INV0002443,CUS0009787,PRD-WL04,38570.257,32.1331,30.8112,1188395.9,2026-05-01
INV0002444,CUS0006612,PRD-WL02,2949.5948,28.5277,34.939,103055.89,2026-05-01
INV0002445,CUS0003260,PRD-WL04,44565.9981,23.288,21.7158,967786.3,2026-05-01
INV0002446,CUS0006872,PRD-WL01,31601.9214,33.6921,30.9179,977065.05,2026-05-01
INV0002447,CUS0006092,PRD-WL01,38809.3039,7.2617,8.6476,335607.34,2026-05-01
INV0002448,CUS0009233,PRD-WL01,38527.0299,18.0007,17.7221,682779.88,2026-05-01
INV0002449,CUS0001566,PRD-WL03,24675.6764,16.8336,19.2324,474572.48,2026-05-01
INV0002450,CUS0003680,PRD-WL04,7539.872,21.1174,28.4046,214167.05,2026-05-01
INV0002451,CUS0009603,PRD-WL01,27149.7952,8.9835,10.2683,278782.24,2026-05-01
INV0002452,CUS0002666,PRD-WL01,22260.759,38.1229,32.2604,718140.99,2026-05-01
INV0002453,CUS0004930,PRD-WL03,30423.9743,12.2404,17.3402,527557.8,2026-05-01
INV0002454,CUS0004557,PRD-WL01,44260.724,9.2994,8.41,372232.69,2026-05-01
INV0002455,CUS0003112,PRD-WL02,4370.3882,16.6806,15.1917,66393.63,2026-05-01
INV0002456,CUS0004292,PRD-WL03,13167.2759,13.8306,15.2644,200990.57,2026-05-01
INV0002457,CUS0006706,PRD-WL02,33981.9669,31.5469,34.5219,1173122.06,2026-05-01
INV0002458,CUS0008680,PRD-WL04,28398.8795,17.345,18.7215,531669.62,2026-05-01
INV0002459,CUS0006431,PRD-WL01,5702.6578,26.1863,30.6018,174511.59,2026-05-01
INV0002460,CUS0006903,PRD-WL03,14581.2635,28.409,24.1233,351748.19,2026-05-01
INV0002461,CUS0004288,PRD-WL03,35790.1718,12.2423,10.3511,370467.65,2026-05-01
INV0002462,CUS0000827,PRD-WL04,23519.0555,25.0302,34.2043,804452.83,2026-05-01
INV0002463,CUS0005606,PRD-WL01,43646.5761,13.1298,13.3981,584781.19,2026-05-01
INV0002464,CUS0009154,PRD-WL03,20886.2099,21.7178,22.0109,459724.28,2026-05-01
INV0002465,CUS0006247,PRD-WL03,42867.2967,33.4005,33.9175,1453951.54,2026-05-01
INV0002466,CUS0001330,PRD-WL02,15453.9631,36.6351,32.2129,497816.97,2026-05-01
INV0002467,CUS0000185,PRD-WL02,34893.3127,35.3038,30.7314,1072320.35,2026-05-01
INV0002468,CUS0007296,PRD-WL03,40578.2642,13.4683,12.5028,507341.92,2026-05-01
INV0002469,CUS0008601,PRD-WL01,20676.8731,37.5609,34.1734,706599.06,2026-05-01
INV0002470,CUS0006031,PRD-WL04,31114.4003,15.028,17.7136,551148.04,2026-05-01
INV0002471,CUS0004992,PRD-WL01,29051.6684,20.9959,23.7944,691267.02,2026-05-01
INV0002472,CUS0008101,PRD-WL04,46380.3649,23.8846,23.2794,1079707.07,2026-05-01
INV0002473,CUS0008150,PRD-WL04,3385.0518,7.7055,9.7906,33141.69,2026-05-01
INV0002474,CUS0009807,PRD-WL03,7393.1267,30.5684,26.5506,196291.95,2026-05-01
INV0002475,CUS0002845,PRD-WL03,14185.0826,20.9422,20.0255,284063.37,2026-05-01
INV0002476,CUS0007711,PRD-WL04,25841.3877,37.1874,34.7844,898877.17,2026-05-01
INV0002477,CUS0008941,PRD-WL01,16807.4849,8.4319,9.0022,151304.34,2026-05-01
INV0002478,CUS0006817,PRD-WL03,47676.9992,16.6593,17.3202,825775.16,2026-05-01
INV0002479,CUS0004674,PRD-WL01,15027.5476,14.4087,13.4834,202622.44,2026-05-01
INV0002480,CUS0005324,PRD-WL02,38904.1704,30.1827,33.2674,1294240.6,2026-05-01
INV0002481,CUS0003161,PRD-WL02,1586.7441,20.2401,21.3554,33885.55,2026-05-01
INV0002482,CUS0003354,PRD-WL04,39941.2704,31.4343,32.1022,1282202.65,2026-05-01
INV0002483,CUS0007447,PRD-WL03,824.4008,15.649,13.928,11482.25,2026-05-01
INV0002484,CUS0000880,PRD-WL02,7809.7483,28.9135,33.1645,259006.4,2026-05-01
INV0002485,CUS0001583,PRD-WL03,4320.2428,9.7335,13.4275,58010.06,2026-05-01
INV0002486,CUS0006952,PRD-WL01,12516.2504,16.8771,14.094,176404.03,2026-05-01
INV0002487,CUS0004696,PRD-WL01,7579.0217,25.3945,26.968,204391.06,2026-05-01
INV0002488,CUS0006323,PRD-WL03,30960.3097,22.8302,29.8875,925326.26,2026-05-01
INV0002489,CUS0000987,PRD-WL04,38980.6524,13.332,12.1654,474215.23,2026-05-01
INV0002490,CUS0007305,PRD-WL02,27744.4089,17.892,23.572,653991.21,2026-05-01
INV0002491,CUS0008899,PRD-WL02,45635.3475,29.0041,28.4199,1296952.01,2026-05-01
INV0002492,CUS0001191,PRD-WL04,48653.1108,27.9288,34.6214,1684438.81,2026-05-01
INV0002493,CUS0008792,PRD-WL02,16635.3275,11.882,14.1606,235566.22,2026-05-01
INV0002494,CUS0001066,PRD-WL03,1658.8384,27.4125,25.0595,41569.66,2026-05-01
INV0002495,CUS0005983,PRD-WL04,43411.3207,10.8205,9.3963,407905.79,2026-05-01
INV0002496,CUS0000746,PRD-WL01,45592.6256,16.5858,15.6331,712754.08,2026-05-01
INV0002497,CUS0007420,PRD-WL02,47559.7224,21.0803,20.2626,963683.63,2026-05-01
INV0002498,CUS0004662,PRD-WL01,31747.4,7.4035,9.6772,307225.94,2026-05-01
INV0002499,CUS0006186,PRD-WL04,7669.5566,33.0554,31.9739,245225.64,2026-05-01
INV0002500,CUS0004888,PRD-WL04,11262.9632,11.1429,10.0815,113547.56,2026-05-01
