kyc_id,customer_id,kyc_tier,risk_rating,pep_flag,last_review,next_review,status
KYC0000001,CUS0000001,Tier1,Low,False,2024-11-17,2027-09-16,Approved
KYC0000002,CUS0000002,Tier1,Medium,False,2024-04-01,2027-09-25,Approved
KYC0000003,CUS0000003,Tier1,Low,False,2025-06-26,2027-05-10,Approved
KYC0000004,CUS0000004,Tier1,Low,False,2026-03-07,2027-06-25,Approved
KYC0000005,CUS0000005,Tier2,Medium,False,2024-08-27,2027-08-27,Approved
KYC0000006,CUS0000006,Tier3,Low,False,2025-08-04,2026-12-18,Approved
KYC0000007,CUS0000007,Tier2,Low,False,2025-09-29,2026-11-01,Approved
KYC0000008,CUS0000008,Tier1,Medium,False,2024-07-13,2027-06-14,Pending
KYC0000009,CUS0000009,Tier1,Medium,False,2024-05-01,2026-05-14,Approved
KYC0000010,CUS0000010,Tier2,Medium,False,2024-04-13,2026-08-25,Approved
KYC0000011,CUS0000011,Tier1,Low,False,2024-02-16,2026-11-29,Approved
KYC0000012,CUS0000012,Tier1,Low,False,2025-12-31,2027-08-16,Approved
KYC0000013,CUS0000013,Tier1,Low,False,2024-01-28,2027-06-18,Approved
KYC0000014,CUS0000014,Tier3,Medium,False,2025-01-28,2026-08-19,Approved
KYC0000015,CUS0000015,Tier1,Medium,False,2024-07-20,2027-03-05,Rejected
KYC0000016,CUS0000016,Tier2,Low,False,2024-07-20,2027-12-12,Approved
KYC0000017,CUS0000017,Tier1,Low,False,2024-09-11,2026-09-09,Approved
KYC0000018,CUS0000018,Tier2,Low,False,2024-12-31,2026-09-17,Approved
KYC0000019,CUS0000019,Tier2,Low,False,2025-07-28,2026-05-13,Approved
KYC0000020,CUS0000020,Tier2,Low,False,2025-03-25,2027-11-10,Approved
KYC0000021,CUS0000021,Tier2,Low,False,2025-09-02,2026-08-09,Approved
KYC0000022,CUS0000022,Tier1,Low,False,2025-01-30,2027-12-24,Pending
KYC0000023,CUS0000023,Tier2,Low,False,2025-03-30,2027-03-31,Approved
KYC0000024,CUS0000024,Tier1,Low,False,2024-08-10,2026-09-05,Approved
KYC0000025,CUS0000025,Tier1,Low,False,2025-07-17,2027-11-28,Approved
KYC0000026,CUS0000026,Tier3,Low,False,2024-10-29,2027-05-16,Approved
KYC0000027,CUS0000027,Tier2,Low,False,2025-03-24,2027-12-13,Approved
KYC0000028,CUS0000028,Tier1,Low,False,2024-05-13,2027-09-12,Approved
KYC0000029,CUS0000029,Tier2,Low,False,2025-08-03,2026-07-18,Approved
KYC0000030,CUS0000030,Tier3,Low,False,2025-03-21,2026-06-06,Approved
KYC0000031,CUS0000031,Tier2,Low,False,2025-12-28,2027-07-19,Approved
KYC0000032,CUS0000032,Tier1,Low,False,2025-03-07,2026-09-08,Approved
KYC0000033,CUS0000033,Tier2,Low,False,2025-07-18,2027-09-01,Approved
KYC0000034,CUS0000034,Tier3,Low,False,2025-09-16,2027-09-12,Approved
KYC0000035,CUS0000035,Tier3,Low,False,2025-10-18,2027-08-08,Approved
KYC0000036,CUS0000036,Tier3,Low,False,2024-06-24,2027-02-11,Approved
KYC0000037,CUS0000037,Tier2,Low,False,2024-05-16,2027-07-12,Approved
KYC0000038,CUS0000038,Tier2,Low,False,2024-06-16,2026-08-01,Approved
KYC0000039,CUS0000039,Tier2,Low,False,2024-09-22,2027-08-22,Approved
KYC0000040,CUS0000040,Tier2,Low,False,2024-02-11,2026-05-22,Approved
KYC0000041,CUS0000041,Tier1,Low,False,2024-04-24,2026-07-26,Approved
KYC0000042,CUS0000042,Tier1,Low,False,2024-03-17,2027-04-30,Approved
KYC0000043,CUS0000043,Tier1,High,False,2024-01-04,2026-05-08,Approved
KYC0000044,CUS0000044,Tier2,Medium,False,2025-07-16,2027-04-18,Approved
KYC0000045,CUS0000045,Tier1,Low,True,2024-07-20,2027-12-21,Approved
KYC0000046,CUS0000046,Tier1,Low,False,2024-09-28,2026-09-27,Approved
KYC0000047,CUS0000047,Tier1,Medium,False,2024-07-15,2026-05-16,Pending
KYC0000048,CUS0000048,Tier2,Low,False,2024-12-30,2026-12-02,Approved
KYC0000049,CUS0000049,Tier1,Low,False,2025-01-01,2026-08-18,Approved
KYC0000050,CUS0000050,Tier2,Low,False,2024-12-26,2026-09-29,Approved
KYC0000051,CUS0000051,Tier1,Low,False,2024-02-07,2027-09-22,Approved
KYC0000052,CUS0000052,Tier2,Low,False,2024-11-03,2026-06-24,Approved
KYC0000053,CUS0000053,Tier1,Low,False,2024-11-22,2027-04-20,Approved
KYC0000054,CUS0000054,Tier2,High,False,2024-12-17,2027-11-29,Approved
KYC0000055,CUS0000055,Tier2,Low,False,2026-01-10,2027-03-07,Approved
KYC0000056,CUS0000056,Tier1,Low,False,2025-08-20,2027-04-02,Approved
KYC0000057,CUS0000057,Tier1,Medium,False,2025-11-25,2027-03-10,Approved
KYC0000058,CUS0000058,Tier1,Low,False,2026-03-30,2026-08-13,Approved
KYC0000059,CUS0000059,Tier2,Low,False,2026-02-06,2026-08-04,Approved
KYC0000060,CUS0000060,Tier2,Low,False,2024-02-25,2027-09-07,Approved
KYC0000061,CUS0000061,Tier1,Low,False,2025-02-25,2027-12-01,Approved
KYC0000062,CUS0000062,Tier1,Low,False,2025-11-30,2026-08-02,Approved
KYC0000063,CUS0000063,Tier1,Low,True,2024-06-22,2026-05-28,Pending
KYC0000064,CUS0000064,Tier2,Low,False,2025-11-28,2027-12-18,Pending
KYC0000065,CUS0000065,Tier1,Medium,False,2025-04-21,2027-08-19,Approved
KYC0000066,CUS0000066,Tier2,Low,False,2025-11-11,2027-03-15,Approved
KYC0000067,CUS0000067,Tier3,Low,False,2024-11-18,2027-10-05,Approved
KYC0000068,CUS0000068,Tier3,Low,False,2025-08-27,2026-10-29,Approved
KYC0000069,CUS0000069,Tier1,Low,False,2024-05-18,2027-09-12,Approved
KYC0000070,CUS0000070,Tier3,Low,False,2026-04-16,2026-05-15,Approved
KYC0000071,CUS0000071,Tier1,Medium,False,2025-06-17,2026-11-17,Approved
KYC0000072,CUS0000072,Tier1,Medium,False,2026-01-03,2026-12-29,Approved
KYC0000073,CUS0000073,Tier2,Low,False,2024-03-12,2026-10-08,Approved
KYC0000074,CUS0000074,Tier1,Low,False,2024-12-24,2027-05-14,Approved
KYC0000075,CUS0000075,Tier2,Low,False,2024-08-09,2026-12-10,Approved
KYC0000076,CUS0000076,Tier2,Medium,False,2024-08-18,2026-05-05,Approved
KYC0000077,CUS0000077,Tier2,Low,False,2024-05-28,2027-05-16,Pending
KYC0000078,CUS0000078,Tier1,Low,False,2025-04-11,2027-12-07,Pending
KYC0000079,CUS0000079,Tier1,Low,False,2024-09-03,2026-06-16,Approved
KYC0000080,CUS0000080,Tier2,Low,False,2025-11-03,2027-08-14,Approved
KYC0000081,CUS0000081,Tier1,Low,False,2025-01-18,2027-04-21,Approved
KYC0000082,CUS0000082,Tier3,Low,False,2024-01-20,2026-08-31,Approved
KYC0000083,CUS0000083,Tier1,Low,False,2026-03-17,2027-02-13,Approved
KYC0000084,CUS0000084,Tier2,Low,False,2024-01-31,2027-12-04,Approved
KYC0000085,CUS0000085,Tier1,Medium,False,2025-01-28,2027-05-01,Approved
KYC0000086,CUS0000086,Tier1,Medium,False,2024-06-08,2026-07-05,Approved
KYC0000087,CUS0000087,Tier2,Medium,False,2026-01-21,2027-04-17,Approved
KYC0000088,CUS0000088,Tier2,Medium,False,2024-12-18,2027-03-23,Approved
KYC0000089,CUS0000089,Tier1,Medium,False,2025-04-14,2027-12-16,Approved
KYC0000090,CUS0000090,Tier1,Low,False,2025-08-27,2027-08-06,Approved
KYC0000091,CUS0000091,Tier2,Low,False,2025-01-14,2026-11-17,Approved
KYC0000092,CUS0000092,Tier2,Low,False,2024-07-11,2027-10-05,Approved
KYC0000093,CUS0000093,Tier2,Low,False,2024-07-05,2027-09-29,Approved
KYC0000094,CUS0000094,Tier2,Low,False,2025-08-07,2027-08-19,Approved
KYC0000095,CUS0000095,Tier2,Low,False,2025-10-03,2027-08-31,Approved
KYC0000096,CUS0000096,Tier2,Medium,False,2025-01-19,2027-12-17,Approved
KYC0000097,CUS0000097,Tier2,Medium,False,2025-02-09,2027-10-07,Approved
KYC0000098,CUS0000098,Tier1,Low,False,2025-01-13,2027-08-17,Approved
KYC0000099,CUS0000099,Tier1,Low,False,2025-01-30,2026-11-22,Approved
KYC0000100,CUS0000100,Tier3,Low,False,2026-03-07,2027-11-06,Approved
KYC0000101,CUS0000101,Tier2,Low,False,2025-09-18,2026-10-31,Approved
KYC0000102,CUS0000102,Tier1,High,False,2024-05-09,2027-04-28,Approved
KYC0000103,CUS0000103,Tier1,Medium,False,2024-12-25,2027-05-09,Approved
KYC0000104,CUS0000104,Tier2,Low,False,2025-11-11,2027-09-16,Approved
KYC0000105,CUS0000105,Tier1,Medium,False,2025-07-23,2027-09-13,Approved
KYC0000106,CUS0000106,Tier2,Low,False,2026-02-03,2026-08-07,Approved
KYC0000107,CUS0000107,Tier2,Low,False,2025-03-03,2027-07-18,Approved
KYC0000108,CUS0000108,Tier2,Low,False,2025-08-23,2027-02-23,Approved
KYC0000109,CUS0000109,Tier1,Low,False,2026-02-24,2027-01-26,Approved
KYC0000110,CUS0000110,Tier3,Medium,False,2025-07-14,2026-09-17,Approved
KYC0000111,CUS0000111,Tier2,Low,False,2024-05-05,2027-05-17,Approved
KYC0000112,CUS0000112,Tier1,Low,False,2024-12-20,2026-09-13,Approved
KYC0000113,CUS0000113,Tier1,Low,False,2024-09-10,2027-08-22,Approved
KYC0000114,CUS0000114,Tier3,Low,False,2026-03-14,2027-11-28,Approved
KYC0000115,CUS0000115,Tier3,Low,False,2025-08-15,2026-07-18,Approved
KYC0000116,CUS0000116,Tier2,Low,False,2024-01-24,2027-06-07,Approved
KYC0000117,CUS0000117,Tier1,Low,False,2026-01-10,2027-09-03,Approved
KYC0000118,CUS0000118,Tier2,Low,False,2024-05-06,2027-07-24,Approved
KYC0000119,CUS0000119,Tier1,Low,False,2024-11-24,2027-05-04,Approved
KYC0000120,CUS0000120,Tier1,Medium,False,2026-01-05,2026-06-05,Approved
KYC0000121,CUS0000121,Tier2,Low,False,2024-06-28,2027-09-25,Approved
KYC0000122,CUS0000122,Tier1,Low,False,2025-08-02,2027-06-10,Approved
KYC0000123,CUS0000123,Tier2,Low,False,2024-09-20,2027-11-05,Approved
KYC0000124,CUS0000124,Tier3,Medium,False,2024-09-05,2026-05-22,Approved
KYC0000125,CUS0000125,Tier2,Medium,False,2024-10-05,2027-11-06,Approved
KYC0000126,CUS0000126,Tier1,Low,False,2024-10-10,2026-10-14,Approved
KYC0000127,CUS0000127,Tier3,Low,False,2024-10-02,2027-08-01,Approved
KYC0000128,CUS0000128,Tier1,Medium,False,2025-07-06,2026-08-11,Approved
KYC0000129,CUS0000129,Tier1,Low,False,2024-02-16,2027-10-16,Rejected
KYC0000130,CUS0000130,Tier2,Medium,False,2024-04-13,2026-06-12,Approved
KYC0000131,CUS0000131,Tier2,Low,False,2025-07-21,2026-05-28,Pending
KYC0000132,CUS0000132,Tier2,Low,False,2024-01-19,2027-03-26,Approved
KYC0000133,CUS0000133,Tier2,Low,False,2025-01-18,2027-10-27,Approved
KYC0000134,CUS0000134,Tier1,Low,False,2024-07-24,2026-07-26,Approved
KYC0000135,CUS0000135,Tier3,Low,False,2025-03-30,2026-11-10,Approved
KYC0000136,CUS0000136,Tier3,Medium,False,2024-09-09,2026-09-04,Approved
KYC0000137,CUS0000137,Tier2,Low,False,2025-07-13,2027-01-27,Approved
KYC0000138,CUS0000138,Tier1,Medium,False,2024-11-22,2027-07-11,Approved
KYC0000139,CUS0000139,Tier3,Low,False,2024-07-07,2027-06-14,Approved
KYC0000140,CUS0000140,Tier2,Low,False,2025-08-25,2027-08-26,Approved
KYC0000141,CUS0000141,Tier3,Medium,False,2025-10-12,2027-03-22,Approved
KYC0000142,CUS0000142,Tier1,Low,False,2026-01-18,2027-12-10,Pending
KYC0000143,CUS0000143,Tier2,Medium,False,2025-12-02,2026-11-16,Approved
KYC0000144,CUS0000144,Tier1,Medium,False,2025-09-18,2027-10-17,Approved
KYC0000145,CUS0000145,Tier1,Low,False,2026-04-10,2027-02-11,Approved
KYC0000146,CUS0000146,Tier2,Low,True,2025-06-27,2026-10-08,Approved
KYC0000147,CUS0000147,Tier2,Low,False,2024-11-04,2026-05-27,Approved
KYC0000148,CUS0000148,Tier2,Medium,False,2024-06-24,2027-06-05,Approved
KYC0000149,CUS0000149,Tier2,Low,False,2025-11-05,2026-10-19,Approved
KYC0000150,CUS0000150,Tier2,Low,False,2024-05-01,2027-08-17,Approved
KYC0000151,CUS0000151,Tier1,Low,False,2024-11-07,2026-07-08,Approved
KYC0000152,CUS0000152,Tier2,Low,False,2025-10-21,2027-02-16,Approved
KYC0000153,CUS0000153,Tier1,Low,False,2024-07-17,2027-05-15,Approved
KYC0000154,CUS0000154,Tier1,Low,False,2024-02-09,2027-11-05,Approved
KYC0000155,CUS0000155,Tier2,Low,False,2025-09-15,2026-05-01,Approved
KYC0000156,CUS0000156,Tier3,Low,False,2026-04-12,2026-08-11,Approved
KYC0000157,CUS0000157,Tier1,Low,False,2025-02-10,2026-07-24,Approved
KYC0000158,CUS0000158,Tier2,High,False,2026-01-31,2027-06-29,Approved
KYC0000159,CUS0000159,Tier2,Medium,False,2024-07-29,2026-09-16,Approved
KYC0000160,CUS0000160,Tier2,Low,False,2026-03-10,2027-08-22,Approved
KYC0000161,CUS0000161,Tier2,Low,False,2026-02-11,2027-07-03,Approved
KYC0000162,CUS0000162,Tier3,Medium,False,2025-07-05,2027-03-25,Approved
KYC0000163,CUS0000163,Tier1,Low,False,2024-01-05,2027-08-05,Approved
KYC0000164,CUS0000164,Tier2,Low,False,2025-05-06,2027-08-31,Approved
KYC0000165,CUS0000165,Tier2,Low,False,2025-08-30,2027-07-07,Approved
KYC0000166,CUS0000166,Tier2,Medium,False,2024-09-30,2026-11-26,Pending
KYC0000167,CUS0000167,Tier3,Low,False,2025-12-20,2027-08-21,Approved
KYC0000168,CUS0000168,Tier3,High,False,2025-10-15,2027-01-19,Approved
KYC0000169,CUS0000169,Tier2,Low,False,2025-10-29,2026-12-24,Approved
KYC0000170,CUS0000170,Tier2,Medium,False,2025-08-10,2026-10-04,Pending
KYC0000171,CUS0000171,Tier2,Low,False,2024-01-27,2027-05-07,Approved
KYC0000172,CUS0000172,Tier2,Low,False,2026-04-08,2027-06-28,Approved
KYC0000173,CUS0000173,Tier1,Low,False,2024-06-20,2026-07-10,Approved
KYC0000174,CUS0000174,Tier2,Low,False,2026-02-19,2027-04-07,Approved
KYC0000175,CUS0000175,Tier2,High,False,2024-06-22,2026-05-04,Approved
KYC0000176,CUS0000176,Tier2,Medium,False,2026-01-23,2026-10-27,Pending
KYC0000177,CUS0000177,Tier2,Low,False,2025-03-31,2027-01-11,Approved
KYC0000178,CUS0000178,Tier1,Low,False,2025-09-07,2027-12-08,Approved
KYC0000179,CUS0000179,Tier1,Low,False,2026-02-21,2027-05-25,Approved
KYC0000180,CUS0000180,Tier1,Low,False,2025-08-05,2027-04-04,Approved
KYC0000181,CUS0000181,Tier2,Low,False,2024-09-20,2027-02-09,Pending
KYC0000182,CUS0000182,Tier1,Medium,False,2024-09-07,2027-03-06,Approved
KYC0000183,CUS0000183,Tier1,Medium,False,2024-04-30,2027-12-30,Approved
KYC0000184,CUS0000184,Tier1,High,False,2024-07-04,2027-01-07,Approved
KYC0000185,CUS0000185,Tier1,Low,False,2024-01-03,2027-05-16,Approved
KYC0000186,CUS0000186,Tier1,Medium,False,2026-02-13,2027-04-12,Approved
KYC0000187,CUS0000187,Tier1,Medium,False,2024-12-10,2026-07-25,Approved
KYC0000188,CUS0000188,Tier2,Medium,False,2024-07-08,2027-10-30,Approved
KYC0000189,CUS0000189,Tier1,Low,False,2025-08-31,2027-10-17,Approved
KYC0000190,CUS0000190,Tier1,Medium,False,2024-04-06,2027-05-23,Approved
KYC0000191,CUS0000191,Tier1,Low,False,2026-03-26,2026-06-18,Approved
KYC0000192,CUS0000192,Tier1,Low,False,2026-04-26,2027-05-17,Approved
KYC0000193,CUS0000193,Tier2,Low,False,2024-08-05,2027-06-10,Approved
KYC0000194,CUS0000194,Tier2,Low,False,2024-05-12,2026-08-14,Approved
KYC0000195,CUS0000195,Tier1,Low,False,2025-11-07,2027-01-11,Rejected
KYC0000196,CUS0000196,Tier2,Low,False,2025-01-12,2026-05-10,Approved
KYC0000197,CUS0000197,Tier2,Low,False,2024-10-28,2027-03-27,Approved
KYC0000198,CUS0000198,Tier1,Low,False,2026-04-05,2026-07-28,Approved
KYC0000199,CUS0000199,Tier2,Low,False,2026-04-01,2027-10-22,Approved
KYC0000200,CUS0000200,Tier1,Low,False,2024-07-03,2026-08-17,Approved
KYC0000201,CUS0000201,Tier2,Medium,False,2026-02-22,2026-09-23,Approved
KYC0000202,CUS0000202,Tier1,Low,False,2025-12-03,2027-06-10,Approved
KYC0000203,CUS0000203,Tier2,High,False,2026-04-30,2026-05-08,Approved
KYC0000204,CUS0000204,Tier2,Low,False,2025-06-23,2027-03-19,Approved
KYC0000205,CUS0000205,Tier3,Medium,False,2026-02-16,2026-12-24,Approved
KYC0000206,CUS0000206,Tier1,Medium,False,2024-09-05,2026-08-09,Approved
KYC0000207,CUS0000207,Tier2,Low,False,2026-04-15,2027-09-19,Approved
KYC0000208,CUS0000208,Tier1,Low,False,2024-05-22,2026-08-06,Pending
KYC0000209,CUS0000209,Tier1,Low,False,2024-11-23,2026-08-31,Approved
KYC0000210,CUS0000210,Tier3,Low,False,2024-12-14,2027-04-21,Approved
KYC0000211,CUS0000211,Tier2,Low,False,2024-11-10,2026-09-25,Approved
KYC0000212,CUS0000212,Tier2,Low,False,2025-02-02,2027-02-02,Approved
KYC0000213,CUS0000213,Tier2,Low,True,2024-01-23,2027-06-06,Approved
KYC0000214,CUS0000214,Tier2,Low,False,2025-03-24,2027-04-17,Approved
KYC0000215,CUS0000215,Tier1,Medium,False,2025-01-22,2027-12-27,Approved
KYC0000216,CUS0000216,Tier1,Low,False,2025-08-24,2027-10-31,Approved
KYC0000217,CUS0000217,Tier2,Low,False,2024-10-18,2026-08-11,Approved
KYC0000218,CUS0000218,Tier1,Medium,False,2025-03-10,2027-07-21,Approved
KYC0000219,CUS0000219,Tier3,Low,False,2024-01-19,2027-07-25,Pending
KYC0000220,CUS0000220,Tier2,Medium,False,2024-08-26,2027-02-14,Approved
KYC0000221,CUS0000221,Tier1,Low,False,2025-06-09,2027-01-13,Approved
KYC0000222,CUS0000222,Tier1,Low,False,2026-03-10,2027-01-02,Approved
KYC0000223,CUS0000223,Tier2,Low,False,2024-02-19,2027-12-24,Approved
KYC0000224,CUS0000224,Tier1,Low,False,2025-11-19,2027-06-23,Approved
KYC0000225,CUS0000225,Tier2,High,False,2024-03-14,2027-07-23,Approved
KYC0000226,CUS0000226,Tier2,Medium,False,2025-04-30,2027-08-04,Approved
KYC0000227,CUS0000227,Tier2,Medium,False,2024-09-27,2027-04-11,Approved
KYC0000228,CUS0000228,Tier1,Medium,False,2025-10-19,2027-10-08,Approved
KYC0000229,CUS0000229,Tier1,High,False,2025-07-28,2026-07-14,Approved
KYC0000230,CUS0000230,Tier1,Medium,False,2024-04-25,2027-04-09,Approved
KYC0000231,CUS0000231,Tier1,Low,False,2024-07-14,2027-04-08,Approved
KYC0000232,CUS0000232,Tier1,Low,False,2025-03-20,2026-06-15,Approved
KYC0000233,CUS0000233,Tier1,High,False,2026-01-24,2027-08-14,Approved
KYC0000234,CUS0000234,Tier1,Medium,False,2024-01-02,2026-09-20,Approved
KYC0000235,CUS0000235,Tier2,Low,False,2025-12-01,2027-11-18,Pending
KYC0000236,CUS0000236,Tier1,Medium,False,2024-09-10,2026-08-22,Approved
KYC0000237,CUS0000237,Tier2,Low,False,2024-10-01,2027-03-07,Approved
KYC0000238,CUS0000238,Tier2,Low,False,2024-11-10,2026-12-30,Approved
KYC0000239,CUS0000239,Tier2,Low,False,2025-04-02,2026-07-11,Approved
KYC0000240,CUS0000240,Tier2,Low,False,2024-05-09,2027-09-15,Approved
KYC0000241,CUS0000241,Tier3,Medium,False,2025-08-16,2026-07-05,Approved
KYC0000242,CUS0000242,Tier1,Low,False,2024-06-18,2027-08-30,Approved
KYC0000243,CUS0000243,Tier2,Medium,False,2024-09-05,2027-08-30,Approved
KYC0000244,CUS0000244,Tier1,Low,False,2025-12-28,2027-12-02,Approved
KYC0000245,CUS0000245,Tier1,Low,False,2025-08-12,2026-09-07,Approved
KYC0000246,CUS0000246,Tier2,Low,False,2024-08-07,2026-06-18,Approved
KYC0000247,CUS0000247,Tier1,Low,False,2024-09-06,2027-06-11,Approved
KYC0000248,CUS0000248,Tier1,Low,False,2025-02-25,2027-04-10,Pending
KYC0000249,CUS0000249,Tier1,Low,False,2025-04-09,2027-10-30,Approved
KYC0000250,CUS0000250,Tier3,Low,False,2026-01-21,2026-12-30,Approved
KYC0000251,CUS0000251,Tier1,Low,False,2026-04-14,2027-12-31,Approved
KYC0000252,CUS0000252,Tier2,Low,False,2025-11-29,2027-12-07,Approved
KYC0000253,CUS0000253,Tier2,Low,False,2024-10-04,2027-02-15,Approved
KYC0000254,CUS0000254,Tier2,Medium,False,2024-09-17,2027-03-02,Approved
KYC0000255,CUS0000255,Tier2,High,False,2025-05-16,2027-05-31,Approved
KYC0000256,CUS0000256,Tier2,Low,False,2024-02-23,2026-12-13,Approved
KYC0000257,CUS0000257,Tier1,High,False,2025-03-16,2027-10-13,Approved
KYC0000258,CUS0000258,Tier1,Low,False,2025-12-05,2026-07-31,Approved
KYC0000259,CUS0000259,Tier1,Low,False,2024-11-20,2026-12-18,Approved
KYC0000260,CUS0000260,Tier2,Low,False,2025-11-13,2027-11-02,Approved
KYC0000261,CUS0000261,Tier2,Low,False,2024-10-28,2026-11-21,Approved
KYC0000262,CUS0000262,Tier2,Low,False,2025-10-04,2026-05-20,Approved
KYC0000263,CUS0000263,Tier1,Medium,False,2026-04-30,2026-10-30,Approved
KYC0000264,CUS0000264,Tier2,Low,False,2025-11-08,2026-06-18,Approved
KYC0000265,CUS0000265,Tier2,Low,False,2025-06-25,2027-11-07,Approved
KYC0000266,CUS0000266,Tier1,Medium,False,2024-02-25,2026-09-17,Approved
KYC0000267,CUS0000267,Tier1,Low,False,2025-01-30,2027-12-04,Approved
KYC0000268,CUS0000268,Tier1,Medium,False,2024-01-25,2026-10-30,Approved
KYC0000269,CUS0000269,Tier2,Low,False,2025-09-03,2027-05-27,Approved
KYC0000270,CUS0000270,Tier1,Low,False,2026-02-11,2026-09-17,Approved
KYC0000271,CUS0000271,Tier3,Medium,False,2025-04-06,2026-11-05,Approved
KYC0000272,CUS0000272,Tier1,Low,False,2024-02-21,2026-05-30,Approved
KYC0000273,CUS0000273,Tier2,Low,False,2024-08-14,2027-08-01,Approved
KYC0000274,CUS0000274,Tier2,Low,False,2025-02-16,2026-07-28,Approved
KYC0000275,CUS0000275,Tier3,Low,False,2024-06-22,2027-06-11,Approved
KYC0000276,CUS0000276,Tier1,Low,False,2024-03-25,2027-04-27,Approved
KYC0000277,CUS0000277,Tier1,Low,False,2024-08-27,2026-10-07,Approved
KYC0000278,CUS0000278,Tier3,Medium,False,2024-07-11,2027-06-20,Approved
KYC0000279,CUS0000279,Tier2,Low,False,2026-04-06,2027-10-23,Approved
KYC0000280,CUS0000280,Tier2,Low,False,2026-04-27,2027-12-15,Pending
KYC0000281,CUS0000281,Tier2,Low,False,2026-03-19,2026-06-16,Approved
KYC0000282,CUS0000282,Tier1,Low,False,2024-08-14,2027-10-05,Approved
KYC0000283,CUS0000283,Tier2,High,False,2024-05-21,2026-07-24,Approved
KYC0000284,CUS0000284,Tier1,High,False,2026-02-04,2027-10-04,Approved
KYC0000285,CUS0000285,Tier1,Low,False,2025-02-17,2027-01-14,Approved
KYC0000286,CUS0000286,Tier2,Low,False,2024-03-28,2027-02-09,Approved
KYC0000287,CUS0000287,Tier3,Medium,False,2025-05-12,2026-08-11,Approved
KYC0000288,CUS0000288,Tier2,Low,False,2025-08-01,2027-02-27,Approved
KYC0000289,CUS0000289,Tier3,Low,False,2026-03-07,2027-05-15,Approved
KYC0000290,CUS0000290,Tier1,Low,False,2024-05-04,2027-11-16,Approved
KYC0000291,CUS0000291,Tier1,Medium,False,2025-11-12,2026-11-03,Approved
KYC0000292,CUS0000292,Tier3,Medium,False,2024-01-16,2026-12-07,Approved
KYC0000293,CUS0000293,Tier2,Low,False,2024-06-11,2026-07-18,Approved
KYC0000294,CUS0000294,Tier1,Medium,False,2024-07-14,2027-01-20,Approved
KYC0000295,CUS0000295,Tier2,Low,False,2024-01-08,2027-02-23,Approved
KYC0000296,CUS0000296,Tier1,Low,False,2025-03-12,2027-01-16,Approved
KYC0000297,CUS0000297,Tier2,Medium,False,2026-01-28,2027-03-15,Approved
KYC0000298,CUS0000298,Tier1,Medium,False,2024-01-03,2027-07-01,Approved
KYC0000299,CUS0000299,Tier1,Low,False,2026-02-03,2027-09-20,Approved
KYC0000300,CUS0000300,Tier1,Low,False,2024-06-02,2027-05-04,Approved
KYC0000301,CUS0000301,Tier1,Low,False,2025-02-12,2026-12-12,Pending
KYC0000302,CUS0000302,Tier2,Low,False,2024-09-05,2026-11-02,Approved
KYC0000303,CUS0000303,Tier1,High,False,2025-03-19,2026-07-03,Approved
KYC0000304,CUS0000304,Tier2,Low,False,2026-04-16,2027-01-14,Approved
KYC0000305,CUS0000305,Tier2,Low,False,2024-06-03,2027-04-20,Pending
KYC0000306,CUS0000306,Tier1,Low,False,2025-05-28,2027-07-09,Pending
KYC0000307,CUS0000307,Tier1,Low,False,2024-02-16,2026-10-24,Approved
KYC0000308,CUS0000308,Tier3,Low,False,2025-05-25,2027-04-05,Approved
KYC0000309,CUS0000309,Tier2,Low,False,2025-05-06,2027-08-02,Approved
KYC0000310,CUS0000310,Tier1,Medium,True,2024-02-22,2027-03-05,Approved
KYC0000311,CUS0000311,Tier1,Low,False,2025-10-08,2027-07-21,Approved
KYC0000312,CUS0000312,Tier2,High,False,2025-02-28,2026-10-13,Approved
KYC0000313,CUS0000313,Tier1,Low,False,2026-03-22,2026-08-12,Approved
KYC0000314,CUS0000314,Tier1,Low,False,2025-08-17,2026-05-03,Approved
KYC0000315,CUS0000315,Tier1,Low,False,2025-03-06,2027-05-09,Approved
KYC0000316,CUS0000316,Tier1,Low,False,2025-04-30,2026-06-12,Approved
KYC0000317,CUS0000317,Tier1,High,False,2024-09-12,2027-11-15,Approved
KYC0000318,CUS0000318,Tier2,Low,False,2026-04-21,2027-08-18,Pending
KYC0000319,CUS0000319,Tier1,Medium,False,2025-04-28,2027-01-20,Approved
KYC0000320,CUS0000320,Tier2,Low,False,2025-08-29,2027-02-01,Approved
KYC0000321,CUS0000321,Tier2,Low,False,2025-08-21,2026-05-21,Approved
KYC0000322,CUS0000322,Tier1,Low,False,2026-02-23,2027-01-09,Approved
KYC0000323,CUS0000323,Tier2,Medium,False,2025-01-21,2027-02-15,Approved
KYC0000324,CUS0000324,Tier1,Low,False,2025-06-20,2027-08-23,Approved
KYC0000325,CUS0000325,Tier1,Low,False,2024-04-22,2027-09-18,Approved
KYC0000326,CUS0000326,Tier1,Low,False,2026-04-15,2026-09-17,Approved
KYC0000327,CUS0000327,Tier3,Low,False,2025-06-09,2027-12-13,Approved
KYC0000328,CUS0000328,Tier2,High,False,2025-02-14,2026-06-05,Approved
KYC0000329,CUS0000329,Tier1,Low,False,2024-11-17,2027-01-01,Approved
KYC0000330,CUS0000330,Tier2,Low,False,2024-07-26,2027-10-28,Approved
KYC0000331,CUS0000331,Tier1,Low,False,2025-04-20,2027-01-13,Approved
KYC0000332,CUS0000332,Tier2,Low,False,2024-12-27,2026-09-24,Approved
KYC0000333,CUS0000333,Tier2,High,False,2025-08-05,2026-09-25,Approved
KYC0000334,CUS0000334,Tier1,Low,False,2025-01-19,2026-12-17,Approved
KYC0000335,CUS0000335,Tier2,Low,False,2025-08-18,2027-12-06,Approved
KYC0000336,CUS0000336,Tier1,Medium,False,2024-12-19,2026-09-15,Approved
KYC0000337,CUS0000337,Tier2,Medium,False,2026-03-26,2026-12-28,Approved
KYC0000338,CUS0000338,Tier1,Low,False,2025-12-01,2027-11-30,Pending
KYC0000339,CUS0000339,Tier2,Low,False,2025-08-06,2027-06-12,Approved
KYC0000340,CUS0000340,Tier2,Medium,False,2024-06-07,2027-04-01,Approved
KYC0000341,CUS0000341,Tier3,Low,False,2025-01-07,2027-12-25,Approved
KYC0000342,CUS0000342,Tier2,Low,False,2024-09-01,2027-08-01,Approved
KYC0000343,CUS0000343,Tier1,Low,False,2025-10-05,2026-10-27,Approved
KYC0000344,CUS0000344,Tier1,High,False,2025-03-17,2027-11-28,Approved
KYC0000345,CUS0000345,Tier2,Low,False,2025-06-04,2027-07-03,Approved
KYC0000346,CUS0000346,Tier2,Low,False,2025-04-12,2027-09-09,Approved
KYC0000347,CUS0000347,Tier2,Medium,False,2024-04-17,2027-01-03,Approved
KYC0000348,CUS0000348,Tier2,Low,False,2024-07-21,2027-12-18,Approved
KYC0000349,CUS0000349,Tier3,Low,False,2025-08-04,2026-10-30,Approved
KYC0000350,CUS0000350,Tier2,Medium,False,2024-03-20,2026-05-10,Approved
KYC0000351,CUS0000351,Tier1,Low,False,2026-01-06,2027-02-20,Approved
KYC0000352,CUS0000352,Tier1,Low,False,2025-11-16,2027-09-04,Approved
KYC0000353,CUS0000353,Tier2,Low,False,2025-01-11,2026-06-03,Approved
KYC0000354,CUS0000354,Tier1,Low,False,2024-10-07,2026-10-03,Approved
KYC0000355,CUS0000355,Tier1,Low,False,2025-12-19,2027-01-02,Approved
KYC0000356,CUS0000356,Tier1,Low,False,2026-02-10,2027-07-13,Approved
KYC0000357,CUS0000357,Tier2,Low,False,2025-10-30,2026-06-03,Approved
KYC0000358,CUS0000358,Tier2,Medium,False,2024-08-11,2027-06-14,Approved
KYC0000359,CUS0000359,Tier2,Low,False,2024-01-29,2026-09-04,Approved
KYC0000360,CUS0000360,Tier1,Low,False,2024-09-06,2027-04-15,Approved
KYC0000361,CUS0000361,Tier2,Low,False,2024-09-13,2026-06-09,Approved
KYC0000362,CUS0000362,Tier1,Low,False,2025-02-21,2026-06-28,Approved
KYC0000363,CUS0000363,Tier2,Medium,False,2025-03-18,2026-11-27,Approved
KYC0000364,CUS0000364,Tier2,Low,False,2025-07-17,2027-11-06,Pending
KYC0000365,CUS0000365,Tier1,Low,False,2024-08-11,2027-05-16,Approved
KYC0000366,CUS0000366,Tier1,Low,False,2024-04-05,2027-07-31,Rejected
KYC0000367,CUS0000367,Tier3,High,False,2024-02-11,2026-12-09,Approved
KYC0000368,CUS0000368,Tier1,Low,False,2025-09-19,2026-08-14,Approved
KYC0000369,CUS0000369,Tier2,Low,False,2025-03-04,2026-11-29,Approved
KYC0000370,CUS0000370,Tier2,Low,False,2025-06-12,2027-07-04,Approved
KYC0000371,CUS0000371,Tier2,High,False,2024-04-04,2027-10-05,Approved
KYC0000372,CUS0000372,Tier2,Low,False,2025-09-07,2027-03-14,Approved
KYC0000373,CUS0000373,Tier2,Low,False,2026-01-29,2027-08-24,Rejected
KYC0000374,CUS0000374,Tier1,Medium,False,2026-02-28,2027-11-24,Approved
KYC0000375,CUS0000375,Tier2,Low,False,2025-01-21,2026-12-04,Approved
KYC0000376,CUS0000376,Tier1,Low,False,2024-08-24,2026-11-02,Approved
KYC0000377,CUS0000377,Tier2,Low,False,2025-09-05,2027-04-17,Approved
KYC0000378,CUS0000378,Tier1,Low,False,2025-02-24,2026-08-23,Approved
KYC0000379,CUS0000379,Tier2,Medium,False,2025-07-10,2027-07-07,Approved
KYC0000380,CUS0000380,Tier1,Low,False,2024-07-27,2026-07-08,Approved
KYC0000381,CUS0000381,Tier1,Low,False,2024-07-27,2026-07-10,Approved
KYC0000382,CUS0000382,Tier1,Low,False,2026-04-26,2027-01-24,Approved
KYC0000383,CUS0000383,Tier1,Medium,False,2025-03-23,2027-01-08,Approved
KYC0000384,CUS0000384,Tier1,Low,False,2026-02-14,2027-08-06,Approved
KYC0000385,CUS0000385,Tier1,Low,False,2025-01-18,2027-11-26,Approved
KYC0000386,CUS0000386,Tier2,Medium,False,2026-04-02,2027-03-20,Approved
KYC0000387,CUS0000387,Tier2,Low,False,2025-03-10,2026-07-29,Approved
KYC0000388,CUS0000388,Tier1,Low,False,2024-04-08,2027-06-03,Approved
KYC0000389,CUS0000389,Tier2,High,False,2026-04-02,2026-08-28,Approved
KYC0000390,CUS0000390,Tier1,Low,False,2024-01-13,2027-08-06,Approved
KYC0000391,CUS0000391,Tier1,Low,False,2025-06-11,2027-12-28,Approved
KYC0000392,CUS0000392,Tier1,Medium,False,2025-01-28,2026-11-01,Approved
KYC0000393,CUS0000393,Tier1,Medium,False,2025-10-18,2027-11-19,Approved
KYC0000394,CUS0000394,Tier2,Low,False,2025-07-16,2026-10-31,Approved
KYC0000395,CUS0000395,Tier2,Low,False,2024-05-27,2027-03-26,Approved
KYC0000396,CUS0000396,Tier1,Low,False,2024-07-11,2027-01-25,Approved
KYC0000397,CUS0000397,Tier1,Low,False,2025-04-19,2027-06-18,Approved
KYC0000398,CUS0000398,Tier1,Low,False,2025-10-17,2027-06-09,Pending
KYC0000399,CUS0000399,Tier1,Low,False,2024-10-05,2027-06-09,Approved
KYC0000400,CUS0000400,Tier1,Medium,False,2024-12-02,2027-06-10,Approved
KYC0000401,CUS0000401,Tier2,Low,False,2026-03-28,2026-09-06,Approved
KYC0000402,CUS0000402,Tier1,Low,False,2024-06-14,2027-05-17,Approved
KYC0000403,CUS0000403,Tier2,Medium,False,2025-01-04,2027-12-19,Approved
KYC0000404,CUS0000404,Tier2,Low,False,2025-09-26,2027-03-12,Approved
KYC0000405,CUS0000405,Tier1,Medium,False,2024-09-11,2027-06-12,Approved
KYC0000406,CUS0000406,Tier3,Low,False,2024-01-10,2027-11-28,Approved
KYC0000407,CUS0000407,Tier1,Low,False,2024-03-15,2026-09-18,Pending
KYC0000408,CUS0000408,Tier2,Low,False,2026-02-22,2027-01-25,Approved
KYC0000409,CUS0000409,Tier2,Medium,False,2025-12-06,2027-05-07,Approved
KYC0000410,CUS0000410,Tier1,High,False,2025-03-11,2027-02-27,Approved
KYC0000411,CUS0000411,Tier3,Medium,False,2025-06-06,2027-03-21,Approved
KYC0000412,CUS0000412,Tier3,Low,False,2026-04-06,2026-11-18,Approved
KYC0000413,CUS0000413,Tier2,Low,False,2025-02-07,2027-08-03,Approved
KYC0000414,CUS0000414,Tier2,Low,False,2024-09-19,2027-10-18,Approved
KYC0000415,CUS0000415,Tier1,Medium,False,2024-12-31,2027-02-11,Approved
KYC0000416,CUS0000416,Tier2,Low,False,2025-12-30,2027-02-03,Approved
KYC0000417,CUS0000417,Tier2,Low,False,2024-07-28,2027-08-01,Approved
KYC0000418,CUS0000418,Tier2,Low,False,2025-07-29,2027-06-19,Approved
KYC0000419,CUS0000419,Tier1,Low,False,2024-06-12,2027-11-30,Approved
KYC0000420,CUS0000420,Tier1,Low,False,2024-01-22,2027-05-31,Approved
KYC0000421,CUS0000421,Tier1,Low,False,2024-09-27,2027-02-05,Approved
KYC0000422,CUS0000422,Tier1,Low,False,2025-12-26,2027-05-08,Approved
KYC0000423,CUS0000423,Tier2,Low,False,2025-09-12,2027-08-05,Approved
KYC0000424,CUS0000424,Tier2,Medium,False,2025-05-10,2026-09-05,Approved
KYC0000425,CUS0000425,Tier1,Low,False,2024-02-06,2027-03-18,Approved
KYC0000426,CUS0000426,Tier2,Medium,False,2024-06-28,2027-06-22,Approved
KYC0000427,CUS0000427,Tier1,Low,False,2025-01-14,2027-09-11,Approved
KYC0000428,CUS0000428,Tier2,Low,False,2026-04-18,2026-08-24,Approved
KYC0000429,CUS0000429,Tier3,Low,False,2025-07-22,2027-03-09,Pending
KYC0000430,CUS0000430,Tier2,Low,False,2024-11-08,2027-06-24,Approved
KYC0000431,CUS0000431,Tier1,Low,False,2025-04-23,2027-01-16,Approved
KYC0000432,CUS0000432,Tier1,Medium,False,2024-02-09,2027-12-01,Approved
KYC0000433,CUS0000433,Tier1,Low,False,2024-07-13,2027-09-28,Approved
KYC0000434,CUS0000434,Tier1,Low,False,2026-03-13,2027-03-12,Approved
KYC0000435,CUS0000435,Tier2,Low,False,2025-07-11,2027-10-19,Approved
KYC0000436,CUS0000436,Tier3,Low,False,2025-01-12,2026-06-11,Approved
KYC0000437,CUS0000437,Tier1,Medium,False,2025-08-06,2026-07-20,Approved
KYC0000438,CUS0000438,Tier2,Low,False,2024-06-12,2027-12-24,Approved
KYC0000439,CUS0000439,Tier1,Low,False,2025-05-08,2026-05-24,Approved
KYC0000440,CUS0000440,Tier1,Low,False,2024-06-29,2026-05-18,Approved
KYC0000441,CUS0000441,Tier2,Low,False,2024-02-13,2026-09-30,Pending
KYC0000442,CUS0000442,Tier2,Low,False,2024-12-23,2026-05-20,Approved
KYC0000443,CUS0000443,Tier3,Medium,False,2024-03-04,2027-07-18,Approved
KYC0000444,CUS0000444,Tier2,Low,False,2025-01-28,2026-06-29,Approved
KYC0000445,CUS0000445,Tier1,Medium,False,2024-07-07,2026-07-22,Approved
KYC0000446,CUS0000446,Tier2,Low,False,2025-01-31,2027-06-17,Approved
KYC0000447,CUS0000447,Tier2,Low,False,2024-01-17,2026-05-29,Approved
KYC0000448,CUS0000448,Tier1,Medium,False,2025-07-15,2027-10-13,Approved
KYC0000449,CUS0000449,Tier1,Low,False,2026-03-14,2026-11-03,Approved
KYC0000450,CUS0000450,Tier2,Low,False,2025-05-10,2027-12-30,Approved
KYC0000451,CUS0000451,Tier2,Low,False,2024-07-19,2026-09-27,Approved
KYC0000452,CUS0000452,Tier2,Low,False,2025-12-06,2027-06-02,Approved
KYC0000453,CUS0000453,Tier1,Medium,False,2024-02-01,2026-08-30,Approved
KYC0000454,CUS0000454,Tier2,Low,False,2024-03-04,2027-10-15,Approved
KYC0000455,CUS0000455,Tier2,Low,False,2025-01-31,2027-09-10,Approved
KYC0000456,CUS0000456,Tier2,Low,False,2024-02-08,2027-02-01,Approved
KYC0000457,CUS0000457,Tier1,Low,False,2024-05-16,2027-10-23,Approved
KYC0000458,CUS0000458,Tier3,Medium,False,2026-04-15,2026-08-21,Approved
KYC0000459,CUS0000459,Tier2,Low,False,2026-03-04,2026-08-04,Approved
KYC0000460,CUS0000460,Tier1,Low,False,2025-02-28,2026-06-12,Approved
KYC0000461,CUS0000461,Tier1,Medium,False,2025-05-31,2027-12-16,Approved
KYC0000462,CUS0000462,Tier1,Medium,False,2025-05-23,2027-10-15,Approved
KYC0000463,CUS0000463,Tier2,Low,False,2026-02-06,2027-05-26,Approved
KYC0000464,CUS0000464,Tier2,Low,False,2024-12-03,2027-02-18,Pending
KYC0000465,CUS0000465,Tier1,Low,False,2024-09-02,2026-08-11,Approved
KYC0000466,CUS0000466,Tier3,Low,False,2025-11-18,2026-11-08,Approved
KYC0000467,CUS0000467,Tier1,Low,False,2024-07-26,2027-05-03,Approved
KYC0000468,CUS0000468,Tier1,Low,False,2025-05-27,2027-09-15,Pending
KYC0000469,CUS0000469,Tier1,Medium,False,2025-06-27,2026-09-10,Approved
KYC0000470,CUS0000470,Tier1,Low,False,2025-01-19,2027-02-02,Approved
KYC0000471,CUS0000471,Tier1,Medium,False,2024-03-05,2027-07-29,Approved
KYC0000472,CUS0000472,Tier2,Low,False,2025-12-08,2027-10-03,Approved
KYC0000473,CUS0000473,Tier2,Low,False,2025-12-23,2027-10-19,Approved
KYC0000474,CUS0000474,Tier2,Low,False,2025-10-27,2026-05-10,Approved
KYC0000475,CUS0000475,Tier2,Low,False,2024-03-19,2027-10-11,Approved
KYC0000476,CUS0000476,Tier1,Low,False,2024-10-12,2026-08-09,Approved
KYC0000477,CUS0000477,Tier2,Low,False,2025-12-17,2026-06-08,Approved
KYC0000478,CUS0000478,Tier1,High,False,2024-05-26,2027-05-04,Approved
KYC0000479,CUS0000479,Tier2,Medium,False,2025-03-25,2027-10-30,Approved
KYC0000480,CUS0000480,Tier1,Low,False,2026-01-29,2026-09-03,Approved
KYC0000481,CUS0000481,Tier1,Low,False,2025-12-29,2027-09-10,Approved
KYC0000482,CUS0000482,Tier2,Medium,False,2025-02-25,2026-06-20,Approved
KYC0000483,CUS0000483,Tier1,High,False,2024-10-11,2027-10-23,Approved
KYC0000484,CUS0000484,Tier2,Low,False,2026-01-22,2026-09-30,Approved
KYC0000485,CUS0000485,Tier1,Medium,False,2024-01-20,2026-08-01,Approved
KYC0000486,CUS0000486,Tier1,Low,False,2025-04-28,2027-05-09,Approved
KYC0000487,CUS0000487,Tier1,Low,False,2024-11-27,2027-11-15,Approved
KYC0000488,CUS0000488,Tier1,Low,False,2024-12-23,2027-06-07,Approved
KYC0000489,CUS0000489,Tier1,Low,False,2024-04-27,2026-09-26,Approved
KYC0000490,CUS0000490,Tier2,Low,False,2026-04-17,2027-04-22,Approved
KYC0000491,CUS0000491,Tier2,Medium,False,2025-02-11,2027-05-15,Approved
KYC0000492,CUS0000492,Tier1,Low,False,2024-02-09,2027-01-17,Approved
KYC0000493,CUS0000493,Tier2,Low,False,2024-12-14,2027-01-14,Approved
KYC0000494,CUS0000494,Tier1,High,False,2025-01-24,2026-11-11,Approved
KYC0000495,CUS0000495,Tier1,Low,False,2025-02-18,2026-09-02,Approved
KYC0000496,CUS0000496,Tier1,Medium,False,2025-03-12,2027-07-29,Approved
KYC0000497,CUS0000497,Tier1,Low,False,2024-05-14,2027-09-15,Approved
KYC0000498,CUS0000498,Tier2,Medium,False,2024-06-19,2027-12-14,Approved
KYC0000499,CUS0000499,Tier1,High,False,2024-10-26,2026-12-23,Approved
KYC0000500,CUS0000500,Tier1,Low,False,2026-01-16,2026-10-08,Approved
KYC0000501,CUS0000501,Tier1,Medium,False,2024-09-22,2026-06-25,Approved
KYC0000502,CUS0000502,Tier1,Low,False,2025-03-10,2027-10-19,Approved
KYC0000503,CUS0000503,Tier1,Low,False,2025-05-24,2026-11-08,Approved
KYC0000504,CUS0000504,Tier2,Low,False,2025-01-23,2026-10-02,Approved
KYC0000505,CUS0000505,Tier1,Medium,False,2024-08-04,2026-09-24,Approved
KYC0000506,CUS0000506,Tier2,Low,False,2024-12-11,2026-12-04,Approved
KYC0000507,CUS0000507,Tier2,Medium,False,2025-02-05,2026-11-29,Pending
KYC0000508,CUS0000508,Tier2,Low,False,2024-01-24,2027-07-15,Approved
KYC0000509,CUS0000509,Tier1,Medium,False,2025-03-03,2027-08-08,Approved
KYC0000510,CUS0000510,Tier2,Low,False,2025-07-30,2027-03-28,Approved
KYC0000511,CUS0000511,Tier1,Medium,False,2024-04-17,2027-10-19,Approved
KYC0000512,CUS0000512,Tier2,Low,False,2024-11-09,2027-01-03,Approved
KYC0000513,CUS0000513,Tier2,Medium,False,2026-03-17,2027-08-12,Approved
KYC0000514,CUS0000514,Tier1,Low,False,2026-03-20,2026-08-12,Approved
KYC0000515,CUS0000515,Tier2,Low,False,2024-06-08,2026-06-13,Approved
KYC0000516,CUS0000516,Tier2,Medium,False,2024-06-16,2026-09-04,Approved
KYC0000517,CUS0000517,Tier1,Low,False,2025-10-30,2027-10-17,Approved
KYC0000518,CUS0000518,Tier2,Low,False,2026-04-21,2027-05-07,Approved
KYC0000519,CUS0000519,Tier1,Medium,False,2025-04-11,2027-09-06,Approved
KYC0000520,CUS0000520,Tier1,High,False,2024-07-20,2026-06-17,Approved
KYC0000521,CUS0000521,Tier1,Low,False,2024-06-23,2026-07-02,Approved
KYC0000522,CUS0000522,Tier1,Low,False,2024-06-24,2027-01-02,Approved
KYC0000523,CUS0000523,Tier1,Low,False,2025-04-11,2026-09-09,Approved
KYC0000524,CUS0000524,Tier1,Medium,False,2025-05-27,2026-12-21,Approved
KYC0000525,CUS0000525,Tier1,Low,False,2024-12-03,2026-11-14,Approved
KYC0000526,CUS0000526,Tier3,Low,False,2025-09-16,2026-09-30,Approved
KYC0000527,CUS0000527,Tier2,Medium,False,2025-05-17,2027-09-07,Approved
KYC0000528,CUS0000528,Tier1,Low,False,2024-12-01,2027-09-15,Approved
KYC0000529,CUS0000529,Tier2,Low,False,2026-01-09,2026-08-03,Approved
KYC0000530,CUS0000530,Tier1,Medium,False,2025-11-25,2026-05-22,Approved
KYC0000531,CUS0000531,Tier2,Low,False,2024-08-06,2027-08-16,Approved
KYC0000532,CUS0000532,Tier1,Low,False,2026-02-20,2026-08-31,Approved
KYC0000533,CUS0000533,Tier1,Low,False,2024-12-06,2027-10-10,Approved
KYC0000534,CUS0000534,Tier3,Low,False,2024-01-14,2027-01-23,Approved
KYC0000535,CUS0000535,Tier1,Low,False,2025-08-29,2027-09-28,Approved
KYC0000536,CUS0000536,Tier1,Low,False,2025-02-08,2027-12-27,Approved
KYC0000537,CUS0000537,Tier2,Medium,False,2024-06-19,2027-09-29,Approved
KYC0000538,CUS0000538,Tier1,Low,False,2024-05-26,2027-09-17,Approved
KYC0000539,CUS0000539,Tier1,Low,False,2024-03-20,2027-11-18,Approved
KYC0000540,CUS0000540,Tier3,Low,False,2025-11-11,2027-12-14,Approved
KYC0000541,CUS0000541,Tier1,Low,False,2025-10-06,2026-09-04,Approved
KYC0000542,CUS0000542,Tier2,Low,False,2025-07-15,2027-07-28,Approved
KYC0000543,CUS0000543,Tier1,Low,False,2025-02-17,2027-10-04,Approved
KYC0000544,CUS0000544,Tier1,Medium,False,2024-09-09,2027-03-08,Pending
KYC0000545,CUS0000545,Tier2,Medium,False,2024-09-01,2027-05-19,Approved
KYC0000546,CUS0000546,Tier1,Low,False,2025-11-08,2026-11-02,Approved
KYC0000547,CUS0000547,Tier2,Low,False,2025-07-28,2026-09-14,Approved
KYC0000548,CUS0000548,Tier3,Low,False,2024-08-18,2026-05-09,Approved
KYC0000549,CUS0000549,Tier2,Medium,False,2024-02-09,2027-05-25,Approved
KYC0000550,CUS0000550,Tier2,Low,False,2026-03-06,2027-12-14,Approved
KYC0000551,CUS0000551,Tier1,Low,False,2026-04-16,2027-01-12,Approved
KYC0000552,CUS0000552,Tier1,Low,False,2024-12-29,2027-09-01,Approved
KYC0000553,CUS0000553,Tier2,Medium,False,2024-01-10,2027-10-18,Approved
KYC0000554,CUS0000554,Tier2,Low,False,2025-10-07,2026-12-16,Approved
KYC0000555,CUS0000555,Tier2,Low,False,2025-09-21,2026-11-13,Approved
KYC0000556,CUS0000556,Tier1,Low,False,2024-10-07,2027-01-20,Approved
KYC0000557,CUS0000557,Tier1,Medium,False,2024-11-16,2027-01-23,Approved
KYC0000558,CUS0000558,Tier2,Medium,False,2025-06-04,2026-05-06,Approved
KYC0000559,CUS0000559,Tier1,Low,False,2025-12-10,2026-08-04,Approved
KYC0000560,CUS0000560,Tier1,Low,False,2026-05-01,2027-11-11,Approved
KYC0000561,CUS0000561,Tier3,Low,False,2024-12-29,2027-12-01,Approved
KYC0000562,CUS0000562,Tier1,Low,False,2024-01-01,2027-07-09,Approved
KYC0000563,CUS0000563,Tier1,Low,False,2026-04-23,2026-10-17,Approved
KYC0000564,CUS0000564,Tier2,Low,False,2026-01-09,2026-06-15,Approved
KYC0000565,CUS0000565,Tier2,Medium,False,2025-03-31,2026-07-15,Approved
KYC0000566,CUS0000566,Tier1,Low,False,2025-07-11,2027-04-23,Approved
KYC0000567,CUS0000567,Tier1,Low,False,2025-08-22,2027-07-25,Approved
KYC0000568,CUS0000568,Tier1,Medium,False,2024-05-24,2027-07-03,Approved
KYC0000569,CUS0000569,Tier1,Low,False,2024-07-24,2026-10-19,Approved
KYC0000570,CUS0000570,Tier3,Low,False,2025-12-14,2027-07-21,Pending
KYC0000571,CUS0000571,Tier1,Low,False,2025-03-26,2027-05-16,Approved
KYC0000572,CUS0000572,Tier2,Low,False,2024-05-28,2027-04-08,Approved
KYC0000573,CUS0000573,Tier1,Medium,False,2024-03-27,2026-07-14,Approved
KYC0000574,CUS0000574,Tier1,Low,False,2025-06-17,2027-09-28,Approved
KYC0000575,CUS0000575,Tier2,Medium,False,2025-10-12,2027-10-20,Approved
KYC0000576,CUS0000576,Tier1,High,False,2024-02-16,2027-04-24,Approved
KYC0000577,CUS0000577,Tier2,Low,False,2025-12-26,2026-05-02,Approved
KYC0000578,CUS0000578,Tier2,Low,False,2026-01-22,2027-09-04,Approved
KYC0000579,CUS0000579,Tier1,Low,False,2025-11-15,2027-01-13,Approved
KYC0000580,CUS0000580,Tier3,Medium,False,2024-10-20,2027-05-02,Approved
KYC0000581,CUS0000581,Tier1,Medium,False,2024-01-04,2026-07-19,Approved
KYC0000582,CUS0000582,Tier1,Low,False,2025-11-11,2027-06-03,Pending
KYC0000583,CUS0000583,Tier2,Low,False,2024-06-28,2027-02-03,Approved
KYC0000584,CUS0000584,Tier2,Medium,False,2024-03-09,2026-10-01,Approved
KYC0000585,CUS0000585,Tier1,Low,False,2024-12-18,2027-06-21,Approved
KYC0000586,CUS0000586,Tier1,Low,False,2024-07-14,2027-05-01,Approved
KYC0000587,CUS0000587,Tier2,Low,False,2024-11-24,2026-08-29,Approved
KYC0000588,CUS0000588,Tier2,Low,False,2026-01-23,2027-07-23,Pending
KYC0000589,CUS0000589,Tier2,Medium,False,2025-03-04,2026-09-05,Approved
KYC0000590,CUS0000590,Tier2,Low,False,2025-04-14,2027-06-28,Approved
KYC0000591,CUS0000591,Tier1,Low,False,2024-05-20,2027-07-27,Approved
KYC0000592,CUS0000592,Tier2,Low,False,2024-08-29,2026-10-09,Approved
KYC0000593,CUS0000593,Tier1,Medium,False,2025-11-23,2027-05-09,Approved
KYC0000594,CUS0000594,Tier1,Medium,False,2025-02-24,2027-03-29,Approved
KYC0000595,CUS0000595,Tier1,Low,False,2025-03-31,2027-12-26,Approved
KYC0000596,CUS0000596,Tier1,Low,False,2024-06-10,2027-12-25,Approved
KYC0000597,CUS0000597,Tier2,Low,False,2024-05-07,2027-07-04,Approved
KYC0000598,CUS0000598,Tier1,Low,False,2024-03-18,2027-01-03,Approved
KYC0000599,CUS0000599,Tier2,Low,False,2025-08-18,2027-07-03,Approved
KYC0000600,CUS0000600,Tier1,Medium,False,2025-05-25,2026-08-10,Approved
KYC0000601,CUS0000601,Tier1,Low,False,2025-11-02,2027-07-23,Approved
KYC0000602,CUS0000602,Tier2,Low,False,2025-10-14,2027-10-30,Approved
KYC0000603,CUS0000603,Tier1,Low,False,2025-03-17,2027-12-16,Approved
KYC0000604,CUS0000604,Tier2,Low,False,2024-01-23,2027-04-09,Approved
KYC0000605,CUS0000605,Tier1,Medium,False,2025-06-25,2027-08-10,Approved
KYC0000606,CUS0000606,Tier2,Low,False,2025-06-27,2026-08-23,Approved
KYC0000607,CUS0000607,Tier2,Low,False,2026-04-03,2026-10-27,Approved
KYC0000608,CUS0000608,Tier1,Low,False,2024-04-01,2026-08-02,Approved
KYC0000609,CUS0000609,Tier2,Low,False,2025-07-11,2026-10-13,Approved
KYC0000610,CUS0000610,Tier1,Medium,False,2025-05-11,2027-04-04,Approved
KYC0000611,CUS0000611,Tier2,Low,False,2025-05-13,2027-05-20,Approved
KYC0000612,CUS0000612,Tier2,Low,False,2026-04-25,2027-02-10,Approved
KYC0000613,CUS0000613,Tier3,Low,False,2024-01-31,2027-05-21,Approved
KYC0000614,CUS0000614,Tier1,Low,False,2026-02-06,2027-10-31,Approved
KYC0000615,CUS0000615,Tier1,Low,False,2024-12-07,2027-11-11,Approved
KYC0000616,CUS0000616,Tier3,Low,False,2024-03-29,2027-08-29,Approved
KYC0000617,CUS0000617,Tier1,Low,False,2025-04-17,2026-09-17,Approved
KYC0000618,CUS0000618,Tier2,Low,False,2025-01-05,2027-11-26,Approved
KYC0000619,CUS0000619,Tier2,Low,False,2024-01-17,2027-08-03,Approved
KYC0000620,CUS0000620,Tier2,Medium,False,2025-10-15,2027-01-24,Approved
KYC0000621,CUS0000621,Tier2,Low,False,2024-04-22,2027-11-24,Approved
KYC0000622,CUS0000622,Tier2,Low,False,2024-05-01,2026-06-27,Approved
KYC0000623,CUS0000623,Tier1,Low,False,2025-11-01,2027-02-11,Approved
KYC0000624,CUS0000624,Tier2,Medium,False,2025-12-13,2027-08-22,Approved
KYC0000625,CUS0000625,Tier1,Low,False,2025-04-24,2027-09-07,Approved
KYC0000626,CUS0000626,Tier1,Medium,False,2026-02-08,2027-12-08,Approved
KYC0000627,CUS0000627,Tier1,Low,False,2025-08-23,2026-06-02,Approved
KYC0000628,CUS0000628,Tier2,Low,False,2026-04-22,2027-07-19,Approved
KYC0000629,CUS0000629,Tier1,Low,False,2025-11-23,2026-06-29,Approved
KYC0000630,CUS0000630,Tier2,Low,False,2025-04-25,2027-05-20,Approved
KYC0000631,CUS0000631,Tier1,Low,False,2025-05-04,2027-04-18,Approved
KYC0000632,CUS0000632,Tier2,Medium,False,2024-02-13,2026-12-30,Approved
KYC0000633,CUS0000633,Tier1,Low,False,2024-01-05,2027-09-22,Rejected
KYC0000634,CUS0000634,Tier2,High,False,2025-11-08,2026-12-13,Approved
KYC0000635,CUS0000635,Tier3,Low,False,2024-07-16,2027-05-15,Approved
KYC0000636,CUS0000636,Tier2,Low,False,2025-02-20,2027-08-24,Approved
KYC0000637,CUS0000637,Tier1,Low,False,2025-01-18,2026-11-07,Approved
KYC0000638,CUS0000638,Tier2,Low,False,2025-05-27,2026-10-06,Approved
KYC0000639,CUS0000639,Tier1,Low,False,2024-02-28,2026-09-25,Approved
KYC0000640,CUS0000640,Tier2,Low,False,2024-07-24,2027-12-19,Approved
KYC0000641,CUS0000641,Tier1,Low,False,2024-08-13,2027-11-08,Approved
KYC0000642,CUS0000642,Tier1,Low,False,2025-07-29,2026-10-25,Approved
KYC0000643,CUS0000643,Tier2,Medium,False,2025-01-25,2027-02-17,Approved
KYC0000644,CUS0000644,Tier2,High,False,2024-12-13,2026-09-21,Approved
KYC0000645,CUS0000645,Tier1,Low,False,2026-04-06,2026-08-02,Approved
KYC0000646,CUS0000646,Tier1,Medium,False,2024-06-15,2027-11-02,Approved
KYC0000647,CUS0000647,Tier2,Low,False,2025-07-15,2026-07-01,Approved
KYC0000648,CUS0000648,Tier2,Low,False,2025-05-09,2027-03-29,Approved
KYC0000649,CUS0000649,Tier2,Low,False,2024-04-09,2026-11-13,Approved
KYC0000650,CUS0000650,Tier3,Medium,False,2025-07-13,2026-11-14,Approved
KYC0000651,CUS0000651,Tier2,Low,False,2024-11-13,2026-06-05,Approved
KYC0000652,CUS0000652,Tier1,Low,False,2025-11-23,2027-07-28,Approved
KYC0000653,CUS0000653,Tier2,Low,False,2026-04-29,2027-03-04,Approved
KYC0000654,CUS0000654,Tier1,Low,False,2024-04-17,2027-01-06,Approved
KYC0000655,CUS0000655,Tier1,Medium,False,2026-02-12,2026-11-15,Approved
KYC0000656,CUS0000656,Tier2,Low,False,2025-11-21,2027-08-14,Approved
KYC0000657,CUS0000657,Tier1,Low,False,2024-07-18,2027-07-08,Approved
KYC0000658,CUS0000658,Tier3,Low,False,2025-05-09,2027-12-31,Approved
KYC0000659,CUS0000659,Tier1,Medium,False,2025-11-29,2026-07-21,Approved
KYC0000660,CUS0000660,Tier3,Low,False,2025-05-15,2027-02-08,Approved
KYC0000661,CUS0000661,Tier1,High,False,2026-01-20,2027-12-11,Approved
KYC0000662,CUS0000662,Tier2,Low,False,2025-07-02,2026-05-30,Approved
KYC0000663,CUS0000663,Tier3,Low,False,2024-06-12,2027-07-05,Approved
KYC0000664,CUS0000664,Tier1,Low,False,2025-03-01,2026-07-14,Approved
KYC0000665,CUS0000665,Tier2,Medium,False,2026-02-01,2027-01-29,Approved
KYC0000666,CUS0000666,Tier2,Low,False,2025-05-23,2026-12-29,Approved
KYC0000667,CUS0000667,Tier1,Medium,False,2024-06-06,2027-10-08,Approved
KYC0000668,CUS0000668,Tier2,Low,False,2026-01-20,2027-10-25,Approved
KYC0000669,CUS0000669,Tier2,Medium,False,2025-09-12,2027-12-25,Approved
KYC0000670,CUS0000670,Tier1,Medium,False,2026-02-18,2026-06-05,Approved
KYC0000671,CUS0000671,Tier2,High,False,2025-06-01,2026-10-07,Approved
KYC0000672,CUS0000672,Tier1,Low,False,2025-10-02,2027-11-06,Approved
KYC0000673,CUS0000673,Tier1,Low,False,2024-01-05,2027-07-22,Approved
KYC0000674,CUS0000674,Tier1,Low,False,2024-08-22,2027-10-28,Rejected
KYC0000675,CUS0000675,Tier2,Low,False,2026-03-26,2026-12-06,Approved
KYC0000676,CUS0000676,Tier1,Low,False,2025-01-14,2026-05-22,Approved
KYC0000677,CUS0000677,Tier2,Low,False,2024-05-22,2026-06-01,Approved
KYC0000678,CUS0000678,Tier1,Medium,False,2024-11-21,2027-03-31,Approved
KYC0000679,CUS0000679,Tier1,Medium,False,2025-06-03,2027-07-23,Approved
KYC0000680,CUS0000680,Tier1,Low,False,2024-06-27,2026-10-24,Approved
KYC0000681,CUS0000681,Tier1,Low,False,2026-02-06,2027-05-08,Approved
KYC0000682,CUS0000682,Tier1,Low,False,2025-02-18,2027-06-02,Approved
KYC0000683,CUS0000683,Tier1,Low,False,2024-12-29,2026-08-03,Approved
KYC0000684,CUS0000684,Tier2,Low,False,2025-03-08,2027-02-16,Approved
KYC0000685,CUS0000685,Tier2,Low,False,2024-12-24,2027-12-14,Approved
KYC0000686,CUS0000686,Tier1,Low,False,2024-04-17,2027-05-28,Approved
KYC0000687,CUS0000687,Tier1,Low,False,2024-05-04,2026-07-28,Approved
KYC0000688,CUS0000688,Tier3,High,False,2024-06-18,2026-09-29,Approved
KYC0000689,CUS0000689,Tier3,Low,False,2024-12-28,2027-04-26,Approved
KYC0000690,CUS0000690,Tier1,Low,False,2024-01-13,2026-11-25,Approved
KYC0000691,CUS0000691,Tier1,High,False,2024-05-09,2027-06-10,Approved
KYC0000692,CUS0000692,Tier2,Low,False,2025-07-09,2027-08-14,Approved
KYC0000693,CUS0000693,Tier2,Low,False,2024-10-08,2027-07-30,Approved
KYC0000694,CUS0000694,Tier1,Low,False,2026-01-27,2027-09-25,Approved
KYC0000695,CUS0000695,Tier1,Low,False,2025-11-24,2027-11-02,Approved
KYC0000696,CUS0000696,Tier1,Medium,False,2025-09-04,2027-03-07,Approved
KYC0000697,CUS0000697,Tier2,Low,False,2024-12-13,2026-06-07,Approved
KYC0000698,CUS0000698,Tier2,Low,False,2024-05-12,2026-05-19,Approved
KYC0000699,CUS0000699,Tier2,Low,False,2024-08-08,2027-12-22,Approved
KYC0000700,CUS0000700,Tier1,Medium,False,2025-06-03,2027-08-04,Approved
KYC0000701,CUS0000701,Tier2,Medium,False,2024-02-12,2026-10-03,Approved
KYC0000702,CUS0000702,Tier2,Low,False,2026-02-03,2026-05-10,Approved
KYC0000703,CUS0000703,Tier2,Low,False,2024-07-11,2027-06-29,Approved
KYC0000704,CUS0000704,Tier1,Low,False,2025-08-14,2026-06-14,Approved
KYC0000705,CUS0000705,Tier1,Low,False,2026-04-30,2026-08-01,Approved
KYC0000706,CUS0000706,Tier1,Low,False,2026-01-25,2027-08-24,Approved
KYC0000707,CUS0000707,Tier2,Low,False,2025-05-29,2027-11-01,Approved
KYC0000708,CUS0000708,Tier1,Low,False,2026-03-18,2027-03-03,Approved
KYC0000709,CUS0000709,Tier1,Low,False,2026-03-26,2027-03-19,Approved
KYC0000710,CUS0000710,Tier2,Low,False,2025-04-20,2027-01-20,Approved
KYC0000711,CUS0000711,Tier2,Medium,False,2025-03-07,2026-05-03,Approved
KYC0000712,CUS0000712,Tier2,Low,False,2025-10-23,2026-08-19,Approved
KYC0000713,CUS0000713,Tier2,Low,False,2024-05-28,2027-08-22,Approved
KYC0000714,CUS0000714,Tier2,Medium,False,2024-05-13,2027-07-26,Approved
KYC0000715,CUS0000715,Tier1,Medium,False,2024-08-19,2026-06-01,Approved
KYC0000716,CUS0000716,Tier2,Medium,False,2025-11-25,2027-01-18,Approved
KYC0000717,CUS0000717,Tier1,Low,False,2026-01-11,2027-10-03,Approved
KYC0000718,CUS0000718,Tier1,Low,False,2024-06-21,2026-11-21,Approved
KYC0000719,CUS0000719,Tier1,Low,False,2025-05-18,2027-12-07,Approved
KYC0000720,CUS0000720,Tier2,Low,False,2025-09-19,2026-07-06,Approved
KYC0000721,CUS0000721,Tier3,Low,False,2024-06-25,2027-10-01,Pending
KYC0000722,CUS0000722,Tier2,Low,False,2026-01-20,2027-01-29,Approved
KYC0000723,CUS0000723,Tier2,Low,False,2024-07-18,2027-12-23,Approved
KYC0000724,CUS0000724,Tier2,Medium,False,2025-09-11,2027-02-08,Pending
KYC0000725,CUS0000725,Tier1,Low,False,2024-07-07,2027-09-05,Approved
KYC0000726,CUS0000726,Tier2,Low,False,2024-04-20,2027-09-07,Approved
KYC0000727,CUS0000727,Tier1,Medium,False,2025-04-16,2026-10-03,Approved
KYC0000728,CUS0000728,Tier1,Low,False,2024-05-01,2027-01-28,Approved
KYC0000729,CUS0000729,Tier1,Low,False,2025-02-01,2026-06-13,Approved
KYC0000730,CUS0000730,Tier2,Low,False,2025-10-20,2026-12-22,Approved
KYC0000731,CUS0000731,Tier2,High,False,2025-03-16,2027-11-07,Approved
KYC0000732,CUS0000732,Tier2,Medium,False,2024-11-11,2026-06-23,Approved
KYC0000733,CUS0000733,Tier1,Low,False,2025-12-02,2027-02-19,Approved
KYC0000734,CUS0000734,Tier2,Medium,False,2024-12-12,2027-08-19,Approved
KYC0000735,CUS0000735,Tier1,Low,False,2025-08-28,2027-12-12,Approved
KYC0000736,CUS0000736,Tier1,Low,False,2025-03-24,2026-06-21,Approved
KYC0000737,CUS0000737,Tier2,Medium,False,2024-08-04,2027-09-18,Approved
KYC0000738,CUS0000738,Tier3,Low,False,2024-05-05,2027-07-01,Approved
KYC0000739,CUS0000739,Tier3,Low,False,2025-02-15,2026-08-22,Approved
KYC0000740,CUS0000740,Tier2,Low,False,2025-09-27,2027-03-28,Approved
KYC0000741,CUS0000741,Tier3,Low,False,2024-07-10,2026-08-26,Approved
KYC0000742,CUS0000742,Tier2,Low,False,2025-12-06,2026-09-11,Approved
KYC0000743,CUS0000743,Tier2,Low,False,2025-10-30,2027-04-29,Approved
KYC0000744,CUS0000744,Tier1,Low,False,2024-07-21,2026-12-03,Approved
KYC0000745,CUS0000745,Tier1,Low,False,2024-06-23,2027-06-04,Approved
KYC0000746,CUS0000746,Tier1,Medium,False,2026-01-07,2027-02-06,Approved
KYC0000747,CUS0000747,Tier1,Low,False,2024-09-30,2027-07-02,Approved
KYC0000748,CUS0000748,Tier2,Low,False,2024-03-03,2027-11-05,Approved
KYC0000749,CUS0000749,Tier2,Low,False,2024-02-05,2026-06-18,Approved
KYC0000750,CUS0000750,Tier1,Low,False,2024-05-27,2026-10-22,Approved
KYC0000751,CUS0000751,Tier1,Low,False,2024-11-02,2026-12-05,Approved
KYC0000752,CUS0000752,Tier2,Low,False,2024-10-05,2027-06-16,Approved
KYC0000753,CUS0000753,Tier2,Low,False,2025-04-22,2027-01-25,Approved
KYC0000754,CUS0000754,Tier1,Medium,False,2024-03-06,2027-02-05,Approved
KYC0000755,CUS0000755,Tier1,Low,False,2025-05-09,2027-07-26,Approved
KYC0000756,CUS0000756,Tier1,Low,False,2025-09-23,2026-08-02,Approved
KYC0000757,CUS0000757,Tier1,Low,False,2024-09-08,2027-09-10,Approved
KYC0000758,CUS0000758,Tier1,Medium,False,2026-04-08,2027-09-10,Approved
KYC0000759,CUS0000759,Tier1,Low,True,2024-08-09,2027-11-24,Approved
KYC0000760,CUS0000760,Tier2,Low,False,2026-03-06,2027-08-29,Approved
KYC0000761,CUS0000761,Tier1,Low,False,2024-06-14,2026-08-23,Approved
KYC0000762,CUS0000762,Tier1,Low,False,2025-08-31,2027-02-28,Approved
KYC0000763,CUS0000763,Tier1,High,False,2025-01-27,2027-12-05,Approved
KYC0000764,CUS0000764,Tier1,Low,False,2026-01-02,2027-05-28,Approved
KYC0000765,CUS0000765,Tier1,High,False,2025-05-06,2026-05-07,Approved
KYC0000766,CUS0000766,Tier1,Low,False,2026-04-23,2026-09-25,Approved
KYC0000767,CUS0000767,Tier1,Low,False,2026-03-06,2027-09-01,Approved
KYC0000768,CUS0000768,Tier2,Medium,False,2025-05-09,2027-09-15,Approved
KYC0000769,CUS0000769,Tier1,Low,False,2024-08-20,2027-03-25,Approved
KYC0000770,CUS0000770,Tier2,Low,False,2024-11-08,2027-01-16,Approved
KYC0000771,CUS0000771,Tier3,Low,False,2024-07-07,2026-11-28,Approved
KYC0000772,CUS0000772,Tier1,Low,False,2025-01-13,2027-10-24,Approved
KYC0000773,CUS0000773,Tier2,Low,False,2024-01-21,2027-07-14,Approved
KYC0000774,CUS0000774,Tier1,Low,False,2026-04-20,2027-09-03,Approved
KYC0000775,CUS0000775,Tier1,Medium,False,2024-06-10,2026-11-11,Approved
KYC0000776,CUS0000776,Tier1,Low,True,2025-08-20,2026-05-06,Approved
KYC0000777,CUS0000777,Tier2,Low,False,2024-08-10,2027-01-09,Approved
KYC0000778,CUS0000778,Tier2,Low,False,2025-04-16,2027-03-13,Approved
KYC0000779,CUS0000779,Tier1,Low,False,2025-11-11,2026-05-19,Approved
KYC0000780,CUS0000780,Tier1,Low,False,2024-08-11,2027-02-27,Approved
KYC0000781,CUS0000781,Tier1,Low,False,2024-11-06,2027-04-25,Approved
KYC0000782,CUS0000782,Tier1,Low,False,2025-07-29,2027-09-13,Approved
KYC0000783,CUS0000783,Tier1,Medium,False,2024-08-14,2027-10-18,Approved
KYC0000784,CUS0000784,Tier1,Low,False,2025-06-21,2027-06-02,Approved
KYC0000785,CUS0000785,Tier2,Low,False,2024-03-05,2026-05-22,Approved
KYC0000786,CUS0000786,Tier1,Low,False,2024-09-23,2026-12-01,Approved
KYC0000787,CUS0000787,Tier2,Medium,False,2024-01-06,2026-06-25,Approved
KYC0000788,CUS0000788,Tier1,Low,False,2024-09-18,2027-04-13,Approved
KYC0000789,CUS0000789,Tier1,Medium,False,2025-05-08,2026-07-11,Approved
KYC0000790,CUS0000790,Tier1,Medium,False,2024-03-01,2026-05-23,Approved
KYC0000791,CUS0000791,Tier2,Low,False,2026-02-05,2026-07-27,Approved
KYC0000792,CUS0000792,Tier2,Medium,False,2024-02-21,2026-11-27,Approved
KYC0000793,CUS0000793,Tier1,High,False,2025-12-08,2026-12-15,Approved
KYC0000794,CUS0000794,Tier1,Low,False,2025-05-03,2027-09-29,Approved
KYC0000795,CUS0000795,Tier2,Low,False,2025-03-18,2026-12-24,Approved
KYC0000796,CUS0000796,Tier2,Low,False,2025-03-15,2027-05-31,Approved
KYC0000797,CUS0000797,Tier1,Low,False,2025-08-17,2027-08-20,Approved
KYC0000798,CUS0000798,Tier1,Low,False,2025-01-19,2027-06-03,Approved
KYC0000799,CUS0000799,Tier1,Low,False,2024-10-26,2026-11-22,Approved
KYC0000800,CUS0000800,Tier1,Low,False,2025-11-02,2026-06-25,Approved
KYC0000801,CUS0000801,Tier1,Medium,False,2025-04-26,2026-12-23,Approved
KYC0000802,CUS0000802,Tier1,Low,False,2024-05-21,2027-10-28,Approved
KYC0000803,CUS0000803,Tier1,Medium,False,2025-03-28,2026-11-05,Approved
KYC0000804,CUS0000804,Tier2,High,False,2024-01-31,2027-10-21,Approved
KYC0000805,CUS0000805,Tier2,Medium,False,2024-11-22,2027-06-22,Approved
KYC0000806,CUS0000806,Tier2,Low,False,2025-09-07,2027-01-30,Approved
KYC0000807,CUS0000807,Tier1,Low,False,2025-08-10,2027-04-12,Approved
KYC0000808,CUS0000808,Tier1,Medium,False,2024-03-14,2026-06-21,Approved
KYC0000809,CUS0000809,Tier1,Low,False,2025-11-05,2027-05-17,Approved
KYC0000810,CUS0000810,Tier3,Medium,False,2024-12-25,2026-12-28,Approved
KYC0000811,CUS0000811,Tier2,Low,False,2025-06-09,2027-11-25,Approved
KYC0000812,CUS0000812,Tier2,Low,False,2026-04-17,2026-12-25,Rejected
KYC0000813,CUS0000813,Tier2,Low,False,2024-07-09,2026-08-31,Approved
KYC0000814,CUS0000814,Tier1,Low,False,2026-01-14,2027-05-20,Approved
KYC0000815,CUS0000815,Tier2,Medium,False,2025-09-21,2026-08-13,Approved
KYC0000816,CUS0000816,Tier1,Low,False,2026-03-19,2026-08-06,Approved
KYC0000817,CUS0000817,Tier1,Low,False,2024-07-13,2027-10-04,Approved
KYC0000818,CUS0000818,Tier2,Low,False,2025-10-31,2027-01-24,Approved
KYC0000819,CUS0000819,Tier2,Low,False,2026-01-29,2026-12-30,Approved
KYC0000820,CUS0000820,Tier3,Medium,False,2024-06-18,2027-05-28,Approved
KYC0000821,CUS0000821,Tier3,Low,False,2025-12-10,2027-07-20,Approved
KYC0000822,CUS0000822,Tier3,Medium,False,2024-06-17,2027-03-30,Approved
KYC0000823,CUS0000823,Tier2,Low,False,2024-01-15,2027-01-31,Approved
KYC0000824,CUS0000824,Tier1,Low,False,2024-04-21,2026-05-27,Approved
KYC0000825,CUS0000825,Tier1,Low,False,2025-10-07,2027-12-24,Approved
KYC0000826,CUS0000826,Tier2,Low,False,2024-08-30,2026-12-08,Approved
KYC0000827,CUS0000827,Tier2,Low,False,2024-01-01,2026-09-29,Pending
KYC0000828,CUS0000828,Tier2,Low,False,2026-02-16,2026-09-27,Approved
KYC0000829,CUS0000829,Tier3,Low,False,2025-05-08,2027-08-14,Approved
KYC0000830,CUS0000830,Tier1,Low,False,2025-01-23,2027-09-05,Approved
KYC0000831,CUS0000831,Tier1,Low,False,2025-11-22,2027-12-02,Pending
KYC0000832,CUS0000832,Tier1,Low,False,2024-04-14,2027-04-07,Approved
KYC0000833,CUS0000833,Tier2,Low,False,2025-08-13,2027-04-21,Approved
KYC0000834,CUS0000834,Tier1,Low,False,2026-03-01,2027-10-31,Approved
KYC0000835,CUS0000835,Tier2,Low,False,2025-12-25,2027-02-20,Approved
KYC0000836,CUS0000836,Tier1,Low,False,2025-03-21,2027-05-20,Approved
KYC0000837,CUS0000837,Tier1,Low,False,2026-02-05,2027-11-02,Approved
KYC0000838,CUS0000838,Tier2,Low,False,2025-08-15,2026-07-25,Approved
KYC0000839,CUS0000839,Tier1,Low,False,2026-02-09,2027-10-06,Approved
KYC0000840,CUS0000840,Tier1,Low,False,2024-01-22,2027-08-19,Approved
KYC0000841,CUS0000841,Tier1,Low,False,2025-05-29,2027-11-13,Approved
KYC0000842,CUS0000842,Tier1,Low,False,2025-01-04,2027-11-17,Approved
KYC0000843,CUS0000843,Tier1,Low,False,2026-03-25,2026-07-09,Approved
KYC0000844,CUS0000844,Tier1,Medium,False,2025-12-27,2026-07-10,Approved
KYC0000845,CUS0000845,Tier1,Low,False,2026-02-14,2027-07-30,Approved
KYC0000846,CUS0000846,Tier2,Low,False,2024-08-12,2027-10-17,Approved
KYC0000847,CUS0000847,Tier1,Low,False,2025-01-14,2027-01-08,Approved
KYC0000848,CUS0000848,Tier1,Low,False,2025-12-10,2027-10-22,Pending
KYC0000849,CUS0000849,Tier1,Low,False,2024-03-26,2027-10-23,Approved
KYC0000850,CUS0000850,Tier2,Medium,False,2026-04-17,2027-12-01,Approved
KYC0000851,CUS0000851,Tier1,Low,False,2025-09-04,2026-09-22,Approved
KYC0000852,CUS0000852,Tier2,Low,False,2024-11-18,2027-12-25,Approved
KYC0000853,CUS0000853,Tier2,Low,False,2025-04-17,2027-05-23,Approved
KYC0000854,CUS0000854,Tier1,Low,False,2025-01-25,2027-02-20,Approved
KYC0000855,CUS0000855,Tier1,Low,False,2024-07-31,2026-07-25,Approved
KYC0000856,CUS0000856,Tier2,Low,False,2025-03-25,2027-04-15,Approved
KYC0000857,CUS0000857,Tier2,Low,False,2024-05-24,2026-05-04,Approved
KYC0000858,CUS0000858,Tier3,Low,False,2025-06-06,2026-11-08,Approved
KYC0000859,CUS0000859,Tier2,Low,False,2025-04-03,2027-03-15,Approved
KYC0000860,CUS0000860,Tier2,Medium,False,2025-07-30,2026-05-27,Approved
KYC0000861,CUS0000861,Tier1,Low,False,2026-01-01,2027-02-03,Approved
KYC0000862,CUS0000862,Tier2,Medium,False,2026-01-22,2027-06-13,Approved
KYC0000863,CUS0000863,Tier3,Medium,False,2025-10-21,2026-07-16,Approved
KYC0000864,CUS0000864,Tier1,Medium,False,2026-04-01,2027-11-08,Approved
KYC0000865,CUS0000865,Tier1,Low,False,2025-12-04,2027-09-14,Approved
KYC0000866,CUS0000866,Tier1,Low,False,2026-02-14,2027-04-22,Approved
KYC0000867,CUS0000867,Tier1,Medium,False,2025-09-24,2026-10-22,Approved
KYC0000868,CUS0000868,Tier2,Low,False,2025-10-12,2027-02-25,Approved
KYC0000869,CUS0000869,Tier2,Low,False,2025-11-10,2027-07-22,Approved
KYC0000870,CUS0000870,Tier1,Low,False,2024-11-05,2027-09-25,Rejected
KYC0000871,CUS0000871,Tier1,High,False,2024-08-18,2027-05-05,Approved
KYC0000872,CUS0000872,Tier2,Medium,False,2025-05-09,2027-11-26,Approved
KYC0000873,CUS0000873,Tier1,Low,False,2026-03-05,2027-10-27,Approved
KYC0000874,CUS0000874,Tier1,Low,False,2024-08-08,2027-03-02,Approved
KYC0000875,CUS0000875,Tier2,Low,False,2024-08-13,2026-07-17,Approved
KYC0000876,CUS0000876,Tier2,Medium,False,2024-08-01,2026-08-24,Approved
KYC0000877,CUS0000877,Tier2,Low,False,2025-01-26,2027-09-12,Approved
KYC0000878,CUS0000878,Tier1,Low,False,2025-04-10,2027-04-16,Approved
KYC0000879,CUS0000879,Tier1,Low,False,2024-07-15,2026-08-11,Approved
KYC0000880,CUS0000880,Tier1,Low,False,2025-02-06,2026-10-15,Approved
KYC0000881,CUS0000881,Tier2,Low,False,2024-05-03,2027-08-02,Approved
KYC0000882,CUS0000882,Tier2,Low,False,2025-08-16,2027-01-02,Approved
KYC0000883,CUS0000883,Tier2,Low,False,2026-01-17,2026-09-18,Approved
KYC0000884,CUS0000884,Tier3,Low,False,2024-03-17,2026-11-24,Approved
KYC0000885,CUS0000885,Tier1,Low,False,2026-03-15,2026-10-29,Approved
KYC0000886,CUS0000886,Tier1,Medium,False,2024-02-21,2026-10-12,Approved
KYC0000887,CUS0000887,Tier2,Medium,False,2025-12-13,2027-12-06,Approved
KYC0000888,CUS0000888,Tier2,Low,False,2024-03-17,2027-04-27,Approved
KYC0000889,CUS0000889,Tier1,Low,False,2026-01-24,2027-08-16,Approved
KYC0000890,CUS0000890,Tier1,Low,False,2025-08-28,2027-09-07,Approved
KYC0000891,CUS0000891,Tier2,Low,False,2024-09-13,2027-12-21,Approved
KYC0000892,CUS0000892,Tier2,Medium,False,2024-12-31,2027-12-12,Approved
KYC0000893,CUS0000893,Tier2,Low,False,2024-07-07,2027-05-21,Approved
KYC0000894,CUS0000894,Tier2,Medium,False,2024-03-06,2026-07-04,Approved
KYC0000895,CUS0000895,Tier2,Medium,False,2025-04-16,2027-08-28,Approved
KYC0000896,CUS0000896,Tier2,Medium,False,2025-01-15,2026-07-15,Approved
KYC0000897,CUS0000897,Tier2,Low,False,2024-08-24,2027-10-25,Approved
KYC0000898,CUS0000898,Tier1,Low,False,2025-06-16,2027-12-11,Approved
KYC0000899,CUS0000899,Tier1,Low,False,2024-08-19,2026-05-03,Approved
KYC0000900,CUS0000900,Tier2,Low,False,2026-04-13,2026-10-14,Approved
KYC0000901,CUS0000901,Tier3,High,False,2024-02-08,2027-08-10,Approved
KYC0000902,CUS0000902,Tier2,Low,False,2025-06-06,2027-02-13,Approved
KYC0000903,CUS0000903,Tier1,Low,False,2025-11-03,2026-08-20,Approved
KYC0000904,CUS0000904,Tier2,Low,False,2025-04-04,2027-12-29,Approved
KYC0000905,CUS0000905,Tier1,Low,False,2025-10-23,2027-11-07,Approved
KYC0000906,CUS0000906,Tier2,High,False,2026-03-15,2027-02-05,Approved
KYC0000907,CUS0000907,Tier1,Low,True,2025-01-24,2026-08-05,Approved
KYC0000908,CUS0000908,Tier1,Low,False,2024-11-26,2026-10-31,Approved
KYC0000909,CUS0000909,Tier2,High,False,2025-08-06,2027-03-29,Pending
KYC0000910,CUS0000910,Tier2,Low,False,2024-09-01,2026-07-09,Approved
KYC0000911,CUS0000911,Tier1,Medium,False,2024-06-13,2026-08-16,Approved
KYC0000912,CUS0000912,Tier1,Low,False,2025-10-03,2027-07-24,Approved
KYC0000913,CUS0000913,Tier1,High,False,2024-11-15,2026-11-04,Pending
KYC0000914,CUS0000914,Tier2,Low,False,2025-01-30,2027-12-08,Approved
KYC0000915,CUS0000915,Tier1,Low,False,2024-06-07,2027-05-31,Approved
KYC0000916,CUS0000916,Tier2,Low,False,2025-09-27,2027-11-13,Approved
KYC0000917,CUS0000917,Tier1,Low,False,2025-06-03,2027-03-23,Approved
KYC0000918,CUS0000918,Tier1,Medium,False,2024-06-09,2026-09-17,Approved
KYC0000919,CUS0000919,Tier1,Medium,False,2024-11-13,2027-06-22,Approved
KYC0000920,CUS0000920,Tier2,Medium,False,2026-02-03,2026-07-08,Approved
KYC0000921,CUS0000921,Tier2,Low,False,2024-05-27,2026-08-07,Approved
KYC0000922,CUS0000922,Tier1,Low,False,2025-01-18,2027-02-17,Approved
KYC0000923,CUS0000923,Tier2,Low,False,2025-06-29,2026-09-28,Approved
KYC0000924,CUS0000924,Tier1,Medium,False,2024-01-22,2026-10-20,Approved
KYC0000925,CUS0000925,Tier3,Low,False,2025-11-10,2026-07-17,Approved
KYC0000926,CUS0000926,Tier2,Low,False,2024-09-28,2026-05-09,Approved
KYC0000927,CUS0000927,Tier2,Low,False,2025-12-06,2027-06-05,Approved
KYC0000928,CUS0000928,Tier1,Low,False,2025-08-30,2027-10-13,Approved
KYC0000929,CUS0000929,Tier2,Low,False,2025-08-13,2026-10-18,Approved
KYC0000930,CUS0000930,Tier2,Low,False,2024-12-05,2027-05-28,Approved
KYC0000931,CUS0000931,Tier2,Medium,False,2024-07-23,2026-12-07,Approved
KYC0000932,CUS0000932,Tier1,Low,False,2025-01-11,2027-09-24,Approved
KYC0000933,CUS0000933,Tier2,Low,False,2024-07-28,2027-03-05,Approved
KYC0000934,CUS0000934,Tier1,High,False,2026-03-30,2026-12-07,Approved
KYC0000935,CUS0000935,Tier1,Low,False,2024-01-29,2026-06-07,Approved
KYC0000936,CUS0000936,Tier2,Low,False,2025-12-06,2026-07-30,Pending
KYC0000937,CUS0000937,Tier2,Low,False,2026-02-06,2027-09-24,Approved
KYC0000938,CUS0000938,Tier1,Low,False,2024-06-10,2026-08-14,Pending
KYC0000939,CUS0000939,Tier1,Medium,False,2024-11-11,2027-04-08,Approved
KYC0000940,CUS0000940,Tier3,Medium,False,2024-09-07,2026-06-22,Approved
KYC0000941,CUS0000941,Tier1,Low,False,2026-01-14,2027-08-20,Approved
KYC0000942,CUS0000942,Tier1,Medium,False,2024-03-13,2026-11-26,Approved
KYC0000943,CUS0000943,Tier2,Low,False,2024-08-10,2026-12-08,Approved
KYC0000944,CUS0000944,Tier2,Medium,False,2025-01-11,2026-07-14,Approved
KYC0000945,CUS0000945,Tier1,Low,False,2025-04-10,2027-06-20,Approved
KYC0000946,CUS0000946,Tier3,High,False,2025-05-16,2027-07-05,Approved
KYC0000947,CUS0000947,Tier1,Medium,False,2025-09-27,2027-10-22,Approved
KYC0000948,CUS0000948,Tier2,Low,False,2025-08-11,2026-12-15,Approved
KYC0000949,CUS0000949,Tier2,Low,False,2025-06-17,2027-11-27,Approved
KYC0000950,CUS0000950,Tier1,Low,False,2024-10-28,2027-12-02,Approved
KYC0000951,CUS0000951,Tier1,Low,False,2025-01-27,2027-03-22,Approved
KYC0000952,CUS0000952,Tier2,Low,False,2024-04-16,2026-10-25,Approved
KYC0000953,CUS0000953,Tier1,Low,False,2024-03-31,2027-02-16,Approved
KYC0000954,CUS0000954,Tier2,Low,False,2025-11-19,2027-04-17,Approved
KYC0000955,CUS0000955,Tier3,Medium,False,2025-10-03,2026-10-16,Approved
KYC0000956,CUS0000956,Tier2,Low,False,2025-02-04,2027-10-26,Approved
KYC0000957,CUS0000957,Tier2,Medium,False,2024-02-12,2027-11-24,Approved
KYC0000958,CUS0000958,Tier1,Low,False,2024-12-09,2027-09-18,Rejected
KYC0000959,CUS0000959,Tier1,Low,False,2024-09-14,2027-03-21,Approved
KYC0000960,CUS0000960,Tier1,Low,False,2024-01-08,2026-09-07,Approved
KYC0000961,CUS0000961,Tier2,Low,False,2025-05-04,2027-04-02,Approved
KYC0000962,CUS0000962,Tier2,Low,False,2025-09-20,2027-11-28,Approved
KYC0000963,CUS0000963,Tier2,Low,False,2024-10-19,2027-12-17,Approved
KYC0000964,CUS0000964,Tier2,Low,False,2024-06-12,2027-02-01,Approved
KYC0000965,CUS0000965,Tier1,Medium,False,2024-10-29,2026-10-30,Approved
KYC0000966,CUS0000966,Tier1,Medium,False,2025-10-12,2026-07-10,Approved
KYC0000967,CUS0000967,Tier1,Medium,False,2024-05-12,2026-10-31,Approved
KYC0000968,CUS0000968,Tier2,Medium,False,2026-01-05,2027-01-15,Approved
KYC0000969,CUS0000969,Tier2,Low,False,2026-03-18,2027-09-29,Pending
KYC0000970,CUS0000970,Tier2,Low,False,2025-12-25,2026-05-10,Approved
KYC0000971,CUS0000971,Tier1,Low,False,2024-08-25,2027-09-19,Approved
KYC0000972,CUS0000972,Tier1,Low,False,2024-05-05,2026-05-15,Approved
KYC0000973,CUS0000973,Tier1,Low,False,2026-02-12,2027-06-13,Approved
KYC0000974,CUS0000974,Tier2,Low,False,2024-06-30,2027-08-20,Approved
KYC0000975,CUS0000975,Tier2,Low,False,2024-02-13,2027-06-24,Approved
KYC0000976,CUS0000976,Tier2,Medium,False,2024-08-27,2026-07-27,Approved
KYC0000977,CUS0000977,Tier3,Low,False,2025-01-30,2027-04-03,Approved
KYC0000978,CUS0000978,Tier2,Low,False,2025-08-26,2026-07-17,Pending
KYC0000979,CUS0000979,Tier2,Medium,False,2025-09-27,2026-06-03,Approved
KYC0000980,CUS0000980,Tier2,Low,False,2024-03-06,2027-09-13,Approved
KYC0000981,CUS0000981,Tier1,Medium,False,2025-06-14,2026-06-23,Approved
KYC0000982,CUS0000982,Tier2,Low,False,2024-01-08,2026-12-28,Approved
KYC0000983,CUS0000983,Tier1,Low,False,2024-08-14,2026-07-20,Approved
KYC0000984,CUS0000984,Tier1,Low,False,2025-04-23,2027-04-18,Approved
KYC0000985,CUS0000985,Tier1,Low,False,2024-09-06,2026-05-01,Approved
KYC0000986,CUS0000986,Tier2,Low,False,2024-01-31,2026-05-13,Approved
KYC0000987,CUS0000987,Tier2,Medium,False,2024-07-17,2026-07-29,Approved
KYC0000988,CUS0000988,Tier1,Low,False,2025-12-16,2026-06-28,Approved
KYC0000989,CUS0000989,Tier2,Low,False,2024-11-01,2027-07-17,Approved
KYC0000990,CUS0000990,Tier1,Low,False,2024-01-16,2026-12-01,Approved
KYC0000991,CUS0000991,Tier2,Low,False,2026-04-30,2027-12-14,Approved
KYC0000992,CUS0000992,Tier1,Low,False,2024-07-23,2026-10-27,Approved
KYC0000993,CUS0000993,Tier1,Low,False,2024-01-21,2027-10-09,Approved
KYC0000994,CUS0000994,Tier2,Low,False,2024-06-07,2027-10-04,Approved
KYC0000995,CUS0000995,Tier2,Low,False,2024-08-26,2026-05-31,Approved
KYC0000996,CUS0000996,Tier1,Medium,False,2026-02-08,2026-08-25,Approved
KYC0000997,CUS0000997,Tier1,Low,False,2024-08-11,2026-08-26,Approved
KYC0000998,CUS0000998,Tier2,Medium,False,2026-02-17,2027-02-01,Approved
KYC0000999,CUS0000999,Tier3,Low,False,2025-07-25,2026-10-17,Approved
KYC0001000,CUS0001000,Tier2,Low,False,2025-07-26,2027-07-10,Approved
KYC0001001,CUS0001001,Tier1,Low,False,2024-07-19,2027-10-05,Approved
KYC0001002,CUS0001002,Tier2,Medium,False,2025-06-30,2026-10-04,Approved
KYC0001003,CUS0001003,Tier2,Low,False,2025-06-23,2027-03-05,Approved
KYC0001004,CUS0001004,Tier1,Medium,False,2025-11-07,2026-10-01,Approved
KYC0001005,CUS0001005,Tier2,Low,False,2024-10-23,2026-10-11,Approved
KYC0001006,CUS0001006,Tier1,Low,False,2025-03-14,2026-08-24,Approved
KYC0001007,CUS0001007,Tier2,Low,False,2025-01-25,2026-06-21,Approved
KYC0001008,CUS0001008,Tier1,Low,False,2024-08-09,2027-03-31,Approved
KYC0001009,CUS0001009,Tier1,Low,False,2025-05-31,2027-11-20,Approved
KYC0001010,CUS0001010,Tier1,Low,False,2025-12-15,2027-06-30,Approved
KYC0001011,CUS0001011,Tier2,Low,False,2024-05-13,2027-12-18,Approved
KYC0001012,CUS0001012,Tier1,Low,False,2025-10-23,2027-05-03,Approved
KYC0001013,CUS0001013,Tier2,Low,False,2026-01-21,2027-03-15,Approved
KYC0001014,CUS0001014,Tier2,Low,False,2026-04-19,2027-03-15,Approved
KYC0001015,CUS0001015,Tier2,Medium,False,2026-03-12,2027-12-13,Approved
KYC0001016,CUS0001016,Tier1,Low,False,2024-11-22,2027-04-11,Approved
KYC0001017,CUS0001017,Tier1,Medium,False,2025-12-03,2026-08-12,Approved
KYC0001018,CUS0001018,Tier3,Low,False,2024-12-12,2027-09-22,Approved
KYC0001019,CUS0001019,Tier2,Low,False,2025-05-30,2026-07-13,Approved
KYC0001020,CUS0001020,Tier2,Low,False,2024-12-06,2026-05-27,Approved
KYC0001021,CUS0001021,Tier1,Medium,False,2025-12-17,2027-04-17,Approved
KYC0001022,CUS0001022,Tier1,Low,False,2024-02-03,2026-12-15,Approved
KYC0001023,CUS0001023,Tier1,Medium,False,2025-01-02,2027-08-19,Approved
KYC0001024,CUS0001024,Tier2,High,False,2024-02-26,2027-10-25,Approved
KYC0001025,CUS0001025,Tier1,Low,False,2024-12-11,2026-09-12,Approved
KYC0001026,CUS0001026,Tier1,Low,False,2025-11-24,2026-05-21,Approved
KYC0001027,CUS0001027,Tier2,Low,False,2024-08-20,2026-05-04,Approved
KYC0001028,CUS0001028,Tier1,Low,True,2024-05-09,2026-10-07,Approved
KYC0001029,CUS0001029,Tier1,Low,False,2025-11-29,2026-05-06,Pending
KYC0001030,CUS0001030,Tier3,High,False,2024-08-19,2026-09-24,Approved
KYC0001031,CUS0001031,Tier2,Low,False,2025-12-17,2027-10-01,Approved
KYC0001032,CUS0001032,Tier1,Medium,False,2024-01-27,2027-11-08,Approved
KYC0001033,CUS0001033,Tier1,Low,False,2025-02-21,2026-12-20,Approved
KYC0001034,CUS0001034,Tier2,Low,False,2024-03-24,2026-09-25,Approved
KYC0001035,CUS0001035,Tier1,High,False,2024-03-02,2026-05-17,Pending
KYC0001036,CUS0001036,Tier1,Low,False,2025-04-02,2026-06-30,Approved
KYC0001037,CUS0001037,Tier1,Low,False,2025-12-11,2027-07-04,Approved
KYC0001038,CUS0001038,Tier1,Low,False,2025-05-22,2026-12-08,Approved
KYC0001039,CUS0001039,Tier1,Medium,False,2024-08-23,2027-10-04,Approved
KYC0001040,CUS0001040,Tier1,Low,False,2026-02-06,2027-02-22,Approved
KYC0001041,CUS0001041,Tier1,Low,False,2026-01-26,2026-06-29,Approved
KYC0001042,CUS0001042,Tier1,Medium,False,2026-02-20,2026-11-13,Approved
KYC0001043,CUS0001043,Tier2,Low,False,2025-07-28,2027-09-01,Approved
KYC0001044,CUS0001044,Tier1,Medium,False,2025-11-13,2027-10-08,Approved
KYC0001045,CUS0001045,Tier1,Medium,False,2025-07-04,2027-05-19,Approved
KYC0001046,CUS0001046,Tier3,Low,False,2025-03-09,2027-05-21,Approved
KYC0001047,CUS0001047,Tier2,Low,False,2025-10-18,2027-03-22,Approved
KYC0001048,CUS0001048,Tier2,Low,False,2025-03-11,2026-09-05,Approved
KYC0001049,CUS0001049,Tier1,Low,False,2025-10-27,2027-10-29,Approved
KYC0001050,CUS0001050,Tier1,Medium,False,2025-03-23,2026-07-24,Approved
KYC0001051,CUS0001051,Tier1,Low,False,2024-11-15,2026-08-26,Approved
KYC0001052,CUS0001052,Tier2,Medium,False,2024-04-04,2027-10-16,Approved
KYC0001053,CUS0001053,Tier1,Medium,False,2024-12-25,2027-12-05,Approved
KYC0001054,CUS0001054,Tier3,Low,False,2025-08-17,2026-11-06,Approved
KYC0001055,CUS0001055,Tier2,Low,False,2025-01-20,2026-06-24,Approved
KYC0001056,CUS0001056,Tier3,Low,False,2024-02-07,2027-05-06,Approved
KYC0001057,CUS0001057,Tier3,Low,False,2024-11-19,2027-05-21,Approved
KYC0001058,CUS0001058,Tier1,Medium,False,2024-08-20,2026-12-06,Approved
KYC0001059,CUS0001059,Tier2,Medium,False,2024-10-12,2026-05-14,Approved
KYC0001060,CUS0001060,Tier2,Low,False,2025-09-30,2027-08-11,Approved
KYC0001061,CUS0001061,Tier3,Low,False,2024-08-07,2027-05-14,Approved
KYC0001062,CUS0001062,Tier3,Low,False,2024-09-17,2026-10-26,Approved
KYC0001063,CUS0001063,Tier2,Low,False,2025-01-24,2027-05-01,Approved
KYC0001064,CUS0001064,Tier2,Low,False,2025-11-16,2026-07-14,Approved
KYC0001065,CUS0001065,Tier1,Medium,False,2025-12-03,2027-06-21,Pending
KYC0001066,CUS0001066,Tier1,Low,False,2025-04-04,2026-11-25,Approved
KYC0001067,CUS0001067,Tier2,Low,False,2025-10-08,2027-07-28,Approved
KYC0001068,CUS0001068,Tier1,Medium,False,2026-01-25,2026-06-26,Approved
KYC0001069,CUS0001069,Tier1,Low,False,2024-10-15,2027-08-13,Approved
KYC0001070,CUS0001070,Tier1,Medium,False,2025-04-19,2027-05-14,Approved
KYC0001071,CUS0001071,Tier2,Low,False,2026-01-14,2027-11-09,Approved
KYC0001072,CUS0001072,Tier1,Low,False,2025-02-13,2026-06-04,Approved
KYC0001073,CUS0001073,Tier3,Low,False,2025-05-04,2027-02-24,Approved
KYC0001074,CUS0001074,Tier2,Low,False,2024-12-14,2027-02-24,Approved
KYC0001075,CUS0001075,Tier2,Low,False,2025-08-14,2027-06-11,Approved
KYC0001076,CUS0001076,Tier2,Medium,False,2024-04-06,2027-03-11,Approved
KYC0001077,CUS0001077,Tier2,Low,False,2024-05-08,2027-06-02,Approved
KYC0001078,CUS0001078,Tier2,Low,False,2025-03-15,2027-01-26,Approved
KYC0001079,CUS0001079,Tier1,Low,False,2024-07-18,2027-05-18,Approved
KYC0001080,CUS0001080,Tier1,Low,False,2024-09-21,2027-01-01,Approved
KYC0001081,CUS0001081,Tier1,Medium,False,2024-03-02,2027-01-18,Approved
KYC0001082,CUS0001082,Tier3,Low,False,2025-03-19,2027-12-20,Approved
KYC0001083,CUS0001083,Tier2,High,False,2025-11-09,2026-07-25,Approved
KYC0001084,CUS0001084,Tier1,Low,False,2024-10-30,2027-12-12,Approved
KYC0001085,CUS0001085,Tier2,Low,False,2024-10-09,2027-04-08,Approved
KYC0001086,CUS0001086,Tier1,Low,False,2025-01-27,2027-12-06,Approved
KYC0001087,CUS0001087,Tier1,Low,False,2024-06-14,2027-04-28,Approved
KYC0001088,CUS0001088,Tier2,Low,False,2026-02-24,2027-06-30,Approved
KYC0001089,CUS0001089,Tier1,Low,False,2024-06-10,2027-04-15,Approved
KYC0001090,CUS0001090,Tier1,Low,False,2025-01-05,2027-05-23,Approved
KYC0001091,CUS0001091,Tier2,Low,False,2024-07-31,2027-03-13,Approved
KYC0001092,CUS0001092,Tier2,Low,False,2025-05-12,2026-09-11,Approved
KYC0001093,CUS0001093,Tier1,Low,False,2025-03-31,2027-05-18,Approved
KYC0001094,CUS0001094,Tier2,Low,False,2025-12-03,2027-03-17,Pending
KYC0001095,CUS0001095,Tier1,Low,False,2025-10-17,2027-11-09,Approved
KYC0001096,CUS0001096,Tier1,Medium,False,2024-01-31,2027-01-19,Approved
KYC0001097,CUS0001097,Tier2,Low,False,2025-07-11,2027-02-14,Approved
KYC0001098,CUS0001098,Tier2,Medium,False,2025-10-21,2026-06-22,Approved
KYC0001099,CUS0001099,Tier1,High,False,2025-07-03,2027-06-13,Approved
KYC0001100,CUS0001100,Tier3,Medium,False,2024-10-22,2026-08-12,Approved
KYC0001101,CUS0001101,Tier1,Low,False,2024-11-25,2027-02-15,Approved
KYC0001102,CUS0001102,Tier1,Low,False,2026-04-27,2027-10-25,Approved
KYC0001103,CUS0001103,Tier3,Low,False,2025-07-19,2026-08-26,Approved
KYC0001104,CUS0001104,Tier2,Low,False,2024-11-17,2026-11-11,Approved
KYC0001105,CUS0001105,Tier2,Low,False,2025-06-16,2027-06-07,Pending
KYC0001106,CUS0001106,Tier1,Low,False,2026-03-03,2027-02-07,Approved
KYC0001107,CUS0001107,Tier1,Low,True,2025-05-22,2027-06-07,Approved
KYC0001108,CUS0001108,Tier1,Low,False,2024-07-26,2026-08-14,Approved
KYC0001109,CUS0001109,Tier2,Low,False,2024-04-09,2027-03-15,Approved
KYC0001110,CUS0001110,Tier2,Low,False,2025-03-02,2026-11-16,Approved
KYC0001111,CUS0001111,Tier2,Low,False,2024-09-18,2027-10-31,Approved
KYC0001112,CUS0001112,Tier2,Medium,False,2024-08-04,2027-10-12,Approved
KYC0001113,CUS0001113,Tier1,Low,False,2024-02-15,2027-12-25,Approved
KYC0001114,CUS0001114,Tier2,High,False,2025-09-26,2027-07-10,Approved
KYC0001115,CUS0001115,Tier1,Low,False,2025-08-02,2026-05-13,Approved
KYC0001116,CUS0001116,Tier1,Low,False,2025-05-17,2027-11-21,Pending
KYC0001117,CUS0001117,Tier1,Low,False,2025-07-26,2026-07-12,Approved
KYC0001118,CUS0001118,Tier1,Low,False,2024-10-09,2027-11-08,Approved
KYC0001119,CUS0001119,Tier2,Low,False,2025-03-05,2027-09-27,Approved
KYC0001120,CUS0001120,Tier1,Medium,False,2026-01-07,2026-10-16,Approved
KYC0001121,CUS0001121,Tier1,Low,False,2024-11-02,2026-07-05,Approved
KYC0001122,CUS0001122,Tier1,Low,False,2026-02-04,2027-01-15,Approved
KYC0001123,CUS0001123,Tier2,Low,False,2025-10-29,2026-07-18,Approved
KYC0001124,CUS0001124,Tier1,Low,False,2024-08-24,2027-05-28,Approved
KYC0001125,CUS0001125,Tier1,Low,False,2025-07-03,2027-01-09,Approved
KYC0001126,CUS0001126,Tier1,Low,False,2025-05-12,2026-08-12,Approved
KYC0001127,CUS0001127,Tier1,Medium,False,2024-01-22,2027-01-03,Approved
KYC0001128,CUS0001128,Tier1,Low,False,2026-02-28,2026-11-20,Approved
KYC0001129,CUS0001129,Tier1,Medium,False,2024-09-17,2026-07-15,Approved
KYC0001130,CUS0001130,Tier2,Low,False,2025-07-07,2026-11-29,Approved
KYC0001131,CUS0001131,Tier2,Low,False,2026-02-16,2027-10-01,Approved
KYC0001132,CUS0001132,Tier2,Low,False,2025-07-20,2026-09-12,Approved
KYC0001133,CUS0001133,Tier1,Low,False,2025-04-20,2027-11-16,Approved
KYC0001134,CUS0001134,Tier1,High,False,2025-11-17,2026-11-14,Approved
KYC0001135,CUS0001135,Tier1,Medium,False,2026-02-09,2026-06-02,Approved
KYC0001136,CUS0001136,Tier2,Medium,False,2024-11-06,2026-11-27,Rejected
KYC0001137,CUS0001137,Tier1,Low,False,2024-12-18,2027-06-15,Approved
KYC0001138,CUS0001138,Tier1,Low,False,2026-04-14,2027-01-15,Approved
KYC0001139,CUS0001139,Tier1,Low,False,2025-03-13,2027-11-01,Approved
KYC0001140,CUS0001140,Tier2,Low,False,2025-04-01,2027-10-24,Pending
KYC0001141,CUS0001141,Tier1,Medium,False,2024-11-14,2027-06-16,Approved
KYC0001142,CUS0001142,Tier1,Medium,False,2025-10-30,2026-05-21,Approved
KYC0001143,CUS0001143,Tier2,Low,False,2024-05-28,2027-07-11,Approved
KYC0001144,CUS0001144,Tier1,Low,False,2025-08-06,2027-10-31,Approved
KYC0001145,CUS0001145,Tier2,Medium,False,2025-02-02,2027-02-17,Approved
KYC0001146,CUS0001146,Tier3,Low,False,2025-12-16,2026-05-12,Approved
KYC0001147,CUS0001147,Tier1,Low,False,2025-11-12,2027-06-15,Approved
KYC0001148,CUS0001148,Tier1,Medium,False,2026-04-05,2026-06-14,Approved
KYC0001149,CUS0001149,Tier1,Low,False,2024-01-29,2027-12-18,Approved
KYC0001150,CUS0001150,Tier2,Low,False,2024-07-30,2027-05-20,Approved
KYC0001151,CUS0001151,Tier1,Low,False,2025-11-03,2027-09-22,Approved
KYC0001152,CUS0001152,Tier1,Medium,True,2024-05-12,2027-05-28,Approved
KYC0001153,CUS0001153,Tier1,Low,False,2024-02-07,2026-12-24,Approved
KYC0001154,CUS0001154,Tier2,Low,False,2024-10-30,2027-10-22,Approved
KYC0001155,CUS0001155,Tier2,Low,False,2024-10-06,2027-08-21,Approved
KYC0001156,CUS0001156,Tier2,Medium,False,2024-08-31,2027-03-01,Approved
KYC0001157,CUS0001157,Tier2,Low,False,2026-03-04,2027-12-23,Approved
KYC0001158,CUS0001158,Tier1,Low,False,2024-02-02,2027-11-01,Approved
KYC0001159,CUS0001159,Tier2,Low,False,2024-09-03,2026-05-06,Approved
KYC0001160,CUS0001160,Tier2,Low,False,2025-02-08,2027-03-20,Approved
KYC0001161,CUS0001161,Tier2,Low,False,2024-04-08,2027-01-22,Approved
KYC0001162,CUS0001162,Tier2,Low,False,2024-04-21,2027-06-04,Approved
KYC0001163,CUS0001163,Tier2,High,False,2024-08-25,2026-11-15,Approved
KYC0001164,CUS0001164,Tier2,Low,False,2024-01-13,2027-12-17,Approved
KYC0001165,CUS0001165,Tier3,Low,False,2024-05-08,2027-04-23,Approved
KYC0001166,CUS0001166,Tier1,Medium,False,2026-01-16,2027-08-02,Approved
KYC0001167,CUS0001167,Tier2,Medium,False,2025-06-03,2027-08-14,Rejected
KYC0001168,CUS0001168,Tier1,Low,False,2024-05-17,2027-11-05,Approved
KYC0001169,CUS0001169,Tier1,Low,False,2025-09-22,2027-04-04,Approved
KYC0001170,CUS0001170,Tier2,Low,False,2024-09-02,2027-09-07,Approved
KYC0001171,CUS0001171,Tier2,Medium,False,2024-11-11,2026-05-09,Approved
KYC0001172,CUS0001172,Tier3,Medium,False,2024-04-12,2027-05-17,Approved
KYC0001173,CUS0001173,Tier1,Low,False,2025-03-23,2027-03-16,Approved
KYC0001174,CUS0001174,Tier1,Low,False,2025-11-03,2027-10-02,Approved
KYC0001175,CUS0001175,Tier1,Low,False,2024-03-06,2026-06-27,Approved
KYC0001176,CUS0001176,Tier1,Low,False,2025-10-08,2027-04-25,Approved
KYC0001177,CUS0001177,Tier1,Low,False,2024-11-07,2026-07-06,Pending
KYC0001178,CUS0001178,Tier1,Low,False,2024-10-03,2027-07-23,Approved
KYC0001179,CUS0001179,Tier2,Medium,False,2025-12-12,2026-06-20,Approved
KYC0001180,CUS0001180,Tier1,High,False,2025-07-08,2026-09-22,Approved
KYC0001181,CUS0001181,Tier2,Medium,False,2025-11-02,2027-04-27,Approved
KYC0001182,CUS0001182,Tier2,Low,False,2025-09-22,2027-06-08,Approved
KYC0001183,CUS0001183,Tier1,Low,False,2024-09-07,2027-03-21,Pending
KYC0001184,CUS0001184,Tier3,Medium,False,2024-11-10,2026-12-12,Approved
KYC0001185,CUS0001185,Tier1,Medium,False,2024-07-26,2026-07-06,Approved
KYC0001186,CUS0001186,Tier1,Low,False,2026-03-25,2027-04-12,Approved
KYC0001187,CUS0001187,Tier2,Low,False,2026-02-01,2026-10-08,Approved
KYC0001188,CUS0001188,Tier3,Low,False,2025-04-06,2026-09-13,Approved
KYC0001189,CUS0001189,Tier1,Low,False,2024-04-15,2026-10-24,Approved
KYC0001190,CUS0001190,Tier3,Low,False,2025-08-07,2027-04-30,Approved
KYC0001191,CUS0001191,Tier2,Low,False,2025-04-29,2026-09-30,Approved
KYC0001192,CUS0001192,Tier3,Medium,False,2024-05-19,2027-07-07,Approved
KYC0001193,CUS0001193,Tier1,Medium,False,2025-03-22,2027-03-09,Approved
KYC0001194,CUS0001194,Tier1,Medium,False,2024-01-30,2027-07-13,Approved
KYC0001195,CUS0001195,Tier2,Medium,False,2025-05-07,2026-06-04,Approved
KYC0001196,CUS0001196,Tier1,Medium,False,2025-12-28,2027-10-28,Pending
KYC0001197,CUS0001197,Tier1,Low,False,2025-09-11,2027-06-30,Pending
KYC0001198,CUS0001198,Tier2,Low,False,2025-10-28,2026-08-28,Approved
KYC0001199,CUS0001199,Tier1,Low,False,2024-04-06,2026-09-28,Approved
KYC0001200,CUS0001200,Tier2,Low,False,2025-11-12,2027-07-16,Approved
KYC0001201,CUS0001201,Tier2,Low,False,2025-12-29,2027-02-02,Approved
KYC0001202,CUS0001202,Tier2,Low,False,2025-05-25,2027-04-26,Approved
KYC0001203,CUS0001203,Tier1,Low,False,2025-11-10,2027-09-06,Approved
KYC0001204,CUS0001204,Tier2,Low,False,2026-01-03,2027-06-10,Approved
KYC0001205,CUS0001205,Tier1,Low,False,2025-10-31,2026-07-21,Approved
KYC0001206,CUS0001206,Tier1,Low,False,2024-04-13,2027-02-08,Approved
KYC0001207,CUS0001207,Tier1,Low,False,2025-07-12,2027-03-03,Approved
KYC0001208,CUS0001208,Tier1,Low,False,2024-02-16,2027-10-06,Approved
KYC0001209,CUS0001209,Tier1,High,False,2024-11-07,2027-03-07,Approved
KYC0001210,CUS0001210,Tier3,Low,False,2026-02-17,2027-09-16,Approved
KYC0001211,CUS0001211,Tier2,Medium,False,2025-12-02,2027-03-13,Approved
KYC0001212,CUS0001212,Tier1,Low,False,2025-11-03,2027-01-22,Approved
KYC0001213,CUS0001213,Tier3,Low,False,2024-02-26,2026-12-15,Approved
KYC0001214,CUS0001214,Tier3,Low,False,2024-04-21,2027-06-26,Approved
KYC0001215,CUS0001215,Tier1,Medium,False,2024-11-16,2027-01-11,Approved
KYC0001216,CUS0001216,Tier1,Low,False,2025-11-14,2027-11-07,Approved
KYC0001217,CUS0001217,Tier1,Low,False,2025-04-21,2026-11-28,Approved
KYC0001218,CUS0001218,Tier1,Low,False,2024-01-27,2027-09-21,Approved
KYC0001219,CUS0001219,Tier2,Low,False,2025-02-13,2027-08-18,Approved
KYC0001220,CUS0001220,Tier3,Low,False,2025-08-14,2026-05-01,Approved
KYC0001221,CUS0001221,Tier1,Low,False,2024-11-04,2026-07-11,Approved
KYC0001222,CUS0001222,Tier1,Low,False,2024-07-23,2027-03-19,Approved
KYC0001223,CUS0001223,Tier2,High,False,2025-06-01,2026-06-05,Approved
KYC0001224,CUS0001224,Tier1,Low,False,2024-06-13,2026-10-12,Approved
KYC0001225,CUS0001225,Tier2,Low,False,2025-04-09,2026-12-04,Approved
KYC0001226,CUS0001226,Tier1,Medium,False,2025-07-17,2027-04-30,Approved
KYC0001227,CUS0001227,Tier1,Low,False,2024-04-04,2027-02-06,Approved
KYC0001228,CUS0001228,Tier2,Low,False,2024-04-29,2027-01-03,Approved
KYC0001229,CUS0001229,Tier1,Low,False,2025-04-18,2027-03-29,Approved
KYC0001230,CUS0001230,Tier1,Low,False,2025-06-30,2026-05-08,Approved
KYC0001231,CUS0001231,Tier3,Low,False,2024-02-24,2027-10-01,Approved
KYC0001232,CUS0001232,Tier3,High,False,2025-09-24,2026-05-24,Approved
KYC0001233,CUS0001233,Tier1,High,False,2025-04-12,2027-01-01,Approved
KYC0001234,CUS0001234,Tier3,Low,False,2024-02-02,2027-03-10,Approved
KYC0001235,CUS0001235,Tier3,Low,False,2024-05-28,2027-05-29,Approved
KYC0001236,CUS0001236,Tier1,Medium,False,2025-10-05,2026-09-22,Approved
KYC0001237,CUS0001237,Tier2,Low,False,2024-10-13,2027-08-02,Approved
KYC0001238,CUS0001238,Tier1,Medium,False,2025-07-10,2026-10-22,Approved
KYC0001239,CUS0001239,Tier3,Medium,False,2026-01-31,2026-06-18,Approved
KYC0001240,CUS0001240,Tier1,Low,False,2024-08-22,2027-09-06,Approved
KYC0001241,CUS0001241,Tier2,Low,False,2025-01-02,2027-01-20,Approved
KYC0001242,CUS0001242,Tier1,Low,False,2024-06-30,2027-06-09,Pending
KYC0001243,CUS0001243,Tier2,Low,False,2024-08-13,2027-03-15,Approved
KYC0001244,CUS0001244,Tier2,Low,False,2024-12-08,2027-08-07,Approved
KYC0001245,CUS0001245,Tier1,Low,False,2026-02-13,2027-01-24,Approved
KYC0001246,CUS0001246,Tier1,Low,False,2026-04-05,2026-09-06,Approved
KYC0001247,CUS0001247,Tier2,Low,False,2025-01-23,2026-10-26,Approved
KYC0001248,CUS0001248,Tier2,Medium,False,2026-02-08,2026-11-22,Approved
KYC0001249,CUS0001249,Tier1,Low,False,2024-12-08,2027-09-20,Approved
KYC0001250,CUS0001250,Tier1,Low,False,2025-08-02,2027-11-21,Approved
KYC0001251,CUS0001251,Tier1,Low,False,2025-02-10,2027-08-13,Rejected
KYC0001252,CUS0001252,Tier1,Low,False,2025-02-16,2027-04-08,Approved
KYC0001253,CUS0001253,Tier1,Medium,False,2025-11-05,2026-06-16,Approved
KYC0001254,CUS0001254,Tier2,Low,False,2024-11-25,2027-08-13,Approved
KYC0001255,CUS0001255,Tier3,Low,False,2024-10-24,2027-02-23,Approved
KYC0001256,CUS0001256,Tier1,Medium,False,2025-10-03,2027-10-01,Approved
KYC0001257,CUS0001257,Tier2,Low,False,2024-09-09,2026-05-06,Approved
KYC0001258,CUS0001258,Tier2,Low,False,2024-04-11,2027-12-12,Approved
KYC0001259,CUS0001259,Tier1,Medium,False,2024-10-07,2026-07-23,Approved
KYC0001260,CUS0001260,Tier1,Medium,False,2024-11-02,2027-03-27,Approved
KYC0001261,CUS0001261,Tier1,Low,False,2024-08-06,2027-12-31,Approved
KYC0001262,CUS0001262,Tier1,Low,False,2025-07-24,2026-05-07,Approved
KYC0001263,CUS0001263,Tier2,Low,False,2024-12-05,2026-05-06,Approved
KYC0001264,CUS0001264,Tier1,Low,False,2025-06-10,2027-02-02,Approved
KYC0001265,CUS0001265,Tier2,Low,False,2026-04-10,2027-06-14,Approved
KYC0001266,CUS0001266,Tier1,Low,False,2026-03-03,2027-08-06,Approved
KYC0001267,CUS0001267,Tier1,Low,False,2026-04-03,2027-11-10,Approved
KYC0001268,CUS0001268,Tier3,Low,False,2026-03-05,2027-03-30,Approved
KYC0001269,CUS0001269,Tier2,Low,False,2024-04-09,2027-03-12,Approved
KYC0001270,CUS0001270,Tier1,Low,False,2024-04-06,2026-10-24,Approved
KYC0001271,CUS0001271,Tier1,Low,False,2024-11-28,2027-01-26,Approved
KYC0001272,CUS0001272,Tier3,Low,False,2026-01-18,2026-11-09,Approved
KYC0001273,CUS0001273,Tier1,Low,False,2026-03-03,2026-05-08,Pending
KYC0001274,CUS0001274,Tier2,Low,False,2024-02-26,2027-04-03,Approved
KYC0001275,CUS0001275,Tier1,Low,False,2026-02-01,2026-06-01,Approved
KYC0001276,CUS0001276,Tier1,Low,False,2025-09-10,2026-05-05,Approved
KYC0001277,CUS0001277,Tier1,Low,False,2025-03-30,2027-10-30,Approved
KYC0001278,CUS0001278,Tier2,Medium,False,2024-12-01,2026-12-13,Approved
KYC0001279,CUS0001279,Tier2,Medium,False,2025-05-23,2027-11-27,Approved
KYC0001280,CUS0001280,Tier3,Low,False,2025-08-06,2027-10-01,Approved
KYC0001281,CUS0001281,Tier3,Medium,False,2025-04-08,2026-06-03,Approved
KYC0001282,CUS0001282,Tier2,Low,False,2025-07-13,2027-07-21,Approved
KYC0001283,CUS0001283,Tier2,Low,False,2025-06-16,2027-05-19,Approved
KYC0001284,CUS0001284,Tier1,Medium,False,2026-01-13,2027-04-21,Approved
KYC0001285,CUS0001285,Tier2,Medium,False,2024-11-10,2027-03-19,Approved
KYC0001286,CUS0001286,Tier1,Medium,False,2024-01-27,2026-06-24,Approved
KYC0001287,CUS0001287,Tier1,Medium,False,2026-02-24,2027-10-27,Approved
KYC0001288,CUS0001288,Tier2,Low,False,2024-01-18,2027-09-15,Approved
KYC0001289,CUS0001289,Tier2,Low,False,2024-08-08,2027-03-28,Approved
KYC0001290,CUS0001290,Tier2,Low,False,2024-10-30,2026-10-04,Approved
KYC0001291,CUS0001291,Tier1,Low,False,2024-11-10,2026-10-11,Approved
KYC0001292,CUS0001292,Tier1,Low,False,2024-08-20,2027-01-11,Approved
KYC0001293,CUS0001293,Tier2,Low,False,2025-04-11,2026-06-04,Approved
KYC0001294,CUS0001294,Tier1,Low,False,2025-02-04,2027-10-14,Approved
KYC0001295,CUS0001295,Tier1,Low,False,2025-05-17,2026-10-07,Approved
KYC0001296,CUS0001296,Tier3,Low,False,2025-12-31,2027-03-09,Approved
KYC0001297,CUS0001297,Tier1,Low,False,2025-12-18,2026-10-06,Approved
KYC0001298,CUS0001298,Tier2,Low,False,2024-02-04,2026-08-20,Approved
KYC0001299,CUS0001299,Tier1,Medium,False,2024-02-27,2027-05-13,Approved
KYC0001300,CUS0001300,Tier1,Low,False,2025-07-22,2027-10-05,Approved
KYC0001301,CUS0001301,Tier1,Medium,False,2025-02-14,2027-11-19,Approved
KYC0001302,CUS0001302,Tier3,Low,False,2024-04-04,2027-03-10,Approved
KYC0001303,CUS0001303,Tier1,Low,False,2025-09-04,2027-12-03,Approved
KYC0001304,CUS0001304,Tier2,Low,False,2026-01-12,2026-09-19,Approved
KYC0001305,CUS0001305,Tier2,Low,False,2024-11-04,2027-02-20,Approved
KYC0001306,CUS0001306,Tier1,Low,False,2024-10-31,2026-12-19,Approved
KYC0001307,CUS0001307,Tier1,Low,False,2025-12-30,2026-09-17,Approved
KYC0001308,CUS0001308,Tier2,Low,False,2025-02-05,2027-08-01,Approved
KYC0001309,CUS0001309,Tier2,Low,False,2025-06-13,2026-07-05,Approved
KYC0001310,CUS0001310,Tier2,Low,False,2026-04-13,2027-11-06,Approved
KYC0001311,CUS0001311,Tier1,Medium,False,2024-11-22,2026-11-15,Approved
KYC0001312,CUS0001312,Tier1,Low,False,2026-03-22,2026-10-06,Approved
KYC0001313,CUS0001313,Tier1,Low,False,2024-04-24,2027-05-15,Approved
KYC0001314,CUS0001314,Tier3,Low,False,2025-02-03,2026-08-05,Approved
KYC0001315,CUS0001315,Tier3,Medium,False,2024-02-01,2027-06-25,Approved
KYC0001316,CUS0001316,Tier1,Medium,False,2025-05-06,2026-11-19,Approved
KYC0001317,CUS0001317,Tier3,Low,False,2024-10-29,2026-06-13,Approved
KYC0001318,CUS0001318,Tier1,Low,False,2026-04-14,2026-12-13,Approved
KYC0001319,CUS0001319,Tier2,Medium,False,2025-04-26,2027-08-10,Approved
KYC0001320,CUS0001320,Tier1,Low,True,2026-02-19,2026-12-20,Approved
KYC0001321,CUS0001321,Tier1,Low,True,2025-06-06,2027-05-25,Approved
KYC0001322,CUS0001322,Tier1,Low,False,2024-05-21,2027-10-03,Approved
KYC0001323,CUS0001323,Tier1,Low,False,2024-07-10,2026-05-06,Approved
KYC0001324,CUS0001324,Tier1,Medium,False,2025-10-30,2026-07-11,Approved
KYC0001325,CUS0001325,Tier2,Low,False,2024-12-09,2027-02-11,Approved
KYC0001326,CUS0001326,Tier2,Low,False,2024-02-12,2027-02-01,Approved
KYC0001327,CUS0001327,Tier3,Medium,False,2026-02-23,2026-08-24,Approved
KYC0001328,CUS0001328,Tier3,Low,False,2024-01-07,2026-07-13,Pending
KYC0001329,CUS0001329,Tier2,Low,False,2024-05-31,2027-12-27,Approved
KYC0001330,CUS0001330,Tier1,Low,False,2024-06-14,2027-06-22,Approved
KYC0001331,CUS0001331,Tier2,Low,True,2025-04-17,2026-05-24,Approved
KYC0001332,CUS0001332,Tier3,Medium,False,2025-02-16,2026-11-14,Approved
KYC0001333,CUS0001333,Tier1,Medium,False,2024-05-11,2027-10-18,Approved
KYC0001334,CUS0001334,Tier2,Low,False,2024-02-18,2027-01-25,Approved
KYC0001335,CUS0001335,Tier2,Low,False,2025-08-17,2027-07-03,Pending
KYC0001336,CUS0001336,Tier1,Low,False,2025-11-27,2027-05-13,Approved
KYC0001337,CUS0001337,Tier1,Low,False,2024-04-19,2027-04-26,Approved
KYC0001338,CUS0001338,Tier1,Low,False,2024-03-17,2026-08-01,Approved
KYC0001339,CUS0001339,Tier1,Low,False,2025-08-18,2027-11-06,Approved
KYC0001340,CUS0001340,Tier1,Low,False,2024-02-18,2026-08-21,Approved
KYC0001341,CUS0001341,Tier2,Low,False,2024-03-03,2027-03-20,Pending
KYC0001342,CUS0001342,Tier1,Low,False,2024-09-21,2027-07-13,Approved
KYC0001343,CUS0001343,Tier2,Low,False,2026-02-12,2027-01-10,Approved
KYC0001344,CUS0001344,Tier1,Medium,False,2026-04-29,2026-10-15,Approved
KYC0001345,CUS0001345,Tier3,Medium,False,2024-06-21,2027-04-22,Rejected
KYC0001346,CUS0001346,Tier1,Low,False,2024-10-28,2026-08-09,Approved
KYC0001347,CUS0001347,Tier1,Low,False,2026-04-12,2026-11-17,Approved
KYC0001348,CUS0001348,Tier1,Low,False,2024-01-17,2026-11-12,Approved
KYC0001349,CUS0001349,Tier2,Low,False,2024-01-01,2027-06-11,Approved
KYC0001350,CUS0001350,Tier1,Medium,False,2026-04-21,2026-06-10,Approved
KYC0001351,CUS0001351,Tier1,Low,False,2024-06-04,2026-11-12,Approved
KYC0001352,CUS0001352,Tier1,Low,False,2026-04-01,2026-08-03,Approved
KYC0001353,CUS0001353,Tier2,High,False,2024-04-12,2027-09-06,Approved
KYC0001354,CUS0001354,Tier1,Low,False,2025-11-05,2026-12-25,Approved
KYC0001355,CUS0001355,Tier2,Low,False,2026-03-16,2026-10-26,Approved
KYC0001356,CUS0001356,Tier1,Low,False,2026-03-25,2026-07-02,Approved
KYC0001357,CUS0001357,Tier1,Low,False,2024-03-24,2026-05-26,Approved
KYC0001358,CUS0001358,Tier1,Medium,False,2025-04-28,2026-11-04,Approved
KYC0001359,CUS0001359,Tier1,Low,False,2024-02-10,2026-10-09,Approved
KYC0001360,CUS0001360,Tier2,Medium,False,2026-01-08,2026-12-29,Approved
KYC0001361,CUS0001361,Tier2,Low,False,2024-04-01,2027-03-19,Approved
KYC0001362,CUS0001362,Tier2,Low,False,2024-09-16,2026-08-21,Approved
KYC0001363,CUS0001363,Tier3,Low,False,2024-12-29,2027-07-07,Approved
KYC0001364,CUS0001364,Tier2,Low,False,2025-12-15,2027-09-11,Approved
KYC0001365,CUS0001365,Tier1,Low,False,2024-08-07,2026-10-12,Approved
KYC0001366,CUS0001366,Tier2,Low,False,2024-02-28,2027-05-04,Approved
KYC0001367,CUS0001367,Tier2,Low,False,2025-11-20,2026-09-29,Approved
KYC0001368,CUS0001368,Tier2,Medium,False,2026-03-11,2027-06-29,Approved
KYC0001369,CUS0001369,Tier2,Medium,False,2025-03-02,2026-11-08,Approved
KYC0001370,CUS0001370,Tier2,Low,False,2024-08-20,2026-07-06,Approved
KYC0001371,CUS0001371,Tier2,Low,False,2025-12-16,2026-07-15,Approved
KYC0001372,CUS0001372,Tier1,Low,False,2025-06-23,2027-04-19,Approved
KYC0001373,CUS0001373,Tier2,Low,False,2026-04-29,2027-12-31,Approved
KYC0001374,CUS0001374,Tier2,Low,False,2024-12-22,2027-10-29,Approved
KYC0001375,CUS0001375,Tier1,Low,False,2025-04-19,2026-07-18,Approved
KYC0001376,CUS0001376,Tier1,Low,False,2025-07-12,2026-06-03,Approved
KYC0001377,CUS0001377,Tier1,Low,False,2026-04-27,2027-10-15,Approved
KYC0001378,CUS0001378,Tier1,Low,False,2025-04-17,2027-08-18,Approved
KYC0001379,CUS0001379,Tier1,Medium,False,2026-01-09,2026-06-22,Approved
KYC0001380,CUS0001380,Tier1,Low,False,2025-11-09,2026-11-18,Approved
KYC0001381,CUS0001381,Tier1,Medium,False,2025-03-06,2027-11-16,Rejected
KYC0001382,CUS0001382,Tier3,Low,False,2024-12-19,2027-11-06,Approved
KYC0001383,CUS0001383,Tier1,Low,False,2025-12-16,2027-02-12,Rejected
KYC0001384,CUS0001384,Tier1,Low,False,2024-05-27,2027-08-21,Approved
KYC0001385,CUS0001385,Tier3,Medium,False,2025-04-06,2027-11-30,Approved
KYC0001386,CUS0001386,Tier1,Low,False,2025-01-12,2027-12-29,Approved
KYC0001387,CUS0001387,Tier2,Medium,False,2025-11-05,2026-11-06,Approved
KYC0001388,CUS0001388,Tier1,Low,False,2024-09-13,2026-11-07,Approved
KYC0001389,CUS0001389,Tier1,Low,False,2025-01-03,2027-03-09,Approved
KYC0001390,CUS0001390,Tier1,Low,False,2024-01-30,2027-07-31,Approved
KYC0001391,CUS0001391,Tier3,High,False,2026-03-24,2027-01-22,Approved
KYC0001392,CUS0001392,Tier1,Low,False,2024-08-15,2027-07-03,Approved
KYC0001393,CUS0001393,Tier2,Low,False,2025-04-01,2026-05-30,Approved
KYC0001394,CUS0001394,Tier2,Low,False,2025-11-15,2026-05-21,Approved
KYC0001395,CUS0001395,Tier1,Medium,False,2025-08-15,2027-05-01,Approved
KYC0001396,CUS0001396,Tier2,Low,False,2025-08-01,2027-07-17,Approved
KYC0001397,CUS0001397,Tier1,Low,False,2025-02-05,2026-05-19,Approved
KYC0001398,CUS0001398,Tier2,Medium,False,2025-01-09,2026-08-25,Pending
KYC0001399,CUS0001399,Tier3,Medium,False,2024-05-24,2027-01-17,Approved
KYC0001400,CUS0001400,Tier2,Low,False,2025-03-04,2026-07-25,Pending
KYC0001401,CUS0001401,Tier1,Medium,False,2024-05-17,2027-05-15,Approved
KYC0001402,CUS0001402,Tier3,Medium,False,2026-01-01,2027-10-26,Approved
KYC0001403,CUS0001403,Tier2,Low,False,2024-04-08,2026-11-11,Approved
KYC0001404,CUS0001404,Tier1,Low,False,2026-03-02,2026-11-04,Approved
KYC0001405,CUS0001405,Tier2,Low,False,2024-02-12,2027-06-20,Approved
KYC0001406,CUS0001406,Tier1,Low,False,2024-12-30,2026-05-11,Approved
KYC0001407,CUS0001407,Tier2,Low,False,2024-11-16,2026-12-17,Approved
KYC0001408,CUS0001408,Tier1,Low,False,2025-10-23,2027-12-26,Approved
KYC0001409,CUS0001409,Tier1,Low,False,2025-12-01,2026-07-14,Approved
KYC0001410,CUS0001410,Tier3,Low,False,2025-06-25,2027-01-02,Approved
KYC0001411,CUS0001411,Tier1,Medium,False,2024-09-02,2027-05-23,Approved
KYC0001412,CUS0001412,Tier1,Medium,False,2024-01-10,2026-09-29,Approved
KYC0001413,CUS0001413,Tier1,Low,False,2025-01-30,2026-08-12,Approved
KYC0001414,CUS0001414,Tier1,Medium,False,2024-12-25,2027-10-08,Approved
KYC0001415,CUS0001415,Tier2,Low,False,2025-03-10,2027-03-09,Approved
KYC0001416,CUS0001416,Tier1,High,False,2025-02-01,2027-07-22,Approved
KYC0001417,CUS0001417,Tier2,Low,False,2024-06-10,2027-04-04,Approved
KYC0001418,CUS0001418,Tier1,Medium,False,2026-03-23,2027-11-02,Approved
KYC0001419,CUS0001419,Tier2,Low,False,2024-06-09,2027-10-28,Approved
KYC0001420,CUS0001420,Tier2,Low,False,2024-05-02,2026-08-27,Approved
KYC0001421,CUS0001421,Tier3,Low,False,2024-12-14,2027-09-14,Pending
KYC0001422,CUS0001422,Tier1,Low,False,2024-12-21,2027-11-02,Approved
KYC0001423,CUS0001423,Tier2,Low,False,2026-04-11,2026-10-13,Approved
KYC0001424,CUS0001424,Tier1,Low,False,2025-09-06,2026-08-08,Approved
KYC0001425,CUS0001425,Tier3,Low,False,2024-06-27,2026-05-16,Approved
KYC0001426,CUS0001426,Tier1,Low,False,2024-12-27,2027-05-10,Approved
KYC0001427,CUS0001427,Tier1,Low,False,2025-02-07,2027-05-09,Approved
KYC0001428,CUS0001428,Tier1,Low,False,2024-02-29,2026-07-09,Approved
KYC0001429,CUS0001429,Tier1,Medium,False,2025-03-15,2027-06-09,Approved
KYC0001430,CUS0001430,Tier1,Low,False,2025-06-16,2026-08-13,Approved
KYC0001431,CUS0001431,Tier1,Low,False,2026-02-25,2027-07-15,Approved
KYC0001432,CUS0001432,Tier1,Low,False,2025-04-25,2027-03-06,Approved
KYC0001433,CUS0001433,Tier2,Low,False,2025-08-25,2027-01-08,Approved
KYC0001434,CUS0001434,Tier1,Low,False,2025-01-15,2027-07-29,Approved
KYC0001435,CUS0001435,Tier2,Low,False,2025-12-26,2027-12-10,Approved
KYC0001436,CUS0001436,Tier1,Medium,False,2026-03-03,2027-12-26,Approved
KYC0001437,CUS0001437,Tier2,Low,False,2024-06-23,2026-06-10,Approved
KYC0001438,CUS0001438,Tier3,Low,False,2026-02-17,2026-06-24,Approved
KYC0001439,CUS0001439,Tier1,Low,False,2024-01-06,2027-03-24,Approved
KYC0001440,CUS0001440,Tier2,Low,False,2025-10-09,2026-06-09,Approved
KYC0001441,CUS0001441,Tier1,Low,False,2025-03-24,2026-05-23,Approved
KYC0001442,CUS0001442,Tier2,Low,False,2024-08-06,2027-03-28,Approved
KYC0001443,CUS0001443,Tier2,Low,False,2025-05-21,2027-03-13,Approved
KYC0001444,CUS0001444,Tier3,Low,False,2025-03-15,2027-05-25,Approved
KYC0001445,CUS0001445,Tier2,Medium,False,2025-07-13,2027-07-16,Approved
KYC0001446,CUS0001446,Tier2,Low,False,2024-10-08,2027-07-29,Approved
KYC0001447,CUS0001447,Tier1,Low,False,2025-03-18,2027-04-24,Approved
KYC0001448,CUS0001448,Tier2,Low,False,2025-07-15,2027-12-19,Approved
KYC0001449,CUS0001449,Tier2,Low,False,2024-05-23,2026-07-20,Pending
KYC0001450,CUS0001450,Tier1,Low,False,2024-07-20,2026-12-31,Approved
KYC0001451,CUS0001451,Tier2,Low,False,2025-07-08,2026-10-16,Pending
KYC0001452,CUS0001452,Tier3,Medium,False,2025-05-26,2026-07-02,Approved
KYC0001453,CUS0001453,Tier2,Low,False,2026-04-30,2027-09-10,Approved
KYC0001454,CUS0001454,Tier2,Low,False,2025-04-06,2026-12-17,Approved
KYC0001455,CUS0001455,Tier2,Low,False,2025-08-03,2026-08-13,Approved
KYC0001456,CUS0001456,Tier1,Low,False,2024-12-11,2026-06-21,Approved
KYC0001457,CUS0001457,Tier2,Low,False,2025-05-05,2027-04-17,Approved
KYC0001458,CUS0001458,Tier1,Low,False,2024-02-14,2027-09-09,Approved
KYC0001459,CUS0001459,Tier1,Low,False,2025-06-04,2027-09-28,Approved
KYC0001460,CUS0001460,Tier1,Low,False,2026-03-10,2027-11-06,Approved
KYC0001461,CUS0001461,Tier1,Low,False,2025-04-13,2027-02-12,Approved
KYC0001462,CUS0001462,Tier1,Low,False,2025-11-24,2027-04-30,Approved
KYC0001463,CUS0001463,Tier1,Medium,False,2024-03-06,2027-10-21,Approved
KYC0001464,CUS0001464,Tier1,High,False,2025-04-01,2026-10-29,Approved
KYC0001465,CUS0001465,Tier3,High,False,2024-10-23,2027-09-11,Approved
KYC0001466,CUS0001466,Tier1,Medium,False,2024-04-09,2026-08-21,Approved
KYC0001467,CUS0001467,Tier1,Medium,False,2024-08-14,2027-11-16,Approved
KYC0001468,CUS0001468,Tier1,Low,False,2025-06-14,2027-06-23,Approved
KYC0001469,CUS0001469,Tier2,Low,False,2025-01-28,2026-10-19,Approved
KYC0001470,CUS0001470,Tier1,Medium,False,2025-07-16,2027-01-17,Approved
KYC0001471,CUS0001471,Tier2,Low,False,2025-01-17,2027-12-18,Approved
KYC0001472,CUS0001472,Tier2,Low,False,2025-04-09,2027-04-19,Approved
KYC0001473,CUS0001473,Tier1,Low,False,2024-12-09,2027-02-22,Approved
KYC0001474,CUS0001474,Tier1,Medium,False,2025-04-03,2027-12-25,Pending
KYC0001475,CUS0001475,Tier1,Low,False,2025-08-25,2026-12-15,Pending
KYC0001476,CUS0001476,Tier2,Low,False,2024-06-06,2027-10-30,Approved
KYC0001477,CUS0001477,Tier2,Medium,False,2024-08-08,2027-04-03,Approved
KYC0001478,CUS0001478,Tier2,Low,False,2024-02-12,2026-10-17,Approved
KYC0001479,CUS0001479,Tier1,High,False,2025-02-06,2027-05-27,Approved
KYC0001480,CUS0001480,Tier2,Low,False,2024-01-01,2026-07-06,Approved
KYC0001481,CUS0001481,Tier2,Low,False,2026-01-23,2027-09-12,Approved
KYC0001482,CUS0001482,Tier2,Low,False,2025-04-29,2026-11-30,Approved
KYC0001483,CUS0001483,Tier2,Medium,False,2024-02-13,2026-08-11,Approved
KYC0001484,CUS0001484,Tier2,Medium,False,2025-08-27,2027-09-13,Approved
KYC0001485,CUS0001485,Tier1,Medium,False,2024-06-14,2026-10-26,Approved
KYC0001486,CUS0001486,Tier2,Medium,False,2024-03-08,2027-11-12,Approved
KYC0001487,CUS0001487,Tier2,Low,False,2025-09-29,2027-11-16,Approved
KYC0001488,CUS0001488,Tier1,Low,False,2025-06-27,2027-02-05,Approved
KYC0001489,CUS0001489,Tier1,High,False,2024-09-12,2027-08-31,Approved
KYC0001490,CUS0001490,Tier3,Low,False,2024-09-22,2026-07-27,Approved
KYC0001491,CUS0001491,Tier2,Low,False,2026-03-28,2026-09-20,Approved
KYC0001492,CUS0001492,Tier1,Low,False,2025-12-23,2027-10-31,Approved
KYC0001493,CUS0001493,Tier2,Medium,False,2025-06-06,2026-07-25,Approved
KYC0001494,CUS0001494,Tier2,Medium,False,2025-07-21,2027-05-30,Approved
KYC0001495,CUS0001495,Tier1,Low,False,2024-11-10,2027-09-30,Approved
KYC0001496,CUS0001496,Tier2,Low,False,2024-05-23,2026-12-30,Approved
KYC0001497,CUS0001497,Tier1,Low,False,2026-01-19,2027-08-02,Approved
KYC0001498,CUS0001498,Tier1,Medium,False,2026-02-21,2026-12-02,Approved
KYC0001499,CUS0001499,Tier1,Medium,False,2024-07-26,2026-12-01,Approved
KYC0001500,CUS0001500,Tier1,Low,False,2025-12-17,2027-11-05,Approved
KYC0001501,CUS0001501,Tier1,Low,False,2025-06-27,2027-05-27,Approved
KYC0001502,CUS0001502,Tier1,Medium,False,2025-12-12,2026-08-26,Approved
KYC0001503,CUS0001503,Tier2,Low,False,2024-11-27,2027-02-11,Approved
KYC0001504,CUS0001504,Tier1,Medium,False,2024-07-08,2026-05-24,Approved
KYC0001505,CUS0001505,Tier2,Medium,False,2025-06-08,2027-12-18,Approved
KYC0001506,CUS0001506,Tier2,Low,False,2025-01-31,2027-11-25,Approved
KYC0001507,CUS0001507,Tier1,Medium,False,2025-11-03,2027-09-09,Approved
KYC0001508,CUS0001508,Tier1,Low,False,2025-05-24,2027-03-27,Approved
KYC0001509,CUS0001509,Tier2,Low,False,2026-03-16,2027-03-31,Approved
KYC0001510,CUS0001510,Tier1,Low,False,2025-02-02,2026-05-01,Approved
KYC0001511,CUS0001511,Tier3,Low,False,2025-04-29,2026-10-06,Approved
KYC0001512,CUS0001512,Tier1,High,False,2024-01-23,2027-02-09,Approved
KYC0001513,CUS0001513,Tier2,Medium,False,2025-09-30,2027-01-25,Rejected
KYC0001514,CUS0001514,Tier3,Low,False,2025-10-17,2027-04-12,Approved
KYC0001515,CUS0001515,Tier3,Low,False,2025-05-01,2026-05-03,Approved
KYC0001516,CUS0001516,Tier2,Low,False,2025-10-19,2027-11-06,Approved
KYC0001517,CUS0001517,Tier1,Low,False,2024-10-18,2026-09-29,Approved
KYC0001518,CUS0001518,Tier3,Low,False,2025-03-24,2026-11-03,Approved
KYC0001519,CUS0001519,Tier3,Low,False,2026-03-22,2026-10-02,Approved
KYC0001520,CUS0001520,Tier1,Low,False,2025-11-24,2027-10-05,Approved
KYC0001521,CUS0001521,Tier1,Low,False,2025-11-28,2027-08-04,Approved
KYC0001522,CUS0001522,Tier1,Low,False,2026-01-06,2026-06-24,Approved
KYC0001523,CUS0001523,Tier2,Low,False,2024-07-11,2026-09-08,Approved
KYC0001524,CUS0001524,Tier3,Low,False,2025-03-16,2026-08-07,Approved
KYC0001525,CUS0001525,Tier2,Low,False,2025-06-14,2027-09-19,Approved
KYC0001526,CUS0001526,Tier1,Medium,False,2024-04-13,2027-11-21,Approved
KYC0001527,CUS0001527,Tier2,Low,False,2025-12-19,2027-04-25,Approved
KYC0001528,CUS0001528,Tier1,Low,False,2024-01-09,2027-12-29,Approved
KYC0001529,CUS0001529,Tier2,Medium,False,2025-05-08,2027-07-14,Approved
KYC0001530,CUS0001530,Tier1,Low,False,2025-05-03,2026-06-07,Approved
KYC0001531,CUS0001531,Tier1,Low,False,2025-05-11,2026-06-19,Approved
KYC0001532,CUS0001532,Tier1,Low,False,2026-03-30,2026-08-02,Pending
KYC0001533,CUS0001533,Tier2,Medium,False,2025-08-03,2026-12-27,Approved
KYC0001534,CUS0001534,Tier1,Low,False,2024-11-25,2026-08-11,Approved
KYC0001535,CUS0001535,Tier2,Low,False,2025-11-18,2027-01-18,Approved
KYC0001536,CUS0001536,Tier2,Low,False,2024-09-16,2027-09-24,Approved
KYC0001537,CUS0001537,Tier2,Medium,False,2025-06-26,2026-09-21,Approved
KYC0001538,CUS0001538,Tier1,Low,False,2025-03-21,2026-10-06,Approved
KYC0001539,CUS0001539,Tier1,Low,False,2025-06-18,2027-08-02,Approved
KYC0001540,CUS0001540,Tier1,Medium,False,2025-01-18,2027-06-08,Approved
KYC0001541,CUS0001541,Tier1,High,False,2025-02-04,2027-09-01,Approved
KYC0001542,CUS0001542,Tier1,Low,False,2025-06-15,2027-02-04,Approved
KYC0001543,CUS0001543,Tier2,Low,False,2025-05-24,2026-10-10,Approved
KYC0001544,CUS0001544,Tier1,Medium,False,2025-05-13,2027-08-07,Approved
KYC0001545,CUS0001545,Tier2,Low,False,2025-07-07,2027-07-26,Approved
KYC0001546,CUS0001546,Tier1,Low,False,2024-12-15,2026-07-26,Approved
KYC0001547,CUS0001547,Tier1,Low,False,2025-05-26,2027-08-03,Approved
KYC0001548,CUS0001548,Tier2,Low,False,2025-12-08,2027-09-23,Approved
KYC0001549,CUS0001549,Tier1,Low,False,2025-02-05,2027-07-04,Approved
KYC0001550,CUS0001550,Tier1,Low,False,2024-05-31,2026-08-12,Approved
KYC0001551,CUS0001551,Tier2,High,False,2024-06-03,2026-07-13,Approved
KYC0001552,CUS0001552,Tier2,Low,False,2024-07-02,2027-10-17,Approved
KYC0001553,CUS0001553,Tier2,Low,False,2025-07-07,2027-05-15,Approved
KYC0001554,CUS0001554,Tier2,Low,False,2024-11-27,2026-06-11,Approved
KYC0001555,CUS0001555,Tier2,Medium,False,2025-06-13,2027-04-17,Approved
KYC0001556,CUS0001556,Tier1,Medium,False,2025-07-24,2027-03-09,Approved
KYC0001557,CUS0001557,Tier1,Medium,False,2025-08-21,2026-05-06,Approved
KYC0001558,CUS0001558,Tier2,Medium,False,2026-01-23,2027-06-04,Approved
KYC0001559,CUS0001559,Tier2,Low,False,2024-02-04,2027-08-19,Approved
KYC0001560,CUS0001560,Tier1,Low,False,2024-12-04,2027-10-07,Approved
KYC0001561,CUS0001561,Tier2,Low,False,2024-02-07,2027-01-19,Approved
KYC0001562,CUS0001562,Tier2,Low,False,2026-01-10,2027-09-24,Approved
KYC0001563,CUS0001563,Tier2,Low,False,2026-01-18,2027-01-14,Approved
KYC0001564,CUS0001564,Tier1,Medium,False,2026-01-05,2027-06-25,Approved
KYC0001565,CUS0001565,Tier1,Medium,False,2024-07-20,2027-07-15,Approved
KYC0001566,CUS0001566,Tier3,Low,False,2025-11-23,2026-11-04,Pending
KYC0001567,CUS0001567,Tier1,Low,False,2025-07-01,2026-11-23,Approved
KYC0001568,CUS0001568,Tier1,Low,False,2026-03-03,2027-01-12,Approved
KYC0001569,CUS0001569,Tier2,Low,False,2024-10-06,2026-05-16,Approved
KYC0001570,CUS0001570,Tier1,Medium,False,2024-06-12,2026-10-15,Approved
KYC0001571,CUS0001571,Tier1,Medium,False,2025-08-05,2027-11-15,Approved
KYC0001572,CUS0001572,Tier3,Medium,False,2025-12-21,2027-06-15,Approved
KYC0001573,CUS0001573,Tier1,Low,False,2026-02-13,2027-09-04,Approved
KYC0001574,CUS0001574,Tier1,Low,False,2025-01-31,2026-09-17,Approved
KYC0001575,CUS0001575,Tier2,Low,False,2025-05-11,2026-09-26,Approved
KYC0001576,CUS0001576,Tier2,Medium,False,2026-01-14,2027-03-16,Approved
KYC0001577,CUS0001577,Tier3,Low,False,2026-02-22,2026-08-02,Rejected
KYC0001578,CUS0001578,Tier2,Low,False,2026-02-23,2027-12-22,Approved
KYC0001579,CUS0001579,Tier1,Medium,False,2024-02-22,2027-07-08,Approved
KYC0001580,CUS0001580,Tier1,Low,False,2025-06-27,2026-09-09,Approved
KYC0001581,CUS0001581,Tier2,Low,False,2024-11-30,2027-06-28,Approved
KYC0001582,CUS0001582,Tier3,Low,False,2026-04-28,2026-05-31,Approved
KYC0001583,CUS0001583,Tier2,High,False,2024-12-02,2026-07-06,Approved
KYC0001584,CUS0001584,Tier1,Low,False,2026-02-11,2026-08-08,Approved
KYC0001585,CUS0001585,Tier1,Medium,False,2024-05-23,2027-07-24,Approved
KYC0001586,CUS0001586,Tier2,Low,False,2026-01-22,2026-09-20,Approved
KYC0001587,CUS0001587,Tier1,Low,False,2025-12-30,2026-06-11,Approved
KYC0001588,CUS0001588,Tier1,Medium,False,2024-02-23,2026-08-17,Approved
KYC0001589,CUS0001589,Tier3,Low,False,2024-06-24,2027-03-26,Approved
KYC0001590,CUS0001590,Tier2,Medium,False,2026-02-12,2027-05-28,Approved
KYC0001591,CUS0001591,Tier2,Low,False,2026-01-16,2026-07-06,Approved
KYC0001592,CUS0001592,Tier1,Low,False,2025-03-10,2026-07-02,Approved
KYC0001593,CUS0001593,Tier1,Medium,False,2024-07-22,2026-08-20,Approved
KYC0001594,CUS0001594,Tier3,Low,False,2024-12-25,2027-10-17,Approved
KYC0001595,CUS0001595,Tier2,Medium,False,2024-10-24,2027-01-10,Approved
KYC0001596,CUS0001596,Tier1,Medium,False,2025-01-27,2026-06-20,Rejected
KYC0001597,CUS0001597,Tier1,Low,False,2026-04-20,2027-10-28,Approved
KYC0001598,CUS0001598,Tier2,Low,False,2024-06-22,2027-06-22,Approved
KYC0001599,CUS0001599,Tier1,Low,False,2025-12-04,2027-06-30,Approved
KYC0001600,CUS0001600,Tier1,Medium,False,2025-05-21,2027-10-09,Approved
KYC0001601,CUS0001601,Tier2,Low,False,2024-01-15,2027-08-13,Approved
KYC0001602,CUS0001602,Tier1,Low,False,2025-12-05,2027-07-08,Approved
KYC0001603,CUS0001603,Tier2,Medium,True,2024-02-11,2027-05-12,Approved
KYC0001604,CUS0001604,Tier2,Low,False,2025-08-19,2027-02-04,Approved
KYC0001605,CUS0001605,Tier1,Low,False,2024-12-13,2027-01-16,Approved
KYC0001606,CUS0001606,Tier1,Low,False,2025-10-17,2026-10-12,Approved
KYC0001607,CUS0001607,Tier1,Low,False,2025-06-22,2027-06-06,Approved
KYC0001608,CUS0001608,Tier2,Low,False,2026-01-13,2026-09-07,Approved
KYC0001609,CUS0001609,Tier1,Low,False,2025-07-09,2027-12-29,Approved
KYC0001610,CUS0001610,Tier1,High,False,2025-07-28,2027-09-20,Approved
KYC0001611,CUS0001611,Tier2,Low,False,2024-01-19,2027-04-25,Approved
KYC0001612,CUS0001612,Tier2,Low,False,2024-05-10,2027-12-18,Approved
KYC0001613,CUS0001613,Tier1,Low,False,2025-12-18,2026-06-15,Approved
KYC0001614,CUS0001614,Tier2,Medium,False,2024-01-08,2026-05-24,Approved
KYC0001615,CUS0001615,Tier2,Low,False,2024-09-06,2027-07-19,Approved
KYC0001616,CUS0001616,Tier1,Low,False,2025-11-26,2026-12-04,Approved
KYC0001617,CUS0001617,Tier2,Medium,False,2024-03-15,2027-06-16,Approved
KYC0001618,CUS0001618,Tier1,Low,False,2025-07-12,2026-12-12,Approved
KYC0001619,CUS0001619,Tier1,Medium,False,2025-06-13,2027-08-16,Approved
KYC0001620,CUS0001620,Tier2,Low,False,2025-04-08,2027-05-09,Approved
KYC0001621,CUS0001621,Tier3,Low,False,2024-11-24,2027-08-15,Pending
KYC0001622,CUS0001622,Tier1,Low,False,2025-04-27,2027-01-21,Approved
KYC0001623,CUS0001623,Tier2,Low,False,2025-04-07,2026-05-04,Approved
KYC0001624,CUS0001624,Tier2,Medium,False,2025-03-10,2027-09-01,Approved
KYC0001625,CUS0001625,Tier3,Medium,False,2026-04-24,2027-08-30,Approved
KYC0001626,CUS0001626,Tier1,Low,False,2024-11-17,2026-11-28,Rejected
KYC0001627,CUS0001627,Tier2,Low,False,2024-07-15,2026-06-23,Approved
KYC0001628,CUS0001628,Tier1,Low,False,2024-01-30,2026-12-08,Approved
KYC0001629,CUS0001629,Tier1,Medium,False,2024-07-24,2027-04-13,Approved
KYC0001630,CUS0001630,Tier1,Low,False,2024-08-04,2026-08-17,Approved
KYC0001631,CUS0001631,Tier1,Low,False,2026-02-18,2027-06-05,Approved
KYC0001632,CUS0001632,Tier2,Low,False,2025-06-01,2026-11-28,Approved
KYC0001633,CUS0001633,Tier1,Low,False,2025-09-10,2027-01-08,Approved
KYC0001634,CUS0001634,Tier1,Low,False,2024-03-05,2027-06-30,Approved
KYC0001635,CUS0001635,Tier1,Low,False,2024-10-19,2027-10-15,Approved
KYC0001636,CUS0001636,Tier1,Low,False,2024-02-18,2027-07-11,Approved
KYC0001637,CUS0001637,Tier3,High,False,2025-01-15,2027-08-24,Approved
KYC0001638,CUS0001638,Tier1,Low,False,2025-03-07,2026-09-08,Approved
KYC0001639,CUS0001639,Tier2,Low,False,2025-09-13,2027-06-17,Approved
KYC0001640,CUS0001640,Tier2,Low,False,2024-03-28,2026-12-25,Approved
KYC0001641,CUS0001641,Tier2,High,False,2024-02-29,2027-07-17,Approved
KYC0001642,CUS0001642,Tier2,Low,False,2026-02-23,2026-06-26,Approved
KYC0001643,CUS0001643,Tier1,Low,False,2024-01-26,2026-09-29,Approved
KYC0001644,CUS0001644,Tier2,Low,False,2024-02-24,2026-08-04,Approved
KYC0001645,CUS0001645,Tier1,Medium,False,2025-09-27,2027-08-02,Pending
KYC0001646,CUS0001646,Tier1,Low,False,2025-10-11,2027-09-17,Approved
KYC0001647,CUS0001647,Tier1,Low,False,2025-07-01,2027-06-01,Approved
KYC0001648,CUS0001648,Tier2,Medium,False,2025-07-23,2027-12-15,Approved
KYC0001649,CUS0001649,Tier1,Low,False,2025-04-26,2027-01-18,Approved
KYC0001650,CUS0001650,Tier2,Low,False,2026-02-10,2026-06-19,Approved
KYC0001651,CUS0001651,Tier1,Low,False,2025-03-19,2026-11-02,Approved
KYC0001652,CUS0001652,Tier2,Low,False,2024-06-19,2027-11-14,Approved
KYC0001653,CUS0001653,Tier1,Low,False,2025-08-02,2027-10-01,Approved
KYC0001654,CUS0001654,Tier3,Low,False,2025-08-07,2027-11-24,Approved
KYC0001655,CUS0001655,Tier2,Low,False,2024-03-30,2027-12-12,Approved
KYC0001656,CUS0001656,Tier2,Low,False,2024-01-16,2027-01-09,Approved
KYC0001657,CUS0001657,Tier2,Low,False,2024-09-15,2027-08-15,Approved
KYC0001658,CUS0001658,Tier3,Low,False,2025-05-24,2027-08-25,Approved
KYC0001659,CUS0001659,Tier1,Low,False,2024-03-31,2027-07-31,Approved
KYC0001660,CUS0001660,Tier1,Low,False,2024-10-31,2026-12-10,Approved
KYC0001661,CUS0001661,Tier2,Low,False,2024-08-23,2026-07-21,Approved
KYC0001662,CUS0001662,Tier3,Low,False,2024-06-26,2027-11-04,Pending
KYC0001663,CUS0001663,Tier2,Low,False,2025-06-20,2027-01-29,Approved
KYC0001664,CUS0001664,Tier3,Medium,False,2025-08-22,2026-10-20,Approved
KYC0001665,CUS0001665,Tier2,High,False,2024-09-20,2026-11-21,Approved
KYC0001666,CUS0001666,Tier1,Low,False,2025-06-27,2026-10-25,Approved
KYC0001667,CUS0001667,Tier3,Low,False,2025-11-19,2027-08-27,Approved
KYC0001668,CUS0001668,Tier1,Low,False,2025-11-04,2026-12-11,Approved
KYC0001669,CUS0001669,Tier1,Low,False,2025-11-08,2027-07-24,Approved
KYC0001670,CUS0001670,Tier1,Medium,False,2025-11-27,2026-12-12,Approved
KYC0001671,CUS0001671,Tier1,Medium,False,2026-04-06,2027-03-28,Approved
KYC0001672,CUS0001672,Tier1,Medium,False,2024-06-07,2027-11-16,Approved
KYC0001673,CUS0001673,Tier2,Medium,False,2024-12-26,2026-08-12,Approved
KYC0001674,CUS0001674,Tier1,Low,False,2024-11-21,2026-08-01,Approved
KYC0001675,CUS0001675,Tier1,Low,False,2025-12-16,2027-08-04,Approved
KYC0001676,CUS0001676,Tier3,Low,False,2024-07-12,2026-10-29,Approved
KYC0001677,CUS0001677,Tier2,Low,False,2024-08-05,2027-09-09,Pending
KYC0001678,CUS0001678,Tier1,Medium,False,2024-08-01,2027-12-10,Approved
KYC0001679,CUS0001679,Tier2,Low,False,2026-03-05,2026-06-21,Approved
KYC0001680,CUS0001680,Tier1,Low,False,2026-05-01,2027-08-29,Approved
KYC0001681,CUS0001681,Tier1,Low,False,2024-10-29,2027-03-05,Approved
KYC0001682,CUS0001682,Tier2,Low,False,2024-08-12,2027-02-09,Approved
KYC0001683,CUS0001683,Tier2,High,False,2025-05-15,2027-02-04,Approved
KYC0001684,CUS0001684,Tier3,Low,False,2024-04-16,2026-11-15,Approved
KYC0001685,CUS0001685,Tier1,Low,False,2024-11-10,2027-01-26,Approved
KYC0001686,CUS0001686,Tier1,Low,False,2024-05-04,2027-08-02,Approved
KYC0001687,CUS0001687,Tier1,Low,True,2025-10-13,2027-07-25,Approved
KYC0001688,CUS0001688,Tier2,Medium,False,2024-12-15,2027-01-21,Approved
KYC0001689,CUS0001689,Tier2,Low,False,2025-10-17,2027-11-21,Approved
KYC0001690,CUS0001690,Tier2,Low,False,2026-03-04,2027-03-28,Approved
KYC0001691,CUS0001691,Tier1,High,False,2025-08-14,2027-04-20,Approved
KYC0001692,CUS0001692,Tier2,Medium,False,2024-12-16,2026-06-15,Approved
KYC0001693,CUS0001693,Tier1,Low,False,2024-05-17,2027-02-22,Approved
KYC0001694,CUS0001694,Tier1,Low,False,2024-06-16,2027-02-20,Approved
KYC0001695,CUS0001695,Tier1,Low,False,2024-09-29,2027-07-20,Approved
KYC0001696,CUS0001696,Tier1,Low,False,2025-10-09,2027-11-04,Approved
KYC0001697,CUS0001697,Tier1,Low,False,2024-05-14,2027-08-27,Approved
KYC0001698,CUS0001698,Tier1,Medium,False,2024-12-10,2027-09-05,Approved
KYC0001699,CUS0001699,Tier1,Low,False,2025-02-08,2027-05-10,Approved
KYC0001700,CUS0001700,Tier1,Low,False,2025-04-15,2026-06-14,Approved
KYC0001701,CUS0001701,Tier3,Medium,False,2024-07-07,2026-09-19,Approved
KYC0001702,CUS0001702,Tier2,High,False,2024-11-25,2027-05-15,Approved
KYC0001703,CUS0001703,Tier1,Low,False,2025-04-22,2027-10-26,Approved
KYC0001704,CUS0001704,Tier3,Low,False,2024-03-07,2027-12-29,Approved
KYC0001705,CUS0001705,Tier2,Low,False,2025-08-21,2026-07-30,Approved
KYC0001706,CUS0001706,Tier1,Low,False,2025-08-08,2026-08-12,Approved
KYC0001707,CUS0001707,Tier2,Low,False,2024-05-21,2027-02-20,Approved
KYC0001708,CUS0001708,Tier1,Low,False,2024-02-25,2026-08-10,Approved
KYC0001709,CUS0001709,Tier1,Low,False,2026-02-15,2027-04-02,Approved
KYC0001710,CUS0001710,Tier3,Medium,False,2025-01-28,2027-11-22,Approved
KYC0001711,CUS0001711,Tier3,Medium,False,2024-08-11,2027-11-19,Approved
KYC0001712,CUS0001712,Tier1,Medium,False,2025-10-05,2026-08-08,Approved
KYC0001713,CUS0001713,Tier2,Medium,False,2025-07-24,2027-02-11,Approved
KYC0001714,CUS0001714,Tier2,Low,False,2024-08-02,2026-11-20,Approved
KYC0001715,CUS0001715,Tier1,Low,False,2024-02-20,2027-07-16,Approved
KYC0001716,CUS0001716,Tier2,Low,False,2024-01-16,2027-12-06,Approved
KYC0001717,CUS0001717,Tier1,Low,False,2024-11-19,2026-12-27,Approved
KYC0001718,CUS0001718,Tier3,Low,False,2024-08-28,2027-08-28,Approved
KYC0001719,CUS0001719,Tier1,Low,False,2025-09-08,2027-02-25,Approved
KYC0001720,CUS0001720,Tier1,Low,False,2024-05-01,2027-12-20,Approved
KYC0001721,CUS0001721,Tier2,Low,False,2025-07-24,2027-09-16,Approved
KYC0001722,CUS0001722,Tier2,Low,True,2024-03-17,2026-08-03,Approved
KYC0001723,CUS0001723,Tier2,Low,False,2025-11-26,2027-08-20,Approved
KYC0001724,CUS0001724,Tier2,Low,False,2024-12-13,2027-04-01,Approved
KYC0001725,CUS0001725,Tier2,Low,False,2024-06-11,2026-08-20,Approved
KYC0001726,CUS0001726,Tier2,Low,False,2024-02-11,2027-01-25,Approved
KYC0001727,CUS0001727,Tier1,Low,False,2025-08-27,2026-06-19,Approved
KYC0001728,CUS0001728,Tier2,Low,False,2025-07-01,2027-05-03,Approved
KYC0001729,CUS0001729,Tier1,Low,False,2025-12-28,2027-11-18,Pending
KYC0001730,CUS0001730,Tier2,Low,False,2026-01-11,2027-08-03,Approved
KYC0001731,CUS0001731,Tier1,Medium,False,2025-05-23,2027-12-15,Approved
KYC0001732,CUS0001732,Tier2,Low,False,2026-02-04,2027-06-05,Approved
KYC0001733,CUS0001733,Tier2,Medium,False,2025-01-12,2027-10-11,Approved
KYC0001734,CUS0001734,Tier1,Low,False,2026-03-01,2027-10-21,Approved
KYC0001735,CUS0001735,Tier2,Medium,False,2024-08-28,2027-11-10,Approved
KYC0001736,CUS0001736,Tier1,Low,True,2024-03-06,2026-07-04,Approved
KYC0001737,CUS0001737,Tier1,Low,False,2025-01-05,2027-07-11,Approved
KYC0001738,CUS0001738,Tier1,Low,False,2024-11-18,2026-09-21,Approved
KYC0001739,CUS0001739,Tier2,Low,False,2024-10-15,2027-12-14,Approved
KYC0001740,CUS0001740,Tier2,Low,False,2025-07-07,2026-06-20,Approved
KYC0001741,CUS0001741,Tier1,Low,False,2025-07-22,2027-09-07,Approved
KYC0001742,CUS0001742,Tier1,Low,False,2024-01-26,2027-03-06,Approved
KYC0001743,CUS0001743,Tier2,Medium,False,2024-10-06,2026-09-21,Approved
KYC0001744,CUS0001744,Tier3,Low,False,2025-08-29,2027-02-08,Approved
KYC0001745,CUS0001745,Tier2,Low,False,2025-02-03,2027-03-03,Approved
KYC0001746,CUS0001746,Tier1,Low,False,2024-09-16,2027-02-13,Rejected
KYC0001747,CUS0001747,Tier1,Low,False,2024-09-25,2027-11-25,Approved
KYC0001748,CUS0001748,Tier1,Medium,False,2025-12-07,2026-11-05,Approved
KYC0001749,CUS0001749,Tier2,Low,False,2024-08-09,2027-04-29,Approved
KYC0001750,CUS0001750,Tier3,Low,False,2024-08-03,2027-04-08,Approved
KYC0001751,CUS0001751,Tier2,Low,False,2025-02-17,2027-09-13,Approved
KYC0001752,CUS0001752,Tier2,Low,False,2024-01-07,2026-05-15,Approved
KYC0001753,CUS0001753,Tier1,Medium,False,2025-04-17,2026-08-01,Approved
KYC0001754,CUS0001754,Tier1,Medium,False,2025-06-11,2026-09-09,Approved
KYC0001755,CUS0001755,Tier1,Low,False,2024-02-02,2026-08-10,Approved
KYC0001756,CUS0001756,Tier2,Low,False,2025-02-02,2027-10-16,Approved
KYC0001757,CUS0001757,Tier1,Medium,False,2025-08-27,2026-09-03,Pending
KYC0001758,CUS0001758,Tier2,Medium,False,2024-01-06,2026-05-11,Approved
KYC0001759,CUS0001759,Tier2,Low,False,2025-05-12,2027-02-15,Approved
KYC0001760,CUS0001760,Tier1,Low,False,2024-01-12,2027-02-17,Approved
KYC0001761,CUS0001761,Tier1,Low,False,2024-08-03,2027-12-18,Approved
KYC0001762,CUS0001762,Tier1,Low,False,2024-06-18,2026-10-06,Approved
KYC0001763,CUS0001763,Tier2,Low,False,2025-01-16,2027-12-29,Approved
KYC0001764,CUS0001764,Tier1,Medium,False,2025-07-24,2027-06-23,Approved
KYC0001765,CUS0001765,Tier2,Medium,False,2025-02-24,2027-01-05,Approved
KYC0001766,CUS0001766,Tier2,Medium,False,2025-06-18,2026-11-07,Approved
KYC0001767,CUS0001767,Tier3,Low,False,2025-07-09,2027-08-25,Approved
KYC0001768,CUS0001768,Tier1,Low,False,2024-08-20,2026-05-02,Approved
KYC0001769,CUS0001769,Tier1,High,False,2024-03-17,2027-08-10,Approved
KYC0001770,CUS0001770,Tier3,Low,False,2025-03-24,2026-05-19,Approved
KYC0001771,CUS0001771,Tier1,Low,False,2024-09-12,2026-11-12,Approved
KYC0001772,CUS0001772,Tier1,Low,False,2024-09-01,2027-05-07,Approved
KYC0001773,CUS0001773,Tier1,Low,False,2026-02-17,2027-08-04,Approved
KYC0001774,CUS0001774,Tier1,Low,False,2024-06-09,2027-08-09,Approved
KYC0001775,CUS0001775,Tier1,Medium,False,2024-04-10,2027-06-02,Approved
KYC0001776,CUS0001776,Tier2,Medium,False,2025-08-28,2026-10-01,Pending
KYC0001777,CUS0001777,Tier3,Low,False,2026-02-05,2027-07-04,Approved
KYC0001778,CUS0001778,Tier1,Low,False,2024-04-10,2026-09-14,Approved
KYC0001779,CUS0001779,Tier2,Low,False,2025-03-21,2027-11-06,Approved
KYC0001780,CUS0001780,Tier2,Low,False,2024-07-05,2026-10-12,Approved
KYC0001781,CUS0001781,Tier2,Medium,False,2026-01-05,2027-03-29,Approved
KYC0001782,CUS0001782,Tier1,Low,False,2024-08-18,2026-06-16,Approved
KYC0001783,CUS0001783,Tier1,Low,True,2025-11-29,2026-10-30,Approved
KYC0001784,CUS0001784,Tier1,Low,False,2026-01-04,2027-02-10,Approved
KYC0001785,CUS0001785,Tier1,Low,False,2025-01-16,2027-04-30,Approved
KYC0001786,CUS0001786,Tier1,Low,False,2025-07-14,2027-08-11,Approved
KYC0001787,CUS0001787,Tier2,Low,False,2026-04-02,2027-05-08,Approved
KYC0001788,CUS0001788,Tier1,Low,False,2024-10-26,2026-08-01,Approved
KYC0001789,CUS0001789,Tier2,Low,False,2024-04-02,2027-05-29,Approved
KYC0001790,CUS0001790,Tier1,Low,False,2024-09-02,2027-03-29,Approved
KYC0001791,CUS0001791,Tier1,Low,False,2024-05-25,2027-09-12,Approved
KYC0001792,CUS0001792,Tier1,Medium,False,2024-10-23,2026-09-02,Approved
KYC0001793,CUS0001793,Tier1,Low,False,2025-10-28,2027-04-28,Approved
KYC0001794,CUS0001794,Tier2,Low,False,2024-03-01,2027-11-18,Pending
KYC0001795,CUS0001795,Tier2,Low,False,2025-12-03,2027-06-03,Approved
KYC0001796,CUS0001796,Tier1,Low,False,2024-08-09,2027-07-23,Approved
KYC0001797,CUS0001797,Tier2,Medium,False,2024-04-26,2026-09-08,Approved
KYC0001798,CUS0001798,Tier1,Medium,False,2025-03-07,2027-12-28,Approved
KYC0001799,CUS0001799,Tier1,Low,False,2024-04-22,2027-03-01,Approved
KYC0001800,CUS0001800,Tier2,Low,False,2025-05-09,2027-04-03,Approved
KYC0001801,CUS0001801,Tier2,Low,False,2024-09-04,2026-05-08,Approved
KYC0001802,CUS0001802,Tier1,Low,False,2024-05-05,2027-11-13,Approved
KYC0001803,CUS0001803,Tier1,Medium,False,2025-02-25,2026-07-20,Approved
KYC0001804,CUS0001804,Tier1,Medium,False,2025-01-25,2027-12-30,Approved
KYC0001805,CUS0001805,Tier2,Medium,False,2025-08-26,2027-01-22,Approved
KYC0001806,CUS0001806,Tier2,Low,False,2025-06-09,2027-04-06,Approved
KYC0001807,CUS0001807,Tier1,Medium,False,2024-09-23,2026-08-06,Approved
KYC0001808,CUS0001808,Tier1,Low,False,2025-05-24,2026-08-05,Approved
KYC0001809,CUS0001809,Tier1,Low,False,2025-07-08,2026-09-03,Approved
KYC0001810,CUS0001810,Tier1,Low,False,2026-04-08,2027-02-09,Approved
KYC0001811,CUS0001811,Tier2,Low,False,2024-04-06,2027-09-20,Approved
KYC0001812,CUS0001812,Tier1,Low,False,2024-09-14,2027-06-25,Approved
KYC0001813,CUS0001813,Tier2,Low,False,2024-09-30,2027-08-04,Approved
KYC0001814,CUS0001814,Tier1,High,False,2024-11-24,2026-09-23,Approved
KYC0001815,CUS0001815,Tier1,Low,False,2025-08-10,2026-12-24,Approved
KYC0001816,CUS0001816,Tier2,Low,False,2026-03-14,2027-12-04,Approved
KYC0001817,CUS0001817,Tier1,Low,False,2026-01-20,2027-10-10,Approved
KYC0001818,CUS0001818,Tier1,Low,False,2025-04-30,2027-08-23,Approved
KYC0001819,CUS0001819,Tier3,Low,False,2024-07-10,2027-01-02,Pending
KYC0001820,CUS0001820,Tier2,Low,False,2024-11-20,2027-11-13,Approved
KYC0001821,CUS0001821,Tier1,Low,False,2025-10-04,2027-06-15,Approved
KYC0001822,CUS0001822,Tier2,Low,False,2024-08-09,2027-12-28,Approved
KYC0001823,CUS0001823,Tier2,Medium,False,2024-11-20,2027-07-23,Approved
KYC0001824,CUS0001824,Tier1,Low,False,2026-03-16,2026-06-15,Approved
KYC0001825,CUS0001825,Tier1,Low,False,2025-11-29,2026-10-03,Approved
KYC0001826,CUS0001826,Tier2,Medium,True,2025-12-06,2027-01-28,Approved
KYC0001827,CUS0001827,Tier1,Low,False,2025-03-30,2026-10-16,Approved
KYC0001828,CUS0001828,Tier1,Low,False,2024-05-13,2027-05-24,Approved
KYC0001829,CUS0001829,Tier3,Medium,False,2024-08-30,2026-05-16,Approved
KYC0001830,CUS0001830,Tier2,High,False,2026-01-10,2027-04-11,Approved
KYC0001831,CUS0001831,Tier1,Low,False,2024-06-16,2026-06-22,Approved
KYC0001832,CUS0001832,Tier2,Low,False,2025-09-16,2026-05-26,Approved
KYC0001833,CUS0001833,Tier2,Medium,False,2024-08-31,2026-09-13,Approved
KYC0001834,CUS0001834,Tier1,High,False,2024-01-01,2027-11-28,Approved
KYC0001835,CUS0001835,Tier2,Medium,False,2024-10-22,2027-09-02,Approved
KYC0001836,CUS0001836,Tier1,Low,False,2025-09-15,2027-09-07,Approved
KYC0001837,CUS0001837,Tier2,Low,False,2025-10-17,2027-06-27,Approved
KYC0001838,CUS0001838,Tier1,Medium,False,2025-03-24,2027-02-11,Approved
KYC0001839,CUS0001839,Tier1,Low,False,2025-03-22,2026-09-07,Approved
KYC0001840,CUS0001840,Tier3,Low,False,2025-01-03,2027-09-30,Approved
KYC0001841,CUS0001841,Tier1,Low,False,2025-11-26,2026-07-03,Approved
KYC0001842,CUS0001842,Tier1,Low,False,2024-06-29,2026-10-20,Approved
KYC0001843,CUS0001843,Tier2,High,False,2025-07-30,2027-12-29,Approved
KYC0001844,CUS0001844,Tier1,Low,False,2024-07-27,2027-07-09,Approved
KYC0001845,CUS0001845,Tier2,Low,False,2026-03-01,2026-09-20,Approved
KYC0001846,CUS0001846,Tier2,Low,False,2024-08-15,2027-05-18,Approved
KYC0001847,CUS0001847,Tier3,Low,False,2025-07-19,2027-10-01,Approved
KYC0001848,CUS0001848,Tier2,Medium,False,2024-07-18,2027-12-19,Approved
KYC0001849,CUS0001849,Tier2,Low,False,2024-04-19,2027-11-17,Approved
KYC0001850,CUS0001850,Tier1,Medium,False,2025-01-13,2026-12-22,Approved
KYC0001851,CUS0001851,Tier2,Medium,False,2025-07-23,2026-10-21,Approved
KYC0001852,CUS0001852,Tier2,Low,False,2024-12-16,2027-02-28,Approved
KYC0001853,CUS0001853,Tier1,Low,False,2025-01-01,2027-03-18,Approved
KYC0001854,CUS0001854,Tier2,Low,False,2024-06-26,2026-11-28,Approved
KYC0001855,CUS0001855,Tier3,Medium,False,2024-09-20,2026-07-12,Approved
KYC0001856,CUS0001856,Tier2,Medium,False,2024-04-28,2026-11-03,Approved
KYC0001857,CUS0001857,Tier1,Medium,False,2024-12-05,2027-06-24,Approved
KYC0001858,CUS0001858,Tier2,Low,False,2024-09-12,2027-01-05,Approved
KYC0001859,CUS0001859,Tier2,Low,False,2024-11-08,2027-05-22,Approved
KYC0001860,CUS0001860,Tier1,Medium,False,2026-03-27,2027-09-02,Approved
KYC0001861,CUS0001861,Tier2,Low,False,2025-03-26,2027-01-27,Approved
KYC0001862,CUS0001862,Tier1,Low,False,2024-03-12,2027-01-14,Approved
KYC0001863,CUS0001863,Tier3,Low,False,2025-07-23,2027-01-20,Approved
KYC0001864,CUS0001864,Tier1,Medium,False,2026-01-19,2027-02-28,Approved
KYC0001865,CUS0001865,Tier3,Medium,False,2025-06-08,2027-10-16,Approved
KYC0001866,CUS0001866,Tier2,Low,False,2026-03-18,2027-11-05,Approved
KYC0001867,CUS0001867,Tier2,Medium,False,2024-06-13,2027-08-30,Pending
KYC0001868,CUS0001868,Tier1,Low,False,2026-03-15,2026-05-16,Rejected
KYC0001869,CUS0001869,Tier1,Low,False,2024-04-19,2027-03-25,Approved
KYC0001870,CUS0001870,Tier1,Medium,False,2026-02-14,2027-11-21,Approved
KYC0001871,CUS0001871,Tier2,Low,False,2024-07-22,2026-10-21,Approved
KYC0001872,CUS0001872,Tier2,Low,False,2024-11-05,2027-09-10,Approved
KYC0001873,CUS0001873,Tier1,Medium,False,2026-03-15,2027-09-03,Approved
KYC0001874,CUS0001874,Tier2,Low,False,2025-03-25,2027-11-04,Approved
KYC0001875,CUS0001875,Tier2,Medium,False,2024-04-28,2027-06-24,Approved
KYC0001876,CUS0001876,Tier1,Low,False,2025-06-19,2027-09-16,Approved
KYC0001877,CUS0001877,Tier2,Low,False,2026-01-07,2026-05-28,Approved
KYC0001878,CUS0001878,Tier1,Medium,False,2024-06-10,2026-07-11,Approved
KYC0001879,CUS0001879,Tier2,Low,False,2026-03-30,2026-09-28,Approved
KYC0001880,CUS0001880,Tier2,Low,False,2025-11-10,2027-08-28,Approved
KYC0001881,CUS0001881,Tier1,Medium,False,2025-01-31,2026-06-19,Approved
KYC0001882,CUS0001882,Tier1,Medium,False,2024-05-13,2026-10-19,Approved
KYC0001883,CUS0001883,Tier2,Medium,False,2025-03-10,2027-02-28,Approved
KYC0001884,CUS0001884,Tier1,Low,False,2024-07-30,2026-05-01,Approved
KYC0001885,CUS0001885,Tier1,Low,False,2026-02-25,2027-01-30,Approved
KYC0001886,CUS0001886,Tier2,Medium,False,2025-06-28,2027-01-24,Approved
KYC0001887,CUS0001887,Tier1,Low,False,2026-03-05,2026-06-13,Approved
KYC0001888,CUS0001888,Tier1,Low,False,2025-10-06,2027-02-06,Approved
KYC0001889,CUS0001889,Tier2,High,False,2026-02-14,2027-11-07,Approved
KYC0001890,CUS0001890,Tier1,Medium,False,2024-08-20,2027-11-11,Approved
KYC0001891,CUS0001891,Tier2,Low,False,2024-11-21,2027-12-04,Approved
KYC0001892,CUS0001892,Tier3,Low,False,2024-05-15,2027-10-09,Approved
KYC0001893,CUS0001893,Tier2,Low,False,2025-10-01,2027-10-07,Approved
KYC0001894,CUS0001894,Tier2,Low,False,2025-01-05,2026-11-07,Approved
KYC0001895,CUS0001895,Tier2,Low,False,2025-07-16,2027-07-07,Approved
KYC0001896,CUS0001896,Tier1,Low,False,2024-10-19,2027-10-05,Approved
KYC0001897,CUS0001897,Tier3,Medium,False,2024-04-15,2027-01-03,Approved
KYC0001898,CUS0001898,Tier1,Medium,False,2025-07-11,2027-03-27,Approved
KYC0001899,CUS0001899,Tier1,Low,False,2024-10-02,2026-10-16,Approved
KYC0001900,CUS0001900,Tier2,Medium,False,2025-03-26,2026-12-22,Approved
KYC0001901,CUS0001901,Tier3,Low,False,2024-09-24,2026-11-29,Approved
KYC0001902,CUS0001902,Tier1,Low,False,2025-04-11,2027-08-02,Approved
KYC0001903,CUS0001903,Tier1,Low,False,2025-11-11,2027-07-16,Approved
KYC0001904,CUS0001904,Tier2,Medium,False,2024-06-23,2027-10-12,Approved
KYC0001905,CUS0001905,Tier1,Low,False,2024-09-22,2027-06-29,Approved
KYC0001906,CUS0001906,Tier2,Low,False,2025-06-08,2027-09-09,Approved
KYC0001907,CUS0001907,Tier1,Medium,False,2025-07-07,2027-03-12,Approved
KYC0001908,CUS0001908,Tier1,Low,False,2024-09-20,2026-11-21,Approved
KYC0001909,CUS0001909,Tier2,Medium,False,2025-02-04,2026-10-03,Approved
KYC0001910,CUS0001910,Tier1,Low,False,2025-03-31,2027-06-11,Approved
KYC0001911,CUS0001911,Tier1,Low,False,2025-02-22,2027-12-21,Approved
KYC0001912,CUS0001912,Tier2,Low,False,2025-11-27,2027-02-24,Pending
KYC0001913,CUS0001913,Tier1,Low,False,2024-10-01,2027-11-19,Approved
KYC0001914,CUS0001914,Tier2,Low,False,2024-03-16,2026-08-27,Approved
KYC0001915,CUS0001915,Tier1,Low,False,2025-07-10,2027-12-12,Approved
KYC0001916,CUS0001916,Tier1,Medium,False,2025-12-16,2026-08-09,Approved
KYC0001917,CUS0001917,Tier1,Low,False,2025-02-07,2027-04-05,Approved
KYC0001918,CUS0001918,Tier1,Medium,False,2024-07-21,2027-09-17,Approved
KYC0001919,CUS0001919,Tier1,Low,False,2025-01-01,2027-03-15,Approved
KYC0001920,CUS0001920,Tier1,Medium,False,2026-02-01,2026-10-12,Approved
KYC0001921,CUS0001921,Tier2,Low,False,2025-09-27,2027-04-05,Approved
KYC0001922,CUS0001922,Tier1,Low,False,2025-12-27,2027-08-02,Approved
KYC0001923,CUS0001923,Tier3,Medium,False,2025-11-21,2027-12-03,Approved
KYC0001924,CUS0001924,Tier2,Low,False,2024-11-15,2027-05-12,Approved
KYC0001925,CUS0001925,Tier2,Low,False,2025-07-25,2026-12-06,Approved
KYC0001926,CUS0001926,Tier1,Low,False,2024-07-28,2027-07-20,Approved
KYC0001927,CUS0001927,Tier1,Low,False,2024-11-29,2026-08-12,Approved
KYC0001928,CUS0001928,Tier1,Low,False,2026-01-23,2027-05-12,Approved
KYC0001929,CUS0001929,Tier2,Low,False,2025-03-25,2027-11-30,Approved
KYC0001930,CUS0001930,Tier1,High,False,2025-08-17,2027-12-16,Approved
KYC0001931,CUS0001931,Tier2,Low,False,2024-04-24,2027-09-06,Approved
KYC0001932,CUS0001932,Tier1,Medium,False,2025-07-11,2027-01-02,Approved
KYC0001933,CUS0001933,Tier2,Low,False,2024-01-23,2026-05-26,Approved
KYC0001934,CUS0001934,Tier1,Medium,False,2025-09-17,2027-10-08,Pending
KYC0001935,CUS0001935,Tier1,Low,False,2024-03-06,2026-11-20,Approved
KYC0001936,CUS0001936,Tier2,Medium,False,2026-04-02,2027-10-23,Approved
KYC0001937,CUS0001937,Tier2,Low,False,2024-10-01,2026-10-20,Approved
KYC0001938,CUS0001938,Tier2,Low,False,2025-06-24,2027-01-30,Approved
KYC0001939,CUS0001939,Tier2,Low,False,2024-09-03,2027-07-21,Approved
KYC0001940,CUS0001940,Tier1,Medium,False,2025-07-20,2027-04-19,Approved
KYC0001941,CUS0001941,Tier2,Low,False,2025-04-23,2026-06-25,Approved
KYC0001942,CUS0001942,Tier2,Low,False,2025-05-02,2026-06-21,Approved
KYC0001943,CUS0001943,Tier3,Medium,False,2025-06-23,2026-07-21,Approved
KYC0001944,CUS0001944,Tier1,Low,False,2026-03-06,2027-01-01,Approved
KYC0001945,CUS0001945,Tier1,Low,False,2024-05-12,2027-11-30,Approved
KYC0001946,CUS0001946,Tier2,Low,False,2025-11-01,2027-05-14,Approved
KYC0001947,CUS0001947,Tier2,Low,False,2025-05-12,2026-11-16,Approved
KYC0001948,CUS0001948,Tier1,Low,False,2025-06-15,2027-07-15,Approved
KYC0001949,CUS0001949,Tier1,High,False,2024-05-30,2027-06-10,Approved
KYC0001950,CUS0001950,Tier2,Low,False,2025-05-17,2026-11-13,Pending
KYC0001951,CUS0001951,Tier1,Low,False,2025-06-30,2027-11-13,Approved
KYC0001952,CUS0001952,Tier1,Low,False,2025-09-03,2027-08-08,Approved
KYC0001953,CUS0001953,Tier1,Medium,False,2024-01-29,2027-05-30,Approved
KYC0001954,CUS0001954,Tier1,Low,False,2025-10-19,2026-07-15,Approved
KYC0001955,CUS0001955,Tier2,Low,False,2024-03-23,2027-07-30,Approved
KYC0001956,CUS0001956,Tier2,Medium,False,2024-02-27,2026-07-22,Approved
KYC0001957,CUS0001957,Tier3,Low,False,2024-11-25,2026-10-01,Approved
KYC0001958,CUS0001958,Tier2,Low,False,2024-09-12,2026-08-07,Rejected
KYC0001959,CUS0001959,Tier1,Low,False,2025-12-21,2026-06-06,Pending
KYC0001960,CUS0001960,Tier2,Low,False,2025-07-21,2027-09-06,Approved
KYC0001961,CUS0001961,Tier1,Low,False,2024-07-08,2026-06-21,Approved
KYC0001962,CUS0001962,Tier3,Low,False,2024-09-15,2027-06-14,Approved
KYC0001963,CUS0001963,Tier1,Low,False,2024-05-21,2026-06-05,Pending
KYC0001964,CUS0001964,Tier1,Medium,False,2025-11-09,2027-11-01,Approved
KYC0001965,CUS0001965,Tier1,Low,False,2024-02-24,2027-08-20,Approved
KYC0001966,CUS0001966,Tier1,Low,False,2026-03-22,2027-12-13,Approved
KYC0001967,CUS0001967,Tier2,Low,False,2025-05-05,2027-11-02,Approved
KYC0001968,CUS0001968,Tier1,Medium,False,2024-11-01,2027-07-04,Approved
KYC0001969,CUS0001969,Tier2,Low,False,2026-02-09,2027-03-08,Approved
KYC0001970,CUS0001970,Tier2,Medium,False,2025-02-25,2026-07-09,Approved
KYC0001971,CUS0001971,Tier1,Medium,False,2024-09-27,2027-05-24,Approved
KYC0001972,CUS0001972,Tier1,Medium,False,2025-06-28,2027-04-22,Approved
KYC0001973,CUS0001973,Tier2,Low,False,2024-12-27,2027-08-05,Approved
KYC0001974,CUS0001974,Tier1,Low,False,2025-02-09,2026-12-13,Approved
KYC0001975,CUS0001975,Tier2,High,False,2025-12-08,2026-10-07,Pending
KYC0001976,CUS0001976,Tier1,Medium,False,2025-05-30,2027-09-14,Approved
KYC0001977,CUS0001977,Tier1,Low,False,2024-04-17,2027-10-12,Approved
KYC0001978,CUS0001978,Tier2,Medium,False,2024-03-05,2026-09-26,Approved
KYC0001979,CUS0001979,Tier3,Low,False,2024-08-06,2027-11-07,Approved
KYC0001980,CUS0001980,Tier2,Low,False,2025-04-07,2027-10-03,Approved
KYC0001981,CUS0001981,Tier1,Low,False,2024-03-30,2027-01-11,Approved
KYC0001982,CUS0001982,Tier1,Medium,False,2025-10-13,2027-09-08,Approved
KYC0001983,CUS0001983,Tier3,Low,False,2025-04-30,2026-06-24,Approved
KYC0001984,CUS0001984,Tier1,Low,False,2024-10-29,2026-12-22,Approved
KYC0001985,CUS0001985,Tier2,Low,False,2025-01-09,2027-02-20,Approved
KYC0001986,CUS0001986,Tier1,Low,False,2026-02-26,2026-10-11,Approved
KYC0001987,CUS0001987,Tier1,High,False,2024-10-19,2027-05-13,Approved
KYC0001988,CUS0001988,Tier3,High,False,2025-05-05,2026-11-28,Approved
KYC0001989,CUS0001989,Tier2,Low,False,2026-01-25,2027-05-04,Approved
KYC0001990,CUS0001990,Tier1,Low,False,2025-08-30,2027-11-13,Approved
KYC0001991,CUS0001991,Tier1,Low,False,2026-04-25,2026-06-14,Rejected
KYC0001992,CUS0001992,Tier1,Medium,False,2024-09-27,2027-12-31,Approved
KYC0001993,CUS0001993,Tier2,Medium,False,2025-12-29,2026-08-03,Pending
KYC0001994,CUS0001994,Tier2,Low,False,2026-03-24,2027-10-18,Approved
KYC0001995,CUS0001995,Tier2,Low,False,2024-04-14,2027-08-29,Approved
KYC0001996,CUS0001996,Tier1,Low,False,2024-07-09,2027-11-04,Approved
KYC0001997,CUS0001997,Tier2,Low,False,2024-11-27,2027-05-08,Approved
KYC0001998,CUS0001998,Tier2,Medium,False,2025-03-14,2027-08-02,Approved
KYC0001999,CUS0001999,Tier1,Low,False,2024-08-21,2027-03-16,Approved
KYC0002000,CUS0002000,Tier1,Low,False,2025-03-08,2027-07-07,Approved
KYC0002001,CUS0002001,Tier2,Low,False,2024-06-20,2026-07-02,Approved
KYC0002002,CUS0002002,Tier2,Medium,False,2026-04-06,2027-02-11,Approved
KYC0002003,CUS0002003,Tier1,Low,False,2024-08-20,2027-07-05,Approved
KYC0002004,CUS0002004,Tier1,High,False,2024-12-06,2027-02-10,Approved
KYC0002005,CUS0002005,Tier3,Low,False,2024-07-07,2027-10-17,Approved
KYC0002006,CUS0002006,Tier3,High,False,2024-11-18,2026-09-14,Approved
KYC0002007,CUS0002007,Tier1,Medium,False,2026-03-25,2027-02-24,Approved
KYC0002008,CUS0002008,Tier2,High,False,2026-01-21,2027-07-09,Approved
KYC0002009,CUS0002009,Tier1,Low,False,2024-04-03,2026-12-15,Approved
KYC0002010,CUS0002010,Tier1,Low,False,2024-03-08,2026-06-02,Approved
KYC0002011,CUS0002011,Tier1,High,False,2025-09-02,2026-06-09,Approved
KYC0002012,CUS0002012,Tier1,Low,False,2025-01-13,2027-06-24,Approved
KYC0002013,CUS0002013,Tier2,Low,False,2024-06-21,2026-09-19,Approved
KYC0002014,CUS0002014,Tier2,Low,False,2024-12-04,2026-09-25,Approved
KYC0002015,CUS0002015,Tier3,Medium,False,2024-03-08,2027-12-22,Approved
KYC0002016,CUS0002016,Tier1,Low,False,2025-07-26,2026-05-29,Approved
KYC0002017,CUS0002017,Tier2,Low,False,2025-12-06,2027-04-02,Approved
KYC0002018,CUS0002018,Tier2,Low,False,2025-01-17,2026-12-03,Approved
KYC0002019,CUS0002019,Tier2,Low,False,2024-08-15,2026-07-12,Approved
KYC0002020,CUS0002020,Tier2,High,False,2025-01-30,2026-07-14,Approved
KYC0002021,CUS0002021,Tier2,Low,False,2026-03-23,2026-06-15,Approved
KYC0002022,CUS0002022,Tier3,Low,False,2025-06-15,2027-02-12,Approved
KYC0002023,CUS0002023,Tier2,Medium,False,2025-06-02,2026-07-31,Approved
KYC0002024,CUS0002024,Tier2,Low,False,2024-11-01,2026-08-28,Approved
KYC0002025,CUS0002025,Tier3,Low,False,2024-06-14,2026-11-23,Approved
KYC0002026,CUS0002026,Tier1,Low,False,2025-07-30,2026-12-01,Approved
KYC0002027,CUS0002027,Tier2,Low,False,2024-07-12,2027-06-22,Approved
KYC0002028,CUS0002028,Tier3,Low,False,2026-01-18,2027-06-19,Approved
KYC0002029,CUS0002029,Tier2,Low,False,2024-03-07,2027-03-26,Approved
KYC0002030,CUS0002030,Tier1,Medium,False,2024-03-07,2027-05-24,Approved
KYC0002031,CUS0002031,Tier1,Low,False,2024-05-22,2027-11-13,Approved
KYC0002032,CUS0002032,Tier1,Low,False,2025-12-16,2027-08-03,Approved
KYC0002033,CUS0002033,Tier1,Low,False,2025-05-20,2026-07-24,Approved
KYC0002034,CUS0002034,Tier1,Low,False,2025-02-18,2027-09-21,Approved
KYC0002035,CUS0002035,Tier2,Low,False,2025-04-18,2027-02-17,Approved
KYC0002036,CUS0002036,Tier1,Low,False,2025-05-13,2027-09-28,Approved
KYC0002037,CUS0002037,Tier1,Medium,False,2024-06-13,2027-02-23,Approved
KYC0002038,CUS0002038,Tier1,Medium,False,2024-11-22,2027-12-29,Approved
KYC0002039,CUS0002039,Tier2,Low,False,2024-11-14,2026-05-24,Approved
KYC0002040,CUS0002040,Tier2,Low,False,2025-11-20,2026-08-30,Approved
KYC0002041,CUS0002041,Tier2,Low,False,2024-12-08,2027-09-08,Approved
KYC0002042,CUS0002042,Tier1,Low,False,2025-07-06,2027-05-05,Approved
KYC0002043,CUS0002043,Tier3,Low,False,2024-10-17,2026-06-02,Approved
KYC0002044,CUS0002044,Tier3,Low,False,2024-05-06,2026-10-27,Pending
KYC0002045,CUS0002045,Tier1,Low,False,2024-12-28,2027-03-30,Approved
KYC0002046,CUS0002046,Tier1,Medium,False,2025-08-03,2026-10-27,Approved
KYC0002047,CUS0002047,Tier1,Low,False,2025-03-28,2026-05-13,Approved
KYC0002048,CUS0002048,Tier1,High,False,2025-09-21,2026-08-19,Approved
KYC0002049,CUS0002049,Tier1,Low,False,2024-12-22,2027-02-16,Approved
KYC0002050,CUS0002050,Tier1,Low,False,2024-02-05,2027-12-18,Approved
KYC0002051,CUS0002051,Tier3,Medium,False,2026-01-02,2027-07-23,Approved
KYC0002052,CUS0002052,Tier1,Low,False,2024-11-30,2027-05-17,Approved
KYC0002053,CUS0002053,Tier2,Medium,False,2025-08-27,2027-11-28,Approved
KYC0002054,CUS0002054,Tier2,Low,False,2026-04-15,2027-06-07,Approved
KYC0002055,CUS0002055,Tier1,Medium,False,2025-02-12,2027-04-15,Approved
KYC0002056,CUS0002056,Tier1,High,False,2025-09-25,2027-01-03,Approved
KYC0002057,CUS0002057,Tier1,Low,False,2025-04-06,2026-10-31,Approved
KYC0002058,CUS0002058,Tier1,Low,False,2025-05-10,2027-10-22,Approved
KYC0002059,CUS0002059,Tier3,Medium,False,2025-12-28,2027-12-07,Pending
KYC0002060,CUS0002060,Tier3,Low,False,2026-03-30,2027-09-02,Approved
KYC0002061,CUS0002061,Tier1,Low,False,2025-10-20,2027-11-12,Approved
KYC0002062,CUS0002062,Tier1,Low,True,2024-07-07,2027-07-26,Approved
KYC0002063,CUS0002063,Tier1,Medium,False,2024-08-22,2026-05-27,Approved
KYC0002064,CUS0002064,Tier1,Low,False,2024-02-27,2026-12-02,Approved
KYC0002065,CUS0002065,Tier3,Low,False,2024-11-11,2026-05-19,Approved
KYC0002066,CUS0002066,Tier1,Medium,False,2025-09-18,2027-03-28,Approved
KYC0002067,CUS0002067,Tier1,Low,False,2026-03-17,2026-12-30,Approved
KYC0002068,CUS0002068,Tier1,Medium,False,2025-06-29,2026-09-26,Approved
KYC0002069,CUS0002069,Tier1,Low,False,2025-02-08,2027-09-08,Approved
KYC0002070,CUS0002070,Tier1,Low,False,2026-02-25,2026-10-25,Approved
KYC0002071,CUS0002071,Tier1,Medium,False,2025-10-07,2027-08-14,Approved
KYC0002072,CUS0002072,Tier3,Medium,False,2024-12-20,2026-10-07,Approved
KYC0002073,CUS0002073,Tier2,Low,False,2025-09-14,2026-05-26,Approved
KYC0002074,CUS0002074,Tier3,Low,False,2024-08-07,2027-01-16,Approved
KYC0002075,CUS0002075,Tier2,Low,False,2024-03-07,2026-12-03,Approved
KYC0002076,CUS0002076,Tier1,Low,False,2025-01-10,2027-07-27,Approved
KYC0002077,CUS0002077,Tier2,Low,False,2026-01-07,2027-07-11,Approved
KYC0002078,CUS0002078,Tier1,Low,False,2025-06-25,2027-10-28,Approved
KYC0002079,CUS0002079,Tier1,Low,False,2025-09-25,2026-05-09,Approved
KYC0002080,CUS0002080,Tier2,Low,False,2025-10-31,2027-05-23,Pending
KYC0002081,CUS0002081,Tier1,Low,False,2024-03-27,2026-08-16,Approved
KYC0002082,CUS0002082,Tier1,Low,False,2025-11-09,2027-09-10,Rejected
KYC0002083,CUS0002083,Tier2,Low,False,2025-03-11,2026-06-18,Approved
KYC0002084,CUS0002084,Tier1,Low,False,2026-01-20,2026-06-11,Approved
KYC0002085,CUS0002085,Tier2,Low,False,2024-06-08,2026-07-02,Approved
KYC0002086,CUS0002086,Tier2,Low,False,2024-11-03,2027-05-23,Approved
KYC0002087,CUS0002087,Tier1,Low,False,2025-08-17,2027-12-12,Approved
KYC0002088,CUS0002088,Tier2,Medium,False,2024-02-02,2026-07-17,Approved
KYC0002089,CUS0002089,Tier1,Medium,False,2025-05-20,2027-07-07,Approved
KYC0002090,CUS0002090,Tier1,Low,False,2025-02-15,2026-06-19,Approved
KYC0002091,CUS0002091,Tier1,Medium,False,2025-02-09,2026-06-04,Approved
KYC0002092,CUS0002092,Tier1,Low,False,2024-02-22,2026-12-25,Approved
KYC0002093,CUS0002093,Tier1,High,False,2026-03-11,2027-02-17,Approved
KYC0002094,CUS0002094,Tier2,Medium,False,2026-01-05,2027-11-13,Approved
KYC0002095,CUS0002095,Tier1,Medium,False,2025-09-07,2027-07-21,Approved
KYC0002096,CUS0002096,Tier1,Low,False,2024-08-03,2026-09-26,Approved
KYC0002097,CUS0002097,Tier2,High,False,2025-10-09,2027-02-25,Rejected
KYC0002098,CUS0002098,Tier1,Medium,False,2025-11-10,2026-05-12,Approved
KYC0002099,CUS0002099,Tier1,Low,False,2025-10-06,2027-09-25,Approved
KYC0002100,CUS0002100,Tier3,Low,False,2024-04-04,2027-01-09,Approved
KYC0002101,CUS0002101,Tier3,Low,False,2024-10-14,2026-05-22,Approved
KYC0002102,CUS0002102,Tier1,Low,False,2025-01-16,2027-02-22,Approved
KYC0002103,CUS0002103,Tier2,Low,False,2025-09-04,2027-03-14,Approved
KYC0002104,CUS0002104,Tier2,Low,False,2026-02-13,2027-08-16,Approved
KYC0002105,CUS0002105,Tier2,Low,False,2026-03-01,2027-08-13,Pending
KYC0002106,CUS0002106,Tier2,Low,False,2025-10-29,2026-09-05,Approved
KYC0002107,CUS0002107,Tier1,Medium,False,2024-11-11,2026-05-26,Approved
KYC0002108,CUS0002108,Tier1,Low,False,2024-10-12,2027-10-15,Approved
KYC0002109,CUS0002109,Tier1,Medium,False,2025-10-13,2027-06-05,Approved
KYC0002110,CUS0002110,Tier2,Medium,False,2024-04-17,2026-07-17,Approved
KYC0002111,CUS0002111,Tier1,Low,False,2025-05-25,2027-11-27,Approved
KYC0002112,CUS0002112,Tier1,Low,False,2025-09-11,2027-10-18,Approved
KYC0002113,CUS0002113,Tier1,Low,False,2025-05-12,2026-05-09,Rejected
KYC0002114,CUS0002114,Tier3,Medium,False,2024-05-01,2027-06-21,Approved
KYC0002115,CUS0002115,Tier1,High,False,2026-03-20,2027-12-10,Approved
KYC0002116,CUS0002116,Tier3,Medium,False,2024-12-07,2027-10-08,Approved
KYC0002117,CUS0002117,Tier3,Low,False,2024-04-17,2026-08-29,Approved
KYC0002118,CUS0002118,Tier1,Low,False,2025-08-29,2026-08-13,Approved
KYC0002119,CUS0002119,Tier1,Low,False,2025-11-22,2027-11-29,Approved
KYC0002120,CUS0002120,Tier1,Low,False,2024-12-24,2026-06-22,Approved
KYC0002121,CUS0002121,Tier3,Low,False,2026-02-02,2027-04-05,Approved
KYC0002122,CUS0002122,Tier1,Low,False,2024-09-29,2026-07-18,Approved
KYC0002123,CUS0002123,Tier2,Low,False,2024-01-07,2027-03-13,Approved
KYC0002124,CUS0002124,Tier1,Low,False,2024-10-11,2026-08-23,Approved
KYC0002125,CUS0002125,Tier3,Low,False,2024-04-16,2027-11-23,Approved
KYC0002126,CUS0002126,Tier2,Medium,False,2026-03-27,2026-06-30,Approved
KYC0002127,CUS0002127,Tier1,Low,False,2025-12-13,2026-09-07,Approved
KYC0002128,CUS0002128,Tier1,Low,False,2024-10-17,2027-02-24,Approved
KYC0002129,CUS0002129,Tier3,Low,False,2025-06-14,2027-01-29,Approved
KYC0002130,CUS0002130,Tier2,Low,False,2025-07-18,2027-09-04,Approved
KYC0002131,CUS0002131,Tier2,Medium,False,2025-09-07,2026-10-10,Approved
KYC0002132,CUS0002132,Tier2,Low,False,2025-09-25,2027-07-12,Approved
KYC0002133,CUS0002133,Tier2,Medium,False,2024-02-09,2027-06-02,Approved
KYC0002134,CUS0002134,Tier1,Medium,False,2024-10-25,2027-10-29,Approved
KYC0002135,CUS0002135,Tier1,Medium,False,2026-02-23,2026-10-24,Approved
KYC0002136,CUS0002136,Tier1,Medium,False,2025-01-09,2027-01-14,Approved
KYC0002137,CUS0002137,Tier1,Low,False,2025-04-11,2026-05-04,Pending
KYC0002138,CUS0002138,Tier1,Low,False,2025-01-07,2027-04-15,Approved
KYC0002139,CUS0002139,Tier1,Low,False,2024-11-21,2027-05-04,Approved
KYC0002140,CUS0002140,Tier2,Low,False,2024-04-30,2027-02-15,Approved
KYC0002141,CUS0002141,Tier3,Low,False,2025-03-21,2026-05-15,Approved
KYC0002142,CUS0002142,Tier2,Low,False,2026-04-10,2027-10-27,Approved
KYC0002143,CUS0002143,Tier1,High,False,2025-02-04,2027-11-15,Approved
KYC0002144,CUS0002144,Tier2,Low,False,2025-09-04,2026-05-14,Approved
KYC0002145,CUS0002145,Tier1,Low,False,2025-02-03,2026-08-02,Approved
KYC0002146,CUS0002146,Tier2,Low,False,2025-01-19,2026-09-10,Approved
KYC0002147,CUS0002147,Tier2,Low,False,2025-12-07,2027-09-22,Approved
KYC0002148,CUS0002148,Tier1,Medium,False,2025-10-26,2026-11-08,Approved
KYC0002149,CUS0002149,Tier1,Low,False,2024-04-30,2027-08-21,Approved
KYC0002150,CUS0002150,Tier3,Medium,False,2024-06-15,2027-09-19,Approved
KYC0002151,CUS0002151,Tier2,Low,False,2025-03-14,2027-06-16,Approved
KYC0002152,CUS0002152,Tier2,High,False,2025-01-16,2026-05-22,Approved
KYC0002153,CUS0002153,Tier3,High,False,2025-11-16,2027-04-02,Approved
KYC0002154,CUS0002154,Tier1,Low,False,2025-01-25,2026-07-04,Approved
KYC0002155,CUS0002155,Tier2,Low,False,2024-05-29,2027-06-14,Approved
KYC0002156,CUS0002156,Tier1,Medium,False,2025-02-04,2026-05-22,Approved
KYC0002157,CUS0002157,Tier3,Low,False,2024-09-10,2027-05-31,Approved
KYC0002158,CUS0002158,Tier1,Low,False,2026-03-30,2027-09-13,Approved
KYC0002159,CUS0002159,Tier1,Low,False,2025-06-28,2027-12-20,Approved
KYC0002160,CUS0002160,Tier2,Low,False,2025-03-06,2026-09-13,Approved
KYC0002161,CUS0002161,Tier1,Low,False,2025-02-18,2027-04-04,Approved
KYC0002162,CUS0002162,Tier1,Low,False,2024-12-09,2026-05-17,Approved
KYC0002163,CUS0002163,Tier1,Medium,False,2024-11-11,2026-11-08,Approved
KYC0002164,CUS0002164,Tier2,Low,False,2024-10-04,2026-05-15,Approved
KYC0002165,CUS0002165,Tier2,Low,False,2024-06-25,2027-06-30,Approved
KYC0002166,CUS0002166,Tier1,Low,False,2025-10-31,2026-09-25,Approved
KYC0002167,CUS0002167,Tier2,Low,False,2024-05-11,2026-06-22,Approved
KYC0002168,CUS0002168,Tier2,Medium,False,2025-01-02,2026-05-05,Approved
KYC0002169,CUS0002169,Tier2,Low,False,2025-09-22,2027-09-20,Approved
KYC0002170,CUS0002170,Tier2,Low,False,2024-08-29,2027-05-15,Approved
KYC0002171,CUS0002171,Tier2,Low,False,2025-03-06,2026-09-30,Approved
KYC0002172,CUS0002172,Tier1,Low,False,2025-02-28,2026-10-16,Approved
KYC0002173,CUS0002173,Tier1,Low,False,2024-07-17,2027-08-02,Approved
KYC0002174,CUS0002174,Tier2,Medium,False,2025-08-15,2026-08-23,Approved
KYC0002175,CUS0002175,Tier2,Medium,False,2025-11-24,2027-08-09,Approved
KYC0002176,CUS0002176,Tier3,High,False,2025-03-14,2027-11-15,Approved
KYC0002177,CUS0002177,Tier2,Low,False,2024-10-11,2026-05-02,Approved
KYC0002178,CUS0002178,Tier2,Medium,False,2025-01-13,2027-09-17,Approved
KYC0002179,CUS0002179,Tier1,Low,False,2025-10-26,2027-08-05,Approved
KYC0002180,CUS0002180,Tier2,Low,False,2025-05-21,2027-10-17,Approved
KYC0002181,CUS0002181,Tier2,Low,False,2024-07-05,2026-06-04,Approved
KYC0002182,CUS0002182,Tier1,Low,False,2026-04-14,2027-07-12,Approved
KYC0002183,CUS0002183,Tier1,Low,False,2024-03-24,2026-06-07,Approved
KYC0002184,CUS0002184,Tier1,Low,False,2026-02-22,2027-01-29,Approved
KYC0002185,CUS0002185,Tier1,Low,False,2026-04-03,2027-12-01,Rejected
KYC0002186,CUS0002186,Tier1,Low,False,2025-01-27,2027-03-13,Approved
KYC0002187,CUS0002187,Tier2,Low,False,2025-02-07,2027-05-29,Approved
KYC0002188,CUS0002188,Tier1,Medium,False,2024-06-16,2027-09-18,Approved
KYC0002189,CUS0002189,Tier1,Medium,False,2025-10-25,2027-02-06,Approved
KYC0002190,CUS0002190,Tier3,Medium,False,2025-04-25,2027-12-30,Approved
KYC0002191,CUS0002191,Tier1,Low,False,2024-08-02,2027-05-21,Pending
KYC0002192,CUS0002192,Tier2,Medium,False,2024-12-06,2027-02-26,Approved
KYC0002193,CUS0002193,Tier1,Low,False,2024-12-01,2027-10-05,Approved
KYC0002194,CUS0002194,Tier2,High,False,2024-11-03,2026-11-12,Approved
KYC0002195,CUS0002195,Tier1,High,False,2025-06-11,2026-07-31,Approved
KYC0002196,CUS0002196,Tier1,Medium,False,2025-07-05,2026-07-17,Approved
KYC0002197,CUS0002197,Tier1,Low,False,2026-01-28,2027-01-06,Approved
KYC0002198,CUS0002198,Tier1,Medium,False,2024-02-13,2027-04-19,Approved
KYC0002199,CUS0002199,Tier2,Low,False,2024-11-29,2027-12-14,Approved
KYC0002200,CUS0002200,Tier2,Low,False,2026-03-30,2027-12-14,Approved
KYC0002201,CUS0002201,Tier1,Medium,True,2024-07-16,2027-02-02,Approved
KYC0002202,CUS0002202,Tier2,High,False,2025-09-03,2027-02-13,Approved
KYC0002203,CUS0002203,Tier2,Low,False,2024-07-18,2026-08-13,Approved
KYC0002204,CUS0002204,Tier1,Low,False,2024-11-24,2027-08-17,Approved
KYC0002205,CUS0002205,Tier2,Medium,False,2024-04-10,2026-05-15,Approved
KYC0002206,CUS0002206,Tier1,Medium,False,2024-12-06,2026-10-08,Approved
KYC0002207,CUS0002207,Tier2,Low,False,2024-07-22,2027-09-30,Approved
KYC0002208,CUS0002208,Tier1,Low,False,2024-11-16,2027-06-09,Approved
KYC0002209,CUS0002209,Tier1,Medium,False,2025-10-11,2026-10-13,Approved
KYC0002210,CUS0002210,Tier1,Low,False,2025-02-16,2027-07-12,Approved
KYC0002211,CUS0002211,Tier2,Low,False,2024-11-27,2026-07-15,Approved
KYC0002212,CUS0002212,Tier3,Low,False,2025-09-06,2027-03-27,Approved
KYC0002213,CUS0002213,Tier2,Medium,False,2026-03-05,2027-11-30,Approved
KYC0002214,CUS0002214,Tier3,Low,False,2025-09-11,2027-08-15,Approved
KYC0002215,CUS0002215,Tier2,Low,False,2025-08-24,2027-06-03,Approved
KYC0002216,CUS0002216,Tier1,Low,False,2026-01-18,2026-11-19,Approved
KYC0002217,CUS0002217,Tier1,Low,False,2025-05-30,2027-11-21,Approved
KYC0002218,CUS0002218,Tier3,Medium,False,2026-03-25,2026-07-21,Approved
KYC0002219,CUS0002219,Tier2,Medium,False,2025-06-15,2026-05-11,Approved
KYC0002220,CUS0002220,Tier1,Low,False,2024-10-23,2026-09-24,Approved
KYC0002221,CUS0002221,Tier1,Low,False,2026-02-05,2026-10-07,Approved
KYC0002222,CUS0002222,Tier1,Low,False,2024-11-25,2027-06-27,Approved
KYC0002223,CUS0002223,Tier1,Low,False,2024-08-30,2027-03-30,Approved
KYC0002224,CUS0002224,Tier1,Medium,False,2024-07-24,2027-10-24,Approved
KYC0002225,CUS0002225,Tier1,Low,False,2024-11-25,2027-03-03,Approved
KYC0002226,CUS0002226,Tier1,Low,False,2025-06-21,2026-07-25,Approved
KYC0002227,CUS0002227,Tier2,Low,False,2025-03-02,2026-07-16,Approved
KYC0002228,CUS0002228,Tier2,Medium,False,2025-10-06,2026-10-15,Approved
KYC0002229,CUS0002229,Tier2,Low,False,2025-09-29,2027-12-08,Approved
KYC0002230,CUS0002230,Tier2,Low,False,2025-07-13,2027-03-05,Approved
KYC0002231,CUS0002231,Tier3,Medium,False,2026-04-08,2027-06-28,Approved
KYC0002232,CUS0002232,Tier1,High,False,2025-02-13,2026-10-30,Approved
KYC0002233,CUS0002233,Tier3,Low,False,2024-11-27,2027-01-24,Approved
KYC0002234,CUS0002234,Tier1,High,False,2025-10-12,2027-03-26,Approved
KYC0002235,CUS0002235,Tier1,Low,False,2024-03-04,2027-10-30,Approved
KYC0002236,CUS0002236,Tier1,Medium,False,2025-07-24,2026-05-22,Approved
KYC0002237,CUS0002237,Tier2,Low,False,2026-01-10,2027-11-12,Approved
KYC0002238,CUS0002238,Tier1,Low,False,2025-06-29,2027-04-07,Approved
KYC0002239,CUS0002239,Tier1,Low,False,2026-04-02,2027-04-03,Approved
KYC0002240,CUS0002240,Tier1,Low,False,2025-05-10,2026-08-24,Approved
KYC0002241,CUS0002241,Tier1,Low,False,2026-01-09,2026-09-07,Pending
KYC0002242,CUS0002242,Tier2,Low,False,2025-05-26,2027-08-08,Approved
KYC0002243,CUS0002243,Tier1,Low,False,2025-02-26,2027-12-12,Approved
KYC0002244,CUS0002244,Tier3,Low,False,2026-01-17,2027-03-09,Approved
KYC0002245,CUS0002245,Tier1,Low,False,2025-12-18,2027-04-25,Approved
KYC0002246,CUS0002246,Tier1,Low,False,2025-11-15,2027-02-21,Approved
KYC0002247,CUS0002247,Tier1,High,False,2024-07-25,2026-12-06,Approved
KYC0002248,CUS0002248,Tier2,Low,False,2024-05-09,2026-06-09,Pending
KYC0002249,CUS0002249,Tier3,Medium,False,2025-05-29,2027-03-04,Approved
KYC0002250,CUS0002250,Tier1,Low,False,2025-06-27,2027-09-30,Approved
KYC0002251,CUS0002251,Tier1,Medium,False,2025-08-09,2027-06-18,Approved
KYC0002252,CUS0002252,Tier2,Low,False,2024-05-03,2026-10-08,Approved
KYC0002253,CUS0002253,Tier1,Low,False,2024-11-20,2026-07-11,Approved
KYC0002254,CUS0002254,Tier1,Low,False,2025-12-25,2026-08-10,Approved
KYC0002255,CUS0002255,Tier2,Low,False,2024-02-15,2027-10-18,Approved
KYC0002256,CUS0002256,Tier2,Low,False,2024-03-09,2026-09-14,Approved
KYC0002257,CUS0002257,Tier1,Medium,False,2025-01-19,2027-02-07,Approved
KYC0002258,CUS0002258,Tier1,Low,False,2024-03-30,2027-12-01,Approved
KYC0002259,CUS0002259,Tier1,Low,False,2024-12-28,2026-11-05,Approved
KYC0002260,CUS0002260,Tier2,Low,False,2024-08-21,2027-01-13,Approved
KYC0002261,CUS0002261,Tier1,High,False,2024-06-03,2027-12-18,Approved
KYC0002262,CUS0002262,Tier2,High,False,2024-04-06,2027-05-24,Approved
KYC0002263,CUS0002263,Tier2,Medium,False,2024-05-16,2027-02-07,Approved
KYC0002264,CUS0002264,Tier1,Low,False,2024-04-04,2027-06-20,Approved
KYC0002265,CUS0002265,Tier1,Medium,False,2026-01-07,2026-08-12,Rejected
KYC0002266,CUS0002266,Tier1,Low,False,2025-01-25,2026-10-24,Approved
KYC0002267,CUS0002267,Tier2,Low,False,2025-06-18,2027-08-23,Approved
KYC0002268,CUS0002268,Tier2,Low,False,2025-01-27,2027-03-05,Approved
KYC0002269,CUS0002269,Tier2,Low,False,2025-01-14,2027-07-01,Approved
KYC0002270,CUS0002270,Tier1,Low,False,2024-06-28,2027-12-22,Approved
KYC0002271,CUS0002271,Tier1,Low,False,2024-06-27,2026-05-05,Approved
KYC0002272,CUS0002272,Tier2,Low,False,2026-05-01,2027-04-18,Approved
KYC0002273,CUS0002273,Tier1,Low,False,2026-02-27,2027-08-23,Approved
KYC0002274,CUS0002274,Tier2,Low,False,2025-10-18,2026-10-28,Approved
KYC0002275,CUS0002275,Tier2,Low,False,2024-12-02,2027-12-13,Pending
KYC0002276,CUS0002276,Tier1,Low,False,2024-07-25,2026-09-29,Approved
KYC0002277,CUS0002277,Tier1,Medium,False,2025-07-11,2026-07-28,Approved
KYC0002278,CUS0002278,Tier2,Medium,False,2024-08-10,2026-11-26,Approved
KYC0002279,CUS0002279,Tier1,Medium,False,2024-08-22,2026-07-17,Approved
KYC0002280,CUS0002280,Tier1,Low,False,2024-12-23,2026-07-15,Approved
KYC0002281,CUS0002281,Tier1,Medium,False,2025-07-22,2026-08-25,Approved
KYC0002282,CUS0002282,Tier2,Medium,False,2024-10-26,2027-09-13,Approved
KYC0002283,CUS0002283,Tier1,High,False,2024-09-15,2027-07-30,Approved
KYC0002284,CUS0002284,Tier2,Low,False,2025-01-24,2026-09-14,Approved
KYC0002285,CUS0002285,Tier1,Low,False,2025-03-09,2027-01-09,Approved
KYC0002286,CUS0002286,Tier2,Medium,False,2025-07-16,2026-12-16,Approved
KYC0002287,CUS0002287,Tier3,Medium,False,2024-02-19,2026-09-03,Approved
KYC0002288,CUS0002288,Tier1,Low,False,2024-09-14,2026-08-28,Approved
KYC0002289,CUS0002289,Tier2,Low,False,2025-12-16,2027-11-27,Approved
KYC0002290,CUS0002290,Tier1,Medium,False,2025-07-19,2026-09-01,Approved
KYC0002291,CUS0002291,Tier2,Low,False,2024-10-11,2027-06-07,Approved
KYC0002292,CUS0002292,Tier1,Low,False,2026-02-19,2027-04-25,Approved
KYC0002293,CUS0002293,Tier1,Low,False,2025-03-12,2026-09-05,Approved
KYC0002294,CUS0002294,Tier2,Low,False,2026-04-30,2027-10-29,Approved
KYC0002295,CUS0002295,Tier1,Medium,False,2025-11-25,2026-07-14,Approved
KYC0002296,CUS0002296,Tier1,Low,False,2025-06-25,2027-11-02,Approved
KYC0002297,CUS0002297,Tier1,Low,False,2025-01-27,2026-10-13,Approved
KYC0002298,CUS0002298,Tier1,Low,False,2026-03-10,2027-06-02,Approved
KYC0002299,CUS0002299,Tier1,Low,False,2025-07-02,2026-07-01,Approved
KYC0002300,CUS0002300,Tier1,Low,False,2025-11-16,2027-11-22,Approved
KYC0002301,CUS0002301,Tier3,High,False,2026-02-20,2026-12-26,Approved
KYC0002302,CUS0002302,Tier2,Low,False,2025-09-03,2027-02-12,Pending
KYC0002303,CUS0002303,Tier1,Low,False,2024-01-17,2026-10-08,Approved
KYC0002304,CUS0002304,Tier2,Medium,False,2025-02-02,2027-10-25,Approved
KYC0002305,CUS0002305,Tier2,Low,False,2024-11-01,2026-07-25,Approved
KYC0002306,CUS0002306,Tier1,Low,False,2024-08-16,2027-05-07,Approved
KYC0002307,CUS0002307,Tier2,Low,False,2024-09-28,2027-11-19,Approved
KYC0002308,CUS0002308,Tier1,Low,False,2026-02-22,2026-08-24,Pending
KYC0002309,CUS0002309,Tier2,Low,False,2025-09-06,2027-01-30,Approved
KYC0002310,CUS0002310,Tier1,Medium,False,2024-10-09,2027-10-17,Approved
KYC0002311,CUS0002311,Tier2,Low,False,2024-05-22,2026-06-04,Approved
KYC0002312,CUS0002312,Tier2,Medium,False,2026-03-27,2026-09-26,Approved
KYC0002313,CUS0002313,Tier1,Low,False,2025-02-24,2027-12-18,Approved
KYC0002314,CUS0002314,Tier2,Low,False,2025-11-19,2027-06-15,Approved
KYC0002315,CUS0002315,Tier2,High,False,2025-11-23,2027-12-17,Approved
KYC0002316,CUS0002316,Tier2,High,False,2024-12-15,2027-04-10,Approved
KYC0002317,CUS0002317,Tier3,Medium,False,2025-02-10,2026-05-21,Approved
KYC0002318,CUS0002318,Tier1,Low,False,2024-09-08,2026-11-05,Approved
KYC0002319,CUS0002319,Tier1,Low,False,2025-02-02,2027-01-01,Approved
KYC0002320,CUS0002320,Tier2,Low,False,2025-10-25,2027-03-10,Approved
KYC0002321,CUS0002321,Tier1,Low,False,2024-03-17,2026-09-01,Approved
KYC0002322,CUS0002322,Tier2,Low,False,2026-01-19,2027-02-23,Approved
KYC0002323,CUS0002323,Tier3,Low,False,2025-06-08,2027-03-09,Approved
KYC0002324,CUS0002324,Tier1,Medium,False,2024-03-09,2026-11-28,Approved
KYC0002325,CUS0002325,Tier1,Low,False,2024-08-30,2027-01-08,Approved
KYC0002326,CUS0002326,Tier2,Medium,False,2024-11-27,2027-06-16,Approved
KYC0002327,CUS0002327,Tier1,Low,False,2026-03-10,2026-06-03,Approved
KYC0002328,CUS0002328,Tier2,Low,False,2024-05-01,2027-09-13,Approved
KYC0002329,CUS0002329,Tier1,Low,False,2025-02-09,2026-11-18,Approved
KYC0002330,CUS0002330,Tier1,Low,False,2024-06-15,2027-05-18,Approved
KYC0002331,CUS0002331,Tier1,Medium,False,2026-02-13,2026-09-12,Approved
KYC0002332,CUS0002332,Tier1,Medium,False,2025-12-22,2027-04-23,Approved
KYC0002333,CUS0002333,Tier1,Low,False,2025-06-06,2027-09-14,Approved
KYC0002334,CUS0002334,Tier1,Low,False,2026-02-18,2027-05-07,Approved
KYC0002335,CUS0002335,Tier1,Low,False,2025-11-24,2026-12-01,Approved
KYC0002336,CUS0002336,Tier2,Low,True,2026-03-01,2026-12-12,Approved
KYC0002337,CUS0002337,Tier1,Low,False,2024-07-23,2027-04-21,Approved
KYC0002338,CUS0002338,Tier1,Low,False,2025-01-24,2027-04-28,Approved
KYC0002339,CUS0002339,Tier3,Low,False,2024-04-18,2027-07-30,Approved
KYC0002340,CUS0002340,Tier1,Low,False,2025-07-22,2027-10-26,Approved
KYC0002341,CUS0002341,Tier1,Low,False,2024-03-27,2026-08-30,Approved
KYC0002342,CUS0002342,Tier1,Low,False,2025-12-24,2027-04-09,Approved
KYC0002343,CUS0002343,Tier2,Low,False,2024-09-07,2026-08-29,Approved
KYC0002344,CUS0002344,Tier2,Low,False,2025-04-06,2027-08-12,Approved
KYC0002345,CUS0002345,Tier2,Low,False,2025-05-17,2026-05-05,Approved
KYC0002346,CUS0002346,Tier2,Low,False,2025-08-14,2026-07-29,Approved
KYC0002347,CUS0002347,Tier2,Low,False,2024-07-05,2027-10-19,Approved
KYC0002348,CUS0002348,Tier2,Low,False,2024-01-27,2026-09-13,Approved
KYC0002349,CUS0002349,Tier1,Low,False,2024-12-18,2026-11-07,Approved
KYC0002350,CUS0002350,Tier2,High,False,2025-04-17,2026-10-03,Approved
KYC0002351,CUS0002351,Tier2,Low,False,2024-08-17,2027-02-01,Approved
KYC0002352,CUS0002352,Tier2,Low,False,2024-11-10,2026-10-22,Pending
KYC0002353,CUS0002353,Tier2,Low,False,2024-11-04,2026-10-20,Approved
KYC0002354,CUS0002354,Tier1,Low,False,2025-08-07,2026-10-01,Approved
KYC0002355,CUS0002355,Tier2,Low,False,2024-02-29,2027-03-27,Approved
KYC0002356,CUS0002356,Tier1,High,False,2024-12-13,2027-01-26,Approved
KYC0002357,CUS0002357,Tier2,Low,False,2025-10-26,2027-07-28,Approved
KYC0002358,CUS0002358,Tier2,Medium,False,2024-06-24,2027-11-05,Approved
KYC0002359,CUS0002359,Tier3,Low,False,2024-06-29,2026-08-02,Approved
KYC0002360,CUS0002360,Tier3,Low,False,2025-03-13,2027-01-01,Approved
KYC0002361,CUS0002361,Tier2,Medium,False,2026-04-08,2026-12-16,Approved
KYC0002362,CUS0002362,Tier2,Medium,False,2024-05-24,2027-11-12,Approved
KYC0002363,CUS0002363,Tier2,High,False,2026-01-23,2027-08-21,Approved
KYC0002364,CUS0002364,Tier1,Medium,False,2025-01-10,2027-04-10,Approved
KYC0002365,CUS0002365,Tier1,Low,False,2024-08-03,2027-03-07,Approved
KYC0002366,CUS0002366,Tier2,Medium,False,2025-11-21,2027-01-24,Approved
KYC0002367,CUS0002367,Tier1,Low,False,2026-04-04,2027-08-24,Approved
KYC0002368,CUS0002368,Tier1,Low,False,2024-01-29,2026-08-22,Approved
KYC0002369,CUS0002369,Tier2,Medium,False,2024-01-25,2027-08-12,Approved
KYC0002370,CUS0002370,Tier1,Low,False,2024-10-11,2026-07-18,Approved
KYC0002371,CUS0002371,Tier1,Low,False,2025-12-25,2026-10-12,Approved
KYC0002372,CUS0002372,Tier1,Low,False,2024-04-06,2027-04-28,Approved
KYC0002373,CUS0002373,Tier2,High,False,2025-06-01,2027-02-11,Pending
KYC0002374,CUS0002374,Tier2,Low,False,2025-09-15,2027-02-22,Approved
KYC0002375,CUS0002375,Tier1,Low,False,2024-08-08,2027-04-25,Approved
KYC0002376,CUS0002376,Tier2,Medium,False,2025-08-16,2027-05-06,Approved
KYC0002377,CUS0002377,Tier3,Low,False,2026-02-20,2026-05-04,Approved
KYC0002378,CUS0002378,Tier1,Low,False,2024-02-29,2026-08-15,Approved
KYC0002379,CUS0002379,Tier2,Low,False,2026-02-10,2026-06-02,Approved
KYC0002380,CUS0002380,Tier1,Low,False,2026-04-29,2026-09-20,Approved
KYC0002381,CUS0002381,Tier1,Medium,True,2024-07-22,2027-01-16,Approved
KYC0002382,CUS0002382,Tier2,Low,True,2025-09-05,2027-10-31,Approved
KYC0002383,CUS0002383,Tier3,Low,False,2026-03-18,2026-05-29,Approved
KYC0002384,CUS0002384,Tier2,Low,False,2025-08-29,2026-12-26,Approved
KYC0002385,CUS0002385,Tier2,Medium,False,2025-10-11,2027-07-23,Approved
KYC0002386,CUS0002386,Tier2,Low,False,2025-11-21,2027-07-11,Approved
KYC0002387,CUS0002387,Tier1,Low,False,2025-05-04,2027-08-03,Approved
KYC0002388,CUS0002388,Tier3,Low,False,2026-02-13,2027-10-12,Approved
KYC0002389,CUS0002389,Tier1,Low,False,2024-07-27,2027-12-01,Approved
KYC0002390,CUS0002390,Tier2,Low,False,2024-06-29,2026-08-18,Approved
KYC0002391,CUS0002391,Tier1,Medium,False,2024-01-30,2026-08-13,Approved
KYC0002392,CUS0002392,Tier2,Medium,False,2025-03-09,2027-02-28,Approved
KYC0002393,CUS0002393,Tier1,Medium,False,2026-01-19,2027-12-03,Approved
KYC0002394,CUS0002394,Tier1,Medium,False,2024-06-22,2027-05-20,Approved
KYC0002395,CUS0002395,Tier1,Low,False,2026-03-29,2026-09-02,Approved
KYC0002396,CUS0002396,Tier2,Low,False,2025-11-13,2027-06-23,Approved
KYC0002397,CUS0002397,Tier3,Low,False,2024-07-24,2027-07-27,Approved
KYC0002398,CUS0002398,Tier1,Low,False,2026-02-23,2027-04-02,Approved
KYC0002399,CUS0002399,Tier1,Low,False,2024-10-19,2026-09-30,Approved
KYC0002400,CUS0002400,Tier2,Low,False,2025-05-24,2027-07-03,Approved
KYC0002401,CUS0002401,Tier1,Low,False,2025-01-10,2027-10-30,Approved
KYC0002402,CUS0002402,Tier1,Medium,False,2024-01-28,2027-03-28,Approved
KYC0002403,CUS0002403,Tier1,Medium,False,2025-01-30,2027-05-21,Approved
KYC0002404,CUS0002404,Tier2,Medium,False,2025-02-16,2026-10-25,Approved
KYC0002405,CUS0002405,Tier1,Low,False,2024-05-29,2027-07-19,Approved
KYC0002406,CUS0002406,Tier1,Low,False,2026-01-20,2026-12-17,Approved
KYC0002407,CUS0002407,Tier1,Low,False,2025-03-30,2026-05-30,Approved
KYC0002408,CUS0002408,Tier1,Low,False,2025-07-04,2027-10-21,Approved
KYC0002409,CUS0002409,Tier2,Low,False,2024-10-11,2027-09-02,Approved
KYC0002410,CUS0002410,Tier2,Low,False,2024-11-15,2027-05-01,Pending
KYC0002411,CUS0002411,Tier1,High,False,2025-02-24,2026-05-09,Approved
KYC0002412,CUS0002412,Tier1,Medium,False,2026-03-08,2027-11-09,Approved
KYC0002413,CUS0002413,Tier2,Medium,False,2025-03-24,2026-11-06,Approved
KYC0002414,CUS0002414,Tier1,Low,False,2026-02-18,2026-07-07,Approved
KYC0002415,CUS0002415,Tier1,Medium,False,2025-06-20,2027-11-22,Approved
KYC0002416,CUS0002416,Tier2,Low,False,2026-04-08,2026-06-22,Approved
KYC0002417,CUS0002417,Tier1,Low,False,2026-04-14,2027-05-18,Approved
KYC0002418,CUS0002418,Tier1,Medium,False,2024-05-24,2026-07-19,Pending
KYC0002419,CUS0002419,Tier2,Medium,False,2025-04-10,2026-09-17,Approved
KYC0002420,CUS0002420,Tier2,Medium,False,2025-05-18,2027-07-14,Approved
KYC0002421,CUS0002421,Tier3,Low,False,2025-04-02,2027-08-08,Approved
KYC0002422,CUS0002422,Tier1,Medium,False,2025-12-05,2026-12-12,Approved
KYC0002423,CUS0002423,Tier1,Low,False,2024-02-26,2026-12-29,Approved
KYC0002424,CUS0002424,Tier2,Low,False,2024-06-11,2027-07-29,Pending
KYC0002425,CUS0002425,Tier2,Low,False,2025-04-12,2026-07-09,Approved
KYC0002426,CUS0002426,Tier2,Low,False,2024-08-24,2027-02-15,Approved
KYC0002427,CUS0002427,Tier1,Low,False,2026-03-15,2026-05-07,Approved
KYC0002428,CUS0002428,Tier1,Low,False,2025-01-04,2026-08-16,Approved
KYC0002429,CUS0002429,Tier1,Low,False,2025-12-05,2027-11-13,Approved
KYC0002430,CUS0002430,Tier1,Low,False,2024-09-23,2027-08-17,Approved
KYC0002431,CUS0002431,Tier2,Low,False,2025-09-04,2027-12-05,Approved
KYC0002432,CUS0002432,Tier2,High,False,2024-10-11,2026-08-12,Approved
KYC0002433,CUS0002433,Tier2,Low,False,2024-09-22,2027-07-07,Approved
KYC0002434,CUS0002434,Tier3,Low,False,2025-05-17,2027-01-24,Approved
KYC0002435,CUS0002435,Tier2,Medium,False,2026-04-18,2026-12-17,Approved
KYC0002436,CUS0002436,Tier2,Low,False,2025-08-02,2026-10-11,Approved
KYC0002437,CUS0002437,Tier1,Medium,False,2024-10-21,2027-01-16,Approved
KYC0002438,CUS0002438,Tier2,Low,False,2024-10-09,2026-10-01,Approved
KYC0002439,CUS0002439,Tier2,Low,False,2026-05-01,2026-08-04,Approved
KYC0002440,CUS0002440,Tier2,Medium,False,2024-12-03,2026-10-26,Approved
KYC0002441,CUS0002441,Tier3,Low,False,2025-12-29,2026-08-09,Approved
KYC0002442,CUS0002442,Tier1,Low,False,2025-09-29,2026-12-02,Approved
KYC0002443,CUS0002443,Tier2,High,False,2024-03-19,2027-08-05,Approved
KYC0002444,CUS0002444,Tier2,Low,False,2024-04-17,2027-02-26,Approved
KYC0002445,CUS0002445,Tier2,Low,False,2025-09-01,2027-02-10,Approved
KYC0002446,CUS0002446,Tier1,Low,False,2024-06-18,2026-07-13,Approved
KYC0002447,CUS0002447,Tier1,Low,False,2024-08-11,2026-08-27,Approved
KYC0002448,CUS0002448,Tier2,Low,False,2024-08-14,2027-11-01,Pending
KYC0002449,CUS0002449,Tier1,Low,False,2024-06-19,2027-12-03,Approved
KYC0002450,CUS0002450,Tier1,High,False,2025-01-02,2027-10-27,Approved
KYC0002451,CUS0002451,Tier2,Low,False,2024-08-30,2026-10-25,Approved
KYC0002452,CUS0002452,Tier3,Low,False,2025-10-15,2026-11-16,Approved
KYC0002453,CUS0002453,Tier2,Low,False,2025-06-27,2026-05-16,Approved
KYC0002454,CUS0002454,Tier2,Low,False,2025-11-15,2026-09-21,Approved
KYC0002455,CUS0002455,Tier2,High,False,2025-01-04,2026-07-20,Rejected
KYC0002456,CUS0002456,Tier2,Low,False,2024-01-26,2026-10-06,Pending
KYC0002457,CUS0002457,Tier2,Low,False,2024-12-16,2027-09-29,Approved
KYC0002458,CUS0002458,Tier3,Low,False,2025-03-26,2027-08-20,Approved
KYC0002459,CUS0002459,Tier1,Low,False,2026-01-22,2026-09-16,Approved
KYC0002460,CUS0002460,Tier2,Medium,False,2025-07-21,2027-09-05,Approved
KYC0002461,CUS0002461,Tier2,Medium,False,2024-11-07,2027-03-27,Approved
KYC0002462,CUS0002462,Tier2,Low,False,2025-05-02,2027-04-09,Approved
KYC0002463,CUS0002463,Tier2,Low,False,2024-03-30,2027-05-31,Approved
KYC0002464,CUS0002464,Tier1,Low,False,2026-04-10,2027-05-18,Approved
KYC0002465,CUS0002465,Tier1,Low,False,2026-01-22,2027-03-28,Approved
KYC0002466,CUS0002466,Tier1,Low,False,2024-03-30,2027-05-14,Approved
KYC0002467,CUS0002467,Tier2,Low,False,2024-07-28,2027-12-13,Approved
KYC0002468,CUS0002468,Tier1,Low,False,2025-03-11,2027-11-26,Approved
KYC0002469,CUS0002469,Tier2,Medium,False,2024-06-14,2026-07-09,Approved
KYC0002470,CUS0002470,Tier3,Low,False,2024-06-02,2026-09-14,Approved
KYC0002471,CUS0002471,Tier2,Low,False,2026-04-13,2027-11-01,Approved
KYC0002472,CUS0002472,Tier1,Low,False,2024-12-10,2027-10-24,Approved
KYC0002473,CUS0002473,Tier3,Medium,False,2025-11-16,2026-06-20,Approved
KYC0002474,CUS0002474,Tier3,Low,False,2024-10-17,2026-10-29,Approved
KYC0002475,CUS0002475,Tier1,Low,False,2025-02-16,2027-01-27,Approved
KYC0002476,CUS0002476,Tier2,Medium,False,2025-12-17,2027-06-23,Approved
KYC0002477,CUS0002477,Tier2,Medium,False,2025-06-07,2026-11-28,Approved
KYC0002478,CUS0002478,Tier1,Low,False,2025-07-06,2026-09-08,Approved
KYC0002479,CUS0002479,Tier2,Low,False,2025-08-27,2027-09-07,Approved
KYC0002480,CUS0002480,Tier1,Low,False,2025-04-28,2027-12-04,Approved
KYC0002481,CUS0002481,Tier1,Low,False,2024-10-25,2026-12-06,Approved
KYC0002482,CUS0002482,Tier2,Low,False,2025-10-23,2026-11-04,Approved
KYC0002483,CUS0002483,Tier2,Low,False,2024-09-17,2027-04-01,Approved
KYC0002484,CUS0002484,Tier1,Low,False,2024-05-12,2027-03-24,Approved
KYC0002485,CUS0002485,Tier3,Medium,False,2024-11-08,2026-07-11,Approved
KYC0002486,CUS0002486,Tier1,Low,False,2024-05-04,2027-03-08,Pending
KYC0002487,CUS0002487,Tier1,Medium,False,2025-07-28,2027-08-22,Approved
KYC0002488,CUS0002488,Tier1,Low,False,2024-05-27,2026-07-30,Approved
KYC0002489,CUS0002489,Tier2,Medium,False,2026-01-12,2026-08-10,Approved
KYC0002490,CUS0002490,Tier2,Low,False,2024-10-17,2027-06-28,Approved
KYC0002491,CUS0002491,Tier1,Low,False,2025-01-22,2026-06-14,Approved
KYC0002492,CUS0002492,Tier1,Low,False,2024-01-15,2027-07-09,Approved
KYC0002493,CUS0002493,Tier2,Medium,False,2026-01-13,2027-09-22,Approved
KYC0002494,CUS0002494,Tier1,Low,False,2025-01-17,2027-08-09,Approved
KYC0002495,CUS0002495,Tier3,Low,False,2024-10-26,2027-06-02,Approved
KYC0002496,CUS0002496,Tier1,Medium,False,2025-01-26,2026-12-19,Approved
KYC0002497,CUS0002497,Tier1,Medium,False,2026-01-21,2026-11-10,Approved
KYC0002498,CUS0002498,Tier2,Medium,False,2025-11-05,2026-09-05,Approved
KYC0002499,CUS0002499,Tier2,Low,False,2025-02-27,2027-01-29,Approved
KYC0002500,CUS0002500,Tier3,Low,False,2024-05-31,2027-11-05,Approved
KYC0002501,CUS0002501,Tier1,Low,False,2026-02-01,2027-11-15,Approved
KYC0002502,CUS0002502,Tier1,Low,False,2025-03-22,2026-05-17,Approved
KYC0002503,CUS0002503,Tier2,Medium,False,2024-04-10,2027-05-16,Approved
KYC0002504,CUS0002504,Tier1,Medium,False,2024-12-16,2027-06-25,Approved
KYC0002505,CUS0002505,Tier1,High,False,2026-02-20,2027-04-18,Approved
KYC0002506,CUS0002506,Tier2,Low,False,2025-05-09,2027-01-16,Approved
KYC0002507,CUS0002507,Tier1,Low,False,2026-02-14,2026-06-06,Approved
KYC0002508,CUS0002508,Tier2,Low,False,2024-03-27,2027-05-31,Approved
KYC0002509,CUS0002509,Tier2,Low,False,2026-01-24,2027-06-25,Approved
KYC0002510,CUS0002510,Tier2,Low,False,2025-08-08,2026-12-05,Approved
KYC0002511,CUS0002511,Tier3,Low,False,2025-10-24,2026-11-02,Approved
KYC0002512,CUS0002512,Tier1,Medium,False,2025-01-07,2026-08-27,Approved
KYC0002513,CUS0002513,Tier2,Low,False,2025-09-19,2026-08-27,Approved
KYC0002514,CUS0002514,Tier2,Medium,False,2024-08-30,2026-10-31,Approved
KYC0002515,CUS0002515,Tier1,Low,False,2025-06-17,2027-11-06,Approved
KYC0002516,CUS0002516,Tier1,Low,False,2024-03-31,2026-06-17,Approved
KYC0002517,CUS0002517,Tier2,Low,False,2025-11-19,2027-01-29,Approved
KYC0002518,CUS0002518,Tier1,Low,False,2024-11-18,2027-11-07,Approved
KYC0002519,CUS0002519,Tier1,Medium,False,2025-12-16,2026-07-29,Approved
KYC0002520,CUS0002520,Tier1,Low,False,2024-02-02,2026-06-29,Approved
KYC0002521,CUS0002521,Tier2,Low,False,2025-01-18,2026-05-06,Approved
KYC0002522,CUS0002522,Tier1,Low,False,2024-10-18,2027-02-28,Approved
KYC0002523,CUS0002523,Tier1,Low,False,2025-02-26,2026-11-06,Approved
KYC0002524,CUS0002524,Tier3,Low,False,2024-11-18,2027-08-23,Approved
KYC0002525,CUS0002525,Tier3,Low,False,2024-08-09,2026-09-30,Approved
KYC0002526,CUS0002526,Tier3,Medium,False,2024-02-19,2026-11-21,Approved
KYC0002527,CUS0002527,Tier2,Low,False,2025-11-12,2027-09-25,Approved
KYC0002528,CUS0002528,Tier1,Medium,False,2024-04-20,2027-01-19,Approved
KYC0002529,CUS0002529,Tier2,Medium,False,2026-03-23,2026-07-08,Rejected
KYC0002530,CUS0002530,Tier1,Low,False,2025-09-06,2027-09-18,Approved
KYC0002531,CUS0002531,Tier2,Low,False,2025-10-09,2027-07-12,Approved
KYC0002532,CUS0002532,Tier1,Low,False,2024-12-09,2027-10-06,Approved
KYC0002533,CUS0002533,Tier2,Low,False,2026-02-22,2027-02-24,Approved
KYC0002534,CUS0002534,Tier2,Medium,False,2024-08-11,2027-12-04,Approved
KYC0002535,CUS0002535,Tier1,Low,False,2025-11-11,2026-08-25,Approved
KYC0002536,CUS0002536,Tier1,High,False,2024-04-02,2027-09-20,Approved
KYC0002537,CUS0002537,Tier1,Low,False,2025-12-24,2027-01-24,Approved
KYC0002538,CUS0002538,Tier1,Low,False,2025-05-25,2026-11-14,Approved
KYC0002539,CUS0002539,Tier1,Low,False,2025-12-08,2027-03-09,Approved
KYC0002540,CUS0002540,Tier2,Low,False,2024-12-03,2026-08-04,Approved
KYC0002541,CUS0002541,Tier2,Medium,False,2024-12-05,2027-09-21,Approved
KYC0002542,CUS0002542,Tier1,Low,False,2025-12-23,2026-08-22,Approved
KYC0002543,CUS0002543,Tier3,Medium,False,2026-04-30,2027-08-09,Approved
KYC0002544,CUS0002544,Tier2,Low,False,2025-06-18,2026-06-03,Approved
KYC0002545,CUS0002545,Tier1,Low,False,2025-12-05,2027-10-22,Approved
KYC0002546,CUS0002546,Tier2,Low,False,2024-07-01,2026-10-20,Approved
KYC0002547,CUS0002547,Tier2,Low,False,2025-08-05,2027-07-10,Approved
KYC0002548,CUS0002548,Tier3,High,False,2024-08-21,2027-01-30,Approved
KYC0002549,CUS0002549,Tier1,Low,False,2024-10-01,2027-01-10,Approved
KYC0002550,CUS0002550,Tier3,Low,False,2024-10-30,2027-03-29,Pending
KYC0002551,CUS0002551,Tier2,Low,False,2024-08-24,2027-10-25,Approved
KYC0002552,CUS0002552,Tier1,Low,False,2024-09-02,2027-12-04,Approved
KYC0002553,CUS0002553,Tier2,Low,False,2024-01-24,2027-10-16,Pending
KYC0002554,CUS0002554,Tier1,Low,False,2025-02-27,2026-05-14,Approved
KYC0002555,CUS0002555,Tier1,Low,False,2025-11-05,2027-02-04,Approved
KYC0002556,CUS0002556,Tier2,Medium,False,2024-02-04,2027-04-22,Approved
KYC0002557,CUS0002557,Tier2,Low,False,2024-04-14,2026-12-12,Approved
KYC0002558,CUS0002558,Tier2,Low,False,2024-07-29,2026-09-26,Approved
KYC0002559,CUS0002559,Tier2,Low,False,2024-02-08,2026-09-09,Approved
KYC0002560,CUS0002560,Tier3,Medium,False,2026-04-02,2027-06-24,Approved
KYC0002561,CUS0002561,Tier1,Low,False,2025-06-26,2027-01-01,Approved
KYC0002562,CUS0002562,Tier1,Low,False,2025-07-26,2026-06-22,Approved
KYC0002563,CUS0002563,Tier1,Low,False,2025-08-25,2026-07-08,Approved
KYC0002564,CUS0002564,Tier2,Medium,False,2025-12-27,2027-03-28,Approved
KYC0002565,CUS0002565,Tier2,Low,False,2024-07-30,2026-09-15,Approved
KYC0002566,CUS0002566,Tier3,Low,False,2024-01-09,2027-12-31,Approved
KYC0002567,CUS0002567,Tier2,Low,False,2025-09-05,2026-07-11,Approved
KYC0002568,CUS0002568,Tier2,Low,False,2024-05-14,2027-10-05,Approved
KYC0002569,CUS0002569,Tier1,Low,False,2025-08-30,2027-01-11,Approved
KYC0002570,CUS0002570,Tier1,Low,False,2025-10-13,2027-08-23,Approved
KYC0002571,CUS0002571,Tier1,Low,False,2025-12-10,2027-08-14,Approved
KYC0002572,CUS0002572,Tier2,Medium,False,2025-11-01,2026-08-13,Approved
KYC0002573,CUS0002573,Tier2,Low,False,2024-11-18,2026-10-18,Approved
KYC0002574,CUS0002574,Tier2,Medium,False,2025-10-30,2027-06-22,Approved
KYC0002575,CUS0002575,Tier2,Low,False,2025-01-28,2026-07-02,Approved
KYC0002576,CUS0002576,Tier1,Medium,False,2025-10-17,2026-11-09,Approved
KYC0002577,CUS0002577,Tier1,Low,False,2024-11-09,2027-01-14,Approved
KYC0002578,CUS0002578,Tier1,Low,False,2024-10-30,2027-10-01,Approved
KYC0002579,CUS0002579,Tier3,Low,False,2025-07-19,2026-12-01,Approved
KYC0002580,CUS0002580,Tier2,Low,False,2024-05-20,2026-11-05,Approved
KYC0002581,CUS0002581,Tier1,Medium,False,2025-09-10,2026-05-16,Approved
KYC0002582,CUS0002582,Tier1,Medium,False,2024-06-17,2027-01-10,Approved
KYC0002583,CUS0002583,Tier1,Low,False,2024-01-19,2027-03-16,Approved
KYC0002584,CUS0002584,Tier2,Low,False,2026-03-17,2027-09-23,Approved
KYC0002585,CUS0002585,Tier2,Low,False,2025-08-28,2027-02-28,Approved
KYC0002586,CUS0002586,Tier2,Low,True,2025-11-17,2026-08-25,Approved
KYC0002587,CUS0002587,Tier1,Medium,False,2024-06-03,2026-06-15,Approved
KYC0002588,CUS0002588,Tier1,Low,False,2024-06-15,2027-05-15,Approved
KYC0002589,CUS0002589,Tier2,Low,False,2024-11-07,2027-06-10,Approved
KYC0002590,CUS0002590,Tier1,Medium,False,2025-10-23,2026-09-16,Approved
KYC0002591,CUS0002591,Tier1,Medium,False,2025-08-23,2027-03-01,Approved
KYC0002592,CUS0002592,Tier1,Low,False,2025-06-18,2026-08-28,Approved
KYC0002593,CUS0002593,Tier3,Low,False,2025-10-26,2027-11-19,Approved
KYC0002594,CUS0002594,Tier2,Low,False,2026-01-10,2026-11-09,Approved
KYC0002595,CUS0002595,Tier1,Low,False,2025-08-06,2027-04-26,Approved
KYC0002596,CUS0002596,Tier2,Medium,False,2025-05-29,2026-05-10,Approved
KYC0002597,CUS0002597,Tier2,Low,False,2025-03-17,2026-12-17,Approved
KYC0002598,CUS0002598,Tier1,Medium,False,2025-01-02,2027-12-14,Approved
KYC0002599,CUS0002599,Tier1,Low,False,2025-07-02,2027-11-20,Approved
KYC0002600,CUS0002600,Tier1,Low,False,2026-03-19,2026-06-18,Approved
KYC0002601,CUS0002601,Tier1,Low,False,2024-12-10,2027-11-25,Approved
KYC0002602,CUS0002602,Tier2,Low,False,2025-11-04,2027-11-20,Approved
KYC0002603,CUS0002603,Tier1,Medium,False,2025-01-03,2026-05-25,Approved
KYC0002604,CUS0002604,Tier1,Low,False,2024-06-05,2027-08-30,Approved
KYC0002605,CUS0002605,Tier3,Low,False,2025-02-04,2027-02-07,Approved
KYC0002606,CUS0002606,Tier2,Low,False,2025-12-02,2026-07-03,Approved
KYC0002607,CUS0002607,Tier1,Medium,False,2024-02-28,2027-03-26,Approved
KYC0002608,CUS0002608,Tier2,Medium,True,2025-11-30,2026-07-17,Pending
KYC0002609,CUS0002609,Tier2,Low,False,2024-02-23,2026-09-26,Approved
KYC0002610,CUS0002610,Tier1,Low,False,2025-09-29,2026-09-23,Approved
KYC0002611,CUS0002611,Tier2,Low,False,2025-04-10,2027-08-18,Approved
KYC0002612,CUS0002612,Tier3,Medium,False,2026-01-31,2027-02-06,Approved
KYC0002613,CUS0002613,Tier2,Low,False,2025-03-08,2026-09-18,Approved
KYC0002614,CUS0002614,Tier1,Low,False,2024-03-24,2027-09-04,Approved
KYC0002615,CUS0002615,Tier1,Low,False,2024-10-20,2026-09-07,Approved
KYC0002616,CUS0002616,Tier1,Low,False,2025-09-04,2026-05-30,Approved
KYC0002617,CUS0002617,Tier2,Low,False,2024-09-04,2027-07-22,Approved
KYC0002618,CUS0002618,Tier2,Low,False,2026-03-27,2027-09-21,Approved
KYC0002619,CUS0002619,Tier1,Low,False,2024-09-24,2027-08-01,Approved
KYC0002620,CUS0002620,Tier1,Low,False,2025-02-15,2027-11-21,Approved
KYC0002621,CUS0002621,Tier2,Low,False,2025-04-12,2027-01-02,Approved
KYC0002622,CUS0002622,Tier1,Low,False,2024-06-07,2026-12-20,Approved
KYC0002623,CUS0002623,Tier1,Low,False,2024-08-21,2027-07-20,Approved
KYC0002624,CUS0002624,Tier1,Low,False,2025-09-16,2027-05-03,Approved
KYC0002625,CUS0002625,Tier1,High,False,2025-03-12,2026-10-23,Approved
KYC0002626,CUS0002626,Tier1,Low,False,2024-02-18,2027-10-23,Approved
KYC0002627,CUS0002627,Tier1,Low,False,2024-02-07,2027-10-20,Approved
KYC0002628,CUS0002628,Tier1,Medium,False,2026-04-29,2026-05-20,Approved
KYC0002629,CUS0002629,Tier1,Medium,False,2024-08-19,2027-09-09,Pending
KYC0002630,CUS0002630,Tier1,Low,False,2025-11-01,2027-11-03,Approved
KYC0002631,CUS0002631,Tier2,Low,False,2025-11-01,2027-09-10,Approved
KYC0002632,CUS0002632,Tier1,Low,False,2024-01-20,2027-01-28,Pending
KYC0002633,CUS0002633,Tier2,Low,False,2024-04-02,2027-05-02,Approved
KYC0002634,CUS0002634,Tier2,Low,False,2024-02-01,2027-03-11,Approved
KYC0002635,CUS0002635,Tier2,Low,False,2024-03-07,2027-09-28,Approved
KYC0002636,CUS0002636,Tier2,Low,False,2026-02-05,2027-11-04,Approved
KYC0002637,CUS0002637,Tier1,Medium,False,2025-08-11,2027-12-09,Approved
KYC0002638,CUS0002638,Tier2,Low,False,2025-06-08,2026-09-17,Approved
KYC0002639,CUS0002639,Tier1,Low,False,2024-12-09,2027-11-17,Approved
KYC0002640,CUS0002640,Tier2,Low,False,2025-05-28,2027-05-20,Approved
KYC0002641,CUS0002641,Tier1,Low,False,2026-01-18,2027-12-17,Approved
KYC0002642,CUS0002642,Tier1,Medium,False,2025-11-22,2026-06-09,Approved
KYC0002643,CUS0002643,Tier2,Low,False,2025-02-21,2027-07-01,Approved
KYC0002644,CUS0002644,Tier1,Medium,False,2026-02-12,2027-10-14,Approved
KYC0002645,CUS0002645,Tier2,Low,False,2025-11-07,2027-06-19,Approved
KYC0002646,CUS0002646,Tier3,Low,False,2024-09-10,2026-05-11,Approved
KYC0002647,CUS0002647,Tier2,Low,False,2024-09-02,2027-10-29,Approved
KYC0002648,CUS0002648,Tier2,Low,False,2024-03-12,2026-11-17,Approved
KYC0002649,CUS0002649,Tier2,Medium,False,2024-03-12,2027-04-11,Approved
KYC0002650,CUS0002650,Tier1,High,False,2025-07-02,2026-09-10,Approved
KYC0002651,CUS0002651,Tier2,High,False,2025-05-11,2027-06-06,Approved
KYC0002652,CUS0002652,Tier1,Medium,False,2024-06-20,2026-09-08,Pending
KYC0002653,CUS0002653,Tier1,Low,False,2025-05-12,2027-02-17,Approved
KYC0002654,CUS0002654,Tier2,Low,False,2025-09-12,2027-02-08,Approved
KYC0002655,CUS0002655,Tier1,Low,False,2025-01-18,2026-10-11,Approved
KYC0002656,CUS0002656,Tier1,Medium,False,2024-07-29,2027-02-20,Approved
KYC0002657,CUS0002657,Tier2,Low,False,2026-02-12,2026-09-20,Approved
KYC0002658,CUS0002658,Tier1,Low,False,2024-07-11,2027-02-06,Approved
KYC0002659,CUS0002659,Tier1,Low,False,2025-11-21,2026-08-09,Approved
KYC0002660,CUS0002660,Tier3,Medium,False,2024-04-22,2027-01-15,Approved
KYC0002661,CUS0002661,Tier2,Low,False,2024-11-17,2027-02-02,Approved
KYC0002662,CUS0002662,Tier1,Low,False,2024-12-03,2027-08-28,Approved
KYC0002663,CUS0002663,Tier2,Low,False,2025-03-21,2027-06-12,Pending
KYC0002664,CUS0002664,Tier1,Low,False,2024-08-06,2027-02-16,Approved
KYC0002665,CUS0002665,Tier1,Medium,False,2025-12-26,2027-08-15,Approved
KYC0002666,CUS0002666,Tier2,Low,False,2024-02-28,2027-02-12,Approved
KYC0002667,CUS0002667,Tier1,Low,False,2025-03-26,2026-09-13,Approved
KYC0002668,CUS0002668,Tier2,Low,False,2025-06-06,2026-07-26,Approved
KYC0002669,CUS0002669,Tier2,Low,False,2025-10-15,2026-07-16,Approved
KYC0002670,CUS0002670,Tier1,High,False,2026-01-27,2027-04-16,Approved
KYC0002671,CUS0002671,Tier3,Medium,False,2025-10-14,2027-09-02,Approved
KYC0002672,CUS0002672,Tier1,Low,False,2025-05-16,2026-05-01,Approved
KYC0002673,CUS0002673,Tier1,Low,False,2025-10-23,2026-07-10,Approved
KYC0002674,CUS0002674,Tier2,Low,False,2025-09-20,2027-05-19,Approved
KYC0002675,CUS0002675,Tier3,Low,False,2024-10-27,2027-05-07,Approved
KYC0002676,CUS0002676,Tier2,Medium,False,2024-02-19,2027-11-05,Approved
KYC0002677,CUS0002677,Tier1,Low,False,2025-01-30,2026-08-10,Approved
KYC0002678,CUS0002678,Tier1,Low,False,2025-10-14,2027-01-16,Approved
KYC0002679,CUS0002679,Tier1,Low,False,2024-01-07,2026-09-27,Pending
KYC0002680,CUS0002680,Tier1,Low,False,2025-01-11,2026-08-17,Approved
KYC0002681,CUS0002681,Tier2,Medium,False,2026-04-01,2026-11-25,Approved
KYC0002682,CUS0002682,Tier1,Low,False,2026-02-18,2027-04-07,Approved
KYC0002683,CUS0002683,Tier2,Low,False,2024-09-13,2026-10-29,Approved
KYC0002684,CUS0002684,Tier2,High,False,2024-07-03,2027-03-17,Pending
KYC0002685,CUS0002685,Tier1,Medium,False,2024-07-18,2027-06-27,Approved
KYC0002686,CUS0002686,Tier2,Low,False,2024-11-21,2027-02-17,Approved
KYC0002687,CUS0002687,Tier3,High,False,2025-04-25,2026-10-05,Approved
KYC0002688,CUS0002688,Tier3,Low,False,2025-12-17,2027-09-06,Approved
KYC0002689,CUS0002689,Tier1,Medium,False,2024-12-21,2026-09-06,Approved
KYC0002690,CUS0002690,Tier2,Medium,False,2025-11-28,2026-05-27,Approved
KYC0002691,CUS0002691,Tier1,Low,False,2025-08-26,2027-04-22,Approved
KYC0002692,CUS0002692,Tier2,Low,False,2024-10-01,2026-12-05,Approved
KYC0002693,CUS0002693,Tier1,Medium,True,2025-01-25,2027-11-28,Approved
KYC0002694,CUS0002694,Tier1,Low,False,2024-09-29,2027-07-11,Approved
KYC0002695,CUS0002695,Tier1,Low,False,2025-10-14,2026-05-08,Approved
KYC0002696,CUS0002696,Tier2,Low,False,2025-06-19,2027-04-26,Approved
KYC0002697,CUS0002697,Tier2,Medium,False,2024-01-04,2027-10-14,Approved
KYC0002698,CUS0002698,Tier2,Medium,False,2025-02-20,2027-11-22,Approved
KYC0002699,CUS0002699,Tier1,Medium,False,2024-04-19,2026-05-28,Approved
KYC0002700,CUS0002700,Tier2,Low,False,2024-11-11,2027-11-18,Approved
KYC0002701,CUS0002701,Tier2,Low,False,2025-10-06,2027-11-27,Approved
KYC0002702,CUS0002702,Tier2,Low,False,2024-01-14,2027-06-28,Approved
KYC0002703,CUS0002703,Tier1,Low,False,2025-06-08,2027-04-19,Approved
KYC0002704,CUS0002704,Tier2,Low,False,2024-02-21,2027-09-15,Approved
KYC0002705,CUS0002705,Tier1,High,False,2024-10-18,2027-01-11,Approved
KYC0002706,CUS0002706,Tier1,Medium,False,2025-10-11,2027-08-08,Approved
KYC0002707,CUS0002707,Tier3,Low,False,2024-09-08,2027-08-05,Approved
KYC0002708,CUS0002708,Tier1,Low,False,2025-12-26,2026-08-22,Approved
KYC0002709,CUS0002709,Tier3,Low,False,2025-06-11,2027-04-30,Pending
KYC0002710,CUS0002710,Tier1,Low,False,2024-09-07,2027-05-14,Approved
KYC0002711,CUS0002711,Tier3,Low,False,2024-07-29,2026-05-14,Approved
KYC0002712,CUS0002712,Tier2,Low,False,2025-10-23,2027-08-06,Approved
KYC0002713,CUS0002713,Tier3,Low,False,2024-07-29,2027-10-21,Approved
KYC0002714,CUS0002714,Tier2,Medium,False,2024-09-12,2027-11-24,Approved
KYC0002715,CUS0002715,Tier2,Low,False,2024-06-02,2026-10-16,Approved
KYC0002716,CUS0002716,Tier2,High,False,2024-09-10,2026-10-12,Approved
KYC0002717,CUS0002717,Tier2,Low,False,2024-01-29,2026-06-21,Approved
KYC0002718,CUS0002718,Tier1,Low,False,2025-08-25,2027-07-20,Approved
KYC0002719,CUS0002719,Tier1,Low,False,2024-01-15,2027-09-28,Approved
KYC0002720,CUS0002720,Tier1,Low,False,2025-05-20,2027-05-31,Approved
KYC0002721,CUS0002721,Tier2,Low,False,2024-05-18,2026-06-21,Approved
KYC0002722,CUS0002722,Tier3,Low,False,2024-04-26,2027-10-22,Approved
KYC0002723,CUS0002723,Tier1,Medium,False,2024-12-13,2026-07-20,Approved
KYC0002724,CUS0002724,Tier2,Low,False,2025-12-04,2027-04-21,Approved
KYC0002725,CUS0002725,Tier1,Low,False,2025-05-06,2026-05-12,Approved
KYC0002726,CUS0002726,Tier1,High,False,2025-12-04,2026-09-05,Approved
KYC0002727,CUS0002727,Tier2,High,False,2025-10-31,2026-05-05,Approved
KYC0002728,CUS0002728,Tier2,Low,False,2026-03-06,2026-07-20,Approved
KYC0002729,CUS0002729,Tier3,Low,False,2024-03-22,2026-05-31,Approved
KYC0002730,CUS0002730,Tier2,Low,False,2025-01-09,2026-06-18,Approved
KYC0002731,CUS0002731,Tier2,High,False,2026-01-29,2026-10-22,Approved
KYC0002732,CUS0002732,Tier2,Medium,False,2025-05-12,2026-05-14,Approved
KYC0002733,CUS0002733,Tier2,Low,False,2025-04-15,2027-02-20,Approved
KYC0002734,CUS0002734,Tier1,Medium,False,2024-06-19,2026-09-24,Approved
KYC0002735,CUS0002735,Tier1,Medium,False,2026-02-05,2027-11-21,Approved
KYC0002736,CUS0002736,Tier1,Low,False,2024-12-12,2026-12-12,Approved
KYC0002737,CUS0002737,Tier2,Low,False,2025-09-16,2026-11-30,Approved
KYC0002738,CUS0002738,Tier2,Low,False,2024-01-27,2027-09-03,Approved
KYC0002739,CUS0002739,Tier1,Low,False,2024-09-20,2027-11-12,Approved
KYC0002740,CUS0002740,Tier2,Low,False,2026-03-12,2027-07-13,Approved
KYC0002741,CUS0002741,Tier1,Low,False,2024-10-02,2027-06-09,Approved
KYC0002742,CUS0002742,Tier1,Low,False,2024-10-17,2027-04-07,Approved
KYC0002743,CUS0002743,Tier3,Low,False,2026-03-31,2026-06-10,Rejected
KYC0002744,CUS0002744,Tier2,Low,False,2024-07-25,2027-11-05,Approved
KYC0002745,CUS0002745,Tier1,Low,False,2024-07-16,2026-06-27,Approved
KYC0002746,CUS0002746,Tier1,Low,False,2025-04-02,2027-02-12,Approved
KYC0002747,CUS0002747,Tier1,High,False,2025-02-20,2027-10-25,Approved
KYC0002748,CUS0002748,Tier1,Low,False,2024-11-17,2026-11-02,Approved
KYC0002749,CUS0002749,Tier1,Medium,False,2024-10-30,2027-11-29,Approved
KYC0002750,CUS0002750,Tier1,Medium,False,2024-07-02,2027-03-06,Approved
KYC0002751,CUS0002751,Tier1,Low,False,2025-11-12,2027-03-06,Approved
KYC0002752,CUS0002752,Tier1,Low,False,2024-12-23,2027-01-14,Approved
KYC0002753,CUS0002753,Tier1,Low,False,2025-09-08,2027-02-25,Approved
KYC0002754,CUS0002754,Tier1,Medium,False,2024-01-31,2027-11-11,Pending
KYC0002755,CUS0002755,Tier2,Low,False,2025-06-21,2027-06-06,Approved
KYC0002756,CUS0002756,Tier2,Low,False,2024-07-30,2027-07-18,Approved
KYC0002757,CUS0002757,Tier2,Low,False,2025-10-19,2027-05-11,Approved
KYC0002758,CUS0002758,Tier1,Low,False,2025-04-20,2027-02-14,Approved
KYC0002759,CUS0002759,Tier1,Low,False,2024-08-18,2026-09-28,Approved
KYC0002760,CUS0002760,Tier2,Low,False,2025-10-07,2027-01-15,Approved
KYC0002761,CUS0002761,Tier2,Low,False,2025-11-26,2027-05-27,Approved
KYC0002762,CUS0002762,Tier1,Low,False,2025-10-26,2027-05-01,Approved
KYC0002763,CUS0002763,Tier1,Medium,False,2024-04-09,2026-12-18,Rejected
KYC0002764,CUS0002764,Tier1,Medium,False,2024-12-09,2027-05-23,Pending
KYC0002765,CUS0002765,Tier1,Low,True,2024-08-17,2027-12-19,Approved
KYC0002766,CUS0002766,Tier2,Low,False,2025-10-03,2026-08-08,Approved
KYC0002767,CUS0002767,Tier2,Low,False,2024-02-28,2026-09-20,Approved
KYC0002768,CUS0002768,Tier2,Low,False,2026-01-19,2026-11-19,Approved
KYC0002769,CUS0002769,Tier1,Low,False,2026-03-21,2027-12-27,Approved
KYC0002770,CUS0002770,Tier1,Low,False,2024-11-20,2027-09-10,Approved
KYC0002771,CUS0002771,Tier2,High,False,2025-09-17,2027-04-05,Approved
KYC0002772,CUS0002772,Tier1,High,False,2025-04-19,2026-11-25,Approved
KYC0002773,CUS0002773,Tier3,Low,False,2026-03-27,2026-10-22,Approved
KYC0002774,CUS0002774,Tier1,Low,False,2024-02-09,2026-10-23,Approved
KYC0002775,CUS0002775,Tier2,High,False,2025-05-17,2026-05-05,Approved
KYC0002776,CUS0002776,Tier1,Low,False,2024-03-08,2026-09-27,Approved
KYC0002777,CUS0002777,Tier2,Low,False,2024-11-07,2027-07-05,Approved
KYC0002778,CUS0002778,Tier1,Low,False,2024-12-06,2027-08-30,Approved
KYC0002779,CUS0002779,Tier1,Low,False,2024-03-19,2027-02-02,Pending
KYC0002780,CUS0002780,Tier1,Low,False,2025-02-12,2027-04-10,Approved
KYC0002781,CUS0002781,Tier1,Low,False,2024-03-15,2026-06-12,Approved
KYC0002782,CUS0002782,Tier1,Medium,False,2025-02-02,2026-06-02,Approved
KYC0002783,CUS0002783,Tier1,Medium,False,2026-02-25,2026-07-06,Approved
KYC0002784,CUS0002784,Tier1,Low,False,2025-08-11,2027-03-23,Approved
KYC0002785,CUS0002785,Tier2,High,False,2024-05-05,2027-08-13,Approved
KYC0002786,CUS0002786,Tier1,Low,False,2024-02-03,2026-10-01,Approved
KYC0002787,CUS0002787,Tier1,Low,False,2025-06-20,2027-12-25,Approved
KYC0002788,CUS0002788,Tier3,Low,False,2026-04-12,2026-06-20,Approved
KYC0002789,CUS0002789,Tier1,Low,False,2024-05-18,2027-08-05,Approved
KYC0002790,CUS0002790,Tier1,Medium,False,2024-04-01,2026-11-03,Approved
KYC0002791,CUS0002791,Tier1,Low,False,2026-03-18,2027-11-07,Approved
KYC0002792,CUS0002792,Tier1,Low,False,2024-09-13,2026-10-05,Approved
KYC0002793,CUS0002793,Tier1,Medium,False,2025-03-06,2027-07-13,Approved
KYC0002794,CUS0002794,Tier1,Medium,False,2024-03-15,2026-07-02,Approved
KYC0002795,CUS0002795,Tier2,Low,False,2024-08-18,2026-07-11,Approved
KYC0002796,CUS0002796,Tier3,Low,False,2025-11-09,2027-09-05,Approved
KYC0002797,CUS0002797,Tier1,Low,False,2024-08-22,2027-01-28,Approved
KYC0002798,CUS0002798,Tier2,Low,False,2025-11-28,2026-05-07,Approved
KYC0002799,CUS0002799,Tier1,High,False,2024-07-12,2027-06-09,Approved
KYC0002800,CUS0002800,Tier1,Low,False,2024-02-08,2027-06-20,Approved
KYC0002801,CUS0002801,Tier1,High,False,2025-10-24,2027-08-07,Approved
KYC0002802,CUS0002802,Tier2,Low,False,2024-10-08,2026-07-24,Approved
KYC0002803,CUS0002803,Tier2,Low,True,2024-11-27,2026-08-25,Approved
KYC0002804,CUS0002804,Tier1,Low,False,2024-10-10,2026-12-02,Approved
KYC0002805,CUS0002805,Tier1,Low,False,2024-06-18,2027-05-22,Approved
KYC0002806,CUS0002806,Tier3,Medium,False,2025-08-11,2027-07-04,Approved
KYC0002807,CUS0002807,Tier1,Medium,False,2025-01-24,2027-04-21,Pending
KYC0002808,CUS0002808,Tier2,Medium,False,2025-04-04,2027-04-01,Approved
KYC0002809,CUS0002809,Tier2,Low,False,2025-01-28,2026-07-23,Approved
KYC0002810,CUS0002810,Tier3,Low,False,2025-03-06,2027-10-10,Approved
KYC0002811,CUS0002811,Tier1,Medium,False,2025-05-22,2026-08-23,Approved
KYC0002812,CUS0002812,Tier3,Low,False,2024-01-03,2026-05-25,Approved
KYC0002813,CUS0002813,Tier1,Medium,False,2025-02-15,2027-06-11,Approved
KYC0002814,CUS0002814,Tier1,Medium,False,2025-06-28,2026-12-18,Approved
KYC0002815,CUS0002815,Tier2,Medium,False,2024-09-27,2027-02-16,Approved
KYC0002816,CUS0002816,Tier1,Medium,False,2024-04-22,2026-12-02,Approved
KYC0002817,CUS0002817,Tier1,Low,False,2026-03-16,2027-12-12,Approved
KYC0002818,CUS0002818,Tier2,Low,False,2024-10-09,2027-11-03,Approved
KYC0002819,CUS0002819,Tier1,Low,False,2024-11-29,2027-05-11,Approved
KYC0002820,CUS0002820,Tier1,Medium,False,2026-01-26,2027-11-25,Approved
KYC0002821,CUS0002821,Tier3,Medium,False,2024-11-20,2027-04-14,Approved
KYC0002822,CUS0002822,Tier2,Low,False,2025-01-24,2027-12-13,Approved
KYC0002823,CUS0002823,Tier1,Medium,False,2025-06-25,2026-06-05,Approved
KYC0002824,CUS0002824,Tier1,Low,False,2025-08-30,2026-06-13,Pending
KYC0002825,CUS0002825,Tier1,Low,False,2025-06-30,2027-04-12,Approved
KYC0002826,CUS0002826,Tier2,Low,False,2024-05-12,2027-01-28,Approved
KYC0002827,CUS0002827,Tier1,Low,False,2025-06-19,2027-02-12,Approved
KYC0002828,CUS0002828,Tier2,High,False,2024-06-23,2027-09-17,Approved
KYC0002829,CUS0002829,Tier1,Low,False,2026-04-19,2026-12-28,Approved
KYC0002830,CUS0002830,Tier1,Low,False,2025-07-06,2027-02-17,Approved
KYC0002831,CUS0002831,Tier3,Low,False,2025-06-22,2027-02-04,Approved
KYC0002832,CUS0002832,Tier1,Low,False,2024-10-09,2027-10-27,Approved
KYC0002833,CUS0002833,Tier1,Low,False,2025-05-03,2026-11-03,Approved
KYC0002834,CUS0002834,Tier2,Medium,False,2026-02-27,2027-03-17,Approved
KYC0002835,CUS0002835,Tier1,Low,False,2025-04-29,2026-09-02,Approved
KYC0002836,CUS0002836,Tier2,Medium,False,2025-11-08,2027-04-10,Approved
KYC0002837,CUS0002837,Tier1,Low,False,2024-12-05,2026-05-30,Approved
KYC0002838,CUS0002838,Tier1,Medium,False,2024-11-01,2026-11-14,Approved
KYC0002839,CUS0002839,Tier3,Low,False,2026-03-22,2026-10-31,Approved
KYC0002840,CUS0002840,Tier1,Medium,False,2024-07-15,2027-06-22,Approved
KYC0002841,CUS0002841,Tier2,Medium,False,2024-12-31,2026-08-17,Approved
KYC0002842,CUS0002842,Tier1,Medium,False,2025-09-15,2026-10-15,Approved
KYC0002843,CUS0002843,Tier3,Low,False,2024-09-12,2027-12-11,Approved
KYC0002844,CUS0002844,Tier2,Low,False,2025-04-29,2027-11-09,Approved
KYC0002845,CUS0002845,Tier2,Low,False,2025-03-14,2026-10-31,Approved
KYC0002846,CUS0002846,Tier1,Low,False,2026-02-11,2027-09-17,Approved
KYC0002847,CUS0002847,Tier3,Low,False,2025-03-03,2026-11-03,Approved
KYC0002848,CUS0002848,Tier2,Low,False,2025-12-02,2027-03-10,Approved
KYC0002849,CUS0002849,Tier2,Medium,False,2025-12-09,2027-05-15,Approved
KYC0002850,CUS0002850,Tier2,High,False,2025-06-06,2027-03-20,Approved
KYC0002851,CUS0002851,Tier3,Low,False,2025-10-23,2027-12-14,Approved
KYC0002852,CUS0002852,Tier2,Medium,False,2024-06-07,2026-10-24,Approved
KYC0002853,CUS0002853,Tier1,Low,False,2025-10-25,2027-08-11,Approved
KYC0002854,CUS0002854,Tier1,Low,False,2024-02-08,2026-08-05,Approved
KYC0002855,CUS0002855,Tier1,Low,False,2025-06-27,2027-04-24,Approved
KYC0002856,CUS0002856,Tier1,Medium,False,2025-12-31,2027-10-23,Approved
KYC0002857,CUS0002857,Tier1,Low,False,2025-01-10,2027-01-10,Approved
KYC0002858,CUS0002858,Tier1,Low,False,2026-01-05,2027-03-28,Approved
KYC0002859,CUS0002859,Tier1,Low,False,2024-10-29,2026-09-15,Approved
KYC0002860,CUS0002860,Tier1,Low,False,2025-10-17,2026-12-02,Approved
KYC0002861,CUS0002861,Tier1,Low,False,2024-03-20,2026-08-05,Approved
KYC0002862,CUS0002862,Tier1,Medium,False,2026-01-10,2026-10-19,Approved
KYC0002863,CUS0002863,Tier1,Low,False,2026-03-15,2027-10-31,Approved
KYC0002864,CUS0002864,Tier3,Low,False,2025-12-30,2026-11-26,Approved
KYC0002865,CUS0002865,Tier1,Low,False,2026-03-04,2027-04-01,Rejected
KYC0002866,CUS0002866,Tier1,Medium,False,2024-04-13,2027-05-03,Approved
KYC0002867,CUS0002867,Tier1,Low,False,2024-02-01,2027-01-05,Approved
KYC0002868,CUS0002868,Tier2,Low,False,2025-09-24,2026-06-30,Approved
KYC0002869,CUS0002869,Tier2,Low,False,2025-06-27,2026-08-07,Approved
KYC0002870,CUS0002870,Tier2,Medium,False,2025-12-26,2027-07-29,Approved
KYC0002871,CUS0002871,Tier2,Low,False,2024-07-17,2027-10-22,Approved
KYC0002872,CUS0002872,Tier1,Medium,False,2024-01-29,2026-12-26,Approved
KYC0002873,CUS0002873,Tier2,Medium,False,2026-04-02,2027-03-22,Approved
KYC0002874,CUS0002874,Tier1,Medium,False,2024-07-26,2027-03-22,Approved
KYC0002875,CUS0002875,Tier2,Low,False,2024-03-05,2027-03-05,Approved
KYC0002876,CUS0002876,Tier2,Low,False,2025-03-10,2026-09-23,Approved
KYC0002877,CUS0002877,Tier2,Low,False,2024-12-21,2027-10-09,Approved
KYC0002878,CUS0002878,Tier2,Medium,False,2025-02-13,2027-03-14,Approved
KYC0002879,CUS0002879,Tier1,Low,False,2024-09-27,2026-07-20,Approved
KYC0002880,CUS0002880,Tier1,Medium,False,2025-01-05,2027-09-06,Approved
KYC0002881,CUS0002881,Tier1,Low,False,2024-02-21,2026-06-09,Approved
KYC0002882,CUS0002882,Tier1,High,False,2026-01-23,2026-08-28,Approved
KYC0002883,CUS0002883,Tier1,Medium,False,2025-05-24,2027-05-06,Approved
KYC0002884,CUS0002884,Tier2,Low,False,2024-08-22,2026-11-05,Approved
KYC0002885,CUS0002885,Tier1,Low,False,2025-05-04,2027-07-18,Approved
KYC0002886,CUS0002886,Tier1,Low,False,2025-06-13,2027-09-14,Approved
KYC0002887,CUS0002887,Tier2,Low,False,2025-10-28,2027-04-30,Approved
KYC0002888,CUS0002888,Tier2,Low,False,2024-01-20,2027-11-03,Approved
KYC0002889,CUS0002889,Tier1,High,False,2024-11-27,2027-09-12,Approved
KYC0002890,CUS0002890,Tier1,Medium,False,2025-05-28,2027-01-23,Approved
KYC0002891,CUS0002891,Tier1,Low,False,2024-03-20,2026-06-18,Approved
KYC0002892,CUS0002892,Tier2,Medium,False,2025-11-09,2026-10-12,Approved
KYC0002893,CUS0002893,Tier1,High,False,2024-12-07,2027-03-10,Approved
KYC0002894,CUS0002894,Tier2,Low,False,2025-10-04,2027-08-13,Approved
KYC0002895,CUS0002895,Tier3,Low,False,2025-01-28,2026-08-25,Approved
KYC0002896,CUS0002896,Tier2,Low,False,2025-03-06,2027-10-01,Approved
KYC0002897,CUS0002897,Tier1,Low,False,2025-04-03,2027-11-21,Approved
KYC0002898,CUS0002898,Tier3,High,False,2025-03-01,2026-10-29,Approved
KYC0002899,CUS0002899,Tier1,Low,False,2025-04-14,2027-06-12,Approved
KYC0002900,CUS0002900,Tier1,Medium,False,2024-06-04,2027-06-08,Approved
KYC0002901,CUS0002901,Tier1,Low,False,2024-02-19,2027-05-11,Approved
KYC0002902,CUS0002902,Tier1,Low,False,2026-02-27,2027-12-22,Approved
KYC0002903,CUS0002903,Tier3,Low,False,2026-02-25,2026-08-18,Approved
KYC0002904,CUS0002904,Tier2,Low,False,2025-02-16,2027-05-14,Approved
KYC0002905,CUS0002905,Tier3,Medium,False,2025-09-23,2026-05-10,Approved
KYC0002906,CUS0002906,Tier1,Low,False,2024-02-29,2027-11-02,Approved
KYC0002907,CUS0002907,Tier2,Low,False,2026-01-18,2027-06-28,Approved
KYC0002908,CUS0002908,Tier2,Low,False,2024-06-22,2027-10-27,Approved
KYC0002909,CUS0002909,Tier2,Medium,False,2024-08-02,2027-02-04,Approved
KYC0002910,CUS0002910,Tier3,Low,False,2024-10-28,2026-11-16,Approved
KYC0002911,CUS0002911,Tier1,Medium,False,2024-05-28,2026-10-08,Approved
KYC0002912,CUS0002912,Tier1,Low,False,2026-02-16,2026-11-25,Approved
KYC0002913,CUS0002913,Tier1,Medium,False,2024-05-27,2027-02-18,Approved
KYC0002914,CUS0002914,Tier2,Low,False,2026-01-17,2027-07-28,Approved
KYC0002915,CUS0002915,Tier3,High,False,2025-08-21,2026-05-20,Approved
KYC0002916,CUS0002916,Tier2,Low,False,2025-05-27,2026-09-12,Approved
KYC0002917,CUS0002917,Tier1,Medium,False,2025-06-20,2026-12-20,Approved
KYC0002918,CUS0002918,Tier2,Low,False,2024-01-26,2027-05-26,Approved
KYC0002919,CUS0002919,Tier1,Low,False,2024-02-01,2027-11-24,Approved
KYC0002920,CUS0002920,Tier1,Medium,False,2024-12-22,2027-03-08,Approved
KYC0002921,CUS0002921,Tier3,Low,False,2024-11-13,2027-12-10,Approved
KYC0002922,CUS0002922,Tier2,Medium,False,2025-10-17,2026-07-14,Approved
KYC0002923,CUS0002923,Tier2,Medium,False,2025-12-15,2026-06-19,Approved
KYC0002924,CUS0002924,Tier1,Medium,False,2026-03-15,2026-06-03,Approved
KYC0002925,CUS0002925,Tier2,Medium,False,2025-03-18,2026-05-21,Approved
KYC0002926,CUS0002926,Tier2,Low,False,2024-12-03,2026-10-10,Approved
KYC0002927,CUS0002927,Tier1,Medium,False,2024-05-14,2026-05-22,Approved
KYC0002928,CUS0002928,Tier2,Low,False,2025-04-24,2026-05-03,Approved
KYC0002929,CUS0002929,Tier2,High,False,2024-07-11,2026-09-02,Approved
KYC0002930,CUS0002930,Tier1,Medium,False,2025-03-18,2027-04-06,Approved
KYC0002931,CUS0002931,Tier1,Low,False,2025-04-13,2026-09-29,Approved
KYC0002932,CUS0002932,Tier2,Low,False,2025-06-03,2026-11-20,Approved
KYC0002933,CUS0002933,Tier1,Low,False,2024-05-07,2027-05-02,Approved
KYC0002934,CUS0002934,Tier1,Low,False,2026-04-15,2026-11-10,Approved
KYC0002935,CUS0002935,Tier2,Low,False,2025-09-12,2026-08-15,Approved
KYC0002936,CUS0002936,Tier3,Low,False,2025-02-16,2027-03-01,Rejected
KYC0002937,CUS0002937,Tier2,Medium,False,2025-05-14,2027-12-11,Approved
KYC0002938,CUS0002938,Tier2,Low,False,2025-03-28,2027-08-17,Approved
KYC0002939,CUS0002939,Tier1,Low,False,2026-01-18,2027-09-03,Approved
KYC0002940,CUS0002940,Tier2,Medium,False,2026-03-20,2026-11-18,Approved
KYC0002941,CUS0002941,Tier2,Low,False,2025-06-23,2026-08-13,Approved
KYC0002942,CUS0002942,Tier2,Low,False,2025-04-11,2027-07-05,Approved
KYC0002943,CUS0002943,Tier1,Low,False,2026-04-19,2026-10-19,Approved
KYC0002944,CUS0002944,Tier1,High,False,2025-11-28,2027-04-23,Approved
KYC0002945,CUS0002945,Tier2,Low,False,2025-08-08,2026-11-27,Approved
KYC0002946,CUS0002946,Tier1,Medium,False,2024-05-29,2027-01-08,Approved
KYC0002947,CUS0002947,Tier2,Low,False,2024-04-11,2026-10-12,Approved
KYC0002948,CUS0002948,Tier1,Low,False,2024-03-08,2027-06-15,Approved
KYC0002949,CUS0002949,Tier1,Low,False,2024-09-12,2027-03-23,Approved
KYC0002950,CUS0002950,Tier1,Low,False,2024-03-19,2026-05-30,Approved
KYC0002951,CUS0002951,Tier1,Low,False,2025-12-20,2027-06-02,Approved
KYC0002952,CUS0002952,Tier1,Low,False,2025-01-29,2027-08-16,Approved
KYC0002953,CUS0002953,Tier2,Low,False,2024-07-18,2026-08-05,Approved
KYC0002954,CUS0002954,Tier1,Low,True,2024-10-13,2027-08-05,Approved
KYC0002955,CUS0002955,Tier1,Medium,False,2025-10-28,2026-05-27,Approved
KYC0002956,CUS0002956,Tier2,Low,False,2024-01-18,2026-09-19,Approved
KYC0002957,CUS0002957,Tier2,Low,False,2024-04-12,2026-10-20,Approved
KYC0002958,CUS0002958,Tier1,Medium,False,2025-03-30,2027-03-09,Approved
KYC0002959,CUS0002959,Tier2,Medium,False,2024-10-27,2026-08-27,Approved
KYC0002960,CUS0002960,Tier1,Low,False,2025-01-25,2026-06-18,Approved
KYC0002961,CUS0002961,Tier1,Medium,False,2024-02-16,2027-11-30,Approved
KYC0002962,CUS0002962,Tier2,Low,False,2026-04-27,2027-11-17,Approved
KYC0002963,CUS0002963,Tier2,Medium,False,2025-01-17,2027-07-01,Approved
KYC0002964,CUS0002964,Tier1,Low,False,2025-01-04,2027-10-15,Approved
KYC0002965,CUS0002965,Tier1,Low,False,2024-02-11,2026-12-04,Approved
KYC0002966,CUS0002966,Tier2,High,False,2025-04-03,2027-03-21,Approved
KYC0002967,CUS0002967,Tier2,Low,False,2025-12-25,2027-01-30,Approved
KYC0002968,CUS0002968,Tier2,Medium,False,2025-01-16,2027-02-08,Approved
KYC0002969,CUS0002969,Tier1,Low,False,2024-10-07,2026-12-16,Approved
KYC0002970,CUS0002970,Tier1,Low,False,2025-01-16,2026-09-08,Approved
KYC0002971,CUS0002971,Tier3,Low,False,2025-02-16,2027-05-30,Approved
KYC0002972,CUS0002972,Tier2,Low,False,2026-03-16,2026-12-11,Approved
KYC0002973,CUS0002973,Tier3,Low,False,2024-09-07,2026-07-12,Approved
KYC0002974,CUS0002974,Tier1,Low,False,2025-06-22,2026-12-08,Approved
KYC0002975,CUS0002975,Tier2,Low,False,2025-12-02,2026-10-20,Approved
KYC0002976,CUS0002976,Tier1,Low,False,2025-08-25,2027-02-13,Approved
KYC0002977,CUS0002977,Tier1,Low,False,2025-02-01,2026-11-20,Approved
KYC0002978,CUS0002978,Tier1,Low,False,2025-07-25,2026-06-05,Pending
KYC0002979,CUS0002979,Tier1,Medium,False,2025-03-01,2027-07-26,Approved
KYC0002980,CUS0002980,Tier1,Low,False,2024-11-07,2027-06-20,Approved
KYC0002981,CUS0002981,Tier1,Low,False,2026-04-11,2026-05-15,Approved
KYC0002982,CUS0002982,Tier1,Medium,False,2025-02-09,2027-04-27,Approved
KYC0002983,CUS0002983,Tier2,Low,False,2024-08-09,2027-03-02,Approved
KYC0002984,CUS0002984,Tier2,Medium,False,2025-06-08,2026-09-13,Approved
KYC0002985,CUS0002985,Tier1,Low,False,2024-09-19,2027-01-11,Approved
KYC0002986,CUS0002986,Tier1,Low,False,2025-10-23,2026-10-16,Approved
KYC0002987,CUS0002987,Tier1,Low,False,2024-06-15,2026-08-04,Approved
KYC0002988,CUS0002988,Tier3,Low,False,2024-05-24,2026-09-14,Approved
KYC0002989,CUS0002989,Tier1,Medium,False,2024-09-10,2026-06-29,Approved
KYC0002990,CUS0002990,Tier2,Low,False,2025-12-27,2026-08-23,Pending
KYC0002991,CUS0002991,Tier3,Medium,False,2024-04-17,2026-05-18,Approved
KYC0002992,CUS0002992,Tier1,Low,False,2025-05-14,2027-02-04,Approved
KYC0002993,CUS0002993,Tier2,Medium,False,2024-04-04,2027-10-13,Approved
KYC0002994,CUS0002994,Tier3,Low,False,2025-07-17,2027-07-13,Approved
KYC0002995,CUS0002995,Tier3,Low,False,2025-11-28,2026-11-24,Approved
KYC0002996,CUS0002996,Tier1,Medium,False,2024-05-31,2027-03-28,Approved
KYC0002997,CUS0002997,Tier1,Low,False,2025-06-10,2027-12-13,Approved
KYC0002998,CUS0002998,Tier1,Low,False,2026-04-16,2027-03-02,Approved
KYC0002999,CUS0002999,Tier1,Low,False,2025-02-22,2027-12-15,Approved
KYC0003000,CUS0003000,Tier2,Low,False,2025-06-03,2027-04-15,Approved
KYC0003001,CUS0003001,Tier1,Low,False,2024-10-24,2027-07-28,Approved
KYC0003002,CUS0003002,Tier2,Medium,False,2026-03-06,2026-10-14,Approved
KYC0003003,CUS0003003,Tier1,Low,False,2024-11-28,2027-10-23,Approved
KYC0003004,CUS0003004,Tier1,Low,False,2026-01-21,2027-07-09,Approved
KYC0003005,CUS0003005,Tier3,Low,False,2024-10-23,2027-06-12,Approved
KYC0003006,CUS0003006,Tier2,Low,False,2026-01-02,2026-10-22,Approved
KYC0003007,CUS0003007,Tier2,Low,False,2024-12-05,2027-07-03,Approved
KYC0003008,CUS0003008,Tier2,Low,False,2024-03-06,2027-03-03,Approved
KYC0003009,CUS0003009,Tier2,High,False,2024-09-17,2027-05-25,Pending
KYC0003010,CUS0003010,Tier1,Low,False,2025-02-15,2026-12-06,Pending
KYC0003011,CUS0003011,Tier1,Low,False,2025-02-08,2027-01-19,Approved
KYC0003012,CUS0003012,Tier1,Medium,False,2024-07-31,2027-12-28,Approved
KYC0003013,CUS0003013,Tier2,Low,False,2025-12-23,2027-04-13,Approved
KYC0003014,CUS0003014,Tier2,Low,False,2024-05-03,2027-04-12,Approved
KYC0003015,CUS0003015,Tier2,Medium,False,2025-06-21,2026-10-13,Approved
KYC0003016,CUS0003016,Tier1,Low,False,2025-10-22,2026-10-20,Approved
KYC0003017,CUS0003017,Tier2,Low,False,2025-03-30,2027-01-26,Approved
KYC0003018,CUS0003018,Tier2,High,False,2024-06-09,2026-12-18,Approved
KYC0003019,CUS0003019,Tier1,Low,False,2026-03-28,2026-06-13,Approved
KYC0003020,CUS0003020,Tier2,Low,False,2025-10-07,2026-12-08,Approved
KYC0003021,CUS0003021,Tier1,Low,False,2024-10-02,2027-03-16,Approved
KYC0003022,CUS0003022,Tier1,Low,False,2024-01-01,2026-12-02,Approved
KYC0003023,CUS0003023,Tier1,Low,False,2024-08-26,2027-03-30,Approved
KYC0003024,CUS0003024,Tier3,Medium,False,2026-04-26,2026-10-10,Approved
KYC0003025,CUS0003025,Tier1,Low,False,2026-02-16,2027-05-06,Approved
KYC0003026,CUS0003026,Tier2,Low,False,2025-11-07,2027-10-19,Approved
KYC0003027,CUS0003027,Tier1,Low,False,2024-03-04,2027-09-07,Approved
KYC0003028,CUS0003028,Tier2,Low,False,2024-04-19,2026-11-14,Approved
KYC0003029,CUS0003029,Tier1,Low,False,2026-01-04,2027-03-04,Approved
KYC0003030,CUS0003030,Tier2,Low,False,2026-02-21,2026-11-17,Approved
KYC0003031,CUS0003031,Tier1,Low,False,2025-05-05,2027-01-19,Approved
KYC0003032,CUS0003032,Tier2,Medium,False,2024-05-30,2027-11-02,Approved
KYC0003033,CUS0003033,Tier2,Low,False,2025-10-13,2026-07-25,Approved
KYC0003034,CUS0003034,Tier1,Low,False,2024-12-24,2027-02-19,Approved
KYC0003035,CUS0003035,Tier2,Low,False,2025-07-04,2026-09-30,Approved
KYC0003036,CUS0003036,Tier2,Low,False,2025-08-06,2026-07-14,Approved
KYC0003037,CUS0003037,Tier1,Low,False,2026-01-30,2027-04-22,Approved
KYC0003038,CUS0003038,Tier2,Medium,False,2025-02-12,2026-06-29,Approved
KYC0003039,CUS0003039,Tier1,Low,True,2025-08-31,2026-10-30,Approved
KYC0003040,CUS0003040,Tier1,Low,False,2025-09-03,2026-12-03,Approved
KYC0003041,CUS0003041,Tier1,Low,False,2025-04-09,2027-12-01,Approved
KYC0003042,CUS0003042,Tier1,High,False,2024-06-23,2026-06-24,Approved
KYC0003043,CUS0003043,Tier1,High,False,2024-08-10,2027-06-19,Approved
KYC0003044,CUS0003044,Tier1,Low,False,2024-03-25,2027-03-23,Approved
KYC0003045,CUS0003045,Tier1,Medium,False,2024-12-04,2027-05-26,Approved
KYC0003046,CUS0003046,Tier2,Low,False,2024-02-05,2026-12-12,Approved
KYC0003047,CUS0003047,Tier3,Low,False,2025-09-16,2027-01-09,Approved
KYC0003048,CUS0003048,Tier2,Low,False,2025-09-13,2026-11-27,Approved
KYC0003049,CUS0003049,Tier2,Low,False,2026-02-10,2026-06-05,Approved
KYC0003050,CUS0003050,Tier2,Low,False,2025-05-25,2026-12-18,Approved
KYC0003051,CUS0003051,Tier2,Low,False,2025-06-08,2027-12-19,Approved
KYC0003052,CUS0003052,Tier1,Medium,False,2024-03-28,2027-05-29,Approved
KYC0003053,CUS0003053,Tier1,Low,False,2025-09-15,2026-10-01,Approved
KYC0003054,CUS0003054,Tier2,Low,False,2025-10-31,2027-10-07,Approved
KYC0003055,CUS0003055,Tier1,Medium,False,2025-10-07,2027-01-08,Approved
KYC0003056,CUS0003056,Tier2,Low,False,2024-01-29,2027-01-14,Approved
KYC0003057,CUS0003057,Tier1,Low,False,2025-01-07,2026-05-01,Approved
KYC0003058,CUS0003058,Tier3,Medium,False,2024-03-14,2027-09-01,Approved
KYC0003059,CUS0003059,Tier2,Low,False,2025-12-22,2026-10-28,Approved
KYC0003060,CUS0003060,Tier2,Medium,False,2024-01-27,2027-01-04,Approved
KYC0003061,CUS0003061,Tier1,Low,False,2024-04-12,2027-04-20,Approved
KYC0003062,CUS0003062,Tier1,Low,False,2025-12-10,2027-10-21,Approved
KYC0003063,CUS0003063,Tier1,Low,False,2026-01-23,2026-12-22,Approved
KYC0003064,CUS0003064,Tier3,Low,False,2024-11-09,2027-03-06,Approved
KYC0003065,CUS0003065,Tier1,Medium,False,2024-06-16,2027-08-18,Approved
KYC0003066,CUS0003066,Tier2,Low,False,2024-03-04,2026-09-10,Approved
KYC0003067,CUS0003067,Tier1,Medium,False,2025-07-16,2027-01-19,Approved
KYC0003068,CUS0003068,Tier2,Low,False,2024-04-29,2027-01-22,Approved
KYC0003069,CUS0003069,Tier1,Medium,False,2025-09-21,2027-07-27,Approved
KYC0003070,CUS0003070,Tier3,Low,False,2025-10-22,2026-07-17,Approved
KYC0003071,CUS0003071,Tier1,Low,False,2024-03-26,2027-09-19,Approved
KYC0003072,CUS0003072,Tier2,Low,False,2024-02-17,2026-05-04,Approved
KYC0003073,CUS0003073,Tier1,Low,True,2024-01-07,2026-06-14,Approved
KYC0003074,CUS0003074,Tier2,Medium,False,2025-01-23,2027-05-20,Approved
KYC0003075,CUS0003075,Tier1,Low,False,2026-01-09,2027-09-26,Approved
KYC0003076,CUS0003076,Tier1,Low,False,2025-05-24,2027-10-05,Approved
KYC0003077,CUS0003077,Tier2,Low,False,2026-03-16,2027-10-05,Pending
KYC0003078,CUS0003078,Tier1,Low,False,2024-11-23,2027-05-13,Approved
KYC0003079,CUS0003079,Tier2,Low,False,2024-02-03,2026-05-21,Approved
KYC0003080,CUS0003080,Tier2,Low,False,2026-02-06,2026-08-01,Approved
KYC0003081,CUS0003081,Tier1,Medium,False,2024-02-03,2027-03-09,Approved
KYC0003082,CUS0003082,Tier1,Medium,False,2026-03-07,2027-10-23,Approved
KYC0003083,CUS0003083,Tier2,Low,False,2024-07-17,2026-06-23,Approved
KYC0003084,CUS0003084,Tier2,Low,False,2025-04-11,2027-05-12,Approved
KYC0003085,CUS0003085,Tier1,Low,False,2025-03-07,2026-09-18,Approved
KYC0003086,CUS0003086,Tier2,Low,False,2024-04-17,2027-02-17,Approved
KYC0003087,CUS0003087,Tier1,Low,False,2025-01-02,2027-03-26,Approved
KYC0003088,CUS0003088,Tier1,Low,False,2026-01-16,2027-08-09,Approved
KYC0003089,CUS0003089,Tier1,Low,False,2024-12-20,2027-03-02,Approved
KYC0003090,CUS0003090,Tier2,Medium,False,2026-01-02,2027-12-23,Approved
KYC0003091,CUS0003091,Tier1,Low,False,2025-07-09,2026-12-23,Approved
KYC0003092,CUS0003092,Tier2,Medium,False,2025-01-10,2026-09-22,Approved
KYC0003093,CUS0003093,Tier2,Low,False,2024-07-25,2027-10-01,Approved
KYC0003094,CUS0003094,Tier2,Medium,False,2025-09-17,2026-09-30,Approved
KYC0003095,CUS0003095,Tier1,Medium,False,2026-04-26,2026-10-16,Pending
KYC0003096,CUS0003096,Tier2,Low,False,2026-03-27,2027-02-06,Approved
KYC0003097,CUS0003097,Tier2,Medium,False,2024-08-08,2027-10-12,Approved
KYC0003098,CUS0003098,Tier1,Low,False,2024-02-28,2026-11-05,Approved
KYC0003099,CUS0003099,Tier1,Low,False,2025-06-04,2026-06-12,Approved
KYC0003100,CUS0003100,Tier1,Medium,False,2026-04-14,2026-11-05,Approved
KYC0003101,CUS0003101,Tier2,Low,False,2025-03-17,2026-10-14,Approved
KYC0003102,CUS0003102,Tier2,High,False,2025-08-16,2027-04-17,Approved
KYC0003103,CUS0003103,Tier1,Medium,False,2026-03-04,2026-05-08,Pending
KYC0003104,CUS0003104,Tier2,Low,False,2024-01-29,2027-09-26,Approved
KYC0003105,CUS0003105,Tier1,Low,False,2025-05-31,2026-09-23,Approved
KYC0003106,CUS0003106,Tier1,Low,False,2025-02-15,2027-10-29,Approved
KYC0003107,CUS0003107,Tier2,Low,False,2024-10-01,2027-12-30,Approved
KYC0003108,CUS0003108,Tier1,Low,False,2026-02-15,2027-10-22,Approved
KYC0003109,CUS0003109,Tier1,Low,False,2024-01-13,2027-01-10,Approved
KYC0003110,CUS0003110,Tier1,Medium,False,2025-06-25,2027-09-30,Approved
KYC0003111,CUS0003111,Tier1,Medium,False,2024-01-10,2026-06-04,Approved
KYC0003112,CUS0003112,Tier1,Medium,False,2025-01-12,2027-09-18,Approved
KYC0003113,CUS0003113,Tier1,High,False,2025-12-16,2027-08-03,Approved
KYC0003114,CUS0003114,Tier2,Low,False,2025-07-23,2027-01-01,Pending
KYC0003115,CUS0003115,Tier1,Low,False,2026-04-03,2027-12-13,Approved
KYC0003116,CUS0003116,Tier1,Low,False,2024-04-05,2027-01-09,Approved
KYC0003117,CUS0003117,Tier1,Medium,False,2024-07-27,2027-01-13,Rejected
KYC0003118,CUS0003118,Tier1,Low,False,2024-12-19,2026-08-13,Approved
KYC0003119,CUS0003119,Tier2,Low,False,2025-06-26,2027-04-21,Approved
KYC0003120,CUS0003120,Tier1,Medium,False,2025-03-06,2027-09-18,Approved
KYC0003121,CUS0003121,Tier2,Low,False,2024-10-06,2027-02-15,Approved
KYC0003122,CUS0003122,Tier1,Low,False,2024-01-25,2027-03-20,Approved
KYC0003123,CUS0003123,Tier1,Low,False,2025-09-27,2027-06-18,Approved
KYC0003124,CUS0003124,Tier1,Low,False,2024-11-23,2027-07-15,Approved
KYC0003125,CUS0003125,Tier3,Low,False,2024-07-17,2027-01-01,Approved
KYC0003126,CUS0003126,Tier2,Low,False,2024-06-26,2026-11-18,Approved
KYC0003127,CUS0003127,Tier2,Low,False,2025-03-04,2026-12-19,Approved
KYC0003128,CUS0003128,Tier2,Low,False,2024-09-24,2027-10-02,Approved
KYC0003129,CUS0003129,Tier1,Low,False,2025-02-17,2026-06-06,Approved
KYC0003130,CUS0003130,Tier2,Low,True,2024-12-21,2026-06-24,Approved
KYC0003131,CUS0003131,Tier1,Low,False,2024-04-05,2027-08-14,Approved
KYC0003132,CUS0003132,Tier3,Low,False,2024-05-09,2027-04-26,Approved
KYC0003133,CUS0003133,Tier2,Medium,False,2024-03-29,2027-12-04,Approved
KYC0003134,CUS0003134,Tier1,Low,False,2025-08-13,2027-01-08,Approved
KYC0003135,CUS0003135,Tier2,Medium,False,2024-05-10,2026-06-11,Approved
KYC0003136,CUS0003136,Tier1,Low,False,2024-02-29,2026-11-02,Pending
KYC0003137,CUS0003137,Tier1,Low,False,2024-04-17,2027-06-22,Approved
KYC0003138,CUS0003138,Tier1,Low,False,2024-01-08,2026-05-27,Approved
KYC0003139,CUS0003139,Tier1,Low,False,2025-11-21,2026-09-25,Approved
KYC0003140,CUS0003140,Tier2,Low,False,2025-02-23,2027-05-02,Approved
KYC0003141,CUS0003141,Tier2,Medium,False,2025-02-23,2026-06-09,Approved
KYC0003142,CUS0003142,Tier1,Low,False,2026-02-08,2027-03-23,Approved
KYC0003143,CUS0003143,Tier2,Medium,False,2025-08-16,2027-10-11,Approved
KYC0003144,CUS0003144,Tier1,Low,False,2025-01-20,2026-09-07,Approved
KYC0003145,CUS0003145,Tier1,High,False,2025-01-28,2027-01-10,Approved
KYC0003146,CUS0003146,Tier1,Medium,False,2025-01-18,2027-08-19,Approved
KYC0003147,CUS0003147,Tier3,Medium,False,2025-11-12,2027-05-10,Approved
KYC0003148,CUS0003148,Tier1,Low,False,2024-09-22,2027-02-24,Approved
KYC0003149,CUS0003149,Tier2,Low,False,2024-04-04,2027-03-18,Approved
KYC0003150,CUS0003150,Tier3,Low,False,2024-07-01,2027-06-17,Approved
KYC0003151,CUS0003151,Tier2,Medium,False,2024-11-19,2026-06-14,Approved
KYC0003152,CUS0003152,Tier2,Low,False,2025-04-30,2027-08-11,Approved
KYC0003153,CUS0003153,Tier2,Medium,False,2025-09-08,2027-11-23,Approved
KYC0003154,CUS0003154,Tier3,Low,False,2025-07-27,2027-12-22,Approved
KYC0003155,CUS0003155,Tier1,Low,False,2024-09-18,2026-05-07,Approved
KYC0003156,CUS0003156,Tier1,Low,False,2024-10-14,2027-07-05,Approved
KYC0003157,CUS0003157,Tier1,Low,False,2025-02-07,2027-09-08,Approved
KYC0003158,CUS0003158,Tier2,Medium,False,2025-04-22,2026-05-02,Approved
KYC0003159,CUS0003159,Tier1,Low,False,2024-09-05,2027-03-06,Pending
KYC0003160,CUS0003160,Tier1,Medium,False,2024-02-11,2026-08-26,Approved
KYC0003161,CUS0003161,Tier2,Medium,False,2024-01-09,2027-08-21,Approved
KYC0003162,CUS0003162,Tier2,Low,False,2025-07-03,2027-11-19,Approved
KYC0003163,CUS0003163,Tier2,Low,False,2024-11-18,2027-11-14,Approved
KYC0003164,CUS0003164,Tier1,Low,False,2024-11-28,2027-11-21,Approved
KYC0003165,CUS0003165,Tier1,Low,False,2026-04-24,2027-01-26,Approved
KYC0003166,CUS0003166,Tier1,Low,False,2025-05-15,2027-08-21,Approved
KYC0003167,CUS0003167,Tier3,Low,False,2025-08-10,2026-12-05,Approved
KYC0003168,CUS0003168,Tier1,Low,False,2025-10-03,2027-02-19,Approved
KYC0003169,CUS0003169,Tier2,Medium,False,2024-03-26,2026-08-01,Approved
KYC0003170,CUS0003170,Tier1,Medium,False,2025-07-14,2026-09-10,Approved
KYC0003171,CUS0003171,Tier2,Medium,False,2025-12-19,2026-05-28,Approved
KYC0003172,CUS0003172,Tier2,Medium,False,2025-03-10,2027-09-29,Approved
KYC0003173,CUS0003173,Tier2,Medium,False,2024-09-05,2027-10-04,Approved
KYC0003174,CUS0003174,Tier2,Low,False,2024-01-27,2026-10-17,Approved
KYC0003175,CUS0003175,Tier2,Low,False,2025-03-13,2026-07-16,Approved
KYC0003176,CUS0003176,Tier1,Medium,False,2024-08-20,2026-10-06,Approved
KYC0003177,CUS0003177,Tier1,Low,False,2025-10-29,2027-02-10,Approved
KYC0003178,CUS0003178,Tier1,Medium,False,2026-03-19,2026-05-31,Approved
KYC0003179,CUS0003179,Tier1,Low,False,2024-05-05,2026-06-10,Approved
KYC0003180,CUS0003180,Tier1,Low,False,2024-06-20,2026-06-08,Approved
KYC0003181,CUS0003181,Tier2,Low,False,2024-01-21,2026-05-10,Approved
KYC0003182,CUS0003182,Tier2,Low,False,2024-06-23,2026-12-16,Approved
KYC0003183,CUS0003183,Tier1,Low,False,2025-07-19,2027-10-18,Approved
KYC0003184,CUS0003184,Tier1,Medium,False,2025-07-17,2027-02-22,Approved
KYC0003185,CUS0003185,Tier1,Medium,False,2024-11-04,2027-09-14,Approved
KYC0003186,CUS0003186,Tier2,Low,False,2024-03-11,2027-11-18,Approved
KYC0003187,CUS0003187,Tier1,Low,False,2024-02-21,2026-05-25,Approved
KYC0003188,CUS0003188,Tier1,Low,False,2024-07-16,2027-02-12,Approved
KYC0003189,CUS0003189,Tier1,Low,False,2025-05-11,2027-05-28,Approved
KYC0003190,CUS0003190,Tier2,Medium,False,2025-02-13,2027-01-17,Approved
KYC0003191,CUS0003191,Tier1,Low,False,2026-01-31,2026-05-09,Approved
KYC0003192,CUS0003192,Tier1,Low,False,2026-03-04,2027-09-17,Approved
KYC0003193,CUS0003193,Tier2,Low,False,2024-11-08,2026-07-11,Approved
KYC0003194,CUS0003194,Tier2,Low,False,2024-11-26,2026-11-03,Approved
KYC0003195,CUS0003195,Tier1,Low,False,2025-07-21,2026-12-17,Approved
KYC0003196,CUS0003196,Tier3,High,False,2024-04-26,2027-11-06,Approved
KYC0003197,CUS0003197,Tier1,Medium,False,2024-11-08,2027-10-30,Approved
KYC0003198,CUS0003198,Tier2,Low,False,2024-12-11,2027-11-13,Approved
KYC0003199,CUS0003199,Tier1,Low,False,2024-12-02,2026-07-14,Approved
KYC0003200,CUS0003200,Tier2,Low,False,2024-02-11,2026-07-30,Approved
KYC0003201,CUS0003201,Tier1,Low,False,2025-07-21,2027-03-10,Approved
KYC0003202,CUS0003202,Tier2,Low,False,2025-01-27,2026-09-18,Approved
KYC0003203,CUS0003203,Tier2,High,False,2025-12-31,2027-03-07,Approved
KYC0003204,CUS0003204,Tier2,Low,False,2026-02-10,2027-06-21,Approved
KYC0003205,CUS0003205,Tier1,Low,False,2024-05-11,2027-08-01,Approved
KYC0003206,CUS0003206,Tier3,Low,False,2024-12-19,2027-01-04,Approved
KYC0003207,CUS0003207,Tier2,Low,False,2024-10-06,2026-12-13,Approved
KYC0003208,CUS0003208,Tier1,Low,False,2024-09-11,2027-09-19,Approved
KYC0003209,CUS0003209,Tier1,Low,False,2024-05-28,2026-05-09,Approved
KYC0003210,CUS0003210,Tier2,Low,False,2024-06-27,2027-02-20,Approved
KYC0003211,CUS0003211,Tier2,Low,False,2024-10-15,2027-04-22,Approved
KYC0003212,CUS0003212,Tier1,Low,False,2024-02-29,2026-09-24,Approved
KYC0003213,CUS0003213,Tier2,Low,False,2025-08-23,2026-05-09,Approved
KYC0003214,CUS0003214,Tier1,Medium,False,2025-04-19,2026-05-02,Approved
KYC0003215,CUS0003215,Tier2,Low,False,2025-10-15,2026-10-14,Approved
KYC0003216,CUS0003216,Tier1,Low,False,2025-03-06,2027-01-10,Approved
KYC0003217,CUS0003217,Tier2,Low,False,2024-10-03,2027-10-01,Approved
KYC0003218,CUS0003218,Tier1,Low,False,2024-07-31,2027-10-26,Approved
KYC0003219,CUS0003219,Tier1,Low,False,2024-07-11,2027-09-12,Approved
KYC0003220,CUS0003220,Tier2,Low,False,2025-01-27,2026-11-05,Approved
KYC0003221,CUS0003221,Tier2,Low,False,2024-10-25,2027-11-12,Approved
KYC0003222,CUS0003222,Tier2,Low,False,2025-09-29,2027-06-17,Approved
KYC0003223,CUS0003223,Tier1,Medium,False,2025-08-02,2026-08-17,Approved
KYC0003224,CUS0003224,Tier2,Low,False,2026-01-13,2026-05-23,Approved
KYC0003225,CUS0003225,Tier1,Medium,False,2024-08-10,2027-06-09,Approved
KYC0003226,CUS0003226,Tier1,Medium,False,2024-06-28,2026-06-08,Approved
KYC0003227,CUS0003227,Tier1,Medium,False,2026-01-23,2027-08-09,Approved
KYC0003228,CUS0003228,Tier3,Medium,False,2024-09-27,2027-09-18,Approved
KYC0003229,CUS0003229,Tier1,Medium,False,2024-05-06,2027-09-17,Approved
KYC0003230,CUS0003230,Tier1,Medium,False,2026-01-07,2027-10-10,Approved
KYC0003231,CUS0003231,Tier2,Medium,False,2025-07-16,2027-12-07,Approved
KYC0003232,CUS0003232,Tier2,Low,False,2025-10-16,2027-11-21,Approved
KYC0003233,CUS0003233,Tier2,Low,False,2024-03-26,2027-01-16,Approved
KYC0003234,CUS0003234,Tier1,Low,False,2024-05-27,2026-08-15,Pending
KYC0003235,CUS0003235,Tier1,Medium,False,2024-01-28,2027-01-15,Approved
KYC0003236,CUS0003236,Tier1,Low,False,2025-07-09,2026-10-03,Approved
KYC0003237,CUS0003237,Tier1,Medium,False,2025-04-07,2027-06-08,Approved
KYC0003238,CUS0003238,Tier1,Low,False,2025-09-22,2027-06-07,Approved
KYC0003239,CUS0003239,Tier1,Medium,False,2025-09-25,2026-09-15,Approved
KYC0003240,CUS0003240,Tier1,Low,False,2024-03-27,2027-05-24,Approved
KYC0003241,CUS0003241,Tier1,Low,False,2025-03-09,2027-09-24,Approved
KYC0003242,CUS0003242,Tier1,Medium,False,2026-01-18,2027-10-18,Approved
KYC0003243,CUS0003243,Tier1,Low,False,2025-04-20,2027-04-23,Approved
KYC0003244,CUS0003244,Tier1,Low,False,2024-07-30,2027-11-26,Approved
KYC0003245,CUS0003245,Tier1,Low,False,2024-02-27,2027-01-05,Approved
KYC0003246,CUS0003246,Tier1,Low,False,2024-06-07,2027-09-05,Rejected
KYC0003247,CUS0003247,Tier2,Low,False,2025-06-30,2026-05-02,Approved
KYC0003248,CUS0003248,Tier1,High,False,2024-08-22,2027-09-12,Approved
KYC0003249,CUS0003249,Tier2,Low,False,2025-12-04,2027-03-29,Pending
KYC0003250,CUS0003250,Tier2,Low,False,2025-06-07,2027-07-02,Approved
KYC0003251,CUS0003251,Tier2,Medium,False,2024-07-07,2026-06-22,Approved
KYC0003252,CUS0003252,Tier3,Low,False,2025-09-03,2026-08-29,Approved
KYC0003253,CUS0003253,Tier2,Medium,False,2024-01-26,2026-06-21,Approved
KYC0003254,CUS0003254,Tier2,Low,False,2025-03-24,2027-02-18,Pending
KYC0003255,CUS0003255,Tier1,Low,False,2025-08-09,2026-07-12,Approved
KYC0003256,CUS0003256,Tier2,Low,False,2025-10-20,2027-09-05,Approved
KYC0003257,CUS0003257,Tier2,Low,False,2024-03-29,2026-09-24,Approved
KYC0003258,CUS0003258,Tier1,Medium,False,2024-10-26,2026-07-19,Approved
KYC0003259,CUS0003259,Tier1,Low,False,2024-07-18,2026-05-24,Approved
KYC0003260,CUS0003260,Tier1,Low,False,2024-12-12,2026-10-22,Approved
KYC0003261,CUS0003261,Tier2,Low,False,2025-10-02,2027-07-07,Approved
KYC0003262,CUS0003262,Tier1,Low,False,2025-01-13,2026-06-05,Approved
KYC0003263,CUS0003263,Tier2,Low,False,2024-10-01,2027-01-08,Approved
KYC0003264,CUS0003264,Tier2,Medium,False,2024-11-18,2027-01-06,Approved
KYC0003265,CUS0003265,Tier1,Low,False,2025-04-25,2027-01-11,Approved
KYC0003266,CUS0003266,Tier1,Low,False,2026-01-10,2027-07-08,Approved
KYC0003267,CUS0003267,Tier1,Low,False,2025-12-11,2026-11-11,Pending
KYC0003268,CUS0003268,Tier1,Low,False,2025-03-19,2027-11-29,Approved
KYC0003269,CUS0003269,Tier2,Low,False,2026-04-03,2027-08-16,Approved
KYC0003270,CUS0003270,Tier3,Low,False,2025-03-05,2026-11-10,Approved
KYC0003271,CUS0003271,Tier1,Low,False,2026-01-07,2027-03-17,Approved
KYC0003272,CUS0003272,Tier1,Low,False,2026-01-12,2026-08-02,Approved
KYC0003273,CUS0003273,Tier3,Low,False,2024-01-11,2027-12-22,Approved
KYC0003274,CUS0003274,Tier1,Low,False,2025-12-25,2027-12-15,Approved
KYC0003275,CUS0003275,Tier2,Low,False,2025-10-05,2026-05-11,Approved
KYC0003276,CUS0003276,Tier2,Low,False,2025-05-15,2026-10-31,Approved
KYC0003277,CUS0003277,Tier3,Low,False,2024-10-03,2027-07-08,Approved
KYC0003278,CUS0003278,Tier3,Low,False,2025-07-06,2027-01-17,Approved
KYC0003279,CUS0003279,Tier1,High,False,2024-06-04,2026-05-21,Approved
KYC0003280,CUS0003280,Tier2,Low,False,2024-09-22,2026-06-12,Approved
KYC0003281,CUS0003281,Tier1,Low,False,2026-03-31,2026-09-01,Approved
KYC0003282,CUS0003282,Tier2,Low,False,2024-08-13,2027-05-26,Pending
KYC0003283,CUS0003283,Tier1,Low,False,2024-11-23,2026-07-18,Approved
KYC0003284,CUS0003284,Tier1,Low,False,2024-01-28,2027-08-02,Approved
KYC0003285,CUS0003285,Tier1,Low,False,2026-01-08,2027-07-22,Approved
KYC0003286,CUS0003286,Tier1,Low,False,2025-05-11,2027-10-29,Approved
KYC0003287,CUS0003287,Tier1,Low,False,2024-11-01,2027-07-12,Approved
KYC0003288,CUS0003288,Tier2,Low,False,2025-06-01,2027-02-04,Approved
KYC0003289,CUS0003289,Tier2,Low,False,2025-01-10,2027-10-23,Approved
KYC0003290,CUS0003290,Tier2,Low,False,2024-03-07,2027-04-16,Approved
KYC0003291,CUS0003291,Tier1,High,False,2026-02-14,2027-01-20,Approved
KYC0003292,CUS0003292,Tier1,High,False,2024-03-21,2027-09-16,Approved
KYC0003293,CUS0003293,Tier3,Low,False,2025-08-16,2026-07-13,Approved
KYC0003294,CUS0003294,Tier3,Low,False,2025-03-03,2026-10-26,Approved
KYC0003295,CUS0003295,Tier2,Low,False,2026-04-13,2027-05-15,Approved
KYC0003296,CUS0003296,Tier1,Low,False,2025-09-19,2026-05-29,Approved
KYC0003297,CUS0003297,Tier1,Low,False,2026-01-09,2027-05-22,Approved
KYC0003298,CUS0003298,Tier1,Low,False,2025-12-26,2026-06-22,Approved
KYC0003299,CUS0003299,Tier2,Low,False,2024-08-08,2027-09-19,Approved
KYC0003300,CUS0003300,Tier1,Medium,False,2026-04-24,2026-06-01,Approved
KYC0003301,CUS0003301,Tier2,Low,False,2025-06-06,2027-01-12,Approved
KYC0003302,CUS0003302,Tier2,Low,False,2025-05-17,2027-03-26,Approved
KYC0003303,CUS0003303,Tier1,Medium,False,2024-10-07,2026-10-19,Approved
KYC0003304,CUS0003304,Tier1,Low,False,2025-05-12,2027-10-16,Approved
KYC0003305,CUS0003305,Tier1,Medium,False,2026-04-18,2027-03-24,Approved
KYC0003306,CUS0003306,Tier2,Low,False,2024-02-27,2027-09-02,Approved
KYC0003307,CUS0003307,Tier3,High,False,2024-07-09,2027-10-12,Approved
KYC0003308,CUS0003308,Tier2,Low,False,2025-08-30,2027-03-04,Rejected
KYC0003309,CUS0003309,Tier1,Low,False,2025-06-09,2027-08-15,Approved
KYC0003310,CUS0003310,Tier2,Medium,False,2025-05-09,2026-05-22,Approved
KYC0003311,CUS0003311,Tier2,Medium,False,2025-01-08,2026-08-19,Approved
KYC0003312,CUS0003312,Tier1,Medium,False,2024-07-29,2027-12-15,Approved
KYC0003313,CUS0003313,Tier2,Low,False,2026-03-03,2027-05-06,Approved
KYC0003314,CUS0003314,Tier2,Medium,False,2025-04-23,2027-09-24,Approved
KYC0003315,CUS0003315,Tier2,Low,True,2026-04-21,2026-10-23,Approved
KYC0003316,CUS0003316,Tier2,High,False,2026-04-17,2027-11-13,Approved
KYC0003317,CUS0003317,Tier2,Low,False,2025-03-15,2026-08-22,Approved
KYC0003318,CUS0003318,Tier1,Low,False,2024-12-09,2027-09-06,Approved
KYC0003319,CUS0003319,Tier2,Medium,False,2025-02-05,2027-11-28,Approved
KYC0003320,CUS0003320,Tier1,Low,False,2024-10-10,2026-08-15,Approved
KYC0003321,CUS0003321,Tier1,Low,False,2024-07-10,2027-04-18,Approved
KYC0003322,CUS0003322,Tier1,Low,False,2025-07-31,2026-12-11,Approved
KYC0003323,CUS0003323,Tier2,Medium,False,2025-10-04,2026-06-04,Rejected
KYC0003324,CUS0003324,Tier2,Medium,False,2025-02-14,2027-10-21,Approved
KYC0003325,CUS0003325,Tier1,High,False,2024-12-14,2026-07-30,Approved
KYC0003326,CUS0003326,Tier2,Low,False,2026-01-06,2027-06-03,Approved
KYC0003327,CUS0003327,Tier1,Low,False,2024-01-22,2027-02-10,Approved
KYC0003328,CUS0003328,Tier2,Medium,False,2025-04-13,2027-12-26,Approved
KYC0003329,CUS0003329,Tier1,Medium,False,2024-05-16,2027-01-17,Approved
KYC0003330,CUS0003330,Tier2,Low,False,2025-11-21,2027-08-25,Approved
KYC0003331,CUS0003331,Tier1,Low,False,2026-01-16,2027-12-22,Approved
KYC0003332,CUS0003332,Tier1,Medium,False,2024-11-06,2027-08-13,Approved
KYC0003333,CUS0003333,Tier1,Low,False,2024-04-20,2027-10-07,Approved
KYC0003334,CUS0003334,Tier1,Medium,False,2025-09-17,2027-02-02,Approved
KYC0003335,CUS0003335,Tier2,Low,False,2025-04-13,2027-02-28,Approved
KYC0003336,CUS0003336,Tier1,Low,False,2025-05-29,2027-03-20,Approved
KYC0003337,CUS0003337,Tier1,Medium,False,2025-06-16,2027-09-28,Approved
KYC0003338,CUS0003338,Tier2,Low,False,2025-02-20,2026-05-08,Approved
KYC0003339,CUS0003339,Tier1,Low,False,2025-05-31,2027-06-07,Approved
KYC0003340,CUS0003340,Tier1,Low,False,2025-06-20,2027-08-10,Approved
KYC0003341,CUS0003341,Tier1,Low,False,2025-07-29,2026-12-19,Approved
KYC0003342,CUS0003342,Tier2,Low,False,2025-09-02,2027-07-03,Approved
KYC0003343,CUS0003343,Tier2,Medium,False,2025-09-20,2027-01-07,Approved
KYC0003344,CUS0003344,Tier2,Medium,False,2024-10-13,2027-02-28,Approved
KYC0003345,CUS0003345,Tier1,Medium,False,2024-02-26,2026-09-29,Pending
KYC0003346,CUS0003346,Tier1,Low,False,2024-06-24,2027-06-16,Approved
KYC0003347,CUS0003347,Tier1,Low,False,2024-04-16,2027-05-16,Approved
KYC0003348,CUS0003348,Tier1,Low,False,2025-05-16,2026-07-18,Approved
KYC0003349,CUS0003349,Tier1,Low,False,2026-04-01,2027-06-16,Approved
KYC0003350,CUS0003350,Tier2,Low,False,2025-04-08,2027-06-03,Approved
KYC0003351,CUS0003351,Tier1,Low,False,2024-07-03,2027-12-26,Approved
KYC0003352,CUS0003352,Tier3,Medium,False,2025-07-07,2027-04-18,Approved
KYC0003353,CUS0003353,Tier2,Low,False,2024-12-29,2027-09-07,Approved
KYC0003354,CUS0003354,Tier1,Medium,False,2025-12-18,2026-07-26,Approved
KYC0003355,CUS0003355,Tier2,Low,False,2025-01-26,2027-04-08,Approved
KYC0003356,CUS0003356,Tier3,Low,False,2024-09-03,2027-04-14,Approved
KYC0003357,CUS0003357,Tier1,Low,False,2024-02-22,2026-06-18,Approved
KYC0003358,CUS0003358,Tier1,Low,False,2025-01-29,2027-03-18,Approved
KYC0003359,CUS0003359,Tier1,Low,False,2025-07-12,2027-12-27,Approved
KYC0003360,CUS0003360,Tier1,Medium,False,2026-02-15,2027-01-25,Approved
KYC0003361,CUS0003361,Tier1,Low,False,2024-07-04,2026-08-07,Approved
KYC0003362,CUS0003362,Tier1,Low,False,2024-06-04,2027-01-01,Approved
KYC0003363,CUS0003363,Tier1,High,False,2024-03-04,2026-09-29,Approved
KYC0003364,CUS0003364,Tier1,Medium,False,2024-10-10,2026-12-30,Approved
KYC0003365,CUS0003365,Tier2,Medium,False,2024-10-10,2027-01-24,Approved
KYC0003366,CUS0003366,Tier2,Medium,False,2024-11-28,2027-02-09,Approved
KYC0003367,CUS0003367,Tier1,Low,False,2025-05-17,2027-10-03,Approved
KYC0003368,CUS0003368,Tier2,Medium,False,2024-10-13,2026-07-01,Approved
KYC0003369,CUS0003369,Tier1,Medium,False,2024-10-13,2026-09-29,Approved
KYC0003370,CUS0003370,Tier1,Low,False,2026-02-10,2026-10-25,Approved
KYC0003371,CUS0003371,Tier1,Medium,False,2024-02-12,2027-01-06,Approved
KYC0003372,CUS0003372,Tier1,Low,False,2024-03-13,2027-12-20,Approved
KYC0003373,CUS0003373,Tier1,Low,False,2026-02-09,2027-11-24,Approved
KYC0003374,CUS0003374,Tier1,Low,False,2026-01-30,2027-01-19,Approved
KYC0003375,CUS0003375,Tier2,Low,False,2024-01-19,2027-08-10,Approved
KYC0003376,CUS0003376,Tier1,Low,False,2024-09-23,2027-12-10,Approved
KYC0003377,CUS0003377,Tier3,Low,False,2026-01-21,2027-10-19,Approved
KYC0003378,CUS0003378,Tier2,Low,False,2024-11-04,2027-11-25,Approved
KYC0003379,CUS0003379,Tier2,Low,False,2024-11-03,2027-09-12,Approved
KYC0003380,CUS0003380,Tier2,Low,False,2025-05-24,2027-05-30,Approved
KYC0003381,CUS0003381,Tier2,Low,False,2024-08-12,2027-01-13,Approved
KYC0003382,CUS0003382,Tier1,Low,False,2025-10-19,2027-12-09,Approved
KYC0003383,CUS0003383,Tier1,Low,False,2024-10-30,2026-09-15,Rejected
KYC0003384,CUS0003384,Tier1,Low,False,2025-05-28,2027-06-07,Approved
KYC0003385,CUS0003385,Tier1,Low,False,2024-04-20,2026-12-29,Approved
KYC0003386,CUS0003386,Tier2,Low,False,2024-09-26,2026-10-20,Approved
KYC0003387,CUS0003387,Tier2,Medium,False,2024-12-02,2026-07-13,Approved
KYC0003388,CUS0003388,Tier1,Medium,False,2024-02-26,2026-05-31,Approved
KYC0003389,CUS0003389,Tier1,Medium,False,2025-08-22,2027-05-17,Approved
KYC0003390,CUS0003390,Tier2,Medium,False,2024-08-17,2027-03-31,Approved
KYC0003391,CUS0003391,Tier2,Low,False,2025-11-27,2027-09-12,Approved
KYC0003392,CUS0003392,Tier1,Low,False,2025-03-29,2027-07-07,Approved
KYC0003393,CUS0003393,Tier2,Medium,False,2025-03-12,2027-01-09,Approved
KYC0003394,CUS0003394,Tier1,Medium,False,2024-03-09,2026-08-14,Approved
KYC0003395,CUS0003395,Tier2,Low,False,2024-08-25,2026-10-21,Approved
KYC0003396,CUS0003396,Tier2,Low,False,2026-01-13,2026-06-08,Approved
KYC0003397,CUS0003397,Tier2,Medium,False,2024-10-16,2027-02-24,Approved
KYC0003398,CUS0003398,Tier2,Low,False,2024-09-20,2027-12-25,Approved
KYC0003399,CUS0003399,Tier3,Low,False,2024-07-24,2026-12-11,Approved
KYC0003400,CUS0003400,Tier1,Low,False,2025-10-10,2027-12-21,Pending
KYC0003401,CUS0003401,Tier1,Low,False,2024-05-27,2027-09-30,Approved
KYC0003402,CUS0003402,Tier2,Medium,False,2026-04-03,2026-11-22,Approved
KYC0003403,CUS0003403,Tier2,High,False,2024-02-15,2027-10-22,Approved
KYC0003404,CUS0003404,Tier1,Low,False,2024-10-22,2027-07-17,Approved
KYC0003405,CUS0003405,Tier2,Medium,False,2026-02-12,2027-02-14,Approved
KYC0003406,CUS0003406,Tier1,Low,False,2025-08-24,2026-05-28,Approved
KYC0003407,CUS0003407,Tier2,Low,False,2024-07-01,2026-09-17,Approved
KYC0003408,CUS0003408,Tier1,Low,False,2025-11-03,2026-06-09,Approved
KYC0003409,CUS0003409,Tier1,Low,False,2024-01-26,2027-11-23,Approved
KYC0003410,CUS0003410,Tier3,Low,False,2026-04-05,2026-11-22,Approved
KYC0003411,CUS0003411,Tier1,Low,False,2025-01-20,2027-03-29,Approved
KYC0003412,CUS0003412,Tier1,Low,False,2024-11-20,2026-09-13,Approved
KYC0003413,CUS0003413,Tier1,Low,False,2024-09-02,2027-10-29,Approved
KYC0003414,CUS0003414,Tier1,Low,False,2025-12-31,2026-07-23,Approved
KYC0003415,CUS0003415,Tier1,Low,False,2025-06-16,2027-11-08,Approved
KYC0003416,CUS0003416,Tier1,Low,False,2025-11-26,2026-12-01,Approved
KYC0003417,CUS0003417,Tier1,Low,False,2024-12-27,2027-09-08,Approved
KYC0003418,CUS0003418,Tier2,Low,False,2025-03-29,2026-09-15,Approved
KYC0003419,CUS0003419,Tier2,Low,False,2024-10-25,2027-11-01,Pending
KYC0003420,CUS0003420,Tier1,Low,False,2026-01-12,2027-06-19,Approved
KYC0003421,CUS0003421,Tier1,High,False,2025-06-29,2026-09-19,Approved
KYC0003422,CUS0003422,Tier3,Low,False,2024-10-16,2027-08-13,Approved
KYC0003423,CUS0003423,Tier3,Low,False,2024-09-06,2026-11-10,Approved
KYC0003424,CUS0003424,Tier1,Low,False,2024-08-10,2027-03-30,Approved
KYC0003425,CUS0003425,Tier3,Low,False,2025-05-06,2027-12-13,Approved
KYC0003426,CUS0003426,Tier1,Medium,False,2026-04-06,2026-06-07,Approved
KYC0003427,CUS0003427,Tier1,Low,False,2025-07-18,2026-10-22,Pending
KYC0003428,CUS0003428,Tier2,Medium,False,2025-06-06,2027-12-04,Approved
KYC0003429,CUS0003429,Tier2,Low,False,2026-02-16,2027-11-11,Approved
KYC0003430,CUS0003430,Tier1,Low,False,2024-02-21,2026-11-06,Approved
KYC0003431,CUS0003431,Tier3,Medium,False,2024-04-03,2027-12-25,Approved
KYC0003432,CUS0003432,Tier2,Low,False,2024-09-01,2027-07-23,Approved
KYC0003433,CUS0003433,Tier1,Medium,False,2025-12-16,2027-09-18,Approved
KYC0003434,CUS0003434,Tier1,Low,False,2025-12-11,2027-12-25,Approved
KYC0003435,CUS0003435,Tier2,Low,False,2024-03-20,2027-08-16,Approved
KYC0003436,CUS0003436,Tier1,Low,False,2025-04-07,2027-04-25,Approved
KYC0003437,CUS0003437,Tier2,Medium,False,2024-05-06,2027-01-20,Approved
KYC0003438,CUS0003438,Tier2,Low,False,2024-09-14,2027-09-05,Approved
KYC0003439,CUS0003439,Tier2,Medium,False,2025-09-15,2027-11-23,Approved
KYC0003440,CUS0003440,Tier1,Low,False,2025-03-11,2026-10-27,Approved
KYC0003441,CUS0003441,Tier2,Low,False,2024-06-03,2027-10-05,Approved
KYC0003442,CUS0003442,Tier1,Low,False,2026-04-28,2027-12-01,Approved
KYC0003443,CUS0003443,Tier1,Medium,False,2024-05-22,2027-03-23,Approved
KYC0003444,CUS0003444,Tier3,Low,False,2025-06-23,2027-01-01,Approved
KYC0003445,CUS0003445,Tier2,Low,False,2025-09-13,2027-12-17,Approved
KYC0003446,CUS0003446,Tier3,Medium,False,2024-06-11,2026-06-23,Approved
KYC0003447,CUS0003447,Tier3,Medium,False,2026-01-05,2027-11-06,Approved
KYC0003448,CUS0003448,Tier1,Low,False,2026-03-27,2026-10-09,Approved
KYC0003449,CUS0003449,Tier1,Medium,False,2024-09-25,2027-06-16,Approved
KYC0003450,CUS0003450,Tier2,Low,False,2024-07-05,2027-12-01,Approved
KYC0003451,CUS0003451,Tier1,Medium,False,2024-05-03,2027-01-20,Approved
KYC0003452,CUS0003452,Tier1,Low,False,2025-03-25,2027-10-01,Approved
KYC0003453,CUS0003453,Tier3,Medium,False,2025-10-29,2027-12-23,Approved
KYC0003454,CUS0003454,Tier3,Medium,False,2025-02-05,2027-01-09,Approved
KYC0003455,CUS0003455,Tier1,Low,False,2025-10-16,2027-11-03,Approved
KYC0003456,CUS0003456,Tier1,Medium,False,2026-04-07,2026-12-13,Approved
KYC0003457,CUS0003457,Tier2,Low,False,2025-07-08,2026-11-29,Approved
KYC0003458,CUS0003458,Tier1,Low,False,2025-01-04,2027-07-17,Approved
KYC0003459,CUS0003459,Tier1,Medium,False,2024-12-25,2027-08-05,Approved
KYC0003460,CUS0003460,Tier3,Low,False,2024-01-02,2026-12-10,Approved
KYC0003461,CUS0003461,Tier2,Low,False,2025-06-13,2027-08-25,Approved
KYC0003462,CUS0003462,Tier1,Medium,False,2026-02-04,2027-07-24,Approved
KYC0003463,CUS0003463,Tier1,Low,False,2024-06-17,2026-06-28,Approved
KYC0003464,CUS0003464,Tier1,Low,False,2024-04-13,2027-11-27,Approved
KYC0003465,CUS0003465,Tier1,Low,False,2026-02-05,2027-05-13,Approved
KYC0003466,CUS0003466,Tier3,Low,False,2025-07-23,2027-04-21,Approved
KYC0003467,CUS0003467,Tier1,Low,False,2024-02-02,2027-05-02,Approved
KYC0003468,CUS0003468,Tier2,Low,False,2025-05-02,2026-10-24,Approved
KYC0003469,CUS0003469,Tier1,Low,False,2025-10-03,2027-03-15,Approved
KYC0003470,CUS0003470,Tier2,Medium,False,2024-12-08,2027-12-15,Approved
KYC0003471,CUS0003471,Tier1,Low,False,2025-09-12,2026-06-01,Approved
KYC0003472,CUS0003472,Tier1,Low,False,2024-02-11,2026-06-30,Approved
KYC0003473,CUS0003473,Tier1,Low,False,2024-09-03,2026-08-14,Approved
KYC0003474,CUS0003474,Tier2,Medium,False,2024-02-19,2026-05-09,Approved
KYC0003475,CUS0003475,Tier1,Low,False,2024-12-29,2027-06-06,Approved
KYC0003476,CUS0003476,Tier2,Low,False,2025-09-23,2026-05-14,Approved
KYC0003477,CUS0003477,Tier1,Low,False,2024-05-04,2027-11-19,Approved
KYC0003478,CUS0003478,Tier2,Low,False,2025-09-11,2026-10-12,Approved
KYC0003479,CUS0003479,Tier3,Medium,False,2024-07-17,2027-07-19,Approved
KYC0003480,CUS0003480,Tier3,Medium,True,2024-04-25,2026-09-24,Approved
KYC0003481,CUS0003481,Tier1,Medium,False,2024-01-25,2026-07-06,Approved
KYC0003482,CUS0003482,Tier3,Medium,False,2024-03-10,2027-04-02,Approved
KYC0003483,CUS0003483,Tier1,Low,False,2026-01-05,2027-06-14,Approved
KYC0003484,CUS0003484,Tier1,Low,False,2025-07-09,2026-08-18,Approved
KYC0003485,CUS0003485,Tier2,Low,False,2024-09-01,2026-09-05,Approved
KYC0003486,CUS0003486,Tier2,Low,False,2025-08-15,2027-01-12,Approved
KYC0003487,CUS0003487,Tier1,Medium,False,2025-01-10,2027-03-06,Approved
KYC0003488,CUS0003488,Tier1,Low,False,2024-05-01,2027-04-09,Approved
KYC0003489,CUS0003489,Tier1,Low,False,2025-03-06,2026-09-01,Approved
KYC0003490,CUS0003490,Tier2,Low,False,2024-09-14,2027-09-14,Approved
KYC0003491,CUS0003491,Tier2,Low,True,2025-01-24,2027-11-29,Approved
KYC0003492,CUS0003492,Tier2,Medium,False,2024-09-13,2027-02-07,Approved
KYC0003493,CUS0003493,Tier2,Medium,False,2025-12-03,2027-01-20,Approved
KYC0003494,CUS0003494,Tier2,Medium,False,2025-11-23,2027-06-23,Approved
KYC0003495,CUS0003495,Tier1,Low,False,2024-01-07,2027-08-01,Approved
KYC0003496,CUS0003496,Tier1,Low,False,2026-01-28,2027-08-08,Approved
KYC0003497,CUS0003497,Tier1,Low,False,2025-07-10,2026-08-10,Approved
KYC0003498,CUS0003498,Tier2,Low,False,2025-12-23,2027-03-04,Approved
KYC0003499,CUS0003499,Tier1,Low,False,2024-03-22,2027-08-24,Approved
KYC0003500,CUS0003500,Tier2,High,False,2025-10-30,2026-06-23,Approved
KYC0003501,CUS0003501,Tier1,Low,False,2025-12-12,2026-09-22,Approved
KYC0003502,CUS0003502,Tier3,Low,False,2025-11-18,2026-12-07,Pending
KYC0003503,CUS0003503,Tier1,Low,False,2025-01-20,2026-06-20,Approved
KYC0003504,CUS0003504,Tier1,Low,False,2025-08-07,2027-04-18,Approved
KYC0003505,CUS0003505,Tier1,Medium,False,2024-05-18,2027-02-15,Approved
KYC0003506,CUS0003506,Tier2,Low,False,2024-03-07,2026-10-06,Approved
KYC0003507,CUS0003507,Tier1,Low,False,2025-08-28,2026-12-23,Approved
KYC0003508,CUS0003508,Tier1,Low,False,2024-12-18,2026-05-05,Approved
KYC0003509,CUS0003509,Tier1,Medium,False,2024-12-23,2026-12-05,Approved
KYC0003510,CUS0003510,Tier1,Low,False,2024-06-30,2027-07-31,Approved
KYC0003511,CUS0003511,Tier2,Low,False,2025-05-24,2026-06-25,Approved
KYC0003512,CUS0003512,Tier1,Low,False,2025-04-22,2026-05-12,Approved
KYC0003513,CUS0003513,Tier1,Low,False,2024-09-10,2026-10-15,Approved
KYC0003514,CUS0003514,Tier1,Low,False,2024-06-14,2027-03-29,Approved
KYC0003515,CUS0003515,Tier3,Low,False,2024-10-29,2026-10-28,Approved
KYC0003516,CUS0003516,Tier1,Medium,False,2024-12-02,2027-04-09,Approved
KYC0003517,CUS0003517,Tier2,Low,False,2024-11-30,2027-11-14,Approved
KYC0003518,CUS0003518,Tier1,Medium,False,2025-06-01,2026-08-31,Approved
KYC0003519,CUS0003519,Tier2,Low,False,2024-04-03,2027-11-21,Approved
KYC0003520,CUS0003520,Tier2,High,False,2024-10-05,2027-07-26,Approved
KYC0003521,CUS0003521,Tier2,Low,False,2024-12-07,2027-10-23,Approved
KYC0003522,CUS0003522,Tier2,Low,False,2024-11-04,2026-11-14,Approved
KYC0003523,CUS0003523,Tier2,Low,False,2026-04-11,2026-12-03,Approved
KYC0003524,CUS0003524,Tier1,Low,False,2026-04-14,2027-11-24,Approved
KYC0003525,CUS0003525,Tier1,Low,False,2026-02-26,2026-06-22,Approved
KYC0003526,CUS0003526,Tier2,Low,False,2024-09-12,2026-11-15,Approved
KYC0003527,CUS0003527,Tier1,Low,False,2024-06-20,2026-12-03,Approved
KYC0003528,CUS0003528,Tier1,Low,False,2024-12-10,2026-12-20,Approved
KYC0003529,CUS0003529,Tier2,High,False,2025-07-12,2027-10-02,Approved
KYC0003530,CUS0003530,Tier2,Low,False,2024-08-05,2026-08-31,Approved
KYC0003531,CUS0003531,Tier1,Low,False,2024-06-07,2026-11-26,Approved
KYC0003532,CUS0003532,Tier1,Medium,False,2024-08-14,2027-01-07,Approved
KYC0003533,CUS0003533,Tier2,Low,False,2026-03-27,2027-03-05,Approved
KYC0003534,CUS0003534,Tier1,Medium,False,2024-02-19,2026-05-02,Approved
KYC0003535,CUS0003535,Tier3,Medium,False,2024-05-17,2026-06-11,Approved
KYC0003536,CUS0003536,Tier3,Low,False,2025-03-05,2027-07-26,Approved
KYC0003537,CUS0003537,Tier1,Low,False,2025-02-21,2027-08-17,Approved
KYC0003538,CUS0003538,Tier1,Low,False,2025-10-30,2027-02-13,Approved
KYC0003539,CUS0003539,Tier3,Low,False,2024-11-13,2027-03-12,Pending
KYC0003540,CUS0003540,Tier2,Medium,False,2024-07-24,2027-03-17,Approved
KYC0003541,CUS0003541,Tier1,Low,False,2024-05-30,2027-12-22,Approved
KYC0003542,CUS0003542,Tier1,Medium,False,2024-07-31,2027-12-26,Approved
KYC0003543,CUS0003543,Tier1,Low,False,2025-01-24,2027-03-24,Approved
KYC0003544,CUS0003544,Tier1,Medium,False,2024-05-11,2026-05-10,Approved
KYC0003545,CUS0003545,Tier2,Low,False,2024-04-18,2027-07-07,Approved
KYC0003546,CUS0003546,Tier1,Low,False,2025-05-02,2027-07-28,Approved
KYC0003547,CUS0003547,Tier1,Low,False,2026-04-23,2027-12-24,Approved
KYC0003548,CUS0003548,Tier2,Low,False,2025-01-29,2027-05-12,Approved
KYC0003549,CUS0003549,Tier2,Low,False,2024-11-28,2027-01-13,Approved
KYC0003550,CUS0003550,Tier1,Low,False,2026-03-01,2027-06-16,Approved
KYC0003551,CUS0003551,Tier1,Low,False,2024-12-26,2027-07-18,Approved
KYC0003552,CUS0003552,Tier3,Low,False,2024-01-10,2026-12-24,Approved
KYC0003553,CUS0003553,Tier1,Low,False,2024-06-03,2026-07-06,Approved
KYC0003554,CUS0003554,Tier3,Low,False,2025-05-05,2027-08-13,Approved
KYC0003555,CUS0003555,Tier1,Low,False,2024-06-10,2027-10-24,Approved
KYC0003556,CUS0003556,Tier2,Medium,False,2024-07-15,2027-06-20,Approved
KYC0003557,CUS0003557,Tier2,Low,False,2025-04-03,2026-09-30,Approved
KYC0003558,CUS0003558,Tier2,Low,False,2024-11-18,2026-12-04,Approved
KYC0003559,CUS0003559,Tier2,Low,False,2026-03-31,2026-09-14,Approved
KYC0003560,CUS0003560,Tier2,Low,False,2026-03-16,2026-09-12,Approved
KYC0003561,CUS0003561,Tier1,High,False,2024-01-13,2027-02-10,Approved
KYC0003562,CUS0003562,Tier1,Low,False,2024-05-24,2027-09-11,Approved
KYC0003563,CUS0003563,Tier1,Low,False,2024-03-17,2027-05-02,Approved
KYC0003564,CUS0003564,Tier1,High,False,2025-07-22,2027-02-06,Approved
KYC0003565,CUS0003565,Tier1,Low,False,2025-01-04,2027-06-22,Approved
KYC0003566,CUS0003566,Tier2,Low,False,2025-09-13,2027-01-13,Approved
KYC0003567,CUS0003567,Tier1,Low,False,2025-10-10,2027-07-14,Approved
KYC0003568,CUS0003568,Tier1,Low,False,2025-11-15,2027-01-13,Pending
KYC0003569,CUS0003569,Tier3,Low,False,2024-07-10,2027-06-19,Approved
KYC0003570,CUS0003570,Tier2,Low,False,2025-08-08,2026-11-25,Approved
KYC0003571,CUS0003571,Tier1,Low,False,2024-03-29,2026-09-19,Approved
KYC0003572,CUS0003572,Tier2,Medium,False,2025-11-27,2027-01-24,Approved
KYC0003573,CUS0003573,Tier1,Low,False,2024-09-14,2027-12-08,Pending
KYC0003574,CUS0003574,Tier1,Low,False,2024-10-20,2026-09-09,Approved
KYC0003575,CUS0003575,Tier2,High,False,2026-03-02,2027-10-02,Approved
KYC0003576,CUS0003576,Tier1,Low,False,2024-06-26,2027-10-10,Approved
KYC0003577,CUS0003577,Tier1,Medium,False,2026-03-30,2027-06-02,Approved
KYC0003578,CUS0003578,Tier2,Low,False,2026-01-29,2026-10-21,Pending
KYC0003579,CUS0003579,Tier2,High,False,2025-06-14,2027-07-16,Approved
KYC0003580,CUS0003580,Tier2,Low,False,2025-10-08,2027-12-12,Approved
KYC0003581,CUS0003581,Tier2,Low,False,2024-02-01,2026-10-30,Pending
KYC0003582,CUS0003582,Tier1,Low,False,2024-03-31,2026-12-09,Approved
KYC0003583,CUS0003583,Tier2,Low,False,2026-04-14,2027-04-03,Approved
KYC0003584,CUS0003584,Tier1,Low,False,2025-10-22,2026-10-16,Approved
KYC0003585,CUS0003585,Tier2,Low,False,2024-10-22,2027-11-23,Approved
KYC0003586,CUS0003586,Tier2,Medium,False,2024-07-03,2027-11-26,Approved
KYC0003587,CUS0003587,Tier1,Low,False,2025-02-24,2027-02-05,Approved
KYC0003588,CUS0003588,Tier1,Low,False,2024-06-22,2026-10-06,Pending
KYC0003589,CUS0003589,Tier1,Low,True,2025-12-31,2026-11-29,Approved
KYC0003590,CUS0003590,Tier1,Medium,False,2024-04-21,2026-06-21,Approved
KYC0003591,CUS0003591,Tier2,Low,False,2024-06-12,2027-12-24,Approved
KYC0003592,CUS0003592,Tier1,Low,False,2025-09-21,2027-11-26,Approved
KYC0003593,CUS0003593,Tier2,Medium,False,2025-05-28,2027-02-04,Approved
KYC0003594,CUS0003594,Tier2,Low,False,2024-03-14,2026-07-27,Approved
KYC0003595,CUS0003595,Tier2,Low,False,2025-10-30,2026-12-13,Approved
KYC0003596,CUS0003596,Tier1,Low,False,2026-02-16,2027-10-21,Approved
KYC0003597,CUS0003597,Tier2,Low,False,2024-06-06,2026-07-01,Approved
KYC0003598,CUS0003598,Tier1,Low,False,2025-01-01,2027-03-31,Approved
KYC0003599,CUS0003599,Tier1,Medium,False,2026-01-07,2027-09-15,Approved
KYC0003600,CUS0003600,Tier1,Low,False,2024-10-20,2027-02-18,Approved
KYC0003601,CUS0003601,Tier1,Low,False,2024-01-21,2027-04-07,Approved
KYC0003602,CUS0003602,Tier3,Medium,False,2025-01-27,2027-10-16,Pending
KYC0003603,CUS0003603,Tier2,Low,False,2025-03-16,2026-09-21,Approved
KYC0003604,CUS0003604,Tier1,High,False,2026-05-01,2027-06-08,Approved
KYC0003605,CUS0003605,Tier2,Low,False,2024-01-13,2026-07-17,Approved
KYC0003606,CUS0003606,Tier2,Low,False,2025-12-18,2027-07-16,Approved
KYC0003607,CUS0003607,Tier2,Medium,False,2025-06-04,2027-12-12,Approved
KYC0003608,CUS0003608,Tier1,Medium,False,2024-09-16,2027-06-24,Approved
KYC0003609,CUS0003609,Tier2,Low,False,2024-12-09,2026-12-16,Approved
KYC0003610,CUS0003610,Tier1,Low,False,2024-10-09,2027-06-29,Approved
KYC0003611,CUS0003611,Tier1,Medium,False,2025-09-25,2027-02-21,Approved
KYC0003612,CUS0003612,Tier1,Low,False,2024-03-31,2027-10-16,Approved
KYC0003613,CUS0003613,Tier2,Medium,False,2025-07-02,2027-09-04,Approved
KYC0003614,CUS0003614,Tier2,Low,False,2026-04-30,2026-08-14,Approved
KYC0003615,CUS0003615,Tier1,Low,False,2025-09-23,2026-07-18,Approved
KYC0003616,CUS0003616,Tier3,Medium,False,2024-04-03,2027-08-01,Approved
KYC0003617,CUS0003617,Tier2,Low,False,2025-07-09,2026-08-30,Pending
KYC0003618,CUS0003618,Tier2,Low,False,2025-10-13,2026-09-30,Approved
KYC0003619,CUS0003619,Tier2,Low,False,2025-03-13,2026-07-27,Approved
KYC0003620,CUS0003620,Tier3,Low,False,2025-01-15,2027-08-28,Approved
KYC0003621,CUS0003621,Tier1,Low,False,2026-03-03,2027-05-08,Approved
KYC0003622,CUS0003622,Tier1,Low,False,2024-08-12,2027-09-30,Approved
KYC0003623,CUS0003623,Tier2,Low,False,2024-06-21,2026-07-26,Approved
KYC0003624,CUS0003624,Tier1,Low,False,2024-11-19,2026-07-01,Approved
KYC0003625,CUS0003625,Tier1,Medium,False,2025-11-19,2027-12-02,Approved
KYC0003626,CUS0003626,Tier1,Low,False,2025-04-29,2026-09-12,Approved
KYC0003627,CUS0003627,Tier2,Low,False,2024-03-20,2027-08-15,Pending
KYC0003628,CUS0003628,Tier1,Low,False,2025-10-26,2027-04-05,Approved
KYC0003629,CUS0003629,Tier1,Low,False,2025-12-02,2027-11-17,Approved
KYC0003630,CUS0003630,Tier1,Low,False,2024-10-05,2027-11-07,Approved
KYC0003631,CUS0003631,Tier3,Medium,False,2025-12-13,2026-09-06,Approved
KYC0003632,CUS0003632,Tier2,Low,True,2025-09-26,2026-12-08,Approved
KYC0003633,CUS0003633,Tier3,High,False,2026-04-17,2027-08-09,Approved
KYC0003634,CUS0003634,Tier1,Low,False,2025-02-07,2026-10-16,Approved
KYC0003635,CUS0003635,Tier1,Low,False,2025-05-28,2027-03-11,Approved
KYC0003636,CUS0003636,Tier2,Low,False,2024-08-12,2027-08-09,Approved
KYC0003637,CUS0003637,Tier2,Medium,False,2024-06-21,2026-09-06,Approved
KYC0003638,CUS0003638,Tier2,Low,False,2026-03-09,2027-09-11,Approved
KYC0003639,CUS0003639,Tier2,Low,False,2024-11-12,2027-08-21,Approved
KYC0003640,CUS0003640,Tier3,Low,False,2025-04-12,2027-02-20,Approved
KYC0003641,CUS0003641,Tier2,Low,False,2024-06-14,2027-09-04,Approved
KYC0003642,CUS0003642,Tier2,Medium,False,2025-04-16,2027-11-27,Approved
KYC0003643,CUS0003643,Tier2,Low,False,2026-04-07,2026-10-14,Approved
KYC0003644,CUS0003644,Tier1,Low,False,2024-02-29,2027-09-02,Approved
KYC0003645,CUS0003645,Tier2,Low,False,2024-09-16,2027-11-22,Approved
KYC0003646,CUS0003646,Tier2,Medium,True,2024-04-23,2026-07-23,Approved
KYC0003647,CUS0003647,Tier1,Low,False,2024-05-29,2027-12-12,Approved
KYC0003648,CUS0003648,Tier2,Low,False,2024-05-19,2027-10-27,Approved
KYC0003649,CUS0003649,Tier1,Low,False,2024-06-11,2027-03-13,Approved
KYC0003650,CUS0003650,Tier2,Low,False,2026-01-24,2026-07-28,Approved
KYC0003651,CUS0003651,Tier3,Medium,False,2024-03-05,2026-05-04,Approved
KYC0003652,CUS0003652,Tier2,Low,False,2026-01-08,2027-12-21,Approved
KYC0003653,CUS0003653,Tier1,Low,False,2024-02-11,2027-06-08,Approved
KYC0003654,CUS0003654,Tier2,Low,False,2024-10-15,2027-01-16,Approved
KYC0003655,CUS0003655,Tier1,Low,False,2025-09-24,2027-04-15,Approved
KYC0003656,CUS0003656,Tier2,Low,False,2025-12-29,2027-09-01,Approved
KYC0003657,CUS0003657,Tier1,Low,False,2024-10-11,2026-07-02,Approved
KYC0003658,CUS0003658,Tier1,Low,False,2025-11-24,2027-10-05,Approved
KYC0003659,CUS0003659,Tier1,Low,False,2024-11-11,2027-12-20,Approved
KYC0003660,CUS0003660,Tier2,High,False,2024-09-29,2026-08-16,Approved
KYC0003661,CUS0003661,Tier1,Low,False,2026-03-20,2026-07-14,Approved
KYC0003662,CUS0003662,Tier2,High,False,2025-02-03,2027-05-01,Pending
KYC0003663,CUS0003663,Tier3,Low,False,2026-01-29,2027-02-03,Approved
KYC0003664,CUS0003664,Tier1,Low,False,2025-07-08,2026-11-28,Approved
KYC0003665,CUS0003665,Tier2,Low,False,2024-07-12,2027-02-11,Approved
KYC0003666,CUS0003666,Tier2,Medium,False,2025-04-15,2027-01-18,Approved
KYC0003667,CUS0003667,Tier1,Low,False,2025-08-15,2027-02-27,Approved
KYC0003668,CUS0003668,Tier1,Low,False,2024-02-08,2027-06-04,Approved
KYC0003669,CUS0003669,Tier1,Low,False,2025-07-21,2027-12-13,Approved
KYC0003670,CUS0003670,Tier2,Low,False,2024-06-30,2027-10-25,Approved
KYC0003671,CUS0003671,Tier1,Low,False,2024-02-22,2027-11-30,Approved
KYC0003672,CUS0003672,Tier1,Low,False,2025-04-29,2026-06-20,Approved
KYC0003673,CUS0003673,Tier3,Low,False,2025-05-22,2027-06-24,Approved
KYC0003674,CUS0003674,Tier2,Medium,False,2024-10-14,2027-06-10,Approved
KYC0003675,CUS0003675,Tier1,Medium,False,2026-04-30,2027-06-21,Approved
KYC0003676,CUS0003676,Tier1,Medium,False,2024-07-20,2027-04-04,Approved
KYC0003677,CUS0003677,Tier2,Low,False,2025-09-27,2027-11-09,Approved
KYC0003678,CUS0003678,Tier2,Medium,False,2025-08-31,2027-12-29,Pending
KYC0003679,CUS0003679,Tier1,Low,False,2025-03-19,2027-07-06,Approved
KYC0003680,CUS0003680,Tier2,Medium,False,2026-04-01,2026-09-16,Approved
KYC0003681,CUS0003681,Tier1,Low,False,2025-03-09,2027-04-11,Approved
KYC0003682,CUS0003682,Tier1,Medium,False,2025-05-04,2026-05-21,Approved
KYC0003683,CUS0003683,Tier2,Medium,False,2025-08-21,2026-08-16,Approved
KYC0003684,CUS0003684,Tier2,Medium,False,2025-04-17,2026-11-16,Approved
KYC0003685,CUS0003685,Tier3,Low,False,2025-06-22,2027-04-04,Approved
KYC0003686,CUS0003686,Tier1,Medium,False,2025-07-28,2027-10-01,Approved
KYC0003687,CUS0003687,Tier3,Low,False,2025-05-12,2026-11-19,Approved
KYC0003688,CUS0003688,Tier3,Low,False,2024-10-27,2026-12-23,Approved
KYC0003689,CUS0003689,Tier1,Low,False,2024-02-28,2026-10-17,Approved
KYC0003690,CUS0003690,Tier1,Low,False,2024-12-05,2027-04-12,Approved
KYC0003691,CUS0003691,Tier2,Medium,False,2024-05-22,2027-10-05,Approved
KYC0003692,CUS0003692,Tier1,Medium,False,2025-04-25,2027-07-07,Approved
KYC0003693,CUS0003693,Tier1,Medium,False,2024-08-27,2026-07-06,Approved
KYC0003694,CUS0003694,Tier2,Medium,False,2025-10-17,2026-06-05,Approved
KYC0003695,CUS0003695,Tier1,Medium,False,2025-03-24,2026-11-05,Approved
KYC0003696,CUS0003696,Tier1,Medium,False,2026-04-21,2027-02-06,Approved
KYC0003697,CUS0003697,Tier1,Low,False,2025-03-03,2026-08-11,Approved
KYC0003698,CUS0003698,Tier2,Low,False,2026-02-12,2027-02-07,Approved
KYC0003699,CUS0003699,Tier1,Low,False,2025-04-26,2027-06-03,Approved
KYC0003700,CUS0003700,Tier1,Low,False,2025-04-22,2027-07-02,Approved
KYC0003701,CUS0003701,Tier2,Low,False,2024-07-02,2027-01-20,Approved
KYC0003702,CUS0003702,Tier1,Low,False,2024-03-30,2026-05-20,Approved
KYC0003703,CUS0003703,Tier2,Low,False,2025-08-16,2026-11-19,Approved
KYC0003704,CUS0003704,Tier2,Low,False,2026-04-19,2027-01-18,Approved
KYC0003705,CUS0003705,Tier2,Low,False,2025-04-24,2027-06-23,Approved
KYC0003706,CUS0003706,Tier2,Low,False,2024-02-14,2026-12-03,Approved
KYC0003707,CUS0003707,Tier1,Medium,False,2024-04-21,2026-12-30,Approved
KYC0003708,CUS0003708,Tier2,Low,False,2024-12-11,2027-02-20,Approved
KYC0003709,CUS0003709,Tier2,Medium,False,2024-09-15,2027-08-27,Approved
KYC0003710,CUS0003710,Tier1,Low,False,2026-02-24,2027-05-23,Approved
KYC0003711,CUS0003711,Tier1,Low,False,2025-05-31,2026-08-10,Approved
KYC0003712,CUS0003712,Tier1,Low,False,2024-10-17,2027-06-23,Approved
KYC0003713,CUS0003713,Tier2,Low,False,2025-06-29,2026-08-09,Approved
KYC0003714,CUS0003714,Tier2,Low,False,2024-04-17,2027-08-19,Approved
KYC0003715,CUS0003715,Tier1,Low,False,2025-01-05,2027-12-24,Approved
KYC0003716,CUS0003716,Tier2,Low,False,2025-10-12,2026-08-25,Approved
KYC0003717,CUS0003717,Tier1,Medium,False,2026-05-01,2026-08-12,Approved
KYC0003718,CUS0003718,Tier1,Medium,False,2024-05-22,2027-05-09,Approved
KYC0003719,CUS0003719,Tier2,Low,False,2024-09-28,2027-07-31,Approved
KYC0003720,CUS0003720,Tier1,Low,False,2025-12-21,2027-10-27,Approved
KYC0003721,CUS0003721,Tier3,Medium,False,2024-11-21,2027-06-23,Approved
KYC0003722,CUS0003722,Tier1,Low,False,2024-07-07,2026-11-07,Approved
KYC0003723,CUS0003723,Tier2,Medium,False,2025-07-10,2027-02-08,Approved
KYC0003724,CUS0003724,Tier1,Low,False,2025-11-11,2027-10-02,Approved
KYC0003725,CUS0003725,Tier2,Low,False,2024-05-05,2026-12-06,Approved
KYC0003726,CUS0003726,Tier2,Low,False,2025-09-02,2027-07-26,Approved
KYC0003727,CUS0003727,Tier1,Low,False,2024-12-18,2027-09-22,Approved
KYC0003728,CUS0003728,Tier1,Medium,False,2025-01-13,2027-03-01,Approved
KYC0003729,CUS0003729,Tier3,Low,False,2025-04-27,2026-07-28,Approved
KYC0003730,CUS0003730,Tier2,Medium,False,2024-04-15,2027-05-11,Approved
KYC0003731,CUS0003731,Tier1,Low,False,2025-08-15,2027-03-05,Approved
KYC0003732,CUS0003732,Tier1,Medium,False,2025-10-25,2026-06-15,Approved
KYC0003733,CUS0003733,Tier1,Medium,False,2024-01-07,2026-12-28,Approved
KYC0003734,CUS0003734,Tier2,Low,False,2024-10-02,2026-10-12,Approved
KYC0003735,CUS0003735,Tier2,Medium,False,2024-10-02,2026-12-30,Approved
KYC0003736,CUS0003736,Tier1,Low,False,2024-02-26,2027-02-01,Approved
KYC0003737,CUS0003737,Tier3,Low,False,2026-02-25,2026-06-21,Approved
KYC0003738,CUS0003738,Tier2,Low,False,2025-04-26,2027-10-29,Approved
KYC0003739,CUS0003739,Tier2,Medium,False,2024-01-28,2027-04-17,Pending
KYC0003740,CUS0003740,Tier2,Low,False,2025-04-03,2026-11-12,Approved
KYC0003741,CUS0003741,Tier1,Low,False,2025-05-13,2026-07-14,Approved
KYC0003742,CUS0003742,Tier2,Medium,False,2025-05-10,2027-08-10,Approved
KYC0003743,CUS0003743,Tier1,Medium,False,2025-06-08,2026-08-28,Approved
KYC0003744,CUS0003744,Tier2,Low,False,2024-02-23,2027-04-07,Approved
KYC0003745,CUS0003745,Tier2,Low,False,2025-11-19,2027-06-27,Approved
KYC0003746,CUS0003746,Tier1,Low,False,2025-10-10,2027-11-18,Approved
KYC0003747,CUS0003747,Tier1,Low,False,2025-12-28,2027-05-07,Approved
KYC0003748,CUS0003748,Tier2,Low,False,2024-04-27,2026-09-15,Approved
KYC0003749,CUS0003749,Tier2,Low,False,2024-12-20,2026-09-14,Approved
KYC0003750,CUS0003750,Tier2,Medium,False,2024-04-26,2027-09-11,Pending
KYC0003751,CUS0003751,Tier2,Medium,False,2024-09-16,2027-10-04,Approved
KYC0003752,CUS0003752,Tier1,Low,False,2024-11-11,2026-09-15,Approved
KYC0003753,CUS0003753,Tier1,High,False,2024-09-26,2026-05-03,Approved
KYC0003754,CUS0003754,Tier1,Low,False,2026-04-28,2027-07-25,Approved
KYC0003755,CUS0003755,Tier1,Low,False,2025-09-10,2027-09-13,Approved
KYC0003756,CUS0003756,Tier1,Low,False,2024-06-08,2027-11-30,Rejected
KYC0003757,CUS0003757,Tier3,Low,False,2025-05-13,2027-03-09,Approved
KYC0003758,CUS0003758,Tier2,Medium,False,2024-01-03,2027-12-28,Approved
KYC0003759,CUS0003759,Tier2,Medium,False,2024-06-27,2026-09-15,Approved
KYC0003760,CUS0003760,Tier2,Low,False,2025-09-17,2027-04-08,Rejected
KYC0003761,CUS0003761,Tier2,Low,False,2025-08-13,2027-04-13,Approved
KYC0003762,CUS0003762,Tier1,Low,False,2025-01-09,2026-06-23,Approved
KYC0003763,CUS0003763,Tier2,Low,False,2025-08-06,2027-03-23,Approved
KYC0003764,CUS0003764,Tier1,Low,False,2025-03-27,2027-11-10,Approved
KYC0003765,CUS0003765,Tier3,Medium,False,2025-08-26,2027-10-04,Pending
KYC0003766,CUS0003766,Tier1,Low,False,2024-11-25,2026-12-26,Approved
KYC0003767,CUS0003767,Tier1,Low,False,2025-01-08,2027-02-06,Approved
KYC0003768,CUS0003768,Tier1,Low,False,2025-01-01,2026-07-07,Approved
KYC0003769,CUS0003769,Tier3,High,False,2024-01-14,2026-10-26,Approved
KYC0003770,CUS0003770,Tier1,Medium,False,2025-09-13,2026-11-01,Approved
KYC0003771,CUS0003771,Tier2,Low,False,2025-05-16,2027-10-23,Approved
KYC0003772,CUS0003772,Tier1,Low,False,2024-11-25,2027-01-10,Approved
KYC0003773,CUS0003773,Tier1,Medium,False,2025-08-07,2027-02-12,Approved
KYC0003774,CUS0003774,Tier2,Medium,False,2026-03-01,2026-11-16,Approved
KYC0003775,CUS0003775,Tier1,Low,False,2025-02-24,2026-05-07,Approved
KYC0003776,CUS0003776,Tier1,Low,False,2025-07-08,2027-03-25,Approved
KYC0003777,CUS0003777,Tier2,Medium,False,2025-12-01,2027-08-17,Approved
KYC0003778,CUS0003778,Tier1,Medium,False,2025-08-11,2027-05-15,Approved
KYC0003779,CUS0003779,Tier1,Low,False,2026-01-25,2026-07-03,Approved
KYC0003780,CUS0003780,Tier2,Medium,False,2024-07-27,2027-09-25,Approved
KYC0003781,CUS0003781,Tier1,Low,False,2024-04-01,2027-02-23,Approved
KYC0003782,CUS0003782,Tier1,Low,False,2024-11-06,2026-11-14,Approved
KYC0003783,CUS0003783,Tier1,Low,False,2026-01-24,2027-03-10,Approved
KYC0003784,CUS0003784,Tier2,High,False,2024-12-26,2027-07-02,Approved
KYC0003785,CUS0003785,Tier1,Low,False,2024-08-31,2027-05-19,Approved
KYC0003786,CUS0003786,Tier2,Medium,False,2024-02-15,2027-06-11,Approved
KYC0003787,CUS0003787,Tier1,Low,False,2025-02-01,2026-05-01,Approved
KYC0003788,CUS0003788,Tier2,Medium,False,2026-01-28,2027-08-18,Approved
KYC0003789,CUS0003789,Tier2,Low,False,2025-03-25,2026-07-16,Approved
KYC0003790,CUS0003790,Tier2,Low,False,2026-03-15,2027-08-21,Approved
KYC0003791,CUS0003791,Tier2,Medium,False,2025-02-18,2027-05-27,Approved
KYC0003792,CUS0003792,Tier1,Low,False,2024-01-06,2026-12-15,Approved
KYC0003793,CUS0003793,Tier1,Medium,False,2026-01-05,2026-10-25,Approved
KYC0003794,CUS0003794,Tier1,Low,False,2025-09-01,2026-08-19,Approved
KYC0003795,CUS0003795,Tier1,Low,False,2025-12-02,2027-01-19,Pending
KYC0003796,CUS0003796,Tier2,Low,False,2025-11-24,2026-12-21,Approved
KYC0003797,CUS0003797,Tier1,Low,False,2025-08-09,2026-07-31,Approved
KYC0003798,CUS0003798,Tier1,Medium,False,2024-07-03,2027-05-30,Approved
KYC0003799,CUS0003799,Tier1,Low,False,2026-02-21,2027-12-22,Approved
KYC0003800,CUS0003800,Tier2,Low,False,2026-03-14,2027-01-27,Approved
KYC0003801,CUS0003801,Tier2,Low,False,2024-08-31,2026-07-08,Approved
KYC0003802,CUS0003802,Tier2,Low,False,2025-06-27,2027-06-23,Approved
KYC0003803,CUS0003803,Tier3,Low,False,2025-08-10,2027-09-03,Approved
KYC0003804,CUS0003804,Tier1,Medium,False,2024-12-05,2026-12-04,Approved
KYC0003805,CUS0003805,Tier1,Medium,False,2025-01-01,2026-05-08,Approved
KYC0003806,CUS0003806,Tier1,Low,False,2024-07-04,2027-02-28,Approved
KYC0003807,CUS0003807,Tier1,Medium,False,2024-02-07,2026-12-21,Approved
KYC0003808,CUS0003808,Tier2,Low,False,2025-10-17,2026-09-25,Approved
KYC0003809,CUS0003809,Tier1,Low,False,2024-05-22,2026-08-14,Approved
KYC0003810,CUS0003810,Tier1,Low,False,2024-10-07,2027-06-01,Approved
KYC0003811,CUS0003811,Tier1,Low,False,2024-04-21,2027-06-07,Approved
KYC0003812,CUS0003812,Tier2,Low,False,2026-04-01,2027-07-13,Approved
KYC0003813,CUS0003813,Tier1,Medium,False,2025-06-03,2026-08-07,Approved
KYC0003814,CUS0003814,Tier3,Low,False,2024-11-12,2026-06-14,Approved
KYC0003815,CUS0003815,Tier1,High,False,2025-07-17,2027-09-12,Approved
KYC0003816,CUS0003816,Tier1,Medium,False,2025-01-15,2027-01-01,Approved
KYC0003817,CUS0003817,Tier2,Low,False,2024-03-13,2026-10-09,Approved
KYC0003818,CUS0003818,Tier2,Medium,False,2025-02-26,2027-11-16,Approved
KYC0003819,CUS0003819,Tier1,High,False,2025-06-20,2027-12-06,Approved
KYC0003820,CUS0003820,Tier3,Low,False,2026-02-09,2027-11-15,Approved
KYC0003821,CUS0003821,Tier1,High,False,2025-12-16,2027-03-25,Approved
KYC0003822,CUS0003822,Tier1,Medium,False,2025-11-28,2027-08-01,Approved
KYC0003823,CUS0003823,Tier1,Low,False,2026-01-21,2026-09-07,Approved
KYC0003824,CUS0003824,Tier1,Low,False,2024-03-15,2027-04-04,Approved
KYC0003825,CUS0003825,Tier2,Low,False,2024-11-19,2027-07-21,Approved
KYC0003826,CUS0003826,Tier2,Low,False,2025-11-16,2027-08-27,Approved
KYC0003827,CUS0003827,Tier1,Medium,False,2025-10-03,2027-05-25,Approved
KYC0003828,CUS0003828,Tier1,Medium,False,2024-05-03,2027-12-12,Approved
KYC0003829,CUS0003829,Tier2,Medium,False,2024-02-12,2027-11-28,Approved
KYC0003830,CUS0003830,Tier1,Low,False,2026-03-19,2026-09-22,Approved
KYC0003831,CUS0003831,Tier3,Low,False,2024-07-13,2027-08-04,Approved
KYC0003832,CUS0003832,Tier2,Medium,False,2024-06-14,2026-11-20,Approved
KYC0003833,CUS0003833,Tier2,Low,False,2024-04-29,2027-05-02,Approved
KYC0003834,CUS0003834,Tier2,Low,False,2024-08-30,2026-10-02,Approved
KYC0003835,CUS0003835,Tier3,Medium,False,2026-04-07,2026-07-30,Approved
KYC0003836,CUS0003836,Tier1,Medium,False,2025-04-23,2027-11-04,Approved
KYC0003837,CUS0003837,Tier1,Low,False,2025-06-15,2026-11-03,Approved
KYC0003838,CUS0003838,Tier1,Medium,False,2025-09-20,2026-07-02,Approved
KYC0003839,CUS0003839,Tier2,Low,False,2026-02-15,2027-09-10,Approved
KYC0003840,CUS0003840,Tier3,Low,False,2025-03-14,2026-09-15,Approved
KYC0003841,CUS0003841,Tier1,Low,False,2025-10-12,2027-08-06,Approved
KYC0003842,CUS0003842,Tier1,Low,False,2025-08-29,2027-03-13,Approved
KYC0003843,CUS0003843,Tier2,Low,False,2024-05-31,2026-05-04,Approved
KYC0003844,CUS0003844,Tier1,Low,False,2025-12-25,2026-08-17,Pending
KYC0003845,CUS0003845,Tier1,Low,False,2025-02-18,2027-12-22,Approved
KYC0003846,CUS0003846,Tier2,Medium,False,2025-03-29,2026-05-13,Approved
KYC0003847,CUS0003847,Tier2,Medium,False,2024-12-10,2027-06-13,Approved
KYC0003848,CUS0003848,Tier2,Low,False,2024-08-18,2027-10-03,Approved
KYC0003849,CUS0003849,Tier2,Low,False,2025-11-17,2026-08-12,Approved
KYC0003850,CUS0003850,Tier1,Low,False,2025-06-07,2027-03-19,Approved
KYC0003851,CUS0003851,Tier2,Low,False,2025-07-16,2026-07-14,Pending
KYC0003852,CUS0003852,Tier2,Low,False,2025-06-27,2026-06-04,Approved
KYC0003853,CUS0003853,Tier3,Low,False,2025-04-30,2026-06-21,Approved
KYC0003854,CUS0003854,Tier2,Low,False,2024-10-14,2027-04-05,Approved
KYC0003855,CUS0003855,Tier1,Low,False,2024-11-15,2027-05-12,Approved
KYC0003856,CUS0003856,Tier2,Low,False,2026-01-03,2027-09-16,Approved
KYC0003857,CUS0003857,Tier2,Low,False,2024-05-14,2026-07-11,Approved
KYC0003858,CUS0003858,Tier1,Low,False,2026-02-13,2026-06-17,Pending
KYC0003859,CUS0003859,Tier2,Medium,False,2024-08-22,2027-10-29,Approved
KYC0003860,CUS0003860,Tier1,Low,False,2026-05-01,2027-03-26,Approved
KYC0003861,CUS0003861,Tier2,Low,False,2025-06-07,2027-11-13,Approved
KYC0003862,CUS0003862,Tier1,High,False,2025-08-08,2027-07-08,Approved
KYC0003863,CUS0003863,Tier1,Low,False,2024-07-16,2027-05-08,Approved
KYC0003864,CUS0003864,Tier1,Low,False,2025-05-26,2026-09-07,Approved
KYC0003865,CUS0003865,Tier1,Low,False,2024-07-07,2027-07-11,Approved
KYC0003866,CUS0003866,Tier1,Low,False,2025-07-03,2027-01-25,Approved
KYC0003867,CUS0003867,Tier3,Low,False,2024-07-26,2026-12-10,Approved
KYC0003868,CUS0003868,Tier1,Low,False,2025-12-10,2026-07-27,Approved
KYC0003869,CUS0003869,Tier2,Low,False,2025-12-20,2026-09-16,Approved
KYC0003870,CUS0003870,Tier1,Medium,False,2024-06-13,2027-10-19,Approved
KYC0003871,CUS0003871,Tier2,Low,False,2025-10-12,2026-07-29,Approved
KYC0003872,CUS0003872,Tier1,Low,False,2026-02-18,2027-04-15,Approved
KYC0003873,CUS0003873,Tier1,Low,False,2024-08-11,2027-04-16,Approved
KYC0003874,CUS0003874,Tier1,Low,False,2025-05-08,2027-11-22,Approved
KYC0003875,CUS0003875,Tier1,Low,False,2024-10-06,2027-01-23,Approved
KYC0003876,CUS0003876,Tier2,Low,False,2025-06-10,2027-08-18,Approved
KYC0003877,CUS0003877,Tier3,High,False,2025-09-14,2026-12-15,Approved
KYC0003878,CUS0003878,Tier2,Low,False,2025-07-23,2027-11-22,Approved
KYC0003879,CUS0003879,Tier3,Low,False,2024-09-05,2027-08-28,Approved
KYC0003880,CUS0003880,Tier1,Medium,False,2025-05-10,2027-03-16,Approved
KYC0003881,CUS0003881,Tier2,Low,False,2025-07-01,2027-08-03,Approved
KYC0003882,CUS0003882,Tier2,Low,False,2025-02-21,2027-03-06,Approved
KYC0003883,CUS0003883,Tier1,Medium,False,2024-06-12,2026-12-28,Approved
KYC0003884,CUS0003884,Tier1,Low,False,2026-01-26,2026-08-17,Approved
KYC0003885,CUS0003885,Tier1,Low,False,2025-11-22,2027-01-11,Approved
KYC0003886,CUS0003886,Tier1,Medium,False,2025-01-14,2026-06-18,Approved
KYC0003887,CUS0003887,Tier3,Medium,False,2025-08-10,2027-10-16,Approved
KYC0003888,CUS0003888,Tier1,Low,False,2024-02-09,2027-02-05,Approved
KYC0003889,CUS0003889,Tier2,Medium,False,2025-05-26,2027-12-08,Approved
KYC0003890,CUS0003890,Tier1,Low,False,2024-05-03,2027-08-17,Approved
KYC0003891,CUS0003891,Tier1,Medium,False,2026-03-29,2026-07-31,Approved
KYC0003892,CUS0003892,Tier1,Low,False,2024-07-30,2026-11-06,Pending
KYC0003893,CUS0003893,Tier2,Medium,False,2025-04-25,2027-10-10,Approved
KYC0003894,CUS0003894,Tier3,Low,False,2025-10-02,2027-02-05,Approved
KYC0003895,CUS0003895,Tier1,Low,False,2024-09-02,2027-11-07,Approved
KYC0003896,CUS0003896,Tier1,Low,False,2025-03-21,2026-10-01,Approved
KYC0003897,CUS0003897,Tier3,Low,False,2026-04-06,2026-07-01,Approved
KYC0003898,CUS0003898,Tier3,Low,False,2024-08-19,2026-11-11,Approved
KYC0003899,CUS0003899,Tier3,Medium,False,2025-05-17,2027-02-12,Approved
KYC0003900,CUS0003900,Tier2,Low,False,2025-06-17,2027-05-28,Approved
KYC0003901,CUS0003901,Tier3,Low,False,2025-08-29,2026-09-27,Approved
KYC0003902,CUS0003902,Tier1,Low,True,2025-09-14,2026-12-25,Approved
KYC0003903,CUS0003903,Tier2,Low,False,2024-10-07,2027-12-10,Approved
KYC0003904,CUS0003904,Tier1,Medium,False,2024-01-26,2026-10-10,Approved
KYC0003905,CUS0003905,Tier2,Low,False,2024-01-16,2027-02-24,Approved
KYC0003906,CUS0003906,Tier2,Medium,False,2025-02-17,2026-10-04,Approved
KYC0003907,CUS0003907,Tier1,Low,False,2025-10-08,2027-08-01,Approved
KYC0003908,CUS0003908,Tier2,Low,False,2024-12-09,2027-04-26,Approved
KYC0003909,CUS0003909,Tier2,Low,False,2025-04-20,2026-10-31,Approved
KYC0003910,CUS0003910,Tier1,Low,False,2025-06-14,2026-09-05,Approved
KYC0003911,CUS0003911,Tier2,Low,False,2024-01-04,2027-10-30,Approved
KYC0003912,CUS0003912,Tier1,Low,False,2026-01-11,2026-12-16,Approved
KYC0003913,CUS0003913,Tier2,Low,False,2025-06-05,2026-08-27,Approved
KYC0003914,CUS0003914,Tier1,Low,False,2025-11-07,2027-06-17,Approved
KYC0003915,CUS0003915,Tier1,Low,False,2025-09-04,2026-11-11,Approved
KYC0003916,CUS0003916,Tier1,Low,False,2024-08-22,2026-08-23,Approved
KYC0003917,CUS0003917,Tier1,Low,False,2026-02-20,2027-07-07,Approved
KYC0003918,CUS0003918,Tier1,High,False,2025-08-31,2027-09-05,Approved
KYC0003919,CUS0003919,Tier1,Low,False,2024-02-02,2027-08-12,Approved
KYC0003920,CUS0003920,Tier1,Medium,False,2024-09-27,2026-07-30,Approved
KYC0003921,CUS0003921,Tier1,Low,False,2025-08-15,2026-12-24,Approved
KYC0003922,CUS0003922,Tier1,Medium,False,2024-06-29,2027-09-27,Approved
KYC0003923,CUS0003923,Tier2,Low,False,2026-03-15,2027-12-07,Approved
KYC0003924,CUS0003924,Tier1,Low,False,2024-06-04,2026-06-13,Approved
KYC0003925,CUS0003925,Tier3,Low,False,2024-04-28,2026-10-27,Approved
KYC0003926,CUS0003926,Tier1,Low,False,2025-01-19,2027-11-11,Approved
KYC0003927,CUS0003927,Tier1,Low,False,2025-02-03,2027-01-17,Approved
KYC0003928,CUS0003928,Tier2,Low,False,2024-11-20,2027-07-24,Pending
KYC0003929,CUS0003929,Tier3,Low,False,2026-03-03,2026-08-07,Approved
KYC0003930,CUS0003930,Tier2,Low,False,2025-03-30,2027-04-03,Approved
KYC0003931,CUS0003931,Tier3,Low,False,2024-04-10,2027-03-23,Approved
KYC0003932,CUS0003932,Tier1,Low,False,2026-01-19,2027-08-19,Approved
KYC0003933,CUS0003933,Tier1,Low,False,2026-02-22,2026-12-27,Approved
KYC0003934,CUS0003934,Tier2,Medium,False,2025-08-29,2026-11-22,Approved
KYC0003935,CUS0003935,Tier1,Low,False,2024-03-13,2027-12-29,Approved
KYC0003936,CUS0003936,Tier2,High,False,2026-01-05,2027-07-09,Approved
KYC0003937,CUS0003937,Tier1,Low,False,2024-12-17,2026-08-02,Approved
KYC0003938,CUS0003938,Tier3,Low,False,2025-07-11,2026-12-27,Approved
KYC0003939,CUS0003939,Tier2,Low,False,2024-12-16,2026-12-27,Approved
KYC0003940,CUS0003940,Tier2,Low,False,2025-03-30,2026-07-08,Approved
KYC0003941,CUS0003941,Tier1,Low,False,2025-05-10,2026-05-20,Approved
KYC0003942,CUS0003942,Tier1,Low,False,2024-03-28,2027-09-27,Approved
KYC0003943,CUS0003943,Tier2,Low,False,2026-02-02,2026-08-08,Approved
KYC0003944,CUS0003944,Tier2,Medium,False,2025-01-02,2027-12-27,Approved
KYC0003945,CUS0003945,Tier2,Medium,False,2024-07-06,2026-08-28,Pending
KYC0003946,CUS0003946,Tier1,Low,False,2024-04-15,2027-11-14,Approved
KYC0003947,CUS0003947,Tier1,Low,False,2024-02-07,2027-02-08,Approved
KYC0003948,CUS0003948,Tier1,Medium,False,2025-10-05,2027-01-17,Approved
KYC0003949,CUS0003949,Tier1,Low,False,2026-04-25,2027-10-20,Approved
KYC0003950,CUS0003950,Tier3,Low,False,2024-08-02,2026-07-06,Approved
KYC0003951,CUS0003951,Tier2,Medium,False,2026-03-06,2027-10-17,Approved
KYC0003952,CUS0003952,Tier2,Low,False,2025-06-03,2027-01-27,Approved
KYC0003953,CUS0003953,Tier2,Low,False,2025-04-29,2026-07-10,Approved
KYC0003954,CUS0003954,Tier2,Low,False,2025-07-02,2027-08-24,Approved
KYC0003955,CUS0003955,Tier1,Low,False,2024-07-24,2026-08-11,Approved
KYC0003956,CUS0003956,Tier1,Low,False,2025-01-04,2027-10-11,Approved
KYC0003957,CUS0003957,Tier3,Medium,False,2024-04-25,2027-07-18,Approved
KYC0003958,CUS0003958,Tier1,Low,False,2026-04-09,2027-03-06,Approved
KYC0003959,CUS0003959,Tier2,Medium,False,2024-07-19,2027-12-30,Approved
KYC0003960,CUS0003960,Tier3,Medium,False,2024-01-19,2027-06-06,Approved
KYC0003961,CUS0003961,Tier2,Low,False,2024-12-25,2026-10-09,Approved
KYC0003962,CUS0003962,Tier2,Low,False,2026-02-14,2027-04-13,Approved
KYC0003963,CUS0003963,Tier3,Low,False,2025-01-10,2027-01-23,Approved
KYC0003964,CUS0003964,Tier3,Low,False,2025-03-04,2027-05-27,Approved
KYC0003965,CUS0003965,Tier2,Low,False,2025-03-16,2027-10-15,Approved
KYC0003966,CUS0003966,Tier2,Low,False,2026-02-15,2026-12-20,Approved
KYC0003967,CUS0003967,Tier1,Low,False,2024-07-06,2027-11-19,Approved
KYC0003968,CUS0003968,Tier2,Low,False,2025-04-22,2027-07-25,Approved
KYC0003969,CUS0003969,Tier2,Low,False,2025-03-03,2026-08-02,Approved
KYC0003970,CUS0003970,Tier1,Low,False,2024-04-17,2027-01-07,Approved
KYC0003971,CUS0003971,Tier1,Low,False,2026-04-09,2027-01-20,Approved
KYC0003972,CUS0003972,Tier2,Low,False,2025-02-20,2026-10-23,Approved
KYC0003973,CUS0003973,Tier2,Low,False,2024-03-22,2026-10-27,Approved
KYC0003974,CUS0003974,Tier2,Medium,False,2025-06-12,2027-09-11,Approved
KYC0003975,CUS0003975,Tier2,Medium,False,2025-09-07,2027-06-16,Approved
KYC0003976,CUS0003976,Tier1,Low,False,2026-03-20,2027-04-23,Approved
KYC0003977,CUS0003977,Tier2,Low,False,2024-10-03,2026-10-27,Approved
KYC0003978,CUS0003978,Tier2,Low,False,2024-05-24,2027-04-29,Approved
KYC0003979,CUS0003979,Tier1,Low,False,2024-11-07,2026-05-30,Approved
KYC0003980,CUS0003980,Tier1,Low,False,2024-05-15,2026-06-01,Approved
KYC0003981,CUS0003981,Tier2,Low,False,2024-07-30,2026-07-21,Approved
KYC0003982,CUS0003982,Tier1,High,False,2026-01-28,2027-05-11,Approved
KYC0003983,CUS0003983,Tier2,Low,False,2024-11-25,2027-05-04,Approved
KYC0003984,CUS0003984,Tier3,Low,False,2024-01-30,2027-01-20,Approved
KYC0003985,CUS0003985,Tier2,Medium,False,2025-04-07,2027-08-01,Approved
KYC0003986,CUS0003986,Tier1,Medium,False,2025-06-08,2026-07-18,Approved
KYC0003987,CUS0003987,Tier1,Medium,False,2024-01-02,2026-11-20,Approved
KYC0003988,CUS0003988,Tier1,Low,False,2026-03-06,2026-10-28,Approved
KYC0003989,CUS0003989,Tier2,Low,False,2026-02-24,2027-12-18,Approved
KYC0003990,CUS0003990,Tier1,Medium,False,2026-01-09,2026-12-21,Approved
KYC0003991,CUS0003991,Tier1,Low,False,2024-12-08,2026-09-19,Approved
KYC0003992,CUS0003992,Tier1,Low,False,2024-05-06,2027-04-21,Approved
KYC0003993,CUS0003993,Tier1,Low,False,2026-04-23,2027-12-05,Approved
KYC0003994,CUS0003994,Tier1,Low,False,2025-04-04,2027-01-04,Approved
KYC0003995,CUS0003995,Tier2,Low,False,2024-11-24,2026-05-27,Approved
KYC0003996,CUS0003996,Tier3,Low,False,2024-01-07,2027-06-08,Approved
KYC0003997,CUS0003997,Tier1,Low,False,2025-11-04,2026-08-13,Approved
KYC0003998,CUS0003998,Tier1,Low,False,2024-04-29,2027-05-11,Approved
KYC0003999,CUS0003999,Tier3,Low,False,2025-03-06,2027-06-07,Approved
KYC0004000,CUS0004000,Tier1,Medium,False,2024-07-22,2026-11-05,Approved
KYC0004001,CUS0004001,Tier1,High,False,2024-07-07,2027-02-26,Approved
KYC0004002,CUS0004002,Tier1,Low,False,2024-09-06,2027-10-28,Approved
KYC0004003,CUS0004003,Tier2,Medium,False,2025-07-03,2026-10-06,Approved
KYC0004004,CUS0004004,Tier1,Low,False,2024-04-06,2027-11-10,Approved
KYC0004005,CUS0004005,Tier1,Low,False,2026-02-20,2027-03-10,Approved
KYC0004006,CUS0004006,Tier1,Low,False,2025-02-13,2027-03-27,Approved
KYC0004007,CUS0004007,Tier2,Low,False,2024-08-16,2027-01-31,Approved
KYC0004008,CUS0004008,Tier1,Low,False,2026-02-13,2027-08-19,Approved
KYC0004009,CUS0004009,Tier2,Low,False,2024-03-25,2026-09-27,Approved
KYC0004010,CUS0004010,Tier2,Low,False,2024-06-14,2026-05-05,Approved
KYC0004011,CUS0004011,Tier2,Low,False,2024-01-16,2026-09-25,Approved
KYC0004012,CUS0004012,Tier1,Medium,False,2024-02-03,2027-09-18,Approved
KYC0004013,CUS0004013,Tier1,Low,False,2025-10-01,2026-12-28,Approved
KYC0004014,CUS0004014,Tier1,Medium,False,2024-02-24,2026-12-10,Approved
KYC0004015,CUS0004015,Tier1,High,False,2026-02-04,2027-10-26,Approved
KYC0004016,CUS0004016,Tier1,Low,False,2026-03-21,2026-09-02,Approved
KYC0004017,CUS0004017,Tier2,Low,False,2024-08-17,2026-11-06,Approved
KYC0004018,CUS0004018,Tier1,Low,False,2024-10-20,2026-07-07,Approved
KYC0004019,CUS0004019,Tier1,Low,False,2025-05-16,2026-08-27,Approved
KYC0004020,CUS0004020,Tier2,Low,False,2025-10-22,2026-12-01,Approved
KYC0004021,CUS0004021,Tier1,Medium,False,2024-02-09,2026-08-10,Approved
KYC0004022,CUS0004022,Tier2,Low,False,2024-01-25,2027-07-14,Approved
KYC0004023,CUS0004023,Tier2,Low,False,2025-05-10,2026-10-29,Approved
KYC0004024,CUS0004024,Tier3,Low,False,2024-06-17,2027-02-20,Approved
KYC0004025,CUS0004025,Tier2,High,False,2025-05-04,2026-07-13,Approved
KYC0004026,CUS0004026,Tier2,Low,False,2024-07-05,2027-02-25,Approved
KYC0004027,CUS0004027,Tier1,Low,False,2024-09-27,2027-08-04,Approved
KYC0004028,CUS0004028,Tier2,Low,False,2025-02-28,2027-11-06,Approved
KYC0004029,CUS0004029,Tier1,Low,False,2024-01-20,2026-12-19,Approved
KYC0004030,CUS0004030,Tier1,Low,False,2024-06-25,2027-11-20,Approved
KYC0004031,CUS0004031,Tier1,Low,False,2025-06-11,2026-06-14,Approved
KYC0004032,CUS0004032,Tier3,Low,False,2025-08-27,2027-05-16,Approved
KYC0004033,CUS0004033,Tier2,Low,False,2026-02-07,2027-06-16,Approved
KYC0004034,CUS0004034,Tier1,Medium,False,2024-01-20,2027-08-03,Approved
KYC0004035,CUS0004035,Tier2,Low,False,2025-02-22,2027-05-29,Approved
KYC0004036,CUS0004036,Tier1,Low,False,2024-04-27,2026-07-08,Approved
KYC0004037,CUS0004037,Tier1,Low,False,2024-04-03,2027-08-01,Approved
KYC0004038,CUS0004038,Tier1,Low,False,2024-08-16,2026-11-17,Approved
KYC0004039,CUS0004039,Tier1,Low,False,2024-08-29,2027-02-14,Approved
KYC0004040,CUS0004040,Tier3,Low,False,2026-03-13,2026-10-02,Approved
KYC0004041,CUS0004041,Tier1,Medium,False,2024-12-23,2027-05-13,Approved
KYC0004042,CUS0004042,Tier2,Medium,False,2025-01-14,2027-06-10,Approved
KYC0004043,CUS0004043,Tier1,Medium,False,2024-01-21,2026-06-25,Approved
KYC0004044,CUS0004044,Tier1,Low,False,2025-03-19,2026-06-24,Approved
KYC0004045,CUS0004045,Tier1,Medium,False,2026-04-04,2027-04-24,Approved
KYC0004046,CUS0004046,Tier2,Medium,False,2025-03-03,2026-12-23,Approved
KYC0004047,CUS0004047,Tier2,Low,False,2025-06-25,2026-12-06,Approved
KYC0004048,CUS0004048,Tier1,Low,False,2025-07-08,2027-09-16,Approved
KYC0004049,CUS0004049,Tier2,Low,False,2025-05-18,2026-05-16,Approved
KYC0004050,CUS0004050,Tier3,Medium,False,2025-12-21,2026-09-06,Approved
KYC0004051,CUS0004051,Tier1,Medium,False,2024-01-12,2026-11-26,Approved
KYC0004052,CUS0004052,Tier2,Low,False,2024-02-27,2027-07-13,Approved
KYC0004053,CUS0004053,Tier2,High,False,2024-12-11,2026-09-24,Approved
KYC0004054,CUS0004054,Tier3,Low,False,2025-01-16,2027-03-05,Approved
KYC0004055,CUS0004055,Tier1,Low,False,2026-04-03,2027-02-14,Approved
KYC0004056,CUS0004056,Tier2,Low,False,2026-01-06,2027-10-18,Approved
KYC0004057,CUS0004057,Tier2,Low,False,2024-12-02,2026-08-04,Approved
KYC0004058,CUS0004058,Tier2,Low,False,2024-02-08,2027-11-12,Approved
KYC0004059,CUS0004059,Tier2,High,False,2025-08-20,2027-12-16,Approved
KYC0004060,CUS0004060,Tier1,Low,False,2025-07-20,2026-05-21,Approved
KYC0004061,CUS0004061,Tier1,Low,False,2024-10-23,2026-05-31,Approved
KYC0004062,CUS0004062,Tier1,Low,False,2024-02-16,2027-05-09,Approved
KYC0004063,CUS0004063,Tier1,Medium,False,2025-09-19,2027-03-14,Approved
KYC0004064,CUS0004064,Tier2,Low,False,2025-02-01,2027-11-24,Approved
KYC0004065,CUS0004065,Tier1,Medium,False,2024-09-12,2026-06-12,Approved
KYC0004066,CUS0004066,Tier1,Low,False,2024-10-30,2026-08-03,Approved
KYC0004067,CUS0004067,Tier2,High,False,2024-06-27,2027-07-08,Approved
KYC0004068,CUS0004068,Tier1,Low,False,2025-06-08,2026-09-15,Approved
KYC0004069,CUS0004069,Tier2,Low,False,2024-11-18,2027-10-14,Approved
KYC0004070,CUS0004070,Tier1,Low,False,2026-04-10,2026-10-23,Approved
KYC0004071,CUS0004071,Tier1,Medium,False,2025-08-03,2027-03-09,Approved
KYC0004072,CUS0004072,Tier1,Medium,False,2026-01-24,2027-06-03,Approved
KYC0004073,CUS0004073,Tier3,Medium,False,2025-06-17,2026-09-08,Approved
KYC0004074,CUS0004074,Tier2,Medium,False,2025-11-18,2027-07-26,Approved
KYC0004075,CUS0004075,Tier1,Low,False,2026-02-15,2027-02-06,Approved
KYC0004076,CUS0004076,Tier1,Low,False,2024-04-08,2026-08-12,Approved
KYC0004077,CUS0004077,Tier1,Low,False,2024-01-10,2027-05-12,Approved
KYC0004078,CUS0004078,Tier2,Low,False,2024-07-08,2027-03-22,Approved
KYC0004079,CUS0004079,Tier3,Medium,False,2024-12-18,2027-03-22,Approved
KYC0004080,CUS0004080,Tier1,Low,False,2025-11-06,2027-11-08,Approved
KYC0004081,CUS0004081,Tier1,Medium,False,2026-01-11,2027-10-26,Approved
KYC0004082,CUS0004082,Tier2,High,False,2024-03-26,2027-11-21,Approved
KYC0004083,CUS0004083,Tier1,Low,False,2025-10-20,2027-12-27,Approved
KYC0004084,CUS0004084,Tier1,Medium,False,2025-06-26,2027-10-09,Approved
KYC0004085,CUS0004085,Tier3,Medium,False,2024-12-25,2027-09-05,Approved
KYC0004086,CUS0004086,Tier1,Low,False,2024-05-21,2027-11-21,Approved
KYC0004087,CUS0004087,Tier2,Low,False,2024-07-10,2026-09-18,Approved
KYC0004088,CUS0004088,Tier2,Low,False,2024-12-25,2027-04-21,Approved
KYC0004089,CUS0004089,Tier2,Low,False,2025-05-11,2027-02-12,Approved
KYC0004090,CUS0004090,Tier2,Medium,False,2024-05-23,2027-12-04,Approved
KYC0004091,CUS0004091,Tier2,Low,False,2024-11-02,2026-05-30,Approved
KYC0004092,CUS0004092,Tier2,Low,False,2024-01-28,2026-06-14,Approved
KYC0004093,CUS0004093,Tier1,Low,False,2025-09-15,2027-09-28,Approved
KYC0004094,CUS0004094,Tier2,Low,False,2025-10-16,2027-04-15,Approved
KYC0004095,CUS0004095,Tier1,Low,False,2025-08-06,2027-07-30,Approved
KYC0004096,CUS0004096,Tier1,Low,False,2025-05-05,2026-07-24,Approved
KYC0004097,CUS0004097,Tier1,Low,False,2024-04-29,2027-12-27,Approved
KYC0004098,CUS0004098,Tier1,High,False,2024-10-07,2027-07-17,Approved
KYC0004099,CUS0004099,Tier1,Medium,False,2025-05-20,2027-11-14,Approved
KYC0004100,CUS0004100,Tier1,Medium,False,2026-03-15,2027-12-23,Approved
KYC0004101,CUS0004101,Tier2,Low,False,2025-11-04,2027-08-24,Approved
KYC0004102,CUS0004102,Tier1,Low,False,2025-10-18,2026-08-17,Approved
KYC0004103,CUS0004103,Tier2,Low,False,2025-09-19,2027-12-16,Approved
KYC0004104,CUS0004104,Tier1,Low,False,2025-07-26,2027-05-17,Approved
KYC0004105,CUS0004105,Tier3,Medium,False,2025-01-04,2027-11-10,Pending
KYC0004106,CUS0004106,Tier2,Low,False,2025-07-27,2026-08-02,Approved
KYC0004107,CUS0004107,Tier2,Low,False,2025-01-11,2027-03-11,Approved
KYC0004108,CUS0004108,Tier2,Low,False,2024-03-11,2027-12-20,Approved
KYC0004109,CUS0004109,Tier1,Low,False,2026-03-13,2027-09-07,Approved
KYC0004110,CUS0004110,Tier1,Medium,False,2026-01-15,2026-05-30,Approved
KYC0004111,CUS0004111,Tier1,Low,False,2024-02-20,2027-11-06,Approved
KYC0004112,CUS0004112,Tier2,Low,False,2024-03-23,2026-05-23,Rejected
KYC0004113,CUS0004113,Tier1,Low,False,2025-06-23,2027-09-12,Approved
KYC0004114,CUS0004114,Tier2,Low,False,2024-06-09,2027-12-15,Approved
KYC0004115,CUS0004115,Tier2,Low,False,2026-01-30,2026-11-04,Pending
KYC0004116,CUS0004116,Tier1,Low,False,2025-09-05,2027-07-05,Approved
KYC0004117,CUS0004117,Tier1,Low,False,2024-11-20,2027-05-09,Approved
KYC0004118,CUS0004118,Tier1,Low,False,2024-12-16,2026-12-26,Approved
KYC0004119,CUS0004119,Tier3,Low,False,2024-03-25,2027-10-07,Approved
KYC0004120,CUS0004120,Tier1,Low,False,2025-08-09,2026-12-07,Approved
KYC0004121,CUS0004121,Tier2,Low,False,2024-07-22,2027-09-19,Approved
KYC0004122,CUS0004122,Tier3,Medium,False,2026-01-26,2027-12-22,Approved
KYC0004123,CUS0004123,Tier2,Low,False,2025-05-11,2027-03-18,Approved
KYC0004124,CUS0004124,Tier2,Medium,False,2026-01-04,2026-10-19,Approved
KYC0004125,CUS0004125,Tier2,Low,False,2026-03-26,2027-05-24,Approved
KYC0004126,CUS0004126,Tier3,Low,False,2024-11-25,2027-05-09,Approved
KYC0004127,CUS0004127,Tier3,Low,False,2025-12-09,2027-06-18,Pending
KYC0004128,CUS0004128,Tier1,Low,False,2024-02-24,2027-02-18,Approved
KYC0004129,CUS0004129,Tier1,Medium,False,2026-04-11,2026-07-17,Approved
KYC0004130,CUS0004130,Tier1,High,False,2026-01-03,2027-08-08,Approved
KYC0004131,CUS0004131,Tier2,Medium,False,2025-11-08,2026-06-16,Approved
KYC0004132,CUS0004132,Tier1,Low,True,2024-11-10,2026-10-08,Approved
KYC0004133,CUS0004133,Tier1,Low,False,2025-07-26,2027-05-11,Approved
KYC0004134,CUS0004134,Tier1,Low,False,2024-09-12,2026-12-02,Approved
KYC0004135,CUS0004135,Tier3,Low,False,2024-01-29,2027-06-18,Approved
KYC0004136,CUS0004136,Tier1,Low,False,2024-04-22,2026-11-03,Approved
KYC0004137,CUS0004137,Tier2,High,False,2024-08-13,2026-05-05,Approved
KYC0004138,CUS0004138,Tier2,Low,False,2026-02-15,2026-11-05,Approved
KYC0004139,CUS0004139,Tier3,Low,False,2024-11-15,2027-12-09,Rejected
KYC0004140,CUS0004140,Tier1,Low,False,2026-04-29,2026-11-15,Approved
KYC0004141,CUS0004141,Tier1,Low,False,2025-11-25,2027-03-09,Approved
KYC0004142,CUS0004142,Tier1,Low,False,2024-03-20,2026-12-05,Approved
KYC0004143,CUS0004143,Tier2,Low,False,2024-07-30,2027-12-04,Approved
KYC0004144,CUS0004144,Tier2,Low,False,2024-12-12,2026-11-08,Approved
KYC0004145,CUS0004145,Tier1,Medium,False,2024-02-19,2027-03-05,Approved
KYC0004146,CUS0004146,Tier1,Low,False,2024-11-16,2027-06-02,Approved
KYC0004147,CUS0004147,Tier1,Low,False,2024-06-24,2026-08-05,Approved
KYC0004148,CUS0004148,Tier2,High,False,2024-12-30,2027-10-17,Approved
KYC0004149,CUS0004149,Tier3,Medium,False,2025-08-07,2027-01-14,Approved
KYC0004150,CUS0004150,Tier1,Low,False,2025-01-15,2027-05-31,Approved
KYC0004151,CUS0004151,Tier1,Low,False,2025-03-14,2026-10-24,Approved
KYC0004152,CUS0004152,Tier1,Medium,False,2025-09-13,2027-12-12,Approved
KYC0004153,CUS0004153,Tier1,Low,False,2026-01-20,2026-11-14,Approved
KYC0004154,CUS0004154,Tier1,Low,False,2026-02-02,2026-05-27,Approved
KYC0004155,CUS0004155,Tier2,Low,False,2025-02-15,2027-07-29,Approved
KYC0004156,CUS0004156,Tier2,Low,False,2025-12-15,2027-06-26,Approved
KYC0004157,CUS0004157,Tier2,Low,False,2025-07-21,2026-12-12,Pending
KYC0004158,CUS0004158,Tier2,Low,False,2025-07-28,2026-11-05,Approved
KYC0004159,CUS0004159,Tier1,Low,False,2025-12-18,2027-11-15,Approved
KYC0004160,CUS0004160,Tier1,Low,False,2024-10-01,2027-07-16,Approved
KYC0004161,CUS0004161,Tier2,Low,False,2025-07-31,2026-09-28,Approved
KYC0004162,CUS0004162,Tier3,Low,False,2025-04-05,2027-11-11,Approved
KYC0004163,CUS0004163,Tier2,High,False,2024-07-03,2027-08-07,Approved
KYC0004164,CUS0004164,Tier1,Low,False,2025-10-01,2027-03-01,Approved
KYC0004165,CUS0004165,Tier1,Medium,False,2025-03-16,2027-11-03,Approved
KYC0004166,CUS0004166,Tier2,Low,False,2025-05-28,2027-06-12,Approved
KYC0004167,CUS0004167,Tier3,Low,False,2026-04-23,2027-07-05,Approved
KYC0004168,CUS0004168,Tier1,High,False,2024-04-05,2026-08-26,Approved
KYC0004169,CUS0004169,Tier1,Low,False,2025-02-12,2027-06-17,Approved
KYC0004170,CUS0004170,Tier3,Medium,False,2024-01-23,2026-07-11,Approved
KYC0004171,CUS0004171,Tier3,Low,False,2024-04-03,2026-05-30,Approved
KYC0004172,CUS0004172,Tier2,Low,False,2024-06-16,2026-11-23,Approved
KYC0004173,CUS0004173,Tier2,Medium,False,2024-01-23,2027-03-10,Pending
KYC0004174,CUS0004174,Tier1,Medium,False,2024-04-07,2026-10-16,Approved
KYC0004175,CUS0004175,Tier2,Low,False,2024-08-12,2026-07-10,Approved
KYC0004176,CUS0004176,Tier1,Low,False,2025-02-07,2026-10-19,Approved
KYC0004177,CUS0004177,Tier1,Low,False,2026-01-07,2027-03-02,Approved
KYC0004178,CUS0004178,Tier1,High,False,2024-12-18,2027-04-26,Approved
KYC0004179,CUS0004179,Tier1,Low,False,2025-06-09,2027-10-15,Approved
KYC0004180,CUS0004180,Tier1,Medium,False,2025-05-23,2027-11-02,Approved
KYC0004181,CUS0004181,Tier1,Medium,False,2025-08-07,2027-12-05,Approved
KYC0004182,CUS0004182,Tier1,Medium,False,2026-01-23,2027-01-03,Approved
KYC0004183,CUS0004183,Tier2,Medium,False,2024-08-20,2027-08-23,Approved
KYC0004184,CUS0004184,Tier2,Medium,False,2025-07-06,2026-05-22,Approved
KYC0004185,CUS0004185,Tier2,Low,False,2025-08-14,2026-05-30,Approved
KYC0004186,CUS0004186,Tier1,Low,False,2025-02-27,2027-10-09,Approved
KYC0004187,CUS0004187,Tier2,Low,False,2025-10-20,2027-06-26,Approved
KYC0004188,CUS0004188,Tier2,Medium,False,2025-10-07,2026-07-12,Approved
KYC0004189,CUS0004189,Tier1,Low,False,2024-02-29,2026-11-30,Approved
KYC0004190,CUS0004190,Tier3,Low,False,2026-01-08,2027-11-25,Approved
KYC0004191,CUS0004191,Tier1,Low,False,2025-09-12,2027-08-23,Approved
KYC0004192,CUS0004192,Tier1,Low,False,2025-06-13,2027-04-03,Approved
KYC0004193,CUS0004193,Tier2,Low,False,2024-01-04,2027-11-16,Approved
KYC0004194,CUS0004194,Tier2,Low,False,2024-08-16,2026-09-08,Approved
KYC0004195,CUS0004195,Tier3,High,False,2025-07-20,2027-02-17,Pending
KYC0004196,CUS0004196,Tier2,High,False,2024-10-12,2027-07-01,Approved
KYC0004197,CUS0004197,Tier1,Low,False,2024-03-03,2026-12-03,Approved
KYC0004198,CUS0004198,Tier2,Low,False,2025-04-20,2026-05-12,Approved
KYC0004199,CUS0004199,Tier1,Low,False,2025-04-23,2027-06-25,Approved
KYC0004200,CUS0004200,Tier1,Low,False,2024-01-03,2027-07-31,Approved
KYC0004201,CUS0004201,Tier1,Medium,False,2026-04-09,2026-09-12,Approved
KYC0004202,CUS0004202,Tier1,Low,False,2024-11-18,2026-06-13,Approved
KYC0004203,CUS0004203,Tier1,Medium,False,2024-11-02,2027-02-20,Approved
KYC0004204,CUS0004204,Tier1,Medium,False,2025-08-06,2027-04-11,Approved
KYC0004205,CUS0004205,Tier1,Medium,False,2025-09-17,2026-07-28,Rejected
KYC0004206,CUS0004206,Tier2,Low,False,2025-08-03,2027-04-18,Pending
KYC0004207,CUS0004207,Tier2,Medium,False,2024-08-12,2027-05-26,Approved
KYC0004208,CUS0004208,Tier1,Low,False,2026-03-22,2027-05-30,Approved
KYC0004209,CUS0004209,Tier2,Low,False,2025-01-16,2026-10-19,Approved
KYC0004210,CUS0004210,Tier2,Medium,False,2025-06-11,2026-12-01,Approved
KYC0004211,CUS0004211,Tier3,High,False,2024-01-31,2026-05-09,Approved
KYC0004212,CUS0004212,Tier2,Low,False,2025-02-13,2026-08-15,Approved
KYC0004213,CUS0004213,Tier2,Low,False,2025-04-28,2027-01-22,Approved
KYC0004214,CUS0004214,Tier2,Low,False,2024-09-29,2027-07-27,Approved
KYC0004215,CUS0004215,Tier1,Medium,False,2026-03-17,2027-12-19,Approved
KYC0004216,CUS0004216,Tier1,Medium,False,2026-03-20,2027-03-31,Approved
KYC0004217,CUS0004217,Tier1,High,False,2025-01-15,2026-12-07,Approved
KYC0004218,CUS0004218,Tier2,Medium,False,2026-01-01,2027-11-01,Approved
KYC0004219,CUS0004219,Tier1,Low,False,2024-07-11,2026-12-04,Approved
KYC0004220,CUS0004220,Tier2,Low,False,2026-02-12,2026-05-29,Approved
KYC0004221,CUS0004221,Tier1,Low,False,2024-03-11,2027-02-04,Approved
KYC0004222,CUS0004222,Tier1,Low,False,2024-09-12,2027-07-13,Approved
KYC0004223,CUS0004223,Tier2,Medium,False,2025-07-15,2027-11-29,Approved
KYC0004224,CUS0004224,Tier1,Low,False,2024-12-24,2027-11-21,Approved
KYC0004225,CUS0004225,Tier1,Low,False,2025-11-11,2026-10-23,Approved
KYC0004226,CUS0004226,Tier1,Medium,False,2024-08-15,2026-05-16,Approved
KYC0004227,CUS0004227,Tier1,Medium,False,2024-10-14,2027-10-02,Rejected
KYC0004228,CUS0004228,Tier1,Low,False,2024-06-13,2027-07-21,Approved
KYC0004229,CUS0004229,Tier1,Medium,False,2024-02-07,2027-11-04,Approved
KYC0004230,CUS0004230,Tier1,Low,False,2025-12-03,2026-11-22,Approved
KYC0004231,CUS0004231,Tier1,Low,False,2024-11-28,2026-05-09,Approved
KYC0004232,CUS0004232,Tier2,Low,False,2024-08-21,2027-05-13,Approved
KYC0004233,CUS0004233,Tier3,Medium,False,2024-12-31,2027-02-22,Approved
KYC0004234,CUS0004234,Tier3,Low,False,2025-10-05,2027-09-30,Approved
KYC0004235,CUS0004235,Tier1,Low,False,2025-06-21,2027-04-11,Approved
KYC0004236,CUS0004236,Tier2,Medium,False,2025-12-06,2027-05-16,Approved
KYC0004237,CUS0004237,Tier2,High,False,2025-01-15,2026-10-11,Approved
KYC0004238,CUS0004238,Tier1,Medium,False,2024-01-07,2027-09-25,Approved
KYC0004239,CUS0004239,Tier2,Low,False,2024-03-20,2027-05-09,Approved
KYC0004240,CUS0004240,Tier2,Low,False,2024-06-27,2027-12-01,Approved
KYC0004241,CUS0004241,Tier1,High,False,2024-11-01,2027-09-17,Approved
KYC0004242,CUS0004242,Tier2,Low,False,2025-11-24,2027-06-23,Approved
KYC0004243,CUS0004243,Tier1,Low,False,2024-02-11,2027-07-17,Approved
KYC0004244,CUS0004244,Tier1,Low,False,2025-11-17,2027-03-07,Approved
KYC0004245,CUS0004245,Tier2,Low,False,2024-10-19,2027-12-16,Approved
KYC0004246,CUS0004246,Tier2,Medium,False,2026-01-17,2027-07-27,Approved
KYC0004247,CUS0004247,Tier2,Medium,False,2024-03-27,2027-12-30,Approved
KYC0004248,CUS0004248,Tier1,Low,False,2024-07-03,2026-10-19,Approved
KYC0004249,CUS0004249,Tier2,Low,False,2024-05-18,2026-12-06,Approved
KYC0004250,CUS0004250,Tier1,Low,False,2025-09-05,2027-06-22,Approved
KYC0004251,CUS0004251,Tier2,Low,False,2025-07-17,2026-11-09,Approved
KYC0004252,CUS0004252,Tier1,Medium,True,2026-02-23,2026-08-01,Pending
KYC0004253,CUS0004253,Tier1,Low,False,2024-11-20,2026-09-05,Pending
KYC0004254,CUS0004254,Tier2,Low,False,2026-02-21,2027-03-22,Approved
KYC0004255,CUS0004255,Tier1,Low,False,2026-04-07,2027-04-25,Approved
KYC0004256,CUS0004256,Tier2,Low,False,2025-10-01,2027-01-30,Approved
KYC0004257,CUS0004257,Tier2,Medium,False,2024-06-02,2026-05-07,Approved
KYC0004258,CUS0004258,Tier2,Low,False,2024-03-11,2026-12-21,Approved
KYC0004259,CUS0004259,Tier2,Low,False,2025-05-14,2026-07-22,Approved
KYC0004260,CUS0004260,Tier3,Low,False,2024-03-14,2026-07-17,Approved
KYC0004261,CUS0004261,Tier2,Medium,False,2024-02-11,2027-08-08,Approved
KYC0004262,CUS0004262,Tier2,Medium,False,2025-05-30,2027-09-24,Approved
KYC0004263,CUS0004263,Tier1,Medium,False,2025-10-24,2027-09-22,Approved
KYC0004264,CUS0004264,Tier2,Low,False,2024-05-20,2027-01-25,Approved
KYC0004265,CUS0004265,Tier3,Low,False,2026-02-05,2027-07-03,Approved
KYC0004266,CUS0004266,Tier3,Medium,False,2025-08-10,2026-10-23,Approved
KYC0004267,CUS0004267,Tier1,Low,False,2025-01-10,2027-01-30,Approved
KYC0004268,CUS0004268,Tier1,Low,False,2025-10-22,2026-12-19,Approved
KYC0004269,CUS0004269,Tier1,Medium,False,2025-01-22,2027-09-23,Approved
KYC0004270,CUS0004270,Tier1,Low,False,2024-12-16,2027-10-22,Approved
KYC0004271,CUS0004271,Tier2,Medium,False,2024-12-11,2027-12-07,Approved
KYC0004272,CUS0004272,Tier2,Medium,False,2026-02-18,2027-06-25,Approved
KYC0004273,CUS0004273,Tier3,Low,False,2025-01-18,2027-12-30,Approved
KYC0004274,CUS0004274,Tier2,Medium,False,2025-12-21,2026-05-29,Approved
KYC0004275,CUS0004275,Tier1,Low,False,2024-12-07,2027-03-02,Approved
KYC0004276,CUS0004276,Tier1,Low,False,2024-08-26,2026-10-23,Approved
KYC0004277,CUS0004277,Tier1,Low,False,2025-06-06,2027-07-21,Approved
KYC0004278,CUS0004278,Tier2,Medium,False,2025-03-23,2027-03-10,Approved
KYC0004279,CUS0004279,Tier1,Low,False,2024-08-24,2027-11-16,Approved
KYC0004280,CUS0004280,Tier1,Low,False,2025-12-29,2026-05-20,Pending
KYC0004281,CUS0004281,Tier1,Medium,False,2026-04-27,2026-08-20,Approved
KYC0004282,CUS0004282,Tier2,Medium,False,2024-11-24,2026-08-10,Approved
KYC0004283,CUS0004283,Tier2,High,False,2025-01-16,2027-05-30,Approved
KYC0004284,CUS0004284,Tier2,Low,False,2024-12-05,2026-08-29,Approved
KYC0004285,CUS0004285,Tier2,Low,False,2024-09-19,2026-05-08,Approved
KYC0004286,CUS0004286,Tier2,Low,False,2025-02-12,2027-11-18,Approved
KYC0004287,CUS0004287,Tier1,Low,False,2025-09-22,2027-09-06,Approved
KYC0004288,CUS0004288,Tier1,Low,False,2025-07-20,2027-04-05,Pending
KYC0004289,CUS0004289,Tier1,Low,False,2024-05-15,2026-12-28,Approved
KYC0004290,CUS0004290,Tier2,Low,False,2025-03-06,2026-10-11,Approved
KYC0004291,CUS0004291,Tier1,Low,False,2025-08-22,2026-09-12,Approved
KYC0004292,CUS0004292,Tier2,Low,False,2026-02-22,2026-11-25,Approved
KYC0004293,CUS0004293,Tier2,Low,False,2024-01-21,2027-03-29,Approved
KYC0004294,CUS0004294,Tier3,Low,False,2024-10-12,2027-10-23,Approved
KYC0004295,CUS0004295,Tier2,High,False,2024-05-06,2027-04-12,Rejected
KYC0004296,CUS0004296,Tier1,Medium,False,2026-02-13,2027-06-09,Approved
KYC0004297,CUS0004297,Tier2,Medium,False,2026-01-15,2026-05-23,Approved
KYC0004298,CUS0004298,Tier1,Low,False,2025-06-19,2026-12-09,Approved
KYC0004299,CUS0004299,Tier2,Low,False,2025-06-19,2027-06-05,Approved
KYC0004300,CUS0004300,Tier2,Low,False,2025-09-08,2026-10-25,Approved
KYC0004301,CUS0004301,Tier1,Medium,False,2025-06-05,2027-08-09,Approved
KYC0004302,CUS0004302,Tier1,Low,False,2024-06-08,2027-05-28,Approved
KYC0004303,CUS0004303,Tier2,Medium,False,2024-08-26,2026-11-27,Approved
KYC0004304,CUS0004304,Tier1,High,False,2025-03-05,2027-07-27,Approved
KYC0004305,CUS0004305,Tier1,Medium,False,2025-04-08,2026-10-25,Approved
KYC0004306,CUS0004306,Tier1,Low,False,2025-07-22,2027-03-08,Approved
KYC0004307,CUS0004307,Tier1,Low,False,2024-03-30,2027-09-11,Approved
KYC0004308,CUS0004308,Tier1,Low,False,2025-09-08,2027-12-03,Approved
KYC0004309,CUS0004309,Tier1,Low,False,2026-02-12,2027-07-31,Pending
KYC0004310,CUS0004310,Tier1,Low,False,2025-10-10,2027-06-20,Approved
KYC0004311,CUS0004311,Tier1,Low,False,2025-01-27,2027-05-04,Approved
KYC0004312,CUS0004312,Tier1,High,False,2025-08-30,2026-12-01,Approved
KYC0004313,CUS0004313,Tier1,Medium,False,2024-04-10,2027-05-06,Approved
KYC0004314,CUS0004314,Tier2,Low,False,2024-02-16,2027-03-20,Approved
KYC0004315,CUS0004315,Tier2,Low,False,2024-03-01,2027-12-28,Approved
KYC0004316,CUS0004316,Tier2,Medium,False,2024-09-22,2027-07-10,Approved
KYC0004317,CUS0004317,Tier1,Low,False,2024-07-17,2026-09-30,Approved
KYC0004318,CUS0004318,Tier1,Low,False,2024-07-30,2026-07-24,Approved
KYC0004319,CUS0004319,Tier1,Low,False,2024-12-23,2027-04-18,Approved
KYC0004320,CUS0004320,Tier3,Low,False,2025-04-27,2026-11-04,Approved
KYC0004321,CUS0004321,Tier1,Medium,False,2025-09-05,2026-09-18,Approved
KYC0004322,CUS0004322,Tier2,Low,False,2024-09-18,2027-06-07,Approved
KYC0004323,CUS0004323,Tier2,Medium,False,2025-09-03,2026-12-02,Approved
KYC0004324,CUS0004324,Tier2,Low,False,2024-07-27,2026-09-04,Approved
KYC0004325,CUS0004325,Tier1,Low,False,2025-05-22,2027-04-08,Approved
KYC0004326,CUS0004326,Tier1,Low,False,2024-06-07,2027-02-09,Pending
KYC0004327,CUS0004327,Tier3,Low,False,2025-12-30,2027-07-11,Approved
KYC0004328,CUS0004328,Tier1,Low,False,2024-03-16,2027-09-20,Approved
KYC0004329,CUS0004329,Tier1,Low,False,2024-03-07,2026-10-24,Approved
KYC0004330,CUS0004330,Tier1,Low,False,2024-04-07,2027-08-02,Pending
KYC0004331,CUS0004331,Tier2,Low,False,2024-03-09,2027-05-10,Approved
KYC0004332,CUS0004332,Tier1,Medium,False,2025-02-19,2027-10-29,Approved
KYC0004333,CUS0004333,Tier1,Medium,False,2024-11-23,2027-09-17,Approved
KYC0004334,CUS0004334,Tier1,Low,False,2025-09-03,2027-02-03,Approved
KYC0004335,CUS0004335,Tier1,Medium,False,2025-06-07,2026-08-23,Approved
KYC0004336,CUS0004336,Tier2,Low,False,2024-08-01,2027-12-14,Approved
KYC0004337,CUS0004337,Tier2,Medium,False,2026-04-03,2027-08-27,Approved
KYC0004338,CUS0004338,Tier2,Low,False,2025-06-18,2026-08-27,Approved
KYC0004339,CUS0004339,Tier1,Low,False,2024-04-28,2027-12-25,Approved
KYC0004340,CUS0004340,Tier2,Low,False,2024-09-19,2027-06-01,Approved
KYC0004341,CUS0004341,Tier2,Low,False,2025-09-26,2027-02-08,Approved
KYC0004342,CUS0004342,Tier3,Low,False,2025-03-30,2027-10-09,Approved
KYC0004343,CUS0004343,Tier1,Low,False,2026-04-03,2027-05-14,Approved
KYC0004344,CUS0004344,Tier2,High,False,2024-12-08,2026-05-29,Approved
KYC0004345,CUS0004345,Tier2,Medium,False,2024-09-15,2026-12-05,Approved
KYC0004346,CUS0004346,Tier1,Low,False,2024-05-09,2027-02-09,Approved
KYC0004347,CUS0004347,Tier2,Low,False,2025-06-16,2026-08-03,Approved
KYC0004348,CUS0004348,Tier1,High,False,2025-02-04,2027-10-25,Approved
KYC0004349,CUS0004349,Tier1,High,False,2024-12-10,2026-07-23,Approved
KYC0004350,CUS0004350,Tier3,Low,False,2024-04-28,2027-09-10,Approved
KYC0004351,CUS0004351,Tier1,Medium,False,2025-09-27,2026-12-25,Approved
KYC0004352,CUS0004352,Tier1,Low,False,2025-05-14,2026-05-08,Approved
KYC0004353,CUS0004353,Tier2,Medium,False,2024-04-04,2027-10-08,Approved
KYC0004354,CUS0004354,Tier1,Low,False,2024-08-10,2027-02-13,Approved
KYC0004355,CUS0004355,Tier2,Medium,False,2025-03-13,2027-03-30,Approved
KYC0004356,CUS0004356,Tier1,Medium,False,2025-09-12,2026-05-12,Approved
KYC0004357,CUS0004357,Tier2,Low,False,2026-02-02,2026-07-19,Approved
KYC0004358,CUS0004358,Tier2,Low,False,2026-04-22,2027-06-12,Approved
KYC0004359,CUS0004359,Tier1,Low,False,2024-01-21,2027-08-30,Approved
KYC0004360,CUS0004360,Tier3,Low,False,2024-07-18,2027-12-17,Approved
KYC0004361,CUS0004361,Tier1,Low,False,2024-08-21,2026-11-27,Approved
KYC0004362,CUS0004362,Tier2,High,False,2025-10-25,2027-08-29,Approved
KYC0004363,CUS0004363,Tier1,Medium,False,2026-01-05,2027-08-24,Approved
KYC0004364,CUS0004364,Tier1,Low,False,2025-07-15,2027-01-23,Approved
KYC0004365,CUS0004365,Tier2,Low,False,2024-12-07,2027-03-04,Approved
KYC0004366,CUS0004366,Tier2,Low,False,2024-07-14,2026-11-16,Approved
KYC0004367,CUS0004367,Tier1,Low,False,2025-03-24,2027-10-27,Approved
KYC0004368,CUS0004368,Tier3,Low,False,2025-10-18,2027-07-02,Approved
KYC0004369,CUS0004369,Tier2,High,False,2024-04-20,2026-07-31,Approved
KYC0004370,CUS0004370,Tier1,Low,False,2025-04-12,2027-01-18,Pending
KYC0004371,CUS0004371,Tier2,Medium,False,2025-11-22,2026-05-18,Approved
KYC0004372,CUS0004372,Tier1,Low,False,2024-04-13,2027-10-04,Approved
KYC0004373,CUS0004373,Tier1,Medium,False,2024-07-19,2027-12-25,Approved
KYC0004374,CUS0004374,Tier3,Low,False,2025-02-27,2026-11-27,Approved
KYC0004375,CUS0004375,Tier2,Low,False,2025-08-19,2027-04-30,Approved
KYC0004376,CUS0004376,Tier1,Medium,False,2026-01-18,2027-10-24,Approved
KYC0004377,CUS0004377,Tier2,Low,False,2026-04-08,2026-09-03,Approved
KYC0004378,CUS0004378,Tier1,Low,False,2024-11-15,2027-10-23,Approved
KYC0004379,CUS0004379,Tier1,Medium,False,2025-01-18,2026-07-04,Approved
KYC0004380,CUS0004380,Tier1,Low,False,2025-11-06,2027-11-06,Approved
KYC0004381,CUS0004381,Tier1,Low,False,2024-10-18,2027-09-07,Approved
KYC0004382,CUS0004382,Tier2,High,False,2025-11-24,2027-09-24,Approved
KYC0004383,CUS0004383,Tier1,Low,False,2026-02-09,2027-05-21,Approved
KYC0004384,CUS0004384,Tier1,Medium,False,2025-12-23,2027-03-27,Approved
KYC0004385,CUS0004385,Tier1,Low,False,2025-07-20,2026-10-13,Pending
KYC0004386,CUS0004386,Tier2,Medium,False,2026-03-02,2027-03-14,Approved
KYC0004387,CUS0004387,Tier1,Low,False,2025-05-05,2027-02-21,Approved
KYC0004388,CUS0004388,Tier2,Low,False,2026-01-17,2027-03-28,Approved
KYC0004389,CUS0004389,Tier1,Low,False,2026-03-29,2026-09-06,Approved
KYC0004390,CUS0004390,Tier3,Medium,False,2025-06-19,2027-11-14,Approved
KYC0004391,CUS0004391,Tier1,Medium,False,2025-11-20,2027-10-20,Approved
KYC0004392,CUS0004392,Tier2,Low,False,2024-07-28,2027-09-12,Approved
KYC0004393,CUS0004393,Tier1,Low,False,2024-05-09,2026-07-09,Approved
KYC0004394,CUS0004394,Tier1,Low,False,2024-10-08,2026-11-27,Approved
KYC0004395,CUS0004395,Tier1,Low,False,2024-03-02,2027-10-15,Approved
KYC0004396,CUS0004396,Tier1,Low,False,2026-01-26,2027-10-22,Approved
KYC0004397,CUS0004397,Tier1,Medium,False,2024-10-04,2026-11-04,Approved
KYC0004398,CUS0004398,Tier1,Medium,False,2025-04-08,2027-01-21,Approved
KYC0004399,CUS0004399,Tier2,Medium,False,2025-03-26,2027-04-22,Approved
KYC0004400,CUS0004400,Tier1,Low,False,2024-08-28,2026-11-18,Approved
KYC0004401,CUS0004401,Tier1,Low,False,2024-12-18,2026-10-03,Approved
KYC0004402,CUS0004402,Tier2,Low,False,2025-05-28,2027-02-16,Approved
KYC0004403,CUS0004403,Tier1,Low,False,2024-11-08,2027-03-27,Pending
KYC0004404,CUS0004404,Tier1,Low,False,2026-01-10,2027-10-30,Approved
KYC0004405,CUS0004405,Tier1,Low,False,2026-03-16,2027-09-05,Approved
KYC0004406,CUS0004406,Tier2,Low,False,2025-06-14,2027-03-17,Approved
KYC0004407,CUS0004407,Tier1,Low,False,2026-04-04,2026-05-22,Approved
KYC0004408,CUS0004408,Tier2,Low,False,2026-02-13,2027-03-26,Approved
KYC0004409,CUS0004409,Tier1,High,False,2025-09-10,2026-09-04,Approved
KYC0004410,CUS0004410,Tier1,Medium,False,2024-12-01,2027-12-07,Approved
KYC0004411,CUS0004411,Tier1,Low,False,2025-08-29,2027-02-08,Approved
KYC0004412,CUS0004412,Tier1,Low,False,2025-02-04,2026-06-24,Approved
KYC0004413,CUS0004413,Tier3,Medium,False,2025-07-07,2026-09-29,Approved
KYC0004414,CUS0004414,Tier1,Medium,False,2025-07-02,2027-02-24,Approved
KYC0004415,CUS0004415,Tier1,Low,False,2024-06-15,2026-09-11,Approved
KYC0004416,CUS0004416,Tier2,Low,False,2025-03-26,2027-07-12,Approved
KYC0004417,CUS0004417,Tier2,Low,False,2025-02-13,2026-07-08,Approved
KYC0004418,CUS0004418,Tier2,Low,False,2024-04-09,2026-09-06,Approved
KYC0004419,CUS0004419,Tier3,Medium,False,2024-02-21,2027-10-11,Approved
KYC0004420,CUS0004420,Tier1,Medium,False,2026-01-23,2027-04-25,Approved
KYC0004421,CUS0004421,Tier1,High,False,2026-01-22,2026-09-10,Approved
KYC0004422,CUS0004422,Tier1,Medium,False,2025-02-24,2026-06-13,Approved
KYC0004423,CUS0004423,Tier1,High,False,2024-09-13,2027-08-09,Approved
KYC0004424,CUS0004424,Tier2,Medium,False,2025-09-24,2027-11-04,Approved
KYC0004425,CUS0004425,Tier2,Low,False,2024-09-17,2026-09-09,Approved
KYC0004426,CUS0004426,Tier2,Medium,False,2024-10-26,2026-10-12,Approved
KYC0004427,CUS0004427,Tier2,High,False,2025-01-04,2026-11-13,Approved
KYC0004428,CUS0004428,Tier2,Low,False,2024-01-20,2027-01-29,Approved
KYC0004429,CUS0004429,Tier1,Low,False,2025-09-21,2027-05-10,Approved
KYC0004430,CUS0004430,Tier1,Low,False,2024-05-19,2027-05-25,Approved
KYC0004431,CUS0004431,Tier1,Medium,False,2024-11-06,2026-06-11,Approved
KYC0004432,CUS0004432,Tier2,Medium,False,2024-03-21,2027-10-21,Pending
KYC0004433,CUS0004433,Tier1,Low,False,2024-07-29,2026-10-12,Approved
KYC0004434,CUS0004434,Tier1,Low,False,2024-08-02,2027-03-26,Approved
KYC0004435,CUS0004435,Tier2,Low,False,2025-05-07,2027-09-18,Approved
KYC0004436,CUS0004436,Tier1,Medium,False,2024-10-23,2026-07-28,Approved
KYC0004437,CUS0004437,Tier1,Low,False,2025-07-16,2026-09-24,Approved
KYC0004438,CUS0004438,Tier1,Low,False,2026-04-02,2026-08-17,Approved
KYC0004439,CUS0004439,Tier2,Low,False,2025-08-27,2027-06-11,Approved
KYC0004440,CUS0004440,Tier2,Low,False,2026-04-16,2027-07-03,Approved
KYC0004441,CUS0004441,Tier1,High,False,2026-03-22,2027-09-12,Approved
KYC0004442,CUS0004442,Tier2,Low,False,2025-12-21,2026-10-13,Approved
KYC0004443,CUS0004443,Tier1,Low,False,2026-03-01,2027-10-15,Approved
KYC0004444,CUS0004444,Tier1,Low,False,2024-03-19,2027-11-28,Approved
KYC0004445,CUS0004445,Tier2,Low,False,2024-12-25,2026-06-17,Approved
KYC0004446,CUS0004446,Tier1,Low,False,2024-11-24,2027-06-13,Approved
KYC0004447,CUS0004447,Tier1,Low,False,2024-11-06,2027-10-20,Approved
KYC0004448,CUS0004448,Tier1,Low,False,2025-03-15,2026-07-18,Approved
KYC0004449,CUS0004449,Tier2,Low,False,2024-09-11,2026-10-28,Approved
KYC0004450,CUS0004450,Tier1,Low,False,2025-04-03,2026-07-14,Pending
KYC0004451,CUS0004451,Tier1,Medium,False,2024-08-20,2027-04-20,Approved
KYC0004452,CUS0004452,Tier3,Low,False,2025-11-17,2026-12-08,Approved
KYC0004453,CUS0004453,Tier1,Low,False,2025-02-23,2027-08-01,Rejected
KYC0004454,CUS0004454,Tier2,High,False,2024-10-29,2027-02-07,Approved
KYC0004455,CUS0004455,Tier2,Low,False,2025-10-08,2027-07-25,Approved
KYC0004456,CUS0004456,Tier2,Medium,False,2025-10-10,2027-01-01,Approved
KYC0004457,CUS0004457,Tier2,Low,False,2025-02-19,2026-05-29,Approved
KYC0004458,CUS0004458,Tier2,Low,False,2025-04-18,2026-09-23,Approved
KYC0004459,CUS0004459,Tier2,Medium,False,2025-06-10,2026-11-28,Approved
KYC0004460,CUS0004460,Tier2,Low,False,2025-07-09,2027-11-12,Approved
KYC0004461,CUS0004461,Tier1,Low,False,2024-02-22,2026-05-04,Rejected
KYC0004462,CUS0004462,Tier3,Low,False,2025-10-02,2026-06-27,Approved
KYC0004463,CUS0004463,Tier3,Medium,False,2026-03-24,2026-09-04,Approved
KYC0004464,CUS0004464,Tier2,Low,False,2025-03-15,2027-01-28,Approved
KYC0004465,CUS0004465,Tier1,Low,False,2025-12-29,2026-08-08,Approved
KYC0004466,CUS0004466,Tier1,Low,False,2024-05-15,2027-09-17,Approved
KYC0004467,CUS0004467,Tier1,Low,False,2025-06-20,2027-12-04,Approved
KYC0004468,CUS0004468,Tier2,Medium,False,2025-02-23,2027-02-21,Approved
KYC0004469,CUS0004469,Tier2,Low,False,2025-08-01,2027-12-06,Approved
KYC0004470,CUS0004470,Tier1,Low,False,2025-10-24,2026-10-04,Approved
KYC0004471,CUS0004471,Tier2,Low,False,2024-10-22,2026-06-20,Approved
KYC0004472,CUS0004472,Tier3,Low,False,2025-02-28,2026-05-20,Pending
KYC0004473,CUS0004473,Tier2,Medium,False,2024-10-13,2027-03-06,Approved
KYC0004474,CUS0004474,Tier3,Low,False,2024-06-11,2027-07-12,Approved
KYC0004475,CUS0004475,Tier1,High,False,2025-12-23,2026-06-13,Approved
KYC0004476,CUS0004476,Tier1,Medium,False,2024-02-02,2027-05-17,Approved
KYC0004477,CUS0004477,Tier3,Low,False,2026-01-06,2027-07-19,Approved
KYC0004478,CUS0004478,Tier2,Low,False,2025-05-04,2026-06-22,Approved
KYC0004479,CUS0004479,Tier1,Medium,False,2025-08-09,2026-11-26,Approved
KYC0004480,CUS0004480,Tier2,Low,False,2025-11-28,2027-01-12,Approved
KYC0004481,CUS0004481,Tier1,Low,False,2025-07-28,2027-11-16,Approved
KYC0004482,CUS0004482,Tier1,Medium,False,2025-07-23,2027-02-09,Approved
KYC0004483,CUS0004483,Tier1,Medium,False,2024-01-25,2026-10-06,Approved
KYC0004484,CUS0004484,Tier1,Medium,False,2024-06-30,2026-08-29,Approved
KYC0004485,CUS0004485,Tier2,Low,False,2025-01-15,2026-11-01,Approved
KYC0004486,CUS0004486,Tier1,Low,False,2024-10-11,2027-09-11,Approved
KYC0004487,CUS0004487,Tier1,Low,False,2024-04-11,2027-05-24,Approved
KYC0004488,CUS0004488,Tier1,Low,False,2025-08-12,2027-01-25,Approved
KYC0004489,CUS0004489,Tier2,Low,False,2024-10-07,2027-11-17,Approved
KYC0004490,CUS0004490,Tier1,Low,False,2025-09-11,2027-10-10,Approved
KYC0004491,CUS0004491,Tier2,Low,False,2024-12-29,2027-08-14,Approved
KYC0004492,CUS0004492,Tier2,Low,False,2024-08-17,2027-03-12,Approved
KYC0004493,CUS0004493,Tier1,Medium,False,2025-08-13,2026-05-26,Approved
KYC0004494,CUS0004494,Tier1,High,False,2024-07-01,2027-12-03,Approved
KYC0004495,CUS0004495,Tier2,High,False,2024-02-28,2027-04-16,Approved
KYC0004496,CUS0004496,Tier2,Low,False,2025-07-02,2027-02-15,Approved
KYC0004497,CUS0004497,Tier1,Low,False,2024-11-30,2026-11-20,Approved
KYC0004498,CUS0004498,Tier1,Low,False,2024-06-29,2027-05-24,Approved
KYC0004499,CUS0004499,Tier2,Low,False,2025-02-26,2026-12-07,Approved
KYC0004500,CUS0004500,Tier2,Medium,False,2024-12-12,2027-11-13,Approved
KYC0004501,CUS0004501,Tier2,Medium,False,2025-05-16,2027-08-12,Approved
KYC0004502,CUS0004502,Tier2,Low,False,2025-12-07,2027-04-30,Approved
KYC0004503,CUS0004503,Tier2,Low,False,2026-04-02,2027-02-21,Approved
KYC0004504,CUS0004504,Tier1,Low,False,2024-10-31,2027-08-11,Approved
KYC0004505,CUS0004505,Tier1,Low,False,2026-03-17,2026-10-28,Approved
KYC0004506,CUS0004506,Tier1,Medium,False,2024-11-10,2027-06-01,Approved
KYC0004507,CUS0004507,Tier1,Low,False,2025-02-15,2026-10-19,Approved
KYC0004508,CUS0004508,Tier1,Medium,False,2024-10-03,2027-04-23,Approved
KYC0004509,CUS0004509,Tier2,Low,False,2025-03-26,2027-06-13,Approved
KYC0004510,CUS0004510,Tier1,Medium,False,2026-03-10,2027-02-26,Approved
KYC0004511,CUS0004511,Tier3,Low,False,2026-03-22,2027-09-03,Approved
KYC0004512,CUS0004512,Tier3,Low,False,2024-07-06,2027-09-03,Approved
KYC0004513,CUS0004513,Tier1,Medium,False,2024-05-11,2027-04-23,Approved
KYC0004514,CUS0004514,Tier1,Low,False,2025-03-29,2026-05-21,Approved
KYC0004515,CUS0004515,Tier1,Medium,False,2025-06-04,2026-10-29,Approved
KYC0004516,CUS0004516,Tier1,Low,False,2026-01-09,2027-10-15,Approved
KYC0004517,CUS0004517,Tier1,Low,False,2024-02-11,2027-08-01,Approved
KYC0004518,CUS0004518,Tier1,Low,False,2024-12-03,2027-09-06,Approved
KYC0004519,CUS0004519,Tier1,Low,False,2025-07-07,2026-07-05,Approved
KYC0004520,CUS0004520,Tier1,Medium,False,2024-04-18,2027-05-25,Approved
KYC0004521,CUS0004521,Tier2,Low,False,2025-05-01,2027-12-17,Approved
KYC0004522,CUS0004522,Tier2,Medium,False,2024-02-24,2027-10-05,Approved
KYC0004523,CUS0004523,Tier3,Low,False,2025-07-26,2027-03-08,Approved
KYC0004524,CUS0004524,Tier2,Low,False,2025-03-03,2027-03-29,Approved
KYC0004525,CUS0004525,Tier1,Low,False,2025-07-22,2027-10-05,Approved
KYC0004526,CUS0004526,Tier1,Medium,False,2024-10-24,2027-08-29,Approved
KYC0004527,CUS0004527,Tier1,Low,False,2025-07-31,2026-05-19,Approved
KYC0004528,CUS0004528,Tier1,Low,False,2024-11-30,2027-07-18,Approved
KYC0004529,CUS0004529,Tier2,Low,False,2025-06-03,2027-02-14,Approved
KYC0004530,CUS0004530,Tier2,Medium,False,2025-03-04,2026-06-23,Approved
KYC0004531,CUS0004531,Tier3,Low,False,2024-05-17,2026-10-05,Approved
KYC0004532,CUS0004532,Tier1,Medium,False,2024-05-30,2026-09-25,Rejected
KYC0004533,CUS0004533,Tier1,Low,False,2024-01-13,2027-02-08,Approved
KYC0004534,CUS0004534,Tier2,Low,False,2025-03-18,2027-01-23,Approved
KYC0004535,CUS0004535,Tier1,Low,False,2025-08-26,2026-09-27,Approved
KYC0004536,CUS0004536,Tier1,Low,False,2024-05-31,2026-11-09,Approved
KYC0004537,CUS0004537,Tier1,Low,False,2024-04-03,2027-08-24,Approved
KYC0004538,CUS0004538,Tier3,Low,False,2024-03-08,2026-07-01,Approved
KYC0004539,CUS0004539,Tier1,Low,False,2025-02-26,2027-10-13,Approved
KYC0004540,CUS0004540,Tier2,Low,False,2024-01-14,2027-10-31,Approved
KYC0004541,CUS0004541,Tier1,Low,False,2025-08-02,2026-06-05,Approved
KYC0004542,CUS0004542,Tier2,Low,False,2024-06-05,2027-07-29,Approved
KYC0004543,CUS0004543,Tier1,Medium,False,2024-10-13,2027-06-07,Approved
KYC0004544,CUS0004544,Tier1,Low,False,2025-01-12,2027-12-16,Approved
KYC0004545,CUS0004545,Tier2,Medium,False,2024-06-23,2027-10-27,Approved
KYC0004546,CUS0004546,Tier1,High,False,2026-03-21,2026-10-27,Approved
KYC0004547,CUS0004547,Tier1,Medium,False,2024-06-01,2027-03-31,Approved
KYC0004548,CUS0004548,Tier2,Low,False,2026-03-21,2027-12-01,Approved
KYC0004549,CUS0004549,Tier1,Medium,False,2024-03-01,2027-09-30,Approved
KYC0004550,CUS0004550,Tier2,Low,False,2025-04-01,2027-02-28,Approved
KYC0004551,CUS0004551,Tier2,Medium,False,2024-06-22,2027-04-06,Approved
KYC0004552,CUS0004552,Tier2,Medium,False,2024-03-05,2027-10-05,Approved
KYC0004553,CUS0004553,Tier1,Low,False,2024-02-01,2027-12-03,Approved
KYC0004554,CUS0004554,Tier2,Low,False,2026-04-11,2026-12-21,Approved
KYC0004555,CUS0004555,Tier1,Low,False,2025-05-17,2027-11-13,Approved
KYC0004556,CUS0004556,Tier2,Low,False,2024-09-05,2027-05-21,Approved
KYC0004557,CUS0004557,Tier3,High,False,2026-03-01,2026-05-27,Approved
KYC0004558,CUS0004558,Tier1,Low,False,2024-12-19,2027-12-21,Approved
KYC0004559,CUS0004559,Tier3,Medium,False,2024-11-16,2026-06-15,Approved
KYC0004560,CUS0004560,Tier2,Low,False,2026-04-13,2026-07-20,Approved
KYC0004561,CUS0004561,Tier1,Low,False,2024-11-12,2027-09-09,Approved
KYC0004562,CUS0004562,Tier2,Low,False,2024-01-16,2026-05-12,Approved
KYC0004563,CUS0004563,Tier1,High,False,2025-09-09,2027-06-18,Approved
KYC0004564,CUS0004564,Tier1,Low,False,2025-06-02,2026-07-27,Approved
KYC0004565,CUS0004565,Tier1,Low,False,2024-02-11,2026-09-13,Approved
KYC0004566,CUS0004566,Tier1,Low,False,2024-09-27,2027-08-27,Approved
KYC0004567,CUS0004567,Tier1,Low,False,2025-10-02,2027-08-14,Approved
KYC0004568,CUS0004568,Tier3,Low,False,2024-06-01,2027-05-27,Approved
KYC0004569,CUS0004569,Tier2,Low,False,2026-01-02,2027-06-27,Approved
KYC0004570,CUS0004570,Tier1,Medium,False,2024-12-04,2027-07-28,Approved
KYC0004571,CUS0004571,Tier1,Low,False,2025-08-28,2027-02-14,Approved
KYC0004572,CUS0004572,Tier2,Low,False,2025-09-03,2027-01-27,Approved
KYC0004573,CUS0004573,Tier2,High,False,2024-10-19,2027-08-10,Approved
KYC0004574,CUS0004574,Tier1,Medium,False,2025-03-13,2027-05-23,Approved
KYC0004575,CUS0004575,Tier1,Medium,False,2026-01-13,2027-02-02,Approved
KYC0004576,CUS0004576,Tier1,Medium,False,2024-05-21,2027-02-13,Approved
KYC0004577,CUS0004577,Tier1,Low,False,2024-07-10,2027-02-07,Approved
KYC0004578,CUS0004578,Tier1,Low,False,2024-01-01,2026-09-25,Approved
KYC0004579,CUS0004579,Tier1,Low,False,2025-08-08,2027-12-17,Approved
KYC0004580,CUS0004580,Tier2,Low,False,2025-08-03,2026-07-28,Pending
KYC0004581,CUS0004581,Tier2,Low,False,2024-11-24,2027-10-25,Approved
KYC0004582,CUS0004582,Tier3,Low,False,2025-12-15,2027-03-02,Approved
KYC0004583,CUS0004583,Tier1,Low,False,2025-12-03,2027-09-21,Approved
KYC0004584,CUS0004584,Tier2,Low,False,2024-04-24,2026-08-29,Approved
KYC0004585,CUS0004585,Tier1,Medium,False,2025-08-22,2027-06-29,Approved
KYC0004586,CUS0004586,Tier1,Low,False,2025-06-24,2027-09-13,Approved
KYC0004587,CUS0004587,Tier2,Low,False,2025-10-22,2026-09-28,Approved
KYC0004588,CUS0004588,Tier2,Low,True,2024-11-23,2027-05-15,Approved
KYC0004589,CUS0004589,Tier1,Low,False,2025-09-30,2026-12-25,Approved
KYC0004590,CUS0004590,Tier1,Low,False,2024-01-07,2027-04-02,Approved
KYC0004591,CUS0004591,Tier2,Low,False,2025-09-11,2026-07-06,Approved
KYC0004592,CUS0004592,Tier1,Low,False,2024-12-17,2027-04-03,Approved
KYC0004593,CUS0004593,Tier2,Low,False,2024-05-30,2027-01-20,Approved
KYC0004594,CUS0004594,Tier2,Low,False,2024-02-09,2026-09-20,Approved
KYC0004595,CUS0004595,Tier2,Low,False,2024-01-24,2026-10-05,Approved
KYC0004596,CUS0004596,Tier2,Low,False,2024-06-21,2027-10-07,Approved
KYC0004597,CUS0004597,Tier3,Low,False,2024-02-11,2026-11-14,Approved
KYC0004598,CUS0004598,Tier1,Low,False,2026-04-11,2027-04-30,Approved
KYC0004599,CUS0004599,Tier2,Medium,False,2026-02-10,2027-11-28,Approved
KYC0004600,CUS0004600,Tier2,Low,False,2025-08-12,2027-04-18,Approved
KYC0004601,CUS0004601,Tier1,Low,False,2024-09-23,2027-06-21,Approved
KYC0004602,CUS0004602,Tier2,Low,False,2025-07-22,2026-07-07,Approved
KYC0004603,CUS0004603,Tier1,Low,False,2025-11-27,2026-07-22,Approved
KYC0004604,CUS0004604,Tier1,Low,False,2025-09-01,2027-11-16,Approved
KYC0004605,CUS0004605,Tier1,Low,False,2024-06-26,2027-11-02,Approved
KYC0004606,CUS0004606,Tier1,Low,False,2024-11-22,2026-10-06,Approved
KYC0004607,CUS0004607,Tier2,Medium,False,2025-02-13,2026-11-21,Approved
KYC0004608,CUS0004608,Tier3,Low,False,2024-12-11,2027-04-21,Approved
KYC0004609,CUS0004609,Tier2,Low,False,2026-04-06,2026-08-17,Approved
KYC0004610,CUS0004610,Tier1,Low,False,2024-11-19,2026-09-01,Approved
KYC0004611,CUS0004611,Tier1,Low,False,2024-09-19,2026-07-10,Approved
KYC0004612,CUS0004612,Tier2,Low,False,2024-10-20,2027-06-20,Approved
KYC0004613,CUS0004613,Tier1,Low,False,2025-04-29,2026-10-28,Approved
KYC0004614,CUS0004614,Tier1,Low,False,2024-07-21,2027-09-08,Approved
KYC0004615,CUS0004615,Tier1,Low,False,2025-02-25,2027-10-24,Approved
KYC0004616,CUS0004616,Tier1,Low,False,2025-12-14,2027-04-08,Approved
KYC0004617,CUS0004617,Tier3,Low,False,2025-04-17,2026-10-26,Approved
KYC0004618,CUS0004618,Tier2,Low,False,2025-03-31,2026-08-27,Approved
KYC0004619,CUS0004619,Tier1,Medium,False,2025-09-26,2027-08-26,Approved
KYC0004620,CUS0004620,Tier2,Low,False,2025-09-25,2027-12-21,Approved
KYC0004621,CUS0004621,Tier1,Low,False,2025-01-01,2027-06-05,Approved
KYC0004622,CUS0004622,Tier1,Medium,False,2024-12-03,2027-04-05,Approved
KYC0004623,CUS0004623,Tier1,Low,False,2025-04-18,2026-09-09,Approved
KYC0004624,CUS0004624,Tier1,Low,False,2025-12-14,2026-12-18,Approved
KYC0004625,CUS0004625,Tier1,Medium,False,2025-05-06,2027-09-25,Approved
KYC0004626,CUS0004626,Tier2,Low,False,2024-09-21,2027-09-25,Approved
KYC0004627,CUS0004627,Tier1,Low,False,2026-03-20,2026-10-28,Approved
KYC0004628,CUS0004628,Tier1,Low,False,2024-10-22,2026-05-31,Approved
KYC0004629,CUS0004629,Tier1,Low,False,2026-01-21,2026-07-21,Approved
KYC0004630,CUS0004630,Tier1,Low,False,2024-01-29,2027-01-24,Approved
KYC0004631,CUS0004631,Tier2,Low,False,2025-10-07,2027-12-19,Approved
KYC0004632,CUS0004632,Tier1,Medium,False,2025-01-04,2027-08-19,Approved
KYC0004633,CUS0004633,Tier2,Low,False,2025-10-15,2027-01-01,Approved
KYC0004634,CUS0004634,Tier2,Low,False,2025-02-04,2026-05-15,Approved
KYC0004635,CUS0004635,Tier1,Low,False,2024-01-18,2027-06-23,Approved
KYC0004636,CUS0004636,Tier2,Medium,False,2025-04-07,2027-04-09,Approved
KYC0004637,CUS0004637,Tier3,High,False,2024-09-26,2027-04-28,Approved
KYC0004638,CUS0004638,Tier1,Medium,False,2025-04-21,2027-07-11,Approved
KYC0004639,CUS0004639,Tier2,Medium,False,2025-12-26,2027-06-18,Approved
KYC0004640,CUS0004640,Tier2,Low,False,2024-09-22,2027-04-02,Approved
KYC0004641,CUS0004641,Tier1,Low,False,2025-03-26,2026-09-16,Approved
KYC0004642,CUS0004642,Tier1,Low,False,2025-03-21,2027-11-11,Approved
KYC0004643,CUS0004643,Tier1,Low,False,2024-01-20,2027-09-02,Approved
KYC0004644,CUS0004644,Tier2,Low,False,2026-04-11,2027-02-20,Approved
KYC0004645,CUS0004645,Tier1,High,False,2025-10-10,2027-08-01,Approved
KYC0004646,CUS0004646,Tier1,Low,False,2025-01-25,2027-01-23,Approved
KYC0004647,CUS0004647,Tier2,Medium,False,2024-07-14,2026-07-07,Approved
KYC0004648,CUS0004648,Tier1,Low,False,2024-08-27,2027-09-20,Approved
KYC0004649,CUS0004649,Tier1,Low,False,2025-03-18,2026-06-28,Approved
KYC0004650,CUS0004650,Tier2,Low,False,2024-07-08,2027-03-14,Approved
KYC0004651,CUS0004651,Tier1,Low,False,2025-05-20,2027-09-23,Approved
KYC0004652,CUS0004652,Tier1,Medium,False,2024-05-10,2027-03-14,Approved
KYC0004653,CUS0004653,Tier2,Medium,False,2024-01-30,2026-07-07,Approved
KYC0004654,CUS0004654,Tier2,Low,False,2024-08-24,2027-04-01,Approved
KYC0004655,CUS0004655,Tier2,Medium,False,2026-03-01,2027-06-07,Approved
KYC0004656,CUS0004656,Tier1,Low,False,2024-05-08,2027-03-03,Approved
KYC0004657,CUS0004657,Tier1,Low,False,2026-04-06,2027-11-28,Pending
KYC0004658,CUS0004658,Tier2,Low,False,2026-03-30,2027-02-18,Approved
KYC0004659,CUS0004659,Tier2,Low,False,2025-07-08,2026-09-07,Pending
KYC0004660,CUS0004660,Tier2,Low,False,2025-08-07,2027-04-24,Approved
KYC0004661,CUS0004661,Tier2,Low,False,2024-10-29,2027-06-12,Approved
KYC0004662,CUS0004662,Tier1,Low,False,2024-10-19,2027-06-26,Approved
KYC0004663,CUS0004663,Tier2,Low,False,2024-04-28,2026-10-10,Approved
KYC0004664,CUS0004664,Tier1,Medium,False,2025-06-07,2026-09-23,Approved
KYC0004665,CUS0004665,Tier2,Low,False,2024-09-02,2026-12-18,Approved
KYC0004666,CUS0004666,Tier3,Low,False,2024-01-18,2027-06-15,Approved
KYC0004667,CUS0004667,Tier2,Low,False,2026-04-20,2026-11-17,Approved
KYC0004668,CUS0004668,Tier1,Low,False,2024-05-19,2027-12-14,Approved
KYC0004669,CUS0004669,Tier2,Low,False,2025-04-21,2026-08-14,Approved
KYC0004670,CUS0004670,Tier2,Medium,False,2025-08-19,2027-07-03,Approved
KYC0004671,CUS0004671,Tier1,Low,False,2025-03-25,2027-05-08,Approved
KYC0004672,CUS0004672,Tier1,Low,False,2024-04-30,2026-10-29,Approved
KYC0004673,CUS0004673,Tier2,Low,False,2024-11-01,2026-05-30,Approved
KYC0004674,CUS0004674,Tier1,Low,False,2025-12-20,2027-02-23,Approved
KYC0004675,CUS0004675,Tier2,Medium,False,2024-08-04,2027-02-14,Approved
KYC0004676,CUS0004676,Tier1,Medium,False,2024-03-04,2027-12-17,Approved
KYC0004677,CUS0004677,Tier2,Low,False,2025-04-26,2027-09-23,Approved
KYC0004678,CUS0004678,Tier2,Low,False,2024-01-28,2026-10-16,Pending
KYC0004679,CUS0004679,Tier1,Low,False,2025-02-11,2026-08-12,Approved
KYC0004680,CUS0004680,Tier2,High,False,2024-10-20,2026-12-06,Approved
KYC0004681,CUS0004681,Tier1,Medium,False,2024-08-21,2026-07-22,Approved
KYC0004682,CUS0004682,Tier1,Low,False,2024-10-02,2027-11-29,Rejected
KYC0004683,CUS0004683,Tier1,Low,False,2026-04-16,2026-07-07,Approved
KYC0004684,CUS0004684,Tier2,Medium,False,2025-12-01,2027-10-21,Rejected
KYC0004685,CUS0004685,Tier3,Low,False,2024-09-20,2027-02-28,Approved
KYC0004686,CUS0004686,Tier2,Low,False,2025-07-16,2027-03-27,Approved
KYC0004687,CUS0004687,Tier1,Low,False,2025-01-14,2027-02-25,Approved
KYC0004688,CUS0004688,Tier1,Low,False,2024-04-05,2027-01-17,Approved
KYC0004689,CUS0004689,Tier1,Low,False,2026-01-06,2026-06-08,Approved
KYC0004690,CUS0004690,Tier1,Low,False,2025-02-23,2027-05-05,Approved
KYC0004691,CUS0004691,Tier1,Medium,False,2024-06-09,2027-02-08,Pending
KYC0004692,CUS0004692,Tier2,Low,False,2025-12-02,2027-10-21,Approved
KYC0004693,CUS0004693,Tier1,Low,False,2024-12-22,2026-11-06,Approved
KYC0004694,CUS0004694,Tier1,High,False,2025-09-21,2027-11-17,Approved
KYC0004695,CUS0004695,Tier1,Low,False,2025-02-25,2027-03-11,Approved
KYC0004696,CUS0004696,Tier1,Medium,False,2025-12-28,2026-07-24,Approved
KYC0004697,CUS0004697,Tier1,Low,False,2024-07-20,2027-11-21,Approved
KYC0004698,CUS0004698,Tier1,Low,False,2024-07-03,2027-05-21,Approved
KYC0004699,CUS0004699,Tier3,Low,False,2024-08-13,2026-05-18,Approved
KYC0004700,CUS0004700,Tier1,Low,False,2024-11-15,2026-09-13,Approved
KYC0004701,CUS0004701,Tier2,Low,False,2025-01-02,2026-12-06,Approved
KYC0004702,CUS0004702,Tier1,Medium,False,2025-08-06,2027-09-13,Approved
KYC0004703,CUS0004703,Tier1,Low,False,2025-12-03,2027-03-15,Approved
KYC0004704,CUS0004704,Tier2,Low,False,2025-12-30,2026-09-20,Approved
KYC0004705,CUS0004705,Tier2,Low,False,2025-10-23,2027-08-01,Approved
KYC0004706,CUS0004706,Tier2,Low,False,2024-10-03,2027-11-06,Approved
KYC0004707,CUS0004707,Tier1,Low,False,2026-04-24,2027-02-03,Approved
KYC0004708,CUS0004708,Tier3,Low,False,2025-04-24,2026-07-19,Approved
KYC0004709,CUS0004709,Tier2,Medium,False,2024-07-15,2027-12-23,Approved
KYC0004710,CUS0004710,Tier1,Medium,False,2024-07-09,2027-11-10,Approved
KYC0004711,CUS0004711,Tier1,Low,False,2025-06-16,2026-12-30,Approved
KYC0004712,CUS0004712,Tier1,Low,False,2025-02-15,2027-05-07,Approved
KYC0004713,CUS0004713,Tier2,Low,False,2024-10-08,2026-07-22,Approved
KYC0004714,CUS0004714,Tier2,Medium,False,2024-08-27,2026-07-31,Approved
KYC0004715,CUS0004715,Tier1,Medium,False,2024-08-13,2026-10-26,Approved
KYC0004716,CUS0004716,Tier3,Low,False,2024-05-10,2027-05-02,Approved
KYC0004717,CUS0004717,Tier1,Low,False,2024-09-12,2026-12-22,Approved
KYC0004718,CUS0004718,Tier3,Low,False,2024-08-17,2026-12-03,Approved
KYC0004719,CUS0004719,Tier1,Low,False,2025-04-02,2027-01-21,Approved
KYC0004720,CUS0004720,Tier2,Low,False,2024-03-12,2026-06-06,Approved
KYC0004721,CUS0004721,Tier2,Medium,False,2026-04-23,2026-07-12,Approved
KYC0004722,CUS0004722,Tier1,Low,False,2024-11-10,2027-09-13,Approved
KYC0004723,CUS0004723,Tier1,Medium,False,2026-01-20,2027-04-03,Approved
KYC0004724,CUS0004724,Tier2,Low,False,2025-01-06,2026-12-26,Approved
KYC0004725,CUS0004725,Tier2,Medium,False,2025-01-28,2027-09-21,Approved
KYC0004726,CUS0004726,Tier1,Low,False,2026-02-13,2027-05-26,Approved
KYC0004727,CUS0004727,Tier1,Low,False,2024-10-13,2027-11-17,Approved
KYC0004728,CUS0004728,Tier2,Low,False,2025-03-10,2027-11-28,Approved
KYC0004729,CUS0004729,Tier2,Medium,False,2024-10-22,2026-08-01,Approved
KYC0004730,CUS0004730,Tier3,Medium,False,2025-11-04,2027-11-03,Approved
KYC0004731,CUS0004731,Tier1,Low,False,2025-09-19,2027-09-20,Approved
KYC0004732,CUS0004732,Tier1,Low,False,2024-02-17,2027-11-02,Approved
KYC0004733,CUS0004733,Tier2,Low,False,2024-09-27,2026-07-31,Approved
KYC0004734,CUS0004734,Tier2,Low,False,2025-02-16,2027-11-27,Approved
KYC0004735,CUS0004735,Tier2,Low,False,2025-05-30,2026-07-08,Approved
KYC0004736,CUS0004736,Tier1,Low,False,2024-11-07,2027-03-19,Approved
KYC0004737,CUS0004737,Tier2,Medium,False,2024-09-22,2027-05-02,Pending
KYC0004738,CUS0004738,Tier1,High,False,2024-09-21,2027-08-21,Approved
KYC0004739,CUS0004739,Tier1,Low,False,2025-01-27,2026-10-02,Approved
KYC0004740,CUS0004740,Tier1,Low,False,2025-06-09,2027-09-15,Approved
KYC0004741,CUS0004741,Tier2,Low,False,2026-02-09,2026-07-14,Pending
KYC0004742,CUS0004742,Tier3,Medium,False,2026-04-28,2027-02-20,Approved
KYC0004743,CUS0004743,Tier3,Medium,False,2026-01-30,2026-08-26,Approved
KYC0004744,CUS0004744,Tier2,Medium,False,2025-10-10,2026-10-15,Approved
KYC0004745,CUS0004745,Tier2,Low,False,2024-09-11,2027-06-15,Approved
KYC0004746,CUS0004746,Tier1,Low,False,2024-03-23,2026-07-22,Approved
KYC0004747,CUS0004747,Tier1,Low,False,2025-01-08,2027-01-31,Pending
KYC0004748,CUS0004748,Tier2,Medium,True,2024-10-07,2026-10-01,Approved
KYC0004749,CUS0004749,Tier2,Low,False,2024-08-30,2027-05-20,Approved
KYC0004750,CUS0004750,Tier2,Medium,False,2024-06-25,2027-09-01,Approved
KYC0004751,CUS0004751,Tier1,Medium,False,2024-06-21,2027-12-14,Approved
KYC0004752,CUS0004752,Tier2,Medium,False,2026-01-26,2027-12-06,Approved
KYC0004753,CUS0004753,Tier1,Medium,False,2025-03-23,2026-07-11,Approved
KYC0004754,CUS0004754,Tier2,Low,False,2024-09-11,2027-12-13,Approved
KYC0004755,CUS0004755,Tier3,Low,False,2024-07-09,2027-01-09,Approved
KYC0004756,CUS0004756,Tier1,Low,False,2025-11-05,2026-12-21,Approved
KYC0004757,CUS0004757,Tier1,Low,False,2024-08-05,2027-07-01,Approved
KYC0004758,CUS0004758,Tier2,Medium,False,2025-04-21,2026-11-12,Approved
KYC0004759,CUS0004759,Tier1,Medium,False,2024-02-21,2027-08-07,Approved
KYC0004760,CUS0004760,Tier1,Low,False,2025-05-29,2026-07-11,Approved
KYC0004761,CUS0004761,Tier1,Low,False,2024-08-01,2027-11-25,Approved
KYC0004762,CUS0004762,Tier1,High,False,2024-09-12,2026-07-18,Approved
KYC0004763,CUS0004763,Tier2,Low,True,2025-09-14,2027-12-09,Approved
KYC0004764,CUS0004764,Tier2,Low,False,2025-07-12,2026-12-22,Approved
KYC0004765,CUS0004765,Tier3,Medium,False,2024-05-24,2026-11-26,Approved
KYC0004766,CUS0004766,Tier2,Low,False,2025-10-09,2027-01-18,Approved
KYC0004767,CUS0004767,Tier2,Medium,False,2024-09-10,2026-11-22,Pending
KYC0004768,CUS0004768,Tier1,Low,False,2024-12-22,2026-05-07,Approved
KYC0004769,CUS0004769,Tier2,Medium,False,2025-12-28,2026-09-22,Approved
KYC0004770,CUS0004770,Tier2,Medium,False,2025-06-14,2026-09-22,Approved
KYC0004771,CUS0004771,Tier1,Medium,False,2025-05-31,2026-06-08,Approved
KYC0004772,CUS0004772,Tier2,Medium,False,2025-05-29,2026-08-17,Approved
KYC0004773,CUS0004773,Tier1,Medium,False,2025-09-21,2026-11-12,Approved
KYC0004774,CUS0004774,Tier1,Low,False,2025-04-19,2027-04-02,Approved
KYC0004775,CUS0004775,Tier1,Low,False,2025-07-19,2027-03-13,Approved
KYC0004776,CUS0004776,Tier1,Low,False,2026-01-04,2027-05-29,Approved
KYC0004777,CUS0004777,Tier1,Low,False,2024-12-01,2027-10-22,Approved
KYC0004778,CUS0004778,Tier2,Low,False,2024-08-12,2027-10-12,Approved
KYC0004779,CUS0004779,Tier1,Low,False,2025-07-17,2026-10-26,Approved
KYC0004780,CUS0004780,Tier1,Low,False,2025-05-31,2026-11-25,Approved
KYC0004781,CUS0004781,Tier2,Low,False,2024-04-04,2026-11-08,Approved
KYC0004782,CUS0004782,Tier1,Low,False,2024-10-08,2026-12-16,Approved
KYC0004783,CUS0004783,Tier1,Low,False,2024-05-28,2027-05-04,Approved
KYC0004784,CUS0004784,Tier2,Low,False,2024-08-29,2026-10-03,Approved
KYC0004785,CUS0004785,Tier2,Low,False,2024-01-06,2027-07-24,Pending
KYC0004786,CUS0004786,Tier3,Low,False,2026-02-19,2026-09-14,Approved
KYC0004787,CUS0004787,Tier2,Low,False,2025-12-14,2027-02-26,Approved
KYC0004788,CUS0004788,Tier1,Low,False,2025-02-15,2027-12-21,Approved
KYC0004789,CUS0004789,Tier1,Low,False,2025-06-05,2027-07-10,Approved
KYC0004790,CUS0004790,Tier2,Medium,False,2025-01-08,2027-04-07,Approved
KYC0004791,CUS0004791,Tier1,Medium,False,2026-04-15,2027-07-13,Approved
KYC0004792,CUS0004792,Tier2,Low,False,2024-04-11,2027-03-21,Approved
KYC0004793,CUS0004793,Tier2,Medium,False,2025-07-07,2027-05-03,Approved
KYC0004794,CUS0004794,Tier1,Low,False,2025-08-12,2027-07-11,Approved
KYC0004795,CUS0004795,Tier1,Low,False,2024-07-02,2027-01-29,Approved
KYC0004796,CUS0004796,Tier2,Medium,False,2025-08-17,2027-11-09,Approved
KYC0004797,CUS0004797,Tier3,Medium,False,2026-03-17,2027-09-11,Approved
KYC0004798,CUS0004798,Tier1,Low,False,2025-04-11,2026-08-29,Approved
KYC0004799,CUS0004799,Tier2,Low,False,2025-05-09,2026-09-06,Approved
KYC0004800,CUS0004800,Tier1,Low,False,2025-08-16,2027-03-11,Approved
KYC0004801,CUS0004801,Tier1,High,False,2024-10-31,2027-01-15,Approved
KYC0004802,CUS0004802,Tier1,Low,False,2025-05-11,2026-07-30,Approved
KYC0004803,CUS0004803,Tier2,Medium,False,2025-01-18,2027-04-19,Approved
KYC0004804,CUS0004804,Tier1,Low,False,2026-03-18,2026-08-08,Approved
KYC0004805,CUS0004805,Tier3,Low,False,2026-02-15,2026-06-28,Approved
KYC0004806,CUS0004806,Tier2,Medium,False,2024-11-07,2027-07-02,Approved
KYC0004807,CUS0004807,Tier1,Low,False,2024-04-21,2027-10-26,Approved
KYC0004808,CUS0004808,Tier2,Low,False,2025-08-09,2027-07-20,Approved
KYC0004809,CUS0004809,Tier1,Low,False,2025-10-24,2026-08-04,Approved
KYC0004810,CUS0004810,Tier1,Medium,False,2024-08-30,2027-09-01,Approved
KYC0004811,CUS0004811,Tier1,Low,False,2025-08-18,2027-08-07,Approved
KYC0004812,CUS0004812,Tier2,Low,False,2025-01-08,2027-08-27,Approved
KYC0004813,CUS0004813,Tier1,Low,False,2024-07-07,2026-07-27,Approved
KYC0004814,CUS0004814,Tier2,Low,False,2025-03-10,2027-11-25,Approved
KYC0004815,CUS0004815,Tier2,Low,False,2025-01-26,2026-08-14,Approved
KYC0004816,CUS0004816,Tier1,Low,False,2024-05-06,2027-05-09,Approved
KYC0004817,CUS0004817,Tier1,Low,False,2024-03-26,2027-03-15,Approved
KYC0004818,CUS0004818,Tier1,Low,False,2024-11-09,2026-12-02,Approved
KYC0004819,CUS0004819,Tier1,Medium,False,2024-07-16,2027-11-04,Approved
KYC0004820,CUS0004820,Tier1,Low,False,2025-07-28,2027-05-20,Approved
KYC0004821,CUS0004821,Tier2,Low,False,2025-06-07,2027-09-08,Approved
KYC0004822,CUS0004822,Tier3,Low,False,2025-07-29,2026-11-10,Approved
KYC0004823,CUS0004823,Tier2,Low,False,2024-09-03,2027-09-06,Approved
KYC0004824,CUS0004824,Tier3,Medium,False,2025-10-05,2026-11-08,Approved
KYC0004825,CUS0004825,Tier2,Low,False,2024-09-13,2027-06-16,Approved
KYC0004826,CUS0004826,Tier1,Low,False,2025-11-15,2027-05-17,Approved
KYC0004827,CUS0004827,Tier3,Low,False,2025-01-04,2027-11-08,Approved
KYC0004828,CUS0004828,Tier2,Low,False,2025-07-11,2027-02-18,Approved
KYC0004829,CUS0004829,Tier3,Medium,False,2024-05-15,2027-09-16,Approved
KYC0004830,CUS0004830,Tier1,Low,False,2026-02-19,2027-03-22,Approved
KYC0004831,CUS0004831,Tier1,Low,False,2024-10-17,2026-07-25,Approved
KYC0004832,CUS0004832,Tier2,High,False,2026-01-23,2026-11-27,Approved
KYC0004833,CUS0004833,Tier1,Low,False,2026-01-12,2027-05-09,Approved
KYC0004834,CUS0004834,Tier1,Medium,False,2024-02-22,2026-09-20,Approved
KYC0004835,CUS0004835,Tier2,Medium,False,2025-07-08,2027-02-16,Approved
KYC0004836,CUS0004836,Tier1,Low,False,2026-01-21,2027-03-20,Approved
KYC0004837,CUS0004837,Tier1,Low,False,2024-01-11,2027-11-30,Approved
KYC0004838,CUS0004838,Tier1,Low,False,2025-09-20,2027-06-01,Pending
KYC0004839,CUS0004839,Tier2,Low,False,2024-04-07,2026-10-22,Approved
KYC0004840,CUS0004840,Tier3,Low,False,2025-05-28,2027-11-05,Approved
KYC0004841,CUS0004841,Tier1,Low,False,2025-12-04,2026-11-04,Pending
KYC0004842,CUS0004842,Tier1,Low,False,2025-09-13,2026-05-26,Approved
KYC0004843,CUS0004843,Tier2,Medium,False,2026-04-19,2026-12-13,Approved
KYC0004844,CUS0004844,Tier1,Low,False,2025-03-27,2027-09-22,Approved
KYC0004845,CUS0004845,Tier2,Medium,False,2024-10-09,2027-02-09,Approved
KYC0004846,CUS0004846,Tier2,Low,False,2025-03-26,2027-08-19,Approved
KYC0004847,CUS0004847,Tier2,Medium,False,2025-05-13,2026-12-14,Approved
KYC0004848,CUS0004848,Tier1,Low,False,2025-07-16,2026-11-10,Approved
KYC0004849,CUS0004849,Tier2,Low,False,2024-01-19,2026-05-17,Approved
KYC0004850,CUS0004850,Tier3,Medium,False,2026-03-09,2027-11-01,Approved
KYC0004851,CUS0004851,Tier1,Low,False,2025-02-12,2026-12-12,Approved
KYC0004852,CUS0004852,Tier1,Low,False,2026-01-23,2026-08-06,Approved
KYC0004853,CUS0004853,Tier1,Low,False,2024-09-06,2026-07-25,Approved
KYC0004854,CUS0004854,Tier1,Low,False,2025-03-13,2027-12-26,Approved
KYC0004855,CUS0004855,Tier2,Low,False,2025-07-07,2027-04-03,Approved
KYC0004856,CUS0004856,Tier2,Medium,False,2025-06-29,2026-09-14,Approved
KYC0004857,CUS0004857,Tier2,High,False,2024-04-30,2026-07-27,Approved
KYC0004858,CUS0004858,Tier1,Low,False,2026-01-18,2027-04-19,Approved
KYC0004859,CUS0004859,Tier1,Low,False,2025-06-29,2027-09-21,Approved
KYC0004860,CUS0004860,Tier1,Low,False,2025-05-06,2026-12-10,Approved
KYC0004861,CUS0004861,Tier3,Low,False,2026-03-10,2027-12-02,Approved
KYC0004862,CUS0004862,Tier1,Low,False,2025-10-18,2026-11-01,Approved
KYC0004863,CUS0004863,Tier1,Low,False,2025-04-21,2027-10-04,Approved
KYC0004864,CUS0004864,Tier1,Low,False,2025-11-06,2026-05-17,Approved
KYC0004865,CUS0004865,Tier1,Medium,False,2024-10-06,2026-05-09,Approved
KYC0004866,CUS0004866,Tier2,Low,False,2025-05-23,2026-10-08,Approved
KYC0004867,CUS0004867,Tier1,Low,True,2025-04-23,2027-05-30,Approved
KYC0004868,CUS0004868,Tier1,Low,False,2024-04-10,2026-08-13,Approved
KYC0004869,CUS0004869,Tier1,High,False,2024-01-10,2026-10-26,Approved
KYC0004870,CUS0004870,Tier2,Low,False,2024-06-23,2027-12-26,Approved
KYC0004871,CUS0004871,Tier1,Low,False,2025-12-08,2026-11-18,Approved
KYC0004872,CUS0004872,Tier2,Low,False,2024-12-21,2026-07-21,Approved
KYC0004873,CUS0004873,Tier1,Low,False,2024-11-21,2027-10-23,Approved
KYC0004874,CUS0004874,Tier2,Low,False,2024-08-24,2027-11-13,Pending
KYC0004875,CUS0004875,Tier1,Low,False,2025-11-28,2026-08-16,Approved
KYC0004876,CUS0004876,Tier1,Low,False,2024-04-09,2027-08-26,Pending
KYC0004877,CUS0004877,Tier2,Low,False,2026-03-02,2027-09-01,Approved
KYC0004878,CUS0004878,Tier3,High,True,2025-03-08,2027-07-13,Approved
KYC0004879,CUS0004879,Tier3,Low,False,2025-10-19,2027-07-19,Approved
KYC0004880,CUS0004880,Tier1,Low,False,2024-07-24,2026-10-25,Approved
KYC0004881,CUS0004881,Tier2,High,False,2025-11-16,2027-10-14,Approved
KYC0004882,CUS0004882,Tier2,Low,False,2024-12-02,2026-10-27,Approved
KYC0004883,CUS0004883,Tier1,Low,False,2024-01-29,2027-09-23,Approved
KYC0004884,CUS0004884,Tier3,High,False,2025-12-22,2026-07-17,Approved
KYC0004885,CUS0004885,Tier1,Medium,False,2026-01-22,2027-05-23,Approved
KYC0004886,CUS0004886,Tier2,Low,False,2024-04-16,2027-03-24,Approved
KYC0004887,CUS0004887,Tier1,Medium,False,2024-04-18,2026-10-12,Approved
KYC0004888,CUS0004888,Tier1,Medium,False,2024-01-12,2027-04-01,Approved
KYC0004889,CUS0004889,Tier1,Low,False,2025-01-15,2027-05-25,Approved
KYC0004890,CUS0004890,Tier2,Low,False,2025-05-08,2026-08-18,Approved
KYC0004891,CUS0004891,Tier1,Low,False,2025-10-19,2027-05-01,Approved
KYC0004892,CUS0004892,Tier3,Low,False,2024-05-11,2027-04-09,Approved
KYC0004893,CUS0004893,Tier1,Low,False,2024-04-11,2027-01-23,Approved
KYC0004894,CUS0004894,Tier2,Low,False,2024-07-03,2027-12-06,Approved
KYC0004895,CUS0004895,Tier2,Medium,False,2025-10-25,2026-05-03,Approved
KYC0004896,CUS0004896,Tier1,Low,False,2024-07-29,2027-06-02,Approved
KYC0004897,CUS0004897,Tier1,Low,False,2025-05-08,2027-09-22,Approved
KYC0004898,CUS0004898,Tier1,Low,False,2026-03-28,2027-10-22,Approved
KYC0004899,CUS0004899,Tier1,Low,False,2026-01-23,2026-09-06,Approved
KYC0004900,CUS0004900,Tier2,Medium,False,2025-07-08,2027-06-27,Approved
KYC0004901,CUS0004901,Tier1,Medium,False,2025-03-12,2026-11-01,Approved
KYC0004902,CUS0004902,Tier1,Low,False,2025-05-21,2026-07-22,Approved
KYC0004903,CUS0004903,Tier2,Low,False,2026-04-29,2027-03-01,Approved
KYC0004904,CUS0004904,Tier2,Low,False,2024-12-29,2027-07-04,Approved
KYC0004905,CUS0004905,Tier2,High,False,2024-04-28,2027-06-21,Approved
KYC0004906,CUS0004906,Tier1,Low,False,2024-08-01,2027-10-27,Approved
KYC0004907,CUS0004907,Tier1,Medium,False,2024-02-11,2027-10-24,Approved
KYC0004908,CUS0004908,Tier2,Low,False,2025-05-04,2027-09-06,Approved
KYC0004909,CUS0004909,Tier2,Low,False,2024-11-22,2026-06-24,Approved
KYC0004910,CUS0004910,Tier2,Low,False,2025-05-24,2026-09-23,Approved
KYC0004911,CUS0004911,Tier1,Low,False,2025-11-05,2026-11-20,Approved
KYC0004912,CUS0004912,Tier1,Medium,True,2024-02-16,2026-05-19,Approved
KYC0004913,CUS0004913,Tier2,Medium,False,2024-01-07,2026-08-04,Approved
KYC0004914,CUS0004914,Tier1,Low,False,2024-11-05,2027-08-22,Approved
KYC0004915,CUS0004915,Tier1,Low,False,2024-12-21,2026-07-01,Approved
KYC0004916,CUS0004916,Tier2,Low,False,2025-05-02,2027-02-13,Approved
KYC0004917,CUS0004917,Tier1,Low,False,2024-07-05,2026-05-06,Approved
KYC0004918,CUS0004918,Tier1,Low,False,2024-12-13,2026-11-21,Approved
KYC0004919,CUS0004919,Tier2,Medium,False,2024-02-23,2027-08-04,Approved
KYC0004920,CUS0004920,Tier1,Low,False,2024-08-21,2027-07-25,Pending
KYC0004921,CUS0004921,Tier2,Low,False,2025-09-19,2027-12-08,Approved
KYC0004922,CUS0004922,Tier3,Low,False,2025-04-25,2026-10-12,Approved
KYC0004923,CUS0004923,Tier1,Low,False,2024-02-03,2026-12-11,Approved
KYC0004924,CUS0004924,Tier1,Low,False,2025-09-30,2026-11-20,Approved
KYC0004925,CUS0004925,Tier2,Low,False,2025-03-10,2026-11-14,Approved
KYC0004926,CUS0004926,Tier3,Medium,False,2024-05-10,2026-12-07,Approved
KYC0004927,CUS0004927,Tier1,Low,False,2024-11-29,2027-07-12,Approved
KYC0004928,CUS0004928,Tier1,Medium,False,2024-08-10,2026-08-09,Approved
KYC0004929,CUS0004929,Tier1,Medium,False,2024-02-24,2027-03-01,Pending
KYC0004930,CUS0004930,Tier2,Low,False,2024-05-12,2026-06-18,Approved
KYC0004931,CUS0004931,Tier1,Low,False,2026-01-26,2026-08-16,Approved
KYC0004932,CUS0004932,Tier1,Medium,False,2024-05-02,2027-09-02,Approved
KYC0004933,CUS0004933,Tier2,Low,False,2024-12-30,2026-09-25,Approved
KYC0004934,CUS0004934,Tier1,Low,False,2024-05-26,2026-11-08,Pending
KYC0004935,CUS0004935,Tier2,Medium,False,2024-10-06,2027-05-25,Approved
KYC0004936,CUS0004936,Tier1,Low,False,2026-02-16,2027-12-07,Approved
KYC0004937,CUS0004937,Tier1,Medium,False,2026-03-08,2027-01-27,Approved
KYC0004938,CUS0004938,Tier2,Low,False,2026-03-30,2026-10-16,Pending
KYC0004939,CUS0004939,Tier2,Medium,False,2026-01-19,2027-02-04,Approved
KYC0004940,CUS0004940,Tier2,Low,False,2026-02-16,2026-08-10,Approved
KYC0004941,CUS0004941,Tier2,Low,False,2025-06-08,2027-09-24,Approved
KYC0004942,CUS0004942,Tier2,Low,False,2025-08-25,2027-12-13,Approved
KYC0004943,CUS0004943,Tier1,Low,False,2026-01-22,2027-09-03,Approved
KYC0004944,CUS0004944,Tier1,Low,False,2024-09-22,2027-01-06,Pending
KYC0004945,CUS0004945,Tier1,Medium,False,2025-04-06,2026-08-03,Approved
KYC0004946,CUS0004946,Tier2,High,False,2026-02-02,2027-12-10,Approved
KYC0004947,CUS0004947,Tier2,Low,False,2024-01-15,2027-06-25,Approved
KYC0004948,CUS0004948,Tier2,Medium,False,2026-04-06,2027-09-18,Approved
KYC0004949,CUS0004949,Tier2,Medium,False,2025-08-19,2026-10-29,Approved
KYC0004950,CUS0004950,Tier2,Low,False,2025-11-19,2027-05-26,Approved
KYC0004951,CUS0004951,Tier2,Low,False,2024-01-27,2026-10-17,Pending
KYC0004952,CUS0004952,Tier1,Low,False,2025-02-21,2027-04-19,Approved
KYC0004953,CUS0004953,Tier2,Low,False,2026-02-21,2026-08-21,Approved
KYC0004954,CUS0004954,Tier1,Low,False,2024-11-05,2027-11-08,Approved
KYC0004955,CUS0004955,Tier1,Low,False,2025-10-26,2027-11-03,Approved
KYC0004956,CUS0004956,Tier1,Low,False,2025-12-17,2026-11-20,Approved
KYC0004957,CUS0004957,Tier2,Low,False,2024-03-26,2026-09-03,Pending
KYC0004958,CUS0004958,Tier2,Low,False,2025-07-08,2026-10-14,Approved
KYC0004959,CUS0004959,Tier1,Medium,False,2025-04-10,2026-08-21,Approved
KYC0004960,CUS0004960,Tier3,Low,False,2026-04-21,2026-06-26,Approved
KYC0004961,CUS0004961,Tier2,Low,False,2024-04-16,2026-07-25,Approved
KYC0004962,CUS0004962,Tier1,Low,False,2024-08-30,2027-03-13,Approved
KYC0004963,CUS0004963,Tier1,High,False,2024-06-17,2026-10-29,Approved
KYC0004964,CUS0004964,Tier2,Low,False,2025-10-07,2027-11-23,Approved
KYC0004965,CUS0004965,Tier1,Low,False,2025-09-12,2027-04-30,Approved
KYC0004966,CUS0004966,Tier1,Low,False,2025-06-02,2026-12-11,Approved
KYC0004967,CUS0004967,Tier2,Low,False,2024-03-05,2026-08-10,Approved
KYC0004968,CUS0004968,Tier1,Medium,False,2025-05-07,2027-09-25,Approved
KYC0004969,CUS0004969,Tier2,Medium,False,2025-04-13,2027-01-17,Approved
KYC0004970,CUS0004970,Tier1,Low,False,2024-08-10,2027-04-02,Approved
KYC0004971,CUS0004971,Tier1,Low,False,2025-06-26,2027-12-29,Approved
KYC0004972,CUS0004972,Tier2,Medium,False,2024-12-14,2027-11-20,Approved
KYC0004973,CUS0004973,Tier3,Low,False,2024-02-16,2026-11-22,Approved
KYC0004974,CUS0004974,Tier2,Low,False,2025-07-23,2026-05-01,Approved
KYC0004975,CUS0004975,Tier2,High,False,2026-02-20,2027-07-07,Approved
KYC0004976,CUS0004976,Tier1,Low,False,2024-12-07,2026-07-22,Approved
KYC0004977,CUS0004977,Tier1,Medium,False,2025-09-01,2027-10-12,Approved
KYC0004978,CUS0004978,Tier2,Low,False,2024-01-26,2027-05-21,Approved
KYC0004979,CUS0004979,Tier2,Medium,False,2024-08-02,2026-11-23,Approved
KYC0004980,CUS0004980,Tier3,Low,False,2024-09-06,2027-02-24,Approved
KYC0004981,CUS0004981,Tier2,Low,False,2024-11-06,2027-01-31,Pending
KYC0004982,CUS0004982,Tier3,Low,False,2025-05-06,2027-09-03,Approved
KYC0004983,CUS0004983,Tier3,Low,False,2024-07-01,2026-05-24,Approved
KYC0004984,CUS0004984,Tier1,Medium,False,2026-04-16,2026-10-12,Approved
KYC0004985,CUS0004985,Tier1,Medium,False,2024-04-01,2027-10-22,Approved
KYC0004986,CUS0004986,Tier2,Low,False,2025-09-14,2026-12-21,Approved
KYC0004987,CUS0004987,Tier1,Low,False,2026-04-23,2027-12-20,Approved
KYC0004988,CUS0004988,Tier2,Low,False,2025-04-29,2027-10-03,Approved
KYC0004989,CUS0004989,Tier2,Low,False,2024-07-04,2027-10-13,Approved
KYC0004990,CUS0004990,Tier2,Low,False,2026-01-29,2027-06-23,Approved
KYC0004991,CUS0004991,Tier1,Low,False,2025-04-23,2027-05-27,Approved
KYC0004992,CUS0004992,Tier1,Low,False,2024-05-11,2027-01-21,Pending
KYC0004993,CUS0004993,Tier2,Low,False,2024-05-18,2027-09-18,Approved
KYC0004994,CUS0004994,Tier3,Low,False,2024-01-30,2026-06-15,Approved
KYC0004995,CUS0004995,Tier3,Low,False,2025-02-25,2026-05-31,Approved
KYC0004996,CUS0004996,Tier2,Low,False,2024-04-01,2026-09-10,Approved
KYC0004997,CUS0004997,Tier1,High,False,2024-11-30,2026-10-29,Approved
KYC0004998,CUS0004998,Tier1,Low,False,2024-01-29,2027-05-15,Approved
KYC0004999,CUS0004999,Tier1,Medium,False,2024-01-17,2026-05-27,Approved
KYC0005000,CUS0005000,Tier2,Low,False,2025-05-09,2026-06-07,Approved
KYC0005001,CUS0005001,Tier1,Low,False,2025-10-17,2026-08-20,Approved
KYC0005002,CUS0005002,Tier1,Low,False,2024-02-03,2026-12-13,Approved
KYC0005003,CUS0005003,Tier1,Low,False,2026-04-29,2027-06-14,Approved
KYC0005004,CUS0005004,Tier1,Low,False,2026-02-23,2027-04-19,Approved
KYC0005005,CUS0005005,Tier1,Low,False,2024-02-19,2026-11-13,Approved
KYC0005006,CUS0005006,Tier2,High,False,2025-03-28,2027-06-09,Approved
KYC0005007,CUS0005007,Tier1,Low,False,2025-04-10,2027-02-03,Approved
KYC0005008,CUS0005008,Tier1,Medium,False,2026-01-20,2026-08-31,Approved
KYC0005009,CUS0005009,Tier1,Low,False,2024-05-25,2027-12-08,Approved
KYC0005010,CUS0005010,Tier1,Low,False,2025-07-04,2027-01-03,Approved
KYC0005011,CUS0005011,Tier2,Medium,False,2026-01-11,2027-11-22,Approved
KYC0005012,CUS0005012,Tier2,Medium,False,2026-01-28,2027-08-25,Approved
KYC0005013,CUS0005013,Tier1,Medium,False,2024-02-08,2026-06-17,Approved
KYC0005014,CUS0005014,Tier2,Low,False,2025-06-18,2027-12-21,Approved
KYC0005015,CUS0005015,Tier1,Medium,False,2026-04-01,2027-05-16,Approved
KYC0005016,CUS0005016,Tier2,Low,False,2024-02-08,2027-11-30,Approved
KYC0005017,CUS0005017,Tier2,Low,False,2025-09-22,2027-05-04,Approved
KYC0005018,CUS0005018,Tier1,Low,False,2026-01-13,2026-08-05,Approved
KYC0005019,CUS0005019,Tier2,Low,False,2025-01-07,2026-10-19,Approved
KYC0005020,CUS0005020,Tier1,Low,False,2024-05-07,2027-07-17,Approved
KYC0005021,CUS0005021,Tier1,Low,False,2025-11-16,2027-11-09,Approved
KYC0005022,CUS0005022,Tier3,High,False,2025-10-29,2027-08-09,Approved
KYC0005023,CUS0005023,Tier1,Low,False,2024-02-20,2027-05-26,Approved
KYC0005024,CUS0005024,Tier3,Low,False,2024-01-23,2026-09-24,Pending
KYC0005025,CUS0005025,Tier1,Low,False,2025-08-21,2027-10-17,Approved
KYC0005026,CUS0005026,Tier2,Low,False,2024-12-18,2027-12-18,Approved
KYC0005027,CUS0005027,Tier2,Low,False,2025-06-12,2027-03-05,Approved
KYC0005028,CUS0005028,Tier1,Low,False,2025-09-08,2027-12-31,Approved
KYC0005029,CUS0005029,Tier2,Low,False,2024-08-17,2027-06-10,Approved
KYC0005030,CUS0005030,Tier1,Low,False,2024-05-26,2026-11-22,Approved
KYC0005031,CUS0005031,Tier2,Low,False,2025-04-15,2027-09-18,Approved
KYC0005032,CUS0005032,Tier2,Low,False,2024-06-09,2026-09-09,Pending
KYC0005033,CUS0005033,Tier3,Low,False,2025-04-22,2027-08-07,Approved
KYC0005034,CUS0005034,Tier2,Medium,False,2024-02-06,2027-01-11,Approved
KYC0005035,CUS0005035,Tier1,Low,False,2026-02-01,2027-04-15,Approved
KYC0005036,CUS0005036,Tier2,Medium,True,2024-09-27,2027-07-05,Approved
KYC0005037,CUS0005037,Tier3,Low,False,2025-11-15,2027-12-20,Approved
KYC0005038,CUS0005038,Tier1,Low,False,2025-09-19,2026-07-26,Pending
KYC0005039,CUS0005039,Tier1,Low,False,2024-11-10,2027-07-31,Approved
KYC0005040,CUS0005040,Tier3,Low,False,2024-03-08,2027-05-20,Approved
KYC0005041,CUS0005041,Tier1,High,False,2024-09-22,2027-12-06,Approved
KYC0005042,CUS0005042,Tier1,Low,False,2026-03-25,2027-12-05,Pending
KYC0005043,CUS0005043,Tier2,Low,False,2025-11-01,2027-11-09,Approved
KYC0005044,CUS0005044,Tier1,Low,False,2026-01-01,2027-10-13,Approved
KYC0005045,CUS0005045,Tier1,Medium,False,2025-11-24,2027-08-01,Approved
KYC0005046,CUS0005046,Tier1,Low,False,2026-01-27,2027-01-08,Approved
KYC0005047,CUS0005047,Tier1,Low,False,2024-12-16,2026-11-06,Approved
KYC0005048,CUS0005048,Tier2,Low,False,2026-02-28,2027-06-04,Approved
KYC0005049,CUS0005049,Tier1,Medium,False,2025-01-27,2026-11-25,Approved
KYC0005050,CUS0005050,Tier2,Low,False,2026-03-29,2027-07-11,Approved
KYC0005051,CUS0005051,Tier2,Low,False,2026-03-02,2026-05-30,Approved
KYC0005052,CUS0005052,Tier3,Low,False,2025-01-21,2026-06-08,Rejected
KYC0005053,CUS0005053,Tier2,Medium,False,2025-03-29,2026-08-06,Approved
KYC0005054,CUS0005054,Tier1,Low,False,2025-11-05,2027-06-27,Approved
KYC0005055,CUS0005055,Tier1,Medium,False,2026-02-26,2027-11-21,Approved
KYC0005056,CUS0005056,Tier2,Low,False,2026-04-23,2027-10-03,Approved
KYC0005057,CUS0005057,Tier1,Medium,False,2024-01-01,2027-02-13,Approved
KYC0005058,CUS0005058,Tier2,Low,False,2024-06-18,2027-09-15,Approved
KYC0005059,CUS0005059,Tier1,Medium,False,2025-04-11,2027-07-22,Approved
KYC0005060,CUS0005060,Tier1,Low,False,2026-01-17,2027-11-17,Approved
KYC0005061,CUS0005061,Tier1,Low,False,2025-04-02,2026-12-02,Approved
KYC0005062,CUS0005062,Tier1,Low,False,2025-12-15,2026-07-23,Approved
KYC0005063,CUS0005063,Tier1,Medium,False,2025-07-30,2026-12-24,Approved
KYC0005064,CUS0005064,Tier1,Low,False,2025-03-03,2026-09-09,Approved
KYC0005065,CUS0005065,Tier2,Medium,False,2024-11-04,2026-12-29,Approved
KYC0005066,CUS0005066,Tier3,Low,False,2025-12-11,2026-08-16,Approved
KYC0005067,CUS0005067,Tier1,Medium,False,2025-10-17,2027-05-07,Approved
KYC0005068,CUS0005068,Tier2,Low,False,2025-08-08,2027-09-06,Approved
KYC0005069,CUS0005069,Tier1,Low,False,2024-03-12,2027-05-30,Approved
KYC0005070,CUS0005070,Tier1,Medium,False,2025-05-14,2027-03-31,Approved
KYC0005071,CUS0005071,Tier3,Low,False,2026-01-22,2027-02-03,Approved
KYC0005072,CUS0005072,Tier2,Low,False,2025-11-30,2026-06-14,Approved
KYC0005073,CUS0005073,Tier2,Medium,False,2025-03-20,2027-08-29,Approved
KYC0005074,CUS0005074,Tier2,Low,False,2026-04-25,2026-06-03,Pending
KYC0005075,CUS0005075,Tier3,Low,False,2024-07-31,2027-05-08,Approved
KYC0005076,CUS0005076,Tier1,Low,False,2024-08-27,2027-09-03,Approved
KYC0005077,CUS0005077,Tier1,Medium,False,2024-12-06,2027-03-28,Approved
KYC0005078,CUS0005078,Tier2,Medium,False,2024-09-10,2026-11-07,Approved
KYC0005079,CUS0005079,Tier3,Medium,False,2024-03-23,2027-11-30,Pending
KYC0005080,CUS0005080,Tier2,Low,False,2025-09-18,2026-07-09,Approved
KYC0005081,CUS0005081,Tier1,Low,False,2025-03-14,2027-02-03,Approved
KYC0005082,CUS0005082,Tier1,Medium,False,2024-06-03,2026-08-09,Approved
KYC0005083,CUS0005083,Tier2,Low,False,2024-09-03,2027-11-18,Approved
KYC0005084,CUS0005084,Tier3,Low,False,2024-04-22,2027-04-13,Approved
KYC0005085,CUS0005085,Tier2,Low,False,2025-05-13,2027-03-05,Approved
KYC0005086,CUS0005086,Tier2,Low,False,2026-02-02,2027-10-21,Approved
KYC0005087,CUS0005087,Tier2,Low,False,2024-05-15,2026-11-18,Approved
KYC0005088,CUS0005088,Tier1,Low,False,2024-01-22,2026-05-22,Approved
KYC0005089,CUS0005089,Tier1,Low,False,2026-03-08,2026-09-26,Approved
KYC0005090,CUS0005090,Tier1,Low,False,2025-02-28,2027-09-22,Approved
KYC0005091,CUS0005091,Tier2,Medium,False,2024-11-13,2027-11-23,Approved
KYC0005092,CUS0005092,Tier1,Low,False,2024-10-15,2027-07-17,Approved
KYC0005093,CUS0005093,Tier2,Low,False,2025-12-31,2027-11-18,Approved
KYC0005094,CUS0005094,Tier2,Low,False,2025-09-01,2027-07-30,Approved
KYC0005095,CUS0005095,Tier2,Low,False,2025-03-10,2027-07-07,Pending
KYC0005096,CUS0005096,Tier1,Low,False,2025-03-09,2026-09-16,Approved
KYC0005097,CUS0005097,Tier1,Low,False,2024-03-02,2026-10-11,Approved
KYC0005098,CUS0005098,Tier1,Low,False,2025-06-19,2027-06-22,Approved
KYC0005099,CUS0005099,Tier1,Low,False,2024-01-19,2027-11-18,Approved
KYC0005100,CUS0005100,Tier2,Medium,False,2025-04-26,2027-09-25,Approved
KYC0005101,CUS0005101,Tier1,High,False,2025-05-05,2027-05-23,Approved
KYC0005102,CUS0005102,Tier2,Low,False,2025-05-17,2027-02-12,Approved
KYC0005103,CUS0005103,Tier1,Medium,False,2025-04-29,2027-09-24,Approved
KYC0005104,CUS0005104,Tier2,Medium,False,2025-10-09,2026-10-18,Approved
KYC0005105,CUS0005105,Tier1,Low,False,2025-04-26,2026-11-15,Approved
KYC0005106,CUS0005106,Tier3,Low,False,2025-12-09,2027-11-06,Approved
KYC0005107,CUS0005107,Tier2,High,False,2025-04-03,2026-10-17,Approved
KYC0005108,CUS0005108,Tier2,Low,False,2025-05-22,2027-06-10,Approved
KYC0005109,CUS0005109,Tier2,High,False,2025-07-25,2026-12-23,Approved
KYC0005110,CUS0005110,Tier1,Low,False,2024-02-10,2027-12-03,Approved
KYC0005111,CUS0005111,Tier1,Low,False,2025-03-08,2026-09-20,Pending
KYC0005112,CUS0005112,Tier1,Low,False,2025-05-19,2026-08-27,Approved
KYC0005113,CUS0005113,Tier1,Low,False,2025-07-12,2026-10-20,Approved
KYC0005114,CUS0005114,Tier1,Low,False,2024-04-16,2026-06-19,Approved
KYC0005115,CUS0005115,Tier1,Low,False,2025-02-27,2027-10-12,Approved
KYC0005116,CUS0005116,Tier3,Low,True,2024-08-10,2027-10-03,Approved
KYC0005117,CUS0005117,Tier1,Medium,False,2025-12-06,2026-08-08,Approved
KYC0005118,CUS0005118,Tier2,High,False,2024-07-10,2027-03-08,Approved
KYC0005119,CUS0005119,Tier1,Low,False,2026-02-07,2027-07-26,Approved
KYC0005120,CUS0005120,Tier1,Medium,False,2024-07-09,2027-07-23,Approved
KYC0005121,CUS0005121,Tier2,Low,False,2025-04-08,2027-02-04,Approved
KYC0005122,CUS0005122,Tier2,Low,False,2024-04-05,2027-09-15,Approved
KYC0005123,CUS0005123,Tier1,Low,False,2024-12-20,2027-02-21,Approved
KYC0005124,CUS0005124,Tier2,Low,False,2025-10-18,2027-03-08,Approved
KYC0005125,CUS0005125,Tier3,Low,False,2024-02-23,2026-11-17,Approved
KYC0005126,CUS0005126,Tier1,Low,False,2025-03-16,2027-09-07,Approved
KYC0005127,CUS0005127,Tier1,Low,False,2024-06-17,2027-03-17,Approved
KYC0005128,CUS0005128,Tier1,Low,False,2026-04-15,2027-06-09,Approved
KYC0005129,CUS0005129,Tier3,Low,False,2025-05-06,2026-12-11,Approved
KYC0005130,CUS0005130,Tier1,Low,False,2025-06-16,2026-05-16,Approved
KYC0005131,CUS0005131,Tier3,Low,False,2024-04-13,2027-09-02,Approved
KYC0005132,CUS0005132,Tier1,Low,False,2024-12-15,2027-04-15,Approved
KYC0005133,CUS0005133,Tier1,Low,False,2024-08-03,2027-12-31,Approved
KYC0005134,CUS0005134,Tier2,Medium,False,2024-01-05,2026-10-24,Approved
KYC0005135,CUS0005135,Tier2,Medium,False,2025-08-27,2026-11-01,Approved
KYC0005136,CUS0005136,Tier3,Low,False,2024-07-25,2027-10-13,Approved
KYC0005137,CUS0005137,Tier2,Low,False,2024-12-05,2027-10-24,Approved
KYC0005138,CUS0005138,Tier2,Low,False,2026-04-06,2026-06-10,Approved
KYC0005139,CUS0005139,Tier2,Medium,False,2025-10-02,2027-09-18,Approved
KYC0005140,CUS0005140,Tier2,Low,False,2024-01-10,2027-12-21,Approved
KYC0005141,CUS0005141,Tier1,Low,False,2024-02-20,2026-10-06,Approved
KYC0005142,CUS0005142,Tier1,Medium,False,2024-03-16,2027-05-21,Approved
KYC0005143,CUS0005143,Tier3,Medium,False,2025-07-20,2026-08-18,Approved
KYC0005144,CUS0005144,Tier2,Low,False,2025-06-25,2027-11-28,Approved
KYC0005145,CUS0005145,Tier2,Low,False,2024-12-31,2026-06-07,Approved
KYC0005146,CUS0005146,Tier1,Low,False,2024-06-19,2026-07-04,Approved
KYC0005147,CUS0005147,Tier2,Low,False,2024-01-26,2027-03-28,Approved
KYC0005148,CUS0005148,Tier2,Medium,False,2026-01-13,2027-10-05,Approved
KYC0005149,CUS0005149,Tier1,Medium,False,2024-04-10,2026-06-15,Approved
KYC0005150,CUS0005150,Tier3,Low,False,2024-12-14,2027-12-23,Approved
KYC0005151,CUS0005151,Tier2,Medium,False,2025-01-11,2027-03-31,Approved
KYC0005152,CUS0005152,Tier1,Low,False,2025-09-16,2026-10-20,Approved
KYC0005153,CUS0005153,Tier2,Low,False,2025-09-30,2027-12-15,Approved
KYC0005154,CUS0005154,Tier1,Low,False,2024-10-05,2027-03-18,Pending
KYC0005155,CUS0005155,Tier2,Low,False,2026-02-14,2026-10-17,Approved
KYC0005156,CUS0005156,Tier1,Low,False,2024-03-25,2026-10-16,Approved
KYC0005157,CUS0005157,Tier2,Low,False,2024-11-22,2027-09-25,Approved
KYC0005158,CUS0005158,Tier1,Low,False,2026-01-23,2026-05-11,Approved
KYC0005159,CUS0005159,Tier1,Low,False,2025-12-25,2026-11-15,Approved
KYC0005160,CUS0005160,Tier1,Low,False,2026-04-06,2027-07-19,Approved
KYC0005161,CUS0005161,Tier1,Low,False,2024-06-18,2027-08-31,Rejected
KYC0005162,CUS0005162,Tier2,Medium,False,2025-10-29,2026-08-23,Approved
KYC0005163,CUS0005163,Tier2,Medium,False,2024-04-15,2026-12-19,Approved
KYC0005164,CUS0005164,Tier1,Medium,False,2024-08-25,2027-06-05,Approved
KYC0005165,CUS0005165,Tier1,Low,False,2025-10-08,2026-10-14,Approved
KYC0005166,CUS0005166,Tier2,Medium,False,2025-03-01,2027-05-05,Approved
KYC0005167,CUS0005167,Tier1,Low,False,2024-08-05,2026-11-24,Approved
KYC0005168,CUS0005168,Tier1,Medium,False,2026-02-11,2027-10-22,Approved
KYC0005169,CUS0005169,Tier2,Low,False,2024-11-23,2027-05-03,Approved
KYC0005170,CUS0005170,Tier1,Low,False,2025-11-17,2027-05-24,Approved
KYC0005171,CUS0005171,Tier1,Low,False,2025-07-07,2026-05-01,Approved
KYC0005172,CUS0005172,Tier1,Low,False,2025-10-20,2027-03-15,Approved
KYC0005173,CUS0005173,Tier1,Low,False,2025-09-26,2027-09-19,Approved
KYC0005174,CUS0005174,Tier1,Low,False,2024-07-14,2027-01-24,Approved
KYC0005175,CUS0005175,Tier2,Medium,False,2024-05-24,2027-01-12,Approved
KYC0005176,CUS0005176,Tier1,Medium,False,2024-10-13,2027-06-08,Approved
KYC0005177,CUS0005177,Tier3,Low,False,2024-12-14,2027-03-18,Approved
KYC0005178,CUS0005178,Tier1,Low,False,2025-09-26,2026-12-16,Approved
KYC0005179,CUS0005179,Tier2,High,False,2026-04-17,2027-06-20,Approved
KYC0005180,CUS0005180,Tier1,Medium,False,2024-10-06,2027-12-20,Approved
KYC0005181,CUS0005181,Tier2,Low,False,2026-01-07,2027-12-13,Approved
KYC0005182,CUS0005182,Tier1,Low,False,2024-01-21,2027-12-11,Approved
KYC0005183,CUS0005183,Tier3,Low,False,2024-02-21,2027-10-07,Approved
KYC0005184,CUS0005184,Tier2,Medium,False,2026-03-18,2027-09-12,Approved
KYC0005185,CUS0005185,Tier1,Medium,False,2025-07-20,2026-12-17,Approved
KYC0005186,CUS0005186,Tier1,Low,False,2024-02-08,2027-01-07,Pending
KYC0005187,CUS0005187,Tier1,Medium,False,2025-06-25,2026-09-05,Approved
KYC0005188,CUS0005188,Tier1,Low,False,2025-06-04,2026-05-17,Approved
KYC0005189,CUS0005189,Tier2,Low,False,2024-10-27,2027-10-14,Approved
KYC0005190,CUS0005190,Tier2,Low,False,2025-08-15,2027-05-12,Approved
KYC0005191,CUS0005191,Tier2,Low,False,2025-12-13,2026-08-29,Approved
KYC0005192,CUS0005192,Tier1,Medium,False,2025-07-05,2026-12-24,Approved
KYC0005193,CUS0005193,Tier2,Medium,False,2024-04-27,2027-08-25,Approved
KYC0005194,CUS0005194,Tier2,Low,False,2026-03-29,2026-08-07,Approved
KYC0005195,CUS0005195,Tier1,Medium,False,2026-03-27,2026-09-05,Approved
KYC0005196,CUS0005196,Tier2,Low,False,2025-05-09,2027-09-24,Approved
KYC0005197,CUS0005197,Tier2,Low,False,2025-02-26,2026-07-03,Approved
KYC0005198,CUS0005198,Tier2,Low,False,2025-01-20,2027-09-28,Approved
KYC0005199,CUS0005199,Tier3,High,False,2026-04-08,2027-12-22,Approved
KYC0005200,CUS0005200,Tier2,Medium,False,2026-02-14,2027-02-28,Approved
KYC0005201,CUS0005201,Tier1,Low,False,2024-10-28,2027-11-04,Approved
KYC0005202,CUS0005202,Tier1,High,False,2025-10-02,2027-12-24,Approved
KYC0005203,CUS0005203,Tier2,Low,False,2024-12-03,2027-05-18,Approved
KYC0005204,CUS0005204,Tier1,Low,False,2026-05-01,2027-04-23,Approved
KYC0005205,CUS0005205,Tier1,Medium,False,2025-07-29,2027-12-30,Approved
KYC0005206,CUS0005206,Tier3,Low,False,2024-05-06,2027-07-31,Approved
KYC0005207,CUS0005207,Tier2,Low,False,2025-02-14,2027-12-17,Approved
KYC0005208,CUS0005208,Tier2,Medium,True,2024-02-26,2026-10-31,Approved
KYC0005209,CUS0005209,Tier1,High,False,2024-02-03,2026-09-28,Approved
KYC0005210,CUS0005210,Tier2,Low,False,2024-04-02,2027-08-21,Approved
KYC0005211,CUS0005211,Tier1,Low,False,2024-02-15,2026-08-19,Approved
KYC0005212,CUS0005212,Tier2,Low,False,2024-02-01,2027-02-06,Approved
KYC0005213,CUS0005213,Tier1,Low,False,2025-12-18,2027-12-03,Approved
KYC0005214,CUS0005214,Tier1,Medium,False,2025-11-26,2027-03-31,Approved
KYC0005215,CUS0005215,Tier2,Low,False,2026-02-04,2027-12-25,Approved
KYC0005216,CUS0005216,Tier2,Low,False,2024-05-31,2026-11-28,Approved
KYC0005217,CUS0005217,Tier2,Medium,False,2024-09-16,2027-04-18,Approved
KYC0005218,CUS0005218,Tier3,Low,False,2025-12-13,2027-09-25,Approved
KYC0005219,CUS0005219,Tier2,Low,False,2025-11-02,2026-07-06,Approved
KYC0005220,CUS0005220,Tier1,High,False,2024-08-22,2027-10-21,Approved
KYC0005221,CUS0005221,Tier2,Low,False,2024-09-08,2027-02-23,Approved
KYC0005222,CUS0005222,Tier1,Low,False,2025-07-02,2026-10-13,Approved
KYC0005223,CUS0005223,Tier1,Medium,False,2024-05-15,2027-02-04,Approved
KYC0005224,CUS0005224,Tier3,Low,False,2025-10-18,2026-10-09,Approved
KYC0005225,CUS0005225,Tier1,Medium,False,2024-03-22,2027-01-17,Approved
KYC0005226,CUS0005226,Tier1,Low,False,2025-02-23,2027-02-20,Approved
KYC0005227,CUS0005227,Tier2,Low,False,2025-04-14,2026-08-30,Approved
KYC0005228,CUS0005228,Tier1,Medium,False,2026-02-05,2027-04-20,Approved
KYC0005229,CUS0005229,Tier1,Low,False,2025-04-07,2026-06-04,Approved
KYC0005230,CUS0005230,Tier1,Low,False,2025-11-10,2026-09-25,Approved
KYC0005231,CUS0005231,Tier1,Low,False,2025-04-04,2026-11-20,Approved
KYC0005232,CUS0005232,Tier3,Medium,False,2025-05-02,2026-11-25,Approved
KYC0005233,CUS0005233,Tier3,Low,False,2024-01-28,2026-09-28,Approved
KYC0005234,CUS0005234,Tier2,Low,False,2025-11-28,2027-07-03,Approved
KYC0005235,CUS0005235,Tier1,Low,False,2026-02-13,2027-05-11,Approved
KYC0005236,CUS0005236,Tier3,Medium,False,2024-07-22,2026-06-02,Approved
KYC0005237,CUS0005237,Tier1,Low,False,2026-02-07,2027-08-14,Approved
KYC0005238,CUS0005238,Tier1,Low,False,2025-04-10,2027-09-09,Approved
KYC0005239,CUS0005239,Tier2,Low,False,2025-01-26,2026-08-31,Approved
KYC0005240,CUS0005240,Tier2,Low,False,2024-06-14,2026-11-04,Approved
KYC0005241,CUS0005241,Tier2,High,False,2025-08-25,2027-11-02,Approved
KYC0005242,CUS0005242,Tier2,Medium,False,2025-05-03,2027-01-06,Approved
KYC0005243,CUS0005243,Tier2,Low,False,2024-01-11,2026-08-24,Approved
KYC0005244,CUS0005244,Tier1,Low,False,2024-03-25,2026-06-16,Approved
KYC0005245,CUS0005245,Tier2,Low,False,2025-05-21,2027-10-01,Approved
KYC0005246,CUS0005246,Tier1,Low,False,2024-04-01,2027-12-16,Approved
KYC0005247,CUS0005247,Tier2,Low,False,2025-08-17,2027-06-24,Approved
KYC0005248,CUS0005248,Tier1,Low,False,2025-04-11,2027-08-21,Approved
KYC0005249,CUS0005249,Tier1,Low,False,2026-02-15,2027-12-18,Approved
KYC0005250,CUS0005250,Tier1,Low,False,2024-02-05,2027-04-24,Approved
KYC0005251,CUS0005251,Tier1,Low,False,2024-09-04,2026-06-17,Approved
KYC0005252,CUS0005252,Tier1,Low,False,2024-08-19,2027-03-19,Approved
KYC0005253,CUS0005253,Tier3,Medium,False,2025-12-25,2027-12-06,Approved
KYC0005254,CUS0005254,Tier1,High,False,2026-03-29,2026-08-27,Approved
KYC0005255,CUS0005255,Tier2,Low,False,2025-10-12,2027-03-22,Approved
KYC0005256,CUS0005256,Tier1,Medium,False,2025-06-01,2027-04-06,Approved
KYC0005257,CUS0005257,Tier2,Low,False,2025-04-16,2026-07-27,Approved
KYC0005258,CUS0005258,Tier2,High,False,2024-07-28,2027-11-26,Approved
KYC0005259,CUS0005259,Tier1,Low,False,2024-06-06,2026-05-24,Approved
KYC0005260,CUS0005260,Tier2,Low,False,2024-06-12,2026-06-16,Approved
KYC0005261,CUS0005261,Tier1,Low,False,2026-01-21,2027-12-21,Approved
KYC0005262,CUS0005262,Tier1,Low,False,2025-08-22,2027-12-19,Approved
KYC0005263,CUS0005263,Tier2,Low,False,2024-09-12,2027-01-14,Approved
KYC0005264,CUS0005264,Tier2,Medium,False,2025-01-15,2026-06-22,Approved
KYC0005265,CUS0005265,Tier1,Medium,False,2024-01-09,2026-06-09,Approved
KYC0005266,CUS0005266,Tier2,Low,False,2026-01-24,2026-11-18,Approved
KYC0005267,CUS0005267,Tier1,High,False,2025-06-08,2026-12-17,Approved
KYC0005268,CUS0005268,Tier1,Low,False,2024-01-04,2027-01-22,Approved
KYC0005269,CUS0005269,Tier1,Low,False,2025-11-30,2027-06-12,Approved
KYC0005270,CUS0005270,Tier1,Low,False,2026-04-24,2027-01-14,Approved
KYC0005271,CUS0005271,Tier2,Low,False,2026-04-16,2026-06-01,Approved
KYC0005272,CUS0005272,Tier1,Low,False,2024-03-15,2026-08-20,Approved
KYC0005273,CUS0005273,Tier3,Low,False,2025-07-22,2026-09-23,Approved
KYC0005274,CUS0005274,Tier1,High,False,2025-09-16,2027-01-01,Approved
KYC0005275,CUS0005275,Tier2,Low,False,2025-05-04,2027-08-02,Approved
KYC0005276,CUS0005276,Tier3,Low,False,2026-02-08,2026-08-31,Approved
KYC0005277,CUS0005277,Tier1,Low,False,2024-04-17,2026-05-08,Approved
KYC0005278,CUS0005278,Tier1,Low,False,2026-01-30,2027-05-24,Approved
KYC0005279,CUS0005279,Tier2,Medium,False,2026-01-26,2027-05-02,Approved
KYC0005280,CUS0005280,Tier1,Low,False,2024-04-29,2026-09-02,Approved
KYC0005281,CUS0005281,Tier2,Medium,False,2024-10-13,2026-09-15,Approved
KYC0005282,CUS0005282,Tier1,Low,False,2024-02-06,2026-06-01,Pending
KYC0005283,CUS0005283,Tier1,Low,False,2025-11-24,2027-04-05,Approved
KYC0005284,CUS0005284,Tier1,Low,False,2026-04-03,2027-04-05,Approved
KYC0005285,CUS0005285,Tier2,Low,False,2025-05-14,2026-05-22,Approved
KYC0005286,CUS0005286,Tier2,Medium,False,2026-04-16,2027-12-29,Approved
KYC0005287,CUS0005287,Tier2,Low,False,2025-08-30,2026-05-11,Approved
KYC0005288,CUS0005288,Tier1,Medium,False,2024-09-18,2027-03-25,Approved
KYC0005289,CUS0005289,Tier3,Low,False,2025-12-21,2026-12-29,Approved
KYC0005290,CUS0005290,Tier3,Low,False,2025-02-19,2026-11-21,Approved
KYC0005291,CUS0005291,Tier3,Medium,False,2025-05-18,2026-06-01,Approved
KYC0005292,CUS0005292,Tier2,Low,True,2025-02-14,2027-10-14,Approved
KYC0005293,CUS0005293,Tier2,Low,False,2025-08-26,2026-07-01,Approved
KYC0005294,CUS0005294,Tier1,Low,False,2025-03-06,2027-11-08,Approved
KYC0005295,CUS0005295,Tier1,Medium,False,2024-08-05,2026-06-06,Approved
KYC0005296,CUS0005296,Tier1,Low,False,2025-05-15,2027-12-19,Approved
KYC0005297,CUS0005297,Tier1,Low,False,2024-06-06,2026-11-19,Approved
KYC0005298,CUS0005298,Tier1,Low,False,2024-12-14,2027-09-03,Approved
KYC0005299,CUS0005299,Tier2,Low,False,2024-08-26,2027-09-26,Approved
KYC0005300,CUS0005300,Tier2,Low,False,2025-12-16,2027-12-06,Approved
KYC0005301,CUS0005301,Tier2,Low,False,2024-11-07,2026-12-10,Approved
KYC0005302,CUS0005302,Tier2,Low,False,2026-01-22,2027-08-04,Approved
KYC0005303,CUS0005303,Tier2,Low,False,2026-01-23,2027-11-24,Approved
KYC0005304,CUS0005304,Tier2,Low,False,2026-02-26,2026-11-22,Approved
KYC0005305,CUS0005305,Tier1,High,False,2024-03-16,2026-08-12,Approved
KYC0005306,CUS0005306,Tier1,Low,False,2024-08-30,2027-08-05,Approved
KYC0005307,CUS0005307,Tier1,Low,False,2024-04-21,2027-11-05,Approved
KYC0005308,CUS0005308,Tier2,Low,False,2025-05-24,2026-08-23,Approved
KYC0005309,CUS0005309,Tier1,Low,False,2024-09-08,2027-06-30,Approved
KYC0005310,CUS0005310,Tier1,High,False,2024-12-19,2026-05-10,Approved
KYC0005311,CUS0005311,Tier1,Medium,False,2025-03-04,2026-10-14,Approved
KYC0005312,CUS0005312,Tier2,Low,False,2026-03-13,2027-12-18,Approved
KYC0005313,CUS0005313,Tier1,Low,False,2026-01-24,2026-06-22,Pending
KYC0005314,CUS0005314,Tier1,Low,False,2024-12-28,2027-12-12,Approved
KYC0005315,CUS0005315,Tier1,Low,False,2024-06-26,2026-05-10,Approved
KYC0005316,CUS0005316,Tier3,Low,False,2025-08-26,2027-05-13,Approved
KYC0005317,CUS0005317,Tier1,Low,False,2025-05-09,2026-05-15,Approved
KYC0005318,CUS0005318,Tier3,Medium,False,2025-12-23,2026-11-13,Approved
KYC0005319,CUS0005319,Tier2,Low,False,2025-02-04,2027-01-22,Approved
KYC0005320,CUS0005320,Tier2,Low,False,2024-04-12,2026-09-23,Approved
KYC0005321,CUS0005321,Tier3,Medium,False,2025-10-04,2027-09-12,Approved
KYC0005322,CUS0005322,Tier1,Low,False,2024-12-15,2027-05-19,Approved
KYC0005323,CUS0005323,Tier1,Low,False,2024-05-06,2027-09-21,Approved
KYC0005324,CUS0005324,Tier2,Low,False,2026-05-01,2026-12-01,Approved
KYC0005325,CUS0005325,Tier1,High,False,2025-05-07,2027-08-25,Approved
KYC0005326,CUS0005326,Tier2,Medium,False,2024-02-29,2027-03-17,Approved
KYC0005327,CUS0005327,Tier1,Low,False,2025-12-05,2026-08-03,Approved
KYC0005328,CUS0005328,Tier1,Low,False,2024-07-01,2027-03-26,Approved
KYC0005329,CUS0005329,Tier1,Low,False,2025-12-29,2026-05-30,Approved
KYC0005330,CUS0005330,Tier1,Low,False,2025-12-29,2027-09-26,Approved
KYC0005331,CUS0005331,Tier1,Low,False,2024-05-08,2027-08-29,Approved
KYC0005332,CUS0005332,Tier2,Low,False,2024-04-27,2026-05-11,Approved
KYC0005333,CUS0005333,Tier2,Low,False,2026-01-12,2026-11-18,Approved
KYC0005334,CUS0005334,Tier3,Low,False,2024-07-11,2027-07-03,Approved
KYC0005335,CUS0005335,Tier2,Low,False,2024-07-05,2026-09-29,Approved
KYC0005336,CUS0005336,Tier3,Low,False,2024-09-07,2027-10-17,Approved
KYC0005337,CUS0005337,Tier1,Low,False,2024-09-02,2027-10-11,Approved
KYC0005338,CUS0005338,Tier1,Low,False,2024-05-16,2027-08-22,Approved
KYC0005339,CUS0005339,Tier1,Low,False,2025-09-26,2027-12-07,Approved
KYC0005340,CUS0005340,Tier2,Low,False,2026-02-24,2026-08-17,Approved
KYC0005341,CUS0005341,Tier2,Low,False,2026-01-26,2026-06-23,Approved
KYC0005342,CUS0005342,Tier3,Medium,False,2026-04-08,2027-04-29,Approved
KYC0005343,CUS0005343,Tier1,Low,False,2024-10-27,2026-06-23,Pending
KYC0005344,CUS0005344,Tier1,Low,False,2026-01-03,2027-02-06,Approved
KYC0005345,CUS0005345,Tier2,Medium,False,2024-05-03,2027-04-28,Approved
KYC0005346,CUS0005346,Tier1,Medium,False,2025-12-01,2027-10-21,Approved
KYC0005347,CUS0005347,Tier1,Low,False,2024-10-30,2027-07-17,Approved
KYC0005348,CUS0005348,Tier1,Low,False,2025-09-09,2027-02-27,Approved
KYC0005349,CUS0005349,Tier1,Low,False,2024-08-31,2027-10-17,Approved
KYC0005350,CUS0005350,Tier2,Medium,False,2024-02-22,2027-07-25,Approved
KYC0005351,CUS0005351,Tier2,Low,False,2024-10-11,2027-03-15,Approved
KYC0005352,CUS0005352,Tier3,Medium,False,2024-08-20,2027-05-20,Approved
KYC0005353,CUS0005353,Tier2,Low,False,2025-03-28,2026-10-21,Approved
KYC0005354,CUS0005354,Tier3,Low,False,2024-08-03,2027-11-23,Approved
KYC0005355,CUS0005355,Tier1,Low,False,2024-01-29,2027-07-29,Approved
KYC0005356,CUS0005356,Tier2,Low,False,2024-07-02,2026-10-03,Approved
KYC0005357,CUS0005357,Tier1,Low,False,2024-08-01,2027-10-12,Approved
KYC0005358,CUS0005358,Tier3,Low,False,2024-01-18,2027-10-18,Approved
KYC0005359,CUS0005359,Tier3,High,False,2026-03-17,2027-01-10,Approved
KYC0005360,CUS0005360,Tier1,Low,False,2024-06-04,2027-12-29,Approved
KYC0005361,CUS0005361,Tier3,Low,False,2024-02-12,2027-04-28,Approved
KYC0005362,CUS0005362,Tier1,Low,False,2025-12-27,2027-09-08,Approved
KYC0005363,CUS0005363,Tier2,High,False,2025-04-18,2027-08-19,Approved
KYC0005364,CUS0005364,Tier2,Low,False,2025-08-11,2027-08-08,Approved
KYC0005365,CUS0005365,Tier2,Low,False,2026-02-23,2027-02-28,Approved
KYC0005366,CUS0005366,Tier2,Low,False,2025-08-13,2027-02-10,Approved
KYC0005367,CUS0005367,Tier2,Low,False,2024-12-07,2026-06-24,Approved
KYC0005368,CUS0005368,Tier3,Low,False,2024-04-27,2026-10-25,Approved
KYC0005369,CUS0005369,Tier1,Low,False,2024-11-30,2027-04-09,Approved
KYC0005370,CUS0005370,Tier1,Low,False,2024-11-12,2027-07-02,Approved
KYC0005371,CUS0005371,Tier2,High,False,2026-02-10,2027-05-24,Approved
KYC0005372,CUS0005372,Tier3,Low,False,2025-11-10,2027-06-07,Approved
KYC0005373,CUS0005373,Tier1,Low,False,2024-12-18,2027-12-27,Approved
KYC0005374,CUS0005374,Tier1,Low,False,2025-04-24,2027-02-05,Approved
KYC0005375,CUS0005375,Tier1,Medium,False,2025-05-28,2027-01-23,Approved
KYC0005376,CUS0005376,Tier2,Low,False,2024-12-16,2026-11-22,Approved
KYC0005377,CUS0005377,Tier1,Low,False,2024-02-08,2027-08-28,Approved
KYC0005378,CUS0005378,Tier1,Low,False,2024-12-09,2027-05-30,Approved
KYC0005379,CUS0005379,Tier2,Low,False,2024-09-24,2027-01-10,Approved
KYC0005380,CUS0005380,Tier2,Low,False,2024-12-22,2027-10-20,Approved
KYC0005381,CUS0005381,Tier2,Low,False,2024-01-05,2026-09-26,Approved
KYC0005382,CUS0005382,Tier2,Low,False,2024-07-10,2026-05-19,Approved
KYC0005383,CUS0005383,Tier2,Medium,False,2025-06-14,2026-12-08,Approved
KYC0005384,CUS0005384,Tier1,Low,False,2025-06-07,2027-02-05,Approved
KYC0005385,CUS0005385,Tier1,Low,False,2025-12-28,2027-05-21,Approved
KYC0005386,CUS0005386,Tier1,Low,False,2025-04-30,2027-04-18,Approved
KYC0005387,CUS0005387,Tier3,Medium,False,2024-07-28,2027-08-04,Approved
KYC0005388,CUS0005388,Tier1,Low,False,2024-05-08,2027-06-25,Approved
KYC0005389,CUS0005389,Tier1,Low,False,2024-01-19,2026-06-28,Approved
KYC0005390,CUS0005390,Tier3,Low,False,2024-12-29,2026-08-06,Approved
KYC0005391,CUS0005391,Tier2,Low,False,2025-04-15,2026-10-14,Approved
KYC0005392,CUS0005392,Tier2,Medium,False,2024-09-04,2026-12-11,Approved
KYC0005393,CUS0005393,Tier1,Low,False,2026-04-02,2027-02-08,Approved
KYC0005394,CUS0005394,Tier2,Medium,False,2025-06-03,2027-11-29,Approved
KYC0005395,CUS0005395,Tier1,Medium,False,2024-12-05,2026-08-07,Approved
KYC0005396,CUS0005396,Tier2,Low,False,2024-12-30,2026-08-21,Approved
KYC0005397,CUS0005397,Tier1,Low,False,2026-01-01,2026-11-18,Approved
KYC0005398,CUS0005398,Tier2,Medium,False,2024-07-19,2026-08-15,Pending
KYC0005399,CUS0005399,Tier1,Low,False,2024-03-22,2026-07-27,Approved
KYC0005400,CUS0005400,Tier2,Low,False,2024-10-23,2026-06-01,Approved
KYC0005401,CUS0005401,Tier1,Low,False,2024-01-25,2026-06-21,Approved
KYC0005402,CUS0005402,Tier1,Low,False,2025-05-16,2026-07-11,Approved
KYC0005403,CUS0005403,Tier2,Low,False,2024-07-15,2027-04-09,Approved
KYC0005404,CUS0005404,Tier2,Low,False,2026-04-05,2027-09-15,Approved
KYC0005405,CUS0005405,Tier1,Low,False,2025-11-19,2026-08-02,Approved
KYC0005406,CUS0005406,Tier2,Low,False,2025-09-09,2027-09-27,Approved
KYC0005407,CUS0005407,Tier1,Low,False,2024-07-24,2027-03-31,Approved
KYC0005408,CUS0005408,Tier1,Low,False,2025-11-09,2027-05-23,Approved
KYC0005409,CUS0005409,Tier2,High,False,2024-10-08,2027-04-19,Approved
KYC0005410,CUS0005410,Tier3,Medium,False,2025-01-02,2027-10-04,Pending
KYC0005411,CUS0005411,Tier1,Medium,False,2024-04-14,2027-05-18,Approved
KYC0005412,CUS0005412,Tier1,Medium,False,2026-03-10,2026-08-08,Approved
KYC0005413,CUS0005413,Tier2,Low,False,2025-11-18,2027-07-03,Approved
KYC0005414,CUS0005414,Tier1,Low,False,2025-06-21,2027-01-24,Approved
KYC0005415,CUS0005415,Tier1,High,False,2024-02-26,2027-05-14,Approved
KYC0005416,CUS0005416,Tier3,Medium,False,2026-01-20,2027-11-10,Approved
KYC0005417,CUS0005417,Tier2,Medium,False,2026-04-23,2027-10-09,Approved
KYC0005418,CUS0005418,Tier3,Low,False,2024-02-28,2027-07-27,Approved
KYC0005419,CUS0005419,Tier3,Low,False,2025-08-13,2027-02-14,Approved
KYC0005420,CUS0005420,Tier1,Low,False,2024-03-20,2027-12-15,Approved
KYC0005421,CUS0005421,Tier1,Medium,False,2025-03-04,2026-08-08,Approved
KYC0005422,CUS0005422,Tier3,Medium,False,2024-11-13,2027-05-22,Approved
KYC0005423,CUS0005423,Tier2,Medium,False,2025-06-10,2027-01-19,Approved
KYC0005424,CUS0005424,Tier1,Low,False,2025-08-13,2027-01-13,Approved
KYC0005425,CUS0005425,Tier1,Low,False,2024-08-05,2027-04-06,Approved
KYC0005426,CUS0005426,Tier2,Medium,False,2024-09-30,2026-07-02,Pending
KYC0005427,CUS0005427,Tier1,Low,False,2025-05-24,2027-12-13,Approved
KYC0005428,CUS0005428,Tier1,Low,False,2025-09-27,2026-05-09,Pending
KYC0005429,CUS0005429,Tier2,Low,False,2024-06-07,2027-05-09,Approved
KYC0005430,CUS0005430,Tier2,High,False,2024-09-17,2026-05-21,Approved
KYC0005431,CUS0005431,Tier2,Low,False,2025-10-24,2027-03-18,Approved
KYC0005432,CUS0005432,Tier1,Medium,False,2025-04-13,2027-05-23,Approved
KYC0005433,CUS0005433,Tier2,Low,False,2024-01-08,2027-11-10,Approved
KYC0005434,CUS0005434,Tier1,Low,False,2024-05-05,2026-05-07,Approved
KYC0005435,CUS0005435,Tier1,Low,False,2024-07-23,2026-08-13,Approved
KYC0005436,CUS0005436,Tier1,Low,False,2024-04-07,2027-12-18,Approved
KYC0005437,CUS0005437,Tier2,Medium,False,2024-10-08,2027-05-22,Approved
KYC0005438,CUS0005438,Tier1,Low,False,2024-02-27,2026-07-19,Approved
KYC0005439,CUS0005439,Tier1,Medium,False,2025-07-18,2026-07-02,Approved
KYC0005440,CUS0005440,Tier1,Low,False,2025-02-09,2027-04-24,Approved
KYC0005441,CUS0005441,Tier2,Medium,False,2024-08-28,2027-12-21,Approved
KYC0005442,CUS0005442,Tier1,Medium,False,2024-04-24,2026-05-03,Approved
KYC0005443,CUS0005443,Tier1,Medium,False,2025-03-03,2026-07-17,Approved
KYC0005444,CUS0005444,Tier2,Low,False,2026-01-15,2026-06-05,Approved
KYC0005445,CUS0005445,Tier1,Low,False,2024-08-14,2027-02-09,Approved
KYC0005446,CUS0005446,Tier1,Low,False,2025-05-15,2027-05-04,Approved
KYC0005447,CUS0005447,Tier1,Medium,False,2024-04-14,2027-08-11,Approved
KYC0005448,CUS0005448,Tier1,Low,False,2025-02-18,2027-03-07,Approved
KYC0005449,CUS0005449,Tier1,Low,False,2025-02-02,2027-01-03,Approved
KYC0005450,CUS0005450,Tier3,Low,False,2024-12-17,2026-09-19,Approved
KYC0005451,CUS0005451,Tier1,Low,False,2026-02-17,2026-11-19,Approved
KYC0005452,CUS0005452,Tier1,Low,False,2025-01-12,2026-06-14,Approved
KYC0005453,CUS0005453,Tier2,Low,False,2026-04-27,2026-05-14,Approved
KYC0005454,CUS0005454,Tier1,Low,False,2024-05-31,2026-07-19,Approved
KYC0005455,CUS0005455,Tier1,Low,False,2025-10-21,2027-07-02,Approved
KYC0005456,CUS0005456,Tier2,Medium,False,2025-06-20,2027-11-22,Approved
KYC0005457,CUS0005457,Tier3,Low,False,2024-01-06,2027-06-20,Approved
KYC0005458,CUS0005458,Tier3,Low,False,2024-10-17,2027-09-24,Approved
KYC0005459,CUS0005459,Tier1,Low,False,2025-08-02,2027-03-27,Approved
KYC0005460,CUS0005460,Tier1,High,False,2024-10-11,2027-12-23,Approved
KYC0005461,CUS0005461,Tier1,Medium,False,2025-06-28,2027-07-11,Approved
KYC0005462,CUS0005462,Tier2,Low,False,2024-09-14,2026-07-02,Approved
KYC0005463,CUS0005463,Tier2,Low,False,2025-05-24,2027-10-30,Approved
KYC0005464,CUS0005464,Tier2,Medium,False,2026-04-20,2026-09-14,Approved
KYC0005465,CUS0005465,Tier2,High,False,2025-05-22,2026-08-27,Approved
KYC0005466,CUS0005466,Tier1,Low,False,2024-01-08,2027-03-25,Approved
KYC0005467,CUS0005467,Tier1,Low,False,2025-07-17,2027-07-29,Approved
KYC0005468,CUS0005468,Tier3,Low,False,2025-03-18,2026-05-06,Approved
KYC0005469,CUS0005469,Tier2,High,False,2026-04-30,2027-01-10,Approved
KYC0005470,CUS0005470,Tier1,Low,False,2026-04-03,2026-10-28,Approved
KYC0005471,CUS0005471,Tier1,Medium,False,2024-04-01,2027-12-09,Approved
KYC0005472,CUS0005472,Tier1,Low,False,2025-09-22,2026-05-14,Approved
KYC0005473,CUS0005473,Tier1,Low,False,2024-06-27,2026-09-12,Approved
KYC0005474,CUS0005474,Tier2,Low,False,2025-10-18,2026-07-11,Approved
KYC0005475,CUS0005475,Tier1,Medium,False,2025-02-17,2027-05-22,Approved
KYC0005476,CUS0005476,Tier2,Low,False,2025-08-31,2026-07-29,Approved
KYC0005477,CUS0005477,Tier1,Low,False,2025-10-20,2027-03-31,Pending
KYC0005478,CUS0005478,Tier1,Medium,False,2026-04-20,2027-01-07,Approved
KYC0005479,CUS0005479,Tier1,Low,False,2024-12-15,2027-04-30,Approved
KYC0005480,CUS0005480,Tier3,Medium,False,2024-09-05,2026-11-21,Approved
KYC0005481,CUS0005481,Tier2,Medium,False,2025-02-21,2026-11-24,Approved
KYC0005482,CUS0005482,Tier2,Medium,False,2025-08-17,2027-04-10,Approved
KYC0005483,CUS0005483,Tier2,Medium,False,2024-10-15,2026-11-21,Approved
KYC0005484,CUS0005484,Tier1,Low,False,2024-11-27,2026-09-03,Pending
KYC0005485,CUS0005485,Tier3,Medium,False,2025-01-19,2026-07-15,Approved
KYC0005486,CUS0005486,Tier2,Low,False,2026-04-16,2026-12-18,Approved
KYC0005487,CUS0005487,Tier2,Low,False,2026-01-16,2027-10-03,Approved
KYC0005488,CUS0005488,Tier1,Low,False,2025-06-12,2027-06-23,Approved
KYC0005489,CUS0005489,Tier2,Low,False,2024-08-27,2027-12-04,Approved
KYC0005490,CUS0005490,Tier1,Medium,False,2025-03-09,2026-12-25,Approved
KYC0005491,CUS0005491,Tier1,Medium,False,2024-03-29,2026-06-03,Approved
KYC0005492,CUS0005492,Tier2,Low,True,2024-10-17,2027-04-22,Approved
KYC0005493,CUS0005493,Tier2,Medium,False,2026-03-21,2026-08-01,Approved
KYC0005494,CUS0005494,Tier1,Low,False,2024-04-13,2026-12-15,Approved
KYC0005495,CUS0005495,Tier2,Low,False,2024-09-05,2027-11-18,Approved
KYC0005496,CUS0005496,Tier1,Medium,True,2025-02-12,2027-09-18,Approved
KYC0005497,CUS0005497,Tier2,Low,False,2025-12-23,2027-01-07,Approved
KYC0005498,CUS0005498,Tier1,High,False,2026-04-16,2027-07-16,Approved
KYC0005499,CUS0005499,Tier1,Medium,False,2024-11-18,2027-06-24,Approved
KYC0005500,CUS0005500,Tier1,High,False,2025-11-01,2027-09-05,Approved
KYC0005501,CUS0005501,Tier1,Low,False,2024-03-03,2027-11-10,Approved
KYC0005502,CUS0005502,Tier3,Medium,False,2024-10-10,2026-08-20,Approved
KYC0005503,CUS0005503,Tier1,Medium,False,2024-06-02,2027-10-14,Approved
KYC0005504,CUS0005504,Tier1,Low,False,2024-03-09,2026-11-11,Approved
KYC0005505,CUS0005505,Tier1,Low,False,2024-05-13,2026-12-11,Approved
KYC0005506,CUS0005506,Tier1,Low,False,2025-04-25,2027-11-14,Approved
KYC0005507,CUS0005507,Tier3,Low,False,2026-03-19,2027-12-16,Approved
KYC0005508,CUS0005508,Tier2,Medium,False,2024-04-03,2027-05-29,Approved
KYC0005509,CUS0005509,Tier1,Low,False,2026-03-30,2026-06-07,Approved
KYC0005510,CUS0005510,Tier1,Medium,False,2025-03-26,2026-10-16,Approved
KYC0005511,CUS0005511,Tier1,Low,False,2024-07-17,2027-01-18,Approved
KYC0005512,CUS0005512,Tier2,Medium,False,2024-08-05,2027-09-27,Approved
KYC0005513,CUS0005513,Tier3,Medium,False,2025-01-15,2027-02-14,Pending
KYC0005514,CUS0005514,Tier1,Low,False,2024-10-12,2026-08-24,Approved
KYC0005515,CUS0005515,Tier2,Low,False,2026-01-23,2026-10-04,Approved
KYC0005516,CUS0005516,Tier2,High,False,2025-09-19,2026-09-28,Approved
KYC0005517,CUS0005517,Tier1,Low,False,2025-08-30,2026-09-19,Approved
KYC0005518,CUS0005518,Tier1,Low,False,2024-05-03,2027-11-18,Approved
KYC0005519,CUS0005519,Tier2,High,False,2026-01-07,2027-02-28,Approved
KYC0005520,CUS0005520,Tier1,Low,False,2026-02-23,2027-03-22,Pending
KYC0005521,CUS0005521,Tier2,Low,False,2025-01-08,2027-01-24,Approved
KYC0005522,CUS0005522,Tier2,Medium,False,2024-06-15,2027-01-04,Approved
KYC0005523,CUS0005523,Tier1,Medium,False,2026-02-20,2026-11-25,Approved
KYC0005524,CUS0005524,Tier2,Low,False,2024-10-02,2026-05-20,Approved
KYC0005525,CUS0005525,Tier3,Low,False,2024-12-07,2026-05-25,Approved
KYC0005526,CUS0005526,Tier2,Medium,False,2024-05-05,2026-07-31,Approved
KYC0005527,CUS0005527,Tier2,Low,False,2026-01-31,2026-07-02,Approved
KYC0005528,CUS0005528,Tier1,Low,False,2024-12-03,2026-08-03,Approved
KYC0005529,CUS0005529,Tier1,Low,False,2024-07-08,2027-07-06,Approved
KYC0005530,CUS0005530,Tier1,Low,False,2025-10-19,2027-12-28,Approved
KYC0005531,CUS0005531,Tier2,Medium,False,2025-07-10,2027-04-04,Approved
KYC0005532,CUS0005532,Tier2,Medium,False,2026-04-11,2027-10-14,Approved
KYC0005533,CUS0005533,Tier2,Low,False,2025-02-14,2027-08-14,Approved
KYC0005534,CUS0005534,Tier1,Medium,False,2024-06-10,2027-09-17,Approved
KYC0005535,CUS0005535,Tier3,Medium,False,2024-02-17,2026-08-13,Approved
KYC0005536,CUS0005536,Tier1,Low,False,2025-09-06,2027-02-18,Approved
KYC0005537,CUS0005537,Tier2,Low,False,2024-07-23,2026-12-10,Approved
KYC0005538,CUS0005538,Tier1,Low,False,2025-09-23,2026-09-06,Approved
KYC0005539,CUS0005539,Tier2,Low,False,2025-09-01,2026-12-06,Approved
KYC0005540,CUS0005540,Tier2,Medium,False,2024-11-15,2026-06-19,Approved
KYC0005541,CUS0005541,Tier1,Medium,False,2025-08-11,2027-12-16,Approved
KYC0005542,CUS0005542,Tier1,Low,False,2024-03-17,2027-07-20,Approved
KYC0005543,CUS0005543,Tier1,Medium,False,2024-10-04,2026-05-04,Rejected
KYC0005544,CUS0005544,Tier2,Low,False,2024-05-25,2026-07-19,Approved
KYC0005545,CUS0005545,Tier2,Low,False,2024-07-18,2027-06-28,Approved
KYC0005546,CUS0005546,Tier2,Medium,False,2026-02-17,2026-05-13,Approved
KYC0005547,CUS0005547,Tier1,Low,False,2024-10-04,2027-08-20,Approved
KYC0005548,CUS0005548,Tier1,Low,False,2026-02-23,2027-11-04,Approved
KYC0005549,CUS0005549,Tier2,Medium,False,2024-03-04,2027-06-09,Approved
KYC0005550,CUS0005550,Tier1,Low,False,2024-02-25,2027-04-21,Approved
KYC0005551,CUS0005551,Tier1,Low,False,2025-02-07,2026-12-03,Approved
KYC0005552,CUS0005552,Tier2,Medium,False,2024-01-07,2027-11-08,Approved
KYC0005553,CUS0005553,Tier2,High,False,2025-09-19,2027-05-23,Approved
KYC0005554,CUS0005554,Tier1,Low,False,2024-04-28,2026-11-09,Approved
KYC0005555,CUS0005555,Tier2,Low,False,2025-03-06,2026-12-04,Approved
KYC0005556,CUS0005556,Tier2,High,False,2024-06-23,2027-03-28,Pending
KYC0005557,CUS0005557,Tier2,Low,False,2026-04-10,2027-12-21,Approved
KYC0005558,CUS0005558,Tier2,Medium,False,2025-11-30,2027-04-01,Approved
KYC0005559,CUS0005559,Tier2,Low,False,2025-04-09,2027-04-16,Approved
KYC0005560,CUS0005560,Tier1,Low,False,2024-08-21,2027-07-20,Approved
KYC0005561,CUS0005561,Tier2,Medium,False,2024-07-26,2027-05-18,Approved
KYC0005562,CUS0005562,Tier1,Low,False,2025-02-01,2027-07-14,Approved
KYC0005563,CUS0005563,Tier1,Low,False,2025-04-20,2027-10-08,Approved
KYC0005564,CUS0005564,Tier2,Low,False,2024-06-18,2026-10-09,Approved
KYC0005565,CUS0005565,Tier3,Low,False,2025-05-20,2026-12-15,Approved
KYC0005566,CUS0005566,Tier2,Low,False,2024-09-05,2027-08-13,Approved
KYC0005567,CUS0005567,Tier1,Medium,False,2024-12-01,2027-04-09,Approved
KYC0005568,CUS0005568,Tier1,Low,False,2024-10-20,2027-07-05,Approved
KYC0005569,CUS0005569,Tier2,Low,False,2025-03-23,2026-10-05,Approved
KYC0005570,CUS0005570,Tier1,Low,False,2026-03-15,2026-10-12,Approved
KYC0005571,CUS0005571,Tier1,Medium,False,2025-03-19,2027-07-26,Approved
KYC0005572,CUS0005572,Tier1,Medium,False,2024-12-25,2027-04-06,Approved
KYC0005573,CUS0005573,Tier1,Low,False,2024-10-02,2027-09-02,Approved
KYC0005574,CUS0005574,Tier2,Low,False,2024-05-27,2026-05-24,Approved
KYC0005575,CUS0005575,Tier2,Low,False,2024-12-04,2027-01-26,Approved
KYC0005576,CUS0005576,Tier1,Low,False,2024-01-09,2027-09-08,Approved
KYC0005577,CUS0005577,Tier2,Low,False,2025-02-24,2026-05-02,Approved
KYC0005578,CUS0005578,Tier2,Low,False,2025-09-14,2026-05-21,Approved
KYC0005579,CUS0005579,Tier2,Low,False,2025-05-07,2026-07-20,Approved
KYC0005580,CUS0005580,Tier1,Low,False,2024-03-23,2027-02-21,Approved
KYC0005581,CUS0005581,Tier2,Low,False,2025-12-12,2026-05-19,Approved
KYC0005582,CUS0005582,Tier3,Low,False,2025-10-02,2027-08-12,Approved
KYC0005583,CUS0005583,Tier2,Low,False,2024-01-25,2027-07-02,Approved
KYC0005584,CUS0005584,Tier1,Low,False,2025-02-14,2026-05-15,Approved
KYC0005585,CUS0005585,Tier2,Low,False,2024-12-28,2027-04-27,Approved
KYC0005586,CUS0005586,Tier2,Low,False,2026-01-01,2027-02-13,Approved
KYC0005587,CUS0005587,Tier2,Low,False,2025-04-07,2027-09-01,Approved
KYC0005588,CUS0005588,Tier1,Low,False,2024-11-23,2026-11-15,Approved
KYC0005589,CUS0005589,Tier1,Low,False,2024-06-03,2027-01-03,Approved
KYC0005590,CUS0005590,Tier1,Low,False,2026-01-15,2027-02-11,Approved
KYC0005591,CUS0005591,Tier2,Low,False,2024-11-10,2027-03-24,Approved
KYC0005592,CUS0005592,Tier2,Medium,False,2024-09-19,2027-03-03,Approved
KYC0005593,CUS0005593,Tier1,Medium,False,2025-01-22,2026-05-26,Approved
KYC0005594,CUS0005594,Tier1,Low,False,2024-09-19,2027-07-07,Approved
KYC0005595,CUS0005595,Tier1,Low,False,2024-11-21,2026-12-07,Approved
KYC0005596,CUS0005596,Tier3,Low,False,2024-02-10,2027-07-18,Approved
KYC0005597,CUS0005597,Tier1,Low,False,2025-12-25,2027-06-07,Approved
KYC0005598,CUS0005598,Tier1,Low,False,2024-11-25,2026-10-29,Approved
KYC0005599,CUS0005599,Tier1,Low,False,2025-04-17,2026-07-19,Approved
KYC0005600,CUS0005600,Tier1,Low,False,2024-08-20,2027-01-04,Approved
KYC0005601,CUS0005601,Tier2,Medium,False,2024-01-04,2026-06-10,Approved
KYC0005602,CUS0005602,Tier2,Low,False,2024-09-03,2027-01-18,Approved
KYC0005603,CUS0005603,Tier2,Low,False,2026-04-12,2027-08-04,Approved
KYC0005604,CUS0005604,Tier1,Low,False,2025-02-07,2026-11-20,Approved
KYC0005605,CUS0005605,Tier2,Medium,False,2024-11-05,2027-11-20,Approved
KYC0005606,CUS0005606,Tier2,Low,False,2024-06-20,2026-11-28,Approved
KYC0005607,CUS0005607,Tier2,High,False,2025-06-26,2026-07-21,Approved
KYC0005608,CUS0005608,Tier2,Low,False,2024-09-06,2027-08-03,Approved
KYC0005609,CUS0005609,Tier2,Medium,False,2025-05-28,2027-07-22,Pending
KYC0005610,CUS0005610,Tier3,Low,False,2025-11-13,2027-04-11,Approved
KYC0005611,CUS0005611,Tier1,Low,False,2024-04-13,2026-07-21,Pending
KYC0005612,CUS0005612,Tier1,Low,False,2024-12-07,2027-03-07,Approved
KYC0005613,CUS0005613,Tier2,Medium,True,2024-01-06,2026-11-27,Approved
KYC0005614,CUS0005614,Tier2,Low,False,2025-06-26,2026-07-17,Approved
KYC0005615,CUS0005615,Tier1,Medium,False,2024-07-19,2026-05-08,Approved
KYC0005616,CUS0005616,Tier2,Medium,False,2025-05-30,2027-06-24,Pending
KYC0005617,CUS0005617,Tier2,Low,False,2025-06-16,2027-03-09,Approved
KYC0005618,CUS0005618,Tier3,Low,False,2025-01-28,2027-01-12,Approved
KYC0005619,CUS0005619,Tier2,Low,False,2025-07-06,2026-10-23,Approved
KYC0005620,CUS0005620,Tier2,Low,False,2024-07-11,2026-07-10,Approved
KYC0005621,CUS0005621,Tier1,Medium,False,2024-02-11,2026-12-14,Approved
KYC0005622,CUS0005622,Tier1,Low,False,2024-01-07,2027-05-18,Approved
KYC0005623,CUS0005623,Tier2,Low,False,2026-01-18,2026-08-15,Approved
KYC0005624,CUS0005624,Tier2,Low,False,2024-06-19,2026-08-21,Approved
KYC0005625,CUS0005625,Tier1,Medium,False,2025-10-01,2027-07-14,Approved
KYC0005626,CUS0005626,Tier2,Medium,False,2024-09-21,2027-03-02,Approved
KYC0005627,CUS0005627,Tier1,Low,False,2026-03-31,2027-05-29,Approved
KYC0005628,CUS0005628,Tier2,Medium,False,2025-10-04,2027-07-03,Approved
KYC0005629,CUS0005629,Tier1,Low,False,2024-02-28,2027-11-13,Approved
KYC0005630,CUS0005630,Tier1,Low,False,2025-02-09,2027-10-19,Approved
KYC0005631,CUS0005631,Tier1,Low,False,2026-04-01,2027-05-16,Approved
KYC0005632,CUS0005632,Tier1,Low,False,2024-07-19,2027-04-30,Approved
KYC0005633,CUS0005633,Tier3,Low,False,2024-10-10,2027-08-30,Approved
KYC0005634,CUS0005634,Tier2,Low,False,2026-04-04,2026-12-10,Approved
KYC0005635,CUS0005635,Tier1,Low,False,2025-04-30,2027-02-24,Pending
KYC0005636,CUS0005636,Tier2,Low,False,2025-09-29,2027-02-03,Approved
KYC0005637,CUS0005637,Tier1,Low,False,2025-04-08,2027-06-18,Approved
KYC0005638,CUS0005638,Tier1,Low,False,2025-04-11,2027-10-23,Approved
KYC0005639,CUS0005639,Tier2,Low,False,2025-12-17,2027-08-05,Approved
KYC0005640,CUS0005640,Tier1,Medium,False,2025-12-21,2027-12-13,Approved
KYC0005641,CUS0005641,Tier2,Low,False,2025-12-09,2027-08-21,Approved
KYC0005642,CUS0005642,Tier2,Low,False,2026-04-26,2027-07-15,Approved
KYC0005643,CUS0005643,Tier1,Low,False,2024-12-17,2027-01-23,Approved
KYC0005644,CUS0005644,Tier2,Low,False,2024-10-22,2026-05-18,Approved
KYC0005645,CUS0005645,Tier2,High,False,2024-07-14,2027-07-06,Approved
KYC0005646,CUS0005646,Tier2,Low,False,2025-01-10,2027-02-25,Approved
KYC0005647,CUS0005647,Tier2,Low,False,2024-04-07,2027-06-14,Pending
KYC0005648,CUS0005648,Tier2,Low,False,2024-09-03,2026-05-09,Approved
KYC0005649,CUS0005649,Tier2,Low,False,2024-06-01,2027-12-02,Approved
KYC0005650,CUS0005650,Tier1,Low,False,2024-07-28,2026-07-15,Approved
KYC0005651,CUS0005651,Tier1,Low,False,2024-11-23,2027-05-02,Pending
KYC0005652,CUS0005652,Tier1,Low,False,2024-11-03,2026-10-27,Approved
KYC0005653,CUS0005653,Tier2,Low,False,2024-07-06,2026-09-14,Approved
KYC0005654,CUS0005654,Tier2,Medium,False,2025-03-20,2027-11-24,Pending
KYC0005655,CUS0005655,Tier1,High,False,2026-02-16,2026-06-29,Approved
KYC0005656,CUS0005656,Tier1,Low,False,2025-12-31,2026-05-25,Approved
KYC0005657,CUS0005657,Tier1,Low,False,2024-06-23,2026-08-31,Approved
KYC0005658,CUS0005658,Tier3,Low,False,2024-03-26,2027-10-12,Approved
KYC0005659,CUS0005659,Tier3,Low,False,2024-01-30,2026-05-06,Approved
KYC0005660,CUS0005660,Tier2,Low,False,2026-01-24,2027-11-18,Approved
KYC0005661,CUS0005661,Tier1,Low,False,2025-04-25,2027-08-28,Approved
KYC0005662,CUS0005662,Tier2,Medium,False,2026-03-17,2026-05-14,Approved
KYC0005663,CUS0005663,Tier3,Low,False,2024-03-07,2026-12-23,Approved
KYC0005664,CUS0005664,Tier1,Medium,False,2026-04-14,2027-04-07,Approved
KYC0005665,CUS0005665,Tier2,Low,False,2025-10-04,2027-03-17,Approved
KYC0005666,CUS0005666,Tier1,Low,False,2024-07-05,2027-12-03,Approved
KYC0005667,CUS0005667,Tier1,Low,False,2024-03-29,2027-07-17,Approved
KYC0005668,CUS0005668,Tier2,Low,False,2024-04-10,2027-10-18,Approved
KYC0005669,CUS0005669,Tier1,High,False,2024-04-17,2027-01-15,Approved
KYC0005670,CUS0005670,Tier1,Low,False,2024-10-12,2027-06-11,Approved
KYC0005671,CUS0005671,Tier2,Low,False,2025-02-04,2027-12-10,Approved
KYC0005672,CUS0005672,Tier3,Low,False,2025-01-30,2026-08-07,Approved
KYC0005673,CUS0005673,Tier2,High,False,2025-01-13,2027-10-09,Approved
KYC0005674,CUS0005674,Tier1,Low,False,2025-12-30,2027-11-20,Approved
KYC0005675,CUS0005675,Tier3,Low,False,2026-03-02,2027-05-02,Pending
KYC0005676,CUS0005676,Tier1,Low,False,2025-10-22,2027-06-03,Approved
KYC0005677,CUS0005677,Tier1,Medium,False,2024-03-26,2027-07-08,Approved
KYC0005678,CUS0005678,Tier1,Low,False,2024-08-06,2026-09-01,Approved
KYC0005679,CUS0005679,Tier1,Medium,False,2024-11-20,2027-07-26,Approved
KYC0005680,CUS0005680,Tier1,Low,False,2024-07-14,2026-12-09,Approved
KYC0005681,CUS0005681,Tier1,Low,False,2025-05-26,2027-12-27,Approved
KYC0005682,CUS0005682,Tier1,Low,False,2025-02-15,2027-06-18,Approved
KYC0005683,CUS0005683,Tier2,Low,False,2024-09-17,2027-05-05,Approved
KYC0005684,CUS0005684,Tier3,Low,False,2024-09-09,2027-04-24,Pending
KYC0005685,CUS0005685,Tier1,Low,False,2024-06-25,2027-12-12,Approved
KYC0005686,CUS0005686,Tier1,Low,False,2025-01-28,2027-07-04,Approved
KYC0005687,CUS0005687,Tier1,Low,False,2025-08-17,2026-08-21,Approved
KYC0005688,CUS0005688,Tier2,Low,False,2025-08-16,2027-02-07,Approved
KYC0005689,CUS0005689,Tier1,Low,False,2024-04-28,2027-09-11,Approved
KYC0005690,CUS0005690,Tier1,Medium,False,2024-01-04,2027-02-08,Approved
KYC0005691,CUS0005691,Tier2,Low,False,2024-01-15,2026-11-01,Approved
KYC0005692,CUS0005692,Tier2,Low,False,2025-08-23,2027-07-19,Approved
KYC0005693,CUS0005693,Tier1,Low,False,2025-01-19,2027-03-04,Approved
KYC0005694,CUS0005694,Tier1,Low,False,2026-02-27,2026-10-23,Approved
KYC0005695,CUS0005695,Tier1,Low,False,2025-12-30,2026-11-18,Approved
KYC0005696,CUS0005696,Tier2,Low,False,2024-02-29,2026-07-23,Approved
KYC0005697,CUS0005697,Tier1,Low,False,2024-12-27,2026-07-12,Approved
KYC0005698,CUS0005698,Tier2,Low,False,2024-06-23,2027-07-27,Approved
KYC0005699,CUS0005699,Tier1,Medium,False,2024-01-21,2027-09-24,Approved
KYC0005700,CUS0005700,Tier1,Low,False,2025-04-25,2027-03-07,Approved
KYC0005701,CUS0005701,Tier3,Low,False,2026-04-02,2026-09-17,Approved
KYC0005702,CUS0005702,Tier2,Low,False,2024-09-26,2026-07-03,Approved
KYC0005703,CUS0005703,Tier2,Low,False,2024-02-04,2027-05-19,Approved
KYC0005704,CUS0005704,Tier1,Low,False,2026-04-26,2026-07-16,Approved
KYC0005705,CUS0005705,Tier1,Low,False,2024-11-18,2026-06-12,Approved
KYC0005706,CUS0005706,Tier1,Low,False,2024-05-16,2027-04-30,Approved
KYC0005707,CUS0005707,Tier1,Low,False,2025-11-20,2027-10-31,Approved
KYC0005708,CUS0005708,Tier2,Medium,False,2025-06-03,2027-08-05,Approved
KYC0005709,CUS0005709,Tier1,Low,False,2025-11-29,2027-11-10,Approved
KYC0005710,CUS0005710,Tier3,Low,False,2024-11-01,2027-12-15,Approved
KYC0005711,CUS0005711,Tier2,High,False,2024-06-19,2027-07-06,Approved
KYC0005712,CUS0005712,Tier1,Low,False,2024-10-31,2027-10-22,Approved
KYC0005713,CUS0005713,Tier2,Low,False,2024-08-22,2026-08-14,Pending
KYC0005714,CUS0005714,Tier1,Low,False,2025-02-12,2026-12-05,Approved
KYC0005715,CUS0005715,Tier1,Medium,False,2024-02-18,2027-01-28,Approved
KYC0005716,CUS0005716,Tier1,Low,False,2024-02-15,2026-07-12,Approved
KYC0005717,CUS0005717,Tier2,Low,False,2024-06-26,2026-05-15,Approved
KYC0005718,CUS0005718,Tier1,Low,False,2026-01-30,2027-04-06,Approved
KYC0005719,CUS0005719,Tier1,Low,False,2024-11-15,2027-11-23,Approved
KYC0005720,CUS0005720,Tier1,Low,False,2024-06-21,2027-10-13,Pending
KYC0005721,CUS0005721,Tier3,Medium,False,2025-09-21,2026-08-27,Approved
KYC0005722,CUS0005722,Tier1,High,False,2026-04-28,2026-05-07,Approved
KYC0005723,CUS0005723,Tier2,Low,False,2024-03-17,2027-09-05,Approved
KYC0005724,CUS0005724,Tier1,High,False,2025-11-17,2027-01-11,Approved
KYC0005725,CUS0005725,Tier2,Medium,False,2024-09-30,2026-10-24,Approved
KYC0005726,CUS0005726,Tier1,Low,False,2026-03-13,2026-10-08,Approved
KYC0005727,CUS0005727,Tier2,Low,False,2025-08-23,2027-02-04,Approved
KYC0005728,CUS0005728,Tier3,Low,False,2024-05-09,2027-09-25,Approved
KYC0005729,CUS0005729,Tier3,Low,False,2024-12-23,2027-05-29,Approved
KYC0005730,CUS0005730,Tier1,Low,False,2025-08-27,2026-09-29,Approved
KYC0005731,CUS0005731,Tier1,Medium,False,2024-11-05,2027-11-25,Approved
KYC0005732,CUS0005732,Tier2,Low,False,2026-02-06,2027-05-15,Approved
KYC0005733,CUS0005733,Tier1,High,False,2024-08-05,2027-11-30,Approved
KYC0005734,CUS0005734,Tier1,Low,False,2026-01-04,2026-09-19,Approved
KYC0005735,CUS0005735,Tier2,Low,False,2024-06-22,2027-10-07,Approved
KYC0005736,CUS0005736,Tier1,Low,False,2024-01-27,2027-04-05,Approved
KYC0005737,CUS0005737,Tier3,Low,False,2024-10-01,2026-11-13,Approved
KYC0005738,CUS0005738,Tier1,Low,False,2025-11-03,2027-02-15,Approved
KYC0005739,CUS0005739,Tier1,Low,False,2026-01-29,2027-12-03,Pending
KYC0005740,CUS0005740,Tier1,Low,False,2025-04-21,2026-09-27,Approved
KYC0005741,CUS0005741,Tier1,Low,False,2024-07-10,2027-06-23,Approved
KYC0005742,CUS0005742,Tier3,Low,False,2025-02-12,2026-06-15,Approved
KYC0005743,CUS0005743,Tier3,Medium,False,2024-10-19,2027-08-20,Approved
KYC0005744,CUS0005744,Tier1,Low,False,2025-03-28,2027-07-11,Approved
KYC0005745,CUS0005745,Tier1,Low,False,2026-03-31,2027-01-23,Approved
KYC0005746,CUS0005746,Tier2,Medium,False,2025-12-02,2026-06-16,Approved
KYC0005747,CUS0005747,Tier1,Low,False,2024-06-11,2027-01-19,Approved
KYC0005748,CUS0005748,Tier1,Low,False,2024-05-23,2027-11-13,Pending
KYC0005749,CUS0005749,Tier1,Low,False,2025-08-27,2027-07-05,Approved
KYC0005750,CUS0005750,Tier2,Low,False,2026-01-11,2027-06-03,Approved
KYC0005751,CUS0005751,Tier2,Medium,False,2025-04-20,2027-08-18,Approved
KYC0005752,CUS0005752,Tier1,Medium,False,2024-01-07,2027-03-02,Approved
KYC0005753,CUS0005753,Tier2,Low,False,2025-03-11,2027-11-04,Approved
KYC0005754,CUS0005754,Tier1,Medium,False,2025-08-15,2026-11-06,Approved
KYC0005755,CUS0005755,Tier2,Medium,False,2024-09-19,2026-09-18,Approved
KYC0005756,CUS0005756,Tier1,Low,False,2024-07-17,2026-05-25,Approved
KYC0005757,CUS0005757,Tier2,Low,False,2024-10-15,2026-09-16,Approved
KYC0005758,CUS0005758,Tier1,High,False,2025-08-12,2026-09-03,Approved
KYC0005759,CUS0005759,Tier1,Low,False,2026-02-26,2027-10-26,Approved
KYC0005760,CUS0005760,Tier2,Low,False,2025-01-17,2027-03-05,Approved
KYC0005761,CUS0005761,Tier2,Low,False,2024-11-16,2027-08-24,Approved
KYC0005762,CUS0005762,Tier2,Low,False,2024-04-23,2027-08-29,Approved
KYC0005763,CUS0005763,Tier2,Low,False,2025-11-27,2026-08-10,Approved
KYC0005764,CUS0005764,Tier1,Medium,False,2024-09-18,2027-11-13,Approved
KYC0005765,CUS0005765,Tier2,High,False,2026-02-13,2027-04-12,Approved
KYC0005766,CUS0005766,Tier2,Low,False,2024-06-26,2027-09-03,Approved
KYC0005767,CUS0005767,Tier2,Medium,False,2025-10-25,2027-02-05,Approved
KYC0005768,CUS0005768,Tier1,Low,False,2024-07-19,2026-06-16,Approved
KYC0005769,CUS0005769,Tier2,Low,False,2025-05-09,2027-07-19,Approved
KYC0005770,CUS0005770,Tier3,Medium,False,2024-10-23,2027-06-05,Approved
KYC0005771,CUS0005771,Tier1,Medium,False,2025-06-28,2027-06-14,Approved
KYC0005772,CUS0005772,Tier3,Low,False,2024-05-23,2027-01-12,Approved
KYC0005773,CUS0005773,Tier1,Low,False,2025-10-23,2026-08-15,Approved
KYC0005774,CUS0005774,Tier2,Low,False,2025-03-05,2027-01-21,Approved
KYC0005775,CUS0005775,Tier2,Low,False,2025-10-16,2026-10-21,Approved
KYC0005776,CUS0005776,Tier1,Low,False,2025-05-18,2026-09-12,Approved
KYC0005777,CUS0005777,Tier1,Low,False,2025-04-14,2026-06-08,Approved
KYC0005778,CUS0005778,Tier1,High,False,2024-12-16,2026-05-09,Approved
KYC0005779,CUS0005779,Tier2,Low,False,2025-05-03,2027-07-19,Rejected
KYC0005780,CUS0005780,Tier2,Medium,False,2024-10-06,2027-07-28,Approved
KYC0005781,CUS0005781,Tier3,Low,False,2024-11-03,2026-12-20,Approved
KYC0005782,CUS0005782,Tier1,Low,False,2025-09-06,2026-07-24,Approved
KYC0005783,CUS0005783,Tier2,Low,False,2024-12-20,2026-05-24,Pending
KYC0005784,CUS0005784,Tier2,Medium,False,2025-06-06,2027-03-21,Approved
KYC0005785,CUS0005785,Tier1,Low,False,2025-02-13,2026-06-12,Approved
KYC0005786,CUS0005786,Tier2,Low,False,2024-10-22,2027-08-08,Approved
KYC0005787,CUS0005787,Tier1,Low,False,2026-01-01,2027-10-10,Approved
KYC0005788,CUS0005788,Tier1,Low,False,2025-11-16,2027-02-27,Approved
KYC0005789,CUS0005789,Tier2,Low,False,2024-05-07,2026-10-21,Approved
KYC0005790,CUS0005790,Tier2,High,False,2024-01-18,2026-05-07,Approved
KYC0005791,CUS0005791,Tier2,Medium,False,2025-11-18,2027-01-26,Approved
KYC0005792,CUS0005792,Tier2,Medium,False,2024-09-30,2026-11-14,Approved
KYC0005793,CUS0005793,Tier2,Low,False,2026-01-18,2027-10-08,Approved
KYC0005794,CUS0005794,Tier2,Low,False,2024-09-09,2027-11-18,Approved
KYC0005795,CUS0005795,Tier3,Medium,False,2024-12-01,2027-11-29,Approved
KYC0005796,CUS0005796,Tier2,Medium,False,2026-03-08,2027-05-27,Approved
KYC0005797,CUS0005797,Tier2,Medium,False,2025-11-07,2027-11-28,Approved
KYC0005798,CUS0005798,Tier1,Medium,False,2025-11-09,2026-08-31,Approved
KYC0005799,CUS0005799,Tier2,Low,False,2024-05-30,2026-11-16,Approved
KYC0005800,CUS0005800,Tier1,Low,False,2025-07-12,2026-07-07,Approved
KYC0005801,CUS0005801,Tier2,Low,False,2024-09-05,2026-11-27,Approved
KYC0005802,CUS0005802,Tier1,Medium,False,2024-09-11,2027-02-02,Approved
KYC0005803,CUS0005803,Tier1,Low,False,2025-02-23,2026-12-05,Approved
KYC0005804,CUS0005804,Tier1,Low,False,2024-06-29,2027-03-30,Pending
KYC0005805,CUS0005805,Tier1,Low,False,2025-04-27,2027-09-16,Approved
KYC0005806,CUS0005806,Tier1,Low,False,2024-10-29,2026-05-31,Approved
KYC0005807,CUS0005807,Tier1,Low,False,2024-02-12,2027-03-23,Approved
KYC0005808,CUS0005808,Tier2,Low,False,2025-02-20,2027-01-27,Pending
KYC0005809,CUS0005809,Tier1,Low,False,2025-08-10,2027-06-29,Approved
KYC0005810,CUS0005810,Tier1,Low,False,2024-04-17,2027-03-31,Approved
KYC0005811,CUS0005811,Tier2,Low,False,2024-12-06,2026-07-01,Approved
KYC0005812,CUS0005812,Tier2,Low,False,2024-11-17,2026-08-06,Approved
KYC0005813,CUS0005813,Tier1,Medium,False,2024-01-15,2026-07-17,Approved
KYC0005814,CUS0005814,Tier1,Medium,False,2025-06-13,2027-01-02,Approved
KYC0005815,CUS0005815,Tier2,Low,False,2024-06-20,2027-06-10,Approved
KYC0005816,CUS0005816,Tier1,Low,False,2025-02-09,2027-02-19,Approved
KYC0005817,CUS0005817,Tier2,Low,False,2024-08-20,2026-10-12,Approved
KYC0005818,CUS0005818,Tier2,Medium,False,2024-12-18,2027-11-23,Approved
KYC0005819,CUS0005819,Tier1,High,False,2025-07-01,2027-08-17,Approved
KYC0005820,CUS0005820,Tier2,Low,False,2025-05-28,2026-09-15,Approved
KYC0005821,CUS0005821,Tier2,Low,False,2025-02-01,2027-10-16,Approved
KYC0005822,CUS0005822,Tier2,Medium,False,2024-11-16,2026-12-03,Approved
KYC0005823,CUS0005823,Tier2,Low,False,2024-01-21,2026-06-12,Approved
KYC0005824,CUS0005824,Tier1,Low,False,2024-06-23,2026-12-28,Approved
KYC0005825,CUS0005825,Tier2,Medium,False,2025-10-20,2027-12-17,Approved
KYC0005826,CUS0005826,Tier3,Medium,False,2025-07-03,2026-05-01,Approved
KYC0005827,CUS0005827,Tier1,Medium,False,2026-04-20,2026-12-30,Approved
KYC0005828,CUS0005828,Tier1,Medium,False,2026-03-04,2026-11-20,Approved
KYC0005829,CUS0005829,Tier1,Low,False,2024-01-10,2026-08-02,Approved
KYC0005830,CUS0005830,Tier2,Low,False,2024-08-01,2027-12-26,Approved
KYC0005831,CUS0005831,Tier2,Low,False,2025-04-02,2027-06-26,Approved
KYC0005832,CUS0005832,Tier1,Low,False,2024-01-03,2026-09-19,Approved
KYC0005833,CUS0005833,Tier1,Medium,False,2024-11-13,2027-06-28,Approved
KYC0005834,CUS0005834,Tier2,Medium,False,2025-04-19,2027-06-24,Approved
KYC0005835,CUS0005835,Tier1,Low,False,2026-01-15,2027-02-27,Approved
KYC0005836,CUS0005836,Tier1,Medium,False,2024-01-23,2027-09-03,Approved
KYC0005837,CUS0005837,Tier1,Low,False,2025-05-05,2026-07-03,Approved
KYC0005838,CUS0005838,Tier3,Low,False,2025-10-25,2027-02-16,Approved
KYC0005839,CUS0005839,Tier1,Low,False,2026-03-14,2027-03-16,Approved
KYC0005840,CUS0005840,Tier2,Low,False,2025-08-22,2027-11-09,Approved
KYC0005841,CUS0005841,Tier1,Low,False,2025-08-25,2027-09-28,Approved
KYC0005842,CUS0005842,Tier1,Medium,False,2025-03-22,2026-09-10,Approved
KYC0005843,CUS0005843,Tier2,Medium,False,2024-05-09,2026-09-15,Approved
KYC0005844,CUS0005844,Tier2,Low,False,2025-11-26,2026-05-13,Approved
KYC0005845,CUS0005845,Tier1,High,False,2024-04-10,2026-11-30,Approved
KYC0005846,CUS0005846,Tier1,High,False,2024-03-30,2026-12-22,Approved
KYC0005847,CUS0005847,Tier2,Low,False,2025-10-05,2027-09-24,Approved
KYC0005848,CUS0005848,Tier1,Medium,False,2025-04-09,2027-06-24,Approved
KYC0005849,CUS0005849,Tier2,Low,False,2025-02-10,2027-12-22,Approved
KYC0005850,CUS0005850,Tier1,Medium,False,2026-03-04,2027-11-02,Approved
KYC0005851,CUS0005851,Tier1,Low,False,2024-12-21,2026-12-23,Approved
KYC0005852,CUS0005852,Tier2,High,False,2026-04-07,2027-12-31,Pending
KYC0005853,CUS0005853,Tier1,Low,False,2025-10-09,2026-05-07,Approved
KYC0005854,CUS0005854,Tier2,High,False,2025-12-31,2027-10-28,Approved
KYC0005855,CUS0005855,Tier1,Low,False,2025-02-10,2026-10-19,Approved
KYC0005856,CUS0005856,Tier2,Low,False,2024-10-09,2026-08-08,Approved
KYC0005857,CUS0005857,Tier1,Low,False,2024-07-14,2026-11-02,Approved
KYC0005858,CUS0005858,Tier1,Low,False,2025-10-15,2027-08-16,Approved
KYC0005859,CUS0005859,Tier1,Medium,False,2025-10-04,2026-07-02,Approved
KYC0005860,CUS0005860,Tier2,Medium,False,2025-03-25,2027-11-02,Approved
KYC0005861,CUS0005861,Tier2,Low,False,2025-05-10,2027-11-30,Approved
KYC0005862,CUS0005862,Tier2,Low,False,2024-04-24,2026-07-12,Approved
KYC0005863,CUS0005863,Tier3,Low,False,2025-04-10,2026-12-27,Approved
KYC0005864,CUS0005864,Tier2,Low,False,2024-11-15,2027-09-05,Approved
KYC0005865,CUS0005865,Tier1,Low,False,2025-03-09,2027-10-09,Pending
KYC0005866,CUS0005866,Tier1,Low,False,2025-10-07,2027-10-20,Approved
KYC0005867,CUS0005867,Tier1,Medium,False,2026-02-23,2027-01-30,Approved
KYC0005868,CUS0005868,Tier1,Low,False,2024-09-01,2026-05-05,Approved
KYC0005869,CUS0005869,Tier1,Low,False,2024-08-26,2026-09-16,Approved
KYC0005870,CUS0005870,Tier1,Low,False,2026-03-03,2026-12-27,Approved
KYC0005871,CUS0005871,Tier2,Medium,False,2025-07-22,2026-07-30,Pending
KYC0005872,CUS0005872,Tier1,Low,False,2024-12-21,2027-05-14,Approved
KYC0005873,CUS0005873,Tier2,Low,False,2025-05-27,2026-05-21,Approved
KYC0005874,CUS0005874,Tier1,Low,False,2024-03-13,2026-10-27,Approved
KYC0005875,CUS0005875,Tier2,Low,False,2024-02-05,2027-03-24,Pending
KYC0005876,CUS0005876,Tier2,Low,False,2025-02-09,2027-01-12,Approved
KYC0005877,CUS0005877,Tier1,Low,False,2024-10-16,2027-09-29,Approved
KYC0005878,CUS0005878,Tier2,Medium,False,2024-03-31,2027-11-03,Pending
KYC0005879,CUS0005879,Tier1,Medium,False,2024-05-26,2026-11-26,Approved
KYC0005880,CUS0005880,Tier2,Low,False,2024-08-08,2027-11-02,Approved
KYC0005881,CUS0005881,Tier1,High,False,2024-09-08,2027-05-07,Approved
KYC0005882,CUS0005882,Tier1,Low,False,2025-05-09,2027-04-20,Approved
KYC0005883,CUS0005883,Tier3,Low,False,2024-09-04,2027-08-02,Approved
KYC0005884,CUS0005884,Tier1,Medium,False,2025-08-19,2027-01-10,Approved
KYC0005885,CUS0005885,Tier1,Low,False,2024-03-01,2026-11-23,Approved
KYC0005886,CUS0005886,Tier1,Low,False,2025-06-28,2026-05-04,Approved
KYC0005887,CUS0005887,Tier2,Low,False,2024-12-09,2027-04-19,Approved
KYC0005888,CUS0005888,Tier1,Medium,False,2024-02-18,2027-10-09,Approved
KYC0005889,CUS0005889,Tier1,Low,False,2024-03-02,2027-10-27,Approved
KYC0005890,CUS0005890,Tier1,Low,False,2026-04-25,2027-11-24,Approved
KYC0005891,CUS0005891,Tier2,Low,False,2024-04-06,2026-07-16,Approved
KYC0005892,CUS0005892,Tier1,Low,False,2025-08-31,2026-06-11,Approved
KYC0005893,CUS0005893,Tier1,Low,False,2026-01-11,2026-05-28,Approved
KYC0005894,CUS0005894,Tier1,Low,False,2025-01-22,2026-12-23,Approved
KYC0005895,CUS0005895,Tier1,Low,False,2024-01-29,2027-08-19,Approved
KYC0005896,CUS0005896,Tier1,Medium,False,2026-02-05,2027-12-21,Approved
KYC0005897,CUS0005897,Tier1,Low,False,2024-01-11,2027-04-15,Approved
KYC0005898,CUS0005898,Tier3,Low,False,2025-12-24,2026-10-08,Approved
KYC0005899,CUS0005899,Tier2,Low,False,2024-11-26,2027-04-04,Approved
KYC0005900,CUS0005900,Tier1,Low,False,2025-07-28,2027-01-22,Approved
KYC0005901,CUS0005901,Tier1,Low,False,2024-12-28,2027-02-18,Approved
KYC0005902,CUS0005902,Tier1,Low,False,2025-11-27,2027-08-02,Approved
KYC0005903,CUS0005903,Tier2,Medium,False,2026-01-09,2026-12-17,Approved
KYC0005904,CUS0005904,Tier2,Low,False,2024-08-13,2027-04-14,Approved
KYC0005905,CUS0005905,Tier2,Low,False,2025-12-25,2027-08-19,Approved
KYC0005906,CUS0005906,Tier2,Low,True,2024-08-01,2027-02-02,Approved
KYC0005907,CUS0005907,Tier1,Low,False,2024-06-25,2027-01-22,Approved
KYC0005908,CUS0005908,Tier1,Medium,False,2025-05-24,2027-07-24,Approved
KYC0005909,CUS0005909,Tier2,Medium,False,2024-04-09,2027-07-13,Approved
KYC0005910,CUS0005910,Tier2,Low,False,2024-04-07,2027-03-20,Approved
KYC0005911,CUS0005911,Tier2,Medium,False,2026-01-27,2026-10-05,Approved
KYC0005912,CUS0005912,Tier3,Low,False,2025-04-22,2027-06-12,Approved
KYC0005913,CUS0005913,Tier1,Low,False,2025-10-11,2027-02-06,Approved
KYC0005914,CUS0005914,Tier1,Low,False,2024-02-29,2026-11-21,Approved
KYC0005915,CUS0005915,Tier2,Low,False,2024-01-19,2027-01-29,Approved
KYC0005916,CUS0005916,Tier2,Low,False,2025-11-28,2027-08-28,Approved
KYC0005917,CUS0005917,Tier1,Medium,False,2025-05-07,2027-01-06,Approved
KYC0005918,CUS0005918,Tier2,Low,False,2025-04-23,2027-11-03,Approved
KYC0005919,CUS0005919,Tier2,Low,False,2024-10-21,2026-09-06,Approved
KYC0005920,CUS0005920,Tier2,Medium,False,2026-02-03,2027-08-20,Approved
KYC0005921,CUS0005921,Tier1,Low,False,2024-07-23,2027-02-22,Approved
KYC0005922,CUS0005922,Tier2,Medium,False,2024-10-18,2026-06-15,Approved
KYC0005923,CUS0005923,Tier1,Low,False,2024-09-27,2026-05-03,Approved
KYC0005924,CUS0005924,Tier2,Low,False,2024-10-15,2026-10-27,Approved
KYC0005925,CUS0005925,Tier2,Medium,False,2025-06-21,2026-06-09,Approved
KYC0005926,CUS0005926,Tier1,Low,False,2026-03-20,2027-12-28,Approved
KYC0005927,CUS0005927,Tier1,Low,False,2024-03-20,2027-05-20,Approved
KYC0005928,CUS0005928,Tier1,Low,False,2024-01-03,2027-02-24,Approved
KYC0005929,CUS0005929,Tier3,Medium,False,2024-11-30,2027-03-06,Approved
KYC0005930,CUS0005930,Tier2,Low,False,2024-08-05,2027-01-24,Approved
KYC0005931,CUS0005931,Tier2,Low,False,2025-02-05,2026-07-11,Approved
KYC0005932,CUS0005932,Tier1,Low,False,2024-01-26,2027-03-25,Approved
KYC0005933,CUS0005933,Tier1,Low,False,2024-01-16,2027-09-27,Approved
KYC0005934,CUS0005934,Tier2,Low,False,2026-01-28,2027-10-31,Approved
KYC0005935,CUS0005935,Tier1,Low,False,2026-03-31,2027-10-20,Approved
KYC0005936,CUS0005936,Tier1,Low,False,2024-02-17,2027-02-03,Approved
KYC0005937,CUS0005937,Tier1,Low,False,2024-05-13,2027-06-09,Approved
KYC0005938,CUS0005938,Tier1,Low,False,2024-04-05,2026-11-22,Approved
KYC0005939,CUS0005939,Tier2,Medium,False,2024-12-30,2027-08-23,Approved
KYC0005940,CUS0005940,Tier3,Low,False,2024-07-26,2027-06-02,Approved
KYC0005941,CUS0005941,Tier2,Low,False,2025-07-29,2027-07-14,Approved
KYC0005942,CUS0005942,Tier1,Medium,False,2026-01-17,2027-06-22,Approved
KYC0005943,CUS0005943,Tier2,Low,False,2024-03-06,2027-12-22,Approved
KYC0005944,CUS0005944,Tier1,Low,False,2025-11-06,2027-10-07,Approved
KYC0005945,CUS0005945,Tier2,Low,False,2024-01-29,2027-05-16,Approved
KYC0005946,CUS0005946,Tier2,Medium,False,2024-04-05,2027-08-13,Approved
KYC0005947,CUS0005947,Tier1,Medium,False,2025-06-22,2027-10-25,Approved
KYC0005948,CUS0005948,Tier3,Low,False,2024-07-09,2026-08-05,Approved
KYC0005949,CUS0005949,Tier2,Low,False,2025-12-07,2027-10-19,Approved
KYC0005950,CUS0005950,Tier2,Medium,False,2024-01-17,2026-11-20,Approved
KYC0005951,CUS0005951,Tier1,Medium,False,2026-02-10,2027-12-30,Approved
KYC0005952,CUS0005952,Tier1,Low,False,2024-08-10,2027-09-14,Approved
KYC0005953,CUS0005953,Tier2,Low,False,2024-02-09,2026-06-28,Approved
KYC0005954,CUS0005954,Tier1,High,False,2025-05-03,2027-12-29,Approved
KYC0005955,CUS0005955,Tier2,High,False,2024-01-06,2026-07-18,Approved
KYC0005956,CUS0005956,Tier1,Low,False,2024-04-08,2027-11-23,Approved
KYC0005957,CUS0005957,Tier1,Low,False,2025-08-19,2027-01-04,Approved
KYC0005958,CUS0005958,Tier1,Low,False,2025-03-28,2027-12-22,Approved
KYC0005959,CUS0005959,Tier2,Medium,False,2026-04-06,2026-11-05,Approved
KYC0005960,CUS0005960,Tier2,Low,False,2024-04-30,2026-12-29,Approved
KYC0005961,CUS0005961,Tier2,Medium,False,2024-07-13,2027-05-29,Approved
KYC0005962,CUS0005962,Tier1,High,False,2024-09-01,2027-04-21,Approved
KYC0005963,CUS0005963,Tier1,Low,False,2025-01-17,2026-07-28,Approved
KYC0005964,CUS0005964,Tier1,Low,False,2026-04-28,2027-06-21,Approved
KYC0005965,CUS0005965,Tier2,Medium,False,2024-12-18,2027-11-30,Pending
KYC0005966,CUS0005966,Tier1,Low,False,2024-02-17,2027-02-20,Approved
KYC0005967,CUS0005967,Tier1,Low,False,2026-02-13,2027-12-25,Approved
KYC0005968,CUS0005968,Tier2,Low,False,2025-01-12,2027-07-23,Approved
KYC0005969,CUS0005969,Tier1,Medium,False,2024-02-22,2027-02-14,Approved
KYC0005970,CUS0005970,Tier3,Low,False,2024-02-08,2027-11-18,Approved
KYC0005971,CUS0005971,Tier1,Low,False,2024-08-07,2027-05-29,Approved
KYC0005972,CUS0005972,Tier1,Low,False,2026-02-20,2026-06-23,Approved
KYC0005973,CUS0005973,Tier1,Low,False,2025-05-27,2027-12-09,Approved
KYC0005974,CUS0005974,Tier2,Low,False,2024-11-15,2027-03-19,Approved
KYC0005975,CUS0005975,Tier1,Low,False,2024-09-08,2027-11-18,Approved
KYC0005976,CUS0005976,Tier1,Low,False,2024-02-29,2027-09-05,Approved
KYC0005977,CUS0005977,Tier3,Low,False,2025-06-07,2026-11-26,Approved
KYC0005978,CUS0005978,Tier1,Low,False,2024-02-03,2027-06-11,Approved
KYC0005979,CUS0005979,Tier1,Low,False,2024-07-05,2027-09-11,Approved
KYC0005980,CUS0005980,Tier1,Low,False,2024-10-30,2027-08-11,Approved
KYC0005981,CUS0005981,Tier2,Low,False,2024-06-09,2026-05-10,Approved
KYC0005982,CUS0005982,Tier2,Medium,False,2026-03-09,2026-05-11,Approved
KYC0005983,CUS0005983,Tier3,Medium,False,2025-08-13,2027-12-19,Approved
KYC0005984,CUS0005984,Tier2,Low,False,2025-12-07,2026-11-14,Approved
KYC0005985,CUS0005985,Tier2,Low,False,2024-05-13,2026-08-01,Approved
KYC0005986,CUS0005986,Tier1,Medium,False,2026-04-15,2026-08-16,Approved
KYC0005987,CUS0005987,Tier2,Low,False,2024-08-26,2027-03-22,Approved
KYC0005988,CUS0005988,Tier2,Low,False,2025-08-28,2026-07-06,Approved
KYC0005989,CUS0005989,Tier1,Low,False,2025-11-28,2027-05-24,Approved
KYC0005990,CUS0005990,Tier3,Low,False,2026-01-18,2026-10-11,Approved
KYC0005991,CUS0005991,Tier2,Low,False,2026-02-18,2026-10-02,Approved
KYC0005992,CUS0005992,Tier3,Low,False,2024-01-24,2026-12-31,Approved
KYC0005993,CUS0005993,Tier1,Medium,False,2026-02-05,2026-08-06,Approved
KYC0005994,CUS0005994,Tier1,Low,False,2024-11-16,2026-08-20,Approved
KYC0005995,CUS0005995,Tier1,Low,False,2024-05-05,2027-05-22,Pending
KYC0005996,CUS0005996,Tier3,Low,False,2025-12-17,2027-09-23,Approved
KYC0005997,CUS0005997,Tier1,Medium,False,2026-03-11,2026-05-04,Approved
KYC0005998,CUS0005998,Tier2,Low,False,2025-08-15,2027-10-22,Approved
KYC0005999,CUS0005999,Tier1,Low,False,2024-03-15,2027-07-29,Approved
KYC0006000,CUS0006000,Tier1,Medium,False,2024-03-13,2027-07-13,Approved
KYC0006001,CUS0006001,Tier1,Low,False,2025-04-26,2027-04-03,Approved
KYC0006002,CUS0006002,Tier1,Low,False,2025-03-23,2026-07-22,Approved
KYC0006003,CUS0006003,Tier2,Low,False,2025-12-10,2026-09-15,Approved
KYC0006004,CUS0006004,Tier2,Low,False,2026-01-13,2027-03-15,Approved
KYC0006005,CUS0006005,Tier2,Low,False,2024-11-10,2027-09-12,Approved
KYC0006006,CUS0006006,Tier1,Low,False,2025-12-01,2027-05-08,Approved
KYC0006007,CUS0006007,Tier1,Low,False,2024-03-29,2027-03-30,Approved
KYC0006008,CUS0006008,Tier1,Low,False,2024-05-04,2027-07-18,Approved
KYC0006009,CUS0006009,Tier1,Medium,False,2024-02-15,2027-06-01,Approved
KYC0006010,CUS0006010,Tier2,Medium,False,2024-08-07,2026-11-28,Approved
KYC0006011,CUS0006011,Tier1,Low,False,2024-12-27,2027-10-04,Approved
KYC0006012,CUS0006012,Tier1,Low,False,2025-03-03,2027-09-02,Approved
KYC0006013,CUS0006013,Tier2,Low,False,2025-06-10,2027-02-27,Approved
KYC0006014,CUS0006014,Tier1,Medium,False,2024-09-18,2026-08-17,Approved
KYC0006015,CUS0006015,Tier1,Medium,False,2026-02-12,2027-05-29,Approved
KYC0006016,CUS0006016,Tier2,Low,False,2024-02-02,2027-10-18,Approved
KYC0006017,CUS0006017,Tier2,Low,False,2024-07-27,2027-01-03,Approved
KYC0006018,CUS0006018,Tier2,Low,False,2026-04-02,2026-10-17,Approved
KYC0006019,CUS0006019,Tier2,High,False,2024-12-08,2027-12-04,Approved
KYC0006020,CUS0006020,Tier1,Low,False,2025-07-15,2027-12-06,Approved
KYC0006021,CUS0006021,Tier1,Low,False,2024-09-23,2027-09-18,Approved
KYC0006022,CUS0006022,Tier1,Low,False,2024-07-29,2026-12-06,Approved
KYC0006023,CUS0006023,Tier1,Medium,False,2025-03-13,2027-10-24,Approved
KYC0006024,CUS0006024,Tier1,Low,False,2025-10-09,2027-01-16,Approved
KYC0006025,CUS0006025,Tier2,Low,False,2024-04-08,2027-03-14,Approved
KYC0006026,CUS0006026,Tier1,Low,False,2024-07-11,2026-09-18,Approved
KYC0006027,CUS0006027,Tier1,Low,False,2025-08-05,2027-05-07,Approved
KYC0006028,CUS0006028,Tier2,Low,False,2024-12-12,2027-09-04,Approved
KYC0006029,CUS0006029,Tier1,Low,False,2025-11-06,2027-10-12,Approved
KYC0006030,CUS0006030,Tier1,Low,False,2024-01-01,2027-06-01,Approved
KYC0006031,CUS0006031,Tier1,Medium,False,2025-11-21,2027-06-20,Approved
KYC0006032,CUS0006032,Tier1,Medium,False,2024-05-04,2027-09-17,Approved
KYC0006033,CUS0006033,Tier2,Medium,False,2024-04-30,2026-09-06,Approved
KYC0006034,CUS0006034,Tier1,Low,False,2024-11-25,2026-11-07,Approved
KYC0006035,CUS0006035,Tier3,Low,False,2025-04-07,2027-05-10,Approved
KYC0006036,CUS0006036,Tier1,Low,False,2026-04-15,2026-06-15,Approved
KYC0006037,CUS0006037,Tier1,Low,False,2024-05-18,2027-01-09,Approved
KYC0006038,CUS0006038,Tier1,Low,False,2024-10-06,2027-03-30,Approved
KYC0006039,CUS0006039,Tier2,High,False,2024-04-28,2026-12-07,Pending
KYC0006040,CUS0006040,Tier2,Medium,False,2024-09-21,2026-12-14,Approved
KYC0006041,CUS0006041,Tier1,Low,False,2024-08-12,2027-09-09,Approved
KYC0006042,CUS0006042,Tier3,Low,False,2026-04-26,2026-06-12,Approved
KYC0006043,CUS0006043,Tier1,Medium,False,2026-04-05,2027-05-31,Approved
KYC0006044,CUS0006044,Tier2,Low,False,2026-04-16,2026-05-12,Approved
KYC0006045,CUS0006045,Tier1,Medium,False,2024-04-17,2026-12-02,Approved
KYC0006046,CUS0006046,Tier2,High,False,2025-09-19,2027-12-24,Approved
KYC0006047,CUS0006047,Tier1,Medium,False,2025-04-13,2027-07-24,Approved
KYC0006048,CUS0006048,Tier3,Medium,False,2025-10-29,2027-12-09,Approved
KYC0006049,CUS0006049,Tier2,Medium,False,2025-08-13,2026-09-05,Approved
KYC0006050,CUS0006050,Tier2,Low,False,2024-09-23,2026-05-22,Approved
KYC0006051,CUS0006051,Tier1,Low,False,2025-05-28,2026-05-12,Approved
KYC0006052,CUS0006052,Tier3,Low,False,2024-11-11,2026-11-02,Approved
KYC0006053,CUS0006053,Tier2,Medium,False,2025-05-26,2026-10-28,Approved
KYC0006054,CUS0006054,Tier2,Low,False,2025-06-05,2026-12-21,Approved
KYC0006055,CUS0006055,Tier2,Low,False,2025-11-07,2027-12-22,Approved
KYC0006056,CUS0006056,Tier2,Low,False,2025-02-02,2027-01-31,Approved
KYC0006057,CUS0006057,Tier1,Medium,False,2025-09-24,2026-12-18,Approved
KYC0006058,CUS0006058,Tier2,Low,False,2024-07-21,2027-03-18,Approved
KYC0006059,CUS0006059,Tier1,Medium,False,2024-10-19,2026-08-28,Approved
KYC0006060,CUS0006060,Tier2,Medium,False,2024-03-15,2027-01-16,Approved
KYC0006061,CUS0006061,Tier1,Low,False,2024-12-07,2026-06-19,Approved
KYC0006062,CUS0006062,Tier1,Low,False,2025-10-01,2027-11-02,Approved
KYC0006063,CUS0006063,Tier3,Low,False,2025-07-07,2026-10-17,Approved
KYC0006064,CUS0006064,Tier1,Medium,False,2024-09-04,2026-12-25,Approved
KYC0006065,CUS0006065,Tier1,Low,False,2024-02-24,2027-05-18,Approved
KYC0006066,CUS0006066,Tier1,Low,False,2024-11-02,2026-12-22,Approved
KYC0006067,CUS0006067,Tier1,Low,False,2025-02-03,2027-09-15,Approved
KYC0006068,CUS0006068,Tier1,Medium,False,2024-12-08,2027-11-23,Approved
KYC0006069,CUS0006069,Tier2,High,False,2026-03-24,2027-09-24,Approved
KYC0006070,CUS0006070,Tier3,Medium,False,2025-10-16,2027-07-07,Approved
KYC0006071,CUS0006071,Tier1,Medium,False,2024-10-20,2027-10-16,Approved
KYC0006072,CUS0006072,Tier2,Medium,False,2025-12-16,2027-01-07,Approved
KYC0006073,CUS0006073,Tier2,Low,False,2026-04-16,2027-05-12,Approved
KYC0006074,CUS0006074,Tier3,Low,False,2024-11-18,2026-12-24,Approved
KYC0006075,CUS0006075,Tier1,Low,False,2024-05-12,2027-09-02,Approved
KYC0006076,CUS0006076,Tier2,Low,False,2024-05-17,2026-09-13,Approved
KYC0006077,CUS0006077,Tier2,High,False,2026-01-20,2027-11-06,Approved
KYC0006078,CUS0006078,Tier2,Low,False,2024-04-20,2027-03-20,Approved
KYC0006079,CUS0006079,Tier1,Low,False,2025-05-16,2027-03-25,Approved
KYC0006080,CUS0006080,Tier2,Low,False,2026-03-07,2027-06-11,Approved
KYC0006081,CUS0006081,Tier1,Medium,False,2026-02-24,2026-12-27,Approved
KYC0006082,CUS0006082,Tier1,Medium,False,2026-03-22,2027-08-02,Approved
KYC0006083,CUS0006083,Tier1,Low,False,2025-04-17,2026-09-17,Approved
KYC0006084,CUS0006084,Tier1,Low,False,2024-01-29,2026-10-18,Approved
KYC0006085,CUS0006085,Tier1,Low,False,2025-09-27,2026-07-27,Approved
KYC0006086,CUS0006086,Tier2,Low,False,2024-10-28,2026-05-02,Approved
KYC0006087,CUS0006087,Tier1,Medium,False,2025-07-01,2026-10-28,Approved
KYC0006088,CUS0006088,Tier2,Low,False,2024-11-04,2026-05-06,Approved
KYC0006089,CUS0006089,Tier2,Low,False,2024-04-20,2027-04-28,Approved
KYC0006090,CUS0006090,Tier1,Low,False,2024-10-12,2027-12-10,Approved
KYC0006091,CUS0006091,Tier1,Medium,False,2026-01-20,2027-08-04,Approved
KYC0006092,CUS0006092,Tier2,Low,False,2026-01-12,2026-08-23,Approved
KYC0006093,CUS0006093,Tier1,Low,False,2025-05-12,2027-07-11,Approved
KYC0006094,CUS0006094,Tier1,Low,False,2025-04-06,2026-11-30,Approved
KYC0006095,CUS0006095,Tier1,High,False,2025-03-03,2026-05-31,Approved
KYC0006096,CUS0006096,Tier1,Low,False,2026-03-17,2026-09-12,Approved
KYC0006097,CUS0006097,Tier1,Medium,False,2024-07-11,2026-06-28,Pending
KYC0006098,CUS0006098,Tier3,Low,False,2026-03-09,2027-06-09,Approved
KYC0006099,CUS0006099,Tier1,Low,False,2025-10-22,2027-12-19,Approved
KYC0006100,CUS0006100,Tier2,Low,False,2025-04-17,2026-11-27,Approved
KYC0006101,CUS0006101,Tier2,Low,False,2024-11-22,2026-07-05,Approved
KYC0006102,CUS0006102,Tier2,Low,False,2024-11-08,2027-09-22,Approved
KYC0006103,CUS0006103,Tier3,Low,False,2024-06-10,2027-07-05,Approved
KYC0006104,CUS0006104,Tier1,Low,False,2024-02-07,2027-04-27,Approved
KYC0006105,CUS0006105,Tier1,Low,True,2024-06-04,2026-08-08,Approved
KYC0006106,CUS0006106,Tier1,Low,False,2025-08-29,2027-12-30,Approved
KYC0006107,CUS0006107,Tier3,Low,False,2024-05-30,2026-07-09,Approved
KYC0006108,CUS0006108,Tier1,High,False,2025-01-07,2026-06-09,Approved
KYC0006109,CUS0006109,Tier1,Low,False,2025-03-26,2027-09-04,Approved
KYC0006110,CUS0006110,Tier1,Low,False,2025-04-01,2027-11-22,Approved
KYC0006111,CUS0006111,Tier2,Low,False,2024-04-17,2027-10-12,Approved
KYC0006112,CUS0006112,Tier1,Medium,False,2025-05-22,2027-02-25,Approved
KYC0006113,CUS0006113,Tier1,Low,False,2026-01-06,2026-05-19,Approved
KYC0006114,CUS0006114,Tier2,Medium,False,2025-08-20,2027-07-10,Approved
KYC0006115,CUS0006115,Tier1,Medium,False,2024-03-07,2026-10-13,Approved
KYC0006116,CUS0006116,Tier1,Low,False,2025-10-20,2027-09-14,Approved
KYC0006117,CUS0006117,Tier1,Low,False,2025-04-04,2027-10-30,Approved
KYC0006118,CUS0006118,Tier1,Low,False,2025-01-21,2027-03-01,Approved
KYC0006119,CUS0006119,Tier3,Medium,False,2024-03-15,2027-09-17,Approved
KYC0006120,CUS0006120,Tier1,Low,False,2025-09-23,2026-12-31,Approved
KYC0006121,CUS0006121,Tier2,Medium,False,2024-03-03,2027-01-03,Approved
KYC0006122,CUS0006122,Tier1,High,False,2024-12-26,2027-11-28,Approved
KYC0006123,CUS0006123,Tier3,Low,False,2024-11-17,2027-01-05,Approved
KYC0006124,CUS0006124,Tier2,Low,False,2026-04-14,2027-10-15,Approved
KYC0006125,CUS0006125,Tier1,Low,False,2025-04-28,2027-04-22,Approved
KYC0006126,CUS0006126,Tier2,Low,False,2024-01-14,2026-08-24,Approved
KYC0006127,CUS0006127,Tier2,Low,False,2025-05-01,2027-11-28,Approved
KYC0006128,CUS0006128,Tier2,Low,False,2026-05-01,2026-11-10,Approved
KYC0006129,CUS0006129,Tier3,Low,False,2025-06-25,2026-06-09,Approved
KYC0006130,CUS0006130,Tier1,Medium,False,2025-05-03,2027-08-24,Approved
KYC0006131,CUS0006131,Tier1,Low,False,2025-06-04,2027-05-28,Approved
KYC0006132,CUS0006132,Tier1,Low,False,2025-10-29,2027-09-23,Approved
KYC0006133,CUS0006133,Tier1,Low,False,2025-11-03,2026-05-10,Approved
KYC0006134,CUS0006134,Tier3,Low,False,2025-03-23,2026-07-09,Approved
KYC0006135,CUS0006135,Tier2,Low,False,2024-10-22,2026-09-21,Approved
KYC0006136,CUS0006136,Tier1,Low,False,2025-05-21,2026-12-22,Approved
KYC0006137,CUS0006137,Tier2,Low,False,2026-04-08,2026-06-19,Approved
KYC0006138,CUS0006138,Tier2,Low,False,2024-08-12,2027-11-14,Approved
KYC0006139,CUS0006139,Tier3,Low,False,2025-10-24,2026-07-18,Approved
KYC0006140,CUS0006140,Tier2,Low,False,2024-02-02,2026-10-23,Approved
KYC0006141,CUS0006141,Tier1,Low,False,2026-04-20,2027-03-08,Approved
KYC0006142,CUS0006142,Tier1,Low,False,2024-10-21,2027-04-21,Pending
KYC0006143,CUS0006143,Tier2,Medium,False,2024-08-11,2027-02-26,Approved
KYC0006144,CUS0006144,Tier1,Medium,False,2025-10-03,2027-07-01,Approved
KYC0006145,CUS0006145,Tier2,Low,False,2024-10-23,2026-10-20,Approved
KYC0006146,CUS0006146,Tier2,Low,False,2025-09-02,2026-09-02,Approved
KYC0006147,CUS0006147,Tier1,Low,False,2024-08-27,2027-06-30,Approved
KYC0006148,CUS0006148,Tier2,Low,False,2024-11-12,2026-05-12,Approved
KYC0006149,CUS0006149,Tier3,Medium,False,2024-01-11,2026-07-10,Approved
KYC0006150,CUS0006150,Tier2,Medium,False,2025-01-18,2026-05-14,Approved
KYC0006151,CUS0006151,Tier2,Low,False,2025-12-27,2027-05-11,Approved
KYC0006152,CUS0006152,Tier2,Low,False,2024-12-19,2027-06-22,Approved
KYC0006153,CUS0006153,Tier2,Low,False,2024-07-30,2026-11-09,Approved
KYC0006154,CUS0006154,Tier2,Low,False,2025-04-26,2027-02-28,Approved
KYC0006155,CUS0006155,Tier1,Low,False,2025-10-01,2027-05-15,Approved
KYC0006156,CUS0006156,Tier1,Medium,False,2026-04-14,2027-12-23,Approved
KYC0006157,CUS0006157,Tier3,Low,False,2025-10-25,2027-05-14,Approved
KYC0006158,CUS0006158,Tier2,Low,False,2024-02-15,2027-04-12,Approved
KYC0006159,CUS0006159,Tier1,Medium,False,2025-03-26,2026-05-27,Approved
KYC0006160,CUS0006160,Tier1,Medium,False,2026-02-15,2027-10-03,Approved
KYC0006161,CUS0006161,Tier2,Medium,False,2025-01-06,2026-11-21,Approved
KYC0006162,CUS0006162,Tier2,High,False,2024-03-08,2026-11-01,Approved
KYC0006163,CUS0006163,Tier1,Low,False,2024-02-21,2027-11-20,Approved
KYC0006164,CUS0006164,Tier1,Low,False,2024-02-21,2027-10-16,Approved
KYC0006165,CUS0006165,Tier1,Medium,False,2026-02-01,2027-02-04,Approved
KYC0006166,CUS0006166,Tier1,Medium,False,2024-07-29,2026-07-17,Approved
KYC0006167,CUS0006167,Tier1,Low,False,2024-08-22,2026-11-10,Approved
KYC0006168,CUS0006168,Tier1,Low,False,2026-02-27,2027-03-08,Approved
KYC0006169,CUS0006169,Tier2,Low,False,2024-08-29,2026-08-19,Approved
KYC0006170,CUS0006170,Tier1,Low,False,2025-07-18,2027-08-28,Approved
KYC0006171,CUS0006171,Tier1,Low,True,2024-11-09,2026-08-08,Approved
KYC0006172,CUS0006172,Tier1,Medium,False,2026-02-24,2027-09-14,Approved
KYC0006173,CUS0006173,Tier1,Low,False,2025-05-30,2027-03-19,Approved
KYC0006174,CUS0006174,Tier2,Low,False,2024-06-26,2027-01-11,Approved
KYC0006175,CUS0006175,Tier1,Low,False,2025-02-28,2026-08-30,Approved
KYC0006176,CUS0006176,Tier1,Low,False,2026-01-15,2026-05-09,Approved
KYC0006177,CUS0006177,Tier1,Low,False,2024-03-24,2027-11-18,Approved
KYC0006178,CUS0006178,Tier2,Medium,False,2025-08-04,2026-08-23,Approved
KYC0006179,CUS0006179,Tier1,Low,False,2025-05-08,2027-09-23,Approved
KYC0006180,CUS0006180,Tier1,Low,False,2025-04-20,2027-08-01,Approved
KYC0006181,CUS0006181,Tier3,Low,False,2025-03-31,2027-06-25,Approved
KYC0006182,CUS0006182,Tier3,Medium,False,2025-07-16,2026-12-31,Approved
KYC0006183,CUS0006183,Tier1,Low,False,2024-05-15,2027-05-01,Approved
KYC0006184,CUS0006184,Tier1,High,False,2025-05-30,2027-11-10,Approved
KYC0006185,CUS0006185,Tier2,Low,False,2024-04-15,2027-07-26,Approved
KYC0006186,CUS0006186,Tier1,Low,False,2025-07-13,2027-01-16,Approved
KYC0006187,CUS0006187,Tier1,Low,False,2025-08-10,2027-05-07,Approved
KYC0006188,CUS0006188,Tier2,Low,False,2024-02-28,2026-12-24,Approved
KYC0006189,CUS0006189,Tier3,Low,False,2025-07-23,2027-09-30,Approved
KYC0006190,CUS0006190,Tier1,Medium,False,2025-05-10,2026-06-14,Approved
KYC0006191,CUS0006191,Tier1,Medium,False,2024-06-28,2026-06-05,Approved
KYC0006192,CUS0006192,Tier2,Low,False,2025-04-29,2026-09-13,Approved
KYC0006193,CUS0006193,Tier1,Medium,False,2024-08-09,2027-12-24,Approved
KYC0006194,CUS0006194,Tier1,Low,False,2025-05-19,2027-09-30,Approved
KYC0006195,CUS0006195,Tier1,Low,False,2024-08-28,2027-11-06,Approved
KYC0006196,CUS0006196,Tier2,Medium,False,2024-04-29,2026-09-21,Approved
KYC0006197,CUS0006197,Tier3,Low,False,2025-11-17,2027-01-09,Approved
KYC0006198,CUS0006198,Tier1,Low,False,2024-12-17,2027-09-28,Approved
KYC0006199,CUS0006199,Tier2,Low,False,2025-01-07,2026-09-01,Approved
KYC0006200,CUS0006200,Tier1,Medium,False,2025-12-22,2026-08-21,Pending
KYC0006201,CUS0006201,Tier2,Medium,False,2025-11-04,2027-01-26,Approved
KYC0006202,CUS0006202,Tier1,Medium,False,2026-04-14,2026-06-20,Approved
KYC0006203,CUS0006203,Tier2,Low,False,2025-10-02,2027-12-11,Approved
KYC0006204,CUS0006204,Tier1,Low,False,2026-04-18,2027-12-06,Approved
KYC0006205,CUS0006205,Tier2,Low,False,2024-10-05,2026-11-01,Approved
KYC0006206,CUS0006206,Tier1,Low,False,2024-02-10,2027-10-27,Approved
KYC0006207,CUS0006207,Tier2,Low,False,2024-07-21,2027-12-24,Approved
KYC0006208,CUS0006208,Tier2,Medium,False,2024-12-14,2027-08-16,Approved
KYC0006209,CUS0006209,Tier1,Medium,False,2025-04-19,2027-04-09,Approved
KYC0006210,CUS0006210,Tier2,Medium,False,2025-05-08,2027-04-19,Approved
KYC0006211,CUS0006211,Tier1,Medium,False,2025-07-31,2026-07-06,Approved
KYC0006212,CUS0006212,Tier2,Medium,False,2024-11-29,2027-05-10,Approved
KYC0006213,CUS0006213,Tier2,High,False,2024-02-20,2027-10-25,Approved
KYC0006214,CUS0006214,Tier3,Low,False,2025-02-11,2027-10-24,Approved
KYC0006215,CUS0006215,Tier1,Low,False,2025-04-27,2027-11-28,Rejected
KYC0006216,CUS0006216,Tier1,Medium,False,2026-02-08,2026-10-05,Approved
KYC0006217,CUS0006217,Tier1,Low,False,2024-06-11,2026-07-30,Approved
KYC0006218,CUS0006218,Tier1,Low,False,2024-03-29,2027-04-10,Approved
KYC0006219,CUS0006219,Tier3,Low,False,2024-01-27,2027-06-28,Approved
KYC0006220,CUS0006220,Tier2,Low,False,2026-01-23,2027-09-14,Approved
KYC0006221,CUS0006221,Tier2,Low,False,2024-04-07,2026-09-28,Approved
KYC0006222,CUS0006222,Tier1,Low,False,2024-09-01,2026-05-26,Approved
KYC0006223,CUS0006223,Tier1,Medium,False,2025-09-26,2026-08-15,Approved
KYC0006224,CUS0006224,Tier3,Low,False,2024-10-12,2027-12-24,Approved
KYC0006225,CUS0006225,Tier2,Medium,False,2024-03-28,2027-11-20,Approved
KYC0006226,CUS0006226,Tier1,Low,False,2026-03-21,2027-06-11,Approved
KYC0006227,CUS0006227,Tier1,Low,False,2024-07-05,2027-02-16,Approved
KYC0006228,CUS0006228,Tier1,Medium,False,2025-03-12,2026-09-02,Approved
KYC0006229,CUS0006229,Tier1,Medium,False,2025-12-10,2027-01-08,Approved
KYC0006230,CUS0006230,Tier1,Medium,False,2024-06-04,2027-09-30,Approved
KYC0006231,CUS0006231,Tier1,Medium,False,2025-10-08,2026-07-31,Approved
KYC0006232,CUS0006232,Tier1,Low,False,2025-08-06,2027-02-28,Approved
KYC0006233,CUS0006233,Tier1,Low,False,2024-06-24,2026-09-28,Approved
KYC0006234,CUS0006234,Tier2,Low,False,2024-05-25,2027-10-04,Approved
KYC0006235,CUS0006235,Tier2,Medium,False,2024-09-11,2026-09-01,Approved
KYC0006236,CUS0006236,Tier1,Medium,False,2024-04-05,2027-10-27,Approved
KYC0006237,CUS0006237,Tier1,Medium,False,2026-03-05,2026-10-20,Approved
KYC0006238,CUS0006238,Tier1,Low,False,2026-02-27,2027-11-05,Approved
KYC0006239,CUS0006239,Tier1,Medium,False,2025-01-19,2026-10-02,Approved
KYC0006240,CUS0006240,Tier1,Medium,False,2025-05-25,2027-02-09,Approved
KYC0006241,CUS0006241,Tier2,Medium,False,2025-08-27,2026-12-22,Approved
KYC0006242,CUS0006242,Tier2,Medium,False,2025-08-04,2027-12-22,Approved
KYC0006243,CUS0006243,Tier3,Low,False,2024-12-13,2027-08-11,Approved
KYC0006244,CUS0006244,Tier2,Medium,False,2025-05-14,2026-09-27,Rejected
KYC0006245,CUS0006245,Tier1,Low,False,2024-10-02,2027-09-27,Approved
KYC0006246,CUS0006246,Tier1,Low,False,2025-10-16,2027-10-22,Approved
KYC0006247,CUS0006247,Tier1,Low,False,2026-02-13,2027-08-14,Approved
KYC0006248,CUS0006248,Tier2,Low,False,2025-04-09,2027-06-28,Approved
KYC0006249,CUS0006249,Tier3,Low,False,2025-09-06,2027-10-06,Approved
KYC0006250,CUS0006250,Tier1,Low,False,2024-12-03,2026-07-24,Approved
KYC0006251,CUS0006251,Tier1,Medium,False,2026-01-09,2027-07-23,Approved
KYC0006252,CUS0006252,Tier2,Medium,False,2025-04-25,2026-11-03,Approved
KYC0006253,CUS0006253,Tier1,Low,False,2024-11-14,2027-10-28,Approved
KYC0006254,CUS0006254,Tier3,Medium,False,2024-10-28,2026-11-18,Approved
KYC0006255,CUS0006255,Tier1,Low,False,2025-01-05,2027-02-03,Approved
KYC0006256,CUS0006256,Tier2,Low,False,2024-07-07,2027-07-04,Approved
KYC0006257,CUS0006257,Tier2,Low,False,2026-02-03,2026-10-19,Approved
KYC0006258,CUS0006258,Tier2,Low,False,2026-04-19,2027-02-09,Approved
KYC0006259,CUS0006259,Tier2,Low,False,2025-02-22,2027-03-11,Approved
KYC0006260,CUS0006260,Tier1,Low,False,2025-12-21,2027-08-03,Approved
KYC0006261,CUS0006261,Tier1,Low,False,2024-03-14,2027-10-24,Approved
KYC0006262,CUS0006262,Tier3,Low,False,2025-07-03,2027-12-01,Approved
KYC0006263,CUS0006263,Tier1,Low,False,2024-12-22,2027-03-09,Approved
KYC0006264,CUS0006264,Tier2,High,False,2024-07-22,2027-11-13,Approved
KYC0006265,CUS0006265,Tier1,Low,False,2025-02-26,2026-12-04,Approved
KYC0006266,CUS0006266,Tier2,Low,False,2024-02-22,2027-11-14,Approved
KYC0006267,CUS0006267,Tier1,Low,False,2026-02-05,2026-07-20,Approved
KYC0006268,CUS0006268,Tier1,Medium,False,2025-12-29,2027-06-10,Approved
KYC0006269,CUS0006269,Tier1,Low,False,2024-01-17,2027-01-01,Approved
KYC0006270,CUS0006270,Tier1,Low,False,2024-12-20,2027-01-20,Approved
KYC0006271,CUS0006271,Tier1,Low,False,2024-02-05,2026-10-16,Approved
KYC0006272,CUS0006272,Tier1,High,False,2025-10-28,2026-06-05,Approved
KYC0006273,CUS0006273,Tier1,Medium,False,2024-09-20,2027-01-28,Approved
KYC0006274,CUS0006274,Tier2,Low,False,2024-03-10,2026-06-12,Approved
KYC0006275,CUS0006275,Tier1,Low,False,2024-11-14,2026-06-07,Approved
KYC0006276,CUS0006276,Tier1,Low,False,2024-07-10,2027-06-04,Approved
KYC0006277,CUS0006277,Tier1,Low,False,2025-12-22,2026-06-04,Approved
KYC0006278,CUS0006278,Tier1,High,False,2026-01-31,2026-06-18,Approved
KYC0006279,CUS0006279,Tier1,Low,False,2025-09-08,2027-03-07,Approved
KYC0006280,CUS0006280,Tier2,Medium,False,2025-01-13,2027-05-20,Approved
KYC0006281,CUS0006281,Tier2,Low,False,2024-01-20,2026-06-02,Approved
KYC0006282,CUS0006282,Tier2,Low,False,2025-06-26,2026-12-06,Approved
KYC0006283,CUS0006283,Tier1,Low,False,2024-07-02,2027-01-29,Approved
KYC0006284,CUS0006284,Tier3,Low,False,2026-03-06,2027-12-06,Approved
KYC0006285,CUS0006285,Tier2,Medium,False,2024-06-28,2027-03-30,Approved
KYC0006286,CUS0006286,Tier2,Low,False,2025-06-11,2027-11-24,Approved
KYC0006287,CUS0006287,Tier1,Low,False,2025-06-15,2027-02-09,Approved
KYC0006288,CUS0006288,Tier1,Low,False,2024-08-25,2027-12-29,Approved
KYC0006289,CUS0006289,Tier3,Low,False,2025-10-18,2026-06-07,Approved
KYC0006290,CUS0006290,Tier2,Low,False,2026-02-27,2026-10-08,Approved
KYC0006291,CUS0006291,Tier2,Medium,False,2024-07-02,2026-10-06,Approved
KYC0006292,CUS0006292,Tier2,Low,False,2025-04-12,2026-08-30,Approved
KYC0006293,CUS0006293,Tier1,Low,False,2024-11-30,2027-12-02,Approved
KYC0006294,CUS0006294,Tier3,Medium,False,2025-12-11,2027-02-08,Approved
KYC0006295,CUS0006295,Tier2,Low,False,2026-02-06,2027-01-02,Approved
KYC0006296,CUS0006296,Tier1,Medium,False,2025-04-16,2027-10-05,Approved
KYC0006297,CUS0006297,Tier2,Medium,False,2024-09-01,2027-03-02,Approved
KYC0006298,CUS0006298,Tier1,Low,False,2024-07-17,2027-02-22,Approved
KYC0006299,CUS0006299,Tier1,Medium,False,2026-03-05,2026-06-25,Approved
KYC0006300,CUS0006300,Tier2,Low,False,2024-10-03,2026-06-09,Approved
KYC0006301,CUS0006301,Tier1,Medium,False,2024-12-16,2027-03-11,Approved
KYC0006302,CUS0006302,Tier1,Low,False,2025-12-03,2027-12-26,Approved
KYC0006303,CUS0006303,Tier1,High,False,2025-01-25,2027-11-11,Approved
KYC0006304,CUS0006304,Tier1,Medium,False,2025-06-24,2026-06-22,Approved
KYC0006305,CUS0006305,Tier1,Low,False,2024-07-19,2027-11-04,Approved
KYC0006306,CUS0006306,Tier1,Low,False,2025-10-05,2027-09-11,Approved
KYC0006307,CUS0006307,Tier1,Low,False,2024-10-19,2027-08-12,Approved
KYC0006308,CUS0006308,Tier2,Low,False,2025-09-01,2027-11-26,Approved
KYC0006309,CUS0006309,Tier2,Medium,False,2024-11-04,2027-08-16,Approved
KYC0006310,CUS0006310,Tier1,Low,False,2025-10-10,2027-10-28,Approved
KYC0006311,CUS0006311,Tier2,Low,False,2024-07-05,2027-04-08,Approved
KYC0006312,CUS0006312,Tier3,Medium,False,2025-02-18,2027-08-09,Approved
KYC0006313,CUS0006313,Tier1,Low,False,2024-11-19,2026-12-14,Approved
KYC0006314,CUS0006314,Tier1,Medium,False,2025-02-22,2026-10-03,Approved
KYC0006315,CUS0006315,Tier1,Medium,False,2025-08-06,2027-07-01,Approved
KYC0006316,CUS0006316,Tier2,Low,False,2024-04-04,2027-01-11,Approved
KYC0006317,CUS0006317,Tier3,Low,False,2025-11-03,2026-05-12,Approved
KYC0006318,CUS0006318,Tier1,Low,False,2025-01-28,2027-08-04,Approved
KYC0006319,CUS0006319,Tier2,Low,False,2024-12-07,2027-03-21,Approved
KYC0006320,CUS0006320,Tier1,Low,False,2026-04-16,2027-08-05,Approved
KYC0006321,CUS0006321,Tier2,Low,False,2024-07-04,2027-04-23,Approved
KYC0006322,CUS0006322,Tier2,Low,False,2024-07-17,2026-06-10,Approved
KYC0006323,CUS0006323,Tier2,Low,False,2024-04-03,2026-10-19,Approved
KYC0006324,CUS0006324,Tier3,Low,False,2025-06-30,2026-09-07,Approved
KYC0006325,CUS0006325,Tier1,Medium,False,2026-04-06,2027-12-08,Approved
KYC0006326,CUS0006326,Tier1,Low,False,2024-01-21,2027-05-31,Approved
KYC0006327,CUS0006327,Tier1,Medium,False,2025-07-06,2027-06-24,Approved
KYC0006328,CUS0006328,Tier2,Low,False,2025-11-04,2027-11-17,Approved
KYC0006329,CUS0006329,Tier3,Low,False,2026-04-11,2027-08-24,Approved
KYC0006330,CUS0006330,Tier2,Low,False,2024-03-12,2027-08-09,Approved
KYC0006331,CUS0006331,Tier1,Medium,False,2024-10-20,2027-09-03,Approved
KYC0006332,CUS0006332,Tier1,Low,False,2025-01-13,2026-07-26,Approved
KYC0006333,CUS0006333,Tier2,Low,False,2024-01-16,2026-12-07,Approved
KYC0006334,CUS0006334,Tier1,Low,False,2024-07-25,2027-07-11,Approved
KYC0006335,CUS0006335,Tier2,Low,False,2025-01-09,2026-08-26,Approved
KYC0006336,CUS0006336,Tier1,Low,False,2024-08-12,2027-12-31,Pending
KYC0006337,CUS0006337,Tier2,Medium,False,2025-10-11,2026-12-28,Approved
KYC0006338,CUS0006338,Tier2,Low,False,2025-11-06,2026-10-23,Approved
KYC0006339,CUS0006339,Tier2,Medium,False,2025-01-02,2026-07-04,Approved
KYC0006340,CUS0006340,Tier1,Low,False,2026-02-21,2026-07-28,Approved
KYC0006341,CUS0006341,Tier3,Medium,False,2026-03-01,2026-10-16,Approved
KYC0006342,CUS0006342,Tier2,Low,False,2025-10-19,2027-06-10,Approved
KYC0006343,CUS0006343,Tier2,Medium,False,2025-10-30,2027-03-06,Approved
KYC0006344,CUS0006344,Tier1,Low,False,2025-11-06,2027-11-22,Approved
KYC0006345,CUS0006345,Tier2,Low,False,2024-04-13,2026-09-18,Approved
KYC0006346,CUS0006346,Tier1,Low,False,2024-11-08,2026-09-02,Approved
KYC0006347,CUS0006347,Tier1,Medium,False,2026-04-06,2027-02-16,Approved
KYC0006348,CUS0006348,Tier2,Medium,False,2024-10-26,2027-03-31,Approved
KYC0006349,CUS0006349,Tier2,Low,False,2024-10-26,2026-12-31,Approved
KYC0006350,CUS0006350,Tier1,Low,False,2025-03-18,2027-12-08,Approved
KYC0006351,CUS0006351,Tier1,Low,False,2025-03-27,2027-04-13,Pending
KYC0006352,CUS0006352,Tier2,Low,False,2026-01-02,2026-10-26,Approved
KYC0006353,CUS0006353,Tier2,Medium,False,2025-12-26,2026-10-05,Approved
KYC0006354,CUS0006354,Tier2,Low,False,2025-04-27,2027-06-19,Approved
KYC0006355,CUS0006355,Tier1,Low,False,2024-09-18,2026-10-27,Approved
KYC0006356,CUS0006356,Tier2,Low,False,2025-10-21,2026-06-24,Approved
KYC0006357,CUS0006357,Tier1,Medium,False,2025-12-23,2026-09-29,Pending
KYC0006358,CUS0006358,Tier2,Low,False,2026-04-07,2026-06-02,Approved
KYC0006359,CUS0006359,Tier2,Low,False,2025-09-30,2026-05-21,Approved
KYC0006360,CUS0006360,Tier1,Medium,False,2025-05-30,2027-12-15,Approved
KYC0006361,CUS0006361,Tier1,Low,False,2025-08-21,2027-10-26,Approved
KYC0006362,CUS0006362,Tier2,Low,False,2025-08-12,2026-11-03,Approved
KYC0006363,CUS0006363,Tier2,Low,False,2024-12-16,2027-06-06,Approved
KYC0006364,CUS0006364,Tier2,Low,False,2024-01-04,2026-10-16,Approved
KYC0006365,CUS0006365,Tier1,Low,False,2024-11-04,2026-12-12,Approved
KYC0006366,CUS0006366,Tier1,Low,False,2025-12-07,2026-07-29,Approved
KYC0006367,CUS0006367,Tier1,Low,False,2025-09-20,2027-10-28,Pending
KYC0006368,CUS0006368,Tier1,Medium,False,2024-02-06,2027-11-16,Approved
KYC0006369,CUS0006369,Tier1,Low,False,2024-01-26,2026-07-25,Approved
KYC0006370,CUS0006370,Tier1,Low,False,2024-06-07,2026-05-31,Approved
KYC0006371,CUS0006371,Tier1,Low,False,2024-11-20,2026-07-17,Approved
KYC0006372,CUS0006372,Tier1,Medium,False,2025-04-23,2027-10-30,Approved
KYC0006373,CUS0006373,Tier1,Low,False,2025-09-14,2026-10-20,Approved
KYC0006374,CUS0006374,Tier2,Medium,False,2025-07-16,2027-09-29,Approved
KYC0006375,CUS0006375,Tier2,Low,False,2025-03-21,2027-11-23,Approved
KYC0006376,CUS0006376,Tier1,Low,False,2024-04-11,2027-06-08,Approved
KYC0006377,CUS0006377,Tier1,Medium,False,2025-12-08,2026-12-01,Approved
KYC0006378,CUS0006378,Tier2,Medium,False,2025-10-02,2026-09-28,Approved
KYC0006379,CUS0006379,Tier1,Medium,False,2025-06-22,2027-11-19,Approved
KYC0006380,CUS0006380,Tier1,Low,False,2025-10-21,2026-07-30,Approved
KYC0006381,CUS0006381,Tier1,Low,False,2025-12-25,2026-06-11,Approved
KYC0006382,CUS0006382,Tier2,Low,False,2025-02-25,2026-11-08,Approved
KYC0006383,CUS0006383,Tier2,Low,False,2025-01-13,2027-03-13,Approved
KYC0006384,CUS0006384,Tier2,Low,False,2024-04-29,2027-04-13,Approved
KYC0006385,CUS0006385,Tier2,Medium,False,2025-03-13,2027-11-26,Approved
KYC0006386,CUS0006386,Tier1,Low,False,2025-07-10,2026-05-27,Approved
KYC0006387,CUS0006387,Tier1,Low,False,2025-03-14,2027-08-15,Approved
KYC0006388,CUS0006388,Tier3,Low,False,2025-07-19,2026-07-20,Approved
KYC0006389,CUS0006389,Tier2,Medium,False,2024-07-31,2027-03-14,Approved
KYC0006390,CUS0006390,Tier2,Low,False,2025-06-22,2027-01-13,Approved
KYC0006391,CUS0006391,Tier1,Low,True,2024-10-16,2027-06-06,Approved
KYC0006392,CUS0006392,Tier1,Medium,False,2026-02-07,2026-05-22,Approved
KYC0006393,CUS0006393,Tier1,Low,False,2025-09-22,2026-06-12,Approved
KYC0006394,CUS0006394,Tier1,Low,False,2025-08-29,2027-07-23,Approved
KYC0006395,CUS0006395,Tier1,Low,False,2024-01-22,2027-04-19,Approved
KYC0006396,CUS0006396,Tier1,Medium,False,2025-03-21,2027-07-25,Pending
KYC0006397,CUS0006397,Tier1,High,False,2026-02-19,2026-10-20,Pending
KYC0006398,CUS0006398,Tier1,Medium,False,2026-04-19,2027-01-31,Approved
KYC0006399,CUS0006399,Tier3,Low,False,2026-01-02,2027-12-09,Approved
KYC0006400,CUS0006400,Tier1,Low,False,2024-03-28,2026-10-08,Approved
KYC0006401,CUS0006401,Tier1,Low,True,2024-09-21,2027-06-17,Pending
KYC0006402,CUS0006402,Tier2,Medium,False,2024-07-11,2026-11-08,Approved
KYC0006403,CUS0006403,Tier1,Low,False,2025-11-25,2027-11-29,Approved
KYC0006404,CUS0006404,Tier1,Medium,False,2024-09-04,2026-08-21,Approved
KYC0006405,CUS0006405,Tier2,Low,False,2024-04-11,2027-02-06,Approved
KYC0006406,CUS0006406,Tier3,Low,False,2025-05-31,2027-04-08,Approved
KYC0006407,CUS0006407,Tier1,Low,False,2025-05-14,2027-10-12,Approved
KYC0006408,CUS0006408,Tier2,Low,False,2025-12-31,2027-08-09,Approved
KYC0006409,CUS0006409,Tier2,Medium,False,2024-10-09,2026-08-27,Approved
KYC0006410,CUS0006410,Tier1,Low,False,2024-11-10,2027-01-05,Pending
KYC0006411,CUS0006411,Tier1,Low,False,2025-08-09,2027-09-03,Approved
KYC0006412,CUS0006412,Tier2,Low,False,2025-02-13,2027-02-14,Approved
KYC0006413,CUS0006413,Tier2,Medium,False,2025-06-20,2027-01-19,Approved
KYC0006414,CUS0006414,Tier2,Medium,False,2025-09-06,2027-03-19,Approved
KYC0006415,CUS0006415,Tier1,Low,False,2025-06-04,2026-11-22,Approved
KYC0006416,CUS0006416,Tier2,Low,False,2025-11-25,2027-06-24,Approved
KYC0006417,CUS0006417,Tier2,Low,False,2026-02-25,2027-10-20,Approved
KYC0006418,CUS0006418,Tier1,Medium,False,2024-12-11,2027-05-26,Approved
KYC0006419,CUS0006419,Tier3,Low,False,2024-06-09,2027-07-02,Approved
KYC0006420,CUS0006420,Tier1,Low,False,2026-01-02,2026-11-18,Approved
KYC0006421,CUS0006421,Tier2,Low,False,2026-01-23,2027-10-12,Approved
KYC0006422,CUS0006422,Tier2,Low,False,2024-05-15,2027-08-24,Approved
KYC0006423,CUS0006423,Tier1,Low,False,2026-04-04,2026-06-24,Approved
KYC0006424,CUS0006424,Tier2,Low,False,2025-07-19,2026-05-10,Approved
KYC0006425,CUS0006425,Tier1,Low,False,2024-05-26,2027-12-16,Approved
KYC0006426,CUS0006426,Tier1,Low,False,2025-08-26,2027-07-01,Pending
KYC0006427,CUS0006427,Tier1,Medium,False,2025-09-24,2027-06-05,Approved
KYC0006428,CUS0006428,Tier1,Medium,False,2025-12-26,2026-10-16,Approved
KYC0006429,CUS0006429,Tier2,Low,False,2024-09-22,2027-09-03,Approved
KYC0006430,CUS0006430,Tier3,Low,False,2024-07-22,2027-11-20,Approved
KYC0006431,CUS0006431,Tier1,Medium,False,2024-12-09,2026-09-14,Approved
KYC0006432,CUS0006432,Tier1,Low,False,2025-04-30,2026-08-26,Approved
KYC0006433,CUS0006433,Tier2,Medium,False,2024-07-28,2027-06-10,Approved
KYC0006434,CUS0006434,Tier2,Low,False,2025-09-15,2026-06-08,Approved
KYC0006435,CUS0006435,Tier1,Low,False,2024-02-16,2026-08-13,Approved
KYC0006436,CUS0006436,Tier1,Low,False,2025-04-28,2027-11-02,Approved
KYC0006437,CUS0006437,Tier1,Low,False,2024-04-22,2026-11-19,Approved
KYC0006438,CUS0006438,Tier1,Low,False,2025-05-12,2027-06-13,Approved
KYC0006439,CUS0006439,Tier2,Low,False,2024-11-30,2026-09-14,Approved
KYC0006440,CUS0006440,Tier2,Low,False,2025-08-18,2027-03-27,Approved
KYC0006441,CUS0006441,Tier1,Medium,False,2024-02-08,2026-07-04,Approved
KYC0006442,CUS0006442,Tier1,Low,False,2025-02-24,2027-01-26,Approved
KYC0006443,CUS0006443,Tier1,Low,False,2025-02-03,2027-05-08,Approved
KYC0006444,CUS0006444,Tier1,Low,False,2024-07-05,2026-11-20,Approved
KYC0006445,CUS0006445,Tier1,Low,False,2024-04-22,2027-12-03,Rejected
KYC0006446,CUS0006446,Tier1,Low,False,2024-04-22,2026-09-02,Approved
KYC0006447,CUS0006447,Tier1,Low,False,2024-11-25,2027-01-15,Approved
KYC0006448,CUS0006448,Tier1,Low,False,2026-01-01,2027-12-15,Approved
KYC0006449,CUS0006449,Tier3,Low,False,2024-10-27,2026-05-27,Approved
KYC0006450,CUS0006450,Tier1,Low,False,2024-08-19,2027-12-28,Approved
KYC0006451,CUS0006451,Tier2,Low,False,2025-08-05,2026-07-13,Approved
KYC0006452,CUS0006452,Tier2,Low,False,2024-02-26,2026-07-21,Approved
KYC0006453,CUS0006453,Tier2,Low,False,2025-09-21,2027-01-10,Approved
KYC0006454,CUS0006454,Tier1,Medium,False,2025-10-27,2026-06-17,Approved
KYC0006455,CUS0006455,Tier2,Low,False,2025-10-05,2026-12-20,Approved
KYC0006456,CUS0006456,Tier2,Low,False,2025-12-21,2027-02-09,Approved
KYC0006457,CUS0006457,Tier2,Low,False,2026-01-08,2027-03-26,Approved
KYC0006458,CUS0006458,Tier1,Low,False,2025-09-29,2027-09-08,Approved
KYC0006459,CUS0006459,Tier2,Low,False,2024-08-10,2027-06-28,Approved
KYC0006460,CUS0006460,Tier3,Medium,False,2024-05-28,2027-03-10,Approved
KYC0006461,CUS0006461,Tier1,Medium,False,2024-12-15,2026-11-30,Approved
KYC0006462,CUS0006462,Tier2,Medium,False,2024-08-02,2027-05-25,Approved
KYC0006463,CUS0006463,Tier2,Low,False,2024-08-07,2027-05-23,Approved
KYC0006464,CUS0006464,Tier2,Low,False,2025-01-04,2026-06-23,Approved
KYC0006465,CUS0006465,Tier2,Low,False,2026-03-25,2027-03-16,Approved
KYC0006466,CUS0006466,Tier3,Low,False,2025-04-15,2027-11-28,Approved
KYC0006467,CUS0006467,Tier1,Medium,False,2025-12-28,2026-05-28,Approved
KYC0006468,CUS0006468,Tier2,Medium,False,2025-07-22,2027-07-14,Approved
KYC0006469,CUS0006469,Tier2,Low,False,2025-01-10,2027-01-23,Approved
KYC0006470,CUS0006470,Tier3,Low,False,2024-05-14,2026-11-22,Approved
KYC0006471,CUS0006471,Tier1,Low,False,2024-06-27,2027-12-06,Approved
KYC0006472,CUS0006472,Tier2,Low,False,2025-02-22,2026-06-06,Approved
KYC0006473,CUS0006473,Tier1,Low,False,2025-10-19,2026-11-06,Pending
KYC0006474,CUS0006474,Tier2,Low,False,2024-05-30,2027-06-03,Approved
KYC0006475,CUS0006475,Tier1,Low,False,2024-01-02,2027-08-04,Approved
KYC0006476,CUS0006476,Tier1,Low,False,2026-03-08,2027-11-30,Approved
KYC0006477,CUS0006477,Tier2,Low,False,2024-02-13,2026-10-09,Approved
KYC0006478,CUS0006478,Tier2,Medium,False,2024-10-16,2027-09-03,Approved
KYC0006479,CUS0006479,Tier2,Low,False,2024-04-19,2026-10-11,Approved
KYC0006480,CUS0006480,Tier1,Low,False,2025-05-09,2027-05-26,Approved
KYC0006481,CUS0006481,Tier2,Medium,False,2026-03-06,2026-07-04,Approved
KYC0006482,CUS0006482,Tier2,Low,False,2024-02-25,2027-04-05,Approved
KYC0006483,CUS0006483,Tier2,Medium,False,2026-02-25,2027-05-03,Approved
KYC0006484,CUS0006484,Tier3,Low,False,2025-11-24,2026-05-08,Approved
KYC0006485,CUS0006485,Tier1,Low,False,2024-05-04,2026-07-02,Approved
KYC0006486,CUS0006486,Tier2,Low,False,2025-02-01,2026-11-04,Approved
KYC0006487,CUS0006487,Tier2,Low,False,2024-12-25,2026-10-29,Approved
KYC0006488,CUS0006488,Tier2,Medium,False,2024-05-30,2027-10-25,Approved
KYC0006489,CUS0006489,Tier3,Low,False,2025-03-24,2026-05-10,Approved
KYC0006490,CUS0006490,Tier3,Medium,False,2026-04-29,2026-07-24,Approved
KYC0006491,CUS0006491,Tier2,Low,False,2026-01-05,2027-04-24,Approved
KYC0006492,CUS0006492,Tier2,Low,False,2025-05-31,2027-10-22,Approved
KYC0006493,CUS0006493,Tier1,Low,False,2024-07-07,2027-09-26,Approved
KYC0006494,CUS0006494,Tier2,High,False,2025-08-14,2027-09-29,Approved
KYC0006495,CUS0006495,Tier1,Low,False,2025-07-11,2026-11-30,Approved
KYC0006496,CUS0006496,Tier1,Low,False,2025-06-25,2027-06-24,Approved
KYC0006497,CUS0006497,Tier3,Low,False,2024-09-07,2027-06-07,Approved
KYC0006498,CUS0006498,Tier2,Low,False,2024-10-19,2026-11-02,Pending
KYC0006499,CUS0006499,Tier3,Low,False,2025-01-27,2027-02-13,Approved
KYC0006500,CUS0006500,Tier3,Low,False,2025-04-25,2027-10-20,Approved
KYC0006501,CUS0006501,Tier1,Medium,False,2024-08-02,2026-12-24,Approved
KYC0006502,CUS0006502,Tier2,Low,False,2024-10-29,2026-07-16,Approved
KYC0006503,CUS0006503,Tier1,Low,False,2025-02-02,2027-06-09,Approved
KYC0006504,CUS0006504,Tier1,Medium,False,2025-07-31,2026-06-27,Approved
KYC0006505,CUS0006505,Tier1,Low,False,2025-10-05,2027-04-24,Approved
KYC0006506,CUS0006506,Tier3,Low,False,2024-04-26,2026-12-18,Approved
KYC0006507,CUS0006507,Tier1,Low,False,2024-12-02,2027-02-18,Approved
KYC0006508,CUS0006508,Tier1,Low,False,2025-06-13,2027-04-16,Pending
KYC0006509,CUS0006509,Tier2,High,False,2025-01-10,2027-03-20,Approved
KYC0006510,CUS0006510,Tier2,Medium,False,2026-04-12,2026-07-06,Approved
KYC0006511,CUS0006511,Tier1,Low,False,2024-11-06,2027-10-30,Approved
KYC0006512,CUS0006512,Tier3,Low,False,2025-05-24,2027-01-26,Approved
KYC0006513,CUS0006513,Tier3,Medium,False,2026-04-08,2027-11-08,Approved
KYC0006514,CUS0006514,Tier1,Low,False,2025-01-20,2026-12-02,Approved
KYC0006515,CUS0006515,Tier3,Low,False,2024-08-09,2026-05-12,Approved
KYC0006516,CUS0006516,Tier1,Low,False,2025-01-03,2027-08-18,Approved
KYC0006517,CUS0006517,Tier2,Low,False,2024-02-26,2027-02-11,Approved
KYC0006518,CUS0006518,Tier2,Medium,False,2025-01-30,2027-03-08,Approved
KYC0006519,CUS0006519,Tier1,Low,False,2024-12-04,2027-11-29,Approved
KYC0006520,CUS0006520,Tier3,Medium,False,2025-09-19,2027-07-20,Approved
KYC0006521,CUS0006521,Tier2,Low,True,2025-03-23,2027-10-30,Approved
KYC0006522,CUS0006522,Tier1,Low,False,2024-11-22,2027-07-14,Approved
KYC0006523,CUS0006523,Tier1,Low,False,2026-02-22,2027-08-20,Approved
KYC0006524,CUS0006524,Tier1,Medium,False,2026-01-26,2027-04-27,Approved
KYC0006525,CUS0006525,Tier1,Low,False,2026-03-05,2027-03-26,Approved
KYC0006526,CUS0006526,Tier1,Low,False,2025-11-21,2026-12-12,Approved
KYC0006527,CUS0006527,Tier1,Low,False,2024-09-25,2027-05-31,Approved
KYC0006528,CUS0006528,Tier1,Medium,False,2025-10-14,2027-12-26,Approved
KYC0006529,CUS0006529,Tier3,Low,False,2024-06-16,2027-11-20,Approved
KYC0006530,CUS0006530,Tier1,Low,False,2024-10-13,2027-01-31,Approved
KYC0006531,CUS0006531,Tier1,Low,False,2024-12-11,2026-05-10,Approved
KYC0006532,CUS0006532,Tier2,Low,False,2026-02-06,2027-03-14,Approved
KYC0006533,CUS0006533,Tier1,Medium,False,2024-01-20,2027-04-13,Approved
KYC0006534,CUS0006534,Tier1,Medium,False,2025-12-07,2027-10-05,Approved
KYC0006535,CUS0006535,Tier1,Low,False,2024-04-12,2027-09-18,Approved
KYC0006536,CUS0006536,Tier1,Medium,False,2024-02-17,2027-12-04,Approved
KYC0006537,CUS0006537,Tier1,High,False,2024-02-29,2027-11-14,Pending
KYC0006538,CUS0006538,Tier2,Low,False,2025-11-19,2026-11-18,Approved
KYC0006539,CUS0006539,Tier1,Low,False,2025-05-27,2027-04-19,Approved
KYC0006540,CUS0006540,Tier2,Low,False,2025-12-27,2027-09-11,Approved
KYC0006541,CUS0006541,Tier2,Medium,False,2025-04-24,2027-02-18,Approved
KYC0006542,CUS0006542,Tier2,High,False,2025-12-14,2027-02-20,Approved
KYC0006543,CUS0006543,Tier1,Medium,False,2024-06-23,2027-02-14,Approved
KYC0006544,CUS0006544,Tier1,Medium,False,2024-01-31,2027-05-21,Approved
KYC0006545,CUS0006545,Tier1,Medium,False,2024-11-27,2027-03-30,Approved
KYC0006546,CUS0006546,Tier2,Low,False,2025-10-11,2026-08-22,Approved
KYC0006547,CUS0006547,Tier3,Low,False,2025-01-01,2026-12-10,Approved
KYC0006548,CUS0006548,Tier1,Low,False,2024-01-29,2026-08-18,Approved
KYC0006549,CUS0006549,Tier2,Low,False,2025-08-08,2027-06-04,Approved
KYC0006550,CUS0006550,Tier1,Low,False,2024-11-24,2027-10-11,Approved
KYC0006551,CUS0006551,Tier1,Low,False,2025-06-21,2026-12-26,Approved
KYC0006552,CUS0006552,Tier2,Medium,False,2024-01-25,2026-11-08,Approved
KYC0006553,CUS0006553,Tier1,Medium,False,2024-01-28,2027-11-10,Approved
KYC0006554,CUS0006554,Tier1,Low,False,2024-10-26,2027-12-19,Approved
KYC0006555,CUS0006555,Tier2,Low,False,2025-10-29,2027-10-08,Approved
KYC0006556,CUS0006556,Tier2,Low,False,2024-09-16,2027-10-21,Approved
KYC0006557,CUS0006557,Tier1,Low,False,2024-03-19,2027-09-24,Approved
KYC0006558,CUS0006558,Tier1,Low,False,2025-05-16,2027-03-12,Approved
KYC0006559,CUS0006559,Tier2,Low,False,2024-09-21,2027-07-14,Approved
KYC0006560,CUS0006560,Tier2,Medium,False,2024-07-10,2027-04-10,Approved
KYC0006561,CUS0006561,Tier1,Low,False,2025-07-10,2027-11-28,Approved
KYC0006562,CUS0006562,Tier1,Low,False,2026-03-16,2027-05-28,Approved
KYC0006563,CUS0006563,Tier2,Low,False,2024-02-07,2026-12-31,Approved
KYC0006564,CUS0006564,Tier1,Low,False,2025-04-01,2026-08-16,Approved
KYC0006565,CUS0006565,Tier1,Low,False,2024-06-01,2026-05-10,Approved
KYC0006566,CUS0006566,Tier2,Low,False,2026-02-15,2027-06-17,Approved
KYC0006567,CUS0006567,Tier2,Low,False,2024-03-25,2027-08-29,Approved
KYC0006568,CUS0006568,Tier2,High,False,2025-01-31,2026-06-21,Approved
KYC0006569,CUS0006569,Tier1,Low,False,2025-03-24,2027-01-20,Approved
KYC0006570,CUS0006570,Tier1,Medium,False,2024-11-08,2026-09-10,Pending
KYC0006571,CUS0006571,Tier2,Low,False,2024-08-19,2026-07-03,Approved
KYC0006572,CUS0006572,Tier2,Low,False,2024-08-23,2026-07-29,Approved
KYC0006573,CUS0006573,Tier1,Medium,False,2024-09-03,2027-06-29,Pending
KYC0006574,CUS0006574,Tier2,Medium,False,2025-05-08,2026-12-25,Approved
KYC0006575,CUS0006575,Tier2,Low,False,2024-12-02,2026-07-11,Approved
KYC0006576,CUS0006576,Tier1,Low,False,2025-03-08,2026-05-08,Approved
KYC0006577,CUS0006577,Tier1,Low,False,2024-06-18,2026-10-07,Approved
KYC0006578,CUS0006578,Tier1,Medium,False,2025-07-12,2026-05-25,Approved
KYC0006579,CUS0006579,Tier1,High,False,2025-09-17,2027-11-21,Approved
KYC0006580,CUS0006580,Tier1,Medium,False,2025-02-02,2027-08-24,Approved
KYC0006581,CUS0006581,Tier2,Medium,False,2025-06-19,2027-04-08,Approved
KYC0006582,CUS0006582,Tier2,Low,False,2024-10-07,2027-01-11,Approved
KYC0006583,CUS0006583,Tier2,Medium,False,2026-03-02,2026-09-09,Approved
KYC0006584,CUS0006584,Tier2,Low,False,2025-09-19,2026-10-25,Approved
KYC0006585,CUS0006585,Tier1,Low,False,2024-05-19,2026-06-15,Approved
KYC0006586,CUS0006586,Tier1,Low,False,2025-01-20,2027-06-28,Approved
KYC0006587,CUS0006587,Tier3,Low,False,2026-04-18,2027-02-20,Approved
KYC0006588,CUS0006588,Tier2,Low,False,2024-05-15,2027-12-05,Approved
KYC0006589,CUS0006589,Tier1,Low,False,2024-08-27,2026-06-18,Approved
KYC0006590,CUS0006590,Tier1,Medium,False,2025-10-09,2026-07-27,Approved
KYC0006591,CUS0006591,Tier1,Low,False,2025-09-11,2026-12-11,Approved
KYC0006592,CUS0006592,Tier1,Low,False,2026-03-12,2027-01-25,Approved
KYC0006593,CUS0006593,Tier1,Low,False,2024-09-14,2027-09-08,Approved
KYC0006594,CUS0006594,Tier2,Low,False,2025-12-06,2026-10-29,Approved
KYC0006595,CUS0006595,Tier3,Low,False,2026-03-12,2027-03-30,Approved
KYC0006596,CUS0006596,Tier1,Medium,False,2024-12-10,2027-09-01,Approved
KYC0006597,CUS0006597,Tier1,Low,False,2026-03-21,2026-07-06,Pending
KYC0006598,CUS0006598,Tier1,Low,False,2024-04-14,2027-02-05,Approved
KYC0006599,CUS0006599,Tier2,Low,False,2026-04-27,2027-02-28,Approved
KYC0006600,CUS0006600,Tier2,Medium,False,2025-10-02,2026-08-24,Approved
KYC0006601,CUS0006601,Tier2,Low,False,2024-03-17,2027-09-20,Approved
KYC0006602,CUS0006602,Tier3,High,False,2025-12-11,2027-05-28,Approved
KYC0006603,CUS0006603,Tier1,Low,False,2024-12-05,2026-06-23,Approved
KYC0006604,CUS0006604,Tier1,Low,False,2024-04-09,2026-05-06,Approved
KYC0006605,CUS0006605,Tier1,Low,False,2024-11-16,2026-07-17,Approved
KYC0006606,CUS0006606,Tier1,Low,False,2025-11-25,2027-07-07,Approved
KYC0006607,CUS0006607,Tier1,Low,False,2024-03-27,2027-07-04,Approved
KYC0006608,CUS0006608,Tier2,Low,False,2024-01-28,2026-05-19,Approved
KYC0006609,CUS0006609,Tier2,Low,False,2025-12-01,2026-11-19,Approved
KYC0006610,CUS0006610,Tier1,High,False,2025-04-04,2027-06-08,Approved
KYC0006611,CUS0006611,Tier2,Low,False,2025-05-09,2027-07-14,Approved
KYC0006612,CUS0006612,Tier2,Low,False,2025-03-21,2026-07-20,Approved
KYC0006613,CUS0006613,Tier1,Medium,False,2024-02-17,2027-09-19,Approved
KYC0006614,CUS0006614,Tier2,Low,False,2024-02-09,2026-11-24,Approved
KYC0006615,CUS0006615,Tier2,Medium,False,2026-02-08,2026-09-05,Approved
KYC0006616,CUS0006616,Tier1,Low,False,2025-01-25,2027-02-28,Approved
KYC0006617,CUS0006617,Tier3,Low,False,2026-01-30,2026-05-21,Approved
KYC0006618,CUS0006618,Tier1,Medium,False,2025-12-31,2027-06-29,Approved
KYC0006619,CUS0006619,Tier2,Medium,False,2024-04-23,2027-10-17,Approved
KYC0006620,CUS0006620,Tier2,Medium,False,2024-06-25,2026-11-29,Approved
KYC0006621,CUS0006621,Tier1,Low,False,2024-05-28,2026-12-14,Approved
KYC0006622,CUS0006622,Tier1,Low,False,2026-03-25,2027-05-11,Approved
KYC0006623,CUS0006623,Tier2,Low,False,2025-11-27,2027-09-02,Approved
KYC0006624,CUS0006624,Tier2,Low,False,2024-05-29,2026-11-22,Approved
KYC0006625,CUS0006625,Tier1,High,False,2025-02-12,2026-06-03,Approved
KYC0006626,CUS0006626,Tier1,Low,False,2026-02-13,2026-09-18,Approved
KYC0006627,CUS0006627,Tier1,High,False,2026-03-14,2026-08-11,Approved
KYC0006628,CUS0006628,Tier1,Low,False,2024-10-07,2026-06-12,Approved
KYC0006629,CUS0006629,Tier2,Medium,False,2025-05-14,2026-11-28,Approved
KYC0006630,CUS0006630,Tier1,Low,False,2025-06-04,2026-11-14,Approved
KYC0006631,CUS0006631,Tier2,Low,False,2025-10-22,2027-01-13,Approved
KYC0006632,CUS0006632,Tier2,Medium,False,2025-06-07,2027-05-28,Approved
KYC0006633,CUS0006633,Tier1,Low,False,2025-06-08,2026-09-23,Approved
KYC0006634,CUS0006634,Tier2,Low,False,2024-07-03,2026-08-15,Approved
KYC0006635,CUS0006635,Tier2,Low,False,2025-11-09,2027-10-18,Approved
KYC0006636,CUS0006636,Tier2,Medium,False,2025-02-20,2027-12-13,Pending
KYC0006637,CUS0006637,Tier2,High,False,2024-07-31,2027-03-10,Approved
KYC0006638,CUS0006638,Tier1,Medium,False,2024-11-19,2027-03-09,Approved
KYC0006639,CUS0006639,Tier2,Low,False,2024-04-16,2026-08-26,Pending
KYC0006640,CUS0006640,Tier2,Low,False,2025-07-09,2027-05-10,Approved
KYC0006641,CUS0006641,Tier1,Low,False,2026-02-21,2026-11-10,Approved
KYC0006642,CUS0006642,Tier1,Low,False,2024-06-27,2026-06-04,Approved
KYC0006643,CUS0006643,Tier1,Low,False,2025-04-07,2026-08-09,Approved
KYC0006644,CUS0006644,Tier1,Low,False,2024-08-25,2026-10-15,Approved
KYC0006645,CUS0006645,Tier2,Low,False,2024-04-11,2027-11-19,Approved
KYC0006646,CUS0006646,Tier2,Low,False,2024-04-15,2027-03-20,Approved
KYC0006647,CUS0006647,Tier2,Low,False,2024-11-27,2026-12-17,Approved
KYC0006648,CUS0006648,Tier2,Low,False,2025-05-31,2027-09-18,Approved
KYC0006649,CUS0006649,Tier1,Low,False,2025-10-06,2027-07-23,Approved
KYC0006650,CUS0006650,Tier2,Low,False,2026-02-20,2026-10-10,Approved
KYC0006651,CUS0006651,Tier1,Low,False,2024-03-30,2027-04-15,Approved
KYC0006652,CUS0006652,Tier1,High,False,2025-05-05,2026-11-23,Approved
KYC0006653,CUS0006653,Tier2,Medium,False,2024-12-28,2026-10-28,Approved
KYC0006654,CUS0006654,Tier2,Low,False,2025-08-23,2026-07-15,Approved
KYC0006655,CUS0006655,Tier2,Low,False,2026-04-17,2026-12-15,Approved
KYC0006656,CUS0006656,Tier1,Low,False,2025-01-11,2026-06-25,Approved
KYC0006657,CUS0006657,Tier2,Low,False,2026-02-06,2026-09-22,Approved
KYC0006658,CUS0006658,Tier2,High,False,2025-02-17,2027-12-09,Approved
KYC0006659,CUS0006659,Tier2,Low,False,2025-11-10,2027-03-08,Approved
KYC0006660,CUS0006660,Tier2,Low,False,2024-03-31,2026-06-02,Approved
KYC0006661,CUS0006661,Tier2,Low,False,2026-03-09,2026-05-27,Approved
KYC0006662,CUS0006662,Tier1,Medium,False,2026-03-23,2027-10-20,Approved
KYC0006663,CUS0006663,Tier2,Low,False,2024-10-25,2027-02-03,Approved
KYC0006664,CUS0006664,Tier1,Medium,True,2025-01-22,2027-02-01,Approved
KYC0006665,CUS0006665,Tier1,Medium,False,2025-08-19,2026-08-03,Approved
KYC0006666,CUS0006666,Tier2,Low,False,2025-08-19,2026-11-14,Approved
KYC0006667,CUS0006667,Tier2,Low,False,2025-07-16,2026-11-30,Approved
KYC0006668,CUS0006668,Tier2,Low,False,2026-02-02,2027-10-16,Approved
KYC0006669,CUS0006669,Tier2,Low,False,2024-11-29,2027-05-25,Approved
KYC0006670,CUS0006670,Tier2,Low,False,2024-11-23,2027-10-01,Approved
KYC0006671,CUS0006671,Tier2,Low,False,2025-04-01,2027-12-21,Approved
KYC0006672,CUS0006672,Tier3,Low,False,2024-07-19,2026-12-31,Approved
KYC0006673,CUS0006673,Tier1,Low,False,2026-03-29,2026-07-30,Approved
KYC0006674,CUS0006674,Tier2,Low,False,2024-08-08,2026-10-11,Approved
KYC0006675,CUS0006675,Tier1,Low,False,2025-01-07,2026-11-24,Approved
KYC0006676,CUS0006676,Tier3,Medium,False,2025-11-26,2026-08-11,Approved
KYC0006677,CUS0006677,Tier1,Medium,False,2025-07-30,2026-12-15,Approved
KYC0006678,CUS0006678,Tier2,Low,False,2025-04-13,2027-12-24,Approved
KYC0006679,CUS0006679,Tier2,Low,False,2025-02-05,2027-10-03,Approved
KYC0006680,CUS0006680,Tier2,Low,False,2025-06-10,2027-02-06,Approved
KYC0006681,CUS0006681,Tier1,Low,False,2024-07-28,2027-11-03,Approved
KYC0006682,CUS0006682,Tier2,Low,False,2025-10-11,2026-11-20,Approved
KYC0006683,CUS0006683,Tier1,Low,False,2024-02-03,2027-05-23,Approved
KYC0006684,CUS0006684,Tier2,Low,False,2025-08-16,2027-09-20,Approved
KYC0006685,CUS0006685,Tier1,Low,False,2026-04-13,2027-03-07,Approved
KYC0006686,CUS0006686,Tier3,Low,False,2026-02-21,2027-06-10,Approved
KYC0006687,CUS0006687,Tier2,Medium,False,2024-07-16,2026-09-26,Pending
KYC0006688,CUS0006688,Tier1,Low,False,2025-05-14,2027-10-09,Approved
KYC0006689,CUS0006689,Tier2,Low,False,2025-02-22,2026-12-27,Approved
KYC0006690,CUS0006690,Tier1,High,False,2024-01-05,2027-08-20,Approved
KYC0006691,CUS0006691,Tier2,High,False,2024-02-18,2027-08-01,Approved
KYC0006692,CUS0006692,Tier2,Low,False,2025-12-02,2027-01-16,Approved
KYC0006693,CUS0006693,Tier2,Low,False,2025-05-08,2026-09-19,Approved
KYC0006694,CUS0006694,Tier1,Low,False,2025-10-21,2026-11-15,Approved
KYC0006695,CUS0006695,Tier2,Low,False,2025-07-06,2027-09-12,Approved
KYC0006696,CUS0006696,Tier2,Medium,False,2024-09-11,2027-09-29,Approved
KYC0006697,CUS0006697,Tier2,Medium,False,2024-08-10,2026-05-24,Approved
KYC0006698,CUS0006698,Tier2,Low,False,2025-05-08,2026-09-07,Approved
KYC0006699,CUS0006699,Tier1,Low,False,2025-11-02,2027-12-14,Approved
KYC0006700,CUS0006700,Tier2,Medium,False,2025-02-10,2026-07-05,Approved
KYC0006701,CUS0006701,Tier1,Medium,False,2025-03-05,2027-11-15,Approved
KYC0006702,CUS0006702,Tier2,Medium,False,2025-08-06,2027-08-02,Approved
KYC0006703,CUS0006703,Tier1,Low,False,2025-04-06,2026-05-03,Approved
KYC0006704,CUS0006704,Tier1,Low,False,2024-10-06,2026-12-18,Approved
KYC0006705,CUS0006705,Tier3,Low,False,2026-04-26,2027-01-03,Approved
KYC0006706,CUS0006706,Tier1,Low,False,2025-04-17,2026-05-27,Approved
KYC0006707,CUS0006707,Tier1,Low,False,2026-04-11,2027-11-14,Approved
KYC0006708,CUS0006708,Tier3,Low,False,2024-06-01,2027-10-17,Approved
KYC0006709,CUS0006709,Tier1,Low,False,2024-12-13,2026-10-19,Approved
KYC0006710,CUS0006710,Tier2,Low,False,2026-02-01,2026-06-21,Approved
KYC0006711,CUS0006711,Tier2,Medium,False,2025-12-08,2027-09-05,Pending
KYC0006712,CUS0006712,Tier1,Low,False,2025-09-30,2027-12-24,Pending
KYC0006713,CUS0006713,Tier3,Low,False,2024-12-23,2026-06-28,Approved
KYC0006714,CUS0006714,Tier1,Medium,False,2024-05-01,2027-07-31,Approved
KYC0006715,CUS0006715,Tier1,Low,False,2025-06-26,2027-09-08,Approved
KYC0006716,CUS0006716,Tier1,Low,False,2025-10-26,2027-05-23,Approved
KYC0006717,CUS0006717,Tier1,Low,False,2026-04-06,2026-10-10,Approved
KYC0006718,CUS0006718,Tier1,Low,False,2024-08-22,2026-11-27,Approved
KYC0006719,CUS0006719,Tier2,Low,False,2024-01-20,2026-05-28,Approved
KYC0006720,CUS0006720,Tier2,Low,False,2024-01-27,2026-06-07,Approved
KYC0006721,CUS0006721,Tier1,Low,False,2024-10-12,2027-09-20,Approved
KYC0006722,CUS0006722,Tier1,Medium,False,2025-10-04,2026-06-24,Approved
KYC0006723,CUS0006723,Tier3,Low,False,2024-12-19,2026-12-19,Approved
KYC0006724,CUS0006724,Tier1,Low,False,2025-02-20,2026-09-19,Approved
KYC0006725,CUS0006725,Tier1,Low,False,2026-03-14,2026-05-24,Approved
KYC0006726,CUS0006726,Tier1,Medium,False,2025-02-13,2027-09-03,Approved
KYC0006727,CUS0006727,Tier2,Medium,False,2025-03-30,2026-12-21,Approved
KYC0006728,CUS0006728,Tier2,Low,False,2024-12-17,2026-11-16,Approved
KYC0006729,CUS0006729,Tier1,Low,False,2024-07-05,2027-07-10,Approved
KYC0006730,CUS0006730,Tier1,Low,False,2024-06-25,2027-02-09,Approved
KYC0006731,CUS0006731,Tier2,Low,False,2025-01-26,2026-09-02,Approved
KYC0006732,CUS0006732,Tier1,Low,False,2025-12-01,2027-12-15,Approved
KYC0006733,CUS0006733,Tier1,Low,False,2024-05-15,2027-03-12,Approved
KYC0006734,CUS0006734,Tier1,Low,False,2024-02-14,2026-07-06,Approved
KYC0006735,CUS0006735,Tier3,Medium,False,2024-03-05,2026-10-21,Approved
KYC0006736,CUS0006736,Tier1,Low,False,2024-02-13,2026-05-05,Pending
KYC0006737,CUS0006737,Tier1,Low,False,2024-12-16,2026-06-24,Approved
KYC0006738,CUS0006738,Tier2,Low,False,2026-03-16,2027-02-21,Approved
KYC0006739,CUS0006739,Tier3,Low,False,2025-04-03,2027-05-23,Approved
KYC0006740,CUS0006740,Tier2,Low,False,2024-01-31,2027-04-17,Approved
KYC0006741,CUS0006741,Tier1,Medium,True,2026-03-23,2027-10-12,Approved
KYC0006742,CUS0006742,Tier1,Low,False,2024-08-29,2026-06-15,Approved
KYC0006743,CUS0006743,Tier1,Medium,False,2024-12-06,2027-12-11,Approved
KYC0006744,CUS0006744,Tier1,Low,False,2024-10-08,2027-01-07,Approved
KYC0006745,CUS0006745,Tier1,Low,False,2024-02-20,2026-09-15,Approved
KYC0006746,CUS0006746,Tier2,Medium,False,2025-09-16,2027-04-22,Approved
KYC0006747,CUS0006747,Tier3,Low,False,2024-06-14,2027-05-07,Approved
KYC0006748,CUS0006748,Tier2,Low,False,2026-03-01,2027-02-17,Rejected
KYC0006749,CUS0006749,Tier2,Low,False,2026-03-26,2027-02-28,Approved
KYC0006750,CUS0006750,Tier1,Low,False,2025-04-14,2027-04-13,Approved
KYC0006751,CUS0006751,Tier1,Medium,False,2024-06-21,2027-10-14,Approved
KYC0006752,CUS0006752,Tier1,Low,False,2024-10-12,2026-05-13,Approved
KYC0006753,CUS0006753,Tier2,Medium,False,2024-10-19,2027-09-04,Approved
KYC0006754,CUS0006754,Tier1,Low,False,2026-03-06,2027-04-23,Approved
KYC0006755,CUS0006755,Tier2,Medium,False,2025-06-30,2027-04-02,Approved
KYC0006756,CUS0006756,Tier2,Low,False,2025-06-06,2027-05-28,Approved
KYC0006757,CUS0006757,Tier2,Low,False,2024-01-29,2027-04-24,Approved
KYC0006758,CUS0006758,Tier1,Low,False,2025-09-21,2027-10-17,Approved
KYC0006759,CUS0006759,Tier1,Low,False,2024-06-13,2027-10-04,Approved
KYC0006760,CUS0006760,Tier1,Medium,False,2025-11-19,2026-12-12,Approved
KYC0006761,CUS0006761,Tier1,Medium,False,2026-04-28,2026-05-15,Approved
KYC0006762,CUS0006762,Tier1,High,False,2025-02-02,2026-10-09,Approved
KYC0006763,CUS0006763,Tier1,Low,False,2025-08-06,2027-09-09,Approved
KYC0006764,CUS0006764,Tier1,Low,False,2024-08-13,2027-05-07,Approved
KYC0006765,CUS0006765,Tier1,Low,False,2024-02-07,2027-06-22,Approved
KYC0006766,CUS0006766,Tier2,Medium,False,2024-08-07,2027-12-22,Approved
KYC0006767,CUS0006767,Tier1,Low,False,2024-01-14,2026-05-14,Approved
KYC0006768,CUS0006768,Tier1,Low,False,2025-04-14,2027-01-12,Approved
KYC0006769,CUS0006769,Tier1,Low,False,2024-03-20,2026-08-09,Approved
KYC0006770,CUS0006770,Tier2,Low,False,2025-09-06,2027-06-01,Approved
KYC0006771,CUS0006771,Tier2,Low,False,2025-02-02,2027-10-26,Approved
KYC0006772,CUS0006772,Tier2,High,False,2024-06-03,2027-05-26,Approved
KYC0006773,CUS0006773,Tier2,Low,False,2024-02-26,2027-02-11,Rejected
KYC0006774,CUS0006774,Tier2,Low,False,2025-05-11,2026-10-10,Approved
KYC0006775,CUS0006775,Tier1,Low,False,2024-01-17,2026-08-19,Approved
KYC0006776,CUS0006776,Tier1,Low,False,2026-01-08,2026-06-10,Approved
KYC0006777,CUS0006777,Tier1,Medium,False,2024-11-27,2027-03-31,Approved
KYC0006778,CUS0006778,Tier1,Low,False,2025-07-19,2027-07-29,Approved
KYC0006779,CUS0006779,Tier1,Low,False,2026-05-01,2027-07-22,Approved
KYC0006780,CUS0006780,Tier2,Low,False,2024-03-10,2027-06-05,Approved
KYC0006781,CUS0006781,Tier1,Low,False,2025-01-04,2027-07-17,Approved
KYC0006782,CUS0006782,Tier1,Low,False,2024-04-08,2027-03-28,Approved
KYC0006783,CUS0006783,Tier2,Low,False,2024-03-26,2026-11-26,Approved
KYC0006784,CUS0006784,Tier2,Low,False,2025-02-10,2026-08-15,Approved
KYC0006785,CUS0006785,Tier1,Low,False,2025-02-04,2027-11-07,Approved
KYC0006786,CUS0006786,Tier1,Low,False,2024-07-02,2026-08-23,Approved
KYC0006787,CUS0006787,Tier2,Low,False,2026-02-05,2026-07-18,Approved
KYC0006788,CUS0006788,Tier3,Low,False,2024-12-10,2026-07-07,Approved
KYC0006789,CUS0006789,Tier1,Low,False,2025-11-07,2027-11-04,Approved
KYC0006790,CUS0006790,Tier1,Low,False,2025-04-30,2027-09-15,Approved
KYC0006791,CUS0006791,Tier1,Low,False,2025-11-12,2026-07-15,Approved
KYC0006792,CUS0006792,Tier1,Low,False,2025-06-20,2026-09-19,Approved
KYC0006793,CUS0006793,Tier1,Medium,False,2024-11-22,2027-08-01,Approved
KYC0006794,CUS0006794,Tier2,Low,False,2026-04-17,2027-07-09,Approved
KYC0006795,CUS0006795,Tier1,Low,False,2025-03-25,2026-09-05,Approved
KYC0006796,CUS0006796,Tier2,Low,False,2024-12-04,2026-09-18,Approved
KYC0006797,CUS0006797,Tier1,Low,False,2026-04-21,2026-07-18,Approved
KYC0006798,CUS0006798,Tier2,Low,False,2025-06-27,2026-06-11,Approved
KYC0006799,CUS0006799,Tier1,Low,False,2026-04-26,2027-07-30,Pending
KYC0006800,CUS0006800,Tier2,Medium,False,2024-05-30,2027-10-15,Approved
KYC0006801,CUS0006801,Tier2,Low,False,2024-12-06,2027-09-09,Approved
KYC0006802,CUS0006802,Tier1,Low,False,2024-11-21,2027-03-09,Approved
KYC0006803,CUS0006803,Tier3,Medium,False,2025-07-17,2026-12-18,Approved
KYC0006804,CUS0006804,Tier2,Low,False,2024-10-06,2026-06-07,Approved
KYC0006805,CUS0006805,Tier1,Low,False,2026-02-19,2027-05-31,Approved
KYC0006806,CUS0006806,Tier1,Medium,False,2025-03-26,2027-10-24,Approved
KYC0006807,CUS0006807,Tier3,Medium,False,2025-09-27,2026-09-10,Approved
KYC0006808,CUS0006808,Tier1,Medium,False,2024-02-23,2026-11-16,Approved
KYC0006809,CUS0006809,Tier1,Low,False,2024-01-13,2027-06-23,Approved
KYC0006810,CUS0006810,Tier1,Low,False,2026-01-15,2027-11-23,Approved
KYC0006811,CUS0006811,Tier1,Medium,False,2025-03-31,2027-09-17,Approved
KYC0006812,CUS0006812,Tier2,Low,False,2024-02-06,2027-02-10,Approved
KYC0006813,CUS0006813,Tier1,Medium,False,2025-03-02,2026-10-25,Approved
KYC0006814,CUS0006814,Tier1,Low,False,2024-03-02,2027-08-17,Approved
KYC0006815,CUS0006815,Tier2,Low,False,2024-10-14,2026-07-18,Approved
KYC0006816,CUS0006816,Tier3,Low,False,2025-08-30,2026-09-15,Approved
KYC0006817,CUS0006817,Tier2,Low,False,2025-03-27,2027-05-31,Approved
KYC0006818,CUS0006818,Tier3,Low,False,2024-08-27,2026-12-13,Approved
KYC0006819,CUS0006819,Tier2,Low,False,2024-10-23,2027-08-16,Approved
KYC0006820,CUS0006820,Tier1,Low,False,2024-01-04,2027-07-31,Approved
KYC0006821,CUS0006821,Tier2,Low,False,2025-01-09,2027-12-14,Approved
KYC0006822,CUS0006822,Tier1,Low,False,2025-03-28,2027-02-19,Approved
KYC0006823,CUS0006823,Tier2,Low,False,2024-01-15,2027-12-13,Approved
KYC0006824,CUS0006824,Tier1,Low,False,2024-08-07,2027-03-11,Approved
KYC0006825,CUS0006825,Tier1,Low,False,2025-06-20,2027-12-09,Approved
KYC0006826,CUS0006826,Tier2,Low,False,2025-11-14,2026-05-10,Approved
KYC0006827,CUS0006827,Tier1,Low,False,2025-01-25,2027-07-29,Approved
KYC0006828,CUS0006828,Tier1,Medium,False,2026-04-26,2026-08-23,Approved
KYC0006829,CUS0006829,Tier1,Low,False,2025-07-03,2026-11-20,Approved
KYC0006830,CUS0006830,Tier2,Low,False,2025-09-16,2026-11-12,Approved
KYC0006831,CUS0006831,Tier2,Medium,False,2024-07-17,2027-06-27,Approved
KYC0006832,CUS0006832,Tier2,Low,False,2025-08-25,2027-05-31,Approved
KYC0006833,CUS0006833,Tier2,Low,False,2025-03-25,2027-01-18,Approved
KYC0006834,CUS0006834,Tier1,Low,False,2024-05-14,2026-08-08,Pending
KYC0006835,CUS0006835,Tier1,Low,False,2025-01-12,2027-07-26,Approved
KYC0006836,CUS0006836,Tier2,Low,False,2025-03-14,2026-06-08,Approved
KYC0006837,CUS0006837,Tier2,Medium,True,2025-02-28,2026-09-21,Approved
KYC0006838,CUS0006838,Tier3,Low,False,2025-02-12,2027-12-28,Approved
KYC0006839,CUS0006839,Tier2,Low,False,2025-10-31,2027-11-04,Approved
KYC0006840,CUS0006840,Tier2,Low,False,2024-11-28,2027-11-24,Approved
KYC0006841,CUS0006841,Tier3,Medium,False,2025-03-09,2027-08-04,Pending
KYC0006842,CUS0006842,Tier2,Low,False,2024-03-04,2027-02-05,Approved
KYC0006843,CUS0006843,Tier1,High,False,2024-12-18,2027-04-14,Approved
KYC0006844,CUS0006844,Tier1,Medium,False,2025-05-10,2027-04-27,Approved
KYC0006845,CUS0006845,Tier2,Low,False,2024-07-19,2027-08-21,Approved
KYC0006846,CUS0006846,Tier1,Low,False,2025-01-15,2026-12-11,Approved
KYC0006847,CUS0006847,Tier2,Medium,False,2024-08-23,2027-01-03,Pending
KYC0006848,CUS0006848,Tier1,Low,False,2024-03-14,2026-10-18,Approved
KYC0006849,CUS0006849,Tier2,Low,False,2024-12-06,2027-04-20,Approved
KYC0006850,CUS0006850,Tier2,Medium,False,2024-07-31,2027-06-14,Approved
KYC0006851,CUS0006851,Tier3,Low,False,2026-02-12,2026-09-16,Approved
KYC0006852,CUS0006852,Tier1,Low,False,2024-11-26,2027-07-22,Approved
KYC0006853,CUS0006853,Tier2,High,False,2025-04-24,2027-10-10,Approved
KYC0006854,CUS0006854,Tier3,Low,False,2024-11-07,2027-11-19,Approved
KYC0006855,CUS0006855,Tier1,Low,False,2026-01-08,2026-07-04,Approved
KYC0006856,CUS0006856,Tier3,Low,False,2024-11-24,2027-09-16,Approved
KYC0006857,CUS0006857,Tier2,Low,False,2024-02-20,2027-01-25,Approved
KYC0006858,CUS0006858,Tier2,Low,False,2024-06-23,2026-12-22,Approved
KYC0006859,CUS0006859,Tier2,Low,False,2025-07-19,2026-10-19,Approved
KYC0006860,CUS0006860,Tier1,High,False,2025-11-07,2027-01-26,Approved
KYC0006861,CUS0006861,Tier1,Low,False,2026-04-21,2026-06-20,Approved
KYC0006862,CUS0006862,Tier1,Low,False,2024-03-09,2027-04-11,Pending
KYC0006863,CUS0006863,Tier2,Low,False,2025-05-21,2026-10-18,Approved
KYC0006864,CUS0006864,Tier2,Low,False,2024-10-04,2027-05-02,Approved
KYC0006865,CUS0006865,Tier1,Low,False,2025-02-17,2026-08-27,Approved
KYC0006866,CUS0006866,Tier2,Low,False,2025-05-05,2027-06-16,Approved
KYC0006867,CUS0006867,Tier1,Low,False,2026-02-12,2027-11-15,Approved
KYC0006868,CUS0006868,Tier2,Low,False,2024-09-06,2027-02-07,Approved
KYC0006869,CUS0006869,Tier2,Medium,False,2025-12-29,2027-06-25,Approved
KYC0006870,CUS0006870,Tier1,Low,False,2024-06-22,2026-11-09,Approved
KYC0006871,CUS0006871,Tier2,Medium,False,2026-02-14,2027-06-13,Approved
KYC0006872,CUS0006872,Tier1,Low,False,2025-10-17,2026-08-14,Approved
KYC0006873,CUS0006873,Tier1,Low,False,2024-01-11,2027-03-16,Approved
KYC0006874,CUS0006874,Tier2,Low,False,2025-12-03,2027-02-27,Approved
KYC0006875,CUS0006875,Tier1,Medium,False,2024-05-01,2027-06-17,Approved
KYC0006876,CUS0006876,Tier1,Low,False,2025-04-28,2027-08-16,Pending
KYC0006877,CUS0006877,Tier1,Low,False,2026-02-23,2026-11-27,Approved
KYC0006878,CUS0006878,Tier1,Low,False,2024-06-15,2027-04-18,Approved
KYC0006879,CUS0006879,Tier1,Low,False,2025-07-23,2027-07-08,Approved
KYC0006880,CUS0006880,Tier1,Low,False,2024-03-16,2027-06-13,Approved
KYC0006881,CUS0006881,Tier1,Low,False,2025-11-04,2027-01-15,Approved
KYC0006882,CUS0006882,Tier1,High,False,2024-01-21,2026-06-28,Approved
KYC0006883,CUS0006883,Tier1,Low,False,2025-04-12,2026-09-05,Approved
KYC0006884,CUS0006884,Tier1,Low,False,2025-01-24,2027-04-15,Approved
KYC0006885,CUS0006885,Tier2,Low,False,2024-02-21,2027-03-20,Approved
KYC0006886,CUS0006886,Tier2,Low,False,2025-02-26,2026-05-28,Approved
KYC0006887,CUS0006887,Tier1,Low,False,2024-10-21,2026-08-31,Approved
KYC0006888,CUS0006888,Tier1,Low,False,2025-02-07,2027-06-09,Approved
KYC0006889,CUS0006889,Tier2,Low,False,2024-10-23,2026-07-07,Approved
KYC0006890,CUS0006890,Tier1,Low,False,2025-07-02,2026-12-18,Approved
KYC0006891,CUS0006891,Tier1,Low,False,2024-09-14,2027-08-22,Approved
KYC0006892,CUS0006892,Tier1,Low,False,2024-04-27,2027-10-13,Approved
KYC0006893,CUS0006893,Tier2,Low,False,2024-03-30,2027-03-06,Approved
KYC0006894,CUS0006894,Tier2,Low,False,2025-08-31,2027-09-16,Approved
KYC0006895,CUS0006895,Tier1,Low,False,2026-01-24,2026-10-23,Rejected
KYC0006896,CUS0006896,Tier2,Low,False,2024-04-25,2027-12-14,Approved
KYC0006897,CUS0006897,Tier3,Low,False,2025-02-11,2027-04-17,Approved
KYC0006898,CUS0006898,Tier2,Low,False,2025-03-17,2027-12-28,Approved
KYC0006899,CUS0006899,Tier1,Low,False,2024-12-27,2027-12-20,Approved
KYC0006900,CUS0006900,Tier3,Low,False,2025-03-05,2026-05-24,Approved
KYC0006901,CUS0006901,Tier2,Low,False,2025-07-25,2027-11-05,Approved
KYC0006902,CUS0006902,Tier1,Low,False,2024-04-10,2026-12-18,Approved
KYC0006903,CUS0006903,Tier1,Low,False,2024-07-02,2027-11-29,Approved
KYC0006904,CUS0006904,Tier2,Low,False,2026-04-21,2027-05-04,Approved
KYC0006905,CUS0006905,Tier2,Low,False,2025-07-26,2027-05-08,Approved
KYC0006906,CUS0006906,Tier1,Low,False,2024-03-03,2027-05-16,Approved
KYC0006907,CUS0006907,Tier1,Low,False,2025-09-25,2026-10-16,Approved
KYC0006908,CUS0006908,Tier1,Low,False,2026-01-11,2027-02-13,Approved
KYC0006909,CUS0006909,Tier2,Low,False,2025-01-17,2027-05-21,Approved
KYC0006910,CUS0006910,Tier1,Low,False,2025-04-09,2026-12-29,Approved
KYC0006911,CUS0006911,Tier1,Low,False,2025-03-04,2027-10-23,Approved
KYC0006912,CUS0006912,Tier1,Low,False,2024-07-23,2027-03-20,Approved
KYC0006913,CUS0006913,Tier1,Medium,False,2024-02-24,2027-08-31,Approved
KYC0006914,CUS0006914,Tier2,Low,False,2024-08-14,2027-12-06,Approved
KYC0006915,CUS0006915,Tier1,Low,False,2025-11-01,2027-08-14,Approved
KYC0006916,CUS0006916,Tier1,Low,False,2026-01-25,2027-08-14,Approved
KYC0006917,CUS0006917,Tier2,Low,False,2024-07-18,2027-04-29,Approved
KYC0006918,CUS0006918,Tier2,Low,False,2024-10-21,2026-07-02,Approved
KYC0006919,CUS0006919,Tier1,Medium,False,2024-07-31,2027-07-05,Approved
KYC0006920,CUS0006920,Tier1,Low,False,2026-03-05,2026-05-15,Approved
KYC0006921,CUS0006921,Tier1,Medium,False,2025-03-03,2027-01-02,Approved
KYC0006922,CUS0006922,Tier2,Low,False,2026-03-29,2027-11-07,Approved
KYC0006923,CUS0006923,Tier2,Low,False,2025-04-19,2026-09-24,Approved
KYC0006924,CUS0006924,Tier1,Low,False,2025-08-15,2026-05-09,Approved
KYC0006925,CUS0006925,Tier1,Medium,False,2024-03-03,2027-07-06,Approved
KYC0006926,CUS0006926,Tier1,Low,False,2026-02-20,2027-12-07,Approved
KYC0006927,CUS0006927,Tier2,Low,False,2024-02-20,2027-03-21,Approved
KYC0006928,CUS0006928,Tier2,Low,False,2025-04-29,2026-08-12,Approved
KYC0006929,CUS0006929,Tier2,Low,False,2025-09-09,2027-09-13,Approved
KYC0006930,CUS0006930,Tier1,Low,False,2024-05-11,2027-02-27,Approved
KYC0006931,CUS0006931,Tier1,High,False,2025-11-20,2027-05-09,Approved
KYC0006932,CUS0006932,Tier2,Low,False,2025-06-16,2027-03-08,Approved
KYC0006933,CUS0006933,Tier1,Low,False,2025-02-11,2026-12-04,Approved
KYC0006934,CUS0006934,Tier2,Low,False,2024-02-28,2027-08-12,Approved
KYC0006935,CUS0006935,Tier3,Low,False,2025-04-24,2026-07-03,Approved
KYC0006936,CUS0006936,Tier1,Medium,False,2025-07-21,2026-08-06,Approved
KYC0006937,CUS0006937,Tier2,Low,False,2026-04-16,2027-05-14,Approved
KYC0006938,CUS0006938,Tier1,Low,False,2024-02-15,2027-04-11,Approved
KYC0006939,CUS0006939,Tier2,Low,False,2025-02-27,2027-02-20,Approved
KYC0006940,CUS0006940,Tier2,Low,False,2024-07-25,2026-10-24,Approved
KYC0006941,CUS0006941,Tier1,Low,False,2025-10-24,2027-05-18,Approved
KYC0006942,CUS0006942,Tier2,Low,False,2024-02-07,2027-10-27,Approved
KYC0006943,CUS0006943,Tier3,Low,False,2025-12-28,2026-05-28,Approved
KYC0006944,CUS0006944,Tier2,Medium,False,2025-09-18,2026-05-08,Approved
KYC0006945,CUS0006945,Tier3,Low,False,2025-02-25,2027-10-29,Approved
KYC0006946,CUS0006946,Tier1,Medium,False,2025-07-11,2027-05-30,Approved
KYC0006947,CUS0006947,Tier1,Medium,False,2024-07-23,2027-09-11,Approved
KYC0006948,CUS0006948,Tier2,Medium,False,2024-12-01,2026-08-31,Approved
KYC0006949,CUS0006949,Tier1,High,False,2025-03-21,2026-06-24,Approved
KYC0006950,CUS0006950,Tier1,Medium,False,2024-07-07,2026-10-01,Approved
KYC0006951,CUS0006951,Tier1,Low,False,2024-12-01,2026-09-25,Approved
KYC0006952,CUS0006952,Tier3,Medium,False,2025-12-26,2027-03-16,Approved
KYC0006953,CUS0006953,Tier1,Low,False,2024-08-19,2027-04-11,Approved
KYC0006954,CUS0006954,Tier2,Medium,False,2025-02-09,2027-10-18,Approved
KYC0006955,CUS0006955,Tier2,Low,False,2024-10-02,2026-07-27,Approved
KYC0006956,CUS0006956,Tier2,Low,False,2024-12-14,2026-07-25,Approved
KYC0006957,CUS0006957,Tier2,Low,False,2025-12-06,2027-09-14,Approved
KYC0006958,CUS0006958,Tier1,Low,False,2025-08-23,2027-02-13,Approved
KYC0006959,CUS0006959,Tier1,Low,False,2026-02-26,2027-08-15,Pending
KYC0006960,CUS0006960,Tier3,Low,False,2026-02-18,2027-01-23,Approved
KYC0006961,CUS0006961,Tier3,Low,False,2024-11-19,2027-08-21,Pending
KYC0006962,CUS0006962,Tier3,Low,False,2026-03-20,2027-12-08,Approved
KYC0006963,CUS0006963,Tier1,Low,False,2026-03-04,2027-07-25,Approved
KYC0006964,CUS0006964,Tier1,Medium,False,2025-05-28,2027-10-23,Rejected
KYC0006965,CUS0006965,Tier1,Medium,False,2024-10-26,2027-06-28,Approved
KYC0006966,CUS0006966,Tier1,Low,False,2024-04-09,2027-06-24,Approved
KYC0006967,CUS0006967,Tier2,Medium,False,2025-02-05,2027-10-01,Approved
KYC0006968,CUS0006968,Tier1,Medium,False,2025-01-12,2027-09-10,Approved
KYC0006969,CUS0006969,Tier3,Medium,False,2026-03-14,2027-09-28,Approved
KYC0006970,CUS0006970,Tier2,Low,False,2025-08-06,2027-05-30,Approved
KYC0006971,CUS0006971,Tier2,Low,False,2024-12-26,2026-12-13,Approved
KYC0006972,CUS0006972,Tier3,Low,False,2025-03-18,2027-03-15,Approved
KYC0006973,CUS0006973,Tier1,High,False,2024-05-12,2027-04-04,Approved
KYC0006974,CUS0006974,Tier2,Medium,False,2026-03-25,2026-09-18,Approved
KYC0006975,CUS0006975,Tier1,Low,False,2025-09-02,2026-05-08,Approved
KYC0006976,CUS0006976,Tier1,Low,False,2024-12-15,2027-03-28,Approved
KYC0006977,CUS0006977,Tier2,Low,False,2024-01-23,2027-11-12,Approved
KYC0006978,CUS0006978,Tier1,Low,False,2025-09-06,2027-11-02,Approved
KYC0006979,CUS0006979,Tier3,Low,False,2024-01-01,2026-05-19,Approved
KYC0006980,CUS0006980,Tier1,Low,False,2025-07-31,2027-07-08,Approved
KYC0006981,CUS0006981,Tier2,Medium,False,2024-08-10,2027-01-06,Approved
KYC0006982,CUS0006982,Tier1,Low,False,2026-01-31,2026-12-14,Approved
KYC0006983,CUS0006983,Tier1,Medium,False,2024-05-29,2027-10-24,Approved
KYC0006984,CUS0006984,Tier1,Low,False,2024-08-29,2027-12-30,Approved
KYC0006985,CUS0006985,Tier1,Low,False,2024-03-27,2026-09-25,Approved
KYC0006986,CUS0006986,Tier1,Low,False,2025-02-17,2026-10-16,Approved
KYC0006987,CUS0006987,Tier2,Low,False,2024-04-08,2026-10-12,Approved
KYC0006988,CUS0006988,Tier1,High,False,2024-04-24,2027-05-22,Approved
KYC0006989,CUS0006989,Tier2,Low,False,2025-04-28,2027-12-04,Approved
KYC0006990,CUS0006990,Tier2,Low,False,2025-01-22,2027-11-29,Approved
KYC0006991,CUS0006991,Tier1,High,False,2024-01-09,2027-12-30,Approved
KYC0006992,CUS0006992,Tier2,Medium,False,2025-06-07,2027-08-06,Approved
KYC0006993,CUS0006993,Tier2,Low,False,2024-11-18,2027-10-31,Approved
KYC0006994,CUS0006994,Tier2,Low,False,2025-05-20,2026-11-07,Approved
KYC0006995,CUS0006995,Tier1,Low,False,2025-09-19,2027-11-02,Approved
KYC0006996,CUS0006996,Tier1,Medium,False,2024-05-17,2026-11-03,Rejected
KYC0006997,CUS0006997,Tier2,Medium,False,2024-06-09,2026-09-08,Approved
KYC0006998,CUS0006998,Tier1,Low,False,2025-03-06,2027-08-20,Approved
KYC0006999,CUS0006999,Tier1,Low,False,2024-12-31,2026-09-07,Approved
KYC0007000,CUS0007000,Tier2,Low,False,2024-01-05,2026-10-30,Pending
KYC0007001,CUS0007001,Tier1,Medium,False,2024-10-22,2026-11-09,Approved
KYC0007002,CUS0007002,Tier2,Medium,False,2025-10-22,2027-12-31,Approved
KYC0007003,CUS0007003,Tier2,Low,False,2025-03-06,2027-12-27,Approved
KYC0007004,CUS0007004,Tier1,Low,False,2025-08-24,2027-11-15,Approved
KYC0007005,CUS0007005,Tier2,Low,False,2024-01-25,2026-06-24,Approved
KYC0007006,CUS0007006,Tier1,Low,False,2026-03-25,2027-07-29,Approved
KYC0007007,CUS0007007,Tier1,Low,False,2024-11-04,2027-01-20,Approved
KYC0007008,CUS0007008,Tier1,Medium,False,2024-07-13,2027-03-28,Approved
KYC0007009,CUS0007009,Tier2,Medium,False,2024-12-04,2026-11-17,Approved
KYC0007010,CUS0007010,Tier1,Low,False,2025-01-03,2026-09-26,Approved
KYC0007011,CUS0007011,Tier1,Low,False,2026-02-21,2026-11-16,Approved
KYC0007012,CUS0007012,Tier3,Low,False,2024-06-11,2027-05-17,Approved
KYC0007013,CUS0007013,Tier2,Low,False,2024-09-03,2026-07-14,Approved
KYC0007014,CUS0007014,Tier2,Low,False,2026-01-12,2026-07-12,Approved
KYC0007015,CUS0007015,Tier2,Low,False,2024-11-08,2027-09-01,Approved
KYC0007016,CUS0007016,Tier3,Low,False,2024-11-17,2027-03-07,Approved
KYC0007017,CUS0007017,Tier1,Low,False,2025-09-13,2027-06-25,Approved
KYC0007018,CUS0007018,Tier1,Low,False,2025-10-25,2026-07-14,Rejected
KYC0007019,CUS0007019,Tier1,High,False,2024-02-24,2027-11-08,Approved
KYC0007020,CUS0007020,Tier3,Low,False,2026-04-24,2027-07-25,Approved
KYC0007021,CUS0007021,Tier1,Low,False,2025-02-02,2027-01-25,Approved
KYC0007022,CUS0007022,Tier1,Low,False,2025-10-28,2027-11-11,Approved
KYC0007023,CUS0007023,Tier2,Low,False,2025-11-06,2027-09-13,Approved
KYC0007024,CUS0007024,Tier2,Low,False,2025-09-25,2027-04-10,Approved
KYC0007025,CUS0007025,Tier1,Medium,False,2024-03-30,2026-12-27,Approved
KYC0007026,CUS0007026,Tier1,Medium,False,2025-06-02,2027-11-07,Approved
KYC0007027,CUS0007027,Tier1,Low,False,2026-03-04,2027-06-21,Pending
KYC0007028,CUS0007028,Tier1,Low,False,2025-04-19,2026-07-05,Approved
KYC0007029,CUS0007029,Tier2,Low,False,2024-06-02,2027-10-11,Approved
KYC0007030,CUS0007030,Tier2,Medium,False,2025-06-15,2027-02-25,Approved
KYC0007031,CUS0007031,Tier2,High,False,2024-08-17,2027-07-26,Approved
KYC0007032,CUS0007032,Tier1,Low,False,2024-07-27,2027-11-14,Approved
KYC0007033,CUS0007033,Tier1,Medium,False,2024-08-02,2026-12-10,Approved
KYC0007034,CUS0007034,Tier1,Low,False,2024-09-24,2027-11-24,Approved
KYC0007035,CUS0007035,Tier1,Medium,False,2024-07-31,2026-08-07,Approved
KYC0007036,CUS0007036,Tier3,Low,False,2026-03-27,2027-01-06,Approved
KYC0007037,CUS0007037,Tier2,Low,False,2026-04-22,2027-12-26,Approved
KYC0007038,CUS0007038,Tier2,Low,False,2024-06-05,2027-03-22,Approved
KYC0007039,CUS0007039,Tier1,High,True,2025-03-17,2027-12-21,Approved
KYC0007040,CUS0007040,Tier2,Low,False,2024-07-15,2027-01-31,Approved
KYC0007041,CUS0007041,Tier1,Medium,False,2024-06-24,2027-11-02,Approved
KYC0007042,CUS0007042,Tier1,Medium,False,2025-05-07,2027-09-22,Approved
KYC0007043,CUS0007043,Tier3,Low,False,2026-01-15,2027-05-12,Approved
KYC0007044,CUS0007044,Tier1,Low,False,2024-12-08,2026-07-06,Approved
KYC0007045,CUS0007045,Tier2,Low,False,2025-02-25,2027-07-10,Approved
KYC0007046,CUS0007046,Tier2,Low,False,2024-08-22,2027-07-27,Approved
KYC0007047,CUS0007047,Tier1,Low,False,2026-01-02,2026-06-06,Approved
KYC0007048,CUS0007048,Tier1,Medium,False,2024-08-30,2026-05-02,Approved
KYC0007049,CUS0007049,Tier1,High,False,2026-01-04,2026-06-02,Approved
KYC0007050,CUS0007050,Tier1,Low,False,2025-03-18,2027-03-08,Approved
KYC0007051,CUS0007051,Tier1,High,False,2025-01-05,2026-08-29,Approved
KYC0007052,CUS0007052,Tier2,Low,False,2026-02-23,2027-05-15,Approved
KYC0007053,CUS0007053,Tier1,Low,False,2024-10-06,2027-05-29,Approved
KYC0007054,CUS0007054,Tier1,Low,False,2024-02-18,2027-08-18,Approved
KYC0007055,CUS0007055,Tier1,Medium,False,2024-09-09,2027-09-07,Approved
KYC0007056,CUS0007056,Tier2,Low,False,2024-01-21,2027-02-25,Approved
KYC0007057,CUS0007057,Tier2,Low,False,2025-01-26,2027-11-10,Approved
KYC0007058,CUS0007058,Tier2,Low,False,2025-04-15,2027-04-12,Approved
KYC0007059,CUS0007059,Tier1,Medium,False,2025-11-01,2026-09-09,Approved
KYC0007060,CUS0007060,Tier2,Medium,False,2024-11-08,2026-05-29,Approved
KYC0007061,CUS0007061,Tier1,Low,True,2025-10-10,2027-09-05,Approved
KYC0007062,CUS0007062,Tier1,Low,False,2024-05-16,2026-12-23,Approved
KYC0007063,CUS0007063,Tier1,Low,False,2024-07-30,2026-09-18,Approved
KYC0007064,CUS0007064,Tier2,Low,False,2024-12-27,2027-11-07,Approved
KYC0007065,CUS0007065,Tier1,High,False,2024-03-28,2027-10-12,Approved
KYC0007066,CUS0007066,Tier1,Low,False,2026-04-03,2027-04-20,Approved
KYC0007067,CUS0007067,Tier3,High,False,2024-01-23,2027-03-02,Approved
KYC0007068,CUS0007068,Tier2,Low,False,2025-05-22,2027-06-21,Approved
KYC0007069,CUS0007069,Tier2,Low,False,2024-09-20,2027-02-11,Approved
KYC0007070,CUS0007070,Tier2,Low,False,2024-06-18,2027-03-13,Approved
KYC0007071,CUS0007071,Tier1,Low,False,2025-02-27,2026-08-02,Approved
KYC0007072,CUS0007072,Tier2,Low,False,2025-01-17,2027-05-22,Approved
KYC0007073,CUS0007073,Tier1,Low,False,2026-03-21,2027-08-19,Approved
KYC0007074,CUS0007074,Tier3,Low,False,2026-03-11,2026-09-30,Approved
KYC0007075,CUS0007075,Tier2,Low,False,2024-05-04,2027-01-10,Approved
KYC0007076,CUS0007076,Tier1,Low,False,2025-08-06,2026-07-12,Approved
KYC0007077,CUS0007077,Tier2,Low,False,2025-04-12,2026-06-15,Approved
KYC0007078,CUS0007078,Tier2,Medium,False,2025-02-08,2026-05-19,Approved
KYC0007079,CUS0007079,Tier1,Low,False,2024-08-11,2026-06-05,Approved
KYC0007080,CUS0007080,Tier1,Low,False,2025-12-07,2027-04-25,Approved
KYC0007081,CUS0007081,Tier2,Low,False,2026-03-13,2026-06-15,Approved
KYC0007082,CUS0007082,Tier1,Low,False,2024-05-08,2027-06-23,Approved
KYC0007083,CUS0007083,Tier3,Low,False,2024-06-11,2027-05-10,Approved
KYC0007084,CUS0007084,Tier1,Medium,False,2024-09-17,2027-03-11,Approved
KYC0007085,CUS0007085,Tier1,Low,False,2024-10-30,2027-03-26,Approved
KYC0007086,CUS0007086,Tier1,Low,False,2025-08-06,2027-06-25,Approved
KYC0007087,CUS0007087,Tier1,Low,False,2026-05-01,2027-12-02,Approved
KYC0007088,CUS0007088,Tier1,Medium,False,2025-03-08,2027-11-04,Approved
KYC0007089,CUS0007089,Tier2,Medium,False,2024-12-24,2026-12-21,Approved
KYC0007090,CUS0007090,Tier2,Low,False,2024-11-02,2027-08-27,Approved
KYC0007091,CUS0007091,Tier2,Low,False,2026-03-18,2026-07-31,Approved
KYC0007092,CUS0007092,Tier1,Low,False,2025-11-08,2027-05-24,Approved
KYC0007093,CUS0007093,Tier2,High,False,2026-02-20,2027-07-03,Rejected
KYC0007094,CUS0007094,Tier1,Medium,False,2025-01-12,2027-07-08,Approved
KYC0007095,CUS0007095,Tier2,Low,False,2025-05-08,2027-01-21,Approved
KYC0007096,CUS0007096,Tier2,Low,False,2024-07-29,2027-05-19,Approved
KYC0007097,CUS0007097,Tier1,Low,False,2024-10-24,2026-08-25,Approved
KYC0007098,CUS0007098,Tier1,Low,False,2025-05-06,2027-08-01,Approved
KYC0007099,CUS0007099,Tier3,Medium,False,2025-10-16,2027-11-28,Approved
KYC0007100,CUS0007100,Tier1,Low,False,2024-02-22,2026-08-15,Approved
KYC0007101,CUS0007101,Tier1,Low,False,2025-01-22,2027-04-12,Approved
KYC0007102,CUS0007102,Tier2,Low,False,2024-10-17,2027-09-30,Approved
KYC0007103,CUS0007103,Tier1,Low,False,2025-05-16,2027-03-16,Approved
KYC0007104,CUS0007104,Tier2,Low,False,2025-06-10,2026-05-03,Approved
KYC0007105,CUS0007105,Tier1,Low,False,2026-04-28,2027-12-01,Approved
KYC0007106,CUS0007106,Tier1,Medium,False,2025-11-20,2026-06-09,Approved
KYC0007107,CUS0007107,Tier1,Low,False,2025-11-27,2027-01-19,Approved
KYC0007108,CUS0007108,Tier1,Medium,False,2026-03-14,2027-01-23,Approved
KYC0007109,CUS0007109,Tier1,Low,False,2026-04-20,2027-07-27,Approved
KYC0007110,CUS0007110,Tier2,Medium,False,2024-05-07,2026-12-26,Approved
KYC0007111,CUS0007111,Tier1,Low,False,2025-03-03,2026-06-07,Approved
KYC0007112,CUS0007112,Tier1,Low,False,2025-04-18,2027-02-20,Approved
KYC0007113,CUS0007113,Tier1,Low,False,2024-09-11,2027-12-04,Approved
KYC0007114,CUS0007114,Tier1,Medium,False,2024-10-04,2026-09-22,Rejected
KYC0007115,CUS0007115,Tier1,Low,False,2024-02-02,2027-04-04,Approved
KYC0007116,CUS0007116,Tier2,Low,False,2025-08-01,2027-04-05,Approved
KYC0007117,CUS0007117,Tier1,Low,False,2025-10-20,2027-04-07,Approved
KYC0007118,CUS0007118,Tier2,High,False,2024-05-02,2026-11-28,Approved
KYC0007119,CUS0007119,Tier2,Low,False,2025-08-06,2026-07-11,Approved
KYC0007120,CUS0007120,Tier1,High,False,2024-02-13,2027-07-11,Approved
KYC0007121,CUS0007121,Tier1,Low,False,2024-08-08,2026-11-04,Approved
KYC0007122,CUS0007122,Tier1,Medium,False,2024-01-11,2026-06-04,Approved
KYC0007123,CUS0007123,Tier2,Medium,False,2024-09-10,2027-04-21,Approved
KYC0007124,CUS0007124,Tier3,Low,False,2024-02-03,2026-08-09,Approved
KYC0007125,CUS0007125,Tier2,Low,False,2024-09-28,2027-10-03,Approved
KYC0007126,CUS0007126,Tier1,Low,False,2024-02-29,2026-10-27,Approved
KYC0007127,CUS0007127,Tier3,Low,False,2026-04-17,2027-03-27,Approved
KYC0007128,CUS0007128,Tier2,Low,False,2024-02-19,2026-06-06,Pending
KYC0007129,CUS0007129,Tier1,Medium,False,2024-02-16,2027-03-26,Approved
KYC0007130,CUS0007130,Tier1,Low,False,2024-08-19,2026-05-23,Approved
KYC0007131,CUS0007131,Tier2,Low,False,2024-07-17,2027-05-09,Approved
KYC0007132,CUS0007132,Tier1,Low,False,2024-04-01,2027-07-07,Approved
KYC0007133,CUS0007133,Tier2,Low,False,2025-02-04,2027-09-28,Approved
KYC0007134,CUS0007134,Tier1,High,False,2024-05-30,2027-05-08,Approved
KYC0007135,CUS0007135,Tier1,Medium,False,2025-02-28,2026-10-31,Approved
KYC0007136,CUS0007136,Tier1,Low,False,2026-05-01,2026-05-14,Approved
KYC0007137,CUS0007137,Tier1,Low,False,2026-03-22,2027-01-10,Approved
KYC0007138,CUS0007138,Tier1,Low,False,2024-03-10,2027-10-10,Approved
KYC0007139,CUS0007139,Tier1,Low,False,2025-10-09,2027-12-23,Approved
KYC0007140,CUS0007140,Tier2,High,False,2025-06-02,2027-05-13,Approved
KYC0007141,CUS0007141,Tier1,Low,False,2024-06-07,2027-09-05,Approved
KYC0007142,CUS0007142,Tier3,Medium,False,2025-03-11,2026-06-21,Approved
KYC0007143,CUS0007143,Tier1,Low,False,2025-02-28,2027-05-04,Approved
KYC0007144,CUS0007144,Tier1,Low,False,2025-08-14,2027-09-01,Approved
KYC0007145,CUS0007145,Tier2,Low,False,2024-05-30,2027-12-12,Approved
KYC0007146,CUS0007146,Tier1,Low,False,2026-02-06,2027-06-25,Approved
KYC0007147,CUS0007147,Tier2,Medium,False,2024-01-01,2026-06-16,Approved
KYC0007148,CUS0007148,Tier2,Low,False,2025-08-11,2027-01-29,Approved
KYC0007149,CUS0007149,Tier3,Low,False,2026-03-25,2027-04-01,Approved
KYC0007150,CUS0007150,Tier1,Low,False,2024-09-26,2027-01-28,Approved
KYC0007151,CUS0007151,Tier2,Low,False,2026-02-04,2027-06-04,Approved
KYC0007152,CUS0007152,Tier3,Medium,False,2024-08-25,2027-10-31,Pending
KYC0007153,CUS0007153,Tier2,Medium,False,2024-07-19,2027-12-14,Approved
KYC0007154,CUS0007154,Tier2,Low,False,2024-01-07,2027-11-04,Approved
KYC0007155,CUS0007155,Tier1,Low,False,2024-06-15,2026-09-15,Approved
KYC0007156,CUS0007156,Tier3,Low,False,2026-02-19,2027-09-12,Approved
KYC0007157,CUS0007157,Tier1,High,False,2025-07-31,2027-04-24,Approved
KYC0007158,CUS0007158,Tier1,Medium,False,2024-09-14,2027-05-20,Approved
KYC0007159,CUS0007159,Tier1,Low,False,2024-10-23,2026-10-18,Approved
KYC0007160,CUS0007160,Tier1,High,False,2025-10-26,2026-07-16,Approved
KYC0007161,CUS0007161,Tier1,Low,False,2024-04-30,2026-10-22,Approved
KYC0007162,CUS0007162,Tier2,Low,False,2025-12-10,2027-01-31,Approved
KYC0007163,CUS0007163,Tier2,Low,False,2025-01-13,2026-07-01,Approved
KYC0007164,CUS0007164,Tier2,High,False,2024-05-02,2026-05-23,Approved
KYC0007165,CUS0007165,Tier1,Low,False,2024-05-22,2026-09-26,Approved
KYC0007166,CUS0007166,Tier2,High,False,2024-02-16,2027-11-28,Approved
KYC0007167,CUS0007167,Tier2,Low,False,2024-11-08,2027-09-17,Pending
KYC0007168,CUS0007168,Tier2,Medium,False,2025-08-17,2026-11-24,Approved
KYC0007169,CUS0007169,Tier3,Low,False,2024-05-05,2027-11-27,Approved
KYC0007170,CUS0007170,Tier1,Medium,False,2024-06-01,2027-06-26,Approved
KYC0007171,CUS0007171,Tier2,Medium,False,2025-05-19,2027-03-23,Approved
KYC0007172,CUS0007172,Tier1,Low,False,2025-09-22,2027-11-28,Approved
KYC0007173,CUS0007173,Tier1,Medium,False,2025-01-25,2026-12-16,Approved
KYC0007174,CUS0007174,Tier2,High,False,2024-03-30,2027-11-30,Approved
KYC0007175,CUS0007175,Tier2,Medium,False,2024-07-25,2027-10-10,Approved
KYC0007176,CUS0007176,Tier1,Low,False,2025-12-28,2027-04-26,Approved
KYC0007177,CUS0007177,Tier2,Medium,False,2025-11-09,2026-06-18,Approved
KYC0007178,CUS0007178,Tier1,Low,False,2024-10-25,2027-10-19,Approved
KYC0007179,CUS0007179,Tier1,Medium,False,2025-10-19,2027-04-22,Approved
KYC0007180,CUS0007180,Tier1,Low,False,2024-07-01,2027-06-20,Approved
KYC0007181,CUS0007181,Tier1,Low,False,2024-03-27,2026-11-29,Approved
KYC0007182,CUS0007182,Tier1,Low,False,2024-06-21,2026-07-26,Approved
KYC0007183,CUS0007183,Tier1,Low,False,2025-06-12,2026-08-14,Approved
KYC0007184,CUS0007184,Tier1,Medium,False,2024-10-01,2026-09-14,Approved
KYC0007185,CUS0007185,Tier1,Low,False,2024-10-14,2026-08-26,Approved
KYC0007186,CUS0007186,Tier1,Medium,False,2024-02-15,2026-07-08,Approved
KYC0007187,CUS0007187,Tier1,Low,False,2024-04-25,2027-12-24,Approved
KYC0007188,CUS0007188,Tier3,Low,False,2024-01-11,2026-09-24,Approved
KYC0007189,CUS0007189,Tier2,Low,False,2025-08-15,2027-08-20,Approved
KYC0007190,CUS0007190,Tier1,Low,False,2025-08-04,2027-07-22,Approved
KYC0007191,CUS0007191,Tier1,Medium,False,2024-04-02,2027-02-07,Approved
KYC0007192,CUS0007192,Tier1,Low,False,2024-05-08,2026-08-22,Approved
KYC0007193,CUS0007193,Tier3,Low,False,2025-09-28,2027-01-10,Approved
KYC0007194,CUS0007194,Tier3,Low,False,2024-08-18,2027-07-23,Approved
KYC0007195,CUS0007195,Tier1,Low,False,2026-01-08,2027-07-20,Pending
KYC0007196,CUS0007196,Tier2,Low,False,2025-01-29,2027-11-29,Approved
KYC0007197,CUS0007197,Tier3,Low,False,2024-03-01,2026-12-31,Approved
KYC0007198,CUS0007198,Tier1,Low,False,2024-07-29,2026-10-23,Approved
KYC0007199,CUS0007199,Tier3,Medium,False,2024-07-12,2027-10-04,Approved
KYC0007200,CUS0007200,Tier1,Low,True,2024-12-04,2027-07-13,Rejected
KYC0007201,CUS0007201,Tier1,Low,False,2024-03-29,2026-05-15,Pending
KYC0007202,CUS0007202,Tier1,Medium,False,2024-07-29,2027-06-21,Approved
KYC0007203,CUS0007203,Tier1,Low,False,2024-07-29,2027-12-05,Approved
KYC0007204,CUS0007204,Tier1,Low,False,2024-06-23,2026-12-07,Approved
KYC0007205,CUS0007205,Tier1,Low,False,2026-03-30,2026-12-04,Approved
KYC0007206,CUS0007206,Tier2,Low,False,2025-06-22,2027-10-23,Approved
KYC0007207,CUS0007207,Tier1,Medium,False,2025-06-27,2026-06-02,Pending
KYC0007208,CUS0007208,Tier1,Low,False,2024-11-19,2027-11-20,Approved
KYC0007209,CUS0007209,Tier2,Low,False,2026-01-02,2027-04-29,Approved
KYC0007210,CUS0007210,Tier1,Low,False,2025-05-31,2027-07-04,Approved
KYC0007211,CUS0007211,Tier1,Low,False,2025-08-14,2027-11-05,Pending
KYC0007212,CUS0007212,Tier1,Low,False,2025-01-01,2027-08-02,Approved
KYC0007213,CUS0007213,Tier3,Low,False,2024-03-10,2027-10-09,Approved
KYC0007214,CUS0007214,Tier1,Low,False,2026-04-07,2026-07-17,Approved
KYC0007215,CUS0007215,Tier1,Low,False,2025-09-05,2027-03-03,Approved
KYC0007216,CUS0007216,Tier2,Medium,False,2025-03-15,2027-02-21,Approved
KYC0007217,CUS0007217,Tier1,Low,False,2025-11-23,2027-12-07,Approved
KYC0007218,CUS0007218,Tier3,Medium,False,2024-01-10,2026-06-27,Approved
KYC0007219,CUS0007219,Tier2,Low,False,2024-03-26,2026-08-06,Approved
KYC0007220,CUS0007220,Tier2,High,False,2024-02-24,2026-12-27,Approved
KYC0007221,CUS0007221,Tier3,Low,False,2025-09-26,2026-06-14,Approved
KYC0007222,CUS0007222,Tier2,Medium,False,2025-01-12,2027-06-24,Approved
KYC0007223,CUS0007223,Tier2,Medium,False,2026-02-05,2026-12-04,Approved
KYC0007224,CUS0007224,Tier1,Low,False,2024-01-06,2027-01-01,Approved
KYC0007225,CUS0007225,Tier1,Low,False,2024-04-06,2026-08-25,Approved
KYC0007226,CUS0007226,Tier1,Low,False,2025-11-18,2026-07-07,Approved
KYC0007227,CUS0007227,Tier1,Low,False,2025-12-25,2026-06-15,Approved
KYC0007228,CUS0007228,Tier1,Low,False,2025-01-24,2027-04-02,Approved
KYC0007229,CUS0007229,Tier1,Medium,False,2025-01-14,2026-09-24,Approved
KYC0007230,CUS0007230,Tier1,Low,False,2026-04-21,2026-07-30,Approved
KYC0007231,CUS0007231,Tier2,Low,False,2024-08-28,2027-12-24,Approved
KYC0007232,CUS0007232,Tier1,Low,False,2025-09-11,2027-08-12,Approved
KYC0007233,CUS0007233,Tier1,Low,False,2024-07-26,2027-07-01,Approved
KYC0007234,CUS0007234,Tier1,Medium,False,2024-05-26,2027-07-04,Approved
KYC0007235,CUS0007235,Tier1,Low,False,2024-12-28,2027-03-11,Approved
KYC0007236,CUS0007236,Tier2,Low,False,2024-12-09,2026-09-18,Approved
KYC0007237,CUS0007237,Tier1,Medium,False,2024-04-30,2027-08-28,Approved
KYC0007238,CUS0007238,Tier2,Low,False,2024-06-20,2027-09-21,Approved
KYC0007239,CUS0007239,Tier1,Low,False,2024-04-23,2027-03-23,Approved
KYC0007240,CUS0007240,Tier2,Low,False,2024-02-10,2027-10-16,Approved
KYC0007241,CUS0007241,Tier3,Medium,False,2024-04-18,2027-06-24,Approved
KYC0007242,CUS0007242,Tier2,Medium,False,2024-12-12,2027-11-01,Approved
KYC0007243,CUS0007243,Tier1,Low,False,2024-04-27,2026-06-03,Approved
KYC0007244,CUS0007244,Tier2,Low,False,2026-01-09,2026-12-13,Approved
KYC0007245,CUS0007245,Tier1,Low,False,2025-10-24,2026-12-17,Approved
KYC0007246,CUS0007246,Tier1,Low,False,2024-05-05,2027-07-04,Approved
KYC0007247,CUS0007247,Tier1,Low,False,2025-05-12,2027-08-22,Approved
KYC0007248,CUS0007248,Tier1,Low,False,2024-05-09,2027-01-16,Approved
KYC0007249,CUS0007249,Tier1,Low,False,2025-05-20,2027-05-11,Approved
KYC0007250,CUS0007250,Tier1,Medium,False,2025-01-06,2027-09-01,Approved
KYC0007251,CUS0007251,Tier3,Low,False,2024-01-13,2026-11-03,Approved
KYC0007252,CUS0007252,Tier1,Low,False,2024-12-27,2027-04-21,Approved
KYC0007253,CUS0007253,Tier3,Low,False,2025-12-03,2027-11-29,Approved
KYC0007254,CUS0007254,Tier1,Low,False,2025-03-17,2027-03-15,Approved
KYC0007255,CUS0007255,Tier1,Low,False,2024-12-14,2026-09-01,Approved
KYC0007256,CUS0007256,Tier1,Low,False,2025-11-30,2026-12-19,Approved
KYC0007257,CUS0007257,Tier1,Low,False,2026-01-14,2027-09-08,Approved
KYC0007258,CUS0007258,Tier1,Low,False,2024-07-09,2027-08-25,Approved
KYC0007259,CUS0007259,Tier3,Medium,False,2025-02-08,2026-07-03,Approved
KYC0007260,CUS0007260,Tier1,Low,False,2025-04-19,2026-05-12,Approved
KYC0007261,CUS0007261,Tier1,High,False,2024-08-26,2026-11-10,Approved
KYC0007262,CUS0007262,Tier1,Medium,False,2025-07-12,2026-08-14,Approved
KYC0007263,CUS0007263,Tier1,Low,False,2025-05-23,2027-08-29,Pending
KYC0007264,CUS0007264,Tier1,Low,False,2025-06-12,2026-11-24,Approved
KYC0007265,CUS0007265,Tier1,Medium,False,2026-03-24,2026-10-27,Approved
KYC0007266,CUS0007266,Tier2,Low,False,2024-03-14,2026-06-28,Approved
KYC0007267,CUS0007267,Tier1,Low,False,2026-03-17,2027-12-16,Approved
KYC0007268,CUS0007268,Tier1,Low,False,2026-01-31,2027-07-16,Approved
KYC0007269,CUS0007269,Tier1,Medium,False,2026-04-25,2026-08-08,Approved
KYC0007270,CUS0007270,Tier2,Medium,False,2024-09-26,2027-06-10,Approved
KYC0007271,CUS0007271,Tier1,Low,False,2024-10-29,2027-05-04,Approved
KYC0007272,CUS0007272,Tier1,High,False,2024-01-07,2027-04-23,Pending
KYC0007273,CUS0007273,Tier1,Low,False,2025-08-29,2026-09-18,Approved
KYC0007274,CUS0007274,Tier2,Medium,False,2024-11-28,2026-08-14,Approved
KYC0007275,CUS0007275,Tier2,Low,False,2025-08-18,2027-03-14,Approved
KYC0007276,CUS0007276,Tier2,Low,False,2024-01-10,2027-11-10,Approved
KYC0007277,CUS0007277,Tier2,Medium,True,2024-07-06,2026-11-08,Approved
KYC0007278,CUS0007278,Tier2,Low,False,2025-01-26,2026-11-12,Approved
KYC0007279,CUS0007279,Tier2,Low,False,2025-07-31,2027-07-31,Pending
KYC0007280,CUS0007280,Tier2,Medium,False,2026-02-03,2027-09-15,Approved
KYC0007281,CUS0007281,Tier1,Low,False,2024-08-05,2027-01-15,Approved
KYC0007282,CUS0007282,Tier2,Low,False,2024-01-19,2027-04-02,Approved
KYC0007283,CUS0007283,Tier1,High,False,2025-06-05,2027-12-16,Approved
KYC0007284,CUS0007284,Tier2,Medium,False,2025-04-05,2027-10-16,Approved
KYC0007285,CUS0007285,Tier1,High,False,2026-01-11,2027-12-16,Approved
KYC0007286,CUS0007286,Tier2,Low,False,2026-03-15,2026-08-21,Approved
KYC0007287,CUS0007287,Tier2,Low,False,2024-09-07,2027-04-30,Approved
KYC0007288,CUS0007288,Tier1,Low,False,2024-02-13,2027-03-21,Approved
KYC0007289,CUS0007289,Tier1,Low,False,2024-02-15,2026-06-24,Approved
KYC0007290,CUS0007290,Tier2,Low,False,2024-01-08,2026-08-22,Approved
KYC0007291,CUS0007291,Tier2,Low,False,2025-06-23,2026-10-18,Pending
KYC0007292,CUS0007292,Tier1,Low,False,2025-12-02,2027-04-02,Approved
KYC0007293,CUS0007293,Tier1,Low,False,2026-04-29,2026-09-16,Approved
KYC0007294,CUS0007294,Tier2,Low,False,2025-07-16,2026-11-08,Approved
KYC0007295,CUS0007295,Tier2,Low,False,2025-01-17,2027-08-01,Approved
KYC0007296,CUS0007296,Tier3,Low,False,2026-03-19,2027-06-22,Approved
KYC0007297,CUS0007297,Tier2,Low,False,2025-02-27,2027-04-27,Approved
KYC0007298,CUS0007298,Tier2,High,False,2024-09-14,2027-02-05,Approved
KYC0007299,CUS0007299,Tier1,Medium,False,2025-04-20,2027-04-26,Approved
KYC0007300,CUS0007300,Tier1,Low,False,2025-11-29,2027-03-30,Approved
KYC0007301,CUS0007301,Tier1,Medium,False,2026-04-05,2026-11-13,Approved
KYC0007302,CUS0007302,Tier1,Low,False,2026-02-28,2027-01-04,Approved
KYC0007303,CUS0007303,Tier2,Low,False,2024-03-29,2027-09-25,Approved
KYC0007304,CUS0007304,Tier1,Medium,False,2026-03-11,2027-08-31,Pending
KYC0007305,CUS0007305,Tier2,Medium,False,2024-11-08,2026-05-16,Approved
KYC0007306,CUS0007306,Tier2,Medium,False,2024-03-25,2026-08-12,Approved
KYC0007307,CUS0007307,Tier1,Low,False,2024-05-25,2027-08-06,Approved
KYC0007308,CUS0007308,Tier1,Low,False,2024-05-22,2026-06-21,Approved
KYC0007309,CUS0007309,Tier2,Low,False,2026-01-15,2027-02-17,Approved
KYC0007310,CUS0007310,Tier1,Medium,False,2026-04-20,2026-08-10,Pending
KYC0007311,CUS0007311,Tier1,Low,False,2024-02-20,2027-12-15,Approved
KYC0007312,CUS0007312,Tier1,Medium,False,2026-01-29,2027-06-04,Approved
KYC0007313,CUS0007313,Tier2,Low,False,2025-09-02,2026-08-27,Approved
KYC0007314,CUS0007314,Tier1,Medium,False,2024-11-22,2026-05-07,Approved
KYC0007315,CUS0007315,Tier1,Medium,False,2024-06-06,2026-10-02,Approved
KYC0007316,CUS0007316,Tier1,Low,False,2024-09-11,2026-07-03,Approved
KYC0007317,CUS0007317,Tier2,Low,False,2024-12-10,2027-09-06,Approved
KYC0007318,CUS0007318,Tier1,Medium,False,2025-07-30,2027-03-09,Approved
KYC0007319,CUS0007319,Tier1,Low,False,2024-05-17,2027-10-28,Approved
KYC0007320,CUS0007320,Tier2,Medium,False,2024-01-08,2027-10-14,Approved
KYC0007321,CUS0007321,Tier2,Low,False,2024-09-24,2026-05-20,Approved
KYC0007322,CUS0007322,Tier1,Low,False,2024-01-01,2027-08-07,Approved
KYC0007323,CUS0007323,Tier1,Low,False,2024-02-09,2027-12-14,Approved
KYC0007324,CUS0007324,Tier1,Medium,False,2025-04-22,2027-12-11,Approved
KYC0007325,CUS0007325,Tier1,Medium,False,2026-03-20,2027-03-27,Approved
KYC0007326,CUS0007326,Tier2,Low,False,2025-03-15,2027-11-10,Approved
KYC0007327,CUS0007327,Tier3,High,False,2025-04-27,2027-07-01,Approved
KYC0007328,CUS0007328,Tier2,Low,False,2025-07-13,2026-06-07,Approved
KYC0007329,CUS0007329,Tier1,Low,False,2024-01-12,2027-06-30,Approved
KYC0007330,CUS0007330,Tier2,Medium,False,2026-03-02,2027-08-31,Approved
KYC0007331,CUS0007331,Tier1,Low,False,2025-04-30,2026-06-24,Approved
KYC0007332,CUS0007332,Tier2,Low,False,2024-11-26,2026-08-03,Approved
KYC0007333,CUS0007333,Tier2,Low,False,2024-04-17,2027-09-23,Approved
KYC0007334,CUS0007334,Tier2,Low,False,2026-03-02,2026-06-02,Approved
KYC0007335,CUS0007335,Tier1,Low,False,2025-05-19,2027-07-31,Approved
KYC0007336,CUS0007336,Tier1,Low,False,2024-03-30,2027-07-23,Approved
KYC0007337,CUS0007337,Tier1,Low,False,2024-02-29,2026-06-03,Approved
KYC0007338,CUS0007338,Tier1,Low,False,2024-11-09,2027-06-24,Approved
KYC0007339,CUS0007339,Tier3,Low,False,2024-08-17,2026-07-10,Approved
KYC0007340,CUS0007340,Tier1,Low,False,2026-02-28,2027-03-11,Approved
KYC0007341,CUS0007341,Tier1,Medium,False,2025-08-23,2027-04-28,Approved
KYC0007342,CUS0007342,Tier1,High,False,2025-10-19,2027-06-05,Approved
KYC0007343,CUS0007343,Tier3,Medium,False,2025-04-24,2026-09-13,Approved
KYC0007344,CUS0007344,Tier2,Low,False,2024-12-27,2027-04-19,Pending
KYC0007345,CUS0007345,Tier1,Low,False,2024-08-18,2026-09-04,Approved
KYC0007346,CUS0007346,Tier1,Medium,False,2025-03-31,2026-10-01,Approved
KYC0007347,CUS0007347,Tier2,Low,False,2025-09-11,2027-01-20,Approved
KYC0007348,CUS0007348,Tier2,Low,False,2025-11-19,2027-01-03,Approved
KYC0007349,CUS0007349,Tier1,Low,False,2025-10-20,2027-04-16,Approved
KYC0007350,CUS0007350,Tier1,Medium,False,2025-08-19,2027-11-27,Approved
KYC0007351,CUS0007351,Tier1,Low,False,2024-09-20,2026-06-14,Approved
KYC0007352,CUS0007352,Tier2,Low,False,2025-05-12,2027-05-05,Approved
KYC0007353,CUS0007353,Tier2,Medium,False,2024-05-26,2027-05-25,Approved
KYC0007354,CUS0007354,Tier2,Medium,False,2024-12-28,2026-08-28,Approved
KYC0007355,CUS0007355,Tier2,Low,False,2025-01-06,2026-10-08,Approved
KYC0007356,CUS0007356,Tier2,Low,False,2026-04-12,2026-06-15,Approved
KYC0007357,CUS0007357,Tier1,Low,False,2024-01-20,2026-08-03,Approved
KYC0007358,CUS0007358,Tier2,Low,False,2024-01-07,2026-11-14,Approved
KYC0007359,CUS0007359,Tier1,Low,False,2026-03-15,2027-01-23,Approved
KYC0007360,CUS0007360,Tier2,Medium,False,2024-11-04,2027-05-07,Approved
KYC0007361,CUS0007361,Tier1,Low,False,2025-01-24,2027-04-13,Approved
KYC0007362,CUS0007362,Tier2,Low,False,2025-06-05,2027-12-14,Approved
KYC0007363,CUS0007363,Tier1,Low,False,2024-05-09,2027-01-29,Approved
KYC0007364,CUS0007364,Tier3,Low,False,2025-07-17,2026-10-04,Approved
KYC0007365,CUS0007365,Tier3,Low,False,2026-02-07,2027-09-25,Approved
KYC0007366,CUS0007366,Tier2,Low,False,2024-02-07,2027-05-17,Approved
KYC0007367,CUS0007367,Tier1,Low,False,2025-04-17,2027-03-10,Approved
KYC0007368,CUS0007368,Tier1,Low,False,2024-12-26,2026-10-23,Approved
KYC0007369,CUS0007369,Tier2,Low,False,2025-07-03,2027-04-22,Approved
KYC0007370,CUS0007370,Tier1,Low,False,2024-04-19,2026-09-22,Approved
KYC0007371,CUS0007371,Tier1,Low,False,2024-02-14,2027-07-14,Approved
KYC0007372,CUS0007372,Tier2,Low,False,2024-01-21,2026-05-25,Approved
KYC0007373,CUS0007373,Tier1,Medium,False,2024-01-29,2027-11-01,Approved
KYC0007374,CUS0007374,Tier1,Medium,False,2024-07-03,2027-09-08,Approved
KYC0007375,CUS0007375,Tier2,Low,False,2025-06-05,2027-04-10,Approved
KYC0007376,CUS0007376,Tier1,Low,False,2024-10-30,2027-11-20,Approved
KYC0007377,CUS0007377,Tier2,Medium,False,2024-04-09,2027-09-06,Approved
KYC0007378,CUS0007378,Tier1,Low,False,2026-02-05,2027-07-09,Approved
KYC0007379,CUS0007379,Tier1,Low,False,2025-03-09,2026-11-18,Approved
KYC0007380,CUS0007380,Tier2,Low,False,2024-09-29,2027-09-28,Approved
KYC0007381,CUS0007381,Tier2,Medium,False,2024-05-26,2027-11-30,Approved
KYC0007382,CUS0007382,Tier2,High,False,2025-12-27,2027-12-19,Approved
KYC0007383,CUS0007383,Tier1,Low,False,2026-02-08,2027-05-13,Approved
KYC0007384,CUS0007384,Tier2,Medium,False,2024-02-06,2027-12-21,Approved
KYC0007385,CUS0007385,Tier1,Low,False,2024-09-20,2027-07-10,Approved
KYC0007386,CUS0007386,Tier2,Low,False,2025-03-31,2027-12-10,Approved
KYC0007387,CUS0007387,Tier2,Low,False,2025-01-22,2026-12-28,Approved
KYC0007388,CUS0007388,Tier1,Low,False,2024-03-03,2026-09-03,Approved
KYC0007389,CUS0007389,Tier2,Low,False,2024-07-24,2027-06-08,Approved
KYC0007390,CUS0007390,Tier1,Low,False,2025-07-03,2027-07-27,Approved
KYC0007391,CUS0007391,Tier2,Medium,False,2024-08-19,2027-08-15,Approved
KYC0007392,CUS0007392,Tier1,Medium,False,2024-04-27,2027-04-05,Approved
KYC0007393,CUS0007393,Tier2,Low,False,2024-06-26,2026-12-02,Approved
KYC0007394,CUS0007394,Tier2,Low,False,2025-02-04,2027-11-09,Approved
KYC0007395,CUS0007395,Tier2,Low,False,2026-04-18,2027-10-20,Approved
KYC0007396,CUS0007396,Tier1,High,False,2025-04-19,2027-10-29,Approved
KYC0007397,CUS0007397,Tier1,Low,False,2024-06-16,2026-09-30,Approved
KYC0007398,CUS0007398,Tier1,Low,False,2024-02-12,2027-11-19,Approved
KYC0007399,CUS0007399,Tier1,Low,False,2025-06-15,2027-06-07,Approved
KYC0007400,CUS0007400,Tier2,Medium,False,2025-03-25,2027-05-14,Approved
KYC0007401,CUS0007401,Tier1,High,False,2025-10-18,2026-09-26,Approved
KYC0007402,CUS0007402,Tier2,Low,False,2025-01-18,2027-11-19,Approved
KYC0007403,CUS0007403,Tier1,Medium,False,2025-12-19,2027-10-04,Approved
KYC0007404,CUS0007404,Tier1,Low,False,2024-07-31,2027-05-12,Approved
KYC0007405,CUS0007405,Tier1,Low,False,2025-04-29,2027-05-19,Approved
KYC0007406,CUS0007406,Tier1,Low,False,2024-05-24,2027-10-09,Approved
KYC0007407,CUS0007407,Tier1,Low,False,2024-02-28,2026-05-14,Pending
KYC0007408,CUS0007408,Tier2,Low,False,2025-04-23,2027-10-18,Approved
KYC0007409,CUS0007409,Tier1,High,False,2025-04-21,2027-04-16,Approved
KYC0007410,CUS0007410,Tier2,Medium,False,2025-12-27,2027-05-12,Pending
KYC0007411,CUS0007411,Tier2,Low,False,2025-10-03,2026-11-24,Approved
KYC0007412,CUS0007412,Tier1,Low,False,2025-07-08,2027-08-20,Approved
KYC0007413,CUS0007413,Tier2,Low,False,2024-07-08,2027-05-27,Approved
KYC0007414,CUS0007414,Tier2,Low,False,2024-08-08,2026-10-22,Approved
KYC0007415,CUS0007415,Tier1,Low,False,2024-04-30,2027-07-09,Approved
KYC0007416,CUS0007416,Tier1,Low,False,2024-03-12,2026-10-17,Approved
KYC0007417,CUS0007417,Tier3,Medium,False,2024-05-14,2027-06-17,Approved
KYC0007418,CUS0007418,Tier2,Medium,False,2024-03-15,2027-05-29,Approved
KYC0007419,CUS0007419,Tier2,High,False,2024-04-23,2027-10-31,Approved
KYC0007420,CUS0007420,Tier1,Medium,False,2024-03-15,2027-06-21,Approved
KYC0007421,CUS0007421,Tier2,Low,False,2024-03-22,2026-09-27,Rejected
KYC0007422,CUS0007422,Tier2,Medium,False,2024-04-08,2027-11-04,Approved
KYC0007423,CUS0007423,Tier2,Low,False,2025-11-07,2026-12-25,Approved
KYC0007424,CUS0007424,Tier1,Low,False,2025-08-03,2027-04-28,Approved
KYC0007425,CUS0007425,Tier2,Low,False,2025-01-18,2026-08-15,Approved
KYC0007426,CUS0007426,Tier3,Low,False,2026-01-07,2027-09-05,Approved
KYC0007427,CUS0007427,Tier1,Low,False,2026-02-22,2026-12-11,Approved
KYC0007428,CUS0007428,Tier1,Low,False,2025-11-17,2026-11-17,Approved
KYC0007429,CUS0007429,Tier1,Medium,False,2025-02-24,2027-02-08,Approved
KYC0007430,CUS0007430,Tier2,Medium,False,2025-06-21,2027-02-16,Approved
KYC0007431,CUS0007431,Tier1,Low,False,2024-07-11,2027-09-29,Approved
KYC0007432,CUS0007432,Tier1,Medium,False,2025-06-03,2026-12-27,Approved
KYC0007433,CUS0007433,Tier3,Low,False,2024-09-03,2027-03-02,Approved
KYC0007434,CUS0007434,Tier2,Low,False,2024-02-06,2026-08-27,Approved
KYC0007435,CUS0007435,Tier2,High,False,2025-06-01,2027-08-27,Approved
KYC0007436,CUS0007436,Tier1,Medium,False,2025-02-15,2026-05-27,Approved
KYC0007437,CUS0007437,Tier1,Low,False,2025-03-14,2026-11-14,Approved
KYC0007438,CUS0007438,Tier1,Medium,False,2025-10-25,2027-10-16,Approved
KYC0007439,CUS0007439,Tier2,Low,False,2024-07-29,2027-08-31,Approved
KYC0007440,CUS0007440,Tier1,Low,False,2026-01-24,2026-07-28,Approved
KYC0007441,CUS0007441,Tier3,Low,False,2026-03-22,2027-06-03,Approved
KYC0007442,CUS0007442,Tier1,Medium,False,2025-06-27,2027-03-22,Approved
KYC0007443,CUS0007443,Tier2,Medium,False,2025-10-16,2027-01-07,Approved
KYC0007444,CUS0007444,Tier2,Low,False,2025-01-09,2027-07-17,Approved
KYC0007445,CUS0007445,Tier1,Medium,False,2024-11-04,2027-01-05,Approved
KYC0007446,CUS0007446,Tier2,Low,False,2024-02-08,2027-07-01,Rejected
KYC0007447,CUS0007447,Tier1,Medium,False,2025-02-23,2027-11-27,Approved
KYC0007448,CUS0007448,Tier2,Medium,False,2026-02-21,2026-05-24,Approved
KYC0007449,CUS0007449,Tier2,Low,False,2024-07-31,2026-08-18,Approved
KYC0007450,CUS0007450,Tier2,Low,False,2025-04-01,2026-11-21,Approved
KYC0007451,CUS0007451,Tier2,Low,False,2024-07-08,2027-12-06,Approved
KYC0007452,CUS0007452,Tier1,Low,False,2024-05-13,2027-08-28,Approved
KYC0007453,CUS0007453,Tier1,Medium,False,2024-04-27,2027-02-09,Approved
KYC0007454,CUS0007454,Tier3,Medium,False,2024-11-12,2027-09-05,Approved
KYC0007455,CUS0007455,Tier2,Medium,False,2025-07-21,2027-08-21,Approved
KYC0007456,CUS0007456,Tier3,Low,False,2026-02-21,2026-10-29,Approved
KYC0007457,CUS0007457,Tier1,Low,False,2024-04-30,2026-10-27,Pending
KYC0007458,CUS0007458,Tier1,Low,False,2024-03-16,2027-02-19,Approved
KYC0007459,CUS0007459,Tier2,Low,False,2024-09-06,2027-12-05,Approved
KYC0007460,CUS0007460,Tier2,Low,False,2025-03-22,2027-05-29,Approved
KYC0007461,CUS0007461,Tier1,Low,False,2024-03-03,2026-12-26,Approved
KYC0007462,CUS0007462,Tier2,Low,False,2025-06-18,2027-02-14,Approved
KYC0007463,CUS0007463,Tier2,Low,False,2026-02-19,2027-02-27,Approved
KYC0007464,CUS0007464,Tier3,Low,False,2025-04-04,2026-06-26,Approved
KYC0007465,CUS0007465,Tier2,Low,False,2025-02-15,2027-11-18,Approved
KYC0007466,CUS0007466,Tier1,Low,False,2025-02-13,2027-09-15,Approved
KYC0007467,CUS0007467,Tier1,Low,False,2024-02-24,2027-08-09,Approved
KYC0007468,CUS0007468,Tier1,Low,False,2024-12-05,2027-10-13,Approved
KYC0007469,CUS0007469,Tier1,Low,False,2025-10-11,2026-11-30,Approved
KYC0007470,CUS0007470,Tier1,Low,False,2025-02-03,2027-12-04,Approved
KYC0007471,CUS0007471,Tier2,Low,False,2026-03-22,2027-11-15,Approved
KYC0007472,CUS0007472,Tier2,Low,False,2024-09-10,2026-10-18,Approved
KYC0007473,CUS0007473,Tier2,Low,False,2025-04-22,2027-01-23,Approved
KYC0007474,CUS0007474,Tier2,Low,False,2024-08-14,2027-10-08,Approved
KYC0007475,CUS0007475,Tier1,Low,False,2024-05-05,2026-09-25,Approved
KYC0007476,CUS0007476,Tier1,Low,False,2024-07-09,2026-08-14,Rejected
KYC0007477,CUS0007477,Tier2,Low,False,2025-07-29,2026-11-03,Approved
KYC0007478,CUS0007478,Tier2,Low,False,2024-11-22,2026-11-23,Approved
KYC0007479,CUS0007479,Tier2,Low,False,2026-03-01,2026-06-27,Approved
KYC0007480,CUS0007480,Tier3,Medium,False,2025-08-18,2026-06-17,Approved
KYC0007481,CUS0007481,Tier1,Low,False,2025-07-09,2027-01-17,Approved
KYC0007482,CUS0007482,Tier2,Low,False,2024-05-15,2027-01-07,Approved
KYC0007483,CUS0007483,Tier1,Low,False,2024-03-26,2027-04-14,Approved
KYC0007484,CUS0007484,Tier1,Medium,False,2024-09-26,2027-08-15,Approved
KYC0007485,CUS0007485,Tier2,Medium,False,2025-02-28,2026-09-01,Approved
KYC0007486,CUS0007486,Tier3,Low,False,2024-07-11,2027-02-25,Approved
KYC0007487,CUS0007487,Tier2,Medium,False,2025-08-05,2026-05-25,Approved
KYC0007488,CUS0007488,Tier2,Medium,False,2024-10-17,2026-07-23,Approved
KYC0007489,CUS0007489,Tier2,Low,False,2025-03-24,2026-09-30,Approved
KYC0007490,CUS0007490,Tier1,Medium,False,2024-09-28,2026-07-21,Approved
KYC0007491,CUS0007491,Tier1,Low,False,2025-06-17,2026-06-09,Approved
KYC0007492,CUS0007492,Tier3,Low,False,2024-06-22,2027-03-18,Approved
KYC0007493,CUS0007493,Tier2,Medium,True,2025-09-02,2026-07-07,Approved
KYC0007494,CUS0007494,Tier2,High,False,2026-04-24,2027-08-13,Approved
KYC0007495,CUS0007495,Tier1,Medium,False,2024-11-01,2026-08-22,Approved
KYC0007496,CUS0007496,Tier1,Low,False,2025-02-25,2027-02-01,Approved
KYC0007497,CUS0007497,Tier1,Medium,False,2024-11-02,2026-08-12,Approved
KYC0007498,CUS0007498,Tier1,Low,False,2025-05-07,2027-01-26,Approved
KYC0007499,CUS0007499,Tier2,Low,False,2025-06-19,2026-08-05,Approved
KYC0007500,CUS0007500,Tier1,Low,False,2024-01-11,2027-10-11,Approved
KYC0007501,CUS0007501,Tier2,Low,False,2025-06-10,2026-07-30,Approved
KYC0007502,CUS0007502,Tier2,Low,False,2026-02-20,2026-07-18,Approved
KYC0007503,CUS0007503,Tier3,Medium,False,2025-11-11,2027-10-06,Approved
KYC0007504,CUS0007504,Tier1,Low,False,2025-02-04,2026-08-05,Approved
KYC0007505,CUS0007505,Tier1,Low,False,2025-08-16,2026-09-20,Approved
KYC0007506,CUS0007506,Tier1,Low,False,2025-02-14,2027-07-22,Approved
KYC0007507,CUS0007507,Tier2,Medium,False,2024-02-14,2027-08-04,Approved
KYC0007508,CUS0007508,Tier1,Low,False,2024-11-17,2027-06-03,Approved
KYC0007509,CUS0007509,Tier1,Low,False,2025-09-09,2027-05-24,Approved
KYC0007510,CUS0007510,Tier1,Low,False,2026-01-02,2027-03-24,Approved
KYC0007511,CUS0007511,Tier3,Low,False,2025-01-14,2027-11-03,Approved
KYC0007512,CUS0007512,Tier1,Medium,False,2025-01-01,2027-01-19,Approved
KYC0007513,CUS0007513,Tier2,Medium,False,2024-11-29,2027-10-11,Approved
KYC0007514,CUS0007514,Tier2,Low,False,2025-04-28,2027-12-20,Approved
KYC0007515,CUS0007515,Tier2,Low,True,2025-09-14,2027-06-12,Approved
KYC0007516,CUS0007516,Tier1,Low,False,2024-05-21,2027-03-05,Approved
KYC0007517,CUS0007517,Tier2,Medium,False,2025-11-26,2026-08-24,Approved
KYC0007518,CUS0007518,Tier3,Medium,False,2025-01-14,2026-10-17,Approved
KYC0007519,CUS0007519,Tier2,Low,False,2025-08-08,2027-07-03,Approved
KYC0007520,CUS0007520,Tier1,Low,False,2025-05-14,2027-11-08,Approved
KYC0007521,CUS0007521,Tier1,Low,False,2026-04-11,2027-02-21,Approved
KYC0007522,CUS0007522,Tier1,Low,False,2024-07-22,2026-12-29,Approved
KYC0007523,CUS0007523,Tier2,Low,False,2025-12-15,2027-06-24,Approved
KYC0007524,CUS0007524,Tier1,Low,False,2024-03-24,2026-06-07,Approved
KYC0007525,CUS0007525,Tier1,Low,False,2025-08-21,2027-03-17,Approved
KYC0007526,CUS0007526,Tier2,Low,False,2025-10-29,2027-06-21,Approved
KYC0007527,CUS0007527,Tier1,Low,False,2024-01-15,2026-10-20,Approved
KYC0007528,CUS0007528,Tier1,Low,False,2024-12-31,2026-12-30,Approved
KYC0007529,CUS0007529,Tier1,Low,False,2024-07-08,2027-12-11,Approved
KYC0007530,CUS0007530,Tier1,Low,False,2026-03-09,2027-12-09,Approved
KYC0007531,CUS0007531,Tier2,Medium,False,2024-09-13,2026-10-20,Approved
KYC0007532,CUS0007532,Tier1,Medium,False,2025-10-05,2026-06-10,Approved
KYC0007533,CUS0007533,Tier1,Low,False,2025-06-04,2026-12-06,Approved
KYC0007534,CUS0007534,Tier1,Low,False,2025-06-27,2026-07-19,Approved
KYC0007535,CUS0007535,Tier2,Low,False,2025-01-18,2026-08-03,Pending
KYC0007536,CUS0007536,Tier2,Low,False,2024-06-19,2026-06-01,Approved
KYC0007537,CUS0007537,Tier2,Medium,False,2026-04-22,2027-11-28,Rejected
KYC0007538,CUS0007538,Tier2,Medium,False,2024-06-30,2027-01-16,Approved
KYC0007539,CUS0007539,Tier2,Medium,False,2024-06-07,2027-12-10,Approved
KYC0007540,CUS0007540,Tier1,Low,False,2024-03-16,2027-08-28,Approved
KYC0007541,CUS0007541,Tier1,Low,False,2024-04-19,2027-05-24,Approved
KYC0007542,CUS0007542,Tier3,Medium,False,2026-03-01,2027-04-05,Approved
KYC0007543,CUS0007543,Tier2,Medium,False,2025-01-08,2027-12-13,Approved
KYC0007544,CUS0007544,Tier1,Low,False,2024-07-20,2027-06-19,Approved
KYC0007545,CUS0007545,Tier1,Medium,False,2026-03-27,2027-04-28,Approved
KYC0007546,CUS0007546,Tier2,Low,False,2026-03-20,2027-07-01,Approved
KYC0007547,CUS0007547,Tier2,Low,False,2025-02-13,2026-05-28,Approved
KYC0007548,CUS0007548,Tier3,Medium,False,2026-01-03,2026-10-12,Approved
KYC0007549,CUS0007549,Tier3,Low,False,2024-11-20,2027-11-20,Approved
KYC0007550,CUS0007550,Tier2,Medium,False,2025-09-02,2027-07-06,Approved
KYC0007551,CUS0007551,Tier1,Low,False,2025-05-18,2027-05-18,Approved
KYC0007552,CUS0007552,Tier2,Low,False,2026-04-22,2026-09-17,Approved
KYC0007553,CUS0007553,Tier3,High,False,2024-11-29,2026-06-07,Approved
KYC0007554,CUS0007554,Tier2,Low,False,2024-07-28,2026-12-31,Approved
KYC0007555,CUS0007555,Tier3,Low,False,2025-10-15,2026-06-22,Approved
KYC0007556,CUS0007556,Tier3,Low,False,2024-03-26,2026-08-02,Approved
KYC0007557,CUS0007557,Tier2,Low,False,2024-08-05,2027-02-09,Approved
KYC0007558,CUS0007558,Tier1,Medium,False,2024-01-14,2026-12-02,Approved
KYC0007559,CUS0007559,Tier2,Low,False,2025-11-07,2026-05-17,Approved
KYC0007560,CUS0007560,Tier1,Low,False,2025-04-26,2026-07-04,Approved
KYC0007561,CUS0007561,Tier3,Low,False,2025-06-23,2027-05-14,Approved
KYC0007562,CUS0007562,Tier1,Medium,False,2026-03-03,2027-06-04,Pending
KYC0007563,CUS0007563,Tier1,Low,False,2026-02-04,2026-08-09,Approved
KYC0007564,CUS0007564,Tier1,Medium,False,2025-12-22,2027-02-22,Approved
KYC0007565,CUS0007565,Tier2,Low,False,2024-04-01,2027-11-01,Approved
KYC0007566,CUS0007566,Tier1,Medium,False,2024-01-17,2027-10-11,Approved
KYC0007567,CUS0007567,Tier2,Medium,False,2025-01-19,2026-12-09,Approved
KYC0007568,CUS0007568,Tier2,Medium,False,2024-07-03,2027-11-12,Approved
KYC0007569,CUS0007569,Tier1,Low,False,2025-08-11,2026-07-02,Approved
KYC0007570,CUS0007570,Tier1,Low,False,2025-12-10,2027-10-01,Approved
KYC0007571,CUS0007571,Tier1,Medium,False,2025-08-15,2026-08-24,Approved
KYC0007572,CUS0007572,Tier2,Low,False,2025-10-28,2026-09-18,Approved
KYC0007573,CUS0007573,Tier3,Low,False,2024-09-04,2027-04-03,Approved
KYC0007574,CUS0007574,Tier3,Low,False,2025-05-25,2026-12-07,Approved
KYC0007575,CUS0007575,Tier3,Low,False,2024-04-29,2026-09-05,Approved
KYC0007576,CUS0007576,Tier1,Low,False,2026-01-11,2027-05-30,Approved
KYC0007577,CUS0007577,Tier2,Low,False,2024-06-26,2026-08-14,Approved
KYC0007578,CUS0007578,Tier3,Low,False,2025-05-09,2026-08-23,Approved
KYC0007579,CUS0007579,Tier1,Low,False,2024-11-29,2027-05-12,Approved
KYC0007580,CUS0007580,Tier2,High,False,2024-06-04,2027-02-20,Approved
KYC0007581,CUS0007581,Tier2,Low,False,2025-02-07,2026-11-30,Approved
KYC0007582,CUS0007582,Tier2,Low,False,2024-11-15,2026-06-03,Approved
KYC0007583,CUS0007583,Tier1,Low,False,2025-06-03,2027-06-07,Approved
KYC0007584,CUS0007584,Tier1,Low,False,2025-12-03,2027-06-13,Approved
KYC0007585,CUS0007585,Tier1,Medium,False,2024-07-07,2026-05-04,Approved
KYC0007586,CUS0007586,Tier2,Low,False,2025-12-22,2027-12-11,Approved
KYC0007587,CUS0007587,Tier1,Low,False,2024-02-20,2027-05-06,Approved
KYC0007588,CUS0007588,Tier2,Medium,False,2025-07-09,2026-10-26,Pending
KYC0007589,CUS0007589,Tier2,Low,False,2024-07-26,2026-09-26,Approved
KYC0007590,CUS0007590,Tier1,Low,False,2025-01-17,2026-10-16,Approved
KYC0007591,CUS0007591,Tier2,Low,False,2024-05-27,2026-06-10,Approved
KYC0007592,CUS0007592,Tier1,Low,False,2025-07-23,2027-04-13,Approved
KYC0007593,CUS0007593,Tier1,Low,False,2025-03-04,2027-10-15,Approved
KYC0007594,CUS0007594,Tier1,Low,False,2025-06-06,2026-07-22,Approved
KYC0007595,CUS0007595,Tier2,Low,False,2025-12-03,2026-11-13,Approved
KYC0007596,CUS0007596,Tier1,Medium,False,2024-10-25,2026-08-03,Approved
KYC0007597,CUS0007597,Tier1,Low,False,2025-03-12,2026-11-06,Approved
KYC0007598,CUS0007598,Tier3,Low,False,2024-09-08,2026-07-18,Approved
KYC0007599,CUS0007599,Tier2,High,False,2024-12-09,2027-09-05,Rejected
KYC0007600,CUS0007600,Tier1,Low,False,2024-01-05,2027-07-24,Approved
KYC0007601,CUS0007601,Tier1,Low,False,2024-02-23,2026-05-22,Approved
KYC0007602,CUS0007602,Tier2,High,False,2025-12-04,2027-12-17,Approved
KYC0007603,CUS0007603,Tier2,Low,False,2025-01-01,2027-08-08,Approved
KYC0007604,CUS0007604,Tier2,Low,False,2025-04-13,2027-11-10,Approved
KYC0007605,CUS0007605,Tier1,Medium,False,2024-08-24,2026-06-11,Pending
KYC0007606,CUS0007606,Tier1,Low,False,2024-09-15,2027-06-02,Approved
KYC0007607,CUS0007607,Tier1,Low,False,2024-10-01,2027-01-20,Pending
KYC0007608,CUS0007608,Tier3,Low,False,2025-02-07,2026-09-11,Pending
KYC0007609,CUS0007609,Tier1,Low,False,2025-08-22,2026-07-30,Approved
KYC0007610,CUS0007610,Tier2,Low,False,2024-04-17,2026-12-25,Approved
KYC0007611,CUS0007611,Tier2,High,False,2025-09-11,2027-06-17,Approved
KYC0007612,CUS0007612,Tier1,Low,False,2024-10-18,2026-10-09,Approved
KYC0007613,CUS0007613,Tier1,High,False,2024-02-20,2026-07-20,Approved
KYC0007614,CUS0007614,Tier2,Low,False,2024-05-11,2027-10-29,Approved
KYC0007615,CUS0007615,Tier2,Medium,False,2025-10-19,2027-08-26,Approved
KYC0007616,CUS0007616,Tier1,Low,False,2025-04-09,2026-11-30,Approved
KYC0007617,CUS0007617,Tier3,Medium,False,2024-11-18,2027-10-21,Approved
KYC0007618,CUS0007618,Tier1,Medium,False,2026-04-07,2027-05-27,Approved
KYC0007619,CUS0007619,Tier1,Low,False,2026-03-11,2026-12-06,Approved
KYC0007620,CUS0007620,Tier2,High,False,2025-08-15,2026-09-07,Approved
KYC0007621,CUS0007621,Tier3,Low,False,2025-01-16,2027-09-11,Approved
KYC0007622,CUS0007622,Tier3,High,False,2026-03-31,2026-06-15,Approved
KYC0007623,CUS0007623,Tier2,Low,False,2025-07-30,2027-11-02,Approved
KYC0007624,CUS0007624,Tier2,Low,False,2024-03-30,2026-06-01,Approved
KYC0007625,CUS0007625,Tier1,Medium,False,2024-01-21,2027-02-25,Approved
KYC0007626,CUS0007626,Tier2,Medium,False,2024-12-27,2027-01-05,Approved
KYC0007627,CUS0007627,Tier1,Low,False,2025-07-15,2026-07-16,Approved
KYC0007628,CUS0007628,Tier2,Low,False,2025-09-06,2026-10-10,Pending
KYC0007629,CUS0007629,Tier3,Medium,False,2024-04-10,2027-06-06,Approved
KYC0007630,CUS0007630,Tier3,Low,False,2024-07-13,2027-07-28,Approved
KYC0007631,CUS0007631,Tier1,Low,False,2024-12-23,2026-08-23,Approved
KYC0007632,CUS0007632,Tier2,Medium,False,2025-05-19,2027-03-28,Approved
KYC0007633,CUS0007633,Tier3,Low,False,2026-03-10,2027-12-27,Approved
KYC0007634,CUS0007634,Tier2,Low,False,2026-01-08,2027-02-10,Approved
KYC0007635,CUS0007635,Tier1,Low,False,2025-10-23,2027-08-08,Approved
KYC0007636,CUS0007636,Tier3,Low,False,2024-08-02,2026-08-31,Approved
KYC0007637,CUS0007637,Tier1,High,False,2024-06-10,2027-12-31,Approved
KYC0007638,CUS0007638,Tier1,Low,False,2024-08-26,2027-10-30,Approved
KYC0007639,CUS0007639,Tier1,Low,False,2024-04-02,2027-10-21,Approved
KYC0007640,CUS0007640,Tier3,Low,False,2024-12-29,2026-05-23,Approved
KYC0007641,CUS0007641,Tier2,Low,False,2024-06-24,2027-07-15,Pending
KYC0007642,CUS0007642,Tier1,Low,False,2025-04-15,2027-12-21,Approved
KYC0007643,CUS0007643,Tier3,Low,False,2024-07-04,2026-11-04,Approved
KYC0007644,CUS0007644,Tier1,Medium,False,2025-06-28,2026-09-12,Approved
KYC0007645,CUS0007645,Tier1,Low,False,2025-05-27,2027-04-12,Approved
KYC0007646,CUS0007646,Tier2,Low,False,2024-11-05,2027-03-18,Approved
KYC0007647,CUS0007647,Tier2,Low,False,2024-07-01,2027-07-28,Approved
KYC0007648,CUS0007648,Tier2,Low,False,2024-09-27,2027-03-29,Approved
KYC0007649,CUS0007649,Tier1,Medium,False,2025-08-30,2026-05-30,Approved
KYC0007650,CUS0007650,Tier1,Low,False,2025-03-08,2026-05-17,Approved
KYC0007651,CUS0007651,Tier3,Low,False,2025-10-14,2027-08-10,Approved
KYC0007652,CUS0007652,Tier2,Low,False,2025-10-21,2027-10-15,Approved
KYC0007653,CUS0007653,Tier1,Low,False,2026-02-09,2027-04-07,Approved
KYC0007654,CUS0007654,Tier2,Low,False,2025-10-22,2026-11-22,Approved
KYC0007655,CUS0007655,Tier2,Low,False,2024-06-10,2026-05-15,Approved
KYC0007656,CUS0007656,Tier1,Medium,False,2024-06-05,2027-08-26,Approved
KYC0007657,CUS0007657,Tier2,Medium,False,2026-01-19,2026-11-16,Approved
KYC0007658,CUS0007658,Tier1,Low,False,2026-03-10,2026-09-18,Approved
KYC0007659,CUS0007659,Tier1,Medium,False,2025-01-26,2027-10-09,Approved
KYC0007660,CUS0007660,Tier2,High,False,2024-02-16,2026-07-11,Approved
KYC0007661,CUS0007661,Tier1,Low,False,2025-06-09,2027-09-15,Approved
KYC0007662,CUS0007662,Tier2,Low,False,2025-03-11,2027-09-17,Approved
KYC0007663,CUS0007663,Tier1,Low,False,2026-01-15,2026-08-30,Approved
KYC0007664,CUS0007664,Tier1,High,False,2024-06-29,2026-05-27,Approved
KYC0007665,CUS0007665,Tier2,Low,True,2024-07-12,2027-02-24,Approved
KYC0007666,CUS0007666,Tier1,Low,False,2024-11-21,2026-05-07,Approved
KYC0007667,CUS0007667,Tier1,Low,False,2024-01-15,2027-04-19,Approved
KYC0007668,CUS0007668,Tier1,Low,False,2025-12-21,2026-10-29,Approved
KYC0007669,CUS0007669,Tier1,Medium,False,2024-02-21,2026-08-18,Pending
KYC0007670,CUS0007670,Tier1,Low,False,2024-10-23,2027-03-18,Approved
KYC0007671,CUS0007671,Tier2,Medium,False,2024-11-23,2026-09-19,Approved
KYC0007672,CUS0007672,Tier3,Medium,False,2026-02-04,2026-12-02,Approved
KYC0007673,CUS0007673,Tier1,Medium,False,2026-04-15,2027-02-28,Approved
KYC0007674,CUS0007674,Tier1,Medium,False,2024-04-14,2027-10-28,Approved
KYC0007675,CUS0007675,Tier2,Medium,False,2025-01-15,2026-08-06,Approved
KYC0007676,CUS0007676,Tier1,Low,False,2024-11-03,2026-12-22,Approved
KYC0007677,CUS0007677,Tier2,Low,False,2024-12-14,2027-05-25,Rejected
KYC0007678,CUS0007678,Tier1,Medium,False,2025-12-05,2027-01-14,Approved
KYC0007679,CUS0007679,Tier2,Low,False,2025-05-27,2027-01-29,Approved
KYC0007680,CUS0007680,Tier1,Low,False,2024-04-20,2027-03-26,Approved
KYC0007681,CUS0007681,Tier2,Low,False,2025-02-19,2026-08-17,Approved
KYC0007682,CUS0007682,Tier2,Medium,False,2024-03-27,2026-06-12,Approved
KYC0007683,CUS0007683,Tier3,Low,False,2025-08-07,2027-07-18,Approved
KYC0007684,CUS0007684,Tier1,Low,False,2025-09-29,2027-07-12,Pending
KYC0007685,CUS0007685,Tier1,High,False,2025-04-14,2027-09-16,Approved
KYC0007686,CUS0007686,Tier3,Medium,False,2024-06-29,2027-07-28,Approved
KYC0007687,CUS0007687,Tier2,Medium,False,2024-04-20,2027-10-04,Approved
KYC0007688,CUS0007688,Tier2,Medium,False,2024-10-02,2026-08-21,Approved
KYC0007689,CUS0007689,Tier1,Medium,False,2026-01-15,2026-08-06,Approved
KYC0007690,CUS0007690,Tier1,Medium,False,2024-03-24,2027-11-23,Approved
KYC0007691,CUS0007691,Tier1,Low,False,2024-08-10,2027-04-11,Approved
KYC0007692,CUS0007692,Tier2,Low,False,2024-01-28,2026-09-14,Approved
KYC0007693,CUS0007693,Tier1,Medium,False,2025-12-20,2027-04-24,Approved
KYC0007694,CUS0007694,Tier1,Low,False,2024-12-24,2027-03-17,Approved
KYC0007695,CUS0007695,Tier1,Low,False,2025-08-29,2027-07-26,Rejected
KYC0007696,CUS0007696,Tier1,Low,False,2025-11-29,2026-09-05,Approved
KYC0007697,CUS0007697,Tier2,Low,False,2024-05-01,2027-12-17,Approved
KYC0007698,CUS0007698,Tier1,Low,False,2025-02-28,2027-09-24,Approved
KYC0007699,CUS0007699,Tier1,Low,False,2024-08-04,2027-09-25,Approved
KYC0007700,CUS0007700,Tier2,Low,False,2026-02-16,2027-07-07,Approved
KYC0007701,CUS0007701,Tier1,Medium,False,2024-12-09,2027-10-29,Approved
KYC0007702,CUS0007702,Tier1,Medium,False,2025-08-19,2027-12-14,Approved
KYC0007703,CUS0007703,Tier1,Low,False,2024-05-25,2027-09-22,Pending
KYC0007704,CUS0007704,Tier2,Low,False,2025-12-26,2027-06-17,Approved
KYC0007705,CUS0007705,Tier2,Low,False,2024-10-06,2027-11-11,Pending
KYC0007706,CUS0007706,Tier1,Low,False,2024-02-22,2026-05-07,Approved
KYC0007707,CUS0007707,Tier2,Medium,False,2025-06-29,2026-10-12,Approved
KYC0007708,CUS0007708,Tier1,Low,False,2024-02-21,2027-06-05,Approved
KYC0007709,CUS0007709,Tier2,Low,False,2025-09-15,2027-02-07,Approved
KYC0007710,CUS0007710,Tier2,Low,False,2024-05-19,2027-01-06,Approved
KYC0007711,CUS0007711,Tier1,Low,False,2025-06-11,2027-01-25,Approved
KYC0007712,CUS0007712,Tier2,Low,False,2025-04-10,2027-01-31,Approved
KYC0007713,CUS0007713,Tier3,High,False,2026-03-02,2026-06-11,Approved
KYC0007714,CUS0007714,Tier2,Low,False,2025-09-11,2027-09-01,Approved
KYC0007715,CUS0007715,Tier1,Low,False,2024-10-26,2027-01-24,Approved
KYC0007716,CUS0007716,Tier2,Low,False,2025-05-14,2026-05-29,Approved
KYC0007717,CUS0007717,Tier1,Medium,False,2024-09-27,2027-10-29,Rejected
KYC0007718,CUS0007718,Tier2,Low,False,2025-07-13,2027-05-20,Approved
KYC0007719,CUS0007719,Tier1,Low,False,2025-05-12,2026-09-09,Approved
KYC0007720,CUS0007720,Tier3,Low,False,2024-04-29,2027-11-13,Approved
KYC0007721,CUS0007721,Tier1,Low,False,2024-07-02,2026-08-08,Approved
KYC0007722,CUS0007722,Tier2,Low,False,2025-05-08,2027-10-02,Approved
KYC0007723,CUS0007723,Tier1,Low,False,2024-08-23,2027-03-24,Approved
KYC0007724,CUS0007724,Tier2,Low,False,2024-07-05,2026-10-29,Approved
KYC0007725,CUS0007725,Tier1,Low,False,2024-10-27,2026-08-14,Approved
KYC0007726,CUS0007726,Tier2,Low,False,2024-03-01,2026-10-26,Approved
KYC0007727,CUS0007727,Tier2,Low,False,2025-04-12,2026-08-15,Pending
KYC0007728,CUS0007728,Tier2,Medium,False,2024-10-19,2027-10-10,Approved
KYC0007729,CUS0007729,Tier2,Medium,False,2024-05-05,2026-12-23,Approved
KYC0007730,CUS0007730,Tier2,Low,False,2024-02-26,2026-09-24,Pending
KYC0007731,CUS0007731,Tier1,Low,False,2025-02-08,2026-10-25,Approved
KYC0007732,CUS0007732,Tier1,Medium,False,2024-01-04,2027-08-03,Approved
KYC0007733,CUS0007733,Tier1,Low,False,2024-01-23,2027-12-11,Approved
KYC0007734,CUS0007734,Tier3,Low,False,2024-04-26,2027-12-26,Approved
KYC0007735,CUS0007735,Tier2,Low,False,2024-12-06,2026-09-15,Approved
KYC0007736,CUS0007736,Tier1,Low,False,2025-04-08,2027-09-04,Approved
KYC0007737,CUS0007737,Tier1,Medium,False,2024-01-12,2026-09-26,Approved
KYC0007738,CUS0007738,Tier2,Low,False,2024-12-02,2026-10-26,Pending
KYC0007739,CUS0007739,Tier3,Medium,False,2024-11-24,2027-08-31,Pending
KYC0007740,CUS0007740,Tier2,Low,False,2024-05-03,2027-01-29,Approved
KYC0007741,CUS0007741,Tier3,Low,False,2025-08-02,2026-10-22,Approved
KYC0007742,CUS0007742,Tier2,Low,False,2025-01-16,2026-11-13,Approved
KYC0007743,CUS0007743,Tier1,Medium,False,2025-04-28,2027-11-17,Approved
KYC0007744,CUS0007744,Tier2,Low,False,2026-01-11,2026-11-08,Approved
KYC0007745,CUS0007745,Tier2,Low,False,2024-05-02,2026-08-24,Approved
KYC0007746,CUS0007746,Tier2,Low,False,2025-03-08,2027-06-23,Approved
KYC0007747,CUS0007747,Tier2,Low,False,2024-06-08,2027-01-31,Approved
KYC0007748,CUS0007748,Tier2,Low,False,2026-02-15,2027-11-22,Approved
KYC0007749,CUS0007749,Tier3,Low,False,2024-04-17,2027-05-24,Approved
KYC0007750,CUS0007750,Tier1,Low,False,2025-02-26,2027-03-22,Approved
KYC0007751,CUS0007751,Tier2,Medium,False,2025-07-14,2027-08-14,Approved
KYC0007752,CUS0007752,Tier2,Medium,False,2024-02-14,2027-04-27,Approved
KYC0007753,CUS0007753,Tier1,Medium,False,2025-07-17,2027-01-19,Approved
KYC0007754,CUS0007754,Tier1,Medium,False,2024-03-26,2027-02-10,Approved
KYC0007755,CUS0007755,Tier2,Medium,False,2025-04-22,2026-09-17,Approved
KYC0007756,CUS0007756,Tier2,Low,False,2026-04-03,2026-10-13,Approved
KYC0007757,CUS0007757,Tier1,Low,False,2024-07-02,2027-04-18,Pending
KYC0007758,CUS0007758,Tier1,Low,False,2025-12-12,2027-06-25,Approved
KYC0007759,CUS0007759,Tier1,High,False,2025-06-28,2027-02-11,Approved
KYC0007760,CUS0007760,Tier1,Medium,False,2025-07-18,2026-11-19,Approved
KYC0007761,CUS0007761,Tier1,Low,False,2024-12-12,2027-04-12,Approved
KYC0007762,CUS0007762,Tier3,Medium,False,2024-04-26,2026-05-01,Approved
KYC0007763,CUS0007763,Tier2,Medium,False,2025-07-12,2026-09-30,Approved
KYC0007764,CUS0007764,Tier2,Low,False,2025-12-11,2026-05-15,Approved
KYC0007765,CUS0007765,Tier1,Medium,False,2024-04-06,2026-11-26,Approved
KYC0007766,CUS0007766,Tier1,Medium,False,2024-10-10,2027-03-16,Approved
KYC0007767,CUS0007767,Tier2,Low,False,2024-02-16,2027-11-30,Approved
KYC0007768,CUS0007768,Tier1,Low,False,2025-05-19,2026-11-26,Approved
KYC0007769,CUS0007769,Tier1,High,False,2025-11-16,2027-03-20,Approved
KYC0007770,CUS0007770,Tier2,Low,False,2024-04-09,2027-05-30,Approved
KYC0007771,CUS0007771,Tier1,Medium,False,2024-02-15,2026-12-26,Approved
KYC0007772,CUS0007772,Tier1,Medium,False,2024-10-17,2027-07-11,Approved
KYC0007773,CUS0007773,Tier3,Medium,False,2025-06-21,2026-06-11,Approved
KYC0007774,CUS0007774,Tier1,Low,False,2026-01-30,2027-06-13,Approved
KYC0007775,CUS0007775,Tier2,Low,False,2025-12-11,2027-03-27,Approved
KYC0007776,CUS0007776,Tier1,Low,False,2025-12-11,2027-08-16,Approved
KYC0007777,CUS0007777,Tier2,Low,False,2025-05-09,2027-11-10,Approved
KYC0007778,CUS0007778,Tier1,Low,False,2026-03-09,2027-05-26,Approved
KYC0007779,CUS0007779,Tier2,Low,False,2024-03-29,2026-10-06,Approved
KYC0007780,CUS0007780,Tier3,Low,False,2024-02-11,2027-03-29,Approved
KYC0007781,CUS0007781,Tier1,Medium,False,2025-08-05,2027-12-31,Approved
KYC0007782,CUS0007782,Tier2,Medium,False,2025-02-03,2027-04-07,Approved
KYC0007783,CUS0007783,Tier1,Low,False,2024-08-21,2027-03-27,Approved
KYC0007784,CUS0007784,Tier1,Low,False,2025-04-18,2027-02-03,Approved
KYC0007785,CUS0007785,Tier2,Medium,False,2024-10-22,2027-12-04,Approved
KYC0007786,CUS0007786,Tier1,Low,False,2025-08-22,2027-10-25,Approved
KYC0007787,CUS0007787,Tier1,Medium,False,2025-07-07,2027-01-08,Approved
KYC0007788,CUS0007788,Tier3,Low,False,2026-03-25,2027-01-26,Approved
KYC0007789,CUS0007789,Tier3,Low,False,2025-02-14,2026-09-09,Approved
KYC0007790,CUS0007790,Tier2,Low,False,2026-04-03,2027-04-11,Approved
KYC0007791,CUS0007791,Tier1,Low,False,2025-09-28,2026-10-05,Approved
KYC0007792,CUS0007792,Tier1,Low,False,2024-04-03,2027-03-20,Approved
KYC0007793,CUS0007793,Tier1,Low,False,2024-06-16,2027-06-17,Approved
KYC0007794,CUS0007794,Tier1,Low,False,2025-10-23,2026-12-30,Approved
KYC0007795,CUS0007795,Tier3,Medium,False,2024-03-18,2026-05-08,Approved
KYC0007796,CUS0007796,Tier1,Low,False,2024-12-03,2026-05-22,Approved
KYC0007797,CUS0007797,Tier3,Low,False,2025-04-20,2027-11-12,Approved
KYC0007798,CUS0007798,Tier2,Low,True,2025-08-17,2026-05-24,Approved
KYC0007799,CUS0007799,Tier1,Low,False,2026-01-15,2027-11-20,Approved
KYC0007800,CUS0007800,Tier1,Low,False,2026-02-07,2026-07-16,Approved
KYC0007801,CUS0007801,Tier3,Low,False,2025-11-18,2027-10-06,Approved
KYC0007802,CUS0007802,Tier3,Low,False,2024-11-10,2027-10-27,Approved
KYC0007803,CUS0007803,Tier3,Low,False,2025-01-04,2027-12-06,Approved
KYC0007804,CUS0007804,Tier2,Low,False,2024-02-17,2027-06-04,Approved
KYC0007805,CUS0007805,Tier1,Medium,False,2024-07-04,2027-04-02,Approved
KYC0007806,CUS0007806,Tier1,Medium,False,2024-11-20,2026-09-14,Approved
KYC0007807,CUS0007807,Tier3,Low,False,2025-10-31,2027-05-14,Approved
KYC0007808,CUS0007808,Tier1,Medium,False,2024-09-08,2026-09-04,Approved
KYC0007809,CUS0007809,Tier2,Low,False,2024-07-22,2027-01-26,Approved
KYC0007810,CUS0007810,Tier1,Low,False,2025-04-30,2027-12-16,Approved
KYC0007811,CUS0007811,Tier1,Low,False,2024-10-12,2026-07-05,Approved
KYC0007812,CUS0007812,Tier1,Low,False,2026-04-11,2027-11-21,Approved
KYC0007813,CUS0007813,Tier2,Low,False,2025-08-25,2027-02-20,Approved
KYC0007814,CUS0007814,Tier1,Low,False,2024-07-13,2026-09-29,Approved
KYC0007815,CUS0007815,Tier3,Low,False,2024-02-13,2027-05-24,Approved
KYC0007816,CUS0007816,Tier2,Medium,False,2025-09-17,2027-01-11,Approved
KYC0007817,CUS0007817,Tier2,Low,False,2024-12-19,2027-04-14,Approved
KYC0007818,CUS0007818,Tier2,Low,False,2026-02-05,2026-09-18,Approved
KYC0007819,CUS0007819,Tier1,Low,False,2025-09-07,2027-10-25,Approved
KYC0007820,CUS0007820,Tier1,Low,False,2026-02-22,2026-06-06,Approved
KYC0007821,CUS0007821,Tier1,Low,False,2025-06-22,2027-02-20,Approved
KYC0007822,CUS0007822,Tier1,Low,False,2024-02-27,2027-09-02,Approved
KYC0007823,CUS0007823,Tier1,Low,False,2025-02-01,2026-12-31,Approved
KYC0007824,CUS0007824,Tier1,Low,False,2024-01-27,2027-02-23,Approved
KYC0007825,CUS0007825,Tier2,Low,False,2025-04-27,2026-09-30,Approved
KYC0007826,CUS0007826,Tier1,Low,False,2026-04-30,2027-01-18,Approved
KYC0007827,CUS0007827,Tier1,Low,False,2025-04-15,2026-10-09,Approved
KYC0007828,CUS0007828,Tier1,Medium,False,2024-10-18,2026-12-25,Approved
KYC0007829,CUS0007829,Tier1,High,False,2026-01-22,2026-10-20,Pending
KYC0007830,CUS0007830,Tier3,Medium,False,2024-10-09,2027-04-03,Approved
KYC0007831,CUS0007831,Tier2,Low,False,2024-02-08,2027-02-06,Approved
KYC0007832,CUS0007832,Tier1,Medium,False,2024-09-15,2027-04-23,Approved
KYC0007833,CUS0007833,Tier3,Medium,False,2025-03-17,2027-11-26,Approved
KYC0007834,CUS0007834,Tier1,Medium,False,2025-10-01,2027-10-04,Approved
KYC0007835,CUS0007835,Tier1,Low,False,2024-01-02,2026-10-01,Approved
KYC0007836,CUS0007836,Tier2,High,False,2025-09-12,2026-08-21,Approved
KYC0007837,CUS0007837,Tier1,Low,False,2025-09-04,2027-03-07,Approved
KYC0007838,CUS0007838,Tier1,Medium,False,2024-08-04,2027-03-02,Pending
KYC0007839,CUS0007839,Tier3,Medium,False,2024-05-25,2027-11-06,Approved
KYC0007840,CUS0007840,Tier2,Medium,False,2024-09-20,2027-02-07,Approved
KYC0007841,CUS0007841,Tier1,Low,False,2025-05-31,2027-08-25,Approved
KYC0007842,CUS0007842,Tier2,Medium,False,2026-04-10,2027-04-05,Approved
KYC0007843,CUS0007843,Tier3,Low,False,2025-07-09,2027-04-28,Approved
KYC0007844,CUS0007844,Tier1,Medium,False,2025-03-01,2026-09-19,Approved
KYC0007845,CUS0007845,Tier1,Low,False,2025-01-07,2027-08-06,Approved
KYC0007846,CUS0007846,Tier2,Medium,False,2024-09-25,2027-04-16,Approved
KYC0007847,CUS0007847,Tier2,Low,False,2024-12-28,2027-05-01,Approved
KYC0007848,CUS0007848,Tier1,Low,False,2025-06-10,2026-11-04,Pending
KYC0007849,CUS0007849,Tier1,Low,False,2024-04-05,2026-05-30,Approved
KYC0007850,CUS0007850,Tier2,High,False,2025-12-13,2027-08-26,Pending
KYC0007851,CUS0007851,Tier2,Low,False,2025-07-15,2027-09-10,Approved
KYC0007852,CUS0007852,Tier2,Low,False,2026-01-25,2027-04-05,Approved
KYC0007853,CUS0007853,Tier1,Low,False,2026-01-20,2027-09-23,Approved
KYC0007854,CUS0007854,Tier1,Medium,False,2024-10-04,2027-03-27,Approved
KYC0007855,CUS0007855,Tier1,Medium,False,2026-01-02,2027-03-21,Approved
KYC0007856,CUS0007856,Tier1,Medium,False,2025-04-20,2026-07-22,Approved
KYC0007857,CUS0007857,Tier3,Low,False,2025-07-09,2027-03-23,Approved
KYC0007858,CUS0007858,Tier2,Low,False,2025-05-09,2027-04-24,Approved
KYC0007859,CUS0007859,Tier2,Low,False,2025-10-12,2027-12-03,Approved
KYC0007860,CUS0007860,Tier2,Low,False,2025-07-20,2027-03-06,Approved
KYC0007861,CUS0007861,Tier2,Medium,False,2026-03-04,2027-11-14,Approved
KYC0007862,CUS0007862,Tier1,Medium,False,2024-08-20,2027-08-21,Approved
KYC0007863,CUS0007863,Tier1,Medium,False,2024-05-18,2026-07-20,Approved
KYC0007864,CUS0007864,Tier2,Medium,False,2024-05-08,2026-07-17,Approved
KYC0007865,CUS0007865,Tier1,Medium,False,2026-03-20,2027-12-09,Approved
KYC0007866,CUS0007866,Tier2,Low,False,2024-07-26,2026-05-01,Approved
KYC0007867,CUS0007867,Tier2,Low,False,2024-04-26,2026-10-29,Approved
KYC0007868,CUS0007868,Tier2,Low,False,2024-07-16,2027-10-26,Approved
KYC0007869,CUS0007869,Tier2,Low,False,2026-02-28,2027-11-21,Approved
KYC0007870,CUS0007870,Tier2,Low,False,2024-10-01,2027-10-06,Approved
KYC0007871,CUS0007871,Tier1,Low,False,2024-05-20,2027-03-16,Approved
KYC0007872,CUS0007872,Tier2,Low,False,2024-10-08,2027-08-11,Approved
KYC0007873,CUS0007873,Tier1,Low,False,2026-01-24,2026-07-26,Approved
KYC0007874,CUS0007874,Tier1,Low,False,2025-11-09,2026-12-24,Approved
KYC0007875,CUS0007875,Tier1,Low,False,2024-05-05,2026-08-18,Approved
KYC0007876,CUS0007876,Tier1,Low,False,2024-09-24,2026-07-19,Approved
KYC0007877,CUS0007877,Tier1,Low,False,2024-08-07,2026-12-07,Approved
KYC0007878,CUS0007878,Tier2,Low,False,2025-05-17,2026-10-02,Approved
KYC0007879,CUS0007879,Tier1,Low,False,2024-09-15,2026-12-21,Approved
KYC0007880,CUS0007880,Tier2,Low,False,2024-08-02,2026-05-07,Approved
KYC0007881,CUS0007881,Tier3,Medium,False,2026-04-10,2027-03-31,Approved
KYC0007882,CUS0007882,Tier2,Medium,False,2026-02-11,2027-11-30,Approved
KYC0007883,CUS0007883,Tier2,Medium,False,2025-08-01,2027-12-07,Approved
KYC0007884,CUS0007884,Tier1,Medium,False,2024-08-21,2026-08-02,Approved
KYC0007885,CUS0007885,Tier2,Low,False,2024-03-19,2027-09-07,Approved
KYC0007886,CUS0007886,Tier1,High,False,2025-02-21,2027-04-17,Approved
KYC0007887,CUS0007887,Tier2,Low,False,2026-02-27,2027-08-17,Approved
KYC0007888,CUS0007888,Tier1,Low,False,2024-04-27,2026-07-28,Approved
KYC0007889,CUS0007889,Tier1,Medium,False,2024-08-04,2026-06-14,Approved
KYC0007890,CUS0007890,Tier2,Low,False,2024-02-03,2026-12-27,Approved
KYC0007891,CUS0007891,Tier2,Medium,False,2024-10-08,2027-10-19,Approved
KYC0007892,CUS0007892,Tier1,Medium,False,2024-05-27,2027-12-05,Approved
KYC0007893,CUS0007893,Tier1,Low,False,2024-03-26,2026-07-11,Approved
KYC0007894,CUS0007894,Tier2,Low,False,2025-01-24,2027-08-03,Approved
KYC0007895,CUS0007895,Tier1,Medium,False,2024-06-27,2026-06-26,Pending
KYC0007896,CUS0007896,Tier1,Low,False,2024-05-26,2027-01-16,Approved
KYC0007897,CUS0007897,Tier2,Medium,False,2025-06-12,2027-02-09,Approved
KYC0007898,CUS0007898,Tier1,Low,False,2025-07-19,2026-12-27,Approved
KYC0007899,CUS0007899,Tier2,Low,False,2026-02-22,2027-07-08,Approved
KYC0007900,CUS0007900,Tier1,Low,False,2026-04-01,2027-11-28,Approved
KYC0007901,CUS0007901,Tier2,Low,False,2025-12-05,2026-10-23,Approved
KYC0007902,CUS0007902,Tier2,High,False,2024-01-02,2026-09-09,Approved
KYC0007903,CUS0007903,Tier3,Low,False,2025-06-17,2027-05-01,Approved
KYC0007904,CUS0007904,Tier2,Low,False,2026-02-27,2026-10-10,Approved
KYC0007905,CUS0007905,Tier2,Low,False,2024-05-14,2027-11-20,Approved
KYC0007906,CUS0007906,Tier2,Low,False,2024-03-26,2027-04-04,Approved
KYC0007907,CUS0007907,Tier1,Low,False,2025-12-11,2026-10-14,Approved
KYC0007908,CUS0007908,Tier2,Low,False,2025-09-21,2026-10-27,Approved
KYC0007909,CUS0007909,Tier2,Low,False,2025-03-21,2026-12-08,Approved
KYC0007910,CUS0007910,Tier2,High,False,2025-11-16,2026-07-05,Approved
KYC0007911,CUS0007911,Tier1,Low,False,2025-08-10,2026-09-24,Approved
KYC0007912,CUS0007912,Tier2,Low,False,2025-09-30,2027-04-14,Approved
KYC0007913,CUS0007913,Tier2,Medium,False,2024-09-11,2026-09-28,Pending
KYC0007914,CUS0007914,Tier3,Low,False,2024-01-06,2026-05-06,Approved
KYC0007915,CUS0007915,Tier2,Low,False,2024-07-30,2027-09-14,Approved
KYC0007916,CUS0007916,Tier3,Medium,False,2024-07-10,2026-08-11,Approved
KYC0007917,CUS0007917,Tier2,Low,False,2024-05-16,2027-09-01,Rejected
KYC0007918,CUS0007918,Tier2,Low,False,2024-03-26,2027-12-24,Rejected
KYC0007919,CUS0007919,Tier3,Low,False,2025-07-25,2027-07-03,Approved
KYC0007920,CUS0007920,Tier1,Low,False,2026-01-07,2027-05-06,Approved
KYC0007921,CUS0007921,Tier1,Low,False,2026-04-28,2026-07-23,Approved
KYC0007922,CUS0007922,Tier1,Low,False,2024-08-29,2026-12-13,Approved
KYC0007923,CUS0007923,Tier1,Low,False,2026-01-23,2026-07-01,Approved
KYC0007924,CUS0007924,Tier1,High,False,2025-12-23,2027-09-04,Approved
KYC0007925,CUS0007925,Tier1,Low,False,2024-04-14,2026-09-06,Approved
KYC0007926,CUS0007926,Tier1,Low,False,2025-05-09,2026-09-11,Approved
KYC0007927,CUS0007927,Tier2,Low,False,2026-03-23,2027-11-24,Approved
KYC0007928,CUS0007928,Tier2,Low,False,2024-08-06,2027-08-11,Pending
KYC0007929,CUS0007929,Tier1,Low,False,2025-07-31,2027-08-25,Approved
KYC0007930,CUS0007930,Tier1,Low,False,2024-02-17,2026-06-22,Approved
KYC0007931,CUS0007931,Tier2,Medium,False,2026-04-14,2027-06-30,Approved
KYC0007932,CUS0007932,Tier1,Low,False,2026-03-07,2027-09-30,Approved
KYC0007933,CUS0007933,Tier1,High,False,2024-07-14,2026-09-19,Approved
KYC0007934,CUS0007934,Tier1,Low,False,2025-11-12,2027-08-04,Approved
KYC0007935,CUS0007935,Tier1,Low,False,2024-09-06,2027-07-08,Approved
KYC0007936,CUS0007936,Tier1,Low,False,2024-12-04,2027-11-11,Pending
KYC0007937,CUS0007937,Tier2,Medium,False,2025-01-11,2027-11-24,Approved
KYC0007938,CUS0007938,Tier2,Low,False,2024-08-04,2027-08-29,Approved
KYC0007939,CUS0007939,Tier2,Low,False,2025-10-04,2027-09-13,Approved
KYC0007940,CUS0007940,Tier2,Low,False,2024-09-16,2027-08-26,Approved
KYC0007941,CUS0007941,Tier1,Low,False,2025-11-16,2026-11-19,Approved
KYC0007942,CUS0007942,Tier3,Low,False,2024-05-22,2027-12-21,Approved
KYC0007943,CUS0007943,Tier2,Medium,False,2025-01-05,2027-06-20,Approved
KYC0007944,CUS0007944,Tier2,Medium,False,2024-12-05,2027-09-19,Approved
KYC0007945,CUS0007945,Tier1,Low,False,2024-05-08,2026-07-24,Approved
KYC0007946,CUS0007946,Tier2,Low,False,2026-01-30,2027-04-09,Approved
KYC0007947,CUS0007947,Tier2,Low,False,2024-04-10,2026-07-30,Approved
KYC0007948,CUS0007948,Tier1,Low,False,2026-04-17,2026-10-01,Approved
KYC0007949,CUS0007949,Tier1,Medium,False,2025-12-02,2027-06-10,Approved
KYC0007950,CUS0007950,Tier2,Low,False,2026-02-10,2027-10-04,Approved
KYC0007951,CUS0007951,Tier2,Low,False,2024-09-14,2026-12-27,Approved
KYC0007952,CUS0007952,Tier3,Low,False,2024-02-26,2027-07-14,Approved
KYC0007953,CUS0007953,Tier2,Low,False,2024-09-27,2026-06-05,Approved
KYC0007954,CUS0007954,Tier2,Medium,False,2024-02-26,2027-10-07,Approved
KYC0007955,CUS0007955,Tier1,Medium,False,2025-09-07,2027-03-01,Approved
KYC0007956,CUS0007956,Tier2,Low,False,2024-10-15,2027-05-16,Approved
KYC0007957,CUS0007957,Tier3,Low,False,2024-04-05,2026-05-10,Approved
KYC0007958,CUS0007958,Tier2,Low,False,2025-08-17,2027-01-07,Approved
KYC0007959,CUS0007959,Tier1,Low,False,2025-07-17,2026-10-22,Approved
KYC0007960,CUS0007960,Tier2,High,False,2024-08-06,2027-03-15,Approved
KYC0007961,CUS0007961,Tier2,Low,False,2025-01-27,2026-05-03,Approved
KYC0007962,CUS0007962,Tier1,Medium,False,2024-09-10,2027-05-02,Approved
KYC0007963,CUS0007963,Tier1,Low,False,2024-11-15,2027-10-05,Approved
KYC0007964,CUS0007964,Tier2,Low,False,2025-06-22,2026-09-03,Approved
KYC0007965,CUS0007965,Tier1,Medium,False,2024-08-06,2026-08-12,Approved
KYC0007966,CUS0007966,Tier3,Medium,False,2025-09-25,2027-06-05,Approved
KYC0007967,CUS0007967,Tier1,Medium,False,2024-05-18,2026-05-09,Approved
KYC0007968,CUS0007968,Tier2,Low,False,2026-01-20,2027-11-03,Approved
KYC0007969,CUS0007969,Tier1,Medium,False,2024-01-15,2026-10-09,Approved
KYC0007970,CUS0007970,Tier1,Low,False,2024-10-27,2027-11-10,Approved
KYC0007971,CUS0007971,Tier2,Low,False,2025-02-16,2027-12-22,Approved
KYC0007972,CUS0007972,Tier1,Low,False,2024-07-27,2027-09-03,Approved
KYC0007973,CUS0007973,Tier2,Low,False,2025-12-08,2027-08-10,Approved
KYC0007974,CUS0007974,Tier1,Low,False,2025-03-08,2027-07-31,Approved
KYC0007975,CUS0007975,Tier1,Low,False,2025-01-27,2027-04-02,Approved
KYC0007976,CUS0007976,Tier1,Low,False,2025-07-14,2026-07-04,Approved
KYC0007977,CUS0007977,Tier3,Low,False,2025-11-30,2027-11-15,Approved
KYC0007978,CUS0007978,Tier1,Low,False,2025-04-24,2026-05-07,Approved
KYC0007979,CUS0007979,Tier2,Low,False,2025-07-05,2027-01-18,Approved
KYC0007980,CUS0007980,Tier1,Medium,False,2025-02-24,2026-07-28,Approved
KYC0007981,CUS0007981,Tier2,Low,False,2024-10-26,2026-05-16,Approved
KYC0007982,CUS0007982,Tier1,Low,False,2024-02-09,2026-12-16,Approved
KYC0007983,CUS0007983,Tier2,Low,False,2024-10-27,2027-03-22,Approved
KYC0007984,CUS0007984,Tier1,Low,False,2025-05-25,2027-04-13,Approved
KYC0007985,CUS0007985,Tier1,Low,False,2025-05-19,2027-03-01,Approved
KYC0007986,CUS0007986,Tier2,Low,False,2024-02-26,2027-10-20,Approved
KYC0007987,CUS0007987,Tier2,Low,False,2026-04-07,2027-07-19,Approved
KYC0007988,CUS0007988,Tier1,High,False,2025-10-06,2027-09-21,Approved
KYC0007989,CUS0007989,Tier1,Medium,False,2024-08-12,2027-08-30,Approved
KYC0007990,CUS0007990,Tier1,Low,False,2025-05-11,2027-12-18,Approved
KYC0007991,CUS0007991,Tier1,Low,False,2026-03-10,2026-07-19,Approved
KYC0007992,CUS0007992,Tier1,Low,False,2024-02-21,2026-12-04,Approved
KYC0007993,CUS0007993,Tier2,Low,False,2024-03-08,2026-06-28,Approved
KYC0007994,CUS0007994,Tier3,Low,False,2024-12-28,2026-05-04,Approved
KYC0007995,CUS0007995,Tier1,Low,False,2024-03-31,2026-08-13,Approved
KYC0007996,CUS0007996,Tier2,Low,False,2024-05-23,2027-12-21,Approved
KYC0007997,CUS0007997,Tier3,Medium,False,2025-12-30,2026-08-06,Approved
KYC0007998,CUS0007998,Tier1,Low,False,2026-03-01,2026-06-16,Approved
KYC0007999,CUS0007999,Tier1,High,False,2026-03-24,2027-05-06,Approved
KYC0008000,CUS0008000,Tier2,Low,False,2025-07-01,2027-09-12,Approved
KYC0008001,CUS0008001,Tier2,Low,False,2024-04-29,2027-09-26,Approved
KYC0008002,CUS0008002,Tier2,Medium,False,2025-01-23,2026-07-03,Approved
KYC0008003,CUS0008003,Tier2,Medium,False,2024-10-08,2026-05-03,Approved
KYC0008004,CUS0008004,Tier2,Low,False,2026-04-27,2027-08-15,Approved
KYC0008005,CUS0008005,Tier1,Low,False,2024-04-03,2027-11-03,Pending
KYC0008006,CUS0008006,Tier1,Medium,False,2024-11-20,2026-09-20,Approved
KYC0008007,CUS0008007,Tier1,Low,False,2026-01-26,2026-08-19,Approved
KYC0008008,CUS0008008,Tier2,Low,False,2025-02-10,2026-11-18,Approved
KYC0008009,CUS0008009,Tier1,Low,False,2024-11-05,2026-12-16,Approved
KYC0008010,CUS0008010,Tier2,Low,False,2024-10-15,2026-09-14,Approved
KYC0008011,CUS0008011,Tier3,Low,False,2024-06-17,2026-05-17,Approved
KYC0008012,CUS0008012,Tier1,Low,False,2026-04-14,2027-12-04,Approved
KYC0008013,CUS0008013,Tier2,High,False,2026-01-07,2027-11-22,Approved
KYC0008014,CUS0008014,Tier3,Low,False,2026-03-30,2027-07-19,Approved
KYC0008015,CUS0008015,Tier1,Low,False,2026-01-04,2026-10-17,Approved
KYC0008016,CUS0008016,Tier2,Low,False,2025-03-22,2027-08-19,Approved
KYC0008017,CUS0008017,Tier1,Low,False,2026-03-11,2026-06-05,Approved
KYC0008018,CUS0008018,Tier2,Medium,False,2024-06-23,2026-06-03,Approved
KYC0008019,CUS0008019,Tier1,Low,False,2026-04-10,2026-06-18,Approved
KYC0008020,CUS0008020,Tier1,High,False,2024-09-22,2026-10-03,Approved
KYC0008021,CUS0008021,Tier1,Medium,False,2025-05-19,2027-03-25,Approved
KYC0008022,CUS0008022,Tier2,Low,False,2025-11-02,2026-12-02,Approved
KYC0008023,CUS0008023,Tier2,Low,False,2025-02-05,2027-09-08,Approved
KYC0008024,CUS0008024,Tier3,Low,False,2025-06-15,2027-11-02,Approved
KYC0008025,CUS0008025,Tier1,Low,False,2024-02-24,2027-05-08,Approved
KYC0008026,CUS0008026,Tier1,Low,False,2025-05-22,2027-02-26,Approved
KYC0008027,CUS0008027,Tier1,Medium,False,2025-10-09,2027-07-03,Approved
KYC0008028,CUS0008028,Tier1,Medium,False,2024-02-20,2026-06-05,Approved
KYC0008029,CUS0008029,Tier3,Low,False,2025-06-28,2026-05-30,Approved
KYC0008030,CUS0008030,Tier1,Low,False,2024-05-29,2027-01-22,Pending
KYC0008031,CUS0008031,Tier3,Low,False,2024-06-05,2026-06-11,Approved
KYC0008032,CUS0008032,Tier1,Low,False,2026-01-29,2026-10-17,Approved
KYC0008033,CUS0008033,Tier1,Low,False,2025-02-01,2027-05-28,Approved
KYC0008034,CUS0008034,Tier1,High,False,2024-11-24,2027-12-14,Approved
KYC0008035,CUS0008035,Tier1,Low,False,2025-05-05,2027-10-18,Approved
KYC0008036,CUS0008036,Tier2,Low,False,2025-05-02,2027-01-03,Approved
KYC0008037,CUS0008037,Tier1,Medium,False,2024-01-14,2027-01-28,Approved
KYC0008038,CUS0008038,Tier2,Low,False,2025-09-04,2027-09-10,Approved
KYC0008039,CUS0008039,Tier1,Medium,False,2025-05-30,2027-07-06,Approved
KYC0008040,CUS0008040,Tier3,Medium,False,2024-01-05,2026-09-09,Approved
KYC0008041,CUS0008041,Tier2,Low,False,2026-04-27,2026-11-24,Approved
KYC0008042,CUS0008042,Tier1,Low,False,2025-10-16,2027-02-21,Approved
KYC0008043,CUS0008043,Tier1,Medium,False,2026-03-30,2026-08-01,Approved
KYC0008044,CUS0008044,Tier1,Low,False,2024-06-04,2026-11-09,Approved
KYC0008045,CUS0008045,Tier1,Medium,False,2025-07-18,2027-09-04,Approved
KYC0008046,CUS0008046,Tier2,Low,False,2025-10-18,2027-05-03,Approved
KYC0008047,CUS0008047,Tier3,Medium,False,2025-05-27,2027-07-29,Approved
KYC0008048,CUS0008048,Tier1,Low,False,2024-05-20,2026-11-14,Approved
KYC0008049,CUS0008049,Tier2,Low,False,2024-03-30,2027-10-29,Approved
KYC0008050,CUS0008050,Tier1,Medium,False,2024-09-06,2026-07-26,Approved
KYC0008051,CUS0008051,Tier1,Low,False,2024-04-25,2027-07-16,Approved
KYC0008052,CUS0008052,Tier2,Low,False,2024-09-25,2026-10-21,Approved
KYC0008053,CUS0008053,Tier2,Low,False,2024-02-21,2027-11-28,Approved
KYC0008054,CUS0008054,Tier1,Low,False,2026-03-23,2027-07-21,Approved
KYC0008055,CUS0008055,Tier1,Low,False,2024-03-31,2027-06-27,Approved
KYC0008056,CUS0008056,Tier3,Low,False,2024-05-13,2026-07-07,Approved
KYC0008057,CUS0008057,Tier2,Medium,False,2024-06-25,2027-11-14,Approved
KYC0008058,CUS0008058,Tier2,Low,False,2024-01-24,2026-08-12,Approved
KYC0008059,CUS0008059,Tier2,Low,False,2025-01-18,2027-12-01,Approved
KYC0008060,CUS0008060,Tier1,Low,False,2026-04-25,2027-07-01,Approved
KYC0008061,CUS0008061,Tier1,Low,False,2024-04-27,2027-10-31,Approved
KYC0008062,CUS0008062,Tier1,Low,False,2024-10-16,2027-05-30,Approved
KYC0008063,CUS0008063,Tier2,Low,False,2024-01-29,2027-04-26,Approved
KYC0008064,CUS0008064,Tier1,Low,False,2025-09-21,2027-03-14,Approved
KYC0008065,CUS0008065,Tier1,Low,False,2024-02-02,2026-05-22,Approved
KYC0008066,CUS0008066,Tier2,Low,True,2024-09-23,2027-08-29,Approved
KYC0008067,CUS0008067,Tier1,Low,False,2025-10-20,2026-05-09,Approved
KYC0008068,CUS0008068,Tier1,Medium,False,2024-11-04,2027-08-13,Approved
KYC0008069,CUS0008069,Tier1,Low,False,2025-02-26,2026-07-27,Approved
KYC0008070,CUS0008070,Tier2,Medium,False,2026-01-07,2027-06-08,Approved
KYC0008071,CUS0008071,Tier2,Medium,False,2025-11-08,2027-02-13,Pending
KYC0008072,CUS0008072,Tier2,Low,False,2025-04-27,2027-06-10,Approved
KYC0008073,CUS0008073,Tier2,Low,False,2026-03-03,2027-06-01,Approved
KYC0008074,CUS0008074,Tier2,Low,False,2025-11-01,2027-08-28,Approved
KYC0008075,CUS0008075,Tier2,Medium,False,2024-01-12,2027-03-15,Approved
KYC0008076,CUS0008076,Tier1,Medium,False,2024-08-31,2026-08-18,Pending
KYC0008077,CUS0008077,Tier1,Low,False,2026-02-04,2027-06-24,Approved
KYC0008078,CUS0008078,Tier1,Low,False,2024-09-14,2026-08-14,Approved
KYC0008079,CUS0008079,Tier2,Low,False,2025-04-05,2027-06-24,Approved
KYC0008080,CUS0008080,Tier2,Low,False,2025-10-11,2027-01-03,Approved
KYC0008081,CUS0008081,Tier1,Medium,False,2024-01-29,2027-10-31,Approved
KYC0008082,CUS0008082,Tier1,Low,False,2025-08-10,2026-05-10,Approved
KYC0008083,CUS0008083,Tier1,Low,False,2024-10-09,2027-02-26,Approved
KYC0008084,CUS0008084,Tier1,Medium,False,2026-02-13,2026-08-27,Approved
KYC0008085,CUS0008085,Tier3,High,False,2025-06-23,2027-05-23,Approved
KYC0008086,CUS0008086,Tier2,Low,False,2026-03-25,2026-07-18,Approved
KYC0008087,CUS0008087,Tier2,Medium,False,2024-02-22,2026-08-02,Approved
KYC0008088,CUS0008088,Tier2,Low,False,2024-08-05,2027-06-02,Approved
KYC0008089,CUS0008089,Tier1,Low,False,2024-03-23,2026-09-30,Approved
KYC0008090,CUS0008090,Tier2,Low,False,2024-01-07,2027-07-23,Approved
KYC0008091,CUS0008091,Tier1,Low,False,2025-02-19,2027-10-11,Approved
KYC0008092,CUS0008092,Tier2,Low,False,2026-04-18,2026-06-27,Approved
KYC0008093,CUS0008093,Tier2,Low,False,2025-09-06,2026-05-07,Approved
KYC0008094,CUS0008094,Tier1,Low,False,2025-10-14,2027-03-18,Pending
KYC0008095,CUS0008095,Tier2,Low,False,2025-02-19,2027-01-13,Approved
KYC0008096,CUS0008096,Tier1,Medium,False,2025-10-08,2027-02-05,Approved
KYC0008097,CUS0008097,Tier2,Low,False,2024-07-03,2027-03-04,Approved
KYC0008098,CUS0008098,Tier1,Medium,False,2026-04-12,2026-12-19,Approved
KYC0008099,CUS0008099,Tier2,Low,False,2026-03-07,2027-07-22,Approved
KYC0008100,CUS0008100,Tier2,Low,False,2025-04-19,2027-10-18,Approved
KYC0008101,CUS0008101,Tier1,Low,False,2026-03-03,2026-08-10,Approved
KYC0008102,CUS0008102,Tier3,Low,False,2024-12-24,2027-09-15,Approved
KYC0008103,CUS0008103,Tier1,Low,False,2025-02-22,2027-10-26,Approved
KYC0008104,CUS0008104,Tier1,Medium,False,2025-01-21,2026-12-09,Approved
KYC0008105,CUS0008105,Tier1,Medium,False,2024-10-11,2027-12-15,Approved
KYC0008106,CUS0008106,Tier1,Low,False,2024-11-21,2026-05-15,Approved
KYC0008107,CUS0008107,Tier3,Low,False,2024-04-05,2026-08-01,Approved
KYC0008108,CUS0008108,Tier2,Low,False,2024-03-31,2026-09-25,Approved
KYC0008109,CUS0008109,Tier1,Low,False,2025-06-11,2027-05-03,Approved
KYC0008110,CUS0008110,Tier1,Low,False,2025-07-10,2027-10-26,Approved
KYC0008111,CUS0008111,Tier2,Low,False,2025-12-21,2026-12-31,Approved
KYC0008112,CUS0008112,Tier1,Medium,False,2025-02-13,2026-09-04,Approved
KYC0008113,CUS0008113,Tier2,Low,False,2026-04-18,2026-12-07,Pending
KYC0008114,CUS0008114,Tier2,Medium,False,2024-08-22,2027-08-05,Approved
KYC0008115,CUS0008115,Tier2,Medium,False,2025-11-06,2026-12-09,Approved
KYC0008116,CUS0008116,Tier1,Low,False,2024-07-01,2026-05-11,Approved
KYC0008117,CUS0008117,Tier2,Low,False,2025-01-04,2026-08-18,Pending
KYC0008118,CUS0008118,Tier1,Medium,False,2024-03-18,2027-01-15,Approved
KYC0008119,CUS0008119,Tier3,Low,False,2024-09-19,2027-07-02,Approved
KYC0008120,CUS0008120,Tier2,Medium,False,2025-02-22,2027-12-17,Approved
KYC0008121,CUS0008121,Tier1,Low,False,2024-11-24,2027-12-15,Approved
KYC0008122,CUS0008122,Tier1,Low,False,2025-02-11,2027-03-11,Approved
KYC0008123,CUS0008123,Tier1,Medium,False,2025-05-18,2027-12-22,Approved
KYC0008124,CUS0008124,Tier1,Medium,False,2024-08-06,2027-03-01,Approved
KYC0008125,CUS0008125,Tier3,Low,False,2024-02-27,2027-10-12,Approved
KYC0008126,CUS0008126,Tier2,Low,False,2024-03-14,2027-08-04,Approved
KYC0008127,CUS0008127,Tier2,Low,False,2024-05-28,2026-09-21,Approved
KYC0008128,CUS0008128,Tier2,Low,False,2025-08-11,2027-08-06,Approved
KYC0008129,CUS0008129,Tier3,Low,False,2025-12-31,2027-03-19,Approved
KYC0008130,CUS0008130,Tier2,Medium,False,2024-05-23,2026-09-17,Approved
KYC0008131,CUS0008131,Tier3,Low,False,2025-09-11,2027-10-20,Approved
KYC0008132,CUS0008132,Tier2,Low,False,2025-01-23,2027-01-27,Approved
KYC0008133,CUS0008133,Tier2,High,False,2025-03-10,2027-03-26,Approved
KYC0008134,CUS0008134,Tier3,Low,False,2024-10-21,2027-05-04,Approved
KYC0008135,CUS0008135,Tier1,Low,False,2024-12-23,2026-08-06,Approved
KYC0008136,CUS0008136,Tier1,Medium,False,2025-07-17,2027-07-11,Approved
KYC0008137,CUS0008137,Tier1,Low,False,2026-01-30,2027-10-30,Approved
KYC0008138,CUS0008138,Tier1,Low,False,2025-04-27,2026-12-06,Approved
KYC0008139,CUS0008139,Tier2,Low,False,2026-01-07,2026-11-19,Approved
KYC0008140,CUS0008140,Tier1,Low,False,2024-11-03,2027-11-17,Approved
KYC0008141,CUS0008141,Tier1,Medium,False,2025-12-03,2027-07-26,Approved
KYC0008142,CUS0008142,Tier2,High,False,2025-12-18,2026-06-16,Approved
KYC0008143,CUS0008143,Tier1,Medium,False,2026-02-23,2027-04-05,Approved
KYC0008144,CUS0008144,Tier1,Low,False,2026-01-06,2026-10-08,Approved
KYC0008145,CUS0008145,Tier2,Medium,False,2025-07-14,2027-02-19,Approved
KYC0008146,CUS0008146,Tier2,Medium,True,2026-01-27,2027-09-04,Approved
KYC0008147,CUS0008147,Tier3,Medium,False,2026-04-20,2026-08-20,Approved
KYC0008148,CUS0008148,Tier1,Low,False,2024-09-24,2026-07-14,Approved
KYC0008149,CUS0008149,Tier2,Low,False,2025-11-23,2027-05-14,Approved
KYC0008150,CUS0008150,Tier1,Low,False,2024-06-20,2027-10-07,Approved
KYC0008151,CUS0008151,Tier2,Low,False,2025-10-08,2026-05-14,Approved
KYC0008152,CUS0008152,Tier2,Low,False,2024-08-08,2027-02-07,Approved
KYC0008153,CUS0008153,Tier1,Low,False,2024-12-04,2026-07-06,Approved
KYC0008154,CUS0008154,Tier2,Low,False,2025-06-20,2026-07-28,Approved
KYC0008155,CUS0008155,Tier1,High,False,2024-08-04,2027-08-03,Approved
KYC0008156,CUS0008156,Tier1,Low,False,2025-11-19,2027-08-19,Approved
KYC0008157,CUS0008157,Tier1,Medium,False,2025-07-18,2027-11-20,Approved
KYC0008158,CUS0008158,Tier3,Medium,False,2025-12-25,2026-11-17,Approved
KYC0008159,CUS0008159,Tier1,Medium,False,2024-11-15,2027-07-19,Approved
KYC0008160,CUS0008160,Tier1,Medium,False,2024-09-24,2027-11-29,Approved
KYC0008161,CUS0008161,Tier1,Medium,False,2024-07-15,2027-12-03,Approved
KYC0008162,CUS0008162,Tier3,Low,False,2026-01-31,2027-03-19,Approved
KYC0008163,CUS0008163,Tier1,Low,False,2024-11-30,2027-11-03,Approved
KYC0008164,CUS0008164,Tier2,Low,True,2025-12-19,2027-07-13,Approved
KYC0008165,CUS0008165,Tier1,Low,False,2024-03-10,2027-09-15,Approved
KYC0008166,CUS0008166,Tier2,Low,False,2025-10-19,2026-12-12,Approved
KYC0008167,CUS0008167,Tier1,Low,False,2024-06-19,2026-06-01,Approved
KYC0008168,CUS0008168,Tier2,Low,False,2025-01-05,2027-06-10,Approved
KYC0008169,CUS0008169,Tier1,Medium,False,2025-02-11,2027-03-07,Approved
KYC0008170,CUS0008170,Tier1,Low,False,2025-09-12,2026-10-28,Approved
KYC0008171,CUS0008171,Tier2,Medium,False,2024-12-03,2027-12-30,Approved
KYC0008172,CUS0008172,Tier2,Low,False,2026-02-23,2026-06-14,Approved
KYC0008173,CUS0008173,Tier1,High,False,2024-02-27,2027-10-21,Approved
KYC0008174,CUS0008174,Tier1,Low,False,2026-04-30,2026-09-19,Approved
KYC0008175,CUS0008175,Tier1,Medium,False,2026-03-27,2027-07-09,Approved
KYC0008176,CUS0008176,Tier1,Medium,False,2025-12-10,2027-09-28,Approved
KYC0008177,CUS0008177,Tier2,Low,False,2024-10-03,2027-05-14,Approved
KYC0008178,CUS0008178,Tier1,Medium,False,2025-06-27,2027-04-30,Approved
KYC0008179,CUS0008179,Tier2,Low,False,2024-08-29,2027-05-17,Approved
KYC0008180,CUS0008180,Tier1,Low,False,2026-03-24,2026-11-10,Approved
KYC0008181,CUS0008181,Tier1,Low,False,2025-02-11,2027-07-01,Approved
KYC0008182,CUS0008182,Tier1,Low,False,2025-02-15,2027-07-07,Approved
KYC0008183,CUS0008183,Tier1,Low,False,2025-08-21,2026-12-10,Approved
KYC0008184,CUS0008184,Tier3,Low,False,2024-04-06,2026-09-14,Approved
KYC0008185,CUS0008185,Tier1,Medium,False,2025-04-18,2026-06-14,Approved
KYC0008186,CUS0008186,Tier2,Low,False,2025-07-04,2027-05-30,Approved
KYC0008187,CUS0008187,Tier3,Low,False,2024-07-06,2027-03-10,Approved
KYC0008188,CUS0008188,Tier1,Medium,False,2025-07-24,2027-09-15,Approved
KYC0008189,CUS0008189,Tier1,Low,False,2024-02-08,2027-05-30,Approved
KYC0008190,CUS0008190,Tier1,Low,False,2025-01-10,2026-12-31,Approved
KYC0008191,CUS0008191,Tier1,Low,False,2025-09-28,2027-12-11,Approved
KYC0008192,CUS0008192,Tier1,Medium,False,2024-05-22,2027-12-04,Approved
KYC0008193,CUS0008193,Tier3,Low,False,2025-07-29,2027-09-14,Approved
KYC0008194,CUS0008194,Tier1,Low,False,2024-06-15,2027-10-15,Approved
KYC0008195,CUS0008195,Tier1,Medium,False,2024-11-23,2026-06-30,Approved
KYC0008196,CUS0008196,Tier1,Medium,False,2024-07-16,2027-11-28,Approved
KYC0008197,CUS0008197,Tier1,High,False,2025-10-27,2027-11-24,Approved
KYC0008198,CUS0008198,Tier2,High,False,2026-02-23,2027-10-01,Approved
KYC0008199,CUS0008199,Tier2,Low,False,2024-11-25,2026-05-21,Approved
KYC0008200,CUS0008200,Tier3,Low,False,2026-01-31,2026-05-30,Approved
KYC0008201,CUS0008201,Tier2,Medium,False,2025-09-30,2026-10-24,Approved
KYC0008202,CUS0008202,Tier2,Low,False,2026-01-30,2026-09-09,Approved
KYC0008203,CUS0008203,Tier2,Low,False,2024-10-26,2026-07-06,Approved
KYC0008204,CUS0008204,Tier2,Medium,False,2024-06-02,2027-05-23,Approved
KYC0008205,CUS0008205,Tier1,Medium,False,2026-02-08,2027-02-19,Approved
KYC0008206,CUS0008206,Tier1,Medium,False,2025-10-17,2027-07-01,Approved
KYC0008207,CUS0008207,Tier1,Medium,False,2025-09-25,2026-12-01,Approved
KYC0008208,CUS0008208,Tier1,Low,False,2025-10-24,2027-03-07,Approved
KYC0008209,CUS0008209,Tier2,Low,False,2024-07-02,2026-11-13,Approved
KYC0008210,CUS0008210,Tier1,Medium,False,2025-07-03,2026-12-15,Approved
KYC0008211,CUS0008211,Tier1,Low,False,2025-01-21,2027-01-30,Approved
KYC0008212,CUS0008212,Tier2,Medium,False,2024-08-17,2027-11-05,Approved
KYC0008213,CUS0008213,Tier2,Low,False,2025-02-18,2026-07-09,Approved
KYC0008214,CUS0008214,Tier1,Low,False,2024-11-06,2027-09-18,Approved
KYC0008215,CUS0008215,Tier1,Low,False,2024-04-07,2026-06-02,Pending
KYC0008216,CUS0008216,Tier2,Low,False,2024-01-28,2026-05-24,Approved
KYC0008217,CUS0008217,Tier1,Medium,False,2024-02-28,2026-11-05,Approved
KYC0008218,CUS0008218,Tier2,Low,False,2025-06-02,2026-07-16,Approved
KYC0008219,CUS0008219,Tier2,Low,False,2025-07-19,2026-10-20,Approved
KYC0008220,CUS0008220,Tier1,Low,False,2026-03-14,2027-03-04,Approved
KYC0008221,CUS0008221,Tier1,Low,False,2024-12-18,2026-12-02,Approved
KYC0008222,CUS0008222,Tier1,Low,False,2025-09-27,2026-12-09,Approved
KYC0008223,CUS0008223,Tier2,Medium,False,2024-12-29,2027-07-15,Approved
KYC0008224,CUS0008224,Tier2,Low,False,2024-08-25,2026-10-16,Approved
KYC0008225,CUS0008225,Tier2,Low,False,2024-02-15,2026-06-13,Approved
KYC0008226,CUS0008226,Tier1,Low,False,2024-05-10,2027-08-31,Approved
KYC0008227,CUS0008227,Tier1,Medium,False,2025-11-25,2026-06-28,Approved
KYC0008228,CUS0008228,Tier3,Low,False,2024-06-02,2026-07-13,Approved
KYC0008229,CUS0008229,Tier1,Low,False,2025-11-09,2027-10-19,Approved
KYC0008230,CUS0008230,Tier1,Medium,False,2025-01-04,2026-10-02,Approved
KYC0008231,CUS0008231,Tier3,Low,False,2024-12-29,2027-12-12,Approved
KYC0008232,CUS0008232,Tier1,Low,False,2025-10-12,2027-12-15,Approved
KYC0008233,CUS0008233,Tier1,Low,False,2024-04-13,2027-06-18,Approved
KYC0008234,CUS0008234,Tier2,Low,False,2024-04-11,2027-03-29,Approved
KYC0008235,CUS0008235,Tier2,Low,False,2025-06-27,2026-09-24,Approved
KYC0008236,CUS0008236,Tier1,Low,False,2025-01-10,2026-09-27,Approved
KYC0008237,CUS0008237,Tier1,Low,False,2024-01-23,2027-08-26,Approved
KYC0008238,CUS0008238,Tier1,Low,False,2024-02-29,2026-06-19,Approved
KYC0008239,CUS0008239,Tier1,Low,False,2024-04-08,2026-06-15,Approved
KYC0008240,CUS0008240,Tier2,Low,False,2025-06-01,2027-03-29,Approved
KYC0008241,CUS0008241,Tier2,High,False,2026-04-08,2027-04-25,Approved
KYC0008242,CUS0008242,Tier1,Low,False,2025-03-18,2026-11-19,Approved
KYC0008243,CUS0008243,Tier2,Medium,False,2024-10-11,2027-05-29,Approved
KYC0008244,CUS0008244,Tier1,Low,False,2024-11-20,2026-12-03,Approved
KYC0008245,CUS0008245,Tier2,Low,False,2025-04-11,2027-05-04,Approved
KYC0008246,CUS0008246,Tier2,Medium,False,2025-03-11,2026-10-21,Approved
KYC0008247,CUS0008247,Tier1,Low,False,2025-06-20,2027-09-09,Approved
KYC0008248,CUS0008248,Tier2,Low,False,2024-10-16,2027-08-04,Approved
KYC0008249,CUS0008249,Tier2,Low,False,2025-06-15,2026-09-26,Approved
KYC0008250,CUS0008250,Tier3,Low,False,2024-11-21,2026-11-02,Approved
KYC0008251,CUS0008251,Tier1,Low,False,2024-07-10,2026-12-02,Approved
KYC0008252,CUS0008252,Tier1,Low,True,2024-05-20,2027-03-01,Approved
KYC0008253,CUS0008253,Tier2,Low,False,2025-02-05,2027-10-30,Approved
KYC0008254,CUS0008254,Tier1,Low,False,2024-11-03,2026-11-14,Approved
KYC0008255,CUS0008255,Tier2,Low,False,2024-02-20,2026-12-10,Approved
KYC0008256,CUS0008256,Tier3,Low,False,2025-05-07,2027-04-08,Approved
KYC0008257,CUS0008257,Tier2,Low,False,2025-03-27,2027-06-03,Approved
KYC0008258,CUS0008258,Tier1,Low,False,2026-03-18,2026-07-04,Approved
KYC0008259,CUS0008259,Tier1,Low,False,2025-04-22,2027-02-20,Approved
KYC0008260,CUS0008260,Tier1,Low,False,2026-03-31,2026-09-24,Approved
KYC0008261,CUS0008261,Tier3,Low,False,2025-03-21,2026-12-12,Approved
KYC0008262,CUS0008262,Tier1,Medium,False,2024-02-14,2026-10-05,Approved
KYC0008263,CUS0008263,Tier1,Low,False,2025-04-08,2027-01-12,Approved
KYC0008264,CUS0008264,Tier2,Low,False,2024-12-12,2026-06-08,Approved
KYC0008265,CUS0008265,Tier2,Low,False,2024-01-04,2027-01-01,Approved
KYC0008266,CUS0008266,Tier1,Low,False,2025-04-07,2026-06-03,Approved
KYC0008267,CUS0008267,Tier1,High,False,2024-12-29,2026-09-11,Approved
KYC0008268,CUS0008268,Tier1,Low,False,2025-02-08,2026-11-23,Approved
KYC0008269,CUS0008269,Tier2,Low,False,2024-03-07,2026-06-17,Approved
KYC0008270,CUS0008270,Tier1,Low,False,2024-10-11,2026-09-26,Approved
KYC0008271,CUS0008271,Tier3,Low,False,2025-05-14,2026-11-12,Approved
KYC0008272,CUS0008272,Tier1,Low,False,2024-05-24,2027-10-29,Pending
KYC0008273,CUS0008273,Tier1,Medium,False,2025-10-05,2026-07-02,Approved
KYC0008274,CUS0008274,Tier3,Low,False,2025-01-30,2027-04-30,Approved
KYC0008275,CUS0008275,Tier1,Low,False,2024-09-10,2027-07-06,Approved
KYC0008276,CUS0008276,Tier2,Low,False,2024-08-27,2027-01-10,Approved
KYC0008277,CUS0008277,Tier2,Medium,False,2024-11-23,2026-08-05,Approved
KYC0008278,CUS0008278,Tier3,Low,False,2024-09-06,2027-04-13,Approved
KYC0008279,CUS0008279,Tier1,Medium,False,2024-09-22,2026-12-15,Approved
KYC0008280,CUS0008280,Tier2,Medium,False,2024-03-04,2026-07-22,Approved
KYC0008281,CUS0008281,Tier1,Low,False,2024-01-10,2026-12-31,Approved
KYC0008282,CUS0008282,Tier1,High,False,2024-02-17,2027-11-05,Approved
KYC0008283,CUS0008283,Tier1,Medium,False,2024-06-15,2027-06-14,Approved
KYC0008284,CUS0008284,Tier2,Low,False,2025-09-25,2026-08-06,Approved
KYC0008285,CUS0008285,Tier2,Low,False,2025-06-15,2026-08-26,Approved
KYC0008286,CUS0008286,Tier2,Medium,False,2024-01-03,2027-03-20,Approved
KYC0008287,CUS0008287,Tier1,Low,False,2025-05-07,2027-03-05,Approved
KYC0008288,CUS0008288,Tier1,Low,False,2025-07-03,2027-02-13,Approved
KYC0008289,CUS0008289,Tier1,Low,False,2024-06-22,2027-04-13,Rejected
KYC0008290,CUS0008290,Tier2,Low,False,2025-11-15,2027-04-29,Approved
KYC0008291,CUS0008291,Tier1,Low,False,2025-11-01,2026-06-15,Approved
KYC0008292,CUS0008292,Tier1,Low,False,2024-02-04,2027-04-08,Approved
KYC0008293,CUS0008293,Tier1,Low,False,2025-08-21,2027-11-16,Approved
KYC0008294,CUS0008294,Tier1,Low,False,2025-07-17,2027-11-13,Pending
KYC0008295,CUS0008295,Tier1,Low,False,2025-01-07,2027-11-30,Approved
KYC0008296,CUS0008296,Tier1,Low,False,2026-01-01,2027-10-13,Approved
KYC0008297,CUS0008297,Tier1,Low,False,2025-03-01,2027-06-03,Approved
KYC0008298,CUS0008298,Tier1,Low,False,2026-01-15,2026-12-01,Approved
KYC0008299,CUS0008299,Tier1,Low,False,2025-07-01,2026-12-18,Pending
KYC0008300,CUS0008300,Tier2,Low,False,2026-01-11,2027-12-21,Approved
KYC0008301,CUS0008301,Tier2,Medium,False,2025-02-01,2027-09-16,Approved
KYC0008302,CUS0008302,Tier1,Low,False,2024-12-31,2027-10-31,Approved
KYC0008303,CUS0008303,Tier1,Low,False,2025-03-01,2027-11-24,Approved
KYC0008304,CUS0008304,Tier2,Low,False,2025-12-20,2027-08-23,Approved
KYC0008305,CUS0008305,Tier1,Low,False,2025-11-19,2027-07-28,Approved
KYC0008306,CUS0008306,Tier1,Low,False,2026-04-29,2027-12-22,Approved
KYC0008307,CUS0008307,Tier1,Low,False,2024-07-06,2027-02-15,Approved
KYC0008308,CUS0008308,Tier2,High,False,2025-05-07,2027-01-21,Approved
KYC0008309,CUS0008309,Tier1,Low,False,2026-05-01,2027-02-20,Approved
KYC0008310,CUS0008310,Tier2,Low,False,2024-10-29,2026-06-01,Approved
KYC0008311,CUS0008311,Tier2,Low,False,2024-06-02,2027-11-12,Approved
KYC0008312,CUS0008312,Tier1,Low,False,2025-08-10,2027-02-23,Approved
KYC0008313,CUS0008313,Tier1,Low,False,2025-01-14,2027-12-13,Approved
KYC0008314,CUS0008314,Tier1,Medium,False,2025-04-18,2026-08-12,Pending
KYC0008315,CUS0008315,Tier2,Low,False,2024-10-26,2027-11-10,Approved
KYC0008316,CUS0008316,Tier2,Low,False,2024-01-01,2027-06-19,Approved
KYC0008317,CUS0008317,Tier2,Low,False,2024-02-28,2026-10-31,Approved
KYC0008318,CUS0008318,Tier1,Low,False,2025-06-03,2027-03-03,Approved
KYC0008319,CUS0008319,Tier2,Low,False,2024-04-20,2026-12-02,Approved
KYC0008320,CUS0008320,Tier2,Medium,False,2024-08-04,2026-11-28,Approved
KYC0008321,CUS0008321,Tier2,High,False,2026-01-04,2027-10-24,Approved
KYC0008322,CUS0008322,Tier1,Low,False,2024-10-22,2026-08-12,Approved
KYC0008323,CUS0008323,Tier1,Medium,False,2025-11-05,2027-10-23,Approved
KYC0008324,CUS0008324,Tier2,Low,False,2024-11-14,2027-04-26,Approved
KYC0008325,CUS0008325,Tier2,Low,False,2025-12-03,2027-01-21,Approved
KYC0008326,CUS0008326,Tier1,Low,False,2026-01-20,2026-07-28,Approved
KYC0008327,CUS0008327,Tier2,Low,False,2026-01-16,2026-10-30,Approved
KYC0008328,CUS0008328,Tier1,Medium,False,2025-07-26,2026-10-09,Approved
KYC0008329,CUS0008329,Tier1,Low,False,2024-02-26,2027-04-04,Approved
KYC0008330,CUS0008330,Tier2,Low,False,2025-05-08,2026-11-13,Approved
KYC0008331,CUS0008331,Tier1,Low,False,2026-01-13,2027-08-13,Approved
KYC0008332,CUS0008332,Tier2,Medium,False,2026-03-06,2027-06-28,Approved
KYC0008333,CUS0008333,Tier2,Low,False,2025-08-01,2027-02-24,Approved
KYC0008334,CUS0008334,Tier1,High,False,2024-07-23,2026-12-14,Approved
KYC0008335,CUS0008335,Tier2,Low,False,2024-10-26,2027-12-20,Approved
KYC0008336,CUS0008336,Tier1,Medium,False,2026-03-24,2027-12-10,Approved
KYC0008337,CUS0008337,Tier1,Low,False,2024-07-23,2026-06-15,Approved
KYC0008338,CUS0008338,Tier1,Low,False,2024-03-24,2026-05-27,Approved
KYC0008339,CUS0008339,Tier3,Medium,False,2024-01-23,2027-01-30,Approved
KYC0008340,CUS0008340,Tier1,High,False,2026-04-25,2027-11-19,Approved
KYC0008341,CUS0008341,Tier1,Medium,False,2025-03-22,2026-12-04,Approved
KYC0008342,CUS0008342,Tier2,Low,False,2025-05-05,2026-10-17,Approved
KYC0008343,CUS0008343,Tier1,Low,False,2026-01-31,2027-04-25,Approved
KYC0008344,CUS0008344,Tier1,Low,False,2024-02-09,2027-09-30,Approved
KYC0008345,CUS0008345,Tier1,Medium,False,2024-12-20,2027-08-20,Approved
KYC0008346,CUS0008346,Tier1,Low,False,2026-01-30,2027-10-20,Approved
KYC0008347,CUS0008347,Tier1,Low,False,2025-06-05,2027-08-28,Approved
KYC0008348,CUS0008348,Tier1,Low,False,2026-01-20,2026-08-02,Approved
KYC0008349,CUS0008349,Tier1,Medium,False,2025-07-05,2027-01-19,Approved
KYC0008350,CUS0008350,Tier1,Low,False,2025-01-08,2027-04-11,Approved
KYC0008351,CUS0008351,Tier1,Low,False,2025-09-11,2026-12-21,Approved
KYC0008352,CUS0008352,Tier1,Low,False,2025-08-23,2026-12-05,Approved
KYC0008353,CUS0008353,Tier1,Low,False,2025-08-25,2026-07-17,Approved
KYC0008354,CUS0008354,Tier3,Medium,False,2024-03-20,2027-06-15,Approved
KYC0008355,CUS0008355,Tier2,Medium,False,2026-03-21,2027-09-16,Approved
KYC0008356,CUS0008356,Tier1,High,False,2026-04-21,2026-10-12,Approved
KYC0008357,CUS0008357,Tier1,Medium,False,2025-08-18,2027-07-26,Approved
KYC0008358,CUS0008358,Tier1,Medium,False,2024-08-01,2026-06-05,Approved
KYC0008359,CUS0008359,Tier1,Low,False,2024-10-04,2026-08-17,Approved
KYC0008360,CUS0008360,Tier2,High,True,2026-01-31,2027-01-09,Approved
KYC0008361,CUS0008361,Tier2,Low,False,2026-03-13,2027-12-10,Approved
KYC0008362,CUS0008362,Tier1,Medium,False,2024-07-04,2026-09-12,Approved
KYC0008363,CUS0008363,Tier1,Low,False,2024-03-20,2026-07-14,Approved
KYC0008364,CUS0008364,Tier1,Low,False,2024-07-15,2027-07-27,Approved
KYC0008365,CUS0008365,Tier1,Low,False,2026-01-09,2027-09-06,Approved
KYC0008366,CUS0008366,Tier3,Medium,False,2025-05-19,2027-06-09,Approved
KYC0008367,CUS0008367,Tier2,Low,False,2024-11-21,2026-09-12,Approved
KYC0008368,CUS0008368,Tier1,Low,False,2024-04-16,2027-08-19,Approved
KYC0008369,CUS0008369,Tier2,Low,False,2025-03-16,2027-11-14,Approved
KYC0008370,CUS0008370,Tier1,Medium,False,2024-03-04,2027-02-15,Approved
KYC0008371,CUS0008371,Tier3,Medium,False,2025-09-28,2026-09-06,Approved
KYC0008372,CUS0008372,Tier2,Low,False,2024-05-06,2027-01-18,Approved
KYC0008373,CUS0008373,Tier2,Medium,False,2024-12-28,2026-06-18,Approved
KYC0008374,CUS0008374,Tier2,Low,False,2025-11-13,2027-12-07,Approved
KYC0008375,CUS0008375,Tier3,Low,False,2025-09-18,2027-03-06,Approved
KYC0008376,CUS0008376,Tier1,Low,False,2024-05-24,2027-07-28,Approved
KYC0008377,CUS0008377,Tier2,Medium,True,2024-02-10,2027-10-13,Approved
KYC0008378,CUS0008378,Tier3,Low,False,2024-02-04,2027-11-28,Approved
KYC0008379,CUS0008379,Tier2,Low,False,2025-02-01,2027-07-27,Approved
KYC0008380,CUS0008380,Tier1,Low,False,2026-01-03,2027-07-15,Approved
KYC0008381,CUS0008381,Tier1,Low,False,2024-04-12,2026-08-15,Approved
KYC0008382,CUS0008382,Tier3,Low,False,2024-04-23,2027-09-24,Pending
KYC0008383,CUS0008383,Tier1,Medium,False,2024-12-18,2027-01-30,Approved
KYC0008384,CUS0008384,Tier1,Low,False,2026-03-27,2026-05-19,Approved
KYC0008385,CUS0008385,Tier1,Medium,False,2024-05-31,2027-06-22,Approved
KYC0008386,CUS0008386,Tier2,Low,False,2024-05-26,2027-05-11,Approved
KYC0008387,CUS0008387,Tier2,Low,False,2024-03-14,2026-08-24,Approved
KYC0008388,CUS0008388,Tier3,Low,False,2024-07-04,2027-09-05,Approved
KYC0008389,CUS0008389,Tier1,Low,False,2025-11-22,2027-04-06,Approved
KYC0008390,CUS0008390,Tier2,Low,False,2024-05-17,2027-07-17,Approved
KYC0008391,CUS0008391,Tier1,Medium,False,2026-04-16,2027-07-09,Approved
KYC0008392,CUS0008392,Tier2,Low,False,2025-11-19,2026-09-28,Pending
KYC0008393,CUS0008393,Tier1,Low,False,2025-08-18,2027-04-17,Approved
KYC0008394,CUS0008394,Tier2,Low,False,2024-03-08,2026-07-29,Approved
KYC0008395,CUS0008395,Tier2,Low,False,2025-05-17,2027-07-26,Approved
KYC0008396,CUS0008396,Tier1,Medium,False,2026-02-16,2026-11-05,Approved
KYC0008397,CUS0008397,Tier2,Low,False,2024-10-04,2027-09-04,Approved
KYC0008398,CUS0008398,Tier1,Low,False,2026-03-18,2027-10-12,Approved
KYC0008399,CUS0008399,Tier1,Low,False,2024-10-16,2027-12-06,Approved
KYC0008400,CUS0008400,Tier2,Low,False,2024-10-30,2027-09-08,Approved
KYC0008401,CUS0008401,Tier1,Low,False,2024-03-20,2027-03-23,Approved
KYC0008402,CUS0008402,Tier2,Low,False,2025-08-09,2026-12-31,Approved
KYC0008403,CUS0008403,Tier1,Low,False,2025-10-04,2027-09-05,Approved
KYC0008404,CUS0008404,Tier1,Low,False,2025-03-12,2027-05-30,Approved
KYC0008405,CUS0008405,Tier2,Low,False,2025-09-24,2027-12-09,Approved
KYC0008406,CUS0008406,Tier2,Low,False,2025-05-16,2027-01-06,Approved
KYC0008407,CUS0008407,Tier2,Low,False,2025-09-11,2027-06-26,Approved
KYC0008408,CUS0008408,Tier1,Medium,False,2024-08-20,2027-12-11,Approved
KYC0008409,CUS0008409,Tier2,Low,False,2024-01-09,2027-03-14,Approved
KYC0008410,CUS0008410,Tier2,Low,False,2024-09-19,2026-09-13,Approved
KYC0008411,CUS0008411,Tier1,Low,False,2025-11-01,2027-10-18,Approved
KYC0008412,CUS0008412,Tier1,Low,False,2025-03-27,2026-05-31,Approved
KYC0008413,CUS0008413,Tier3,Low,False,2025-07-16,2027-04-03,Approved
KYC0008414,CUS0008414,Tier1,Low,False,2024-10-12,2026-12-24,Approved
KYC0008415,CUS0008415,Tier1,Low,False,2025-11-01,2026-11-14,Approved
KYC0008416,CUS0008416,Tier2,Medium,False,2025-04-29,2027-08-04,Approved
KYC0008417,CUS0008417,Tier2,Low,False,2024-09-29,2027-06-14,Approved
KYC0008418,CUS0008418,Tier1,Low,False,2024-04-04,2027-10-15,Approved
KYC0008419,CUS0008419,Tier3,Low,False,2024-12-03,2026-08-16,Approved
KYC0008420,CUS0008420,Tier2,Low,False,2025-11-27,2027-05-11,Approved
KYC0008421,CUS0008421,Tier2,Low,False,2025-05-19,2026-05-29,Approved
KYC0008422,CUS0008422,Tier1,Medium,False,2024-10-20,2027-05-23,Pending
KYC0008423,CUS0008423,Tier2,Medium,False,2025-06-03,2027-04-23,Approved
KYC0008424,CUS0008424,Tier1,Low,False,2025-10-21,2026-11-08,Approved
KYC0008425,CUS0008425,Tier2,Medium,False,2024-12-30,2027-03-18,Approved
KYC0008426,CUS0008426,Tier1,Low,False,2026-03-20,2026-09-27,Approved
KYC0008427,CUS0008427,Tier2,Medium,False,2024-06-03,2026-11-02,Approved
KYC0008428,CUS0008428,Tier2,Low,False,2024-06-03,2027-08-10,Approved
KYC0008429,CUS0008429,Tier1,Low,False,2024-10-18,2026-05-03,Approved
KYC0008430,CUS0008430,Tier3,Medium,False,2026-01-27,2027-09-30,Approved
KYC0008431,CUS0008431,Tier2,Low,False,2024-10-28,2027-02-24,Approved
KYC0008432,CUS0008432,Tier3,Low,False,2024-04-12,2027-03-14,Approved
KYC0008433,CUS0008433,Tier1,Medium,False,2026-02-19,2026-10-30,Approved
KYC0008434,CUS0008434,Tier1,Low,False,2025-10-03,2027-05-23,Approved
KYC0008435,CUS0008435,Tier2,Medium,False,2025-01-01,2027-09-13,Approved
KYC0008436,CUS0008436,Tier3,Low,False,2024-11-05,2026-10-30,Approved
KYC0008437,CUS0008437,Tier3,Low,False,2025-10-01,2026-05-05,Approved
KYC0008438,CUS0008438,Tier2,Low,False,2025-02-10,2027-08-10,Approved
KYC0008439,CUS0008439,Tier1,Low,False,2025-01-15,2026-06-23,Approved
KYC0008440,CUS0008440,Tier3,Medium,False,2024-01-26,2027-09-21,Approved
KYC0008441,CUS0008441,Tier1,Medium,False,2025-01-02,2027-05-03,Approved
KYC0008442,CUS0008442,Tier1,Low,False,2025-07-21,2027-08-18,Approved
KYC0008443,CUS0008443,Tier2,Low,False,2026-01-20,2026-05-10,Approved
KYC0008444,CUS0008444,Tier2,Low,False,2024-11-27,2027-01-08,Approved
KYC0008445,CUS0008445,Tier3,Low,False,2026-03-08,2027-05-14,Approved
KYC0008446,CUS0008446,Tier1,Medium,False,2025-05-05,2027-02-13,Approved
KYC0008447,CUS0008447,Tier2,Medium,False,2026-04-19,2027-08-01,Approved
KYC0008448,CUS0008448,Tier1,Low,False,2024-05-16,2027-01-29,Approved
KYC0008449,CUS0008449,Tier1,Low,False,2025-12-29,2026-06-25,Approved
KYC0008450,CUS0008450,Tier1,Low,False,2024-10-02,2027-07-19,Approved
KYC0008451,CUS0008451,Tier1,Medium,False,2025-09-28,2026-09-24,Approved
KYC0008452,CUS0008452,Tier2,Low,False,2025-01-25,2027-11-07,Approved
KYC0008453,CUS0008453,Tier3,Medium,False,2026-01-29,2026-08-22,Approved
KYC0008454,CUS0008454,Tier1,Low,False,2026-01-17,2027-02-12,Approved
KYC0008455,CUS0008455,Tier1,Medium,False,2024-03-11,2027-08-19,Approved
KYC0008456,CUS0008456,Tier3,Medium,False,2024-09-16,2026-10-01,Approved
KYC0008457,CUS0008457,Tier1,Low,False,2024-07-15,2026-05-26,Approved
KYC0008458,CUS0008458,Tier2,Low,False,2025-12-20,2026-08-30,Approved
KYC0008459,CUS0008459,Tier2,Low,False,2025-03-24,2026-08-04,Approved
KYC0008460,CUS0008460,Tier2,Medium,False,2025-07-23,2026-10-05,Approved
KYC0008461,CUS0008461,Tier3,Low,False,2025-01-24,2026-09-10,Approved
KYC0008462,CUS0008462,Tier1,Low,False,2025-05-22,2026-06-21,Approved
KYC0008463,CUS0008463,Tier1,Low,False,2026-03-28,2026-08-22,Approved
KYC0008464,CUS0008464,Tier1,Low,False,2025-10-03,2027-03-09,Rejected
KYC0008465,CUS0008465,Tier2,Low,False,2026-01-30,2027-12-16,Approved
KYC0008466,CUS0008466,Tier1,Low,False,2024-12-05,2027-10-23,Approved
KYC0008467,CUS0008467,Tier1,Low,False,2025-05-10,2026-09-04,Approved
KYC0008468,CUS0008468,Tier1,Low,False,2026-03-31,2027-09-12,Approved
KYC0008469,CUS0008469,Tier2,Medium,False,2025-10-18,2026-12-11,Approved
KYC0008470,CUS0008470,Tier1,Low,False,2025-03-21,2027-04-05,Approved
KYC0008471,CUS0008471,Tier1,Low,False,2024-01-24,2027-12-22,Approved
KYC0008472,CUS0008472,Tier1,Low,False,2025-03-08,2027-11-06,Approved
KYC0008473,CUS0008473,Tier1,Medium,False,2025-12-25,2026-10-08,Approved
KYC0008474,CUS0008474,Tier2,High,False,2024-02-08,2026-05-27,Approved
KYC0008475,CUS0008475,Tier1,Medium,False,2024-04-30,2026-12-31,Approved
KYC0008476,CUS0008476,Tier2,Low,False,2024-08-02,2027-02-18,Approved
KYC0008477,CUS0008477,Tier2,High,False,2026-04-04,2027-10-14,Approved
KYC0008478,CUS0008478,Tier2,Low,False,2025-11-23,2026-06-13,Approved
KYC0008479,CUS0008479,Tier2,Medium,False,2025-02-01,2026-05-08,Approved
KYC0008480,CUS0008480,Tier2,Low,False,2024-03-25,2027-12-20,Approved
KYC0008481,CUS0008481,Tier2,Low,False,2024-04-05,2027-07-28,Approved
KYC0008482,CUS0008482,Tier2,Low,False,2026-04-10,2027-12-14,Approved
KYC0008483,CUS0008483,Tier2,Low,False,2026-03-29,2027-07-23,Approved
KYC0008484,CUS0008484,Tier2,Medium,False,2025-04-21,2026-10-09,Approved
KYC0008485,CUS0008485,Tier2,High,False,2024-07-09,2026-11-05,Approved
KYC0008486,CUS0008486,Tier3,Low,False,2024-12-14,2027-11-24,Approved
KYC0008487,CUS0008487,Tier1,Low,False,2025-06-13,2027-08-31,Approved
KYC0008488,CUS0008488,Tier1,Low,False,2025-01-04,2026-12-31,Pending
KYC0008489,CUS0008489,Tier2,Medium,False,2025-10-11,2026-05-18,Approved
KYC0008490,CUS0008490,Tier2,Low,False,2025-03-18,2027-01-03,Approved
KYC0008491,CUS0008491,Tier1,High,False,2025-07-05,2027-05-08,Approved
KYC0008492,CUS0008492,Tier2,Medium,False,2025-01-08,2027-12-19,Approved
KYC0008493,CUS0008493,Tier1,Low,False,2024-10-13,2027-11-03,Approved
KYC0008494,CUS0008494,Tier2,Low,False,2025-11-08,2027-03-26,Approved
KYC0008495,CUS0008495,Tier1,Low,False,2025-04-06,2026-09-01,Approved
KYC0008496,CUS0008496,Tier1,Medium,False,2024-04-09,2027-12-12,Approved
KYC0008497,CUS0008497,Tier2,Low,False,2025-01-26,2026-10-09,Approved
KYC0008498,CUS0008498,Tier1,Low,False,2024-01-15,2027-02-12,Pending
KYC0008499,CUS0008499,Tier2,Medium,False,2025-03-17,2027-06-17,Approved
KYC0008500,CUS0008500,Tier2,Medium,False,2025-12-30,2026-06-01,Approved
KYC0008501,CUS0008501,Tier1,Low,False,2025-08-19,2027-11-09,Approved
KYC0008502,CUS0008502,Tier1,High,False,2026-04-06,2027-08-08,Approved
KYC0008503,CUS0008503,Tier1,Low,False,2025-05-21,2026-05-29,Approved
KYC0008504,CUS0008504,Tier2,Medium,False,2024-09-06,2026-11-03,Approved
KYC0008505,CUS0008505,Tier2,Low,False,2026-01-14,2027-01-25,Approved
KYC0008506,CUS0008506,Tier1,Low,False,2026-01-16,2027-07-27,Approved
KYC0008507,CUS0008507,Tier1,Low,False,2026-02-25,2027-09-08,Approved
KYC0008508,CUS0008508,Tier3,Low,False,2025-08-09,2026-08-31,Approved
KYC0008509,CUS0008509,Tier1,Medium,False,2024-02-19,2026-10-11,Approved
KYC0008510,CUS0008510,Tier1,Low,False,2024-05-27,2027-06-21,Approved
KYC0008511,CUS0008511,Tier1,Low,False,2024-12-22,2026-07-27,Approved
KYC0008512,CUS0008512,Tier2,Low,False,2026-01-30,2027-02-12,Approved
KYC0008513,CUS0008513,Tier1,Low,False,2024-10-28,2027-02-10,Approved
KYC0008514,CUS0008514,Tier2,Medium,False,2024-01-14,2026-09-22,Approved
KYC0008515,CUS0008515,Tier2,Low,False,2025-06-09,2026-12-22,Approved
KYC0008516,CUS0008516,Tier1,Low,False,2025-11-05,2026-09-25,Approved
KYC0008517,CUS0008517,Tier1,Low,False,2025-09-04,2026-05-22,Approved
KYC0008518,CUS0008518,Tier2,Low,False,2024-08-14,2027-10-07,Approved
KYC0008519,CUS0008519,Tier1,Low,False,2025-03-20,2027-01-08,Approved
KYC0008520,CUS0008520,Tier1,Low,False,2026-02-21,2027-12-04,Approved
KYC0008521,CUS0008521,Tier1,Low,False,2024-08-01,2027-12-30,Approved
KYC0008522,CUS0008522,Tier1,High,False,2024-01-26,2027-10-28,Approved
KYC0008523,CUS0008523,Tier1,Low,False,2024-03-15,2027-12-16,Approved
KYC0008524,CUS0008524,Tier1,Low,False,2025-04-08,2027-07-02,Approved
KYC0008525,CUS0008525,Tier2,Low,False,2024-11-28,2027-06-06,Approved
KYC0008526,CUS0008526,Tier2,Low,False,2026-04-09,2027-05-15,Approved
KYC0008527,CUS0008527,Tier1,Low,False,2024-03-01,2027-03-11,Approved
KYC0008528,CUS0008528,Tier1,Low,False,2024-01-23,2026-06-27,Approved
KYC0008529,CUS0008529,Tier2,Low,False,2025-05-15,2027-06-06,Approved
KYC0008530,CUS0008530,Tier1,Low,False,2024-05-07,2027-12-12,Approved
KYC0008531,CUS0008531,Tier2,Medium,False,2026-03-07,2027-06-11,Approved
KYC0008532,CUS0008532,Tier1,Low,False,2025-02-05,2026-09-03,Approved
KYC0008533,CUS0008533,Tier3,Medium,False,2024-05-21,2027-09-24,Approved
KYC0008534,CUS0008534,Tier1,Low,False,2026-04-15,2026-07-07,Approved
KYC0008535,CUS0008535,Tier1,Low,False,2024-04-03,2027-07-08,Approved
KYC0008536,CUS0008536,Tier2,Low,False,2024-06-01,2026-09-30,Approved
KYC0008537,CUS0008537,Tier2,Low,False,2024-02-06,2027-07-17,Approved
KYC0008538,CUS0008538,Tier3,Low,True,2026-03-07,2026-09-09,Approved
KYC0008539,CUS0008539,Tier1,Low,False,2025-01-21,2026-11-03,Approved
KYC0008540,CUS0008540,Tier1,Low,False,2025-02-18,2027-08-01,Approved
KYC0008541,CUS0008541,Tier1,High,False,2025-02-10,2027-12-29,Approved
KYC0008542,CUS0008542,Tier1,Medium,False,2025-04-15,2026-05-08,Approved
KYC0008543,CUS0008543,Tier2,Medium,False,2024-12-08,2026-06-04,Approved
KYC0008544,CUS0008544,Tier1,Low,False,2024-02-19,2027-06-08,Approved
KYC0008545,CUS0008545,Tier3,Low,False,2025-10-27,2026-09-29,Approved
KYC0008546,CUS0008546,Tier2,Low,False,2025-07-07,2026-12-27,Approved
KYC0008547,CUS0008547,Tier1,Low,False,2024-12-06,2027-07-12,Approved
KYC0008548,CUS0008548,Tier1,Low,False,2025-12-20,2026-09-08,Approved
KYC0008549,CUS0008549,Tier2,Low,False,2024-05-20,2027-02-25,Approved
KYC0008550,CUS0008550,Tier1,Low,False,2024-09-27,2026-08-15,Approved
KYC0008551,CUS0008551,Tier2,Low,False,2025-05-13,2027-04-28,Approved
KYC0008552,CUS0008552,Tier2,Medium,False,2024-11-26,2027-01-09,Approved
KYC0008553,CUS0008553,Tier3,Medium,False,2024-12-13,2027-09-07,Approved
KYC0008554,CUS0008554,Tier3,Low,False,2026-04-22,2027-06-28,Approved
KYC0008555,CUS0008555,Tier2,Medium,False,2024-10-21,2026-06-01,Approved
KYC0008556,CUS0008556,Tier1,Low,False,2024-06-19,2027-03-25,Approved
KYC0008557,CUS0008557,Tier2,Low,False,2024-09-26,2027-03-20,Approved
KYC0008558,CUS0008558,Tier2,Low,False,2024-03-10,2026-12-28,Approved
KYC0008559,CUS0008559,Tier3,Low,False,2026-01-03,2026-05-08,Approved
KYC0008560,CUS0008560,Tier1,Low,False,2025-12-12,2026-07-15,Approved
KYC0008561,CUS0008561,Tier1,Medium,False,2024-02-16,2027-04-18,Approved
KYC0008562,CUS0008562,Tier2,Low,False,2024-10-09,2026-10-08,Approved
KYC0008563,CUS0008563,Tier2,Medium,False,2024-11-30,2027-04-15,Approved
KYC0008564,CUS0008564,Tier2,Low,False,2024-06-18,2027-03-12,Approved
KYC0008565,CUS0008565,Tier2,Medium,False,2025-07-01,2026-10-24,Approved
KYC0008566,CUS0008566,Tier1,Low,False,2025-06-29,2027-11-06,Approved
KYC0008567,CUS0008567,Tier1,Low,False,2025-08-31,2026-10-06,Approved
KYC0008568,CUS0008568,Tier2,Medium,False,2024-09-16,2026-12-15,Approved
KYC0008569,CUS0008569,Tier2,Low,False,2025-01-25,2026-11-20,Approved
KYC0008570,CUS0008570,Tier2,Low,False,2025-05-13,2027-02-04,Approved
KYC0008571,CUS0008571,Tier1,Low,False,2025-12-29,2027-10-13,Approved
KYC0008572,CUS0008572,Tier1,Medium,False,2024-08-26,2027-01-30,Approved
KYC0008573,CUS0008573,Tier1,Low,False,2024-04-05,2027-04-18,Approved
KYC0008574,CUS0008574,Tier1,Low,False,2024-10-27,2026-09-04,Approved
KYC0008575,CUS0008575,Tier1,Low,False,2024-08-29,2027-09-12,Approved
KYC0008576,CUS0008576,Tier2,Low,False,2025-10-12,2027-09-09,Approved
KYC0008577,CUS0008577,Tier1,Medium,False,2025-03-17,2027-08-29,Approved
KYC0008578,CUS0008578,Tier1,Low,False,2024-03-25,2026-12-27,Approved
KYC0008579,CUS0008579,Tier1,Low,False,2025-05-18,2027-02-15,Pending
KYC0008580,CUS0008580,Tier1,Medium,False,2024-03-14,2027-03-18,Approved
KYC0008581,CUS0008581,Tier1,Medium,False,2024-04-25,2027-01-29,Approved
KYC0008582,CUS0008582,Tier1,Low,False,2025-12-06,2027-10-23,Approved
KYC0008583,CUS0008583,Tier1,Low,False,2025-12-03,2026-06-06,Approved
KYC0008584,CUS0008584,Tier3,Low,False,2025-03-17,2027-10-01,Approved
KYC0008585,CUS0008585,Tier2,Low,False,2025-03-26,2027-11-05,Approved
KYC0008586,CUS0008586,Tier1,Low,False,2024-11-24,2026-06-22,Approved
KYC0008587,CUS0008587,Tier1,Low,False,2025-12-05,2027-12-12,Approved
KYC0008588,CUS0008588,Tier2,Low,False,2024-02-05,2027-03-22,Approved
KYC0008589,CUS0008589,Tier3,Low,False,2026-04-13,2027-09-12,Approved
KYC0008590,CUS0008590,Tier1,Low,False,2024-09-01,2026-08-03,Approved
KYC0008591,CUS0008591,Tier2,Medium,False,2026-02-14,2026-09-10,Approved
KYC0008592,CUS0008592,Tier2,Low,False,2024-11-13,2027-02-05,Approved
KYC0008593,CUS0008593,Tier2,Low,False,2025-07-04,2026-10-17,Approved
KYC0008594,CUS0008594,Tier2,Low,False,2025-12-24,2027-06-28,Approved
KYC0008595,CUS0008595,Tier2,Medium,False,2024-10-19,2027-09-27,Approved
KYC0008596,CUS0008596,Tier1,Low,False,2025-11-15,2026-07-16,Approved
KYC0008597,CUS0008597,Tier2,Low,False,2024-06-22,2026-05-29,Approved
KYC0008598,CUS0008598,Tier2,Low,False,2026-03-05,2026-11-23,Approved
KYC0008599,CUS0008599,Tier1,Low,False,2024-04-08,2027-04-24,Approved
KYC0008600,CUS0008600,Tier1,Medium,False,2024-07-18,2027-09-07,Approved
KYC0008601,CUS0008601,Tier3,Low,False,2025-11-23,2026-08-19,Approved
KYC0008602,CUS0008602,Tier1,Medium,False,2024-11-13,2027-06-09,Approved
KYC0008603,CUS0008603,Tier2,Low,False,2025-06-22,2026-05-24,Approved
KYC0008604,CUS0008604,Tier2,Low,False,2026-03-23,2027-05-20,Approved
KYC0008605,CUS0008605,Tier1,Medium,False,2025-01-05,2026-09-21,Approved
KYC0008606,CUS0008606,Tier2,Low,False,2025-10-27,2027-08-04,Approved
KYC0008607,CUS0008607,Tier1,Low,False,2025-06-26,2027-08-01,Approved
KYC0008608,CUS0008608,Tier1,Low,False,2024-04-19,2026-07-10,Approved
KYC0008609,CUS0008609,Tier2,Low,False,2024-02-22,2027-08-19,Approved
KYC0008610,CUS0008610,Tier2,Low,False,2025-08-29,2027-12-13,Pending
KYC0008611,CUS0008611,Tier2,Medium,False,2025-04-16,2027-05-08,Approved
KYC0008612,CUS0008612,Tier1,Medium,False,2024-12-08,2026-07-14,Approved
KYC0008613,CUS0008613,Tier2,Low,False,2024-08-01,2026-08-14,Approved
KYC0008614,CUS0008614,Tier1,Low,False,2024-07-31,2027-02-09,Approved
KYC0008615,CUS0008615,Tier1,Low,False,2026-02-04,2027-10-26,Approved
KYC0008616,CUS0008616,Tier1,Medium,False,2025-12-01,2027-10-28,Approved
KYC0008617,CUS0008617,Tier2,Low,False,2025-11-27,2027-07-14,Approved
KYC0008618,CUS0008618,Tier2,Low,False,2025-12-12,2026-05-17,Approved
KYC0008619,CUS0008619,Tier1,Low,False,2024-11-21,2027-12-10,Approved
KYC0008620,CUS0008620,Tier1,Medium,False,2026-03-04,2027-01-03,Pending
KYC0008621,CUS0008621,Tier1,Medium,False,2024-12-06,2026-10-07,Approved
KYC0008622,CUS0008622,Tier2,Medium,False,2024-10-01,2026-08-14,Approved
KYC0008623,CUS0008623,Tier1,Low,False,2025-04-05,2027-09-19,Approved
KYC0008624,CUS0008624,Tier1,Low,False,2025-06-13,2027-10-15,Approved
KYC0008625,CUS0008625,Tier2,Low,False,2025-08-11,2027-08-20,Approved
KYC0008626,CUS0008626,Tier3,Medium,False,2025-09-27,2027-11-20,Approved
KYC0008627,CUS0008627,Tier2,Low,False,2025-06-17,2027-04-30,Approved
KYC0008628,CUS0008628,Tier1,Low,False,2024-12-16,2027-08-30,Approved
KYC0008629,CUS0008629,Tier2,Low,False,2026-03-04,2027-07-15,Approved
KYC0008630,CUS0008630,Tier1,Low,False,2024-05-30,2027-09-12,Approved
KYC0008631,CUS0008631,Tier2,Low,False,2024-04-11,2026-12-31,Approved
KYC0008632,CUS0008632,Tier2,Medium,False,2025-09-12,2027-04-15,Approved
KYC0008633,CUS0008633,Tier2,Low,False,2026-04-21,2026-12-21,Approved
KYC0008634,CUS0008634,Tier1,Low,False,2025-10-11,2027-01-16,Approved
KYC0008635,CUS0008635,Tier3,Low,False,2025-05-01,2026-05-29,Approved
KYC0008636,CUS0008636,Tier1,Medium,False,2024-07-29,2027-03-14,Approved
KYC0008637,CUS0008637,Tier2,Low,False,2025-08-26,2026-10-08,Approved
KYC0008638,CUS0008638,Tier2,High,False,2026-01-20,2027-12-14,Approved
KYC0008639,CUS0008639,Tier1,Low,False,2025-07-09,2027-05-13,Approved
KYC0008640,CUS0008640,Tier3,Medium,False,2024-04-21,2027-06-27,Approved
KYC0008641,CUS0008641,Tier2,Low,False,2025-04-02,2027-05-07,Approved
KYC0008642,CUS0008642,Tier1,Medium,False,2024-01-30,2027-08-28,Approved
KYC0008643,CUS0008643,Tier3,Low,False,2026-04-12,2027-08-28,Pending
KYC0008644,CUS0008644,Tier1,Low,False,2025-05-22,2027-03-30,Approved
KYC0008645,CUS0008645,Tier1,Low,False,2025-07-27,2026-12-21,Approved
KYC0008646,CUS0008646,Tier2,Low,False,2024-06-14,2026-07-04,Approved
KYC0008647,CUS0008647,Tier1,Medium,False,2026-03-01,2027-02-20,Approved
KYC0008648,CUS0008648,Tier1,Low,False,2024-06-25,2027-07-08,Approved
KYC0008649,CUS0008649,Tier3,Low,False,2024-08-26,2027-11-12,Approved
KYC0008650,CUS0008650,Tier1,Low,False,2025-01-06,2026-12-29,Approved
KYC0008651,CUS0008651,Tier2,High,False,2026-03-10,2027-11-21,Approved
KYC0008652,CUS0008652,Tier2,Low,False,2024-04-23,2027-04-20,Approved
KYC0008653,CUS0008653,Tier1,Low,False,2025-10-21,2027-10-09,Approved
KYC0008654,CUS0008654,Tier2,Low,False,2026-03-22,2026-10-22,Approved
KYC0008655,CUS0008655,Tier1,Low,False,2024-01-09,2027-10-04,Approved
KYC0008656,CUS0008656,Tier1,Low,False,2025-12-24,2026-07-11,Approved
KYC0008657,CUS0008657,Tier1,Low,False,2026-01-22,2027-07-10,Approved
KYC0008658,CUS0008658,Tier2,Low,False,2025-02-22,2027-09-11,Approved
KYC0008659,CUS0008659,Tier1,Low,False,2025-10-22,2027-12-05,Approved
KYC0008660,CUS0008660,Tier3,High,False,2025-08-19,2026-12-18,Approved
KYC0008661,CUS0008661,Tier2,Medium,False,2025-01-23,2026-11-13,Approved
KYC0008662,CUS0008662,Tier1,Low,False,2025-09-03,2027-02-15,Approved
KYC0008663,CUS0008663,Tier1,Low,False,2026-03-18,2026-05-07,Approved
KYC0008664,CUS0008664,Tier1,Medium,False,2025-09-16,2027-02-16,Approved
KYC0008665,CUS0008665,Tier2,Low,False,2025-05-01,2027-12-15,Approved
KYC0008666,CUS0008666,Tier2,Low,False,2026-02-24,2027-12-21,Approved
KYC0008667,CUS0008667,Tier2,Low,False,2024-03-18,2026-08-26,Approved
KYC0008668,CUS0008668,Tier2,Medium,False,2024-05-14,2026-06-22,Approved
KYC0008669,CUS0008669,Tier1,Medium,False,2024-12-15,2026-12-03,Approved
KYC0008670,CUS0008670,Tier1,Low,False,2026-02-27,2027-01-10,Approved
KYC0008671,CUS0008671,Tier1,Low,False,2024-11-26,2026-08-24,Approved
KYC0008672,CUS0008672,Tier1,Low,False,2025-12-17,2026-09-03,Approved
KYC0008673,CUS0008673,Tier1,Low,False,2024-09-30,2026-05-09,Approved
KYC0008674,CUS0008674,Tier1,Low,False,2025-07-21,2027-10-03,Approved
KYC0008675,CUS0008675,Tier1,Medium,False,2025-01-11,2026-10-28,Approved
KYC0008676,CUS0008676,Tier2,Low,False,2025-11-28,2026-08-01,Approved
KYC0008677,CUS0008677,Tier1,Low,False,2024-04-03,2026-05-25,Approved
KYC0008678,CUS0008678,Tier2,Low,False,2024-06-20,2027-01-27,Approved
KYC0008679,CUS0008679,Tier2,Low,False,2025-08-21,2027-02-16,Approved
KYC0008680,CUS0008680,Tier2,Medium,False,2025-05-30,2026-05-13,Approved
KYC0008681,CUS0008681,Tier1,Low,False,2024-11-14,2026-09-11,Approved
KYC0008682,CUS0008682,Tier2,Medium,False,2025-06-20,2027-01-04,Approved
KYC0008683,CUS0008683,Tier1,Low,False,2025-04-04,2027-10-25,Approved
KYC0008684,CUS0008684,Tier1,Low,False,2025-02-20,2026-12-13,Pending
KYC0008685,CUS0008685,Tier2,Low,False,2026-03-07,2026-06-12,Approved
KYC0008686,CUS0008686,Tier1,Low,False,2024-07-10,2027-10-13,Approved
KYC0008687,CUS0008687,Tier1,Low,False,2024-03-26,2027-05-06,Approved
KYC0008688,CUS0008688,Tier2,Medium,False,2025-08-27,2026-07-27,Approved
KYC0008689,CUS0008689,Tier2,Low,False,2025-12-11,2026-10-29,Approved
KYC0008690,CUS0008690,Tier2,Medium,False,2025-02-18,2027-01-01,Approved
KYC0008691,CUS0008691,Tier2,High,False,2026-02-03,2027-08-29,Approved
KYC0008692,CUS0008692,Tier1,Low,False,2025-10-20,2026-06-23,Approved
KYC0008693,CUS0008693,Tier2,Low,False,2025-11-28,2026-05-29,Approved
KYC0008694,CUS0008694,Tier2,Low,False,2025-05-04,2027-01-29,Approved
KYC0008695,CUS0008695,Tier1,Low,False,2025-09-02,2026-10-10,Approved
KYC0008696,CUS0008696,Tier2,Low,False,2026-03-22,2026-05-02,Approved
KYC0008697,CUS0008697,Tier3,Medium,False,2025-03-27,2026-06-25,Approved
KYC0008698,CUS0008698,Tier1,Medium,False,2026-01-07,2026-10-08,Approved
KYC0008699,CUS0008699,Tier1,Low,False,2025-03-06,2027-03-19,Approved
KYC0008700,CUS0008700,Tier1,Low,False,2024-04-08,2027-09-07,Approved
KYC0008701,CUS0008701,Tier1,Low,False,2024-10-05,2027-07-17,Approved
KYC0008702,CUS0008702,Tier2,Low,False,2025-11-07,2027-02-22,Approved
KYC0008703,CUS0008703,Tier2,Low,False,2024-09-28,2027-02-22,Approved
KYC0008704,CUS0008704,Tier2,Low,False,2025-08-24,2027-07-09,Approved
KYC0008705,CUS0008705,Tier3,Low,False,2024-08-01,2027-01-10,Approved
KYC0008706,CUS0008706,Tier1,Low,False,2026-03-12,2026-09-06,Approved
KYC0008707,CUS0008707,Tier2,Medium,False,2025-09-14,2027-02-06,Approved
KYC0008708,CUS0008708,Tier3,Low,False,2025-04-03,2027-05-28,Approved
KYC0008709,CUS0008709,Tier1,Medium,False,2025-06-14,2026-07-20,Approved
KYC0008710,CUS0008710,Tier1,Medium,False,2024-09-20,2027-12-26,Pending
KYC0008711,CUS0008711,Tier3,Low,False,2024-09-07,2027-10-28,Approved
KYC0008712,CUS0008712,Tier1,Medium,False,2026-03-22,2027-02-11,Approved
KYC0008713,CUS0008713,Tier2,Low,False,2026-02-09,2027-08-22,Approved
KYC0008714,CUS0008714,Tier1,Low,False,2024-09-28,2026-06-24,Approved
KYC0008715,CUS0008715,Tier2,Low,False,2025-10-06,2026-09-03,Approved
KYC0008716,CUS0008716,Tier1,Low,False,2026-01-11,2026-09-29,Approved
KYC0008717,CUS0008717,Tier1,Low,False,2025-11-06,2027-05-15,Approved
KYC0008718,CUS0008718,Tier1,Medium,False,2025-09-24,2027-12-04,Approved
KYC0008719,CUS0008719,Tier2,Medium,False,2026-04-29,2027-08-09,Approved
KYC0008720,CUS0008720,Tier1,Low,False,2025-12-14,2027-08-02,Approved
KYC0008721,CUS0008721,Tier3,High,False,2025-07-24,2027-09-15,Pending
KYC0008722,CUS0008722,Tier3,Low,False,2025-11-19,2027-09-20,Approved
KYC0008723,CUS0008723,Tier2,Low,True,2025-10-14,2026-08-10,Approved
KYC0008724,CUS0008724,Tier1,Low,False,2024-08-28,2027-09-24,Approved
KYC0008725,CUS0008725,Tier1,High,False,2025-04-07,2027-10-04,Approved
KYC0008726,CUS0008726,Tier2,Low,False,2024-07-20,2026-05-21,Approved
KYC0008727,CUS0008727,Tier2,Low,False,2024-08-07,2027-04-11,Approved
KYC0008728,CUS0008728,Tier1,Medium,False,2025-09-15,2027-12-11,Approved
KYC0008729,CUS0008729,Tier1,Low,False,2024-10-17,2026-10-21,Approved
KYC0008730,CUS0008730,Tier1,Low,False,2024-10-24,2026-11-18,Approved
KYC0008731,CUS0008731,Tier1,Low,False,2024-08-30,2027-04-01,Approved
KYC0008732,CUS0008732,Tier1,Low,False,2025-08-21,2026-08-12,Approved
KYC0008733,CUS0008733,Tier2,Medium,False,2024-10-05,2026-06-19,Approved
KYC0008734,CUS0008734,Tier1,High,False,2025-09-26,2026-12-20,Approved
KYC0008735,CUS0008735,Tier2,Low,False,2024-05-23,2026-05-23,Approved
KYC0008736,CUS0008736,Tier1,Medium,False,2024-07-01,2026-06-26,Approved
KYC0008737,CUS0008737,Tier1,Low,False,2025-07-29,2027-03-31,Approved
KYC0008738,CUS0008738,Tier3,Low,False,2024-08-18,2027-07-17,Approved
KYC0008739,CUS0008739,Tier1,Low,False,2025-02-01,2027-06-26,Approved
KYC0008740,CUS0008740,Tier2,Low,False,2025-01-20,2026-07-04,Approved
KYC0008741,CUS0008741,Tier2,Low,False,2024-08-11,2027-10-07,Approved
KYC0008742,CUS0008742,Tier2,Low,False,2024-05-09,2027-08-26,Approved
KYC0008743,CUS0008743,Tier2,Low,False,2026-04-22,2026-11-12,Approved
KYC0008744,CUS0008744,Tier3,Low,False,2025-07-01,2027-08-27,Approved
KYC0008745,CUS0008745,Tier1,High,False,2024-11-02,2026-05-16,Approved
KYC0008746,CUS0008746,Tier1,Low,False,2024-03-22,2027-02-21,Approved
KYC0008747,CUS0008747,Tier1,Low,False,2026-01-21,2027-07-06,Approved
KYC0008748,CUS0008748,Tier2,Medium,False,2024-08-19,2027-02-12,Approved
KYC0008749,CUS0008749,Tier1,Low,False,2026-02-12,2027-09-10,Approved
KYC0008750,CUS0008750,Tier2,Low,False,2025-04-07,2027-06-24,Approved
KYC0008751,CUS0008751,Tier2,Low,False,2024-11-27,2027-07-31,Approved
KYC0008752,CUS0008752,Tier3,Medium,False,2025-02-20,2027-07-09,Approved
KYC0008753,CUS0008753,Tier2,Low,False,2024-12-01,2027-01-13,Approved
KYC0008754,CUS0008754,Tier1,Low,False,2024-10-27,2026-07-14,Pending
KYC0008755,CUS0008755,Tier1,Low,False,2024-03-08,2026-09-09,Pending
KYC0008756,CUS0008756,Tier1,Low,False,2024-08-30,2027-08-20,Approved
KYC0008757,CUS0008757,Tier1,High,False,2025-10-29,2027-10-04,Approved
KYC0008758,CUS0008758,Tier1,Medium,False,2024-04-12,2027-03-30,Approved
KYC0008759,CUS0008759,Tier1,High,False,2025-08-19,2027-01-24,Approved
KYC0008760,CUS0008760,Tier3,High,False,2025-08-02,2027-01-03,Approved
KYC0008761,CUS0008761,Tier3,Low,False,2024-12-25,2027-07-15,Approved
KYC0008762,CUS0008762,Tier2,Low,False,2024-12-08,2027-01-11,Approved
KYC0008763,CUS0008763,Tier2,Low,False,2024-09-11,2027-07-21,Approved
KYC0008764,CUS0008764,Tier1,Medium,False,2025-05-08,2027-07-18,Approved
KYC0008765,CUS0008765,Tier2,Medium,False,2024-12-30,2027-05-30,Approved
KYC0008766,CUS0008766,Tier3,Medium,False,2026-02-24,2026-08-19,Approved
KYC0008767,CUS0008767,Tier2,Medium,False,2025-12-01,2026-12-05,Approved
KYC0008768,CUS0008768,Tier1,Low,False,2024-08-01,2027-10-06,Approved
KYC0008769,CUS0008769,Tier2,Medium,False,2025-02-01,2026-05-23,Approved
KYC0008770,CUS0008770,Tier2,Medium,False,2024-10-31,2026-08-31,Approved
KYC0008771,CUS0008771,Tier2,High,False,2024-10-02,2027-11-09,Approved
KYC0008772,CUS0008772,Tier1,Medium,False,2024-11-06,2027-06-08,Approved
KYC0008773,CUS0008773,Tier1,Medium,False,2025-04-09,2027-08-09,Approved
KYC0008774,CUS0008774,Tier1,Low,False,2024-11-27,2026-07-02,Pending
KYC0008775,CUS0008775,Tier1,Low,False,2024-06-29,2027-06-10,Approved
KYC0008776,CUS0008776,Tier1,Low,False,2026-03-08,2026-09-30,Approved
KYC0008777,CUS0008777,Tier2,Low,False,2025-07-07,2027-07-05,Approved
KYC0008778,CUS0008778,Tier1,Medium,False,2025-10-22,2026-09-18,Pending
KYC0008779,CUS0008779,Tier1,High,False,2025-07-12,2027-01-10,Approved
KYC0008780,CUS0008780,Tier1,Low,False,2026-01-08,2026-07-07,Approved
KYC0008781,CUS0008781,Tier3,Low,False,2025-12-29,2027-11-16,Approved
KYC0008782,CUS0008782,Tier2,Medium,False,2025-04-14,2026-10-28,Approved
KYC0008783,CUS0008783,Tier1,Low,False,2024-04-09,2027-07-13,Approved
KYC0008784,CUS0008784,Tier1,Low,False,2025-12-22,2026-09-19,Approved
KYC0008785,CUS0008785,Tier1,Low,False,2025-04-15,2027-08-18,Approved
KYC0008786,CUS0008786,Tier1,Low,False,2025-04-08,2027-03-16,Approved
KYC0008787,CUS0008787,Tier2,Low,False,2025-06-02,2027-01-30,Approved
KYC0008788,CUS0008788,Tier1,Low,False,2024-06-29,2027-11-13,Approved
KYC0008789,CUS0008789,Tier2,Low,False,2024-06-17,2027-11-15,Approved
KYC0008790,CUS0008790,Tier1,Low,False,2024-03-30,2026-09-12,Approved
KYC0008791,CUS0008791,Tier1,Low,False,2025-01-13,2027-06-21,Approved
KYC0008792,CUS0008792,Tier2,Medium,False,2024-07-23,2026-09-20,Approved
KYC0008793,CUS0008793,Tier1,Medium,False,2025-03-29,2026-08-10,Approved
KYC0008794,CUS0008794,Tier2,Low,False,2025-12-20,2026-11-18,Approved
KYC0008795,CUS0008795,Tier1,Low,False,2025-11-02,2026-08-15,Approved
KYC0008796,CUS0008796,Tier2,Medium,False,2025-02-18,2027-03-26,Pending
KYC0008797,CUS0008797,Tier2,Low,False,2024-01-26,2027-04-13,Approved
KYC0008798,CUS0008798,Tier1,Low,False,2024-09-16,2026-06-10,Approved
KYC0008799,CUS0008799,Tier1,Low,False,2024-12-19,2027-08-26,Approved
KYC0008800,CUS0008800,Tier1,Low,False,2024-09-20,2026-05-15,Approved
KYC0008801,CUS0008801,Tier2,Low,False,2024-09-21,2026-12-31,Approved
KYC0008802,CUS0008802,Tier1,Low,False,2026-01-13,2026-07-28,Approved
KYC0008803,CUS0008803,Tier2,Low,False,2024-12-27,2027-10-02,Approved
KYC0008804,CUS0008804,Tier1,Medium,False,2025-09-21,2026-06-29,Approved
KYC0008805,CUS0008805,Tier1,Low,False,2026-04-23,2026-11-18,Approved
KYC0008806,CUS0008806,Tier1,Low,False,2024-06-04,2027-04-12,Approved
KYC0008807,CUS0008807,Tier2,Medium,False,2025-09-24,2027-06-01,Approved
KYC0008808,CUS0008808,Tier2,Low,False,2025-02-04,2026-05-06,Approved
KYC0008809,CUS0008809,Tier3,Low,False,2026-03-06,2026-09-15,Approved
KYC0008810,CUS0008810,Tier2,Medium,False,2025-03-11,2027-02-23,Approved
KYC0008811,CUS0008811,Tier3,Low,False,2024-10-16,2027-11-19,Approved
KYC0008812,CUS0008812,Tier2,Medium,False,2024-12-05,2027-10-22,Approved
KYC0008813,CUS0008813,Tier2,Low,False,2024-04-26,2027-08-03,Approved
KYC0008814,CUS0008814,Tier3,Low,False,2025-05-21,2027-01-18,Approved
KYC0008815,CUS0008815,Tier3,Low,False,2024-04-03,2027-08-27,Approved
KYC0008816,CUS0008816,Tier1,Low,False,2025-09-14,2026-08-08,Approved
KYC0008817,CUS0008817,Tier2,Low,False,2024-03-28,2026-08-07,Approved
KYC0008818,CUS0008818,Tier1,Low,False,2024-01-15,2027-12-05,Approved
KYC0008819,CUS0008819,Tier1,Low,False,2024-05-13,2027-05-14,Pending
KYC0008820,CUS0008820,Tier1,Low,False,2026-01-26,2026-07-25,Approved
KYC0008821,CUS0008821,Tier1,Low,False,2024-11-07,2027-07-13,Approved
KYC0008822,CUS0008822,Tier2,Low,False,2025-02-16,2027-07-19,Approved
KYC0008823,CUS0008823,Tier2,Low,False,2024-07-11,2027-02-11,Approved
KYC0008824,CUS0008824,Tier1,Low,False,2025-07-12,2027-11-29,Approved
KYC0008825,CUS0008825,Tier2,Low,False,2024-03-06,2027-02-16,Approved
KYC0008826,CUS0008826,Tier1,Low,False,2025-01-08,2027-06-21,Approved
KYC0008827,CUS0008827,Tier1,Low,False,2025-01-24,2027-01-06,Approved
KYC0008828,CUS0008828,Tier1,Low,False,2025-11-22,2026-12-27,Approved
KYC0008829,CUS0008829,Tier1,Low,False,2025-12-06,2027-09-02,Approved
KYC0008830,CUS0008830,Tier3,Medium,False,2025-02-26,2027-12-10,Approved
KYC0008831,CUS0008831,Tier2,Low,False,2025-11-03,2027-01-30,Approved
KYC0008832,CUS0008832,Tier1,Low,False,2025-02-13,2026-10-17,Approved
KYC0008833,CUS0008833,Tier1,Low,False,2025-02-28,2027-10-24,Approved
KYC0008834,CUS0008834,Tier2,Medium,False,2025-05-23,2026-11-04,Approved
KYC0008835,CUS0008835,Tier2,Medium,False,2024-10-06,2026-10-12,Approved
KYC0008836,CUS0008836,Tier3,Low,False,2025-10-13,2026-10-24,Approved
KYC0008837,CUS0008837,Tier1,Low,False,2025-10-23,2027-01-16,Approved
KYC0008838,CUS0008838,Tier1,Low,False,2025-03-27,2027-11-24,Approved
KYC0008839,CUS0008839,Tier1,Low,False,2026-03-03,2026-09-10,Approved
KYC0008840,CUS0008840,Tier2,Medium,False,2025-10-11,2026-05-07,Approved
KYC0008841,CUS0008841,Tier2,Low,False,2025-03-22,2027-07-31,Approved
KYC0008842,CUS0008842,Tier1,Low,False,2026-01-20,2026-12-19,Approved
KYC0008843,CUS0008843,Tier1,Low,False,2026-04-02,2026-07-04,Approved
KYC0008844,CUS0008844,Tier2,Low,False,2025-07-29,2027-10-22,Approved
KYC0008845,CUS0008845,Tier1,Medium,False,2025-10-07,2027-12-01,Approved
KYC0008846,CUS0008846,Tier1,Low,False,2024-11-23,2027-04-21,Approved
KYC0008847,CUS0008847,Tier2,Low,False,2024-03-24,2026-10-22,Approved
KYC0008848,CUS0008848,Tier1,Medium,False,2025-02-04,2026-07-05,Approved
KYC0008849,CUS0008849,Tier2,Low,False,2025-12-23,2026-06-05,Approved
KYC0008850,CUS0008850,Tier2,Low,False,2025-06-28,2027-01-18,Approved
KYC0008851,CUS0008851,Tier2,Medium,False,2024-10-31,2027-09-09,Pending
KYC0008852,CUS0008852,Tier1,Low,False,2024-12-28,2026-06-08,Approved
KYC0008853,CUS0008853,Tier2,Low,False,2024-12-29,2027-04-03,Approved
KYC0008854,CUS0008854,Tier2,Low,False,2025-08-13,2027-03-01,Approved
KYC0008855,CUS0008855,Tier1,Low,False,2024-11-02,2027-01-17,Approved
KYC0008856,CUS0008856,Tier2,Low,False,2025-01-16,2027-11-02,Approved
KYC0008857,CUS0008857,Tier2,Low,False,2024-03-28,2027-06-27,Approved
KYC0008858,CUS0008858,Tier1,Low,False,2026-04-25,2027-02-01,Approved
KYC0008859,CUS0008859,Tier1,Low,False,2024-08-28,2027-02-06,Approved
KYC0008860,CUS0008860,Tier1,Low,False,2024-02-18,2026-07-23,Approved
KYC0008861,CUS0008861,Tier1,Medium,False,2025-12-23,2027-06-14,Approved
KYC0008862,CUS0008862,Tier1,Low,False,2025-12-22,2027-12-03,Approved
KYC0008863,CUS0008863,Tier2,Low,False,2025-06-16,2027-02-19,Approved
KYC0008864,CUS0008864,Tier1,Medium,False,2025-12-25,2027-01-11,Approved
KYC0008865,CUS0008865,Tier1,Low,False,2025-03-24,2027-01-21,Approved
KYC0008866,CUS0008866,Tier3,Low,False,2024-12-21,2027-10-01,Approved
KYC0008867,CUS0008867,Tier2,Low,False,2024-11-08,2027-04-06,Approved
KYC0008868,CUS0008868,Tier2,Low,False,2024-08-03,2026-05-31,Rejected
KYC0008869,CUS0008869,Tier1,Low,False,2025-04-22,2027-10-10,Approved
KYC0008870,CUS0008870,Tier1,Low,False,2024-01-09,2026-11-04,Approved
KYC0008871,CUS0008871,Tier2,Medium,False,2025-11-24,2027-06-27,Approved
KYC0008872,CUS0008872,Tier1,Low,False,2025-07-15,2027-09-02,Approved
KYC0008873,CUS0008873,Tier2,Medium,False,2024-05-14,2027-08-30,Approved
KYC0008874,CUS0008874,Tier2,Low,False,2025-06-02,2026-10-17,Approved
KYC0008875,CUS0008875,Tier2,Medium,False,2026-04-26,2027-10-20,Approved
KYC0008876,CUS0008876,Tier2,Medium,False,2025-05-06,2026-08-19,Approved
KYC0008877,CUS0008877,Tier1,Low,False,2024-03-04,2027-08-05,Pending
KYC0008878,CUS0008878,Tier1,Medium,False,2025-08-16,2027-03-09,Approved
KYC0008879,CUS0008879,Tier1,Medium,False,2025-05-15,2026-09-12,Approved
KYC0008880,CUS0008880,Tier2,Low,False,2024-12-14,2027-11-14,Approved
KYC0008881,CUS0008881,Tier1,High,False,2025-04-10,2027-06-22,Approved
KYC0008882,CUS0008882,Tier1,Medium,False,2025-05-05,2026-09-23,Approved
KYC0008883,CUS0008883,Tier1,Medium,False,2024-07-08,2027-10-04,Approved
KYC0008884,CUS0008884,Tier1,Low,False,2024-11-28,2026-06-26,Approved
KYC0008885,CUS0008885,Tier2,Low,False,2025-03-07,2027-09-23,Approved
KYC0008886,CUS0008886,Tier2,Low,False,2024-06-28,2026-08-22,Approved
KYC0008887,CUS0008887,Tier2,Low,False,2025-08-11,2027-02-08,Approved
KYC0008888,CUS0008888,Tier1,Low,False,2024-08-20,2026-05-04,Approved
KYC0008889,CUS0008889,Tier1,Medium,False,2024-06-20,2026-05-26,Approved
KYC0008890,CUS0008890,Tier2,Low,False,2024-12-10,2027-11-03,Approved
KYC0008891,CUS0008891,Tier2,Medium,False,2024-06-18,2026-05-18,Approved
KYC0008892,CUS0008892,Tier3,Medium,False,2026-04-10,2026-07-25,Approved
KYC0008893,CUS0008893,Tier1,Low,False,2026-01-04,2026-05-26,Approved
KYC0008894,CUS0008894,Tier3,Low,False,2025-04-05,2026-06-28,Approved
KYC0008895,CUS0008895,Tier2,Low,False,2025-06-17,2027-02-26,Approved
KYC0008896,CUS0008896,Tier1,Low,False,2024-11-02,2027-11-21,Rejected
KYC0008897,CUS0008897,Tier1,Low,False,2025-05-25,2027-10-27,Approved
KYC0008898,CUS0008898,Tier2,Low,False,2024-02-07,2026-12-24,Approved
KYC0008899,CUS0008899,Tier2,Low,False,2026-01-07,2026-08-27,Approved
KYC0008900,CUS0008900,Tier1,High,False,2024-01-21,2026-10-17,Approved
KYC0008901,CUS0008901,Tier1,Low,False,2025-01-13,2027-01-26,Approved
KYC0008902,CUS0008902,Tier2,Medium,False,2025-01-01,2027-05-04,Approved
KYC0008903,CUS0008903,Tier1,Medium,False,2024-11-25,2026-08-08,Approved
KYC0008904,CUS0008904,Tier1,Low,False,2024-06-17,2027-12-22,Approved
KYC0008905,CUS0008905,Tier2,Low,False,2024-04-20,2026-08-23,Approved
KYC0008906,CUS0008906,Tier1,Low,False,2025-02-27,2027-04-23,Approved
KYC0008907,CUS0008907,Tier1,Low,False,2024-12-01,2027-01-07,Approved
KYC0008908,CUS0008908,Tier1,Low,False,2024-07-22,2026-11-21,Approved
KYC0008909,CUS0008909,Tier3,Low,False,2025-08-18,2027-01-17,Approved
KYC0008910,CUS0008910,Tier2,Low,False,2024-04-02,2027-04-02,Approved
KYC0008911,CUS0008911,Tier1,Low,False,2024-06-17,2026-11-10,Approved
KYC0008912,CUS0008912,Tier1,Low,False,2024-11-17,2026-10-08,Approved
KYC0008913,CUS0008913,Tier2,Low,False,2025-12-21,2027-08-03,Approved
KYC0008914,CUS0008914,Tier1,Low,False,2024-04-02,2027-01-04,Approved
KYC0008915,CUS0008915,Tier1,Low,False,2025-12-21,2027-02-13,Approved
KYC0008916,CUS0008916,Tier2,Low,False,2024-01-04,2026-08-23,Approved
KYC0008917,CUS0008917,Tier1,Low,False,2025-10-15,2026-12-06,Approved
KYC0008918,CUS0008918,Tier1,Low,False,2025-10-10,2027-04-28,Approved
KYC0008919,CUS0008919,Tier1,Low,False,2025-07-12,2026-10-26,Approved
KYC0008920,CUS0008920,Tier2,Medium,False,2024-07-20,2026-06-05,Approved
KYC0008921,CUS0008921,Tier1,Low,False,2024-10-02,2027-05-28,Approved
KYC0008922,CUS0008922,Tier1,Low,False,2025-02-11,2026-05-10,Approved
KYC0008923,CUS0008923,Tier2,Low,False,2026-03-25,2027-12-02,Approved
KYC0008924,CUS0008924,Tier1,Medium,False,2024-02-27,2026-12-08,Approved
KYC0008925,CUS0008925,Tier1,Low,True,2024-06-22,2026-10-10,Approved
KYC0008926,CUS0008926,Tier2,Low,False,2024-08-02,2027-09-24,Approved
KYC0008927,CUS0008927,Tier1,Medium,False,2026-03-10,2026-10-06,Approved
KYC0008928,CUS0008928,Tier1,Medium,False,2024-04-26,2027-05-12,Approved
KYC0008929,CUS0008929,Tier2,Low,False,2025-02-07,2026-10-11,Approved
KYC0008930,CUS0008930,Tier1,Low,False,2026-02-21,2027-05-28,Approved
KYC0008931,CUS0008931,Tier1,Low,False,2025-02-24,2026-07-16,Approved
KYC0008932,CUS0008932,Tier2,Medium,False,2025-04-11,2027-01-02,Approved
KYC0008933,CUS0008933,Tier2,Medium,False,2025-09-02,2027-11-05,Approved
KYC0008934,CUS0008934,Tier1,Low,False,2025-03-31,2027-12-15,Approved
KYC0008935,CUS0008935,Tier1,Medium,True,2024-10-03,2027-12-06,Approved
KYC0008936,CUS0008936,Tier2,Low,False,2025-12-05,2027-09-08,Approved
KYC0008937,CUS0008937,Tier2,Low,False,2024-02-10,2027-07-01,Approved
KYC0008938,CUS0008938,Tier1,Medium,False,2025-03-03,2027-08-31,Approved
KYC0008939,CUS0008939,Tier2,Low,False,2025-03-04,2026-11-02,Pending
KYC0008940,CUS0008940,Tier1,Medium,False,2025-09-11,2027-03-03,Approved
KYC0008941,CUS0008941,Tier1,Low,False,2025-12-18,2026-12-13,Approved
KYC0008942,CUS0008942,Tier3,Low,False,2024-04-08,2026-12-22,Approved
KYC0008943,CUS0008943,Tier2,Low,False,2024-02-07,2027-05-30,Approved
KYC0008944,CUS0008944,Tier1,Low,False,2025-06-27,2027-08-04,Approved
KYC0008945,CUS0008945,Tier2,Low,False,2025-09-10,2027-08-22,Approved
KYC0008946,CUS0008946,Tier1,Medium,False,2024-06-08,2027-09-22,Approved
KYC0008947,CUS0008947,Tier1,Medium,False,2025-07-23,2027-03-22,Approved
KYC0008948,CUS0008948,Tier2,Low,False,2024-10-15,2026-05-22,Approved
KYC0008949,CUS0008949,Tier1,Low,False,2024-08-28,2027-12-09,Approved
KYC0008950,CUS0008950,Tier1,Low,False,2025-10-27,2026-06-30,Approved
KYC0008951,CUS0008951,Tier1,High,False,2024-09-14,2026-05-05,Approved
KYC0008952,CUS0008952,Tier2,Low,False,2025-10-18,2027-01-23,Approved
KYC0008953,CUS0008953,Tier2,Medium,False,2025-01-10,2027-10-15,Approved
KYC0008954,CUS0008954,Tier2,Low,False,2025-02-11,2027-08-25,Approved
KYC0008955,CUS0008955,Tier1,Low,False,2025-11-21,2027-06-23,Approved
KYC0008956,CUS0008956,Tier1,Low,False,2026-01-07,2027-08-11,Approved
KYC0008957,CUS0008957,Tier2,Low,False,2024-02-29,2026-06-06,Approved
KYC0008958,CUS0008958,Tier1,Medium,False,2025-10-10,2026-06-17,Approved
KYC0008959,CUS0008959,Tier2,Medium,False,2024-07-22,2027-05-22,Rejected
KYC0008960,CUS0008960,Tier1,Low,False,2025-02-13,2027-09-18,Approved
KYC0008961,CUS0008961,Tier3,Low,False,2024-04-01,2027-02-23,Approved
KYC0008962,CUS0008962,Tier1,Low,False,2026-03-31,2026-12-06,Approved
KYC0008963,CUS0008963,Tier1,Low,False,2024-02-19,2027-12-09,Approved
KYC0008964,CUS0008964,Tier3,Medium,False,2026-01-23,2026-05-04,Approved
KYC0008965,CUS0008965,Tier2,Low,False,2025-07-27,2027-07-06,Pending
KYC0008966,CUS0008966,Tier1,Low,False,2024-05-22,2026-09-27,Approved
KYC0008967,CUS0008967,Tier2,Medium,False,2024-04-24,2026-12-26,Approved
KYC0008968,CUS0008968,Tier2,High,False,2025-07-15,2027-04-18,Approved
KYC0008969,CUS0008969,Tier2,Low,False,2024-09-16,2027-06-10,Approved
KYC0008970,CUS0008970,Tier2,Low,False,2024-08-23,2027-06-06,Approved
KYC0008971,CUS0008971,Tier1,High,False,2025-03-09,2026-07-19,Approved
KYC0008972,CUS0008972,Tier2,Medium,False,2024-09-17,2026-10-11,Approved
KYC0008973,CUS0008973,Tier1,Low,False,2024-03-18,2027-09-23,Approved
KYC0008974,CUS0008974,Tier2,Low,False,2024-07-05,2027-09-04,Rejected
KYC0008975,CUS0008975,Tier3,Low,False,2026-02-10,2026-11-09,Approved
KYC0008976,CUS0008976,Tier2,Low,False,2024-05-02,2026-10-04,Approved
KYC0008977,CUS0008977,Tier2,Low,False,2026-02-17,2027-04-05,Approved
KYC0008978,CUS0008978,Tier1,Low,False,2025-05-24,2026-11-30,Approved
KYC0008979,CUS0008979,Tier1,Medium,False,2025-12-31,2026-09-24,Approved
KYC0008980,CUS0008980,Tier1,Medium,False,2024-12-18,2026-05-18,Approved
KYC0008981,CUS0008981,Tier1,Low,False,2024-05-17,2027-07-22,Approved
KYC0008982,CUS0008982,Tier2,Low,False,2025-10-11,2027-04-15,Approved
KYC0008983,CUS0008983,Tier1,Low,False,2024-02-07,2027-05-14,Approved
KYC0008984,CUS0008984,Tier2,Low,False,2025-10-01,2026-12-29,Approved
KYC0008985,CUS0008985,Tier2,Low,False,2025-07-23,2026-07-12,Approved
KYC0008986,CUS0008986,Tier2,Low,False,2025-02-22,2026-12-21,Approved
KYC0008987,CUS0008987,Tier1,Medium,False,2026-03-03,2027-03-04,Approved
KYC0008988,CUS0008988,Tier2,Medium,False,2024-07-04,2027-10-18,Approved
KYC0008989,CUS0008989,Tier3,Low,False,2025-04-11,2027-03-07,Approved
KYC0008990,CUS0008990,Tier2,Low,False,2025-05-30,2026-12-19,Approved
KYC0008991,CUS0008991,Tier2,Low,False,2024-01-07,2026-08-02,Approved
KYC0008992,CUS0008992,Tier1,High,False,2025-09-10,2026-11-26,Approved
KYC0008993,CUS0008993,Tier1,Medium,False,2025-11-13,2027-05-25,Approved
KYC0008994,CUS0008994,Tier2,Low,False,2025-01-30,2026-10-04,Approved
KYC0008995,CUS0008995,Tier3,Low,False,2024-06-28,2027-04-12,Approved
KYC0008996,CUS0008996,Tier1,Low,False,2025-12-07,2026-12-13,Approved
KYC0008997,CUS0008997,Tier1,Low,False,2025-12-19,2026-12-15,Approved
KYC0008998,CUS0008998,Tier1,Low,False,2024-05-25,2026-05-27,Approved
KYC0008999,CUS0008999,Tier1,Medium,False,2024-04-01,2027-06-26,Approved
KYC0009000,CUS0009000,Tier3,Low,False,2025-08-12,2026-07-17,Approved
KYC0009001,CUS0009001,Tier1,High,False,2025-09-30,2026-06-04,Approved
KYC0009002,CUS0009002,Tier2,High,False,2026-01-24,2027-01-01,Approved
KYC0009003,CUS0009003,Tier2,Low,False,2024-06-01,2027-03-02,Approved
KYC0009004,CUS0009004,Tier3,Low,False,2025-10-31,2027-03-28,Approved
KYC0009005,CUS0009005,Tier2,Low,False,2024-02-13,2026-08-06,Approved
KYC0009006,CUS0009006,Tier1,Low,False,2024-10-30,2027-08-26,Approved
KYC0009007,CUS0009007,Tier1,Low,False,2025-10-23,2027-05-21,Approved
KYC0009008,CUS0009008,Tier1,Low,False,2024-03-20,2027-06-07,Pending
KYC0009009,CUS0009009,Tier2,Medium,False,2024-05-19,2027-05-27,Approved
KYC0009010,CUS0009010,Tier1,Medium,False,2024-04-11,2027-10-04,Approved
KYC0009011,CUS0009011,Tier1,Low,False,2025-08-30,2027-08-24,Approved
KYC0009012,CUS0009012,Tier1,Low,False,2024-11-01,2026-10-05,Approved
KYC0009013,CUS0009013,Tier2,Medium,False,2025-06-02,2027-04-20,Approved
KYC0009014,CUS0009014,Tier2,Low,False,2026-02-21,2026-07-19,Approved
KYC0009015,CUS0009015,Tier2,Low,False,2024-10-24,2027-01-10,Approved
KYC0009016,CUS0009016,Tier1,Low,False,2025-06-26,2027-07-04,Approved
KYC0009017,CUS0009017,Tier1,Low,False,2024-07-06,2027-01-10,Approved
KYC0009018,CUS0009018,Tier1,Medium,False,2024-02-21,2027-05-17,Approved
KYC0009019,CUS0009019,Tier2,Medium,False,2024-10-16,2026-10-06,Approved
KYC0009020,CUS0009020,Tier2,Low,False,2024-03-29,2027-10-13,Approved
KYC0009021,CUS0009021,Tier1,Low,False,2025-02-11,2026-11-24,Approved
KYC0009022,CUS0009022,Tier2,Low,False,2024-11-29,2026-07-25,Approved
KYC0009023,CUS0009023,Tier2,Low,False,2025-04-12,2026-10-19,Approved
KYC0009024,CUS0009024,Tier2,Low,False,2025-09-27,2027-11-26,Approved
KYC0009025,CUS0009025,Tier2,Low,False,2025-05-21,2027-12-27,Pending
KYC0009026,CUS0009026,Tier2,Medium,False,2026-04-13,2026-05-11,Approved
KYC0009027,CUS0009027,Tier2,Low,False,2024-10-18,2026-11-30,Approved
KYC0009028,CUS0009028,Tier1,Low,False,2024-10-15,2026-08-23,Approved
KYC0009029,CUS0009029,Tier2,High,False,2025-03-26,2026-08-01,Approved
KYC0009030,CUS0009030,Tier2,Low,False,2024-01-08,2026-11-11,Approved
KYC0009031,CUS0009031,Tier3,Low,False,2025-07-01,2027-06-15,Approved
KYC0009032,CUS0009032,Tier1,Medium,False,2025-08-15,2027-02-04,Approved
KYC0009033,CUS0009033,Tier2,Low,False,2024-02-09,2026-06-08,Approved
KYC0009034,CUS0009034,Tier1,Medium,False,2025-08-05,2027-06-07,Approved
KYC0009035,CUS0009035,Tier2,Low,False,2025-07-18,2027-10-16,Approved
KYC0009036,CUS0009036,Tier1,Medium,False,2025-03-15,2027-12-23,Approved
KYC0009037,CUS0009037,Tier2,Low,False,2024-06-02,2026-08-01,Approved
KYC0009038,CUS0009038,Tier1,Low,False,2025-03-15,2027-04-22,Approved
KYC0009039,CUS0009039,Tier2,Low,False,2025-03-04,2026-05-08,Approved
KYC0009040,CUS0009040,Tier1,Low,False,2025-05-05,2027-06-21,Approved
KYC0009041,CUS0009041,Tier2,Medium,False,2024-10-09,2026-08-26,Approved
KYC0009042,CUS0009042,Tier1,Low,False,2024-01-27,2027-03-03,Approved
KYC0009043,CUS0009043,Tier2,High,False,2025-01-18,2026-07-12,Approved
KYC0009044,CUS0009044,Tier2,High,False,2026-02-07,2026-07-06,Approved
KYC0009045,CUS0009045,Tier2,Low,False,2025-11-25,2026-07-28,Approved
KYC0009046,CUS0009046,Tier1,High,False,2024-04-30,2027-11-11,Approved
KYC0009047,CUS0009047,Tier3,High,False,2024-01-15,2027-01-15,Approved
KYC0009048,CUS0009048,Tier2,Low,False,2026-04-27,2026-05-19,Approved
KYC0009049,CUS0009049,Tier1,Low,False,2025-04-29,2026-12-21,Approved
KYC0009050,CUS0009050,Tier1,Low,False,2024-11-09,2026-11-29,Approved
KYC0009051,CUS0009051,Tier1,Medium,False,2024-03-23,2026-11-08,Approved
KYC0009052,CUS0009052,Tier1,Low,False,2025-04-30,2027-01-08,Approved
KYC0009053,CUS0009053,Tier1,Medium,False,2024-10-03,2026-11-03,Approved
KYC0009054,CUS0009054,Tier2,Low,False,2024-12-18,2027-09-18,Approved
KYC0009055,CUS0009055,Tier1,Low,False,2026-03-24,2027-07-11,Approved
KYC0009056,CUS0009056,Tier1,Low,False,2025-11-24,2027-03-19,Approved
KYC0009057,CUS0009057,Tier1,Low,False,2025-08-10,2027-11-30,Pending
KYC0009058,CUS0009058,Tier1,Low,False,2026-03-14,2027-12-13,Approved
KYC0009059,CUS0009059,Tier1,Low,False,2024-11-18,2027-09-21,Approved
KYC0009060,CUS0009060,Tier1,Medium,True,2024-12-18,2026-11-21,Approved
KYC0009061,CUS0009061,Tier1,Medium,False,2025-12-13,2026-05-03,Approved
KYC0009062,CUS0009062,Tier2,Medium,False,2025-06-17,2026-12-25,Approved
KYC0009063,CUS0009063,Tier2,Low,False,2025-03-23,2027-12-11,Approved
KYC0009064,CUS0009064,Tier1,Low,False,2025-01-25,2026-12-15,Approved
KYC0009065,CUS0009065,Tier2,Low,False,2025-03-13,2027-04-25,Approved
KYC0009066,CUS0009066,Tier2,Low,False,2024-10-20,2027-07-14,Approved
KYC0009067,CUS0009067,Tier2,Low,False,2025-07-24,2026-07-28,Approved
KYC0009068,CUS0009068,Tier2,Medium,False,2024-08-25,2027-07-22,Approved
KYC0009069,CUS0009069,Tier1,Low,False,2024-10-07,2026-07-23,Approved
KYC0009070,CUS0009070,Tier3,Medium,False,2024-07-11,2026-12-23,Approved
KYC0009071,CUS0009071,Tier3,Low,False,2024-04-30,2027-09-12,Approved
KYC0009072,CUS0009072,Tier2,Low,False,2024-05-29,2027-07-19,Approved
KYC0009073,CUS0009073,Tier1,Low,False,2024-02-26,2027-04-28,Approved
KYC0009074,CUS0009074,Tier3,Low,False,2025-06-15,2027-08-26,Approved
KYC0009075,CUS0009075,Tier2,Low,False,2025-11-24,2026-12-08,Approved
KYC0009076,CUS0009076,Tier1,Medium,False,2024-12-02,2027-12-31,Approved
KYC0009077,CUS0009077,Tier1,Low,False,2024-03-27,2027-11-25,Approved
KYC0009078,CUS0009078,Tier1,Low,False,2025-10-24,2026-06-21,Approved
KYC0009079,CUS0009079,Tier1,Low,False,2026-03-15,2026-06-15,Approved
KYC0009080,CUS0009080,Tier1,Low,False,2026-04-30,2026-05-23,Approved
KYC0009081,CUS0009081,Tier3,Low,False,2025-07-29,2026-12-01,Approved
KYC0009082,CUS0009082,Tier3,Low,False,2024-02-20,2027-10-25,Approved
KYC0009083,CUS0009083,Tier3,Low,False,2025-03-11,2027-01-17,Approved
KYC0009084,CUS0009084,Tier1,Medium,False,2025-04-02,2027-04-13,Approved
KYC0009085,CUS0009085,Tier1,Medium,False,2024-08-09,2026-10-25,Approved
KYC0009086,CUS0009086,Tier1,Low,False,2026-05-01,2026-11-05,Approved
KYC0009087,CUS0009087,Tier1,Low,False,2025-09-06,2026-11-11,Approved
KYC0009088,CUS0009088,Tier2,Medium,False,2026-01-13,2027-02-13,Approved
KYC0009089,CUS0009089,Tier1,Low,False,2024-04-17,2026-12-31,Approved
KYC0009090,CUS0009090,Tier3,Low,False,2024-12-19,2027-10-28,Approved
KYC0009091,CUS0009091,Tier1,Low,False,2024-07-13,2026-09-19,Approved
KYC0009092,CUS0009092,Tier1,Low,False,2026-02-25,2026-07-28,Approved
KYC0009093,CUS0009093,Tier3,Low,False,2025-12-21,2027-07-20,Approved
KYC0009094,CUS0009094,Tier2,Low,False,2024-01-13,2027-09-13,Approved
KYC0009095,CUS0009095,Tier2,Low,False,2024-09-27,2026-10-13,Approved
KYC0009096,CUS0009096,Tier2,Low,False,2025-05-26,2026-12-22,Approved
KYC0009097,CUS0009097,Tier1,Medium,False,2024-08-17,2027-11-10,Approved
KYC0009098,CUS0009098,Tier1,Low,False,2025-01-01,2026-11-18,Approved
KYC0009099,CUS0009099,Tier1,Low,False,2025-10-30,2026-05-07,Approved
KYC0009100,CUS0009100,Tier1,Low,False,2025-10-18,2027-06-07,Approved
KYC0009101,CUS0009101,Tier1,Low,False,2024-11-24,2027-06-20,Approved
KYC0009102,CUS0009102,Tier2,Low,False,2025-01-16,2026-06-04,Approved
KYC0009103,CUS0009103,Tier2,Medium,False,2025-04-05,2027-01-23,Approved
KYC0009104,CUS0009104,Tier2,Low,False,2024-06-02,2026-10-26,Pending
KYC0009105,CUS0009105,Tier1,Medium,False,2025-09-26,2026-08-02,Pending
KYC0009106,CUS0009106,Tier2,Low,False,2024-02-06,2027-09-05,Approved
KYC0009107,CUS0009107,Tier1,Low,False,2025-06-24,2027-01-10,Approved
KYC0009108,CUS0009108,Tier2,Low,False,2024-07-10,2026-05-23,Approved
KYC0009109,CUS0009109,Tier1,Low,False,2026-03-07,2026-11-04,Approved
KYC0009110,CUS0009110,Tier1,Medium,False,2026-03-29,2027-01-31,Approved
KYC0009111,CUS0009111,Tier1,Low,False,2024-02-25,2026-08-29,Approved
KYC0009112,CUS0009112,Tier2,Low,False,2025-05-25,2027-08-26,Approved
KYC0009113,CUS0009113,Tier3,Low,False,2025-11-01,2026-06-21,Approved
KYC0009114,CUS0009114,Tier2,Medium,False,2025-04-06,2026-11-16,Approved
KYC0009115,CUS0009115,Tier2,Low,False,2024-02-27,2027-10-15,Approved
KYC0009116,CUS0009116,Tier1,Low,False,2025-08-01,2026-08-14,Approved
KYC0009117,CUS0009117,Tier2,Medium,False,2026-03-23,2026-09-06,Approved
KYC0009118,CUS0009118,Tier2,Low,False,2024-11-05,2027-02-20,Rejected
KYC0009119,CUS0009119,Tier1,Medium,False,2024-02-27,2027-03-14,Approved
KYC0009120,CUS0009120,Tier3,Low,False,2025-04-29,2026-12-03,Approved
KYC0009121,CUS0009121,Tier1,Low,False,2025-05-16,2027-04-14,Pending
KYC0009122,CUS0009122,Tier2,Low,False,2024-11-24,2027-06-04,Approved
KYC0009123,CUS0009123,Tier1,Low,False,2024-11-20,2026-12-18,Approved
KYC0009124,CUS0009124,Tier1,Low,False,2025-09-16,2026-06-17,Approved
KYC0009125,CUS0009125,Tier1,Low,False,2024-04-04,2027-10-03,Approved
KYC0009126,CUS0009126,Tier2,Medium,False,2024-06-28,2027-12-17,Approved
KYC0009127,CUS0009127,Tier2,Low,False,2025-04-19,2027-05-31,Approved
KYC0009128,CUS0009128,Tier2,Low,False,2024-08-19,2027-05-23,Approved
KYC0009129,CUS0009129,Tier1,Low,False,2024-12-16,2026-11-26,Approved
KYC0009130,CUS0009130,Tier1,Medium,False,2024-08-10,2026-12-25,Approved
KYC0009131,CUS0009131,Tier1,Low,False,2024-03-21,2026-06-13,Approved
KYC0009132,CUS0009132,Tier2,Low,False,2025-06-20,2027-04-09,Rejected
KYC0009133,CUS0009133,Tier2,Low,False,2024-06-02,2026-06-06,Approved
KYC0009134,CUS0009134,Tier2,Medium,False,2025-02-18,2026-06-16,Approved
KYC0009135,CUS0009135,Tier1,Low,False,2024-07-31,2027-06-03,Approved
KYC0009136,CUS0009136,Tier2,Medium,False,2025-05-18,2027-07-04,Approved
KYC0009137,CUS0009137,Tier1,Medium,False,2024-10-09,2027-10-27,Pending
KYC0009138,CUS0009138,Tier1,Low,False,2024-07-14,2027-12-15,Approved
KYC0009139,CUS0009139,Tier1,Low,False,2025-11-15,2027-02-08,Approved
KYC0009140,CUS0009140,Tier1,Low,False,2024-05-14,2026-10-12,Approved
KYC0009141,CUS0009141,Tier2,Low,False,2024-11-18,2026-12-06,Pending
KYC0009142,CUS0009142,Tier2,High,False,2025-05-15,2026-07-22,Approved
KYC0009143,CUS0009143,Tier2,Low,False,2026-01-24,2026-09-06,Approved
KYC0009144,CUS0009144,Tier2,Low,False,2026-03-30,2026-09-22,Approved
KYC0009145,CUS0009145,Tier2,Low,False,2025-06-11,2026-06-21,Approved
KYC0009146,CUS0009146,Tier2,Medium,False,2024-09-11,2027-09-13,Approved
KYC0009147,CUS0009147,Tier2,Low,False,2025-09-29,2027-01-24,Approved
KYC0009148,CUS0009148,Tier1,Low,False,2025-04-28,2026-10-15,Approved
KYC0009149,CUS0009149,Tier1,Low,False,2025-01-16,2027-06-25,Approved
KYC0009150,CUS0009150,Tier1,Low,False,2026-03-14,2026-09-22,Approved
KYC0009151,CUS0009151,Tier1,Low,False,2025-06-18,2027-05-10,Approved
KYC0009152,CUS0009152,Tier1,Low,False,2024-02-19,2026-06-09,Approved
KYC0009153,CUS0009153,Tier1,Low,False,2024-05-22,2026-12-15,Approved
KYC0009154,CUS0009154,Tier3,Medium,False,2024-04-12,2027-08-12,Approved
KYC0009155,CUS0009155,Tier2,Low,False,2025-10-01,2026-05-04,Approved
KYC0009156,CUS0009156,Tier1,Low,False,2024-03-31,2026-08-22,Approved
KYC0009157,CUS0009157,Tier1,Low,False,2024-08-24,2026-08-29,Approved
KYC0009158,CUS0009158,Tier1,Low,False,2024-08-29,2026-05-10,Approved
KYC0009159,CUS0009159,Tier1,Low,False,2024-04-05,2027-08-20,Approved
KYC0009160,CUS0009160,Tier2,Low,False,2025-08-04,2026-11-25,Approved
KYC0009161,CUS0009161,Tier2,Low,False,2025-06-24,2027-07-02,Approved
KYC0009162,CUS0009162,Tier2,Low,False,2025-11-10,2026-07-28,Approved
KYC0009163,CUS0009163,Tier3,Low,False,2026-04-26,2026-07-19,Approved
KYC0009164,CUS0009164,Tier1,Low,False,2024-12-01,2026-11-06,Approved
KYC0009165,CUS0009165,Tier3,Low,False,2024-07-29,2027-10-25,Approved
KYC0009166,CUS0009166,Tier1,Low,False,2024-08-28,2026-06-14,Approved
KYC0009167,CUS0009167,Tier1,Low,False,2025-08-16,2026-08-21,Approved
KYC0009168,CUS0009168,Tier1,Low,False,2025-07-07,2027-06-28,Approved
KYC0009169,CUS0009169,Tier1,Low,False,2025-01-24,2027-03-11,Approved
KYC0009170,CUS0009170,Tier1,Low,False,2024-05-01,2027-02-05,Approved
KYC0009171,CUS0009171,Tier2,Medium,False,2025-09-06,2027-11-15,Approved
KYC0009172,CUS0009172,Tier2,Low,False,2024-06-16,2026-05-11,Approved
KYC0009173,CUS0009173,Tier2,Medium,False,2025-07-25,2027-08-12,Approved
KYC0009174,CUS0009174,Tier2,Medium,False,2025-01-17,2026-12-07,Approved
KYC0009175,CUS0009175,Tier2,Medium,False,2025-11-27,2027-03-06,Approved
KYC0009176,CUS0009176,Tier1,Low,False,2025-09-24,2027-02-08,Approved
KYC0009177,CUS0009177,Tier1,Low,False,2026-04-01,2026-06-29,Pending
KYC0009178,CUS0009178,Tier1,Low,False,2024-06-16,2027-05-24,Approved
KYC0009179,CUS0009179,Tier2,Low,False,2026-02-02,2026-06-20,Approved
KYC0009180,CUS0009180,Tier1,Low,False,2025-03-20,2026-10-02,Approved
KYC0009181,CUS0009181,Tier2,Medium,False,2025-04-22,2027-09-26,Approved
KYC0009182,CUS0009182,Tier2,Low,False,2024-01-16,2027-02-05,Approved
KYC0009183,CUS0009183,Tier2,Medium,False,2025-04-22,2026-06-19,Approved
KYC0009184,CUS0009184,Tier1,Low,False,2024-02-01,2027-06-19,Approved
KYC0009185,CUS0009185,Tier2,Low,False,2024-05-25,2027-11-13,Approved
KYC0009186,CUS0009186,Tier2,Low,False,2025-05-04,2027-11-08,Approved
KYC0009187,CUS0009187,Tier1,Medium,False,2024-12-23,2027-05-25,Approved
KYC0009188,CUS0009188,Tier2,Low,False,2025-09-12,2026-10-05,Approved
KYC0009189,CUS0009189,Tier1,Low,False,2025-02-23,2027-10-17,Approved
KYC0009190,CUS0009190,Tier1,Low,False,2024-05-14,2027-07-25,Approved
KYC0009191,CUS0009191,Tier1,Low,False,2025-04-10,2027-11-30,Approved
KYC0009192,CUS0009192,Tier1,Low,False,2025-03-25,2027-04-17,Approved
KYC0009193,CUS0009193,Tier1,Low,False,2025-04-10,2026-07-14,Approved
KYC0009194,CUS0009194,Tier1,Low,False,2025-03-04,2026-10-03,Pending
KYC0009195,CUS0009195,Tier2,Low,False,2025-10-13,2027-05-21,Approved
KYC0009196,CUS0009196,Tier2,Low,False,2024-06-22,2027-06-03,Approved
KYC0009197,CUS0009197,Tier1,Low,False,2026-01-19,2027-02-02,Approved
KYC0009198,CUS0009198,Tier2,Low,False,2025-11-30,2027-04-25,Approved
KYC0009199,CUS0009199,Tier2,High,False,2025-07-26,2027-05-08,Approved
KYC0009200,CUS0009200,Tier1,Low,False,2024-05-14,2027-02-11,Approved
KYC0009201,CUS0009201,Tier1,Medium,False,2025-09-20,2026-09-27,Approved
KYC0009202,CUS0009202,Tier1,Medium,False,2025-10-07,2026-07-26,Approved
KYC0009203,CUS0009203,Tier2,Low,False,2025-03-28,2027-08-23,Approved
KYC0009204,CUS0009204,Tier2,Low,False,2026-04-07,2027-07-15,Approved
KYC0009205,CUS0009205,Tier1,Low,False,2024-06-18,2026-07-10,Pending
KYC0009206,CUS0009206,Tier1,Low,False,2026-03-12,2027-03-09,Approved
KYC0009207,CUS0009207,Tier1,Low,False,2025-05-01,2026-09-07,Approved
KYC0009208,CUS0009208,Tier3,Low,False,2025-06-22,2027-11-16,Approved
KYC0009209,CUS0009209,Tier3,Low,False,2026-03-19,2027-11-16,Approved
KYC0009210,CUS0009210,Tier1,Low,False,2026-04-11,2027-06-09,Approved
KYC0009211,CUS0009211,Tier1,Medium,False,2024-04-20,2027-06-07,Approved
KYC0009212,CUS0009212,Tier1,Medium,False,2026-02-18,2027-07-12,Approved
KYC0009213,CUS0009213,Tier1,Medium,False,2024-03-10,2026-11-22,Approved
KYC0009214,CUS0009214,Tier1,Low,False,2025-07-17,2027-10-10,Approved
KYC0009215,CUS0009215,Tier1,Medium,False,2026-03-04,2026-08-21,Approved
KYC0009216,CUS0009216,Tier2,Medium,False,2024-12-17,2026-12-18,Approved
KYC0009217,CUS0009217,Tier1,Medium,False,2024-04-17,2026-08-10,Approved
KYC0009218,CUS0009218,Tier2,Low,False,2025-12-09,2027-08-18,Approved
KYC0009219,CUS0009219,Tier2,Low,False,2025-06-04,2026-06-13,Approved
KYC0009220,CUS0009220,Tier2,Low,False,2024-12-19,2027-09-27,Approved
KYC0009221,CUS0009221,Tier2,Low,False,2025-02-23,2026-07-12,Approved
KYC0009222,CUS0009222,Tier2,High,False,2024-02-13,2027-06-09,Approved
KYC0009223,CUS0009223,Tier1,Low,False,2026-01-14,2027-01-23,Approved
KYC0009224,CUS0009224,Tier2,Low,False,2024-01-04,2026-12-16,Approved
KYC0009225,CUS0009225,Tier2,Low,False,2026-01-26,2026-08-02,Pending
KYC0009226,CUS0009226,Tier1,High,False,2025-08-16,2026-10-24,Approved
KYC0009227,CUS0009227,Tier1,Low,False,2025-06-29,2027-01-27,Approved
KYC0009228,CUS0009228,Tier2,Low,False,2025-04-19,2027-01-21,Approved
KYC0009229,CUS0009229,Tier2,Low,False,2025-04-09,2027-01-19,Approved
KYC0009230,CUS0009230,Tier2,Low,False,2026-01-31,2027-07-22,Approved
KYC0009231,CUS0009231,Tier1,Low,False,2024-05-15,2026-10-22,Approved
KYC0009232,CUS0009232,Tier2,Low,False,2025-07-01,2027-10-01,Approved
KYC0009233,CUS0009233,Tier2,Low,False,2024-06-25,2027-12-25,Approved
KYC0009234,CUS0009234,Tier2,Medium,False,2024-11-07,2027-11-15,Approved
KYC0009235,CUS0009235,Tier1,Medium,False,2025-02-16,2027-06-30,Pending
KYC0009236,CUS0009236,Tier1,Medium,False,2024-07-27,2027-08-16,Approved
KYC0009237,CUS0009237,Tier1,Low,False,2025-07-22,2027-07-15,Approved
KYC0009238,CUS0009238,Tier1,Low,False,2025-07-06,2026-12-24,Approved
KYC0009239,CUS0009239,Tier3,Low,False,2024-06-19,2027-07-10,Approved
KYC0009240,CUS0009240,Tier2,Medium,False,2025-02-02,2027-06-27,Approved
KYC0009241,CUS0009241,Tier2,Low,False,2024-04-26,2027-05-20,Approved
KYC0009242,CUS0009242,Tier1,Low,False,2025-04-21,2027-05-21,Approved
KYC0009243,CUS0009243,Tier1,High,False,2025-08-14,2027-12-07,Approved
KYC0009244,CUS0009244,Tier1,Low,False,2024-07-22,2027-05-17,Approved
KYC0009245,CUS0009245,Tier3,Low,False,2025-05-12,2027-06-05,Approved
KYC0009246,CUS0009246,Tier2,Low,False,2024-02-18,2027-03-15,Approved
KYC0009247,CUS0009247,Tier2,Low,False,2024-05-05,2026-12-26,Approved
KYC0009248,CUS0009248,Tier2,Low,False,2024-09-07,2027-11-27,Approved
KYC0009249,CUS0009249,Tier2,Low,False,2025-12-15,2027-10-16,Approved
KYC0009250,CUS0009250,Tier3,Medium,False,2025-05-31,2027-10-25,Approved
KYC0009251,CUS0009251,Tier1,Low,False,2025-09-25,2027-03-14,Approved
KYC0009252,CUS0009252,Tier2,High,False,2025-10-11,2026-07-14,Approved
KYC0009253,CUS0009253,Tier2,Low,False,2025-07-07,2027-05-31,Approved
KYC0009254,CUS0009254,Tier1,Low,False,2026-03-07,2026-06-23,Approved
KYC0009255,CUS0009255,Tier1,Medium,False,2024-10-06,2027-03-21,Approved
KYC0009256,CUS0009256,Tier3,Low,False,2025-05-08,2027-11-12,Rejected
KYC0009257,CUS0009257,Tier1,Low,False,2024-09-08,2027-08-23,Approved
KYC0009258,CUS0009258,Tier2,Low,False,2024-06-25,2026-08-15,Approved
KYC0009259,CUS0009259,Tier2,Medium,False,2024-01-03,2027-09-18,Approved
KYC0009260,CUS0009260,Tier2,Medium,False,2024-03-27,2026-06-22,Approved
KYC0009261,CUS0009261,Tier1,Low,False,2025-08-20,2027-11-09,Approved
KYC0009262,CUS0009262,Tier1,Low,False,2024-05-12,2027-07-08,Approved
KYC0009263,CUS0009263,Tier2,High,False,2024-01-08,2027-12-26,Approved
KYC0009264,CUS0009264,Tier2,Medium,False,2025-01-02,2026-07-12,Approved
KYC0009265,CUS0009265,Tier1,Low,False,2024-11-29,2027-01-08,Approved
KYC0009266,CUS0009266,Tier2,Low,False,2024-03-16,2027-10-26,Approved
KYC0009267,CUS0009267,Tier2,Medium,False,2024-10-06,2026-05-01,Approved
KYC0009268,CUS0009268,Tier1,Low,False,2024-06-09,2026-11-15,Approved
KYC0009269,CUS0009269,Tier1,Low,False,2026-04-24,2027-11-08,Approved
KYC0009270,CUS0009270,Tier2,Low,False,2025-11-20,2026-08-13,Approved
KYC0009271,CUS0009271,Tier1,Low,False,2025-10-15,2027-03-17,Approved
KYC0009272,CUS0009272,Tier1,Low,False,2025-11-24,2027-10-10,Approved
KYC0009273,CUS0009273,Tier1,Medium,False,2025-08-23,2027-10-29,Approved
KYC0009274,CUS0009274,Tier1,Low,False,2024-10-06,2026-08-31,Approved
KYC0009275,CUS0009275,Tier1,Medium,False,2024-07-30,2027-04-25,Approved
KYC0009276,CUS0009276,Tier1,Medium,False,2024-03-02,2026-10-28,Approved
KYC0009277,CUS0009277,Tier1,Low,False,2024-12-10,2027-06-04,Approved
KYC0009278,CUS0009278,Tier1,Low,False,2024-08-09,2026-10-11,Approved
KYC0009279,CUS0009279,Tier2,Medium,False,2025-11-14,2027-03-13,Approved
KYC0009280,CUS0009280,Tier2,Medium,False,2024-06-09,2026-12-08,Approved
KYC0009281,CUS0009281,Tier2,Low,False,2026-01-17,2027-10-02,Approved
KYC0009282,CUS0009282,Tier3,Low,False,2024-04-06,2026-08-28,Approved
KYC0009283,CUS0009283,Tier2,Low,False,2024-12-13,2027-12-04,Approved
KYC0009284,CUS0009284,Tier1,Low,False,2024-04-10,2027-01-31,Approved
KYC0009285,CUS0009285,Tier1,Low,False,2026-01-05,2027-12-09,Approved
KYC0009286,CUS0009286,Tier1,Medium,False,2025-04-07,2026-11-28,Approved
KYC0009287,CUS0009287,Tier1,Medium,False,2026-04-30,2027-01-30,Approved
KYC0009288,CUS0009288,Tier2,Low,False,2025-10-04,2026-11-17,Approved
KYC0009289,CUS0009289,Tier1,Medium,False,2024-06-21,2026-06-02,Approved
KYC0009290,CUS0009290,Tier3,Low,False,2026-01-12,2027-05-19,Approved
KYC0009291,CUS0009291,Tier1,Low,False,2026-01-01,2026-11-03,Rejected
KYC0009292,CUS0009292,Tier2,Low,False,2026-03-23,2026-10-19,Approved
KYC0009293,CUS0009293,Tier2,Low,False,2026-04-09,2027-04-14,Approved
KYC0009294,CUS0009294,Tier2,Medium,False,2025-01-07,2027-12-05,Approved
KYC0009295,CUS0009295,Tier2,Low,False,2026-01-18,2026-08-03,Approved
KYC0009296,CUS0009296,Tier1,High,False,2025-10-08,2027-03-14,Approved
KYC0009297,CUS0009297,Tier1,Low,False,2024-09-16,2027-01-31,Pending
KYC0009298,CUS0009298,Tier1,Low,False,2024-01-09,2026-05-17,Approved
KYC0009299,CUS0009299,Tier1,Low,False,2025-09-19,2027-04-25,Approved
KYC0009300,CUS0009300,Tier2,Low,False,2025-10-26,2026-11-14,Approved
KYC0009301,CUS0009301,Tier1,Low,False,2025-06-27,2026-11-12,Approved
KYC0009302,CUS0009302,Tier2,Medium,False,2024-09-27,2027-08-27,Pending
KYC0009303,CUS0009303,Tier1,Low,False,2024-01-29,2027-01-15,Approved
KYC0009304,CUS0009304,Tier1,High,False,2025-02-03,2027-03-22,Pending
KYC0009305,CUS0009305,Tier1,Low,False,2026-01-13,2027-10-30,Approved
KYC0009306,CUS0009306,Tier2,Low,False,2025-07-07,2026-09-20,Approved
KYC0009307,CUS0009307,Tier1,Low,False,2025-04-06,2026-08-01,Approved
KYC0009308,CUS0009308,Tier1,Medium,False,2025-12-19,2026-08-11,Approved
KYC0009309,CUS0009309,Tier2,High,False,2024-10-27,2027-08-20,Approved
KYC0009310,CUS0009310,Tier1,Low,False,2026-03-06,2027-11-05,Approved
KYC0009311,CUS0009311,Tier1,Low,False,2025-08-08,2026-09-26,Approved
KYC0009312,CUS0009312,Tier1,Low,False,2025-07-27,2026-06-02,Approved
KYC0009313,CUS0009313,Tier3,Low,False,2024-09-07,2027-08-15,Approved
KYC0009314,CUS0009314,Tier2,Low,False,2025-05-27,2027-05-19,Approved
KYC0009315,CUS0009315,Tier2,Low,False,2025-12-11,2027-01-15,Approved
KYC0009316,CUS0009316,Tier1,Low,False,2025-09-05,2027-12-05,Approved
KYC0009317,CUS0009317,Tier1,Medium,False,2024-08-29,2027-12-06,Approved
KYC0009318,CUS0009318,Tier2,Medium,False,2025-05-02,2027-02-01,Approved
KYC0009319,CUS0009319,Tier2,Low,False,2025-05-21,2026-10-12,Approved
KYC0009320,CUS0009320,Tier1,Low,False,2024-07-20,2026-05-07,Approved
KYC0009321,CUS0009321,Tier2,Medium,False,2025-01-18,2026-05-15,Approved
KYC0009322,CUS0009322,Tier3,Low,False,2025-01-17,2026-12-19,Approved
KYC0009323,CUS0009323,Tier1,Low,False,2026-01-31,2027-01-02,Approved
KYC0009324,CUS0009324,Tier2,Low,False,2026-01-30,2026-09-15,Approved
KYC0009325,CUS0009325,Tier1,Medium,False,2026-03-11,2027-07-10,Approved
KYC0009326,CUS0009326,Tier1,Medium,False,2026-01-05,2026-05-10,Approved
KYC0009327,CUS0009327,Tier2,High,False,2024-10-07,2027-03-10,Approved
KYC0009328,CUS0009328,Tier2,Low,False,2024-04-18,2026-10-06,Approved
KYC0009329,CUS0009329,Tier1,Low,False,2025-04-22,2027-02-06,Approved
KYC0009330,CUS0009330,Tier1,Medium,False,2024-09-13,2026-11-11,Approved
KYC0009331,CUS0009331,Tier2,Low,False,2026-01-13,2027-04-26,Approved
KYC0009332,CUS0009332,Tier1,Low,False,2025-10-19,2026-07-02,Approved
KYC0009333,CUS0009333,Tier1,Low,False,2024-06-07,2026-12-02,Approved
KYC0009334,CUS0009334,Tier2,Low,False,2024-05-11,2027-04-30,Approved
KYC0009335,CUS0009335,Tier2,Low,False,2025-05-18,2027-09-24,Approved
KYC0009336,CUS0009336,Tier3,Low,False,2024-04-28,2026-06-04,Approved
KYC0009337,CUS0009337,Tier3,Low,False,2024-09-10,2027-03-18,Approved
KYC0009338,CUS0009338,Tier1,Low,False,2025-10-25,2027-10-14,Approved
KYC0009339,CUS0009339,Tier1,Low,False,2024-06-30,2027-01-24,Approved
KYC0009340,CUS0009340,Tier2,Medium,False,2024-06-22,2026-06-02,Approved
KYC0009341,CUS0009341,Tier2,Low,False,2025-06-16,2026-11-13,Approved
KYC0009342,CUS0009342,Tier2,Medium,False,2024-11-14,2026-08-03,Approved
KYC0009343,CUS0009343,Tier1,Low,False,2025-04-06,2027-07-02,Approved
KYC0009344,CUS0009344,Tier1,Low,False,2025-09-05,2026-10-01,Approved
KYC0009345,CUS0009345,Tier1,Medium,False,2024-03-05,2026-12-05,Approved
KYC0009346,CUS0009346,Tier1,Medium,False,2024-12-19,2027-06-25,Approved
KYC0009347,CUS0009347,Tier2,Low,False,2024-02-29,2027-02-14,Approved
KYC0009348,CUS0009348,Tier1,Medium,False,2026-04-07,2027-10-04,Approved
KYC0009349,CUS0009349,Tier1,High,False,2024-05-03,2027-04-07,Approved
KYC0009350,CUS0009350,Tier1,Low,False,2026-02-18,2026-10-04,Approved
KYC0009351,CUS0009351,Tier1,Medium,False,2025-05-28,2027-02-14,Approved
KYC0009352,CUS0009352,Tier1,Medium,False,2024-01-18,2026-11-19,Approved
KYC0009353,CUS0009353,Tier1,Medium,False,2026-02-05,2026-10-15,Approved
KYC0009354,CUS0009354,Tier2,Low,False,2024-06-16,2026-08-22,Approved
KYC0009355,CUS0009355,Tier1,Medium,False,2026-03-29,2027-12-05,Approved
KYC0009356,CUS0009356,Tier1,Low,False,2024-03-08,2027-06-24,Approved
KYC0009357,CUS0009357,Tier2,Low,False,2025-03-30,2026-07-18,Approved
KYC0009358,CUS0009358,Tier1,Low,False,2024-07-29,2027-05-27,Approved
KYC0009359,CUS0009359,Tier2,Low,False,2025-10-21,2027-04-29,Approved
KYC0009360,CUS0009360,Tier1,Low,False,2024-09-15,2027-05-04,Approved
KYC0009361,CUS0009361,Tier1,Low,False,2025-04-20,2027-01-05,Pending
KYC0009362,CUS0009362,Tier1,Low,False,2026-02-21,2026-12-10,Approved
KYC0009363,CUS0009363,Tier2,Low,False,2024-12-19,2027-04-21,Approved
KYC0009364,CUS0009364,Tier2,Low,False,2024-12-10,2027-01-13,Approved
KYC0009365,CUS0009365,Tier1,Low,False,2024-08-10,2026-05-12,Approved
KYC0009366,CUS0009366,Tier1,Low,False,2024-11-14,2027-09-05,Approved
KYC0009367,CUS0009367,Tier1,Low,False,2025-03-01,2026-08-01,Approved
KYC0009368,CUS0009368,Tier1,Low,False,2025-04-19,2026-11-28,Approved
KYC0009369,CUS0009369,Tier2,Low,False,2025-03-25,2027-12-22,Approved
KYC0009370,CUS0009370,Tier2,Medium,False,2024-03-05,2026-12-07,Approved
KYC0009371,CUS0009371,Tier2,Low,False,2025-08-06,2027-11-23,Approved
KYC0009372,CUS0009372,Tier3,Low,False,2026-01-17,2026-11-14,Approved
KYC0009373,CUS0009373,Tier3,Low,False,2025-04-14,2026-10-20,Approved
KYC0009374,CUS0009374,Tier2,Low,False,2024-02-24,2026-08-24,Approved
KYC0009375,CUS0009375,Tier1,Medium,False,2026-04-19,2027-06-20,Approved
KYC0009376,CUS0009376,Tier2,Low,False,2024-02-22,2027-07-11,Approved
KYC0009377,CUS0009377,Tier2,Low,False,2024-08-11,2027-09-28,Approved
KYC0009378,CUS0009378,Tier2,Low,False,2025-04-15,2027-02-18,Approved
KYC0009379,CUS0009379,Tier3,Medium,False,2025-07-26,2027-05-22,Pending
KYC0009380,CUS0009380,Tier2,Low,False,2025-02-09,2026-10-24,Approved
KYC0009381,CUS0009381,Tier1,Low,False,2026-03-15,2026-05-09,Approved
KYC0009382,CUS0009382,Tier1,Low,False,2025-03-20,2026-12-01,Approved
KYC0009383,CUS0009383,Tier2,Low,False,2024-03-30,2026-05-25,Approved
KYC0009384,CUS0009384,Tier2,Low,False,2026-03-01,2026-06-21,Approved
KYC0009385,CUS0009385,Tier1,Low,False,2024-11-20,2027-06-30,Approved
KYC0009386,CUS0009386,Tier2,Low,False,2025-08-25,2026-08-20,Approved
KYC0009387,CUS0009387,Tier2,Low,False,2024-04-20,2027-01-16,Pending
KYC0009388,CUS0009388,Tier1,Low,False,2025-05-08,2027-11-10,Approved
KYC0009389,CUS0009389,Tier3,Low,False,2026-01-22,2026-11-22,Approved
KYC0009390,CUS0009390,Tier2,Low,False,2024-12-19,2026-05-30,Approved
KYC0009391,CUS0009391,Tier2,Low,False,2026-04-07,2026-09-06,Approved
KYC0009392,CUS0009392,Tier1,Medium,False,2025-05-10,2027-03-25,Approved
KYC0009393,CUS0009393,Tier2,Low,False,2025-03-24,2026-06-12,Approved
KYC0009394,CUS0009394,Tier1,Low,False,2024-11-04,2027-08-24,Approved
KYC0009395,CUS0009395,Tier1,Low,False,2024-02-25,2026-11-18,Approved
KYC0009396,CUS0009396,Tier1,High,False,2024-12-05,2027-06-25,Approved
KYC0009397,CUS0009397,Tier2,Low,False,2025-12-17,2027-08-11,Approved
KYC0009398,CUS0009398,Tier1,Low,False,2024-06-11,2027-06-21,Approved
KYC0009399,CUS0009399,Tier2,Low,False,2025-05-01,2027-02-04,Approved
KYC0009400,CUS0009400,Tier2,Medium,False,2024-08-26,2026-12-12,Approved
KYC0009401,CUS0009401,Tier1,Low,False,2025-08-17,2027-06-02,Approved
KYC0009402,CUS0009402,Tier2,Medium,False,2025-09-26,2026-11-17,Approved
KYC0009403,CUS0009403,Tier2,Low,False,2024-03-28,2026-10-09,Approved
KYC0009404,CUS0009404,Tier1,Low,False,2025-06-18,2026-07-02,Approved
KYC0009405,CUS0009405,Tier2,Low,False,2025-10-27,2027-12-26,Approved
KYC0009406,CUS0009406,Tier1,Medium,False,2024-04-01,2026-06-23,Approved
KYC0009407,CUS0009407,Tier1,Low,False,2025-08-30,2026-08-23,Approved
KYC0009408,CUS0009408,Tier1,Low,False,2025-01-10,2027-03-24,Approved
KYC0009409,CUS0009409,Tier1,Medium,False,2025-06-08,2026-10-02,Approved
KYC0009410,CUS0009410,Tier1,Low,False,2025-05-23,2027-10-10,Approved
KYC0009411,CUS0009411,Tier1,Low,False,2024-03-03,2026-06-09,Approved
KYC0009412,CUS0009412,Tier1,Low,False,2025-04-04,2027-07-15,Approved
KYC0009413,CUS0009413,Tier2,Low,False,2025-03-13,2026-12-12,Approved
KYC0009414,CUS0009414,Tier2,Low,False,2024-05-26,2027-09-05,Approved
KYC0009415,CUS0009415,Tier1,Low,False,2025-10-09,2026-12-18,Approved
KYC0009416,CUS0009416,Tier1,Low,False,2024-04-28,2026-10-09,Approved
KYC0009417,CUS0009417,Tier1,Low,False,2025-04-19,2027-07-17,Approved
KYC0009418,CUS0009418,Tier1,Low,False,2026-02-06,2026-08-03,Approved
KYC0009419,CUS0009419,Tier3,Low,False,2025-08-13,2026-05-22,Approved
KYC0009420,CUS0009420,Tier1,Low,False,2024-11-27,2027-08-22,Approved
KYC0009421,CUS0009421,Tier2,Medium,False,2025-03-22,2026-05-11,Rejected
KYC0009422,CUS0009422,Tier1,Low,False,2024-04-11,2027-10-23,Approved
KYC0009423,CUS0009423,Tier1,Low,False,2025-08-04,2026-09-12,Approved
KYC0009424,CUS0009424,Tier3,Low,False,2024-04-22,2026-12-01,Approved
KYC0009425,CUS0009425,Tier2,Low,False,2025-08-08,2026-11-05,Approved
KYC0009426,CUS0009426,Tier2,Low,False,2024-09-21,2027-01-25,Approved
KYC0009427,CUS0009427,Tier1,Low,False,2026-03-26,2026-12-07,Approved
KYC0009428,CUS0009428,Tier1,Medium,False,2025-02-22,2027-03-25,Pending
KYC0009429,CUS0009429,Tier3,Low,False,2025-06-17,2027-06-28,Approved
KYC0009430,CUS0009430,Tier2,Low,False,2024-02-18,2026-09-04,Approved
KYC0009431,CUS0009431,Tier3,Medium,False,2026-01-29,2027-09-14,Approved
KYC0009432,CUS0009432,Tier2,Low,False,2025-03-24,2026-06-18,Pending
KYC0009433,CUS0009433,Tier2,Low,False,2024-11-08,2026-10-26,Approved
KYC0009434,CUS0009434,Tier2,Low,False,2024-11-30,2026-11-01,Approved
KYC0009435,CUS0009435,Tier2,Low,False,2026-04-24,2026-10-05,Approved
KYC0009436,CUS0009436,Tier1,Low,False,2024-10-13,2026-06-06,Approved
KYC0009437,CUS0009437,Tier1,Low,False,2025-05-24,2026-11-15,Approved
KYC0009438,CUS0009438,Tier1,Medium,False,2026-02-04,2027-07-28,Approved
KYC0009439,CUS0009439,Tier3,Low,False,2025-08-09,2027-02-23,Approved
KYC0009440,CUS0009440,Tier2,Low,False,2025-05-21,2027-03-26,Approved
KYC0009441,CUS0009441,Tier3,High,False,2025-10-21,2026-08-08,Rejected
KYC0009442,CUS0009442,Tier1,Medium,False,2024-01-21,2026-06-13,Approved
KYC0009443,CUS0009443,Tier1,Low,False,2026-04-27,2027-03-28,Approved
KYC0009444,CUS0009444,Tier2,Low,False,2024-02-15,2026-08-10,Approved
KYC0009445,CUS0009445,Tier2,Low,False,2024-11-21,2027-11-15,Approved
KYC0009446,CUS0009446,Tier1,Low,False,2025-05-25,2027-06-22,Approved
KYC0009447,CUS0009447,Tier1,Low,False,2025-05-11,2027-08-08,Approved
KYC0009448,CUS0009448,Tier1,Medium,True,2025-10-14,2027-07-02,Approved
KYC0009449,CUS0009449,Tier1,Low,False,2025-11-01,2026-12-20,Approved
KYC0009450,CUS0009450,Tier1,Low,False,2025-10-01,2027-10-18,Approved
KYC0009451,CUS0009451,Tier2,Medium,False,2024-09-17,2026-07-03,Approved
KYC0009452,CUS0009452,Tier1,Low,False,2025-10-16,2027-07-27,Approved
KYC0009453,CUS0009453,Tier1,Medium,False,2025-07-25,2026-08-19,Approved
KYC0009454,CUS0009454,Tier1,Low,False,2025-02-18,2027-05-29,Pending
KYC0009455,CUS0009455,Tier2,Low,False,2024-02-07,2027-06-30,Approved
KYC0009456,CUS0009456,Tier1,Low,False,2024-02-14,2027-10-26,Approved
KYC0009457,CUS0009457,Tier1,Low,False,2025-01-01,2026-11-20,Pending
KYC0009458,CUS0009458,Tier1,Low,False,2025-11-26,2026-12-11,Approved
KYC0009459,CUS0009459,Tier1,Low,False,2025-10-26,2027-11-24,Approved
KYC0009460,CUS0009460,Tier2,Medium,False,2026-04-18,2027-03-30,Approved
KYC0009461,CUS0009461,Tier1,Medium,False,2025-01-21,2027-08-12,Approved
KYC0009462,CUS0009462,Tier1,Medium,False,2025-11-01,2027-12-25,Approved
KYC0009463,CUS0009463,Tier2,Low,False,2024-07-20,2027-02-19,Approved
KYC0009464,CUS0009464,Tier3,Low,False,2025-02-04,2027-04-22,Approved
KYC0009465,CUS0009465,Tier1,Low,False,2025-10-25,2026-05-06,Approved
KYC0009466,CUS0009466,Tier1,Medium,False,2024-08-15,2027-05-11,Approved
KYC0009467,CUS0009467,Tier2,Low,False,2026-04-27,2026-05-25,Approved
KYC0009468,CUS0009468,Tier1,Low,False,2025-08-26,2026-10-04,Approved
KYC0009469,CUS0009469,Tier1,Low,False,2024-05-22,2026-11-04,Approved
KYC0009470,CUS0009470,Tier3,Low,False,2024-03-08,2026-10-16,Approved
KYC0009471,CUS0009471,Tier2,Low,False,2025-12-20,2026-06-12,Approved
KYC0009472,CUS0009472,Tier3,Medium,False,2025-01-14,2027-08-04,Pending
KYC0009473,CUS0009473,Tier1,Low,False,2024-01-30,2026-10-20,Approved
KYC0009474,CUS0009474,Tier1,Medium,False,2025-10-14,2027-05-23,Approved
KYC0009475,CUS0009475,Tier1,Low,False,2024-04-21,2027-05-27,Approved
KYC0009476,CUS0009476,Tier1,Low,False,2024-07-25,2026-08-18,Approved
KYC0009477,CUS0009477,Tier1,Low,False,2024-06-07,2026-10-02,Approved
KYC0009478,CUS0009478,Tier3,Low,False,2024-08-21,2027-10-05,Approved
KYC0009479,CUS0009479,Tier2,Low,False,2026-01-16,2026-09-29,Approved
KYC0009480,CUS0009480,Tier2,High,False,2024-09-07,2026-09-06,Approved
KYC0009481,CUS0009481,Tier1,Low,False,2025-03-24,2026-06-19,Approved
KYC0009482,CUS0009482,Tier2,Low,False,2026-03-05,2026-09-21,Approved
KYC0009483,CUS0009483,Tier2,Low,False,2025-02-10,2027-02-04,Approved
KYC0009484,CUS0009484,Tier2,Low,False,2025-02-26,2027-01-06,Approved
KYC0009485,CUS0009485,Tier1,Low,False,2024-10-08,2026-10-30,Rejected
KYC0009486,CUS0009486,Tier1,Low,False,2025-09-14,2027-11-30,Approved
KYC0009487,CUS0009487,Tier1,Low,False,2024-09-25,2027-11-02,Approved
KYC0009488,CUS0009488,Tier1,Low,False,2024-08-07,2027-02-01,Approved
KYC0009489,CUS0009489,Tier2,Medium,False,2024-01-29,2027-09-10,Approved
KYC0009490,CUS0009490,Tier2,Low,False,2026-04-19,2026-12-12,Approved
KYC0009491,CUS0009491,Tier3,Low,False,2025-03-11,2027-06-24,Approved
KYC0009492,CUS0009492,Tier2,Medium,False,2025-12-02,2027-12-11,Approved
KYC0009493,CUS0009493,Tier1,Medium,False,2024-10-18,2026-12-17,Approved
KYC0009494,CUS0009494,Tier2,Low,False,2024-03-08,2027-08-08,Approved
KYC0009495,CUS0009495,Tier1,Medium,False,2024-09-23,2027-12-14,Approved
KYC0009496,CUS0009496,Tier2,Low,False,2025-06-07,2026-09-15,Approved
KYC0009497,CUS0009497,Tier1,Low,False,2024-09-24,2027-05-26,Approved
KYC0009498,CUS0009498,Tier1,Low,False,2026-01-27,2026-06-29,Approved
KYC0009499,CUS0009499,Tier1,Medium,False,2024-06-04,2027-11-26,Approved
KYC0009500,CUS0009500,Tier1,Low,False,2025-03-27,2027-07-06,Approved
KYC0009501,CUS0009501,Tier1,Low,False,2025-07-30,2026-06-18,Approved
KYC0009502,CUS0009502,Tier2,Low,False,2024-05-28,2027-07-10,Approved
KYC0009503,CUS0009503,Tier1,Low,False,2024-10-26,2026-09-08,Approved
KYC0009504,CUS0009504,Tier2,Low,False,2026-01-27,2027-07-10,Approved
KYC0009505,CUS0009505,Tier2,Low,False,2024-04-30,2026-10-25,Approved
KYC0009506,CUS0009506,Tier1,Medium,False,2026-01-15,2026-06-18,Approved
KYC0009507,CUS0009507,Tier2,Low,False,2026-03-01,2027-12-08,Approved
KYC0009508,CUS0009508,Tier3,Low,False,2024-03-11,2027-04-18,Approved
KYC0009509,CUS0009509,Tier2,Low,False,2024-05-16,2027-05-28,Approved
KYC0009510,CUS0009510,Tier2,Low,False,2024-01-30,2026-05-29,Approved
KYC0009511,CUS0009511,Tier2,Medium,False,2026-01-13,2026-10-16,Approved
KYC0009512,CUS0009512,Tier1,Low,False,2026-02-19,2027-12-10,Approved
KYC0009513,CUS0009513,Tier1,Low,False,2026-02-08,2026-08-04,Approved
KYC0009514,CUS0009514,Tier3,Low,False,2026-03-02,2027-04-12,Approved
KYC0009515,CUS0009515,Tier2,Low,False,2024-03-14,2027-12-15,Approved
KYC0009516,CUS0009516,Tier1,Low,False,2025-10-31,2027-05-08,Approved
KYC0009517,CUS0009517,Tier2,Low,False,2024-06-10,2027-08-29,Approved
KYC0009518,CUS0009518,Tier1,Low,False,2024-11-29,2026-05-28,Approved
KYC0009519,CUS0009519,Tier1,Medium,False,2025-05-02,2027-11-26,Approved
KYC0009520,CUS0009520,Tier1,Low,False,2026-02-05,2026-06-01,Approved
KYC0009521,CUS0009521,Tier1,Low,False,2025-01-25,2026-06-28,Pending
KYC0009522,CUS0009522,Tier3,Low,False,2025-09-21,2026-10-25,Approved
KYC0009523,CUS0009523,Tier1,Low,False,2025-09-08,2026-06-29,Approved
KYC0009524,CUS0009524,Tier1,Medium,False,2024-04-05,2027-05-11,Approved
KYC0009525,CUS0009525,Tier2,Low,False,2025-07-12,2026-11-18,Approved
KYC0009526,CUS0009526,Tier3,Low,False,2024-11-12,2027-03-13,Approved
KYC0009527,CUS0009527,Tier1,Medium,False,2024-08-27,2026-06-18,Approved
KYC0009528,CUS0009528,Tier2,Low,False,2025-10-03,2027-05-01,Pending
KYC0009529,CUS0009529,Tier1,Medium,False,2024-04-16,2027-10-10,Approved
KYC0009530,CUS0009530,Tier1,Low,False,2024-11-06,2027-06-24,Approved
KYC0009531,CUS0009531,Tier2,Low,False,2024-01-22,2027-11-25,Approved
KYC0009532,CUS0009532,Tier2,Medium,False,2025-10-14,2026-05-22,Approved
KYC0009533,CUS0009533,Tier2,Medium,False,2025-05-26,2027-06-20,Approved
KYC0009534,CUS0009534,Tier2,Low,False,2025-05-11,2026-10-19,Approved
KYC0009535,CUS0009535,Tier1,Medium,False,2024-04-20,2027-07-12,Approved
KYC0009536,CUS0009536,Tier2,Low,False,2025-06-08,2026-12-14,Pending
KYC0009537,CUS0009537,Tier3,Low,False,2024-09-22,2026-06-22,Pending
KYC0009538,CUS0009538,Tier1,Low,False,2024-12-25,2026-07-08,Approved
KYC0009539,CUS0009539,Tier1,Low,False,2024-04-10,2027-05-22,Approved
KYC0009540,CUS0009540,Tier2,Low,False,2024-05-15,2027-06-25,Approved
KYC0009541,CUS0009541,Tier3,Low,False,2026-01-19,2026-09-25,Approved
KYC0009542,CUS0009542,Tier2,Low,False,2024-10-16,2027-04-13,Rejected
KYC0009543,CUS0009543,Tier1,Low,False,2024-03-09,2027-09-17,Approved
KYC0009544,CUS0009544,Tier3,Low,False,2025-08-27,2026-10-29,Approved
KYC0009545,CUS0009545,Tier2,Low,False,2024-11-22,2026-09-10,Approved
KYC0009546,CUS0009546,Tier2,Low,False,2025-07-11,2026-10-30,Approved
KYC0009547,CUS0009547,Tier2,Low,False,2025-07-10,2026-06-15,Pending
KYC0009548,CUS0009548,Tier1,Medium,False,2025-06-20,2027-07-29,Approved
KYC0009549,CUS0009549,Tier1,Medium,False,2026-03-08,2027-03-28,Approved
KYC0009550,CUS0009550,Tier2,Low,False,2026-03-19,2026-08-03,Approved
KYC0009551,CUS0009551,Tier3,Low,False,2025-12-02,2027-12-26,Approved
KYC0009552,CUS0009552,Tier2,Low,False,2025-08-10,2026-10-08,Approved
KYC0009553,CUS0009553,Tier1,Low,False,2024-10-26,2026-09-05,Approved
KYC0009554,CUS0009554,Tier3,Medium,False,2024-02-07,2026-09-22,Approved
KYC0009555,CUS0009555,Tier3,Medium,False,2026-04-24,2026-07-12,Approved
KYC0009556,CUS0009556,Tier1,High,False,2025-12-14,2026-11-01,Approved
KYC0009557,CUS0009557,Tier1,Low,False,2025-02-14,2026-11-27,Approved
KYC0009558,CUS0009558,Tier3,Low,False,2026-04-10,2027-11-05,Approved
KYC0009559,CUS0009559,Tier1,Medium,False,2024-10-14,2026-11-01,Approved
KYC0009560,CUS0009560,Tier2,Medium,False,2026-01-23,2026-05-02,Approved
KYC0009561,CUS0009561,Tier1,Low,False,2026-03-03,2027-03-08,Approved
KYC0009562,CUS0009562,Tier2,Low,False,2025-04-02,2027-07-20,Approved
KYC0009563,CUS0009563,Tier1,Low,False,2025-12-04,2026-10-28,Approved
KYC0009564,CUS0009564,Tier2,Low,False,2024-06-04,2027-08-15,Approved
KYC0009565,CUS0009565,Tier1,Low,False,2024-05-25,2027-09-30,Approved
KYC0009566,CUS0009566,Tier2,Medium,True,2024-01-12,2026-07-12,Approved
KYC0009567,CUS0009567,Tier2,Low,False,2025-04-20,2027-02-25,Approved
KYC0009568,CUS0009568,Tier2,Medium,False,2025-05-23,2026-06-14,Approved
KYC0009569,CUS0009569,Tier2,Low,False,2024-12-27,2027-04-23,Approved
KYC0009570,CUS0009570,Tier2,Medium,False,2025-12-04,2027-06-22,Approved
KYC0009571,CUS0009571,Tier2,Low,False,2025-02-27,2026-07-30,Approved
KYC0009572,CUS0009572,Tier2,Low,False,2025-02-02,2027-03-05,Approved
KYC0009573,CUS0009573,Tier1,Medium,False,2025-05-31,2027-06-16,Approved
KYC0009574,CUS0009574,Tier2,Low,False,2025-07-10,2027-02-13,Approved
KYC0009575,CUS0009575,Tier1,Low,False,2024-12-04,2026-08-14,Approved
KYC0009576,CUS0009576,Tier1,Low,False,2024-08-04,2027-01-22,Approved
KYC0009577,CUS0009577,Tier1,Low,False,2026-01-25,2026-05-20,Approved
KYC0009578,CUS0009578,Tier2,Low,False,2024-07-04,2026-12-21,Approved
KYC0009579,CUS0009579,Tier1,Medium,True,2025-06-10,2027-06-24,Approved
KYC0009580,CUS0009580,Tier1,Low,False,2026-04-08,2027-11-09,Approved
KYC0009581,CUS0009581,Tier1,Low,False,2024-10-31,2027-12-03,Approved
KYC0009582,CUS0009582,Tier2,Low,False,2025-05-06,2027-07-04,Approved
KYC0009583,CUS0009583,Tier2,Medium,False,2024-04-27,2026-07-08,Approved
KYC0009584,CUS0009584,Tier1,Low,False,2024-10-21,2026-05-12,Approved
KYC0009585,CUS0009585,Tier1,Low,False,2025-01-18,2027-02-13,Approved
KYC0009586,CUS0009586,Tier1,Low,False,2024-04-12,2026-06-25,Approved
KYC0009587,CUS0009587,Tier1,Low,False,2024-02-13,2027-09-05,Approved
KYC0009588,CUS0009588,Tier1,Medium,False,2025-09-27,2026-09-09,Approved
KYC0009589,CUS0009589,Tier2,Medium,False,2025-01-31,2027-08-22,Approved
KYC0009590,CUS0009590,Tier2,Low,False,2025-11-27,2027-04-27,Approved
KYC0009591,CUS0009591,Tier2,Low,False,2025-05-04,2027-02-07,Approved
KYC0009592,CUS0009592,Tier1,Low,False,2024-08-22,2027-07-19,Approved
KYC0009593,CUS0009593,Tier2,Low,False,2024-03-16,2027-06-28,Approved
KYC0009594,CUS0009594,Tier2,Medium,False,2024-08-07,2027-05-10,Approved
KYC0009595,CUS0009595,Tier1,Low,False,2025-01-05,2027-08-21,Approved
KYC0009596,CUS0009596,Tier2,Medium,False,2025-04-11,2026-09-01,Approved
KYC0009597,CUS0009597,Tier2,Low,False,2026-01-13,2027-03-25,Approved
KYC0009598,CUS0009598,Tier2,Low,False,2025-06-03,2026-05-01,Approved
KYC0009599,CUS0009599,Tier2,Low,False,2025-01-11,2027-10-06,Approved
KYC0009600,CUS0009600,Tier3,Medium,False,2024-07-31,2026-10-27,Approved
KYC0009601,CUS0009601,Tier2,Low,False,2024-07-15,2027-12-11,Approved
KYC0009602,CUS0009602,Tier1,Low,False,2025-07-19,2026-06-28,Approved
KYC0009603,CUS0009603,Tier2,Low,False,2024-08-31,2026-10-24,Approved
KYC0009604,CUS0009604,Tier1,Low,False,2026-03-29,2027-12-08,Approved
KYC0009605,CUS0009605,Tier2,Medium,False,2024-09-23,2027-08-26,Approved
KYC0009606,CUS0009606,Tier1,Medium,False,2025-08-08,2026-06-19,Approved
KYC0009607,CUS0009607,Tier3,Low,False,2025-01-14,2027-09-23,Approved
KYC0009608,CUS0009608,Tier2,Low,False,2025-08-17,2027-05-21,Approved
KYC0009609,CUS0009609,Tier1,Low,False,2024-05-18,2027-04-24,Approved
KYC0009610,CUS0009610,Tier2,Low,False,2024-12-06,2026-12-14,Approved
KYC0009611,CUS0009611,Tier1,Medium,False,2025-01-26,2027-11-24,Approved
KYC0009612,CUS0009612,Tier2,Low,False,2025-08-17,2027-03-30,Approved
KYC0009613,CUS0009613,Tier2,Low,False,2025-06-15,2027-08-17,Approved
KYC0009614,CUS0009614,Tier2,High,False,2024-10-02,2027-06-29,Approved
KYC0009615,CUS0009615,Tier2,Low,False,2026-01-28,2026-06-28,Approved
KYC0009616,CUS0009616,Tier1,Low,False,2026-03-25,2027-05-01,Approved
KYC0009617,CUS0009617,Tier1,Low,False,2024-05-21,2027-08-24,Approved
KYC0009618,CUS0009618,Tier1,Low,False,2025-02-16,2026-12-25,Approved
KYC0009619,CUS0009619,Tier2,Low,False,2026-01-17,2027-02-22,Approved
KYC0009620,CUS0009620,Tier2,Low,False,2024-07-09,2027-11-01,Approved
KYC0009621,CUS0009621,Tier1,Low,False,2024-03-17,2027-02-08,Approved
KYC0009622,CUS0009622,Tier3,Low,False,2025-11-10,2027-04-10,Approved
KYC0009623,CUS0009623,Tier1,Medium,False,2024-05-08,2027-08-24,Approved
KYC0009624,CUS0009624,Tier1,Low,False,2025-08-28,2026-08-09,Approved
KYC0009625,CUS0009625,Tier2,Low,False,2025-10-03,2027-07-30,Approved
KYC0009626,CUS0009626,Tier3,Low,False,2024-05-17,2027-11-19,Approved
KYC0009627,CUS0009627,Tier3,Medium,False,2026-04-30,2027-04-27,Approved
KYC0009628,CUS0009628,Tier1,Medium,False,2025-10-04,2027-04-07,Approved
KYC0009629,CUS0009629,Tier1,Low,False,2025-06-20,2027-06-22,Approved
KYC0009630,CUS0009630,Tier1,Low,False,2025-08-02,2026-12-31,Approved
KYC0009631,CUS0009631,Tier1,Low,False,2026-02-11,2026-05-17,Approved
KYC0009632,CUS0009632,Tier1,Low,False,2025-03-19,2027-06-22,Rejected
KYC0009633,CUS0009633,Tier2,Low,False,2025-11-11,2027-09-25,Approved
KYC0009634,CUS0009634,Tier1,Medium,False,2025-09-12,2027-08-22,Approved
KYC0009635,CUS0009635,Tier1,Low,False,2025-10-02,2026-08-30,Approved
KYC0009636,CUS0009636,Tier3,Low,False,2025-12-11,2026-11-15,Approved
KYC0009637,CUS0009637,Tier2,Low,False,2025-02-03,2027-03-04,Approved
KYC0009638,CUS0009638,Tier3,Medium,False,2024-03-17,2026-10-11,Approved
KYC0009639,CUS0009639,Tier2,Low,False,2024-05-16,2026-10-21,Approved
KYC0009640,CUS0009640,Tier1,Medium,False,2025-05-25,2027-10-24,Approved
KYC0009641,CUS0009641,Tier2,Medium,False,2026-04-29,2027-02-08,Approved
KYC0009642,CUS0009642,Tier1,Low,False,2025-08-18,2027-12-12,Approved
KYC0009643,CUS0009643,Tier1,Medium,False,2025-03-11,2026-12-11,Approved
KYC0009644,CUS0009644,Tier2,Medium,False,2024-10-24,2027-08-27,Approved
KYC0009645,CUS0009645,Tier2,Medium,False,2025-03-16,2027-02-22,Pending
KYC0009646,CUS0009646,Tier1,Low,False,2025-06-06,2027-06-23,Approved
KYC0009647,CUS0009647,Tier2,Low,False,2024-10-29,2026-06-21,Approved
KYC0009648,CUS0009648,Tier2,Medium,False,2024-09-11,2027-04-11,Approved
KYC0009649,CUS0009649,Tier2,Low,False,2025-08-14,2027-11-10,Approved
KYC0009650,CUS0009650,Tier2,High,False,2025-01-25,2027-04-14,Approved
KYC0009651,CUS0009651,Tier2,Low,False,2026-03-07,2026-08-03,Approved
KYC0009652,CUS0009652,Tier1,High,False,2026-02-14,2027-03-21,Approved
KYC0009653,CUS0009653,Tier1,Low,False,2025-09-19,2026-07-06,Approved
KYC0009654,CUS0009654,Tier3,Medium,False,2026-01-19,2027-11-10,Approved
KYC0009655,CUS0009655,Tier1,Medium,False,2024-10-10,2026-12-02,Approved
KYC0009656,CUS0009656,Tier2,Low,False,2024-01-21,2027-12-20,Approved
KYC0009657,CUS0009657,Tier2,Low,False,2024-06-01,2027-04-08,Approved
KYC0009658,CUS0009658,Tier1,Low,False,2025-08-02,2026-07-18,Approved
KYC0009659,CUS0009659,Tier3,Low,False,2024-04-10,2027-01-21,Approved
KYC0009660,CUS0009660,Tier2,Low,False,2025-06-30,2027-03-28,Approved
KYC0009661,CUS0009661,Tier1,High,False,2025-01-11,2027-02-12,Approved
KYC0009662,CUS0009662,Tier1,Low,False,2025-11-15,2027-05-29,Approved
KYC0009663,CUS0009663,Tier1,Medium,False,2026-01-24,2027-05-23,Approved
KYC0009664,CUS0009664,Tier2,Low,False,2026-04-10,2027-07-20,Approved
KYC0009665,CUS0009665,Tier1,Low,False,2024-12-28,2027-07-15,Approved
KYC0009666,CUS0009666,Tier2,Low,False,2024-04-03,2027-10-20,Approved
KYC0009667,CUS0009667,Tier1,Low,False,2025-10-17,2027-06-24,Approved
KYC0009668,CUS0009668,Tier2,Low,False,2024-09-12,2026-11-15,Approved
KYC0009669,CUS0009669,Tier2,Low,False,2024-11-28,2027-11-03,Approved
KYC0009670,CUS0009670,Tier2,Medium,False,2024-02-28,2026-07-07,Approved
KYC0009671,CUS0009671,Tier3,Low,False,2025-06-15,2027-01-28,Approved
KYC0009672,CUS0009672,Tier1,Low,False,2025-09-07,2027-11-02,Approved
KYC0009673,CUS0009673,Tier3,Medium,False,2024-06-11,2027-08-07,Approved
KYC0009674,CUS0009674,Tier2,High,False,2025-11-11,2026-12-22,Approved
KYC0009675,CUS0009675,Tier1,Medium,False,2025-01-12,2027-11-05,Approved
KYC0009676,CUS0009676,Tier1,Low,False,2026-03-12,2026-09-16,Approved
KYC0009677,CUS0009677,Tier2,Low,False,2024-12-13,2027-07-21,Approved
KYC0009678,CUS0009678,Tier3,Low,False,2025-08-18,2027-10-27,Approved
KYC0009679,CUS0009679,Tier2,Low,False,2026-01-29,2026-10-13,Approved
KYC0009680,CUS0009680,Tier1,Low,False,2026-01-21,2026-06-14,Approved
KYC0009681,CUS0009681,Tier1,Medium,False,2025-02-02,2027-11-22,Approved
KYC0009682,CUS0009682,Tier2,Low,False,2024-02-27,2027-04-23,Approved
KYC0009683,CUS0009683,Tier2,Low,False,2024-08-17,2027-02-17,Approved
KYC0009684,CUS0009684,Tier2,Low,False,2024-03-23,2026-09-20,Approved
KYC0009685,CUS0009685,Tier1,Low,False,2024-05-19,2026-12-20,Pending
KYC0009686,CUS0009686,Tier2,Low,False,2024-07-28,2026-09-30,Approved
KYC0009687,CUS0009687,Tier2,Low,False,2025-12-11,2027-01-06,Approved
KYC0009688,CUS0009688,Tier1,Low,False,2024-07-24,2026-08-03,Approved
KYC0009689,CUS0009689,Tier1,Low,False,2025-08-29,2027-12-25,Approved
KYC0009690,CUS0009690,Tier2,Low,False,2025-02-05,2027-04-08,Approved
KYC0009691,CUS0009691,Tier2,Low,False,2025-04-06,2027-08-20,Approved
KYC0009692,CUS0009692,Tier2,Medium,False,2025-05-14,2027-06-22,Approved
KYC0009693,CUS0009693,Tier3,Low,False,2025-11-25,2027-05-08,Approved
KYC0009694,CUS0009694,Tier1,Low,False,2024-10-16,2026-05-06,Approved
KYC0009695,CUS0009695,Tier1,Low,False,2024-09-27,2027-12-26,Approved
KYC0009696,CUS0009696,Tier1,Low,False,2025-04-13,2027-10-22,Approved
KYC0009697,CUS0009697,Tier1,Low,False,2025-01-19,2027-05-26,Approved
KYC0009698,CUS0009698,Tier3,Low,False,2025-10-09,2026-08-29,Approved
KYC0009699,CUS0009699,Tier2,Low,False,2026-01-25,2027-05-29,Approved
KYC0009700,CUS0009700,Tier1,Low,False,2024-04-27,2026-06-19,Approved
KYC0009701,CUS0009701,Tier3,Low,False,2024-10-02,2027-08-17,Approved
KYC0009702,CUS0009702,Tier2,Low,False,2025-06-27,2026-10-19,Approved
KYC0009703,CUS0009703,Tier2,Low,False,2025-01-08,2027-01-09,Approved
KYC0009704,CUS0009704,Tier2,Low,False,2024-04-28,2027-09-03,Approved
KYC0009705,CUS0009705,Tier1,Low,False,2024-01-11,2027-08-07,Approved
KYC0009706,CUS0009706,Tier1,Low,False,2024-04-05,2026-10-24,Approved
KYC0009707,CUS0009707,Tier2,Low,False,2024-02-07,2027-04-13,Approved
KYC0009708,CUS0009708,Tier1,Medium,False,2026-04-01,2027-05-14,Approved
KYC0009709,CUS0009709,Tier3,Low,True,2024-07-02,2027-11-02,Approved
KYC0009710,CUS0009710,Tier1,Low,False,2025-08-08,2027-03-28,Approved
KYC0009711,CUS0009711,Tier1,Medium,False,2024-04-17,2026-09-22,Approved
KYC0009712,CUS0009712,Tier3,Low,False,2024-11-05,2027-10-04,Approved
KYC0009713,CUS0009713,Tier1,High,False,2025-10-28,2027-04-07,Approved
KYC0009714,CUS0009714,Tier2,Low,False,2025-09-03,2026-10-17,Approved
KYC0009715,CUS0009715,Tier2,Medium,False,2025-11-01,2027-12-16,Approved
KYC0009716,CUS0009716,Tier2,Low,False,2025-11-07,2026-11-01,Approved
KYC0009717,CUS0009717,Tier1,Low,False,2024-07-13,2026-08-03,Approved
KYC0009718,CUS0009718,Tier1,Low,False,2025-02-16,2027-08-21,Approved
KYC0009719,CUS0009719,Tier3,Low,False,2025-02-02,2027-12-26,Approved
KYC0009720,CUS0009720,Tier2,Low,False,2026-03-22,2026-11-22,Approved
KYC0009721,CUS0009721,Tier3,Low,False,2024-02-22,2027-12-04,Approved
KYC0009722,CUS0009722,Tier2,Low,False,2025-07-04,2026-05-16,Approved
KYC0009723,CUS0009723,Tier1,Medium,False,2024-06-25,2027-04-17,Approved
KYC0009724,CUS0009724,Tier1,Low,False,2024-06-05,2026-09-18,Approved
KYC0009725,CUS0009725,Tier1,Low,False,2025-02-10,2027-10-03,Approved
KYC0009726,CUS0009726,Tier2,Low,False,2025-01-07,2027-08-12,Approved
KYC0009727,CUS0009727,Tier2,High,False,2025-04-23,2026-07-15,Approved
KYC0009728,CUS0009728,Tier1,Low,False,2025-03-14,2026-10-19,Approved
KYC0009729,CUS0009729,Tier2,Low,False,2024-04-03,2026-09-01,Approved
KYC0009730,CUS0009730,Tier2,Low,False,2025-11-21,2026-11-26,Approved
KYC0009731,CUS0009731,Tier1,Low,False,2024-04-08,2027-10-17,Approved
KYC0009732,CUS0009732,Tier1,Low,False,2025-08-24,2027-07-30,Approved
KYC0009733,CUS0009733,Tier2,Medium,False,2024-10-12,2027-09-14,Approved
KYC0009734,CUS0009734,Tier2,Medium,False,2025-05-14,2026-05-10,Approved
KYC0009735,CUS0009735,Tier2,Low,False,2024-09-09,2027-02-07,Approved
KYC0009736,CUS0009736,Tier3,High,False,2024-11-23,2027-10-26,Approved
KYC0009737,CUS0009737,Tier2,Low,False,2025-03-23,2027-09-04,Approved
KYC0009738,CUS0009738,Tier2,Low,False,2024-10-15,2027-08-22,Approved
KYC0009739,CUS0009739,Tier2,Medium,False,2024-06-16,2026-11-22,Approved
KYC0009740,CUS0009740,Tier2,Low,False,2024-06-23,2027-09-28,Approved
KYC0009741,CUS0009741,Tier2,Medium,False,2025-06-08,2027-09-25,Approved
KYC0009742,CUS0009742,Tier2,Low,False,2025-10-12,2026-09-05,Approved
KYC0009743,CUS0009743,Tier2,High,False,2025-10-10,2026-10-11,Approved
KYC0009744,CUS0009744,Tier1,High,False,2025-06-19,2027-12-05,Approved
KYC0009745,CUS0009745,Tier3,Low,False,2025-09-05,2027-06-20,Approved
KYC0009746,CUS0009746,Tier1,Medium,False,2026-03-10,2027-11-15,Approved
KYC0009747,CUS0009747,Tier1,Low,False,2025-11-25,2026-10-25,Approved
KYC0009748,CUS0009748,Tier2,Medium,False,2025-06-14,2026-10-15,Approved
KYC0009749,CUS0009749,Tier1,Low,False,2024-11-19,2027-01-11,Approved
KYC0009750,CUS0009750,Tier2,Medium,False,2025-04-04,2026-10-22,Approved
KYC0009751,CUS0009751,Tier1,Low,False,2025-02-09,2027-02-15,Pending
KYC0009752,CUS0009752,Tier2,Medium,False,2024-01-10,2027-11-23,Approved
KYC0009753,CUS0009753,Tier1,Low,False,2025-02-04,2026-08-30,Approved
KYC0009754,CUS0009754,Tier2,Medium,False,2025-02-08,2026-05-13,Approved
KYC0009755,CUS0009755,Tier1,Medium,False,2025-06-06,2027-02-21,Approved
KYC0009756,CUS0009756,Tier3,Low,False,2025-10-21,2027-12-10,Approved
KYC0009757,CUS0009757,Tier1,Low,False,2026-04-02,2026-08-01,Approved
KYC0009758,CUS0009758,Tier1,Low,False,2025-04-06,2027-12-03,Approved
KYC0009759,CUS0009759,Tier2,Low,False,2025-03-23,2026-11-09,Approved
KYC0009760,CUS0009760,Tier1,Medium,False,2024-06-12,2027-07-23,Approved
KYC0009761,CUS0009761,Tier1,Low,False,2024-04-30,2027-01-27,Approved
KYC0009762,CUS0009762,Tier2,Medium,False,2024-09-13,2027-05-29,Approved
KYC0009763,CUS0009763,Tier2,Low,False,2024-07-30,2026-05-04,Approved
KYC0009764,CUS0009764,Tier2,Low,False,2026-02-13,2026-05-09,Pending
KYC0009765,CUS0009765,Tier2,Medium,False,2025-11-24,2026-08-19,Approved
KYC0009766,CUS0009766,Tier2,Low,False,2024-04-03,2026-08-17,Approved
KYC0009767,CUS0009767,Tier2,Low,False,2024-01-02,2026-07-23,Approved
KYC0009768,CUS0009768,Tier2,Medium,False,2025-03-27,2026-12-10,Approved
KYC0009769,CUS0009769,Tier1,Medium,False,2024-02-27,2027-07-08,Approved
KYC0009770,CUS0009770,Tier2,Low,False,2024-07-17,2026-11-27,Approved
KYC0009771,CUS0009771,Tier2,Low,False,2024-05-23,2027-03-30,Approved
KYC0009772,CUS0009772,Tier1,High,False,2026-02-10,2027-05-03,Approved
KYC0009773,CUS0009773,Tier2,Low,False,2024-03-01,2026-07-15,Approved
KYC0009774,CUS0009774,Tier3,Medium,False,2025-01-23,2027-08-03,Approved
KYC0009775,CUS0009775,Tier1,Low,False,2024-08-23,2027-09-29,Approved
KYC0009776,CUS0009776,Tier2,Medium,False,2024-03-03,2027-11-16,Approved
KYC0009777,CUS0009777,Tier1,Medium,False,2025-06-11,2027-09-29,Approved
KYC0009778,CUS0009778,Tier1,High,False,2025-03-08,2027-10-25,Approved
KYC0009779,CUS0009779,Tier2,Low,False,2024-11-08,2026-06-26,Approved
KYC0009780,CUS0009780,Tier2,Low,False,2024-06-26,2027-04-25,Approved
KYC0009781,CUS0009781,Tier1,High,False,2024-05-11,2027-09-07,Approved
KYC0009782,CUS0009782,Tier1,Low,False,2024-06-24,2027-06-14,Approved
KYC0009783,CUS0009783,Tier2,Low,False,2025-10-20,2026-08-01,Approved
KYC0009784,CUS0009784,Tier3,Medium,False,2025-02-10,2026-07-02,Approved
KYC0009785,CUS0009785,Tier2,Medium,False,2024-01-04,2027-04-05,Approved
KYC0009786,CUS0009786,Tier1,Low,False,2025-08-28,2027-04-25,Approved
KYC0009787,CUS0009787,Tier1,Low,False,2026-04-08,2027-02-08,Approved
KYC0009788,CUS0009788,Tier1,Low,False,2024-04-02,2027-12-16,Approved
KYC0009789,CUS0009789,Tier2,Low,False,2025-07-26,2027-07-16,Approved
KYC0009790,CUS0009790,Tier1,Medium,False,2024-08-13,2027-09-10,Approved
KYC0009791,CUS0009791,Tier1,Low,False,2025-11-22,2027-01-13,Approved
KYC0009792,CUS0009792,Tier1,Low,False,2025-05-29,2027-01-09,Approved
KYC0009793,CUS0009793,Tier1,Low,False,2026-01-09,2027-01-23,Approved
KYC0009794,CUS0009794,Tier1,Low,False,2025-05-24,2027-12-09,Approved
KYC0009795,CUS0009795,Tier1,Medium,False,2025-04-10,2027-07-05,Rejected
KYC0009796,CUS0009796,Tier2,Medium,False,2025-05-03,2027-06-23,Approved
KYC0009797,CUS0009797,Tier1,Low,False,2026-03-08,2026-06-04,Approved
KYC0009798,CUS0009798,Tier3,Low,False,2026-03-16,2026-08-25,Approved
KYC0009799,CUS0009799,Tier2,Medium,False,2024-11-05,2026-07-31,Approved
KYC0009800,CUS0009800,Tier3,Medium,False,2025-03-08,2027-11-16,Approved
KYC0009801,CUS0009801,Tier1,Medium,False,2024-12-27,2027-04-09,Approved
KYC0009802,CUS0009802,Tier1,Low,False,2024-12-08,2027-08-08,Approved
KYC0009803,CUS0009803,Tier2,Medium,False,2025-06-11,2026-12-25,Approved
KYC0009804,CUS0009804,Tier1,Medium,False,2024-12-25,2027-11-09,Approved
KYC0009805,CUS0009805,Tier1,Low,False,2025-09-22,2026-12-28,Approved
KYC0009806,CUS0009806,Tier1,Low,False,2025-12-12,2027-11-24,Approved
KYC0009807,CUS0009807,Tier2,Medium,False,2024-05-01,2027-01-19,Rejected
KYC0009808,CUS0009808,Tier2,Low,False,2024-05-11,2027-01-13,Approved
KYC0009809,CUS0009809,Tier2,Low,False,2025-09-26,2027-07-31,Approved
KYC0009810,CUS0009810,Tier1,Low,False,2025-09-20,2026-12-27,Pending
KYC0009811,CUS0009811,Tier2,Low,False,2025-05-31,2027-03-27,Approved
KYC0009812,CUS0009812,Tier1,Low,False,2024-03-16,2026-11-02,Approved
KYC0009813,CUS0009813,Tier2,Low,False,2024-09-24,2027-04-28,Approved
KYC0009814,CUS0009814,Tier3,Low,False,2024-06-01,2027-06-28,Approved
KYC0009815,CUS0009815,Tier2,Low,False,2026-01-15,2027-06-17,Approved
KYC0009816,CUS0009816,Tier1,Low,False,2024-03-03,2027-10-23,Approved
KYC0009817,CUS0009817,Tier2,Low,False,2024-01-07,2026-09-05,Approved
KYC0009818,CUS0009818,Tier2,Low,False,2025-03-18,2027-07-02,Approved
KYC0009819,CUS0009819,Tier2,Low,False,2026-02-25,2027-09-08,Approved
KYC0009820,CUS0009820,Tier1,Low,False,2025-09-07,2026-10-09,Approved
KYC0009821,CUS0009821,Tier1,Low,False,2025-03-24,2027-11-17,Pending
KYC0009822,CUS0009822,Tier1,Low,False,2024-11-13,2026-07-10,Approved
KYC0009823,CUS0009823,Tier1,Low,False,2024-09-07,2027-08-24,Approved
KYC0009824,CUS0009824,Tier2,Low,False,2025-07-21,2027-01-21,Approved
KYC0009825,CUS0009825,Tier2,Medium,False,2025-12-02,2027-08-02,Approved
KYC0009826,CUS0009826,Tier2,High,False,2026-03-28,2026-10-13,Approved
KYC0009827,CUS0009827,Tier3,Medium,False,2025-11-07,2027-10-27,Approved
KYC0009828,CUS0009828,Tier2,Low,False,2024-05-16,2027-09-28,Approved
KYC0009829,CUS0009829,Tier3,Low,False,2025-09-01,2027-09-25,Approved
KYC0009830,CUS0009830,Tier1,Low,False,2025-08-24,2026-11-21,Approved
KYC0009831,CUS0009831,Tier3,Low,False,2024-10-17,2026-05-21,Pending
KYC0009832,CUS0009832,Tier1,Low,False,2025-03-08,2026-07-31,Approved
KYC0009833,CUS0009833,Tier2,Low,False,2024-08-20,2026-11-05,Approved
KYC0009834,CUS0009834,Tier1,Low,False,2025-08-02,2027-07-15,Approved
KYC0009835,CUS0009835,Tier1,Medium,False,2025-06-28,2027-07-16,Approved
KYC0009836,CUS0009836,Tier2,Low,False,2025-06-18,2026-10-02,Approved
KYC0009837,CUS0009837,Tier2,Low,False,2025-01-21,2026-12-20,Approved
KYC0009838,CUS0009838,Tier1,Low,False,2025-01-23,2027-11-22,Approved
KYC0009839,CUS0009839,Tier1,Medium,False,2025-01-24,2026-12-27,Approved
KYC0009840,CUS0009840,Tier2,High,False,2024-08-01,2027-03-02,Approved
KYC0009841,CUS0009841,Tier2,Low,False,2024-07-18,2027-07-08,Approved
KYC0009842,CUS0009842,Tier1,Low,False,2026-03-05,2026-05-02,Approved
KYC0009843,CUS0009843,Tier2,Low,False,2025-12-04,2027-08-18,Approved
KYC0009844,CUS0009844,Tier2,Low,False,2024-05-12,2027-03-05,Approved
KYC0009845,CUS0009845,Tier1,Low,False,2025-09-27,2026-11-16,Approved
KYC0009846,CUS0009846,Tier1,Low,False,2025-03-25,2027-09-03,Approved
KYC0009847,CUS0009847,Tier2,Low,False,2024-07-10,2027-02-27,Approved
KYC0009848,CUS0009848,Tier1,Low,False,2025-08-19,2027-02-10,Approved
KYC0009849,CUS0009849,Tier3,Low,False,2025-08-03,2027-10-10,Approved
KYC0009850,CUS0009850,Tier1,Low,False,2025-02-05,2027-06-19,Approved
KYC0009851,CUS0009851,Tier1,Low,False,2025-02-23,2026-09-11,Rejected
KYC0009852,CUS0009852,Tier1,Medium,False,2024-06-11,2027-07-04,Approved
KYC0009853,CUS0009853,Tier1,Medium,False,2024-03-26,2027-03-29,Pending
KYC0009854,CUS0009854,Tier1,Low,False,2026-02-23,2027-05-28,Approved
KYC0009855,CUS0009855,Tier1,Medium,False,2024-08-02,2027-03-31,Pending
KYC0009856,CUS0009856,Tier2,Low,False,2024-07-10,2026-09-19,Approved
KYC0009857,CUS0009857,Tier1,Low,False,2026-03-16,2027-07-03,Approved
KYC0009858,CUS0009858,Tier3,Medium,False,2024-09-23,2026-08-19,Approved
KYC0009859,CUS0009859,Tier1,Medium,False,2026-02-10,2026-05-15,Approved
KYC0009860,CUS0009860,Tier2,Low,False,2024-03-02,2026-07-11,Approved
KYC0009861,CUS0009861,Tier1,Low,False,2024-05-28,2027-01-14,Approved
KYC0009862,CUS0009862,Tier3,Low,False,2024-02-19,2027-11-10,Approved
KYC0009863,CUS0009863,Tier2,Low,False,2024-08-08,2027-10-13,Approved
KYC0009864,CUS0009864,Tier1,Low,False,2025-07-22,2026-10-01,Approved
KYC0009865,CUS0009865,Tier1,Low,False,2025-06-09,2027-12-10,Approved
KYC0009866,CUS0009866,Tier2,Low,False,2025-11-26,2027-03-03,Approved
KYC0009867,CUS0009867,Tier2,Low,False,2024-06-29,2027-02-09,Approved
KYC0009868,CUS0009868,Tier2,Low,False,2025-01-28,2027-11-16,Approved
KYC0009869,CUS0009869,Tier1,Low,False,2025-05-08,2026-05-24,Approved
KYC0009870,CUS0009870,Tier1,Low,False,2024-10-03,2026-06-11,Approved
KYC0009871,CUS0009871,Tier1,Low,False,2024-09-22,2027-01-05,Approved
KYC0009872,CUS0009872,Tier1,Medium,False,2025-05-01,2027-11-29,Approved
KYC0009873,CUS0009873,Tier1,Low,False,2024-09-10,2026-12-17,Approved
KYC0009874,CUS0009874,Tier2,Medium,False,2025-10-10,2026-07-12,Approved
KYC0009875,CUS0009875,Tier1,Low,False,2025-07-08,2027-03-24,Approved
KYC0009876,CUS0009876,Tier2,Medium,False,2024-05-09,2027-10-04,Approved
KYC0009877,CUS0009877,Tier2,Medium,False,2025-04-29,2027-10-27,Approved
KYC0009878,CUS0009878,Tier3,Low,False,2024-11-07,2027-01-04,Approved
KYC0009879,CUS0009879,Tier1,Low,False,2025-08-01,2026-07-15,Approved
KYC0009880,CUS0009880,Tier2,Low,False,2024-04-15,2027-11-19,Approved
KYC0009881,CUS0009881,Tier1,Low,False,2025-08-02,2027-12-05,Approved
KYC0009882,CUS0009882,Tier2,High,False,2025-09-07,2026-05-15,Approved
KYC0009883,CUS0009883,Tier3,Low,False,2025-09-12,2027-08-24,Approved
KYC0009884,CUS0009884,Tier2,High,False,2025-12-21,2027-08-12,Approved
KYC0009885,CUS0009885,Tier3,Low,False,2026-03-23,2027-08-17,Approved
KYC0009886,CUS0009886,Tier2,Medium,False,2025-07-22,2026-08-21,Approved
KYC0009887,CUS0009887,Tier2,Low,False,2025-02-27,2027-01-10,Approved
KYC0009888,CUS0009888,Tier1,Low,False,2024-02-04,2027-01-07,Approved
KYC0009889,CUS0009889,Tier2,Low,False,2025-09-14,2027-11-12,Approved
KYC0009890,CUS0009890,Tier3,Medium,False,2025-01-01,2027-03-05,Approved
KYC0009891,CUS0009891,Tier1,Medium,False,2026-02-24,2026-10-22,Approved
KYC0009892,CUS0009892,Tier3,Low,False,2024-12-01,2027-06-08,Approved
KYC0009893,CUS0009893,Tier2,Medium,False,2024-11-06,2027-04-10,Approved
KYC0009894,CUS0009894,Tier1,Low,False,2024-04-26,2027-08-01,Approved
KYC0009895,CUS0009895,Tier1,High,False,2026-04-09,2027-07-24,Approved
KYC0009896,CUS0009896,Tier3,Medium,False,2024-11-01,2027-07-16,Approved
KYC0009897,CUS0009897,Tier1,Low,False,2025-09-26,2027-01-12,Approved
KYC0009898,CUS0009898,Tier1,Low,False,2024-03-26,2027-03-06,Pending
KYC0009899,CUS0009899,Tier1,Low,False,2024-09-23,2026-09-21,Approved
KYC0009900,CUS0009900,Tier1,Medium,False,2025-10-28,2026-07-10,Approved
KYC0009901,CUS0009901,Tier1,Low,False,2025-07-21,2027-09-23,Approved
KYC0009902,CUS0009902,Tier1,Medium,False,2025-06-10,2026-05-24,Approved
KYC0009903,CUS0009903,Tier2,Medium,False,2025-10-02,2027-04-27,Approved
KYC0009904,CUS0009904,Tier2,Medium,False,2024-06-22,2026-07-20,Approved
KYC0009905,CUS0009905,Tier2,Low,False,2024-11-20,2026-11-14,Approved
KYC0009906,CUS0009906,Tier3,Low,False,2025-03-15,2027-03-03,Approved
KYC0009907,CUS0009907,Tier2,Low,False,2025-08-03,2027-12-17,Approved
KYC0009908,CUS0009908,Tier1,Low,False,2024-09-18,2026-08-06,Approved
KYC0009909,CUS0009909,Tier3,Low,False,2024-10-25,2027-05-04,Approved
KYC0009910,CUS0009910,Tier2,Low,False,2025-02-20,2026-11-01,Approved
KYC0009911,CUS0009911,Tier3,Low,False,2026-01-28,2026-07-04,Approved
KYC0009912,CUS0009912,Tier1,Low,False,2025-05-19,2026-08-07,Approved
KYC0009913,CUS0009913,Tier2,Medium,False,2026-04-16,2027-04-05,Approved
KYC0009914,CUS0009914,Tier1,Low,False,2024-06-12,2027-06-16,Approved
KYC0009915,CUS0009915,Tier1,Low,False,2025-09-12,2026-07-18,Pending
KYC0009916,CUS0009916,Tier2,Low,False,2024-07-01,2026-09-29,Pending
KYC0009917,CUS0009917,Tier1,Low,False,2024-11-15,2027-08-14,Approved
KYC0009918,CUS0009918,Tier2,Low,False,2026-02-17,2026-05-21,Approved
KYC0009919,CUS0009919,Tier3,Medium,False,2025-03-25,2026-05-18,Approved
KYC0009920,CUS0009920,Tier1,Low,False,2024-10-07,2027-11-25,Approved
KYC0009921,CUS0009921,Tier2,Low,False,2024-12-20,2027-07-16,Approved
KYC0009922,CUS0009922,Tier2,Low,False,2026-01-08,2027-09-28,Approved
KYC0009923,CUS0009923,Tier1,Low,False,2026-04-13,2027-11-18,Approved
KYC0009924,CUS0009924,Tier1,Medium,False,2025-12-24,2027-11-12,Approved
KYC0009925,CUS0009925,Tier1,Low,False,2024-06-16,2026-06-10,Approved
KYC0009926,CUS0009926,Tier1,Low,False,2024-09-08,2027-10-29,Approved
KYC0009927,CUS0009927,Tier2,Medium,False,2026-02-17,2026-09-01,Approved
KYC0009928,CUS0009928,Tier1,Medium,False,2026-02-25,2027-05-07,Approved
KYC0009929,CUS0009929,Tier1,Medium,False,2025-04-18,2027-10-25,Approved
KYC0009930,CUS0009930,Tier2,Medium,False,2024-06-24,2027-09-09,Approved
KYC0009931,CUS0009931,Tier1,Low,False,2024-03-09,2027-12-31,Approved
KYC0009932,CUS0009932,Tier1,Low,False,2025-10-10,2027-08-08,Approved
KYC0009933,CUS0009933,Tier1,Low,False,2024-02-28,2027-01-26,Approved
KYC0009934,CUS0009934,Tier1,Medium,False,2024-02-23,2027-06-22,Approved
KYC0009935,CUS0009935,Tier2,Medium,False,2026-02-08,2027-03-03,Approved
KYC0009936,CUS0009936,Tier1,Low,False,2025-03-27,2026-08-09,Approved
KYC0009937,CUS0009937,Tier1,Medium,False,2024-04-06,2027-02-22,Approved
KYC0009938,CUS0009938,Tier1,Low,False,2025-04-02,2026-11-17,Approved
KYC0009939,CUS0009939,Tier2,Low,False,2026-04-03,2027-03-05,Approved
KYC0009940,CUS0009940,Tier2,Medium,False,2024-11-30,2027-10-17,Approved
KYC0009941,CUS0009941,Tier1,Low,False,2025-06-06,2026-11-13,Approved
KYC0009942,CUS0009942,Tier1,Low,False,2025-08-31,2026-06-19,Approved
KYC0009943,CUS0009943,Tier2,Low,False,2025-03-25,2027-08-12,Approved
KYC0009944,CUS0009944,Tier2,Low,False,2025-07-01,2026-12-10,Approved
KYC0009945,CUS0009945,Tier2,Medium,False,2024-11-25,2026-08-15,Approved
KYC0009946,CUS0009946,Tier1,Low,False,2024-02-17,2027-10-16,Approved
KYC0009947,CUS0009947,Tier2,Low,False,2025-04-12,2027-03-02,Approved
KYC0009948,CUS0009948,Tier2,Low,False,2025-10-30,2027-11-11,Approved
KYC0009949,CUS0009949,Tier2,Low,False,2025-04-05,2027-03-26,Approved
KYC0009950,CUS0009950,Tier1,Low,False,2024-12-22,2026-07-04,Approved
KYC0009951,CUS0009951,Tier2,Medium,False,2026-03-27,2026-11-14,Approved
KYC0009952,CUS0009952,Tier3,Low,False,2025-01-21,2027-10-29,Approved
KYC0009953,CUS0009953,Tier2,Low,False,2026-04-06,2027-10-17,Approved
KYC0009954,CUS0009954,Tier1,Low,False,2025-12-30,2027-11-07,Approved
KYC0009955,CUS0009955,Tier2,Low,False,2025-11-18,2027-06-24,Pending
KYC0009956,CUS0009956,Tier1,Medium,False,2024-03-08,2026-05-21,Approved
KYC0009957,CUS0009957,Tier3,Medium,False,2024-11-03,2026-05-14,Approved
KYC0009958,CUS0009958,Tier1,Medium,False,2024-03-22,2027-08-28,Approved
KYC0009959,CUS0009959,Tier1,Low,False,2025-12-02,2026-11-23,Approved
KYC0009960,CUS0009960,Tier1,Medium,False,2024-04-10,2026-12-14,Approved
KYC0009961,CUS0009961,Tier3,Medium,False,2024-11-09,2027-01-12,Approved
KYC0009962,CUS0009962,Tier2,Low,False,2025-09-10,2027-06-05,Approved
KYC0009963,CUS0009963,Tier1,Low,False,2024-07-27,2026-12-21,Approved
KYC0009964,CUS0009964,Tier2,Low,False,2024-08-28,2027-05-30,Approved
KYC0009965,CUS0009965,Tier2,Low,False,2024-11-15,2027-08-26,Approved
KYC0009966,CUS0009966,Tier1,Low,False,2024-10-19,2027-09-25,Approved
KYC0009967,CUS0009967,Tier1,Low,False,2025-07-11,2027-10-10,Approved
KYC0009968,CUS0009968,Tier2,Low,False,2026-03-26,2027-09-25,Approved
KYC0009969,CUS0009969,Tier3,Low,False,2026-01-31,2027-05-17,Approved
KYC0009970,CUS0009970,Tier2,Medium,False,2026-01-05,2026-05-29,Approved
KYC0009971,CUS0009971,Tier3,Low,False,2024-02-26,2027-03-05,Approved
KYC0009972,CUS0009972,Tier1,Low,False,2025-10-26,2026-08-28,Approved
KYC0009973,CUS0009973,Tier1,Medium,False,2025-06-29,2027-11-12,Approved
KYC0009974,CUS0009974,Tier3,Low,False,2025-08-22,2026-05-09,Approved
KYC0009975,CUS0009975,Tier1,High,False,2025-05-04,2027-02-01,Approved
KYC0009976,CUS0009976,Tier1,Low,False,2025-09-14,2027-01-20,Approved
KYC0009977,CUS0009977,Tier1,Low,False,2025-02-28,2026-09-05,Approved
KYC0009978,CUS0009978,Tier2,Low,False,2025-10-27,2027-01-04,Approved
KYC0009979,CUS0009979,Tier1,Low,False,2024-06-30,2027-05-11,Approved
KYC0009980,CUS0009980,Tier2,Low,False,2024-06-27,2027-03-19,Approved
KYC0009981,CUS0009981,Tier2,Low,False,2026-02-20,2027-05-12,Approved
KYC0009982,CUS0009982,Tier2,Low,False,2025-06-10,2026-06-29,Approved
KYC0009983,CUS0009983,Tier3,Medium,False,2024-06-05,2027-06-24,Approved
KYC0009984,CUS0009984,Tier1,Low,False,2026-01-19,2026-06-16,Approved
KYC0009985,CUS0009985,Tier2,Medium,False,2024-04-13,2027-12-28,Approved
KYC0009986,CUS0009986,Tier2,Low,False,2025-10-24,2027-08-13,Approved
KYC0009987,CUS0009987,Tier1,Medium,False,2025-02-24,2027-07-22,Approved
KYC0009988,CUS0009988,Tier1,Medium,False,2025-11-17,2026-05-12,Approved
KYC0009989,CUS0009989,Tier1,Low,False,2024-02-18,2026-09-27,Approved
KYC0009990,CUS0009990,Tier3,Low,False,2024-04-13,2027-04-28,Approved
KYC0009991,CUS0009991,Tier2,Low,False,2025-06-24,2027-10-14,Approved
KYC0009992,CUS0009992,Tier2,Low,False,2024-06-02,2026-08-04,Approved
KYC0009993,CUS0009993,Tier2,Low,False,2024-10-18,2027-01-12,Approved
KYC0009994,CUS0009994,Tier2,Low,False,2025-11-05,2027-02-24,Approved
KYC0009995,CUS0009995,Tier1,Low,False,2025-02-07,2027-04-01,Approved
KYC0009996,CUS0009996,Tier2,Medium,False,2024-02-26,2027-02-15,Approved
KYC0009997,CUS0009997,Tier1,Low,False,2024-07-19,2027-02-13,Approved
KYC0009998,CUS0009998,Tier1,Low,False,2025-10-18,2026-11-09,Approved
KYC0009999,CUS0009999,Tier1,Low,False,2024-06-25,2026-11-19,Approved
KYC0010000,CUS0010000,Tier1,Low,False,2026-02-21,2027-10-22,Approved
