lead_id,lead_source,customer_id,lead_full_name,phone,email,interested_product_id,owner_employee_id,status,created_at,score
LED000001,Branch Walk-in,,อัญธิกา ตวงทอง,0856506833,sylvia05@example.com,PRD-DG01,EMP00480,Contacted,2025-06-17T23:11:00,21
LED000002,Cold Call,CUS0006832,,0975454255,alisoncooper@example.com,PRD-DC02,EMP00296,New,2026-03-27T23:30:00,55
LED000003,Referral,CUS0004967,,0959681136,palvarado@example.net,PRD-DC02,EMP00129,New,2025-09-05T02:20:00,62
LED000004,Referral,,ภูวรา นาคพันธุ์,0822415378,robertbrooks@example.org,PRD-SAV02,EMP00010,Contacted,2025-05-02T08:17:00,64
LED000005,Cold Call,CUS0004385,,0892347259,melissa91@example.org,PRD-DG01,EMP00297,Disqualified,2025-07-12T05:14:00,40
LED000006,Web Form,CUS0001399,,0983844190,lisa02@example.com,PRD-WL04,EMP00191,Qualified,2025-10-05T04:37:00,52
LED000007,Cold Call,,วาร์มูฮำหมัด นาคพันธุ์,0691347718,laurazimmerman@example.org,PRD-DG02,EMP00194,Disqualified,2025-04-17T07:08:00,11
LED000008,Cold Call,CUS0006633,,0922270654,williamstimothy@example.org,PRD-WL04,EMP00002,Contacted,2025-08-30T07:58:00,30
LED000009,Referral,CUS0003178,,0981224362,walkerdebra@example.com,PRD-DG02,EMP00121,Qualified,2025-04-14T14:32:00,41
LED000010,Referral,CUS0007815,,0919607282,frankhaas@example.org,PRD-DG02,EMP00148,Qualified,2025-05-31T23:05:00,91
LED000011,Partner,,นิชนันท์ ธัญเสถียร,0861197073,craigricardo@example.org,PRD-LN01,EMP00163,Qualified,2025-04-28T09:39:00,64
LED000012,Branch Walk-in,CUS0004187,,0818993542,douglas35@example.net,PRD-WL01,EMP00206,Qualified,2025-09-18T05:03:00,20
LED000013,Campaign,CUS0002959,,0665996701,arroyodeborah@example.net,PRD-IN02,EMP00070,Contacted,2026-01-26T17:04:00,91
LED000014,Partner,,เสรี นำธวัช,0641059774,julia40@example.com,PRD-CUR01,EMP00204,Contacted,2025-04-19T05:42:00,1
LED000015,Campaign,,หลี นิยมสำหรวจ,0977505556,howardnorman@example.com,PRD-DC02,EMP00167,Qualified,2025-05-03T09:10:00,20
LED000016,Campaign,,ฉัตรปรียา นกทอง,0630825412,christinajimenez@example.org,PRD-LN03,EMP00130,Qualified,2025-08-16T02:42:00,89
LED000017,Referral,CUS0003079,,0864036576,james34@example.net,PRD-DG02,EMP00198,New,2025-01-08T14:56:00,50
LED000018,Cold Call,,ปิยวดี นิยมธรรม,0625724955,emcintosh@example.org,PRD-LN03,EMP00247,Converted,2025-10-01T22:50:00,18
LED000019,Web Form,CUS0005780,,0691754281,debrajackson@example.com,PRD-DC01,EMP00485,Converted,2025-04-29T08:51:00,87
LED000020,Campaign,,โกมล นามขำ,0945046506,larrysmith@example.net,PRD-WL04,EMP00106,Contacted,2025-09-18T00:54:00,0
LED000021,Branch Walk-in,CUS0000534,,0998375164,dillonellis@example.net,PRD-CC02,EMP00369,New,2026-01-12T11:31:00,91
LED000022,Branch Walk-in,,จรรยพร อัตตนาถ,0890468287,sjacobson@example.org,PRD-LN01,EMP00467,Disqualified,2025-04-22T18:34:00,89
LED000023,Campaign,CUS0002994,,0685951974,sandrawright@example.org,PRD-SAV01,EMP00284,Converted,2025-06-03T01:46:00,36
LED000024,Referral,,เชิงชาย หอมพิกุล,0991699562,adamschristopher@example.org,PRD-WL01,EMP00088,Contacted,2025-01-31T19:27:00,30
LED000025,Cold Call,,ภานุพล ดิศดใน,0624211288,natasha93@example.net,PRD-FD01,EMP00279,Qualified,2025-04-03T11:16:00,30
LED000026,Referral,,สุภาลินี พรสีมา,0974365468,cfletcher@example.net,PRD-DC02,EMP00204,Disqualified,2026-03-31T01:48:00,28
LED000027,Partner,,นันทวรรณ ธรรมสถิตไพศาล,0976027121,donaldcoleman@example.org,PRD-FD02,EMP00299,Qualified,2025-03-12T06:29:00,94
LED000028,Web Form,CUS0007118,,0641256440,geraldlarson@example.com,PRD-WL02,EMP00395,Disqualified,2025-02-03T14:42:00,54
LED000029,Cold Call,,ฟิรยา แนวพญา,0696961609,nataliewarren@example.org,PRD-FD01,EMP00452,Converted,2025-01-15T13:46:00,60
LED000030,Referral,,ธาเอก ตวันเยี่ยม,0817613151,oliverjessica@example.com,PRD-IN02,EMP00321,Converted,2025-06-17T23:31:00,29
LED000031,Web Form,CUS0000866,,0927043586,jeffrey66@example.org,PRD-SAL01,EMP00075,Qualified,2025-05-06T15:21:00,70
LED000032,Partner,CUS0008539,,0967071415,ryoung@example.com,PRD-IN01,EMP00123,Qualified,2025-11-27T18:49:00,20
LED000033,Web Form,CUS0000976,,0699750994,jcox@example.org,PRD-WL04,EMP00326,Converted,2026-03-15T10:50:00,73
LED000034,Campaign,CUS0000346,,0871236593,caitlinsims@example.com,PRD-CUR01,EMP00117,Converted,2025-02-16T04:30:00,19
LED000035,Web Form,,สินสมุทร หนุนสุข,0930028658,millshunter@example.com,PRD-LN03,EMP00159,New,2025-05-22T01:44:00,87
LED000036,Partner,,กวาง นาควงษ์,0987010319,moorepatrick@example.org,PRD-CUR01,EMP00166,Contacted,2025-07-25T08:54:00,0
LED000037,Branch Walk-in,CUS0007388,,0669913598,gonzalezbarry@example.net,PRD-WL02,EMP00104,Converted,2025-10-30T12:04:00,61
LED000038,Branch Walk-in,CUS0006396,,0833583200,simonvictoria@example.org,PRD-CC04,EMP00141,Converted,2025-11-03T05:09:00,6
LED000039,Web Form,CUS0000421,,0961693710,hosally@example.net,PRD-CUR01,EMP00158,Disqualified,2025-05-05T17:12:00,6
LED000040,Branch Walk-in,,สิทธิชัย งามพิเชษฐ์,0634530997,khoffman@example.org,PRD-WL02,EMP00421,Disqualified,2025-11-19T22:10:00,7
LED000041,Campaign,,ฟารินี นาคพันธุ์,0899061814,tina57@example.com,PRD-FD02,EMP00431,Qualified,2025-03-08T01:45:00,33
LED000042,Referral,,พรปราณี นวลฉวี,0986277961,zjones@example.org,PRD-LN03,EMP00205,Disqualified,2026-02-28T07:06:00,53
LED000043,Partner,CUS0008195,,0650033342,lodom@example.com,PRD-LN04,EMP00033,New,2025-04-26T03:13:00,58
LED000044,Cold Call,,คำ โพธิสัตย์,0676504422,andrew09@example.com,PRD-LN01,EMP00276,Qualified,2025-10-07T06:34:00,75
LED000045,Web Form,CUS0005029,,0812766942,edwardtaylor@example.com,PRD-SAV02,EMP00383,Qualified,2025-10-02T15:38:00,36
LED000046,Referral,,อำไพ บุตดา,0813436499,patelpamela@example.org,PRD-DG02,EMP00463,Qualified,2025-06-17T09:56:00,92
LED000047,Cold Call,CUS0004502,,0628351553,thomasalvarez@example.net,PRD-LN02,EMP00268,Disqualified,2025-02-28T21:00:00,11
LED000048,Branch Walk-in,,ธราวิทญ์ ยาปะโลหิต,0685099599,cynthia50@example.net,PRD-SAV01,EMP00485,New,2025-03-25T16:00:00,90
LED000049,Cold Call,CUS0005009,,0931970146,williamsvictor@example.net,PRD-LN01,EMP00026,Contacted,2026-04-29T04:01:00,4
LED000050,Partner,CUS0001251,,0948633298,bakerjanice@example.net,PRD-DG01,EMP00350,New,2025-01-13T01:51:00,34
LED000051,Cold Call,CUS0003214,,0691404121,lisa33@example.com,PRD-SAV02,EMP00086,Disqualified,2025-01-06T13:36:00,34
LED000052,Referral,,คมคาย นิลวรรณ,0862101604,hjohnson@example.net,PRD-DC02,EMP00315,Qualified,2025-02-20T04:18:00,43
LED000053,Web Form,CUS0000840,,0881849859,brentclark@example.com,PRD-DC02,EMP00136,Converted,2025-07-11T00:38:00,15
LED000054,Cold Call,CUS0002511,,0622610757,tflores@example.net,PRD-LN03,EMP00411,Qualified,2025-09-21T03:22:00,77
LED000055,Referral,CUS0000616,,0867027012,sydneymitchell@example.net,PRD-IN02,EMP00057,Converted,2025-04-17T10:03:00,78
LED000056,Partner,CUS0005346,,0819775720,charles37@example.net,PRD-LN01,EMP00157,Contacted,2025-07-02T07:14:00,5
LED000057,Partner,,วสิตา เดชวา,0614077700,larrykrueger@example.net,PRD-DC02,EMP00250,Contacted,2026-01-31T10:50:00,20
LED000058,Web Form,CUS0007995,,0964631130,jamesnunez@example.org,PRD-SAV01,EMP00469,Converted,2025-08-07T16:47:00,17
LED000059,Cold Call,CUS0004237,,0965661731,bdavis@example.com,PRD-WL04,EMP00218,New,2025-12-19T02:20:00,68
LED000060,Web Form,CUS0005221,,0617854847,taylor93@example.org,PRD-LN01,EMP00445,Disqualified,2025-02-06T05:27:00,97
LED000061,Partner,,พรสวรรค์ นฤทุกข์,0834410452,frazierlindsay@example.org,PRD-DG01,EMP00460,Contacted,2026-01-25T07:04:00,34
LED000062,Partner,,ไชยภพ บุญศล,0677805390,yware@example.org,PRD-SAV01,EMP00351,Converted,2025-06-10T03:29:00,92
LED000063,Partner,CUS0001854,,0936355118,jasonschmitt@example.org,PRD-FD03,EMP00181,Disqualified,2025-01-07T10:47:00,15
LED000064,Referral,CUS0000412,,0687680610,orrkrystal@example.org,PRD-FD01,EMP00320,Qualified,2025-09-29T18:55:00,56
LED000065,Web Form,,สมเกียรติ ทองเนื้อดี,0848692085,hudsonjennifer@example.net,PRD-WL04,EMP00287,Converted,2025-02-03T22:47:00,21
LED000066,Referral,CUS0004812,,0892476716,hrivera@example.com,PRD-SAV02,EMP00356,Disqualified,2025-06-01T23:30:00,94
LED000067,Campaign,,ประสิทธิ์ ตั้งกุลงาม,0670468880,abutler@example.net,PRD-DC02,EMP00375,Qualified,2026-02-23T01:30:00,91
LED000068,Campaign,CUS0000319,,0846936382,debra84@example.com,PRD-CC02,EMP00496,Qualified,2025-08-21T20:14:00,29
LED000069,Web Form,,ทินพร ตัณฑนุช,0662262189,keithbradley@example.net,PRD-SAL01,EMP00280,Qualified,2026-04-17T10:42:00,24
LED000070,Web Form,CUS0007083,,0942945144,andrewstravis@example.net,PRD-DC02,EMP00394,Disqualified,2025-07-07T11:17:00,51
LED000071,Cold Call,CUS0008052,,0611865743,melissa34@example.org,PRD-WL04,EMP00084,Converted,2025-04-30T01:41:00,25
LED000072,Branch Walk-in,,เอกชัย ไตรบรรพ,0811208546,louis47@example.org,PRD-DC01,EMP00432,Qualified,2025-10-04T12:31:00,25
LED000073,Referral,CUS0005834,,0891683377,parroyo@example.net,PRD-DG01,EMP00460,Disqualified,2025-07-19T08:24:00,67
LED000074,Branch Walk-in,,ฐิตาพร พานเกล้า,0997339681,marktaylor@example.org,PRD-DG02,EMP00489,Qualified,2025-04-13T11:43:00,74
LED000075,Referral,CUS0008700,,0999517647,dillonlisa@example.net,PRD-CC02,EMP00156,New,2025-07-16T16:14:00,29
LED000076,Partner,,รักชนก แนวพนิช,0976707458,millerannette@example.com,PRD-IN01,EMP00456,Converted,2025-05-22T10:19:00,54
LED000077,Cold Call,CUS0007973,,0851821367,clinejacob@example.org,PRD-SAL01,EMP00179,Converted,2025-09-11T14:27:00,66
LED000078,Cold Call,,พันเกล้า ปรีชากุลเศรษฐ์,0659977854,lindsayflowers@example.com,PRD-CC04,EMP00489,Qualified,2025-08-06T13:42:00,75
LED000079,Branch Walk-in,CUS0009020,,0681133388,uwells@example.com,PRD-SAL01,EMP00205,Qualified,2025-12-17T22:11:00,40
LED000080,Cold Call,,ปิยวัจน์ ฉัพพรรณธนกูร,0926605148,nrobinson@example.net,PRD-DG02,EMP00342,Disqualified,2025-12-22T02:44:00,3
LED000081,Campaign,,นภนต์ นาคสุทิน,0957482783,rachelyoung@example.org,PRD-DC02,EMP00464,Converted,2026-01-30T12:40:00,85
LED000082,Campaign,CUS0002729,,0693115415,richard94@example.org,PRD-SAV01,EMP00126,Converted,2026-02-05T00:55:00,48
LED000083,Cold Call,CUS0009761,,0834547676,vpatrick@example.org,PRD-CC01,EMP00110,Disqualified,2026-03-02T20:14:00,98
LED000084,Branch Walk-in,CUS0009034,,0848853746,callahanstanley@example.com,PRD-CUR01,EMP00207,Disqualified,2026-03-05T19:15:00,37
LED000085,Branch Walk-in,CUS0008574,,0976401044,gbutler@example.com,PRD-LN01,EMP00483,Qualified,2025-03-09T09:16:00,89
LED000086,Branch Walk-in,CUS0005907,,0998724319,normandavid@example.net,PRD-SAL01,EMP00347,Converted,2026-04-21T18:15:00,38
LED000087,Cold Call,,สโรชา ถ้วนศรี,0978193598,michele65@example.com,PRD-LN03,EMP00381,Converted,2026-03-05T09:40:00,70
LED000088,Web Form,CUS0004559,,0834834746,dawn06@example.org,PRD-DC02,EMP00242,Contacted,2025-10-23T09:40:00,27
LED000089,Partner,CUS0001802,,0883861899,lisabowman@example.net,PRD-DC02,EMP00303,New,2026-02-02T10:18:00,48
LED000090,Branch Walk-in,,ภานุวัตร งามพิเชษฐ์,0930234190,valdezhelen@example.org,PRD-CC01,EMP00395,Converted,2026-03-31T03:37:00,48
LED000091,Branch Walk-in,CUS0009833,,0915902204,jennifer75@example.org,PRD-CC01,EMP00290,Contacted,2026-02-27T08:41:00,69
LED000092,Branch Walk-in,,พันเทพ บุตดา,0945557799,fmarshall@example.net,PRD-FD03,EMP00103,New,2026-01-31T17:40:00,28
LED000093,Cold Call,,ฤทธิ์ชกร นาคสุทิน,0810949396,upace@example.org,PRD-WL01,EMP00069,Converted,2025-09-15T16:44:00,31
LED000094,Partner,CUS0000853,,0860645369,avilasydney@example.net,PRD-LN02,EMP00271,Converted,2025-08-27T22:17:00,34
LED000095,Web Form,,อเนชา ธรรมฤดี,0618996644,andrewnelson@example.com,PRD-FD02,EMP00194,Disqualified,2025-03-05T19:01:00,15
LED000096,Campaign,,พีรพัฒน์ นิติสาขา,0823804209,jeffery37@example.org,PRD-CUR01,EMP00149,Qualified,2025-11-23T18:55:00,54
LED000097,Partner,,วีระโชติ ถนอมมนุษย์,0814500241,carolynrodriguez@example.net,PRD-LN02,EMP00274,Contacted,2026-04-27T19:35:00,64
LED000098,Web Form,,เมษา ถ้วนศรี,0922599883,yolanda97@example.org,PRD-DC01,EMP00236,Qualified,2025-10-31T08:17:00,16
LED000099,Campaign,,รักชนก ศรทอง,0876515049,millerjames@example.com,PRD-SAV02,EMP00288,Contacted,2025-10-24T17:48:00,41
LED000100,Branch Walk-in,CUS0007058,,0669045665,johnmitchell@example.com,PRD-LN02,EMP00230,Qualified,2025-09-08T16:00:00,55
LED000101,Cold Call,CUS0001663,,0878465968,anna31@example.com,PRD-LN03,EMP00081,Disqualified,2025-02-04T23:46:00,10
LED000102,Campaign,,ภูมิปัญญา นากกนก,0624622927,sarahnelson@example.org,PRD-DG01,EMP00473,New,2026-03-24T03:27:00,82
LED000103,Partner,CUS0009021,,0881781970,cody60@example.com,PRD-CC01,EMP00128,Converted,2026-02-09T02:42:00,47
LED000104,Branch Walk-in,CUS0003757,,0689978144,donald16@example.org,PRD-FD03,EMP00451,New,2025-03-13T21:39:00,54
LED000105,Cold Call,CUS0005214,,0998251698,torresdiana@example.com,PRD-IN01,EMP00295,Converted,2025-01-12T11:47:00,73
LED000106,Branch Walk-in,CUS0002726,,0631213986,sheila14@example.org,PRD-WL03,EMP00019,Disqualified,2025-01-01T15:47:00,50
LED000107,Referral,,เกริกพล ถนัดรักษา,0989246444,brian26@example.org,PRD-LN01,EMP00183,Disqualified,2025-06-15T17:56:00,92
LED000108,Branch Walk-in,,สุชิน ถะเกิงชศ,0893171873,hughesalexandra@example.net,PRD-DC02,EMP00379,Disqualified,2025-03-31T13:48:00,22
LED000109,Branch Walk-in,CUS0009940,,0956476951,alexandra16@example.net,PRD-CC02,EMP00160,Contacted,2025-11-02T13:19:00,49
LED000110,Partner,,เจษฎากร เดชคุ้ม,0821966540,awhite@example.net,PRD-WL04,EMP00153,Disqualified,2025-03-31T08:30:00,11
LED000111,Partner,CUS0000576,,0899456601,matthew70@example.com,PRD-CC01,EMP00303,Disqualified,2025-10-13T14:04:00,23
LED000112,Branch Walk-in,CUS0006235,,0658228666,delgadomarissa@example.net,PRD-LN03,EMP00253,Converted,2025-01-16T16:47:00,60
LED000113,Referral,CUS0006605,,0861658211,medinajacob@example.net,PRD-CUR01,EMP00130,Qualified,2026-03-09T05:04:00,22
LED000114,Cold Call,,สราญจิตต์ มนทอง,0862910830,erikmartin@example.com,PRD-WL01,EMP00122,Qualified,2026-02-23T01:43:00,22
LED000115,Web Form,,สิรวัฒน์ ตระกูลบุญ,0973016796,thomasamy@example.org,PRD-CC04,EMP00371,Converted,2026-02-18T23:46:00,97
LED000116,Web Form,CUS0003925,,0898742014,veronica29@example.net,PRD-LN04,EMP00282,Contacted,2026-04-07T07:25:00,6
LED000117,Campaign,,ปัญญาพร คำลือ,0862032443,john48@example.org,PRD-LN01,EMP00326,Disqualified,2026-03-03T02:41:00,28
LED000118,Web Form,CUS0004979,,0669500413,cheryl44@example.org,PRD-SAV02,EMP00138,Contacted,2025-09-12T22:40:00,35
LED000119,Partner,CUS0002007,,0836152290,cantujose@example.net,PRD-FD03,EMP00188,New,2026-03-24T19:39:00,38
LED000120,Cold Call,CUS0002835,,0676492893,charles45@example.net,PRD-IN01,EMP00082,Converted,2025-12-21T00:57:00,30
LED000121,Referral,CUS0002229,,0678953992,umendoza@example.net,PRD-SAL01,EMP00382,New,2025-06-22T04:43:00,1
LED000122,Branch Walk-in,,จิราภรณ์ พีระเพ็ญกุล,0960898219,taylorjessica@example.org,PRD-SAL01,EMP00371,Converted,2025-05-21T07:05:00,89
LED000123,Partner,CUS0009921,,0652053959,afisher@example.org,PRD-SAV01,EMP00302,Disqualified,2025-09-28T20:48:00,29
LED000124,Partner,,เอกชัย ตันตราจิณ,0930332318,taylortoni@example.net,PRD-CC03,EMP00264,Qualified,2025-12-04T05:15:00,80
LED000125,Web Form,CUS0009876,,0693962807,edwardhoward@example.net,PRD-CC03,EMP00058,Qualified,2025-07-10T18:31:00,51
LED000126,Campaign,CUS0008035,,0912010075,jmiller@example.org,PRD-WL02,EMP00046,Disqualified,2025-11-28T20:13:00,59
LED000127,Cold Call,CUS0002713,,0874535640,stephenjohnston@example.org,PRD-FD03,EMP00376,Disqualified,2025-04-21T18:26:00,53
LED000128,Branch Walk-in,CUS0001908,,0837890570,wellschristopher@example.net,PRD-WL01,EMP00238,Contacted,2025-05-09T23:08:00,59
LED000129,Cold Call,CUS0003808,,0636712554,taylormary@example.com,PRD-SAV02,EMP00391,Qualified,2025-12-27T14:47:00,6
LED000130,Referral,CUS0000526,,0821497269,tara51@example.net,PRD-FD02,EMP00393,New,2025-07-13T08:24:00,37
LED000131,Web Form,,อาซือมะ บุนยะตีรณะ,0916094397,jacksoncristina@example.org,PRD-IN01,EMP00316,Contacted,2025-07-04T05:29:00,57
LED000132,Branch Walk-in,,นนทกาญจน์ ถนัดหัตถกรรม,0634918138,smartin@example.org,PRD-WL01,EMP00380,Converted,2025-11-11T10:04:00,42
LED000133,Web Form,CUS0000126,,0952217102,andrew97@example.net,PRD-CC02,EMP00039,New,2026-03-07T19:31:00,86
LED000134,Branch Walk-in,CUS0003843,,0980776308,jeffreymichael@example.org,PRD-LN03,EMP00001,Converted,2026-03-02T10:01:00,29
LED000135,Campaign,CUS0000849,,0670561650,frances05@example.com,PRD-IN01,EMP00147,Converted,2025-05-23T20:44:00,89
LED000136,Campaign,CUS0009131,,0635750751,alexis55@example.org,PRD-WL03,EMP00409,Disqualified,2026-03-07T11:34:00,97
LED000137,Partner,,เกียรติก้อง ทหารแท้,0834458410,taylorjonathan@example.net,PRD-WL01,EMP00201,New,2026-02-12T12:22:00,33
LED000138,Referral,CUS0007207,,0660143363,caitlyn55@example.net,PRD-FD02,EMP00303,Converted,2025-06-21T16:53:00,80
LED000139,Branch Walk-in,CUS0009732,,0962126825,browngeorge@example.org,PRD-DC01,EMP00424,Disqualified,2025-09-30T01:08:00,25
LED000140,Referral,CUS0004929,,0619476270,awolfe@example.org,PRD-FD02,EMP00217,Converted,2025-06-11T09:31:00,95
LED000141,Referral,CUS0001183,,0873362051,mnorris@example.net,PRD-FD03,EMP00416,Disqualified,2025-03-23T08:55:00,22
LED000142,Cold Call,CUS0005374,,0840095045,duanegriffin@example.com,PRD-FD02,EMP00267,Qualified,2026-01-04T18:37:00,94
LED000143,Partner,CUS0004993,,0819706013,mfisher@example.com,PRD-FD01,EMP00110,Qualified,2025-11-07T01:13:00,53
LED000144,Referral,,นิมุ นิยมสำหรวจ,0992602141,taraharrington@example.org,PRD-LN04,EMP00233,Contacted,2025-08-25T21:53:00,65
LED000145,Branch Walk-in,,เมทนี นวลฉวี,0666900155,benjaminphillips@example.net,PRD-LN02,EMP00288,New,2025-07-01T03:59:00,68
LED000146,Campaign,,สุภาลินี ตวงทอง,0818491619,lori66@example.com,PRD-LN02,EMP00170,Converted,2025-03-04T07:09:00,88
LED000147,Referral,CUS0000902,,0819340916,kwilliams@example.net,PRD-WL01,EMP00478,Disqualified,2026-03-07T18:58:00,54
LED000148,Web Form,CUS0002985,,0936920093,dylansimon@example.com,PRD-DC02,EMP00142,New,2025-07-14T21:11:00,25
LED000149,Partner,CUS0004045,,0853943459,taylorryan@example.org,PRD-WL04,EMP00438,Converted,2025-12-08T13:06:00,43
LED000150,Partner,CUS0006311,,0677171705,cherylhernandez@example.net,PRD-IN02,EMP00016,Contacted,2025-11-01T17:31:00,32
LED000151,Cold Call,CUS0007512,,0681677923,singletonryan@example.org,PRD-FD02,EMP00072,Qualified,2025-01-10T22:42:00,25
LED000152,Cold Call,CUS0004349,,0829601613,clarkkelly@example.net,PRD-CC01,EMP00219,New,2025-01-01T13:08:00,8
LED000153,Branch Walk-in,,จิฬาภรณ์ ธนรักษ์,0890120736,brittany10@example.net,PRD-DC01,EMP00106,Disqualified,2025-03-23T08:04:00,76
LED000154,Branch Walk-in,,ศิริญา น้ำทิพย์,0698950107,ryandavis@example.net,PRD-WL01,EMP00438,New,2025-11-13T07:48:00,92
LED000155,Branch Walk-in,,อัครพนธ์ ติณรัตน์,0811143111,kevinthomas@example.com,PRD-DC02,EMP00192,Qualified,2026-01-08T18:46:00,73
LED000156,Partner,,นภนต์ ดาบเพ็ชร์,0977150759,barbara37@example.com,PRD-LN02,EMP00405,Disqualified,2025-11-04T20:49:00,57
LED000157,Web Form,,ทองสิริ ธีวร,0638376349,brooke54@example.org,PRD-DC01,EMP00400,Contacted,2026-03-25T16:17:00,64
LED000158,Partner,CUS0007639,,0821217367,melinda90@example.org,PRD-DG01,EMP00023,Contacted,2025-06-24T03:00:00,57
LED000159,Web Form,CUS0004591,,0653355602,michaelwilliams@example.net,PRD-CC02,EMP00170,New,2025-11-15T02:15:00,13
LED000160,Web Form,CUS0002343,,0645238021,warrenvanessa@example.org,PRD-LN04,EMP00257,Contacted,2025-04-21T17:42:00,58
LED000161,Partner,CUS0003623,,0898673317,christina78@example.com,PRD-CC03,EMP00230,New,2026-01-07T16:29:00,19
LED000162,Partner,,พันธุ์เทพ ธรรมฤดี,0916739174,anthonygarcia@example.net,PRD-IN02,EMP00219,Contacted,2025-11-10T09:01:00,26
LED000163,Partner,CUS0004019,,0615290860,elijah73@example.net,PRD-CC04,EMP00218,Contacted,2025-10-13T14:19:00,43
LED000164,Cold Call,,บุญนพ ดวงทับทิม,0858410848,harmonjustin@example.net,PRD-FD02,EMP00349,Converted,2025-06-25T11:12:00,3
LED000165,Web Form,CUS0005180,,0945688584,whines@example.net,PRD-CC04,EMP00302,Contacted,2025-03-03T15:20:00,86
LED000166,Partner,CUS0002605,,0879043751,teresa80@example.net,PRD-DG02,EMP00128,Converted,2026-01-22T00:10:00,57
LED000167,Campaign,,มะสูเกียน นฤภัย,0855277119,william18@example.com,PRD-LN03,EMP00175,Qualified,2025-03-20T10:47:00,10
LED000168,Web Form,,น้ำเพชร ซาซุม,0842809263,jeremy76@example.org,PRD-CUR01,EMP00273,Disqualified,2025-07-16T04:26:00,3
LED000169,Cold Call,CUS0009826,,0850525613,daviscorey@example.net,PRD-SAV01,EMP00466,Disqualified,2025-06-12T17:08:00,15
LED000170,Campaign,CUS0005112,,0929036429,stephanie24@example.org,PRD-LN01,EMP00272,Converted,2025-03-11T10:12:00,16
LED000171,Partner,,เจษฎากร นิษประปัญจ์,0834311515,holderharold@example.org,PRD-LN03,EMP00071,Disqualified,2025-02-06T04:59:00,17
LED000172,Referral,CUS0004717,,0652008625,margaretyoung@example.org,PRD-CC03,EMP00436,Contacted,2025-04-22T05:47:00,38
LED000173,Web Form,CUS0003075,,0630702078,brownjoseph@example.com,PRD-FD01,EMP00391,New,2026-03-30T18:55:00,37
LED000174,Partner,,ผดุงพล ทองเนื้อดี,0628256087,lopeztony@example.net,PRD-SAV01,EMP00407,New,2025-01-22T04:02:00,32
LED000175,Branch Walk-in,,พิศพรรณ ยาปะโลหิต,0928442152,jchapman@example.net,PRD-LN04,EMP00466,Converted,2025-05-03T04:39:00,81
LED000176,Web Form,CUS0000726,,0958481028,erin32@example.com,PRD-CUR01,EMP00074,Qualified,2026-03-15T00:08:00,71
LED000177,Web Form,CUS0001966,,0666899826,courtney61@example.net,PRD-FD01,EMP00170,New,2025-06-21T02:03:00,32
LED000178,Cold Call,,สิรวัฒน์ นิละทัต,0812615628,tbrown@example.org,PRD-FD02,EMP00083,Qualified,2026-03-08T15:50:00,63
LED000179,Referral,CUS0008278,,0863743819,andrewgutierrez@example.com,PRD-SAV02,EMP00300,New,2026-04-22T17:45:00,41
LED000180,Web Form,,ธัชญา ทรัพย์สาร,0888081644,valerie13@example.com,PRD-LN02,EMP00334,New,2026-02-08T03:50:00,43
LED000181,Referral,,พชรภรณ์ ถ้วนศรี,0869765591,adrianmarsh@example.com,PRD-CC04,EMP00168,Converted,2026-04-01T04:51:00,59
LED000182,Cold Call,CUS0003526,,0941965868,pcummings@example.net,PRD-DC01,EMP00369,Contacted,2026-04-26T17:14:00,40
LED000183,Cold Call,CUS0003685,,0977762592,grahambrittany@example.com,PRD-WL02,EMP00415,Disqualified,2025-09-13T00:44:00,73
LED000184,Campaign,CUS0004242,,0849515911,alee@example.org,PRD-FD01,EMP00363,Disqualified,2026-04-16T09:49:00,42
LED000185,Branch Walk-in,CUS0005618,,0855018172,dustinmccann@example.org,PRD-CC02,EMP00137,Disqualified,2025-09-12T13:32:00,51
LED000186,Branch Walk-in,CUS0000751,,0959578844,wrightsarah@example.org,PRD-LN03,EMP00311,Qualified,2026-03-17T18:39:00,10
LED000187,Cold Call,,อาซือมะ ภูภักดี,0814895079,jennifer95@example.com,PRD-SAV01,EMP00072,Qualified,2025-02-04T11:49:00,37
LED000188,Campaign,CUS0000386,,0642115382,erin66@example.net,PRD-FD03,EMP00483,Disqualified,2026-01-06T08:08:00,28
LED000189,Campaign,,นัสรุน วาทา,0696319846,teresaflynn@example.com,PRD-FD03,EMP00196,Converted,2025-07-24T12:56:00,61
LED000190,Branch Walk-in,CUS0001478,,0623167284,jasonbowers@example.org,PRD-DG02,EMP00152,New,2025-07-09T09:27:00,13
LED000191,Campaign,CUS0004079,,0614572389,hpope@example.org,PRD-WL03,EMP00081,Qualified,2025-09-07T04:09:00,98
LED000192,Campaign,CUS0007519,,0876451329,julieyoung@example.com,PRD-LN02,EMP00272,Converted,2025-07-14T00:39:00,42
LED000193,Campaign,,ธีริสรา ไชยภา,0932731736,rebeccagutierrez@example.com,PRD-WL03,EMP00321,Contacted,2025-06-30T13:41:00,25
LED000194,Web Form,CUS0009625,,0623611896,elizabethturner@example.org,PRD-CC02,EMP00076,Disqualified,2026-02-24T10:15:00,33
LED000195,Branch Walk-in,CUS0003065,,0994637549,vstewart@example.org,PRD-CC01,EMP00338,New,2025-09-09T04:55:00,98
LED000196,Cold Call,CUS0008923,,0968267560,shannonpatton@example.org,PRD-WL04,EMP00174,Contacted,2025-12-19T21:52:00,79
LED000197,Web Form,CUS0000274,,0885622193,steven91@example.com,PRD-LN02,EMP00299,New,2025-08-14T13:27:00,21
LED000198,Web Form,,สัญชาน สุวรรณหงษ์,0811225938,howardsamantha@example.com,PRD-WL04,EMP00089,Converted,2025-06-18T11:32:00,23
LED000199,Cold Call,,เกษมชัย ราชมณี,0880816210,suzanne49@example.net,PRD-DC01,EMP00118,Qualified,2025-12-11T14:50:00,12
LED000200,Campaign,CUS0003249,,0933059677,victormclaughlin@example.org,PRD-WL01,EMP00428,New,2025-09-26T20:50:00,98
LED000201,Campaign,CUS0001428,,0884151915,brendasawyer@example.org,PRD-CC04,EMP00410,Converted,2025-05-19T01:37:00,71
LED000202,Campaign,CUS0007828,,0615774625,williamsamanda@example.org,PRD-LN01,EMP00358,Disqualified,2025-01-26T05:57:00,10
LED000203,Branch Walk-in,CUS0006017,,0983269574,hgill@example.org,PRD-FD02,EMP00204,Qualified,2026-03-11T02:50:00,21
LED000204,Campaign,CUS0008740,,0848840874,gabriel54@example.net,PRD-WL03,EMP00131,Contacted,2025-07-16T11:27:00,36
LED000205,Referral,CUS0003130,,0965584618,stonesandra@example.com,PRD-SAV01,EMP00193,Converted,2025-10-27T18:13:00,7
LED000206,Referral,CUS0004124,,0996995294,timothyjohnson@example.org,PRD-LN03,EMP00181,New,2025-06-16T11:08:00,57
LED000207,Referral,CUS0006863,,0925103772,jon36@example.org,PRD-WL02,EMP00150,New,2025-11-01T06:43:00,24
LED000208,Campaign,CUS0002882,,0824427331,lisasellers@example.net,PRD-IN02,EMP00306,Qualified,2025-09-25T19:14:00,78
LED000209,Web Form,CUS0006316,,0817635849,maria93@example.org,PRD-CC04,EMP00100,Converted,2025-07-04T11:21:00,2
LED000210,Referral,,เพทาย บินดี,0670781610,anelson@example.com,PRD-WL03,EMP00146,New,2026-04-21T17:27:00,86
LED000211,Campaign,,พลานุช ธนรักษ์,0687176552,christopher92@example.com,PRD-WL04,EMP00063,New,2025-12-16T17:10:00,53
LED000212,Branch Walk-in,,นันทิกานต์ เนื่องนนท์,0635735242,odecker@example.net,PRD-DC02,EMP00109,Contacted,2025-07-11T23:18:00,98
LED000213,Web Form,CUS0006180,,0912629177,cynthia20@example.net,PRD-CC01,EMP00479,Converted,2026-02-10T13:10:00,98
LED000214,Campaign,CUS0001290,,0622498015,edward20@example.org,PRD-WL02,EMP00393,Disqualified,2025-04-17T20:39:00,45
LED000215,Branch Walk-in,CUS0008415,,0693575052,jamiesampson@example.net,PRD-CC04,EMP00463,Converted,2025-03-22T12:51:00,12
LED000216,Referral,,ซูไรดา นิลเสนา,0830036372,shannonparker@example.org,PRD-DC02,EMP00458,New,2026-03-28T22:22:00,2
LED000217,Cold Call,CUS0007505,,0951045910,stacy60@example.org,PRD-DC01,EMP00262,Converted,2025-10-15T05:25:00,58
LED000218,Web Form,CUS0003923,,0940708764,jenniferconner@example.org,PRD-WL04,EMP00394,Disqualified,2026-03-04T02:24:00,62
LED000219,Partner,CUS0004563,,0999727021,lynncameron@example.org,PRD-LN02,EMP00413,New,2025-08-21T04:45:00,75
LED000220,Partner,,อินทรีย์ นามขำ,0880249790,peter37@example.net,PRD-WL02,EMP00230,Qualified,2026-02-13T13:48:00,31
LED000221,Campaign,CUS0003200,,0829889659,christopheralexander@example.com,PRD-DC01,EMP00134,Qualified,2025-07-23T06:32:00,77
LED000222,Referral,CUS0003533,,0813384925,barberjulia@example.net,PRD-CC04,EMP00272,Converted,2026-02-15T22:07:00,95
LED000223,Partner,CUS0000601,,0837370521,toddpineda@example.net,PRD-CC03,EMP00082,Qualified,2025-02-18T14:30:00,66
LED000224,Branch Walk-in,,หล้า จันอ้น,0890295568,ehampton@example.net,PRD-LN02,EMP00401,Contacted,2026-04-06T01:29:00,98
LED000225,Referral,,นพรัตน์ ดวงทับทิม,0980252917,erin84@example.com,PRD-DC02,EMP00474,Disqualified,2025-02-08T04:02:00,97
LED000226,Campaign,CUS0003714,,0880750909,catherineclark@example.net,PRD-IN01,EMP00002,Qualified,2025-01-19T10:54:00,58
LED000227,Partner,CUS0001502,,0866617166,contrerasrobert@example.org,PRD-CC04,EMP00186,Disqualified,2025-06-18T22:44:00,10
LED000228,Partner,CUS0006353,,0966375759,christopher00@example.net,PRD-IN02,EMP00224,Converted,2026-02-05T06:33:00,22
LED000229,Web Form,CUS0007510,,0884063239,craig08@example.org,PRD-WL02,EMP00149,Contacted,2025-03-06T04:23:00,70
LED000230,Partner,CUS0007491,,0637167108,aking@example.org,PRD-FD01,EMP00019,Converted,2025-08-11T05:53:00,12
LED000231,Cold Call,CUS0009693,,0964882285,wgallagher@example.org,PRD-CC03,EMP00376,Contacted,2026-04-18T19:24:00,47
LED000232,Partner,,อาซือมะ ติระคมน์,0869524196,bduke@example.com,PRD-DG02,EMP00226,Converted,2026-01-17T00:18:00,91
LED000233,Web Form,CUS0006041,,0962038244,michael34@example.com,PRD-SAV01,EMP00225,Converted,2025-10-07T15:34:00,100
LED000234,Branch Walk-in,,วิชชากร ถาวรรัตน,0876252168,leslieanderson@example.org,PRD-SAL01,EMP00083,New,2025-03-08T08:13:00,66
LED000235,Cold Call,,อชิตะวีร์ นิละทัต,0917677039,amy30@example.org,PRD-LN04,EMP00455,New,2025-02-18T19:00:00,31
LED000236,Branch Walk-in,,อดิสรณ์ ศิวะวรเวท,0911522943,hendersonmichael@example.org,PRD-DC01,EMP00196,Contacted,2025-02-21T15:57:00,24
LED000237,Partner,CUS0003138,,0655150821,mcneilpeter@example.org,PRD-FD03,EMP00211,Disqualified,2026-03-13T08:05:00,11
LED000238,Branch Walk-in,,จีราภรณ์ ตันเผ่า,0838219931,thompsonautumn@example.net,PRD-DC02,EMP00361,Contacted,2025-11-05T11:23:00,60
LED000239,Cold Call,CUS0007191,,0689349038,anthonygray@example.com,PRD-CC01,EMP00342,New,2025-08-19T02:00:00,34
LED000240,Web Form,CUS0002585,,0681293827,hlam@example.net,PRD-SAL01,EMP00083,Qualified,2026-02-18T12:41:00,31
LED000241,Campaign,CUS0009841,,0951704148,ovelasquez@example.net,PRD-DG02,EMP00312,Converted,2025-08-20T12:13:00,82
LED000242,Referral,,สุธาวี แต้กุล,0679979307,msims@example.net,PRD-LN01,EMP00299,Contacted,2025-08-01T21:22:00,72
LED000243,Referral,,สนั่น ทองเนื้อดี,0944612601,kimberly53@example.org,PRD-DC01,EMP00195,Disqualified,2025-07-19T08:53:00,26
LED000244,Web Form,CUS0002544,,0854419006,jevans@example.net,PRD-WL01,EMP00061,Contacted,2025-03-28T10:48:00,100
LED000245,Web Form,,ภารวี แจ้งสว่าง,0846083149,brettvasquez@example.com,PRD-DG01,EMP00465,New,2025-11-25T19:54:00,49
LED000246,Cold Call,CUS0001716,,0645345738,stacie10@example.net,PRD-WL02,EMP00173,Converted,2025-06-07T00:41:00,6
LED000247,Partner,CUS0005218,,0654396317,cmorales@example.net,PRD-IN01,EMP00055,Contacted,2025-07-29T16:18:00,46
LED000248,Partner,,จักรีรัตน์ เขียวขุ้ย,0615161978,anthony43@example.org,PRD-DG01,EMP00196,Converted,2025-09-30T03:13:00,95
LED000249,Cold Call,CUS0004067,,0653768800,kristiewalker@example.com,PRD-FD01,EMP00269,Contacted,2025-09-04T10:31:00,57
LED000250,Partner,CUS0009969,,0873770247,stephanie83@example.com,PRD-CUR01,EMP00118,Qualified,2026-04-04T03:25:00,96
LED000251,Branch Walk-in,CUS0005365,,0666433482,bryan50@example.net,PRD-FD02,EMP00177,Contacted,2025-08-19T18:36:00,12
LED000252,Partner,,วิกิจ เขียวอ่อน,0982401941,bfaulkner@example.net,PRD-IN01,EMP00446,Qualified,2026-03-16T09:32:00,90
LED000253,Partner,CUS0002948,,0630999239,daviswilliam@example.net,PRD-SAL01,EMP00180,New,2025-12-20T12:02:00,76
LED000254,Referral,,รมิตา ทวีเดช,0930531854,yhaney@example.com,PRD-CC04,EMP00048,New,2026-02-11T14:54:00,9
LED000255,Referral,,จรรยพร ตันตราจิณ,0845933652,zmadden@example.org,PRD-IN01,EMP00396,Disqualified,2026-01-30T18:40:00,90
LED000256,Branch Walk-in,CUS0000488,,0686526813,fross@example.org,PRD-DC02,EMP00137,Disqualified,2026-02-26T03:25:00,36
LED000257,Web Form,CUS0009388,,0633119805,lisafreeman@example.net,PRD-WL03,EMP00169,Contacted,2026-03-01T18:28:00,39
LED000258,Campaign,,จำรัส ศิวะวรเวท,0629396512,hansonandrew@example.net,PRD-CC03,EMP00005,Disqualified,2025-06-10T10:22:00,99
LED000259,Partner,CUS0001251,,0850040300,wwalters@example.com,PRD-LN01,EMP00178,Qualified,2025-12-05T12:48:00,92
LED000260,Partner,CUS0006058,,0885596451,michael02@example.net,PRD-CC02,EMP00146,Disqualified,2025-01-21T18:23:00,17
LED000261,Campaign,CUS0009003,,0963860280,wendypineda@example.org,PRD-LN03,EMP00262,Contacted,2025-03-18T22:08:00,13
LED000262,Partner,CUS0003664,,0942918879,jenniferbrown@example.com,PRD-SAV02,EMP00378,Qualified,2025-01-10T09:41:00,47
LED000263,Web Form,CUS0000274,,0643281563,jason67@example.com,PRD-FD02,EMP00067,Qualified,2025-06-11T22:40:00,49
LED000264,Campaign,CUS0005796,,0820553266,fwoodard@example.org,PRD-CC01,EMP00019,New,2025-03-17T19:58:00,0
LED000265,Campaign,,สุธินันท์ ยาปะโลหิต,0645817815,mosslisa@example.net,PRD-LN03,EMP00172,New,2025-11-18T02:24:00,98
LED000266,Referral,,กวีฉัฏฐ ดำริห์ชอบ,0670064165,scott13@example.com,PRD-FD03,EMP00392,Disqualified,2025-11-19T09:07:00,59
LED000267,Web Form,CUS0008942,,0834990349,matthewgregory@example.net,PRD-SAV01,EMP00235,Qualified,2025-09-20T16:01:00,39
LED000268,Campaign,CUS0009998,,0677439696,andersonleroy@example.net,PRD-SAV02,EMP00173,New,2025-07-16T02:30:00,68
LED000269,Branch Walk-in,,ปิยวัจน์ ถนัดเดินข่าว,0851567670,efernandez@example.net,PRD-WL04,EMP00054,New,2026-03-07T09:10:00,69
LED000270,Referral,CUS0000223,,0664012394,rrodriguez@example.org,PRD-SAL01,EMP00193,Qualified,2025-05-11T06:22:00,39
LED000271,Branch Walk-in,,นิรันดร์ ซูสารอ,0651838205,wendy02@example.com,PRD-WL02,EMP00079,Converted,2025-01-10T18:25:00,79
LED000272,Campaign,,เขียว นพคเชนทร์,0838469048,ejohnson@example.net,PRD-LN04,EMP00098,New,2025-11-24T21:16:00,30
LED000273,Campaign,CUS0003137,,0662008967,austinapril@example.org,PRD-CC03,EMP00003,Qualified,2026-02-16T01:37:00,66
LED000274,Web Form,,ราณี ไทไชโย,0630098415,sean36@example.net,PRD-WL04,EMP00315,Qualified,2025-09-06T11:11:00,66
LED000275,Campaign,CUS0002176,,0861530839,patricia99@example.net,PRD-DC01,EMP00476,Contacted,2025-08-25T23:06:00,84
LED000276,Campaign,,สุรการณ์ อุ่นอก,0681102634,westcarl@example.org,PRD-IN01,EMP00357,Converted,2025-10-18T07:57:00,65
LED000277,Partner,,เสรี ทองสีไพล,0983494692,harringtonjonathan@example.org,PRD-DG01,EMP00344,Contacted,2025-09-04T04:38:00,94
LED000278,Campaign,,ธนกิตต์ หนักแน่น,0970075991,jasonramos@example.com,PRD-FD02,EMP00226,Contacted,2025-09-06T00:32:00,73
LED000279,Referral,,สมพิศ ศรีอุ่น,0978503434,patrick00@example.net,PRD-WL04,EMP00097,Contacted,2025-05-04T21:02:00,0
LED000280,Web Form,,ภูวิช โพธิสัตย์,0681121069,zcooper@example.net,PRD-DG01,EMP00015,Qualified,2025-03-02T11:00:00,35
LED000281,Web Form,CUS0001236,,0883165769,jimmy47@example.net,PRD-CC04,EMP00045,New,2025-04-29T19:24:00,56
LED000282,Web Form,CUS0004067,,0994389806,jared11@example.com,PRD-CC02,EMP00326,Contacted,2025-06-03T14:38:00,8
LED000283,Partner,,พรปราณี ดิสกะประกาย,0956719044,doylekevin@example.org,PRD-WL01,EMP00089,New,2026-01-07T12:10:00,34
LED000284,Web Form,CUS0002014,,0928237606,brett80@example.net,PRD-LN03,EMP00413,Contacted,2026-01-05T03:01:00,1
LED000285,Branch Walk-in,,ภาสวุฒิ บุนยะตีรณะ,0891331428,huntalexis@example.com,PRD-FD02,EMP00139,Converted,2025-06-20T14:37:00,14
LED000286,Cold Call,,มะลีวัลย์ นุ่มกัน,0655784290,ehawkins@example.org,PRD-SAV02,EMP00072,Contacted,2025-07-23T07:41:00,50
LED000287,Cold Call,,เกียรติก้อง วะคีมัน,0656911068,xwilliams@example.net,PRD-SAL01,EMP00441,Converted,2025-05-29T19:20:00,95
LED000288,Cold Call,CUS0009104,,0833279366,jody46@example.com,PRD-IN01,EMP00138,Qualified,2025-04-02T13:25:00,57
LED000289,Campaign,CUS0004349,,0980034042,ucompton@example.net,PRD-LN04,EMP00157,Converted,2025-03-24T02:14:00,26
LED000290,Cold Call,,ศรลักษณ์ บุญบำรุง,0886531858,thorntonjoseph@example.org,PRD-WL04,EMP00150,New,2025-03-10T05:03:00,58
LED000291,Branch Walk-in,,ณิชาภัทร ถนอมกุลบุตร,0878646257,jenniferrose@example.org,PRD-WL03,EMP00194,Qualified,2025-11-29T22:28:00,4
LED000292,Cold Call,CUS0007527,,0616299888,thomascantu@example.com,PRD-SAL01,EMP00357,Qualified,2025-03-10T16:55:00,37
LED000293,Campaign,CUS0008787,,0829966436,deborahmontgomery@example.net,PRD-WL03,EMP00490,Disqualified,2025-11-08T02:39:00,23
LED000294,Web Form,,สุภาพร ถนอมพล,0810585782,tracy67@example.org,PRD-WL03,EMP00302,Contacted,2025-01-24T01:42:00,13
LED000295,Partner,,เทพณรงค์ ไทยแท้,0993273911,bruce73@example.com,PRD-WL04,EMP00199,Converted,2025-04-10T00:55:00,59
LED000296,Cold Call,,เพชรมณี ดาบเงิน,0958010013,edwardfitzgerald@example.net,PRD-LN04,EMP00292,Disqualified,2025-12-21T15:12:00,13
LED000297,Cold Call,CUS0004429,,0843836998,hughesjonathan@example.net,PRD-LN04,EMP00013,Converted,2025-12-16T12:39:00,70
LED000298,Referral,,ธมน ถมังรักษสัตว์,0914985801,zsmith@example.com,PRD-FD01,EMP00493,Qualified,2025-07-25T23:32:00,33
LED000299,Referral,,ปิยนาฎ ติระคมน์,0968184170,ablackburn@example.com,PRD-CC01,EMP00343,New,2025-02-27T20:41:00,90
LED000300,Campaign,CUS0005462,,0886977656,robert68@example.com,PRD-DC01,EMP00202,Converted,2025-07-14T03:01:00,99
LED000301,Branch Walk-in,CUS0004983,,0859261982,jeffrey62@example.org,PRD-LN03,EMP00486,Converted,2025-04-08T05:03:00,82
LED000302,Referral,CUS0000874,,0952666588,sheppardjonathon@example.org,PRD-WL01,EMP00089,Disqualified,2025-10-28T03:48:00,6
LED000303,Referral,CUS0000019,,0665370936,jacobholder@example.org,PRD-FD01,EMP00448,Disqualified,2025-09-03T07:44:00,0
LED000304,Branch Walk-in,CUS0000139,,0984928529,hesskimberly@example.org,PRD-CC03,EMP00379,Converted,2025-07-31T04:49:00,27
LED000305,Cold Call,CUS0008602,,0947807118,cgarcia@example.com,PRD-SAV02,EMP00488,Disqualified,2025-01-03T20:49:00,41
LED000306,Partner,,เจษฎากร อุ่นอก,0829799193,palmerfrank@example.org,PRD-LN03,EMP00164,Qualified,2025-04-11T14:11:00,94
LED000307,Web Form,,พีระพงศ์พันธ์ นักรบ,0893669142,dfuller@example.com,PRD-IN02,EMP00155,Contacted,2025-07-08T04:21:00,71
LED000308,Branch Walk-in,CUS0007630,,0651177339,nicholas35@example.org,PRD-LN04,EMP00440,Qualified,2025-02-01T07:05:00,8
LED000309,Campaign,,โอภาส ธูปะวิโรจน์,0989991999,willisgeorge@example.com,PRD-FD01,EMP00453,Qualified,2025-01-16T16:31:00,92
LED000310,Partner,,พีรพัฒน์ ตระกูลบุญ,0659809557,carrillomichelle@example.com,PRD-SAV01,EMP00061,Contacted,2025-11-02T07:35:00,23
LED000311,Branch Walk-in,CUS0002569,,0989074287,billyelliott@example.com,PRD-SAV02,EMP00023,Contacted,2025-04-04T00:02:00,37
LED000312,Partner,CUS0003133,,0674309128,danielle50@example.com,PRD-WL02,EMP00237,Converted,2026-01-02T15:45:00,86
LED000313,Branch Walk-in,CUS0005308,,0926276844,laurie45@example.com,PRD-LN03,EMP00474,Qualified,2025-01-21T15:05:00,0
LED000314,Cold Call,,ชนิศา นรวิทย์โชติกุล,0891464252,robert14@example.net,PRD-DC01,EMP00427,Qualified,2025-01-27T12:35:00,24
LED000315,Partner,CUS0005575,,0699969259,thomasjohnson@example.com,PRD-WL01,EMP00376,Contacted,2025-10-29T17:00:00,93
LED000316,Web Form,,คมคาย ธุวะนุติ์,0990835663,haledonna@example.com,PRD-LN04,EMP00161,Qualified,2025-01-14T14:02:00,29
LED000317,Web Form,CUS0009178,,0647480557,sandramoore@example.org,PRD-DG01,EMP00275,Disqualified,2025-04-24T01:42:00,88
LED000318,Web Form,,พิศพรรณ ไสยกิจ,0843989800,danielle21@example.org,PRD-SAV01,EMP00199,Disqualified,2025-10-11T09:41:00,65
LED000319,Branch Walk-in,,วีร์สุดา น้ำทิพย์,0925298697,vargashannah@example.net,PRD-CC04,EMP00026,Contacted,2026-01-27T05:53:00,57
LED000320,Web Form,,มาสิตะ เนื่องนนท์,0910900154,nicolemurphy@example.com,PRD-WL03,EMP00203,Qualified,2025-01-12T22:36:00,20
LED000321,Web Form,CUS0000260,,0892845194,eddieclayton@example.com,PRD-LN03,EMP00115,Disqualified,2025-05-05T17:14:00,46
LED000322,Web Form,,กุลภาวลัย ทองเนื้อดี,0678105768,elizabethcollins@example.net,PRD-DG02,EMP00445,Contacted,2025-06-30T16:02:00,91
LED000323,Branch Walk-in,,เอนกพงศ์ หนักแน่น,0657667400,ymoore@example.net,PRD-DG02,EMP00244,New,2025-09-29T20:33:00,40
LED000324,Web Form,,อรจิรา ชุมวระ,0845679660,amy55@example.org,PRD-FD03,EMP00439,Contacted,2025-03-19T02:16:00,46
LED000325,Campaign,,นิมุ วุฑฒยากร,0856040462,antonio52@example.com,PRD-FD01,EMP00204,Qualified,2026-02-04T23:24:00,5
LED000326,Cold Call,,ธนนนท์ ศิวะวรเวท,0630819204,rachel01@example.org,PRD-IN02,EMP00079,Disqualified,2025-09-18T21:35:00,93
LED000327,Referral,,ตอฮา ขำเอนก,0697947496,elliottroger@example.net,PRD-DC02,EMP00081,Contacted,2025-11-06T08:10:00,50
LED000328,Partner,CUS0002074,,0672749736,erinedwards@example.com,PRD-IN01,EMP00078,Contacted,2026-03-27T11:04:00,73
LED000329,Web Form,CUS0005674,,0911846417,joshua65@example.com,PRD-CC02,EMP00376,Contacted,2025-08-31T21:04:00,27
LED000330,Cold Call,CUS0001718,,0893196141,michaeljoseph@example.com,PRD-IN02,EMP00077,Disqualified,2025-06-05T14:17:00,67
LED000331,Cold Call,,ปิยนาฎ ขำเอนก,0898691171,oowens@example.org,PRD-CC03,EMP00002,Disqualified,2025-10-05T19:27:00,17
LED000332,Web Form,,มูฮัมหมัดอิมรอน ธูปะวิโรจน์,0852932601,daltonbond@example.com,PRD-WL04,EMP00346,Qualified,2025-04-11T16:34:00,54
LED000333,Cold Call,,วรรณชนะชัย ตันยา,0862544123,karenkramer@example.net,PRD-DC02,EMP00155,Qualified,2025-02-26T16:18:00,29
LED000334,Cold Call,CUS0002062,,0954518775,jeffreybecker@example.com,PRD-CC02,EMP00381,Converted,2025-05-24T16:15:00,27
LED000335,Web Form,CUS0001507,,0617724763,lindseybrenda@example.net,PRD-LN04,EMP00253,Disqualified,2026-02-02T02:41:00,36
LED000336,Web Form,CUS0003681,,0922351562,kathrynsloan@example.org,PRD-CC03,EMP00228,Contacted,2025-06-25T16:46:00,75
LED000337,Branch Walk-in,,มะลีวัลย์ นุชแนวนุ่ม,0990575263,craigbarrett@example.com,PRD-DG02,EMP00493,Qualified,2026-03-28T05:12:00,11
LED000338,Campaign,,ประไพพักตร์ ฉัตรอภิเที่ยงค่ำ,0637508775,williamsvictor@example.org,PRD-LN01,EMP00254,Disqualified,2025-07-25T13:29:00,51
LED000339,Branch Walk-in,,รอกีเย๊าะ เช้าวันดี,0818158275,yguzman@example.org,PRD-CC01,EMP00451,Disqualified,2025-06-24T01:45:00,84
LED000340,Branch Walk-in,,จำรัส ถนอมกุลบุตร,0838948167,leslie85@example.com,PRD-WL03,EMP00418,Disqualified,2026-02-01T13:25:00,99
LED000341,Referral,CUS0007607,,0990961814,jordanjay@example.com,PRD-CC04,EMP00437,Qualified,2026-03-03T09:30:00,39
LED000342,Partner,CUS0002680,,0818976850,sarah53@example.com,PRD-CC01,EMP00349,Disqualified,2025-12-24T08:50:00,77
LED000343,Branch Walk-in,,ใกล้รุ่ง ฉิมพาลี,0922921397,mitchellalyssa@example.com,PRD-LN02,EMP00410,Disqualified,2025-04-01T11:25:00,1
LED000344,Referral,CUS0000882,,0912116000,jameselliott@example.net,PRD-DC02,EMP00327,New,2026-03-16T11:42:00,50
LED000345,Web Form,CUS0001044,,0864803776,cameronwilliams@example.org,PRD-CC04,EMP00500,Qualified,2025-12-10T22:20:00,56
LED000346,Cold Call,CUS0006620,,0983509819,heidi45@example.net,PRD-FD03,EMP00295,New,2025-04-27T12:09:00,6
LED000347,Cold Call,CUS0000705,,0963261138,james89@example.net,PRD-SAV02,EMP00015,New,2025-04-17T16:09:00,90
LED000348,Cold Call,,ปรมินทร์ ไทไชโย,0925053941,diana47@example.net,PRD-LN01,EMP00286,Converted,2025-04-06T00:13:00,58
LED000349,Referral,CUS0000730,,0840346873,tharris@example.org,PRD-FD03,EMP00210,Converted,2025-05-10T12:15:00,91
LED000350,Web Form,CUS0006746,,0851019214,clane@example.net,PRD-CC02,EMP00117,Contacted,2025-01-23T19:09:00,34
LED000351,Cold Call,,วัลยา งามพิเชษฐ์,0988924485,curtis49@example.com,PRD-DG01,EMP00319,Qualified,2025-01-01T12:05:00,92
LED000352,Partner,,ดารุนี ธุวะนุติ์,0671598927,ricardo63@example.org,PRD-DC02,EMP00422,Contacted,2025-11-17T11:59:00,53
LED000353,Partner,CUS0007087,,0623671886,hintonandrew@example.com,PRD-SAV02,EMP00025,Converted,2026-02-09T20:38:00,34
LED000354,Web Form,CUS0009825,,0655217340,rachel70@example.com,PRD-LN04,EMP00301,Converted,2026-02-01T20:50:00,31
LED000355,Referral,,จักรพันธ์ ด้วงโสน,0875591998,richardweber@example.com,PRD-LN03,EMP00417,Converted,2026-04-15T13:53:00,3
LED000356,Campaign,,วีระวัฒน์ นุตตาร,0961077831,stephanielopez@example.com,PRD-IN01,EMP00089,Converted,2025-01-13T23:32:00,29
LED000357,Referral,,จรรยพร เนตร์มณี,0863322280,gloria08@example.com,PRD-CUR01,EMP00066,Disqualified,2025-08-08T13:06:00,46
LED000358,Cold Call,,อินทรีย์ นิษประปัญจ์,0954260909,wlane@example.org,PRD-SAV01,EMP00189,Disqualified,2025-07-24T12:05:00,92
LED000359,Campaign,,มารีนี ถนัดภาษา,0857467473,christinamontoya@example.org,PRD-LN02,EMP00209,Contacted,2025-02-15T07:10:00,66
LED000360,Web Form,CUS0009461,,0938348183,aaronleach@example.net,PRD-LN04,EMP00136,Converted,2025-02-15T14:58:00,36
LED000361,Partner,,ชัชนันท์ ธรรมเมธา,0954094881,brianchavez@example.com,PRD-SAV02,EMP00496,New,2026-03-05T22:42:00,35
LED000362,Partner,CUS0005438,,0814241430,christopher32@example.org,PRD-FD03,EMP00419,Qualified,2026-01-19T18:57:00,63
LED000363,Referral,CUS0005791,,0981545365,millerrobert@example.com,PRD-DG02,EMP00139,New,2026-04-30T17:03:00,85
LED000364,Campaign,,อับดุลเลาะห์ ถนัดเดินข่าว,0645047721,njennings@example.com,PRD-CC01,EMP00010,New,2026-02-27T22:16:00,90
LED000365,Campaign,CUS0001403,,0838286653,ibarber@example.org,PRD-WL01,EMP00353,Contacted,2025-08-06T07:18:00,61
LED000366,Campaign,,ปวีณ ตั้งกุลงาม,0661245798,julierivera@example.org,PRD-CC04,EMP00476,New,2025-07-24T00:21:00,43
LED000367,Referral,CUS0000085,,0899950687,egilbert@example.org,PRD-WL02,EMP00280,Qualified,2025-11-27T23:05:00,5
LED000368,Referral,,ธัญญามาศ นากกนก,0998795629,laura95@example.org,PRD-DC01,EMP00080,New,2025-10-17T04:39:00,55
LED000369,Branch Walk-in,CUS0001651,,0983612146,jessica51@example.org,PRD-IN01,EMP00140,Qualified,2025-05-28T15:03:00,47
LED000370,Branch Walk-in,CUS0005847,,0821498646,michael65@example.net,PRD-CUR01,EMP00141,New,2025-08-16T19:14:00,49
LED000371,Web Form,,นภัสรินทร์ คณานุรักษ์,0884854808,christine04@example.org,PRD-SAV02,EMP00341,New,2026-03-02T11:44:00,78
LED000372,Web Form,CUS0000552,,0999244614,eric44@example.net,PRD-FD01,EMP00295,Disqualified,2026-02-08T01:18:00,75
LED000373,Referral,,ปิยนุช ด้วงโสน,0945497273,millertyler@example.org,PRD-FD03,EMP00285,Converted,2025-03-01T02:37:00,100
LED000374,Branch Walk-in,CUS0005125,,0675282431,john65@example.org,PRD-CC04,EMP00487,Disqualified,2025-04-22T11:54:00,6
LED000375,Partner,,คณภรณ์ ทองเนื้อดี,0830864710,robertsondouglas@example.org,PRD-SAL01,EMP00352,Qualified,2025-12-21T04:40:00,94
LED000376,Cold Call,,เอกชัย สังข์กรด,0879296576,jeremy73@example.org,PRD-DC02,EMP00319,Qualified,2025-01-24T07:42:00,23
LED000377,Partner,CUS0006833,,0982150964,lopezjoe@example.org,PRD-DG01,EMP00157,Disqualified,2026-04-20T07:55:00,24
LED000378,Cold Call,CUS0006798,,0894626845,james26@example.org,PRD-FD02,EMP00151,Contacted,2025-07-01T13:08:00,65
LED000379,Cold Call,,จิตรลดา นิละทัต,0647891974,andersonpamela@example.org,PRD-WL02,EMP00320,Contacted,2025-05-30T16:09:00,94
LED000380,Cold Call,CUS0008906,,0821567679,lewisbryan@example.org,PRD-LN03,EMP00386,Qualified,2025-10-13T08:32:00,64
LED000381,Branch Walk-in,CUS0007616,,0948304220,kgriffin@example.net,PRD-DG01,EMP00323,New,2025-01-05T17:13:00,45
LED000382,Referral,CUS0000276,,0931314407,kennethwilliams@example.com,PRD-FD02,EMP00230,Converted,2025-08-08T02:19:00,35
LED000383,Web Form,CUS0003981,,0931393317,stevenskelly@example.com,PRD-FD01,EMP00441,Disqualified,2025-02-11T18:52:00,93
LED000384,Campaign,CUS0006117,,0818889632,wdavis@example.net,PRD-IN02,EMP00493,Converted,2025-09-05T15:35:00,52
LED000385,Campaign,CUS0007075,,0672573133,scott56@example.com,PRD-DG02,EMP00450,Qualified,2025-10-08T01:16:00,16
LED000386,Partner,CUS0006132,,0896796790,davidadams@example.org,PRD-IN01,EMP00377,Qualified,2025-10-01T11:28:00,75
LED000387,Partner,CUS0005983,,0646339253,rrice@example.com,PRD-FD02,EMP00204,Converted,2025-06-12T16:30:00,54
LED000388,Branch Walk-in,CUS0007138,,0879651695,wbean@example.com,PRD-LN02,EMP00333,Qualified,2026-02-01T18:26:00,46
LED000389,Branch Walk-in,,ขวัญรุ้ง ทวนไชย์,0856145090,vanessa57@example.org,PRD-SAL01,EMP00259,Contacted,2025-10-24T17:12:00,40
LED000390,Partner,CUS0007983,,0994179295,wilsonbenjamin@example.org,PRD-LN01,EMP00402,Disqualified,2025-09-19T09:32:00,26
LED000391,Web Form,CUS0001507,,0676068574,montoyabrenda@example.org,PRD-WL04,EMP00393,Contacted,2025-05-12T10:39:00,32
LED000392,Branch Walk-in,CUS0009025,,0899014195,vargasdouglas@example.org,PRD-FD03,EMP00337,New,2025-10-12T16:30:00,96
LED000393,Referral,CUS0009535,,0883084151,parksjohn@example.net,PRD-FD01,EMP00245,Qualified,2025-07-04T05:49:00,43
LED000394,Branch Walk-in,,เทียมศักดิ์ ทัศนสุทธิ,0687127416,felicia94@example.org,PRD-CC04,EMP00349,Contacted,2025-03-17T08:53:00,43
LED000395,Cold Call,,สีหราช ตันตราจิณ,0957487456,brittany63@example.org,PRD-DC02,EMP00025,Disqualified,2025-12-23T05:34:00,76
LED000396,Web Form,CUS0003293,,0881928834,martinezwalter@example.net,PRD-DC01,EMP00452,Contacted,2025-02-02T02:54:00,77
LED000397,Web Form,CUS0005465,,0615267760,joshua24@example.com,PRD-WL01,EMP00477,New,2025-01-23T20:20:00,47
LED000398,Partner,,จักรชัย ไทไชโย,0866312075,woodchristopher@example.net,PRD-DG02,EMP00202,Disqualified,2025-09-09T17:12:00,5
LED000399,Campaign,CUS0004344,,0838903345,torresbrittany@example.com,PRD-CC01,EMP00478,New,2025-12-25T00:15:00,4
LED000400,Partner,,คมกฤชญ์ นิยมเซียม,0950692263,jonathananderson@example.net,PRD-DC02,EMP00309,Qualified,2025-02-15T02:15:00,46
LED000401,Referral,CUS0001858,,0927837212,ramosvicki@example.org,PRD-DC02,EMP00197,Converted,2025-06-02T19:03:00,53
LED000402,Cold Call,,ณภัทร เนื้อนุ่ม,0621218003,dylanhansen@example.net,PRD-SAL01,EMP00449,Disqualified,2025-12-30T23:44:00,43
LED000403,Branch Walk-in,,ปภาวรินทร์ ศิวะวรเวท,0971520506,chanteresa@example.com,PRD-CC01,EMP00203,Qualified,2025-05-12T18:16:00,54
LED000404,Campaign,,กุลปรียา ทันยุค,0682557033,ydaugherty@example.org,PRD-WL03,EMP00420,Disqualified,2026-02-09T20:51:00,47
LED000405,Cold Call,CUS0001523,,0995067218,elizabeth53@example.org,PRD-DC02,EMP00141,Qualified,2025-08-05T21:56:00,24
LED000406,Branch Walk-in,CUS0002938,,0627230285,clarkmariah@example.com,PRD-LN04,EMP00127,Disqualified,2026-03-13T05:42:00,35
LED000407,Campaign,CUS0003044,,0849787411,walkertroy@example.com,PRD-SAV02,EMP00233,Qualified,2025-11-22T07:47:00,46
LED000408,Cold Call,CUS0003738,,0812738364,marshalljason@example.org,PRD-FD02,EMP00167,Disqualified,2025-02-06T08:54:00,27
LED000409,Branch Walk-in,CUS0007873,,0828128700,kmills@example.com,PRD-SAV02,EMP00217,Converted,2026-03-07T04:00:00,73
LED000410,Campaign,CUS0005668,,0933838634,robinsonstephanie@example.org,PRD-LN03,EMP00379,Disqualified,2025-05-12T21:41:00,52
LED000411,Campaign,,โชคภาดล นิละทัต,0822366238,brent76@example.com,PRD-DC01,EMP00049,Disqualified,2025-02-25T10:04:00,69
LED000412,Web Form,,เจตธนากร ศรีธนะเวทย์,0845120293,wallacemelissa@example.net,PRD-SAV02,EMP00242,Disqualified,2025-05-28T08:08:00,61
LED000413,Cold Call,CUS0000959,,0921809245,juliewagner@example.org,PRD-LN03,EMP00394,Contacted,2025-03-16T10:59:00,99
LED000414,Partner,CUS0004271,,0628626346,richard18@example.org,PRD-CUR01,EMP00460,Converted,2025-09-21T11:40:00,44
LED000415,Partner,CUS0003743,,0959785419,kmartin@example.org,PRD-SAV01,EMP00161,Converted,2025-04-07T10:40:00,65
LED000416,Branch Walk-in,CUS0001411,,0859858141,sgutierrez@example.net,PRD-CC04,EMP00238,Disqualified,2025-05-31T04:07:00,5
LED000417,Branch Walk-in,,ปัตถพงษ์ เขียวอ่อน,0820156096,james87@example.com,PRD-FD02,EMP00369,Qualified,2025-11-02T15:20:00,27
LED000418,Branch Walk-in,CUS0005658,,0852508306,mvalentine@example.com,PRD-FD03,EMP00198,New,2025-12-26T18:02:00,88
LED000419,Campaign,CUS0005897,,0869758379,dtaylor@example.net,PRD-IN01,EMP00434,New,2025-04-26T21:06:00,33
LED000420,Branch Walk-in,,นวรรษนันท์ บัวเผื่อน,0815646689,glenn97@example.net,PRD-LN01,EMP00164,Disqualified,2025-01-26T06:58:00,47
LED000421,Branch Walk-in,CUS0008457,,0848199708,kprice@example.net,PRD-WL03,EMP00371,Contacted,2025-01-06T08:35:00,50
LED000422,Campaign,CUS0004792,,0945997863,bradleysalazar@example.net,PRD-CC02,EMP00469,Qualified,2025-04-24T17:19:00,49
LED000423,Partner,,ดวงจันทร์ ถนิมมาศ,0890104727,james08@example.com,PRD-DG02,EMP00171,Contacted,2026-02-01T22:10:00,16
LED000424,Partner,CUS0005484,,0893234175,lisabryant@example.net,PRD-IN01,EMP00162,Contacted,2026-01-12T09:20:00,40
LED000425,Referral,CUS0001756,,0632180861,gary70@example.com,PRD-SAV02,EMP00363,New,2026-02-21T04:57:00,34
LED000426,Campaign,CUS0006299,,0818113620,christinabutler@example.com,PRD-LN04,EMP00499,Qualified,2025-04-28T11:49:00,8
LED000427,Branch Walk-in,,กิ่งแก้ว แนวพญา,0663671458,chasedana@example.com,PRD-SAV01,EMP00121,Qualified,2025-04-27T05:34:00,4
LED000428,Cold Call,CUS0001133,,0873434030,campbellshawn@example.org,PRD-SAV01,EMP00263,Disqualified,2025-08-22T20:46:00,82
LED000429,Campaign,CUS0008481,,0957804348,tammymiller@example.org,PRD-CC03,EMP00456,Qualified,2025-02-07T10:24:00,7
LED000430,Branch Walk-in,CUS0000854,,0845065548,ryan36@example.org,PRD-IN02,EMP00475,Disqualified,2025-12-09T20:46:00,43
LED000431,Campaign,,มาสิตะ ธนูปกรณ์,0676667960,ulucas@example.org,PRD-DC01,EMP00419,Qualified,2025-05-21T14:03:00,12
LED000432,Web Form,CUS0000393,,0686927010,ucantrell@example.net,PRD-LN01,EMP00353,Disqualified,2025-12-19T16:35:00,2
LED000433,Campaign,CUS0008273,,0947084070,yburns@example.org,PRD-WL02,EMP00201,Qualified,2025-12-30T08:18:00,67
LED000434,Web Form,,ปัณณธร ทรงโกมล,0999100723,reyespenny@example.org,PRD-WL01,EMP00406,Converted,2025-11-15T19:32:00,45
LED000435,Campaign,CUS0005890,,0912548206,jeffrey45@example.net,PRD-FD03,EMP00373,New,2025-08-28T01:00:00,85
LED000436,Branch Walk-in,CUS0000027,,0942888262,cbryan@example.com,PRD-LN03,EMP00358,Converted,2025-08-07T13:52:00,98
LED000437,Referral,,วรดาพร ถาวรายุศม์,0898929686,millerthomas@example.com,PRD-LN01,EMP00105,Disqualified,2025-03-12T00:06:00,28
LED000438,Cold Call,CUS0004618,,0619050175,martinpeter@example.net,PRD-CUR01,EMP00471,Qualified,2026-03-09T23:17:00,54
LED000439,Referral,CUS0001426,,0898466160,smithcolleen@example.org,PRD-FD02,EMP00414,New,2025-09-02T20:30:00,98
LED000440,Cold Call,CUS0006347,,0989732351,kchavez@example.org,PRD-CUR01,EMP00319,Disqualified,2026-02-21T01:41:00,66
LED000441,Web Form,,สุทธิณัฐ บุนยะศัพท์,0610204211,yholland@example.net,PRD-SAV02,EMP00144,Disqualified,2025-09-04T16:09:00,67
LED000442,Partner,,พิชาภพ อัตตนาถ,0678553445,dustinwilliams@example.com,PRD-DC01,EMP00324,Qualified,2025-08-21T14:01:00,93
LED000443,Web Form,CUS0005367,,0844327070,hilladam@example.org,PRD-FD02,EMP00413,Disqualified,2026-01-30T22:05:00,94
LED000444,Cold Call,CUS0005284,,0879191959,bcontreras@example.org,PRD-SAV02,EMP00012,Contacted,2025-10-25T18:55:00,6
LED000445,Cold Call,CUS0004322,,0615129874,nicholas15@example.org,PRD-DC01,EMP00049,Converted,2025-08-02T13:44:00,1
LED000446,Campaign,,สันชัย ทองสีไพล,0971139751,samuel41@example.org,PRD-LN04,EMP00417,Qualified,2025-03-21T15:56:00,0
LED000447,Cold Call,,สิราพร ขอหมั่นกลาง,0991716248,david85@example.net,PRD-LN03,EMP00263,Converted,2025-10-21T03:43:00,93
LED000448,Branch Walk-in,,อลิษา ทองสีไพล,0888077822,samuel60@example.com,PRD-WL01,EMP00019,Contacted,2026-03-14T21:48:00,74
LED000449,Campaign,,วีรชัย ดัตพันธุ์,0654225906,cruznicole@example.net,PRD-WL01,EMP00309,Qualified,2026-03-13T14:45:00,26
LED000450,Referral,CUS0004454,,0930728404,hoffmantiffany@example.org,PRD-IN02,EMP00449,Disqualified,2025-03-02T20:33:00,24
LED000451,Web Form,CUS0004647,,0830992447,wlewis@example.com,PRD-WL02,EMP00027,Disqualified,2026-03-04T00:04:00,24
LED000452,Campaign,CUS0004898,,0637319931,david88@example.net,PRD-CC01,EMP00112,New,2025-04-29T05:00:00,39
LED000453,Branch Walk-in,,วิสาร ตัณฑนุช,0964305229,ramirezmelissa@example.net,PRD-IN01,EMP00236,Disqualified,2026-05-01T20:16:00,82
LED000454,Branch Walk-in,,สิริลัดดา ถ้วนศรี,0656870316,fballard@example.net,PRD-LN02,EMP00109,Disqualified,2026-01-28T03:17:00,65
LED000455,Campaign,CUS0009013,,0820646403,jessica56@example.com,PRD-FD03,EMP00260,Converted,2025-11-20T02:56:00,44
LED000456,Campaign,CUS0008453,,0847068729,pkeller@example.org,PRD-SAV02,EMP00461,Contacted,2025-03-04T13:05:00,65
LED000457,Web Form,CUS0005946,,0975329293,kkidd@example.com,PRD-WL01,EMP00258,Contacted,2025-03-08T00:17:00,81
LED000458,Campaign,CUS0006628,,0640146855,brookeroberts@example.org,PRD-FD03,EMP00340,Contacted,2025-09-02T07:38:00,65
LED000459,Cold Call,CUS0000078,,0849194035,turnerjason@example.net,PRD-LN04,EMP00392,Qualified,2025-02-25T06:24:00,94
LED000460,Cold Call,,สิทธิชัย มิ่งขวัญ,0914762691,amanda89@example.com,PRD-CC02,EMP00377,Disqualified,2025-10-26T17:07:00,0
LED000461,Campaign,CUS0004838,,0868719834,rriley@example.com,PRD-SAV01,EMP00412,Qualified,2025-03-31T15:43:00,51
LED000462,Referral,,ทานตะวัน ทับทิมไทย,0653313497,veronicacameron@example.net,PRD-LN04,EMP00301,Converted,2026-01-08T18:44:00,22
LED000463,Web Form,CUS0000607,,0936673036,jason51@example.net,PRD-WL04,EMP00187,Qualified,2025-08-16T15:39:00,2
LED000464,Web Form,,ไพสิฐ ศิวะวรเวท,0924804450,jwright@example.net,PRD-IN02,EMP00091,Converted,2025-03-18T03:49:00,64
LED000465,Cold Call,,วิชา ยางสวย,0621345502,thomashurst@example.com,PRD-FD01,EMP00253,Qualified,2026-02-02T19:18:00,32
LED000466,Partner,,ยศพนต์ หิรัญสาลี,0860620775,toddmonica@example.net,PRD-DG02,EMP00425,Converted,2025-06-22T10:58:00,9
LED000467,Partner,CUS0009843,,0659355168,qjohnson@example.org,PRD-IN01,EMP00418,Contacted,2025-05-10T03:36:00,5
LED000468,Partner,,สุทธิณัฐ ตระกูลบุญ,0997681007,stephanie68@example.org,PRD-CC01,EMP00265,Converted,2026-02-17T18:26:00,24
LED000469,Partner,CUS0005767,,0610504875,davisangela@example.net,PRD-CC04,EMP00378,Disqualified,2026-03-23T21:29:00,79
LED000470,Web Form,,กฤตพร เนื้อนุ่ม,0843233264,johnheath@example.org,PRD-CC02,EMP00441,Qualified,2026-01-03T20:59:00,52
LED000471,Branch Walk-in,CUS0008350,,0918922701,campbellamanda@example.com,PRD-LN04,EMP00054,Qualified,2025-06-26T18:47:00,32
LED000472,Cold Call,,เทอดศักดิ์ ทองสุกเลิศ,0832757867,megan30@example.net,PRD-DG01,EMP00496,Qualified,2025-08-01T17:40:00,67
LED000473,Partner,,อัครพนธ์ ขันธุลา,0946167103,danielnguyen@example.org,PRD-CC03,EMP00386,Qualified,2025-11-12T01:20:00,89
LED000474,Referral,,อรจิรา เจริญรัมย์,0655330274,bakersara@example.com,PRD-SAV01,EMP00204,Disqualified,2026-02-25T08:54:00,39
LED000475,Partner,,เกียรติศักดิ์ สงประเสริฐ,0828626669,timothy18@example.net,PRD-DG02,EMP00337,Qualified,2025-10-24T21:52:00,31
LED000476,Referral,CUS0003033,,0954460289,fostercynthia@example.net,PRD-LN04,EMP00380,New,2025-09-02T18:56:00,52
LED000477,Referral,,เฉลิมรัฐ นุ่มกัน,0869916854,shawn29@example.org,PRD-CUR01,EMP00123,Converted,2025-07-10T20:31:00,35
LED000478,Referral,CUS0006693,,0964657308,martinezjessica@example.com,PRD-CUR01,EMP00304,Disqualified,2025-08-21T11:18:00,93
LED000479,Campaign,CUS0002280,,0857606030,scottrandy@example.org,PRD-DG01,EMP00155,Contacted,2025-10-23T20:43:00,14
LED000480,Campaign,CUS0002513,,0855131864,moorecarrie@example.org,PRD-WL03,EMP00403,Disqualified,2026-03-15T22:06:00,47
LED000481,Cold Call,CUS0001269,,0666328293,aguirredana@example.net,PRD-SAV02,EMP00162,Contacted,2026-02-07T01:37:00,45
LED000482,Web Form,CUS0000572,,0884544204,jack83@example.com,PRD-IN02,EMP00409,New,2025-12-01T16:22:00,21
LED000483,Campaign,,สมมล เดชวา,0921949685,lorettamorales@example.net,PRD-DG01,EMP00163,Contacted,2025-04-14T06:36:00,64
LED000484,Partner,CUS0003006,,0622728765,leachlance@example.net,PRD-DC02,EMP00476,Qualified,2025-08-30T22:08:00,86
LED000485,Cold Call,CUS0007153,,0675534653,kayla55@example.net,PRD-LN04,EMP00080,Qualified,2025-07-27T14:44:00,1
LED000486,Cold Call,CUS0007428,,0952740795,samanthaevans@example.net,PRD-CC01,EMP00355,Disqualified,2025-10-23T02:17:00,34
LED000487,Branch Walk-in,,ศุภาศิล เนื่องนนท์,0644479861,claudia59@example.com,PRD-CC01,EMP00018,Qualified,2025-08-08T23:21:00,26
LED000488,Web Form,,อรพิณ ถาวระวรณ์,0855049513,john44@example.net,PRD-LN02,EMP00440,Disqualified,2026-04-14T12:43:00,61
LED000489,Referral,CUS0004006,,0676719508,ihenderson@example.net,PRD-DC01,EMP00070,Disqualified,2025-10-05T03:30:00,40
LED000490,Branch Walk-in,CUS0003786,,0683215770,dawnroach@example.com,PRD-WL03,EMP00480,Contacted,2025-05-05T21:20:00,66
LED000491,Web Form,,เอกชัย คำลือ,0614255559,jacob44@example.org,PRD-WL01,EMP00345,Qualified,2025-12-19T11:02:00,77
LED000492,Referral,,พันเทพ ศิวะวรเวท,0660981610,iwhite@example.com,PRD-LN02,EMP00107,New,2025-03-11T03:30:00,68
LED000493,Web Form,CUS0005889,,0824224205,vscott@example.com,PRD-WL01,EMP00390,New,2025-07-30T05:49:00,59
LED000494,Branch Walk-in,,จิตตานันท์ ธรรมฤดี,0670147282,samantha52@example.org,PRD-DC02,EMP00151,Converted,2025-07-19T16:46:00,27
LED000495,Cold Call,CUS0002468,,0654590140,laura87@example.com,PRD-LN04,EMP00036,New,2025-09-08T15:13:00,88
LED000496,Referral,,วรรณกร พรรษาสกุล,0675430800,jesse95@example.com,PRD-DC01,EMP00185,New,2026-01-30T00:45:00,87
LED000497,Partner,,พีรภัทร์ ตราชู,0685496878,ruth40@example.org,PRD-DC01,EMP00212,Converted,2025-07-26T23:10:00,92
LED000498,Campaign,,นุจรี นุชแนวนุ่ม,0951180229,adkinssandra@example.org,PRD-FD01,EMP00149,Qualified,2025-09-02T22:14:00,13
LED000499,Campaign,,เอกวิทย์ จันอ้น,0843379477,kelly52@example.org,PRD-WL02,EMP00259,Converted,2025-11-16T16:06:00,70
LED000500,Cold Call,CUS0000648,,0945020230,david83@example.org,PRD-WL04,EMP00027,New,2025-11-02T10:07:00,27
LED000501,Cold Call,,กะดิรัตน์ ทองสีไพล,0825139337,reynoldsdavid@example.net,PRD-LN01,EMP00434,Disqualified,2026-04-21T18:40:00,32
LED000502,Campaign,CUS0000281,,0927185193,gstrickland@example.com,PRD-CUR01,EMP00432,Converted,2025-03-06T06:00:00,44
LED000503,Campaign,CUS0009584,,0889259964,stevenfields@example.org,PRD-WL02,EMP00229,Qualified,2025-03-04T04:17:00,18
LED000504,Referral,CUS0006164,,0950658918,laurastevens@example.com,PRD-DC01,EMP00204,Qualified,2025-04-04T04:07:00,73
LED000505,Campaign,,กองสิน แต้กุล,0679777940,erichorn@example.net,PRD-DC02,EMP00123,Contacted,2025-12-17T02:42:00,46
LED000506,Referral,CUS0000358,,0828212912,robert58@example.com,PRD-FD01,EMP00487,New,2025-07-24T05:56:00,63
LED000507,Campaign,CUS0008560,,0965333536,ashley30@example.org,PRD-FD03,EMP00017,Contacted,2025-02-22T05:10:00,77
LED000508,Partner,CUS0003931,,0883963115,megan76@example.org,PRD-LN03,EMP00378,New,2025-07-16T01:42:00,98
LED000509,Partner,CUS0009464,,0868640061,anthonyosborne@example.com,PRD-FD01,EMP00140,Converted,2026-04-12T15:42:00,92
LED000510,Referral,CUS0001744,,0697367830,jacksontonya@example.org,PRD-SAV01,EMP00344,Disqualified,2026-02-10T21:54:00,66
LED000511,Branch Walk-in,CUS0005498,,0972274109,charles00@example.net,PRD-SAL01,EMP00165,Converted,2025-02-12T17:55:00,61
LED000512,Web Form,CUS0009000,,0616477771,johnsonrita@example.org,PRD-SAL01,EMP00160,Contacted,2026-04-16T09:54:00,78
LED000513,Referral,,โกวิทย์ ฉัตรอภิเที่ยงค่ำ,0857573304,wilsoncharles@example.com,PRD-SAV01,EMP00328,Contacted,2025-10-01T19:33:00,45
LED000514,Partner,CUS0007087,,0851073851,connie59@example.com,PRD-SAV01,EMP00081,Qualified,2025-02-10T00:03:00,61
LED000515,Branch Walk-in,CUS0007176,,0616835815,xpowers@example.net,PRD-CUR01,EMP00449,New,2025-08-19T20:05:00,81
LED000516,Referral,CUS0007842,,0878147369,asnyder@example.net,PRD-SAV01,EMP00078,New,2025-01-09T01:17:00,74
LED000517,Partner,,มะสูเกียน ไทยสุชาต,0829816954,leegallagher@example.net,PRD-DC01,EMP00342,Contacted,2025-01-06T11:33:00,98
LED000518,Branch Walk-in,CUS0004949,,0826811660,hlewis@example.org,PRD-SAV01,EMP00396,Disqualified,2025-03-25T09:22:00,40
LED000519,Web Form,CUS0004278,,0612235343,vaughanrebecca@example.org,PRD-WL01,EMP00419,Disqualified,2025-10-17T20:42:00,7
LED000520,Campaign,,พรรณปพร พรสีมา,0833710996,hendricksethan@example.com,PRD-WL01,EMP00408,New,2025-05-27T07:41:00,74
LED000521,Cold Call,CUS0005513,,0848361439,tavery@example.org,PRD-DG02,EMP00461,Converted,2025-11-02T15:32:00,12
LED000522,Web Form,CUS0003436,,0823582892,tylercollins@example.org,PRD-CUR01,EMP00260,Contacted,2025-11-03T15:33:00,51
LED000523,Cold Call,CUS0004592,,0847084826,jessica30@example.org,PRD-WL04,EMP00191,Contacted,2025-11-25T08:06:00,27
LED000524,Partner,CUS0002082,,0927059040,jordanjohn@example.net,PRD-DC02,EMP00375,New,2025-01-21T04:01:00,26
LED000525,Cold Call,CUS0004831,,0942455502,smithtimothy@example.org,PRD-CC02,EMP00111,New,2025-09-25T09:23:00,92
LED000526,Web Form,,นันทวรรณ นิติสาขา,0659451174,dnelson@example.com,PRD-LN03,EMP00273,Converted,2025-01-02T19:05:00,93
LED000527,Web Form,CUS0008559,,0635351484,nathan21@example.org,PRD-WL03,EMP00372,Disqualified,2025-06-23T14:58:00,14
LED000528,Cold Call,CUS0007024,,0847792305,mark63@example.net,PRD-CC02,EMP00211,Converted,2025-11-16T16:40:00,12
LED000529,Referral,CUS0002674,,0828340485,davidjenkins@example.org,PRD-WL04,EMP00239,Converted,2025-10-31T11:09:00,11
LED000530,Cold Call,CUS0003605,,0920867757,mathewsrobert@example.net,PRD-SAL01,EMP00160,Disqualified,2025-09-28T08:39:00,87
LED000531,Web Form,CUS0006322,,0665391693,jeremychen@example.net,PRD-DG02,EMP00359,Converted,2025-07-27T12:14:00,73
LED000532,Campaign,CUS0003037,,0979793007,thomasjimenez@example.net,PRD-DG01,EMP00235,Disqualified,2025-02-14T16:19:00,35
LED000533,Branch Walk-in,,นิรันดร์ นุ่มกัน,0669418720,sharonduncan@example.org,PRD-IN02,EMP00330,New,2025-07-29T21:56:00,78
LED000534,Campaign,CUS0004129,,0811941940,michael04@example.org,PRD-DG02,EMP00350,Qualified,2025-12-14T07:02:00,14
LED000535,Partner,CUS0002231,,0614546036,lisakelly@example.net,PRD-WL03,EMP00090,Qualified,2026-02-23T10:29:00,99
LED000536,Web Form,,ธมลพรรณ บุญญาไลย์,0947236852,laurenroman@example.net,PRD-SAL01,EMP00276,Disqualified,2026-01-16T06:16:00,21
LED000537,Partner,CUS0001416,,0922425376,deanbrenda@example.net,PRD-DG02,EMP00179,Qualified,2025-09-10T22:08:00,68
LED000538,Cold Call,,วันฉัตร เวียงจันทึก,0837537178,gilmoredavid@example.com,PRD-FD02,EMP00355,Qualified,2025-07-06T14:20:00,69
LED000539,Referral,,ฟิรยา พรรษาสกุล,0832877082,kbell@example.com,PRD-CC01,EMP00445,New,2025-03-15T05:53:00,53
LED000540,Cold Call,CUS0000943,,0910511291,jeremywalker@example.com,PRD-CUR01,EMP00024,Qualified,2026-02-08T00:23:00,15
LED000541,Referral,CUS0006405,,0932295473,wharris@example.com,PRD-CC02,EMP00222,Converted,2025-01-07T20:46:00,30
LED000542,Branch Walk-in,,ญาณพันธุ์ แนวพญา,0970240895,keith43@example.org,PRD-LN03,EMP00134,New,2026-02-18T17:18:00,31
LED000543,Cold Call,CUS0006207,,0693704356,dominguezchad@example.org,PRD-DG02,EMP00084,Qualified,2026-03-06T18:53:00,99
LED000544,Referral,CUS0005070,,0861560738,breanna55@example.com,PRD-WL03,EMP00283,New,2026-04-25T03:59:00,32
LED000545,Campaign,CUS0009914,,0992190136,heatherpeterson@example.org,PRD-WL02,EMP00008,Converted,2025-02-05T02:56:00,94
LED000546,Cold Call,,พิมพกานต์ ทวนทอง,0926759554,maddoxgabrielle@example.org,PRD-CC03,EMP00191,Qualified,2025-07-23T08:34:00,83
LED000547,Partner,CUS0003122,,0843498018,james64@example.net,PRD-LN02,EMP00242,New,2025-01-03T00:42:00,16
LED000548,Web Form,CUS0003575,,0629157931,andersonjames@example.com,PRD-DG02,EMP00055,Converted,2025-04-08T15:08:00,36
LED000549,Branch Walk-in,CUS0000273,,0914475864,johnsonbrandon@example.net,PRD-CC02,EMP00105,New,2026-03-18T05:56:00,41
LED000550,Cold Call,,ศรายุธ นุตตาร,0644077863,rogerstiffany@example.com,PRD-DC01,EMP00117,Contacted,2025-02-18T05:10:00,27
LED000551,Partner,CUS0000746,,0669429729,katie83@example.com,PRD-CC01,EMP00483,New,2025-02-03T00:32:00,33
LED000552,Cold Call,CUS0004278,,0637016775,robertsbrooke@example.com,PRD-LN02,EMP00365,Contacted,2025-07-14T17:13:00,66
LED000553,Campaign,CUS0008264,,0851497579,jimenezdillon@example.net,PRD-LN03,EMP00100,Disqualified,2025-03-19T08:44:00,47
LED000554,Cold Call,CUS0007822,,0880174455,paula75@example.com,PRD-LN04,EMP00073,Qualified,2025-03-13T20:27:00,22
LED000555,Cold Call,CUS0006307,,0627244829,phillipsthomas@example.org,PRD-LN03,EMP00394,Contacted,2025-06-27T02:37:00,90
LED000556,Cold Call,,วุฒิ ทวนไชย์,0961049471,smithrichard@example.org,PRD-CC01,EMP00352,Qualified,2025-01-21T15:47:00,46
LED000557,Web Form,CUS0004120,,0899265405,traciadams@example.org,PRD-DG01,EMP00447,New,2025-12-20T02:01:00,89
LED000558,Partner,CUS0001629,,0947740163,nathanbowers@example.org,PRD-IN01,EMP00256,New,2025-05-11T02:20:00,27
LED000559,Branch Walk-in,CUS0001585,,0953547979,brandon02@example.com,PRD-CC04,EMP00491,Contacted,2025-03-04T13:49:00,39
LED000560,Partner,,ขอดิเยาะ ผลบุญ,0692971249,hardingabrielle@example.com,PRD-CC01,EMP00261,Disqualified,2025-01-24T02:06:00,75
LED000561,Branch Walk-in,,เสรี เจริญรัมย์,0947498729,francisco83@example.net,PRD-FD02,EMP00216,Disqualified,2025-07-02T08:47:00,20
LED000562,Cold Call,,เรืองเกียรติ นากกนก,0853200887,hugheswesley@example.com,PRD-IN02,EMP00295,Disqualified,2026-02-15T16:19:00,31
LED000563,Cold Call,,มะสูเกียน ถนัดภาษา,0612088147,johnsonsandra@example.net,PRD-DC01,EMP00094,Disqualified,2026-02-01T18:24:00,72
LED000564,Branch Walk-in,CUS0009424,,0910416280,ashleymorris@example.net,PRD-CC04,EMP00079,Converted,2025-07-19T15:17:00,82
LED000565,Referral,CUS0009302,,0954764872,williamsjordan@example.net,PRD-DC01,EMP00147,Disqualified,2025-01-22T06:04:00,82
LED000566,Campaign,,จักรีรัตน์ เดชคุ้ม,0652193532,zrobinson@example.org,PRD-FD03,EMP00327,Qualified,2025-09-04T07:10:00,45
LED000567,Branch Walk-in,,บุญพา พีระเพ็ญกุล,0849430183,omccarthy@example.net,PRD-CC03,EMP00028,Converted,2025-06-20T01:25:00,53
LED000568,Referral,,ประวี ดาบเงิน,0853942964,othomas@example.net,PRD-SAV01,EMP00052,Converted,2025-04-08T04:29:00,41
LED000569,Web Form,CUS0008847,,0980699261,webbjames@example.com,PRD-LN02,EMP00318,Qualified,2025-05-25T11:09:00,25
LED000570,Branch Walk-in,CUS0001187,,0986267293,thomasalexis@example.com,PRD-LN04,EMP00421,Qualified,2025-10-21T23:25:00,82
LED000571,Cold Call,CUS0009408,,0634330476,elizabeth82@example.net,PRD-CC01,EMP00394,Disqualified,2025-08-27T07:32:00,75
LED000572,Cold Call,CUS0005254,,0939457734,nicolemitchell@example.org,PRD-CC04,EMP00064,Disqualified,2025-06-24T23:45:00,24
LED000573,Branch Walk-in,,สิราพร เนื่องนนท์,0664072087,alexiswoods@example.net,PRD-LN03,EMP00357,Disqualified,2025-11-06T00:01:00,92
LED000574,Cold Call,CUS0008445,,0964557055,holly68@example.net,PRD-FD03,EMP00089,Disqualified,2025-07-24T22:06:00,65
LED000575,Partner,CUS0003680,,0980809099,yvetteduncan@example.net,PRD-FD03,EMP00435,Qualified,2025-02-24T14:11:00,70
LED000576,Cold Call,,ณัฐธิตา ธาราธร,0674966147,hfarmer@example.net,PRD-IN01,EMP00445,Disqualified,2026-03-19T22:13:00,94
LED000577,Branch Walk-in,,สมปอง นามขำ,0690948019,walter64@example.com,PRD-WL01,EMP00445,New,2026-03-22T21:53:00,58
LED000578,Campaign,CUS0009368,,0819373284,jenniferreed@example.org,PRD-WL04,EMP00121,Disqualified,2025-09-25T19:13:00,99
LED000579,Referral,CUS0006453,,0959018564,franklinsamantha@example.org,PRD-WL03,EMP00312,Qualified,2026-01-17T17:51:00,74
LED000580,Referral,CUS0006591,,0885798848,taylorjohnson@example.com,PRD-SAL01,EMP00310,Qualified,2025-01-23T13:18:00,44
LED000581,Referral,CUS0005267,,0818011895,heatherbutler@example.net,PRD-SAV02,EMP00188,Converted,2025-09-19T07:13:00,23
LED000582,Web Form,,ทับทิม โพธิสัตย์,0966635931,duffydiana@example.org,PRD-WL04,EMP00005,Contacted,2025-12-07T03:05:00,62
LED000583,Referral,,สุพัตร บินดี,0825285366,frank19@example.com,PRD-WL02,EMP00052,Converted,2025-09-30T05:28:00,82
LED000584,Branch Walk-in,CUS0000076,,0625622754,ubaker@example.com,PRD-DC01,EMP00332,Converted,2025-08-07T11:56:00,73
LED000585,Branch Walk-in,CUS0003180,,0871171368,lmartinez@example.com,PRD-WL03,EMP00009,Disqualified,2025-07-30T00:19:00,74
LED000586,Web Form,CUS0005302,,0642874951,bryan78@example.com,PRD-LN01,EMP00331,New,2025-05-07T06:34:00,69
LED000587,Cold Call,CUS0009983,,0851809563,sabrina61@example.org,PRD-CC04,EMP00070,Disqualified,2025-04-05T22:32:00,47
LED000588,Branch Walk-in,CUS0005515,,0813268151,smithdorothy@example.net,PRD-CC04,EMP00149,Converted,2025-12-29T18:08:00,83
LED000589,Branch Walk-in,,ณิชาภัทร ธุวะนุติ์,0820130689,donaldhumphrey@example.net,PRD-CC01,EMP00091,Disqualified,2025-04-10T12:36:00,87
LED000590,Cold Call,CUS0001806,,0844716708,prandolph@example.com,PRD-DC01,EMP00202,New,2026-01-06T13:13:00,39
LED000591,Cold Call,,สุรนัย ธีวร,0864774488,ugallagher@example.com,PRD-CC01,EMP00088,Disqualified,2025-01-25T09:55:00,55
LED000592,Referral,,ฐิติวุฒิ สุวรรณหงษ์,0946966904,vjames@example.com,PRD-CC02,EMP00021,Qualified,2025-01-07T18:03:00,97
LED000593,Cold Call,CUS0004271,,0880916935,johnsonemily@example.com,PRD-WL03,EMP00182,Contacted,2025-02-11T16:59:00,70
LED000594,Referral,,อัญพัชร์ ไทนิยม,0977551882,fgray@example.net,PRD-CC01,EMP00389,Qualified,2025-08-20T19:03:00,49
LED000595,Web Form,,ศดิศ นาฏคายี,0912468575,rhonda07@example.net,PRD-SAV01,EMP00023,Converted,2025-10-01T16:59:00,8
LED000596,Referral,CUS0002751,,0921650304,roberthopkins@example.com,PRD-DG01,EMP00220,Converted,2025-03-19T21:39:00,80
LED000597,Branch Walk-in,,ธีร์ธวันาย ศรีอุ่น,0964424448,debra18@example.net,PRD-CC04,EMP00083,Qualified,2025-06-20T20:17:00,33
LED000598,Web Form,,อรพิณ นกทอง,0912521881,harrellian@example.org,PRD-WL02,EMP00129,Contacted,2025-09-09T07:53:00,66
LED000599,Web Form,CUS0001108,,0838745554,ibell@example.com,PRD-LN03,EMP00474,Qualified,2026-03-08T05:50:00,70
LED000600,Web Form,CUS0004002,,0950449317,jesus64@example.com,PRD-WL04,EMP00329,Contacted,2025-11-11T12:22:00,12
LED000601,Referral,,ประไพพักตร์ นุชแนวนุ่ม,0945670133,johncollins@example.net,PRD-SAV02,EMP00153,Converted,2025-04-14T09:58:00,84
LED000602,Cold Call,,ธีรวัช เดชคุ้ม,0963209646,hendersonveronica@example.org,PRD-CC02,EMP00346,Qualified,2025-05-11T06:30:00,49
LED000603,Campaign,CUS0002269,,0991043983,zbrooks@example.net,PRD-IN01,EMP00360,Contacted,2025-03-06T06:10:00,25
LED000604,Campaign,CUS0002110,,0669066120,njohnson@example.net,PRD-CC01,EMP00164,Qualified,2025-03-16T12:59:00,77
LED000605,Web Form,,สินสมุทร บุนยะตีรณะ,0879075673,maryjoseph@example.com,PRD-IN02,EMP00267,Contacted,2026-02-13T16:57:00,35
LED000606,Cold Call,CUS0007890,,0949923222,vhenry@example.net,PRD-CC02,EMP00188,Qualified,2026-01-08T18:26:00,44
LED000607,Web Form,,อำไพ สังข์กรด,0838141693,zimmermandonald@example.com,PRD-WL03,EMP00099,Qualified,2026-04-17T09:14:00,38
LED000608,Partner,CUS0006181,,0978549273,fmiller@example.org,PRD-DC02,EMP00457,New,2025-08-07T16:22:00,60
LED000609,Branch Walk-in,CUS0004764,,0972536326,keithaaron@example.org,PRD-SAL01,EMP00400,Contacted,2025-05-21T22:12:00,11
LED000610,Web Form,CUS0008041,,0987169944,robin33@example.com,PRD-WL04,EMP00041,Disqualified,2025-10-12T05:24:00,0
LED000611,Referral,CUS0002668,,0651330611,natalielarson@example.com,PRD-WL02,EMP00338,New,2026-03-29T17:33:00,91
LED000612,Referral,,ปิยบุตร กุมารบุญ,0916765168,kperez@example.org,PRD-DC02,EMP00060,Converted,2025-07-11T15:48:00,8
LED000613,Campaign,CUS0004375,,0952689650,pchan@example.org,PRD-CC01,EMP00171,Converted,2025-04-08T03:57:00,35
LED000614,Partner,,นวรรษนันท์ ถนอมพลกรัง,0658964638,parkergary@example.org,PRD-SAL01,EMP00317,Contacted,2025-08-04T15:33:00,58
LED000615,Campaign,,มนรัตน์ เดชวา,0624640138,raytaylor@example.org,PRD-CC03,EMP00103,Converted,2025-09-12T05:55:00,91
LED000616,Web Form,CUS0007090,,0972251796,cheryl39@example.com,PRD-IN01,EMP00211,Disqualified,2025-03-21T08:14:00,9
LED000617,Referral,CUS0006233,,0650669637,ericksonmichael@example.com,PRD-DG02,EMP00416,Qualified,2025-04-27T16:23:00,96
LED000618,Campaign,CUS0006643,,0935845413,lindabrown@example.org,PRD-FD03,EMP00207,Qualified,2026-01-06T15:18:00,92
LED000619,Partner,CUS0005901,,0697949373,tonyaburton@example.net,PRD-LN02,EMP00478,New,2025-04-03T02:51:00,23
LED000620,Campaign,,นิติยา ฉัตรอภิเที่ยงค่ำ,0630796311,berrymichael@example.org,PRD-IN01,EMP00170,Contacted,2025-07-28T12:24:00,13
LED000621,Campaign,CUS0005087,,0988221365,barnesrachael@example.net,PRD-DG01,EMP00078,Contacted,2025-12-06T07:51:00,56
LED000622,Campaign,CUS0001732,,0687385436,schultzchristopher@example.net,PRD-DC02,EMP00059,Contacted,2025-07-26T07:58:00,17
LED000623,Campaign,,รูไกยะฮ์ นาฏคายี,0839479505,ruizamanda@example.com,PRD-CUR01,EMP00199,Disqualified,2025-01-15T13:55:00,17
LED000624,Campaign,CUS0007764,,0871869966,thomas98@example.com,PRD-WL01,EMP00017,Converted,2026-01-29T20:44:00,15
LED000625,Branch Walk-in,CUS0006594,,0670699404,calebmaxwell@example.org,PRD-SAV01,EMP00367,Disqualified,2025-12-06T15:47:00,13
LED000626,Partner,CUS0001916,,0995285188,stevenvega@example.net,PRD-DC01,EMP00326,Disqualified,2025-07-04T05:26:00,95
LED000627,Referral,CUS0004142,,0823181892,jimmy38@example.org,PRD-IN02,EMP00224,Disqualified,2025-07-21T12:05:00,51
LED000628,Partner,,วรศาสส์ นับเนื่องนอ,0942215541,melissa18@example.com,PRD-CC03,EMP00121,Qualified,2025-05-11T06:59:00,98
LED000629,Cold Call,,วีรชัย ทันยุค,0928610936,josephclark@example.org,PRD-CUR01,EMP00195,Converted,2025-11-14T03:20:00,66
LED000630,Branch Walk-in,,พรเบญญา แนวพญา,0850651576,sgallegos@example.net,PRD-CC02,EMP00101,Converted,2025-01-05T22:12:00,16
LED000631,Partner,CUS0004958,,0876302481,mirandamercado@example.org,PRD-WL01,EMP00373,New,2025-11-14T21:39:00,33
LED000632,Web Form,CUS0000928,,0959678899,cgreen@example.org,PRD-IN02,EMP00156,Qualified,2025-02-02T18:43:00,4
LED000633,Cold Call,CUS0007949,,0637261826,hvargas@example.net,PRD-WL04,EMP00282,Converted,2025-09-09T11:34:00,39
LED000634,Referral,CUS0006563,,0892492852,rachel55@example.org,PRD-SAV01,EMP00412,Qualified,2025-05-31T09:30:00,32
LED000635,Referral,,รมิตา เมืองสุข,0933120525,bcantu@example.com,PRD-IN02,EMP00334,Disqualified,2026-03-28T07:37:00,23
LED000636,Branch Walk-in,CUS0000661,,0866282424,bakertheresa@example.com,PRD-WL01,EMP00057,Disqualified,2025-04-26T20:42:00,39
LED000637,Partner,CUS0006359,,0635277411,joshuaatkinson@example.org,PRD-SAV01,EMP00281,New,2025-01-21T15:18:00,79
LED000638,Referral,CUS0005771,,0885966934,collinsjustin@example.net,PRD-WL02,EMP00360,Converted,2025-01-07T13:08:00,79
LED000639,Partner,CUS0008024,,0637278186,samantha96@example.net,PRD-DG02,EMP00420,Disqualified,2026-05-01T00:33:00,35
LED000640,Cold Call,CUS0009850,,0696871236,teresa10@example.org,PRD-DG02,EMP00264,Qualified,2025-10-05T09:18:00,95
LED000641,Referral,CUS0005687,,0837398930,gloriabutler@example.com,PRD-DG01,EMP00499,Qualified,2026-03-19T22:43:00,10
LED000642,Referral,,สนั่น นวลเพ็ง,0892208216,hjoyce@example.net,PRD-WL04,EMP00453,Disqualified,2025-11-30T09:37:00,23
LED000643,Campaign,CUS0004909,,0827377350,utate@example.net,PRD-SAV02,EMP00322,Contacted,2025-10-15T09:55:00,69
LED000644,Partner,CUS0006471,,0837173138,lorimiller@example.com,PRD-CC02,EMP00096,Qualified,2025-04-29T08:17:00,9
LED000645,Branch Walk-in,CUS0009159,,0992539677,merrittcynthia@example.net,PRD-WL04,EMP00351,New,2025-10-14T23:06:00,59
LED000646,Partner,CUS0000069,,0911663219,karapowell@example.org,PRD-LN03,EMP00108,Contacted,2025-02-25T00:42:00,62
LED000647,Branch Walk-in,CUS0004764,,0976259588,donaldhunt@example.net,PRD-SAL01,EMP00160,Converted,2025-10-22T05:17:00,90
LED000648,Campaign,,คำมั่น ดุริยพันธุ์,0666819994,curtis01@example.com,PRD-CC04,EMP00089,Contacted,2025-06-13T00:27:00,58
LED000649,Web Form,,วิกิจ บัวเผื่อน,0833819060,karendonaldson@example.com,PRD-LN01,EMP00405,Qualified,2026-05-01T19:40:00,64
LED000650,Partner,CUS0003428,,0988877230,trobinson@example.net,PRD-LN01,EMP00112,Contacted,2025-05-15T20:32:00,83
LED000651,Cold Call,CUS0003084,,0990058596,nelsonmary@example.com,PRD-DC02,EMP00197,Converted,2025-06-26T23:22:00,65
LED000652,Web Form,CUS0009185,,0817487178,michael26@example.net,PRD-WL03,EMP00045,Disqualified,2026-03-16T22:06:00,90
LED000653,Web Form,CUS0000882,,0687854591,randallmyers@example.org,PRD-WL04,EMP00413,Contacted,2025-04-19T15:06:00,52
LED000654,Web Form,CUS0003620,,0813306126,englishpamela@example.com,PRD-IN02,EMP00342,New,2026-03-28T10:38:00,79
LED000655,Campaign,CUS0003977,,0687607478,bowersjames@example.com,PRD-WL04,EMP00351,Disqualified,2025-07-04T03:57:00,94
LED000656,Cold Call,CUS0005416,,0810703333,hpayne@example.com,PRD-WL03,EMP00411,Converted,2025-03-02T15:54:00,46
LED000657,Cold Call,,บุญเอก นฤภัย,0839809140,jonessavannah@example.net,PRD-LN02,EMP00253,Disqualified,2025-03-18T15:56:00,66
LED000658,Branch Walk-in,CUS0001768,,0910170040,cynthia75@example.net,PRD-WL01,EMP00183,Contacted,2025-05-26T03:21:00,15
LED000659,Partner,CUS0005233,,0653145435,morrowcaleb@example.com,PRD-DG01,EMP00088,Qualified,2025-05-17T08:39:00,21
LED000660,Cold Call,CUS0007543,,0891845970,kimbrad@example.com,PRD-WL01,EMP00257,Disqualified,2025-02-28T01:17:00,84
LED000661,Campaign,,มนรัตน์ ดุริยพันธุ์,0818619960,christopherlittle@example.com,PRD-SAV02,EMP00009,Contacted,2025-10-03T15:15:00,75
LED000662,Referral,,ศุภชัย ถนัดรักษา,0841128729,neil38@example.com,PRD-WL02,EMP00267,Qualified,2025-03-18T10:52:00,1
LED000663,Cold Call,CUS0006543,,0927318956,lance13@example.net,PRD-SAV01,EMP00053,Disqualified,2026-01-17T21:01:00,86
LED000664,Partner,,หลักทรัพย์ ทัศนสุทธิ,0635751966,cwatson@example.com,PRD-SAL01,EMP00238,Converted,2025-04-06T20:13:00,31
LED000665,Web Form,,ปิยวัจน์ แนวพญา,0949852582,james53@example.org,PRD-WL04,EMP00244,Contacted,2026-02-20T19:49:00,21
LED000666,Partner,CUS0005436,,0674621695,katherinemorris@example.org,PRD-CC01,EMP00253,Converted,2025-06-02T21:17:00,70
LED000667,Campaign,CUS0000970,,0938897377,lauramurphy@example.net,PRD-LN01,EMP00195,Qualified,2025-06-26T14:39:00,3
LED000668,Web Form,CUS0006071,,0888396593,tonyaduncan@example.com,PRD-CC01,EMP00288,Converted,2025-02-15T02:06:00,73
LED000669,Branch Walk-in,CUS0003766,,0642592824,hdiaz@example.net,PRD-SAV02,EMP00352,Converted,2026-02-23T06:38:00,87
LED000670,Branch Walk-in,,จรรยพร ยะผา,0812949270,paul40@example.org,PRD-WL03,EMP00374,Qualified,2025-03-05T10:16:00,23
LED000671,Cold Call,CUS0002664,,0977531887,matthew28@example.org,PRD-CC04,EMP00416,Qualified,2025-11-05T01:46:00,24
LED000672,Cold Call,CUS0004384,,0694446803,singhallison@example.com,PRD-CC01,EMP00192,Qualified,2025-11-23T15:23:00,85
LED000673,Web Form,,พิชญ์สินี ตั้งรบ,0654745545,rivasanthony@example.org,PRD-CC02,EMP00106,Qualified,2025-06-26T04:46:00,46
LED000674,Referral,CUS0004483,,0969471227,kbishop@example.com,PRD-SAV02,EMP00478,Qualified,2025-06-20T03:01:00,60
LED000675,Campaign,CUS0000092,,0854790511,hailey74@example.net,PRD-CUR01,EMP00246,Disqualified,2025-06-01T12:23:00,1
LED000676,Cold Call,,อุษณีย์ ถุงเงิน,0649852540,sanchezmatthew@example.net,PRD-LN04,EMP00493,Converted,2025-07-11T11:39:00,57
LED000677,Web Form,,ยอดแมน นาฏคายี,0648740017,williamserik@example.com,PRD-IN01,EMP00340,Converted,2025-02-16T05:50:00,20
LED000678,Branch Walk-in,CUS0006877,,0865539744,pdaugherty@example.net,PRD-WL02,EMP00164,Qualified,2026-02-04T10:00:00,9
LED000679,Campaign,,ทับทิม ทรัพย์สาร,0922729619,christinahill@example.net,PRD-LN01,EMP00477,Qualified,2026-03-03T00:39:00,94
LED000680,Campaign,,ณัฐวรินทร ธูปหอม,0639194962,jenkinsjacob@example.org,PRD-CC01,EMP00342,New,2026-03-31T00:09:00,84
LED000681,Campaign,,อรุณี เตมิยะเดช,0887333865,higginshunter@example.org,PRD-FD03,EMP00360,New,2025-06-02T10:30:00,53
LED000682,Partner,CUS0005544,,0667957055,leachfelicia@example.net,PRD-FD03,EMP00169,Disqualified,2025-05-03T00:12:00,64
LED000683,Branch Walk-in,CUS0008012,,0667092083,shaun46@example.net,PRD-IN01,EMP00067,Converted,2025-05-17T11:06:00,72
LED000684,Branch Walk-in,CUS0002984,,0825139164,laurenvelez@example.net,PRD-WL01,EMP00353,Converted,2025-01-15T02:52:00,5
LED000685,Referral,CUS0009748,,0657658990,sawyerjason@example.com,PRD-DG02,EMP00095,Qualified,2025-01-28T17:12:00,66
LED000686,Partner,CUS0009994,,0995220059,mdavis@example.net,PRD-DG01,EMP00442,Disqualified,2025-03-31T05:11:00,86
LED000687,Branch Walk-in,CUS0004669,,0639191931,joellarsen@example.net,PRD-WL03,EMP00187,Contacted,2025-09-10T12:38:00,39
LED000688,Branch Walk-in,,บุญเกิด กุมารบุญ,0959557668,sanchezkaren@example.com,PRD-WL04,EMP00439,New,2026-01-22T12:40:00,48
LED000689,Web Form,,กวีฉัฏฐ นิษประปัญจ์,0990507593,thomastaylor@example.com,PRD-WL04,EMP00151,Converted,2025-04-15T15:03:00,34
LED000690,Cold Call,,ขวัญรุ้ง เดชวา,0975871062,carldavidson@example.com,PRD-WL03,EMP00206,Contacted,2026-03-02T10:58:00,94
LED000691,Referral,CUS0008296,,0968551287,ronaldallen@example.com,PRD-LN02,EMP00198,Converted,2026-01-08T12:50:00,61
LED000692,Web Form,,มาสิตะ บุญญาไลย์,0951520521,matthew66@example.com,PRD-CC03,EMP00290,Converted,2026-04-08T14:46:00,57
LED000693,Branch Walk-in,,เทอดศักดิ์ นพตระกูล,0932824684,silvajennifer@example.net,PRD-LN04,EMP00379,Qualified,2026-02-04T13:33:00,37
LED000694,Partner,,ธเนษฐ นับเนื่องนอ,0618609791,ilane@example.org,PRD-WL03,EMP00147,Qualified,2025-02-17T23:36:00,77
LED000695,Campaign,,เอกวิทย์ ติณรัตน์,0823837917,allison79@example.net,PRD-FD03,EMP00321,Qualified,2026-04-09T10:39:00,73
LED000696,Web Form,CUS0007614,,0855003554,jonathanhowell@example.net,PRD-IN01,EMP00375,Contacted,2025-01-13T12:45:00,59
LED000697,Branch Walk-in,CUS0006652,,0998727981,usexton@example.com,PRD-WL03,EMP00412,Contacted,2026-03-08T12:05:00,62
LED000698,Partner,,เมษา ตรีครุธพันธุ์,0871055813,amber25@example.com,PRD-SAL01,EMP00173,Converted,2025-12-06T01:19:00,65
LED000699,Branch Walk-in,CUS0005194,,0944278040,kbennett@example.com,PRD-LN02,EMP00130,Contacted,2025-10-26T22:15:00,10
LED000700,Partner,,พชรภรณ์ ถาวรายุศม์,0923041204,bobby28@example.com,PRD-WL01,EMP00399,Disqualified,2025-09-26T21:57:00,9
LED000701,Branch Walk-in,CUS0009687,,0982455236,colemanmaureen@example.net,PRD-CUR01,EMP00184,Converted,2025-01-31T06:02:00,52
LED000702,Branch Walk-in,,ธาเอก ธัญาโภชน์,0614197928,smithdavid@example.com,PRD-WL02,EMP00384,New,2025-03-02T23:40:00,98
LED000703,Web Form,CUS0004922,,0689205421,robertmedina@example.com,PRD-IN01,EMP00089,Qualified,2026-01-10T12:18:00,11
LED000704,Partner,,ประจิน โพธิสัตย์,0652768857,hernandezraymond@example.net,PRD-WL04,EMP00303,Converted,2026-03-13T09:40:00,14
LED000705,Campaign,,พรชนก ทองลาภ,0976481238,lauren90@example.com,PRD-WL02,EMP00140,New,2025-09-12T18:08:00,13
LED000706,Branch Walk-in,CUS0007102,,0693637194,xlee@example.net,PRD-FD02,EMP00031,New,2026-02-02T11:20:00,53
LED000707,Referral,,เยาวรัตน์ นาฏคายี,0913800667,kaylee20@example.com,PRD-LN03,EMP00205,Qualified,2025-08-20T15:40:00,89
LED000708,Web Form,CUS0003730,,0855187037,annesmith@example.net,PRD-WL02,EMP00355,Qualified,2025-01-15T21:02:00,80
LED000709,Referral,CUS0003139,,0949600250,fitzgeraldkelsey@example.com,PRD-WL02,EMP00464,Disqualified,2026-03-16T05:50:00,51
LED000710,Partner,,ประยุทธ์ ตราชู,0886086705,hannahhall@example.org,PRD-CC01,EMP00354,Disqualified,2025-05-29T18:27:00,34
LED000711,Branch Walk-in,CUS0005351,,0698709983,pscott@example.com,PRD-WL02,EMP00313,Disqualified,2025-04-09T14:16:00,8
LED000712,Web Form,CUS0001605,,0820400169,heatherconley@example.com,PRD-WL04,EMP00481,New,2026-01-14T13:31:00,49
LED000713,Cold Call,,ปุณณรัตน์ วุฑฒยากร,0893816427,teresa07@example.org,PRD-CC03,EMP00371,Qualified,2025-12-18T08:47:00,29
LED000714,Referral,CUS0000979,,0925737657,jasonanderson@example.org,PRD-CUR01,EMP00137,Converted,2025-12-07T16:46:00,42
LED000715,Web Form,CUS0001703,,0811053818,christopher15@example.com,PRD-CC01,EMP00295,New,2025-01-16T07:51:00,65
LED000716,Referral,CUS0008158,,0698783943,smithjames@example.net,PRD-WL04,EMP00236,New,2026-01-23T18:15:00,84
LED000717,Partner,,ราชพฤกษ์ นับเนื่องนอ,0817627365,jack67@example.org,PRD-SAL01,EMP00167,Qualified,2025-12-28T12:35:00,81
LED000718,Web Form,CUS0000074,,0934385216,harrisonlaura@example.org,PRD-WL02,EMP00454,New,2025-10-30T17:36:00,57
LED000719,Cold Call,,ดวงสมร นิยมสำหรวจ,0883665932,shelly89@example.org,PRD-WL03,EMP00275,Qualified,2025-07-11T22:50:00,98
LED000720,Web Form,CUS0005799,,0611875228,pwatson@example.com,PRD-SAV02,EMP00263,Disqualified,2025-07-23T05:43:00,68
LED000721,Web Form,CUS0006623,,0672686689,robert98@example.org,PRD-CUR01,EMP00383,Converted,2025-02-08T22:34:00,66
LED000722,Cold Call,CUS0007751,,0929095598,maria69@example.net,PRD-LN01,EMP00493,Disqualified,2025-05-19T22:33:00,1
LED000723,Referral,,ขวัญรุ้ง แน่นดุจป้อม,0847362263,danieldavis@example.com,PRD-CC02,EMP00458,New,2025-03-23T17:10:00,22
LED000724,Referral,CUS0007805,,0677686450,thomas11@example.org,PRD-CUR01,EMP00389,Disqualified,2026-04-10T02:18:00,87
LED000725,Campaign,CUS0000782,,0899345426,santosjoshua@example.net,PRD-LN02,EMP00466,Disqualified,2026-01-12T00:24:00,65
LED000726,Cold Call,CUS0005695,,0968606468,samanthasalinas@example.org,PRD-FD02,EMP00435,Contacted,2025-02-22T20:54:00,43
LED000727,Cold Call,CUS0002665,,0834237100,yangjeffrey@example.com,PRD-FD02,EMP00052,New,2026-01-27T08:54:00,27
LED000728,Campaign,CUS0002657,,0657036474,larry39@example.com,PRD-CC01,EMP00332,Converted,2025-10-07T11:49:00,55
LED000729,Campaign,CUS0008479,,0966240934,lsmith@example.org,PRD-IN02,EMP00014,Contacted,2025-08-24T18:06:00,25
LED000730,Partner,CUS0006673,,0932007780,broy@example.com,PRD-CC02,EMP00264,Converted,2025-08-30T18:23:00,51
LED000731,Web Form,,สุไฮลัน โพธิสัตย์,0922896803,laura25@example.com,PRD-CUR01,EMP00146,Disqualified,2025-11-28T06:52:00,96
LED000732,Web Form,CUS0003840,,0615211514,pperkins@example.net,PRD-DG02,EMP00038,Converted,2025-09-24T05:22:00,98
LED000733,Referral,,อาภัศรา ตันเผ่า,0669433033,lisaphelps@example.org,PRD-CC03,EMP00474,Qualified,2025-08-30T06:55:00,22
LED000734,Cold Call,,สุมัชญา ถาวระวรณ์,0986688525,brucelogan@example.org,PRD-CUR01,EMP00061,Disqualified,2025-12-15T13:15:00,31
LED000735,Cold Call,CUS0001930,,0629083476,timothymonroe@example.org,PRD-FD02,EMP00480,Converted,2025-05-06T17:11:00,13
LED000736,Campaign,,จันทภา นครเทพ,0977570082,brent29@example.org,PRD-CUR01,EMP00138,Converted,2025-06-03T09:36:00,45
LED000737,Web Form,,สุรธัช ทองประดิฐ,0842258538,andersonjeremiah@example.com,PRD-CC01,EMP00311,New,2025-08-25T03:43:00,67
LED000738,Web Form,CUS0001162,,0627279650,wramsey@example.org,PRD-CUR01,EMP00412,New,2026-02-16T15:44:00,69
LED000739,Cold Call,,เฉลิมรัตน์ ยะผา,0947089618,katherine02@example.org,PRD-WL01,EMP00298,Contacted,2025-09-26T02:27:00,48
LED000740,Cold Call,,อณัฐตา ตรีเภรินทร์,0975392683,paulsmith@example.net,PRD-CC01,EMP00155,Contacted,2025-06-13T20:59:00,71
LED000741,Partner,,พุทธิพงษ์ ทวีเดช,0829867111,bethany70@example.net,PRD-IN02,EMP00147,Disqualified,2025-05-29T21:01:00,94
LED000742,Partner,,ไพสิฐ เช้าวันดี,0860322822,douglasbrent@example.net,PRD-DC02,EMP00381,Qualified,2025-02-04T19:49:00,53
LED000743,Cold Call,CUS0004318,,0888653523,caleb46@example.org,PRD-CC02,EMP00074,Converted,2026-03-15T23:20:00,4
LED000744,Web Form,,พัชรพร ทุมะบุตร์,0695014424,sconner@example.com,PRD-DC02,EMP00298,Qualified,2026-04-25T02:49:00,81
LED000745,Web Form,CUS0005902,,0819733313,pwade@example.org,PRD-FD03,EMP00296,New,2025-07-05T02:12:00,99
LED000746,Campaign,CUS0006137,,0984608610,qcoleman@example.net,PRD-IN02,EMP00025,Disqualified,2025-02-11T08:35:00,90
LED000747,Referral,CUS0009748,,0821180328,pfields@example.net,PRD-IN01,EMP00009,New,2025-04-04T07:16:00,27
LED000748,Web Form,,พาสุข ธนูปกรณ์,0658856978,seanhuang@example.com,PRD-LN03,EMP00095,Qualified,2025-01-05T00:35:00,11
LED000749,Branch Walk-in,,ปัญญาพร ถนัดพิมพการ,0827741832,jacobgolden@example.com,PRD-SAL01,EMP00387,Contacted,2025-01-05T17:35:00,41
LED000750,Campaign,,พรปราณี ถ้วนศรี,0859489423,brianbradshaw@example.org,PRD-SAV02,EMP00259,Disqualified,2025-03-24T00:04:00,17
LED000751,Branch Walk-in,CUS0008938,,0958303877,campbellregina@example.org,PRD-CUR01,EMP00056,Qualified,2026-03-17T03:32:00,0
LED000752,Web Form,,ขวัญรุ้ง เนื่องนนท์,0999543829,donnapalmer@example.com,PRD-DC02,EMP00243,Contacted,2026-03-22T15:51:00,80
LED000753,Cold Call,CUS0009640,,0986750457,yowen@example.net,PRD-WL04,EMP00365,New,2025-01-13T13:00:00,17
LED000754,Partner,,หลักทรัพย์ เมืองสุข,0996608121,ryan51@example.net,PRD-SAV02,EMP00485,Disqualified,2025-12-18T12:19:00,49
LED000755,Partner,,เกริกพล นักรบ,0695777626,wblair@example.com,PRD-IN02,EMP00341,Converted,2026-03-17T17:50:00,7
LED000756,Referral,,วิรศักดิ์ นาคะนคร,0646414056,wmercado@example.com,PRD-CC02,EMP00394,Contacted,2025-07-01T05:07:00,96
LED000757,Branch Walk-in,,ตรีนุช นิยมเซียม,0636239783,mccarthyjoy@example.com,PRD-SAL01,EMP00493,Disqualified,2025-02-06T21:11:00,41
LED000758,Campaign,CUS0004396,,0957984544,mccarthyanna@example.com,PRD-DC01,EMP00382,Converted,2025-08-16T04:32:00,14
LED000759,Web Form,CUS0005545,,0897077097,qraymond@example.org,PRD-WL01,EMP00456,New,2026-01-10T20:39:00,15
LED000760,Branch Walk-in,CUS0006959,,0865384969,haleemily@example.com,PRD-LN02,EMP00296,New,2025-05-04T19:41:00,2
LED000761,Campaign,,ทิพรดา นครเทพ,0957266839,wrightjohn@example.net,PRD-CC02,EMP00374,Qualified,2025-11-15T20:44:00,28
LED000762,Campaign,CUS0006293,,0961757409,samantha79@example.org,PRD-WL01,EMP00485,Converted,2025-03-29T05:01:00,43
LED000763,Cold Call,CUS0002565,,0647444237,gabriel73@example.com,PRD-IN01,EMP00294,Qualified,2025-05-27T11:57:00,97
LED000764,Web Form,,อับดุลเลาะห์ ธนประทีป,0840364851,richard55@example.net,PRD-CC03,EMP00222,Disqualified,2025-01-30T05:18:00,38
LED000765,Referral,,จริยฉัตร บุนยาภิสนท์,0925508934,charlessmith@example.org,PRD-CC03,EMP00183,Converted,2025-06-03T06:06:00,1
LED000766,Branch Walk-in,CUS0008343,,0965149174,frankallen@example.org,PRD-FD02,EMP00386,New,2025-09-16T16:37:00,77
LED000767,Campaign,,เกียรติศักดิ์ บุนยะตีรณะ,0641265346,fbrown@example.com,PRD-FD03,EMP00027,Converted,2025-11-23T07:32:00,26
LED000768,Campaign,,รชตกร ไตรบรรพ,0655875033,chadcombs@example.com,PRD-FD01,EMP00070,Converted,2025-12-07T17:07:00,91
LED000769,Referral,,ณาร์รีมาน นิยมธรรม,0844500031,stacey50@example.com,PRD-WL02,EMP00465,Qualified,2025-01-02T05:18:00,2
LED000770,Web Form,,คณภรณ์ บุตราช,0836558471,john37@example.org,PRD-LN02,EMP00457,Converted,2025-03-15T13:04:00,56
LED000771,Campaign,,อำพร นำธวัช,0965490209,brownryan@example.com,PRD-LN02,EMP00295,New,2025-01-22T15:11:00,66
LED000772,Campaign,,อัญชิษฐา ศาสตร์ศิลป์,0894752675,yjohnson@example.org,PRD-LN02,EMP00457,New,2025-02-16T18:11:00,79
LED000773,Campaign,CUS0001861,,0818197979,aaron00@example.com,PRD-CC04,EMP00224,New,2025-09-04T17:13:00,61
LED000774,Web Form,CUS0006983,,0839269948,itorres@example.com,PRD-LN04,EMP00343,Disqualified,2026-03-25T09:01:00,42
LED000775,Campaign,,คำปลิว ไชยภา,0933336897,johnsonryan@example.net,PRD-LN02,EMP00315,Converted,2025-06-06T16:00:00,51
LED000776,Cold Call,CUS0005095,,0925875091,robertacollins@example.org,PRD-LN02,EMP00015,Disqualified,2025-01-01T21:40:00,43
LED000777,Referral,CUS0005663,,0955497237,atkinsondaniel@example.org,PRD-LN03,EMP00448,New,2026-02-07T10:58:00,97
LED000778,Web Form,CUS0007619,,0985628512,jameslopez@example.org,PRD-DC02,EMP00466,Qualified,2025-02-06T05:22:00,36
LED000779,Partner,CUS0008214,,0979776381,amandaevans@example.org,PRD-DC02,EMP00126,Converted,2025-04-20T07:12:00,70
LED000780,Web Form,CUS0002643,,0649995946,ghamilton@example.com,PRD-FD01,EMP00448,Disqualified,2025-02-27T20:51:00,93
LED000781,Cold Call,,สุทกร ตระกูลไม้เรียง,0899049148,kennethturner@example.org,PRD-CC01,EMP00100,Contacted,2025-06-20T10:25:00,44
LED000782,Campaign,,ศิริเกศ แนวพญา,0681160368,christinesingleton@example.com,PRD-WL03,EMP00464,Disqualified,2025-07-03T00:52:00,0
LED000783,Partner,,ธมลพรรณ ศรทอง,0836128846,farmerwanda@example.org,PRD-LN04,EMP00494,New,2025-09-17T06:39:00,77
LED000784,Cold Call,,วันฉัตร นิษประปัญจ์,0828770972,xmyers@example.com,PRD-IN02,EMP00384,Disqualified,2026-01-13T04:16:00,0
LED000785,Web Form,,วรรณนิสา ทีฆะ,0844636412,reyesjoan@example.com,PRD-CC04,EMP00340,Converted,2025-06-02T03:55:00,69
LED000786,Branch Walk-in,CUS0000240,,0634784687,lancemeadows@example.com,PRD-WL02,EMP00256,Converted,2025-11-24T06:22:00,29
LED000787,Referral,,ทานตะวัน มิ่งขวัญ,0622669382,conleyernest@example.com,PRD-SAL01,EMP00201,Converted,2025-06-03T22:15:00,94
LED000788,Partner,CUS0001467,,0695920985,hhanson@example.org,PRD-FD03,EMP00412,New,2025-08-17T20:35:00,83
LED000789,Partner,CUS0007407,,0939780178,reginaldmorgan@example.com,PRD-CC04,EMP00341,Disqualified,2025-12-08T06:34:00,91
LED000790,Web Form,CUS0002136,,0919715556,bennettronnie@example.net,PRD-CC01,EMP00187,New,2025-03-11T10:32:00,82
LED000791,Web Form,,วันฉัตร บุญศล,0867831528,scase@example.com,PRD-CUR01,EMP00069,Qualified,2025-02-07T01:17:00,84
LED000792,Branch Walk-in,,ซูไรดา นิติสาขา,0646770193,erica88@example.net,PRD-LN02,EMP00154,Converted,2026-03-25T13:52:00,19
LED000793,Cold Call,CUS0000032,,0981171046,wallerterrence@example.com,PRD-SAV01,EMP00349,New,2025-06-27T03:54:00,5
LED000794,Web Form,CUS0008754,,0674581855,mjackson@example.org,PRD-DC02,EMP00458,Qualified,2025-02-26T06:55:00,48
LED000795,Partner,CUS0007753,,0822912536,xmcintyre@example.net,PRD-DG01,EMP00075,New,2025-02-15T06:17:00,33
LED000796,Referral,CUS0000755,,0879704316,ethanwilkinson@example.com,PRD-LN01,EMP00066,Disqualified,2026-02-04T03:08:00,77
LED000797,Campaign,CUS0003452,,0818828648,david69@example.org,PRD-WL03,EMP00361,Converted,2026-03-16T09:35:00,33
LED000798,Partner,,จันทนา นาถะพินธุ,0652501796,astewart@example.org,PRD-LN01,EMP00421,Disqualified,2026-01-24T20:08:00,68
LED000799,Web Form,,กวาง จ้อยนุแสง,0886609834,maxwelldebra@example.org,PRD-WL01,EMP00458,Qualified,2025-03-15T17:33:00,75
LED000800,Campaign,CUS0002669,,0631282110,gcabrera@example.org,PRD-CC03,EMP00258,Converted,2025-12-26T12:17:00,98
LED000801,Partner,CUS0002422,,0671638237,stevenharris@example.com,PRD-WL04,EMP00480,Converted,2025-02-26T20:57:00,30
LED000802,Referral,,ปรายกานต์ ผลบุญ,0678049386,troy75@example.net,PRD-SAV01,EMP00199,Disqualified,2026-01-04T05:18:00,59
LED000803,Campaign,,ขวัญรุ้ง ธรรมฤดี,0635604541,lindseystephens@example.org,PRD-CC04,EMP00065,Disqualified,2025-08-22T22:07:00,68
LED000804,Web Form,CUS0009467,,0649000067,revans@example.net,PRD-CC02,EMP00124,Converted,2025-11-17T01:45:00,85
LED000805,Campaign,,ประไพพักตร์ ธัญาโภชน์,0850139537,shelby44@example.com,PRD-DC01,EMP00215,Qualified,2025-02-04T21:21:00,35
LED000806,Web Form,CUS0007225,,0863932339,kristen02@example.com,PRD-DG01,EMP00003,New,2025-11-14T03:51:00,19
LED000807,Cold Call,,พิมพกานต์ กุมารบุญ,0859703112,clarkalicia@example.net,PRD-LN04,EMP00336,Disqualified,2025-12-04T05:19:00,62
LED000808,Partner,,สุรธัช ไทนิยม,0894124739,rebecca49@example.com,PRD-DC01,EMP00476,Converted,2025-08-29T20:32:00,80
LED000809,Cold Call,CUS0006601,,0853992366,jenniferknight@example.com,PRD-WL01,EMP00253,Converted,2025-04-25T00:22:00,40
LED000810,Cold Call,,ภานุพล เวียงจันทึก,0999430083,alexisjohnson@example.net,PRD-CC04,EMP00106,Converted,2025-01-13T18:39:00,32
LED000811,Branch Walk-in,CUS0009934,,0919633381,jenniferrandolph@example.com,PRD-LN01,EMP00330,Qualified,2026-01-08T21:09:00,10
LED000812,Referral,,สายสุรีย์ บุนยะศัพท์,0677367608,davidmoody@example.com,PRD-DC01,EMP00117,Disqualified,2026-03-21T14:36:00,31
LED000813,Campaign,CUS0002098,,0899685256,clarkjennifer@example.org,PRD-CC02,EMP00187,Contacted,2026-01-29T02:45:00,57
LED000814,Cold Call,,คณภรณ์ ถ้วนศรี,0891937607,ycole@example.com,PRD-WL04,EMP00167,Qualified,2025-08-11T00:23:00,22
LED000815,Partner,,วิรชัย ถนัดการเขียน,0899146486,fordjennifer@example.net,PRD-WL03,EMP00022,Converted,2026-01-11T03:46:00,17
LED000816,Cold Call,CUS0003786,,0660025069,hhernandez@example.com,PRD-WL04,EMP00204,New,2025-06-06T19:11:00,16
LED000817,Referral,,ฐิติณัฐฐา นกทอง,0694048727,smithrichard@example.org,PRD-FD03,EMP00400,Converted,2025-09-04T04:58:00,45
LED000818,Cold Call,,ธนภณ นพคเชนทร์,0686425090,nhogan@example.com,PRD-DG01,EMP00329,Disqualified,2025-12-07T12:21:00,14
LED000819,Partner,,ประวี แจ้งสว่าง,0648587567,nwashington@example.org,PRD-LN01,EMP00238,Disqualified,2025-01-13T02:19:00,64
LED000820,Branch Walk-in,CUS0007225,,0970271406,iramirez@example.net,PRD-CC04,EMP00305,Contacted,2025-02-12T21:13:00,82
LED000821,Branch Walk-in,,วาร์มูฮำหมัด สุวรรณหงษ์,0882288166,sosaandrea@example.org,PRD-SAL01,EMP00281,Qualified,2025-06-11T02:50:00,71
LED000822,Partner,CUS0001507,,0687419742,michaelhuang@example.com,PRD-WL02,EMP00354,Contacted,2025-09-30T11:57:00,85
LED000823,Cold Call,,ปรายกานต์ จันอ้น,0819336666,ericasmith@example.com,PRD-LN01,EMP00393,Disqualified,2025-01-23T15:00:00,22
LED000824,Campaign,,รอซีด๊ะ ถนัดการเขียน,0989248810,toddrichard@example.net,PRD-LN01,EMP00106,Converted,2026-02-15T14:27:00,28
LED000825,Cold Call,,วรนาฎ ตั้งเผ่า,0996566795,smithhenry@example.net,PRD-CC03,EMP00074,Contacted,2026-04-05T16:06:00,44
LED000826,Campaign,,วรินทธิ์ธร นานายน,0882709133,afranco@example.com,PRD-SAV02,EMP00387,Converted,2026-01-27T06:17:00,0
LED000827,Branch Walk-in,,ฟารินี ดาวกระจาย,0974098198,franklinchristopher@example.com,PRD-LN01,EMP00213,Converted,2025-10-14T07:08:00,0
LED000828,Web Form,,วรรณรัตน์ นิระหานี,0697552965,patelpatrick@example.net,PRD-SAV01,EMP00087,New,2026-02-15T18:19:00,85
LED000829,Cold Call,CUS0001942,,0832895165,jonathanhopkins@example.com,PRD-SAV02,EMP00038,Converted,2025-01-14T04:04:00,62
LED000830,Web Form,,ดวงจันทร์ น้ำทิพย์,0622321929,smithsusan@example.net,PRD-LN03,EMP00095,Converted,2025-05-15T09:49:00,57
LED000831,Cold Call,CUS0008602,,0815027868,jennifer35@example.org,PRD-WL02,EMP00029,Converted,2025-05-07T18:01:00,98
LED000832,Partner,,พรสวรรค์ ชำนาญวาด,0810930356,kimberly77@example.org,PRD-LN03,EMP00238,Qualified,2025-05-04T08:56:00,43
LED000833,Cold Call,,นันทิกานต์ แท่นทอง,0629498180,martinezmelissa@example.com,PRD-WL02,EMP00272,Disqualified,2025-12-12T17:01:00,58
LED000834,Branch Walk-in,,วันชนก นิระหานี,0896249750,jackellis@example.org,PRD-WL03,EMP00039,Contacted,2026-04-10T15:55:00,73
LED000835,Referral,,ยุภา วิลาสินี,0670775655,lgay@example.com,PRD-DG01,EMP00478,New,2025-03-13T13:42:00,66
LED000836,Campaign,CUS0006141,,0923946785,mmitchell@example.net,PRD-CC02,EMP00092,New,2026-01-16T15:41:00,44
LED000837,Cold Call,CUS0007555,,0683582835,kcollins@example.com,PRD-LN03,EMP00431,Contacted,2025-02-11T04:50:00,33
LED000838,Cold Call,,นิมุ ทุมะบุตร์,0860719712,erik73@example.com,PRD-CC02,EMP00212,Contacted,2025-07-03T08:01:00,59
LED000839,Campaign,CUS0006301,,0846814711,suttonrobert@example.net,PRD-FD01,EMP00491,Disqualified,2025-11-28T03:31:00,80
LED000840,Referral,CUS0006389,,0839177991,mauricegilbert@example.net,PRD-WL01,EMP00060,Qualified,2025-05-08T11:48:00,21
LED000841,Campaign,CUS0001092,,0986016788,jacksonharrison@example.net,PRD-WL04,EMP00350,Qualified,2025-09-29T15:17:00,16
LED000842,Branch Walk-in,CUS0008611,,0648620447,lholder@example.org,PRD-WL02,EMP00417,Converted,2026-02-28T14:24:00,46
LED000843,Branch Walk-in,CUS0007300,,0673738105,marcus94@example.org,PRD-FD01,EMP00247,New,2025-07-31T18:21:00,4
LED000844,Partner,,คมกฤชญ์ แนวพญา,0828448276,daniel85@example.net,PRD-CUR01,EMP00370,Qualified,2026-01-02T12:12:00,35
LED000845,Branch Walk-in,CUS0006786,,0648945342,marystanley@example.org,PRD-WL03,EMP00091,Qualified,2026-04-01T05:57:00,17
LED000846,Referral,,สมใจ พรรษาสกุล,0937762665,douglas70@example.com,PRD-CUR01,EMP00089,Contacted,2025-12-18T18:51:00,74
LED000847,Cold Call,CUS0003938,,0666699864,taylorknox@example.com,PRD-DC02,EMP00016,Contacted,2025-11-30T15:16:00,9
LED000848,Referral,,จักรกฤนาย ตระกูลไม้เรียง,0663009093,michael74@example.com,PRD-WL02,EMP00304,Disqualified,2025-03-31T19:32:00,38
LED000849,Referral,,ดิลก นิระหานี,0862030291,morenocheryl@example.net,PRD-WL04,EMP00397,Contacted,2025-07-14T19:43:00,38
LED000850,Referral,CUS0001503,,0972983301,vperkins@example.org,PRD-IN01,EMP00389,Disqualified,2025-05-29T19:54:00,95
LED000851,Partner,CUS0008872,,0848307994,beverly35@example.net,PRD-LN04,EMP00134,New,2025-06-03T23:23:00,73
LED000852,Campaign,CUS0007598,,0948525301,johnsonchristine@example.net,PRD-WL03,EMP00147,New,2025-09-22T08:20:00,87
LED000853,Campaign,CUS0003858,,0637439894,travis52@example.org,PRD-CC01,EMP00198,Contacted,2025-05-01T17:06:00,61
LED000854,Referral,,นาวีตา ติณรัตน์,0614991472,morrisrobert@example.org,PRD-DC02,EMP00332,New,2026-04-08T13:42:00,66
LED000855,Cold Call,,นาตยา ศิวะวรเวท,0849032770,cpham@example.org,PRD-FD01,EMP00197,Converted,2025-08-13T05:56:00,96
LED000856,Campaign,,จีราภรณ์ หอมพิกุล,0841322829,matthewlee@example.net,PRD-FD02,EMP00493,Converted,2025-01-22T15:22:00,79
LED000857,Campaign,,ฉัตรปรียา ศิวะวรเวท,0977497513,jaredhansen@example.net,PRD-CC02,EMP00419,Converted,2025-01-22T08:00:00,17
LED000858,Cold Call,,สมปอง ธัญเสถียร,0651339725,nfloyd@example.net,PRD-LN04,EMP00029,Disqualified,2025-11-08T09:32:00,85
LED000859,Branch Walk-in,CUS0004088,,0836458345,lroman@example.com,PRD-WL01,EMP00177,Disqualified,2025-02-01T20:16:00,23
LED000860,Branch Walk-in,CUS0006748,,0972387900,danielle18@example.org,PRD-CUR01,EMP00025,Contacted,2026-02-22T00:19:00,88
LED000861,Branch Walk-in,,วีร์สุดา นพคเชนทร์,0933203489,danielangela@example.com,PRD-CC02,EMP00243,New,2026-02-22T09:21:00,42
LED000862,Referral,CUS0001771,,0991228498,arobinson@example.net,PRD-DC01,EMP00152,Contacted,2025-10-24T03:43:00,46
LED000863,Cold Call,CUS0006143,,0647438617,sabrina80@example.com,PRD-SAV02,EMP00150,New,2025-07-22T19:04:00,83
LED000864,Branch Walk-in,CUS0006353,,0835438648,steven94@example.net,PRD-DC02,EMP00037,Disqualified,2025-01-27T21:18:00,39
LED000865,Referral,CUS0000587,,0636135576,thomasrobinson@example.com,PRD-WL04,EMP00413,Converted,2025-12-18T00:18:00,92
LED000866,Web Form,CUS0009246,,0966245983,bramirez@example.com,PRD-SAV02,EMP00090,Converted,2025-12-18T07:17:00,25
LED000867,Partner,,ทานตะวัน นฤภัย,0927158446,michaelstephens@example.com,PRD-WL01,EMP00402,Disqualified,2025-01-15T08:51:00,82
LED000868,Web Form,CUS0003362,,0881687996,christopherweber@example.org,PRD-LN01,EMP00490,New,2025-05-02T01:46:00,5
LED000869,Branch Walk-in,CUS0007072,,0850368828,christian28@example.net,PRD-FD03,EMP00178,Converted,2025-05-03T14:09:00,20
LED000870,Branch Walk-in,CUS0006945,,0826506806,zimmermankari@example.com,PRD-DG02,EMP00268,Disqualified,2025-03-27T09:37:00,57
LED000871,Cold Call,CUS0006370,,0866367124,ashleymejia@example.net,PRD-SAL01,EMP00454,Qualified,2025-08-01T22:16:00,93
LED000872,Cold Call,CUS0001547,,0927705710,sean16@example.com,PRD-CUR01,EMP00057,Qualified,2025-10-13T16:03:00,100
LED000873,Campaign,CUS0001492,,0927169111,smithjennifer@example.org,PRD-CC02,EMP00082,Contacted,2025-11-13T01:09:00,6
LED000874,Campaign,CUS0003983,,0957334555,eddieowens@example.net,PRD-WL03,EMP00391,Converted,2026-03-10T14:36:00,51
LED000875,Cold Call,CUS0003454,,0888426305,davismichelle@example.org,PRD-WL04,EMP00102,Disqualified,2025-07-06T05:50:00,57
LED000876,Campaign,,ชนิศา นาคะนคร,0610782704,kyle60@example.net,PRD-WL04,EMP00406,Qualified,2025-01-14T22:00:00,81
LED000877,Web Form,,ทองสิริ นิยมเซียม,0854859066,jonsanders@example.org,PRD-SAV01,EMP00038,Qualified,2026-04-29T06:05:00,42
LED000878,Web Form,CUS0008061,,0882496967,jody52@example.org,PRD-LN01,EMP00089,Contacted,2025-08-04T19:19:00,7
LED000879,Partner,CUS0003394,,0865943909,bruce91@example.com,PRD-WL02,EMP00455,New,2025-04-09T05:10:00,34
LED000880,Campaign,CUS0005483,,0837720320,veronicavargas@example.net,PRD-WL03,EMP00185,New,2025-11-26T07:15:00,16
LED000881,Partner,CUS0001852,,0974984299,colemanlynn@example.net,PRD-WL02,EMP00352,New,2025-02-06T08:41:00,37
LED000882,Partner,,เกียรติก้อง บุญศล,0887207743,jenniferkim@example.org,PRD-LN04,EMP00356,Qualified,2026-03-04T04:51:00,59
LED000883,Campaign,CUS0005963,,0878210609,davismegan@example.org,PRD-CC02,EMP00497,Contacted,2025-12-19T11:03:00,12
LED000884,Partner,CUS0002017,,0881176029,gsanchez@example.net,PRD-DC02,EMP00073,Qualified,2025-04-07T11:12:00,36
LED000885,Referral,CUS0005319,,0826345135,jaime18@example.com,PRD-LN04,EMP00068,Contacted,2025-11-08T05:59:00,92
LED000886,Branch Walk-in,CUS0009535,,0959749282,ashleybenitez@example.org,PRD-FD02,EMP00220,Disqualified,2025-08-04T06:21:00,33
LED000887,Cold Call,,ทวีวัฒน์ เจริญรัมย์,0633671589,stacey48@example.org,PRD-WL03,EMP00196,Qualified,2025-03-07T01:36:00,52
LED000888,Campaign,,วิกิจ ศรีธนะเวทย์,0875961672,joseph85@example.net,PRD-CC01,EMP00451,Disqualified,2025-01-12T21:24:00,23
LED000889,Campaign,,รอซีด๊ะ ไตรบรรพ,0639090169,harringtonbenjamin@example.com,PRD-DC02,EMP00126,Converted,2026-03-28T22:35:00,55
LED000890,Referral,CUS0003264,,0967198804,tjimenez@example.org,PRD-IN02,EMP00494,Contacted,2025-03-12T19:52:00,71
LED000891,Branch Walk-in,CUS0002279,,0879379667,paul48@example.org,PRD-CC04,EMP00243,Contacted,2026-03-13T07:07:00,64
LED000892,Partner,CUS0003238,,0659856944,lhill@example.net,PRD-CC02,EMP00313,Converted,2025-04-01T00:07:00,3
LED000893,Branch Walk-in,,ฟิรยา ฉายแสง,0945051135,mcurtis@example.org,PRD-CC04,EMP00189,Qualified,2025-02-15T01:16:00,66
LED000894,Branch Walk-in,CUS0000928,,0810950229,smithandrew@example.org,PRD-LN02,EMP00128,Disqualified,2025-03-14T00:31:00,15
LED000895,Web Form,,ปรายกานต์ นพคเชนทร์,0813257238,emma52@example.net,PRD-SAV02,EMP00147,Converted,2026-03-10T12:20:00,32
LED000896,Partner,CUS0007174,,0974799733,cindylucas@example.com,PRD-CUR01,EMP00448,Contacted,2025-07-23T10:49:00,48
LED000897,Partner,CUS0000283,,0992059301,carl11@example.com,PRD-LN04,EMP00472,Converted,2025-05-24T08:44:00,31
LED000898,Referral,CUS0003184,,0688858071,christina55@example.net,PRD-CC03,EMP00136,Contacted,2026-04-14T14:15:00,68
LED000899,Campaign,CUS0001850,,0847836947,ephillips@example.org,PRD-FD01,EMP00292,Converted,2025-02-03T14:27:00,80
LED000900,Partner,CUS0008033,,0646992533,whitediana@example.org,PRD-FD03,EMP00212,Qualified,2025-09-29T23:03:00,13
LED000901,Campaign,,คมกฤชญ์ ธัญเสถียร,0971905469,patricia20@example.net,PRD-SAV01,EMP00183,Converted,2026-01-07T09:06:00,32
LED000902,Campaign,,เพชรมณี ธูปะวิโรจน์,0687261650,ygonzalez@example.org,PRD-CC04,EMP00261,New,2025-07-06T09:24:00,65
LED000903,Campaign,CUS0007492,,0629730739,aliciawelch@example.com,PRD-LN01,EMP00453,Qualified,2025-04-20T20:35:00,4
LED000904,Web Form,CUS0003255,,0928364810,hmcdonald@example.com,PRD-DC02,EMP00318,New,2025-01-02T12:37:00,94
LED000905,Partner,CUS0003590,,0687314177,jnguyen@example.com,PRD-FD03,EMP00163,Qualified,2025-12-04T05:58:00,7
LED000906,Referral,,ธารา ไม้แดง,0880265169,ericmoore@example.org,PRD-IN01,EMP00475,Converted,2025-05-29T02:29:00,3
LED000907,Web Form,CUS0003258,,0971148016,balllaura@example.org,PRD-SAV01,EMP00313,Disqualified,2025-07-16T04:17:00,31
LED000908,Branch Walk-in,CUS0003709,,0826737017,smithshannon@example.org,PRD-CC02,EMP00330,Qualified,2025-08-24T14:33:00,12
LED000909,Web Form,CUS0007155,,0817065050,oburgess@example.com,PRD-DC02,EMP00098,Disqualified,2025-02-13T17:26:00,35
LED000910,Web Form,,สมมล นาถะเดชะ,0882548931,maddoxtheresa@example.org,PRD-CC03,EMP00130,Converted,2025-04-04T22:57:00,83
LED000911,Referral,CUS0000807,,0885888063,davidgonzalez@example.com,PRD-FD01,EMP00373,Converted,2026-03-28T06:50:00,30
LED000912,Partner,CUS0008656,,0663395658,obrown@example.org,PRD-WL03,EMP00297,Contacted,2025-02-13T19:35:00,13
LED000913,Cold Call,,คมคาย นิลวิมล,0673158635,nancyturner@example.org,PRD-WL03,EMP00158,New,2026-04-14T17:01:00,86
LED000914,Branch Walk-in,,ศจีกาญจน์ ศรีสัตย์,0829553755,dustin87@example.net,PRD-CC01,EMP00215,New,2025-12-01T18:14:00,57
LED000915,Campaign,CUS0009998,,0613503684,alanhurley@example.net,PRD-DG02,EMP00319,Qualified,2025-02-18T00:01:00,88
LED000916,Cold Call,CUS0000997,,0696607367,johnrhodes@example.org,PRD-SAL01,EMP00355,Qualified,2025-05-27T10:24:00,85
LED000917,Cold Call,CUS0005005,,0876259304,phensley@example.com,PRD-SAV02,EMP00147,New,2025-10-02T09:43:00,15
LED000918,Partner,CUS0003711,,0970280046,randy22@example.org,PRD-FD03,EMP00015,Disqualified,2025-09-07T10:44:00,33
LED000919,Cold Call,CUS0000266,,0832059846,xaustin@example.com,PRD-WL01,EMP00412,New,2025-07-23T04:15:00,9
LED000920,Partner,CUS0007602,,0998400586,piercechristopher@example.org,PRD-DG02,EMP00325,Converted,2025-09-12T09:25:00,96
LED000921,Web Form,CUS0000667,,0652112520,bryanstacy@example.com,PRD-DC02,EMP00400,New,2025-05-08T01:11:00,35
LED000922,Branch Walk-in,,ชรินทร์ทิพย์ นามขำ,0990512737,marynelson@example.com,PRD-IN01,EMP00205,Qualified,2025-06-29T05:27:00,1
LED000923,Cold Call,,ณัฐพิชา ซาซุม,0886851374,rodgerschristopher@example.net,PRD-LN01,EMP00037,Contacted,2025-03-10T09:37:00,21
LED000924,Cold Call,,นภัสรินทร์ ประจันตะเสน,0672926799,daniel03@example.org,PRD-WL03,EMP00143,Contacted,2026-02-24T01:57:00,57
LED000925,Branch Walk-in,CUS0008128,,0930671007,pamelahurley@example.net,PRD-FD03,EMP00384,Qualified,2025-06-02T11:26:00,86
LED000926,Referral,CUS0000249,,0681865641,julie13@example.com,PRD-CC02,EMP00094,Converted,2025-07-19T23:56:00,74
LED000927,Campaign,CUS0005854,,0610816183,hernandezkevin@example.net,PRD-CC02,EMP00008,Disqualified,2026-02-21T15:10:00,79
LED000928,Branch Walk-in,,พีรพัฒน์ พานเกล้า,0998041021,alexanderchavez@example.com,PRD-DG02,EMP00426,Contacted,2025-03-28T06:15:00,39
LED000929,Referral,CUS0009040,,0989820412,kevinperry@example.com,PRD-LN04,EMP00025,Converted,2025-08-22T14:12:00,25
LED000930,Cold Call,,นาวีตา บัวเผื่อน,0663497366,carrilloamanda@example.org,PRD-WL01,EMP00397,Disqualified,2025-07-27T14:44:00,55
LED000931,Branch Walk-in,,สิริลัดดา ศรทอง,0825973231,lgarner@example.net,PRD-FD03,EMP00498,New,2025-10-05T11:13:00,93
LED000932,Branch Walk-in,CUS0005133,,0995740483,victor88@example.com,PRD-CC02,EMP00223,Contacted,2025-04-28T13:07:00,96
LED000933,Partner,,สุรวัช ทำประดู่,0655287563,iconner@example.net,PRD-SAV02,EMP00488,New,2025-06-18T19:25:00,29
LED000934,Branch Walk-in,CUS0008076,,0686506612,danielle24@example.com,PRD-IN01,EMP00001,Converted,2025-11-17T19:39:00,20
LED000935,Web Form,,ยุศรอน ทวนทอง,0844590533,zadams@example.org,PRD-SAV02,EMP00201,Converted,2025-05-11T01:15:00,87
LED000936,Referral,CUS0008680,,0649365073,uthompson@example.org,PRD-DG02,EMP00044,Contacted,2026-04-12T15:33:00,79
LED000937,Branch Walk-in,CUS0001275,,0655932043,spencermichael@example.net,PRD-LN02,EMP00333,Converted,2025-02-17T20:40:00,41
LED000938,Partner,,ปิยวดี โพธิสัตย์,0628348746,timothyrobinson@example.com,PRD-FD03,EMP00354,Qualified,2025-07-31T06:18:00,90
LED000939,Cold Call,CUS0003999,,0887761863,faulknercaitlyn@example.net,PRD-WL01,EMP00480,Converted,2025-01-18T23:14:00,9
LED000940,Referral,CUS0002123,,0869986660,janetwilliamson@example.net,PRD-WL04,EMP00428,Converted,2025-12-08T08:14:00,11
LED000941,Referral,CUS0000787,,0647098165,dennis12@example.com,PRD-SAL01,EMP00032,Converted,2026-03-14T17:02:00,58
LED000942,Partner,,อำไพ ซาซุม,0948125756,william29@example.org,PRD-LN01,EMP00054,Converted,2025-01-04T18:51:00,34
LED000943,Branch Walk-in,CUS0005787,,0958964705,smithbrandon@example.com,PRD-LN02,EMP00004,New,2025-07-14T01:50:00,76
LED000944,Cold Call,CUS0009443,,0847419156,jessica93@example.org,PRD-WL04,EMP00463,Converted,2025-10-30T02:31:00,91
LED000945,Cold Call,CUS0005037,,0969393193,amber74@example.net,PRD-LN03,EMP00463,Converted,2026-05-01T02:39:00,43
LED000946,Referral,CUS0009475,,0681739144,leahjones@example.org,PRD-WL02,EMP00409,New,2025-09-12T04:25:00,77
LED000947,Referral,,กิติยาธรณ์ ถุงเงิน,0896645838,mckenzieblack@example.net,PRD-DC02,EMP00416,Contacted,2026-04-13T02:54:00,30
LED000948,Cold Call,CUS0002432,,0669328905,alicia11@example.com,PRD-LN03,EMP00199,Disqualified,2025-06-10T10:19:00,73
LED000949,Campaign,CUS0002362,,0933243709,matthewwilson@example.com,PRD-CUR01,EMP00458,Qualified,2026-03-20T09:55:00,24
LED000950,Partner,,รัฐพงษ์ ทีฆะ,0635330784,watkinscarolyn@example.net,PRD-FD03,EMP00144,Contacted,2025-06-26T20:42:00,87
LED000951,Web Form,CUS0003708,,0623648322,piercejoe@example.org,PRD-CUR01,EMP00156,Qualified,2025-12-16T00:50:00,92
LED000952,Referral,CUS0004932,,0678558060,deckerbonnie@example.org,PRD-WL03,EMP00100,Disqualified,2025-05-07T13:51:00,96
LED000953,Branch Walk-in,,ลัดดา บุนยาภิสนท์,0678341575,robertgonzalez@example.org,PRD-DC01,EMP00393,Qualified,2025-03-10T09:32:00,7
LED000954,Cold Call,,สมมล นักสำหรวจ,0890282640,zjohnson@example.com,PRD-DG02,EMP00436,Qualified,2025-11-09T01:04:00,9
LED000955,Campaign,CUS0007571,,0984975519,kkaufman@example.net,PRD-WL01,EMP00032,New,2025-09-27T05:10:00,36
LED000956,Branch Walk-in,CUS0007651,,0924826696,holttracy@example.org,PRD-WL04,EMP00462,Converted,2025-05-19T23:47:00,49
LED000957,Campaign,CUS0002269,,0640747247,danielsilva@example.com,PRD-DG01,EMP00360,Qualified,2025-12-05T13:05:00,42
LED000958,Cold Call,,พิไลพร ศรีสัตย์,0646411269,angela19@example.org,PRD-FD01,EMP00431,Converted,2025-11-02T12:23:00,64
LED000959,Partner,CUS0002214,,0692776288,ghernandez@example.net,PRD-IN01,EMP00129,Disqualified,2026-03-30T23:26:00,2
LED000960,Referral,CUS0006916,,0993321917,geraldrobinson@example.com,PRD-SAL01,EMP00285,Converted,2025-04-02T05:14:00,37
LED000961,Referral,,บุญพา หนุนสุข,0985050375,pwilliams@example.org,PRD-CC01,EMP00134,Qualified,2025-02-27T22:34:00,43
LED000962,Campaign,,สรรเพชญ์ ศรีสัตย์,0834788740,icuevas@example.com,PRD-WL04,EMP00008,Converted,2026-04-01T16:32:00,71
LED000963,Web Form,CUS0004893,,0914448729,hopkinsjennifer@example.com,PRD-WL03,EMP00455,Converted,2026-01-29T17:48:00,1
LED000964,Referral,CUS0005494,,0677996165,kevinanderson@example.net,PRD-SAV02,EMP00209,Contacted,2025-09-11T05:02:00,2
LED000965,Cold Call,CUS0001178,,0945485637,christopherwagner@example.org,PRD-IN01,EMP00125,Contacted,2025-09-24T07:13:00,15
LED000966,Referral,CUS0005033,,0693592561,christina64@example.org,PRD-CC03,EMP00040,Disqualified,2025-08-06T09:41:00,45
LED000967,Campaign,,วิชชากร เลิศกิ่ง,0680542299,sheppardlori@example.com,PRD-WL01,EMP00126,Qualified,2026-03-23T22:55:00,61
LED000968,Cold Call,CUS0000664,,0663425807,brownstacy@example.com,PRD-DC02,EMP00375,New,2025-03-31T22:11:00,86
LED000969,Partner,,กษิดิฐ ปานสุวรรณ,0651540281,dwhitaker@example.org,PRD-CC01,EMP00279,Contacted,2026-02-06T02:18:00,94
LED000970,Web Form,CUS0000178,,0690691451,jlindsey@example.com,PRD-FD03,EMP00362,Qualified,2025-05-09T11:15:00,71
LED000971,Cold Call,CUS0002828,,0837454439,jessicaturner@example.net,PRD-LN03,EMP00034,New,2025-02-26T12:28:00,41
LED000972,Campaign,,ปิยนาฎ ถาวระวรณ์,0985630789,grantwilson@example.net,PRD-DC01,EMP00496,Qualified,2026-03-18T10:54:00,79
LED000973,Web Form,,อันธิกา พรสีมา,0661040826,calebgamble@example.org,PRD-CC04,EMP00028,Disqualified,2026-01-19T22:31:00,22
LED000974,Partner,CUS0001899,,0621045887,paul96@example.com,PRD-SAV01,EMP00373,Contacted,2025-03-01T23:09:00,79
LED000975,Web Form,,อริสรา นาฏคายี,0927545909,njones@example.net,PRD-SAV01,EMP00386,Converted,2025-09-19T23:27:00,7
LED000976,Campaign,CUS0009725,,0865885948,paula54@example.org,PRD-FD02,EMP00014,Qualified,2025-10-27T04:55:00,30
LED000977,Branch Walk-in,CUS0001655,,0979144222,jessica09@example.org,PRD-CC04,EMP00223,New,2025-10-03T10:28:00,45
LED000978,Branch Walk-in,,ธีรวัช ทำประดู่,0920792746,hollowayadrienne@example.org,PRD-IN02,EMP00083,New,2026-03-09T20:46:00,52
LED000979,Referral,CUS0008567,,0646282508,thompsonbarbara@example.org,PRD-WL02,EMP00399,New,2026-03-05T00:48:00,82
LED000980,Branch Walk-in,,วรรณนิสา ถนิมมาศ,0625461868,brobinson@example.com,PRD-DG01,EMP00249,Qualified,2025-04-29T02:18:00,2
LED000981,Branch Walk-in,,วาสุเทพ ตวงทอง,0934541624,woodsshawn@example.com,PRD-DG01,EMP00163,Disqualified,2025-09-04T18:50:00,88
LED000982,Referral,,เถลิงยศ ทองสุกเลิศ,0987383830,rhonda33@example.org,PRD-CUR01,EMP00028,Converted,2025-05-23T01:11:00,66
LED000983,Cold Call,,ธัญญามาศ ดวงทับทิม,0919201505,rachel45@example.com,PRD-LN04,EMP00258,Qualified,2025-05-03T17:36:00,69
LED000984,Referral,,มาซีเตาะ ธูปะวิโรจน์,0657340225,merrittcody@example.net,PRD-DC01,EMP00339,Converted,2025-10-01T22:06:00,19
LED000985,Partner,,เจตธนากร นิยมเซียม,0667663588,jessicagordon@example.com,PRD-SAV01,EMP00333,New,2026-04-13T02:53:00,59
LED000986,Partner,CUS0000518,,0999072636,utaylor@example.com,PRD-LN02,EMP00465,Qualified,2025-09-23T16:36:00,66
LED000987,Campaign,,อรพิณ บุญญาภิรมย์,0857836569,christianhebert@example.net,PRD-FD02,EMP00122,Converted,2025-02-12T14:05:00,67
LED000988,Cold Call,,สันชัย จ้อยนุแสง,0841633467,thomasking@example.com,PRD-WL03,EMP00176,Converted,2025-10-21T02:28:00,24
LED000989,Referral,CUS0006359,,0899461438,pearsonjames@example.com,PRD-CC01,EMP00291,Disqualified,2025-11-27T23:13:00,79
LED000990,Campaign,,ฮานาฟี แถมธน,0949354330,sierraodom@example.com,PRD-FD02,EMP00341,Disqualified,2026-02-07T11:01:00,50
LED000991,Referral,,วัลยา พานเกล้า,0945324620,raychristopher@example.com,PRD-WL02,EMP00134,Contacted,2025-11-23T11:02:00,54
LED000992,Cold Call,,แปลง ฉัพพรรณธนกูร,0632973614,nwillis@example.com,PRD-DC01,EMP00047,New,2025-11-11T18:41:00,76
LED000993,Partner,CUS0001016,,0670525810,fjordan@example.net,PRD-CUR01,EMP00121,Disqualified,2025-06-29T16:26:00,22
LED000994,Cold Call,CUS0008138,,0868320654,alan78@example.com,PRD-CC03,EMP00385,Contacted,2025-09-22T19:37:00,71
LED000995,Branch Walk-in,,อัญชัญ นพตระกูล,0844375674,gibbspaul@example.net,PRD-WL01,EMP00265,Contacted,2025-09-06T20:34:00,36
LED000996,Cold Call,,นิรันดร์ นาฏคายี,0645300580,nsantiago@example.org,PRD-LN01,EMP00310,Disqualified,2025-03-11T01:24:00,77
LED000997,Web Form,,กุลดิลก นานายน,0834012854,christopherrosario@example.org,PRD-WL01,EMP00479,Contacted,2025-01-27T11:12:00,29
LED000998,Partner,CUS0003384,,0672291149,lauren82@example.net,PRD-LN02,EMP00001,New,2025-03-07T20:12:00,91
LED000999,Branch Walk-in,CUS0002308,,0861322332,yholloway@example.net,PRD-LN02,EMP00167,Qualified,2025-03-30T20:41:00,18
LED001000,Campaign,,สิรวัฒน์ ไม้แดง,0611812001,robert67@example.net,PRD-CC02,EMP00063,New,2025-10-02T18:16:00,6
LED001001,Branch Walk-in,CUS0002120,,0634500443,jenniferwright@example.net,PRD-CUR01,EMP00450,New,2025-03-31T19:24:00,99
LED001002,Web Form,,วนาลี ตันเผ่า,0688451058,brian54@example.org,PRD-WL01,EMP00319,Contacted,2026-04-26T09:05:00,43
LED001003,Referral,CUS0000401,,0829447315,arthurrobinson@example.com,PRD-FD03,EMP00483,Disqualified,2025-09-25T14:26:00,11
LED001004,Cold Call,,ชิดชนก ดิสกะประกาย,0970570642,phillip98@example.net,PRD-IN01,EMP00371,Disqualified,2025-11-19T18:48:00,27
LED001005,Branch Walk-in,,ภานุพล ดาวกระจาย,0666582424,lbooker@example.com,PRD-WL02,EMP00432,Qualified,2025-10-05T11:51:00,81
LED001006,Campaign,CUS0009057,,0675752983,masoncrystal@example.net,PRD-DG01,EMP00221,Qualified,2025-12-18T19:15:00,28
LED001007,Branch Walk-in,CUS0003537,,0834078876,sarah27@example.com,PRD-WL02,EMP00452,Disqualified,2025-08-30T03:56:00,3
LED001008,Branch Walk-in,,พันธุ์เทพ บุญศล,0677704463,mario97@example.com,PRD-LN02,EMP00478,Qualified,2025-07-30T02:10:00,100
LED001009,Partner,,ขวัญรุ้ง จันอ้น,0972077358,joseph44@example.net,PRD-CC02,EMP00386,Contacted,2026-04-04T09:54:00,12
LED001010,Web Form,CUS0007668,,0838957751,vwhite@example.com,PRD-LN04,EMP00160,Contacted,2025-09-15T11:37:00,100
LED001011,Campaign,,เสรี ดาตู,0836011417,kelseythompson@example.com,PRD-LN02,EMP00292,New,2025-10-10T21:25:00,23
LED001012,Web Form,CUS0003458,,0823560891,johnsonsteven@example.org,PRD-LN03,EMP00028,Qualified,2025-05-01T04:25:00,78
LED001013,Web Form,,วิรชัย ธนประทีป,0684200686,genefox@example.org,PRD-CC01,EMP00315,New,2025-03-10T23:11:00,86
LED001014,Web Form,,ปัตถพงษ์ ติระคมน์,0618472628,james47@example.net,PRD-CC04,EMP00101,Contacted,2026-02-17T15:39:00,89
LED001015,Cold Call,CUS0001798,,0695279041,justin23@example.com,PRD-LN03,EMP00195,Converted,2025-03-21T10:59:00,16
LED001016,Branch Walk-in,CUS0004065,,0816839195,oward@example.org,PRD-DC01,EMP00367,Disqualified,2026-01-08T10:05:00,85
LED001017,Campaign,CUS0009714,,0939168902,dennismark@example.net,PRD-DC01,EMP00253,New,2026-01-08T10:48:00,37
LED001018,Referral,,วรรณชนะชัย นกทอง,0885411505,mclaughlinkayla@example.net,PRD-SAV02,EMP00497,New,2025-11-27T14:53:00,71
LED001019,Cold Call,CUS0001174,,0847718379,sawyerdaniel@example.com,PRD-FD02,EMP00120,Qualified,2025-08-16T01:06:00,17
LED001020,Cold Call,CUS0007822,,0667001167,zprice@example.net,PRD-FD02,EMP00242,New,2025-10-22T23:45:00,10
LED001021,Branch Walk-in,,ชัชนันท์ ถาวระวรณ์,0827234450,teresa14@example.net,PRD-DG02,EMP00073,Disqualified,2025-03-21T12:01:00,45
LED001022,Campaign,CUS0005184,,0944164989,eric70@example.com,PRD-SAL01,EMP00003,Qualified,2025-01-02T06:24:00,93
LED001023,Campaign,CUS0009214,,0890230370,wfrench@example.com,PRD-FD01,EMP00377,Qualified,2026-03-22T04:30:00,43
LED001024,Cold Call,,ประยุทธ์ บินดี,0683518742,lynnjavier@example.com,PRD-DG02,EMP00112,New,2026-01-29T11:04:00,2
LED001025,Referral,CUS0002528,,0610961228,nli@example.com,PRD-LN01,EMP00481,Contacted,2025-12-12T22:27:00,0
LED001026,Campaign,CUS0004002,,0977901117,brucezachary@example.com,PRD-LN02,EMP00273,New,2025-12-15T03:56:00,72
LED001027,Campaign,CUS0001089,,0619753173,sarahmartin@example.com,PRD-WL03,EMP00155,Converted,2025-05-31T16:48:00,80
LED001028,Web Form,CUS0004394,,0694887568,johnsonsuzanne@example.net,PRD-DC01,EMP00191,New,2026-04-02T04:11:00,38
LED001029,Referral,CUS0001675,,0992750221,elizabeth67@example.org,PRD-CUR01,EMP00055,Qualified,2025-09-02T07:03:00,87
LED001030,Partner,CUS0009867,,0934701430,amanda83@example.net,PRD-WL01,EMP00299,New,2025-05-08T21:15:00,41
LED001031,Campaign,CUS0008932,,0638473609,sdeleon@example.com,PRD-LN04,EMP00077,Disqualified,2025-09-29T17:09:00,69
LED001032,Web Form,,วสิตา อุลหัสสา,0864116164,adougherty@example.net,PRD-IN01,EMP00155,Contacted,2025-12-21T03:35:00,0
LED001033,Branch Walk-in,CUS0005745,,0925897219,kimberly40@example.net,PRD-WL04,EMP00464,New,2026-03-13T07:26:00,6
LED001034,Web Form,,วิรศักดิ์ หอมสิน,0950181319,clintonrussell@example.org,PRD-CC03,EMP00265,Converted,2025-07-12T04:31:00,26
LED001035,Branch Walk-in,CUS0009435,,0949252016,randypope@example.org,PRD-WL04,EMP00447,Converted,2026-04-23T20:36:00,97
LED001036,Partner,CUS0000493,,0819220261,ashley41@example.net,PRD-IN02,EMP00248,Qualified,2026-03-12T03:29:00,16
LED001037,Campaign,CUS0002121,,0821859651,michael81@example.net,PRD-LN01,EMP00046,Disqualified,2025-10-29T09:03:00,46
LED001038,Referral,CUS0006512,,0852121385,laurenshelton@example.org,PRD-CC03,EMP00095,Disqualified,2025-05-22T05:20:00,18
LED001039,Cold Call,CUS0007037,,0942820622,fpetty@example.net,PRD-SAV02,EMP00237,Qualified,2025-12-29T19:30:00,33
LED001040,Cold Call,CUS0006552,,0978177861,bullockcarlos@example.org,PRD-CC01,EMP00037,New,2025-03-02T22:58:00,16
LED001041,Web Form,CUS0006707,,0623796030,anthony50@example.com,PRD-WL03,EMP00339,Contacted,2025-04-09T23:34:00,52
LED001042,Web Form,,วรรณชนะชัย นาควงษ์,0820422911,sford@example.org,PRD-DC01,EMP00492,New,2025-08-29T12:08:00,5
LED001043,Cold Call,CUS0002216,,0919219773,dcollins@example.com,PRD-WL01,EMP00030,Qualified,2026-03-02T10:12:00,85
LED001044,Referral,,ศุภาศิล ศรีตะวัน,0676728859,kristinahaynes@example.com,PRD-CUR01,EMP00318,Disqualified,2025-11-22T03:41:00,67
LED001045,Web Form,CUS0005826,,0851990801,heather01@example.net,PRD-CC01,EMP00001,Disqualified,2025-07-05T05:36:00,84
LED001046,Partner,CUS0005457,,0661779270,josephlisa@example.org,PRD-CUR01,EMP00437,Contacted,2025-01-17T04:43:00,45
LED001047,Referral,,สมปอง ไตรบรรพ,0693653612,priceashley@example.com,PRD-SAV01,EMP00225,Disqualified,2025-06-12T04:11:00,92
LED001048,Partner,,โอภาส ทวนไชย์,0854031104,hgrant@example.com,PRD-SAL01,EMP00150,Qualified,2025-03-04T00:09:00,88
LED001049,Referral,CUS0009874,,0617087643,knightcarla@example.net,PRD-LN02,EMP00420,Qualified,2025-11-18T13:44:00,71
LED001050,Branch Walk-in,,กุลดิลก ขำเอนก,0625979061,ujacobs@example.net,PRD-LN02,EMP00116,New,2025-03-22T23:26:00,91
LED001051,Partner,CUS0003816,,0979862556,zacharyreed@example.org,PRD-LN04,EMP00287,Qualified,2025-03-21T22:27:00,37
LED001052,Web Form,,อัญชิษฐา ถนัดรบ,0989094337,jeremiah97@example.org,PRD-DG01,EMP00023,Contacted,2025-01-17T15:09:00,25
LED001053,Referral,CUS0002743,,0933262268,alvareztaylor@example.com,PRD-DG02,EMP00058,Disqualified,2025-05-10T04:37:00,22
LED001054,Web Form,CUS0002354,,0976883142,timothy26@example.com,PRD-WL02,EMP00051,Contacted,2025-10-12T17:33:00,73
LED001055,Web Form,,นพ นาคพันธุ์,0920920311,david56@example.org,PRD-CC04,EMP00337,Contacted,2025-01-05T14:21:00,48
LED001056,Campaign,CUS0008273,,0645970610,hclarke@example.org,PRD-CC04,EMP00461,Qualified,2025-06-12T06:58:00,76
LED001057,Web Form,CUS0002883,,0884114785,brittany05@example.net,PRD-DG01,EMP00492,Converted,2025-02-01T15:13:00,88
LED001058,Branch Walk-in,CUS0006140,,0923876244,herreraalyssa@example.com,PRD-CC02,EMP00475,Contacted,2025-03-27T14:18:00,18
LED001059,Partner,CUS0002607,,0896151580,gregory55@example.net,PRD-DG01,EMP00075,Qualified,2025-12-11T14:24:00,2
LED001060,Web Form,,ตอฮา ดาบเพ็ชร์,0819857358,kwalker@example.net,PRD-DG02,EMP00496,New,2025-12-13T21:44:00,23
LED001061,Cold Call,,อดิสรณ์ ไม้แดง,0656379619,moniquereyes@example.com,PRD-SAL01,EMP00278,Contacted,2025-01-05T19:19:00,2
LED001062,Partner,CUS0003514,,0997756114,hilljamie@example.com,PRD-CC03,EMP00055,New,2026-04-14T15:36:00,28
LED001063,Branch Walk-in,CUS0001931,,0978901747,susanhart@example.com,PRD-WL02,EMP00336,Contacted,2025-09-19T10:43:00,3
LED001064,Referral,CUS0004520,,0989556522,lclark@example.org,PRD-WL01,EMP00248,Disqualified,2026-04-03T02:47:00,84
LED001065,Campaign,CUS0007877,,0664406454,nicole11@example.com,PRD-LN04,EMP00282,Disqualified,2025-08-24T20:28:00,90
LED001066,Partner,CUS0008178,,0636900394,brandon26@example.net,PRD-CUR01,EMP00256,Qualified,2025-01-12T09:33:00,3
LED001067,Web Form,CUS0008643,,0881244825,richard87@example.net,PRD-LN03,EMP00098,Converted,2025-06-07T15:51:00,78
LED001068,Web Form,,หฤทัย บินดี,0620292780,karen87@example.net,PRD-FD02,EMP00278,Converted,2025-01-27T18:08:00,87
LED001069,Campaign,,พรรณปพร พรสีมา,0970609110,nathan52@example.com,PRD-IN02,EMP00241,Contacted,2025-02-03T04:43:00,5
LED001070,Cold Call,CUS0007088,,0666131796,joneswilliam@example.net,PRD-DG01,EMP00099,Contacted,2025-08-22T20:45:00,4
LED001071,Cold Call,CUS0003535,,0855613174,ahart@example.com,PRD-CC01,EMP00274,Converted,2025-03-07T01:53:00,41
LED001072,Referral,,ทับทิม เณรานุสนธิ์,0963899091,jacquelineterry@example.com,PRD-DG02,EMP00314,Qualified,2025-07-12T15:19:00,43
LED001073,Partner,CUS0001300,,0937387986,jonathanramirez@example.com,PRD-DG02,EMP00365,New,2025-08-16T13:00:00,18
LED001074,Cold Call,CUS0004347,,0656616013,leslie43@example.com,PRD-WL04,EMP00140,Qualified,2025-12-20T12:07:00,10
LED001075,Cold Call,CUS0001942,,0653097044,perezrachel@example.org,PRD-IN02,EMP00190,Converted,2025-04-30T03:39:00,95
LED001076,Referral,CUS0007392,,0662125301,mark18@example.org,PRD-CC04,EMP00310,Qualified,2025-04-06T05:55:00,47
LED001077,Campaign,CUS0005259,,0945296770,ocardenas@example.net,PRD-CC02,EMP00401,Qualified,2025-05-13T13:14:00,10
LED001078,Branch Walk-in,,สโรชา มนทอง,0926319811,elizabethlynch@example.org,PRD-CC04,EMP00214,New,2025-03-27T18:56:00,69
LED001079,Web Form,CUS0006308,,0635540239,rhamilton@example.org,PRD-WL02,EMP00177,Contacted,2026-02-09T15:49:00,41
LED001080,Web Form,,ธนกิตต์ ตะละภัฏ,0841753981,staceyanderson@example.com,PRD-FD01,EMP00192,Contacted,2025-09-05T08:09:00,52
LED001081,Web Form,,จิตตานันท์ ธีวร,0913409128,rosswesley@example.com,PRD-LN04,EMP00133,Disqualified,2025-10-09T05:38:00,24
LED001082,Campaign,,ยศพนต์ นิลวิมล,0644201229,shieldsgwendolyn@example.com,PRD-CUR01,EMP00285,New,2025-08-04T03:23:00,33
LED001083,Cold Call,CUS0008353,,0876890823,nicholasleach@example.com,PRD-CC03,EMP00474,Contacted,2025-05-29T12:56:00,11
LED001084,Branch Walk-in,CUS0001085,,0920380412,kimtammy@example.org,PRD-CC03,EMP00077,Disqualified,2025-01-23T13:50:00,26
LED001085,Campaign,CUS0002633,,0618048067,curtis85@example.net,PRD-FD01,EMP00422,Contacted,2025-07-20T03:52:00,21
LED001086,Campaign,CUS0003807,,0697019327,hayespatricia@example.net,PRD-CC02,EMP00139,Contacted,2026-04-29T18:55:00,78
LED001087,Campaign,CUS0002376,,0944527703,daniellefoley@example.org,PRD-SAV01,EMP00393,Disqualified,2025-08-06T09:20:00,93
LED001088,Web Form,CUS0002216,,0622216178,meganarias@example.com,PRD-DG01,EMP00083,Contacted,2025-10-30T23:18:00,78
LED001089,Partner,,เพ็ญพรรษา ศรทอง,0981427190,jeffreyrivera@example.com,PRD-WL04,EMP00445,Disqualified,2025-06-06T11:56:00,28
LED001090,Partner,CUS0005588,,0667950439,amanda14@example.net,PRD-CC04,EMP00247,New,2025-04-11T08:41:00,87
LED001091,Branch Walk-in,,สมพิศ นิลสุวรรณ์,0928999151,harveyandrew@example.org,PRD-DC01,EMP00342,Qualified,2025-04-03T07:02:00,9
LED001092,Branch Walk-in,CUS0003099,,0979287285,calvinbenson@example.org,PRD-DG01,EMP00160,Disqualified,2025-02-21T16:33:00,86
LED001093,Branch Walk-in,CUS0007488,,0974148200,allenamanda@example.net,PRD-FD03,EMP00230,Converted,2025-01-10T05:42:00,93
LED001094,Referral,CUS0002163,,0885084664,vgreen@example.org,PRD-CC04,EMP00329,Disqualified,2025-12-29T20:40:00,70
LED001095,Cold Call,CUS0006806,,0981096273,dukejason@example.org,PRD-DC01,EMP00112,Qualified,2026-01-24T18:22:00,65
LED001096,Partner,CUS0001071,,0910891657,jgarza@example.org,PRD-CC02,EMP00434,Disqualified,2025-06-02T02:58:00,81
LED001097,Branch Walk-in,,ราชัน นิลวรรณ,0862748494,gkelly@example.com,PRD-LN03,EMP00018,Contacted,2025-07-04T09:48:00,67
LED001098,Referral,,โสภณิตา ตันยา,0831798396,barrerasheri@example.org,PRD-CC04,EMP00246,Qualified,2025-08-05T17:25:00,1
LED001099,Cold Call,CUS0007817,,0878243137,tasha12@example.net,PRD-CC03,EMP00346,Qualified,2025-03-21T20:57:00,75
LED001100,Web Form,CUS0004669,,0958524592,vwest@example.org,PRD-IN01,EMP00264,New,2025-04-02T20:10:00,32
LED001101,Partner,CUS0003873,,0871921848,robert64@example.com,PRD-LN04,EMP00261,New,2026-03-26T12:50:00,55
LED001102,Web Form,,บุญเทียน แท่นทอง,0670485057,nicholas51@example.org,PRD-WL02,EMP00098,New,2026-03-17T20:47:00,58
LED001103,Cold Call,,ศรีสวัสดิ์ ทำประดู่,0880370986,hartmanjames@example.com,PRD-LN01,EMP00343,Contacted,2025-09-22T13:24:00,70
LED001104,Referral,CUS0005792,,0634482216,sandersjoel@example.org,PRD-DG01,EMP00481,Qualified,2025-11-17T04:38:00,36
LED001105,Web Form,,จิฬาภรณ์ ถาวระวรณ์,0663558182,emily69@example.org,PRD-DC01,EMP00170,New,2025-05-18T17:29:00,52
LED001106,Partner,CUS0005755,,0615758566,morgan11@example.net,PRD-IN01,EMP00224,Converted,2025-12-16T18:09:00,47
LED001107,Partner,CUS0009996,,0820964136,kylesimmons@example.net,PRD-DG02,EMP00286,Qualified,2025-12-03T03:09:00,61
LED001108,Web Form,CUS0001732,,0917439799,adamhayes@example.com,PRD-DG02,EMP00147,Disqualified,2025-12-11T11:12:00,86
LED001109,Referral,,วาร์มูฮำหมัด นิระหานี,0859616904,wrichards@example.net,PRD-SAL01,EMP00308,Qualified,2025-08-02T19:37:00,96
LED001110,Cold Call,CUS0002823,,0693453315,waltersshelby@example.net,PRD-SAL01,EMP00030,Qualified,2025-01-23T21:52:00,31
LED001111,Referral,CUS0003772,,0685589143,denisebarber@example.net,PRD-CC01,EMP00039,Disqualified,2026-04-13T07:51:00,89
LED001112,Branch Walk-in,,กุลปรียา ธุวะนุติ์,0987530666,jameshernandez@example.net,PRD-FD03,EMP00343,Converted,2025-02-06T13:59:00,91
LED001113,Campaign,,โชติวุฒิ ถนัดเดินข่าว,0932095070,zhernandez@example.net,PRD-WL03,EMP00226,New,2025-11-13T22:37:00,87
LED001114,Partner,CUS0005770,,0811301221,felicia40@example.net,PRD-DC01,EMP00278,Contacted,2025-05-12T22:29:00,51
LED001115,Partner,,เอนกพงศ์ ธูปะวิโรจน์,0828974524,whitetravis@example.com,PRD-CC04,EMP00216,Qualified,2026-01-01T22:49:00,91
LED001116,Cold Call,CUS0007137,,0675397022,charles04@example.net,PRD-CC01,EMP00122,Contacted,2025-09-05T02:44:00,57
LED001117,Cold Call,CUS0006096,,0613014383,isaiahjacobs@example.net,PRD-WL04,EMP00211,Qualified,2025-02-10T12:21:00,82
LED001118,Campaign,,ยุศรอน ถนอมกุลบุตร,0810736312,brenda79@example.com,PRD-IN02,EMP00264,New,2026-03-08T10:22:00,3
LED001119,Cold Call,,อธิวัตร ทำประดู่,0883355448,barrymichelle@example.org,PRD-CC01,EMP00005,Converted,2025-09-21T01:35:00,71
LED001120,Web Form,CUS0002700,,0887620947,zachary83@example.com,PRD-LN01,EMP00478,Qualified,2025-07-24T13:08:00,19
LED001121,Referral,CUS0009771,,0628649840,taylor65@example.org,PRD-SAL01,EMP00149,Converted,2026-04-25T06:20:00,9
LED001122,Campaign,CUS0001697,,0664146576,brittany23@example.org,PRD-DC02,EMP00382,Disqualified,2025-12-18T01:05:00,62
LED001123,Cold Call,,ฮามีย๊ะ ด้วงโสน,0846680595,jarvisadam@example.org,PRD-CC01,EMP00398,Disqualified,2025-10-03T01:35:00,34
LED001124,Campaign,CUS0000545,,0818576574,emilyprice@example.org,PRD-WL02,EMP00455,Disqualified,2026-01-12T13:12:00,88
LED001125,Campaign,,ผกาทิพย์ ถนัดพิมพการ,0649138201,vcross@example.net,PRD-WL04,EMP00270,Qualified,2025-03-30T20:33:00,5
LED001126,Web Form,CUS0009712,,0993109788,thomasdonna@example.net,PRD-CUR01,EMP00017,Disqualified,2025-05-05T15:52:00,25
LED001127,Campaign,CUS0009745,,0819485146,wayne16@example.net,PRD-CC03,EMP00256,Qualified,2025-06-11T21:20:00,80
LED001128,Partner,CUS0004140,,0628786088,shannonjimenez@example.net,PRD-DC01,EMP00295,Disqualified,2025-12-02T10:31:00,71
LED001129,Cold Call,,ศรลักษณ์ ตัณฑนุช,0818573337,robertlee@example.net,PRD-FD03,EMP00343,Qualified,2025-05-08T07:16:00,0
LED001130,Branch Walk-in,CUS0002097,,0820892190,gwatkins@example.com,PRD-IN01,EMP00012,Qualified,2026-01-12T07:53:00,66
LED001131,Campaign,CUS0000768,,0886800457,ecollier@example.org,PRD-CC04,EMP00217,Qualified,2025-09-13T07:58:00,23
LED001132,Branch Walk-in,CUS0002753,,0815999058,jacquelineboyd@example.com,PRD-LN02,EMP00222,Qualified,2025-10-29T09:09:00,87
LED001133,Branch Walk-in,CUS0003851,,0838798951,annholland@example.com,PRD-FD01,EMP00292,Disqualified,2025-03-28T20:49:00,45
LED001134,Referral,,นันทวรรณ นาคะนคร,0963814227,gabriellegates@example.org,PRD-CC01,EMP00113,Converted,2025-08-04T18:27:00,61
LED001135,Campaign,,กุลภาวลัย ร่มธิติรัตน์,0627805102,chadadams@example.net,PRD-WL01,EMP00307,Qualified,2025-10-23T06:19:00,30
LED001136,Referral,CUS0005330,,0841650079,ksmith@example.com,PRD-CC01,EMP00143,New,2025-12-15T17:40:00,31
LED001137,Campaign,CUS0001061,,0644716818,jennifer82@example.net,PRD-FD01,EMP00175,Disqualified,2025-11-26T22:04:00,14
LED001138,Branch Walk-in,,พีรภัทร์ โพธิสัตย์,0943588794,brewerjeffrey@example.com,PRD-SAV01,EMP00286,Qualified,2025-11-04T01:01:00,44
LED001139,Web Form,,ปิยวดี แนวพญา,0675778162,kaylawalker@example.net,PRD-LN04,EMP00046,Converted,2025-06-07T01:42:00,32
LED001140,Branch Walk-in,CUS0002356,,0888638808,jamesjanice@example.net,PRD-LN01,EMP00421,Qualified,2026-03-31T16:18:00,81
LED001141,Referral,,ปฐม แท่นทอง,0642617320,garrettjeffrey@example.net,PRD-CC03,EMP00462,Disqualified,2025-05-20T19:09:00,55
LED001142,Cold Call,,สุรการณ์ นิละทัต,0935165453,joshuawilliams@example.org,PRD-LN01,EMP00154,Qualified,2025-02-24T14:11:00,81
LED001143,Partner,,กรพนธ์ ตวงทอง,0817675161,nicole14@example.net,PRD-LN03,EMP00245,Qualified,2026-02-11T10:26:00,29
LED001144,Cold Call,,กษิดิฐ ทรงโกมล,0611979996,thomasbrian@example.org,PRD-IN01,EMP00283,Qualified,2025-02-13T19:59:00,7
LED001145,Branch Walk-in,,พิมพ์สุดา นามขำ,0942344744,adam08@example.org,PRD-SAL01,EMP00396,Disqualified,2025-10-27T14:48:00,33
LED001146,Cold Call,,เพียงกมล ขุนดำ,0670814519,joseph61@example.com,PRD-LN03,EMP00060,Disqualified,2025-01-07T15:25:00,42
LED001147,Referral,,พลภูมิ ทวนไชย์,0915853461,joannakaufman@example.org,PRD-FD01,EMP00063,Disqualified,2025-08-04T20:48:00,1
LED001148,Web Form,,ศภัคชคง นาคพันธุ์,0828498175,laurenreid@example.org,PRD-CC04,EMP00040,Qualified,2026-04-05T11:32:00,76
LED001149,Campaign,,นัสรุน ทันยุค,0834946847,tyler39@example.com,PRD-WL04,EMP00348,Disqualified,2026-02-08T04:48:00,47
LED001150,Referral,CUS0000706,,0848359781,garciayolanda@example.net,PRD-DG01,EMP00247,Converted,2025-01-24T05:45:00,53
LED001151,Campaign,,วาสุเทพ ไทนิยม,0875009048,blake49@example.org,PRD-DC02,EMP00366,New,2025-09-18T04:42:00,94
LED001152,Cold Call,,ณัฐวรินทร นกทอง,0884602450,randy89@example.net,PRD-LN04,EMP00260,Contacted,2025-04-04T15:33:00,17
LED001153,Campaign,CUS0007700,,0918793559,scline@example.com,PRD-CC03,EMP00331,Converted,2026-04-20T23:34:00,83
LED001154,Branch Walk-in,,เลิศเดช นิยมสำหรวจ,0863715790,robinsonandrea@example.net,PRD-CC04,EMP00499,Converted,2025-11-20T12:14:00,64
LED001155,Branch Walk-in,,ปวีณ นามเสวตร,0972206638,jenkinstyler@example.org,PRD-DG01,EMP00054,Contacted,2025-07-12T00:36:00,51
LED001156,Cold Call,CUS0003729,,0928653122,larcher@example.org,PRD-LN02,EMP00336,Qualified,2026-01-15T05:37:00,55
LED001157,Referral,CUS0002199,,0911621740,umurphy@example.org,PRD-SAV02,EMP00173,Disqualified,2025-07-20T21:57:00,76
LED001158,Campaign,,กษิดิฐ ตวันเยี่ยม,0955501621,egray@example.com,PRD-CC03,EMP00432,New,2025-07-07T20:36:00,26
LED001159,Partner,CUS0001504,,0896757695,nvaughn@example.com,PRD-CUR01,EMP00316,Qualified,2025-06-28T12:58:00,66
LED001160,Branch Walk-in,,ศรินยา ไชยภา,0878007916,shawsarah@example.com,PRD-WL01,EMP00302,Contacted,2025-09-15T19:32:00,17
LED001161,Partner,,บุญพา ถนอมพล,0827011390,martineztravis@example.com,PRD-IN02,EMP00425,New,2025-02-02T18:40:00,1
LED001162,Referral,,ฐิติกุล พงศ์ฉบับนภา,0951719426,evan73@example.org,PRD-WL04,EMP00421,Qualified,2025-06-24T09:20:00,94
LED001163,Web Form,CUS0002211,,0961337091,kelly04@example.net,PRD-SAV02,EMP00062,New,2025-05-14T14:09:00,89
LED001164,Partner,,นวรรษนันท์ ทรัพย์สาร,0949015459,madeline86@example.net,PRD-WL01,EMP00484,Contacted,2026-01-12T13:44:00,56
LED001165,Cold Call,,ปิยะชาติ นาคพันธุ์,0881741690,cassandrahumphrey@example.com,PRD-WL01,EMP00045,Converted,2025-10-21T00:57:00,10
LED001166,Referral,CUS0008320,,0875119583,erichenry@example.com,PRD-WL03,EMP00386,New,2025-11-02T09:43:00,86
LED001167,Web Form,,โสภณ สาระพันธ์,0696703788,csharp@example.net,PRD-DC01,EMP00350,Qualified,2025-09-07T00:23:00,34
LED001168,Branch Walk-in,,ลักษมี ดุริยพันธุ์,0886414084,douglaschelsey@example.net,PRD-CC03,EMP00182,New,2026-03-07T13:09:00,17
LED001169,Branch Walk-in,,เพียงกมล ธรรมเมธา,0684298898,skelley@example.net,PRD-CC02,EMP00394,Converted,2025-02-10T16:02:00,87
LED001170,Campaign,,สุธาวี ทวนไชย์,0878378279,elucas@example.com,PRD-WL03,EMP00069,Converted,2025-01-09T19:15:00,33
LED001171,Referral,CUS0009320,,0841230665,daviesrandy@example.net,PRD-FD03,EMP00206,Converted,2025-10-01T17:05:00,47
LED001172,Partner,,ดวงพร วาทา,0695090979,lcook@example.net,PRD-CC03,EMP00255,Qualified,2025-07-14T13:50:00,41
LED001173,Partner,,ศศิยา นาคะนคร,0977147953,shale@example.org,PRD-IN01,EMP00132,New,2025-09-11T17:44:00,94
LED001174,Partner,CUS0009549,,0621861977,smithdonna@example.com,PRD-DC01,EMP00019,Contacted,2025-12-31T13:38:00,12
LED001175,Branch Walk-in,CUS0004616,,0892503135,petersondaniel@example.com,PRD-LN01,EMP00233,Disqualified,2026-04-23T18:41:00,2
LED001176,Campaign,CUS0003793,,0614310335,houstoncarl@example.org,PRD-LN01,EMP00269,Contacted,2025-02-18T22:01:00,31
LED001177,Branch Walk-in,,พัชรพร ฉัพพรรณธนกูร,0654252092,samuelherrera@example.net,PRD-CC03,EMP00451,Qualified,2025-03-14T16:58:00,46
LED001178,Cold Call,CUS0004461,,0845257633,xpetersen@example.com,PRD-FD03,EMP00262,Qualified,2026-04-07T11:02:00,88
LED001179,Cold Call,,อนุวัช ถนัดภาษา,0850949122,jacquelinewilliams@example.net,PRD-WL04,EMP00305,Disqualified,2026-02-02T15:13:00,96
LED001180,Referral,,ฟิรยา บุญญาภิรมย์,0875262391,bchen@example.org,PRD-WL03,EMP00166,New,2025-08-11T17:39:00,68
LED001181,Cold Call,CUS0001653,,0986317829,robinwalker@example.net,PRD-SAL01,EMP00280,Disqualified,2025-03-01T00:02:00,98
LED001182,Web Form,CUS0009871,,0623969616,angelicaavila@example.com,PRD-FD01,EMP00116,New,2025-09-05T06:42:00,94
LED001183,Partner,CUS0002384,,0684312260,cummingsdennis@example.org,PRD-LN02,EMP00024,Contacted,2025-02-23T18:33:00,30
LED001184,Branch Walk-in,CUS0002453,,0926615287,janicewalker@example.com,PRD-LN03,EMP00447,Converted,2025-08-01T08:51:00,78
LED001185,Partner,CUS0004186,,0934938866,nschroeder@example.com,PRD-DC01,EMP00073,New,2025-08-20T20:04:00,2
LED001186,Referral,,วิรศักดิ์ ถนิมมาศ,0641254891,suarezwilliam@example.org,PRD-IN02,EMP00130,Qualified,2025-04-26T14:17:00,81
LED001187,Web Form,CUS0006648,,0828564149,vincent14@example.com,PRD-WL04,EMP00353,Contacted,2025-04-21T17:06:00,95
LED001188,Referral,CUS0008425,,0952206423,vincentpotts@example.org,PRD-DG01,EMP00436,Qualified,2025-10-29T11:52:00,44
LED001189,Cold Call,CUS0004852,,0950290089,ricesarah@example.com,PRD-SAL01,EMP00171,Converted,2025-06-18T23:10:00,27
LED001190,Branch Walk-in,,เอกวิทย์ ตราชู,0685853298,hutchinsonkristi@example.net,PRD-IN01,EMP00356,Contacted,2025-02-17T02:18:00,32
LED001191,Cold Call,,หลี บุญญาภิรมย์,0953672464,michaellopez@example.net,PRD-FD02,EMP00460,Converted,2025-01-26T08:51:00,66
LED001192,Cold Call,,เชิงชาย ถาวรรัตน,0862640437,xgordon@example.com,PRD-LN02,EMP00386,Converted,2025-06-07T20:12:00,13
LED001193,Referral,CUS0002261,,0652095963,xvazquez@example.com,PRD-WL03,EMP00047,New,2025-02-26T15:13:00,91
LED001194,Branch Walk-in,CUS0007169,,0838047482,howellscott@example.com,PRD-IN02,EMP00026,Contacted,2025-11-14T01:01:00,16
LED001195,Campaign,CUS0002254,,0921672580,rangelvickie@example.net,PRD-LN03,EMP00233,Qualified,2025-03-22T15:20:00,66
LED001196,Web Form,,พันเกล้า นามเสวตร,0854536495,hberry@example.com,PRD-WL02,EMP00395,Converted,2025-12-15T19:09:00,5
LED001197,Partner,CUS0001735,,0674975655,cervantesamber@example.org,PRD-DG01,EMP00157,New,2026-04-16T18:59:00,14
LED001198,Partner,CUS0004253,,0927255305,lopezwendy@example.net,PRD-DG01,EMP00090,Contacted,2025-08-30T07:40:00,11
LED001199,Cold Call,CUS0008471,,0965725911,audreybrown@example.com,PRD-DC01,EMP00327,Disqualified,2025-01-08T11:06:00,19
LED001200,Campaign,,อาซือมะ งามพิเชษฐ์,0967623212,scottwilson@example.net,PRD-IN01,EMP00055,Contacted,2025-07-12T04:08:00,11
LED001201,Partner,,แกมแพร ธัญาโภชน์,0946810876,michael96@example.org,PRD-SAV01,EMP00015,Qualified,2025-07-29T21:29:00,83
LED001202,Campaign,,ปิ่นบุญญา ตรีครุธพันธุ์,0621093571,heathermiller@example.com,PRD-WL04,EMP00006,Contacted,2026-03-31T03:07:00,87
LED001203,Cold Call,,เขียว ธนประทีป,0821119913,stephen91@example.net,PRD-SAV02,EMP00350,Contacted,2025-04-17T04:26:00,66
LED001204,Referral,CUS0008864,,0635155748,hansonshirley@example.org,PRD-WL04,EMP00368,New,2025-10-04T05:58:00,50
LED001205,Web Form,CUS0006517,,0979839663,yjackson@example.com,PRD-CC03,EMP00374,New,2025-08-06T01:25:00,49
LED001206,Web Form,CUS0008366,,0864641021,rwilliams@example.net,PRD-WL01,EMP00106,Contacted,2025-08-29T08:23:00,94
LED001207,Cold Call,CUS0009284,,0824520271,colleensoto@example.org,PRD-LN02,EMP00027,Converted,2025-02-27T17:57:00,64
LED001208,Cold Call,,ซูฮัยดา ศรีธนะเวทย์,0620389771,morganyu@example.org,PRD-CC02,EMP00201,Disqualified,2026-01-31T12:10:00,23
LED001209,Referral,,สมใจ แนวพนิช,0917778732,dunnjose@example.net,PRD-LN01,EMP00453,Converted,2025-03-16T21:19:00,73
LED001210,Branch Walk-in,CUS0000968,,0657822041,wigginsandrea@example.org,PRD-FD01,EMP00252,Converted,2025-10-26T08:04:00,42
LED001211,Referral,CUS0001264,,0929273795,bpreston@example.net,PRD-CC01,EMP00361,New,2025-09-08T02:28:00,66
LED001212,Web Form,,ยุลิน ปรีชากุลเศรษฐ์,0861625777,cobbfrancisco@example.net,PRD-WL03,EMP00450,Disqualified,2025-12-01T02:24:00,65
LED001213,Web Form,CUS0000596,,0696679375,caitlinperry@example.org,PRD-LN03,EMP00072,Contacted,2026-01-13T21:23:00,25
LED001214,Referral,,เทอดศักดิ์ ฉิมพาลี,0942186474,davidburns@example.com,PRD-DC01,EMP00359,Contacted,2026-03-07T18:41:00,29
LED001215,Campaign,CUS0009192,,0853730166,larryporter@example.net,PRD-CC02,EMP00449,Converted,2025-06-25T14:36:00,73
LED001216,Referral,,ศศินา ไทนิยม,0696760246,robertsantiago@example.net,PRD-SAV02,EMP00005,New,2026-04-25T21:41:00,50
LED001217,Branch Walk-in,CUS0002138,,0628925891,ashleyharvey@example.org,PRD-FD03,EMP00060,Contacted,2025-01-08T18:48:00,99
LED001218,Cold Call,CUS0008944,,0815681851,richardsoncraig@example.net,PRD-WL01,EMP00406,Disqualified,2025-08-28T22:25:00,94
LED001219,Branch Walk-in,CUS0005199,,0862369395,maddenpaul@example.com,PRD-DG02,EMP00024,Disqualified,2025-11-06T01:19:00,98
LED001220,Branch Walk-in,,เฉลิมพล บุณยะภาชน์,0635287617,ralph29@example.com,PRD-FD01,EMP00086,Converted,2025-05-10T22:41:00,49
LED001221,Referral,CUS0007915,,0861636758,wanderson@example.com,PRD-CUR01,EMP00359,Converted,2025-07-21T10:48:00,50
LED001222,Referral,,คมสัน ทรัพย์ธำรงค์,0933834672,marshallbrenda@example.org,PRD-IN01,EMP00318,Converted,2025-07-21T18:58:00,30
LED001223,Cold Call,CUS0009145,,0947476030,westvanessa@example.org,PRD-FD01,EMP00189,Qualified,2025-05-25T15:36:00,51
LED001224,Campaign,CUS0001998,,0851409398,matthew99@example.org,PRD-WL01,EMP00264,Converted,2026-03-12T19:52:00,17
LED001225,Web Form,,โชคภาดล ทองสีไพล,0973731540,elizabeth34@example.net,PRD-CC03,EMP00188,Contacted,2025-12-02T14:02:00,78
LED001226,Cold Call,,ซุกรี ดาบเงิน,0698654254,lortiz@example.net,PRD-LN03,EMP00460,New,2025-04-03T22:09:00,58
LED001227,Referral,,ลัดดา นับเนื่องนอ,0982963900,clarkjohn@example.org,PRD-IN01,EMP00219,Converted,2025-05-30T09:08:00,25
LED001228,Campaign,CUS0005071,,0617250802,joshua38@example.net,PRD-WL03,EMP00149,Qualified,2025-08-10T02:47:00,77
LED001229,Campaign,CUS0008987,,0620200644,lisarich@example.net,PRD-LN02,EMP00294,Disqualified,2025-09-02T06:13:00,100
LED001230,Campaign,,จุฑาภรณ์ น้ำทิพย์,0821209904,denisewatson@example.net,PRD-SAV01,EMP00153,Disqualified,2025-05-24T05:30:00,44
LED001231,Partner,,บุญพา นวลเพ็ง,0838894330,juliahoward@example.com,PRD-LN03,EMP00050,Contacted,2025-02-21T14:56:00,53
LED001232,Branch Walk-in,CUS0007065,,0672589565,hpratt@example.com,PRD-SAL01,EMP00079,Qualified,2026-01-28T22:30:00,64
LED001233,Referral,,คมสัน ขุนดำ,0820161447,hodgeschristopher@example.com,PRD-CC01,EMP00368,Contacted,2025-08-17T01:39:00,41
LED001234,Web Form,,ณาร์รีมาน ชำนาญวาด,0923188148,georgebryan@example.net,PRD-DC01,EMP00276,Qualified,2025-08-14T23:58:00,72
LED001235,Referral,CUS0001201,,0812513871,marylopez@example.org,PRD-FD03,EMP00474,Converted,2026-02-09T14:32:00,98
LED001236,Referral,,คณภรณ์ บุนยาภิสนท์,0869776413,mwelch@example.net,PRD-LN02,EMP00395,Qualified,2025-01-26T07:35:00,8
LED001237,Partner,CUS0004447,,0918922398,sandra64@example.net,PRD-CC04,EMP00014,Contacted,2025-02-13T09:09:00,87
LED001238,Cold Call,,ยูซุฟ ธุวะนุติ์,0926865927,morganpaige@example.net,PRD-CC01,EMP00078,Disqualified,2025-10-28T18:47:00,9
LED001239,Web Form,,ปิยวัจน์ ศรีธนะเวทย์,0665215584,timothy65@example.net,PRD-CUR01,EMP00371,New,2025-03-29T19:20:00,59
LED001240,Partner,CUS0004186,,0887527626,davenportcourtney@example.com,PRD-DC02,EMP00291,Converted,2026-04-23T16:40:00,13
LED001241,Partner,CUS0006673,,0884657064,adamellis@example.com,PRD-LN04,EMP00321,New,2026-03-08T14:58:00,16
LED001242,Cold Call,CUS0001047,,0677587968,michaelhenry@example.net,PRD-IN01,EMP00222,Disqualified,2025-10-25T10:06:00,40
LED001243,Referral,,จินต์จุฑา นิลเสนา,0947672799,ishepard@example.org,PRD-WL03,EMP00045,Disqualified,2025-03-18T19:54:00,24
LED001244,Cold Call,,นภัสรินทร์ ถมปัด,0851642840,josephwarner@example.com,PRD-DC02,EMP00367,Converted,2025-11-15T21:27:00,1
LED001245,Referral,CUS0009197,,0673960844,kdixon@example.com,PRD-DG02,EMP00325,New,2026-01-10T07:53:00,74
LED001246,Partner,CUS0001473,,0683118387,petersonclaudia@example.net,PRD-SAV02,EMP00368,Qualified,2025-02-22T11:22:00,29
LED001247,Partner,,วิกิจ นะวะมันดร,0831687989,maurice97@example.net,PRD-LN01,EMP00005,Contacted,2025-12-05T13:27:00,61
LED001248,Partner,CUS0001398,,0630218660,kimberlymathews@example.org,PRD-DG02,EMP00324,Converted,2026-03-02T20:40:00,81
LED001249,Partner,CUS0007576,,0613944661,williamcook@example.com,PRD-LN04,EMP00211,Converted,2025-07-26T01:38:00,5
LED001250,Web Form,,ฮานาฟี ถิรสวัสดิ์,0898279650,troy20@example.com,PRD-LN02,EMP00242,Disqualified,2025-07-06T11:19:00,15
LED001251,Campaign,,อาภัศรา ถาวรายุศม์,0620701961,jonesgregory@example.org,PRD-CC03,EMP00054,Disqualified,2025-05-15T13:23:00,71
LED001252,Referral,,วรรณกร ทับทิมไทย,0946758613,houstonapril@example.net,PRD-WL03,EMP00253,Contacted,2026-04-22T07:01:00,33
LED001253,Campaign,CUS0006219,,0841943357,timothy14@example.org,PRD-FD02,EMP00003,Converted,2025-08-07T23:55:00,38
LED001254,Partner,CUS0000512,,0695395184,ryoung@example.org,PRD-CC04,EMP00374,Qualified,2025-11-06T17:11:00,73
LED001255,Referral,,รอซีด๊ะ ธัญาโภชน์,0846152257,megan17@example.com,PRD-CUR01,EMP00278,Converted,2025-08-01T03:33:00,76
LED001256,Cold Call,CUS0009198,,0874842676,kwells@example.net,PRD-CUR01,EMP00211,Converted,2025-12-15T10:52:00,38
LED001257,Referral,,ผดุงพล ธรรมทินนา,0645522204,whamilton@example.net,PRD-LN01,EMP00198,Contacted,2025-01-16T23:43:00,15
LED001258,Cold Call,CUS0007330,,0650961586,jeffrey40@example.net,PRD-CUR01,EMP00024,Disqualified,2026-03-14T16:05:00,36
LED001259,Cold Call,,ชัชเวศย์ ทองเนื้อดี,0925843674,ashley94@example.net,PRD-IN01,EMP00400,Converted,2025-10-17T16:34:00,83
LED001260,Web Form,CUS0007720,,0668957536,rdean@example.com,PRD-CC02,EMP00136,Disqualified,2025-03-31T04:13:00,17
LED001261,Cold Call,,อาซือมะ นิลสุวรรณ์,0696099674,christopher72@example.net,PRD-CC01,EMP00021,New,2025-10-26T07:16:00,74
LED001262,Campaign,CUS0004279,,0834183028,xwilliams@example.net,PRD-DC02,EMP00433,Converted,2025-12-12T11:46:00,50
LED001263,Partner,CUS0009520,,0920698575,ojohnson@example.org,PRD-LN04,EMP00190,Converted,2026-02-21T17:10:00,54
LED001264,Branch Walk-in,,กะดิรัตน์ แนวพญา,0877716861,fosternicole@example.org,PRD-CC01,EMP00114,Qualified,2025-07-09T08:26:00,83
LED001265,Branch Walk-in,CUS0000960,,0620208260,qmartinez@example.net,PRD-DG02,EMP00352,Contacted,2026-04-08T09:50:00,100
LED001266,Partner,,ญาณพันธุ์ ถุงเงิน,0641726823,larachristopher@example.net,PRD-LN01,EMP00157,Contacted,2025-04-05T22:50:00,51
LED001267,Partner,CUS0008188,,0853880835,cmassey@example.net,PRD-LN03,EMP00352,New,2026-02-12T16:03:00,8
LED001268,Partner,,ศิริญา ยางสวย,0999370664,moorekenneth@example.net,PRD-IN02,EMP00367,Converted,2025-12-14T14:51:00,43
LED001269,Referral,,เอนกพงศ์ ฉัพพรรณธนกูร,0951467213,johnsonisaiah@example.net,PRD-CC02,EMP00226,Converted,2025-10-14T10:06:00,87
LED001270,Web Form,CUS0000774,,0634007493,nataliemartin@example.net,PRD-LN02,EMP00381,Contacted,2025-01-15T14:20:00,14
LED001271,Web Form,CUS0002458,,0880298494,castrokimberly@example.net,PRD-CC01,EMP00073,Converted,2025-08-30T03:00:00,26
LED001272,Cold Call,,เขียว ผลบุญ,0614080420,juan31@example.org,PRD-SAL01,EMP00033,Contacted,2025-02-04T15:36:00,57
LED001273,Web Form,,คำมั่น นรวิทย์โชติกุล,0920748211,srandall@example.com,PRD-CUR01,EMP00351,New,2025-12-07T13:33:00,35
LED001274,Web Form,CUS0005656,,0649514438,andrewwalker@example.com,PRD-WL03,EMP00026,New,2026-03-28T11:10:00,37
LED001275,Partner,CUS0008032,,0991835552,manderson@example.com,PRD-SAV01,EMP00485,Qualified,2025-01-05T13:05:00,83
LED001276,Partner,,บุญเกิด พรมอ่อน,0630142147,chernandez@example.com,PRD-FD01,EMP00308,Qualified,2025-03-07T11:55:00,23
LED001277,Web Form,CUS0005558,,0945390939,brittany34@example.com,PRD-LN04,EMP00393,New,2025-07-30T19:51:00,75
LED001278,Branch Walk-in,,ศศินา นิละทัต,0693244983,penajames@example.com,PRD-WL02,EMP00124,New,2026-04-22T05:39:00,84
LED001279,Campaign,,โยธิการ์ ฉัตรอภิเที่ยงค่ำ,0634084867,jennifer09@example.com,PRD-WL04,EMP00395,Contacted,2025-05-05T03:26:00,88
LED001280,Partner,CUS0007378,,0827400094,stephenlee@example.com,PRD-LN01,EMP00402,New,2025-11-28T14:22:00,96
LED001281,Referral,CUS0006870,,0863321339,xayala@example.com,PRD-LN03,EMP00122,Qualified,2025-03-08T10:30:00,91
LED001282,Web Form,CUS0009583,,0883505543,qsmith@example.com,PRD-SAL01,EMP00095,Contacted,2025-02-27T09:47:00,72
LED001283,Partner,CUS0000553,,0836330294,fbrown@example.net,PRD-CC04,EMP00248,Qualified,2026-03-03T06:22:00,71
LED001284,Partner,,สิราพร ศรีเผด็จ,0869753501,bernarddenise@example.org,PRD-CUR01,EMP00494,Disqualified,2025-03-09T21:26:00,8
LED001285,Campaign,CUS0000996,,0692078398,johnford@example.org,PRD-DG02,EMP00447,Converted,2026-01-29T13:51:00,84
LED001286,Web Form,CUS0008873,,0861155390,april98@example.com,PRD-FD01,EMP00468,New,2026-01-17T06:48:00,87
LED001287,Campaign,,อธิตยา ธรรมสถิตไพศาล,0954077429,samantha28@example.com,PRD-FD02,EMP00352,New,2025-04-16T04:27:00,71
LED001288,Web Form,CUS0007823,,0958708543,maria71@example.com,PRD-CC01,EMP00001,New,2025-10-24T15:03:00,38
LED001289,Cold Call,CUS0006656,,0914377888,ejoyce@example.com,PRD-LN02,EMP00296,Converted,2025-05-03T00:37:00,86
LED001290,Referral,,ราชพฤกษ์ ชำนาญวาด,0866049549,alanrodriguez@example.org,PRD-FD02,EMP00385,Disqualified,2026-01-09T19:13:00,67
LED001291,Branch Walk-in,CUS0003970,,0810513468,howardtimothy@example.net,PRD-DC01,EMP00140,Disqualified,2026-04-02T10:18:00,28
LED001292,Referral,,ปิยนาฎ ติณรัตน์,0928620081,fjohnson@example.org,PRD-SAV01,EMP00291,Contacted,2026-01-31T02:45:00,95
LED001293,Cold Call,,สุกฤษตา เลขะพันธุ์,0920393415,lisa76@example.com,PRD-WL04,EMP00225,Qualified,2025-10-19T15:29:00,71
LED001294,Partner,CUS0000750,,0941249010,weaverapril@example.net,PRD-CC03,EMP00171,Disqualified,2026-04-19T08:21:00,55
LED001295,Referral,,รอซีด๊ะ ขอหมั่นกลาง,0995820361,zachary84@example.org,PRD-CC01,EMP00397,Converted,2026-01-17T16:53:00,73
LED001296,Partner,CUS0001466,,0667750455,cberg@example.org,PRD-IN02,EMP00111,Contacted,2026-04-20T09:24:00,55
LED001297,Cold Call,CUS0007057,,0911420339,ryanbenson@example.org,PRD-SAV02,EMP00032,Disqualified,2025-12-19T12:00:00,94
LED001298,Campaign,CUS0004968,,0932027132,travispeterson@example.net,PRD-FD01,EMP00375,Qualified,2025-12-09T23:22:00,6
LED001299,Web Form,,อภิลักษณ์ เตชะกำพุ,0942089620,heathergarcia@example.com,PRD-FD02,EMP00012,Contacted,2025-08-20T04:45:00,50
LED001300,Cold Call,,พิชาภพ ขุนดำ,0839371004,ronaldberry@example.org,PRD-LN01,EMP00271,Contacted,2025-06-08T13:29:00,58
LED001301,Referral,CUS0008068,,0686596329,camposcatherine@example.com,PRD-LN03,EMP00204,Qualified,2025-02-13T08:42:00,63
LED001302,Partner,CUS0000980,,0847677589,gscott@example.org,PRD-FD02,EMP00090,Qualified,2025-03-22T04:46:00,80
LED001303,Referral,CUS0009386,,0936967209,jbowers@example.net,PRD-LN01,EMP00101,Disqualified,2026-01-17T11:11:00,25
LED001304,Referral,CUS0002506,,0616460137,smithcarol@example.com,PRD-LN02,EMP00005,New,2025-09-07T12:27:00,6
LED001305,Campaign,CUS0005386,,0991674254,mevans@example.org,PRD-WL04,EMP00023,Disqualified,2026-03-24T11:03:00,24
LED001306,Web Form,CUS0006567,,0964637405,ryangonzalez@example.net,PRD-IN01,EMP00123,New,2026-03-26T18:26:00,10
LED001307,Referral,CUS0005482,,0646647764,erodriguez@example.com,PRD-LN03,EMP00340,Contacted,2025-07-31T18:33:00,87
LED001308,Web Form,CUS0009315,,0652626487,john66@example.org,PRD-DG01,EMP00077,Qualified,2025-03-08T06:27:00,79
LED001309,Campaign,CUS0003308,,0659076127,angelawatkins@example.net,PRD-CC03,EMP00162,Converted,2025-01-22T02:09:00,3
LED001310,Branch Walk-in,CUS0008338,,0682070085,mchavez@example.net,PRD-CC02,EMP00457,New,2025-12-27T13:54:00,95
LED001311,Web Form,CUS0001973,,0657602256,nelsonrussell@example.net,PRD-FD01,EMP00144,Contacted,2026-05-01T19:39:00,23
LED001312,Partner,,สุรวัช เตชะกำพุ,0849305106,hwilson@example.net,PRD-CC02,EMP00158,Qualified,2025-07-26T04:59:00,92
LED001313,Web Form,CUS0001600,,0666856267,kchapman@example.net,PRD-LN04,EMP00046,Converted,2026-04-11T07:22:00,37
LED001314,Web Form,CUS0009404,,0843361995,gary38@example.com,PRD-CC02,EMP00100,Disqualified,2025-07-27T03:49:00,65
LED001315,Campaign,CUS0008185,,0680172525,amywilson@example.org,PRD-LN04,EMP00249,Qualified,2025-02-04T18:40:00,73
LED001316,Referral,CUS0003893,,0921240273,connerbrent@example.org,PRD-CC02,EMP00045,Qualified,2025-04-26T20:24:00,40
LED001317,Branch Walk-in,CUS0007912,,0949228059,gdavis@example.org,PRD-LN04,EMP00491,Disqualified,2025-05-02T03:35:00,3
LED001318,Campaign,CUS0009008,,0975258927,carpenterdaniel@example.org,PRD-CC02,EMP00238,Disqualified,2025-10-19T20:41:00,66
LED001319,Campaign,CUS0002234,,0639779612,fwalker@example.org,PRD-IN01,EMP00083,Disqualified,2025-11-27T08:58:00,82
LED001320,Branch Walk-in,,มนัญชยา เขียวอ่อน,0961179050,richarderic@example.com,PRD-WL04,EMP00403,New,2025-04-27T21:13:00,3
LED001321,Referral,,นิวิลดาน ดาบเงิน,0816646314,greenheather@example.com,PRD-FD01,EMP00280,Contacted,2025-10-20T21:00:00,46
LED001322,Web Form,,ธาเอก ธัญเสถียร,0676726967,amanda71@example.org,PRD-IN01,EMP00018,Contacted,2026-04-06T16:06:00,93
LED001323,Referral,CUS0006330,,0686779247,fritzlisa@example.org,PRD-CC01,EMP00195,Converted,2025-12-26T16:41:00,1
LED001324,Campaign,,พันเทพ ธัญาโภชน์,0947336480,jillflores@example.org,PRD-SAV01,EMP00387,Disqualified,2026-04-20T17:14:00,15
LED001325,Cold Call,CUS0003714,,0920127264,mhall@example.com,PRD-WL01,EMP00464,Qualified,2026-03-09T04:00:00,89
LED001326,Cold Call,,หรรษา สังข์กรด,0985848817,michellepena@example.net,PRD-WL04,EMP00486,Converted,2026-03-06T23:58:00,91
LED001327,Referral,,วุฒิ แท่นทอง,0897490968,ygarcia@example.com,PRD-WL01,EMP00088,Disqualified,2026-04-01T00:17:00,61
LED001328,Web Form,,ทิพรดา ถนัดพิมพการ,0632541705,cbradley@example.net,PRD-CC01,EMP00124,Contacted,2025-01-13T22:38:00,74
LED001329,Referral,CUS0005971,,0617299852,mark74@example.org,PRD-WL02,EMP00154,Qualified,2025-04-26T06:28:00,47
LED001330,Cold Call,CUS0006112,,0992357093,obrientheresa@example.net,PRD-LN03,EMP00165,Converted,2025-12-23T07:11:00,61
LED001331,Cold Call,CUS0005070,,0889446518,brandonrose@example.org,PRD-CC04,EMP00228,Contacted,2025-04-17T21:52:00,36
LED001332,Cold Call,CUS0003375,,0643691233,evanandrews@example.org,PRD-WL04,EMP00255,Qualified,2025-12-24T01:40:00,32
LED001333,Cold Call,,บุญญกัลป์ ตั้งกุลงาม,0823004279,jbeck@example.org,PRD-CUR01,EMP00326,New,2025-05-08T22:51:00,88
LED001334,Web Form,CUS0008032,,0676281554,rlopez@example.org,PRD-LN03,EMP00285,Disqualified,2025-03-12T20:29:00,88
LED001335,Branch Walk-in,CUS0001063,,0695530725,chenjoseph@example.org,PRD-LN03,EMP00337,New,2026-03-07T11:44:00,46
LED001336,Web Form,,อัครพนธ์ ซาซุม,0625028506,mullinsalicia@example.net,PRD-CC02,EMP00106,Converted,2026-03-20T04:04:00,17
LED001337,Cold Call,CUS0007997,,0929607389,andrew04@example.org,PRD-CC01,EMP00062,Qualified,2025-12-15T11:24:00,93
LED001338,Partner,CUS0003851,,0852411774,maurice21@example.org,PRD-FD03,EMP00498,Qualified,2025-09-05T14:09:00,77
LED001339,Cold Call,CUS0007073,,0858004860,thomas42@example.net,PRD-FD01,EMP00203,Qualified,2025-10-23T21:47:00,25
LED001340,Partner,CUS0000103,,0669677128,jessicaandrews@example.org,PRD-SAV02,EMP00006,Qualified,2025-11-19T16:36:00,56
LED001341,Partner,,ลักษมี ฉิมพาลี,0987255408,qhernandez@example.net,PRD-DC02,EMP00259,Contacted,2026-01-23T14:00:00,21
LED001342,Partner,CUS0004394,,0619874956,richjames@example.net,PRD-SAV02,EMP00325,Converted,2025-05-03T16:28:00,38
LED001343,Branch Walk-in,CUS0001393,,0619105166,davenportsara@example.net,PRD-CUR01,EMP00446,Qualified,2025-06-23T12:43:00,0
LED001344,Cold Call,,ปุณณรัตน์ นรวิทย์โชติกุล,0617373878,william89@example.net,PRD-IN02,EMP00171,Qualified,2025-08-04T04:14:00,52
LED001345,Branch Walk-in,,มณียา ทองอยู่,0920969239,mary29@example.com,PRD-LN01,EMP00039,Converted,2025-11-20T11:03:00,84
LED001346,Branch Walk-in,CUS0001878,,0814637996,nlamb@example.com,PRD-WL04,EMP00243,Contacted,2025-07-18T13:15:00,54
LED001347,Campaign,CUS0001886,,0824596579,scott93@example.com,PRD-CC01,EMP00182,Converted,2026-04-12T23:07:00,27
LED001348,Branch Walk-in,CUS0009102,,0966210768,adrian83@example.org,PRD-LN04,EMP00395,Disqualified,2025-03-07T10:20:00,48
LED001349,Web Form,,วิกิจ นพคเชนทร์,0628415591,jbrown@example.net,PRD-SAV01,EMP00265,Qualified,2026-01-09T17:01:00,50
LED001350,Referral,CUS0007755,,0692464615,pberg@example.com,PRD-DC02,EMP00041,Qualified,2025-01-15T13:50:00,35
LED001351,Branch Walk-in,,เกษรา ยางสวย,0987672286,rpowell@example.com,PRD-LN01,EMP00189,New,2025-08-23T10:39:00,78
LED001352,Partner,CUS0000030,,0612296383,mcarpenter@example.net,PRD-WL01,EMP00078,New,2025-09-17T20:18:00,23
LED001353,Web Form,,จิณภัทตา นิละทัต,0973351390,zbyrd@example.net,PRD-FD02,EMP00091,Disqualified,2025-03-16T01:27:00,28
LED001354,Partner,CUS0007224,,0699280510,xbrown@example.net,PRD-SAL01,EMP00206,Disqualified,2025-08-15T12:43:00,66
LED001355,Referral,,จำรัส น้ำทิพย์,0659528907,thompsonlinda@example.net,PRD-WL01,EMP00168,Disqualified,2025-05-18T09:21:00,52
LED001356,Branch Walk-in,,นรีกานต์ ไม้แดง,0943822236,patricia06@example.org,PRD-WL01,EMP00001,Qualified,2025-08-08T08:51:00,31
LED001357,Branch Walk-in,CUS0009083,,0884450936,teresawilliams@example.org,PRD-FD03,EMP00451,Converted,2025-01-12T22:18:00,10
LED001358,Branch Walk-in,CUS0007154,,0672810233,cooperjoseph@example.net,PRD-DC02,EMP00191,Contacted,2025-08-06T20:03:00,19
LED001359,Referral,CUS0004036,,0828970781,mcoleman@example.org,PRD-CC03,EMP00211,Contacted,2026-03-23T21:40:00,62
LED001360,Branch Walk-in,,กะดิรัตน์ เธียรายัน,0836738840,hlittle@example.com,PRD-CC03,EMP00393,New,2025-11-01T21:04:00,95
LED001361,Referral,CUS0002221,,0957826915,steven84@example.org,PRD-IN01,EMP00416,Qualified,2025-02-10T01:13:00,62
LED001362,Web Form,,ฉัตรปรียา เวียงจันทึก,0658264519,mercerbrian@example.net,PRD-FD03,EMP00340,Disqualified,2025-08-09T02:20:00,72
LED001363,Partner,CUS0005647,,0870083616,bryceschultz@example.net,PRD-DC02,EMP00361,Disqualified,2025-12-24T22:27:00,28
LED001364,Referral,,อดิสรณ์ นิยมสำหรวจ,0912254466,hayley46@example.net,PRD-FD02,EMP00368,New,2025-11-10T20:59:00,9
LED001365,Campaign,,ซูไรดา ทำประดู่,0891247966,preynolds@example.org,PRD-LN04,EMP00309,Contacted,2026-01-09T12:13:00,38
LED001366,Partner,,ประวี พรรษาสกุล,0668737603,tnichols@example.com,PRD-LN01,EMP00435,New,2025-08-17T07:03:00,15
LED001367,Cold Call,CUS0000812,,0916967316,kellyjackson@example.net,PRD-CC04,EMP00494,Contacted,2026-01-29T03:06:00,82
LED001368,Campaign,CUS0004666,,0638810430,tiffany62@example.com,PRD-LN02,EMP00030,Contacted,2025-09-15T23:20:00,49
LED001369,Cold Call,CUS0008281,,0826646875,hayneserica@example.org,PRD-CUR01,EMP00337,Contacted,2025-12-10T13:17:00,73
LED001370,Campaign,,หฤทัย ทองสินธุ์,0988757915,vmorgan@example.net,PRD-LN03,EMP00395,Contacted,2025-09-05T10:39:00,98
LED001371,Branch Walk-in,CUS0001528,,0843643879,nkramer@example.net,PRD-FD03,EMP00451,Converted,2025-11-30T05:00:00,86
LED001372,Web Form,CUS0002277,,0659183277,jadeward@example.com,PRD-WL03,EMP00250,Qualified,2025-07-15T09:01:00,99
LED001373,Partner,,มาสิตะ ติณรัตน์,0859136305,keithgarcia@example.org,PRD-CC02,EMP00083,Converted,2025-09-06T20:49:00,35
LED001374,Branch Walk-in,CUS0005253,,0814683960,deannanash@example.com,PRD-DC01,EMP00229,Converted,2026-04-06T14:54:00,93
LED001375,Cold Call,CUS0003701,,0833489000,fmiller@example.com,PRD-WL04,EMP00361,New,2025-01-29T05:26:00,85
LED001376,Campaign,CUS0003714,,0648040800,uscott@example.org,PRD-LN02,EMP00073,Disqualified,2026-04-21T10:52:00,13
LED001377,Partner,CUS0002368,,0641419959,thomasrichard@example.org,PRD-SAL01,EMP00180,New,2025-09-06T21:53:00,39
LED001378,Cold Call,CUS0007947,,0639300688,amanda83@example.org,PRD-CC04,EMP00068,New,2025-04-12T05:25:00,26
LED001379,Campaign,CUS0007108,,0824203745,kevincurtis@example.net,PRD-FD01,EMP00302,Contacted,2025-03-05T22:36:00,92
LED001380,Partner,,จักรีรัตน์ ดาบเพ็ชร์,0681122804,kellerrebekah@example.com,PRD-CUR01,EMP00044,New,2025-02-25T05:26:00,10
LED001381,Referral,,กนกเนตร ศรีธนะเวทย์,0639913810,reynoldstravis@example.org,PRD-WL01,EMP00498,Qualified,2025-08-08T09:50:00,44
LED001382,Partner,,พัชรีนิษฐ์ นามขำ,0819521566,tyler14@example.com,PRD-WL03,EMP00094,Qualified,2025-04-24T09:21:00,78
LED001383,Cold Call,CUS0009722,,0914479880,jenniferwalsh@example.org,PRD-CC02,EMP00370,Disqualified,2025-01-09T04:09:00,93
LED001384,Campaign,CUS0006099,,0841403396,tylerrodriguez@example.net,PRD-SAL01,EMP00029,Qualified,2026-03-28T05:48:00,47
LED001385,Web Form,,ใจกลาง ดาตู,0614836881,dlucas@example.net,PRD-WL02,EMP00443,New,2025-04-19T13:38:00,90
LED001386,Partner,CUS0004883,,0815783059,holtrebecca@example.com,PRD-SAV02,EMP00041,Qualified,2025-07-08T10:54:00,22
LED001387,Web Form,CUS0000996,,0973014205,tallen@example.com,PRD-WL03,EMP00178,Qualified,2025-12-14T23:34:00,60
LED001388,Web Form,,นาย ถนัดรบ,0873109217,jaime78@example.org,PRD-DG01,EMP00265,Contacted,2025-03-15T14:02:00,2
LED001389,Cold Call,CUS0008211,,0835953152,melissa54@example.com,PRD-SAV01,EMP00462,Converted,2026-01-05T16:21:00,80
LED001390,Web Form,,อัครพนธ์ ปรีชากุลเศรษฐ์,0655506736,stevenmoore@example.com,PRD-WL03,EMP00190,Converted,2025-02-13T18:40:00,39
LED001391,Campaign,CUS0000176,,0815846533,radams@example.net,PRD-CUR01,EMP00399,Converted,2026-02-09T03:32:00,38
LED001392,Campaign,CUS0001329,,0916912707,suarezkim@example.com,PRD-SAV01,EMP00046,Converted,2025-06-15T07:59:00,94
LED001393,Campaign,CUS0007694,,0657185439,taylorthomas@example.com,PRD-SAL01,EMP00250,Converted,2025-07-08T19:05:00,54
LED001394,Referral,,ปัณณธร ปรีชากุลเศรษฐ์,0894390553,craig24@example.com,PRD-DC01,EMP00195,Contacted,2025-06-05T22:08:00,59
LED001395,Web Form,CUS0006630,,0889288963,lopezjason@example.net,PRD-WL03,EMP00430,Contacted,2026-02-14T05:59:00,15
LED001396,Branch Walk-in,CUS0000220,,0943159024,hernandezcalvin@example.org,PRD-FD02,EMP00245,Converted,2025-06-07T09:27:00,13
LED001397,Campaign,CUS0003156,,0965017026,jeremy37@example.org,PRD-CC01,EMP00084,Contacted,2025-07-22T03:41:00,20
LED001398,Branch Walk-in,,จริยฉัตร ถนัดพิมพการ,0634883194,lopezmichael@example.net,PRD-CC01,EMP00193,Qualified,2025-12-23T02:53:00,20
LED001399,Campaign,,ภูวิช นาควงษ์,0990264295,shannonsanders@example.net,PRD-WL03,EMP00339,Contacted,2025-09-05T09:24:00,68
LED001400,Referral,CUS0004360,,0849488884,thomasstephanie@example.org,PRD-IN01,EMP00023,Converted,2025-02-01T04:16:00,63
LED001401,Cold Call,,พรรณปพร ถิรสวัสดิ์,0969047898,carolynthomas@example.org,PRD-LN02,EMP00489,Qualified,2025-08-29T12:31:00,56
LED001402,Branch Walk-in,,เกียรติก้อง นวลเพ็ง,0912582647,johnsonjulie@example.com,PRD-FD01,EMP00154,Qualified,2026-01-24T17:13:00,5
LED001403,Campaign,CUS0003788,,0945913909,elizabeth85@example.org,PRD-IN02,EMP00153,Contacted,2025-10-12T11:16:00,44
LED001404,Campaign,,ปิยวดี บุตดา,0931688142,jwolfe@example.net,PRD-WL01,EMP00022,Qualified,2025-09-13T17:19:00,44
LED001405,Campaign,CUS0007701,,0613624816,cassidy95@example.org,PRD-WL02,EMP00043,Qualified,2025-02-06T17:02:00,38
LED001406,Partner,,ณาร์รีมาน ถ้วนศรี,0943929815,wrodriguez@example.org,PRD-DC02,EMP00294,Disqualified,2025-08-10T04:41:00,60
LED001407,Partner,CUS0000511,,0970819405,michelle74@example.net,PRD-LN02,EMP00054,New,2025-04-18T07:12:00,44
LED001408,Cold Call,CUS0001062,,0614468068,kylecollins@example.com,PRD-LN01,EMP00486,Contacted,2026-04-11T10:41:00,1
LED001409,Campaign,CUS0004006,,0649954429,lsantana@example.org,PRD-IN01,EMP00300,Converted,2025-09-04T17:32:00,83
LED001410,Branch Walk-in,,เรืองเกียรติ ดุษฎีวนิช,0957339279,umartin@example.net,PRD-CC03,EMP00467,Disqualified,2025-10-11T21:58:00,39
LED001411,Cold Call,CUS0008499,,0683202202,sheltonjesse@example.net,PRD-LN04,EMP00322,Contacted,2025-08-27T13:01:00,4
LED001412,Referral,CUS0008511,,0893610175,cynthiavelez@example.net,PRD-WL01,EMP00031,New,2026-03-25T12:23:00,31
LED001413,Cold Call,CUS0007984,,0614023996,imunoz@example.org,PRD-WL02,EMP00129,New,2025-06-29T04:28:00,5
LED001414,Partner,,อัญชิษฐา ตราชู,0695306669,kingbobby@example.com,PRD-FD01,EMP00487,Contacted,2026-03-06T04:05:00,59
LED001415,Campaign,CUS0003056,,0926883472,tammy68@example.net,PRD-LN01,EMP00381,New,2025-10-02T22:16:00,64
LED001416,Cold Call,CUS0008558,,0981120042,fmitchell@example.net,PRD-LN04,EMP00327,Contacted,2025-11-21T04:24:00,85
LED001417,Campaign,,เฉลิมรัตน์ ฉายแสง,0963711550,bturner@example.org,PRD-SAV02,EMP00047,Converted,2026-01-03T19:24:00,20
LED001418,Branch Walk-in,CUS0008731,,0664323923,drogers@example.com,PRD-WL04,EMP00440,Contacted,2025-01-13T04:09:00,51
LED001419,Campaign,CUS0007352,,0639874272,tiffany05@example.com,PRD-DC02,EMP00277,Qualified,2025-02-10T08:34:00,32
LED001420,Cold Call,CUS0006980,,0688803664,travishodges@example.com,PRD-CC02,EMP00415,Disqualified,2025-02-07T19:12:00,72
LED001421,Campaign,CUS0003547,,0884944150,sethmitchell@example.org,PRD-DG02,EMP00191,Contacted,2025-08-16T14:51:00,45
LED001422,Referral,CUS0005337,,0688341235,gregoryrichard@example.com,PRD-WL02,EMP00257,New,2026-04-09T07:42:00,33
LED001423,Campaign,,วัลลภ แต้กุล,0991446547,fwilliams@example.net,PRD-CC02,EMP00433,Qualified,2025-01-13T02:29:00,2
LED001424,Cold Call,CUS0004611,,0676971615,mariebarron@example.com,PRD-LN03,EMP00398,New,2025-07-01T17:58:00,53
LED001425,Web Form,,อธิตยา นับเนื่องนอ,0612469560,mmills@example.org,PRD-WL04,EMP00254,Contacted,2026-04-14T09:11:00,4
LED001426,Branch Walk-in,CUS0006954,,0926855842,trevorbarnes@example.org,PRD-WL04,EMP00157,New,2025-07-19T08:16:00,8
LED001427,Campaign,CUS0006712,,0835527706,sierra25@example.org,PRD-SAV02,EMP00471,Converted,2025-06-21T07:04:00,78
LED001428,Web Form,,นิรันดร์ ทศโยธิน,0821550078,michael75@example.net,PRD-WL01,EMP00335,Qualified,2025-07-30T05:35:00,9
LED001429,Referral,,โสภณิตา แน่นดุจป้อม,0836290270,rebeccawalker@example.org,PRD-FD03,EMP00437,Contacted,2025-08-22T11:58:00,71
LED001430,Campaign,,ภาสินี นิระหานี,0898732280,laurenross@example.net,PRD-CUR01,EMP00490,Qualified,2025-09-04T11:24:00,60
LED001431,Branch Walk-in,CUS0008158,,0821174230,donnahart@example.org,PRD-DC01,EMP00118,Contacted,2025-10-08T22:08:00,8
LED001432,Campaign,,ปัตถพงษ์ เนตร์มณี,0812103825,jennifer23@example.com,PRD-CC04,EMP00100,New,2025-01-26T12:21:00,12
LED001433,Partner,CUS0005805,,0962591024,mcphersonrichard@example.com,PRD-CC01,EMP00409,Contacted,2026-04-24T01:49:00,88
LED001434,Branch Walk-in,CUS0006882,,0687113508,justin11@example.org,PRD-CUR01,EMP00077,Disqualified,2026-04-14T09:56:00,28
LED001435,Web Form,CUS0006785,,0687045104,weaverkayla@example.com,PRD-CC02,EMP00333,Disqualified,2025-11-25T02:37:00,18
LED001436,Campaign,CUS0009485,,0986855530,pcollins@example.com,PRD-DG02,EMP00009,New,2025-05-04T10:24:00,12
LED001437,Campaign,,ทิพรดา วะคีมัน,0642299921,kvaughn@example.com,PRD-DC01,EMP00247,Qualified,2025-01-17T06:12:00,51
LED001438,Web Form,CUS0000015,,0836497916,hernandezsusan@example.net,PRD-WL03,EMP00076,New,2025-06-27T03:48:00,56
LED001439,Referral,,อินทรีย์ ตวงทอง,0646775085,marywilliams@example.net,PRD-DG02,EMP00043,Qualified,2025-09-26T12:06:00,46
LED001440,Cold Call,,ตรีนุช แหยมศิริ,0613090126,plong@example.org,PRD-IN02,EMP00403,Converted,2026-01-20T01:16:00,28
LED001441,Campaign,CUS0008831,,0988729100,bradleyreed@example.org,PRD-IN01,EMP00386,New,2025-11-17T06:02:00,10
LED001442,Referral,CUS0000161,,0962296157,lorrainesummers@example.org,PRD-WL02,EMP00057,Contacted,2025-09-25T08:51:00,96
LED001443,Partner,CUS0001479,,0645008067,reginald20@example.org,PRD-WL01,EMP00227,Converted,2025-09-13T10:38:00,22
LED001444,Referral,,ศุภาศิล ทรงโกมล,0840519032,michaelrodriguez@example.com,PRD-DC02,EMP00256,Contacted,2025-08-09T06:37:00,83
LED001445,Campaign,CUS0003982,,0683890027,qadams@example.com,PRD-WL02,EMP00354,Converted,2026-04-28T13:17:00,44
LED001446,Referral,,ณาร์รีมาน ถนัดหัตถกรรม,0950268015,terrellmatthew@example.com,PRD-DC01,EMP00338,Qualified,2025-09-04T06:40:00,14
LED001447,Web Form,,ทินพร นาถะเดชะ,0616107455,jamesmary@example.net,PRD-WL04,EMP00253,Converted,2025-08-12T07:02:00,88
LED001448,Campaign,,รชตกร นรวิทย์โชติกุล,0858490870,ricemichelle@example.com,PRD-CC02,EMP00352,Qualified,2025-12-14T19:36:00,19
LED001449,Partner,CUS0006229,,0882395233,huffmanjenna@example.org,PRD-DG02,EMP00222,Converted,2025-07-09T11:56:00,19
LED001450,Partner,,ปภาวรินทร์ ดวงทับทิม,0824545340,johnfrank@example.org,PRD-DC01,EMP00227,Converted,2025-10-26T21:36:00,73
LED001451,Cold Call,,ปรมินทร์ บุนยะศัพท์,0968253346,rpowell@example.com,PRD-SAL01,EMP00080,New,2025-01-15T23:17:00,41
LED001452,Branch Walk-in,CUS0002660,,0634594650,michaelwells@example.org,PRD-SAV02,EMP00032,New,2025-08-28T17:49:00,74
LED001453,Referral,CUS0005090,,0675455088,daniel01@example.com,PRD-CC03,EMP00321,Disqualified,2026-02-14T18:20:00,81
LED001454,Partner,,ณัฐวรินทร เนื่องนนท์,0990824980,qcarr@example.org,PRD-SAV01,EMP00063,Converted,2025-12-15T00:03:00,13
LED001455,Referral,,เจตพินิษฐ์ ตั้งรบ,0656526120,arielproctor@example.org,PRD-WL02,EMP00215,Disqualified,2026-04-21T13:37:00,57
LED001456,Web Form,CUS0006557,,0862351221,kmack@example.com,PRD-CC04,EMP00396,Contacted,2025-04-06T12:42:00,52
LED001457,Cold Call,CUS0001005,,0612365449,nelsondaniel@example.net,PRD-DC01,EMP00446,Qualified,2026-04-13T01:44:00,95
LED001458,Web Form,,พาสุข ถนัดกลึง,0854634783,melodymurphy@example.org,PRD-IN01,EMP00323,Contacted,2026-03-21T07:04:00,23
LED001459,Web Form,CUS0007762,,0997019168,oliviasmall@example.com,PRD-WL01,EMP00164,Qualified,2026-03-19T17:35:00,55
LED001460,Referral,,ปรมินทร์ ถนอมพล,0621408395,cochranchristy@example.net,PRD-CUR01,EMP00103,Disqualified,2026-04-07T20:47:00,37
LED001461,Campaign,CUS0004562,,0889346057,joshua55@example.com,PRD-SAV01,EMP00363,New,2025-08-14T03:15:00,59
LED001462,Campaign,CUS0005091,,0847231796,gary21@example.org,PRD-WL04,EMP00416,Qualified,2025-11-06T21:35:00,16
LED001463,Branch Walk-in,CUS0000135,,0951368935,angela48@example.com,PRD-CC02,EMP00179,Contacted,2026-05-01T23:57:00,55
LED001464,Web Form,CUS0001398,,0999664097,jessica80@example.org,PRD-FD03,EMP00025,Qualified,2026-01-06T15:49:00,38
LED001465,Partner,,กนกเนตร ทวีเดช,0648187201,carlos10@example.org,PRD-CC01,EMP00087,Disqualified,2025-01-19T12:06:00,67
LED001466,Web Form,,พิไลพร บินดี,0918053764,latoya24@example.net,PRD-SAV02,EMP00239,Disqualified,2026-04-27T03:24:00,57
LED001467,Campaign,CUS0003298,,0827054544,gsullivan@example.net,PRD-WL02,EMP00291,Disqualified,2025-07-13T01:59:00,74
LED001468,Cold Call,CUS0009009,,0852976250,elizabeth66@example.org,PRD-CC04,EMP00012,New,2026-01-05T20:24:00,9
LED001469,Partner,CUS0009505,,0651317807,oreese@example.com,PRD-WL04,EMP00289,Converted,2026-02-26T16:40:00,37
LED001470,Web Form,,เพียงกมล ตันยา,0610220097,urobinson@example.net,PRD-IN01,EMP00153,Contacted,2025-08-30T10:57:00,19
LED001471,Web Form,CUS0005196,,0966301012,sandra69@example.net,PRD-FD01,EMP00165,Contacted,2025-04-08T17:03:00,45
LED001472,Campaign,,ธีรวัช สันตะวงศ์,0994536077,nathansoto@example.net,PRD-LN04,EMP00014,Contacted,2026-02-01T23:49:00,65
LED001473,Web Form,CUS0003329,,0662355820,angelicacalderon@example.net,PRD-LN04,EMP00359,Disqualified,2025-03-09T10:49:00,37
LED001474,Web Form,CUS0006784,,0847885798,amandalynch@example.net,PRD-SAV02,EMP00184,New,2026-02-16T14:42:00,76
LED001475,Cold Call,,ทับทิม สันตะวงศ์,0976197210,joshua68@example.net,PRD-FD03,EMP00415,Disqualified,2025-08-31T06:31:00,4
LED001476,Partner,CUS0009300,,0810951084,millsjeffrey@example.com,PRD-LN04,EMP00188,Disqualified,2025-04-07T19:44:00,88
LED001477,Branch Walk-in,CUS0005759,,0662611065,williamsryan@example.com,PRD-LN04,EMP00325,Disqualified,2026-03-12T21:10:00,3
LED001478,Cold Call,CUS0009495,,0958851510,ujohnson@example.com,PRD-LN02,EMP00106,Contacted,2025-02-09T08:12:00,52
LED001479,Campaign,CUS0009811,,0862074201,burkeamanda@example.net,PRD-WL02,EMP00492,Contacted,2026-01-03T17:47:00,1
LED001480,Referral,CUS0002932,,0665285015,dwagner@example.org,PRD-IN01,EMP00098,Qualified,2025-09-22T03:07:00,95
LED001481,Branch Walk-in,,วิรชัย พีระเพ็ญกุล,0856068827,erica53@example.net,PRD-LN03,EMP00011,Disqualified,2025-04-15T07:20:00,98
LED001482,Web Form,CUS0000797,,0897619269,xramirez@example.com,PRD-LN03,EMP00069,Qualified,2025-05-16T00:25:00,75
LED001483,Branch Walk-in,,ยศพนต์ ชำนาญวาด,0616856736,debbieburns@example.com,PRD-SAV01,EMP00242,Disqualified,2025-03-02T14:56:00,28
LED001484,Web Form,,ภูวฤณ พานเกล้า,0836762058,steven67@example.org,PRD-LN04,EMP00285,Disqualified,2026-01-22T23:49:00,20
LED001485,Web Form,,มาซีเตาะ นฤทุกข์,0618840300,collin14@example.net,PRD-DC02,EMP00322,New,2025-07-01T12:31:00,73
LED001486,Referral,,จิตรลดา พงศ์ฉบับนภา,0831663155,brittany05@example.com,PRD-SAL01,EMP00303,Qualified,2026-02-28T03:29:00,13
LED001487,Partner,,มูฮำมัด นะวะมันดร,0627423114,dennisingram@example.org,PRD-CUR01,EMP00339,Qualified,2025-08-04T03:37:00,54
LED001488,Referral,,สุรนีย์ ตระกูลไม้เรียง,0620854477,joseph66@example.net,PRD-FD03,EMP00100,Disqualified,2026-02-18T17:13:00,14
LED001489,Cold Call,,นาทภูวพัฒน์ ถะเกิงชศ,0871972326,porterhelen@example.net,PRD-CC02,EMP00430,Qualified,2025-07-27T09:25:00,62
LED001490,Referral,,วีร์สุดา ภูภักดี,0653487901,vanessa83@example.net,PRD-WL03,EMP00029,Qualified,2025-12-31T06:39:00,13
LED001491,Cold Call,CUS0002768,,0919215875,herrerasean@example.net,PRD-CC01,EMP00443,Contacted,2025-08-21T14:23:00,5
LED001492,Referral,CUS0008320,,0655714936,simmonsjoseph@example.com,PRD-DC01,EMP00086,Converted,2025-08-11T02:44:00,100
LED001493,Cold Call,,ฐิติยาพร ตัณสถิตย์,0955856076,cookaaron@example.com,PRD-WL01,EMP00383,Qualified,2025-09-02T21:33:00,76
LED001494,Web Form,CUS0002574,,0848581709,rdavila@example.org,PRD-CC04,EMP00013,Qualified,2025-08-03T15:00:00,95
LED001495,Web Form,,ประสิทธิ์ ไทนิยม,0653630289,william83@example.com,PRD-CC02,EMP00106,Contacted,2026-03-17T00:59:00,22
LED001496,Campaign,CUS0009748,,0922398804,jane87@example.org,PRD-WL03,EMP00306,New,2025-07-18T08:04:00,79
LED001497,Partner,,เพียงกมล ตะละภัฏ,0955584686,harold63@example.com,PRD-CC03,EMP00242,Converted,2025-05-04T16:59:00,96
LED001498,Referral,,มนัญชยา ตระกูลไม้เรียง,0681151488,jrich@example.com,PRD-DC01,EMP00080,Disqualified,2025-04-13T04:26:00,1
LED001499,Campaign,CUS0009186,,0966652255,creed@example.net,PRD-WL04,EMP00292,Contacted,2026-01-02T16:10:00,80
LED001500,Partner,,โสภณิตา นุตตาร,0960736944,mary70@example.org,PRD-CC03,EMP00357,Converted,2025-04-27T08:33:00,87
LED001501,Partner,CUS0002489,,0977037588,robertwright@example.com,PRD-IN01,EMP00301,Disqualified,2025-04-11T21:33:00,52
LED001502,Partner,CUS0007669,,0818299371,fmoss@example.com,PRD-WL03,EMP00466,Contacted,2025-11-30T13:11:00,10
LED001503,Branch Walk-in,CUS0001678,,0623308820,bryan76@example.org,PRD-WL02,EMP00213,Qualified,2025-02-06T14:54:00,19
LED001504,Branch Walk-in,CUS0005710,,0654968041,cassandrathompson@example.com,PRD-SAV02,EMP00362,Disqualified,2025-11-07T13:40:00,85
LED001505,Branch Walk-in,,แกมแพร ถนัดการเขียน,0958220671,vgreene@example.net,PRD-WL02,EMP00335,Disqualified,2025-01-29T02:06:00,25
LED001506,Referral,,เอกวิทย์ ธรรมเมธา,0847295050,gwebster@example.net,PRD-SAV02,EMP00038,Qualified,2026-03-14T20:57:00,18
LED001507,Campaign,CUS0002432,,0813128236,michaelhall@example.net,PRD-WL03,EMP00362,Contacted,2026-04-22T10:41:00,66
LED001508,Referral,,ซุกรี ทองปากน้ำ,0615320061,martinezbrenda@example.net,PRD-IN01,EMP00414,Disqualified,2025-04-03T11:27:00,76
LED001509,Cold Call,,วิชชากร นิระหานี,0949492850,vanessahoward@example.org,PRD-FD02,EMP00427,New,2026-04-18T02:35:00,73
LED001510,Cold Call,,จักรีรัตน์ นวลฉวี,0982251960,rosebreanna@example.org,PRD-CUR01,EMP00038,New,2025-03-02T11:42:00,28
LED001511,Campaign,,คมกริบ ธนประทีป,0698018403,uwagner@example.net,PRD-DG02,EMP00371,Qualified,2025-08-30T13:40:00,41
LED001512,Campaign,,เพียงกมล ทรงโกมล,0883203505,clarkzachary@example.net,PRD-CC01,EMP00465,Contacted,2025-01-18T19:15:00,37
LED001513,Cold Call,,กุลดิลก ร่มธิติรัตน์,0856200120,james85@example.net,PRD-CC03,EMP00013,New,2025-01-23T19:06:00,26
LED001514,Referral,CUS0000138,,0856548166,osanchez@example.net,PRD-DG01,EMP00100,Qualified,2025-07-12T22:07:00,62
LED001515,Campaign,CUS0001659,,0885031676,hjohns@example.org,PRD-SAV02,EMP00452,Converted,2025-02-05T06:31:00,19
LED001516,Campaign,,รัฐพงษ์ ตันยา,0675337712,charlottecastro@example.net,PRD-CC01,EMP00387,Disqualified,2025-03-14T06:31:00,62
LED001517,Cold Call,,ยศวัฒน์ แนวพญา,0920652299,hansenjesse@example.com,PRD-DC01,EMP00127,Disqualified,2025-12-21T09:56:00,22
LED001518,Branch Walk-in,,คำมั่น ดำริห์ชอบ,0958795536,cheryl28@example.org,PRD-WL04,EMP00033,Disqualified,2025-07-25T02:47:00,53
LED001519,Referral,,คมคาย ถนัดหัตถกรรม,0937188089,anna76@example.org,PRD-IN02,EMP00158,New,2025-06-30T07:30:00,75
LED001520,Campaign,CUS0009540,,0847421247,rebecca23@example.org,PRD-SAV02,EMP00421,Disqualified,2026-04-08T16:31:00,20
LED001521,Referral,CUS0008555,,0823202976,alvarezjerry@example.org,PRD-LN01,EMP00018,Contacted,2025-09-11T18:10:00,70
LED001522,Web Form,,รังสินี ตันตราจิณ,0949016230,carlos92@example.org,PRD-SAV02,EMP00002,Contacted,2025-05-21T15:04:00,59
LED001523,Cold Call,CUS0000664,,0643164551,nicholashernandez@example.net,PRD-CUR01,EMP00421,Disqualified,2025-02-04T19:27:00,33
LED001524,Web Form,CUS0009860,,0817756996,donaldwarren@example.net,PRD-WL02,EMP00179,Qualified,2026-03-08T17:43:00,16
LED001525,Partner,CUS0000067,,0886414620,ajones@example.com,PRD-LN02,EMP00275,Disqualified,2025-05-03T09:58:00,71
LED001526,Web Form,,ลัดดา นาถะเดชะ,0931433581,randy76@example.net,PRD-CC01,EMP00043,Disqualified,2026-02-20T01:17:00,79
LED001527,Branch Walk-in,CUS0009381,,0899602290,patrickmichael@example.org,PRD-IN01,EMP00050,Qualified,2026-04-06T23:32:00,31
LED001528,Cold Call,,วิถี บุญญาภิรมย์,0683797247,vfarmer@example.com,PRD-CC01,EMP00425,New,2025-10-04T10:39:00,93
LED001529,Referral,CUS0008805,,0841951035,jodihunt@example.org,PRD-LN03,EMP00462,Disqualified,2026-01-12T06:33:00,47
LED001530,Campaign,CUS0000561,,0688894765,ujohnson@example.org,PRD-WL02,EMP00364,Converted,2025-03-16T09:08:00,80
LED001531,Campaign,,สิทธัญ บุนยะศัพท์,0627096577,zkelly@example.net,PRD-CC01,EMP00396,Qualified,2025-12-11T03:52:00,54
LED001532,Branch Walk-in,,ธราวิทญ์ นุ่มกัน,0982619828,thompsonstephanie@example.org,PRD-CC04,EMP00264,New,2026-02-16T00:00:00,62
LED001533,Branch Walk-in,CUS0003180,,0691170824,curtisbruce@example.org,PRD-LN03,EMP00209,Converted,2025-09-21T00:13:00,62
LED001534,Referral,CUS0001639,,0649243903,molly33@example.net,PRD-CC01,EMP00214,Contacted,2025-04-19T08:58:00,88
LED001535,Branch Walk-in,CUS0007235,,0930426767,connorpeck@example.com,PRD-CC01,EMP00140,Disqualified,2025-07-24T06:12:00,46
LED001536,Campaign,CUS0004642,,0861045403,jonathanshort@example.com,PRD-LN04,EMP00460,Qualified,2025-03-28T03:03:00,89
LED001537,Partner,CUS0006195,,0993017448,hzhang@example.net,PRD-CC04,EMP00295,Contacted,2025-07-20T21:10:00,33
LED001538,Branch Walk-in,CUS0007261,,0824506658,hvaughn@example.com,PRD-DG01,EMP00066,Qualified,2025-04-20T08:42:00,24
LED001539,Branch Walk-in,,ฐิตาพร ติณรัตน์,0682687835,amanda02@example.org,PRD-LN04,EMP00246,Converted,2026-04-14T15:55:00,96
LED001540,Web Form,CUS0008999,,0910732029,moyerbrett@example.org,PRD-WL04,EMP00114,New,2025-11-28T10:44:00,22
LED001541,Cold Call,CUS0009308,,0956732222,debramcgee@example.com,PRD-IN01,EMP00050,Disqualified,2026-03-15T14:35:00,86
LED001542,Campaign,CUS0000524,,0828035766,lawrence96@example.org,PRD-FD03,EMP00109,Qualified,2025-12-02T04:40:00,77
LED001543,Campaign,CUS0006078,,0833868526,michele63@example.net,PRD-WL01,EMP00293,New,2026-03-09T02:09:00,53
LED001544,Cold Call,CUS0001244,,0899221800,qharrington@example.net,PRD-IN02,EMP00328,New,2025-07-04T08:17:00,48
LED001545,Partner,CUS0004775,,0686682116,hillbilly@example.net,PRD-WL04,EMP00242,New,2026-01-17T22:17:00,75
LED001546,Cold Call,CUS0005368,,0984827954,parkerkathleen@example.org,PRD-CC02,EMP00231,New,2025-04-05T11:33:00,48
LED001547,Branch Walk-in,,ผดุงพล ทองแท้,0940953568,vjohnson@example.org,PRD-FD02,EMP00223,Qualified,2025-06-02T09:02:00,5
LED001548,Campaign,CUS0007755,,0870059262,karlasalas@example.org,PRD-LN03,EMP00460,Disqualified,2025-01-12T05:38:00,80
LED001549,Branch Walk-in,CUS0006291,,0942906260,tanyahernandez@example.org,PRD-CC01,EMP00027,Qualified,2025-08-28T09:17:00,24
LED001550,Web Form,CUS0004902,,0854507926,stephaniecruz@example.com,PRD-DC01,EMP00194,Disqualified,2025-09-20T18:11:00,13
LED001551,Branch Walk-in,CUS0007044,,0664707458,carolcolon@example.net,PRD-IN01,EMP00019,New,2025-12-27T08:02:00,26
LED001552,Web Form,,มะลีวัลย์ ทองประดิฐ,0629744747,anthony13@example.com,PRD-WL03,EMP00168,Converted,2025-12-07T10:15:00,98
LED001553,Referral,,พิมพ์สุดา นาฏคายี,0879716658,sandramyers@example.com,PRD-DG02,EMP00016,Contacted,2026-04-13T07:29:00,94
LED001554,Partner,,ภัคชัญญา ทองสุกเลิศ,0645006889,hlopez@example.org,PRD-CUR01,EMP00149,New,2025-08-25T11:59:00,69
LED001555,Campaign,CUS0002695,,0951981557,michelledavila@example.org,PRD-LN01,EMP00367,New,2025-11-07T01:28:00,63
LED001556,Cold Call,,กวีฉัฏฐ ไทยแท้,0951157658,pclark@example.com,PRD-FD02,EMP00432,Disqualified,2025-01-30T15:06:00,84
LED001557,Branch Walk-in,,จรรยพร นาถะพินธุ,0944737115,jenniferperez@example.com,PRD-LN03,EMP00329,Qualified,2025-11-22T09:08:00,64
LED001558,Web Form,CUS0002519,,0685252411,jody88@example.com,PRD-CC01,EMP00394,Converted,2025-06-05T01:41:00,64
LED001559,Cold Call,,อำพร ฉายแสง,0824187148,briannarivera@example.net,PRD-SAL01,EMP00179,New,2025-09-09T06:16:00,98
LED001560,Web Form,CUS0009681,,0887409773,hurleydustin@example.net,PRD-DG01,EMP00490,New,2025-10-10T02:42:00,46
LED001561,Web Form,CUS0000782,,0684609148,daniel10@example.org,PRD-FD01,EMP00294,Converted,2026-02-13T14:02:00,10
LED001562,Partner,,ดวงพร นฤภัย,0667517777,nicole43@example.com,PRD-LN04,EMP00217,Disqualified,2026-01-25T01:13:00,49
LED001563,Web Form,CUS0002890,,0989026428,stouttravis@example.org,PRD-DC02,EMP00438,Qualified,2026-04-03T11:13:00,65
LED001564,Partner,,ธาเอก ทรงโกมล,0914485139,ymorrow@example.net,PRD-IN02,EMP00371,Converted,2026-04-13T05:24:00,54
LED001565,Referral,,ภัทรนาฎ นิษประปัญจ์,0885360643,kroberts@example.com,PRD-LN03,EMP00020,Converted,2026-04-29T19:03:00,31
LED001566,Cold Call,,วสิตา ไตรบรรพ,0966907369,nicholsonjimmy@example.org,PRD-DG01,EMP00434,Qualified,2025-03-28T21:04:00,58
LED001567,Branch Walk-in,,ปิยวดี วุฑฒยากร,0613660838,victoriadavis@example.com,PRD-SAV02,EMP00220,Contacted,2026-04-14T00:24:00,76
LED001568,Partner,CUS0005445,,0947304956,imann@example.com,PRD-CUR01,EMP00374,Qualified,2025-03-31T02:20:00,4
LED001569,Referral,CUS0001519,,0627815924,rodriguezjennifer@example.com,PRD-DC02,EMP00398,Qualified,2025-02-08T20:52:00,71
LED001570,Cold Call,,โชคภาดล ทัศนสุทธิ,0896059826,huffshannon@example.org,PRD-SAV02,EMP00331,Qualified,2025-08-03T02:18:00,42
LED001571,Campaign,CUS0005428,,0993656781,bclark@example.org,PRD-WL03,EMP00186,Qualified,2025-07-06T17:06:00,58
LED001572,Cold Call,,รอกีเย๊าะ เนื้อนุ่ม,0936036607,kaitlynlopez@example.net,PRD-LN04,EMP00032,Qualified,2025-06-26T11:12:00,100
LED001573,Branch Walk-in,,อมัด จันอ้น,0960337671,sarahpearson@example.com,PRD-CC04,EMP00104,Contacted,2025-05-16T07:59:00,76
LED001574,Cold Call,CUS0005872,,0642730383,markbean@example.com,PRD-IN02,EMP00179,Qualified,2026-02-13T10:14:00,93
LED001575,Cold Call,,ปิยะชาติ ถนัดพิมพการ,0812868667,juliehowell@example.org,PRD-DG01,EMP00186,Contacted,2026-02-13T13:51:00,82
LED001576,Partner,CUS0001532,,0666853172,caitlin89@example.com,PRD-DG01,EMP00487,Qualified,2025-02-21T09:18:00,29
LED001577,Partner,,ดารุนี แท่นทอง,0630584546,jamie35@example.com,PRD-SAL01,EMP00243,Contacted,2025-10-17T06:24:00,52
LED001578,Partner,CUS0005777,,0834251954,nelsonelizabeth@example.com,PRD-CC04,EMP00436,Contacted,2025-10-30T20:50:00,44
LED001579,Campaign,,กฤตพร เดชวา,0674961809,yesenia13@example.com,PRD-CUR01,EMP00085,Qualified,2025-10-09T19:09:00,52
LED001580,Branch Walk-in,CUS0000470,,0661662757,deleoncorey@example.net,PRD-SAV01,EMP00238,Converted,2026-03-12T10:16:00,67
LED001581,Branch Walk-in,CUS0004183,,0658503120,milesmichelle@example.net,PRD-LN03,EMP00255,Qualified,2025-05-18T14:17:00,83
LED001582,Branch Walk-in,CUS0000893,,0982947523,oliverjames@example.com,PRD-DC01,EMP00114,Disqualified,2025-05-02T22:27:00,97
LED001583,Branch Walk-in,CUS0000016,,0827978253,emilysmith@example.net,PRD-CC02,EMP00238,Contacted,2025-10-12T13:28:00,74
LED001584,Cold Call,,นพวรรณ ธรรมเมธา,0880813182,hendersonjake@example.net,PRD-CC01,EMP00092,Qualified,2025-10-27T13:22:00,70
LED001585,Branch Walk-in,,สิราพร ทศโยธิน,0867000658,obell@example.com,PRD-CC03,EMP00225,Contacted,2025-08-04T16:55:00,3
LED001586,Referral,CUS0004346,,0926066998,lutzstephen@example.net,PRD-CUR01,EMP00339,New,2026-04-19T12:20:00,81
LED001587,Cold Call,CUS0008163,,0871938816,mary47@example.org,PRD-WL02,EMP00317,Contacted,2025-09-22T17:48:00,44
LED001588,Campaign,CUS0003420,,0687326367,mortonbrian@example.org,PRD-LN02,EMP00346,Converted,2025-06-08T01:40:00,17
LED001589,Web Form,,รมิตา ดำริห์ชอบ,0828391708,youngrichard@example.net,PRD-SAV01,EMP00076,Contacted,2025-10-10T17:31:00,16
LED001590,Web Form,CUS0002779,,0865167840,lwilliams@example.com,PRD-SAV01,EMP00190,Qualified,2026-02-09T21:55:00,9
LED001591,Campaign,,นพ นิระหานี,0954163068,karen01@example.com,PRD-WL02,EMP00482,Converted,2025-10-07T21:22:00,8
LED001592,Branch Walk-in,CUS0000039,,0959989483,mcdonaldchristopher@example.org,PRD-WL01,EMP00365,Disqualified,2025-07-12T18:42:00,77
LED001593,Cold Call,,เทพนารี จันทา,0623119079,orobinson@example.net,PRD-LN04,EMP00298,New,2026-03-04T09:10:00,33
LED001594,Referral,CUS0007132,,0866799892,kglass@example.com,PRD-SAV01,EMP00156,New,2025-12-17T16:20:00,28
LED001595,Campaign,CUS0008552,,0841262184,amandawhite@example.net,PRD-DC01,EMP00492,Qualified,2025-09-01T17:55:00,48
LED001596,Web Form,CUS0003248,,0917630634,johnsongerald@example.org,PRD-IN02,EMP00374,Disqualified,2025-01-07T05:09:00,98
LED001597,Branch Walk-in,CUS0002288,,0870319310,nealmichaela@example.org,PRD-CC02,EMP00100,Contacted,2025-01-10T17:24:00,18
LED001598,Referral,,มณียา เมืองสุข,0833209151,znorton@example.com,PRD-FD02,EMP00290,Converted,2025-04-24T07:04:00,35
LED001599,Cold Call,CUS0008090,,0977281745,kerri72@example.com,PRD-FD01,EMP00287,Disqualified,2025-10-26T02:06:00,41
LED001600,Web Form,,ธมลพรรณ มิ่งขวัญ,0942530553,reesemichael@example.com,PRD-CC02,EMP00413,Qualified,2026-04-03T18:03:00,47
LED001601,Referral,,ยศพงศ์ ศรีธนะเวทย์,0688283363,lpatel@example.org,PRD-DC01,EMP00097,Qualified,2025-09-06T08:07:00,9
LED001602,Cold Call,,ปรายกานต์ โพธิสัตย์,0649657467,olsonjessica@example.com,PRD-CUR01,EMP00041,Converted,2026-01-30T20:07:00,53
LED001603,Branch Walk-in,CUS0005095,,0678305463,cheryltaylor@example.net,PRD-SAV01,EMP00100,Disqualified,2025-09-18T06:10:00,84
LED001604,Branch Walk-in,,ทินวัฒน์ ถนัดเดินข่าว,0629180805,michael43@example.net,PRD-WL04,EMP00209,Contacted,2026-01-20T14:18:00,71
LED001605,Branch Walk-in,CUS0000583,,0855629240,christophermadden@example.net,PRD-DC02,EMP00150,Contacted,2026-01-17T21:27:00,2
LED001606,Web Form,CUS0003883,,0697191616,jimperez@example.org,PRD-WL04,EMP00457,New,2025-01-23T06:41:00,75
LED001607,Cold Call,,จิตรลดา ธรรมสถิตไพศาล,0841062958,eforbes@example.com,PRD-CUR01,EMP00298,Qualified,2025-02-07T16:26:00,73
LED001608,Partner,CUS0008275,,0819884199,yrobinson@example.com,PRD-DC01,EMP00392,Qualified,2025-10-30T14:38:00,39
LED001609,Cold Call,,สุรนีย์ ถนัดหัตถกรรม,0812380708,fischerchris@example.org,PRD-CUR01,EMP00233,Disqualified,2026-01-20T01:03:00,14
LED001610,Partner,CUS0000215,,0889886960,johnsonraven@example.com,PRD-WL04,EMP00204,Converted,2026-03-30T11:38:00,76
LED001611,Referral,CUS0006697,,0691961621,staceyclayton@example.net,PRD-WL03,EMP00397,Converted,2025-10-05T06:39:00,84
LED001612,Web Form,CUS0007864,,0635394666,brianhenry@example.net,PRD-IN01,EMP00445,Disqualified,2026-03-29T18:51:00,49
LED001613,Cold Call,CUS0003450,,0935228648,crawfordangelica@example.com,PRD-DC02,EMP00381,Converted,2026-02-22T11:02:00,92
LED001614,Cold Call,,ศดิศ นุตตาร,0896617767,henry98@example.net,PRD-CC03,EMP00242,Converted,2025-01-27T07:29:00,79
LED001615,Web Form,CUS0002947,,0959265123,matthew83@example.com,PRD-LN02,EMP00244,Contacted,2025-05-24T05:29:00,76
LED001616,Web Form,CUS0009757,,0922655092,vmckee@example.org,PRD-CC03,EMP00395,Qualified,2025-06-07T08:47:00,8
LED001617,Campaign,CUS0004646,,0666784135,zgomez@example.net,PRD-FD01,EMP00405,Converted,2025-09-12T01:07:00,5
LED001618,Branch Walk-in,,ฐิตาพร ถนอมมนุษย์,0651667784,pinedaoscar@example.com,PRD-DC01,EMP00441,Converted,2026-02-24T17:07:00,26
LED001619,Branch Walk-in,CUS0002227,,0664716239,jason59@example.net,PRD-FD02,EMP00369,Contacted,2025-01-07T07:35:00,72
LED001620,Campaign,,นันทวุฒิ ดุริยพันธุ์,0928049009,ronald26@example.com,PRD-LN03,EMP00275,Converted,2025-06-15T13:27:00,1
LED001621,Branch Walk-in,,จักรีรัตน์ ผลบุญ,0982599033,alexisriley@example.org,PRD-LN01,EMP00076,Disqualified,2025-10-01T18:44:00,27
LED001622,Referral,,พงษ์นเรศ ไทนิยม,0883111602,smithbethany@example.com,PRD-DC01,EMP00492,Qualified,2025-05-12T23:50:00,17
LED001623,Partner,,วิเชียร นามเสวตร,0897067604,alexanderknight@example.org,PRD-SAL01,EMP00392,Contacted,2025-05-21T14:32:00,25
LED001624,Web Form,,หรรษา นิษประปัญจ์,0961977049,kmckay@example.net,PRD-LN04,EMP00025,New,2025-02-18T01:36:00,35
LED001625,Cold Call,,เกริกพล นาถะเดชะ,0695178760,bgarcia@example.com,PRD-FD01,EMP00180,Converted,2026-03-14T16:46:00,56
LED001626,Branch Walk-in,,ปริญญา ไทไชโย,0991871193,jameslynch@example.net,PRD-WL02,EMP00141,Disqualified,2025-05-10T02:00:00,53
LED001627,Branch Walk-in,,สุทธิณัฐ ตรีเภรินทร์,0660078532,huangshannon@example.net,PRD-WL02,EMP00349,Contacted,2026-02-01T05:34:00,47
LED001628,Web Form,CUS0001104,,0833008239,shortalexis@example.net,PRD-WL03,EMP00164,New,2025-03-23T18:44:00,1
LED001629,Web Form,CUS0007524,,0847108913,larrycarlson@example.com,PRD-DG01,EMP00103,Disqualified,2025-06-17T17:36:00,62
LED001630,Web Form,,วิเชียร พีระเพ็ญกุล,0621154552,christopher29@example.net,PRD-WL03,EMP00140,Qualified,2025-11-17T13:40:00,79
LED001631,Cold Call,,จักรพันธ์ มนทอง,0882941586,nflores@example.org,PRD-CUR01,EMP00285,Qualified,2025-01-14T16:53:00,99
LED001632,Cold Call,CUS0009333,,0691889031,vanessa49@example.org,PRD-IN01,EMP00128,Qualified,2025-02-26T08:07:00,88
LED001633,Referral,,ตรีนุช นฤภัย,0841783737,steven01@example.net,PRD-WL04,EMP00176,Converted,2025-08-12T19:49:00,49
LED001634,Cold Call,CUS0005807,,0687110134,alyssasullivan@example.net,PRD-LN01,EMP00066,Converted,2025-04-13T15:35:00,14
LED001635,Campaign,CUS0007160,,0675635611,christiandaniel@example.com,PRD-DG01,EMP00044,New,2025-07-24T23:56:00,67
LED001636,Partner,CUS0009816,,0813734663,jeremy01@example.com,PRD-WL03,EMP00063,Contacted,2025-10-10T05:15:00,92
LED001637,Web Form,,สมนึก ธูปะวิโรจน์,0899464511,dellis@example.org,PRD-DG02,EMP00348,Disqualified,2026-03-05T16:47:00,32
LED001638,Cold Call,CUS0004273,,0692541799,christylopez@example.org,PRD-IN01,EMP00154,Qualified,2025-12-27T05:19:00,57
LED001639,Campaign,,ฉลองชัย นิยมธรรม,0893239896,ldawson@example.net,PRD-IN01,EMP00373,Disqualified,2026-01-25T20:36:00,23
LED001640,Campaign,,ณัฐญาดา ถนัดเดินข่าว,0672463511,shawgarrett@example.com,PRD-CC03,EMP00049,Qualified,2025-10-15T06:42:00,64
LED001641,Web Form,CUS0000334,,0884609938,mary39@example.net,PRD-DG02,EMP00087,Contacted,2025-04-23T08:27:00,10
LED001642,Referral,CUS0004334,,0934458903,taylorjason@example.com,PRD-FD03,EMP00086,Contacted,2025-05-21T13:21:00,69
LED001643,Partner,CUS0001092,,0696563307,atkinstony@example.com,PRD-WL04,EMP00137,Disqualified,2025-02-17T08:12:00,10
LED001644,Web Form,,สุพัตรา ยาปะโลหิต,0820301507,millernicole@example.net,PRD-LN04,EMP00348,New,2025-01-11T04:31:00,55
LED001645,Web Form,CUS0000118,,0880804431,hardybrian@example.com,PRD-IN01,EMP00488,New,2025-10-21T13:52:00,48
LED001646,Web Form,CUS0007381,,0886556380,sjackson@example.com,PRD-CC04,EMP00222,Converted,2025-06-25T00:14:00,9
LED001647,Partner,CUS0005792,,0850193123,ronnieortega@example.com,PRD-WL02,EMP00316,New,2025-11-25T00:27:00,48
LED001648,Partner,,เฉลิมพล ถนัดอาวุธ,0929345909,kimberlygreen@example.org,PRD-FD02,EMP00278,Converted,2025-04-11T19:38:00,96
LED001649,Campaign,CUS0006888,,0944021191,robertwilkinson@example.com,PRD-DC02,EMP00238,Disqualified,2025-04-18T07:48:00,29
LED001650,Referral,CUS0005157,,0819727703,becky80@example.net,PRD-WL01,EMP00401,Disqualified,2025-11-27T02:31:00,68
LED001651,Referral,CUS0000419,,0680810996,mary30@example.net,PRD-DG02,EMP00177,Disqualified,2025-12-23T20:14:00,30
LED001652,Web Form,CUS0000986,,0929207324,tara07@example.com,PRD-SAV02,EMP00460,Disqualified,2025-09-07T19:47:00,51
LED001653,Partner,CUS0006548,,0681754950,hpreston@example.net,PRD-IN01,EMP00342,Converted,2025-10-25T20:14:00,55
LED001654,Referral,CUS0000931,,0827917708,bshaw@example.org,PRD-LN01,EMP00029,Disqualified,2025-06-04T04:28:00,18
LED001655,Cold Call,CUS0000903,,0693339780,laneapril@example.com,PRD-FD02,EMP00464,Converted,2026-03-17T07:33:00,71
LED001656,Branch Walk-in,CUS0009883,,0862220031,zmcfarland@example.net,PRD-DC01,EMP00453,Qualified,2025-12-12T11:33:00,37
LED001657,Web Form,,สุรนัย ฉิมพาลี,0697450590,mhoover@example.org,PRD-LN04,EMP00008,Contacted,2025-11-03T10:28:00,45
LED001658,Web Form,CUS0007496,,0698654229,halllarry@example.net,PRD-LN04,EMP00322,Converted,2025-01-17T06:13:00,21
LED001659,Partner,CUS0009440,,0622949337,samanthamoore@example.net,PRD-CC04,EMP00211,Converted,2026-04-01T08:05:00,67
LED001660,Campaign,CUS0003256,,0913061128,amandayoung@example.com,PRD-LN04,EMP00297,Contacted,2025-08-20T21:20:00,95
LED001661,Web Form,CUS0009337,,0662920298,ortizsara@example.com,PRD-SAV01,EMP00133,Contacted,2025-09-14T03:35:00,47
LED001662,Referral,CUS0005311,,0615244135,adamsandrea@example.com,PRD-WL03,EMP00352,Disqualified,2025-09-13T15:40:00,52
LED001663,Cold Call,CUS0006212,,0995784772,wgarcia@example.com,PRD-FD01,EMP00495,Qualified,2025-07-14T15:14:00,9
LED001664,Branch Walk-in,CUS0003792,,0997370746,mcbridejohn@example.com,PRD-FD03,EMP00237,Converted,2025-06-01T09:43:00,58
LED001665,Partner,,ภาสวุฒิ ศรีตะวัน,0680232185,chrisbailey@example.com,PRD-WL04,EMP00447,Qualified,2025-02-24T21:38:00,61
LED001666,Partner,,ปิยนุช ตันยา,0850320152,fpalmer@example.org,PRD-CC01,EMP00254,Converted,2025-10-04T11:19:00,28
LED001667,Web Form,CUS0009786,,0934806127,alyssamaxwell@example.org,PRD-WL02,EMP00430,Qualified,2025-04-16T12:18:00,66
LED001668,Referral,CUS0005202,,0635520386,rthompson@example.net,PRD-FD02,EMP00218,Converted,2025-07-02T14:33:00,25
LED001669,Branch Walk-in,CUS0007324,,0912505488,scott33@example.com,PRD-LN02,EMP00201,Converted,2026-01-05T22:07:00,89
LED001670,Campaign,CUS0006393,,0958287153,jcalderon@example.com,PRD-IN01,EMP00361,Converted,2026-03-12T13:18:00,39
LED001671,Cold Call,,ศิรณัฐ ถนอมพล,0993912537,sherrifleming@example.org,PRD-FD03,EMP00147,Qualified,2025-06-14T08:22:00,81
LED001672,Campaign,CUS0006831,,0656248197,williamfernandez@example.com,PRD-DC02,EMP00346,New,2026-04-03T12:44:00,2
LED001673,Referral,CUS0001184,,0934516515,whitewendy@example.com,PRD-WL04,EMP00149,Qualified,2025-03-21T05:23:00,77
LED001674,Partner,CUS0001521,,0695308396,stevensonnatasha@example.com,PRD-WL04,EMP00216,Converted,2025-10-12T20:43:00,38
LED001675,Branch Walk-in,,ศุภชัย ทองประดิฐ,0936059562,schroederjohn@example.com,PRD-FD03,EMP00391,Contacted,2025-05-12T10:22:00,94
LED001676,Branch Walk-in,CUS0003256,,0952633264,iwhite@example.com,PRD-CUR01,EMP00232,Disqualified,2025-03-01T15:40:00,50
LED001677,Referral,CUS0002171,,0670387535,james31@example.org,PRD-CC01,EMP00291,New,2025-03-31T13:06:00,51
LED001678,Web Form,CUS0007473,,0836889579,garciadavid@example.org,PRD-FD02,EMP00480,Contacted,2025-11-15T22:28:00,40
LED001679,Campaign,,เรืองเกียรติ ดาวอร่าม,0984414826,mark20@example.com,PRD-DC02,EMP00124,Disqualified,2026-03-15T02:31:00,33
LED001680,Partner,CUS0002714,,0956429607,cindy20@example.net,PRD-FD01,EMP00237,Qualified,2025-01-04T09:06:00,20
LED001681,Cold Call,CUS0006939,,0838487299,sharongonzales@example.net,PRD-FD01,EMP00017,Disqualified,2026-01-15T09:11:00,33
LED001682,Web Form,,ฉลองชัย ประจันตะเสน,0924128048,heathermartin@example.net,PRD-DC02,EMP00230,Contacted,2025-03-18T22:37:00,24
LED001683,Cold Call,CUS0003025,,0848687435,uwright@example.org,PRD-DG02,EMP00297,Disqualified,2025-05-08T04:43:00,73
LED001684,Campaign,CUS0005629,,0830068488,beltranisaac@example.org,PRD-DG01,EMP00337,Qualified,2026-03-07T16:06:00,65
LED001685,Cold Call,CUS0001510,,0858267070,pgay@example.net,PRD-FD03,EMP00145,Qualified,2025-06-06T20:16:00,97
LED001686,Campaign,CUS0000502,,0610699148,weaverchristina@example.net,PRD-SAV02,EMP00104,Qualified,2025-03-02T22:37:00,46
LED001687,Campaign,CUS0000998,,0693853170,cookerik@example.net,PRD-FD02,EMP00254,Qualified,2025-08-09T15:10:00,3
LED001688,Cold Call,CUS0004659,,0648567146,sandra54@example.org,PRD-CC01,EMP00023,Converted,2025-04-20T07:37:00,55
LED001689,Referral,,นราวรรณ ธรรมทินนา,0859121910,eugenenichols@example.net,PRD-DG02,EMP00408,Converted,2025-05-17T15:37:00,39
LED001690,Partner,,สันติราษฎร์ ศรีธนะเวทย์,0676033724,chris18@example.net,PRD-DG01,EMP00402,Converted,2025-02-17T18:42:00,45
LED001691,Partner,CUS0008566,,0960277925,zkent@example.net,PRD-LN01,EMP00032,New,2025-08-14T13:10:00,15
LED001692,Branch Walk-in,CUS0004240,,0929735579,stefanie18@example.com,PRD-CC03,EMP00184,Disqualified,2025-12-12T17:24:00,16
LED001693,Partner,CUS0002793,,0863777117,leeandrew@example.net,PRD-LN02,EMP00229,New,2025-06-13T13:55:00,54
LED001694,Web Form,CUS0002331,,0950677837,floresjustin@example.net,PRD-DG02,EMP00352,Contacted,2025-08-17T17:12:00,77
LED001695,Campaign,,ทัตธน ดิศดใน,0957554034,christian35@example.net,PRD-DC02,EMP00352,Converted,2025-09-20T04:17:00,95
LED001696,Campaign,CUS0006052,,0862029391,ronald29@example.net,PRD-FD02,EMP00018,Qualified,2026-01-03T05:45:00,80
LED001697,Partner,CUS0008269,,0893405620,fgriffin@example.com,PRD-IN01,EMP00409,Disqualified,2025-09-08T15:46:00,56
LED001698,Partner,,เกษตร เขียวขุ้ย,0681853839,beckerjennifer@example.com,PRD-LN01,EMP00130,Converted,2025-06-05T08:26:00,27
LED001699,Web Form,CUS0007360,,0915940948,david98@example.org,PRD-FD01,EMP00310,Contacted,2025-07-11T07:55:00,35
LED001700,Campaign,CUS0005175,,0939551746,karla52@example.org,PRD-WL03,EMP00020,New,2025-02-23T15:24:00,94
LED001701,Web Form,,ยนงคราญ งามพิเชษฐ์,0887504486,yeseniastone@example.net,PRD-CC04,EMP00114,Disqualified,2025-06-22T01:47:00,23
LED001702,Web Form,CUS0000332,,0624935263,pwatson@example.com,PRD-CC04,EMP00388,Contacted,2025-01-15T23:24:00,90
LED001703,Referral,,หลี ธรรมทินนา,0868101294,banksrobert@example.com,PRD-WL02,EMP00298,Qualified,2026-04-11T09:14:00,8
LED001704,Branch Walk-in,CUS0006335,,0927764383,garysellers@example.org,PRD-LN02,EMP00310,Disqualified,2026-01-17T09:09:00,16
LED001705,Cold Call,,วนาลี นาคสุทิน,0639372194,burcherika@example.net,PRD-DG02,EMP00400,Disqualified,2025-03-16T12:11:00,40
LED001706,Referral,CUS0009444,,0687728119,wagnerjoel@example.org,PRD-SAV01,EMP00100,Qualified,2025-04-08T21:16:00,76
LED001707,Campaign,CUS0007447,,0691671307,twright@example.net,PRD-SAL01,EMP00382,New,2025-08-18T02:14:00,94
LED001708,Web Form,CUS0009150,,0971136000,michael41@example.net,PRD-WL01,EMP00358,Qualified,2026-03-20T18:58:00,28
LED001709,Web Form,,บุญญกัลป์ ยะผา,0989281815,brandiburton@example.com,PRD-LN03,EMP00046,Qualified,2025-09-28T15:55:00,35
LED001710,Referral,,ณภัทร ถนัดพิมพการ,0626846109,qcruz@example.net,PRD-CC01,EMP00054,Contacted,2025-09-11T00:18:00,93
LED001711,Referral,,นันทิกานต์ ไสยกิจ,0640879180,richardblake@example.net,PRD-CUR01,EMP00062,Contacted,2025-12-15T16:02:00,31
LED001712,Partner,,สิริกานต์ บุญญาภิรมย์,0678705570,pbailey@example.net,PRD-FD01,EMP00453,Contacted,2025-03-19T05:12:00,7
LED001713,Branch Walk-in,CUS0000940,,0997712345,oconnellbeth@example.com,PRD-DG02,EMP00452,Converted,2026-01-26T15:38:00,68
LED001714,Cold Call,CUS0001642,,0693190137,carteramber@example.com,PRD-WL01,EMP00042,Contacted,2025-09-19T08:21:00,62
LED001715,Web Form,,ชัชนันท์ ตรีครุธพันธุ์,0963141807,timothy53@example.net,PRD-WL04,EMP00158,Qualified,2025-12-19T04:40:00,43
LED001716,Branch Walk-in,CUS0004028,,0641935512,marcus45@example.org,PRD-CC03,EMP00405,Converted,2025-05-22T13:43:00,42
LED001717,Campaign,CUS0000507,,0824163680,blakedavis@example.com,PRD-FD01,EMP00262,New,2025-02-13T13:25:00,92
LED001718,Campaign,CUS0000355,,0998318954,manuel96@example.org,PRD-CUR01,EMP00241,Contacted,2025-12-09T01:56:00,100
LED001719,Referral,CUS0004377,,0922512196,nathan96@example.com,PRD-DG01,EMP00493,Disqualified,2025-02-25T00:58:00,23
LED001720,Cold Call,CUS0003527,,0622079865,kdecker@example.net,PRD-CC02,EMP00363,Converted,2025-11-01T15:30:00,72
LED001721,Referral,CUS0003007,,0861564912,natasha03@example.net,PRD-DG02,EMP00471,Qualified,2025-09-22T09:45:00,39
LED001722,Partner,,สุรธัช ขอหมั่นกลาง,0682032991,smithronald@example.org,PRD-SAL01,EMP00194,Disqualified,2025-02-07T09:19:00,64
LED001723,Referral,CUS0006926,,0931899279,ryanclayton@example.net,PRD-DC02,EMP00401,Contacted,2025-10-09T07:34:00,65
LED001724,Referral,CUS0002285,,0991155342,cameronwatson@example.org,PRD-WL04,EMP00153,Converted,2025-02-13T09:13:00,100
LED001725,Cold Call,,พิมพ์สุตา ตวันเยี่ยม,0965211639,georgeburton@example.com,PRD-FD03,EMP00048,Contacted,2026-02-13T02:41:00,5
LED001726,Branch Walk-in,,ปรายกานต์ ภูภักดี,0662940380,ocastillo@example.com,PRD-WL03,EMP00289,Contacted,2025-04-22T03:06:00,55
LED001727,Web Form,CUS0004840,,0618870823,tmcintyre@example.com,PRD-WL01,EMP00382,Contacted,2025-03-15T20:19:00,18
LED001728,Campaign,,ผดุงพล ถนอมพล,0647658089,josephmiller@example.com,PRD-WL01,EMP00370,Disqualified,2026-02-16T20:04:00,3
LED001729,Partner,CUS0007240,,0951657728,hayley57@example.net,PRD-SAV01,EMP00459,Disqualified,2025-04-12T20:00:00,7
LED001730,Cold Call,,วีระวัฒน์ ดัตพันธุ์,0933715343,james49@example.org,PRD-DG02,EMP00034,Contacted,2025-11-10T12:10:00,87
LED001731,Cold Call,CUS0001313,,0983522945,hcombs@example.com,PRD-WL01,EMP00074,Disqualified,2025-02-06T07:18:00,48
LED001732,Campaign,,เพชรมณี คำลือ,0975568514,sharonmeyer@example.com,PRD-DC01,EMP00240,Contacted,2025-04-10T11:33:00,15
LED001733,Referral,CUS0003438,,0830308672,kevin93@example.net,PRD-WL02,EMP00268,Qualified,2025-01-01T01:23:00,84
LED001734,Campaign,CUS0000035,,0829007820,armstrongrachel@example.com,PRD-IN02,EMP00381,Qualified,2025-08-09T08:46:00,2
LED001735,Web Form,CUS0004540,,0933233070,zwhite@example.net,PRD-SAV02,EMP00259,Qualified,2026-03-29T10:39:00,41
LED001736,Web Form,,จินต์จุฑา โพธิสัตย์,0840969848,acostaphillip@example.com,PRD-CC01,EMP00438,Qualified,2025-07-03T14:47:00,18
LED001737,Referral,CUS0001438,,0953958382,oray@example.net,PRD-SAV01,EMP00005,New,2026-04-08T15:06:00,1
LED001738,Campaign,CUS0008057,,0685254857,twilliams@example.com,PRD-CUR01,EMP00269,Converted,2025-09-09T10:49:00,92
LED001739,Campaign,CUS0001481,,0917422621,marquezmegan@example.net,PRD-DC02,EMP00440,Disqualified,2025-05-17T16:06:00,6
LED001740,Branch Walk-in,CUS0000753,,0665521070,rachael14@example.com,PRD-FD02,EMP00020,Contacted,2025-04-06T10:16:00,25
LED001741,Cold Call,CUS0009086,,0682350009,vanessa99@example.org,PRD-LN04,EMP00079,Converted,2025-06-08T12:22:00,28
LED001742,Referral,,กฤตเมธ หิรัญสาลี,0934872023,moorejamie@example.com,PRD-FD02,EMP00311,Disqualified,2025-03-04T09:24:00,52
LED001743,Campaign,CUS0007096,,0827784606,christopherwilliams@example.org,PRD-DG01,EMP00440,New,2026-04-12T10:36:00,74
LED001744,Campaign,CUS0007400,,0657639149,vedwards@example.com,PRD-CUR01,EMP00388,Contacted,2025-10-02T10:08:00,98
LED001745,Cold Call,CUS0004990,,0836092667,kgeorge@example.com,PRD-LN01,EMP00124,New,2025-06-21T14:40:00,33
LED001746,Cold Call,,อับดุลเลาะห์ ชำนาญวาด,0875835398,charles45@example.net,PRD-IN02,EMP00011,Contacted,2025-10-27T18:15:00,48
LED001747,Partner,CUS0004958,,0687280644,andrewclements@example.net,PRD-LN01,EMP00360,Converted,2025-12-17T02:49:00,8
LED001748,Referral,,ชัชนันท์ ติณรัตน์,0817118681,richardsondavid@example.com,PRD-SAL01,EMP00198,Qualified,2025-07-07T22:48:00,88
LED001749,Referral,,กุลภาวลัย ปานสุวรรณ,0927499244,vpatterson@example.org,PRD-WL01,EMP00324,Contacted,2025-06-29T19:19:00,99
LED001750,Campaign,CUS0007192,,0655958368,juan58@example.net,PRD-LN03,EMP00084,Contacted,2025-02-11T01:56:00,5
LED001751,Cold Call,CUS0006937,,0669344047,amybanks@example.com,PRD-LN04,EMP00471,New,2026-03-08T00:39:00,79
LED001752,Cold Call,CUS0002821,,0661991119,wortiz@example.org,PRD-SAV02,EMP00429,Contacted,2025-04-16T10:10:00,17
LED001753,Branch Walk-in,CUS0004896,,0889817974,andrejones@example.com,PRD-FD03,EMP00469,Converted,2026-02-20T07:03:00,96
LED001754,Branch Walk-in,,จักรีรัตน์ ดิสกะประกาย,0828124399,gpeterson@example.org,PRD-DG01,EMP00193,Disqualified,2025-03-02T11:31:00,5
LED001755,Campaign,,วสิตา นิติสาขา,0695306776,john31@example.com,PRD-CC03,EMP00135,New,2025-05-04T05:50:00,72
LED001756,Web Form,CUS0005188,,0885908171,nbonilla@example.org,PRD-WL01,EMP00193,New,2026-04-01T03:53:00,6
LED001757,Referral,,พุทธิพงษ์ ไทยสุชาต,0846527632,torressteven@example.org,PRD-WL01,EMP00288,Qualified,2025-02-13T00:34:00,12
LED001758,Partner,,กุลเชษฐ ตระกูลไม้เรียง,0681568761,nancy55@example.net,PRD-FD01,EMP00462,Contacted,2025-04-27T19:15:00,8
LED001759,Web Form,CUS0004920,,0855245452,tmatthews@example.com,PRD-DG01,EMP00494,Qualified,2026-02-03T12:02:00,65
LED001760,Web Form,CUS0001660,,0826060037,jonathancollins@example.org,PRD-LN02,EMP00277,Disqualified,2025-05-17T21:20:00,53
LED001761,Branch Walk-in,CUS0004018,,0996499819,ehodges@example.net,PRD-CC04,EMP00012,Qualified,2026-01-27T21:38:00,82
LED001762,Campaign,CUS0008386,,0669690920,fgarrison@example.org,PRD-DG01,EMP00198,Converted,2026-04-23T14:45:00,72
LED001763,Partner,,ใจกลาง พีระเพ็ญกุล,0612555194,oroy@example.com,PRD-CC04,EMP00072,Qualified,2025-02-16T06:57:00,31
LED001764,Campaign,CUS0001570,,0666169768,elizabeth43@example.com,PRD-CC02,EMP00088,Converted,2026-03-31T09:18:00,73
LED001765,Partner,CUS0003061,,0984243657,davidhawkins@example.org,PRD-WL02,EMP00445,Converted,2025-11-17T00:16:00,65
LED001766,Web Form,,ฮานาฟี บุณยะภาชน์,0966850157,floyddanielle@example.net,PRD-CC04,EMP00006,Converted,2025-04-07T13:04:00,69
LED001767,Partner,CUS0000446,,0618355480,dlong@example.org,PRD-LN03,EMP00054,New,2025-02-12T17:32:00,58
LED001768,Referral,CUS0005640,,0644220175,micheal15@example.org,PRD-IN02,EMP00104,Qualified,2025-06-09T15:56:00,61
LED001769,Branch Walk-in,CUS0004991,,0638426481,sanchezkenneth@example.org,PRD-FD02,EMP00056,Converted,2026-04-17T05:00:00,14
LED001770,Referral,,อดิสรณ์ เดชคุ้ม,0981384132,underwoodmichael@example.org,PRD-SAL01,EMP00431,New,2025-03-30T10:22:00,93
LED001771,Referral,CUS0007792,,0843459143,rodney85@example.org,PRD-WL02,EMP00446,New,2025-08-01T19:48:00,89
LED001772,Cold Call,CUS0009527,,0864434639,alexawilcox@example.com,PRD-WL04,EMP00352,New,2025-11-23T02:31:00,58
LED001773,Referral,,จักรชัย เนื้อนุ่ม,0989525699,dmorris@example.org,PRD-LN02,EMP00247,Qualified,2025-03-08T00:36:00,35
LED001774,Web Form,CUS0001892,,0651915345,jamesmueller@example.net,PRD-IN01,EMP00448,Contacted,2026-03-04T04:14:00,58
LED001775,Partner,CUS0005583,,0965794474,williamsseth@example.org,PRD-WL04,EMP00329,New,2026-03-09T18:20:00,98
LED001776,Cold Call,,ฟิรยา ไสยกิจ,0926809635,zcollins@example.org,PRD-DC01,EMP00355,Qualified,2026-03-12T16:09:00,19
LED001777,Campaign,,ภูวฤณ แก้วอยู่,0656700111,wendy80@example.net,PRD-WL04,EMP00370,Converted,2025-08-19T08:16:00,50
LED001778,Campaign,CUS0000417,,0646997081,ramoscasey@example.org,PRD-WL04,EMP00389,Converted,2026-04-14T06:28:00,69
LED001779,Referral,,วิรศักดิ์ ตระกูลไม้เรียง,0812097173,rogersraymond@example.com,PRD-LN01,EMP00068,Contacted,2026-04-28T14:31:00,6
LED001780,Cold Call,,ทินวัฒน์ นิลวรรณ,0818610034,xlucas@example.net,PRD-DC01,EMP00160,Disqualified,2025-11-13T08:01:00,59
LED001781,Partner,,ณิชเชฏฐ์ ธีวร,0698368862,diamondalexander@example.org,PRD-WL02,EMP00091,Qualified,2025-10-09T02:55:00,25
LED001782,Campaign,,พิมพ์ประภา แต้กุล,0954099866,zfowler@example.com,PRD-IN02,EMP00328,Qualified,2026-04-12T13:02:00,76
LED001783,Web Form,,โกวิทย์ ธรรมฤดี,0979730654,charlesbrown@example.com,PRD-DC02,EMP00260,Converted,2025-11-05T09:15:00,21
LED001784,Referral,CUS0004412,,0963172558,brettmorgan@example.com,PRD-LN02,EMP00112,Disqualified,2025-06-07T14:19:00,98
LED001785,Campaign,,พรชีวิน ถนิมมาศ,0922889401,eric38@example.com,PRD-LN01,EMP00450,New,2025-09-13T10:34:00,94
LED001786,Partner,CUS0000157,,0873324573,callen@example.org,PRD-CC03,EMP00250,Contacted,2025-10-29T23:08:00,30
LED001787,Web Form,,ปัณณวัชร ตัณฑนุช,0963470638,kleinisaac@example.org,PRD-IN01,EMP00060,Qualified,2025-08-27T03:39:00,23
LED001788,Cold Call,,กะดิรัตน์ นวลเพ็ง,0693091162,andrea25@example.org,PRD-LN01,EMP00286,Contacted,2025-12-23T07:03:00,96
LED001789,Web Form,,ภูวรา ปานสุวรรณ,0846425813,lori75@example.org,PRD-LN01,EMP00348,Disqualified,2026-04-09T08:02:00,17
LED001790,Branch Walk-in,CUS0005037,,0620966722,nataliedowns@example.net,PRD-SAV02,EMP00209,Contacted,2025-07-22T16:51:00,24
LED001791,Referral,CUS0007016,,0964889164,keithjeremy@example.net,PRD-SAV01,EMP00396,Contacted,2026-03-24T19:27:00,75
LED001792,Cold Call,,ฐิตาพร มิ่งขวัญ,0953673864,holarry@example.com,PRD-LN04,EMP00405,Contacted,2026-04-23T22:56:00,59
LED001793,Branch Walk-in,CUS0003944,,0658612214,monicabuckley@example.org,PRD-FD03,EMP00199,New,2025-05-07T18:30:00,96
LED001794,Cold Call,CUS0007561,,0817877164,tbruce@example.com,PRD-CC02,EMP00382,Converted,2025-06-16T07:02:00,46
LED001795,Branch Walk-in,,จีราภรณ์ ถุงเงิน,0690377079,llewis@example.net,PRD-LN01,EMP00361,Disqualified,2025-01-20T19:30:00,15
LED001796,Branch Walk-in,CUS0007155,,0912377234,wjones@example.org,PRD-CC01,EMP00491,New,2025-07-27T03:19:00,58
LED001797,Partner,CUS0005833,,0824645285,jessica77@example.net,PRD-IN02,EMP00335,Disqualified,2025-06-05T10:27:00,98
LED001798,Partner,CUS0007484,,0610189161,henrywhite@example.net,PRD-DC01,EMP00494,Contacted,2025-12-26T12:47:00,57
LED001799,Web Form,,ธีริสรา ถาวรายุศม์,0979827587,johnnycombs@example.net,PRD-FD03,EMP00435,Qualified,2026-01-03T10:16:00,46
LED001800,Branch Walk-in,CUS0009715,,0687368466,arivera@example.net,PRD-LN02,EMP00064,Disqualified,2026-01-30T20:18:00,89
LED001801,Partner,,ประสิทธิ์ ถนัดกลึง,0637586346,randypatrick@example.org,PRD-FD03,EMP00201,Disqualified,2026-01-21T02:04:00,78
LED001802,Campaign,CUS0003742,,0979785805,courtney61@example.org,PRD-LN01,EMP00178,Contacted,2026-03-31T23:10:00,97
LED001803,Cold Call,,สุมัชญา บุตดา,0812523456,alexis73@example.org,PRD-DG02,EMP00341,New,2025-02-10T03:16:00,45
LED001804,Partner,,สิริลัดดา นุตตาร,0646813949,thomasli@example.net,PRD-CC01,EMP00106,Qualified,2025-02-10T03:11:00,85
LED001805,Cold Call,CUS0008237,,0925305961,tyler84@example.net,PRD-SAV02,EMP00398,Converted,2026-04-18T05:03:00,57
LED001806,Web Form,,ศรายุธ เตชะกำพุ,0640583851,david97@example.net,PRD-FD02,EMP00140,Qualified,2025-04-26T04:24:00,64
LED001807,Campaign,CUS0001904,,0932913603,linda16@example.net,PRD-LN01,EMP00286,Qualified,2025-06-30T21:52:00,53
LED001808,Cold Call,CUS0000226,,0946500679,dennis60@example.net,PRD-SAL01,EMP00070,Contacted,2025-11-09T21:27:00,84
LED001809,Partner,CUS0001976,,0971119997,anne75@example.net,PRD-CC02,EMP00187,Disqualified,2026-01-24T20:53:00,24
LED001810,Referral,CUS0006303,,0892359374,janice14@example.org,PRD-FD02,EMP00018,New,2025-12-03T09:09:00,25
LED001811,Referral,CUS0009336,,0886526845,yhatfield@example.net,PRD-SAL01,EMP00311,Converted,2025-02-23T01:39:00,47
LED001812,Branch Walk-in,CUS0008430,,0663308956,jeffreylane@example.org,PRD-DG01,EMP00269,Converted,2025-02-25T05:54:00,14
LED001813,Branch Walk-in,CUS0007182,,0839620070,ichavez@example.net,PRD-CC01,EMP00208,Disqualified,2025-01-15T20:24:00,21
LED001814,Web Form,CUS0002913,,0910839494,maria00@example.org,PRD-SAV02,EMP00130,Converted,2025-04-14T09:15:00,44
LED001815,Branch Walk-in,CUS0008702,,0626483541,asmith@example.com,PRD-CC03,EMP00076,Qualified,2025-07-13T02:58:00,63
LED001816,Web Form,,มารุด ทองสุกเลิศ,0970966388,blake96@example.com,PRD-LN03,EMP00322,Contacted,2026-01-14T08:33:00,7
LED001817,Campaign,CUS0009915,,0925025482,grantkevin@example.org,PRD-WL02,EMP00235,Disqualified,2025-11-30T15:25:00,74
LED001818,Partner,,นิติยา เนื่องนนท์,0954882851,salazarmartha@example.net,PRD-SAV02,EMP00138,New,2026-02-04T10:32:00,91
LED001819,Partner,CUS0000072,,0852227331,conwaytamara@example.org,PRD-DG01,EMP00255,Converted,2025-07-26T16:20:00,9
LED001820,Cold Call,CUS0006364,,0841909853,diana47@example.net,PRD-CUR01,EMP00269,New,2026-03-03T14:22:00,87
LED001821,Cold Call,CUS0003391,,0973130054,irandall@example.net,PRD-SAV02,EMP00099,New,2026-03-18T19:53:00,77
LED001822,Cold Call,CUS0008051,,0887557732,bboyd@example.org,PRD-LN04,EMP00338,Converted,2025-01-03T16:33:00,12
LED001823,Branch Walk-in,,จักรชัย นิละทัต,0656564480,angelagates@example.net,PRD-DC01,EMP00404,New,2026-03-28T12:02:00,72
LED001824,Web Form,CUS0000972,,0957945017,jonmartin@example.com,PRD-WL01,EMP00170,Disqualified,2025-04-28T13:56:00,99
LED001825,Cold Call,,ฟารินี ไตรบรรพ,0637897795,ismith@example.com,PRD-CC02,EMP00343,Qualified,2025-07-18T10:45:00,35
LED001826,Referral,CUS0001623,,0623602742,hsmith@example.net,PRD-DG01,EMP00029,Converted,2025-06-15T11:55:00,59
LED001827,Referral,CUS0007739,,0637635156,johnhernandez@example.org,PRD-WL02,EMP00304,Converted,2025-10-30T20:43:00,42
LED001828,Partner,CUS0006638,,0887105828,michael78@example.org,PRD-DC02,EMP00240,Qualified,2025-08-26T06:04:00,87
LED001829,Branch Walk-in,CUS0001537,,0670825679,josephbecker@example.net,PRD-SAV02,EMP00115,New,2026-04-13T20:58:00,72
LED001830,Partner,,พศร ตันตราจิณ,0914706676,tlawrence@example.net,PRD-WL04,EMP00227,Contacted,2026-02-18T02:53:00,54
LED001831,Referral,,วีระโชติ นาฏคายี,0944248231,novakerin@example.com,PRD-CUR01,EMP00232,New,2025-09-21T10:35:00,40
LED001832,Campaign,CUS0002269,,0611930514,martinshannon@example.net,PRD-CUR01,EMP00103,New,2026-03-07T01:52:00,67
LED001833,Cold Call,,บุญนพ ประจันตะเสน,0960974976,troy52@example.net,PRD-WL04,EMP00058,Disqualified,2025-01-14T18:21:00,42
LED001834,Branch Walk-in,,สุทธิพจน์ ดุษฎีวนิช,0679933464,williamcantu@example.net,PRD-DG02,EMP00199,Converted,2025-04-27T07:48:00,37
LED001835,Branch Walk-in,CUS0009238,,0960897784,jeffrey96@example.net,PRD-FD02,EMP00173,Contacted,2025-08-12T23:43:00,58
LED001836,Web Form,,เอกวิทย์ ยะผา,0626289561,kathleenwilson@example.net,PRD-LN04,EMP00050,New,2025-02-04T12:40:00,38
LED001837,Campaign,CUS0009654,,0995513372,diana94@example.net,PRD-LN01,EMP00248,Qualified,2025-12-20T07:25:00,50
LED001838,Web Form,,ทินพร บุญส่ง,0848418265,stephenbanks@example.com,PRD-CC01,EMP00124,Qualified,2025-03-09T15:38:00,20
LED001839,Campaign,,วนาลี ถาวระวรณ์,0933064087,jody21@example.org,PRD-SAV02,EMP00257,Contacted,2025-09-03T14:56:00,53
LED001840,Cold Call,CUS0005083,,0859744644,ereyes@example.org,PRD-LN01,EMP00425,Disqualified,2026-04-08T22:56:00,77
LED001841,Web Form,CUS0004011,,0675710960,yholland@example.com,PRD-FD02,EMP00307,Converted,2025-12-23T11:28:00,46
LED001842,Campaign,CUS0001711,,0880224606,msimon@example.net,PRD-DC01,EMP00258,Contacted,2025-12-25T22:22:00,84
LED001843,Cold Call,CUS0007487,,0667158311,joshuablanchard@example.net,PRD-DC02,EMP00021,Converted,2025-02-27T12:57:00,29
LED001844,Web Form,CUS0002357,,0635504555,savannahwhite@example.org,PRD-SAV01,EMP00084,New,2025-03-05T07:17:00,60
LED001845,Web Form,CUS0001788,,0997906821,marklewis@example.com,PRD-WL04,EMP00162,Qualified,2025-10-26T02:25:00,73
LED001846,Cold Call,,หลักทรัพย์ ทุมะบุตร์,0916813077,gina95@example.net,PRD-FD03,EMP00202,Converted,2026-02-17T07:10:00,82
LED001847,Partner,CUS0001240,,0923836195,brownelizabeth@example.net,PRD-SAV01,EMP00454,Converted,2025-04-24T22:52:00,65
LED001848,Web Form,CUS0002233,,0661611861,matthew08@example.com,PRD-CC02,EMP00449,New,2025-08-26T10:31:00,61
LED001849,Partner,,หลี นพตระกูล,0826272572,hernandezmichael@example.org,PRD-IN01,EMP00298,Converted,2025-04-17T05:24:00,99
LED001850,Cold Call,CUS0000756,,0870151216,jillsmith@example.org,PRD-WL02,EMP00065,New,2025-08-02T17:47:00,53
LED001851,Web Form,CUS0006616,,0828065634,bakerbradley@example.net,PRD-CC03,EMP00009,Contacted,2026-04-15T12:10:00,88
LED001852,Cold Call,CUS0001312,,0987111543,dcampbell@example.com,PRD-DC02,EMP00316,New,2025-08-31T14:28:00,58
LED001853,Branch Walk-in,CUS0000750,,0657943519,teresasimmons@example.net,PRD-DC01,EMP00041,Contacted,2025-07-14T01:08:00,45
LED001854,Campaign,,ศรินยา ธรรมนิยม,0925957870,zterrell@example.org,PRD-WL03,EMP00028,Disqualified,2025-09-17T09:44:00,34
LED001855,Branch Walk-in,,ยูซุฟ ดีตพันธุ์,0628742313,morrisonmadison@example.net,PRD-DG02,EMP00254,Converted,2025-05-04T04:08:00,29
LED001856,Branch Walk-in,CUS0000247,,0813216460,hcastro@example.org,PRD-WL03,EMP00006,Qualified,2025-02-26T01:21:00,25
LED001857,Cold Call,CUS0006343,,0876475683,kevin00@example.com,PRD-DC02,EMP00080,New,2026-02-07T18:47:00,78
LED001858,Branch Walk-in,,ภานิณี แจ้งสว่าง,0884184267,burtonchelsea@example.net,PRD-DC02,EMP00368,New,2025-09-03T03:19:00,22
LED001859,Referral,CUS0006752,,0878595880,tylerholmes@example.org,PRD-DG02,EMP00406,Converted,2025-07-12T13:24:00,35
LED001860,Referral,,พิมพกานต์ พานเกล้า,0932504043,kimberlygarcia@example.org,PRD-CUR01,EMP00436,Qualified,2025-12-16T01:35:00,38
LED001861,Branch Walk-in,CUS0000784,,0962197220,joshua37@example.org,PRD-LN04,EMP00431,Qualified,2025-08-24T04:44:00,72
LED001862,Web Form,,อมัด ธนประทีป,0643534838,camachopatricia@example.com,PRD-WL03,EMP00425,Disqualified,2025-02-25T21:38:00,32
LED001863,Referral,CUS0000914,,0979833388,ianderson@example.net,PRD-DG01,EMP00102,Converted,2025-02-26T19:01:00,73
LED001864,Campaign,CUS0007315,,0961593091,jenkinsronnie@example.org,PRD-FD01,EMP00091,Contacted,2025-05-08T12:56:00,18
LED001865,Branch Walk-in,CUS0000574,,0814593005,laurenvalencia@example.org,PRD-LN01,EMP00122,Qualified,2026-03-30T10:22:00,72
LED001866,Campaign,CUS0003546,,0643264323,duane77@example.org,PRD-FD02,EMP00047,Disqualified,2025-03-09T05:27:00,30
LED001867,Partner,,อำไพ คำลือ,0932244922,parsonsdwayne@example.net,PRD-SAV01,EMP00343,Converted,2026-04-14T00:02:00,33
LED001868,Web Form,CUS0009623,,0830414024,ksanders@example.net,PRD-DG02,EMP00148,Contacted,2025-11-05T00:01:00,79
LED001869,Cold Call,CUS0004356,,0927193906,nixonmelissa@example.net,PRD-CC02,EMP00028,Disqualified,2026-03-15T19:42:00,46
LED001870,Partner,CUS0005775,,0978424183,william83@example.com,PRD-CUR01,EMP00487,New,2025-08-28T13:02:00,13
LED001871,Partner,,อธิตยา นักสำหรวจ,0889665039,davispatricia@example.org,PRD-WL01,EMP00340,Qualified,2025-10-09T01:32:00,95
LED001872,Branch Walk-in,,เอกชัย หอมสิน,0684290262,joshuawright@example.com,PRD-SAL01,EMP00228,Qualified,2025-12-27T20:19:00,64
LED001873,Web Form,CUS0004309,,0933199596,cindygarcia@example.net,PRD-SAV02,EMP00341,New,2025-03-10T20:13:00,84
LED001874,Referral,CUS0009444,,0898253328,wangkathy@example.com,PRD-LN01,EMP00448,Contacted,2025-06-11T17:01:00,53
LED001875,Branch Walk-in,,ธีรวัช ขันธุลา,0977368784,deannahopkins@example.com,PRD-WL02,EMP00484,Converted,2026-01-12T03:43:00,17
LED001876,Partner,CUS0008383,,0972737970,mollygarcia@example.net,PRD-IN02,EMP00211,Contacted,2026-01-14T16:32:00,59
LED001877,Branch Walk-in,,ปิ่นบุญญา ดุริยพันธุ์,0977324729,jameswilliams@example.net,PRD-WL02,EMP00096,Qualified,2025-11-30T00:09:00,70
LED001878,Partner,CUS0005263,,0636981882,taylorjames@example.net,PRD-FD02,EMP00001,New,2025-06-27T01:48:00,67
LED001879,Campaign,CUS0007618,,0666247760,pnorton@example.com,PRD-WL04,EMP00408,New,2025-06-02T01:41:00,85
LED001880,Web Form,,ชนิศา ถ้วนศรี,0875856437,zestes@example.org,PRD-FD03,EMP00016,Disqualified,2025-05-02T23:36:00,39
LED001881,Referral,CUS0005039,,0892679171,kimberlyturner@example.org,PRD-DC02,EMP00101,Qualified,2025-10-30T20:21:00,47
LED001882,Branch Walk-in,,ภัคศุภางค์ นครเทพ,0645933312,danamarshall@example.com,PRD-WL02,EMP00473,Disqualified,2025-08-23T11:44:00,31
LED001883,Campaign,,ธีราทัต นาควงษ์,0654167859,chenashley@example.org,PRD-CC03,EMP00484,Disqualified,2025-07-28T10:37:00,33
LED001884,Cold Call,,ศิริญา นิลวรรณ,0612956440,meyerholly@example.com,PRD-WL04,EMP00225,Contacted,2025-03-06T14:56:00,15
LED001885,Branch Walk-in,,นุจรี พีระเพ็ญกุล,0613863477,pvalencia@example.org,PRD-SAL01,EMP00384,Qualified,2026-03-21T13:05:00,92
LED001886,Partner,,อชิตะวีร์ เดชวา,0880473523,christopherjimenez@example.org,PRD-LN04,EMP00295,New,2025-10-19T15:24:00,34
LED001887,Campaign,CUS0008570,,0654471230,jerry53@example.org,PRD-SAV01,EMP00430,Qualified,2026-01-19T20:23:00,59
LED001888,Campaign,CUS0009239,,0917931307,suzanne30@example.net,PRD-LN01,EMP00313,Contacted,2026-01-12T18:30:00,97
LED001889,Partner,,พัชรีนิษฐ์ เลขะพันธุ์,0626694997,ivansmith@example.net,PRD-FD03,EMP00214,Disqualified,2025-06-20T03:21:00,85
LED001890,Web Form,,กฤตเมธ จันอ้น,0829005055,parkerpatrick@example.net,PRD-CUR01,EMP00299,Converted,2025-08-29T11:54:00,65
LED001891,Campaign,CUS0002444,,0854673362,andrewdean@example.com,PRD-LN03,EMP00396,Qualified,2025-05-22T08:43:00,33
LED001892,Cold Call,,ศรลักษณ์ แนวพญา,0940148785,barnesangela@example.com,PRD-LN03,EMP00462,New,2025-10-04T13:53:00,75
LED001893,Web Form,,ชลิดา ทศโยธิน,0969477073,james21@example.net,PRD-SAV02,EMP00028,Qualified,2025-09-01T17:35:00,21
LED001894,Partner,CUS0005241,,0868214805,owalter@example.net,PRD-FD03,EMP00490,Contacted,2026-04-23T08:55:00,48
LED001895,Campaign,,ไมล์ ประจันตะเสน,0641823025,dustin58@example.net,PRD-FD02,EMP00355,Contacted,2026-02-23T01:49:00,27
LED001896,Referral,,ยศพงศ์ สุวรรณหงษ์,0888215439,bryan04@example.org,PRD-DG01,EMP00174,Disqualified,2025-01-04T12:05:00,67
LED001897,Web Form,CUS0003143,,0945565068,amorgan@example.net,PRD-FD01,EMP00385,Disqualified,2025-02-17T14:24:00,81
LED001898,Cold Call,CUS0002041,,0963388842,joseph76@example.net,PRD-FD02,EMP00404,Disqualified,2025-06-13T20:39:00,55
LED001899,Referral,CUS0000940,,0920147919,fyu@example.org,PRD-WL03,EMP00175,Qualified,2025-11-10T11:00:00,45
LED001900,Partner,CUS0003796,,0932705078,williammays@example.net,PRD-CC04,EMP00203,Qualified,2026-01-30T23:47:00,65
LED001901,Branch Walk-in,CUS0001049,,0815403015,michael20@example.org,PRD-CC03,EMP00284,Converted,2026-03-26T11:58:00,68
LED001902,Campaign,CUS0003572,,0614761512,nicole73@example.net,PRD-LN01,EMP00139,Converted,2025-04-05T05:37:00,62
LED001903,Branch Walk-in,CUS0006079,,0947772540,brian71@example.org,PRD-WL01,EMP00479,Qualified,2025-07-23T13:06:00,54
LED001904,Campaign,CUS0005713,,0968756514,brandon42@example.org,PRD-WL04,EMP00168,Qualified,2025-08-02T23:56:00,21
LED001905,Partner,CUS0003235,,0654529973,josephadams@example.net,PRD-WL04,EMP00307,Contacted,2025-03-21T08:07:00,45
LED001906,Web Form,,ปิยะนันท์ ศรีวงค์,0976137284,pyoung@example.com,PRD-DC01,EMP00213,Converted,2026-02-21T01:47:00,0
LED001907,Partner,,ราชัน แนวพญา,0954886586,cookscott@example.com,PRD-SAV02,EMP00371,Contacted,2026-01-16T19:54:00,1
LED001908,Web Form,,มูฮำมัด ธนูปกรณ์,0633819252,claytontran@example.net,PRD-SAL01,EMP00475,Qualified,2026-01-16T00:04:00,16
LED001909,Branch Walk-in,,โกมล ดำริห์ชอบ,0811659186,kimberlyryan@example.com,PRD-CC02,EMP00447,Contacted,2026-04-06T08:26:00,44
LED001910,Branch Walk-in,,ภูวฤณ คำลือ,0992976736,anthony40@example.com,PRD-LN02,EMP00228,Disqualified,2026-04-29T13:31:00,66
LED001911,Referral,CUS0003399,,0650715513,richardsampson@example.org,PRD-CC01,EMP00352,Converted,2026-02-21T07:09:00,32
LED001912,Partner,CUS0003382,,0666073765,darrell54@example.net,PRD-SAL01,EMP00168,Converted,2025-09-03T05:11:00,12
LED001913,Partner,CUS0004703,,0924678468,douglasscott@example.org,PRD-SAL01,EMP00397,Contacted,2025-06-23T09:17:00,79
LED001914,Cold Call,CUS0005158,,0684117182,emilydouglas@example.org,PRD-LN02,EMP00292,Contacted,2026-03-21T20:33:00,11
LED001915,Cold Call,CUS0004172,,0856745691,alanwatkins@example.net,PRD-FD02,EMP00420,Converted,2026-02-15T12:24:00,87
LED001916,Campaign,CUS0006992,,0952609764,taylorgomez@example.org,PRD-IN02,EMP00165,Contacted,2025-12-14T15:54:00,65
LED001917,Branch Walk-in,,จักรกฤนาย บุนยะศัพท์,0685249590,douglas56@example.com,PRD-FD02,EMP00166,New,2026-01-10T21:30:00,7
LED001918,Cold Call,,นภัสรินทร์ นะวะมันดร,0836772206,yvonne66@example.net,PRD-CC02,EMP00207,New,2025-01-02T07:00:00,57
LED001919,Cold Call,CUS0008715,,0665888280,david15@example.org,PRD-CUR01,EMP00479,Disqualified,2025-11-28T20:31:00,38
LED001920,Branch Walk-in,,ธวัศชา แก้วอยู่,0847468291,huberanna@example.net,PRD-LN01,EMP00366,Disqualified,2025-12-07T04:25:00,56
LED001921,Cold Call,CUS0006961,,0630178645,garyharper@example.com,PRD-DC02,EMP00001,Qualified,2025-03-08T21:15:00,61
LED001922,Branch Walk-in,,สมนึก นครเทพ,0967984514,mgallagher@example.org,PRD-SAV01,EMP00117,Qualified,2025-11-22T12:58:00,12
LED001923,Web Form,,กุลเชษฐ เจริญรัมย์,0985760488,brandonmoore@example.org,PRD-FD02,EMP00279,Converted,2026-03-18T06:58:00,54
LED001924,Cold Call,CUS0003418,,0621984983,randallduran@example.net,PRD-LN03,EMP00155,New,2025-09-18T15:44:00,31
LED001925,Branch Walk-in,CUS0008886,,0926294606,ronaldwilliams@example.org,PRD-LN02,EMP00221,Converted,2025-10-22T06:13:00,97
LED001926,Partner,CUS0004456,,0837481233,currywilliam@example.net,PRD-FD02,EMP00051,Disqualified,2025-05-12T22:56:00,12
LED001927,Referral,CUS0008342,,0667399428,smithaustin@example.com,PRD-DC02,EMP00032,Disqualified,2026-02-21T07:11:00,78
LED001928,Cold Call,CUS0004577,,0672599180,bridgesjames@example.net,PRD-LN02,EMP00286,Contacted,2026-02-10T02:35:00,45
LED001929,Partner,,สิริ นพคเชนทร์,0890926578,maxwelldaniel@example.com,PRD-CUR01,EMP00306,Disqualified,2026-01-05T15:15:00,63
LED001930,Branch Walk-in,,ซูรัยดา ผลบุญ,0986404408,keithmoore@example.net,PRD-WL03,EMP00497,Converted,2025-06-10T11:29:00,61
LED001931,Web Form,CUS0008151,,0855479764,tammienichols@example.net,PRD-LN03,EMP00359,Converted,2025-08-20T22:34:00,18
LED001932,Cold Call,,สุพัตรา คณานุรักษ์,0615614926,april30@example.com,PRD-FD03,EMP00079,Qualified,2025-06-22T18:04:00,29
LED001933,Campaign,CUS0005631,,0827603034,destiny09@example.net,PRD-SAL01,EMP00268,Disqualified,2025-02-22T04:07:00,54
LED001934,Web Form,,กวาง ทองอยู่,0621005743,christopher76@example.org,PRD-FD03,EMP00012,Contacted,2025-04-20T04:33:00,88
LED001935,Referral,CUS0000563,,0818011757,luceroanne@example.org,PRD-DG01,EMP00001,New,2025-05-23T00:39:00,99
LED001936,Cold Call,CUS0002147,,0999751477,umorris@example.net,PRD-CC03,EMP00001,New,2026-02-19T09:22:00,25
LED001937,Web Form,CUS0000353,,0847751579,millerpaige@example.com,PRD-DC01,EMP00315,New,2026-04-18T00:03:00,48
LED001938,Cold Call,CUS0001270,,0858475269,sarahlevy@example.org,PRD-DG01,EMP00485,New,2025-12-06T13:27:00,55
LED001939,Web Form,,วุฒิ ตะละภัฏ,0615650160,dustin65@example.net,PRD-WL03,EMP00474,Disqualified,2025-07-25T01:16:00,20
LED001940,Campaign,,ชลิดา นครเทพ,0987858979,vanessa92@example.com,PRD-DG01,EMP00031,Converted,2026-01-24T14:08:00,48
LED001941,Cold Call,,มนัส เมืองสุข,0622933478,lcarlson@example.net,PRD-IN02,EMP00198,Qualified,2025-02-26T18:25:00,22
LED001942,Branch Walk-in,CUS0002999,,0813965450,hansonryan@example.org,PRD-WL01,EMP00485,New,2026-03-07T00:30:00,54
LED001943,Referral,CUS0003475,,0919232367,masonmichael@example.org,PRD-CC02,EMP00126,Converted,2025-08-30T10:06:00,28
LED001944,Referral,,กฤตเมธ นิยมเซียม,0614019192,singhbrian@example.net,PRD-DC01,EMP00060,Qualified,2025-10-06T13:06:00,2
LED001945,Web Form,,พศร สังข์กรด,0880206210,obriendavid@example.com,PRD-WL01,EMP00471,Disqualified,2025-07-28T14:56:00,79
LED001946,Web Form,CUS0005187,,0675753663,leonard47@example.com,PRD-CUR01,EMP00492,New,2025-11-11T04:54:00,95
LED001947,Cold Call,,บุญญามี พงศ์ฉบับนภา,0672485627,jonflores@example.com,PRD-CC02,EMP00237,Contacted,2025-01-21T08:54:00,75
LED001948,Campaign,CUS0006048,,0952083595,vmoore@example.net,PRD-IN02,EMP00237,New,2025-08-11T17:41:00,100
LED001949,Partner,,นุจรี ธัญาโภชน์,0815531915,osmith@example.com,PRD-CC03,EMP00286,Contacted,2025-05-10T17:17:00,23
LED001950,Campaign,,นภัสรินทร์ ตราชู,0829909345,rushjesus@example.com,PRD-DC02,EMP00369,Contacted,2025-10-23T03:11:00,73
LED001951,Partner,,วัลลภ ยาปะโลหิต,0647901155,christopherbrooks@example.org,PRD-SAV01,EMP00163,Contacted,2025-04-25T02:10:00,81
LED001952,Referral,,นิภา บุญบำรุง,0617081459,brandonhoffman@example.org,PRD-CC02,EMP00122,New,2025-05-15T05:37:00,94
LED001953,Web Form,,หลักทรัพย์ พีระเพ็ญกุล,0860271752,jameswebb@example.com,PRD-LN03,EMP00037,Converted,2025-01-06T14:25:00,33
LED001954,Branch Walk-in,CUS0000619,,0671246948,saradennis@example.net,PRD-CC04,EMP00211,New,2025-08-29T06:53:00,43
LED001955,Web Form,CUS0000335,,0977766215,marco92@example.net,PRD-WL03,EMP00114,Disqualified,2025-12-17T23:11:00,71
LED001956,Cold Call,CUS0006316,,0894463241,luke03@example.net,PRD-IN02,EMP00407,Converted,2025-03-18T05:59:00,82
LED001957,Cold Call,,ณัฐวรินทร นิลสลัว,0632430666,monicasolomon@example.org,PRD-DC01,EMP00015,Qualified,2025-08-26T22:12:00,12
LED001958,Cold Call,CUS0002827,,0839329605,andreawilson@example.com,PRD-IN01,EMP00069,Disqualified,2026-01-19T20:51:00,55
LED001959,Web Form,,รมิตา ไสยกิจ,0814374378,lovejamie@example.net,PRD-IN02,EMP00166,Disqualified,2025-11-29T16:19:00,5
LED001960,Cold Call,CUS0001940,,0629445677,jimmyrussell@example.net,PRD-CC01,EMP00375,Converted,2026-04-16T23:30:00,78
LED001961,Branch Walk-in,,สุรนัย ศรีสัตย์,0992057636,brandonlarson@example.com,PRD-FD03,EMP00115,Converted,2026-04-20T18:59:00,81
LED001962,Campaign,,ณัฐธภรณ์ ดัตพันธุ์,0994782914,bushelizabeth@example.com,PRD-CC03,EMP00091,Converted,2026-03-08T04:49:00,36
LED001963,Campaign,CUS0000891,,0667615518,pgibson@example.net,PRD-DC01,EMP00071,Qualified,2025-05-02T22:49:00,33
LED001964,Partner,CUS0004058,,0844698853,nicole80@example.com,PRD-FD01,EMP00102,New,2025-09-16T17:37:00,10
LED001965,Referral,CUS0000083,,0869308324,jgriffin@example.com,PRD-LN01,EMP00276,Converted,2026-04-13T06:47:00,99
LED001966,Cold Call,CUS0004834,,0883907995,simmonstravis@example.net,PRD-CC02,EMP00092,Qualified,2025-02-07T10:22:00,5
LED001967,Web Form,,อุลัยพร ไทยสุชาต,0892760098,hscott@example.org,PRD-LN03,EMP00216,Contacted,2026-04-20T23:09:00,34
LED001968,Campaign,,ชัญญานุนาย สังข์กรด,0612167195,steven85@example.com,PRD-DG02,EMP00474,Disqualified,2025-09-18T16:04:00,36
LED001969,Partner,CUS0003472,,0968078914,juliekent@example.com,PRD-FD02,EMP00100,Converted,2025-02-25T08:01:00,55
LED001970,Web Form,CUS0007108,,0920888039,rachel37@example.net,PRD-DG01,EMP00260,Contacted,2026-03-24T22:40:00,83
LED001971,Partner,CUS0009224,,0647405831,bryanwilliams@example.net,PRD-CUR01,EMP00089,New,2025-12-12T08:52:00,93
LED001972,Partner,,จิณภัทตา ศรีอุ่น,0920476436,kaitlyn27@example.net,PRD-CC04,EMP00046,Disqualified,2025-11-13T06:00:00,100
LED001973,Referral,,พรพิไล โพธิสัตย์,0814010684,hopkinsmichelle@example.com,PRD-CC04,EMP00302,Contacted,2025-11-20T17:25:00,20
LED001974,Partner,CUS0001309,,0684507577,rebeccapeterson@example.net,PRD-CC01,EMP00265,New,2025-05-18T19:55:00,22
LED001975,Web Form,,ศดิศ เมืองสุข,0910242409,doylejacqueline@example.net,PRD-DC01,EMP00185,Contacted,2025-01-27T04:24:00,28
LED001976,Web Form,CUS0005097,,0627498953,tonyterry@example.com,PRD-LN04,EMP00264,Converted,2025-11-14T14:37:00,1
LED001977,Partner,CUS0004800,,0657743765,afranklin@example.com,PRD-CC03,EMP00096,Contacted,2026-03-29T09:17:00,92
LED001978,Partner,,ฐิติกุล หอมสิน,0830519566,kthompson@example.com,PRD-LN04,EMP00359,Converted,2025-10-31T06:29:00,27
LED001979,Branch Walk-in,CUS0002662,,0632036090,catherine62@example.org,PRD-CC03,EMP00233,New,2026-01-18T18:51:00,73
LED001980,Web Form,CUS0007427,,0874071732,kkelly@example.net,PRD-DC01,EMP00236,New,2025-03-01T18:08:00,0
LED001981,Campaign,CUS0008639,,0852311430,nicholaskennedy@example.org,PRD-WL01,EMP00408,Disqualified,2025-12-14T20:58:00,88
LED001982,Web Form,CUS0009684,,0679668181,kevinmartin@example.net,PRD-CC04,EMP00184,Converted,2026-03-17T13:11:00,35
LED001983,Cold Call,,บุญทิวา ตั้งรบ,0690369572,fbenton@example.net,PRD-LN04,EMP00251,Disqualified,2026-03-18T14:55:00,46
LED001984,Web Form,,ราชัน ฉายแสง,0861404247,matthew91@example.com,PRD-SAV01,EMP00392,Converted,2025-07-22T08:12:00,86
LED001985,Cold Call,CUS0006095,,0815739647,calebcortez@example.org,PRD-LN04,EMP00199,Converted,2026-03-12T15:08:00,14
LED001986,Web Form,,มนรัตน์ แนวพนิช,0893016980,john00@example.org,PRD-FD01,EMP00376,Converted,2025-07-01T16:45:00,66
LED001987,Cold Call,,นนทกาญจน์ ตระกูลไม้เรียง,0954473265,ravenwashington@example.net,PRD-DC01,EMP00093,Qualified,2025-09-12T05:25:00,77
LED001988,Branch Walk-in,CUS0007911,,0674823574,adriana80@example.com,PRD-LN03,EMP00194,Qualified,2025-03-09T18:55:00,75
LED001989,Referral,,พรสวรรค์ ดีตพันธุ์,0914458864,michaelmckay@example.com,PRD-SAL01,EMP00377,New,2025-01-08T07:42:00,67
LED001990,Referral,CUS0002204,,0657305139,moralesryan@example.org,PRD-FD03,EMP00242,Contacted,2026-01-19T14:18:00,15
LED001991,Cold Call,CUS0004806,,0953762342,lancebates@example.org,PRD-LN01,EMP00095,New,2025-04-15T05:48:00,14
LED001992,Cold Call,CUS0006235,,0951270381,coxjessica@example.org,PRD-WL04,EMP00148,New,2025-03-28T18:23:00,70
LED001993,Referral,CUS0007830,,0684003215,dawnanderson@example.com,PRD-SAL01,EMP00078,Qualified,2025-01-01T13:44:00,11
LED001994,Cold Call,,เขียว ฉัพพรรณธนกูร,0873879502,brownjennifer@example.net,PRD-DC02,EMP00293,Disqualified,2025-09-22T07:35:00,0
LED001995,Campaign,,วีร์สุดา หนุนสุข,0883180882,amandahart@example.org,PRD-DG02,EMP00259,Qualified,2026-02-25T04:52:00,69
LED001996,Partner,CUS0003023,,0677989963,codysandoval@example.net,PRD-FD01,EMP00244,Qualified,2025-02-03T04:28:00,88
LED001997,Web Form,,เกศรา เขียวอ่อน,0988960024,weavergarrett@example.com,PRD-LN04,EMP00375,Converted,2025-03-20T18:39:00,94
LED001998,Campaign,CUS0001896,,0940111756,ngarza@example.com,PRD-CC04,EMP00212,Contacted,2025-04-05T15:07:00,44
LED001999,Web Form,,สุทกร ไชยภา,0844681054,jesse07@example.net,PRD-CC03,EMP00159,Disqualified,2025-07-03T21:57:00,47
LED002000,Branch Walk-in,CUS0009624,,0916699678,rickanderson@example.org,PRD-IN02,EMP00063,Converted,2025-11-23T18:25:00,79
LED002001,Referral,,นิวิลดาน คำลือ,0688659796,wilsonmichael@example.org,PRD-WL03,EMP00186,Qualified,2026-04-19T09:51:00,14
LED002002,Web Form,CUS0005828,,0610955790,timothysherman@example.net,PRD-LN02,EMP00205,Qualified,2026-02-16T04:58:00,62
LED002003,Partner,CUS0004326,,0861052198,phelpsmichael@example.com,PRD-LN02,EMP00432,Contacted,2025-06-27T08:04:00,46
LED002004,Cold Call,,จด ดำริห์ชอบ,0868852172,hallvanessa@example.com,PRD-DC02,EMP00195,New,2025-04-07T11:22:00,66
LED002005,Referral,CUS0001765,,0686102581,leslieduncan@example.com,PRD-CC03,EMP00201,Contacted,2026-02-16T21:46:00,16
LED002006,Branch Walk-in,CUS0007657,,0657771297,phillipsmarisa@example.com,PRD-CC04,EMP00136,Qualified,2025-12-29T05:08:00,83
LED002007,Campaign,CUS0004492,,0690487136,laura94@example.net,PRD-FD02,EMP00366,Qualified,2025-05-11T03:54:00,50
LED002008,Cold Call,CUS0003480,,0689616503,njackson@example.com,PRD-DC01,EMP00409,Contacted,2026-04-01T13:55:00,68
LED002009,Cold Call,,นนทกาญจน์ นิละทัต,0867238912,patricialevy@example.com,PRD-CUR01,EMP00157,New,2025-01-17T07:33:00,62
LED002010,Branch Walk-in,,ศศิยา ธุวะนุติ์,0881010103,awells@example.net,PRD-LN04,EMP00376,New,2025-01-25T05:46:00,56
LED002011,Campaign,,ศุภาศิล นุชแนวนุ่ม,0920703378,vsheppard@example.net,PRD-WL02,EMP00229,Converted,2026-03-31T16:20:00,29
LED002012,Referral,,สรายุทธ ถนอมกุลบุตร,0815457919,kirkjones@example.net,PRD-WL01,EMP00172,Qualified,2025-06-29T21:43:00,53
LED002013,Partner,,นภัสรินทร์ ถ้วนศรี,0963171732,christinahunt@example.com,PRD-DG02,EMP00395,Contacted,2025-04-10T23:45:00,84
LED002014,Partner,CUS0009858,,0680203187,markweeks@example.org,PRD-CC01,EMP00021,New,2025-11-01T11:32:00,39
LED002015,Branch Walk-in,,สมพิศ ฉิมพาลี,0936620249,donnascott@example.com,PRD-IN01,EMP00174,Converted,2025-09-03T06:14:00,82
LED002016,Cold Call,,ชัฎชา วาทา,0831831156,cwelch@example.com,PRD-DG01,EMP00450,Qualified,2026-04-23T15:00:00,30
LED002017,Partner,,ธมน เมืองสุข,0850735962,smithadam@example.com,PRD-FD03,EMP00078,Converted,2025-08-06T06:35:00,22
LED002018,Web Form,CUS0004446,,0979687568,petersonmichael@example.com,PRD-WL02,EMP00224,Contacted,2026-01-05T09:40:00,2
LED002019,Cold Call,,พิมพ์ประภา นกทอง,0961314744,iburke@example.org,PRD-DC01,EMP00261,Disqualified,2025-01-11T14:58:00,14
LED002020,Branch Walk-in,,ซูไรดา ถนัดเดินข่าว,0668103594,swansonjackie@example.net,PRD-CC01,EMP00298,New,2026-01-06T11:03:00,54
LED002021,Cold Call,CUS0003695,,0693669287,melodyedwards@example.org,PRD-SAL01,EMP00210,Converted,2026-04-06T06:10:00,13
LED002022,Partner,CUS0005741,,0836500788,cdennis@example.net,PRD-LN04,EMP00370,New,2026-04-02T01:08:00,66
LED002023,Branch Walk-in,CUS0000988,,0881201697,fosterbrenda@example.com,PRD-CC01,EMP00293,Disqualified,2026-04-03T19:33:00,17
LED002024,Cold Call,,ธีร์ธวันาย บุญส่ง,0851215384,hjones@example.org,PRD-WL02,EMP00236,New,2026-02-20T10:03:00,11
LED002025,Branch Walk-in,,เถลิงยศ ศรีวงค์,0988548868,joshuahuffman@example.net,PRD-CC03,EMP00266,Qualified,2025-05-01T07:04:00,58
LED002026,Web Form,,ปฐม ไทนิยม,0951307515,zacharywong@example.org,PRD-DC02,EMP00337,Qualified,2026-04-10T02:41:00,43
LED002027,Cold Call,CUS0009694,,0958839331,omoore@example.com,PRD-CUR01,EMP00124,Contacted,2025-10-08T08:52:00,98
LED002028,Referral,CUS0004338,,0963197402,parkjacqueline@example.net,PRD-LN04,EMP00288,Contacted,2026-01-16T13:35:00,30
LED002029,Web Form,CUS0002422,,0611907082,cmcdonald@example.com,PRD-CC03,EMP00450,Converted,2025-05-23T01:52:00,73
LED002030,Referral,,สมใจ ขำเอนก,0938281806,potterkristen@example.com,PRD-FD01,EMP00047,Converted,2025-02-15T14:32:00,76
LED002031,Branch Walk-in,,จำรัส ไทยแท้,0630103399,smithbrooke@example.net,PRD-WL04,EMP00126,Disqualified,2025-08-23T19:38:00,97
LED002032,Campaign,,วรรณรัตน์ นาควงษ์,0886005166,mcastaneda@example.com,PRD-SAV01,EMP00286,Converted,2025-09-01T22:29:00,18
LED002033,Referral,CUS0007774,,0952246161,rmueller@example.com,PRD-LN04,EMP00127,Contacted,2025-03-25T09:38:00,85
LED002034,Cold Call,CUS0002340,,0815516775,xhampton@example.net,PRD-CUR01,EMP00129,Converted,2026-01-20T06:36:00,30
LED002035,Cold Call,CUS0007663,,0891216354,carrolltaylor@example.org,PRD-IN01,EMP00457,New,2025-04-22T10:01:00,75
LED002036,Partner,CUS0009049,,0629705249,camerondavid@example.org,PRD-CC02,EMP00331,Contacted,2026-04-02T02:09:00,9
LED002037,Cold Call,CUS0001347,,0811405236,kenneth48@example.net,PRD-IN01,EMP00370,Contacted,2026-01-14T18:32:00,47
LED002038,Campaign,CUS0005815,,0818917481,williamlarson@example.net,PRD-DC01,EMP00001,New,2025-02-28T00:53:00,5
LED002039,Partner,CUS0003428,,0887280348,angelaramsey@example.org,PRD-SAV02,EMP00196,New,2026-01-25T06:52:00,98
LED002040,Referral,,อรรจน์ ทศโยธิน,0674972917,nathan03@example.net,PRD-WL03,EMP00407,Contacted,2025-09-14T09:03:00,28
LED002041,Referral,,เมษา ยะผา,0826118558,michelle08@example.net,PRD-WL04,EMP00453,Qualified,2025-04-11T19:07:00,73
LED002042,Partner,,เพชรมณี บัวเผื่อน,0936201039,davisjudith@example.org,PRD-DC01,EMP00493,Qualified,2025-01-22T13:08:00,90
LED002043,Referral,CUS0009675,,0670800229,qedwards@example.org,PRD-WL01,EMP00354,New,2025-11-16T02:56:00,28
LED002044,Referral,CUS0009031,,0821834409,rthompson@example.org,PRD-LN04,EMP00498,New,2025-10-26T17:42:00,45
LED002045,Branch Walk-in,CUS0005551,,0919525406,krojas@example.org,PRD-CC01,EMP00279,Contacted,2026-02-23T18:54:00,37
LED002046,Referral,CUS0006488,,0672801086,anthonycalderon@example.org,PRD-DC01,EMP00428,Contacted,2025-02-12T06:09:00,96
LED002047,Referral,,ปวีณ ดวงทับทิม,0966138835,bryanduncan@example.com,PRD-DG01,EMP00414,Contacted,2026-02-11T03:01:00,87
LED002048,Branch Walk-in,CUS0008036,,0947858842,lhudson@example.net,PRD-SAV01,EMP00406,Disqualified,2026-03-06T00:43:00,100
LED002049,Referral,CUS0006754,,0849903089,joybailey@example.com,PRD-CUR01,EMP00106,New,2025-04-10T11:30:00,51
LED002050,Web Form,,นาทภูวพัฒน์ ทับทิมไทย,0843042623,jacobsleslie@example.net,PRD-CC02,EMP00057,New,2026-04-16T16:32:00,49
LED002051,Referral,CUS0007716,,0972348011,brownvictoria@example.com,PRD-LN03,EMP00041,Converted,2026-04-19T18:50:00,3
LED002052,Campaign,CUS0005878,,0810974503,thompsonmary@example.org,PRD-WL03,EMP00133,Contacted,2025-03-06T08:35:00,50
LED002053,Branch Walk-in,CUS0009599,,0673905969,twolfe@example.net,PRD-FD02,EMP00124,New,2025-08-08T14:30:00,19
LED002054,Branch Walk-in,CUS0009292,,0614520773,austinashley@example.org,PRD-DC01,EMP00450,New,2026-03-25T20:00:00,92
LED002055,Referral,CUS0004772,,0867825623,hhopkins@example.org,PRD-SAL01,EMP00174,Qualified,2025-09-29T01:21:00,15
LED002056,Branch Walk-in,CUS0009925,,0955756663,russell73@example.com,PRD-DG01,EMP00161,New,2025-04-10T14:27:00,83
LED002057,Branch Walk-in,CUS0006823,,0816191219,fhenderson@example.com,PRD-WL01,EMP00350,Qualified,2026-01-26T08:51:00,59
LED002058,Campaign,CUS0000944,,0972202783,jarvisamy@example.net,PRD-SAL01,EMP00348,Disqualified,2026-02-04T10:41:00,20
LED002059,Partner,CUS0007271,,0990276656,lmills@example.net,PRD-SAL01,EMP00265,New,2026-02-05T13:22:00,81
LED002060,Web Form,CUS0009825,,0911622364,stonejessica@example.org,PRD-CC02,EMP00371,Contacted,2025-12-19T16:41:00,24
LED002061,Cold Call,,ผดุงพล ขำเอนก,0923847101,johnwyatt@example.org,PRD-SAV02,EMP00462,Disqualified,2026-03-12T02:36:00,38
LED002062,Web Form,CUS0001743,,0945424319,carrrenee@example.org,PRD-DG01,EMP00093,Converted,2025-12-26T20:00:00,96
LED002063,Web Form,CUS0000281,,0611279182,jeffreyjordan@example.net,PRD-DC01,EMP00341,Disqualified,2026-04-17T20:52:00,43
LED002064,Referral,CUS0002288,,0670284384,hsmith@example.com,PRD-LN04,EMP00461,New,2025-09-22T10:25:00,51
LED002065,Partner,CUS0003417,,0925333578,annmacias@example.org,PRD-WL04,EMP00035,Converted,2026-04-07T21:40:00,87
LED002066,Cold Call,,ธมลพรรณ นิลสุวรรณ์,0870672797,ashley46@example.com,PRD-DC01,EMP00238,Contacted,2025-11-24T05:33:00,98
LED002067,Web Form,,จำรัส ไทยสุชาต,0957653201,christinasherman@example.net,PRD-SAV02,EMP00425,Qualified,2025-03-18T20:05:00,39
LED002068,Web Form,,ทรรศนชัย ธีวร,0918394749,robert06@example.org,PRD-DC02,EMP00219,Converted,2025-04-23T16:35:00,68
LED002069,Partner,,บุญเอก นฤภัย,0814672348,leslie35@example.org,PRD-SAV02,EMP00061,Contacted,2025-09-15T21:44:00,38
LED002070,Referral,CUS0009218,,0623150879,davidfarrell@example.com,PRD-WL01,EMP00158,Qualified,2025-10-30T15:05:00,21
LED002071,Campaign,CUS0001760,,0985694615,cervantesjoseph@example.org,PRD-DG02,EMP00366,New,2026-04-07T08:24:00,87
LED002072,Referral,CUS0001838,,0659856426,smithdavid@example.org,PRD-WL02,EMP00458,Converted,2025-08-27T06:19:00,37
LED002073,Branch Walk-in,CUS0001689,,0977035912,stacytaylor@example.org,PRD-SAV01,EMP00132,Disqualified,2025-12-18T16:44:00,28
LED002074,Referral,,ฐิติณัฐฐา ถาวรรัตน,0994110662,smithbruce@example.org,PRD-SAV02,EMP00142,Converted,2026-04-18T11:02:00,56
LED002075,Campaign,,ฟิรยา บัวเผื่อน,0989262420,brooksgabriela@example.com,PRD-SAV01,EMP00039,New,2025-10-27T02:31:00,15
LED002076,Branch Walk-in,,ณัฐธภรณ์ ธรรมนิยม,0912410954,christine25@example.com,PRD-LN04,EMP00456,Contacted,2026-04-19T15:00:00,37
LED002077,Web Form,CUS0000361,,0695506380,larseneric@example.org,PRD-DC02,EMP00059,Disqualified,2026-01-16T01:54:00,56
LED002078,Branch Walk-in,,ราชันทร์ ศรทอง,0859194970,lnoble@example.net,PRD-DC02,EMP00367,Contacted,2026-03-18T11:19:00,38
LED002079,Partner,CUS0008618,,0613703030,seanhamilton@example.net,PRD-CC03,EMP00192,Contacted,2025-02-21T06:05:00,23
LED002080,Web Form,CUS0004636,,0841352658,khanpatrick@example.org,PRD-SAV01,EMP00097,Contacted,2025-12-15T09:23:00,53
LED002081,Campaign,CUS0007981,,0833666578,benjamin89@example.com,PRD-CC04,EMP00276,New,2025-02-10T10:01:00,74
LED002082,Branch Walk-in,CUS0006956,,0999577298,zjacobs@example.org,PRD-WL04,EMP00495,Disqualified,2025-01-25T01:40:00,23
LED002083,Branch Walk-in,,ภัคศุภางค์ ศรีธนะเวทย์,0894784745,milleremily@example.net,PRD-WL02,EMP00189,New,2026-04-11T20:11:00,56
LED002084,Branch Walk-in,,ทานตะวัน ศาสตร์ศิลป์,0848720407,obell@example.net,PRD-CC04,EMP00434,Disqualified,2025-05-09T18:35:00,92
LED002085,Partner,CUS0004646,,0823428767,williamsrichard@example.org,PRD-IN02,EMP00421,Converted,2025-03-23T06:59:00,39
LED002086,Cold Call,CUS0000395,,0677620382,amy98@example.com,PRD-WL02,EMP00332,Qualified,2025-09-14T12:13:00,58
LED002087,Referral,CUS0005016,,0924829232,cindyhoffman@example.net,PRD-LN01,EMP00080,Qualified,2026-04-27T01:30:00,97
LED002088,Branch Walk-in,CUS0001383,,0915627024,james02@example.org,PRD-CC03,EMP00053,Converted,2026-02-04T16:58:00,67
LED002089,Referral,,คมคาย นุตตาร,0888547066,eyoung@example.net,PRD-FD02,EMP00423,Disqualified,2025-11-15T12:03:00,91
LED002090,Web Form,CUS0009431,,0666906844,ashley84@example.net,PRD-LN04,EMP00082,Converted,2026-02-16T10:51:00,65
LED002091,Referral,,เพียงกมล ทองอยู่,0953878667,bethhart@example.net,PRD-IN01,EMP00439,Disqualified,2025-07-19T23:55:00,2
LED002092,Branch Walk-in,CUS0002192,,0681837622,pcastillo@example.org,PRD-LN03,EMP00115,New,2025-06-01T11:37:00,89
LED002093,Cold Call,,คำ ทำประดู่,0649298001,johnsonmarcus@example.org,PRD-FD03,EMP00139,Converted,2026-03-31T00:13:00,77
LED002094,Campaign,,สัญชาน บุญศล,0895795329,david57@example.net,PRD-DG02,EMP00401,Qualified,2025-07-24T23:44:00,53
LED002095,Campaign,CUS0009239,,0833716128,goodmanvanessa@example.org,PRD-FD03,EMP00211,Contacted,2025-12-04T18:54:00,89
LED002096,Campaign,CUS0004052,,0922204147,hillheather@example.org,PRD-LN02,EMP00129,Contacted,2026-04-26T17:10:00,4
LED002097,Campaign,,วัลลภ เดชวา,0926147305,cynthia86@example.org,PRD-DG01,EMP00380,Contacted,2025-04-10T08:07:00,65
LED002098,Partner,CUS0000017,,0855997291,gjordan@example.net,PRD-DG02,EMP00400,Contacted,2025-10-15T08:35:00,56
LED002099,Branch Walk-in,,กิติวัฒน์ พีระเพ็ญกุล,0926756847,williamsamanda@example.com,PRD-CC02,EMP00124,Disqualified,2025-02-25T14:58:00,59
LED002100,Branch Walk-in,,นารดา ศรีเผด็จ,0919022904,uschultz@example.com,PRD-FD02,EMP00016,Disqualified,2025-12-15T11:59:00,16
LED002101,Partner,CUS0001333,,0963943687,pfry@example.org,PRD-SAV01,EMP00242,Converted,2026-04-24T05:41:00,79
LED002102,Campaign,,ดวงสมร ธรรมเมธา,0657199690,jessica69@example.com,PRD-LN02,EMP00275,Contacted,2025-03-19T05:51:00,25
LED002103,Referral,,พลานุช เช้าวันดี,0986524102,pamela77@example.com,PRD-WL03,EMP00142,Converted,2025-09-29T16:48:00,55
LED002104,Referral,CUS0000071,,0837015025,justinjones@example.org,PRD-WL04,EMP00073,Contacted,2025-07-25T14:32:00,86
LED002105,Cold Call,,ดวงจันทร์ ถนัดกลึง,0891199447,richardamanda@example.net,PRD-WL02,EMP00369,Converted,2025-09-14T10:09:00,15
LED002106,Cold Call,,พลานุช บุนยะศัพท์,0611648158,emily82@example.com,PRD-CC01,EMP00374,Qualified,2025-09-30T01:51:00,10
LED002107,Branch Walk-in,,สุมัชญา สังข์กรด,0987211600,jaredstephens@example.net,PRD-FD01,EMP00150,Qualified,2025-05-11T10:48:00,98
LED002108,Referral,,ทิพย์วารี ถนัดรบ,0895238814,josephallen@example.net,PRD-IN02,EMP00402,Qualified,2025-07-16T19:19:00,78
LED002109,Referral,CUS0002661,,0699597758,gandrews@example.org,PRD-LN02,EMP00355,Disqualified,2025-08-21T21:46:00,1
LED002110,Web Form,,จินต์จุฑา ถนัดอาวุธ,0936351884,daniel67@example.net,PRD-WL02,EMP00128,Converted,2026-03-07T11:16:00,37
LED002111,Cold Call,CUS0001192,,0944795371,bretthicks@example.net,PRD-WL03,EMP00459,Qualified,2025-09-12T09:00:00,19
LED002112,Campaign,,กิติวัฒน์ นิลวิมล,0670357205,hwaters@example.org,PRD-SAL01,EMP00332,Disqualified,2025-03-10T18:23:00,41
LED002113,Cold Call,CUS0009381,,0893966979,rebecca68@example.org,PRD-LN01,EMP00250,Converted,2025-04-01T17:18:00,41
LED002114,Partner,,ธมลพรรณ นามขำ,0667779038,garciabrandon@example.org,PRD-LN01,EMP00404,Qualified,2025-05-04T21:41:00,55
LED002115,Branch Walk-in,,พรสวรรค์ ไตรบรรพ,0674180999,johnsonelijah@example.com,PRD-SAL01,EMP00312,Disqualified,2025-01-27T23:11:00,1
LED002116,Cold Call,CUS0009569,,0974223215,amybenitez@example.com,PRD-IN02,EMP00077,Contacted,2026-02-13T10:55:00,35
LED002117,Campaign,CUS0008739,,0811172110,brian93@example.org,PRD-CUR01,EMP00238,Disqualified,2025-09-27T17:31:00,16
LED002118,Partner,,ภาสวุฒิ วาทา,0960781984,goodnancy@example.org,PRD-WL01,EMP00028,New,2025-04-14T06:07:00,45
LED002119,Web Form,,โชติวุฒิ หอมพิกุล,0628420366,christopher85@example.org,PRD-SAV02,EMP00491,Disqualified,2026-04-24T21:49:00,30
LED002120,Web Form,CUS0006273,,0812287100,hchan@example.org,PRD-DG01,EMP00369,Qualified,2026-01-06T12:40:00,85
LED002121,Partner,CUS0006454,,0891962977,andrew41@example.net,PRD-LN02,EMP00492,Qualified,2026-02-26T08:46:00,87
LED002122,Branch Walk-in,,อนุวัช วาทา,0616262112,michelle11@example.net,PRD-WL03,EMP00443,New,2025-07-16T22:45:00,72
LED002123,Campaign,CUS0000445,,0972283268,susanjohnson@example.net,PRD-WL03,EMP00203,Disqualified,2026-04-13T10:06:00,29
LED002124,Cold Call,CUS0003123,,0961640094,cantrellpeter@example.com,PRD-CUR01,EMP00405,Qualified,2025-05-24T06:39:00,54
LED002125,Web Form,,ภัคชนน ซูสารอ,0881530314,landrydavid@example.net,PRD-CC02,EMP00136,Converted,2026-03-29T02:48:00,6
LED002126,Branch Walk-in,,ขอดิเยาะ ธรรมสถิตไพศาล,0867312135,imoreno@example.net,PRD-WL04,EMP00353,New,2025-01-24T22:45:00,72
LED002127,Campaign,CUS0005678,,0836460035,dbaker@example.org,PRD-LN02,EMP00342,New,2025-07-15T04:04:00,10
LED002128,Partner,CUS0002977,,0967263974,sean95@example.net,PRD-LN02,EMP00278,Converted,2026-03-12T23:40:00,44
LED002129,Web Form,CUS0004067,,0954078901,janiceturner@example.org,PRD-IN01,EMP00365,Disqualified,2025-08-11T16:28:00,54
LED002130,Cold Call,,มนรัตน์ จันอ้น,0951437065,stevenlawson@example.org,PRD-CC03,EMP00419,New,2026-03-18T10:25:00,44
LED002131,Referral,,ปิยวัจน์ คำลือ,0671996385,elizabeth12@example.com,PRD-DC02,EMP00105,Converted,2025-08-23T03:23:00,78
LED002132,Branch Walk-in,CUS0000537,,0813960025,vellis@example.org,PRD-IN01,EMP00262,Contacted,2025-11-30T01:48:00,90
LED002133,Campaign,,ศิริญา ทับทิมไทย,0834682745,rreeves@example.org,PRD-WL04,EMP00272,Converted,2025-12-29T00:44:00,9
LED002134,Cold Call,CUS0000072,,0990959051,ocarlson@example.net,PRD-CC04,EMP00235,New,2025-06-22T08:38:00,100
LED002135,Web Form,CUS0007595,,0858084738,angela85@example.org,PRD-DC01,EMP00472,Disqualified,2026-02-16T16:33:00,80
LED002136,Partner,CUS0000783,,0952541813,michelleterry@example.org,PRD-IN02,EMP00210,Disqualified,2026-03-10T08:15:00,80
LED002137,Web Form,CUS0007341,,0994728000,zdavis@example.net,PRD-LN04,EMP00019,Contacted,2026-01-31T07:32:00,84
LED002138,Referral,,สิรวัฒน์ ซูสารอ,0654481145,sgarcia@example.org,PRD-LN03,EMP00087,Contacted,2025-10-02T09:47:00,6
LED002139,Branch Walk-in,,ณัฐวรินทร ศิวะวรเวท,0668966675,markayala@example.org,PRD-DC01,EMP00385,Contacted,2025-07-05T20:31:00,36
LED002140,Referral,CUS0003328,,0994041924,nhogan@example.com,PRD-DG02,EMP00110,Disqualified,2025-12-27T10:38:00,93
LED002141,Partner,,พรสวรรค์ ถนิมมาศ,0816147353,kimberlysweeney@example.com,PRD-WL04,EMP00074,Converted,2025-11-08T00:29:00,2
LED002142,Partner,,เลิศเดช ถาวรายุศม์,0923058079,lorraine35@example.com,PRD-DG02,EMP00335,Qualified,2025-04-23T20:34:00,67
LED002143,Partner,,ฟิรยา แนวพนิช,0698902872,srobinson@example.com,PRD-WL03,EMP00499,Disqualified,2026-03-18T13:28:00,73
LED002144,Partner,CUS0001315,,0910258116,karen02@example.net,PRD-WL01,EMP00247,Disqualified,2025-05-04T07:11:00,5
LED002145,Branch Walk-in,CUS0002377,,0892086200,wallacechristina@example.com,PRD-WL03,EMP00453,Contacted,2025-05-02T04:10:00,74
LED002146,Web Form,,ราชัน คณานุรักษ์,0612310112,joyflowers@example.org,PRD-LN04,EMP00369,New,2025-04-12T02:37:00,67
LED002147,Cold Call,,ไวพจน์ บุณยะภาชน์,0891107670,joshua50@example.net,PRD-DG01,EMP00197,New,2025-04-29T05:26:00,42
LED002148,Cold Call,,ภูวรา ธนรักษ์,0835812402,bbuck@example.org,PRD-WL04,EMP00405,Converted,2025-02-06T04:03:00,22
LED002149,Cold Call,,ณัฐศักดิ์ เนื้อนุ่ม,0860966228,kelsey80@example.org,PRD-SAV01,EMP00341,Contacted,2026-03-28T13:56:00,26
LED002150,Campaign,,ปริญญา บุญญาไลย์,0694441406,markfernandez@example.com,PRD-WL02,EMP00238,Contacted,2026-01-08T21:59:00,95
LED002151,Cold Call,CUS0008789,,0696090567,qsims@example.net,PRD-SAV02,EMP00120,Qualified,2025-01-27T06:28:00,8
LED002152,Campaign,,มลิวรรณ ฉิมพาลี,0879678341,wileyrobert@example.com,PRD-FD03,EMP00007,Converted,2025-10-12T10:59:00,77
LED002153,Cold Call,,กองสิน เพียยา,0694120417,hallcatherine@example.com,PRD-SAV02,EMP00277,Disqualified,2025-05-18T23:49:00,7
LED002154,Campaign,,ซุกรี นาฏคายี,0629708830,johndavis@example.net,PRD-IN02,EMP00094,Disqualified,2025-04-06T01:54:00,89
LED002155,Web Form,,มะลีวัลย์ เขียวอ่อน,0825728283,qrose@example.com,PRD-WL03,EMP00133,Contacted,2025-08-29T04:05:00,4
LED002156,Cold Call,,หล้า ฉิมพาลี,0916716695,cdunn@example.org,PRD-DC01,EMP00433,Contacted,2025-11-21T00:56:00,50
LED002157,Web Form,CUS0001612,,0895916669,richard62@example.com,PRD-CC02,EMP00137,Disqualified,2025-04-09T13:56:00,44
LED002158,Web Form,CUS0008838,,0851598865,paula18@example.com,PRD-WL01,EMP00063,New,2025-03-30T06:52:00,63
LED002159,Cold Call,CUS0008635,,0897365009,ddelacruz@example.com,PRD-WL02,EMP00196,Converted,2026-04-20T07:04:00,94
LED002160,Branch Walk-in,CUS0003144,,0936451667,twood@example.org,PRD-WL04,EMP00341,New,2026-04-09T12:06:00,75
LED002161,Partner,,สุพัตรา ตระกูลไม้เรียง,0684675514,waynecalhoun@example.org,PRD-CC01,EMP00435,Disqualified,2025-06-23T03:24:00,82
LED002162,Web Form,,วิเชียร หอมพิกุล,0810774629,matthew09@example.net,PRD-LN02,EMP00423,Contacted,2025-05-15T12:54:00,13
LED002163,Partner,,สันติราษฎร์ ขันธุลา,0693482259,robertgibbs@example.com,PRD-FD02,EMP00148,Contacted,2026-01-04T22:57:00,100
LED002164,Cold Call,CUS0005366,,0860209720,stewartrobert@example.org,PRD-SAV02,EMP00173,Disqualified,2025-08-01T00:36:00,13
LED002165,Referral,CUS0008276,,0965779703,cwalters@example.net,PRD-LN03,EMP00072,Disqualified,2025-09-21T18:51:00,84
LED002166,Web Form,CUS0002231,,0937176215,julie24@example.net,PRD-WL03,EMP00191,Qualified,2025-04-24T08:52:00,26
LED002167,Partner,CUS0007404,,0881582990,christina19@example.net,PRD-WL03,EMP00122,Contacted,2025-02-07T07:36:00,92
LED002168,Referral,CUS0005995,,0623437771,bbaker@example.com,PRD-DG02,EMP00116,Converted,2026-04-12T03:16:00,24
LED002169,Campaign,,ฮานาฟี แจ้งสว่าง,0647424813,dakota07@example.org,PRD-SAV02,EMP00484,Qualified,2025-12-19T01:18:00,64
LED002170,Referral,CUS0004160,,0972240368,mbell@example.net,PRD-WL03,EMP00490,Disqualified,2025-07-09T22:32:00,9
LED002171,Branch Walk-in,,ณัฐธภรณ์ ทศโยธิน,0669505350,kroberts@example.com,PRD-SAV02,EMP00101,Contacted,2025-06-26T14:56:00,100
LED002172,Campaign,,ยศพงศ์ ถาวรรัตน,0940941444,tonyayates@example.net,PRD-WL02,EMP00023,New,2026-03-27T21:10:00,86
LED002173,Cold Call,CUS0007606,,0954634069,cameron59@example.com,PRD-WL04,EMP00224,Contacted,2025-12-14T18:55:00,51
LED002174,Cold Call,,วิสาร นามเสวตร,0923623079,lhaynes@example.com,PRD-DG02,EMP00189,Qualified,2025-07-26T18:49:00,34
LED002175,Web Form,,วัลยา พรรษาสกุล,0924651699,rachelmartin@example.org,PRD-FD03,EMP00028,Qualified,2025-10-08T16:26:00,23
LED002176,Branch Walk-in,CUS0000026,,0826469201,markbright@example.net,PRD-LN03,EMP00370,Qualified,2025-05-26T19:48:00,5
LED002177,Web Form,CUS0001414,,0625905051,mruiz@example.org,PRD-LN02,EMP00370,Disqualified,2025-12-29T21:23:00,75
LED002178,Cold Call,,สุพัตร ถนัดรักษา,0911503893,jacksonjessica@example.com,PRD-SAL01,EMP00192,New,2025-07-22T16:54:00,36
LED002179,Branch Walk-in,CUS0006548,,0964885809,shelly02@example.org,PRD-DC02,EMP00396,Contacted,2025-03-15T13:56:00,97
LED002180,Web Form,,เพ็ญยุภา เขียวขุ้ย,0822391986,stevensanthony@example.org,PRD-SAL01,EMP00190,New,2026-04-29T13:27:00,9
LED002181,Partner,,กุลดิลก ธรรมทินนา,0986850084,wheelerdebra@example.net,PRD-WL02,EMP00194,Converted,2026-03-25T04:10:00,91
LED002182,Branch Walk-in,CUS0000891,,0871149495,eric26@example.org,PRD-FD03,EMP00422,Disqualified,2025-12-04T17:02:00,6
LED002183,Web Form,CUS0004193,,0978518388,whitakertina@example.net,PRD-CC01,EMP00485,Disqualified,2025-02-13T00:45:00,87
LED002184,Cold Call,,มัตติกา ยะผา,0859577584,danielswilliam@example.com,PRD-DG02,EMP00110,New,2025-08-21T16:28:00,84
LED002185,Partner,CUS0009337,,0665528461,chambersjoseph@example.org,PRD-WL03,EMP00203,Qualified,2025-05-26T18:28:00,11
LED002186,Cold Call,CUS0004503,,0950899286,harrisdalton@example.com,PRD-IN01,EMP00487,Disqualified,2025-05-13T01:42:00,94
LED002187,Referral,CUS0005628,,0829311900,aaron96@example.net,PRD-LN02,EMP00083,Disqualified,2025-12-27T16:13:00,67
LED002188,Partner,CUS0002079,,0658317846,gmalone@example.com,PRD-CC01,EMP00454,Qualified,2025-07-17T06:02:00,63
LED002189,Web Form,CUS0007603,,0860564976,bryanwilliams@example.org,PRD-WL03,EMP00454,New,2025-02-02T15:29:00,73
LED002190,Branch Walk-in,CUS0002957,,0982073544,garyhendricks@example.net,PRD-LN04,EMP00180,Contacted,2025-04-29T06:09:00,19
LED002191,Campaign,CUS0000338,,0981244177,gbaker@example.org,PRD-SAL01,EMP00274,Disqualified,2025-04-28T13:21:00,79
LED002192,Referral,,สุปรานี ภูภักดี,0699139796,millsandrew@example.com,PRD-LN01,EMP00366,Disqualified,2026-01-09T11:56:00,18
LED002193,Web Form,,อัษฏา เพียยา,0611514525,christina96@example.net,PRD-CC03,EMP00189,New,2025-05-15T16:44:00,76
LED002194,Referral,CUS0003743,,0645284157,ymartinez@example.net,PRD-FD02,EMP00004,New,2026-01-07T16:37:00,39
LED002195,Cold Call,CUS0006261,,0636960063,keithdavis@example.com,PRD-CUR01,EMP00227,Contacted,2025-07-13T14:00:00,0
LED002196,Cold Call,CUS0001402,,0951309728,briansmith@example.com,PRD-DC01,EMP00062,Qualified,2026-02-07T22:13:00,8
LED002197,Cold Call,CUS0005902,,0637956765,curtis93@example.net,PRD-WL04,EMP00077,Converted,2025-04-16T05:18:00,2
LED002198,Web Form,,สโรชา ขันธุลา,0970200806,sandrawilliams@example.org,PRD-CC02,EMP00352,Qualified,2026-01-21T06:09:00,91
LED002199,Web Form,,สิราพร ถาวรายุศม์,0861849447,matthewgolden@example.com,PRD-CC04,EMP00440,Contacted,2025-01-22T05:50:00,79
LED002200,Partner,CUS0008022,,0891612349,sharpdaniel@example.net,PRD-DG02,EMP00084,Converted,2025-12-11T08:48:00,84
LED002201,Cold Call,,สรายุทธ ตันเผ่า,0916299103,robertandrews@example.com,PRD-FD03,EMP00030,Qualified,2025-10-26T23:13:00,83
LED002202,Referral,,เฉลิมรัฐ ดาบเงิน,0890840557,cjames@example.org,PRD-FD03,EMP00349,Converted,2025-02-26T07:28:00,22
LED002203,Campaign,CUS0002473,,0866976619,pgreen@example.net,PRD-WL02,EMP00183,New,2025-06-13T16:06:00,57
LED002204,Referral,CUS0009951,,0877391084,mullinslisa@example.org,PRD-DC02,EMP00240,Qualified,2025-10-25T04:30:00,30
LED002205,Referral,CUS0000249,,0885218053,jameswilliams@example.net,PRD-LN04,EMP00336,Disqualified,2025-12-29T13:07:00,52
LED002206,Campaign,,นภัสรินทร์ บุญศล,0823744877,jorge30@example.com,PRD-WL04,EMP00497,Qualified,2025-07-03T12:53:00,23
LED002207,Branch Walk-in,CUS0008573,,0957934783,laurasandoval@example.net,PRD-FD01,EMP00280,Converted,2025-10-01T23:14:00,74
LED002208,Web Form,CUS0003491,,0639544696,fjenkins@example.org,PRD-WL04,EMP00112,Converted,2025-01-26T12:44:00,39
LED002209,Branch Walk-in,CUS0008589,,0816000723,millersarah@example.net,PRD-DG01,EMP00430,Contacted,2026-02-27T05:05:00,21
LED002210,Web Form,CUS0009368,,0636327904,moodytammy@example.org,PRD-CUR01,EMP00233,Qualified,2025-07-04T22:31:00,17
LED002211,Campaign,CUS0004066,,0924630675,lauriefuentes@example.com,PRD-CC02,EMP00345,Qualified,2025-05-29T00:17:00,99
LED002212,Web Form,,พันเกล้า ถุงเงิน,0861279953,huertascott@example.net,PRD-CUR01,EMP00487,Disqualified,2025-09-10T12:51:00,14
LED002213,Partner,CUS0000111,,0865238853,robert02@example.org,PRD-FD01,EMP00231,Converted,2025-03-20T06:37:00,71
LED002214,Cold Call,,วีระโชติ เช้าวันดี,0970202242,daniel75@example.com,PRD-LN01,EMP00031,New,2025-08-24T09:41:00,54
LED002215,Referral,,วีร์สุดา ไทยสุชาต,0643093501,alexis25@example.com,PRD-FD02,EMP00413,Converted,2025-02-01T08:30:00,8
LED002216,Branch Walk-in,CUS0002635,,0643764167,angela09@example.com,PRD-SAV01,EMP00077,Qualified,2025-04-25T22:39:00,38
LED002217,Partner,CUS0003685,,0956503447,briannasmith@example.com,PRD-LN01,EMP00105,Contacted,2025-10-02T01:03:00,60
LED002218,Partner,CUS0008998,,0859531894,kingcheryl@example.com,PRD-WL01,EMP00032,Disqualified,2025-03-15T05:37:00,96
LED002219,Campaign,CUS0000233,,0688400499,bdean@example.org,PRD-SAV02,EMP00241,New,2025-08-21T01:34:00,1
LED002220,Campaign,,เสรี เดชคุ้ม,0625300139,mccannjill@example.org,PRD-LN02,EMP00318,Converted,2025-06-24T21:41:00,32
LED002221,Partner,,เมษา นักรบ,0840599892,lindsey41@example.org,PRD-LN02,EMP00270,Converted,2025-08-11T16:26:00,100
LED002222,Branch Walk-in,,ธมน ดาบเพ็ชร์,0676560601,robinroth@example.org,PRD-WL03,EMP00367,New,2025-05-11T13:19:00,63
LED002223,Referral,CUS0007597,,0991365622,annedavis@example.org,PRD-SAL01,EMP00039,Qualified,2025-04-30T20:59:00,42
LED002224,Partner,CUS0007550,,0982286578,jason56@example.org,PRD-IN02,EMP00293,Contacted,2026-02-06T15:16:00,84
LED002225,Campaign,CUS0002985,,0934326469,ian63@example.com,PRD-SAV01,EMP00405,Qualified,2026-04-29T09:57:00,94
LED002226,Cold Call,,เพทาย ดาวกระจาย,0689043152,broberts@example.com,PRD-FD02,EMP00180,Contacted,2025-11-25T15:00:00,82
LED002227,Cold Call,,ภควัฒน์ ติณรัตน์,0886230047,bmarks@example.com,PRD-CC04,EMP00330,Contacted,2026-01-06T11:13:00,32
LED002228,Campaign,CUS0002782,,0917196130,jacob74@example.com,PRD-CC04,EMP00205,Contacted,2026-02-18T13:41:00,25
LED002229,Web Form,CUS0001831,,0998211023,susankennedy@example.com,PRD-SAL01,EMP00054,New,2025-06-17T06:25:00,56
LED002230,Referral,CUS0008856,,0822101460,billyboyle@example.com,PRD-FD01,EMP00379,New,2025-09-06T21:59:00,38
LED002231,Campaign,,กุลเชษฐ ไตรบรรพ,0915625175,thomas87@example.net,PRD-WL03,EMP00094,Disqualified,2025-07-06T20:41:00,66
LED002232,Referral,CUS0005554,,0969093072,dennistran@example.net,PRD-LN04,EMP00467,Qualified,2025-06-05T16:36:00,26
LED002233,Web Form,,ดารุนี ไชยภา,0649004531,tlawson@example.net,PRD-CUR01,EMP00094,Qualified,2026-01-30T18:28:00,66
LED002234,Web Form,,สราญจิตต์ บุตราช,0920215859,ylopez@example.org,PRD-SAV02,EMP00107,New,2025-02-16T15:21:00,95
LED002235,Referral,CUS0001475,,0934964536,roger77@example.com,PRD-FD02,EMP00490,Disqualified,2026-01-11T17:44:00,11
LED002236,Web Form,,เถลิงยศ แท่นทอง,0993775970,andrew70@example.net,PRD-WL02,EMP00381,Qualified,2025-07-23T07:14:00,92
LED002237,Cold Call,CUS0003828,,0866812694,hoffmankyle@example.com,PRD-CUR01,EMP00126,Contacted,2026-02-19T06:22:00,21
LED002238,Referral,CUS0000480,,0957127508,matthewlivingston@example.net,PRD-FD01,EMP00199,Qualified,2026-01-02T21:18:00,46
LED002239,Campaign,CUS0000446,,0699600330,ahoffman@example.org,PRD-LN03,EMP00025,Qualified,2025-12-03T16:59:00,57
LED002240,Branch Walk-in,,พิชญ์สินี ถนัดกลึง,0932066225,christopher98@example.org,PRD-WL04,EMP00127,New,2026-02-01T16:28:00,72
LED002241,Web Form,,เฉลิมรัตน์ พรมอ่อน,0840551260,mguerra@example.org,PRD-DC02,EMP00429,Disqualified,2025-08-29T01:04:00,64
LED002242,Cold Call,CUS0009181,,0612219698,sonyawilliams@example.net,PRD-LN01,EMP00458,Disqualified,2025-02-12T08:06:00,27
LED002243,Branch Walk-in,,พรชีวิน ชุมวระ,0637441620,david02@example.net,PRD-WL03,EMP00494,New,2025-10-17T12:27:00,44
LED002244,Branch Walk-in,,ยุศรอน ถะเกิงชศ,0894261052,mkaiser@example.net,PRD-SAV02,EMP00134,Contacted,2025-01-17T02:38:00,68
LED002245,Partner,CUS0007264,,0640164495,nathanharris@example.org,PRD-LN04,EMP00207,New,2025-05-29T10:42:00,68
LED002246,Cold Call,CUS0003587,,0897103381,emma14@example.com,PRD-CC01,EMP00035,Disqualified,2025-06-16T18:50:00,67
LED002247,Branch Walk-in,CUS0008967,,0919953665,michelle83@example.com,PRD-DG02,EMP00477,Qualified,2025-05-13T13:56:00,28
LED002248,Cold Call,CUS0007857,,0654882789,krobertson@example.net,PRD-LN02,EMP00370,Disqualified,2025-07-25T09:14:00,72
LED002249,Referral,,ปิยะชาติ ถนอมมนุษย์,0822661749,ltorres@example.com,PRD-DG01,EMP00336,Converted,2025-03-26T08:33:00,11
LED002250,Web Form,CUS0002386,,0611561825,sherry71@example.com,PRD-LN01,EMP00368,Disqualified,2026-01-20T21:52:00,92
LED002251,Cold Call,,ณิชนันท์ ทันยุค,0676480259,kayleeriley@example.net,PRD-IN02,EMP00100,Disqualified,2025-08-26T16:34:00,75
LED002252,Campaign,,วิรศักดิ์ ถนัดรักษา,0973766675,nburch@example.org,PRD-LN03,EMP00399,Disqualified,2025-11-11T21:05:00,2
LED002253,Web Form,CUS0002845,,0695296879,tammymedina@example.com,PRD-CC01,EMP00296,Disqualified,2026-01-17T21:19:00,97
LED002254,Campaign,,ใกล้รุ่ง ไทไชโย,0975287184,dominiquewong@example.net,PRD-CC03,EMP00181,Contacted,2025-11-19T12:10:00,70
LED002255,Branch Walk-in,,ภูวิช นาฏคายี,0856207690,craig79@example.com,PRD-DG01,EMP00384,New,2025-09-24T10:16:00,59
LED002256,Cold Call,CUS0007237,,0644011305,walkerebony@example.com,PRD-CC04,EMP00069,New,2025-11-14T17:54:00,75
LED002257,Cold Call,CUS0009315,,0928628707,williamhammond@example.net,PRD-SAL01,EMP00386,Disqualified,2025-08-03T04:29:00,44
LED002258,Branch Walk-in,,โกวิทย์ ถนัดพิมพการ,0692412016,timothyhenderson@example.com,PRD-FD03,EMP00396,Qualified,2025-10-21T17:14:00,66
LED002259,Branch Walk-in,,ชัฎชา แท่นทอง,0888590062,kevinrice@example.com,PRD-DG01,EMP00397,Disqualified,2025-11-30T14:45:00,2
LED002260,Referral,,โชติวุฒิ ธูปหอม,0916917820,peterstewart@example.com,PRD-WL01,EMP00309,Contacted,2026-03-06T08:45:00,67
LED002261,Branch Walk-in,CUS0009382,,0639156615,justin31@example.org,PRD-DG02,EMP00443,Disqualified,2026-03-21T16:54:00,22
LED002262,Campaign,,ผกาทิพย์ ยางสวย,0697709924,derek07@example.net,PRD-DG02,EMP00438,Converted,2025-07-03T10:03:00,80
LED002263,Cold Call,CUS0000473,,0899401976,michellepatterson@example.net,PRD-SAV02,EMP00322,Disqualified,2025-04-12T08:32:00,26
LED002264,Branch Walk-in,,ชนิศา โพธิสัตย์,0628129473,robbinsjulie@example.org,PRD-SAV02,EMP00227,Converted,2025-11-22T13:49:00,80
LED002265,Web Form,CUS0000698,,0864558774,robert31@example.org,PRD-WL02,EMP00291,Disqualified,2025-01-15T08:00:00,13
LED002266,Web Form,CUS0003436,,0921297084,qsmith@example.org,PRD-CC03,EMP00208,Disqualified,2026-03-02T19:13:00,92
LED002267,Branch Walk-in,CUS0005238,,0885876508,qmendez@example.net,PRD-SAV01,EMP00290,Qualified,2026-01-22T20:42:00,0
LED002268,Web Form,,มนรัตน์ ทำประดู่,0619899789,ewolfe@example.net,PRD-DC02,EMP00009,Converted,2026-01-16T20:25:00,47
LED002269,Cold Call,,ซูไรดา นักรบ,0698603569,pamelarodriguez@example.net,PRD-CC04,EMP00267,Qualified,2025-02-22T16:41:00,53
LED002270,Campaign,,เขียว ถนัดรบ,0826040293,aguirretroy@example.com,PRD-SAV01,EMP00282,Converted,2025-06-28T19:47:00,57
LED002271,Cold Call,,วิทูลย์ ทองปากน้ำ,0621934239,shawlarry@example.org,PRD-CC04,EMP00250,Disqualified,2025-01-31T04:09:00,55
LED002272,Branch Walk-in,CUS0001795,,0997118439,melanie94@example.org,PRD-CC04,EMP00251,Disqualified,2025-09-10T09:26:00,38
LED002273,Referral,,จิราภรณ์ นักรบ,0644050517,ygutierrez@example.org,PRD-SAV02,EMP00114,New,2025-01-11T04:58:00,9
LED002274,Web Form,CUS0000383,,0942006384,spearsnicole@example.org,PRD-WL01,EMP00435,Contacted,2025-10-19T08:02:00,17
LED002275,Campaign,CUS0007335,,0931681578,jennifer54@example.com,PRD-CUR01,EMP00217,Contacted,2025-07-28T11:12:00,3
LED002276,Campaign,,ผดุงพล นรวิทย์โชติกุล,0659005654,michael96@example.org,PRD-SAL01,EMP00086,New,2025-10-09T21:04:00,53
LED002277,Partner,CUS0009577,,0699489501,nicole75@example.com,PRD-SAV01,EMP00441,Disqualified,2026-02-09T02:00:00,7
LED002278,Partner,CUS0007081,,0837383331,randy36@example.com,PRD-WL03,EMP00134,Converted,2025-12-29T11:07:00,0
LED002279,Cold Call,CUS0000223,,0985426871,garnerjacob@example.org,PRD-IN01,EMP00288,Converted,2025-04-01T09:05:00,32
LED002280,Partner,CUS0008575,,0679811373,laura75@example.org,PRD-SAV01,EMP00470,Contacted,2026-02-22T01:59:00,79
LED002281,Campaign,CUS0007051,,0820182717,marywilson@example.org,PRD-SAV02,EMP00325,Qualified,2026-02-08T07:15:00,12
LED002282,Partner,,ใกล้รุ่ง ประจันตะเสน,0624673106,brittneyschwartz@example.org,PRD-DC01,EMP00232,Contacted,2025-07-01T19:15:00,29
LED002283,Cold Call,,แปลง ทองเนื้อดี,0887339882,clarkjohn@example.com,PRD-FD01,EMP00458,Qualified,2025-01-31T09:40:00,32
LED002284,Cold Call,,เกษมชัย นฤภัย,0826106374,brendaanderson@example.org,PRD-WL02,EMP00145,Converted,2025-05-29T07:12:00,14
LED002285,Web Form,,นิชนันท์ ถนัดเดินข่าว,0674525779,kristenmcdowell@example.com,PRD-CC04,EMP00316,New,2025-03-20T11:46:00,83
LED002286,Campaign,,ยศวัฒน์ ตันยา,0679349911,russell57@example.com,PRD-LN02,EMP00186,Disqualified,2025-04-13T20:18:00,62
LED002287,Referral,,พิศพรรณ ไตรบรรพ,0625213538,vmora@example.org,PRD-WL03,EMP00388,Converted,2025-06-16T07:43:00,66
LED002288,Partner,,บุญเกิด ถาวระวรณ์,0680988824,susan63@example.com,PRD-WL03,EMP00163,Converted,2025-05-04T18:23:00,1
LED002289,Web Form,CUS0005843,,0611737666,melissafaulkner@example.com,PRD-WL02,EMP00174,Qualified,2025-04-26T03:29:00,92
LED002290,Campaign,CUS0000059,,0811118336,mendozasamantha@example.net,PRD-SAL01,EMP00168,Disqualified,2026-02-13T08:39:00,22
LED002291,Web Form,CUS0002119,,0932893245,wardrichard@example.net,PRD-LN02,EMP00083,New,2026-04-13T16:23:00,16
LED002292,Web Form,,นันทวุฒิ นุตตาร,0817113681,johnsonrick@example.com,PRD-SAV02,EMP00182,New,2026-04-12T17:06:00,20
LED002293,Campaign,CUS0003206,,0946466898,renee01@example.net,PRD-SAL01,EMP00234,New,2026-01-22T18:12:00,34
LED002294,Web Form,CUS0003304,,0659109923,rachel77@example.net,PRD-WL04,EMP00056,Disqualified,2025-07-01T08:02:00,71
LED002295,Cold Call,,พรเบญญา ติณรัตน์,0614268134,shermankrystal@example.org,PRD-DC02,EMP00494,Contacted,2026-02-14T01:51:00,98
LED002296,Partner,CUS0001551,,0945816156,matthewsmarie@example.net,PRD-WL04,EMP00034,Converted,2025-02-12T01:08:00,23
LED002297,Campaign,CUS0000954,,0982644390,stephanie99@example.com,PRD-CC03,EMP00172,New,2025-03-26T10:09:00,60
LED002298,Branch Walk-in,,อัญธิกา วาทา,0919260752,pburke@example.net,PRD-CC04,EMP00352,Qualified,2025-01-09T02:47:00,97
LED002299,Referral,,นวรรษนันท์ ตวงทอง,0874002768,leekathleen@example.org,PRD-CC02,EMP00170,Disqualified,2025-01-30T23:36:00,39
LED002300,Branch Walk-in,,จุฑารัตน์ ตั้งกุลงาม,0632267092,stuarthernandez@example.com,PRD-WL01,EMP00361,Disqualified,2025-09-04T09:03:00,11
LED002301,Web Form,,นิรุตต์ บุตราช,0642524445,mclaughlincatherine@example.net,PRD-IN01,EMP00395,Converted,2026-01-14T14:23:00,85
LED002302,Referral,,อริสรา สงประเสริฐ,0841221434,phamcrystal@example.com,PRD-FD02,EMP00258,Qualified,2025-02-06T13:10:00,18
LED002303,Web Form,,นันทวุฒิ ถนัดกลึง,0987053216,wattsjacqueline@example.net,PRD-SAV02,EMP00473,Qualified,2025-10-07T22:52:00,77
LED002304,Cold Call,CUS0007723,,0639358140,donald70@example.com,PRD-IN01,EMP00057,Contacted,2025-01-29T16:25:00,58
LED002305,Referral,CUS0004752,,0998847291,andreasimmons@example.org,PRD-LN02,EMP00045,Disqualified,2025-04-24T08:14:00,35
LED002306,Partner,,อับดุลเลาะห์ ขำเอนก,0926194470,mleon@example.com,PRD-DG02,EMP00191,Contacted,2025-11-25T08:25:00,71
LED002307,Referral,,รอกีเย๊าะ ทุมะบุตร์,0885548423,tinabarry@example.com,PRD-SAL01,EMP00141,Contacted,2026-02-19T08:20:00,29
LED002308,Partner,,พิมพ์สุดา ตระกูลไม้เรียง,0920628603,gardnernicole@example.net,PRD-SAV01,EMP00429,Disqualified,2025-03-10T02:12:00,70
LED002309,Branch Walk-in,,วีร์สุดา ทวนไชย์,0648657697,tanyaparrish@example.com,PRD-LN03,EMP00120,New,2026-04-17T19:30:00,58
LED002310,Cold Call,CUS0009265,,0637486599,smitherik@example.org,PRD-FD03,EMP00321,Qualified,2026-01-31T03:25:00,8
LED002311,Web Form,,กุลภาวลัย ศรทอง,0823088993,qgreen@example.com,PRD-WL01,EMP00236,Qualified,2025-02-13T17:55:00,67
LED002312,Web Form,CUS0007279,,0658732153,michaelajohnson@example.com,PRD-LN02,EMP00494,Contacted,2025-09-14T15:54:00,4
LED002313,Cold Call,CUS0008690,,0810626406,estradalisa@example.com,PRD-LN03,EMP00306,Converted,2025-09-30T16:35:00,0
LED002314,Branch Walk-in,,เมทนี วาทา,0658626502,brianna85@example.org,PRD-LN02,EMP00258,Disqualified,2025-03-10T23:29:00,40
LED002315,Referral,,ศรีสวัสดิ์ ถนัดหัตถกรรม,0683561732,patricia69@example.org,PRD-CC01,EMP00271,Qualified,2025-09-20T07:49:00,20
LED002316,Campaign,,บุญเทียน บุญญาไลย์,0854446264,natasha92@example.org,PRD-IN02,EMP00391,New,2025-12-09T10:19:00,69
LED002317,Branch Walk-in,,ญาณพันธุ์ บินดี,0915020892,barnesmolly@example.org,PRD-DC01,EMP00151,Contacted,2025-12-14T14:21:00,30
LED002318,Cold Call,,คำมั่น ไตรบรรพ,0672923113,csmith@example.org,PRD-CC01,EMP00088,Converted,2025-09-17T00:56:00,90
LED002319,Campaign,,เขียว นามขำ,0657567730,pfrancis@example.org,PRD-WL04,EMP00053,Disqualified,2025-01-20T03:21:00,63
LED002320,Campaign,CUS0006606,,0834855132,wagnermelissa@example.net,PRD-LN03,EMP00374,Qualified,2026-04-16T09:07:00,0
LED002321,Web Form,CUS0000763,,0841146871,barrettkathleen@example.org,PRD-LN03,EMP00471,Qualified,2025-08-12T23:32:00,25
LED002322,Branch Walk-in,CUS0001327,,0626655170,yumary@example.net,PRD-CC03,EMP00327,Disqualified,2025-01-17T11:05:00,95
LED002323,Referral,CUS0007857,,0918556061,victoriacampbell@example.net,PRD-SAL01,EMP00372,Converted,2025-03-10T01:09:00,73
LED002324,Referral,CUS0005606,,0932862787,ujames@example.com,PRD-DG01,EMP00296,Disqualified,2026-02-19T04:25:00,25
LED002325,Branch Walk-in,,ไวพจน์ ทองอยู่,0998352392,znelson@example.net,PRD-SAV02,EMP00304,Disqualified,2025-04-01T06:20:00,71
LED002326,Campaign,CUS0005609,,0972041097,griffingilbert@example.net,PRD-WL03,EMP00490,Contacted,2025-03-03T21:42:00,83
LED002327,Partner,CUS0006090,,0640418488,robertprice@example.org,PRD-LN01,EMP00091,Converted,2025-09-06T01:02:00,81
LED002328,Campaign,CUS0000590,,0837622831,smithbrandon@example.net,PRD-WL02,EMP00323,Disqualified,2025-05-04T12:08:00,79
LED002329,Partner,CUS0000377,,0679151811,nicole33@example.org,PRD-CC03,EMP00374,New,2025-02-09T04:48:00,92
LED002330,Cold Call,CUS0009014,,0927763527,mcgeemichael@example.org,PRD-WL02,EMP00158,Converted,2025-07-22T00:23:00,96
LED002331,Partner,,ปภาวรินทร์ ฉิมพาลี,0993415960,lhernandez@example.org,PRD-DG01,EMP00117,Contacted,2025-04-01T12:25:00,55
LED002332,Branch Walk-in,CUS0008864,,0974838353,eholland@example.org,PRD-WL03,EMP00015,New,2025-03-25T12:53:00,53
LED002333,Campaign,,ธนวันต์ เลิศกิ่ง,0628552303,usmith@example.net,PRD-DG02,EMP00247,Contacted,2025-06-13T14:02:00,79
LED002334,Referral,CUS0006269,,0939687598,johnmiller@example.net,PRD-WL01,EMP00161,Contacted,2025-04-06T19:03:00,66
LED002335,Web Form,CUS0000005,,0645580449,david31@example.org,PRD-WL03,EMP00288,Disqualified,2026-04-06T06:00:00,50
LED002336,Partner,CUS0008768,,0875912370,mmiller@example.com,PRD-SAV02,EMP00488,New,2025-05-27T02:41:00,87
LED002337,Referral,CUS0007805,,0877004995,englishwilliam@example.net,PRD-WL01,EMP00218,Converted,2025-08-23T08:03:00,99
LED002338,Campaign,CUS0006845,,0683473869,bleblanc@example.org,PRD-DG01,EMP00330,Disqualified,2026-04-03T20:14:00,79
LED002339,Referral,CUS0004961,,0949306450,amullins@example.org,PRD-FD02,EMP00253,Disqualified,2025-09-20T11:04:00,94
LED002340,Cold Call,CUS0004113,,0635642433,kaitlynboone@example.org,PRD-CC03,EMP00044,New,2026-03-04T00:25:00,97
LED002341,Cold Call,CUS0000411,,0845101532,hogangabriella@example.org,PRD-WL01,EMP00348,Disqualified,2025-08-15T21:54:00,81
LED002342,Campaign,,เทียมศักดิ์ เขียวอ่อน,0632856892,chowell@example.com,PRD-CC02,EMP00354,Converted,2026-01-05T20:00:00,76
LED002343,Referral,CUS0006125,,0875136488,chunt@example.com,PRD-CC01,EMP00206,Disqualified,2025-05-08T17:02:00,12
LED002344,Campaign,,สิริลัดดา ศรทอง,0889981418,heathertownsend@example.net,PRD-IN02,EMP00205,Disqualified,2026-02-13T14:10:00,41
LED002345,Partner,CUS0006917,,0634681083,jasonsanchez@example.net,PRD-SAV02,EMP00243,New,2025-02-05T17:23:00,89
LED002346,Web Form,CUS0006227,,0623924573,christinahughes@example.net,PRD-IN02,EMP00227,Qualified,2025-02-26T09:24:00,46
LED002347,Web Form,,วิสาร ขันธุลา,0995214971,troymartin@example.org,PRD-CC04,EMP00146,New,2026-03-11T01:26:00,39
LED002348,Campaign,CUS0004867,,0983253735,yrobinson@example.org,PRD-WL04,EMP00141,Qualified,2025-03-09T19:25:00,47
LED002349,Referral,,เพทาย เนื่องนนท์,0866197520,kayla09@example.com,PRD-FD01,EMP00072,Contacted,2026-02-24T08:15:00,54
LED002350,Campaign,CUS0002143,,0838923988,browntyrone@example.net,PRD-LN01,EMP00177,Converted,2025-01-08T01:54:00,82
LED002351,Branch Walk-in,CUS0004364,,0981800634,velezrhonda@example.net,PRD-DC02,EMP00139,New,2026-02-10T19:41:00,20
LED002352,Partner,,สรรเพชญ์ ธรรมนิยม,0973937345,amy52@example.com,PRD-DC01,EMP00364,New,2025-03-17T08:59:00,78
LED002353,Campaign,,สายสุรีย์ แก้วอยู่,0882838857,amartin@example.org,PRD-CC02,EMP00251,Contacted,2026-01-28T23:02:00,85
LED002354,Branch Walk-in,,อรุณี แหยมศิริ,0985378959,matthewdavis@example.com,PRD-CC02,EMP00167,Disqualified,2025-11-15T10:26:00,21
LED002355,Partner,CUS0006896,,0974499224,vanessasmith@example.net,PRD-IN01,EMP00196,New,2026-01-09T01:00:00,53
LED002356,Campaign,CUS0008080,,0816962364,brian72@example.com,PRD-WL04,EMP00068,New,2025-09-22T07:10:00,72
LED002357,Web Form,CUS0007065,,0926528330,hbrown@example.com,PRD-CC02,EMP00070,Contacted,2025-09-04T22:53:00,38
LED002358,Web Form,CUS0001529,,0969985659,iwest@example.org,PRD-SAV01,EMP00092,Converted,2025-04-03T02:09:00,75
LED002359,Partner,CUS0007956,,0984919242,kevinmorton@example.org,PRD-DG01,EMP00175,Converted,2025-06-30T01:35:00,63
LED002360,Branch Walk-in,CUS0004850,,0659668478,crubio@example.com,PRD-CC01,EMP00318,Qualified,2025-11-29T01:40:00,70
LED002361,Referral,CUS0005148,,0975706977,gmason@example.org,PRD-IN02,EMP00408,Converted,2025-02-17T09:55:00,38
LED002362,Branch Walk-in,CUS0002806,,0934929177,martinezkayla@example.net,PRD-WL02,EMP00112,Converted,2026-01-11T10:01:00,63
LED002363,Web Form,,ณิชเชฏฐ์ ตระกูลบุญ,0834994042,cvaughn@example.net,PRD-FD03,EMP00038,New,2025-10-29T10:38:00,93
LED002364,Partner,,สีหราช ถนัดกลึง,0868574215,tlynn@example.net,PRD-DG01,EMP00295,New,2025-04-15T09:15:00,52
LED002365,Campaign,CUS0009246,,0919009109,thomasmonique@example.com,PRD-WL02,EMP00054,Contacted,2025-06-24T07:14:00,83
LED002366,Branch Walk-in,CUS0001855,,0856544640,russell12@example.com,PRD-LN03,EMP00265,Converted,2026-02-15T14:32:00,100
LED002367,Web Form,,อำพร สงประเสริฐ,0920783631,jose95@example.com,PRD-CC04,EMP00156,Qualified,2026-04-02T03:47:00,8
LED002368,Branch Walk-in,,สุรนีย์ ธูปหอม,0682109723,rebecca88@example.org,PRD-CUR01,EMP00078,Disqualified,2025-07-27T17:56:00,42
LED002369,Cold Call,CUS0003961,,0681344972,william96@example.com,PRD-CC02,EMP00017,Disqualified,2025-02-04T09:50:00,56
LED002370,Web Form,,ธราวิทญ์ อุ่นอก,0642991165,zbradley@example.org,PRD-SAL01,EMP00052,Contacted,2026-02-09T07:43:00,91
LED002371,Web Form,CUS0000815,,0987535435,awalton@example.com,PRD-LN03,EMP00188,New,2025-02-22T08:35:00,45
LED002372,Cold Call,,อนิวัฒน์ นิยมสำหรวจ,0634811362,jeremysmith@example.com,PRD-FD02,EMP00280,Disqualified,2025-09-21T16:29:00,86
LED002373,Cold Call,CUS0009051,,0913023990,smithcassandra@example.net,PRD-DC02,EMP00335,Qualified,2025-09-27T08:45:00,46
LED002374,Cold Call,CUS0003081,,0971313712,richard29@example.org,PRD-DG02,EMP00348,Contacted,2026-03-25T00:57:00,40
LED002375,Partner,,นัฐพล นุ่มกัน,0610838755,reedryan@example.com,PRD-DC02,EMP00356,Qualified,2025-07-03T05:10:00,78
LED002376,Referral,CUS0004884,,0834402688,christopher41@example.com,PRD-WL03,EMP00207,Contacted,2026-03-15T20:41:00,55
LED002377,Web Form,,ศิรินันท์ ถ้วนศรี,0658123608,cmorris@example.com,PRD-DG01,EMP00351,New,2025-02-25T11:34:00,95
LED002378,Web Form,CUS0007799,,0951069149,james25@example.com,PRD-WL03,EMP00464,New,2026-03-15T04:08:00,17
LED002379,Partner,,เพทาย เนตร์มณี,0854854385,douglashaney@example.net,PRD-DG01,EMP00303,New,2025-08-10T10:50:00,54
LED002380,Referral,CUS0006315,,0985929029,reneerodriguez@example.com,PRD-CUR01,EMP00293,Disqualified,2025-07-05T21:15:00,32
LED002381,Branch Walk-in,,อเนชา นิลเสนา,0699942695,tiffany81@example.org,PRD-CC04,EMP00331,Disqualified,2025-09-04T17:35:00,28
LED002382,Partner,CUS0008262,,0653282752,elizabethturner@example.org,PRD-FD03,EMP00242,New,2025-09-08T12:47:00,74
LED002383,Referral,CUS0002783,,0944828226,judymarshall@example.com,PRD-WL01,EMP00376,Disqualified,2025-10-20T12:15:00,8
LED002384,Web Form,CUS0007507,,0983342842,thomasdanielle@example.com,PRD-FD01,EMP00372,Converted,2026-03-11T18:19:00,29
LED002385,Partner,CUS0001816,,0919526526,melaniearias@example.com,PRD-IN02,EMP00321,Contacted,2025-03-03T17:42:00,51
LED002386,Partner,CUS0009167,,0964024280,derekrobinson@example.org,PRD-FD03,EMP00072,New,2025-10-22T01:01:00,49
LED002387,Partner,CUS0002420,,0666234227,hthomas@example.com,PRD-DG01,EMP00183,Qualified,2026-01-01T10:56:00,41
LED002388,Web Form,,วันฉัตร ประจันตะเสน,0842479779,skim@example.net,PRD-LN02,EMP00065,Contacted,2026-02-03T05:38:00,51
LED002389,Referral,CUS0002181,,0999989458,fadams@example.com,PRD-CC01,EMP00121,New,2026-03-25T19:49:00,48
LED002390,Web Form,,จีรยุทธ ปรีชากุลเศรษฐ์,0960164856,hernandezcurtis@example.net,PRD-FD01,EMP00007,Contacted,2026-01-11T04:58:00,82
LED002391,Campaign,CUS0004310,,0819641250,qpeterson@example.com,PRD-CC04,EMP00476,New,2026-04-26T02:51:00,7
LED002392,Branch Walk-in,CUS0008600,,0829162693,kristen30@example.org,PRD-SAV02,EMP00336,New,2025-05-02T22:14:00,39
LED002393,Branch Walk-in,CUS0000553,,0644853736,johnsonluis@example.net,PRD-DC02,EMP00244,Converted,2025-11-28T14:57:00,25
LED002394,Web Form,,โสภณิตา ไสยกิจ,0832367624,chelsea73@example.net,PRD-CC01,EMP00427,Contacted,2026-03-11T21:58:00,14
LED002395,Referral,CUS0008207,,0699016468,hhansen@example.net,PRD-SAV02,EMP00035,Converted,2025-10-01T00:53:00,59
LED002396,Campaign,CUS0009708,,0920108725,natalie31@example.org,PRD-SAL01,EMP00308,Disqualified,2025-08-30T19:54:00,22
LED002397,Cold Call,,สุไฮลัน งามพิเชษฐ์,0635524982,daniellittle@example.net,PRD-FD03,EMP00379,New,2025-08-11T19:57:00,47
LED002398,Web Form,CUS0003501,,0857454704,akelly@example.com,PRD-WL04,EMP00066,Qualified,2026-01-12T02:02:00,1
LED002399,Partner,,ภูวิช ทรัพย์ธำรงค์,0680011132,glennelizabeth@example.com,PRD-DG02,EMP00484,Contacted,2025-02-16T01:34:00,56
LED002400,Referral,,สมมล นกทอง,0651390389,timothyharvey@example.net,PRD-WL02,EMP00120,Converted,2025-10-14T23:46:00,5
LED002401,Cold Call,,บุญเกิด บัวเผื่อน,0629797987,fjohnston@example.net,PRD-LN03,EMP00457,Contacted,2025-12-31T16:36:00,22
LED002402,Web Form,CUS0002220,,0999085828,imack@example.org,PRD-WL03,EMP00426,Converted,2025-10-06T16:23:00,52
LED002403,Web Form,,อำพร ทวนไชย์,0895768546,yhines@example.com,PRD-SAV02,EMP00065,Contacted,2025-11-30T18:54:00,85
LED002404,Cold Call,CUS0006458,,0895639487,cjohnson@example.com,PRD-SAV02,EMP00133,Disqualified,2025-06-28T07:56:00,12
LED002405,Web Form,CUS0006336,,0684792282,kimberlyhernandez@example.com,PRD-CC03,EMP00469,Contacted,2025-01-04T04:14:00,17
LED002406,Branch Walk-in,CUS0004495,,0874650301,angela16@example.com,PRD-LN03,EMP00118,Contacted,2025-01-25T18:16:00,100
LED002407,Cold Call,CUS0001755,,0954693231,dmoses@example.com,PRD-DC01,EMP00482,Qualified,2025-03-20T23:29:00,92
LED002408,Web Form,,พรชีวิน ตั้งเผ่า,0962202656,luis65@example.org,PRD-WL02,EMP00469,Disqualified,2026-02-28T17:31:00,17
LED002409,Campaign,,นาทภูวพัฒน์ ยาปะโลหิต,0854142363,meghan76@example.net,PRD-SAL01,EMP00428,Converted,2025-05-20T06:46:00,77
LED002410,Web Form,CUS0002184,,0857858648,kowens@example.org,PRD-CC02,EMP00004,New,2025-01-12T07:28:00,35
LED002411,Cold Call,CUS0000860,,0812195916,katherinesteele@example.org,PRD-WL04,EMP00393,Disqualified,2025-09-28T11:43:00,53
LED002412,Web Form,CUS0006305,,0643200003,farrellharold@example.net,PRD-WL03,EMP00090,Converted,2025-01-03T08:03:00,73
LED002413,Branch Walk-in,CUS0001574,,0972904957,walkerjennifer@example.com,PRD-FD03,EMP00211,Converted,2025-07-26T07:39:00,33
LED002414,Partner,CUS0003931,,0820677264,psmith@example.net,PRD-DG02,EMP00001,Converted,2025-10-06T13:23:00,28
LED002415,Web Form,CUS0008530,,0916954765,mfoster@example.net,PRD-LN03,EMP00207,Contacted,2025-03-04T22:55:00,52
LED002416,Web Form,CUS0008869,,0984682509,jerrytorres@example.com,PRD-WL02,EMP00149,Converted,2026-01-27T22:44:00,80
LED002417,Cold Call,,ปริญญา ถุงเงิน,0625789553,dadams@example.org,PRD-DC02,EMP00495,Disqualified,2026-04-21T21:30:00,82
LED002418,Web Form,,สันติราษฎร์ ทศโยธิน,0992011037,andrearaymond@example.org,PRD-DC01,EMP00192,Converted,2026-02-07T10:16:00,76
LED002419,Partner,CUS0005468,,0967804551,jose03@example.net,PRD-CC02,EMP00497,Qualified,2025-08-25T06:58:00,1
LED002420,Web Form,,สุมัชญา สาระพันธ์,0699766010,anna77@example.net,PRD-WL03,EMP00457,Contacted,2025-01-10T16:21:00,54
LED002421,Web Form,,วัลยา ธูปะวิโรจน์,0639065418,jackmorris@example.com,PRD-IN02,EMP00312,Qualified,2026-03-04T00:35:00,61
LED002422,Referral,CUS0000222,,0923780442,edwardsnathan@example.org,PRD-SAV02,EMP00001,New,2026-02-20T18:24:00,16
LED002423,Cold Call,CUS0001020,,0910383315,inichols@example.org,PRD-LN03,EMP00141,Converted,2026-02-24T08:29:00,70
LED002424,Web Form,CUS0008608,,0610189001,tanya32@example.com,PRD-CC04,EMP00233,Qualified,2026-02-01T00:04:00,32
LED002425,Web Form,CUS0001119,,0927657404,cohenpeter@example.net,PRD-FD02,EMP00449,New,2025-07-05T13:39:00,10
LED002426,Web Form,CUS0004993,,0645300798,lcontreras@example.net,PRD-FD01,EMP00216,Disqualified,2026-04-27T00:37:00,19
LED002427,Campaign,,สมใจ นิยมธรรม,0667377998,jacksonvanessa@example.org,PRD-LN04,EMP00364,Contacted,2025-09-18T04:44:00,94
LED002428,Web Form,CUS0005530,,0881941748,cynthiapayne@example.com,PRD-IN01,EMP00191,Converted,2026-03-19T01:55:00,37
LED002429,Branch Walk-in,,ภูวัน ดวงทับทิม,0622539030,qgarcia@example.net,PRD-DG02,EMP00485,Disqualified,2025-10-15T23:57:00,100
LED002430,Campaign,,คมกริบ อัตตนาถ,0959790522,coltonlee@example.org,PRD-FD01,EMP00026,Contacted,2026-02-20T09:31:00,6
LED002431,Web Form,CUS0003742,,0840319034,aliciacook@example.org,PRD-IN01,EMP00403,Qualified,2025-08-19T10:14:00,95
LED002432,Partner,CUS0004389,,0936055117,daniel64@example.net,PRD-FD01,EMP00193,New,2026-04-20T00:00:00,64
LED002433,Partner,CUS0001405,,0913113231,kelly28@example.net,PRD-CC01,EMP00126,Converted,2025-02-10T12:55:00,64
LED002434,Branch Walk-in,CUS0004067,,0810917069,brian76@example.com,PRD-WL03,EMP00202,Disqualified,2025-07-06T06:26:00,33
LED002435,Web Form,,รวิวาน หอมสิน,0839416242,henrymary@example.net,PRD-CC03,EMP00247,New,2025-09-06T09:18:00,61
LED002436,Branch Walk-in,,วรรณนิสา นิยมสำหรวจ,0980112693,fullermelissa@example.org,PRD-FD02,EMP00216,Converted,2025-01-16T14:44:00,10
LED002437,Partner,CUS0000533,,0960770039,robertomarsh@example.net,PRD-FD02,EMP00241,Converted,2026-01-22T15:37:00,88
LED002438,Partner,CUS0006736,,0614057379,fergusonjohn@example.com,PRD-LN02,EMP00396,Qualified,2025-11-14T21:58:00,70
LED002439,Campaign,CUS0009197,,0893220603,robersondesiree@example.net,PRD-CC01,EMP00372,Converted,2025-02-14T23:55:00,4
LED002440,Branch Walk-in,,ดวงจันทร์ ไทไชโย,0923487243,murrayhelen@example.com,PRD-CC04,EMP00351,Converted,2025-09-24T17:51:00,60
LED002441,Web Form,CUS0003399,,0653512786,kjohnston@example.org,PRD-IN02,EMP00271,Disqualified,2025-09-22T15:24:00,99
LED002442,Web Form,CUS0003028,,0964584416,olivia70@example.net,PRD-CC01,EMP00341,Disqualified,2026-03-03T01:43:00,60
LED002443,Partner,CUS0001813,,0629505688,oconnorlori@example.net,PRD-LN02,EMP00460,Qualified,2025-06-25T15:19:00,62
LED002444,Branch Walk-in,,วิชา บุญส่ง,0819041955,baileyelizabeth@example.net,PRD-WL03,EMP00229,New,2025-09-12T19:49:00,64
LED002445,Referral,,มลิวรรณ นาคะนคร,0985089773,karen04@example.com,PRD-WL01,EMP00456,Converted,2025-05-18T09:12:00,68
LED002446,Campaign,CUS0000128,,0620239200,kelly52@example.org,PRD-IN01,EMP00174,Converted,2025-08-08T00:11:00,92
LED002447,Partner,CUS0009118,,0920655608,stephanie34@example.com,PRD-CC02,EMP00228,Converted,2025-12-14T00:18:00,98
LED002448,Cold Call,,นุจรี ดุริยพันธุ์,0918335906,jchristensen@example.org,PRD-WL01,EMP00409,Converted,2025-12-16T04:16:00,28
LED002449,Cold Call,CUS0006388,,0879667234,blakefigueroa@example.com,PRD-IN02,EMP00392,Contacted,2026-04-09T11:12:00,79
LED002450,Referral,,ปุณณรัตน์ ชำนาญวาด,0943924812,hallanthony@example.com,PRD-WL02,EMP00463,Converted,2025-09-12T23:02:00,62
LED002451,Branch Walk-in,,จิตตานันท์ หิรัญสาลี,0682087031,ulevine@example.net,PRD-SAL01,EMP00037,Disqualified,2025-08-28T00:56:00,95
LED002452,Cold Call,CUS0006006,,0914459483,regina90@example.com,PRD-WL04,EMP00109,New,2025-12-02T14:46:00,25
LED002453,Referral,,สัญชาน ทองอยู่,0623466056,millerlisa@example.net,PRD-CC01,EMP00417,Contacted,2025-08-31T07:57:00,59
LED002454,Campaign,CUS0000362,,0947785133,mitchellvaldez@example.org,PRD-SAV01,EMP00006,Converted,2025-05-15T18:47:00,80
LED002455,Partner,CUS0004149,,0893505409,jonramirez@example.com,PRD-SAV02,EMP00236,Converted,2025-12-16T19:34:00,2
LED002456,Web Form,CUS0000594,,0984199767,henry94@example.net,PRD-FD03,EMP00190,Disqualified,2025-04-08T16:23:00,60
LED002457,Cold Call,,กษิดิฐ นุ่มกัน,0842510479,roberttaylor@example.org,PRD-CC01,EMP00037,Converted,2026-02-04T19:59:00,92
LED002458,Cold Call,CUS0001328,,0957095069,murphylaurie@example.org,PRD-CC02,EMP00454,Contacted,2026-01-08T19:58:00,86
LED002459,Referral,CUS0005937,,0980281901,tgray@example.net,PRD-DG02,EMP00202,Contacted,2025-12-22T23:55:00,87
LED002460,Referral,CUS0007847,,0669839843,wardamber@example.com,PRD-CUR01,EMP00063,Qualified,2025-12-28T17:48:00,55
LED002461,Web Form,CUS0005068,,0829440625,falvarez@example.org,PRD-IN02,EMP00391,Qualified,2025-04-11T22:28:00,72
LED002462,Web Form,,อำพร หอมพิกุล,0661250279,danielnguyen@example.net,PRD-CC04,EMP00226,Disqualified,2026-03-06T01:59:00,37
LED002463,Web Form,CUS0004296,,0984113217,thompsonomar@example.net,PRD-WL03,EMP00121,Qualified,2025-05-28T11:56:00,81
LED002464,Branch Walk-in,CUS0006606,,0973547627,brandon27@example.net,PRD-WL02,EMP00083,Qualified,2025-12-18T01:14:00,74
LED002465,Web Form,CUS0004787,,0864123560,brownalicia@example.com,PRD-LN01,EMP00483,Contacted,2025-10-31T13:28:00,80
LED002466,Cold Call,CUS0006505,,0644586357,bruce19@example.org,PRD-SAV02,EMP00455,Contacted,2025-05-19T16:10:00,72
LED002467,Cold Call,,ปรายกานต์ ฉายแสง,0623581103,christinasanford@example.net,PRD-IN01,EMP00376,Disqualified,2026-01-02T00:46:00,64
LED002468,Cold Call,CUS0000892,,0639497547,amckenzie@example.com,PRD-IN02,EMP00163,Disqualified,2025-12-28T01:45:00,55
LED002469,Partner,,มารีนี น้ำทิพย์,0970997132,davidstewart@example.net,PRD-CC03,EMP00419,Contacted,2025-03-01T19:39:00,70
LED002470,Referral,CUS0001848,,0995618371,paynedale@example.com,PRD-IN01,EMP00139,Disqualified,2025-06-07T18:47:00,34
LED002471,Branch Walk-in,CUS0000693,,0812951787,patriciahenderson@example.net,PRD-IN02,EMP00490,Contacted,2025-09-04T16:33:00,7
LED002472,Partner,,สุรนัย ทองเนื้อดี,0850971588,ykelly@example.org,PRD-WL04,EMP00206,New,2025-01-25T23:59:00,84
LED002473,Web Form,CUS0000845,,0967061142,shepherdcynthia@example.org,PRD-FD03,EMP00370,Contacted,2026-02-12T04:56:00,89
LED002474,Referral,CUS0006715,,0667396307,igross@example.net,PRD-WL03,EMP00461,Contacted,2025-11-15T14:11:00,64
LED002475,Cold Call,CUS0006439,,0649108138,ashlee37@example.org,PRD-SAV02,EMP00371,Disqualified,2025-07-19T12:43:00,63
LED002476,Referral,CUS0003817,,0650588686,ishaw@example.com,PRD-IN01,EMP00421,Contacted,2025-02-15T14:56:00,61
LED002477,Branch Walk-in,CUS0008427,,0877627785,eking@example.net,PRD-SAV01,EMP00169,New,2025-02-14T17:34:00,33
LED002478,Campaign,,ธมน ถนอมพล,0818450796,clarkthomas@example.org,PRD-WL03,EMP00327,Converted,2025-06-10T23:25:00,59
LED002479,Branch Walk-in,CUS0008231,,0989739430,nicole89@example.org,PRD-CC01,EMP00102,Qualified,2025-05-15T10:17:00,46
LED002480,Cold Call,CUS0006012,,0944125905,zachary76@example.org,PRD-SAL01,EMP00128,Contacted,2025-01-13T07:17:00,74
LED002481,Branch Walk-in,,ปภาวรินทร์ ดีตพันธุ์,0960609619,williamssuzanne@example.org,PRD-FD03,EMP00160,Converted,2025-05-07T21:53:00,6
LED002482,Web Form,CUS0000150,,0612633647,stephanie77@example.com,PRD-IN02,EMP00450,Converted,2026-03-06T20:53:00,52
LED002483,Web Form,CUS0009756,,0862713797,moorechristopher@example.com,PRD-WL03,EMP00267,Disqualified,2025-01-14T19:53:00,67
LED002484,Cold Call,CUS0005542,,0958455278,allen62@example.org,PRD-LN03,EMP00002,Contacted,2026-02-22T01:31:00,54
LED002485,Campaign,CUS0004575,,0610846838,mcook@example.org,PRD-DG02,EMP00212,Contacted,2025-08-22T02:09:00,45
LED002486,Campaign,CUS0004198,,0640820963,paul07@example.net,PRD-DC02,EMP00152,Disqualified,2026-04-16T00:10:00,57
LED002487,Partner,CUS0001913,,0934215661,pwilliams@example.org,PRD-CC04,EMP00346,Qualified,2026-02-13T23:26:00,37
LED002488,Web Form,,นภัสรินทร์ นะวะมันดร,0938445398,yfrazier@example.org,PRD-SAL01,EMP00196,Qualified,2025-04-03T22:45:00,92
LED002489,Branch Walk-in,CUS0006628,,0849349444,wjensen@example.com,PRD-LN01,EMP00334,New,2025-04-20T18:15:00,35
LED002490,Cold Call,CUS0001133,,0952612153,camposkevin@example.net,PRD-LN04,EMP00388,Converted,2025-01-23T05:34:00,25
LED002491,Partner,CUS0007257,,0620696491,antoniolopez@example.net,PRD-LN01,EMP00442,Contacted,2025-08-11T07:33:00,34
LED002492,Campaign,CUS0006530,,0841247354,wendy03@example.org,PRD-WL03,EMP00027,Converted,2025-11-01T20:37:00,96
LED002493,Partner,CUS0007192,,0920351906,leslie53@example.net,PRD-FD03,EMP00440,Contacted,2025-11-14T23:03:00,18
LED002494,Partner,CUS0001140,,0689068540,scott72@example.com,PRD-IN01,EMP00040,Converted,2025-07-22T14:46:00,79
LED002495,Branch Walk-in,CUS0000622,,0694115221,warddiane@example.com,PRD-LN02,EMP00406,Converted,2025-01-31T02:39:00,21
LED002496,Campaign,CUS0001560,,0985063524,rachel79@example.org,PRD-CC02,EMP00204,New,2026-02-15T20:20:00,43
LED002497,Branch Walk-in,CUS0007239,,0936469529,alanyoung@example.com,PRD-CC04,EMP00219,Qualified,2025-11-10T23:30:00,8
LED002498,Branch Walk-in,,อัญพัชร์ แต้กุล,0846090319,dixonsamantha@example.org,PRD-LN02,EMP00426,Converted,2025-07-06T08:18:00,82
LED002499,Partner,CUS0001246,,0954782160,grahamgregg@example.org,PRD-LN01,EMP00128,New,2025-01-03T10:55:00,96
LED002500,Branch Walk-in,,พันเกล้า บุญบำรุง,0645733943,denisecruz@example.net,PRD-WL01,EMP00461,Qualified,2026-01-04T02:30:00,87
LED002501,Web Form,CUS0000452,,0815494217,linda50@example.org,PRD-WL02,EMP00147,Converted,2025-06-17T01:01:00,74
LED002502,Campaign,CUS0003547,,0885221840,carolyn57@example.org,PRD-SAV01,EMP00445,Disqualified,2025-06-13T21:31:00,23
LED002503,Referral,,ลักษมี ทรัพย์สาร,0941668366,tyler07@example.net,PRD-WL04,EMP00353,Converted,2025-06-26T05:10:00,97
LED002504,Referral,,อาซือมะ ถนัดอาวุธ,0661060464,riddleduane@example.com,PRD-LN02,EMP00454,New,2025-01-19T18:59:00,65
LED002505,Cold Call,CUS0008725,,0912440993,annette73@example.com,PRD-DC01,EMP00294,New,2025-05-26T05:08:00,57
LED002506,Referral,CUS0005946,,0811040288,mdyer@example.net,PRD-SAV02,EMP00010,Disqualified,2025-12-23T18:49:00,12
LED002507,Branch Walk-in,,ประยุทธ์ พรรษาสกุล,0871376735,justincunningham@example.com,PRD-CC01,EMP00198,New,2025-05-04T04:11:00,28
LED002508,Web Form,,ชัญญานุนาย วาทา,0925413551,sharihanson@example.com,PRD-LN04,EMP00285,Disqualified,2025-06-08T02:33:00,68
LED002509,Branch Walk-in,CUS0002903,,0842486881,paullaura@example.net,PRD-CUR01,EMP00119,Contacted,2026-01-27T00:56:00,50
LED002510,Campaign,CUS0006008,,0694741219,ppark@example.org,PRD-CC02,EMP00023,Qualified,2025-07-23T18:26:00,95
LED002511,Web Form,,รอกีเย๊าะ ทองลาภ,0845673579,ortizjonathan@example.com,PRD-LN01,EMP00443,Disqualified,2025-04-11T11:39:00,19
LED002512,Web Form,CUS0009147,,0973619614,josephcobb@example.org,PRD-LN03,EMP00233,New,2025-01-25T09:26:00,88
LED002513,Web Form,CUS0003137,,0959902853,james42@example.com,PRD-DC02,EMP00002,Qualified,2026-02-07T12:00:00,24
LED002514,Web Form,,ถนอมชัย ธรรมฤดี,0674012870,regina13@example.net,PRD-DC01,EMP00073,Converted,2025-10-26T05:42:00,19
LED002515,Cold Call,CUS0007500,,0990688721,gswanson@example.org,PRD-WL02,EMP00217,Converted,2025-07-10T15:47:00,62
LED002516,Campaign,,สุรธัช นาถะเดชะ,0628989814,jesseburns@example.org,PRD-DG01,EMP00225,Converted,2025-01-14T09:30:00,58
LED002517,Campaign,,ศศิรินทร์ ทหารแท้,0674554771,wolfecameron@example.org,PRD-CC04,EMP00046,New,2025-03-24T12:46:00,52
LED002518,Referral,CUS0006109,,0972162975,millerjordan@example.net,PRD-DC01,EMP00043,Disqualified,2025-06-25T15:21:00,28
LED002519,Branch Walk-in,,สุพัตรา ดิศดใน,0966877620,robert74@example.com,PRD-CC01,EMP00284,New,2025-04-19T08:56:00,72
LED002520,Campaign,,อนิวัฒน์ เวียงจันทึก,0866368352,irogers@example.org,PRD-DC02,EMP00132,Qualified,2026-04-28T16:23:00,72
LED002521,Branch Walk-in,CUS0002044,,0955505068,cavila@example.org,PRD-SAV01,EMP00310,Disqualified,2026-04-02T22:29:00,24
LED002522,Referral,CUS0001271,,0988927328,matthew23@example.com,PRD-WL04,EMP00189,Converted,2025-05-03T12:49:00,100
LED002523,Campaign,,ราชัน ทองสุกเลิศ,0852870516,beckyayala@example.net,PRD-CC01,EMP00398,New,2026-03-02T02:45:00,88
LED002524,Branch Walk-in,,เพ็ญยุภา ศรทอง,0983123502,smithandrew@example.org,PRD-SAV02,EMP00050,Disqualified,2025-01-07T22:30:00,59
LED002525,Web Form,CUS0009141,,0927184383,gvillarreal@example.com,PRD-WL02,EMP00304,New,2026-03-29T14:37:00,92
LED002526,Web Form,,อนุวัช เลขะพันธุ์,0684506059,lewistyler@example.org,PRD-SAL01,EMP00197,Contacted,2025-07-14T12:19:00,95
LED002527,Branch Walk-in,CUS0008862,,0946703729,cabreraconnie@example.org,PRD-CC03,EMP00269,Qualified,2025-11-26T07:36:00,83
LED002528,Partner,CUS0005892,,0834488105,cynthia56@example.com,PRD-LN03,EMP00214,Disqualified,2025-06-15T19:58:00,34
LED002529,Branch Walk-in,,จักรชัย ไทไชโย,0635878461,melissadecker@example.org,PRD-LN04,EMP00002,Converted,2025-12-05T05:35:00,96
LED002530,Campaign,CUS0006195,,0658192166,williamsmichael@example.net,PRD-DG01,EMP00324,Contacted,2025-09-30T21:25:00,61
LED002531,Web Form,,ไชยภพ ธนประทีป,0835396386,randallkennedy@example.net,PRD-LN03,EMP00281,New,2025-01-12T06:03:00,52
LED002532,Cold Call,,อาฮามัด ตันตราจิณ,0923990397,johnsonbarbara@example.com,PRD-CC01,EMP00084,Contacted,2026-02-14T05:22:00,69
LED002533,Cold Call,CUS0007945,,0881663696,megansweeney@example.org,PRD-CC02,EMP00165,Contacted,2025-05-31T10:29:00,91
LED002534,Cold Call,,ศิรินันท์ ถนอมกุลบุตร,0811696901,ingramjeremy@example.net,PRD-CC02,EMP00139,Contacted,2025-03-16T16:28:00,30
LED002535,Branch Walk-in,CUS0003626,,0971450666,katherine44@example.net,PRD-WL04,EMP00481,Disqualified,2025-06-04T20:45:00,52
LED002536,Branch Walk-in,CUS0004888,,0941713966,earias@example.org,PRD-CC02,EMP00369,New,2025-08-20T15:30:00,97
LED002537,Campaign,CUS0006165,,0951934138,lisa95@example.org,PRD-WL04,EMP00184,Disqualified,2025-05-20T23:57:00,91
LED002538,Branch Walk-in,CUS0006269,,0622353180,pottsjacob@example.net,PRD-WL01,EMP00003,New,2025-03-14T20:07:00,7
LED002539,Partner,CUS0002291,,0674395264,jessicaheath@example.org,PRD-LN01,EMP00224,Qualified,2025-06-24T02:33:00,86
LED002540,Web Form,CUS0001875,,0918780484,jbishop@example.org,PRD-FD02,EMP00274,Qualified,2026-03-03T15:00:00,23
LED002541,Branch Walk-in,CUS0005069,,0980324101,shawna66@example.com,PRD-WL04,EMP00064,Converted,2026-04-02T03:59:00,86
LED002542,Referral,,อเนชา นามเสวตร,0936528734,jillblackwell@example.org,PRD-CUR01,EMP00089,Disqualified,2025-11-11T20:07:00,75
LED002543,Campaign,CUS0008441,,0653102945,bakermaureen@example.com,PRD-LN04,EMP00016,Disqualified,2025-06-10T13:24:00,27
LED002544,Cold Call,CUS0009860,,0937058155,dreynolds@example.net,PRD-FD02,EMP00181,Contacted,2026-03-04T10:04:00,15
LED002545,Campaign,CUS0005976,,0812949664,debrarosales@example.org,PRD-CC01,EMP00387,Contacted,2026-01-20T08:49:00,83
LED002546,Branch Walk-in,,ซูไรดา นุ่มกัน,0623901765,xsampson@example.net,PRD-DG01,EMP00459,Converted,2025-09-24T14:43:00,98
LED002547,Partner,,พิชาภพ นากกนก,0872024308,jordanjeremy@example.org,PRD-IN02,EMP00467,Contacted,2025-02-10T17:40:00,57
LED002548,Web Form,,ภาสวุฒิ เมืองสุข,0641466704,gknight@example.net,PRD-CUR01,EMP00030,Disqualified,2025-12-29T03:00:00,89
LED002549,Web Form,CUS0001456,,0854292869,hernandezmckenzie@example.org,PRD-DG02,EMP00335,New,2025-04-21T22:15:00,56
LED002550,Partner,CUS0006622,,0812808798,ana55@example.org,PRD-DG02,EMP00252,Qualified,2026-02-07T08:32:00,3
LED002551,Web Form,CUS0004436,,0878793855,lawrence06@example.net,PRD-DG01,EMP00274,New,2025-11-12T08:08:00,29
LED002552,Referral,,กฤตพร นาฏคายี,0664002648,gentrytonya@example.org,PRD-WL03,EMP00204,Converted,2025-02-09T09:11:00,84
LED002553,Partner,,นภนต์ พรมอ่อน,0638323565,michellekim@example.org,PRD-IN02,EMP00131,Disqualified,2025-09-15T12:55:00,67
LED002554,Web Form,,ปรายกานต์ น้ำทิพย์,0827362065,ross16@example.net,PRD-DC01,EMP00202,Qualified,2025-08-14T11:38:00,32
LED002555,Branch Walk-in,CUS0007753,,0927309958,jonespaul@example.com,PRD-CC03,EMP00432,Disqualified,2025-12-24T10:41:00,0
LED002556,Cold Call,CUS0004565,,0940316474,nicholas34@example.com,PRD-IN02,EMP00304,Qualified,2025-03-10T13:44:00,1
LED002557,Cold Call,CUS0006627,,0853415964,kevin01@example.net,PRD-DG02,EMP00112,Converted,2025-08-25T13:25:00,54
LED002558,Branch Walk-in,CUS0002569,,0889996184,kristenlowe@example.net,PRD-DC02,EMP00201,Disqualified,2025-12-30T04:03:00,36
LED002559,Branch Walk-in,CUS0008726,,0972216712,vrichardson@example.org,PRD-LN02,EMP00414,Qualified,2025-09-25T04:41:00,70
LED002560,Branch Walk-in,,แกมแพร ทองลาภ,0615808967,zmorales@example.org,PRD-WL01,EMP00372,Contacted,2025-03-17T20:30:00,99
LED002561,Partner,CUS0000737,,0845344163,alexanderjordan@example.org,PRD-LN02,EMP00272,Contacted,2026-04-22T08:02:00,44
LED002562,Referral,,คำปลิว น้ำทิพย์,0931850238,pagedavid@example.com,PRD-WL02,EMP00151,Contacted,2025-09-06T20:01:00,98
LED002563,Partner,CUS0001024,,0649099257,ddonaldson@example.net,PRD-FD01,EMP00101,Disqualified,2025-06-18T15:48:00,49
LED002564,Referral,CUS0007975,,0628854402,antonioreynolds@example.net,PRD-CUR01,EMP00399,New,2025-06-28T13:01:00,7
LED002565,Campaign,,สิราพร นิละทัต,0870234189,adam17@example.net,PRD-DG02,EMP00356,Disqualified,2025-01-29T13:43:00,3
LED002566,Web Form,,อรจิรา ดาวกระจาย,0814623115,joyceweber@example.org,PRD-SAV01,EMP00350,New,2025-04-16T09:32:00,77
LED002567,Branch Walk-in,,ใกล้รุ่ง ขอหมั่นกลาง,0947490922,lindapowers@example.org,PRD-DC02,EMP00179,Disqualified,2025-07-16T22:30:00,9
LED002568,Referral,,ศิริเกศ ประจันตะเสน,0995023218,swallace@example.com,PRD-DC01,EMP00370,Converted,2026-03-26T18:58:00,15
LED002569,Branch Walk-in,,กนกเนตร บุตราช,0872762178,usmith@example.com,PRD-FD03,EMP00471,Contacted,2026-01-26T03:00:00,71
LED002570,Cold Call,CUS0002468,,0923559500,angela02@example.com,PRD-CC01,EMP00210,New,2025-03-05T06:09:00,3
LED002571,Partner,,อาซือมะ คำลือ,0658569236,kathy42@example.net,PRD-CC03,EMP00036,Disqualified,2026-04-11T09:41:00,2
LED002572,Cold Call,,สนั่น ดาตู,0687143835,jonathan87@example.net,PRD-SAV01,EMP00378,Converted,2025-01-07T04:40:00,56
LED002573,Partner,,รอกีเย๊าะ แนวพนิช,0998410166,grahamashley@example.org,PRD-DG01,EMP00129,Contacted,2025-11-16T07:36:00,66
LED002574,Branch Walk-in,,บุญนพ ตระกูลบุญ,0888961176,sherry22@example.com,PRD-DG02,EMP00329,Converted,2025-06-08T17:58:00,0
LED002575,Branch Walk-in,CUS0002841,,0964414189,rogersbrian@example.net,PRD-LN04,EMP00043,New,2025-09-26T15:02:00,31
LED002576,Web Form,,ณัฐวรินทร ศรีวงค์,0617263425,ibarton@example.com,PRD-WL04,EMP00479,Converted,2025-04-12T17:14:00,29
LED002577,Partner,,คมสัน ร่มธิติรัตน์,0841784898,reyesgary@example.org,PRD-LN03,EMP00386,Qualified,2026-03-01T04:57:00,22
LED002578,Branch Walk-in,CUS0009118,,0862335983,taylor75@example.org,PRD-FD03,EMP00408,Disqualified,2026-01-21T04:07:00,37
LED002579,Cold Call,,ณัฐจศักดิ์ ศรีตะวัน,0618290701,dennisnash@example.org,PRD-DC01,EMP00002,New,2025-08-20T18:42:00,4
LED002580,Partner,,นรีรัตน์ ดัตพันธุ์,0940128635,bakerdonna@example.org,PRD-IN02,EMP00481,Qualified,2025-06-01T18:23:00,41
LED002581,Branch Walk-in,,สินสมุทร ถนัดอาวุธ,0912735141,imyers@example.org,PRD-SAV01,EMP00355,New,2025-11-24T10:44:00,46
LED002582,Web Form,,พิมพ์สุตา อุ่นอก,0870518914,amandanguyen@example.com,PRD-DG01,EMP00267,Qualified,2025-03-14T10:03:00,40
LED002583,Partner,,จีราภรณ์ ติระคมน์,0974191168,anthonymyers@example.net,PRD-FD02,EMP00125,Converted,2025-04-05T03:56:00,80
LED002584,Cold Call,,อรรจน์ ศิวะวรเวท,0655072567,nmendoza@example.org,PRD-SAV02,EMP00412,Converted,2025-05-13T00:27:00,21
LED002585,Branch Walk-in,CUS0000321,,0638242911,kevinchaney@example.net,PRD-CUR01,EMP00018,Qualified,2026-03-30T04:10:00,40
LED002586,Partner,CUS0006496,,0623807976,cynthiagarcia@example.net,PRD-CC01,EMP00322,Disqualified,2026-02-25T23:00:00,63
LED002587,Referral,,วันชนก บุตราช,0611070492,smithmichael@example.net,PRD-CC04,EMP00301,New,2025-05-12T07:36:00,14
LED002588,Cold Call,,สิทธิชัย สุวรรณหงษ์,0911624922,belltammy@example.org,PRD-LN03,EMP00144,Disqualified,2025-01-18T19:56:00,13
LED002589,Branch Walk-in,,เกศรา วาทา,0670510755,burnsmiranda@example.com,PRD-SAV02,EMP00336,Disqualified,2025-03-11T05:44:00,49
LED002590,Branch Walk-in,CUS0006981,,0637041554,sherry84@example.net,PRD-FD03,EMP00082,New,2025-12-13T23:53:00,49
LED002591,Branch Walk-in,CUS0000426,,0669200223,blakejenkins@example.com,PRD-DC01,EMP00045,Contacted,2025-11-16T18:56:00,67
LED002592,Web Form,CUS0007672,,0828281547,jefferyford@example.com,PRD-WL01,EMP00146,New,2026-04-24T18:05:00,54
LED002593,Referral,CUS0001832,,0674951245,william52@example.net,PRD-IN02,EMP00488,Disqualified,2025-12-12T09:32:00,28
LED002594,Branch Walk-in,CUS0006086,,0832115033,ashley96@example.net,PRD-CC02,EMP00079,Qualified,2025-06-25T22:50:00,26
LED002595,Cold Call,CUS0001772,,0697985623,crangel@example.org,PRD-FD01,EMP00061,Converted,2025-08-24T16:54:00,23
LED002596,Referral,CUS0008971,,0632542606,harrisdouglas@example.org,PRD-FD03,EMP00273,Qualified,2025-04-22T17:31:00,2
LED002597,Referral,CUS0001121,,0624224176,georgeowens@example.org,PRD-FD01,EMP00358,Disqualified,2025-05-11T23:03:00,90
LED002598,Web Form,,อัญชิษฐา ยางสวย,0874995480,castrokrista@example.net,PRD-FD02,EMP00306,Qualified,2025-03-17T12:01:00,67
LED002599,Partner,CUS0007651,,0943766501,amandareid@example.org,PRD-FD01,EMP00338,Contacted,2026-03-28T20:56:00,91
LED002600,Branch Walk-in,CUS0001744,,0680902526,dnavarro@example.net,PRD-IN02,EMP00174,Contacted,2025-01-24T10:51:00,25
LED002601,Referral,,ศุภกรชนา แนวพญา,0881710185,lisa55@example.net,PRD-CC01,EMP00150,Converted,2025-10-13T05:37:00,40
LED002602,Campaign,,ทองสิริ ทันยุค,0620844730,etaylor@example.com,PRD-CUR01,EMP00099,Qualified,2025-08-05T16:16:00,60
LED002603,Branch Walk-in,,วีร์สุดา เมืองสุข,0849431302,travis09@example.com,PRD-LN04,EMP00306,Disqualified,2026-02-08T20:17:00,70
LED002604,Branch Walk-in,,เอกวิทย์ นาถะพินธุ,0988341992,larsennancy@example.com,PRD-SAV01,EMP00022,New,2025-11-25T15:38:00,6
LED002605,Branch Walk-in,,รมิตา นิละทัต,0984800006,iolson@example.org,PRD-FD02,EMP00127,Qualified,2025-08-14T12:12:00,92
LED002606,Web Form,,กุลเชษฐ ฉัพพรรณธนกูร,0932129834,michaelklein@example.com,PRD-FD01,EMP00213,Disqualified,2025-08-01T11:28:00,98
LED002607,Partner,CUS0001116,,0876763676,hgoodman@example.com,PRD-LN03,EMP00431,Contacted,2025-10-26T18:45:00,70
LED002608,Web Form,CUS0008361,,0897049386,ogordon@example.net,PRD-SAV01,EMP00483,Converted,2026-01-10T20:08:00,52
LED002609,Branch Walk-in,CUS0005941,,0890165870,kara84@example.org,PRD-IN02,EMP00266,Qualified,2025-01-23T16:10:00,92
LED002610,Web Form,CUS0002750,,0997905251,barbararowland@example.org,PRD-IN02,EMP00176,Qualified,2025-08-19T18:51:00,11
LED002611,Partner,,ผดุงชาติ ทัศนสุทธิ,0945754366,steinlance@example.org,PRD-FD03,EMP00132,Disqualified,2026-01-26T20:51:00,19
LED002612,Branch Walk-in,CUS0006500,,0658090984,mary50@example.com,PRD-LN03,EMP00149,Disqualified,2025-03-16T14:20:00,46
LED002613,Referral,CUS0008086,,0610328522,lauren11@example.org,PRD-FD01,EMP00350,Disqualified,2025-02-09T11:52:00,93
LED002614,Partner,CUS0004817,,0926613297,kreed@example.net,PRD-CC03,EMP00378,Contacted,2025-11-21T22:24:00,39
LED002615,Partner,CUS0009662,,0833816248,khancock@example.com,PRD-FD01,EMP00372,New,2025-12-04T07:35:00,79
LED002616,Branch Walk-in,CUS0003537,,0672440355,umurphy@example.com,PRD-SAV01,EMP00045,Contacted,2026-04-01T00:57:00,33
LED002617,Web Form,CUS0003262,,0923923346,gross@example.org,PRD-CC03,EMP00457,Qualified,2025-08-10T07:02:00,56
LED002618,Cold Call,,กันตวรรณ ดิสกะประกาย,0837535503,jenniferbrown@example.org,PRD-CC02,EMP00080,New,2025-09-21T10:05:00,63
LED002619,Cold Call,CUS0006506,,0973690688,taraperez@example.org,PRD-CC02,EMP00354,Qualified,2026-01-24T03:16:00,23
LED002620,Partner,CUS0002423,,0647241264,robertsonstephen@example.net,PRD-FD03,EMP00372,New,2025-11-23T10:18:00,52
LED002621,Cold Call,,ณปภัช แนวพนิช,0999855211,victoriagarcia@example.net,PRD-WL01,EMP00095,New,2025-07-10T02:09:00,90
LED002622,Partner,,อาฮามัด นุชแนวนุ่ม,0998806845,tjohnson@example.net,PRD-WL02,EMP00419,Disqualified,2025-08-18T11:10:00,52
LED002623,Web Form,CUS0001033,,0924863120,jonathan06@example.com,PRD-DG01,EMP00213,New,2025-09-16T18:14:00,46
LED002624,Referral,CUS0002370,,0942073316,munozpatrick@example.com,PRD-LN02,EMP00388,Disqualified,2025-10-08T19:34:00,5
LED002625,Partner,CUS0003049,,0863585893,meganlopez@example.com,PRD-IN01,EMP00411,New,2026-04-13T02:05:00,4
LED002626,Branch Walk-in,CUS0004077,,0890671463,patelvincent@example.com,PRD-IN01,EMP00061,Qualified,2026-04-15T21:30:00,61
LED002627,Web Form,,สิริกานต์ นิลวรรณ,0818768280,rwatson@example.org,PRD-SAV02,EMP00403,Qualified,2025-08-02T09:16:00,34
LED002628,Cold Call,CUS0001421,,0823661507,derekgalvan@example.org,PRD-DC02,EMP00279,Disqualified,2025-06-29T19:23:00,3
LED002629,Referral,,วาร์มูฮำหมัด ธนูปกรณ์,0944843540,sanchezshane@example.net,PRD-WL04,EMP00323,New,2026-03-06T04:23:00,63
LED002630,Referral,,กิ่งแก้ว ดุริยพันธุ์,0839629271,ramirezmelissa@example.net,PRD-FD03,EMP00385,Qualified,2025-11-27T09:30:00,4
LED002631,Referral,CUS0003142,,0947000526,chelseywilliams@example.org,PRD-WL03,EMP00318,Converted,2025-03-18T06:01:00,90
LED002632,Branch Walk-in,,โยธิการ์ ธนประทีป,0695460670,adam14@example.com,PRD-IN02,EMP00481,Qualified,2025-01-22T00:08:00,28
LED002633,Branch Walk-in,CUS0008339,,0981079879,nhunt@example.org,PRD-SAV01,EMP00191,Disqualified,2025-11-04T11:05:00,37
LED002634,Partner,CUS0009776,,0813609635,edwardvaldez@example.org,PRD-CC04,EMP00453,Disqualified,2025-10-09T03:05:00,63
LED002635,Cold Call,CUS0003441,,0959014987,richardmurray@example.com,PRD-LN01,EMP00471,Disqualified,2025-09-24T01:29:00,28
LED002636,Cold Call,CUS0004197,,0628420023,tammymyers@example.com,PRD-DG02,EMP00253,Disqualified,2025-07-01T11:36:00,14
LED002637,Referral,,ขวัญรุ้ง ธรรมเมธา,0628256427,amccarthy@example.org,PRD-LN02,EMP00224,Disqualified,2025-01-17T14:49:00,72
LED002638,Referral,CUS0005722,,0857144263,dixoncaroline@example.net,PRD-FD01,EMP00021,Disqualified,2025-11-07T18:05:00,44
LED002639,Web Form,CUS0004122,,0694066009,nataliekaiser@example.net,PRD-FD02,EMP00031,Contacted,2025-01-23T07:28:00,66
LED002640,Referral,,ภูวัน นิลวรรณ,0933568300,xlopez@example.com,PRD-SAL01,EMP00369,New,2026-04-12T01:31:00,71
LED002641,Partner,CUS0000156,,0830038283,mariahbennett@example.net,PRD-SAV02,EMP00289,Disqualified,2025-10-29T18:29:00,81
LED002642,Web Form,,ปัตถพงษ์ เดชคุ้ม,0861070682,katiehill@example.net,PRD-LN03,EMP00235,Disqualified,2026-01-20T05:33:00,5
LED002643,Referral,CUS0006897,,0641347283,edwardscody@example.net,PRD-CC04,EMP00376,Qualified,2026-04-16T16:30:00,90
LED002644,Referral,CUS0008936,,0631624517,anaperry@example.net,PRD-DG01,EMP00020,Qualified,2025-03-16T01:31:00,19
LED002645,Partner,CUS0007943,,0649299381,cynthia72@example.com,PRD-FD02,EMP00442,Converted,2025-05-06T01:13:00,0
LED002646,Cold Call,,ยุลิน ร่มธิติรัตน์,0680732851,carrolleric@example.com,PRD-DG01,EMP00100,New,2025-12-03T21:36:00,20
LED002647,Campaign,CUS0000616,,0636397604,hicksvincent@example.com,PRD-CC02,EMP00058,Converted,2026-02-15T06:45:00,37
LED002648,Referral,CUS0001562,,0868539447,srobinson@example.org,PRD-WL02,EMP00110,Disqualified,2025-06-24T16:53:00,19
LED002649,Cold Call,CUS0007006,,0923526458,baileyjessica@example.net,PRD-WL04,EMP00305,Qualified,2025-04-21T02:23:00,1
LED002650,Campaign,CUS0003276,,0970392226,robertjohnson@example.org,PRD-LN01,EMP00298,Contacted,2025-02-03T02:43:00,67
LED002651,Referral,CUS0006650,,0696196011,rachel79@example.net,PRD-SAV02,EMP00406,Qualified,2025-04-18T07:49:00,90
LED002652,Referral,,ศิริเกศ เตมิยะเดช,0898335025,kellysmith@example.org,PRD-LN04,EMP00421,Qualified,2025-09-08T11:53:00,93
LED002653,Web Form,CUS0008275,,0893436836,zbonilla@example.com,PRD-WL01,EMP00067,Converted,2025-07-09T03:42:00,98
LED002654,Campaign,CUS0009422,,0941574522,rsolis@example.net,PRD-FD02,EMP00064,Disqualified,2025-06-14T20:29:00,55
LED002655,Campaign,CUS0004492,,0677971231,camachogail@example.org,PRD-SAV02,EMP00219,New,2025-09-27T08:02:00,47
LED002656,Cold Call,,ฮานาฟี ธรรมฤดี,0980727883,crystal38@example.com,PRD-CUR01,EMP00074,Disqualified,2026-03-06T09:34:00,45
LED002657,Branch Walk-in,CUS0001085,,0966456355,danieldavila@example.com,PRD-IN01,EMP00436,Contacted,2025-08-22T02:37:00,71
LED002658,Referral,CUS0008235,,0619995030,xavier03@example.org,PRD-LN03,EMP00319,Contacted,2025-01-05T03:57:00,39
LED002659,Partner,CUS0000485,,0933642677,andrewfitzgerald@example.net,PRD-CC01,EMP00221,New,2025-10-21T10:17:00,0
LED002660,Partner,CUS0002401,,0630057737,bentonelizabeth@example.net,PRD-CC04,EMP00257,New,2025-11-07T15:46:00,19
LED002661,Campaign,,กิ่งแก้ว แจ้งสว่าง,0651677563,amartinez@example.com,PRD-SAL01,EMP00325,New,2025-01-03T02:10:00,99
LED002662,Web Form,CUS0006743,,0657625046,tonyaadams@example.org,PRD-CC03,EMP00393,Converted,2025-05-18T16:22:00,58
LED002663,Cold Call,CUS0003264,,0699391505,alan16@example.com,PRD-IN01,EMP00498,Converted,2025-06-11T00:57:00,67
LED002664,Referral,CUS0002054,,0847587475,prios@example.com,PRD-DC02,EMP00159,Contacted,2025-11-22T22:04:00,75
LED002665,Web Form,CUS0008133,,0667657274,brent97@example.org,PRD-LN02,EMP00165,New,2025-11-27T03:40:00,91
LED002666,Partner,CUS0001609,,0831564615,erikathomas@example.com,PRD-SAV02,EMP00425,Contacted,2025-04-08T12:11:00,87
LED002667,Web Form,CUS0008217,,0859177858,darnold@example.net,PRD-CC03,EMP00361,Disqualified,2025-10-05T19:24:00,87
LED002668,Campaign,CUS0003114,,0976362810,goconnell@example.net,PRD-FD01,EMP00441,Converted,2025-06-17T13:26:00,41
LED002669,Referral,,ลักษมี บุญญาไลย์,0999483033,bchandler@example.org,PRD-WL01,EMP00179,New,2025-11-22T14:08:00,25
LED002670,Cold Call,,จิรวิทย์ สุวรรณหงษ์,0682720409,lesliesims@example.com,PRD-FD03,EMP00475,Disqualified,2025-10-05T19:32:00,75
LED002671,Cold Call,CUS0002914,,0883965461,nicole07@example.net,PRD-SAL01,EMP00196,Converted,2026-01-29T08:30:00,53
LED002672,Campaign,,ไวพจน์ ตระกูลบุญ,0659257134,russellbrown@example.com,PRD-LN03,EMP00404,New,2025-07-28T11:06:00,37
LED002673,Web Form,,ประภัทร์สรณ์ ตั้งกุลงาม,0876375230,johnkane@example.com,PRD-WL03,EMP00279,Disqualified,2025-03-07T02:09:00,45
LED002674,Campaign,CUS0004134,,0815925083,timothymoore@example.com,PRD-LN04,EMP00123,New,2025-08-07T16:59:00,97
LED002675,Referral,,สมปอง ถิรสวัสดิ์,0688080094,crystal06@example.net,PRD-SAV01,EMP00216,Converted,2025-04-09T17:37:00,23
LED002676,Branch Walk-in,CUS0005430,,0698677301,hcampbell@example.org,PRD-WL04,EMP00073,New,2026-02-05T09:17:00,64
LED002677,Cold Call,CUS0003694,,0854503304,dwilkerson@example.com,PRD-CC02,EMP00193,Contacted,2025-07-23T22:46:00,22
LED002678,Web Form,,ปิยะชาติ ศิวะวรเวท,0675084258,clarkdanny@example.net,PRD-CC02,EMP00401,New,2025-12-16T20:33:00,34
LED002679,Referral,,เทียมศักดิ์ ทองเนื้อดี,0620688939,sfleming@example.net,PRD-CC04,EMP00154,Converted,2026-02-01T22:46:00,32
LED002680,Campaign,,หลี จ้อยนุแสง,0854646872,nathan90@example.com,PRD-DG02,EMP00195,New,2026-02-20T01:00:00,11
LED002681,Web Form,CUS0009844,,0936086588,lawrencelisa@example.org,PRD-FD01,EMP00223,Disqualified,2025-07-31T05:40:00,17
LED002682,Cold Call,,อาภัศรา วิลาสินี,0614150986,thicks@example.com,PRD-IN01,EMP00340,Disqualified,2025-07-21T10:47:00,96
LED002683,Branch Walk-in,,ปิยวดี น้ำทิพย์,0619543890,smithphilip@example.com,PRD-IN02,EMP00472,Qualified,2025-04-18T17:08:00,17
LED002684,Campaign,CUS0006246,,0861241279,johnblack@example.org,PRD-CUR01,EMP00340,Qualified,2025-04-16T14:51:00,54
LED002685,Referral,,ฉลองชัย ไชยภา,0938103681,wcarr@example.com,PRD-FD03,EMP00150,Contacted,2025-02-16T11:40:00,53
LED002686,Campaign,CUS0006866,,0828271111,ucobb@example.com,PRD-WL01,EMP00466,Disqualified,2026-03-06T10:47:00,69
LED002687,Cold Call,,เขมจิรา วาทา,0631984458,taylorsusan@example.com,PRD-CC04,EMP00026,New,2026-04-20T00:27:00,75
LED002688,Cold Call,CUS0009885,,0815165261,sarahcuevas@example.com,PRD-FD01,EMP00483,New,2025-12-18T15:02:00,71
LED002689,Partner,,คณภรณ์ ทรงโกมล,0964316375,seanthompson@example.net,PRD-CC01,EMP00433,Contacted,2025-09-05T20:41:00,17
LED002690,Referral,,ลักษมี ฉัพพรรณธนกูร,0627878547,jaime64@example.org,PRD-DC01,EMP00470,Qualified,2025-03-08T11:14:00,65
LED002691,Web Form,CUS0001593,,0988582344,jamesjackson@example.net,PRD-CC02,EMP00386,Contacted,2025-05-26T09:03:00,53
LED002692,Branch Walk-in,CUS0001554,,0651729950,jnelson@example.com,PRD-SAV02,EMP00495,New,2025-06-24T03:37:00,88
LED002693,Cold Call,,ฮาฟิต เตชะกำพุ,0658601608,ywright@example.com,PRD-LN01,EMP00158,New,2025-02-15T15:45:00,88
LED002694,Referral,,จิตตานันท์ ขันธุลา,0879126021,philip87@example.org,PRD-SAL01,EMP00293,Contacted,2025-02-28T07:11:00,21
LED002695,Cold Call,CUS0009292,,0984123501,smithanthony@example.com,PRD-IN01,EMP00096,New,2026-01-15T05:35:00,33
LED002696,Cold Call,,จันทนา ดาวอร่าม,0614692568,daviddavies@example.net,PRD-CC03,EMP00378,Contacted,2025-04-08T11:50:00,7
LED002697,Branch Walk-in,CUS0004377,,0830719788,hopkinsbrittany@example.net,PRD-DG02,EMP00333,Contacted,2025-05-29T21:50:00,77
LED002698,Campaign,CUS0005068,,0971254888,brandon01@example.org,PRD-CC03,EMP00488,Qualified,2026-01-13T15:34:00,74
LED002699,Referral,CUS0009389,,0875444528,jlozano@example.org,PRD-CC04,EMP00289,Disqualified,2025-01-05T07:46:00,59
LED002700,Branch Walk-in,,ชัฎชา นวลเพ็ง,0958420590,rossmichael@example.com,PRD-DG02,EMP00076,Disqualified,2025-08-04T10:21:00,48
LED002701,Campaign,CUS0007739,,0923365810,claytonsusan@example.net,PRD-CC04,EMP00227,Disqualified,2026-01-19T09:44:00,57
LED002702,Cold Call,CUS0002500,,0922631137,owensjohn@example.com,PRD-SAL01,EMP00088,Converted,2025-10-05T19:31:00,27
LED002703,Branch Walk-in,CUS0001288,,0952878730,riceshawn@example.net,PRD-IN01,EMP00417,Qualified,2025-09-27T09:52:00,87
LED002704,Referral,,สมปอง สาระพันธ์,0675040381,amelton@example.org,PRD-WL01,EMP00113,Contacted,2025-03-15T20:51:00,7
LED002705,Web Form,,ภูวัน ผลบุญ,0667081709,gregorymiller@example.com,PRD-DG01,EMP00259,Disqualified,2025-07-11T05:56:00,8
LED002706,Web Form,CUS0002485,,0654578430,seanduffy@example.net,PRD-DG01,EMP00436,New,2026-01-16T22:44:00,64
LED002707,Web Form,,ฮานาฟี ขุนดำ,0956069532,debra07@example.org,PRD-SAL01,EMP00232,Qualified,2025-05-05T07:29:00,60
LED002708,Web Form,,เกษรา ศรีอุ่น,0988254025,francisharold@example.net,PRD-FD01,EMP00449,Qualified,2025-10-08T21:38:00,17
LED002709,Partner,,อุดมลักษณ์ ถ้วนศรี,0980871433,iwilliamson@example.org,PRD-LN03,EMP00219,Disqualified,2026-04-27T14:33:00,82
LED002710,Referral,CUS0000240,,0687256868,robinsonlinda@example.com,PRD-LN01,EMP00234,Disqualified,2025-11-04T21:49:00,28
LED002711,Web Form,CUS0007690,,0672015761,benjamin67@example.org,PRD-DC02,EMP00026,Disqualified,2025-04-16T03:59:00,71
LED002712,Cold Call,CUS0007189,,0913900882,matthew84@example.org,PRD-DC02,EMP00021,New,2026-04-07T02:57:00,44
LED002713,Partner,,ธมน ฉัพพรรณธนกูร,0899933487,watsondavid@example.com,PRD-SAV02,EMP00168,New,2025-09-06T07:25:00,72
LED002714,Cold Call,CUS0003636,,0991014319,katelyn98@example.com,PRD-LN03,EMP00146,Disqualified,2025-08-15T14:21:00,35
LED002715,Referral,CUS0004571,,0839790412,zalvarado@example.net,PRD-WL04,EMP00394,Converted,2025-02-26T00:06:00,20
LED002716,Web Form,,บุญญกัลป์ แก้วอยู่,0651278369,juan02@example.org,PRD-LN04,EMP00161,Disqualified,2025-05-11T02:03:00,1
LED002717,Cold Call,CUS0007706,,0922190176,lcastro@example.net,PRD-CUR01,EMP00141,New,2025-12-29T14:00:00,90
LED002718,Branch Walk-in,CUS0006981,,0618016352,kristin42@example.org,PRD-WL02,EMP00040,Contacted,2025-12-20T19:16:00,58
LED002719,Partner,CUS0005653,,0837832410,nancy51@example.com,PRD-DC01,EMP00199,Converted,2025-08-20T16:22:00,93
LED002720,Branch Walk-in,CUS0001926,,0840282713,nathan99@example.net,PRD-LN01,EMP00403,Contacted,2026-04-14T07:48:00,99
LED002721,Referral,,ซูฮัยดา นครเทพ,0637525409,don79@example.com,PRD-WL01,EMP00166,Disqualified,2025-07-25T22:18:00,43
LED002722,Campaign,CUS0007010,,0977635572,nthompson@example.net,PRD-FD03,EMP00303,Disqualified,2025-11-24T12:09:00,1
LED002723,Cold Call,CUS0008418,,0896755047,hannahwalker@example.net,PRD-SAV02,EMP00004,Qualified,2025-05-21T14:07:00,47
LED002724,Branch Walk-in,CUS0004648,,0877338539,janetfletcher@example.org,PRD-CC02,EMP00461,Converted,2025-01-26T17:04:00,13
LED002725,Cold Call,CUS0002028,,0896573046,icunningham@example.com,PRD-FD01,EMP00046,Qualified,2025-12-03T21:20:00,96
LED002726,Campaign,CUS0003785,,0689753107,kaylasims@example.org,PRD-SAV02,EMP00082,Contacted,2026-01-11T18:19:00,17
LED002727,Cold Call,CUS0007188,,0949422751,harrisheather@example.net,PRD-LN02,EMP00050,New,2026-02-18T23:24:00,63
LED002728,Partner,,เมทนี นับเนื่องนอ,0618347269,ntucker@example.org,PRD-IN02,EMP00309,Disqualified,2026-03-24T02:21:00,68
LED002729,Cold Call,,พิพิธธน บินดี,0813532713,brianvaughn@example.net,PRD-WL01,EMP00425,Qualified,2026-04-29T19:32:00,0
LED002730,Web Form,CUS0007532,,0963092256,fruiz@example.net,PRD-FD01,EMP00226,Converted,2025-05-02T17:44:00,58
LED002731,Campaign,,อนุวัช ตั้งกุลงาม,0957934869,andersonjeffery@example.net,PRD-LN03,EMP00253,Contacted,2025-08-13T04:57:00,45
LED002732,Partner,CUS0004292,,0622412768,brianwilliams@example.org,PRD-IN02,EMP00385,Contacted,2025-03-20T07:33:00,78
LED002733,Web Form,,อัญพัชร์ ทัศนสุทธิ,0950508092,jessica04@example.com,PRD-FD02,EMP00223,New,2025-04-05T03:19:00,68
LED002734,Referral,CUS0003029,,0968602294,chadgilbert@example.com,PRD-FD03,EMP00143,Converted,2025-10-14T07:20:00,38
LED002735,Partner,CUS0009576,,0975429032,jason89@example.com,PRD-SAL01,EMP00127,Converted,2025-04-28T15:12:00,91
LED002736,Campaign,CUS0008049,,0898699193,john86@example.net,PRD-LN02,EMP00290,Contacted,2025-09-21T23:57:00,15
LED002737,Web Form,,หรรษธร ตราชู,0841355147,jeffreyromero@example.net,PRD-WL02,EMP00098,Disqualified,2026-04-05T15:50:00,40
LED002738,Campaign,CUS0005421,,0678640982,timothyhoward@example.org,PRD-LN02,EMP00407,New,2026-01-19T02:21:00,4
LED002739,Cold Call,,ภาสวุฒิ เขียวอ่อน,0888342875,garrettolson@example.net,PRD-LN02,EMP00064,Contacted,2025-10-25T10:40:00,25
LED002740,Campaign,CUS0006516,,0999223111,csantiago@example.com,PRD-SAV01,EMP00325,Contacted,2025-02-25T08:05:00,55
LED002741,Web Form,CUS0003388,,0621884544,jmolina@example.com,PRD-DG02,EMP00113,Converted,2025-01-14T00:22:00,70
LED002742,Branch Walk-in,CUS0006572,,0867601134,jessicacarter@example.com,PRD-LN03,EMP00063,Contacted,2025-03-10T01:05:00,77
LED002743,Referral,CUS0006515,,0654201372,edwardskatherine@example.com,PRD-DC02,EMP00059,Qualified,2026-03-29T02:43:00,79
LED002744,Referral,,ณภัทร นับเนื่องนอ,0646857851,ruthkelly@example.net,PRD-CC02,EMP00426,Converted,2025-12-27T08:10:00,14
LED002745,Partner,CUS0002438,,0849010957,slee@example.org,PRD-DG01,EMP00235,New,2025-03-03T06:11:00,89
LED002746,Campaign,,สุรวัช หิรัญสาลี,0673789116,philipparker@example.net,PRD-WL01,EMP00230,New,2025-12-09T02:31:00,22
LED002747,Partner,CUS0009602,,0620664856,drose@example.org,PRD-IN01,EMP00417,Qualified,2025-08-28T09:27:00,9
LED002748,Cold Call,CUS0006479,,0985917428,leonardsheri@example.com,PRD-IN02,EMP00139,Contacted,2025-09-26T11:00:00,14
LED002749,Web Form,CUS0007812,,0660452368,ellislisa@example.net,PRD-FD02,EMP00208,New,2025-07-19T12:09:00,66
LED002750,Referral,CUS0003913,,0956892163,nelsonthomas@example.com,PRD-CC02,EMP00039,New,2025-11-03T04:33:00,97
LED002751,Referral,,ภูมิปัญญา ถิรสวัสดิ์,0645826926,burgessjames@example.com,PRD-FD01,EMP00016,Contacted,2026-04-22T04:25:00,80
LED002752,Campaign,CUS0005384,,0651616709,harveyrandall@example.org,PRD-CC01,EMP00070,Contacted,2025-05-26T23:47:00,0
LED002753,Branch Walk-in,,ภูวรา ชำนาญวาด,0935533258,ohall@example.com,PRD-CC03,EMP00063,Qualified,2025-09-13T06:41:00,91
LED002754,Referral,CUS0002163,,0850442055,jevans@example.com,PRD-CC03,EMP00362,Qualified,2025-02-11T00:43:00,14
LED002755,Campaign,,วรรณนิสา แก้วชลคราม,0985041528,sabrinawilson@example.com,PRD-DC02,EMP00283,Converted,2025-04-25T04:14:00,51
LED002756,Branch Walk-in,,ชัชนันท์ ขำเอนก,0965636365,denisecortez@example.com,PRD-WL03,EMP00378,Converted,2025-12-22T08:39:00,58
LED002757,Branch Walk-in,,สิรวัฒน์ เนตร์มณี,0988342471,jeffdaugherty@example.org,PRD-CC03,EMP00063,Disqualified,2025-08-01T09:31:00,68
LED002758,Branch Walk-in,CUS0003201,,0825042117,brandon56@example.net,PRD-DC01,EMP00127,Disqualified,2025-02-08T15:19:00,95
LED002759,Partner,,ณัฐจศักดิ์ ขันธุลา,0973831695,ashley87@example.net,PRD-CC04,EMP00363,New,2026-02-15T03:24:00,96
LED002760,Campaign,CUS0006387,,0653077214,victoriahunter@example.com,PRD-WL03,EMP00174,Disqualified,2026-03-05T00:52:00,91
LED002761,Web Form,,พชรภรณ์ ทุมะบุตร์,0925739362,normanshawn@example.net,PRD-IN02,EMP00103,New,2026-04-26T23:36:00,76
LED002762,Partner,CUS0004653,,0630791640,adriancox@example.com,PRD-WL01,EMP00380,Disqualified,2026-01-13T19:24:00,23
LED002763,Branch Walk-in,,สุภาพร ทองประดิฐ,0954834706,michele90@example.org,PRD-DG01,EMP00470,Qualified,2025-02-09T20:39:00,78
LED002764,Cold Call,CUS0004551,,0980773594,morsethomas@example.org,PRD-LN04,EMP00212,New,2026-02-13T17:59:00,94
LED002765,Campaign,,ศดิศ หอมสิน,0664100083,timothy70@example.org,PRD-WL03,EMP00312,Qualified,2026-03-08T13:57:00,16
LED002766,Partner,CUS0004943,,0955262931,marissa13@example.net,PRD-IN01,EMP00462,Disqualified,2026-04-25T01:55:00,86
LED002767,Branch Walk-in,CUS0001420,,0851387990,sgallagher@example.com,PRD-SAL01,EMP00241,New,2025-09-25T05:18:00,75
LED002768,Partner,CUS0001574,,0879016137,kellyrichards@example.org,PRD-SAL01,EMP00291,Qualified,2025-05-29T06:06:00,69
LED002769,Campaign,CUS0008478,,0963841662,gjohnson@example.com,PRD-IN01,EMP00185,Contacted,2025-04-27T03:03:00,55
LED002770,Branch Walk-in,CUS0002148,,0940098738,palmerjohn@example.net,PRD-DG02,EMP00202,Converted,2025-03-14T05:55:00,17
LED002771,Web Form,CUS0008404,,0947330692,sandovalcynthia@example.net,PRD-LN01,EMP00122,New,2025-12-07T03:27:00,60
LED002772,Campaign,CUS0005122,,0848213612,brennancurtis@example.net,PRD-IN01,EMP00313,Converted,2026-04-07T05:17:00,35
LED002773,Web Form,CUS0007615,,0680140694,zgreen@example.com,PRD-CUR01,EMP00190,Disqualified,2025-11-30T22:22:00,73
LED002774,Cold Call,CUS0006946,,0996844978,mgriffin@example.net,PRD-CC02,EMP00286,Converted,2026-01-13T09:55:00,77
LED002775,Cold Call,CUS0002014,,0913220457,callahanleslie@example.org,PRD-DG02,EMP00286,New,2025-06-10T06:30:00,4
LED002776,Partner,,พาสุข ซูสารอ,0882495028,seandavis@example.net,PRD-SAV01,EMP00416,Disqualified,2025-12-26T18:38:00,1
LED002777,Branch Walk-in,CUS0001926,,0637856041,shelly98@example.com,PRD-IN01,EMP00049,Qualified,2025-10-07T05:56:00,86
LED002778,Cold Call,CUS0008150,,0664319457,lgood@example.com,PRD-WL01,EMP00299,New,2025-03-22T08:03:00,80
LED002779,Web Form,CUS0005126,,0946393638,sharon17@example.org,PRD-CC02,EMP00254,Disqualified,2025-09-01T06:58:00,12
LED002780,Referral,,สุธินันท์ ถนัดอาวุธ,0636496837,heather71@example.org,PRD-IN01,EMP00263,Qualified,2026-02-10T02:54:00,43
LED002781,Referral,CUS0007027,,0922807925,itorres@example.com,PRD-WL02,EMP00350,New,2025-10-10T03:18:00,87
LED002782,Referral,,สินสมุทร ศรีสัตย์,0841924760,sstark@example.net,PRD-IN01,EMP00178,Qualified,2026-01-06T13:03:00,51
LED002783,Campaign,CUS0004959,,0891371365,xnguyen@example.com,PRD-CC03,EMP00336,Qualified,2025-10-10T09:08:00,41
LED002784,Web Form,,เทพณรงค์ เดชคุ้ม,0939472635,jdalton@example.org,PRD-SAV02,EMP00456,New,2025-01-12T13:08:00,9
LED002785,Cold Call,CUS0000695,,0977969619,keytanya@example.org,PRD-DG01,EMP00004,Disqualified,2025-06-07T08:59:00,44
LED002786,Cold Call,CUS0003944,,0638055329,robert68@example.com,PRD-CC03,EMP00255,Disqualified,2025-01-04T14:34:00,53
LED002787,Web Form,CUS0001314,,0973666277,jacobsonjames@example.net,PRD-CUR01,EMP00461,Converted,2025-05-19T06:47:00,64
LED002788,Branch Walk-in,CUS0000409,,0644607561,nicolesimmons@example.net,PRD-SAV01,EMP00454,Disqualified,2025-02-14T06:42:00,18
LED002789,Referral,,บุญนพ บินดี,0976527694,upadilla@example.net,PRD-CC03,EMP00321,Converted,2025-12-02T23:14:00,6
LED002790,Campaign,,อนุบาล ศรีวงค์,0843744704,hubbardmichael@example.net,PRD-FD01,EMP00400,Contacted,2025-09-08T07:09:00,95
LED002791,Branch Walk-in,CUS0008632,,0944628197,gramirez@example.org,PRD-SAV02,EMP00313,Qualified,2025-04-28T22:04:00,93
LED002792,Campaign,CUS0007369,,0856463431,ttaylor@example.net,PRD-IN01,EMP00204,Qualified,2026-03-12T09:47:00,11
LED002793,Campaign,,อัญพัชร์ ถนัดอักษร,0813937273,andreaduncan@example.net,PRD-FD02,EMP00213,Disqualified,2025-05-10T05:41:00,34
LED002794,Cold Call,,กะดิรัตน์ ถนิมมาศ,0616274418,sarahgates@example.net,PRD-CC02,EMP00138,Disqualified,2026-04-22T13:59:00,20
LED002795,Branch Walk-in,CUS0004529,,0943423100,steven79@example.com,PRD-SAV01,EMP00394,Contacted,2025-07-12T17:34:00,80
LED002796,Web Form,,วณัฐดา นุ่มกัน,0955304084,jbarnes@example.com,PRD-CC02,EMP00023,Contacted,2025-08-03T02:46:00,74
LED002797,Branch Walk-in,CUS0005486,,0832800818,qbradley@example.net,PRD-DG02,EMP00487,Disqualified,2025-02-15T06:10:00,0
LED002798,Referral,CUS0007174,,0642575046,merritttroy@example.com,PRD-DG01,EMP00242,Qualified,2025-10-16T07:11:00,97
LED002799,Campaign,,สมมล ดิศดใน,0992838183,ian99@example.com,PRD-LN02,EMP00267,Qualified,2025-10-27T19:07:00,87
LED002800,Referral,,กุลภาวลัย นับเนื่องนอ,0995770070,toddjose@example.org,PRD-CC02,EMP00464,Contacted,2025-10-16T06:53:00,14
LED002801,Cold Call,,เจตธนากร ถนัดพิมพการ,0868105685,brandonsolis@example.org,PRD-LN04,EMP00270,Disqualified,2026-04-08T07:09:00,24
LED002802,Cold Call,CUS0005091,,0886473154,kyle64@example.com,PRD-LN04,EMP00187,New,2025-09-23T00:38:00,51
LED002803,Referral,CUS0004278,,0863312152,omorris@example.net,PRD-CC01,EMP00173,New,2025-01-29T01:42:00,57
LED002804,Campaign,CUS0005651,,0642310570,millerbrian@example.org,PRD-LN04,EMP00151,Converted,2025-12-24T20:20:00,19
LED002805,Branch Walk-in,CUS0001369,,0615370282,deannawright@example.org,PRD-LN04,EMP00244,Qualified,2025-03-22T16:56:00,16
LED002806,Branch Walk-in,CUS0007935,,0975789960,cgreen@example.com,PRD-WL04,EMP00468,Qualified,2025-07-16T10:55:00,25
LED002807,Branch Walk-in,,อาฮามัด ถนัดการเขียน,0968379708,seanchambers@example.org,PRD-CUR01,EMP00342,Contacted,2026-03-10T02:51:00,12
LED002808,Branch Walk-in,CUS0009996,,0916200230,salazarmichael@example.org,PRD-FD01,EMP00072,Disqualified,2025-08-04T15:50:00,31
LED002809,Referral,CUS0007470,,0822617577,jwalker@example.net,PRD-CC04,EMP00228,Contacted,2025-12-23T13:53:00,28
LED002810,Partner,,สราญจิตต์ แจ้งสว่าง,0974123690,shelly42@example.org,PRD-CC04,EMP00323,Disqualified,2025-06-08T00:40:00,88
LED002811,Partner,,ภูมิปัญญา นาควงษ์,0640580238,stevenstewart@example.org,PRD-CC04,EMP00192,Converted,2025-11-28T15:26:00,40
LED002812,Web Form,CUS0000145,,0810961931,alvarezmonica@example.net,PRD-WL03,EMP00488,Disqualified,2026-04-27T22:22:00,14
LED002813,Cold Call,CUS0007611,,0630786096,andreabrown@example.org,PRD-WL04,EMP00461,Qualified,2025-03-06T12:44:00,88
LED002814,Branch Walk-in,CUS0005622,,0682287252,andreaneal@example.org,PRD-CC02,EMP00383,Qualified,2025-03-22T15:37:00,10
LED002815,Partner,CUS0004131,,0867592065,gregory73@example.com,PRD-DC01,EMP00312,Disqualified,2025-02-25T12:31:00,87
LED002816,Web Form,CUS0008710,,0913179106,eileenrojas@example.net,PRD-CC04,EMP00185,Qualified,2025-10-13T14:17:00,16
LED002817,Cold Call,,เอกอธิพงษ์ ตั้งเผ่า,0860545060,lawrence37@example.org,PRD-DC02,EMP00197,Converted,2026-02-23T04:26:00,60
LED002818,Web Form,CUS0000696,,0697457860,vhowell@example.net,PRD-DC01,EMP00478,Converted,2026-03-07T15:37:00,78
LED002819,Cold Call,,ศิรณัฐ ยะผา,0646183721,thomasking@example.com,PRD-DG02,EMP00420,New,2026-03-06T15:41:00,76
LED002820,Campaign,,โกวิทย์ นิยมเซียม,0856538995,myoung@example.net,PRD-DC02,EMP00218,Disqualified,2026-03-28T17:07:00,38
LED002821,Cold Call,,เฉลิมพล ขอหมั่นกลาง,0978318846,fryenathan@example.org,PRD-SAL01,EMP00372,New,2025-11-23T09:01:00,23
LED002822,Campaign,CUS0006305,,0658484455,xcannon@example.com,PRD-LN04,EMP00406,Qualified,2025-11-25T13:11:00,97
LED002823,Cold Call,,เชิงชาย แท่นทอง,0635235067,raymondpeters@example.org,PRD-FD02,EMP00396,Contacted,2025-09-02T15:39:00,30
LED002824,Cold Call,CUS0001787,,0859999664,stephanie61@example.org,PRD-SAL01,EMP00450,New,2026-03-06T16:23:00,61
LED002825,Web Form,CUS0003010,,0669176029,matthewlee@example.com,PRD-FD01,EMP00474,Contacted,2026-03-06T19:45:00,11
LED002826,Web Form,,ปิยบุตร ด้วงโสน,0884083227,johnsondylan@example.com,PRD-FD02,EMP00318,Disqualified,2025-07-11T02:47:00,65
LED002827,Referral,CUS0007895,,0685412322,williamstracey@example.com,PRD-SAV02,EMP00208,Qualified,2026-04-01T16:24:00,70
LED002828,Partner,CUS0001507,,0911539217,andrea48@example.com,PRD-CC02,EMP00130,Contacted,2026-04-17T02:57:00,90
LED002829,Web Form,CUS0004397,,0631117750,owelch@example.com,PRD-DG01,EMP00191,New,2026-04-01T18:05:00,36
LED002830,Referral,,คณภรณ์ ธัญเสถียร,0889634653,stevenbaker@example.com,PRD-CC02,EMP00457,Converted,2026-02-21T20:05:00,4
LED002831,Web Form,,วันชนก บุนยาภิสนท์,0960574164,nwalker@example.net,PRD-LN04,EMP00364,Contacted,2026-03-14T08:36:00,24
LED002832,Referral,CUS0009014,,0966473312,wsmith@example.org,PRD-CC01,EMP00409,Disqualified,2025-02-27T05:35:00,69
LED002833,Campaign,CUS0001524,,0992292603,mmoore@example.net,PRD-IN02,EMP00172,New,2026-02-10T17:31:00,76
LED002834,Partner,,จริยฉัตร ถนัดพิมพการ,0961237751,william84@example.com,PRD-WL01,EMP00361,Disqualified,2026-03-21T11:06:00,19
LED002835,Web Form,,ฤทธิ์ชกร ธูปหอม,0996087891,briangarcia@example.com,PRD-SAL01,EMP00246,Disqualified,2025-09-29T07:24:00,32
LED002836,Web Form,,สุรวัช ดุษฎีวนิช,0876497184,ualvarez@example.com,PRD-FD02,EMP00444,New,2026-04-13T03:40:00,74
LED002837,Partner,CUS0009619,,0644551718,michelledavis@example.com,PRD-LN01,EMP00104,New,2025-09-14T19:28:00,48
LED002838,Campaign,,ปุณณรัตน์ ถะเกิงชศ,0992421813,callen@example.org,PRD-LN01,EMP00490,Qualified,2026-01-17T06:05:00,27
LED002839,Cold Call,CUS0002727,,0952297616,tracygray@example.com,PRD-CC04,EMP00408,Disqualified,2025-04-19T18:09:00,16
LED002840,Partner,,กิติวัฒน์ เพียยา,0661805318,drew89@example.org,PRD-IN01,EMP00014,Contacted,2025-03-12T06:50:00,11
LED002841,Partner,,ภานุพล ฉัตรอภิเที่ยงค่ำ,0857759212,carsonrhonda@example.org,PRD-DG01,EMP00388,Contacted,2026-03-16T22:42:00,44
LED002842,Web Form,CUS0006649,,0682774803,jennifer51@example.net,PRD-CC04,EMP00079,Qualified,2025-07-29T02:55:00,90
LED002843,Partner,CUS0002784,,0950673959,barnesalexander@example.com,PRD-WL03,EMP00211,Disqualified,2025-02-21T21:28:00,55
LED002844,Branch Walk-in,CUS0007596,,0656428384,dwillis@example.net,PRD-CC02,EMP00430,Qualified,2025-03-04T17:36:00,17
LED002845,Partner,CUS0009118,,0950347584,kristen59@example.org,PRD-WL04,EMP00087,New,2025-04-12T18:07:00,54
LED002846,Web Form,,เจษฎากร ดุษฎีวนิช,0982151949,kendra48@example.net,PRD-LN03,EMP00254,Disqualified,2025-12-17T16:14:00,74
LED002847,Cold Call,,รอกีเย๊าะ เนื่องนนท์,0699109470,candace06@example.net,PRD-LN03,EMP00159,Contacted,2025-04-03T12:07:00,68
LED002848,Campaign,,นพ ธรรมนิยม,0919012053,tjenkins@example.net,PRD-WL01,EMP00451,Qualified,2026-04-01T11:40:00,55
LED002849,Referral,,รัฐพงษ์ ธีวร,0967937451,michael53@example.com,PRD-LN01,EMP00161,Disqualified,2025-03-19T15:54:00,63
LED002850,Web Form,CUS0000763,,0934812640,hollymalone@example.org,PRD-CUR01,EMP00288,New,2025-05-25T17:02:00,20
LED002851,Campaign,CUS0002153,,0610101774,zacharynguyen@example.com,PRD-FD02,EMP00208,Converted,2025-02-23T09:16:00,32
LED002852,Referral,,คณภรณ์ ถนัดเดินข่าว,0861449634,justin31@example.org,PRD-WL03,EMP00294,Disqualified,2025-12-26T02:03:00,52
LED002853,Branch Walk-in,CUS0005347,,0888654833,adamjones@example.org,PRD-SAL01,EMP00336,Qualified,2025-04-18T22:50:00,91
LED002854,Cold Call,CUS0003246,,0619039094,burnsjonathan@example.com,PRD-SAV01,EMP00093,Converted,2025-04-27T05:12:00,3
LED002855,Partner,CUS0005584,,0861967845,barnespamela@example.org,PRD-FD01,EMP00435,Converted,2025-08-03T12:44:00,94
LED002856,Campaign,,เนตรฤดี เตชะกำพุ,0699299801,megan32@example.org,PRD-CC02,EMP00037,Qualified,2025-01-12T07:35:00,59
LED002857,Partner,,หล้า ทวนทอง,0639050316,archertara@example.org,PRD-FD02,EMP00334,Converted,2026-02-09T07:27:00,94
LED002858,Partner,CUS0004655,,0963771362,caitlin76@example.com,PRD-CC02,EMP00235,New,2025-03-17T22:11:00,48
LED002859,Cold Call,,อุษณีย์ แน่นดุจป้อม,0628778401,daniellewright@example.org,PRD-DG02,EMP00081,Disqualified,2026-04-19T00:51:00,45
LED002860,Referral,CUS0002666,,0923114286,jessicajones@example.org,PRD-SAV01,EMP00404,New,2025-11-08T22:52:00,81
LED002861,Cold Call,CUS0007194,,0958811402,robert28@example.org,PRD-WL01,EMP00224,Qualified,2025-09-12T19:22:00,23
LED002862,Campaign,CUS0000187,,0613614422,tiffanyburns@example.org,PRD-LN01,EMP00213,Disqualified,2025-06-04T05:48:00,69
LED002863,Referral,,กนกเนตร ไชยภา,0890725817,olivermatthew@example.net,PRD-WL01,EMP00038,Qualified,2025-01-02T13:47:00,47
LED002864,Campaign,CUS0000552,,0810079527,douglasbishop@example.net,PRD-LN02,EMP00219,Contacted,2025-05-19T10:39:00,72
LED002865,Branch Walk-in,CUS0008942,,0641772911,frank69@example.org,PRD-WL01,EMP00115,Converted,2025-09-13T05:39:00,54
LED002866,Web Form,CUS0005623,,0878778915,robertsonchris@example.org,PRD-FD03,EMP00379,New,2025-07-27T23:43:00,97
LED002867,Referral,CUS0003477,,0927103873,lonniewilson@example.net,PRD-LN01,EMP00456,Contacted,2025-05-20T12:29:00,70
LED002868,Branch Walk-in,,ศศิรินทร์ ตรีเภรินทร์,0948291789,kenneth64@example.net,PRD-CC01,EMP00435,New,2025-06-19T00:52:00,61
LED002869,Web Form,,เทียมศักดิ์ ซาซุม,0842179639,vsanders@example.com,PRD-FD03,EMP00487,New,2026-02-08T08:31:00,80
LED002870,Partner,,นภัสรินทร์ ศรีเผด็จ,0924826344,phamadam@example.com,PRD-LN03,EMP00229,Contacted,2026-01-31T21:59:00,92
LED002871,Referral,CUS0002666,,0942285543,benjaminanderson@example.net,PRD-WL04,EMP00125,Qualified,2025-02-24T17:29:00,33
LED002872,Campaign,,อัญชัญ บุญบำรุง,0613487490,karenromero@example.net,PRD-FD02,EMP00066,Contacted,2025-02-15T22:05:00,33
LED002873,Web Form,,วรรณาต ทหารแท้,0940171260,wellsanthony@example.org,PRD-FD02,EMP00270,Qualified,2025-09-11T20:58:00,59
LED002874,Campaign,CUS0004126,,0893529468,betty26@example.org,PRD-CUR01,EMP00388,Contacted,2025-06-21T03:26:00,56
LED002875,Campaign,CUS0001777,,0833542173,derekgill@example.net,PRD-DG01,EMP00311,Converted,2025-05-04T03:38:00,96
LED002876,Referral,,สันชัย ฉัตรอภิเที่ยงค่ำ,0980651164,kimberlyroberts@example.org,PRD-SAL01,EMP00116,Contacted,2026-02-12T06:05:00,84
LED002877,Campaign,CUS0007952,,0917137693,brian62@example.net,PRD-WL02,EMP00358,Qualified,2026-03-01T05:34:00,20
LED002878,Cold Call,CUS0001401,,0821863121,lfisher@example.net,PRD-LN02,EMP00244,Converted,2026-02-16T10:56:00,46
LED002879,Cold Call,CUS0000945,,0824343362,wmiles@example.net,PRD-FD02,EMP00388,Qualified,2025-06-15T07:54:00,95
LED002880,Campaign,CUS0001454,,0899183876,kevinnorton@example.com,PRD-SAV02,EMP00087,Qualified,2025-10-28T18:48:00,33
LED002881,Referral,,ฐิติกุล สงประเสริฐ,0813038646,kathryngilbert@example.net,PRD-FD01,EMP00031,Converted,2025-06-21T12:24:00,7
LED002882,Web Form,CUS0007286,,0976546186,dean17@example.org,PRD-IN01,EMP00065,Disqualified,2025-05-25T17:07:00,45
LED002883,Partner,,โสภณ เขียวขุ้ย,0619986850,lisaroberts@example.net,PRD-SAV01,EMP00052,New,2025-02-21T01:31:00,44
LED002884,Web Form,,จุฑาภรณ์ ถาวรรัตน,0639420191,baileyhenry@example.org,PRD-CC04,EMP00041,Qualified,2026-01-30T08:49:00,43
LED002885,Cold Call,CUS0001539,,0983025010,cdiaz@example.com,PRD-SAL01,EMP00251,Contacted,2025-08-25T22:22:00,24
LED002886,Web Form,CUS0008447,,0610934084,riosjacqueline@example.net,PRD-WL04,EMP00175,Contacted,2025-08-23T02:12:00,0
LED002887,Web Form,CUS0000198,,0876191217,joshua70@example.org,PRD-CC01,EMP00009,New,2025-04-28T10:03:00,42
LED002888,Web Form,CUS0009345,,0943807791,john72@example.org,PRD-LN02,EMP00090,Disqualified,2025-07-05T14:54:00,0
LED002889,Branch Walk-in,CUS0009325,,0622306419,twilliams@example.com,PRD-WL03,EMP00095,Disqualified,2026-03-04T22:12:00,53
LED002890,Cold Call,CUS0009748,,0848817395,russell59@example.org,PRD-IN01,EMP00288,New,2026-04-23T00:28:00,85
LED002891,Cold Call,,ปภาวรินทร์ ทับทิมไทย,0621364323,jeffrey37@example.org,PRD-IN01,EMP00102,Qualified,2025-01-31T10:46:00,57
LED002892,Branch Walk-in,,นาตยา ดาวกระจาย,0963107512,garzarebekah@example.com,PRD-IN01,EMP00327,Converted,2025-12-03T20:34:00,12
LED002893,Referral,,นพวรรณ ถนัดหัตถกรรม,0844628833,connorbrown@example.com,PRD-DG01,EMP00376,Disqualified,2025-05-12T08:22:00,37
LED002894,Branch Walk-in,CUS0001475,,0899439953,alutz@example.org,PRD-WL02,EMP00374,Converted,2025-09-30T22:09:00,96
LED002895,Cold Call,,ณัฐธภรณ์ จันทา,0688648550,hnash@example.org,PRD-LN01,EMP00071,Qualified,2025-07-03T01:04:00,44
LED002896,Campaign,,ศรีสวัสดิ์ ทรงโกมล,0828466659,leedaniel@example.org,PRD-WL02,EMP00197,New,2025-08-18T04:58:00,61
LED002897,Web Form,CUS0007569,,0968062888,andrew03@example.net,PRD-DC02,EMP00081,Converted,2025-10-18T14:43:00,28
LED002898,Cold Call,CUS0001540,,0921219317,jason20@example.org,PRD-WL03,EMP00276,Contacted,2025-07-20T18:37:00,43
LED002899,Referral,CUS0009066,,0948491959,gsmall@example.com,PRD-DC02,EMP00296,Qualified,2025-07-02T00:15:00,26
LED002900,Cold Call,CUS0008357,,0861726732,jessica80@example.net,PRD-LN01,EMP00320,Qualified,2025-06-06T06:44:00,70
LED002901,Referral,CUS0008450,,0614310175,rbeasley@example.com,PRD-WL01,EMP00312,Disqualified,2025-05-10T14:27:00,3
LED002902,Campaign,CUS0006504,,0975358412,msolis@example.org,PRD-IN02,EMP00487,Converted,2025-12-09T19:12:00,61
LED002903,Branch Walk-in,,อัญชัญ ขันธุลา,0689142658,bobby49@example.net,PRD-FD03,EMP00125,Disqualified,2025-04-08T14:59:00,42
LED002904,Branch Walk-in,,ฐิติยาพร ทศโยธิน,0634734474,awallace@example.net,PRD-DG01,EMP00312,Qualified,2025-02-18T06:40:00,53
LED002905,Referral,,วุฒิ พรรษาสกุล,0934163977,michaelschultz@example.com,PRD-WL04,EMP00438,Converted,2026-01-10T07:51:00,67
LED002906,Partner,CUS0007563,,0845955524,tracywalton@example.org,PRD-CC04,EMP00313,New,2025-06-25T15:12:00,62
LED002907,Cold Call,CUS0007540,,0810833195,sbuchanan@example.org,PRD-LN02,EMP00447,Disqualified,2025-07-13T09:39:00,25
LED002908,Web Form,CUS0005492,,0822336570,royreynolds@example.org,PRD-WL03,EMP00414,New,2025-07-08T16:51:00,9
LED002909,Referral,CUS0007765,,0831964937,zgarcia@example.net,PRD-CC01,EMP00276,New,2025-02-15T15:08:00,39
LED002910,Cold Call,CUS0004923,,0896622836,jessica31@example.net,PRD-WL04,EMP00416,Qualified,2025-09-24T14:29:00,48
LED002911,Referral,CUS0008730,,0854378854,allisonwilliam@example.org,PRD-WL01,EMP00179,Contacted,2025-10-26T15:54:00,99
LED002912,Referral,,เพทาย เขียวขุ้ย,0635843038,joseph35@example.org,PRD-WL02,EMP00210,Qualified,2025-05-19T00:10:00,18
LED002913,Cold Call,CUS0008600,,0635751885,jennifer86@example.org,PRD-DC01,EMP00216,New,2026-03-12T20:31:00,36
LED002914,Branch Walk-in,CUS0002311,,0867480375,heather31@example.com,PRD-SAL01,EMP00384,Converted,2026-01-15T22:11:00,99
LED002915,Campaign,CUS0008243,,0652474566,hromero@example.org,PRD-DC01,EMP00170,Converted,2025-06-17T10:08:00,45
LED002916,Partner,,ฟิรยา บุณยะภาชน์,0866983782,martinezjimmy@example.com,PRD-CC03,EMP00021,Converted,2025-03-10T12:49:00,45
LED002917,Referral,,จุฑารัตน์ นิระหานี,0879444337,maryjackson@example.com,PRD-WL02,EMP00299,Converted,2025-08-06T14:16:00,18
LED002918,Web Form,CUS0007241,,0969115795,oboone@example.net,PRD-LN03,EMP00293,New,2025-11-25T05:33:00,10
LED002919,Campaign,CUS0003328,,0920649904,jonathanlarson@example.com,PRD-FD01,EMP00411,Qualified,2025-06-14T06:25:00,75
LED002920,Referral,CUS0006024,,0659207544,phughes@example.net,PRD-DG01,EMP00059,Disqualified,2026-02-12T00:02:00,25
LED002921,Web Form,CUS0009111,,0668546596,christopher70@example.org,PRD-CC03,EMP00014,Disqualified,2026-04-25T02:25:00,91
LED002922,Cold Call,CUS0009017,,0999600062,kcurtis@example.com,PRD-FD03,EMP00097,Qualified,2026-03-22T01:09:00,60
LED002923,Campaign,CUS0009242,,0932780993,kayla67@example.com,PRD-CC04,EMP00029,Contacted,2026-04-24T02:01:00,54
LED002924,Campaign,CUS0009706,,0893212143,valdezanthony@example.com,PRD-LN01,EMP00263,Disqualified,2025-05-22T21:24:00,11
LED002925,Partner,,วิถี ธีวร,0974093897,judith95@example.net,PRD-IN02,EMP00331,New,2026-03-14T07:32:00,2
LED002926,Cold Call,CUS0009213,,0967313527,aimee63@example.org,PRD-FD01,EMP00477,New,2026-04-13T12:42:00,56
LED002927,Web Form,,มนัส อุลหัสสา,0829390267,nicholasharris@example.net,PRD-LN02,EMP00463,Contacted,2025-05-13T19:14:00,69
LED002928,Partner,CUS0003127,,0643565329,rachel60@example.org,PRD-WL04,EMP00229,Contacted,2026-02-26T20:22:00,21
LED002929,Cold Call,CUS0004941,,0894742944,arthurwest@example.org,PRD-LN01,EMP00195,Converted,2026-04-23T01:11:00,7
LED002930,Partner,CUS0003516,,0991153512,conniepearson@example.net,PRD-SAL01,EMP00230,Contacted,2025-12-23T06:53:00,15
LED002931,Partner,CUS0007297,,0684315416,rickey37@example.com,PRD-CC04,EMP00030,Disqualified,2025-05-29T00:46:00,100
LED002932,Cold Call,CUS0006212,,0991090805,guzmankelly@example.org,PRD-DC02,EMP00489,Qualified,2026-04-22T11:50:00,23
LED002933,Campaign,,ลัดดา บุญศล,0956361744,wschneider@example.com,PRD-CC04,EMP00479,Converted,2025-01-30T21:01:00,69
LED002934,Cold Call,CUS0004532,,0925870671,tammy57@example.com,PRD-DC02,EMP00459,Qualified,2026-02-15T13:42:00,63
LED002935,Cold Call,CUS0002141,,0847568559,stanleycruz@example.org,PRD-IN01,EMP00298,Contacted,2025-12-15T05:14:00,47
LED002936,Campaign,,ปฐม ขุนดำ,0981837241,martinezeric@example.com,PRD-SAV02,EMP00447,Converted,2026-01-10T19:27:00,94
LED002937,Web Form,CUS0006074,,0660987707,heidi55@example.net,PRD-DG01,EMP00479,Contacted,2025-01-23T17:02:00,61
LED002938,Cold Call,CUS0009191,,0698003518,derek43@example.net,PRD-CC03,EMP00039,Converted,2025-01-07T22:24:00,46
LED002939,Branch Walk-in,CUS0003180,,0682740699,hojessica@example.com,PRD-SAV01,EMP00429,Disqualified,2025-05-22T22:59:00,66
LED002940,Campaign,CUS0003460,,0682881460,richardpowell@example.net,PRD-CC04,EMP00295,New,2025-09-09T21:11:00,81
LED002941,Cold Call,CUS0000687,,0988075294,lmurray@example.org,PRD-DG01,EMP00306,Qualified,2026-03-15T22:52:00,69
LED002942,Partner,,ยศพงศ์ วิลาสินี,0926576019,jamescampbell@example.org,PRD-WL03,EMP00148,New,2025-10-19T07:39:00,29
LED002943,Web Form,,วรรณชนะชัย นฤทุกข์,0822532119,mwarner@example.com,PRD-SAV02,EMP00278,New,2025-12-13T06:28:00,53
LED002944,Branch Walk-in,,สรายุทธ หอมสิน,0677827097,turnercody@example.net,PRD-LN02,EMP00011,Disqualified,2026-04-13T00:14:00,12
LED002945,Branch Walk-in,CUS0003765,,0884238267,rbrooks@example.org,PRD-DC02,EMP00366,Disqualified,2025-05-28T08:36:00,91
LED002946,Partner,CUS0009571,,0810102693,ksmith@example.org,PRD-DG02,EMP00225,Contacted,2025-11-19T12:04:00,90
LED002947,Partner,CUS0005421,,0690597193,hjohnson@example.net,PRD-SAL01,EMP00134,Contacted,2025-07-27T17:35:00,87
LED002948,Referral,,ประเสริฐ นาคพันธุ์,0990910679,peterbooth@example.org,PRD-FD03,EMP00050,Disqualified,2025-03-15T08:50:00,1
LED002949,Referral,,กุลปรียา วาทา,0633220167,lozanobill@example.org,PRD-WL03,EMP00146,Converted,2025-06-30T04:03:00,87
LED002950,Web Form,CUS0005734,,0976634865,hornbrent@example.com,PRD-FD03,EMP00290,New,2026-04-28T17:40:00,29
LED002951,Campaign,CUS0006318,,0654351588,saundersdavid@example.net,PRD-FD02,EMP00075,Qualified,2026-01-11T01:22:00,48
LED002952,Web Form,CUS0005890,,0667335174,brownrandall@example.com,PRD-DC02,EMP00446,Qualified,2025-01-08T16:59:00,0
LED002953,Campaign,CUS0000990,,0658018192,nancyjensen@example.net,PRD-CC04,EMP00368,New,2025-06-19T10:33:00,86
LED002954,Branch Walk-in,CUS0005816,,0694782143,markthompson@example.org,PRD-LN02,EMP00071,Contacted,2025-09-19T21:04:00,72
LED002955,Branch Walk-in,CUS0000980,,0971114234,williamelliott@example.net,PRD-DC02,EMP00225,Disqualified,2025-06-04T10:31:00,79
LED002956,Web Form,CUS0009552,,0644385996,hmontgomery@example.com,PRD-WL04,EMP00271,Disqualified,2025-07-02T09:45:00,41
LED002957,Campaign,,ขวัญรุ้ง ขุนดำ,0610031777,darrellbrown@example.com,PRD-SAL01,EMP00383,Disqualified,2025-03-30T04:19:00,92
LED002958,Referral,CUS0009599,,0982474565,cruiz@example.com,PRD-DC01,EMP00103,Qualified,2025-06-18T18:29:00,21
LED002959,Branch Walk-in,CUS0006444,,0623857058,crystal61@example.org,PRD-SAV02,EMP00209,Converted,2025-04-02T18:53:00,20
LED002960,Campaign,CUS0001670,,0669533527,ischwartz@example.com,PRD-WL02,EMP00284,New,2025-04-28T23:23:00,93
LED002961,Cold Call,,ยุลิน แถมธน,0860802717,jonathan26@example.org,PRD-FD01,EMP00398,New,2026-04-28T16:23:00,42
LED002962,Branch Walk-in,,วิรศักดิ์ บัวเผื่อน,0889923723,kristi19@example.com,PRD-LN02,EMP00087,Qualified,2025-12-14T19:38:00,43
LED002963,Branch Walk-in,,เทพณรงค์ ถิรสวัสดิ์,0664222670,bautistarachael@example.com,PRD-WL03,EMP00287,Qualified,2026-02-15T11:05:00,15
LED002964,Campaign,CUS0000287,,0819371057,hollycrawford@example.com,PRD-FD03,EMP00409,Converted,2025-08-26T23:35:00,31
LED002965,Campaign,CUS0007258,,0954399671,howelldonald@example.net,PRD-LN03,EMP00322,Disqualified,2025-06-22T01:55:00,81
LED002966,Cold Call,,ฉัตรปรียา ปานสุวรรณ,0885732436,smithlauren@example.net,PRD-WL01,EMP00182,Contacted,2026-01-21T04:15:00,82
LED002967,Web Form,,ภูวัน พานเกล้า,0822277871,douglasdavidson@example.com,PRD-SAL01,EMP00176,Contacted,2026-02-08T06:37:00,57
LED002968,Branch Walk-in,CUS0008196,,0651367156,sanchezdawn@example.net,PRD-IN02,EMP00399,Contacted,2025-10-07T08:59:00,47
LED002969,Referral,CUS0008622,,0636138781,marcusbrooks@example.com,PRD-LN02,EMP00060,Contacted,2025-11-26T22:05:00,8
LED002970,Web Form,CUS0007905,,0835987644,christine96@example.org,PRD-DG02,EMP00323,Converted,2026-04-27T05:32:00,36
LED002971,Cold Call,CUS0004717,,0926767854,peter31@example.net,PRD-CUR01,EMP00267,Contacted,2025-12-27T00:43:00,11
LED002972,Web Form,,กฤตเมธ อุลหัสสา,0933102040,obartlett@example.net,PRD-DG02,EMP00336,Disqualified,2025-04-20T14:37:00,95
LED002973,Referral,,จุฑาภรณ์ แนวพญา,0822009137,nrodgers@example.org,PRD-LN01,EMP00145,Contacted,2025-11-25T09:14:00,2
LED002974,Referral,CUS0002000,,0986911206,callahanbruce@example.org,PRD-CUR01,EMP00040,Qualified,2025-11-07T07:49:00,76
LED002975,Referral,CUS0000326,,0617235954,dsanders@example.org,PRD-IN01,EMP00439,Qualified,2025-08-06T10:42:00,65
LED002976,Branch Walk-in,CUS0003191,,0922341835,heiditrujillo@example.org,PRD-CC03,EMP00348,New,2025-12-25T22:05:00,77
LED002977,Partner,CUS0006209,,0957187763,tcastro@example.net,PRD-LN04,EMP00339,Contacted,2026-01-06T11:13:00,0
LED002978,Referral,,จด วิลาสินี,0676425765,morriskathleen@example.net,PRD-FD02,EMP00144,New,2025-02-03T17:21:00,35
LED002979,Branch Walk-in,,สิริรัตน์ จันอ้น,0623942736,imclaughlin@example.com,PRD-LN03,EMP00063,Disqualified,2025-07-22T01:17:00,3
LED002980,Partner,,ภานุพล บัวเผื่อน,0830200638,bowenangelica@example.org,PRD-CC04,EMP00487,Contacted,2026-01-13T10:16:00,97
LED002981,Campaign,CUS0007262,,0832847322,samantha57@example.net,PRD-WL03,EMP00438,Contacted,2026-01-01T09:50:00,81
LED002982,Cold Call,CUS0002156,,0631264304,mcleanrodney@example.org,PRD-CC02,EMP00493,New,2026-01-13T22:36:00,50
LED002983,Campaign,CUS0006842,,0941287811,nbentley@example.net,PRD-WL04,EMP00040,Contacted,2025-08-06T14:49:00,34
LED002984,Cold Call,CUS0001675,,0677656930,fjohnson@example.com,PRD-CC03,EMP00481,New,2026-04-08T07:53:00,69
LED002985,Web Form,CUS0008378,,0982672218,cassidy00@example.net,PRD-CUR01,EMP00439,Contacted,2026-04-25T16:54:00,88
LED002986,Web Form,CUS0002803,,0947412483,caseycampos@example.net,PRD-LN03,EMP00365,New,2025-11-19T18:48:00,14
LED002987,Branch Walk-in,,ฮานาฟี ถนอมพล,0893860063,hessmark@example.org,PRD-LN01,EMP00332,New,2026-03-18T09:51:00,5
LED002988,Partner,CUS0007735,,0656259340,kimhunter@example.org,PRD-WL02,EMP00179,Converted,2025-07-07T22:29:00,93
LED002989,Cold Call,,วรปรัชญ์ นฤภัย,0661383404,phelpsroberto@example.com,PRD-FD01,EMP00028,Disqualified,2025-10-16T10:46:00,65
LED002990,Campaign,,ถนอมชัย ถนัดกลึง,0680455312,lisa14@example.net,PRD-WL01,EMP00210,Contacted,2025-05-06T00:55:00,21
LED002991,Partner,,ฟารินี เจริญรัมย์,0628452906,fmclean@example.com,PRD-IN01,EMP00102,Contacted,2025-07-12T02:47:00,37
LED002992,Referral,CUS0003900,,0860892311,rebekah23@example.org,PRD-WL04,EMP00341,Converted,2025-11-08T05:40:00,17
LED002993,Cold Call,CUS0009904,,0698777168,melissabeltran@example.org,PRD-LN02,EMP00058,Contacted,2025-08-01T11:57:00,17
LED002994,Partner,CUS0001027,,0967944661,vthornton@example.org,PRD-IN01,EMP00031,New,2025-08-03T04:10:00,1
LED002995,Campaign,,เพียงกมล ตั้งเผ่า,0993160784,eric06@example.com,PRD-FD01,EMP00222,Qualified,2025-08-30T16:16:00,4
LED002996,Web Form,CUS0007428,,0974011909,sanderswendy@example.com,PRD-CUR01,EMP00055,Disqualified,2026-04-03T05:13:00,100
LED002997,Cold Call,CUS0004128,,0619995990,elliswilliam@example.com,PRD-LN01,EMP00184,New,2025-12-27T18:31:00,78
LED002998,Branch Walk-in,,คำ เนื่องนนท์,0965256099,mrodgers@example.net,PRD-DC02,EMP00121,Qualified,2025-05-24T11:04:00,32
LED002999,Campaign,,สุทกร บุตดา,0646471000,zbenson@example.com,PRD-WL02,EMP00304,Contacted,2025-09-29T18:51:00,99
LED003000,Cold Call,CUS0006041,,0618401377,paula75@example.org,PRD-IN02,EMP00123,Converted,2026-01-07T00:39:00,82
LED003001,Branch Walk-in,CUS0005281,,0862395237,debbiehubbard@example.net,PRD-LN03,EMP00079,Converted,2026-02-14T05:54:00,12
LED003002,Referral,CUS0008959,,0641617596,amy47@example.org,PRD-LN03,EMP00260,Qualified,2025-07-25T20:05:00,61
LED003003,Cold Call,CUS0000670,,0638344348,martincassandra@example.net,PRD-LN04,EMP00182,Disqualified,2025-01-31T22:08:00,25
LED003004,Referral,,วิรชัย ถนัดพิมพการ,0950140807,williamsmariah@example.com,PRD-CC02,EMP00344,Qualified,2025-04-23T01:51:00,42
LED003005,Referral,CUS0005325,,0936762354,grahampatricia@example.net,PRD-CC02,EMP00284,Contacted,2025-05-15T13:36:00,48
LED003006,Web Form,CUS0004503,,0641685166,jennifer46@example.com,PRD-WL01,EMP00165,Qualified,2026-04-19T14:31:00,3
LED003007,Partner,,วัลลภ แนวพนิช,0946774956,pgonzalez@example.org,PRD-CC03,EMP00044,Qualified,2025-05-11T10:59:00,62
LED003008,Campaign,CUS0000757,,0866315124,molinadavid@example.net,PRD-FD03,EMP00245,Disqualified,2026-04-29T00:08:00,24
LED003009,Web Form,CUS0001642,,0922696643,antoniocampbell@example.net,PRD-DC02,EMP00226,Converted,2025-04-30T07:28:00,48
LED003010,Web Form,,นพ ธนประทีป,0927279689,kaitlynkim@example.com,PRD-DG01,EMP00218,Qualified,2025-01-04T12:34:00,25
LED003011,Partner,CUS0000255,,0610077032,michael24@example.net,PRD-WL02,EMP00292,Disqualified,2025-06-09T05:51:00,35
LED003012,Cold Call,,รอซีด๊ะ ธูปะวิโรจน์,0633940617,dlambert@example.com,PRD-LN01,EMP00155,New,2026-01-18T05:50:00,17
LED003013,Cold Call,CUS0004064,,0857227223,vmonroe@example.net,PRD-CC04,EMP00014,Converted,2025-08-29T19:48:00,24
LED003014,Partner,CUS0007833,,0929502332,grossjessica@example.com,PRD-SAV01,EMP00283,Disqualified,2026-03-13T00:16:00,3
LED003015,Referral,CUS0003087,,0918669963,abigaillee@example.net,PRD-CC03,EMP00240,Converted,2025-10-08T18:40:00,65
LED003016,Partner,CUS0007446,,0898210918,calebmonroe@example.net,PRD-DC01,EMP00127,Contacted,2025-02-20T04:36:00,92
LED003017,Web Form,,วิทูลย์ บุญส่ง,0627768850,ericgarcia@example.net,PRD-CUR01,EMP00071,Contacted,2025-11-26T11:17:00,41
LED003018,Referral,CUS0009730,,0698793204,daniel61@example.net,PRD-CUR01,EMP00019,Qualified,2025-03-05T06:01:00,26
LED003019,Cold Call,CUS0004064,,0827383011,michaelacarlson@example.com,PRD-SAL01,EMP00305,Converted,2025-03-21T17:13:00,38
LED003020,Referral,CUS0001661,,0981856361,mariahwashington@example.com,PRD-SAL01,EMP00420,Contacted,2025-07-11T17:13:00,23
LED003021,Cold Call,,เขมจิรา เวียงจันทึก,0811210056,qhanson@example.com,PRD-FD02,EMP00227,Contacted,2025-01-31T13:06:00,21
LED003022,Campaign,,จิตตานันท์ ซาซุม,0615466052,teresamiller@example.org,PRD-SAV01,EMP00427,Disqualified,2025-08-30T05:35:00,21
LED003023,Web Form,CUS0002155,,0846210967,delgadokimberly@example.org,PRD-LN01,EMP00474,Disqualified,2025-12-26T09:59:00,84
LED003024,Branch Walk-in,CUS0003436,,0616765370,nicolejackson@example.com,PRD-SAV02,EMP00436,New,2026-01-20T20:58:00,21
LED003025,Referral,,สัญชาน ดุษฎีวนิช,0830420401,otodd@example.com,PRD-WL02,EMP00196,Contacted,2025-06-01T22:04:00,10
LED003026,Cold Call,CUS0009166,,0863888048,clarsen@example.net,PRD-CC01,EMP00136,Disqualified,2026-02-17T07:59:00,83
LED003027,Referral,,เอกวิทย์ ถนัดรักษา,0825751589,angela12@example.org,PRD-SAL01,EMP00297,New,2025-03-29T07:00:00,94
LED003028,Cold Call,,วรปรัชญ์ นาคพันธุ์,0832291688,joshua02@example.com,PRD-IN01,EMP00132,Disqualified,2026-04-26T19:10:00,97
LED003029,Web Form,CUS0001273,,0969100578,pwilkinson@example.com,PRD-FD02,EMP00100,Contacted,2025-03-14T20:04:00,88
LED003030,Web Form,,เกียรติก้อง แท่นทอง,0881274443,bstone@example.org,PRD-LN02,EMP00359,Qualified,2025-04-08T20:57:00,44
LED003031,Partner,CUS0006706,,0817225671,colin43@example.net,PRD-FD01,EMP00326,Disqualified,2025-11-08T22:02:00,79
LED003032,Referral,CUS0007853,,0985327931,garciacarrie@example.org,PRD-IN02,EMP00126,Disqualified,2026-01-10T15:52:00,31
LED003033,Cold Call,,นพ ถนิมมาศ,0633751087,medinajillian@example.com,PRD-LN02,EMP00020,Contacted,2025-06-22T21:05:00,52
LED003034,Partner,,จำรัส ถะเกิงชศ,0845313754,shawderek@example.net,PRD-CC01,EMP00022,Contacted,2026-03-07T00:18:00,42
LED003035,Campaign,,วิสาร นุชแนวนุ่ม,0633344175,valeriegarcia@example.com,PRD-FD02,EMP00250,Contacted,2025-06-08T13:17:00,77
LED003036,Web Form,CUS0003696,,0964087962,dixonlogan@example.com,PRD-LN01,EMP00103,New,2025-05-08T23:37:00,44
LED003037,Referral,,พรเบญญา ตั้งรบ,0914855754,danielle50@example.org,PRD-WL03,EMP00044,Contacted,2025-09-16T23:32:00,92
LED003038,Branch Walk-in,CUS0008495,,0665487002,yolandasmith@example.org,PRD-WL04,EMP00394,Qualified,2026-04-10T17:00:00,15
LED003039,Campaign,CUS0009052,,0886470839,xlyons@example.com,PRD-DG02,EMP00060,Contacted,2026-04-03T23:24:00,81
LED003040,Partner,,กุลเชษฐ เตมิยะเดช,0928399533,troy41@example.org,PRD-WL02,EMP00361,Disqualified,2025-09-23T09:04:00,81
LED003041,Web Form,CUS0007814,,0841197650,zacharystanley@example.net,PRD-WL01,EMP00154,Qualified,2025-09-03T01:20:00,100
LED003042,Campaign,,สุพัตรา ร่มธิติรัตน์,0673665285,rachel47@example.net,PRD-SAV02,EMP00462,Converted,2025-02-06T03:13:00,13
LED003043,Cold Call,CUS0008384,,0629476019,parkeralan@example.com,PRD-LN04,EMP00461,Qualified,2026-01-21T23:50:00,97
LED003044,Partner,CUS0005322,,0637172890,jennifer76@example.net,PRD-IN01,EMP00389,Disqualified,2025-04-07T04:30:00,35
LED003045,Branch Walk-in,CUS0002212,,0867593232,russocarlos@example.org,PRD-SAL01,EMP00307,Converted,2025-11-21T12:23:00,20
LED003046,Cold Call,,ยนงคราญ ทองอยู่,0930408178,christopherriley@example.com,PRD-SAL01,EMP00383,Contacted,2025-11-28T09:51:00,16
LED003047,Web Form,CUS0007167,,0824706664,nbyrd@example.org,PRD-CUR01,EMP00473,Disqualified,2025-04-12T21:33:00,15
LED003048,Partner,,มูฮัมหมัดอิมรอน ร่มธิติรัตน์,0911475987,johnmitchell@example.net,PRD-DG02,EMP00413,Contacted,2025-01-01T20:46:00,54
LED003049,Web Form,,กิติกานต์ ปรีชากุลเศรษฐ์,0612804921,leslie35@example.com,PRD-LN02,EMP00222,New,2025-09-30T20:25:00,82
LED003050,Referral,CUS0006791,,0629215430,kingrobert@example.org,PRD-WL03,EMP00121,Disqualified,2025-04-04T07:47:00,74
LED003051,Cold Call,CUS0000545,,0654185592,flamb@example.com,PRD-LN03,EMP00388,Qualified,2025-08-03T09:53:00,54
LED003052,Web Form,,กวีฉัฏฐ ศรีเผด็จ,0638343420,lozanoalexander@example.org,PRD-DG02,EMP00060,New,2025-03-15T23:57:00,62
LED003053,Campaign,CUS0009092,,0912954993,ularson@example.net,PRD-SAL01,EMP00237,New,2025-09-18T13:02:00,67
LED003054,Cold Call,CUS0006879,,0944775667,jerry61@example.net,PRD-IN02,EMP00499,Contacted,2025-09-16T06:19:00,87
LED003055,Branch Walk-in,,บุญทิวา ไทยแท้,0682995125,smithmichael@example.com,PRD-FD02,EMP00166,Converted,2025-06-12T14:48:00,14
LED003056,Branch Walk-in,CUS0001153,,0610497255,hallelizabeth@example.org,PRD-DG01,EMP00310,Converted,2026-01-14T02:30:00,15
LED003057,Partner,CUS0005744,,0960102779,zeverett@example.org,PRD-FD01,EMP00411,Converted,2025-08-14T18:01:00,81
LED003058,Web Form,,ประภัทร์สรณ์ แต้กุล,0646519076,andrewmoran@example.org,PRD-LN04,EMP00132,Qualified,2025-10-04T06:54:00,88
LED003059,Campaign,CUS0005923,,0864327968,gonzalezmelissa@example.org,PRD-CC01,EMP00165,Qualified,2026-02-15T00:05:00,46
LED003060,Branch Walk-in,CUS0007067,,0953939782,ramoscharles@example.com,PRD-WL03,EMP00171,Converted,2025-06-28T20:55:00,17
LED003061,Referral,,ยศพนต์ นิลเสนา,0626421275,lowenathan@example.com,PRD-DC01,EMP00341,Converted,2025-10-07T08:27:00,39
LED003062,Referral,CUS0005225,,0829178666,teresa36@example.org,PRD-CC02,EMP00150,Qualified,2026-02-02T19:10:00,27
LED003063,Branch Walk-in,,กิติชัย ติณรัตน์,0820962224,lauracooper@example.net,PRD-FD03,EMP00418,Qualified,2025-06-05T10:10:00,77
LED003064,Referral,,โกวิทย์ ตั้งเผ่า,0949532542,millerdenise@example.com,PRD-LN04,EMP00101,Disqualified,2025-05-30T16:55:00,43
LED003065,Partner,,วนาลี ทวีเดช,0651354487,hallkathy@example.org,PRD-IN02,EMP00349,Disqualified,2025-04-27T22:50:00,53
LED003066,Branch Walk-in,CUS0002213,,0657932902,johnsonrichard@example.net,PRD-DG01,EMP00320,Contacted,2026-04-09T22:18:00,79
LED003067,Campaign,,สุพัตร คำลือ,0985179899,vjohns@example.com,PRD-WL04,EMP00177,Contacted,2025-05-26T03:22:00,56
LED003068,Branch Walk-in,,ศุภชัย ถนัดการเขียน,0937412671,abrooks@example.org,PRD-LN04,EMP00204,New,2025-02-16T19:04:00,44
LED003069,Partner,,นารดา ไตรบรรพ,0833215965,robertshaffer@example.com,PRD-DG01,EMP00311,New,2025-05-13T20:26:00,18
LED003070,Cold Call,,พรปราณี ดิสกะประกาย,0658342440,beckkatherine@example.com,PRD-SAV02,EMP00329,Disqualified,2025-01-03T00:47:00,96
LED003071,Partner,,ราณี บุญบำรุง,0813808660,cyates@example.net,PRD-DG02,EMP00318,Qualified,2026-01-28T05:32:00,19
LED003072,Cold Call,CUS0001219,,0816757637,derek49@example.org,PRD-LN03,EMP00236,Converted,2026-01-22T10:57:00,44
LED003073,Web Form,CUS0008075,,0819468660,kaylabrown@example.org,PRD-IN01,EMP00085,Qualified,2025-05-13T11:48:00,95
LED003074,Cold Call,CUS0003301,,0937186084,jaime95@example.org,PRD-LN04,EMP00058,Disqualified,2025-12-16T10:42:00,88
LED003075,Cold Call,CUS0009713,,0989923072,qcontreras@example.com,PRD-FD01,EMP00336,Qualified,2025-03-10T10:04:00,38
LED003076,Campaign,,วิรศักดิ์ ตันเผ่า,0998938644,vargassarah@example.com,PRD-CC01,EMP00321,Converted,2025-09-16T04:32:00,23
LED003077,Web Form,,มารีนี ศรีสัตย์,0884703416,thomaskara@example.org,PRD-LN01,EMP00250,Contacted,2025-04-17T12:31:00,79
LED003078,Partner,,อชิตะวีร์ ศรีเผด็จ,0683956719,tamialvarado@example.net,PRD-LN01,EMP00122,Disqualified,2025-02-16T04:02:00,69
LED003079,Campaign,CUS0000045,,0878682589,randy43@example.com,PRD-FD02,EMP00108,Contacted,2025-06-21T14:45:00,5
LED003080,Branch Walk-in,CUS0001769,,0881760130,brownkimberly@example.com,PRD-CC02,EMP00085,Converted,2025-12-29T03:59:00,85
LED003081,Cold Call,CUS0006121,,0671192544,pmora@example.net,PRD-WL03,EMP00211,Disqualified,2025-04-16T05:34:00,32
LED003082,Web Form,,อชิตะวีร์ ดาบเพ็ชร์,0633938460,suzanne65@example.org,PRD-FD01,EMP00183,Converted,2025-03-12T01:28:00,42
LED003083,Branch Walk-in,,ศดิศ นวลเพ็ง,0640392317,jcarroll@example.org,PRD-DC01,EMP00074,Qualified,2025-02-10T16:07:00,97
LED003084,Campaign,,วิทูลย์ ดีตพันธุ์,0899397210,kinganthony@example.org,PRD-CC01,EMP00176,Contacted,2025-11-05T17:43:00,81
LED003085,Web Form,,ประเสริฐ นฤภัย,0896243731,okline@example.org,PRD-SAV02,EMP00266,New,2025-12-21T06:40:00,70
LED003086,Web Form,CUS0005519,,0833619553,susan45@example.com,PRD-SAV01,EMP00348,Qualified,2025-01-07T03:35:00,100
LED003087,Campaign,,ธาเอก ศรีเผด็จ,0882163489,julie74@example.org,PRD-IN02,EMP00243,Converted,2025-04-23T11:20:00,23
LED003088,Campaign,CUS0004410,,0864364680,shepardpatty@example.com,PRD-WL01,EMP00032,Contacted,2025-10-02T00:47:00,51
LED003089,Cold Call,,สิริกานต์ ถะเกิงชศ,0974972160,lauren37@example.net,PRD-LN02,EMP00282,Disqualified,2026-02-13T03:43:00,50
LED003090,Web Form,CUS0007851,,0691564311,langchristopher@example.net,PRD-SAL01,EMP00100,Converted,2025-05-05T03:32:00,2
LED003091,Cold Call,CUS0004593,,0869518847,michaelpineda@example.net,PRD-DC02,EMP00467,New,2025-07-29T17:19:00,53
LED003092,Branch Walk-in,CUS0003668,,0614086972,johnjoseph@example.net,PRD-DG02,EMP00263,Disqualified,2025-06-01T12:40:00,3
LED003093,Referral,CUS0007666,,0848224420,susanshepherd@example.com,PRD-CC02,EMP00168,New,2026-01-24T19:27:00,6
LED003094,Partner,CUS0002454,,0931076981,lydiamartin@example.org,PRD-FD02,EMP00451,Qualified,2025-03-23T21:46:00,59
LED003095,Campaign,CUS0008677,,0695619953,cynthia19@example.net,PRD-SAV01,EMP00197,Qualified,2025-03-24T11:36:00,54
LED003096,Cold Call,CUS0005618,,0994000162,uharris@example.com,PRD-FD03,EMP00219,Converted,2025-05-10T22:52:00,41
LED003097,Partner,CUS0002601,,0638880265,hflores@example.com,PRD-DG01,EMP00372,Qualified,2026-04-04T12:30:00,25
LED003098,Branch Walk-in,,สุภาลินี เตมิยะเดช,0823925014,mbarry@example.com,PRD-WL03,EMP00167,Contacted,2026-01-17T06:10:00,17
LED003099,Web Form,CUS0001956,,0879100151,browndiane@example.org,PRD-CC01,EMP00135,Disqualified,2025-09-26T14:27:00,13
LED003100,Web Form,,เนตรฤดี ร่มธิติรัตน์,0824161928,kelly66@example.com,PRD-CC03,EMP00056,Converted,2026-02-09T08:35:00,74
LED003101,Partner,,อธิวัตร นฤภัย,0878230995,hilljames@example.org,PRD-WL03,EMP00351,Qualified,2025-06-03T11:23:00,26
LED003102,Branch Walk-in,CUS0007637,,0925601636,michael87@example.org,PRD-LN02,EMP00195,Qualified,2026-01-12T20:53:00,79
LED003103,Partner,CUS0008140,,0641253480,leachangela@example.net,PRD-CC03,EMP00027,Contacted,2026-01-13T07:51:00,96
LED003104,Partner,,อัครพนธ์ ธนูปกรณ์,0648599000,santanadennis@example.net,PRD-WL01,EMP00288,Converted,2025-09-27T20:07:00,72
LED003105,Cold Call,CUS0001878,,0647391507,tony62@example.net,PRD-SAV02,EMP00495,Qualified,2025-07-31T04:03:00,57
LED003106,Campaign,CUS0004180,,0894850822,agardner@example.net,PRD-FD02,EMP00128,Qualified,2025-08-15T18:30:00,20
LED003107,Campaign,CUS0001727,,0639599687,weberian@example.net,PRD-WL04,EMP00294,Contacted,2026-04-19T12:03:00,100
LED003108,Campaign,CUS0008534,,0931724030,katherine24@example.net,PRD-IN02,EMP00253,Converted,2025-08-03T13:42:00,77
LED003109,Web Form,,ภูวัน บุญญาไลย์,0930369527,fmcclain@example.net,PRD-FD02,EMP00234,Disqualified,2025-12-23T08:48:00,98
LED003110,Campaign,CUS0001559,,0837939530,jenniferschwartz@example.net,PRD-DC02,EMP00495,Converted,2026-02-27T23:55:00,6
LED003111,Branch Walk-in,CUS0009247,,0634842099,wagnersarah@example.org,PRD-FD01,EMP00138,New,2025-08-03T13:11:00,73
LED003112,Web Form,CUS0004602,,0841130229,gwells@example.net,PRD-FD02,EMP00411,Converted,2025-09-03T09:05:00,41
LED003113,Web Form,CUS0007011,,0886941581,christopherlindsey@example.com,PRD-LN02,EMP00069,Converted,2025-01-28T04:45:00,46
LED003114,Web Form,CUS0008940,,0636075857,michaelbrewer@example.net,PRD-CC03,EMP00237,Qualified,2025-09-01T07:26:00,25
LED003115,Partner,CUS0009255,,0896644103,cschneider@example.com,PRD-LN02,EMP00093,Disqualified,2026-04-28T10:00:00,57
LED003116,Partner,,ชัชนันท์ พรสีมา,0921897504,tschmidt@example.org,PRD-FD01,EMP00138,Qualified,2025-09-12T01:14:00,32
LED003117,Campaign,,ณัฐวรินทร ถนัดกลึง,0668094474,brent83@example.net,PRD-FD02,EMP00252,New,2025-07-03T04:24:00,89
LED003118,Cold Call,,จักรชัย ธรรมเมธา,0825907200,whitewilliam@example.net,PRD-CC03,EMP00132,Contacted,2026-01-18T00:09:00,63
LED003119,Branch Walk-in,CUS0002232,,0656813506,rsmith@example.net,PRD-DG01,EMP00362,New,2025-11-11T03:13:00,63
LED003120,Branch Walk-in,,ผกาทิพย์ ไทนิยม,0628775144,anthonyvilla@example.com,PRD-FD02,EMP00453,Converted,2026-03-17T06:30:00,95
LED003121,Campaign,,เกศรา งามพิเชษฐ์,0931702514,rebeccacarpenter@example.net,PRD-IN01,EMP00303,Disqualified,2025-01-05T07:52:00,45
LED003122,Web Form,,นพรัตน์ นิละทัต,0989238109,johnsondaniel@example.net,PRD-DG02,EMP00425,Disqualified,2025-12-10T04:48:00,80
LED003123,Branch Walk-in,,ภารวี ฉัพพรรณธนกูร,0842809964,zachary14@example.org,PRD-SAV02,EMP00215,Contacted,2025-05-09T14:52:00,78
LED003124,Branch Walk-in,,นรีรัตน์ นากกนก,0627672881,drakejasmine@example.com,PRD-SAV02,EMP00146,New,2025-03-06T20:24:00,71
LED003125,Cold Call,,จรรยพร สงประเสริฐ,0949048274,howard61@example.net,PRD-SAV01,EMP00432,Qualified,2025-03-27T14:58:00,51
LED003126,Partner,CUS0004230,,0916772181,ibrooks@example.org,PRD-SAV02,EMP00024,Contacted,2025-06-07T21:18:00,47
LED003127,Referral,,ไมล์ ทองเนื้อดี,0690508462,moralesmelody@example.net,PRD-LN03,EMP00206,Converted,2025-04-29T17:46:00,56
LED003128,Referral,CUS0009310,,0671672188,jenniferharris@example.com,PRD-WL03,EMP00496,Converted,2025-12-12T01:41:00,92
LED003129,Referral,CUS0008318,,0998565963,davidwoodard@example.org,PRD-CC01,EMP00189,Contacted,2025-11-03T13:08:00,67
LED003130,Partner,CUS0005096,,0848126176,williamsmelissa@example.net,PRD-WL02,EMP00265,Disqualified,2025-04-20T20:57:00,10
LED003131,Referral,,สรายุทธ ไทไชโย,0929646488,ccook@example.com,PRD-DC02,EMP00266,Contacted,2026-02-07T23:22:00,68
LED003132,Web Form,,มารีนี บุนยาภิสนท์,0817892404,ipeters@example.com,PRD-LN03,EMP00020,New,2025-07-30T03:19:00,91
LED003133,Referral,CUS0005411,,0678246646,icrawford@example.com,PRD-FD02,EMP00374,New,2025-02-20T14:33:00,34
LED003134,Referral,CUS0005289,,0618549866,david55@example.net,PRD-SAL01,EMP00451,New,2026-03-30T10:08:00,64
LED003135,Referral,,ศศิยา บุตราช,0828709837,renee80@example.com,PRD-IN01,EMP00219,Qualified,2025-03-05T22:42:00,68
LED003136,Cold Call,CUS0000687,,0873906151,lewisgeorge@example.net,PRD-WL03,EMP00038,Disqualified,2025-06-07T21:24:00,79
LED003137,Branch Walk-in,,เลิศเดช ทหารแท้,0924321410,sharonmullen@example.org,PRD-CC04,EMP00083,New,2025-05-31T08:15:00,85
LED003138,Campaign,,ปัณณธร ขอหมั่นกลาง,0643263124,dcosta@example.org,PRD-IN02,EMP00280,Disqualified,2026-03-26T15:48:00,41
LED003139,Branch Walk-in,CUS0001115,,0966098929,kristensolis@example.net,PRD-FD01,EMP00141,Contacted,2025-03-12T07:39:00,5
LED003140,Cold Call,,ภูมิปัญญา กุมารบุญ,0647006913,garzatroy@example.org,PRD-FD03,EMP00491,Disqualified,2026-01-26T15:59:00,26
LED003141,Campaign,,ฐิตาพร บุญศล,0949253803,karen76@example.com,PRD-CC02,EMP00487,Disqualified,2025-07-16T05:29:00,93
LED003142,Referral,CUS0000867,,0999561723,davidcox@example.net,PRD-DG01,EMP00437,New,2025-12-15T06:33:00,64
LED003143,Campaign,CUS0008339,,0683274431,dcohen@example.com,PRD-SAL01,EMP00433,Converted,2025-02-12T02:40:00,0
LED003144,Campaign,,ปิ่นบุญญา ทองแท้,0675056658,gambletonya@example.com,PRD-LN03,EMP00164,Qualified,2025-12-26T12:44:00,13
LED003145,Partner,CUS0009666,,0612234263,austindavid@example.net,PRD-CC02,EMP00291,Converted,2025-11-02T17:18:00,44
LED003146,Partner,CUS0009542,,0694164973,richardsonsandra@example.net,PRD-CC04,EMP00188,Contacted,2025-06-03T00:22:00,51
LED003147,Branch Walk-in,CUS0001557,,0814847184,nstevenson@example.org,PRD-IN02,EMP00112,Converted,2025-12-24T07:10:00,43
LED003148,Cold Call,,คมคาย แหยมศิริ,0881478715,lisa20@example.org,PRD-DC01,EMP00173,Converted,2025-03-05T10:56:00,23
LED003149,Branch Walk-in,,ประยุทธ์ ร่มธิติรัตน์,0694326836,marissanolan@example.com,PRD-CC01,EMP00335,Qualified,2026-01-04T05:29:00,12
LED003150,Referral,CUS0003836,,0613971684,tphillips@example.net,PRD-LN02,EMP00463,Converted,2025-06-02T18:28:00,40
LED003151,Campaign,CUS0004719,,0951135884,kristine54@example.org,PRD-LN04,EMP00408,Converted,2025-11-29T18:23:00,57
LED003152,Cold Call,CUS0002743,,0670116918,goldenlouis@example.net,PRD-SAV02,EMP00445,Converted,2025-07-30T14:31:00,35
LED003153,Campaign,CUS0005421,,0842315246,morganemily@example.com,PRD-WL01,EMP00358,Disqualified,2025-10-21T07:00:00,70
LED003154,Partner,CUS0004635,,0913050343,courtney13@example.net,PRD-CC01,EMP00314,Contacted,2025-04-04T12:44:00,92
LED003155,Referral,,ณัฐวรินทร ซูสารอ,0834075485,ahobbs@example.net,PRD-IN02,EMP00354,Contacted,2025-06-02T02:37:00,11
LED003156,Web Form,,ทานตะวัน นะวะมันดร,0634977314,allenmichael@example.org,PRD-DC01,EMP00250,Disqualified,2025-05-10T20:46:00,25
LED003157,Web Form,CUS0007486,,0898256009,michelle55@example.org,PRD-DG01,EMP00468,Disqualified,2026-02-08T12:21:00,97
LED003158,Campaign,CUS0004165,,0932991073,yshaffer@example.org,PRD-IN01,EMP00301,Qualified,2025-09-14T18:38:00,3
LED003159,Branch Walk-in,CUS0004412,,0911237001,ishelton@example.net,PRD-IN01,EMP00200,Disqualified,2025-10-24T23:35:00,59
LED003160,Cold Call,CUS0004600,,0698390493,maria94@example.org,PRD-IN01,EMP00141,Qualified,2025-10-27T19:15:00,21
LED003161,Campaign,CUS0000611,,0961305124,hornjames@example.net,PRD-DC02,EMP00197,Converted,2025-11-18T14:35:00,99
LED003162,Partner,CUS0008482,,0855624480,don45@example.net,PRD-DG01,EMP00385,New,2025-12-31T09:08:00,25
LED003163,Cold Call,CUS0005549,,0698628532,jamesgarrison@example.net,PRD-CC01,EMP00367,New,2025-09-02T20:32:00,31
LED003164,Cold Call,CUS0007314,,0998100237,ayersbrenda@example.org,PRD-WL01,EMP00232,Contacted,2025-12-16T12:08:00,39
LED003165,Referral,CUS0009804,,0882281187,lorisingh@example.com,PRD-DC01,EMP00456,Disqualified,2025-03-31T13:28:00,60
LED003166,Referral,,กะดิรัตน์ เขียวขุ้ย,0874861196,reedlatoya@example.net,PRD-DC01,EMP00443,Disqualified,2026-04-26T07:22:00,44
LED003167,Campaign,,นิรันดร์ เดชคุ้ม,0926779414,jennifer76@example.com,PRD-DG01,EMP00305,Disqualified,2025-11-18T19:01:00,60
LED003168,Cold Call,CUS0007433,,0893401483,jonesalexandra@example.com,PRD-IN01,EMP00106,Contacted,2025-06-08T03:50:00,83
LED003169,Campaign,,จณิตตา ทองแท้,0948298468,thomasglenda@example.com,PRD-DG01,EMP00428,New,2026-04-19T10:30:00,45
LED003170,Campaign,CUS0000541,,0696417148,morriskristina@example.org,PRD-LN04,EMP00271,Converted,2025-12-08T12:40:00,19
LED003171,Web Form,CUS0001788,,0959450344,jonathon56@example.org,PRD-WL03,EMP00273,Qualified,2025-07-07T18:57:00,70
LED003172,Campaign,CUS0000188,,0828659621,gutierrezmichael@example.com,PRD-FD03,EMP00408,Qualified,2025-01-16T03:09:00,5
LED003173,Partner,,วรรณาต ตวงทอง,0678758937,zsantiago@example.org,PRD-FD01,EMP00433,New,2025-06-13T00:38:00,82
LED003174,Referral,CUS0004821,,0681255765,moradakota@example.net,PRD-SAL01,EMP00135,Qualified,2026-03-13T23:08:00,40
LED003175,Partner,,วิชา ถนัดหัตถกรรม,0932203677,carterariel@example.com,PRD-WL02,EMP00336,New,2025-02-14T01:22:00,100
LED003176,Partner,CUS0000020,,0618432433,bakerjulie@example.org,PRD-CC01,EMP00295,Contacted,2026-02-05T17:49:00,27
LED003177,Partner,CUS0006041,,0644160379,poncewayne@example.org,PRD-WL01,EMP00181,Disqualified,2025-03-27T14:51:00,13
LED003178,Cold Call,CUS0009004,,0951302552,kristinrodriguez@example.net,PRD-IN01,EMP00430,Disqualified,2025-10-07T01:29:00,99
LED003179,Cold Call,,ภูมิปัญญา ปานสุวรรณ,0624598819,dawsonmichael@example.org,PRD-CC03,EMP00185,Converted,2025-07-05T08:46:00,68
LED003180,Branch Walk-in,CUS0005124,,0898166478,kenneth92@example.com,PRD-DC02,EMP00098,Converted,2025-03-27T23:13:00,16
LED003181,Referral,CUS0007486,,0867801970,swaller@example.com,PRD-WL02,EMP00390,New,2026-02-07T05:16:00,17
LED003182,Branch Walk-in,CUS0004592,,0620613726,irogers@example.com,PRD-FD03,EMP00490,Converted,2025-06-22T17:31:00,26
LED003183,Web Form,CUS0005674,,0818341431,spencermariah@example.net,PRD-FD02,EMP00131,Contacted,2025-03-17T13:03:00,37
LED003184,Branch Walk-in,CUS0003871,,0972289399,zscott@example.org,PRD-DG01,EMP00216,Converted,2025-03-31T12:15:00,75
LED003185,Referral,,วนาลี ฉัพพรรณธนกูร,0913754690,taylor92@example.net,PRD-DC01,EMP00313,Converted,2025-07-28T18:31:00,78
LED003186,Cold Call,CUS0002104,,0615179125,rrogers@example.net,PRD-DG01,EMP00113,Contacted,2025-06-24T17:50:00,71
LED003187,Cold Call,CUS0003651,,0820590691,lfranco@example.net,PRD-FD01,EMP00255,Converted,2025-01-25T03:12:00,96
LED003188,Referral,,ศดิศ ถนอมพล,0628095111,lucasflores@example.com,PRD-CUR01,EMP00428,Disqualified,2025-07-29T01:43:00,44
LED003189,Web Form,,ไมล์ ถนอมกุลบุตร,0878059094,maryjohnson@example.com,PRD-CC01,EMP00492,Contacted,2026-01-07T12:00:00,74
LED003190,Web Form,,คมกริบ นักสำหรวจ,0972543849,rfigueroa@example.org,PRD-CC02,EMP00047,Disqualified,2025-09-30T21:00:00,2
LED003191,Referral,CUS0007466,,0829972817,michaelrobles@example.net,PRD-CUR01,EMP00450,Qualified,2026-03-18T19:04:00,10
LED003192,Web Form,CUS0003003,,0825271444,ihoward@example.com,PRD-WL04,EMP00265,Disqualified,2025-09-11T09:49:00,3
LED003193,Web Form,CUS0000992,,0623004323,francessanders@example.net,PRD-DG01,EMP00323,Disqualified,2025-04-23T16:25:00,69
LED003194,Cold Call,CUS0008453,,0947869007,michellestafford@example.com,PRD-LN03,EMP00268,New,2025-06-22T14:32:00,61
LED003195,Branch Walk-in,CUS0005332,,0697778926,dianagallagher@example.com,PRD-LN03,EMP00449,Qualified,2025-12-10T13:56:00,97
LED003196,Partner,CUS0006079,,0619246591,asmith@example.com,PRD-LN03,EMP00136,Contacted,2025-10-23T12:28:00,99
LED003197,Campaign,CUS0008381,,0613416192,matthewyates@example.net,PRD-IN02,EMP00334,Disqualified,2025-01-02T19:43:00,100
LED003198,Cold Call,,พิชาภพ พีระเพ็ญกุล,0959400488,bhughes@example.org,PRD-SAL01,EMP00449,Converted,2025-05-01T23:09:00,55
LED003199,Cold Call,CUS0008485,,0655089240,vperkins@example.org,PRD-SAL01,EMP00293,Contacted,2025-11-13T21:11:00,48
LED003200,Campaign,,พีรภัทร์ ดิสกะประกาย,0921343035,xmueller@example.com,PRD-WL01,EMP00192,New,2025-06-25T16:36:00,90
LED003201,Cold Call,CUS0008304,,0820527615,carlmoore@example.com,PRD-SAV01,EMP00083,Disqualified,2025-04-28T06:30:00,78
LED003202,Referral,,อธิวัตร ถนอมพลกรัง,0637748977,xroberts@example.net,PRD-LN02,EMP00120,Contacted,2025-07-16T10:53:00,40
LED003203,Cold Call,CUS0008423,,0695527081,robertsallen@example.net,PRD-DC01,EMP00081,New,2025-11-02T17:15:00,73
LED003204,Referral,,ธมน ศรีตะวัน,0689075354,heathersanchez@example.net,PRD-DC02,EMP00357,Converted,2026-02-22T12:24:00,12
LED003205,Partner,,สิทธัญ นพคเชนทร์,0939485563,omorris@example.org,PRD-LN04,EMP00287,Contacted,2025-02-14T19:27:00,0
LED003206,Partner,,อดิสรณ์ ถนัดการเขียน,0850313796,hurleykaren@example.com,PRD-FD01,EMP00284,Contacted,2025-08-20T21:49:00,76
LED003207,Branch Walk-in,CUS0006207,,0677264245,martincrystal@example.org,PRD-DC01,EMP00354,Converted,2025-06-07T20:24:00,44
LED003208,Branch Walk-in,CUS0008900,,0611309252,potterrenee@example.com,PRD-LN04,EMP00411,New,2025-01-26T18:11:00,82
LED003209,Branch Walk-in,CUS0001324,,0629981385,mmiller@example.org,PRD-DC02,EMP00381,Contacted,2025-05-31T22:15:00,16
LED003210,Campaign,CUS0005151,,0688114164,egonzalez@example.net,PRD-FD03,EMP00032,Contacted,2026-04-30T06:13:00,97
LED003211,Web Form,,ฐิติวุฒิ ทับทิมไทย,0972587367,katrinarivera@example.org,PRD-FD01,EMP00241,Qualified,2025-07-20T06:57:00,67
LED003212,Cold Call,,มลิวรรณ นิลวิมล,0926990206,tracy83@example.com,PRD-LN01,EMP00445,Contacted,2025-03-16T00:35:00,33
LED003213,Partner,CUS0004386,,0815027762,curryalvin@example.net,PRD-FD01,EMP00427,Disqualified,2026-03-02T09:44:00,93
LED003214,Branch Walk-in,,คณภรณ์ ตะละภัฏ,0643882498,pwarren@example.org,PRD-DG01,EMP00006,Converted,2026-05-01T20:50:00,31
LED003215,Partner,CUS0002244,,0687155657,solistravis@example.org,PRD-DC02,EMP00052,Converted,2025-06-11T19:30:00,26
LED003216,Cold Call,CUS0004805,,0888092824,rwilson@example.com,PRD-DC01,EMP00230,Qualified,2025-05-26T06:08:00,12
LED003217,Cold Call,CUS0007650,,0624183356,william50@example.com,PRD-SAV02,EMP00350,Disqualified,2025-11-07T06:57:00,50
LED003218,Referral,,อำพร จันอ้น,0891955120,markgutierrez@example.net,PRD-CUR01,EMP00077,Disqualified,2025-04-03T19:18:00,29
LED003219,Referral,CUS0005417,,0617550569,kim55@example.com,PRD-SAL01,EMP00048,Converted,2025-12-23T14:10:00,87
LED003220,Campaign,CUS0003907,,0929395573,stoutnatalie@example.com,PRD-DG02,EMP00433,Qualified,2025-06-10T15:39:00,88
LED003221,Web Form,,หล้า ถาวรายุศม์,0696609352,edward97@example.com,PRD-WL01,EMP00168,New,2025-10-15T19:41:00,7
LED003222,Web Form,CUS0000197,,0659879575,aorr@example.org,PRD-DC02,EMP00172,Contacted,2025-04-11T08:46:00,34
LED003223,Referral,,กวีฉัฏฐ ตันยา,0661680009,dianabaxter@example.net,PRD-LN01,EMP00290,Converted,2025-01-29T23:02:00,52
LED003224,Referral,,ประเสริฐ แน่นดุจป้อม,0995995596,joneschelsea@example.com,PRD-DG02,EMP00284,Contacted,2025-01-03T10:56:00,3
LED003225,Web Form,CUS0008782,,0656601879,lucasfisher@example.com,PRD-LN04,EMP00085,Contacted,2025-04-16T14:05:00,7
LED003226,Branch Walk-in,CUS0008748,,0914717750,melissacunningham@example.org,PRD-LN04,EMP00408,Converted,2026-02-17T11:41:00,92
LED003227,Referral,CUS0003548,,0623335656,jacobwilkins@example.org,PRD-FD02,EMP00269,Converted,2025-01-24T01:28:00,50
LED003228,Cold Call,,สัญชาน นฤภัย,0664383972,aguirrejoshua@example.net,PRD-DG02,EMP00129,Converted,2025-04-18T22:46:00,12
LED003229,Referral,,พลภูมิ ถ้วนศรี,0994316078,farleymaria@example.com,PRD-WL03,EMP00262,Converted,2025-05-10T21:39:00,68
LED003230,Partner,,วรรณกร วิลาสินี,0639712180,amandawall@example.com,PRD-CC04,EMP00183,Contacted,2025-04-28T12:18:00,73
LED003231,Branch Walk-in,CUS0006390,,0867932050,toni99@example.net,PRD-SAV01,EMP00050,Disqualified,2025-06-16T06:41:00,79
LED003232,Referral,CUS0007441,,0830925253,rcummings@example.com,PRD-DC02,EMP00381,New,2026-02-21T16:57:00,46
LED003233,Web Form,CUS0008310,,0828881277,justinjackson@example.org,PRD-DG02,EMP00453,Qualified,2026-02-17T22:08:00,68
LED003234,Branch Walk-in,CUS0003249,,0663266310,stephanie08@example.com,PRD-CC03,EMP00070,New,2025-11-25T22:00:00,4
LED003235,Referral,,ปิยะชาติ นิยมธรรม,0830977801,rogersshawn@example.com,PRD-DC01,EMP00159,New,2025-04-18T23:53:00,55
LED003236,Referral,CUS0008693,,0815138557,wallacejames@example.com,PRD-LN04,EMP00164,Disqualified,2025-11-12T04:57:00,16
LED003237,Branch Walk-in,,ศดิศ นฤทุกข์,0623881835,wroth@example.com,PRD-FD02,EMP00237,Disqualified,2025-02-20T16:40:00,46
LED003238,Branch Walk-in,CUS0007009,,0674955846,tammy09@example.org,PRD-WL02,EMP00396,Contacted,2025-05-04T11:21:00,54
LED003239,Partner,CUS0005211,,0930396320,alexandraroberts@example.com,PRD-CUR01,EMP00216,Qualified,2025-09-10T05:56:00,74
LED003240,Referral,CUS0000260,,0636932125,estradakimberly@example.com,PRD-SAV02,EMP00219,Contacted,2025-04-04T00:29:00,71
LED003241,Web Form,,จันทนา ทองปากน้ำ,0652315761,charles19@example.com,PRD-DG01,EMP00213,Contacted,2026-04-18T14:02:00,82
LED003242,Web Form,CUS0005772,,0820223095,melissamarquez@example.net,PRD-DC02,EMP00379,Disqualified,2026-02-07T17:16:00,6
LED003243,Partner,CUS0003685,,0916775105,kperkins@example.org,PRD-CC02,EMP00021,Qualified,2025-02-16T08:38:00,55
LED003244,Campaign,,ธีริสรา เณรานุสนธิ์,0946884069,hmunoz@example.com,PRD-DG02,EMP00231,Qualified,2025-07-20T06:36:00,75
LED003245,Referral,,ศศิรินทร์ ธนประทีป,0876734580,monica96@example.net,PRD-LN03,EMP00361,New,2025-07-15T02:35:00,13
LED003246,Cold Call,CUS0002011,,0971264091,larry93@example.net,PRD-CC02,EMP00393,Converted,2026-04-02T06:15:00,67
LED003247,Web Form,CUS0002282,,0621850267,christopher36@example.com,PRD-SAV02,EMP00453,New,2025-12-27T21:00:00,9
LED003248,Web Form,,ซุกรี ตั้งรบ,0621972651,qrobertson@example.com,PRD-DG02,EMP00380,Qualified,2026-02-22T04:04:00,71
LED003249,Campaign,CUS0001112,,0810108903,anthonymyers@example.net,PRD-WL04,EMP00156,Qualified,2025-04-28T23:47:00,84
LED003250,Campaign,,อชิตะวีร์ ยาปะโลหิต,0890581807,stevenramos@example.com,PRD-CUR01,EMP00231,New,2025-05-19T15:46:00,22
LED003251,Referral,CUS0008823,,0989393803,erinanderson@example.net,PRD-SAV02,EMP00303,Converted,2026-04-22T14:45:00,1
LED003252,Referral,CUS0001906,,0821560048,james29@example.com,PRD-FD03,EMP00162,New,2025-02-25T22:05:00,42
LED003253,Web Form,CUS0002018,,0997360930,madison70@example.org,PRD-LN02,EMP00099,New,2026-01-30T09:02:00,66
LED003254,Campaign,CUS0001827,,0929258889,derrick69@example.org,PRD-DC02,EMP00306,Converted,2025-07-20T05:38:00,94
LED003255,Campaign,CUS0001441,,0955990957,jrogers@example.com,PRD-SAV02,EMP00398,New,2025-08-05T16:25:00,92
LED003256,Partner,CUS0003649,,0838168344,damon08@example.org,PRD-LN01,EMP00053,New,2026-02-28T02:51:00,31
LED003257,Referral,,ปรมินทร์ นำธวัช,0875909655,melissa57@example.net,PRD-DG01,EMP00112,New,2025-06-01T03:00:00,14
LED003258,Branch Walk-in,,ธนภณ ยะผา,0888302433,amandawilliams@example.net,PRD-FD01,EMP00120,Qualified,2025-04-12T04:37:00,24
LED003259,Web Form,,แกมแพร หิรัญสาลี,0970855521,bowenlisa@example.net,PRD-DC01,EMP00028,Qualified,2026-04-28T05:36:00,8
LED003260,Branch Walk-in,CUS0005182,,0860016532,shane11@example.com,PRD-CC01,EMP00313,New,2025-09-02T14:44:00,94
LED003261,Cold Call,CUS0007543,,0897404486,jgross@example.com,PRD-CUR01,EMP00040,Contacted,2026-03-09T03:37:00,70
LED003262,Cold Call,CUS0003030,,0914272932,ashleydavis@example.com,PRD-SAV01,EMP00187,Contacted,2025-05-08T05:35:00,83
LED003263,Campaign,,สุพัตรา ธรรมเมธา,0855055448,ukelley@example.org,PRD-SAL01,EMP00462,Contacted,2026-04-22T03:45:00,50
LED003264,Campaign,,ตรีนุช มิ่งขวัญ,0653394124,xwagner@example.org,PRD-DG02,EMP00461,Disqualified,2025-10-13T03:53:00,30
LED003265,Branch Walk-in,CUS0000389,,0850043641,gabriel54@example.org,PRD-DC01,EMP00451,Contacted,2026-02-17T05:17:00,54
LED003266,Web Form,,ศุภนุนาย บุญบำรุง,0827219139,brian45@example.com,PRD-FD01,EMP00222,New,2025-03-30T11:31:00,30
LED003267,Partner,,คำ นฤทุกข์,0991394848,zmueller@example.org,PRD-CUR01,EMP00167,New,2025-07-16T09:37:00,74
LED003268,Partner,,คำ ถาวรรัตน,0635127004,james06@example.net,PRD-SAV02,EMP00399,Converted,2025-01-19T07:38:00,84
LED003269,Branch Walk-in,CUS0009343,,0642784157,paulsteve@example.org,PRD-CUR01,EMP00326,Converted,2026-01-26T18:36:00,50
LED003270,Cold Call,,ผดุงชาติ ดิศดใน,0632239193,dsantiago@example.com,PRD-WL01,EMP00416,Disqualified,2025-03-16T15:33:00,45
LED003271,Web Form,CUS0004933,,0840050559,julierubio@example.com,PRD-SAV01,EMP00086,Contacted,2025-04-18T02:44:00,41
LED003272,Campaign,CUS0006293,,0995679265,lucasbrian@example.org,PRD-FD01,EMP00237,Disqualified,2025-10-31T08:49:00,44
LED003273,Referral,CUS0008327,,0634038481,ztaylor@example.org,PRD-LN04,EMP00093,New,2025-04-02T15:05:00,57
LED003274,Cold Call,,อิสรันดร์ ราชมณี,0926111489,bsalazar@example.com,PRD-WL03,EMP00323,Converted,2025-11-08T03:56:00,93
LED003275,Campaign,,สิทธิชัย บุญญาภิรมย์,0818975161,georgevillanueva@example.net,PRD-FD01,EMP00075,Contacted,2026-03-23T12:34:00,78
LED003276,Campaign,CUS0001375,,0640388482,tara99@example.com,PRD-LN03,EMP00090,Contacted,2026-02-05T08:37:00,5
LED003277,Branch Walk-in,,สรรเพชญ์ เธียรายัน,0880201298,swilson@example.com,PRD-DC02,EMP00225,Qualified,2025-08-19T04:24:00,7
LED003278,Branch Walk-in,,ชนิศา ตันเผ่า,0926451110,zstokes@example.org,PRD-SAV01,EMP00236,Qualified,2025-10-30T09:14:00,26
LED003279,Referral,,นพวรรณ นิติสาขา,0882568485,gkramer@example.net,PRD-SAV02,EMP00032,Converted,2026-01-27T03:17:00,38
LED003280,Partner,,ธัญญามาศ ดาวอร่าม,0963858744,kmcdaniel@example.org,PRD-CC01,EMP00036,New,2026-01-09T22:50:00,27
LED003281,Partner,,ปาริตา ธุวะนุติ์,0655771994,changrichard@example.com,PRD-DC01,EMP00108,Converted,2025-12-16T23:15:00,94
LED003282,Cold Call,CUS0000880,,0917949206,eward@example.org,PRD-FD02,EMP00271,Contacted,2025-09-07T22:31:00,59
LED003283,Cold Call,CUS0001552,,0947946636,pamela66@example.net,PRD-LN03,EMP00339,Contacted,2026-02-02T16:15:00,31
LED003284,Referral,,ฌาฆีภัตฐ์ ฉายแสง,0998144864,david36@example.net,PRD-WL01,EMP00221,Contacted,2025-06-22T02:09:00,58
LED003285,Branch Walk-in,,ซุกรี นรวิทย์โชติกุล,0669759819,ian35@example.org,PRD-IN02,EMP00411,Contacted,2026-04-08T18:40:00,14
LED003286,Web Form,CUS0004251,,0616767903,andreaowens@example.com,PRD-FD03,EMP00433,Qualified,2025-02-28T00:19:00,9
LED003287,Branch Walk-in,CUS0007521,,0944928842,aaronalvarez@example.net,PRD-CC03,EMP00462,Converted,2025-04-10T11:54:00,86
LED003288,Partner,,ธัญญามาศ ทองอยู่,0652604834,turnerkristi@example.net,PRD-FD01,EMP00326,New,2025-06-03T19:54:00,36
LED003289,Campaign,CUS0000503,,0924399431,davisbradley@example.net,PRD-SAV01,EMP00429,Qualified,2026-02-23T18:46:00,28
LED003290,Campaign,CUS0005381,,0624095645,davidmcguire@example.org,PRD-CC04,EMP00240,Converted,2025-02-05T14:24:00,68
LED003291,Campaign,CUS0002255,,0849541850,ocowan@example.org,PRD-FD01,EMP00285,Disqualified,2025-03-13T19:56:00,68
LED003292,Partner,CUS0000786,,0913596067,randy26@example.net,PRD-DG01,EMP00452,Converted,2025-08-27T15:21:00,35
LED003293,Web Form,,ชัญญานุนาย ปานสุวรรณ,0936226798,karishaw@example.com,PRD-SAV02,EMP00173,Contacted,2025-09-19T05:32:00,74
LED003294,Branch Walk-in,,นิติยา ทองประดิฐ,0946527719,monica09@example.com,PRD-FD02,EMP00082,Converted,2025-11-19T07:35:00,53
LED003295,Web Form,,ทับทิม ทหารแท้,0844493603,brandon30@example.org,PRD-LN01,EMP00392,Disqualified,2025-04-14T00:44:00,91
LED003296,Web Form,CUS0007103,,0883697162,murphykathy@example.org,PRD-CC04,EMP00428,Qualified,2025-07-24T17:14:00,7
LED003297,Branch Walk-in,CUS0005988,,0814452831,bharvey@example.net,PRD-SAL01,EMP00119,Contacted,2025-11-25T05:49:00,18
LED003298,Branch Walk-in,CUS0006143,,0946722335,cynthiacampbell@example.com,PRD-FD02,EMP00027,Disqualified,2025-09-03T12:00:00,7
LED003299,Referral,CUS0003813,,0652274335,whiteheadtara@example.org,PRD-FD03,EMP00026,Qualified,2025-07-17T08:31:00,20
LED003300,Web Form,CUS0007127,,0816589389,leeamanda@example.com,PRD-CC02,EMP00282,Converted,2025-10-13T19:36:00,0
LED003301,Branch Walk-in,CUS0008006,,0930907772,jessebishop@example.net,PRD-FD02,EMP00124,Contacted,2025-09-29T04:56:00,93
LED003302,Campaign,,เพ็ญพรรษา ทองแท้,0650656792,danielbeltran@example.org,PRD-LN04,EMP00204,Converted,2025-09-17T09:31:00,3
LED003303,Web Form,CUS0008336,,0813682513,alyssa78@example.net,PRD-LN01,EMP00288,New,2025-08-16T10:30:00,90
LED003304,Web Form,CUS0006774,,0840536207,jasonparsons@example.net,PRD-FD03,EMP00164,Contacted,2025-09-12T09:50:00,38
LED003305,Web Form,CUS0009238,,0975910579,hleon@example.com,PRD-LN02,EMP00348,Qualified,2025-07-13T21:05:00,33
LED003306,Branch Walk-in,,จิณภัทตา มนทอง,0621855923,garciapaul@example.org,PRD-IN02,EMP00141,Qualified,2025-07-07T10:07:00,75
LED003307,Cold Call,CUS0006383,,0697899507,acantrell@example.org,PRD-IN01,EMP00008,Disqualified,2025-10-21T12:02:00,19
LED003308,Referral,CUS0004466,,0824559856,vegajamie@example.com,PRD-LN02,EMP00197,Disqualified,2025-03-07T02:11:00,9
LED003309,Referral,CUS0002082,,0811842370,tvargas@example.net,PRD-DG02,EMP00207,Converted,2025-09-05T23:34:00,34
LED003310,Cold Call,,ประสิทธิ์ ผลบุญ,0680167930,christopher00@example.org,PRD-DC01,EMP00455,Converted,2025-05-08T15:04:00,26
LED003311,Referral,,วีระวัฒน์ ยาปะโลหิต,0940843940,emilywong@example.com,PRD-WL02,EMP00034,Contacted,2025-03-11T07:28:00,96
LED003312,Web Form,CUS0001079,,0831730536,cheryl34@example.com,PRD-SAL01,EMP00050,Converted,2025-12-08T02:06:00,92
LED003313,Branch Walk-in,CUS0004493,,0845593720,amy60@example.net,PRD-WL02,EMP00123,Qualified,2025-06-16T23:09:00,61
LED003314,Referral,,สีหราช ตั้งกุลงาม,0637982211,whendricks@example.net,PRD-CC01,EMP00235,Converted,2025-08-10T22:52:00,4
LED003315,Campaign,,สุทกร จันทา,0869645338,darrelllee@example.net,PRD-WL01,EMP00088,Converted,2025-01-09T09:50:00,20
LED003316,Partner,CUS0002700,,0674710017,nathaniel26@example.org,PRD-SAV01,EMP00078,Qualified,2025-06-30T20:07:00,47
LED003317,Referral,CUS0004984,,0681242478,campbellstacey@example.org,PRD-WL02,EMP00026,Qualified,2026-01-27T10:02:00,74
LED003318,Referral,,พุทธิพงษ์ บุญส่ง,0677115041,sylvia02@example.net,PRD-LN02,EMP00455,Qualified,2026-04-25T08:54:00,30
LED003319,Partner,CUS0000530,,0862230111,justin00@example.net,PRD-WL04,EMP00086,Contacted,2025-03-27T06:05:00,71
LED003320,Cold Call,,ธีราทัต ถนัดหัตถกรรม,0854425532,carol91@example.org,PRD-LN04,EMP00459,Converted,2026-04-21T08:53:00,72
LED003321,Cold Call,,วรรณกร ขันธุลา,0853660482,lauriepowell@example.org,PRD-DC02,EMP00018,New,2025-12-08T21:54:00,51
LED003322,Cold Call,,หล้า ติณรัตน์,0628384590,victoria90@example.net,PRD-CC03,EMP00242,Converted,2025-03-06T23:20:00,89
LED003323,Partner,,ฮานาฟี เพียยา,0862769639,randypacheco@example.org,PRD-CC01,EMP00100,Qualified,2026-03-30T11:35:00,7
LED003324,Web Form,CUS0009638,,0963665494,patrickgeorge@example.net,PRD-WL01,EMP00243,Converted,2025-12-03T19:50:00,43
LED003325,Referral,CUS0000964,,0624203691,kellyjames@example.com,PRD-LN04,EMP00319,Qualified,2025-05-10T23:00:00,51
LED003326,Web Form,,ปัตถพงษ์ สาระพันธ์,0850529483,tamara49@example.com,PRD-IN01,EMP00236,Qualified,2025-01-23T08:13:00,34
LED003327,Referral,,เพ็ญพรรษา ทองสุกเลิศ,0823767070,icrawford@example.org,PRD-CC04,EMP00376,Converted,2025-04-06T05:24:00,26
LED003328,Partner,,เพียงกมล ไสยกิจ,0820368561,melissagallegos@example.net,PRD-CC03,EMP00269,Contacted,2026-03-13T13:15:00,75
LED003329,Branch Walk-in,,เถลิงยศ แหยมศิริ,0811712913,conwayjason@example.com,PRD-FD02,EMP00071,Disqualified,2025-04-25T14:27:00,88
LED003330,Web Form,CUS0001715,,0682226696,csingh@example.com,PRD-FD03,EMP00360,Converted,2026-04-25T14:24:00,33
LED003331,Referral,CUS0003082,,0968267955,tonyacole@example.net,PRD-LN02,EMP00315,New,2025-08-31T21:16:00,52
LED003332,Partner,,ยุลิน ติระคมน์,0849200999,theresarosario@example.org,PRD-WL01,EMP00003,Qualified,2026-04-28T00:51:00,79
LED003333,Partner,CUS0000715,,0998704210,dodsonjoshua@example.net,PRD-IN02,EMP00373,Disqualified,2026-01-17T15:00:00,21
LED003334,Campaign,CUS0003403,,0660514539,udiaz@example.com,PRD-DG02,EMP00402,Qualified,2025-01-26T16:28:00,8
LED003335,Partner,CUS0001308,,0972002691,dennisruiz@example.org,PRD-DG01,EMP00435,Converted,2025-04-15T08:30:00,48
LED003336,Referral,CUS0009938,,0897055365,pharris@example.net,PRD-WL03,EMP00494,Converted,2026-01-03T09:31:00,55
LED003337,Cold Call,CUS0008968,,0659342852,paula69@example.org,PRD-SAV02,EMP00147,Converted,2025-08-09T10:06:00,86
LED003338,Partner,,พงษ์นเรศ นิยมเซียม,0634923718,stephanie07@example.net,PRD-WL03,EMP00167,Qualified,2026-03-01T15:16:00,91
LED003339,Campaign,CUS0003734,,0947835484,burkejason@example.org,PRD-LN04,EMP00202,New,2025-10-18T19:43:00,92
LED003340,Referral,CUS0003231,,0634102100,ruizamy@example.net,PRD-DG02,EMP00220,Disqualified,2025-10-28T22:06:00,89
LED003341,Campaign,CUS0001434,,0847695585,ujackson@example.net,PRD-IN01,EMP00443,Contacted,2025-08-17T05:32:00,9
LED003342,Branch Walk-in,,อาซือมะ นพตระกูล,0821990168,matthew31@example.org,PRD-CC03,EMP00436,New,2025-02-18T04:08:00,88
LED003343,Cold Call,,ปิยวัจน์ ถาวรายุศม์,0951251806,umacias@example.com,PRD-LN01,EMP00340,Qualified,2025-11-12T09:29:00,61
LED003344,Web Form,CUS0003711,,0688784003,linda92@example.com,PRD-LN01,EMP00061,Converted,2026-03-28T17:04:00,90
LED003345,Web Form,CUS0004919,,0981397732,kevin48@example.org,PRD-LN04,EMP00032,Disqualified,2025-08-07T13:05:00,36
LED003346,Referral,,ตอฮา ไทยแท้,0847158309,anthony47@example.net,PRD-WL01,EMP00201,New,2025-05-08T08:43:00,30
LED003347,Campaign,CUS0006880,,0893694179,jodi03@example.net,PRD-CC01,EMP00222,Contacted,2025-06-15T11:49:00,60
LED003348,Campaign,CUS0006081,,0923645058,uwilson@example.net,PRD-DG02,EMP00336,New,2025-05-11T09:58:00,0
LED003349,Branch Walk-in,CUS0004665,,0936844197,ostanley@example.net,PRD-WL03,EMP00343,Contacted,2025-04-12T22:30:00,31
LED003350,Branch Walk-in,,พลภูมิ ธนประทีป,0828328459,scottrobert@example.org,PRD-LN04,EMP00056,Contacted,2025-05-07T05:25:00,31
LED003351,Referral,CUS0007552,,0628842423,matthew98@example.org,PRD-IN01,EMP00443,Disqualified,2025-04-03T19:01:00,64
LED003352,Cold Call,CUS0008365,,0648205426,barrettchristopher@example.net,PRD-FD02,EMP00477,Converted,2026-02-23T11:31:00,34
LED003353,Partner,CUS0003057,,0951284434,qbrown@example.net,PRD-CC02,EMP00135,Converted,2025-10-22T01:27:00,56
LED003354,Web Form,,ปัตถพงษ์ บุนยะศัพท์,0880521120,delgadojason@example.com,PRD-CUR01,EMP00302,Converted,2025-11-15T06:14:00,43
LED003355,Cold Call,CUS0008096,,0898517779,norman50@example.org,PRD-CC01,EMP00458,Contacted,2025-04-28T00:21:00,69
LED003356,Branch Walk-in,,ประจิน ยางสวย,0853171089,yprice@example.org,PRD-LN03,EMP00077,Disqualified,2025-10-08T11:31:00,8
LED003357,Branch Walk-in,,จุฑาภรณ์ เนื่องนนท์,0828142023,lshort@example.org,PRD-DG01,EMP00010,Qualified,2025-07-15T18:22:00,92
LED003358,Referral,,สุปรานี ถุงเงิน,0852900388,jarviswendy@example.com,PRD-LN04,EMP00436,New,2025-05-12T09:10:00,24
LED003359,Partner,CUS0008154,,0874709830,shelley53@example.org,PRD-DC01,EMP00117,Disqualified,2026-03-24T02:30:00,87
LED003360,Cold Call,CUS0004858,,0831065394,dstewart@example.net,PRD-SAV01,EMP00064,Disqualified,2025-12-16T02:58:00,56
LED003361,Campaign,,กระสุน แน่นดุจป้อม,0683668142,cruzzachary@example.org,PRD-DG02,EMP00412,Qualified,2025-01-19T10:48:00,57
LED003362,Cold Call,CUS0003787,,0819907166,vbarrett@example.net,PRD-LN03,EMP00250,Qualified,2025-01-15T07:52:00,4
LED003363,Partner,,อมัด นวลเพ็ง,0878388967,dwalker@example.net,PRD-CC02,EMP00236,Qualified,2025-07-04T15:15:00,57
LED003364,Branch Walk-in,CUS0004639,,0975559638,kendra67@example.net,PRD-CC02,EMP00045,Qualified,2025-10-12T21:20:00,15
LED003365,Campaign,CUS0008090,,0632247982,robertvilla@example.net,PRD-FD02,EMP00181,Converted,2025-05-13T23:21:00,84
LED003366,Cold Call,CUS0009043,,0929482540,allenalexander@example.org,PRD-SAV01,EMP00382,Contacted,2025-08-01T03:51:00,49
LED003367,Branch Walk-in,CUS0006755,,0888795381,thomaslopez@example.com,PRD-IN01,EMP00246,Disqualified,2025-05-09T11:53:00,32
LED003368,Cold Call,,สุรการณ์ เช้าวันดี,0619162751,daniel22@example.com,PRD-WL01,EMP00237,Converted,2026-04-17T05:27:00,85
LED003369,Web Form,,ทิมาภรณ์ นรวิทย์โชติกุล,0873766202,alfreddavila@example.net,PRD-LN04,EMP00401,Contacted,2025-11-06T20:13:00,68
LED003370,Referral,,โกมล นาคะนคร,0811543894,juliaadams@example.net,PRD-FD02,EMP00259,Disqualified,2025-02-15T04:52:00,49
LED003371,Partner,,วิรศักดิ์ แถมธน,0941435388,millermelissa@example.org,PRD-WL04,EMP00248,Qualified,2025-02-13T20:10:00,13
LED003372,Web Form,,ธารา ถนัดอาวุธ,0690887936,abridges@example.com,PRD-LN01,EMP00491,Disqualified,2025-12-14T09:54:00,48
LED003373,Campaign,,กองสิน หิรัญสาลี,0627018261,theresa79@example.com,PRD-IN02,EMP00273,New,2026-02-20T19:39:00,44
LED003374,Referral,CUS0000883,,0825944022,sullivanamanda@example.org,PRD-CUR01,EMP00051,Qualified,2025-07-11T11:44:00,93
LED003375,Partner,CUS0006845,,0666831518,hgarcia@example.org,PRD-FD02,EMP00434,Converted,2025-06-02T00:03:00,100
LED003376,Referral,CUS0005992,,0675061230,michaelboone@example.com,PRD-CC01,EMP00141,Qualified,2025-09-16T22:09:00,51
LED003377,Cold Call,CUS0008451,,0887708895,benjaminpearson@example.com,PRD-CC01,EMP00097,Qualified,2025-02-28T06:11:00,63
LED003378,Partner,CUS0006583,,0919707233,brownlori@example.com,PRD-DG01,EMP00052,Disqualified,2025-06-26T06:48:00,91
LED003379,Branch Walk-in,CUS0009621,,0845712905,websterdavid@example.org,PRD-LN01,EMP00143,New,2025-05-15T14:21:00,22
LED003380,Referral,,ฟิรยา เพียยา,0846579506,hgreen@example.net,PRD-CC03,EMP00170,Disqualified,2026-03-15T02:29:00,91
LED003381,Referral,CUS0009435,,0878889286,porterashley@example.net,PRD-WL04,EMP00368,New,2025-11-13T13:47:00,44
LED003382,Campaign,,เยาวรัตน์ ตันตราจิณ,0651421078,terryjennifer@example.org,PRD-CC04,EMP00160,Converted,2025-09-20T20:18:00,65
LED003383,Referral,CUS0008391,,0892972153,manningmichael@example.com,PRD-CC01,EMP00461,Qualified,2026-01-13T14:51:00,93
LED003384,Partner,CUS0008179,,0880874698,justinmurray@example.net,PRD-LN03,EMP00474,Converted,2025-02-12T14:34:00,61
LED003385,Referral,,ซูไรดา ดิสกะประกาย,0670665500,ostevens@example.net,PRD-SAL01,EMP00478,New,2026-01-12T00:17:00,57
LED003386,Branch Walk-in,CUS0004944,,0617622265,audrey32@example.org,PRD-DG02,EMP00084,Qualified,2025-12-05T14:13:00,91
LED003387,Web Form,CUS0006040,,0629107981,jennasmith@example.org,PRD-LN01,EMP00440,New,2026-01-17T12:23:00,54
LED003388,Web Form,CUS0003926,,0930924515,calvin95@example.com,PRD-FD01,EMP00117,New,2025-03-22T16:40:00,86
LED003389,Campaign,,นาตยา ไทยแท้,0882134724,elizabeth73@example.org,PRD-CC03,EMP00463,Contacted,2025-12-21T17:33:00,97
LED003390,Cold Call,,นาตยา นามขำ,0985175846,barry23@example.com,PRD-WL04,EMP00303,Disqualified,2026-01-26T14:37:00,9
LED003391,Web Form,,ราณี นานายน,0696371185,jonathanmiles@example.com,PRD-FD03,EMP00117,Qualified,2026-02-03T09:20:00,17
LED003392,Cold Call,CUS0006087,,0874615524,murphydouglas@example.com,PRD-CC03,EMP00461,Converted,2025-08-21T16:42:00,36
LED003393,Cold Call,CUS0007773,,0692067225,kathleenrobinson@example.com,PRD-IN01,EMP00477,New,2025-04-24T04:42:00,99
LED003394,Branch Walk-in,CUS0006883,,0819625911,sethsmith@example.net,PRD-LN01,EMP00406,New,2025-07-19T23:41:00,45
LED003395,Branch Walk-in,CUS0007391,,0669061890,patrick20@example.org,PRD-SAV01,EMP00084,New,2025-06-05T01:01:00,21
LED003396,Campaign,CUS0006955,,0646584630,kmcguire@example.net,PRD-IN02,EMP00351,Qualified,2025-07-25T23:34:00,9
LED003397,Web Form,,สันติราษฎร์ น้ำทิพย์,0619466419,michelle34@example.com,PRD-IN02,EMP00072,Qualified,2025-07-23T11:09:00,66
LED003398,Branch Walk-in,,ซูไรดา บุณยะภาชน์,0652568562,tmartin@example.net,PRD-IN01,EMP00131,Converted,2025-12-06T23:59:00,2
LED003399,Campaign,,จำรัส ตะละภัฏ,0943773506,andersontracey@example.org,PRD-CC02,EMP00471,Qualified,2025-06-27T02:30:00,3
LED003400,Cold Call,,ทินวัฒน์ มนทอง,0950614934,kzuniga@example.com,PRD-CUR01,EMP00463,Contacted,2025-04-13T15:01:00,82
LED003401,Cold Call,,มะลีวัลย์ ศรีตะวัน,0698061990,heidi76@example.com,PRD-WL04,EMP00019,Qualified,2025-08-04T06:59:00,33
LED003402,Branch Walk-in,CUS0007520,,0876863633,leebrian@example.net,PRD-WL01,EMP00095,Contacted,2025-01-29T08:20:00,57
LED003403,Web Form,CUS0007221,,0820665071,xhayden@example.com,PRD-WL02,EMP00326,Qualified,2025-07-03T04:04:00,34
LED003404,Cold Call,CUS0005233,,0677095611,arnoldthomas@example.net,PRD-CUR01,EMP00171,Disqualified,2025-11-12T17:55:00,14
LED003405,Cold Call,CUS0008060,,0866598729,jessica40@example.net,PRD-DG02,EMP00152,Converted,2025-04-04T08:45:00,45
LED003406,Partner,CUS0008919,,0844851006,anthonywalton@example.net,PRD-FD01,EMP00328,New,2025-10-05T06:46:00,1
LED003407,Referral,CUS0008445,,0847133430,davidlawson@example.net,PRD-CUR01,EMP00001,Converted,2025-08-23T13:54:00,8
LED003408,Referral,CUS0007538,,0850393832,vwhite@example.org,PRD-CUR01,EMP00066,Disqualified,2025-07-19T20:03:00,85
LED003409,Campaign,CUS0004070,,0624693566,mullinsmatthew@example.com,PRD-SAV02,EMP00219,New,2025-03-05T15:50:00,37
LED003410,Branch Walk-in,,นารดา ซาซุม,0630609952,mckenzieashley@example.com,PRD-CC02,EMP00025,Disqualified,2026-02-26T06:22:00,66
LED003411,Partner,CUS0007639,,0855610246,jramsey@example.com,PRD-IN02,EMP00325,Contacted,2025-08-21T06:40:00,77
LED003412,Campaign,CUS0004985,,0869494795,cunninghamchelsea@example.net,PRD-CC02,EMP00343,Qualified,2025-11-05T02:55:00,54
LED003413,Cold Call,CUS0002834,,0610218660,sharonbaker@example.net,PRD-WL02,EMP00022,Qualified,2025-12-30T23:36:00,78
LED003414,Referral,CUS0008164,,0928838506,irodgers@example.net,PRD-WL03,EMP00032,Disqualified,2025-09-29T11:07:00,65
LED003415,Campaign,CUS0000887,,0944562160,carrie60@example.net,PRD-CC01,EMP00167,Qualified,2026-03-06T08:35:00,8
LED003416,Branch Walk-in,CUS0005619,,0675165584,eguzman@example.net,PRD-DC01,EMP00109,Converted,2026-01-01T21:57:00,96
LED003417,Branch Walk-in,CUS0005524,,0877958152,markduncan@example.com,PRD-DG01,EMP00196,Disqualified,2026-02-04T02:46:00,53
LED003418,Referral,CUS0000793,,0923894798,jeffreygomez@example.com,PRD-FD02,EMP00495,New,2025-02-19T16:04:00,12
LED003419,Campaign,CUS0005389,,0875841121,colleen64@example.org,PRD-CC01,EMP00352,Qualified,2025-05-30T16:47:00,10
LED003420,Referral,,อชิตะวีร์ เนตร์มณี,0971277680,amanda03@example.org,PRD-IN01,EMP00101,New,2026-02-17T02:52:00,77
LED003421,Cold Call,,ศุภนุนาย ตรีครุธพันธุ์,0914549949,haley25@example.org,PRD-DG01,EMP00082,Contacted,2025-03-25T02:54:00,95
LED003422,Referral,CUS0000942,,0863156413,jason45@example.com,PRD-CC04,EMP00326,Converted,2026-01-14T22:11:00,64
LED003423,Cold Call,CUS0003344,,0693884690,aaron18@example.com,PRD-CC04,EMP00425,Contacted,2025-02-12T06:12:00,80
LED003424,Campaign,,เฉลิมรัฐ อุ่นอก,0950646396,yolandasmith@example.org,PRD-WL03,EMP00255,Qualified,2025-10-29T07:04:00,18
LED003425,Partner,,โรสชา ถนิมมาศ,0644336869,deborah02@example.org,PRD-DC02,EMP00476,New,2025-07-08T14:47:00,30
LED003426,Branch Walk-in,CUS0009732,,0817665462,natalie23@example.com,PRD-SAL01,EMP00241,Qualified,2025-11-02T23:03:00,54
LED003427,Campaign,CUS0006410,,0811851114,thoward@example.net,PRD-LN04,EMP00315,New,2025-01-28T20:36:00,96
LED003428,Cold Call,,วรรณรัตน์ แนวพนิช,0918357326,morenomelissa@example.com,PRD-SAV01,EMP00458,Contacted,2025-07-25T04:41:00,77
LED003429,Campaign,,ศิริญา มิ่งขวัญ,0846484952,joshua29@example.net,PRD-WL02,EMP00493,Converted,2025-10-09T04:33:00,37
LED003430,Referral,CUS0006323,,0629057106,simmonseric@example.net,PRD-WL03,EMP00006,New,2025-12-07T03:11:00,88
LED003431,Referral,,ศรลักษณ์ นาฏคายี,0637395295,mallorystuart@example.net,PRD-LN03,EMP00494,Qualified,2026-02-12T17:10:00,33
LED003432,Cold Call,CUS0000533,,0937494650,serranoheidi@example.net,PRD-FD03,EMP00103,Disqualified,2025-05-31T08:27:00,18
LED003433,Referral,CUS0002778,,0859428713,marshallsandra@example.com,PRD-CUR01,EMP00236,Contacted,2026-03-18T16:25:00,40
LED003434,Branch Walk-in,CUS0001929,,0850368524,thompsonsamantha@example.net,PRD-WL01,EMP00190,Qualified,2026-02-26T22:12:00,20
LED003435,Referral,,นิมุ ทองปากน้ำ,0861339968,butlerrichard@example.net,PRD-CC04,EMP00395,Contacted,2026-01-25T22:12:00,58
LED003436,Branch Walk-in,,นิชนันท์ บุณยะภาชน์,0843899430,lisahenry@example.com,PRD-LN03,EMP00114,Converted,2025-08-10T20:43:00,59
LED003437,Referral,CUS0004305,,0931924613,lopezalexander@example.net,PRD-DG01,EMP00477,Converted,2026-03-20T10:06:00,19
LED003438,Referral,CUS0008614,,0918749180,lawrencemichelle@example.net,PRD-WL03,EMP00042,Converted,2026-04-28T18:29:00,22
LED003439,Branch Walk-in,,พรสวรรค์ ไทไชโย,0647102170,delgadokevin@example.com,PRD-IN02,EMP00127,Converted,2025-02-12T06:14:00,76
LED003440,Cold Call,CUS0007768,,0665153971,fullermarcus@example.org,PRD-IN02,EMP00408,New,2025-08-15T05:23:00,93
LED003441,Cold Call,CUS0007545,,0829905343,smithashley@example.net,PRD-FD03,EMP00064,Contacted,2025-01-09T05:23:00,20
LED003442,Referral,CUS0003593,,0860427233,colemanjason@example.org,PRD-WL02,EMP00053,Qualified,2025-07-10T09:41:00,91
LED003443,Campaign,,ทัตธน ธาราธร,0616453485,ejones@example.org,PRD-DC01,EMP00378,Converted,2025-05-05T12:22:00,43
LED003444,Web Form,CUS0000312,,0683991263,dennis57@example.org,PRD-LN01,EMP00452,Contacted,2025-02-19T21:25:00,49
LED003445,Campaign,CUS0005925,,0824329605,aliciaanderson@example.com,PRD-IN01,EMP00380,Qualified,2026-04-06T12:06:00,43
LED003446,Referral,,จักรีรัตน์ เวียงจันทึก,0663129205,mmclaughlin@example.com,PRD-CC02,EMP00293,Disqualified,2025-11-22T03:34:00,31
LED003447,Campaign,CUS0007862,,0850113170,barbara16@example.net,PRD-LN01,EMP00133,Converted,2026-03-31T06:17:00,42
LED003448,Partner,CUS0004764,,0839571945,colemanbryan@example.com,PRD-SAL01,EMP00426,Contacted,2025-07-19T19:14:00,34
LED003449,Web Form,CUS0000637,,0959125818,ronald37@example.com,PRD-CC01,EMP00300,New,2025-05-01T10:04:00,65
LED003450,Partner,,สุรนีย์ ตั้งกุลงาม,0993614257,xpeters@example.com,PRD-IN01,EMP00005,New,2025-09-06T20:16:00,3
LED003451,Partner,CUS0007667,,0921202095,francis45@example.net,PRD-LN03,EMP00119,Converted,2025-10-13T08:06:00,57
LED003452,Cold Call,CUS0001684,,0819393804,melvinhunt@example.net,PRD-LN01,EMP00059,Disqualified,2025-04-13T08:46:00,56
LED003453,Cold Call,CUS0005072,,0942813926,jennifer21@example.org,PRD-LN04,EMP00237,Qualified,2025-11-12T05:27:00,9
LED003454,Referral,CUS0004333,,0613873344,knash@example.com,PRD-DC01,EMP00248,Disqualified,2026-03-14T23:38:00,54
LED003455,Branch Walk-in,,ศจีกาญจน์ ติระคมน์,0918851650,deborah83@example.org,PRD-DG01,EMP00326,Qualified,2025-06-22T02:06:00,2
LED003456,Referral,,วันฉัตร ฉิมพาลี,0894278738,dawsonadam@example.net,PRD-WL02,EMP00106,Qualified,2025-04-01T00:22:00,48
LED003457,Branch Walk-in,CUS0002491,,0630149191,campbelljessica@example.net,PRD-DG02,EMP00358,New,2025-07-14T21:19:00,33
LED003458,Referral,CUS0009279,,0843399580,james55@example.com,PRD-CC01,EMP00199,Converted,2025-02-26T15:45:00,41
LED003459,Referral,,ทัตธน ศรีธนะเวทย์,0679151124,jensenmelanie@example.net,PRD-LN02,EMP00102,Converted,2025-02-01T16:48:00,22
LED003460,Campaign,CUS0009918,,0998281629,delgadoalexis@example.net,PRD-LN03,EMP00391,Converted,2025-03-06T06:01:00,11
LED003461,Campaign,,สุทธิณัฐ นพตระกูล,0854490053,davidchristensen@example.org,PRD-CUR01,EMP00412,New,2026-03-19T12:40:00,96
LED003462,Branch Walk-in,CUS0002377,,0829966816,uhill@example.net,PRD-WL03,EMP00104,New,2025-04-15T22:20:00,26
LED003463,Branch Walk-in,CUS0000846,,0660179201,ericksongeorge@example.org,PRD-CC03,EMP00214,New,2025-04-03T20:04:00,81
LED003464,Web Form,,เอกวิทย์ ตะละภัฏ,0866087865,michael27@example.org,PRD-IN01,EMP00402,Converted,2025-12-06T10:22:00,34
LED003465,Cold Call,,พลานุช ไทยสุชาต,0613565027,christina24@example.org,PRD-CUR01,EMP00281,Qualified,2025-08-14T14:40:00,51
LED003466,Web Form,CUS0002153,,0859454419,ljones@example.com,PRD-SAL01,EMP00413,Disqualified,2025-10-05T14:33:00,22
LED003467,Referral,CUS0005951,,0956261184,kbaker@example.org,PRD-IN01,EMP00439,New,2025-03-18T10:29:00,23
LED003468,Referral,CUS0000644,,0670801388,amyknox@example.org,PRD-FD02,EMP00008,Contacted,2025-12-26T16:23:00,77
LED003469,Campaign,CUS0006532,,0971958498,rhondaphillips@example.org,PRD-CC01,EMP00429,Contacted,2025-03-03T12:37:00,18
LED003470,Partner,,เกียรติศักดิ์ ทองอยู่,0874195551,vanessa99@example.com,PRD-CC03,EMP00468,Converted,2025-02-21T06:14:00,60
LED003471,Partner,CUS0002687,,0912560931,gbrooks@example.net,PRD-FD03,EMP00498,Converted,2025-08-29T20:07:00,29
LED003472,Partner,CUS0006219,,0663934943,todd93@example.org,PRD-LN01,EMP00224,Converted,2025-01-18T15:12:00,81
LED003473,Referral,CUS0008127,,0982321652,jonestroy@example.com,PRD-LN03,EMP00167,Contacted,2025-04-26T15:40:00,84
LED003474,Referral,,จิณภัทตา ชำนาญวาด,0838696895,patricia93@example.org,PRD-IN02,EMP00181,New,2025-05-28T10:51:00,34
LED003475,Campaign,CUS0003241,,0624939355,sabrinahutchinson@example.org,PRD-LN04,EMP00203,New,2026-02-12T09:16:00,84
LED003476,Referral,CUS0008134,,0844272977,nathanielgreen@example.net,PRD-SAV01,EMP00043,Qualified,2026-03-09T04:12:00,59
LED003477,Web Form,,พันเทพ นิติสาขา,0867219318,carrie48@example.org,PRD-DC02,EMP00072,Contacted,2026-02-06T05:12:00,92
LED003478,Referral,CUS0005213,,0818287517,anthony95@example.org,PRD-SAV02,EMP00325,Converted,2025-10-23T04:31:00,73
LED003479,Cold Call,CUS0000837,,0816566692,allisonjenny@example.com,PRD-CUR01,EMP00230,Contacted,2026-03-28T02:25:00,27
LED003480,Partner,CUS0004121,,0644717288,ecantu@example.net,PRD-WL04,EMP00364,Disqualified,2025-05-09T23:33:00,21
LED003481,Web Form,CUS0008068,,0817195329,patrickmathis@example.com,PRD-FD01,EMP00301,Converted,2025-08-27T04:30:00,24
LED003482,Cold Call,CUS0003460,,0651050171,steven11@example.net,PRD-DC01,EMP00193,Contacted,2025-08-19T15:44:00,93
LED003483,Cold Call,,ประวี ทองสีไพล,0887773265,pjones@example.net,PRD-SAL01,EMP00449,Qualified,2025-12-15T10:45:00,3
LED003484,Referral,,ทองรัตน์ บุณยะภาชน์,0682973964,bacosta@example.com,PRD-DC02,EMP00078,Contacted,2025-01-08T15:54:00,47
LED003485,Campaign,,จักรีรัตน์ แน่นดุจป้อม,0937945854,laura02@example.net,PRD-SAV02,EMP00415,Contacted,2025-10-16T20:59:00,33
LED003486,Cold Call,,พุทธ นุชแนวนุ่ม,0895927189,sarah02@example.org,PRD-LN01,EMP00181,Contacted,2026-03-26T00:24:00,36
LED003487,Campaign,,มะลีวัลย์ บัวเผื่อน,0656482898,berrymichael@example.net,PRD-IN01,EMP00341,Contacted,2025-05-23T19:28:00,93
LED003488,Partner,,ชัญญานุนาย ทับทิมไทย,0660301792,christineburton@example.org,PRD-LN01,EMP00337,New,2026-01-26T09:21:00,70
LED003489,Campaign,CUS0003989,,0679329484,pottstimothy@example.com,PRD-LN02,EMP00152,Converted,2026-02-16T00:08:00,83
LED003490,Campaign,CUS0005141,,0612979022,steven88@example.org,PRD-WL02,EMP00126,Contacted,2025-11-07T22:59:00,28
LED003491,Referral,CUS0001851,,0958495642,tateshawn@example.net,PRD-FD03,EMP00334,Qualified,2025-03-20T03:21:00,10
LED003492,Cold Call,,นพวรรณ ธูปหอม,0895204344,aaronmack@example.org,PRD-DG01,EMP00421,Disqualified,2025-03-30T06:13:00,85
LED003493,Branch Walk-in,CUS0004171,,0853376617,marissa14@example.net,PRD-WL04,EMP00259,Converted,2025-03-11T14:21:00,32
LED003494,Partner,CUS0003101,,0658088466,dawnhoward@example.org,PRD-IN01,EMP00421,Qualified,2026-01-23T19:39:00,60
LED003495,Cold Call,CUS0006735,,0872541267,jenkinsnicholas@example.com,PRD-SAV02,EMP00350,Contacted,2026-04-23T19:57:00,9
LED003496,Campaign,,กุลเชษฐ นิละทัต,0846649709,karenperry@example.org,PRD-CC03,EMP00454,New,2025-07-11T01:47:00,71
LED003497,Referral,,มณียา นะวะมันดร,0980167865,anthony49@example.org,PRD-IN01,EMP00097,Disqualified,2025-03-17T10:02:00,46
LED003498,Referral,CUS0000469,,0847093228,piercejon@example.org,PRD-DC01,EMP00334,Contacted,2025-01-18T07:24:00,59
LED003499,Campaign,,อัญพัชร์ แน่นดุจป้อม,0815126445,jonathan93@example.com,PRD-LN03,EMP00160,Qualified,2025-09-12T08:29:00,13
LED003500,Campaign,,ใจกลาง บุญบำรุง,0965266126,pattersonkimberly@example.org,PRD-FD02,EMP00284,Contacted,2026-03-16T05:24:00,12
LED003501,Partner,,วรนาฎ เดชวา,0671870498,edwardsmary@example.org,PRD-CC02,EMP00356,Qualified,2025-11-24T08:19:00,53
LED003502,Partner,,โกวิทย์ นวลเพ็ง,0848368385,josephmartin@example.com,PRD-FD03,EMP00462,Converted,2025-02-19T06:08:00,46
LED003503,Web Form,,ศุภชัย ดิสกะประกาย,0621098585,vdouglas@example.org,PRD-LN04,EMP00470,New,2026-01-27T02:25:00,59
LED003504,Referral,CUS0007390,,0840035734,nathan80@example.com,PRD-SAV02,EMP00087,Contacted,2025-06-03T19:00:00,31
LED003505,Cold Call,,พรพิไล นามขำ,0895080564,kelseylamb@example.net,PRD-CC04,EMP00329,Qualified,2025-12-21T06:13:00,60
LED003506,Referral,CUS0007548,,0937481069,holly12@example.com,PRD-CC02,EMP00118,Disqualified,2025-04-08T11:02:00,79
LED003507,Branch Walk-in,CUS0001545,,0636688104,deborahbates@example.net,PRD-CC01,EMP00396,Disqualified,2026-01-28T07:56:00,55
LED003508,Branch Walk-in,CUS0008214,,0969909139,zharris@example.com,PRD-DC02,EMP00214,Contacted,2025-04-17T21:05:00,84
LED003509,Referral,,สิรวัฒน์ ถาวระวรณ์,0997475930,kelly79@example.com,PRD-CC01,EMP00097,Qualified,2025-10-20T04:12:00,7
LED003510,Web Form,,นิรันดร์ นฤภัย,0969851279,bonnie70@example.net,PRD-FD02,EMP00145,Converted,2026-03-10T08:43:00,6
LED003511,Campaign,,บุญเกิด ถาวรายุศม์,0986925473,rodriguezannette@example.net,PRD-LN02,EMP00423,Disqualified,2025-06-26T10:13:00,5
LED003512,Web Form,,นนทกาญจน์ แก้วชลคราม,0980828771,jilliangibbs@example.net,PRD-FD01,EMP00071,New,2025-06-11T22:53:00,96
LED003513,Referral,CUS0009308,,0997621048,jessicaharris@example.org,PRD-SAV02,EMP00215,Disqualified,2025-04-29T22:25:00,8
LED003514,Web Form,CUS0003718,,0661449860,alexandrawalker@example.com,PRD-CC04,EMP00395,Converted,2025-01-24T12:55:00,83
LED003515,Web Form,CUS0006311,,0624938237,christopher35@example.net,PRD-LN02,EMP00179,New,2025-01-14T16:47:00,41
LED003516,Partner,CUS0007427,,0868633176,millermarie@example.org,PRD-DG01,EMP00010,Qualified,2025-01-09T08:09:00,19
LED003517,Branch Walk-in,CUS0005951,,0919571361,misty48@example.com,PRD-FD01,EMP00185,Qualified,2025-07-06T04:45:00,5
LED003518,Campaign,CUS0003442,,0825953511,erin50@example.com,PRD-WL01,EMP00061,New,2026-01-21T13:02:00,13
LED003519,Partner,CUS0009802,,0690044102,mary05@example.org,PRD-IN02,EMP00413,Disqualified,2025-07-23T13:03:00,52
LED003520,Web Form,CUS0003890,,0823788097,richardnewton@example.com,PRD-DG01,EMP00177,New,2025-01-12T10:42:00,49
LED003521,Web Form,CUS0004945,,0866303236,hillbarbara@example.com,PRD-IN02,EMP00385,Disqualified,2026-01-21T01:37:00,65
LED003522,Partner,CUS0005579,,0995448803,patrick05@example.net,PRD-CC02,EMP00066,Disqualified,2025-05-11T16:10:00,87
LED003523,Web Form,CUS0005005,,0986408553,danielleshaw@example.com,PRD-SAV02,EMP00387,Qualified,2025-01-24T04:18:00,64
LED003524,Referral,CUS0007925,,0637296138,coxcorey@example.com,PRD-CC02,EMP00105,Qualified,2025-05-04T05:53:00,34
LED003525,Partner,CUS0009952,,0997607130,banksgregory@example.org,PRD-CC04,EMP00092,New,2025-08-18T04:57:00,8
LED003526,Cold Call,CUS0005188,,0610564844,jenna42@example.org,PRD-CC02,EMP00027,Contacted,2025-10-20T08:21:00,70
LED003527,Partner,,สุรวัช ทับทิมไทย,0830613063,maryblack@example.com,PRD-LN03,EMP00086,New,2026-03-17T00:24:00,48
LED003528,Referral,CUS0004728,,0823682771,whenry@example.org,PRD-LN02,EMP00197,New,2025-06-15T08:31:00,60
LED003529,Partner,,ศศิรินทร์ ไม้แดง,0646160901,ystewart@example.com,PRD-SAL01,EMP00137,Qualified,2025-10-25T14:51:00,37
LED003530,Branch Walk-in,CUS0009172,,0970103913,megan08@example.org,PRD-FD01,EMP00178,New,2025-06-22T22:43:00,59
LED003531,Web Form,CUS0002018,,0878915368,kneal@example.org,PRD-CC01,EMP00231,Disqualified,2026-02-09T21:57:00,24
LED003532,Referral,CUS0008067,,0697603017,brian57@example.org,PRD-CC01,EMP00149,New,2025-10-11T12:11:00,20
LED003533,Branch Walk-in,CUS0007372,,0695202310,christopher59@example.net,PRD-CC02,EMP00378,Contacted,2025-07-01T15:05:00,95
LED003534,Web Form,CUS0001729,,0612787626,rachel49@example.com,PRD-LN03,EMP00063,Contacted,2025-09-27T12:41:00,91
LED003535,Referral,CUS0005814,,0857053865,hannah05@example.com,PRD-FD01,EMP00345,New,2025-11-14T15:02:00,4
LED003536,Branch Walk-in,,ราชันทร์ ธัญาโภชน์,0815394283,jenniferwilkins@example.org,PRD-WL01,EMP00145,Disqualified,2026-04-25T01:23:00,34
LED003537,Web Form,CUS0002135,,0873010546,daniel83@example.org,PRD-CC03,EMP00291,Contacted,2025-10-05T10:09:00,53
LED003538,Web Form,CUS0002196,,0615779283,matthew30@example.net,PRD-DG02,EMP00490,New,2026-05-01T06:31:00,66
LED003539,Referral,CUS0008774,,0636235800,bjackson@example.com,PRD-WL04,EMP00274,New,2025-09-11T22:48:00,55
LED003540,Web Form,,นาวีตา ปรีชากุลเศรษฐ์,0874163878,dlane@example.net,PRD-DG01,EMP00370,New,2026-01-25T06:01:00,35
LED003541,Web Form,CUS0007589,,0667983208,lwood@example.org,PRD-DC01,EMP00009,Converted,2025-08-14T05:54:00,22
LED003542,Campaign,CUS0005725,,0617405276,romerojohn@example.net,PRD-IN01,EMP00446,Qualified,2025-11-14T22:06:00,17
LED003543,Partner,,เพ็ญพรรษา ตันเผ่า,0996078217,vasquezjohn@example.org,PRD-SAV01,EMP00240,Qualified,2026-03-15T22:04:00,99
LED003544,Branch Walk-in,CUS0004230,,0672711985,matthewodonnell@example.org,PRD-DG01,EMP00215,Qualified,2025-12-22T18:42:00,22
LED003545,Campaign,,เกษรา ดุริยพันธุ์,0977451364,maurice25@example.net,PRD-LN03,EMP00031,Qualified,2025-02-13T10:18:00,16
LED003546,Cold Call,,วรรณชนะชัย ถนิมมาศ,0957796789,mcdonaldmike@example.net,PRD-LN04,EMP00135,Disqualified,2026-02-02T00:52:00,36
LED003547,Cold Call,CUS0008963,,0953444185,kevin20@example.org,PRD-WL02,EMP00279,Converted,2025-03-08T04:38:00,73
LED003548,Web Form,,ยอดแมน แก้วอยู่,0684282790,renee81@example.com,PRD-WL01,EMP00259,Disqualified,2026-04-02T06:28:00,5
LED003549,Referral,CUS0000966,,0673687314,brian21@example.com,PRD-DG02,EMP00400,Disqualified,2025-12-03T16:31:00,59
LED003550,Branch Walk-in,CUS0000684,,0915334510,krowland@example.net,PRD-DG02,EMP00468,New,2025-09-08T09:34:00,89
LED003551,Branch Walk-in,CUS0005114,,0892752505,bryanfisher@example.net,PRD-CC04,EMP00202,New,2025-07-04T15:38:00,46
LED003552,Web Form,CUS0008950,,0881646597,courtneyevans@example.net,PRD-LN04,EMP00424,New,2025-10-17T08:38:00,2
LED003553,Partner,CUS0005553,,0875150135,williamschmidt@example.org,PRD-CC04,EMP00009,Disqualified,2025-02-14T22:17:00,39
LED003554,Partner,CUS0009848,,0671673922,jimmyshaw@example.net,PRD-LN02,EMP00312,Qualified,2025-10-22T03:56:00,95
LED003555,Partner,,อณาวิน ถนัดเดินข่าว,0629450461,nberg@example.com,PRD-LN01,EMP00236,Qualified,2025-11-18T22:34:00,8
LED003556,Branch Walk-in,,ทัตธน ทองสีไพล,0630311795,abrown@example.com,PRD-LN04,EMP00226,Converted,2025-09-11T23:10:00,33
LED003557,Referral,CUS0001651,,0924349217,ywood@example.org,PRD-DG02,EMP00078,Converted,2026-02-13T05:49:00,37
LED003558,Campaign,,เพทาย ธีวร,0874918353,tuckercharles@example.com,PRD-CUR01,EMP00378,Qualified,2025-09-01T04:14:00,90
LED003559,Cold Call,,พรสวรรค์ ทศโยธิน,0915152935,twalker@example.net,PRD-DG01,EMP00219,Converted,2025-04-19T08:21:00,13
LED003560,Branch Walk-in,,พรพิไล ธุวะนุติ์,0888449743,mmcdonald@example.org,PRD-SAV01,EMP00456,Qualified,2025-12-05T16:16:00,67
LED003561,Referral,CUS0003387,,0877341415,hjackson@example.org,PRD-CC02,EMP00390,Converted,2026-03-03T22:30:00,70
LED003562,Branch Walk-in,CUS0003959,,0927942194,pkrause@example.net,PRD-DG01,EMP00245,Converted,2025-08-12T01:26:00,30
LED003563,Partner,CUS0008569,,0840997161,nhahn@example.org,PRD-DC01,EMP00472,Contacted,2025-09-05T09:28:00,96
LED003564,Campaign,CUS0006129,,0823515991,chamberskevin@example.org,PRD-DC02,EMP00499,Disqualified,2025-05-09T21:47:00,62
LED003565,Web Form,,ภาสินี พรรษาสกุล,0611345589,ariel66@example.com,PRD-WL02,EMP00136,New,2026-01-19T03:49:00,47
LED003566,Campaign,CUS0003473,,0689872044,rbaker@example.net,PRD-LN04,EMP00053,Contacted,2025-12-16T03:23:00,46
LED003567,Referral,,ศุภนุนาย ตันตราจิณ,0662330750,marcusgarrison@example.org,PRD-WL01,EMP00174,Qualified,2025-10-02T01:49:00,32
LED003568,Cold Call,CUS0001678,,0825157630,millervictor@example.net,PRD-DG01,EMP00309,Converted,2025-04-13T15:18:00,66
LED003569,Branch Walk-in,CUS0005684,,0943358986,bclements@example.org,PRD-IN01,EMP00403,Contacted,2025-09-25T21:15:00,2
LED003570,Web Form,,อารีย์ ปานสุวรรณ,0694042179,thomasjames@example.net,PRD-IN01,EMP00225,Disqualified,2025-01-24T00:36:00,96
LED003571,Web Form,CUS0001117,,0815831620,elizabethcollier@example.org,PRD-FD01,EMP00329,New,2025-05-22T19:58:00,9
LED003572,Cold Call,,เกศรา ฉัพพรรณธนกูร,0876236797,williamgarcia@example.org,PRD-CUR01,EMP00342,Disqualified,2026-02-07T07:19:00,83
LED003573,Cold Call,CUS0004430,,0985845380,zshaffer@example.com,PRD-CC02,EMP00256,Disqualified,2025-10-29T06:52:00,4
LED003574,Partner,CUS0009896,,0849435852,tromero@example.org,PRD-FD03,EMP00404,New,2025-05-26T00:04:00,40
LED003575,Web Form,,กิติชัย ศรีสัตย์,0859682643,dunnadrian@example.com,PRD-LN02,EMP00088,Contacted,2025-10-20T20:38:00,46
LED003576,Partner,CUS0005272,,0959751598,steven21@example.org,PRD-LN02,EMP00325,Qualified,2026-01-04T03:19:00,92
LED003577,Cold Call,CUS0005834,,0610226003,david65@example.com,PRD-LN02,EMP00014,Qualified,2025-11-15T15:41:00,4
LED003578,Partner,,ณัฐศักดิ์ นาฏคายี,0846904466,gjones@example.org,PRD-WL03,EMP00096,Contacted,2025-05-23T22:44:00,36
LED003579,Cold Call,,ทองสิริ ถิรสวัสดิ์,0897035677,gary61@example.org,PRD-WL04,EMP00280,New,2025-05-15T18:17:00,90
LED003580,Branch Walk-in,,ศรีสวัสดิ์ เนื่องนนท์,0689647272,georgeamber@example.net,PRD-CC01,EMP00446,Disqualified,2025-04-01T01:33:00,96
LED003581,Branch Walk-in,CUS0005856,,0840493204,vanderson@example.com,PRD-CC04,EMP00329,Contacted,2025-01-29T18:24:00,79
LED003582,Referral,,เพียงกมล นิละทัต,0853510891,olsonjoseph@example.org,PRD-WL01,EMP00107,Disqualified,2025-03-08T16:48:00,59
LED003583,Partner,,พีรภัทร์ เขียวอ่อน,0977149572,christophergrimes@example.org,PRD-WL01,EMP00427,Converted,2026-02-07T16:43:00,66
LED003584,Referral,CUS0005360,,0864063681,joseph89@example.org,PRD-DC01,EMP00155,Disqualified,2025-02-09T19:01:00,16
LED003585,Campaign,CUS0007163,,0811087094,doughertyscott@example.net,PRD-WL03,EMP00493,New,2025-04-08T08:52:00,61
LED003586,Campaign,,ศศิยา ดาวกระจาย,0942778916,ubanks@example.com,PRD-WL04,EMP00247,Qualified,2026-01-02T11:23:00,72
LED003587,Cold Call,CUS0001611,,0970339309,cherylarellano@example.com,PRD-DG01,EMP00471,Converted,2025-01-29T11:55:00,64
LED003588,Referral,,สนั่น ปรีชากุลเศรษฐ์,0840384414,savannah99@example.com,PRD-FD01,EMP00176,Disqualified,2025-08-17T18:45:00,23
LED003589,Branch Walk-in,,นราวรรณ วะคีมัน,0861681898,desiree22@example.com,PRD-WL02,EMP00348,Disqualified,2026-03-06T12:02:00,51
LED003590,Partner,,ศิรินันท์ หอมพิกุล,0615961770,timothy66@example.net,PRD-LN02,EMP00385,Qualified,2025-03-15T14:04:00,64
LED003591,Referral,,จิฬาภรณ์ เณรานุสนธิ์,0990267818,lopezelizabeth@example.net,PRD-FD03,EMP00464,Disqualified,2025-09-05T13:53:00,89
LED003592,Web Form,CUS0004436,,0683046075,joseph97@example.org,PRD-LN04,EMP00075,New,2025-07-19T16:10:00,1
LED003593,Branch Walk-in,CUS0007300,,0959501036,julie23@example.net,PRD-LN03,EMP00158,Converted,2025-02-23T08:38:00,65
LED003594,Cold Call,CUS0009061,,0859850268,andersonjohn@example.net,PRD-CC03,EMP00253,Qualified,2025-03-14T10:25:00,95
LED003595,Referral,CUS0006459,,0663779003,edwardsdaniel@example.org,PRD-DG01,EMP00228,Converted,2025-11-11T18:08:00,95
LED003596,Branch Walk-in,,ธัญญกัญญา น้ำทิพย์,0979578551,claudia67@example.net,PRD-CC02,EMP00346,New,2026-04-25T19:15:00,67
LED003597,Web Form,,ปิยวัจน์ แก้วชลคราม,0834429755,melissamullins@example.net,PRD-CUR01,EMP00191,Qualified,2026-01-05T12:12:00,73
LED003598,Web Form,,รอกีเย๊าะ ซาซุม,0860912309,peterlee@example.net,PRD-SAV02,EMP00320,Contacted,2025-11-13T06:25:00,87
LED003599,Partner,,นาทภูวพัฒน์ พรรษาสกุล,0996713932,daniel85@example.net,PRD-SAL01,EMP00334,Qualified,2025-05-03T22:42:00,4
LED003600,Referral,,ฐิติวุฒิ บุนยะศัพท์,0634877200,fsmith@example.com,PRD-CC01,EMP00180,Contacted,2025-06-14T16:56:00,10
LED003601,Branch Walk-in,CUS0004861,,0829013290,sanderslaura@example.net,PRD-WL01,EMP00496,New,2026-04-04T16:01:00,69
LED003602,Referral,CUS0007256,,0682773652,langerika@example.net,PRD-LN03,EMP00070,Qualified,2025-09-07T01:08:00,89
LED003603,Campaign,CUS0006109,,0819871591,xwhite@example.org,PRD-FD01,EMP00176,New,2025-12-16T12:49:00,25
LED003604,Campaign,,สิราพร เขียวอ่อน,0668334292,amberwilliams@example.net,PRD-FD01,EMP00248,New,2025-05-05T21:39:00,7
LED003605,Referral,CUS0002209,,0843494709,rknight@example.com,PRD-FD03,EMP00034,Disqualified,2025-11-17T05:12:00,85
LED003606,Branch Walk-in,CUS0007957,,0681675458,steven89@example.com,PRD-LN01,EMP00208,Contacted,2025-04-07T15:44:00,24
LED003607,Cold Call,CUS0004204,,0994710711,jennifercox@example.org,PRD-FD02,EMP00391,Converted,2025-06-17T20:32:00,31
LED003608,Branch Walk-in,CUS0000887,,0824663051,david07@example.net,PRD-CUR01,EMP00388,New,2026-02-23T17:15:00,39
LED003609,Branch Walk-in,CUS0004183,,0640155238,jorgeblake@example.org,PRD-CC01,EMP00032,Converted,2026-03-25T06:26:00,65
LED003610,Campaign,CUS0000270,,0868635017,richardjordan@example.org,PRD-WL03,EMP00350,Contacted,2026-01-10T12:37:00,21
LED003611,Web Form,CUS0005707,,0678938510,evelynwilson@example.com,PRD-IN02,EMP00460,Converted,2026-01-24T13:51:00,42
LED003612,Branch Walk-in,CUS0003788,,0849779105,kimberly34@example.org,PRD-CC04,EMP00096,New,2025-05-07T09:35:00,78
LED003613,Partner,CUS0005822,,0673586777,cathy01@example.net,PRD-SAL01,EMP00115,New,2025-07-20T09:25:00,43
LED003614,Partner,CUS0002136,,0691814965,fmichael@example.net,PRD-LN03,EMP00148,Disqualified,2025-09-18T05:07:00,67
LED003615,Campaign,CUS0004957,,0880435201,xkhan@example.net,PRD-SAL01,EMP00120,Disqualified,2025-10-24T07:04:00,50
LED003616,Referral,,ดวงพร ดาบเพ็ชร์,0678831510,wgarcia@example.net,PRD-CUR01,EMP00015,New,2026-03-03T23:11:00,81
LED003617,Web Form,,วีรชัย ตระกูลไม้เรียง,0934321318,gonzalesjessica@example.com,PRD-LN04,EMP00114,Contacted,2026-03-30T18:45:00,85
LED003618,Referral,,เอกอธิพงษ์ ถนัดพิมพการ,0931843297,lindamartin@example.com,PRD-LN01,EMP00098,Qualified,2026-04-08T15:00:00,15
LED003619,Web Form,,ปิยนุช แก้วอยู่,0998522232,tinamoore@example.net,PRD-DG02,EMP00432,Qualified,2025-03-28T07:24:00,77
LED003620,Campaign,CUS0006390,,0917538630,bakerjoshua@example.net,PRD-WL03,EMP00071,Qualified,2026-01-26T15:02:00,3
LED003621,Cold Call,,คมคาย ธรรมสถิตไพศาล,0873753392,scottjones@example.net,PRD-WL01,EMP00470,Disqualified,2025-10-31T05:29:00,18
LED003622,Campaign,CUS0002885,,0970640338,welchlaura@example.org,PRD-WL03,EMP00152,Contacted,2025-07-20T20:20:00,16
LED003623,Branch Walk-in,CUS0004784,,0937203240,laurie86@example.org,PRD-CC01,EMP00389,Contacted,2026-01-09T14:34:00,64
LED003624,Referral,,ภูมิปัญญา นิษประปัญจ์,0980190529,richardfoster@example.org,PRD-WL01,EMP00034,Converted,2026-02-01T04:25:00,69
LED003625,Cold Call,CUS0005208,,0926536742,sedwards@example.org,PRD-IN02,EMP00011,New,2026-02-26T16:59:00,12
LED003626,Cold Call,CUS0009036,,0840152148,ycardenas@example.org,PRD-CUR01,EMP00205,New,2025-02-08T13:32:00,99
LED003627,Campaign,CUS0006993,,0856846499,joseph10@example.net,PRD-SAV02,EMP00500,Qualified,2025-03-10T02:18:00,63
LED003628,Partner,,เขียว ถนัดเดินข่าว,0883089301,olarson@example.org,PRD-IN01,EMP00050,Converted,2026-03-04T20:41:00,81
LED003629,Branch Walk-in,,ใกล้รุ่ง ปานสุวรรณ,0657985909,brianstone@example.org,PRD-WL03,EMP00370,Converted,2025-02-25T01:58:00,88
LED003630,Branch Walk-in,,วิกิจ ศรทอง,0930652414,patricia74@example.net,PRD-FD01,EMP00181,Disqualified,2025-05-29T02:24:00,20
LED003631,Branch Walk-in,CUS0000501,,0924945315,omaldonado@example.com,PRD-LN01,EMP00297,Disqualified,2026-01-23T15:47:00,43
LED003632,Cold Call,CUS0005334,,0629652846,thompsonsandra@example.net,PRD-DG01,EMP00180,Qualified,2025-01-29T19:23:00,50
LED003633,Branch Walk-in,CUS0001992,,0620541616,amanda21@example.org,PRD-WL01,EMP00463,Contacted,2025-11-12T13:11:00,22
LED003634,Cold Call,CUS0003330,,0814607967,angela71@example.com,PRD-SAL01,EMP00087,Disqualified,2025-04-22T13:41:00,73
LED003635,Cold Call,CUS0002530,,0862742185,ndiaz@example.com,PRD-FD02,EMP00277,New,2025-11-17T18:01:00,45
LED003636,Cold Call,,ธมน บัวเผื่อน,0861738681,barnettbrandon@example.net,PRD-IN01,EMP00103,Contacted,2025-03-15T10:55:00,56
LED003637,Campaign,,วีระวัฒน์ ซูสารอ,0910996961,kevin93@example.net,PRD-CC03,EMP00351,Converted,2025-10-06T19:12:00,84
LED003638,Cold Call,,อรรจน์ หิรัญสาลี,0681909809,wendywilliams@example.org,PRD-SAV01,EMP00053,Converted,2025-05-21T03:51:00,26
LED003639,Branch Walk-in,,สิริกานต์ ศรีตะวัน,0612950238,taylorsanchez@example.com,PRD-LN03,EMP00319,Contacted,2025-08-27T03:02:00,5
LED003640,Web Form,CUS0004927,,0827678440,anthonyfitzgerald@example.com,PRD-LN04,EMP00306,New,2026-01-24T01:39:00,2
LED003641,Referral,CUS0000813,,0858414460,stephanie72@example.com,PRD-WL04,EMP00149,Converted,2025-03-26T11:01:00,99
LED003642,Cold Call,CUS0001302,,0812333747,tina19@example.com,PRD-LN02,EMP00458,Disqualified,2025-01-21T19:55:00,30
LED003643,Branch Walk-in,CUS0005598,,0944063450,sanfordjames@example.com,PRD-CC01,EMP00016,Converted,2025-10-01T08:13:00,71
LED003644,Cold Call,CUS0006777,,0873460518,vgarcia@example.net,PRD-IN01,EMP00234,Disqualified,2025-06-06T02:21:00,59
LED003645,Referral,,พิมพ์สุดา นิลวรรณ,0830386602,adamsjohn@example.com,PRD-WL04,EMP00273,New,2025-02-23T02:54:00,56
LED003646,Campaign,,นารดา ดำริห์ชอบ,0834933605,hornjennifer@example.com,PRD-WL04,EMP00059,Disqualified,2025-02-19T23:35:00,6
LED003647,Branch Walk-in,CUS0001691,,0957009743,umedina@example.com,PRD-LN03,EMP00103,Disqualified,2025-11-20T17:28:00,67
LED003648,Cold Call,CUS0009433,,0683883821,wadeshelby@example.com,PRD-SAV02,EMP00162,Converted,2025-08-26T16:37:00,69
LED003649,Cold Call,CUS0009615,,0678490183,peterscott@example.com,PRD-WL04,EMP00066,New,2025-01-06T07:07:00,65
LED003650,Partner,,ยศวัฒน์ ถนัดรบ,0839146744,patriciaevans@example.net,PRD-CC02,EMP00044,New,2026-02-25T09:03:00,85
LED003651,Partner,,วรรณกร แนวพญา,0915573425,fletcherxavier@example.org,PRD-CUR01,EMP00385,Disqualified,2025-09-01T21:10:00,99
LED003652,Cold Call,,ดิลก ไทยแท้,0825878415,sbaldwin@example.net,PRD-CUR01,EMP00179,Disqualified,2026-03-11T06:46:00,31
LED003653,Referral,CUS0007244,,0618660579,robert09@example.org,PRD-SAV02,EMP00230,New,2025-12-09T13:09:00,83
LED003654,Partner,,ประยุทธ์ ถนัดเดินข่าว,0872287175,nicole75@example.net,PRD-SAV01,EMP00158,Disqualified,2025-03-21T14:23:00,96
LED003655,Partner,CUS0001084,,0623207559,johnmaynard@example.com,PRD-WL04,EMP00121,New,2026-03-24T23:51:00,95
LED003656,Referral,CUS0004278,,0991803782,thomaselizabeth@example.com,PRD-SAV02,EMP00278,Converted,2025-08-12T07:02:00,75
LED003657,Referral,CUS0005793,,0646327691,hoodkrista@example.org,PRD-DG01,EMP00074,Qualified,2025-09-21T09:05:00,45
LED003658,Branch Walk-in,,หลี ตะละภัฏ,0993825352,washingtonlauren@example.com,PRD-CC03,EMP00310,Disqualified,2025-12-10T04:49:00,92
LED003659,Campaign,,ยศวัฒน์ บัวเผื่อน,0973115078,uibarra@example.net,PRD-SAV02,EMP00250,Converted,2025-05-30T01:34:00,30
LED003660,Branch Walk-in,,นนทกาญจน์ ถาวระวรณ์,0638951227,eharris@example.org,PRD-CC02,EMP00257,Converted,2025-05-25T09:42:00,76
LED003661,Web Form,CUS0003768,,0693899771,harrisonsarah@example.net,PRD-DG01,EMP00280,Qualified,2025-01-30T07:56:00,52
LED003662,Referral,CUS0008192,,0994281921,zhurst@example.com,PRD-LN01,EMP00162,Qualified,2025-03-23T11:03:00,15
LED003663,Branch Walk-in,,นนทกาญจน์ นานายน,0915872345,stonezachary@example.com,PRD-IN02,EMP00225,Qualified,2025-01-27T13:28:00,86
LED003664,Referral,,อัญพัชร์ ถนิมมาศ,0680729777,laurasweeney@example.net,PRD-SAV01,EMP00177,Contacted,2025-01-16T17:25:00,76
LED003665,Branch Walk-in,,คมคาย พรรษาสกุล,0651097027,handerson@example.com,PRD-DC02,EMP00469,Qualified,2025-06-13T06:04:00,100
LED003666,Partner,,ศรีสวัสดิ์ ตั้งเผ่า,0898961468,osalas@example.net,PRD-WL04,EMP00123,Disqualified,2026-02-05T16:40:00,63
LED003667,Branch Walk-in,CUS0001226,,0953971856,jason49@example.org,PRD-LN02,EMP00166,New,2025-05-03T21:33:00,83
LED003668,Campaign,CUS0002808,,0668911426,harrisjanice@example.net,PRD-DC01,EMP00112,Qualified,2025-10-06T08:10:00,95
LED003669,Partner,CUS0001080,,0867478091,shawnsloan@example.org,PRD-CC03,EMP00210,Converted,2025-10-10T02:25:00,70
LED003670,Referral,CUS0003608,,0961361381,joseph14@example.net,PRD-LN04,EMP00403,Qualified,2025-04-12T06:35:00,11
LED003671,Web Form,,ฮามีย๊ะ หนุนสุข,0920797371,hallwanda@example.org,PRD-LN01,EMP00449,New,2025-05-21T19:31:00,93
LED003672,Branch Walk-in,CUS0006207,,0992126752,joseph69@example.net,PRD-CC04,EMP00195,New,2025-07-11T03:24:00,53
LED003673,Web Form,CUS0003702,,0698364896,luis43@example.com,PRD-SAV02,EMP00424,Disqualified,2026-02-28T14:20:00,55
LED003674,Web Form,CUS0006294,,0820253339,zjones@example.net,PRD-WL02,EMP00325,New,2025-01-03T16:44:00,36
LED003675,Web Form,,นิภา นาฏคายี,0696069628,bcooke@example.org,PRD-IN02,EMP00472,New,2025-09-01T06:46:00,62
LED003676,Branch Walk-in,CUS0007038,,0919528979,vsnow@example.com,PRD-SAV01,EMP00086,Disqualified,2026-01-18T00:10:00,86
LED003677,Partner,CUS0000675,,0865940365,jbryan@example.org,PRD-FD01,EMP00382,Converted,2025-07-26T17:58:00,62
LED003678,Branch Walk-in,CUS0005812,,0688962338,smithjennifer@example.com,PRD-CC03,EMP00394,Converted,2025-12-05T16:58:00,64
LED003679,Referral,CUS0002748,,0925308228,kathleenthomas@example.org,PRD-LN01,EMP00031,Disqualified,2025-11-29T23:29:00,58
LED003680,Cold Call,CUS0009156,,0897255367,marciawalsh@example.com,PRD-SAV01,EMP00216,Disqualified,2025-02-13T14:24:00,88
LED003681,Branch Walk-in,CUS0004538,,0641017177,sspencer@example.net,PRD-LN01,EMP00350,Converted,2025-06-20T18:00:00,29
LED003682,Branch Walk-in,,รอซีด๊ะ ดาวกระจาย,0886649678,keith22@example.net,PRD-DC02,EMP00304,Qualified,2025-09-30T13:30:00,93
LED003683,Referral,CUS0001794,,0817915641,ulevine@example.org,PRD-WL01,EMP00260,Qualified,2025-02-12T09:57:00,90
LED003684,Web Form,CUS0009436,,0972732341,ellisdonna@example.com,PRD-SAV01,EMP00290,Qualified,2025-09-29T22:37:00,11
LED003685,Partner,CUS0003125,,0633845333,brittany53@example.org,PRD-DG01,EMP00054,Qualified,2025-12-08T00:00:00,63
LED003686,Referral,CUS0002182,,0646392971,lsanders@example.org,PRD-FD02,EMP00240,Contacted,2025-05-31T05:56:00,30
LED003687,Partner,CUS0009238,,0619462808,christopher24@example.com,PRD-CUR01,EMP00417,New,2025-02-06T20:06:00,57
LED003688,Partner,,ศดิศ พรสีมา,0847050905,stephenharrington@example.com,PRD-DC01,EMP00120,Qualified,2025-02-22T09:55:00,12
LED003689,Referral,CUS0000293,,0877566222,georgemartinez@example.com,PRD-SAV01,EMP00394,Disqualified,2026-04-28T07:00:00,9
LED003690,Partner,CUS0005771,,0668952537,linda95@example.net,PRD-IN02,EMP00098,Converted,2025-05-15T15:33:00,51
LED003691,Campaign,CUS0007527,,0959886280,diana67@example.com,PRD-CC02,EMP00067,Qualified,2025-12-29T22:09:00,0
LED003692,Campaign,CUS0008071,,0663578208,freywilliam@example.org,PRD-CC03,EMP00264,Converted,2025-01-14T21:25:00,76
LED003693,Referral,CUS0004872,,0957335770,daniel05@example.net,PRD-SAL01,EMP00119,Contacted,2026-04-30T02:21:00,50
LED003694,Branch Walk-in,CUS0002747,,0819796776,jacksongeorge@example.org,PRD-LN02,EMP00320,Qualified,2025-02-18T05:14:00,32
LED003695,Referral,,สมมล ตรีครุธพันธุ์,0888955889,moorejohn@example.com,PRD-IN01,EMP00467,Converted,2025-03-05T05:06:00,38
LED003696,Web Form,CUS0003951,,0668886059,johnsonkeith@example.com,PRD-LN03,EMP00245,Disqualified,2025-04-18T18:18:00,72
LED003697,Branch Walk-in,CUS0001021,,0651000980,usullivan@example.net,PRD-SAV02,EMP00357,New,2026-01-31T11:26:00,28
LED003698,Referral,CUS0008809,,0962649928,justin93@example.org,PRD-LN03,EMP00343,Converted,2026-03-13T01:28:00,55
LED003699,Cold Call,CUS0003260,,0692388521,christopherbarnett@example.net,PRD-DC02,EMP00317,Disqualified,2025-04-08T16:50:00,77
LED003700,Branch Walk-in,CUS0002555,,0849913846,matthewholt@example.net,PRD-DG01,EMP00335,Converted,2026-02-08T08:17:00,17
LED003701,Cold Call,CUS0008264,,0926548453,qstewart@example.com,PRD-CC02,EMP00144,Disqualified,2025-03-30T09:55:00,49
LED003702,Cold Call,,ธราวิทญ์ จันทา,0864786962,natalie16@example.com,PRD-CC02,EMP00289,Contacted,2025-10-12T22:06:00,83
LED003703,Web Form,CUS0007366,,0880847388,carolvargas@example.net,PRD-LN02,EMP00016,New,2025-03-09T15:32:00,23
LED003704,Web Form,CUS0004661,,0845920360,qglass@example.net,PRD-LN02,EMP00108,Qualified,2025-01-02T00:10:00,52
LED003705,Partner,CUS0006433,,0891068012,melissa08@example.net,PRD-DG01,EMP00483,Converted,2026-04-03T03:26:00,56
LED003706,Campaign,,รูไกยะฮ์ นาคะนคร,0846250511,gregory98@example.net,PRD-FD03,EMP00077,Contacted,2025-06-08T12:51:00,49
LED003707,Campaign,CUS0003989,,0834493547,curtisamanda@example.org,PRD-DG01,EMP00401,Qualified,2026-01-30T06:57:00,98
LED003708,Web Form,,เทียมศักดิ์ ศรีสัตย์,0610389712,fnewman@example.org,PRD-SAL01,EMP00054,Converted,2025-08-22T01:41:00,31
LED003709,Campaign,,เรืองเกียรติ ซูสารอ,0843855088,jamiemccoy@example.net,PRD-FD02,EMP00214,Disqualified,2026-04-29T13:15:00,48
LED003710,Referral,CUS0005601,,0999963919,davidcox@example.org,PRD-CC02,EMP00109,Converted,2026-03-21T04:15:00,49
LED003711,Cold Call,CUS0004829,,0812971573,patrickatkinson@example.org,PRD-FD03,EMP00227,Disqualified,2025-10-23T20:33:00,94
LED003712,Cold Call,CUS0001812,,0623166472,urobles@example.com,PRD-SAV01,EMP00031,New,2025-08-23T11:54:00,25
LED003713,Partner,,สันชัย พีระเพ็ญกุล,0957827766,mdavies@example.net,PRD-IN02,EMP00267,Contacted,2026-04-06T13:37:00,67
LED003714,Web Form,,สุรนัย หอมพิกุล,0979476024,jeremiahlong@example.net,PRD-SAL01,EMP00423,Disqualified,2025-01-25T19:07:00,73
LED003715,Cold Call,,โสภณิตา นาถะเดชะ,0835366589,kim42@example.net,PRD-WL01,EMP00282,Contacted,2025-12-18T19:12:00,7
LED003716,Campaign,CUS0007225,,0689039389,maria16@example.net,PRD-WL01,EMP00135,Disqualified,2025-12-04T20:45:00,4
LED003717,Referral,,นิมุ ถาวรายุศม์,0852402375,patricia19@example.com,PRD-LN01,EMP00075,Converted,2025-02-20T15:43:00,8
LED003718,Web Form,,สินสมุทร นักสำหรวจ,0958487452,frobinson@example.com,PRD-FD02,EMP00278,Disqualified,2025-06-20T23:12:00,80
LED003719,Partner,CUS0000385,,0830013241,julie40@example.org,PRD-CC02,EMP00297,Disqualified,2025-06-01T02:59:00,94
LED003720,Cold Call,,วรรณนิสา ร่มธิติรัตน์,0622755725,jacksonwanda@example.net,PRD-CC03,EMP00054,Qualified,2025-01-03T22:49:00,5
LED003721,Campaign,CUS0009741,,0670213403,wardjames@example.com,PRD-DG02,EMP00359,New,2025-09-13T10:01:00,65
LED003722,Campaign,CUS0009898,,0979283112,mbradshaw@example.com,PRD-IN02,EMP00337,Contacted,2025-10-17T19:19:00,83
LED003723,Partner,CUS0007635,,0679930450,nathanielhull@example.net,PRD-FD03,EMP00005,Contacted,2025-08-28T09:31:00,55
LED003724,Partner,,ผดุงชาติ นาคพันธุ์,0633195744,jeremy04@example.com,PRD-SAV01,EMP00480,Converted,2026-04-25T20:36:00,52
LED003725,Web Form,CUS0004364,,0677288506,russelljoseph@example.org,PRD-LN01,EMP00190,Disqualified,2025-02-24T09:52:00,18
LED003726,Branch Walk-in,CUS0001166,,0680076632,karenwhite@example.org,PRD-DG02,EMP00307,Converted,2025-05-15T20:00:00,59
LED003727,Branch Walk-in,,สุไฮลัน ธนรักษ์,0861623144,zdunn@example.com,PRD-FD03,EMP00307,New,2025-10-07T18:43:00,17
LED003728,Web Form,CUS0004532,,0960966455,stacy86@example.net,PRD-WL03,EMP00401,Converted,2025-03-25T19:25:00,80
LED003729,Cold Call,,พีรภัทร์ ทับทิมไทย,0659577672,kathleenoconnor@example.net,PRD-WL03,EMP00183,New,2025-01-19T23:03:00,16
LED003730,Partner,CUS0000488,,0684455720,taylorkristin@example.org,PRD-WL02,EMP00389,Qualified,2025-03-17T09:22:00,35
LED003731,Campaign,,ลักษมี ไทนิยม,0828210749,acooper@example.net,PRD-FD02,EMP00154,New,2025-02-28T13:53:00,6
LED003732,Campaign,,วิกิจ ถนอมพลกรัง,0824282428,mball@example.net,PRD-CC03,EMP00206,Contacted,2025-07-27T12:32:00,95
LED003733,Web Form,CUS0007942,,0688844786,lynchmark@example.com,PRD-IN01,EMP00135,Qualified,2025-12-11T08:08:00,94
LED003734,Campaign,,กฤตพร ชุมวระ,0645357834,rebeccafrazier@example.net,PRD-DG01,EMP00082,Contacted,2025-10-12T08:36:00,32
LED003735,Partner,CUS0007607,,0682033515,bankstravis@example.net,PRD-DC01,EMP00408,Qualified,2025-05-26T13:54:00,15
LED003736,Referral,CUS0004481,,0667048482,asmith@example.net,PRD-WL01,EMP00012,Disqualified,2025-07-25T23:30:00,74
LED003737,Referral,,เกษตร ทศโยธิน,0873438250,aaronstanley@example.net,PRD-CUR01,EMP00297,Contacted,2026-04-02T18:02:00,73
LED003738,Branch Walk-in,CUS0009883,,0883911650,bradleywalker@example.com,PRD-WL03,EMP00159,Contacted,2025-06-27T10:59:00,70
LED003739,Partner,,สนั่น ถนัดอาวุธ,0975482742,jenkinsdebra@example.net,PRD-WL04,EMP00340,Contacted,2025-11-24T14:25:00,60
LED003740,Web Form,CUS0005983,,0895064741,jjackson@example.com,PRD-CC02,EMP00160,Contacted,2026-04-30T02:38:00,98
LED003741,Branch Walk-in,CUS0004393,,0827415497,renee43@example.net,PRD-FD02,EMP00311,Disqualified,2026-01-22T07:44:00,13
LED003742,Partner,,เจษฏาภรณ์ งามพิเชษฐ์,0611137186,michael83@example.net,PRD-DC02,EMP00038,New,2026-02-12T12:31:00,85
LED003743,Web Form,CUS0008610,,0638413976,stonecindy@example.net,PRD-FD03,EMP00424,Qualified,2025-01-18T20:05:00,15
LED003744,Branch Walk-in,,นัฐพล นิยมธรรม,0869287004,rogerryan@example.net,PRD-WL03,EMP00431,New,2025-01-01T20:15:00,32
LED003745,Cold Call,,ยศวัฒน์ ดาบเพ็ชร์,0655931591,eyoder@example.net,PRD-CC03,EMP00278,Disqualified,2025-04-14T03:32:00,83
LED003746,Referral,CUS0009219,,0839325475,djones@example.net,PRD-WL04,EMP00454,Disqualified,2025-11-01T14:53:00,66
LED003747,Referral,CUS0006810,,0824822890,toddkim@example.com,PRD-CC02,EMP00472,Contacted,2025-05-20T18:23:00,72
LED003748,Referral,CUS0002689,,0932468572,david53@example.com,PRD-CC03,EMP00163,New,2026-03-30T23:41:00,35
LED003749,Campaign,,วิชชากร นฤภัย,0627506785,brandonsmith@example.net,PRD-IN02,EMP00170,Converted,2025-08-28T06:13:00,96
LED003750,Cold Call,CUS0001156,,0861864713,kerickson@example.com,PRD-IN02,EMP00359,New,2026-01-24T04:16:00,20
LED003751,Referral,,ทินพร ถนัดภาษา,0849712815,tara81@example.org,PRD-DC02,EMP00277,Qualified,2026-02-08T11:20:00,44
LED003752,Web Form,,กันตวรรณ ชำนาญวาด,0895881437,dawn81@example.net,PRD-DC02,EMP00272,Converted,2025-05-16T01:52:00,30
LED003753,Partner,CUS0003656,,0961868582,lrivera@example.org,PRD-LN04,EMP00492,New,2025-09-02T02:50:00,41
LED003754,Partner,,อนุบาล วิลาสินี,0619747176,phillipgibson@example.org,PRD-DC01,EMP00453,Converted,2025-11-06T03:04:00,87
LED003755,Referral,CUS0005772,,0668899675,deborahduran@example.com,PRD-SAV01,EMP00232,Qualified,2025-07-13T15:55:00,65
LED003756,Branch Walk-in,,เนติลักษณ์ ดาบเพ็ชร์,0881309101,cynthia45@example.org,PRD-LN01,EMP00388,New,2026-04-02T13:44:00,87
LED003757,Branch Walk-in,,มาโนชญ์ ถาวรายุศม์,0611973005,alexandrahall@example.com,PRD-IN02,EMP00011,Contacted,2025-06-07T05:11:00,13
LED003758,Web Form,,เอนกพงศ์ สุวรรณหงษ์,0986605506,ebeck@example.org,PRD-CC04,EMP00328,New,2026-01-20T00:10:00,54
LED003759,Web Form,CUS0008286,,0889793489,waltondaniel@example.net,PRD-FD03,EMP00101,Contacted,2025-08-15T20:37:00,69
LED003760,Web Form,CUS0009983,,0694077617,lkidd@example.org,PRD-LN04,EMP00320,Disqualified,2025-12-19T13:49:00,80
LED003761,Campaign,CUS0006163,,0947820050,smithdebra@example.com,PRD-WL04,EMP00264,Contacted,2025-09-09T01:15:00,14
LED003762,Referral,CUS0008926,,0693683412,mcbridemichael@example.net,PRD-WL03,EMP00138,Converted,2026-01-11T01:32:00,64
LED003763,Cold Call,CUS0008081,,0890117866,manuelalvarez@example.org,PRD-SAL01,EMP00142,Contacted,2026-04-20T06:31:00,6
LED003764,Cold Call,CUS0009319,,0838186007,robinmurray@example.org,PRD-CC01,EMP00401,Disqualified,2026-03-12T19:06:00,77
LED003765,Web Form,CUS0009995,,0896997171,christopherlong@example.com,PRD-FD02,EMP00357,Qualified,2025-08-19T00:42:00,54
LED003766,Branch Walk-in,CUS0006283,,0928389226,cglover@example.com,PRD-CC02,EMP00075,Converted,2025-05-26T07:30:00,83
LED003767,Partner,,โอภาส เตมิยะเดช,0936274387,gordonnicole@example.com,PRD-CC01,EMP00005,Contacted,2026-03-07T17:52:00,66
LED003768,Cold Call,,นันทวุฒิ ตระกูลบุญ,0646680782,davenportkellie@example.com,PRD-FD02,EMP00361,Disqualified,2026-02-16T22:49:00,83
LED003769,Referral,CUS0005381,,0988505289,qbryant@example.org,PRD-CC03,EMP00215,New,2025-10-06T12:09:00,19
LED003770,Referral,,วาร์มูฮำหมัด นามขำ,0675289991,scarter@example.org,PRD-DC02,EMP00084,New,2025-01-10T07:25:00,65
LED003771,Web Form,,มณียา ธูปหอม,0954795808,andrewsjacob@example.com,PRD-LN04,EMP00338,Contacted,2025-09-16T19:16:00,88
LED003772,Branch Walk-in,CUS0002140,,0894508429,ymiller@example.com,PRD-WL02,EMP00002,Disqualified,2025-12-10T11:10:00,58
LED003773,Campaign,CUS0000561,,0832286368,erin61@example.com,PRD-IN02,EMP00126,Disqualified,2025-06-22T00:20:00,31
LED003774,Cold Call,,ธีรวัช ตั้งเผ่า,0834841997,amandacasey@example.com,PRD-FD02,EMP00430,New,2025-10-23T22:12:00,99
LED003775,Web Form,,ราชันทร์ ถาวระวรณ์,0820892542,markjordan@example.org,PRD-CC03,EMP00099,Converted,2025-08-24T23:57:00,56
LED003776,Branch Walk-in,CUS0003590,,0931372234,leah53@example.net,PRD-SAL01,EMP00051,Disqualified,2025-12-08T21:41:00,5
LED003777,Branch Walk-in,CUS0004842,,0863348872,nrobbins@example.net,PRD-CUR01,EMP00345,Converted,2025-08-12T04:10:00,84
LED003778,Cold Call,,สราญจิตต์ เลิศกิ่ง,0977242173,gravesstephanie@example.org,PRD-LN01,EMP00061,Converted,2026-03-31T07:07:00,63
LED003779,Web Form,CUS0001837,,0699181552,stacey50@example.org,PRD-FD02,EMP00068,Converted,2025-07-29T04:36:00,31
LED003780,Web Form,CUS0004586,,0985314074,sbenson@example.net,PRD-CC04,EMP00097,Qualified,2026-02-11T17:36:00,31
LED003781,Web Form,,ณัฐจศักดิ์ นครเทพ,0826402727,alexandra67@example.com,PRD-DC01,EMP00237,Disqualified,2025-05-15T13:32:00,1
LED003782,Referral,CUS0007465,,0971343303,medwards@example.org,PRD-CC01,EMP00454,Converted,2025-09-23T07:48:00,4
LED003783,Cold Call,CUS0003811,,0623079211,davidmoore@example.org,PRD-IN02,EMP00251,Converted,2025-08-26T22:17:00,56
LED003784,Branch Walk-in,,บุญเกิด ถมปัด,0695093527,keith06@example.com,PRD-IN01,EMP00416,Qualified,2025-05-07T04:49:00,95
LED003785,Cold Call,CUS0004543,,0879106362,courtneyjohnson@example.org,PRD-LN01,EMP00465,Converted,2025-11-07T10:24:00,57
LED003786,Cold Call,CUS0002967,,0826712268,isaac56@example.net,PRD-DC02,EMP00200,New,2025-03-15T09:09:00,16
LED003787,Campaign,,ถนอมชัย ไทไชโย,0829984896,obarry@example.org,PRD-CC04,EMP00438,Contacted,2025-11-09T15:59:00,64
LED003788,Referral,,จิตรลดา เจริญรัมย์,0844032936,rachel63@example.net,PRD-DG02,EMP00387,Qualified,2025-03-03T14:38:00,89
LED003789,Campaign,CUS0008668,,0999417354,tscott@example.org,PRD-WL02,EMP00077,Converted,2026-04-17T23:04:00,97
LED003790,Referral,CUS0004533,,0636625557,beckeraustin@example.net,PRD-DG02,EMP00191,New,2025-04-04T06:40:00,31
LED003791,Web Form,,นพ น้ำทิพย์,0884792045,hsmith@example.org,PRD-FD01,EMP00064,New,2026-02-24T09:46:00,16
LED003792,Cold Call,,ศรีสวัสดิ์ สงประเสริฐ,0832585624,mikeflores@example.org,PRD-SAL01,EMP00018,Qualified,2025-01-27T01:03:00,54
LED003793,Campaign,CUS0004038,,0935329749,markstephens@example.com,PRD-LN02,EMP00192,Qualified,2025-07-31T02:28:00,90
LED003794,Web Form,,สรรเพชญ์ ถนอมมนุษย์,0923466077,williamsrachel@example.org,PRD-IN02,EMP00352,New,2025-03-09T19:48:00,33
LED003795,Cold Call,CUS0001930,,0677149823,gmiller@example.com,PRD-FD03,EMP00481,Qualified,2026-04-03T13:47:00,93
LED003796,Campaign,,พุทธ ถนัดกลึง,0946421203,williamjohnson@example.net,PRD-DC01,EMP00197,Qualified,2025-12-05T07:24:00,15
LED003797,Referral,,อมัด ถิรสวัสดิ์,0842388919,ubenson@example.org,PRD-CC02,EMP00253,Disqualified,2025-08-11T04:41:00,1
LED003798,Web Form,CUS0003743,,0923456486,johnrivers@example.com,PRD-DG01,EMP00146,Qualified,2026-04-20T22:52:00,59
LED003799,Partner,CUS0006393,,0646438364,ifigueroa@example.com,PRD-IN02,EMP00361,Disqualified,2025-03-17T21:50:00,3
LED003800,Referral,CUS0007390,,0658646196,michael70@example.com,PRD-CUR01,EMP00042,New,2026-03-07T22:18:00,69
LED003801,Web Form,CUS0008039,,0986735494,robertfloyd@example.com,PRD-CC03,EMP00290,Contacted,2025-10-26T20:29:00,84
LED003802,Branch Walk-in,CUS0005464,,0683285309,melissa52@example.net,PRD-WL04,EMP00080,Disqualified,2025-08-11T16:48:00,81
LED003803,Campaign,,ญาณพันธุ์ ธูปหอม,0652249944,xaguilar@example.com,PRD-LN03,EMP00241,Converted,2025-04-25T04:44:00,20
LED003804,Cold Call,,สหัสมณี ยะผา,0860175500,murrayjackie@example.org,PRD-CC02,EMP00381,Disqualified,2025-10-19T00:57:00,67
LED003805,Referral,CUS0006552,,0861352265,michaelhendrix@example.net,PRD-SAL01,EMP00105,Converted,2026-01-04T19:13:00,34
LED003806,Web Form,CUS0005114,,0840198629,andrew11@example.org,PRD-FD01,EMP00329,Disqualified,2026-04-10T20:45:00,49
LED003807,Partner,CUS0001492,,0854941213,josephmunoz@example.org,PRD-LN03,EMP00367,Contacted,2026-03-14T18:16:00,100
LED003808,Branch Walk-in,CUS0008984,,0860954534,deleondylan@example.net,PRD-LN02,EMP00023,New,2026-01-11T16:53:00,14
LED003809,Campaign,,เยาวรัตน์ บุญศล,0648494626,dallen@example.com,PRD-LN02,EMP00119,Converted,2025-03-25T04:10:00,9
LED003810,Web Form,CUS0005185,,0982900090,brandonpowers@example.org,PRD-FD03,EMP00429,New,2026-04-18T15:56:00,2
LED003811,Campaign,,นาตยา พรสีมา,0942194462,bmcclain@example.net,PRD-SAV02,EMP00310,Qualified,2025-03-17T09:54:00,63
LED003812,Partner,CUS0005149,,0639709128,carla10@example.org,PRD-DG01,EMP00291,Contacted,2026-04-26T23:07:00,61
LED003813,Branch Walk-in,,ปุณณรัตน์ บุญญาภิรมย์,0811214356,lauren77@example.org,PRD-CC02,EMP00235,Converted,2025-02-23T19:43:00,1
LED003814,Referral,,ศุภนุนาย ไทยแท้,0828960808,anita90@example.com,PRD-WL04,EMP00140,New,2025-03-02T13:56:00,45
LED003815,Cold Call,,คำปลิว นฤทุกข์,0854478016,crawfordlaura@example.net,PRD-CC04,EMP00140,Contacted,2025-04-08T20:45:00,87
LED003816,Branch Walk-in,CUS0001395,,0674957692,imullen@example.com,PRD-CC01,EMP00391,Qualified,2025-01-18T03:53:00,86
LED003817,Partner,CUS0008190,,0629974971,jonesmary@example.org,PRD-CUR01,EMP00085,New,2025-10-28T18:20:00,8
LED003818,Cold Call,,ธวัศชา บินดี,0627976211,marcus54@example.org,PRD-LN02,EMP00292,Contacted,2026-04-15T03:50:00,97
LED003819,Campaign,,เกียรติศักดิ์ ประจันตะเสน,0846925203,brittanyschmidt@example.net,PRD-SAV02,EMP00421,Qualified,2026-04-14T08:34:00,66
LED003820,Branch Walk-in,,ฉลองชัย ติณรัตน์,0830092208,abarrett@example.com,PRD-WL04,EMP00095,New,2025-08-08T02:54:00,70
LED003821,Partner,CUS0005131,,0959300771,moorecody@example.net,PRD-IN02,EMP00487,Converted,2025-05-09T12:42:00,11
LED003822,Referral,,สุทธิณัฐ ร่มธิติรัตน์,0671403252,adrian72@example.net,PRD-SAL01,EMP00451,Disqualified,2026-04-14T19:22:00,3
LED003823,Branch Walk-in,CUS0009339,,0961859770,lindsey68@example.org,PRD-CC04,EMP00494,Converted,2025-03-30T09:02:00,43
LED003824,Branch Walk-in,,ซูรัยดา นครเทพ,0985111074,michaelwatson@example.net,PRD-CC04,EMP00234,Qualified,2025-07-29T19:34:00,24
LED003825,Web Form,,คมสัน นาคพันธุ์,0978879568,michaelwilliams@example.net,PRD-DC02,EMP00314,New,2025-07-24T00:31:00,23
LED003826,Referral,CUS0004078,,0864211318,watersjustin@example.com,PRD-DG01,EMP00356,Disqualified,2025-10-01T16:21:00,97
LED003827,Campaign,,อณัฐตา ดิสกะประกาย,0967132957,loribell@example.net,PRD-DG02,EMP00423,New,2025-04-16T13:30:00,70
LED003828,Partner,CUS0000623,,0813721402,ahall@example.net,PRD-SAV01,EMP00428,Qualified,2025-10-14T07:24:00,5
LED003829,Campaign,CUS0004570,,0924333015,jsims@example.com,PRD-CC03,EMP00029,Qualified,2025-04-12T12:49:00,41
LED003830,Cold Call,CUS0001395,,0878149745,pvasquez@example.com,PRD-WL03,EMP00299,Qualified,2025-07-23T18:30:00,49
LED003831,Campaign,,รูไกยะฮ์ ดาวอร่าม,0632720100,cbrown@example.net,PRD-LN03,EMP00087,Disqualified,2025-09-07T00:22:00,40
LED003832,Campaign,,เทพนารี แน่นดุจป้อม,0874973674,bcarroll@example.net,PRD-DC01,EMP00410,New,2025-01-05T12:33:00,37
LED003833,Cold Call,CUS0004755,,0653981115,sjordan@example.net,PRD-SAL01,EMP00288,Qualified,2025-03-16T00:46:00,56
LED003834,Partner,CUS0003880,,0695252099,zacharymason@example.org,PRD-CC01,EMP00280,Contacted,2025-01-18T11:29:00,0
LED003835,Cold Call,CUS0004193,,0964622521,travis77@example.org,PRD-LN03,EMP00459,Converted,2025-08-29T07:30:00,54
LED003836,Web Form,CUS0000039,,0951348129,collinscolleen@example.com,PRD-SAV02,EMP00205,Disqualified,2025-02-28T07:23:00,39
LED003837,Branch Walk-in,CUS0007567,,0963708677,welcherin@example.net,PRD-CC01,EMP00055,Contacted,2025-05-01T20:44:00,61
LED003838,Web Form,,พิพิธธน ทรงโกมล,0952321805,benjaminshepard@example.org,PRD-CC04,EMP00127,Qualified,2025-12-02T01:32:00,76
LED003839,Branch Walk-in,CUS0003749,,0950465078,jessicacampos@example.net,PRD-FD01,EMP00309,New,2026-03-03T02:34:00,33
LED003840,Cold Call,CUS0007876,,0833375554,eperez@example.com,PRD-WL04,EMP00386,Converted,2026-03-18T08:40:00,61
LED003841,Branch Walk-in,,จันทนา ธรรมฤดี,0927695742,ashley57@example.com,PRD-CC01,EMP00453,Contacted,2025-11-28T15:46:00,12
LED003842,Campaign,CUS0001255,,0826248543,ubrooks@example.com,PRD-SAL01,EMP00431,Qualified,2025-10-05T22:30:00,24
LED003843,Web Form,CUS0007064,,0969827339,dshaffer@example.com,PRD-LN03,EMP00081,Contacted,2025-10-15T17:26:00,55
LED003844,Branch Walk-in,CUS0003323,,0922457517,marilyn06@example.net,PRD-SAV02,EMP00362,Disqualified,2025-11-22T05:52:00,87
LED003845,Cold Call,,สัญชาน หอมพิกุล,0851949378,vcollins@example.com,PRD-DC02,EMP00401,Qualified,2025-07-07T18:47:00,8
LED003846,Branch Walk-in,CUS0000979,,0872355391,eric16@example.org,PRD-FD03,EMP00415,Converted,2025-03-10T23:12:00,83
LED003847,Cold Call,CUS0008916,,0895905958,olivia81@example.org,PRD-LN02,EMP00319,Converted,2025-06-06T05:57:00,42
LED003848,Cold Call,,สุธาวี นิยมสำหรวจ,0963679256,tford@example.org,PRD-FD02,EMP00378,Contacted,2026-02-07T19:07:00,40
LED003849,Referral,CUS0003562,,0968208917,thompsondavid@example.org,PRD-FD01,EMP00264,Qualified,2025-05-21T03:51:00,30
LED003850,Referral,,เลิศเดช พรรษาสกุล,0622697729,floydjonathan@example.org,PRD-FD02,EMP00292,Qualified,2025-04-17T16:24:00,81
LED003851,Campaign,,ศดิศ จ้อยนุแสง,0991377312,trobles@example.net,PRD-WL03,EMP00196,Converted,2025-02-01T23:20:00,10
LED003852,Cold Call,CUS0001209,,0669953929,dmason@example.net,PRD-IN01,EMP00372,Qualified,2025-09-09T15:35:00,74
LED003853,Partner,CUS0006361,,0672743763,jason40@example.com,PRD-IN02,EMP00320,New,2025-06-14T19:34:00,0
LED003854,Partner,,เพทาย นาฏคายี,0843575310,cathy04@example.org,PRD-WL03,EMP00307,Qualified,2025-12-23T05:14:00,79
LED003855,Branch Walk-in,CUS0005320,,0963020647,clarkmatthew@example.com,PRD-LN04,EMP00281,Qualified,2026-04-24T18:34:00,59
LED003856,Cold Call,CUS0009034,,0857979433,kaylasharp@example.com,PRD-SAV02,EMP00361,Qualified,2025-11-14T14:36:00,94
LED003857,Referral,CUS0006032,,0892234277,buckleypatrick@example.org,PRD-FD02,EMP00313,New,2026-04-04T11:54:00,65
LED003858,Partner,CUS0004690,,0872440825,jillian16@example.com,PRD-WL02,EMP00040,Disqualified,2025-07-17T21:55:00,9
LED003859,Branch Walk-in,,ลัดดา ทันยุค,0871128109,chase50@example.net,PRD-CUR01,EMP00040,New,2025-11-07T00:05:00,32
LED003860,Partner,,ธนภณ บุตดา,0681484751,stokesjustin@example.org,PRD-WL02,EMP00219,Converted,2026-02-27T07:44:00,62
LED003861,Campaign,CUS0001378,,0920944378,ibentley@example.com,PRD-WL03,EMP00028,Disqualified,2025-07-05T13:23:00,58
LED003862,Partner,CUS0007025,,0683182909,oroberson@example.com,PRD-WL04,EMP00126,New,2025-04-18T23:01:00,38
LED003863,Web Form,CUS0005943,,0937790324,stevenbenton@example.org,PRD-CUR01,EMP00354,Contacted,2025-11-24T12:55:00,62
LED003864,Web Form,,ปิยวดี แนวพนิช,0699075026,judithaguirre@example.com,PRD-SAL01,EMP00208,Converted,2025-11-19T16:37:00,46
LED003865,Web Form,CUS0004495,,0624881030,morselisa@example.org,PRD-LN04,EMP00431,Contacted,2026-04-02T05:16:00,77
LED003866,Cold Call,CUS0005217,,0862263012,michelefletcher@example.net,PRD-CC04,EMP00357,Converted,2025-02-07T02:30:00,49
LED003867,Cold Call,,เฉลิมพล นิลวิมล,0864267051,iharmon@example.net,PRD-CUR01,EMP00323,Disqualified,2025-06-08T14:43:00,86
LED003868,Partner,,วรนาฎ ตันยา,0962634930,ohorton@example.net,PRD-CC02,EMP00330,Converted,2025-02-26T05:01:00,68
LED003869,Cold Call,CUS0008651,,0998646262,nicholasmccullough@example.com,PRD-SAL01,EMP00375,Disqualified,2025-12-05T20:02:00,96
LED003870,Web Form,,จักรชัย ธรรมนิยม,0852496500,roberta88@example.org,PRD-DC01,EMP00466,New,2025-11-09T21:09:00,70
LED003871,Branch Walk-in,,วัลยา ฉิมพาลี,0921169179,bradley04@example.org,PRD-WL02,EMP00488,Disqualified,2025-06-12T11:08:00,48
LED003872,Web Form,,หลี ปานสุวรรณ,0669228803,walterserin@example.com,PRD-LN04,EMP00111,Disqualified,2025-04-24T08:54:00,59
LED003873,Partner,,ศิริญา สาระพันธ์,0680598860,gwheeler@example.net,PRD-CC01,EMP00413,Converted,2025-11-23T17:31:00,30
LED003874,Web Form,CUS0000248,,0843590313,kevinwilson@example.net,PRD-LN01,EMP00316,Contacted,2025-03-29T19:53:00,15
LED003875,Cold Call,CUS0001001,,0675563470,loveanthony@example.com,PRD-CUR01,EMP00344,New,2025-09-08T00:05:00,65
LED003876,Web Form,CUS0005615,,0929939752,mcleanlouis@example.net,PRD-IN01,EMP00388,Converted,2025-05-01T11:41:00,62
LED003877,Referral,CUS0007865,,0929295731,cgraves@example.net,PRD-WL03,EMP00158,Converted,2025-01-10T17:56:00,34
LED003878,Cold Call,,พันเกล้า นุ่มกัน,0979276682,johnmcdonald@example.org,PRD-DC02,EMP00452,Contacted,2025-11-01T04:40:00,8
LED003879,Branch Walk-in,CUS0009526,,0615778000,pstone@example.org,PRD-WL03,EMP00049,New,2026-01-06T23:20:00,17
LED003880,Branch Walk-in,,ใกล้รุ่ง นาคะนคร,0829335240,omendoza@example.net,PRD-CC01,EMP00017,New,2025-04-24T01:14:00,34
LED003881,Referral,,เพ็ญยุภา ธนรักษ์,0683345218,chenrobert@example.com,PRD-CUR01,EMP00105,Contacted,2025-12-25T09:51:00,69
LED003882,Partner,CUS0006537,,0973850327,iporter@example.org,PRD-CC02,EMP00311,Converted,2025-03-26T04:49:00,13
LED003883,Campaign,,จรรยพร ไชยภา,0814748662,heather04@example.net,PRD-WL02,EMP00103,Qualified,2025-09-11T04:12:00,64
LED003884,Referral,CUS0006567,,0846395555,clarkholly@example.org,PRD-SAL01,EMP00484,New,2026-04-11T11:16:00,15
LED003885,Cold Call,,ภัคชัญญา ตวันเยี่ยม,0697439858,tyler03@example.net,PRD-LN03,EMP00048,Converted,2026-03-06T05:38:00,80
LED003886,Referral,,แปลง ทองประดิฐ,0915878544,thomasmark@example.com,PRD-CUR01,EMP00364,Contacted,2025-04-29T12:30:00,19
LED003887,Campaign,,กรพนธ์ ถนัดภาษา,0982099904,lisa84@example.org,PRD-LN02,EMP00081,Qualified,2026-01-24T07:39:00,16
LED003888,Campaign,CUS0004839,,0958179563,kenneth15@example.net,PRD-FD03,EMP00383,Qualified,2026-02-28T22:01:00,5
LED003889,Campaign,CUS0007525,,0838288862,ycarter@example.com,PRD-LN02,EMP00419,Qualified,2025-08-10T22:28:00,52
LED003890,Referral,CUS0007844,,0847226554,stephaniemartin@example.com,PRD-WL04,EMP00125,Qualified,2026-02-18T14:57:00,69
LED003891,Branch Walk-in,,เยาวรัตน์ นามขำ,0962848290,zrios@example.com,PRD-FD03,EMP00222,Converted,2025-05-26T02:49:00,44
LED003892,Referral,CUS0006781,,0847317597,aadams@example.org,PRD-FD02,EMP00461,Qualified,2025-03-04T01:55:00,14
LED003893,Partner,CUS0007523,,0972111400,romerotammy@example.org,PRD-IN01,EMP00390,Contacted,2026-03-25T01:24:00,84
LED003894,Partner,CUS0007463,,0861461935,sarah89@example.net,PRD-WL04,EMP00438,Qualified,2025-10-02T13:50:00,60
LED003895,Branch Walk-in,CUS0002343,,0663896853,qwalker@example.com,PRD-WL02,EMP00353,New,2025-03-02T06:27:00,43
LED003896,Cold Call,CUS0005892,,0629988404,tmurphy@example.com,PRD-WL04,EMP00459,Converted,2025-07-16T17:11:00,97
LED003897,Web Form,CUS0006609,,0649485048,mark73@example.org,PRD-LN01,EMP00053,Disqualified,2025-11-06T05:25:00,7
LED003898,Partner,CUS0008498,,0945768146,wwalker@example.org,PRD-IN02,EMP00054,New,2025-06-25T21:11:00,43
LED003899,Partner,CUS0002017,,0836732474,matthewrhodes@example.org,PRD-FD03,EMP00211,Qualified,2025-12-20T08:32:00,65
LED003900,Branch Walk-in,,เจตพินิษฐ์ ถนัดรบ,0914947707,johnsonjames@example.org,PRD-CC04,EMP00285,New,2025-11-27T23:54:00,56
LED003901,Referral,,พศร ถนัดการยนต์,0691798748,perezjoseph@example.net,PRD-WL01,EMP00109,New,2025-02-20T12:57:00,63
LED003902,Referral,,นัฐพล ตระกูลไม้เรียง,0869220470,cindy92@example.com,PRD-IN02,EMP00347,Qualified,2026-01-23T09:38:00,18
LED003903,Partner,CUS0009780,,0634948658,jason26@example.com,PRD-LN04,EMP00041,Contacted,2025-12-10T18:09:00,21
LED003904,Campaign,,ชัชนันท์ เวียงจันทึก,0837721851,ujohnson@example.net,PRD-LN02,EMP00360,Qualified,2026-04-08T14:22:00,14
LED003905,Branch Walk-in,CUS0001103,,0639475284,rbray@example.com,PRD-WL01,EMP00335,Disqualified,2026-03-09T14:56:00,1
LED003906,Web Form,,เกษมชัย สาระพันธ์,0832397121,kelli73@example.net,PRD-DG02,EMP00474,New,2025-04-28T09:02:00,99
LED003907,Branch Walk-in,CUS0008555,,0837394169,kschwartz@example.net,PRD-DG02,EMP00143,New,2025-06-17T08:07:00,62
LED003908,Cold Call,,ณัฐญาดา ผลบุญ,0894774101,misty89@example.net,PRD-DG02,EMP00271,New,2025-10-20T01:24:00,94
LED003909,Branch Walk-in,,ไวพจน์ แหยมศิริ,0653108187,ymartin@example.org,PRD-LN01,EMP00294,Disqualified,2025-04-01T04:26:00,73
LED003910,Branch Walk-in,CUS0006339,,0884053169,youngdavid@example.com,PRD-LN02,EMP00090,Qualified,2026-03-07T06:21:00,49
LED003911,Referral,CUS0000859,,0869948022,yyoung@example.com,PRD-CUR01,EMP00351,Disqualified,2025-04-14T05:38:00,8
LED003912,Campaign,CUS0007639,,0992941589,mcooke@example.org,PRD-SAL01,EMP00165,New,2025-09-17T18:35:00,93
LED003913,Web Form,CUS0006576,,0661453105,dgrimes@example.net,PRD-IN01,EMP00254,Contacted,2025-11-01T06:04:00,36
LED003914,Branch Walk-in,,ยศพนต์ ราชมณี,0941481429,drobinson@example.com,PRD-LN04,EMP00363,New,2026-03-04T09:21:00,15
LED003915,Web Form,,ปิ่นบุญญา ขอหมั่นกลาง,0946870563,mariamartinez@example.net,PRD-CC03,EMP00366,Qualified,2025-01-14T11:05:00,76
LED003916,Cold Call,,เนตรฤดี เดชวา,0837388842,dianamiller@example.com,PRD-SAL01,EMP00223,Disqualified,2026-01-11T05:46:00,32
LED003917,Campaign,CUS0008440,,0638295870,walkerjesse@example.com,PRD-WL04,EMP00148,Disqualified,2025-01-26T10:19:00,41
LED003918,Web Form,CUS0000120,,0921942025,andrewsnow@example.com,PRD-WL03,EMP00339,Qualified,2025-11-08T05:07:00,33
LED003919,Web Form,,จิรวิทย์ นาคพันธุ์,0870382517,petersonpatricia@example.org,PRD-WL04,EMP00230,Converted,2025-12-26T09:47:00,53
LED003920,Referral,CUS0006577,,0954931486,thompsonvincent@example.net,PRD-CUR01,EMP00490,New,2025-02-24T01:28:00,80
LED003921,Partner,CUS0004045,,0882372484,bbrown@example.com,PRD-LN01,EMP00080,Qualified,2025-05-21T04:25:00,98
LED003922,Partner,CUS0008143,,0958909918,bcrawford@example.com,PRD-SAV01,EMP00491,Converted,2025-08-19T02:02:00,8
LED003923,Web Form,CUS0009504,,0861739748,tammy38@example.org,PRD-IN01,EMP00460,Contacted,2025-05-01T03:57:00,20
LED003924,Partner,CUS0004190,,0921348210,john08@example.com,PRD-DC02,EMP00327,New,2025-03-19T00:13:00,2
LED003925,Cold Call,CUS0008982,,0914336628,paulsmith@example.org,PRD-LN02,EMP00143,Qualified,2025-03-03T17:17:00,38
LED003926,Partner,,อำไพ แก้วอยู่,0826511052,nashlydia@example.net,PRD-LN03,EMP00443,Qualified,2025-01-15T14:08:00,57
LED003927,Web Form,,ตรีนุช หิรัญสาลี,0816744085,jonesroy@example.net,PRD-CC02,EMP00338,New,2026-04-06T19:18:00,50
LED003928,Referral,CUS0003722,,0851149060,michael81@example.com,PRD-FD02,EMP00098,Disqualified,2025-01-09T09:40:00,28
LED003929,Branch Walk-in,,จักรกฤนาย มนทอง,0628753559,dawnmiller@example.com,PRD-WL02,EMP00250,Disqualified,2025-06-20T01:36:00,71
LED003930,Campaign,CUS0002081,,0880338412,leerobertson@example.com,PRD-IN02,EMP00098,Converted,2025-02-21T15:55:00,93
LED003931,Campaign,CUS0008453,,0881409242,daisy45@example.com,PRD-CC04,EMP00454,Qualified,2025-06-04T19:42:00,76
LED003932,Web Form,CUS0002576,,0673108516,asmith@example.org,PRD-DC02,EMP00416,Qualified,2025-12-02T02:42:00,25
LED003933,Campaign,,ภูมิปัญญา ทองประดิฐ,0874811388,sara58@example.net,PRD-SAV01,EMP00433,Converted,2025-06-05T23:31:00,66
LED003934,Partner,CUS0004337,,0912074620,bwashington@example.org,PRD-WL02,EMP00165,Qualified,2026-02-18T19:34:00,100
LED003935,Partner,,อรุณี สุวรรณหงษ์,0630191343,carrie35@example.net,PRD-DC02,EMP00308,Disqualified,2025-07-12T20:15:00,29
LED003936,Referral,,เมทนี อุ่นอก,0626809037,millstimothy@example.net,PRD-CUR01,EMP00198,New,2026-03-25T16:32:00,75
LED003937,Branch Walk-in,CUS0001714,,0940130319,awilliams@example.com,PRD-DC01,EMP00191,New,2025-07-18T21:45:00,78
LED003938,Web Form,CUS0005181,,0897095369,cody69@example.org,PRD-LN02,EMP00039,New,2025-09-11T07:11:00,29
LED003939,Campaign,CUS0002100,,0980336142,watersdavid@example.net,PRD-CC01,EMP00213,Qualified,2025-02-03T21:43:00,28
LED003940,Web Form,,สุปรานี พงศ์ฉบับนภา,0937439702,allenthomas@example.com,PRD-CC02,EMP00063,Contacted,2025-07-14T17:12:00,76
LED003941,Partner,CUS0008167,,0627002891,joneschristopher@example.com,PRD-FD01,EMP00047,Disqualified,2026-04-02T12:41:00,51
LED003942,Campaign,CUS0008745,,0813667904,kelsey78@example.net,PRD-SAV02,EMP00001,Disqualified,2025-07-20T16:41:00,26
LED003943,Branch Walk-in,CUS0008561,,0888576510,christophercoleman@example.org,PRD-CC01,EMP00105,Converted,2026-01-30T13:09:00,6
LED003944,Campaign,,ธีริสรา ธนรักษ์,0653320649,hhernandez@example.org,PRD-CC01,EMP00204,Contacted,2026-02-22T20:39:00,54
LED003945,Campaign,,กุลปรียา นิยมสำหรวจ,0921509610,cjones@example.net,PRD-LN02,EMP00185,Contacted,2025-07-08T07:03:00,64
LED003946,Partner,,ปิยนุช ตรีครุธพันธุ์,0682151585,eschultz@example.org,PRD-DG01,EMP00053,Converted,2025-07-23T03:01:00,0
LED003947,Referral,,ภัทราวุธ เขียวอ่อน,0962760974,feliciawilliams@example.org,PRD-SAV02,EMP00241,Qualified,2025-03-19T16:57:00,86
LED003948,Branch Walk-in,CUS0003603,,0972278776,michael03@example.net,PRD-LN01,EMP00483,Converted,2025-06-20T12:38:00,40
LED003949,Referral,,สหัสมณี แหยมศิริ,0866894800,slove@example.org,PRD-DC02,EMP00014,Disqualified,2025-09-11T16:11:00,31
LED003950,Campaign,CUS0009989,,0979080159,makaylaburke@example.net,PRD-WL02,EMP00114,Contacted,2026-02-10T12:46:00,48
LED003951,Web Form,CUS0004278,,0879375965,garystafford@example.net,PRD-WL03,EMP00450,New,2025-06-22T15:06:00,64
LED003952,Branch Walk-in,CUS0003797,,0691143202,boonewilliam@example.net,PRD-DC01,EMP00422,Qualified,2026-03-09T06:31:00,18
LED003953,Campaign,CUS0006178,,0622417985,ghowe@example.org,PRD-LN02,EMP00115,Disqualified,2026-03-23T15:36:00,79
LED003954,Branch Walk-in,CUS0007260,,0639268003,tlawrence@example.org,PRD-CC03,EMP00452,New,2025-12-19T13:48:00,37
LED003955,Branch Walk-in,CUS0002287,,0872646345,holly52@example.org,PRD-WL02,EMP00009,New,2025-11-26T20:08:00,24
LED003956,Partner,,สุทกร นรวิทย์โชติกุล,0866374143,elizabeth45@example.org,PRD-SAV02,EMP00096,Contacted,2026-02-20T12:45:00,42
LED003957,Cold Call,,สรรเพชญ์ เลิศกิ่ง,0842086183,andersonkimberly@example.net,PRD-SAV02,EMP00327,Converted,2026-02-20T03:17:00,20
LED003958,Partner,,ตอฮา พรมอ่อน,0644899894,hansenmelissa@example.org,PRD-CUR01,EMP00362,Contacted,2025-01-30T06:04:00,34
LED003959,Cold Call,,คมกฤชญ์ นุชแนวนุ่ม,0622094754,davidblair@example.com,PRD-SAV02,EMP00373,Disqualified,2026-04-15T11:55:00,19
LED003960,Cold Call,,ทัตธน บุญญาไลย์,0658566152,stephanie05@example.net,PRD-WL02,EMP00472,New,2026-04-07T14:24:00,49
LED003961,Cold Call,,บุญญามี ไทนิยม,0674443915,scottchristopher@example.com,PRD-FD03,EMP00185,New,2026-03-06T07:37:00,59
LED003962,Branch Walk-in,,ทินวัฒน์ ถุงเงิน,0997032460,karenlloyd@example.com,PRD-LN02,EMP00290,Contacted,2025-12-24T23:53:00,35
LED003963,Web Form,,หล้า ศรีตะวัน,0610725945,tward@example.com,PRD-SAL01,EMP00411,Qualified,2025-06-26T03:14:00,40
LED003964,Cold Call,,คณภรณ์ เธียรายัน,0613625058,rachel75@example.net,PRD-DG01,EMP00012,Contacted,2025-03-17T13:35:00,45
LED003965,Branch Walk-in,,กฤตพร นิติสาขา,0911676274,richard58@example.com,PRD-LN02,EMP00304,Qualified,2025-11-27T12:49:00,78
LED003966,Cold Call,CUS0005240,,0925654599,scottlee@example.net,PRD-FD01,EMP00067,New,2025-02-24T02:15:00,90
LED003967,Web Form,,ซุกรี ขันธุลา,0948178338,randallsalazar@example.com,PRD-CC02,EMP00448,Converted,2026-04-20T17:26:00,24
LED003968,Campaign,CUS0009115,,0679236686,michaeltiffany@example.org,PRD-LN03,EMP00268,Qualified,2025-09-18T20:29:00,15
LED003969,Web Form,CUS0000068,,0890990437,hardingderek@example.com,PRD-DG01,EMP00159,Disqualified,2025-03-21T20:11:00,39
LED003970,Referral,CUS0007116,,0974124571,sshelton@example.com,PRD-CC02,EMP00272,Contacted,2025-11-21T05:42:00,10
LED003971,Referral,,เจษฏาภรณ์ นวลฉวี,0958990095,thomasryan@example.org,PRD-WL02,EMP00344,Disqualified,2025-03-05T01:31:00,7
LED003972,Partner,CUS0008962,,0928926303,hknapp@example.net,PRD-SAV01,EMP00016,Converted,2025-05-14T13:32:00,93
LED003973,Branch Walk-in,CUS0009968,,0647714015,ellendelgado@example.net,PRD-WL03,EMP00472,Contacted,2025-12-07T02:19:00,70
LED003974,Campaign,CUS0003486,,0929052424,burkemarc@example.com,PRD-FD01,EMP00209,Qualified,2025-02-12T20:05:00,73
LED003975,Web Form,CUS0007024,,0671172865,ielliott@example.net,PRD-DC02,EMP00497,Contacted,2026-01-07T09:06:00,73
LED003976,Partner,CUS0003474,,0882826727,megan44@example.net,PRD-DC01,EMP00042,Qualified,2025-02-16T05:55:00,92
LED003977,Cold Call,CUS0006842,,0964787066,yriggs@example.net,PRD-CC01,EMP00049,Disqualified,2025-03-04T06:31:00,67
LED003978,Web Form,CUS0000194,,0912005477,fabbott@example.org,PRD-LN03,EMP00145,Contacted,2025-07-16T08:23:00,98
LED003979,Web Form,CUS0008213,,0872510210,justin44@example.net,PRD-LN02,EMP00165,Contacted,2025-05-18T08:10:00,99
LED003980,Web Form,,นพวรรณ ราชมณี,0910900763,tmartinez@example.org,PRD-CC01,EMP00256,New,2025-09-07T02:31:00,79
LED003981,Branch Walk-in,,เพทาย ยาปะโลหิต,0971233008,pgonzalez@example.org,PRD-DG01,EMP00005,New,2026-01-15T10:45:00,51
LED003982,Branch Walk-in,CUS0001905,,0931356061,chadbarnes@example.net,PRD-FD02,EMP00413,Converted,2025-03-16T22:30:00,44
LED003983,Branch Walk-in,CUS0008646,,0972636570,russellmichael@example.org,PRD-CC04,EMP00343,Contacted,2025-02-16T00:54:00,48
LED003984,Campaign,CUS0003681,,0816848635,jamesfrench@example.com,PRD-FD01,EMP00176,Contacted,2026-01-02T20:19:00,92
LED003985,Web Form,CUS0006804,,0835021889,dlee@example.com,PRD-CC01,EMP00499,Contacted,2026-03-27T12:34:00,89
LED003986,Cold Call,,ไชยภพ บุญส่ง,0921297978,curtis22@example.net,PRD-FD02,EMP00394,Disqualified,2025-10-16T19:55:00,69
LED003987,Web Form,CUS0003653,,0881684327,dickersonandrea@example.net,PRD-DG01,EMP00107,Qualified,2025-12-09T23:37:00,48
LED003988,Web Form,,สหัสมณี สันตะวงศ์,0938440587,joseph77@example.net,PRD-LN04,EMP00127,New,2025-03-31T19:29:00,85
LED003989,Partner,CUS0001341,,0830584122,jay21@example.org,PRD-FD02,EMP00402,Qualified,2025-03-07T20:59:00,29
LED003990,Web Form,,ศศิยา บุญบำรุง,0953336097,ugonzalez@example.org,PRD-CC04,EMP00243,Converted,2026-03-25T00:56:00,95
LED003991,Web Form,CUS0005820,,0628797930,julie79@example.org,PRD-FD01,EMP00260,New,2025-11-27T13:53:00,20
LED003992,Cold Call,CUS0006960,,0941613425,whumphrey@example.com,PRD-CC01,EMP00396,Disqualified,2025-10-02T09:14:00,8
LED003993,Campaign,,ผกาทิพย์ ดิศดใน,0933005310,williamsonangela@example.net,PRD-FD03,EMP00193,Qualified,2025-05-03T06:50:00,66
LED003994,Campaign,CUS0004938,,0873935436,richard35@example.org,PRD-DG02,EMP00474,Disqualified,2025-02-03T04:11:00,6
LED003995,Cold Call,,ปฐม เมืองสุข,0829637516,xlucero@example.net,PRD-WL04,EMP00378,Converted,2025-01-08T02:05:00,74
LED003996,Campaign,CUS0005902,,0637117153,ian12@example.com,PRD-FD02,EMP00468,Qualified,2025-05-09T06:08:00,100
LED003997,Campaign,CUS0003363,,0821380879,morganwaters@example.com,PRD-FD03,EMP00234,New,2025-10-27T19:24:00,44
LED003998,Cold Call,,เกษมชัย ฉัตรอภิเที่ยงค่ำ,0989651971,bakerandrew@example.com,PRD-DG02,EMP00235,Contacted,2025-08-31T22:43:00,25
LED003999,Referral,CUS0004530,,0610930136,hcoleman@example.net,PRD-IN02,EMP00387,Disqualified,2025-01-23T16:33:00,94
LED004000,Referral,CUS0003800,,0696532793,halljordan@example.net,PRD-SAL01,EMP00069,Converted,2026-02-15T12:42:00,98
LED004001,Web Form,,จักรีรัตน์ พีระเพ็ญกุล,0981952364,vjacobs@example.net,PRD-DC01,EMP00305,Contacted,2025-12-09T14:05:00,9
LED004002,Referral,CUS0006181,,0656106255,shane82@example.com,PRD-CC01,EMP00057,Contacted,2025-12-12T09:17:00,30
LED004003,Web Form,CUS0004324,,0990722408,lrichardson@example.com,PRD-DC02,EMP00492,Qualified,2026-03-16T18:32:00,87
LED004004,Campaign,CUS0008728,,0639055831,robert12@example.org,PRD-SAV01,EMP00417,Contacted,2025-11-08T05:04:00,52
LED004005,Referral,,อเนชา ดุริยพันธุ์,0619878492,rosejason@example.com,PRD-CC03,EMP00304,New,2025-10-05T08:32:00,73
LED004006,Branch Walk-in,CUS0004706,,0891863134,mathewhughes@example.org,PRD-SAL01,EMP00276,New,2025-02-18T19:31:00,96
LED004007,Partner,CUS0001660,,0992140998,amy19@example.net,PRD-DG01,EMP00373,New,2025-11-08T20:22:00,17
LED004008,Web Form,,สมมล ศรีสัตย์,0625179644,chase27@example.org,PRD-FD03,EMP00128,Qualified,2026-01-24T00:39:00,33
LED004009,Referral,,โกมล บุญศล,0642662598,alan28@example.com,PRD-CC01,EMP00087,Disqualified,2025-06-26T13:40:00,92
LED004010,Partner,CUS0001687,,0623775589,ortegabryan@example.org,PRD-CUR01,EMP00411,Qualified,2026-01-07T02:27:00,23
LED004011,Branch Walk-in,,อาแอเสาะ ซูสารอ,0941082160,alimary@example.org,PRD-LN01,EMP00324,Qualified,2025-08-13T09:11:00,40
LED004012,Campaign,CUS0007629,,0698622809,kmassey@example.com,PRD-WL01,EMP00417,Contacted,2025-10-22T00:20:00,97
LED004013,Cold Call,CUS0007659,,0992373804,ronaldcook@example.com,PRD-WL04,EMP00167,Contacted,2025-11-13T00:58:00,72
LED004014,Cold Call,CUS0007854,,0693669467,websterjason@example.org,PRD-LN04,EMP00253,Contacted,2026-01-19T07:52:00,78
LED004015,Web Form,CUS0002044,,0638388077,carterdavid@example.com,PRD-CUR01,EMP00247,Disqualified,2025-08-12T23:21:00,89
LED004016,Referral,,สีหราช ศรีวงค์,0829696996,dunnstephanie@example.com,PRD-CC03,EMP00214,New,2025-01-12T07:22:00,95
LED004017,Campaign,CUS0005532,,0677516794,cpearson@example.com,PRD-WL04,EMP00083,New,2026-01-30T01:51:00,0
LED004018,Partner,CUS0007619,,0670068073,iadams@example.org,PRD-LN03,EMP00231,Disqualified,2025-03-25T06:58:00,59
LED004019,Partner,,สินสมุทร เนตร์มณี,0869101300,amber46@example.net,PRD-DC02,EMP00414,New,2025-06-22T04:01:00,62
LED004020,Partner,,มะลีวัลย์ นานายน,0967167811,ronald08@example.org,PRD-WL03,EMP00330,Qualified,2025-06-19T00:03:00,24
LED004021,Partner,CUS0001724,,0884934007,vickirobinson@example.net,PRD-CUR01,EMP00142,Disqualified,2026-04-04T03:49:00,68
LED004022,Branch Walk-in,,สมใจ วะคีมัน,0883896076,troyburton@example.net,PRD-WL01,EMP00138,Contacted,2025-11-30T03:29:00,28
LED004023,Campaign,,สุรวัช นิยมเซียม,0843862166,wgordon@example.net,PRD-FD01,EMP00005,Contacted,2025-02-18T05:22:00,82
LED004024,Partner,,จด ถะเกิงชศ,0897008770,ryan10@example.com,PRD-CC02,EMP00243,Converted,2025-12-17T12:58:00,58
LED004025,Campaign,CUS0009537,,0957668682,ywilliams@example.com,PRD-CUR01,EMP00178,Qualified,2025-02-17T12:39:00,85
LED004026,Web Form,CUS0007175,,0842328151,roger32@example.net,PRD-CC03,EMP00130,New,2026-03-09T12:54:00,90
LED004027,Branch Walk-in,CUS0000057,,0918027484,francisann@example.net,PRD-LN02,EMP00287,New,2025-03-26T17:02:00,81
LED004028,Referral,CUS0003230,,0871475901,atapia@example.com,PRD-LN01,EMP00022,Converted,2025-02-07T14:15:00,47
LED004029,Web Form,CUS0008074,,0939684906,keithbryant@example.net,PRD-SAV02,EMP00362,Converted,2025-04-15T20:36:00,34
LED004030,Partner,,สายสุรีย์ บุญส่ง,0880060665,bowmanpedro@example.com,PRD-DG02,EMP00042,Contacted,2025-04-15T08:29:00,100
LED004031,Web Form,CUS0006596,,0967087979,gomezcynthia@example.net,PRD-SAL01,EMP00051,Contacted,2025-11-24T02:49:00,39
LED004032,Partner,,ณปภัช นุชแนวนุ่ม,0697864952,boothkevin@example.net,PRD-LN04,EMP00215,Converted,2025-09-02T07:24:00,11
LED004033,Web Form,,ธารา นิลสลัว,0967128406,hjimenez@example.org,PRD-CC04,EMP00214,Qualified,2025-04-26T21:48:00,9
LED004034,Referral,,อรพิณ เตชะกำพุ,0627279882,kelly64@example.org,PRD-FD02,EMP00268,Disqualified,2025-03-06T01:04:00,55
LED004035,Referral,CUS0004126,,0886089435,ballcindy@example.com,PRD-FD02,EMP00491,New,2025-04-19T00:45:00,25
LED004036,Campaign,,อิสรันดร์ พรมอ่อน,0672886722,brenda60@example.org,PRD-WL02,EMP00226,Contacted,2025-09-06T08:20:00,28
LED004037,Partner,CUS0004697,,0682162316,ian03@example.net,PRD-WL03,EMP00260,New,2025-12-26T14:20:00,59
LED004038,Campaign,CUS0002807,,0948453568,markstephens@example.org,PRD-LN02,EMP00479,Converted,2025-04-23T07:56:00,37
LED004039,Referral,CUS0008712,,0959598969,marc16@example.com,PRD-LN02,EMP00036,Converted,2025-09-29T11:59:00,99
LED004040,Campaign,CUS0006008,,0947084588,afreeman@example.com,PRD-WL01,EMP00240,Converted,2025-05-29T04:11:00,55
LED004041,Branch Walk-in,,พรรณปพร ฉัตรอภิเที่ยงค่ำ,0939273312,alopez@example.com,PRD-FD03,EMP00495,Contacted,2025-03-11T08:47:00,41
LED004042,Campaign,CUS0001915,,0686447677,melissaortiz@example.com,PRD-LN01,EMP00313,New,2025-12-20T10:18:00,85
LED004043,Branch Walk-in,CUS0005003,,0626723230,dyoung@example.net,PRD-WL04,EMP00035,Qualified,2025-05-24T17:10:00,29
LED004044,Campaign,CUS0002180,,0867347194,simpsonangela@example.net,PRD-CC04,EMP00201,Contacted,2025-06-14T14:24:00,77
LED004045,Partner,CUS0002933,,0623152064,kellyjared@example.com,PRD-CC03,EMP00432,Qualified,2026-02-06T21:31:00,70
LED004046,Campaign,,วรรณกร นิละทัต,0671787855,cantrellmegan@example.org,PRD-LN02,EMP00414,New,2025-05-26T22:52:00,45
LED004047,Branch Walk-in,,ผดุงชาติ ถนัดรักษา,0864195527,michaelmiller@example.net,PRD-IN02,EMP00434,Converted,2025-12-13T09:19:00,45
LED004048,Referral,,มลิวรรณ นาคพันธุ์,0614216905,christine77@example.org,PRD-WL04,EMP00180,Qualified,2025-03-15T09:21:00,40
LED004049,Partner,,อัญพัชร์ ไทนิยม,0889384668,gonzalezkathryn@example.org,PRD-WL03,EMP00362,Qualified,2025-12-24T21:23:00,96
LED004050,Cold Call,CUS0004508,,0821861952,amanda95@example.org,PRD-DG01,EMP00283,Qualified,2025-08-15T18:22:00,55
LED004051,Cold Call,,ซูรัยดา ธรรมนิยม,0831850522,aaronramos@example.net,PRD-WL04,EMP00027,Converted,2025-01-14T13:58:00,86
LED004052,Campaign,CUS0004435,,0817572133,carriegarcia@example.com,PRD-IN01,EMP00067,Converted,2026-01-29T05:02:00,74
LED004053,Web Form,,ชัชเวศย์ งามพิเชษฐ์,0850575293,garzaleah@example.org,PRD-WL03,EMP00424,Converted,2025-08-23T00:39:00,49
LED004054,Campaign,,จิตตานันท์ ถนัดอาวุธ,0694190674,idixon@example.org,PRD-CC04,EMP00471,Qualified,2026-02-14T19:47:00,60
LED004055,Partner,CUS0001809,,0658897121,clarencehunter@example.org,PRD-DC01,EMP00130,Converted,2026-03-17T14:31:00,32
LED004056,Web Form,,วีระโชติ ตันเผ่า,0834290533,scott76@example.net,PRD-CUR01,EMP00395,Qualified,2026-01-28T19:02:00,8
LED004057,Cold Call,CUS0001502,,0859765942,smithtim@example.org,PRD-LN02,EMP00245,Qualified,2026-02-21T23:51:00,43
LED004058,Campaign,CUS0001492,,0619626623,gmorales@example.org,PRD-LN04,EMP00155,Converted,2025-09-18T16:46:00,82
LED004059,Web Form,CUS0005965,,0945561003,hannah59@example.net,PRD-IN01,EMP00164,Qualified,2025-05-18T15:50:00,12
LED004060,Campaign,,อินทรีย์ ถนัดเดินข่าว,0944235256,mccoyamanda@example.com,PRD-DC02,EMP00460,Qualified,2026-03-02T16:54:00,88
LED004061,Branch Walk-in,,อันธิกา นฤทุกข์,0826747689,iburton@example.org,PRD-LN02,EMP00047,Converted,2026-03-03T04:32:00,84
LED004062,Campaign,,สิราพร ปานสุวรรณ,0876752209,jshields@example.net,PRD-LN01,EMP00040,Qualified,2026-03-19T12:22:00,100
LED004063,Campaign,CUS0000829,,0988834140,kingtamara@example.net,PRD-DC02,EMP00400,Converted,2025-09-14T11:29:00,30
LED004064,Partner,CUS0000264,,0876250621,emily13@example.com,PRD-LN02,EMP00248,Contacted,2026-03-24T06:47:00,72
LED004065,Campaign,,ปัณณธร ธนรักษ์,0816241245,caindenise@example.net,PRD-CUR01,EMP00304,Qualified,2026-04-10T13:45:00,44
LED004066,Cold Call,,ธีราทัต พรสีมา,0674813660,blake94@example.com,PRD-LN04,EMP00201,Qualified,2025-07-15T09:04:00,99
LED004067,Branch Walk-in,CUS0004540,,0685359072,scottlewis@example.net,PRD-SAV01,EMP00193,Contacted,2025-06-24T09:38:00,64
LED004068,Web Form,,ภานุวัตร ติณรัตน์,0699539532,malonecharles@example.net,PRD-DG02,EMP00079,Disqualified,2025-11-28T01:54:00,24
LED004069,Cold Call,CUS0001836,,0624913077,sanchezbrian@example.com,PRD-SAV02,EMP00146,Qualified,2025-12-12T13:57:00,47
LED004070,Referral,CUS0003627,,0642276606,brett41@example.org,PRD-FD02,EMP00366,Contacted,2025-10-11T00:53:00,84
LED004071,Web Form,,คมคาย ตันเผ่า,0656871651,john63@example.com,PRD-DC01,EMP00486,Converted,2026-03-10T14:49:00,36
LED004072,Cold Call,CUS0001276,,0658650771,yjones@example.com,PRD-CC03,EMP00458,Contacted,2026-04-05T16:50:00,46
LED004073,Campaign,CUS0006016,,0894845408,ramirezthomas@example.com,PRD-DC02,EMP00275,Disqualified,2026-04-10T06:53:00,78
LED004074,Campaign,CUS0005134,,0686963705,albert66@example.org,PRD-FD01,EMP00068,New,2026-02-22T04:25:00,21
LED004075,Campaign,,ณัฐญาดา เลิศกิ่ง,0685568407,imiller@example.org,PRD-FD02,EMP00351,Contacted,2025-05-27T18:28:00,6
LED004076,Partner,,พีรภัทร์ ไทยสุชาต,0668160799,clarkchristopher@example.org,PRD-LN04,EMP00115,New,2025-06-29T17:22:00,34
LED004077,Campaign,CUS0004956,,0926875165,gabrielcortez@example.net,PRD-CUR01,EMP00052,Contacted,2026-02-05T10:09:00,78
LED004078,Partner,CUS0000357,,0896248440,peterssarah@example.org,PRD-SAL01,EMP00494,Converted,2026-03-26T15:45:00,52
LED004079,Branch Walk-in,CUS0002420,,0829334405,daniel89@example.net,PRD-CUR01,EMP00261,New,2025-12-11T04:31:00,44
LED004080,Referral,CUS0008243,,0691172368,wwilson@example.com,PRD-WL01,EMP00238,New,2025-10-11T00:30:00,56
LED004081,Branch Walk-in,,จณิตตา สุวรรณหงษ์,0869850043,thomaspaul@example.org,PRD-WL04,EMP00002,Disqualified,2025-09-17T18:34:00,13
LED004082,Web Form,CUS0007717,,0636465460,johnstokes@example.com,PRD-CC01,EMP00156,New,2025-12-24T18:35:00,70
LED004083,Campaign,,ศดิศ วิลาสินี,0978928653,hernandezregina@example.com,PRD-SAV02,EMP00096,New,2026-04-19T04:27:00,67
LED004084,Branch Walk-in,CUS0004705,,0644970698,lauren26@example.net,PRD-SAL01,EMP00231,Disqualified,2025-09-01T00:09:00,86
LED004085,Cold Call,CUS0001455,,0930166874,howard71@example.com,PRD-FD01,EMP00492,Converted,2025-01-12T12:43:00,47
LED004086,Campaign,CUS0005039,,0821120366,yjohnson@example.net,PRD-SAV01,EMP00178,Converted,2025-07-03T04:07:00,92
LED004087,Branch Walk-in,CUS0003720,,0665481726,jtaylor@example.net,PRD-SAV01,EMP00198,Disqualified,2026-01-01T07:57:00,85
LED004088,Web Form,CUS0007370,,0699055610,sandrachoi@example.org,PRD-FD01,EMP00245,Contacted,2025-06-03T23:51:00,38
LED004089,Branch Walk-in,,สมพิศ พีระเพ็ญกุล,0912680672,angela98@example.net,PRD-CC02,EMP00196,New,2025-01-18T19:18:00,8
LED004090,Partner,,ตอฮา เลขะพันธุ์,0666549767,caldwelltaylor@example.com,PRD-LN03,EMP00241,Converted,2026-01-20T01:12:00,8
LED004091,Campaign,CUS0004914,,0941157203,james93@example.org,PRD-LN03,EMP00378,Converted,2025-02-06T10:44:00,81
LED004092,Cold Call,CUS0008985,,0854044224,angel85@example.org,PRD-FD03,EMP00289,New,2026-04-04T00:16:00,47
LED004093,Web Form,CUS0006979,,0617874663,morenodylan@example.org,PRD-DC01,EMP00034,New,2026-03-14T09:45:00,59
LED004094,Partner,CUS0008804,,0862043170,reynoldsalexander@example.net,PRD-DC02,EMP00073,Contacted,2025-04-10T13:36:00,83
LED004095,Cold Call,CUS0002628,,0946107167,harmonsharon@example.net,PRD-IN01,EMP00156,Contacted,2025-11-24T05:24:00,49
LED004096,Web Form,,อาภัศรา โพธิสัตย์,0634452000,xsanchez@example.com,PRD-DG02,EMP00005,Qualified,2025-06-08T15:06:00,95
LED004097,Cold Call,,ปิยนาฎ ถนัดหัตถกรรม,0839617410,derek69@example.net,PRD-CC02,EMP00290,Qualified,2026-01-10T16:15:00,34
LED004098,Partner,CUS0008938,,0955319992,tonya73@example.org,PRD-LN03,EMP00336,Contacted,2025-06-17T10:13:00,18
LED004099,Campaign,CUS0006682,,0632695225,christine69@example.com,PRD-DG02,EMP00306,Converted,2025-01-18T08:30:00,80
LED004100,Branch Walk-in,CUS0006065,,0641478223,jacksongeorge@example.org,PRD-CC03,EMP00025,New,2025-04-01T03:22:00,56
LED004101,Cold Call,,ปวีณ โพธิสัตย์,0845060346,johnszachary@example.org,PRD-CC02,EMP00261,Contacted,2025-10-11T03:33:00,30
LED004102,Branch Walk-in,CUS0007459,,0628419449,oliverbrooke@example.org,PRD-CC01,EMP00213,New,2025-01-11T21:20:00,20
LED004103,Referral,CUS0002037,,0965493091,emily38@example.com,PRD-WL03,EMP00263,Converted,2025-08-21T11:21:00,81
LED004104,Campaign,CUS0005003,,0860362042,lindadiaz@example.net,PRD-LN03,EMP00148,New,2025-11-15T05:40:00,45
LED004105,Partner,,นัฐพล วะคีมัน,0995735961,juliemiller@example.com,PRD-WL01,EMP00230,Converted,2025-04-06T01:30:00,83
LED004106,Web Form,,อิสรันดร์ ดาวอร่าม,0875789318,john50@example.com,PRD-LN01,EMP00422,Qualified,2025-07-22T21:27:00,84
LED004107,Branch Walk-in,,กวีฉัฏฐ ติระคมน์,0654837150,eric45@example.com,PRD-LN01,EMP00407,Contacted,2025-08-06T17:15:00,67
LED004108,Cold Call,,ราชันทร์ บุตราช,0961057425,smithmelinda@example.com,PRD-LN03,EMP00137,Disqualified,2026-02-22T15:34:00,85
LED004109,Referral,CUS0001576,,0884042454,mallen@example.org,PRD-DG01,EMP00259,New,2026-04-11T13:41:00,54
LED004110,Branch Walk-in,CUS0000211,,0977848426,james40@example.com,PRD-SAV01,EMP00094,Qualified,2025-12-07T18:15:00,77
LED004111,Campaign,CUS0009510,,0842135953,mariacabrera@example.com,PRD-SAV01,EMP00399,Contacted,2025-06-28T16:13:00,40
LED004112,Cold Call,,ชนิศา โพธิสัตย์,0889172832,jason97@example.org,PRD-FD02,EMP00019,Disqualified,2025-05-31T21:01:00,66
LED004113,Web Form,CUS0008556,,0688111674,klewis@example.com,PRD-DG01,EMP00380,Converted,2025-06-02T08:08:00,53
LED004114,Cold Call,CUS0002248,,0815362789,lindsayhoward@example.com,PRD-FD01,EMP00347,Qualified,2025-08-13T15:00:00,84
LED004115,Cold Call,CUS0006604,,0966142198,steven75@example.com,PRD-LN02,EMP00006,Qualified,2026-01-22T22:31:00,66
LED004116,Branch Walk-in,CUS0005527,,0880945062,sarahbell@example.net,PRD-SAV02,EMP00102,Qualified,2025-05-25T19:42:00,14
LED004117,Partner,CUS0003566,,0917152621,robinmartin@example.org,PRD-FD02,EMP00412,Converted,2026-01-13T00:58:00,88
LED004118,Cold Call,CUS0003437,,0639656329,idawson@example.net,PRD-WL04,EMP00250,Converted,2025-05-31T10:58:00,80
LED004119,Web Form,CUS0009523,,0680330840,steven34@example.net,PRD-FD02,EMP00495,New,2025-08-03T20:11:00,44
LED004120,Cold Call,CUS0001119,,0992910818,dawnhernandez@example.com,PRD-DC01,EMP00036,Disqualified,2025-06-27T12:47:00,72
LED004121,Branch Walk-in,,นิติ ธัญาโภชน์,0837567790,john77@example.net,PRD-IN02,EMP00370,Disqualified,2025-12-15T17:52:00,61
LED004122,Referral,CUS0006005,,0940973959,ricky98@example.org,PRD-FD03,EMP00216,Disqualified,2026-02-26T05:59:00,98
LED004123,Campaign,,ฮานาฟี ถ้วนศรี,0678386226,clee@example.com,PRD-WL04,EMP00112,Contacted,2025-02-01T00:38:00,55
LED004124,Branch Walk-in,,ณัฐธภรณ์ ธรรมทินนา,0849538033,hughesdavid@example.net,PRD-SAL01,EMP00166,Contacted,2025-04-23T16:21:00,53
LED004125,Cold Call,CUS0009001,,0842679787,tdavid@example.net,PRD-IN02,EMP00221,Contacted,2025-06-24T00:02:00,54
LED004126,Partner,,ปิยวัจน์ บุญบำรุง,0944226025,hcombs@example.net,PRD-SAL01,EMP00378,Converted,2025-01-31T06:20:00,46
LED004127,Partner,CUS0000219,,0823648433,anna66@example.com,PRD-LN02,EMP00437,Contacted,2025-11-19T03:22:00,99
LED004128,Campaign,,อัญชัญ จันทา,0881162026,baileyrachel@example.com,PRD-DC02,EMP00340,Disqualified,2026-03-10T04:37:00,42
LED004129,Referral,CUS0009415,,0922240291,heberteric@example.com,PRD-FD02,EMP00234,Contacted,2025-07-14T12:22:00,78
LED004130,Campaign,,ณัฐญาดา ตระกูลบุญ,0955825684,michaelwyatt@example.com,PRD-LN04,EMP00418,Converted,2025-01-24T01:45:00,0
LED004131,Branch Walk-in,CUS0009993,,0888759439,jose20@example.net,PRD-LN04,EMP00311,Converted,2026-01-30T05:08:00,83
LED004132,Web Form,CUS0002086,,0830031447,adamjefferson@example.com,PRD-LN04,EMP00466,Contacted,2025-05-21T18:48:00,37
LED004133,Web Form,CUS0007819,,0873463530,stevenadams@example.net,PRD-CC01,EMP00160,Disqualified,2025-06-23T14:19:00,66
LED004134,Partner,,กษิดิฐ ดุษฎีวนิช,0867468431,vmacias@example.net,PRD-DC02,EMP00389,Disqualified,2026-02-27T16:44:00,23
LED004135,Campaign,CUS0005835,,0967285328,upacheco@example.net,PRD-WL02,EMP00045,Qualified,2026-01-02T12:14:00,10
LED004136,Referral,CUS0007457,,0893970358,nguyenjennifer@example.com,PRD-FD01,EMP00029,Disqualified,2025-08-27T23:08:00,86
LED004137,Campaign,CUS0003528,,0894061944,matthewmendez@example.com,PRD-WL02,EMP00391,Qualified,2026-04-02T13:47:00,93
LED004138,Branch Walk-in,CUS0003019,,0615629087,anitacarpenter@example.net,PRD-IN01,EMP00223,New,2026-02-20T22:42:00,97
LED004139,Web Form,CUS0001840,,0857301237,alicia94@example.com,PRD-DG02,EMP00066,Disqualified,2025-09-16T03:34:00,71
LED004140,Referral,,ประจิน นพตระกูล,0815477153,joseph90@example.net,PRD-CC01,EMP00456,New,2026-01-07T21:08:00,11
LED004141,Campaign,,ทับทิม นุ่มกัน,0652850748,yriddle@example.org,PRD-DC01,EMP00363,Qualified,2025-04-14T06:09:00,46
LED004142,Partner,,อัญชิษฐา นิลสลัว,0676623362,pkramer@example.net,PRD-CC03,EMP00251,Converted,2025-12-01T21:28:00,99
LED004143,Web Form,CUS0006712,,0958178085,rharper@example.net,PRD-DC02,EMP00333,Qualified,2026-02-19T09:41:00,78
LED004144,Web Form,CUS0008916,,0666787377,ubryant@example.org,PRD-DG01,EMP00375,Qualified,2026-01-19T12:01:00,87
LED004145,Cold Call,CUS0005365,,0629132419,michael89@example.org,PRD-DG02,EMP00189,Converted,2025-09-01T21:54:00,47
LED004146,Referral,CUS0007612,,0677074656,teresa58@example.net,PRD-CC01,EMP00189,Qualified,2025-07-05T16:17:00,48
LED004147,Referral,CUS0001716,,0918869254,scottholt@example.net,PRD-WL01,EMP00456,Disqualified,2025-02-11T01:05:00,93
LED004148,Partner,CUS0000208,,0977287621,sanfordjoe@example.org,PRD-DC01,EMP00264,Contacted,2025-03-10T00:00:00,17
LED004149,Cold Call,,นิติยา แก้วชลคราม,0989770530,christine03@example.org,PRD-DC01,EMP00248,Contacted,2025-01-31T10:06:00,40
LED004150,Branch Walk-in,CUS0008930,,0989244603,nicole29@example.com,PRD-LN03,EMP00169,Disqualified,2025-01-26T09:37:00,8
LED004151,Partner,CUS0007319,,0670919599,raysarah@example.net,PRD-DG02,EMP00188,Converted,2025-02-03T06:07:00,14
LED004152,Referral,,ชัชเวศย์ ขุนดำ,0693969055,burtonmatthew@example.com,PRD-LN01,EMP00038,New,2025-03-21T10:37:00,1
LED004153,Web Form,CUS0003208,,0946081295,jillhernandez@example.net,PRD-LN03,EMP00164,Converted,2025-02-14T16:48:00,70
LED004154,Campaign,CUS0006661,,0995275474,walshaustin@example.net,PRD-CC04,EMP00133,New,2025-07-27T19:55:00,72
LED004155,Partner,,วันชนก ซาซุม,0847196356,greenhector@example.net,PRD-FD02,EMP00172,Disqualified,2026-01-01T09:21:00,51
LED004156,Branch Walk-in,,ยอดแมน ถนัดรบ,0977646681,hshort@example.com,PRD-LN01,EMP00287,Qualified,2026-03-12T04:37:00,47
LED004157,Campaign,CUS0003097,,0887566572,zchristian@example.com,PRD-IN02,EMP00418,Qualified,2025-02-16T14:14:00,1
LED004158,Partner,CUS0005404,,0990277091,montgomerymadeline@example.com,PRD-FD03,EMP00248,New,2025-10-02T02:42:00,16
LED004159,Cold Call,CUS0004634,,0638292256,tracy42@example.com,PRD-CC04,EMP00029,New,2025-01-20T14:22:00,77
LED004160,Partner,,กิ่งแก้ว ตันเผ่า,0821310463,smithsarah@example.org,PRD-FD02,EMP00403,New,2025-04-09T14:34:00,66
LED004161,Cold Call,CUS0002987,,0943012155,madelinenewton@example.com,PRD-SAV01,EMP00485,New,2025-10-02T22:40:00,17
LED004162,Cold Call,,ยุภา ทองปากน้ำ,0946045601,downsmaurice@example.net,PRD-LN03,EMP00011,Qualified,2025-12-16T17:04:00,82
LED004163,Branch Walk-in,,หรรษา ธนประทีป,0844739634,bmarshall@example.org,PRD-FD03,EMP00043,New,2025-08-21T00:44:00,95
LED004164,Referral,CUS0000505,,0630651282,flittle@example.org,PRD-WL03,EMP00440,Converted,2025-09-04T03:06:00,14
LED004165,Campaign,CUS0004534,,0990131968,williamhudson@example.net,PRD-DC01,EMP00231,New,2026-03-15T02:18:00,22
LED004166,Cold Call,,ฐิติยาพร ตะละภัฏ,0688893635,julie04@example.net,PRD-IN02,EMP00178,Qualified,2025-06-04T14:10:00,72
LED004167,Referral,CUS0006477,,0810613366,wruiz@example.org,PRD-FD01,EMP00500,Converted,2025-04-18T02:25:00,15
LED004168,Referral,,กุลปรียา เยาวธนโชค,0830406415,qgarcia@example.com,PRD-FD02,EMP00430,New,2025-12-17T14:50:00,72
LED004169,Cold Call,CUS0008264,,0921100814,tina26@example.net,PRD-FD01,EMP00201,New,2025-02-15T13:23:00,58
LED004170,Cold Call,CUS0006482,,0695049042,cassie84@example.org,PRD-LN02,EMP00470,Contacted,2026-01-31T00:28:00,53
LED004171,Partner,CUS0009309,,0979531354,devinfoster@example.org,PRD-WL03,EMP00294,Disqualified,2025-07-16T17:10:00,33
LED004172,Branch Walk-in,,ประยุทธ์ ทันยุค,0920643251,mccarthychristopher@example.com,PRD-DG01,EMP00209,Disqualified,2025-07-06T14:09:00,43
LED004173,Campaign,CUS0008135,,0878770391,alanjames@example.com,PRD-WL01,EMP00193,Contacted,2025-08-26T00:35:00,0
LED004174,Web Form,,วิรชัย ทันยุค,0977593034,hendrixzachary@example.org,PRD-CC02,EMP00343,Disqualified,2025-11-14T15:50:00,73
LED004175,Campaign,,ธีรวุฒิ ดาบเงิน,0833854979,kaylasmith@example.net,PRD-LN04,EMP00336,Contacted,2026-02-09T06:02:00,72
LED004176,Cold Call,CUS0008140,,0895119911,andrew35@example.com,PRD-FD02,EMP00382,New,2025-11-04T07:37:00,81
LED004177,Cold Call,CUS0008163,,0623953993,kristopher20@example.net,PRD-CC03,EMP00317,New,2025-07-13T14:26:00,18
LED004178,Partner,,พิมพ์สุตา ถนอมพลกรัง,0893926477,mitchellbranch@example.org,PRD-DG01,EMP00260,Contacted,2025-03-27T07:28:00,92
LED004179,Branch Walk-in,CUS0004584,,0853165862,benjamin44@example.net,PRD-WL01,EMP00473,Contacted,2025-01-04T03:21:00,97
LED004180,Branch Walk-in,CUS0001631,,0931681935,patricia44@example.org,PRD-WL01,EMP00490,Contacted,2026-03-01T11:15:00,43
LED004181,Partner,CUS0003686,,0622650418,frank45@example.net,PRD-DG01,EMP00451,Disqualified,2025-08-17T21:06:00,67
LED004182,Cold Call,,เกษตร ตั้งรบ,0863206824,sloanstephen@example.org,PRD-LN01,EMP00407,Qualified,2025-03-19T17:35:00,21
LED004183,Campaign,CUS0002452,,0877770282,sfields@example.net,PRD-SAL01,EMP00190,Converted,2025-08-26T11:02:00,34
LED004184,Cold Call,CUS0005586,,0977457827,aliciaconner@example.net,PRD-SAV02,EMP00175,Disqualified,2026-02-21T06:48:00,74
LED004185,Referral,,อับดุลเลาะห์ ชุมวระ,0853404602,dyoung@example.net,PRD-FD03,EMP00174,Contacted,2026-04-24T15:21:00,65
LED004186,Cold Call,CUS0004527,,0867670640,fernando60@example.com,PRD-SAL01,EMP00324,Disqualified,2025-12-02T13:44:00,58
LED004187,Cold Call,,เมทนี น้ำทิพย์,0988040087,samantha64@example.com,PRD-WL03,EMP00148,Converted,2025-02-05T15:01:00,28
LED004188,Branch Walk-in,CUS0009689,,0969067565,john89@example.org,PRD-FD01,EMP00229,Contacted,2025-10-02T00:28:00,51
LED004189,Campaign,,อัษฏา เณรานุสนธิ์,0682289314,aguilarmichelle@example.com,PRD-DG02,EMP00340,Qualified,2025-09-10T03:45:00,76
LED004190,Partner,,ปิยะชาติ ดวงทับทิม,0865604062,lbrown@example.org,PRD-IN02,EMP00377,Qualified,2025-06-13T15:35:00,78
LED004191,Campaign,CUS0003230,,0895288219,jennifer43@example.com,PRD-CC02,EMP00101,Disqualified,2025-09-27T10:20:00,46
LED004192,Partner,CUS0008377,,0678798258,joshuacarter@example.net,PRD-DG01,EMP00207,Disqualified,2026-01-05T21:23:00,56
LED004193,Web Form,,หลี ฉายแสง,0950371759,stephanie13@example.net,PRD-CUR01,EMP00329,Qualified,2026-02-02T18:45:00,27
LED004194,Branch Walk-in,,บุญเอก พรสีมา,0951071132,mendezmary@example.net,PRD-CUR01,EMP00174,Contacted,2025-09-07T13:20:00,45
LED004195,Campaign,CUS0009967,,0947411934,haynestracy@example.org,PRD-FD02,EMP00088,Contacted,2025-06-06T09:36:00,95
LED004196,Web Form,CUS0004833,,0626934826,brian15@example.net,PRD-DC02,EMP00364,New,2025-10-24T03:22:00,53
LED004197,Partner,,ภัคชนน หนุนสุข,0933900946,donnasmith@example.net,PRD-WL01,EMP00147,Qualified,2025-11-29T08:00:00,50
LED004198,Partner,CUS0002548,,0864210650,ymurphy@example.com,PRD-WL03,EMP00302,Qualified,2025-02-10T06:41:00,12
LED004199,Web Form,CUS0006793,,0833214142,jmcdonald@example.org,PRD-DC02,EMP00130,Disqualified,2025-01-09T19:48:00,75
LED004200,Referral,CUS0009844,,0834252366,jtaylor@example.com,PRD-FD01,EMP00320,Disqualified,2025-02-09T07:28:00,67
LED004201,Partner,CUS0007465,,0832035176,bennettabigail@example.net,PRD-FD01,EMP00485,Qualified,2025-10-02T11:33:00,12
LED004202,Branch Walk-in,CUS0003200,,0942096853,changmatthew@example.net,PRD-WL04,EMP00095,New,2025-12-25T07:13:00,4
LED004203,Partner,,ทับทิม ด้วงโสน,0810380871,christina92@example.org,PRD-CC01,EMP00428,Contacted,2025-07-28T06:49:00,43
LED004204,Web Form,,วีรชัย ฉัตรอภิเที่ยงค่ำ,0955640441,knighttyler@example.org,PRD-WL03,EMP00462,Contacted,2026-03-26T01:40:00,9
LED004205,Branch Walk-in,,ปฐม หิรัญสาลี,0928653786,twilliams@example.com,PRD-WL02,EMP00413,New,2025-01-09T00:01:00,70
LED004206,Branch Walk-in,CUS0000256,,0869718711,daisyjones@example.net,PRD-WL02,EMP00199,Disqualified,2026-04-30T20:09:00,25
LED004207,Cold Call,CUS0003884,,0952385675,hugheskerry@example.net,PRD-CC03,EMP00353,Converted,2025-01-05T15:14:00,48
LED004208,Cold Call,CUS0009560,,0673486067,browntammy@example.com,PRD-LN01,EMP00077,Contacted,2025-02-15T05:42:00,35
LED004209,Referral,,จักรกฤนาย ปานสุวรรณ,0946240359,aholmes@example.org,PRD-WL04,EMP00355,New,2025-06-06T04:43:00,75
LED004210,Referral,CUS0000546,,0695497761,brandy66@example.net,PRD-LN04,EMP00349,New,2025-01-01T20:48:00,42
LED004211,Cold Call,CUS0003648,,0849179897,romeromason@example.com,PRD-CC04,EMP00319,Converted,2025-07-13T01:10:00,37
LED004212,Campaign,,ภัคศุภางค์ หิรัญสาลี,0662870579,tommyflynn@example.net,PRD-CC04,EMP00397,Qualified,2025-01-12T23:41:00,84
LED004213,Branch Walk-in,CUS0001383,,0913252306,larsonmichael@example.org,PRD-LN03,EMP00131,Qualified,2025-12-27T16:44:00,53
LED004214,Campaign,CUS0000975,,0999540224,klopez@example.net,PRD-SAV01,EMP00241,Qualified,2025-01-24T01:52:00,80
LED004215,Referral,CUS0000731,,0658664295,elizabethkim@example.net,PRD-SAV01,EMP00413,Qualified,2025-09-09T04:32:00,22
LED004216,Referral,CUS0000390,,0969659468,dyerlaura@example.com,PRD-CUR01,EMP00066,Disqualified,2025-04-04T20:38:00,85
LED004217,Partner,CUS0000950,,0691091334,ahoward@example.net,PRD-CUR01,EMP00261,Converted,2025-02-02T15:17:00,70
LED004218,Partner,CUS0004990,,0658012528,mcgeeryan@example.org,PRD-SAV02,EMP00191,Qualified,2026-05-01T11:39:00,43
LED004219,Partner,CUS0007771,,0861546318,derrickflynn@example.org,PRD-FD02,EMP00227,Converted,2025-07-30T06:13:00,3
LED004220,Branch Walk-in,CUS0002549,,0851463564,ballardjoseph@example.org,PRD-LN04,EMP00089,New,2026-04-14T01:51:00,36
LED004221,Campaign,CUS0001585,,0871071756,thompsonantonio@example.com,PRD-DG02,EMP00276,Converted,2025-08-07T23:11:00,84
LED004222,Web Form,CUS0006233,,0894791454,deckerchristopher@example.com,PRD-LN04,EMP00238,Converted,2026-04-03T23:09:00,99
LED004223,Web Form,CUS0003355,,0973329321,luis89@example.com,PRD-SAV01,EMP00362,Disqualified,2025-03-12T17:38:00,46
LED004224,Campaign,CUS0000104,,0684661099,sophia34@example.net,PRD-LN04,EMP00452,Converted,2026-04-29T14:31:00,49
LED004225,Cold Call,,จณิสตา ตระกูลไม้เรียง,0858660620,rduffy@example.net,PRD-IN02,EMP00282,Converted,2026-01-21T14:55:00,93
LED004226,Web Form,CUS0008379,,0640038830,yjohnston@example.org,PRD-CC03,EMP00250,Contacted,2025-12-25T08:54:00,78
LED004227,Branch Walk-in,,ณาร์รีมาน ซาซุม,0943480190,mitchellcurtis@example.net,PRD-WL03,EMP00297,New,2026-04-06T17:33:00,77
LED004228,Referral,,ณัฐพิชา ตระกูลไม้เรียง,0997449954,lauren90@example.com,PRD-FD01,EMP00457,Qualified,2025-03-12T16:08:00,88
LED004229,Partner,CUS0009097,,0637906249,imorrow@example.org,PRD-CUR01,EMP00463,Contacted,2025-05-26T03:45:00,12
LED004230,Web Form,CUS0004604,,0650319465,john36@example.com,PRD-LN04,EMP00134,Contacted,2025-08-16T04:23:00,4
LED004231,Cold Call,CUS0002804,,0974162070,jmartin@example.net,PRD-DG01,EMP00111,Disqualified,2026-01-14T16:17:00,71
LED004232,Web Form,CUS0001039,,0819177896,smithrebecca@example.com,PRD-SAV02,EMP00330,New,2025-04-16T13:04:00,17
LED004233,Campaign,CUS0003374,,0655266822,arich@example.org,PRD-WL01,EMP00106,Qualified,2026-04-23T13:38:00,17
LED004234,Campaign,CUS0002665,,0640902038,larry14@example.com,PRD-WL02,EMP00230,Contacted,2025-10-21T16:53:00,100
LED004235,Cold Call,CUS0005759,,0827354317,erika95@example.com,PRD-WL04,EMP00445,Converted,2026-03-02T17:01:00,63
LED004236,Partner,CUS0002713,,0636348266,clyons@example.org,PRD-DC01,EMP00409,Disqualified,2025-01-05T04:59:00,62
LED004237,Cold Call,CUS0009376,,0947009977,jamesthompson@example.com,PRD-WL02,EMP00496,New,2025-03-24T02:16:00,45
LED004238,Cold Call,,พิชญ์สินี นครเทพ,0862949363,christina26@example.com,PRD-WL03,EMP00372,New,2025-10-26T23:30:00,2
LED004239,Referral,CUS0007775,,0820227629,vkelley@example.net,PRD-IN02,EMP00156,Contacted,2026-02-21T17:30:00,55
LED004240,Cold Call,,ปิยบุตร ปานสุวรรณ,0952835437,eric02@example.org,PRD-LN01,EMP00328,Contacted,2025-04-17T01:41:00,99
LED004241,Campaign,,สมหมาย ยะผา,0859806291,wrightsara@example.com,PRD-WL01,EMP00471,New,2025-08-05T13:12:00,8
LED004242,Cold Call,,วีร์สุดา ดาวกระจาย,0817976703,thomasjeremy@example.net,PRD-CC01,EMP00401,Disqualified,2026-04-13T11:33:00,35
LED004243,Branch Walk-in,,โสภณ ศิวะวรเวท,0689141638,ismith@example.net,PRD-LN03,EMP00284,New,2025-04-18T22:03:00,18
LED004244,Branch Walk-in,CUS0006962,,0957464334,jennifer93@example.net,PRD-WL01,EMP00110,New,2026-01-16T05:03:00,69
LED004245,Referral,CUS0003097,,0666413390,jacobmartin@example.com,PRD-WL01,EMP00386,Qualified,2026-01-04T10:19:00,37
LED004246,Web Form,CUS0002569,,0693377819,romerojeffery@example.com,PRD-LN03,EMP00367,New,2025-09-08T14:39:00,93
LED004247,Campaign,CUS0007237,,0910043365,parkerchelsea@example.com,PRD-FD01,EMP00310,Qualified,2025-04-27T21:22:00,90
LED004248,Branch Walk-in,,สุรการณ์ พรสีมา,0993239179,sarahammond@example.com,PRD-WL03,EMP00018,Contacted,2025-12-03T18:46:00,26
LED004249,Partner,,กิติวัฒน์ ทวนทอง,0922110974,kthornton@example.org,PRD-DC01,EMP00205,Qualified,2025-12-12T23:46:00,35
LED004250,Partner,CUS0009465,,0956119462,amberlong@example.org,PRD-WL01,EMP00101,Qualified,2025-07-16T16:50:00,81
LED004251,Referral,,บุญนพ ตัณฑนุช,0861174077,andersoncharles@example.org,PRD-SAV02,EMP00212,Disqualified,2025-05-01T21:35:00,56
LED004252,Branch Walk-in,CUS0000740,,0612043529,bgilmore@example.org,PRD-FD01,EMP00482,Disqualified,2025-06-29T14:16:00,54
LED004253,Referral,CUS0000632,,0618280486,yduncan@example.org,PRD-FD01,EMP00069,Disqualified,2025-09-30T12:51:00,64
LED004254,Web Form,CUS0003478,,0876387866,ericspencer@example.com,PRD-LN04,EMP00326,Converted,2025-05-28T12:45:00,22
LED004255,Partner,CUS0008507,,0682058558,stephanie67@example.org,PRD-LN01,EMP00066,New,2025-08-25T15:11:00,86
LED004256,Cold Call,CUS0001841,,0928577341,terrymartha@example.net,PRD-WL03,EMP00181,Contacted,2025-10-17T09:59:00,17
LED004257,Cold Call,,ดารุนี ตัณสถิตย์,0679419846,deborahfritz@example.net,PRD-WL03,EMP00327,Qualified,2025-08-08T20:51:00,59
LED004258,Partner,CUS0005086,,0635826136,jason76@example.net,PRD-DC01,EMP00140,Contacted,2025-06-23T09:10:00,10
LED004259,Web Form,CUS0000880,,0610929710,martinezjamie@example.com,PRD-DG01,EMP00248,Converted,2025-01-14T00:15:00,49
LED004260,Cold Call,,เทพณรงค์ เธียรายัน,0679793792,hannarichard@example.org,PRD-IN01,EMP00188,New,2025-01-10T14:49:00,58
LED004261,Campaign,CUS0007376,,0666008955,rhondareed@example.org,PRD-CC04,EMP00445,Converted,2026-03-11T05:57:00,22
LED004262,Referral,CUS0001779,,0944584999,ryan18@example.org,PRD-CC04,EMP00355,Contacted,2025-10-22T07:30:00,8
LED004263,Branch Walk-in,CUS0005677,,0861167765,fcooper@example.org,PRD-LN02,EMP00478,Disqualified,2026-02-05T14:13:00,46
LED004264,Partner,,จณิตตา เนตร์มณี,0697661416,rebecca47@example.net,PRD-LN02,EMP00402,Converted,2025-02-14T14:31:00,94
LED004265,Campaign,CUS0002098,,0883656818,frankjohnson@example.net,PRD-CC03,EMP00139,New,2026-04-12T14:08:00,92
LED004266,Web Form,CUS0009686,,0818315203,kellyholt@example.net,PRD-FD01,EMP00088,Disqualified,2025-12-23T20:10:00,62
LED004267,Cold Call,,กิ่งแก้ว งามพิเชษฐ์,0649947929,michelle22@example.net,PRD-SAV01,EMP00108,Qualified,2025-07-05T03:35:00,76
LED004268,Branch Walk-in,,ยอดแมน ศรีตะวัน,0986281800,corycurry@example.net,PRD-DC02,EMP00253,Qualified,2025-04-18T17:18:00,16
LED004269,Web Form,,ยุลิน นาฏคายี,0613388026,marysoto@example.net,PRD-WL04,EMP00457,Disqualified,2025-09-04T20:44:00,89
LED004270,Partner,CUS0006350,,0626422308,mariofinley@example.net,PRD-FD02,EMP00120,Qualified,2025-08-19T03:51:00,21
LED004271,Branch Walk-in,CUS0007006,,0964397129,ncarroll@example.net,PRD-SAV01,EMP00011,Contacted,2025-04-08T19:43:00,77
LED004272,Cold Call,,วิชา ซาซุม,0829255248,ckeith@example.net,PRD-DG02,EMP00027,Contacted,2025-06-18T03:20:00,3
LED004273,Web Form,CUS0003028,,0914172043,woodsalexander@example.org,PRD-CUR01,EMP00374,Disqualified,2025-09-08T15:47:00,39
LED004274,Cold Call,,ชนิศา ไชยภา,0873531510,shawstacey@example.com,PRD-DC02,EMP00235,New,2026-02-20T05:45:00,23
LED004275,Cold Call,CUS0007358,,0843944666,barrettoscar@example.org,PRD-LN01,EMP00480,Converted,2025-12-30T05:18:00,95
LED004276,Referral,CUS0007106,,0630918334,yorkdiana@example.net,PRD-SAV01,EMP00305,Converted,2026-04-15T16:28:00,54
LED004277,Web Form,CUS0002062,,0854281397,timothyharding@example.org,PRD-LN03,EMP00124,New,2026-02-23T05:14:00,82
LED004278,Partner,CUS0005979,,0951414841,mkeith@example.org,PRD-CC01,EMP00341,New,2025-10-19T01:45:00,25
LED004279,Web Form,,ปิยบุตร นาฏคายี,0649361526,amiller@example.com,PRD-FD02,EMP00192,Qualified,2025-11-12T07:11:00,18
LED004280,Campaign,,ณปภัช มิ่งขวัญ,0686974369,katherine44@example.org,PRD-WL02,EMP00411,Disqualified,2025-12-02T23:07:00,28
LED004281,Referral,,เพชรมณี บินดี,0689929017,kbarker@example.net,PRD-DC01,EMP00124,Contacted,2025-10-22T05:32:00,32
LED004282,Campaign,,จณิตตา ศิวะวรเวท,0926563525,coreytaylor@example.com,PRD-DG02,EMP00359,Converted,2025-05-28T00:50:00,21
LED004283,Campaign,CUS0009091,,0935950314,fostereric@example.com,PRD-WL01,EMP00409,Converted,2025-11-08T05:15:00,12
LED004284,Campaign,CUS0000937,,0653662665,thomasgriffin@example.net,PRD-LN01,EMP00132,Disqualified,2025-06-15T02:43:00,26
LED004285,Partner,CUS0006851,,0967333009,williamlopez@example.net,PRD-WL02,EMP00449,Disqualified,2026-03-28T01:01:00,13
LED004286,Referral,,ภานุพล ฉัตรอภิเที่ยงค่ำ,0827171161,evansedward@example.com,PRD-WL02,EMP00177,Disqualified,2025-07-07T19:41:00,12
LED004287,Partner,,มะลีวัลย์ ติณรัตน์,0939951693,paul78@example.org,PRD-IN02,EMP00053,Qualified,2025-08-09T15:03:00,57
LED004288,Referral,CUS0009637,,0818200461,gfoster@example.org,PRD-CC01,EMP00308,Contacted,2025-12-10T09:39:00,20
LED004289,Campaign,,วีระวัฒน์ จ้อยนุแสง,0849161599,lawrencemadeline@example.org,PRD-DG01,EMP00333,New,2026-02-27T13:34:00,33
LED004290,Cold Call,CUS0008254,,0967222679,timothymartinez@example.net,PRD-WL01,EMP00180,Disqualified,2026-02-14T10:30:00,24
LED004291,Campaign,CUS0009673,,0979626944,gregorysmith@example.com,PRD-LN02,EMP00018,Disqualified,2026-03-15T05:43:00,62
LED004292,Web Form,,นันทวรรณ คณานุรักษ์,0981525944,hopkinsaustin@example.net,PRD-CC02,EMP00012,Converted,2025-11-14T23:13:00,35
LED004293,Web Form,CUS0008596,,0838440635,ortizgary@example.org,PRD-LN03,EMP00241,Contacted,2025-04-09T03:21:00,51
LED004294,Partner,CUS0008042,,0818288613,vhaney@example.com,PRD-CC04,EMP00399,Qualified,2025-06-04T05:33:00,95
LED004295,Campaign,CUS0007051,,0894471821,joneskristin@example.org,PRD-CUR01,EMP00075,Disqualified,2025-01-29T12:02:00,42
LED004296,Partner,CUS0006667,,0622158518,taustin@example.com,PRD-DG01,EMP00068,Qualified,2026-04-14T17:57:00,73
LED004297,Web Form,CUS0005717,,0938504847,ericafranklin@example.net,PRD-WL03,EMP00069,Converted,2025-10-09T21:00:00,51
LED004298,Branch Walk-in,,คณภรณ์ อุลหัสสา,0849649946,yjones@example.com,PRD-WL02,EMP00140,Disqualified,2025-02-24T09:18:00,59
LED004299,Partner,CUS0004544,,0812325218,bakerdavid@example.net,PRD-DG01,EMP00305,Converted,2025-06-02T00:08:00,84
LED004300,Web Form,CUS0002718,,0899784047,joseph02@example.com,PRD-SAV02,EMP00338,Contacted,2026-01-05T21:08:00,28
LED004301,Cold Call,,ทินวัฒน์ ดิศดใน,0914530046,kimjonathan@example.net,PRD-FD03,EMP00357,Converted,2026-02-17T02:22:00,61
LED004302,Branch Walk-in,,ภานุพล วิลาสินี,0823858668,ashley61@example.net,PRD-DG02,EMP00492,Qualified,2025-06-17T10:01:00,24
LED004303,Branch Walk-in,,วรรณชนะชัย แน่นดุจป้อม,0974647504,pamelafisher@example.org,PRD-CUR01,EMP00025,Qualified,2025-04-09T04:48:00,100
LED004304,Branch Walk-in,,เพียงกมล ไตรบรรพ,0631445628,ecaldwell@example.org,PRD-LN02,EMP00247,Disqualified,2026-04-21T23:35:00,100
LED004305,Branch Walk-in,,นิรันดร์ หนักแน่น,0952656860,sarahfrank@example.net,PRD-LN03,EMP00337,Contacted,2025-07-27T17:49:00,39
LED004306,Referral,CUS0001613,,0912042954,damon18@example.net,PRD-SAV02,EMP00396,Qualified,2026-01-21T11:56:00,72
LED004307,Branch Walk-in,,ศศิธร อัตตนาถ,0680206720,yherrera@example.net,PRD-CC01,EMP00169,Qualified,2025-08-03T08:27:00,57
LED004308,Web Form,CUS0007348,,0816945853,kenneth18@example.org,PRD-CC04,EMP00270,Disqualified,2025-08-23T11:26:00,81
LED004309,Web Form,,เจษฏาภรณ์ ตันเผ่า,0918147243,gary35@example.net,PRD-DG02,EMP00152,Converted,2025-01-14T13:40:00,6
LED004310,Campaign,CUS0003694,,0628245883,tammyjackson@example.net,PRD-DG01,EMP00423,Converted,2025-02-26T11:53:00,71
LED004311,Partner,,ลักษมี จันอ้น,0664640402,zthomas@example.net,PRD-SAL01,EMP00149,Contacted,2025-04-09T16:27:00,77
LED004312,Branch Walk-in,CUS0006526,,0657268228,murillomelissa@example.org,PRD-LN02,EMP00219,New,2025-04-18T08:06:00,82
LED004313,Cold Call,CUS0000095,,0694809701,brooke79@example.org,PRD-IN01,EMP00276,Converted,2025-12-21T21:03:00,100
LED004314,Web Form,CUS0005680,,0624718663,nfrazier@example.net,PRD-IN01,EMP00060,Qualified,2025-02-08T02:32:00,57
LED004315,Web Form,CUS0002633,,0850436446,thomassandra@example.net,PRD-DC01,EMP00410,Disqualified,2025-01-26T06:42:00,77
LED004316,Referral,CUS0005591,,0823545153,santoskeith@example.com,PRD-CC01,EMP00122,New,2025-08-18T15:27:00,98
LED004317,Web Form,CUS0003616,,0645013572,kgutierrez@example.com,PRD-CC02,EMP00376,Disqualified,2025-05-04T00:19:00,10
LED004318,Web Form,,เกียรติก้อง เดชคุ้ม,0839487619,schroederrachel@example.com,PRD-FD03,EMP00433,Converted,2025-09-21T22:29:00,66
LED004319,Partner,CUS0000538,,0939427217,tony21@example.com,PRD-LN04,EMP00351,New,2025-12-10T23:41:00,88
LED004320,Web Form,,ภัคชัญญา ทองแท้,0634326348,ricevictoria@example.net,PRD-DC01,EMP00413,Qualified,2025-08-09T17:37:00,86
LED004321,Branch Walk-in,CUS0002715,,0982126288,lbaker@example.net,PRD-LN03,EMP00474,Contacted,2025-06-03T06:54:00,68
LED004322,Cold Call,CUS0008095,,0634849561,joshua47@example.com,PRD-LN01,EMP00460,Disqualified,2025-02-10T13:32:00,4
LED004323,Branch Walk-in,CUS0003462,,0996187153,ekelly@example.net,PRD-DC01,EMP00193,Disqualified,2025-06-15T05:13:00,87
LED004324,Cold Call,,อาฮามัด ซูสารอ,0650899383,xchapman@example.net,PRD-FD03,EMP00164,Qualified,2025-08-13T11:23:00,29
LED004325,Cold Call,CUS0004270,,0640682775,ztrevino@example.net,PRD-LN01,EMP00188,Contacted,2026-01-05T23:31:00,45
LED004326,Branch Walk-in,CUS0006885,,0995651529,april34@example.org,PRD-IN01,EMP00475,Contacted,2026-03-01T14:15:00,95
LED004327,Referral,,เพ็ญพรรษา ภูภักดี,0959421200,bennettcarol@example.com,PRD-FD01,EMP00112,New,2025-02-24T00:28:00,73
LED004328,Partner,CUS0006954,,0898204030,hannahsmall@example.net,PRD-FD03,EMP00351,Disqualified,2025-03-19T07:30:00,58
LED004329,Branch Walk-in,,เทพณรงค์ โพธิสัตย์,0856884303,knoxmadison@example.net,PRD-DC02,EMP00084,Disqualified,2025-03-02T00:38:00,10
LED004330,Branch Walk-in,CUS0007459,,0816889311,aarongarcia@example.net,PRD-FD02,EMP00402,Qualified,2025-09-22T03:34:00,43
LED004331,Web Form,CUS0009956,,0634617915,matthew81@example.net,PRD-IN02,EMP00266,Qualified,2025-08-07T02:19:00,26
LED004332,Cold Call,,จินต์จุฑา นิษประปัญจ์,0866828872,allisonrodriguez@example.net,PRD-WL01,EMP00051,Qualified,2025-06-25T18:18:00,5
LED004333,Partner,CUS0004679,,0827643302,woodbeverly@example.net,PRD-IN01,EMP00182,Disqualified,2025-09-05T05:48:00,17
LED004334,Web Form,CUS0006244,,0954764688,linda53@example.com,PRD-DG02,EMP00059,New,2025-02-17T02:05:00,74
LED004335,Partner,,สมนึก ซาซุม,0632626901,ashley90@example.org,PRD-DC02,EMP00182,Disqualified,2025-06-08T20:45:00,25
LED004336,Campaign,,สิราพร นานายน,0631178367,vandrade@example.net,PRD-SAL01,EMP00437,Contacted,2026-03-31T19:49:00,46
LED004337,Web Form,,วิเชียร ดาวอร่าม,0941229258,gallen@example.com,PRD-DG01,EMP00050,Contacted,2025-03-08T09:04:00,43
LED004338,Branch Walk-in,CUS0009948,,0987708010,penningtonchristine@example.com,PRD-CC02,EMP00266,Qualified,2025-11-20T12:23:00,3
LED004339,Cold Call,CUS0002001,,0660926745,kaylasilva@example.org,PRD-LN03,EMP00026,New,2026-04-29T11:02:00,57
LED004340,Branch Walk-in,CUS0007162,,0848508018,kevin23@example.com,PRD-IN02,EMP00012,Qualified,2025-07-01T03:14:00,21
LED004341,Campaign,,พรปราณี ตันเผ่า,0816718299,kylejohnson@example.org,PRD-DC02,EMP00187,Converted,2026-03-27T21:58:00,0
LED004342,Partner,CUS0001464,,0825882528,destinyshepherd@example.org,PRD-WL02,EMP00250,Qualified,2025-05-03T19:20:00,54
LED004343,Campaign,,ธีรวุฒิ ขำเอนก,0948672960,cortezolivia@example.net,PRD-CC04,EMP00271,New,2025-11-30T04:13:00,18
LED004344,Web Form,,สราญจิตต์ เลขะพันธุ์,0835044752,paulajohnson@example.com,PRD-WL04,EMP00260,Contacted,2026-04-19T05:18:00,25
LED004345,Branch Walk-in,CUS0006240,,0672440530,deborahreed@example.org,PRD-LN03,EMP00141,Converted,2025-01-14T05:14:00,39
LED004346,Cold Call,CUS0004299,,0872066105,kristaramirez@example.net,PRD-IN01,EMP00178,Converted,2025-04-03T13:28:00,59
LED004347,Partner,CUS0002498,,0833721123,alexmartin@example.com,PRD-DC02,EMP00075,Disqualified,2026-03-23T23:56:00,10
LED004348,Referral,CUS0003026,,0937443854,jacquelineandrews@example.com,PRD-FD03,EMP00428,New,2025-08-07T01:46:00,50
LED004349,Branch Walk-in,,สุธาวี ปรีชากุลเศรษฐ์,0635034868,travischarles@example.com,PRD-WL02,EMP00305,Converted,2025-10-13T20:53:00,92
LED004350,Referral,CUS0003326,,0910490061,brian85@example.org,PRD-FD01,EMP00255,Qualified,2025-10-23T17:23:00,93
LED004351,Campaign,CUS0000222,,0633098234,zyates@example.org,PRD-CUR01,EMP00049,Contacted,2025-12-25T08:18:00,0
LED004352,Referral,,บุญทิวา วิลาสินี,0881913522,michellehensley@example.org,PRD-SAV02,EMP00090,Qualified,2025-04-01T10:38:00,52
LED004353,Campaign,,ใจกลาง นิติสาขา,0892520859,bassmackenzie@example.com,PRD-LN01,EMP00204,Disqualified,2025-03-11T02:40:00,17
LED004354,Web Form,CUS0000064,,0689582285,robin00@example.org,PRD-DG02,EMP00411,Disqualified,2026-04-18T08:02:00,79
LED004355,Cold Call,CUS0001680,,0643124754,jennifer75@example.net,PRD-DG02,EMP00046,Converted,2025-09-26T09:09:00,0
LED004356,Web Form,,กวาง นามเสวตร,0691571506,stevensfrank@example.com,PRD-IN01,EMP00356,New,2026-04-08T04:20:00,65
LED004357,Cold Call,CUS0007338,,0925601949,james93@example.net,PRD-CC03,EMP00142,New,2025-12-21T14:29:00,62
LED004358,Branch Walk-in,CUS0004499,,0961555029,levyhunter@example.net,PRD-CC01,EMP00078,Converted,2026-03-16T21:40:00,31
LED004359,Campaign,CUS0009383,,0954784569,wdavis@example.net,PRD-CUR01,EMP00189,New,2025-12-13T23:46:00,86
LED004360,Campaign,,จิฬาภรณ์ ธัญาโภชน์,0957032775,donnagonzalez@example.com,PRD-DC01,EMP00090,Contacted,2025-08-30T12:20:00,21
LED004361,Partner,CUS0007840,,0974649623,dhuang@example.com,PRD-LN03,EMP00082,Converted,2026-01-15T01:24:00,39
LED004362,Cold Call,CUS0006238,,0954533673,charles37@example.net,PRD-DG01,EMP00115,New,2025-04-08T01:23:00,46
LED004363,Campaign,CUS0007159,,0694878241,jamesrich@example.com,PRD-SAL01,EMP00026,Disqualified,2025-09-27T23:57:00,68
LED004364,Referral,,มณียา ขำเอนก,0836011767,lisarice@example.net,PRD-DG01,EMP00483,Qualified,2025-06-14T17:07:00,60
LED004365,Web Form,CUS0002716,,0649206226,alexandra84@example.net,PRD-LN01,EMP00499,Converted,2025-06-17T10:06:00,71
LED004366,Partner,,ชัญญานุนาย เวียงจันทึก,0677319761,iharris@example.net,PRD-LN02,EMP00154,Disqualified,2025-03-22T02:11:00,28
LED004367,Cold Call,CUS0009942,,0888975756,jenniferpayne@example.net,PRD-SAL01,EMP00385,Contacted,2025-08-25T09:25:00,76
LED004368,Referral,,ภานุพล ถนิมมาศ,0868364855,rachaelperez@example.org,PRD-DC01,EMP00339,Contacted,2026-03-04T12:54:00,15
LED004369,Referral,,สุรการณ์ เยาวธนโชค,0826627947,nancy11@example.com,PRD-IN01,EMP00103,New,2025-05-14T16:30:00,32
LED004370,Cold Call,CUS0002449,,0921470366,derek20@example.net,PRD-DG01,EMP00096,New,2025-02-28T10:09:00,43
LED004371,Referral,,ชัชนันท์ วุฑฒยากร,0837988520,debbie91@example.org,PRD-FD02,EMP00091,Contacted,2025-04-18T00:32:00,61
LED004372,Campaign,CUS0002037,,0891944638,nathanwilliams@example.com,PRD-WL02,EMP00358,Qualified,2026-03-02T16:44:00,82
LED004373,Referral,CUS0005369,,0614556487,jamie24@example.com,PRD-SAV02,EMP00164,Contacted,2026-01-18T12:32:00,63
LED004374,Partner,CUS0002018,,0870488050,louisking@example.com,PRD-DC02,EMP00371,Converted,2025-08-30T07:29:00,14
LED004375,Branch Walk-in,CUS0009571,,0617058346,michael23@example.org,PRD-CC01,EMP00293,Qualified,2025-01-17T08:29:00,49
LED004376,Branch Walk-in,CUS0003720,,0686120473,kromero@example.net,PRD-SAV02,EMP00291,New,2025-05-15T09:36:00,53
LED004377,Partner,,รอกีเย๊าะ เณรานุสนธิ์,0663436720,bjohnson@example.net,PRD-DC02,EMP00308,Contacted,2026-01-10T13:11:00,78
LED004378,Campaign,CUS0000830,,0928309781,solisdanielle@example.com,PRD-SAV01,EMP00431,Qualified,2026-02-04T04:52:00,48
LED004379,Partner,CUS0005108,,0970767056,jeffrey29@example.com,PRD-CUR01,EMP00061,New,2025-02-17T02:39:00,8
LED004380,Partner,CUS0009278,,0619140336,hestermatthew@example.net,PRD-DG02,EMP00201,New,2026-01-10T11:01:00,88
LED004381,Referral,,ปิยวัจน์ ตั้งกุลงาม,0643246550,kimberlyturner@example.net,PRD-CUR01,EMP00193,Disqualified,2025-10-02T12:27:00,93
LED004382,Partner,CUS0006792,,0911586225,jerry95@example.com,PRD-CC03,EMP00314,Contacted,2026-01-25T12:49:00,51
LED004383,Campaign,,แกมแพร ไตรบรรพ,0629913386,kgomez@example.net,PRD-CC01,EMP00298,Converted,2025-10-10T20:10:00,82
LED004384,Web Form,,ปิยนุช ธุวะนุติ์,0696267379,kennedypatrick@example.com,PRD-FD01,EMP00033,Disqualified,2025-08-16T19:04:00,62
LED004385,Web Form,CUS0001834,,0661102108,abrady@example.org,PRD-IN01,EMP00497,Disqualified,2026-01-21T20:21:00,46
LED004386,Web Form,,อัญพัชร์ ธนประทีป,0831882196,jonathandonovan@example.org,PRD-SAV01,EMP00067,Contacted,2025-01-26T20:46:00,34
LED004387,Web Form,CUS0008755,,0943785829,lindsaypoole@example.org,PRD-IN01,EMP00072,New,2025-05-09T07:45:00,11
LED004388,Partner,,ภูวฤณ ยาปะโลหิต,0916778794,gibsonkaren@example.org,PRD-LN01,EMP00014,Qualified,2025-01-31T01:16:00,74
LED004389,Cold Call,CUS0008529,,0637064777,bsmith@example.com,PRD-WL01,EMP00348,Contacted,2025-04-01T00:04:00,92
LED004390,Partner,CUS0006666,,0638346252,sandra64@example.com,PRD-IN01,EMP00213,Qualified,2025-12-10T19:19:00,24
LED004391,Branch Walk-in,CUS0006923,,0954641154,reynoldsjulie@example.org,PRD-CC02,EMP00105,New,2025-04-22T10:28:00,47
LED004392,Web Form,,พีระพงศ์พันธ์ บุญญาภิรมย์,0931284174,hblair@example.net,PRD-CC02,EMP00369,Converted,2026-04-15T06:00:00,77
LED004393,Cold Call,CUS0000447,,0845630690,miranda41@example.com,PRD-SAV02,EMP00127,Disqualified,2025-01-03T08:51:00,88
LED004394,Branch Walk-in,CUS0001538,,0950839508,nathaniel36@example.org,PRD-CC03,EMP00139,Converted,2025-06-08T02:52:00,77
LED004395,Cold Call,,ราชันทร์ ตราชู,0819757371,janicejames@example.net,PRD-DC01,EMP00307,Contacted,2025-06-24T23:12:00,71
LED004396,Branch Walk-in,CUS0004143,,0971682013,douglas47@example.com,PRD-DC02,EMP00310,Contacted,2026-04-11T01:19:00,58
LED004397,Branch Walk-in,CUS0009004,,0847426273,jeffrey41@example.net,PRD-DC01,EMP00333,Contacted,2025-10-22T21:09:00,18
LED004398,Branch Walk-in,,จุฑารัตน์ ถนัดพิมพการ,0929372297,aroberts@example.net,PRD-WL02,EMP00106,Converted,2025-02-26T00:39:00,83
LED004399,Referral,,นพ หอมพิกุล,0687446215,carlossharp@example.net,PRD-FD02,EMP00240,Qualified,2025-01-06T10:42:00,86
LED004400,Cold Call,,จักรพันธ์ พีระเพ็ญกุล,0971470143,timothy95@example.com,PRD-SAV01,EMP00294,New,2025-01-29T13:49:00,21
LED004401,Campaign,CUS0003642,,0943430419,roconnor@example.com,PRD-CUR01,EMP00033,Disqualified,2026-02-28T04:07:00,94
LED004402,Partner,CUS0002549,,0961715908,arthurlewis@example.net,PRD-WL02,EMP00070,Contacted,2025-01-17T21:54:00,45
LED004403,Partner,,เทพนารี เธียรายัน,0921344014,dgarza@example.com,PRD-DC02,EMP00367,Disqualified,2025-01-26T13:26:00,44
LED004404,Campaign,,สุปรานี นากกนก,0823080770,jjensen@example.net,PRD-IN01,EMP00053,Contacted,2025-01-02T17:10:00,68
LED004405,Referral,,ฮานาฟี ถนัดรบ,0831841468,danielrogers@example.org,PRD-LN02,EMP00059,Converted,2025-03-04T16:59:00,69
LED004406,Partner,CUS0005878,,0886581778,nicholasgamble@example.com,PRD-IN01,EMP00279,Qualified,2026-04-01T10:44:00,66
LED004407,Campaign,,ณิชเชฏฐ์ ตัณสถิตย์,0912823000,steven61@example.net,PRD-DG02,EMP00266,Converted,2025-11-17T22:00:00,9
LED004408,Cold Call,,วรรณรัตน์ ถนัดกลึง,0947078368,smithbethany@example.com,PRD-SAV01,EMP00125,Disqualified,2026-01-30T03:40:00,9
LED004409,Branch Walk-in,CUS0007351,,0919404053,ehorton@example.net,PRD-LN02,EMP00247,Contacted,2026-04-17T22:35:00,67
LED004410,Partner,CUS0009728,,0815085083,ocalderon@example.net,PRD-CC03,EMP00177,Converted,2025-10-10T12:06:00,54
LED004411,Cold Call,,ปัตถพงษ์ ติระคมน์,0682773696,devonmaldonado@example.org,PRD-DG02,EMP00439,Disqualified,2026-01-27T13:08:00,36
LED004412,Campaign,,ผกาทิพย์ กุมารบุญ,0617344321,pamelawalker@example.net,PRD-LN02,EMP00471,New,2025-12-20T15:39:00,36
LED004413,Branch Walk-in,,ปริญญา ศาสตร์ศิลป์,0865621633,morenomaria@example.net,PRD-WL01,EMP00187,Disqualified,2025-09-18T01:56:00,39
LED004414,Campaign,CUS0000427,,0836189961,arthur92@example.net,PRD-FD02,EMP00020,Qualified,2025-11-04T09:08:00,28
LED004415,Referral,,สายสุรีย์ ตั้งรบ,0996379172,tporter@example.com,PRD-FD02,EMP00281,Contacted,2025-06-15T13:43:00,22
LED004416,Branch Walk-in,CUS0004161,,0918238914,fhammond@example.net,PRD-FD01,EMP00390,Qualified,2026-04-08T23:06:00,48
LED004417,Campaign,CUS0004227,,0961874572,jamesjohns@example.org,PRD-WL01,EMP00019,Converted,2025-11-13T11:24:00,88
LED004418,Branch Walk-in,,ศศิยา ถาวระวรณ์,0946631417,danielmiller@example.net,PRD-CC03,EMP00015,Converted,2025-05-30T14:37:00,82
LED004419,Referral,,กษิดิฐ สาระพันธ์,0922158536,hilleric@example.com,PRD-WL03,EMP00254,Contacted,2025-09-19T04:36:00,70
LED004420,Referral,CUS0005227,,0984840974,rebeccamoreno@example.com,PRD-DG01,EMP00238,Disqualified,2026-04-15T17:18:00,42
LED004421,Branch Walk-in,CUS0009904,,0671382668,clifforddurham@example.org,PRD-LN03,EMP00382,Disqualified,2025-11-29T17:42:00,97
LED004422,Partner,,พิไลพร ดุริยพันธุ์,0611935891,nicholas91@example.net,PRD-LN01,EMP00415,Qualified,2025-10-25T00:35:00,77
LED004423,Campaign,CUS0005657,,0664301684,susanflores@example.net,PRD-IN02,EMP00384,Disqualified,2025-04-22T13:08:00,99
LED004424,Cold Call,CUS0004990,,0848919265,williamsonannette@example.net,PRD-FD02,EMP00022,New,2025-03-02T17:06:00,12
LED004425,Branch Walk-in,CUS0008399,,0679141929,lwashington@example.org,PRD-FD01,EMP00350,Converted,2026-03-24T17:19:00,0
LED004426,Campaign,CUS0007207,,0681130137,brownlinda@example.net,PRD-LN01,EMP00339,Qualified,2026-02-06T21:23:00,86
LED004427,Cold Call,CUS0000101,,0681878184,gthompson@example.com,PRD-FD02,EMP00115,New,2025-06-06T02:44:00,23
LED004428,Cold Call,,พิศพรรณ บุญญาภิรมย์,0870694259,ballardcheyenne@example.com,PRD-CC03,EMP00231,Qualified,2026-04-28T23:47:00,9
LED004429,Cold Call,,ฉลองชัย ถะเกิงชศ,0657740143,kimberly29@example.net,PRD-FD01,EMP00375,Converted,2026-01-31T10:07:00,44
LED004430,Partner,,พิมพ์สุตา บุญญาภิรมย์,0874251339,kylebruce@example.com,PRD-WL01,EMP00312,Qualified,2026-01-16T11:58:00,37
LED004431,Referral,CUS0001465,,0658775797,john27@example.com,PRD-FD02,EMP00222,Converted,2025-02-07T20:12:00,89
LED004432,Cold Call,,คมสัน ทวีเดช,0867162553,jessebrown@example.org,PRD-WL02,EMP00181,Disqualified,2025-02-01T21:10:00,69
LED004433,Partner,CUS0008220,,0889989172,grossbrittany@example.org,PRD-WL01,EMP00418,Contacted,2026-01-11T18:29:00,43
LED004434,Cold Call,,คณภรณ์ แถมธน,0952228067,brianparker@example.org,PRD-SAL01,EMP00230,Qualified,2025-05-18T12:12:00,35
LED004435,Web Form,CUS0000921,,0942572733,corygalloway@example.com,PRD-CUR01,EMP00402,Contacted,2026-04-30T22:56:00,50
LED004436,Partner,CUS0000240,,0880723944,michelle48@example.com,PRD-CUR01,EMP00403,Contacted,2025-03-21T17:13:00,46
LED004437,Partner,CUS0003932,,0946840872,xhernandez@example.org,PRD-WL02,EMP00453,New,2025-08-03T07:22:00,34
LED004438,Cold Call,CUS0004371,,0671880223,maciaspatrick@example.com,PRD-WL03,EMP00189,New,2025-01-14T04:46:00,47
LED004439,Branch Walk-in,CUS0000905,,0623031977,thomas09@example.net,PRD-FD01,EMP00246,Converted,2025-12-17T05:42:00,56
LED004440,Web Form,CUS0001992,,0821727280,erintucker@example.net,PRD-DG01,EMP00028,Converted,2026-02-24T14:36:00,88
LED004441,Campaign,CUS0007551,,0672261949,vwilliams@example.com,PRD-FD01,EMP00065,Contacted,2026-03-12T15:51:00,91
LED004442,Cold Call,CUS0006782,,0985967049,ppeters@example.com,PRD-LN02,EMP00369,Contacted,2025-07-22T17:23:00,45
LED004443,Campaign,,มาสิตะ ธนูปกรณ์,0637889747,jlloyd@example.com,PRD-LN03,EMP00027,Converted,2025-12-17T16:51:00,9
LED004444,Cold Call,CUS0008109,,0697868601,nking@example.org,PRD-DC01,EMP00459,Qualified,2025-01-19T13:12:00,89
LED004445,Campaign,CUS0008742,,0888556128,qramos@example.com,PRD-WL02,EMP00371,New,2026-02-04T00:18:00,51
LED004446,Branch Walk-in,CUS0003369,,0647798648,jerryrobbins@example.net,PRD-LN01,EMP00172,Contacted,2025-12-15T09:33:00,74
LED004447,Campaign,CUS0008356,,0916284650,thomasshawn@example.net,PRD-WL03,EMP00258,Contacted,2026-04-18T05:11:00,4
LED004448,Referral,CUS0002259,,0675814840,pwhitney@example.org,PRD-FD01,EMP00312,Disqualified,2025-01-01T08:41:00,86
LED004449,Campaign,,นันทิกานต์ พีระเพ็ญกุล,0977262451,raymond10@example.net,PRD-LN04,EMP00162,Contacted,2025-01-02T00:38:00,1
LED004450,Web Form,CUS0004806,,0613085684,wpierce@example.com,PRD-IN02,EMP00268,Converted,2025-12-23T21:26:00,50
LED004451,Campaign,,สิทธิชัย เขียวขุ้ย,0610896638,jonessandra@example.net,PRD-WL01,EMP00183,Qualified,2025-10-25T13:09:00,38
LED004452,Cold Call,,เชิงชาย บินดี,0930581832,thomas79@example.com,PRD-DC01,EMP00270,Contacted,2025-04-06T09:10:00,38
LED004453,Branch Walk-in,,เอกอธิพงษ์ ทองสินธุ์,0813545709,davismaria@example.com,PRD-WL01,EMP00036,Qualified,2025-09-22T15:41:00,74
LED004454,Referral,,วิรศักดิ์ ฉัตรอภิเที่ยงค่ำ,0619039065,christygardner@example.net,PRD-CUR01,EMP00182,Qualified,2026-03-26T14:43:00,4
LED004455,Cold Call,CUS0000833,,0939026843,ronaldalvarez@example.com,PRD-SAL01,EMP00432,Contacted,2025-05-26T11:56:00,81
LED004456,Branch Walk-in,CUS0000706,,0915722284,brittanywilliams@example.com,PRD-DC01,EMP00287,Disqualified,2026-03-19T16:38:00,63
LED004457,Campaign,,รมิตา ดาบเงิน,0839954423,angelica98@example.org,PRD-IN02,EMP00023,Qualified,2026-04-29T07:54:00,92
LED004458,Referral,CUS0005367,,0989867183,gutierrezvictoria@example.com,PRD-LN02,EMP00107,Contacted,2025-01-20T10:58:00,39
LED004459,Campaign,,สุภัทริดา ซูสารอ,0936667957,sjackson@example.org,PRD-FD02,EMP00448,Qualified,2025-11-02T14:36:00,28
LED004460,Cold Call,CUS0004201,,0670803900,billyarcher@example.org,PRD-SAV02,EMP00167,Converted,2025-04-06T19:00:00,3
LED004461,Cold Call,CUS0001781,,0824108740,dana35@example.net,PRD-LN01,EMP00206,Converted,2025-03-13T11:53:00,34
LED004462,Cold Call,,วณัฐดา จันอ้น,0932510939,sayala@example.com,PRD-SAV02,EMP00471,Converted,2025-07-26T08:24:00,39
LED004463,Campaign,,จีรยุทธ ถะเกิงชศ,0961373175,kristinacastillo@example.org,PRD-WL01,EMP00336,Qualified,2025-04-20T02:31:00,8
LED004464,Cold Call,,จิตตานันท์ ถนอมพล,0668964359,boydbrian@example.org,PRD-WL01,EMP00468,Disqualified,2025-09-17T15:28:00,80
LED004465,Web Form,CUS0000320,,0826721930,sarah42@example.net,PRD-CC01,EMP00020,New,2025-08-23T16:24:00,25
LED004466,Partner,CUS0004117,,0854028318,bergrichard@example.org,PRD-SAL01,EMP00169,Contacted,2025-07-23T08:35:00,91
LED004467,Referral,,พันเกล้า ธูปะวิโรจน์,0675020273,ericfranklin@example.org,PRD-LN03,EMP00237,New,2025-11-09T04:59:00,77
LED004468,Cold Call,CUS0004876,,0940235508,shawnmurphy@example.org,PRD-SAV02,EMP00159,Contacted,2025-12-15T19:20:00,44
LED004469,Referral,,ประเดิม ปานสุวรรณ,0662442656,rgreen@example.org,PRD-SAV01,EMP00085,Contacted,2025-11-14T12:42:00,92
LED004470,Partner,CUS0005015,,0898110679,karenharvey@example.com,PRD-FD02,EMP00380,Contacted,2025-12-09T13:08:00,48
LED004471,Web Form,,ฐิติณัฐฐา นฤทุกข์,0678009993,berrykathryn@example.com,PRD-WL01,EMP00252,Converted,2025-05-26T11:05:00,0
LED004472,Referral,,นภัสรินทร์ พรรษาสกุล,0870537270,russelljohnson@example.com,PRD-LN01,EMP00078,Contacted,2025-07-20T22:00:00,40
LED004473,Campaign,,เมษา ปรีชากุลเศรษฐ์,0881675580,crystalallen@example.org,PRD-WL01,EMP00425,Qualified,2025-09-11T16:01:00,82
LED004474,Referral,CUS0000874,,0669850012,jrhodes@example.org,PRD-SAV02,EMP00113,New,2025-07-06T01:08:00,55
LED004475,Branch Walk-in,,ฉัตรปรียา เขียวขุ้ย,0841873518,hdavis@example.com,PRD-IN01,EMP00273,Qualified,2025-04-02T05:11:00,45
LED004476,Branch Walk-in,CUS0005097,,0838109240,michael75@example.net,PRD-LN04,EMP00298,New,2026-04-30T00:55:00,66
LED004477,Branch Walk-in,,ประจิน พรรษาสกุล,0623827968,beth08@example.org,PRD-CC03,EMP00347,New,2025-09-15T04:52:00,99
LED004478,Web Form,CUS0006604,,0660130837,susanpierce@example.org,PRD-LN03,EMP00136,Converted,2025-01-08T10:17:00,77
LED004479,Partner,CUS0002456,,0925418014,albert40@example.com,PRD-SAV02,EMP00179,Converted,2025-12-28T10:27:00,54
LED004480,Referral,,โชติวุฒิ ถ้วนศรี,0976230997,shawcynthia@example.org,PRD-CC03,EMP00251,Converted,2026-01-09T07:15:00,92
LED004481,Partner,,สุภาลินี ทัศนสุทธิ,0986272628,briggsmary@example.net,PRD-CC04,EMP00477,New,2025-01-05T10:29:00,3
LED004482,Branch Walk-in,,รมิตา ดาวกระจาย,0612624000,fergusonamanda@example.org,PRD-DG02,EMP00324,Converted,2025-02-04T09:56:00,32
LED004483,Referral,,อลิษา ธนรักษ์,0896487242,lewischristian@example.net,PRD-WL03,EMP00178,Disqualified,2025-01-01T16:04:00,43
LED004484,Campaign,,กิติวัฒน์ ถนัดเดินข่าว,0643591978,nancy32@example.org,PRD-LN02,EMP00353,Converted,2025-11-17T06:53:00,72
LED004485,Web Form,,อดิสรณ์ หิรัญสาลี,0949068442,tylerjohn@example.net,PRD-LN03,EMP00067,New,2025-11-20T01:58:00,1
LED004486,Cold Call,,นพวรรณ ศรีอุ่น,0968775569,cathy02@example.org,PRD-WL02,EMP00497,Contacted,2025-01-22T03:24:00,29
LED004487,Partner,CUS0007945,,0674307103,tsmith@example.com,PRD-DC01,EMP00170,Qualified,2026-01-29T22:10:00,8
LED004488,Branch Walk-in,,พาสุข นิลวิมล,0622563949,jennifer75@example.org,PRD-DC01,EMP00154,Disqualified,2025-09-14T19:51:00,71
LED004489,Referral,CUS0004124,,0947071732,morrowalex@example.net,PRD-DG01,EMP00088,Contacted,2026-02-05T15:30:00,68
LED004490,Partner,CUS0000895,,0695246804,dgross@example.org,PRD-DC01,EMP00320,Contacted,2025-01-05T04:00:00,62
LED004491,Web Form,,สนั่น สุวรรณหงษ์,0822450408,stephaniegordon@example.org,PRD-IN01,EMP00295,Disqualified,2025-03-13T20:30:00,22
LED004492,Branch Walk-in,,สรรเพชญ์ ตั้งเผ่า,0961577779,liunicole@example.com,PRD-CC04,EMP00198,Disqualified,2025-12-17T07:37:00,14
LED004493,Campaign,CUS0001673,,0668718950,staceysullivan@example.net,PRD-WL04,EMP00371,Qualified,2025-02-27T15:16:00,66
LED004494,Partner,CUS0007316,,0696231738,conniegoodman@example.org,PRD-WL02,EMP00188,New,2026-01-02T13:25:00,56
LED004495,Cold Call,CUS0009723,,0611219941,lopezmary@example.net,PRD-IN01,EMP00329,Disqualified,2025-04-15T19:52:00,13
LED004496,Cold Call,,อาฮามัด บุญบำรุง,0986058901,mary70@example.com,PRD-CC03,EMP00363,New,2026-02-20T15:39:00,100
LED004497,Cold Call,CUS0009050,,0614531705,armstrongmichele@example.com,PRD-WL01,EMP00205,Converted,2025-07-20T04:11:00,80
LED004498,Campaign,CUS0004137,,0649869196,zrobinson@example.com,PRD-LN02,EMP00141,Contacted,2025-11-06T04:46:00,0
LED004499,Partner,,พีรพัฒน์ นิษประปัญจ์,0895362835,donald49@example.com,PRD-WL01,EMP00267,Converted,2025-10-28T12:01:00,58
LED004500,Branch Walk-in,,มาซีเตาะ ดวงทับทิม,0622214874,ronaldreed@example.com,PRD-WL02,EMP00343,New,2026-03-21T20:56:00,72
LED004501,Web Form,CUS0000308,,0648370959,pjohnson@example.net,PRD-LN01,EMP00071,Converted,2025-07-09T21:15:00,90
LED004502,Referral,CUS0000298,,0883335827,david06@example.net,PRD-FD01,EMP00428,New,2026-04-26T14:16:00,14
LED004503,Referral,,พรรณปพร ดุริยพันธุ์,0921957043,joseph89@example.net,PRD-WL02,EMP00026,Qualified,2025-07-26T05:36:00,73
LED004504,Referral,CUS0001498,,0811044186,rsanchez@example.org,PRD-WL03,EMP00458,Disqualified,2025-02-12T20:50:00,72
LED004505,Campaign,,วิทูลย์ แต้กุล,0689533750,alfredwilliams@example.net,PRD-IN01,EMP00459,Converted,2026-04-09T14:09:00,68
LED004506,Web Form,,อรจิรา นาถะเดชะ,0957878727,selenamay@example.org,PRD-DG02,EMP00307,Converted,2025-11-20T14:14:00,25
LED004507,Partner,CUS0004171,,0818846472,ebrady@example.org,PRD-FD02,EMP00425,New,2026-05-01T10:50:00,65
LED004508,Cold Call,,อดิสรณ์ หอมพิกุล,0994458581,marybradford@example.org,PRD-WL02,EMP00062,Contacted,2026-01-03T15:54:00,30
LED004509,Referral,,ศศิธร ธนูปกรณ์,0963498344,tinacosta@example.net,PRD-WL01,EMP00095,Converted,2026-02-23T18:33:00,83
LED004510,Campaign,,ศุภาศิล นิยมสำหรวจ,0666303711,tiffanypetty@example.com,PRD-DC02,EMP00025,New,2026-03-17T11:37:00,11
LED004511,Cold Call,CUS0000311,,0919419002,knightann@example.net,PRD-WL04,EMP00182,New,2026-04-06T20:35:00,73
LED004512,Branch Walk-in,,คำปลิว ประจันตะเสน,0679122042,kenneth85@example.net,PRD-DC02,EMP00053,Contacted,2025-11-23T13:46:00,76
LED004513,Referral,,พิชญ์สินี ไตรบรรพ,0975768897,barrythomas@example.com,PRD-SAV01,EMP00204,Converted,2025-03-14T11:01:00,78
LED004514,Web Form,CUS0003758,,0980395612,ericaporter@example.com,PRD-LN03,EMP00067,Converted,2025-09-26T10:10:00,36
LED004515,Branch Walk-in,CUS0002725,,0645378623,mark45@example.org,PRD-DC02,EMP00478,Disqualified,2025-04-01T05:59:00,100
LED004516,Branch Walk-in,CUS0009184,,0923501040,lambkimberly@example.com,PRD-FD02,EMP00365,Converted,2025-12-07T12:39:00,26
LED004517,Partner,CUS0002510,,0878951202,dcharles@example.org,PRD-FD02,EMP00361,Qualified,2025-09-21T06:39:00,88
LED004518,Branch Walk-in,CUS0000986,,0624598358,jacqueline02@example.org,PRD-FD01,EMP00401,Qualified,2025-07-24T16:12:00,1
LED004519,Referral,CUS0005570,,0639713234,johnmurphy@example.net,PRD-WL02,EMP00023,New,2025-07-17T23:21:00,37
LED004520,Cold Call,CUS0003672,,0968952008,joshua99@example.net,PRD-DG01,EMP00469,Contacted,2025-02-18T18:22:00,91
LED004521,Branch Walk-in,CUS0006566,,0984773493,lewisgregory@example.net,PRD-DG01,EMP00395,Qualified,2025-11-25T15:00:00,94
LED004522,Referral,CUS0002380,,0829665764,michellewhite@example.com,PRD-DG02,EMP00496,New,2025-04-10T12:30:00,93
LED004523,Partner,CUS0003150,,0968569345,golson@example.net,PRD-CC04,EMP00414,Converted,2026-04-11T04:09:00,32
LED004524,Cold Call,CUS0007982,,0885519834,ychang@example.net,PRD-DG02,EMP00370,New,2025-02-10T17:46:00,61
LED004525,Referral,CUS0006313,,0981567695,ruizkylie@example.org,PRD-DC01,EMP00491,New,2025-05-30T03:43:00,86
LED004526,Campaign,CUS0007381,,0686367029,wtorres@example.com,PRD-SAV02,EMP00045,New,2026-02-24T23:17:00,61
LED004527,Partner,CUS0000573,,0982395434,qsalas@example.com,PRD-CC02,EMP00357,Disqualified,2025-05-10T14:39:00,37
LED004528,Web Form,CUS0006881,,0849442307,brobles@example.com,PRD-WL03,EMP00220,Qualified,2025-08-01T17:21:00,35
LED004529,Cold Call,CUS0002616,,0950265868,llopez@example.org,PRD-LN01,EMP00437,Disqualified,2025-09-26T07:39:00,42
LED004530,Partner,CUS0001386,,0942267283,qwyatt@example.net,PRD-DC02,EMP00297,Converted,2025-01-16T08:04:00,3
LED004531,Branch Walk-in,,จด ถนัดภาษา,0967578584,jill88@example.org,PRD-LN01,EMP00283,Qualified,2025-01-19T03:05:00,3
LED004532,Cold Call,,นัสรุน นาคสุทิน,0947293766,shaunsmith@example.org,PRD-WL02,EMP00325,Qualified,2025-04-20T15:13:00,38
LED004533,Referral,,จักรพันธ์ นามเสวตร,0639072687,timothybrowning@example.net,PRD-CC02,EMP00122,Disqualified,2026-04-10T15:05:00,31
LED004534,Web Form,CUS0007329,,0845667574,kcox@example.net,PRD-WL02,EMP00246,New,2025-05-29T07:20:00,40
LED004535,Cold Call,,วิพุธ ขุนดำ,0820527131,sara29@example.net,PRD-SAL01,EMP00338,Converted,2026-03-28T03:23:00,56
LED004536,Cold Call,CUS0009716,,0838069946,debra58@example.com,PRD-CC04,EMP00354,Qualified,2026-02-13T15:45:00,34
LED004537,Web Form,,ศศิยา นิยมสำหรวจ,0936738565,josephbrown@example.org,PRD-CC02,EMP00200,Qualified,2025-10-16T01:03:00,20
LED004538,Cold Call,,วัลยา แก้วชลคราม,0629228751,ybrown@example.org,PRD-IN01,EMP00225,Disqualified,2025-04-30T03:08:00,19
LED004539,Partner,CUS0000827,,0628116508,walvarado@example.com,PRD-WL02,EMP00321,Converted,2025-11-14T18:26:00,31
LED004540,Web Form,CUS0006238,,0930448224,kschmidt@example.com,PRD-SAL01,EMP00396,Disqualified,2025-10-29T19:15:00,89
LED004541,Branch Walk-in,,จักรพันธ์ เณรานุสนธิ์,0898383401,melissa96@example.com,PRD-SAV02,EMP00067,Converted,2025-04-15T15:58:00,59
LED004542,Referral,CUS0001774,,0859499490,igomez@example.net,PRD-FD01,EMP00469,New,2026-03-02T03:48:00,23
LED004543,Campaign,,สุธินันท์ พีระเพ็ญกุล,0645355720,zgallegos@example.com,PRD-IN02,EMP00110,Converted,2025-10-12T14:33:00,6
LED004544,Web Form,CUS0004399,,0910465092,rebeccapeterson@example.net,PRD-DC02,EMP00478,New,2026-04-08T09:19:00,88
LED004545,Cold Call,,ฐิติกุล ไตรบรรพ,0938389192,graychristopher@example.org,PRD-LN03,EMP00152,Disqualified,2026-02-04T12:59:00,20
LED004546,Campaign,CUS0007803,,0860515239,cynthia48@example.com,PRD-SAV02,EMP00001,Contacted,2025-09-28T00:53:00,21
LED004547,Partner,CUS0007517,,0956152170,zachary43@example.org,PRD-LN04,EMP00174,Qualified,2026-03-15T11:09:00,3
LED004548,Cold Call,CUS0009288,,0948129605,haroldmorgan@example.com,PRD-FD01,EMP00186,Qualified,2025-12-16T18:32:00,55
LED004549,Branch Walk-in,CUS0007277,,0693116934,glenn76@example.org,PRD-WL04,EMP00312,Contacted,2026-03-10T00:25:00,100
LED004550,Campaign,CUS0001508,,0922117537,cpowell@example.org,PRD-DC02,EMP00298,Qualified,2025-01-01T00:07:00,82
LED004551,Partner,,นพวรรณ นฤภัย,0864917078,newmanbrenda@example.com,PRD-CC02,EMP00202,Converted,2025-05-08T17:45:00,22
LED004552,Campaign,CUS0009176,,0936341387,adamschristopher@example.com,PRD-SAL01,EMP00015,Converted,2026-04-16T11:50:00,51
LED004553,Web Form,,กุลเชษฐ บุนยะศัพท์,0986120333,thompsonwilliam@example.org,PRD-LN03,EMP00470,Contacted,2025-05-22T14:52:00,67
LED004554,Referral,CUS0006413,,0967552628,taylorroger@example.com,PRD-SAV01,EMP00188,Contacted,2025-03-29T18:55:00,2
LED004555,Web Form,,อลิษา นกทอง,0678631688,mariojohnson@example.com,PRD-DG02,EMP00365,Contacted,2025-08-31T20:25:00,28
LED004556,Partner,CUS0004124,,0683198210,shepherddustin@example.net,PRD-IN01,EMP00355,Contacted,2025-02-20T09:19:00,51
LED004557,Partner,,จิราภรณ์ ไทนิยม,0983255395,lclark@example.com,PRD-DC02,EMP00259,Contacted,2026-01-30T16:34:00,2
LED004558,Referral,,นราวรรณ ทองแท้,0846752140,zsilva@example.org,PRD-CC04,EMP00115,Contacted,2025-02-19T22:22:00,17
LED004559,Branch Walk-in,CUS0008639,,0946370207,richard02@example.org,PRD-WL04,EMP00410,Contacted,2025-03-19T12:52:00,67
LED004560,Partner,,นิติ ตั้งเผ่า,0631085935,ugoodman@example.net,PRD-CC04,EMP00140,New,2026-03-03T20:20:00,52
LED004561,Branch Walk-in,CUS0007529,,0982438195,sara42@example.com,PRD-CC01,EMP00054,New,2026-04-05T02:22:00,45
LED004562,Branch Walk-in,,ศิริเกศ ดิสกะประกาย,0673691960,john90@example.net,PRD-FD03,EMP00088,Qualified,2025-04-08T00:13:00,22
LED004563,Web Form,CUS0004746,,0995583258,dpark@example.com,PRD-IN02,EMP00014,Contacted,2025-03-05T00:37:00,23
LED004564,Referral,,ศรายุธ ถนอมพล,0862202164,meghan49@example.com,PRD-FD03,EMP00274,Converted,2025-10-07T23:06:00,20
LED004565,Cold Call,CUS0000648,,0958845870,cowanelizabeth@example.com,PRD-SAV01,EMP00004,Contacted,2026-03-11T01:44:00,79
LED004566,Referral,CUS0009276,,0619483798,longmary@example.org,PRD-LN02,EMP00018,New,2025-07-20T22:08:00,59
LED004567,Branch Walk-in,CUS0008535,,0921805210,gonzalezmiranda@example.net,PRD-LN04,EMP00024,Contacted,2025-03-31T09:01:00,38
LED004568,Branch Walk-in,CUS0004110,,0616272629,scottsingleton@example.org,PRD-SAL01,EMP00199,New,2025-04-14T15:03:00,4
LED004569,Referral,,มนัญชยา ถนัดการเขียน,0943125682,rcastillo@example.org,PRD-DC02,EMP00004,New,2025-09-05T22:47:00,5
LED004570,Referral,CUS0007849,,0980876242,mariaklein@example.com,PRD-WL04,EMP00227,Qualified,2025-01-07T03:11:00,4
LED004571,Branch Walk-in,CUS0007443,,0849255884,davisbobby@example.net,PRD-CC01,EMP00299,Disqualified,2025-05-22T04:34:00,0
LED004572,Cold Call,CUS0007217,,0623269290,andrewjones@example.net,PRD-WL02,EMP00075,Converted,2025-04-19T21:02:00,15
LED004573,Cold Call,CUS0007594,,0664641250,xlarsen@example.net,PRD-CC04,EMP00151,Converted,2025-05-11T15:07:00,34
LED004574,Web Form,CUS0003406,,0611254465,aguilarbenjamin@example.net,PRD-WL01,EMP00263,New,2025-08-28T18:55:00,71
LED004575,Branch Walk-in,CUS0009103,,0650879600,morrisonmeghan@example.com,PRD-WL03,EMP00332,Converted,2026-04-18T12:46:00,62
LED004576,Web Form,CUS0002439,,0958439789,rodney90@example.com,PRD-CUR01,EMP00172,Disqualified,2025-11-11T01:44:00,99
LED004577,Cold Call,,อรรจน์ ตราชู,0622300680,matthewhall@example.net,PRD-CC04,EMP00216,Contacted,2025-03-01T00:47:00,1
LED004578,Cold Call,,มาซีเตาะ ตั้งกุลงาม,0891105580,smithbradley@example.com,PRD-CUR01,EMP00182,Converted,2025-07-25T15:02:00,91
LED004579,Branch Walk-in,,สุพนธ์ ปรีชากุลเศรษฐ์,0868673992,cameron58@example.net,PRD-DG02,EMP00023,New,2025-04-19T05:16:00,91
LED004580,Web Form,CUS0004814,,0849015679,mcdonaldchristina@example.net,PRD-IN02,EMP00012,Disqualified,2025-02-28T06:15:00,3
LED004581,Referral,CUS0006113,,0925252678,james76@example.com,PRD-CC03,EMP00008,Converted,2025-09-12T08:59:00,0
LED004582,Campaign,CUS0007647,,0978031998,ereynolds@example.org,PRD-IN02,EMP00299,New,2025-04-07T17:44:00,92
LED004583,Cold Call,,อัญพัชร์ ดวงทับทิม,0861634032,rboyd@example.org,PRD-CC02,EMP00221,Disqualified,2025-06-13T19:51:00,89
LED004584,Referral,CUS0003072,,0810517094,tyler70@example.com,PRD-CUR01,EMP00067,Disqualified,2026-04-30T11:01:00,86
LED004585,Web Form,CUS0005493,,0662672578,estesgreg@example.net,PRD-CC04,EMP00372,Qualified,2025-01-17T16:28:00,26
LED004586,Cold Call,,จำรัส ฉัพพรรณธนกูร,0978896635,lisaboyer@example.org,PRD-SAV01,EMP00234,Contacted,2025-06-03T21:04:00,45
LED004587,Web Form,CUS0000301,,0894166924,richardsonkimberly@example.com,PRD-DC02,EMP00478,Contacted,2025-07-09T05:53:00,3
LED004588,Partner,,ชัชเวศย์ ตั้งเผ่า,0825045339,christopher11@example.com,PRD-LN01,EMP00026,New,2025-08-19T10:56:00,73
LED004589,Campaign,,กิติวัฒน์ เยาวธนโชค,0936040135,ggarcia@example.com,PRD-CC02,EMP00288,New,2025-06-09T08:57:00,63
LED004590,Cold Call,,จริยฉัตร นุชแนวนุ่ม,0653750192,stevenbuchanan@example.net,PRD-SAL01,EMP00259,Contacted,2025-08-03T07:19:00,80
LED004591,Partner,CUS0003995,,0618597811,anthony45@example.org,PRD-IN01,EMP00317,Converted,2025-09-27T02:33:00,12
LED004592,Referral,CUS0006856,,0637109086,katherinesmith@example.com,PRD-SAV02,EMP00450,Qualified,2025-12-23T01:30:00,73
LED004593,Referral,,ธีริสรา งามพิเชษฐ์,0882474863,robin90@example.org,PRD-CC02,EMP00385,Contacted,2025-04-01T15:42:00,0
LED004594,Web Form,CUS0001336,,0924116661,johnstoncharles@example.com,PRD-DG01,EMP00369,Contacted,2025-06-20T22:31:00,33
LED004595,Partner,,ณปภัช แท่นทอง,0825404162,gmitchell@example.org,PRD-WL03,EMP00296,Disqualified,2025-01-31T20:56:00,41
LED004596,Referral,CUS0006765,,0687725178,bnielsen@example.org,PRD-WL03,EMP00371,Qualified,2025-05-22T04:40:00,3
LED004597,Cold Call,,หรรษธร ศรีธนะเวทย์,0980120160,hbenitez@example.org,PRD-CC04,EMP00217,Converted,2026-02-14T04:17:00,39
LED004598,Referral,CUS0001138,,0627900554,matthewvega@example.net,PRD-DG02,EMP00151,Contacted,2025-06-26T13:27:00,77
LED004599,Campaign,,เขมจิรา เตชะกำพุ,0825075762,walkeramanda@example.org,PRD-WL04,EMP00234,Converted,2025-04-27T00:32:00,97
LED004600,Referral,,กวีฉัฏฐ ทับทิมไทย,0899486299,anthonywhite@example.com,PRD-DC01,EMP00309,Qualified,2025-01-12T05:37:00,87
LED004601,Web Form,CUS0006382,,0655331431,smithjasmine@example.org,PRD-WL02,EMP00018,New,2025-07-31T07:19:00,12
LED004602,Branch Walk-in,CUS0004277,,0950831169,wsingh@example.com,PRD-WL04,EMP00060,New,2025-12-04T12:01:00,33
LED004603,Partner,CUS0004731,,0875687903,edwardbauer@example.org,PRD-FD01,EMP00468,Qualified,2026-03-30T09:40:00,91
LED004604,Branch Walk-in,CUS0003977,,0898207080,jackjohnson@example.com,PRD-WL04,EMP00148,Disqualified,2025-12-10T13:47:00,16
LED004605,Cold Call,,อนุวัช ธีวร,0634858402,croberson@example.com,PRD-WL01,EMP00169,Contacted,2026-01-01T22:22:00,18
LED004606,Referral,,ณัฐจศักดิ์ พีระเพ็ญกุล,0698092965,james66@example.net,PRD-LN03,EMP00042,Qualified,2025-09-17T13:32:00,47
LED004607,Cold Call,CUS0002048,,0920994698,michaelclark@example.org,PRD-DG01,EMP00031,Qualified,2025-09-17T09:35:00,88
LED004608,Web Form,CUS0007842,,0832249961,gregory02@example.org,PRD-LN03,EMP00098,Qualified,2025-08-02T19:14:00,56
LED004609,Referral,,กิติวัฒน์ แก้วชลคราม,0941002696,brittany62@example.net,PRD-DG02,EMP00088,New,2025-06-15T23:28:00,19
LED004610,Partner,CUS0006471,,0857089258,josephjohnston@example.org,PRD-DC02,EMP00275,Disqualified,2025-03-26T08:16:00,67
LED004611,Branch Walk-in,,วรินทธิ์ธร นิระหานี,0950125440,joseph72@example.org,PRD-DG02,EMP00021,Disqualified,2025-02-06T20:33:00,79
LED004612,Cold Call,CUS0005833,,0899603141,samanthataylor@example.org,PRD-FD01,EMP00478,Qualified,2025-06-09T05:47:00,69
LED004613,Referral,,รมิตา หนักแน่น,0633065064,amorgan@example.com,PRD-DC01,EMP00009,Qualified,2026-03-16T11:31:00,82
LED004614,Cold Call,CUS0009754,,0863894056,jody99@example.com,PRD-SAV01,EMP00384,Qualified,2025-07-30T18:27:00,67
LED004615,Web Form,,ภานุวัตร ผลบุญ,0993826218,tammy12@example.net,PRD-DC02,EMP00046,New,2025-02-02T04:01:00,87
LED004616,Campaign,CUS0004584,,0842042536,kdodson@example.com,PRD-IN02,EMP00071,Contacted,2025-02-14T09:04:00,75
LED004617,Cold Call,,นิรันดร์ เดชคุ้ม,0984925462,edwardkelley@example.org,PRD-LN04,EMP00356,New,2026-04-06T03:07:00,95
LED004618,Campaign,CUS0007608,,0871482078,bbrown@example.org,PRD-SAV01,EMP00031,Converted,2025-04-04T23:49:00,57
LED004619,Campaign,CUS0003519,,0993311827,allisonedwards@example.com,PRD-FD01,EMP00449,Converted,2025-03-20T09:10:00,92
LED004620,Web Form,,พรชนก ดิสกะประกาย,0915506383,cynthialozano@example.net,PRD-IN02,EMP00430,Contacted,2026-04-18T07:12:00,85
LED004621,Campaign,,ปัณณธร นิลสุวรรณ์,0651627703,moralestimothy@example.org,PRD-CC02,EMP00482,Disqualified,2025-09-27T12:44:00,34
LED004622,Campaign,CUS0004585,,0617997538,paulagibbs@example.com,PRD-WL02,EMP00464,Contacted,2025-07-29T17:41:00,74
LED004623,Cold Call,,พีระพงศ์พันธ์ เลิศกิ่ง,0698115048,murphytami@example.net,PRD-LN03,EMP00481,Contacted,2025-11-05T04:10:00,77
LED004624,Partner,,รภัสพงษ์ กุมารบุญ,0820264229,kingcourtney@example.org,PRD-CC03,EMP00053,Converted,2025-06-19T21:20:00,34
LED004625,Cold Call,CUS0000881,,0617794483,frobinson@example.com,PRD-CC02,EMP00295,Qualified,2025-12-05T19:28:00,62
LED004626,Cold Call,,นภนต์ วาทา,0854837919,susansteele@example.net,PRD-CUR01,EMP00328,Converted,2025-10-24T10:14:00,36
LED004627,Referral,CUS0000075,,0865510644,alan75@example.net,PRD-CC04,EMP00335,Qualified,2025-04-02T11:06:00,3
LED004628,Campaign,CUS0003854,,0839075363,david16@example.net,PRD-LN03,EMP00424,Qualified,2025-03-10T15:57:00,94
LED004629,Campaign,CUS0001488,,0845634730,josehudson@example.net,PRD-SAV02,EMP00090,New,2026-02-19T11:05:00,99
LED004630,Branch Walk-in,CUS0003264,,0917275494,lawrencebutler@example.net,PRD-WL04,EMP00201,Qualified,2025-09-16T23:18:00,42
LED004631,Branch Walk-in,CUS0007526,,0927690326,williamsdebra@example.net,PRD-WL03,EMP00396,Disqualified,2025-09-17T21:25:00,92
LED004632,Branch Walk-in,CUS0005569,,0639481888,erikamack@example.com,PRD-LN02,EMP00292,Disqualified,2025-09-18T23:15:00,84
LED004633,Partner,,คำ เช้าวันดี,0929144352,ymurphy@example.net,PRD-LN04,EMP00105,Contacted,2025-06-13T21:41:00,57
LED004634,Partner,,เอนกพงศ์ แถมธน,0894950403,myersdeborah@example.net,PRD-SAV02,EMP00052,Contacted,2025-04-12T07:32:00,2
LED004635,Cold Call,CUS0009773,,0942635318,opowers@example.com,PRD-LN03,EMP00086,Converted,2025-10-01T00:52:00,55
LED004636,Partner,,เถลิงยศ ดิสกะประกาย,0822238353,hjoseph@example.com,PRD-LN01,EMP00427,New,2025-07-03T04:22:00,6
LED004637,Cold Call,CUS0001063,,0656956633,lowerymax@example.com,PRD-FD02,EMP00499,Converted,2025-11-09T08:13:00,66
LED004638,Campaign,,มนรัตน์ เณรานุสนธิ์,0916793014,randall04@example.org,PRD-IN02,EMP00169,Qualified,2025-10-13T13:42:00,0
LED004639,Branch Walk-in,,ประไพพักตร์ ถนัดพิมพการ,0651587387,scox@example.org,PRD-DC02,EMP00075,New,2026-03-17T20:56:00,62
LED004640,Campaign,,ปาริตา นิยมเซียม,0896700830,angela06@example.org,PRD-WL04,EMP00244,Contacted,2025-11-05T18:08:00,25
LED004641,Cold Call,CUS0002427,,0885073772,cristian47@example.org,PRD-IN02,EMP00022,Qualified,2025-12-15T23:43:00,4
LED004642,Campaign,CUS0009770,,0814136292,hmiller@example.org,PRD-FD01,EMP00146,Qualified,2026-03-06T04:13:00,33
LED004643,Partner,,นิติ ฉิมพาลี,0630078625,crossjames@example.net,PRD-DG02,EMP00202,Contacted,2025-11-10T08:43:00,93
LED004644,Partner,,รวิวาน เนตร์มณี,0642054241,caleb86@example.com,PRD-LN03,EMP00216,Disqualified,2025-10-15T04:08:00,93
LED004645,Web Form,CUS0001685,,0672807711,lori60@example.net,PRD-SAV01,EMP00451,Qualified,2025-11-26T04:09:00,64
LED004646,Partner,,อริสรา เช้าวันดี,0930721272,schroedermargaret@example.org,PRD-WL04,EMP00366,Disqualified,2025-12-01T02:55:00,64
LED004647,Cold Call,CUS0004908,,0849151966,medinaholly@example.net,PRD-LN01,EMP00322,Converted,2025-09-07T19:00:00,86
LED004648,Campaign,,อาแอเสาะ ธรรมทินนา,0665325424,jacob63@example.org,PRD-CUR01,EMP00496,Qualified,2025-05-21T12:47:00,3
LED004649,Web Form,CUS0000803,,0989717825,wadams@example.net,PRD-FD02,EMP00134,Contacted,2025-03-17T01:18:00,86
LED004650,Partner,,วาร์มูฮำหมัด ไทไชโย,0815761892,jodismith@example.org,PRD-WL02,EMP00456,New,2025-02-08T10:50:00,5
LED004651,Web Form,CUS0006564,,0924749937,irice@example.com,PRD-IN01,EMP00269,Converted,2025-09-01T20:52:00,1
LED004652,Referral,,ศรายุธ บินดี,0887068035,connie93@example.net,PRD-IN02,EMP00431,Converted,2026-01-28T01:49:00,95
LED004653,Cold Call,CUS0002367,,0865031657,summerferguson@example.org,PRD-CUR01,EMP00347,Contacted,2025-01-18T15:36:00,33
LED004654,Branch Walk-in,CUS0004610,,0670454598,colleenrichmond@example.org,PRD-CC04,EMP00395,Contacted,2025-03-22T23:55:00,98
LED004655,Referral,,นิมุ ถนัดรบ,0996379665,pgardner@example.net,PRD-WL02,EMP00430,Disqualified,2026-03-13T21:29:00,96
LED004656,Referral,CUS0006625,,0686130842,colemanedward@example.org,PRD-FD01,EMP00250,New,2025-04-17T20:05:00,68
LED004657,Partner,,ธัชญา ถนัดภาษา,0667076569,christine82@example.org,PRD-FD03,EMP00459,New,2025-09-04T05:21:00,88
LED004658,Web Form,,ธาเอก วุฑฒยากร,0647055522,rgonzales@example.net,PRD-SAV01,EMP00093,Converted,2026-03-13T18:45:00,30
LED004659,Branch Walk-in,CUS0002738,,0810902984,mitchellnicholas@example.net,PRD-DG01,EMP00233,New,2025-07-24T11:10:00,52
LED004660,Branch Walk-in,CUS0009333,,0638968858,haroldwhite@example.net,PRD-IN02,EMP00021,Converted,2025-02-01T14:09:00,7
LED004661,Campaign,CUS0006536,,0870756102,combsjames@example.com,PRD-CC02,EMP00183,Contacted,2026-02-03T03:01:00,28
LED004662,Cold Call,CUS0000074,,0936010012,brian83@example.net,PRD-WL02,EMP00372,Qualified,2025-08-12T02:15:00,93
LED004663,Referral,CUS0003700,,0867665805,billycooper@example.com,PRD-CC01,EMP00366,Converted,2025-06-28T17:51:00,67
LED004664,Partner,,วรนาฎ ทองสีไพล,0873273245,russelltonya@example.org,PRD-CC02,EMP00163,Converted,2026-04-24T21:56:00,19
LED004665,Partner,CUS0009324,,0959894942,hcox@example.org,PRD-LN02,EMP00478,Converted,2026-02-10T23:24:00,92
LED004666,Referral,CUS0009012,,0988809700,christinastewart@example.org,PRD-IN01,EMP00483,Qualified,2025-08-08T08:27:00,54
LED004667,Cold Call,CUS0004684,,0969306695,victoriahuffman@example.net,PRD-DC02,EMP00127,Converted,2025-02-12T09:44:00,11
LED004668,Referral,CUS0009107,,0986273226,vanessa30@example.net,PRD-DG02,EMP00410,New,2025-08-15T01:25:00,87
LED004669,Referral,CUS0007734,,0890390403,jared16@example.net,PRD-IN01,EMP00413,Contacted,2026-01-20T12:04:00,39
LED004670,Campaign,CUS0002083,,0977823516,ngreen@example.com,PRD-WL03,EMP00454,Qualified,2025-06-23T02:16:00,55
LED004671,Campaign,CUS0005954,,0680462543,derekrice@example.org,PRD-IN02,EMP00154,New,2025-08-23T05:52:00,77
LED004672,Partner,CUS0003541,,0996666381,ibrown@example.com,PRD-DG02,EMP00076,Disqualified,2026-04-30T22:39:00,85
LED004673,Web Form,CUS0003835,,0871723218,ndavis@example.com,PRD-FD01,EMP00380,Qualified,2025-05-11T06:12:00,45
LED004674,Web Form,,คณภรณ์ ทองปากน้ำ,0924181905,ymosley@example.net,PRD-FD02,EMP00273,Converted,2025-05-11T04:56:00,68
LED004675,Referral,CUS0003125,,0642024047,james09@example.net,PRD-LN03,EMP00148,Disqualified,2025-11-17T01:33:00,95
LED004676,Partner,CUS0006528,,0683534225,michael31@example.com,PRD-LN02,EMP00452,New,2025-03-27T11:41:00,91
LED004677,Partner,CUS0009811,,0639864553,spencerstephanie@example.net,PRD-LN03,EMP00128,Disqualified,2025-04-23T14:03:00,30
LED004678,Cold Call,CUS0005361,,0874964628,rebeccafoster@example.org,PRD-LN02,EMP00117,Contacted,2025-05-20T20:26:00,55
LED004679,Web Form,,รอกีเย๊าะ นิยมสำหรวจ,0861655101,khart@example.com,PRD-WL03,EMP00238,Qualified,2025-07-03T23:32:00,5
LED004680,Cold Call,,ศรีสวัสดิ์ เยาวธนโชค,0828072485,danielsharon@example.com,PRD-IN02,EMP00244,New,2025-03-02T15:15:00,48
LED004681,Cold Call,CUS0001785,,0920017223,dixonkimberly@example.net,PRD-LN01,EMP00283,Disqualified,2025-07-08T04:34:00,99
LED004682,Referral,CUS0004742,,0813428812,brianfisher@example.com,PRD-CC01,EMP00015,New,2026-01-03T13:03:00,92
LED004683,Cold Call,,ศศิยา บุตราช,0645965509,aprillong@example.com,PRD-CC02,EMP00399,Disqualified,2025-03-22T22:22:00,27
LED004684,Branch Walk-in,CUS0004266,,0680458286,carl86@example.com,PRD-LN03,EMP00012,Contacted,2026-04-23T02:51:00,86
LED004685,Campaign,CUS0001336,,0960983432,dianegarcia@example.org,PRD-SAL01,EMP00418,New,2025-09-22T21:21:00,68
LED004686,Cold Call,,เชิงชาย ถนอมพลกรัง,0968339062,obush@example.net,PRD-CC02,EMP00367,Disqualified,2025-01-30T06:10:00,83
LED004687,Web Form,,ปัณณธร ทวนไชย์,0698737397,bridgescassie@example.net,PRD-LN01,EMP00306,Qualified,2025-07-13T09:10:00,18
LED004688,Partner,,สันชัย ถาวระวรณ์,0623866533,emathis@example.net,PRD-IN01,EMP00065,New,2025-10-03T22:18:00,22
LED004689,Partner,CUS0004603,,0613081792,adam75@example.com,PRD-LN04,EMP00481,Contacted,2025-07-25T10:47:00,83
LED004690,Branch Walk-in,CUS0004708,,0844832011,perryshannon@example.com,PRD-WL01,EMP00338,Converted,2025-04-02T06:46:00,21
LED004691,Cold Call,,มารุด ทับทิมไทย,0848150976,qjames@example.org,PRD-FD02,EMP00141,Qualified,2025-03-09T10:46:00,23
LED004692,Referral,,อิสรันดร์ พรสีมา,0622897044,brenthansen@example.com,PRD-LN01,EMP00469,New,2026-03-06T16:59:00,3
LED004693,Branch Walk-in,,ธัชญา ศรีเผด็จ,0691326351,pricewilliam@example.org,PRD-DC02,EMP00326,New,2025-07-19T01:24:00,10
LED004694,Cold Call,CUS0008100,,0921400067,kristinhendricks@example.net,PRD-LN04,EMP00067,New,2025-04-23T18:20:00,44
LED004695,Web Form,,ภัทรนาฎ นาถะเดชะ,0820071073,ronniebarnes@example.com,PRD-CC01,EMP00376,Qualified,2025-06-30T09:15:00,3
LED004696,Referral,CUS0009256,,0835450261,gabriellethomas@example.org,PRD-WL01,EMP00150,New,2025-08-23T03:23:00,28
LED004697,Partner,,วัลยา นิละทัต,0995067677,scottmiller@example.org,PRD-CUR01,EMP00492,Qualified,2026-04-29T06:19:00,60
LED004698,Branch Walk-in,,พิไลพร เยาวธนโชค,0655427793,taylor34@example.org,PRD-CC01,EMP00480,Contacted,2026-03-18T16:26:00,97
LED004699,Partner,CUS0000946,,0849150383,vbrewer@example.org,PRD-CC04,EMP00182,Converted,2025-02-14T02:11:00,25
LED004700,Cold Call,CUS0002062,,0822358357,stacy45@example.org,PRD-CC01,EMP00028,Disqualified,2025-04-03T13:37:00,8
LED004701,Referral,,ธีร์ธวันาย จันอ้น,0996265529,scott91@example.net,PRD-LN04,EMP00460,Contacted,2026-03-19T11:53:00,0
LED004702,Campaign,,ยศพนต์ ถมปัด,0910779405,xholmes@example.org,PRD-CC02,EMP00139,Disqualified,2025-08-22T22:44:00,63
LED004703,Cold Call,CUS0008146,,0634174284,tylerwilliams@example.org,PRD-FD02,EMP00015,Contacted,2025-06-16T05:14:00,78
LED004704,Partner,CUS0002162,,0677172481,obarnett@example.net,PRD-CC01,EMP00498,New,2025-12-04T21:42:00,12
LED004705,Cold Call,CUS0001974,,0938197450,saracase@example.com,PRD-CC03,EMP00019,New,2026-05-01T02:33:00,32
LED004706,Branch Walk-in,,คมคาย โพธิสัตย์,0979791827,aspencer@example.net,PRD-CC04,EMP00422,Contacted,2025-03-04T19:23:00,49
LED004707,Partner,,ไวพจน์ แถมธน,0852096210,john04@example.org,PRD-CC01,EMP00432,Converted,2025-03-24T07:00:00,26
LED004708,Cold Call,,เกียรติศักดิ์ เลิศกิ่ง,0991719364,hodgekevin@example.com,PRD-SAV02,EMP00357,Qualified,2026-04-13T06:18:00,71
LED004709,Branch Walk-in,CUS0003596,,0688481037,jeremyford@example.org,PRD-LN04,EMP00315,Disqualified,2025-10-18T03:49:00,86
LED004710,Campaign,,อัญชัญ นิยมเซียม,0659463707,richardsanna@example.net,PRD-LN03,EMP00425,New,2026-03-27T01:00:00,27
LED004711,Web Form,CUS0001031,,0810200454,meyerjesse@example.org,PRD-DG02,EMP00452,Converted,2025-10-23T17:03:00,32
LED004712,Branch Walk-in,CUS0000043,,0655623393,michael96@example.com,PRD-FD03,EMP00364,Disqualified,2025-03-16T19:05:00,55
LED004713,Web Form,CUS0006786,,0620407445,hendersonronald@example.org,PRD-WL04,EMP00472,Qualified,2026-01-10T01:22:00,84
LED004714,Referral,CUS0003490,,0912538882,wsimmons@example.com,PRD-WL01,EMP00419,Disqualified,2025-12-05T18:16:00,59
LED004715,Referral,CUS0004329,,0648254809,iriddle@example.net,PRD-CC03,EMP00028,Qualified,2026-01-04T04:42:00,80
LED004716,Partner,,อัญธิกา ธรรมเมธา,0622116617,jamie80@example.org,PRD-WL01,EMP00182,Disqualified,2026-01-23T08:20:00,73
LED004717,Branch Walk-in,CUS0002183,,0986078592,nicholascook@example.net,PRD-DG02,EMP00415,New,2025-11-19T07:43:00,55
LED004718,Web Form,,ธัญญามาศ อัตตนาถ,0620395804,matthewhoffman@example.net,PRD-IN02,EMP00443,Converted,2025-09-23T03:43:00,47
LED004719,Cold Call,CUS0008915,,0856963673,qnelson@example.org,PRD-LN04,EMP00365,Qualified,2025-09-26T13:23:00,89
LED004720,Referral,CUS0007827,,0848600127,uwilliams@example.org,PRD-LN01,EMP00119,Contacted,2026-01-25T16:53:00,15
LED004721,Web Form,,อาฮามัด นวลฉวี,0961204514,ryanshepard@example.net,PRD-WL04,EMP00129,Contacted,2025-10-07T15:12:00,64
LED004722,Branch Walk-in,CUS0003582,,0692002287,david54@example.org,PRD-FD03,EMP00045,Converted,2025-09-08T04:58:00,79
LED004723,Cold Call,,บุญพา บุญส่ง,0619518253,charlesbrown@example.net,PRD-IN01,EMP00430,Converted,2026-04-08T08:19:00,72
LED004724,Partner,CUS0004244,,0898168905,gibbslynn@example.com,PRD-LN02,EMP00164,Contacted,2025-04-15T20:09:00,98
LED004725,Web Form,CUS0000535,,0831318261,dawsonkaren@example.net,PRD-CC01,EMP00072,Disqualified,2026-02-07T15:00:00,17
LED004726,Branch Walk-in,,สุรธัช มิ่งขวัญ,0661475663,barryabbott@example.org,PRD-LN03,EMP00182,Contacted,2025-03-19T13:57:00,8
LED004727,Web Form,CUS0004415,,0662070032,jferguson@example.com,PRD-DG01,EMP00186,New,2025-11-20T18:16:00,63
LED004728,Partner,,สมหมาย ศรทอง,0817892127,gregoryramirez@example.com,PRD-WL01,EMP00373,Converted,2025-09-27T07:12:00,69
LED004729,Cold Call,CUS0000310,,0874994842,rogerjones@example.com,PRD-IN02,EMP00034,New,2025-09-21T12:08:00,34
LED004730,Referral,,พศร เพียยา,0965357007,julie58@example.com,PRD-CUR01,EMP00275,Qualified,2025-08-07T01:01:00,45
LED004731,Partner,CUS0008267,,0672303882,rharper@example.net,PRD-LN04,EMP00438,Qualified,2025-03-08T22:42:00,32
LED004732,Campaign,CUS0003487,,0970882879,hendersondouglas@example.com,PRD-FD02,EMP00409,Contacted,2025-06-24T02:29:00,76
LED004733,Partner,,ไมล์ ศรีวงค์,0947427108,kenneth70@example.org,PRD-IN02,EMP00288,New,2025-04-13T06:56:00,64
LED004734,Cold Call,CUS0006551,,0867439143,ashleycarrillo@example.net,PRD-WL01,EMP00485,Converted,2025-04-29T03:10:00,7
LED004735,Campaign,CUS0004577,,0873962864,claytonthomas@example.org,PRD-FD03,EMP00430,New,2025-08-13T10:31:00,60
LED004736,Campaign,,จรรยพร วิลาสินี,0650457844,meganmcdaniel@example.net,PRD-FD01,EMP00435,Disqualified,2025-10-19T21:47:00,26
LED004737,Partner,CUS0000705,,0913791506,cgonzalez@example.com,PRD-SAV01,EMP00216,Qualified,2026-03-02T09:06:00,98
LED004738,Web Form,CUS0007771,,0659871787,ureed@example.net,PRD-CC04,EMP00113,New,2025-12-10T18:36:00,64
LED004739,Partner,,นันทิกานต์ น้ำทิพย์,0920057742,brooksmichael@example.net,PRD-SAV02,EMP00321,Converted,2026-05-01T14:14:00,58
LED004740,Branch Walk-in,CUS0005078,,0628528143,canderson@example.org,PRD-DC02,EMP00344,Converted,2025-07-09T21:07:00,70
LED004741,Web Form,,ถนอมชัย ตระกูลบุญ,0931343855,mnguyen@example.net,PRD-LN04,EMP00424,New,2025-09-24T16:45:00,46
LED004742,Campaign,,เขมจิรา ตั้งรบ,0645834230,vnguyen@example.org,PRD-CUR01,EMP00418,New,2025-08-15T14:15:00,32
LED004743,Branch Walk-in,CUS0004249,,0947572661,michaelpittman@example.org,PRD-LN03,EMP00238,Qualified,2025-12-13T06:40:00,42
LED004744,Branch Walk-in,CUS0004588,,0946134011,kscott@example.org,PRD-CC02,EMP00137,New,2025-10-07T18:21:00,16
LED004745,Web Form,,พีรพัฒน์ นิยมสำหรวจ,0635135978,barrettjoshua@example.com,PRD-LN02,EMP00129,Converted,2026-03-02T15:50:00,20
LED004746,Campaign,,บุญนพ นาฏคายี,0958115796,tweiss@example.net,PRD-DC02,EMP00366,Disqualified,2025-06-24T21:36:00,32
LED004747,Campaign,CUS0008977,,0995011136,james51@example.net,PRD-DC01,EMP00420,Disqualified,2025-10-29T05:24:00,63
LED004748,Partner,CUS0007114,,0679092871,rebeccawilcox@example.org,PRD-FD03,EMP00210,New,2025-09-06T14:37:00,12
LED004749,Campaign,CUS0001193,,0888552289,amber14@example.org,PRD-WL01,EMP00124,Contacted,2025-06-22T14:11:00,21
LED004750,Campaign,,สุรการณ์ ดำริห์ชอบ,0668736105,mark32@example.org,PRD-DG02,EMP00081,Converted,2026-01-12T11:44:00,4
LED004751,Branch Walk-in,,บุญญกัลป์ ดาตู,0672983928,john28@example.org,PRD-DC01,EMP00044,Qualified,2026-04-22T12:35:00,97
LED004752,Branch Walk-in,CUS0001538,,0882998194,elarson@example.net,PRD-WL03,EMP00446,Qualified,2025-03-08T16:45:00,42
LED004753,Campaign,,ธีรลักษณ์ ภูภักดี,0864608024,elizabethellis@example.com,PRD-WL03,EMP00177,Converted,2025-12-04T14:27:00,64
LED004754,Campaign,CUS0008545,,0835648415,jerry93@example.com,PRD-FD02,EMP00486,Qualified,2025-09-29T18:18:00,36
LED004755,Branch Walk-in,CUS0002707,,0818118978,franklinpaul@example.com,PRD-DG01,EMP00416,Qualified,2026-02-19T05:46:00,80
LED004756,Branch Walk-in,,คำ ไทยแท้,0839605791,debrasnyder@example.com,PRD-WL03,EMP00218,Converted,2026-03-07T06:09:00,33
LED004757,Web Form,,สิริรัตน์ นวลฉวี,0977837321,silvaerica@example.org,PRD-CC04,EMP00239,Converted,2025-02-19T15:58:00,15
LED004758,Campaign,CUS0001909,,0611451490,micheleroberson@example.com,PRD-SAV02,EMP00251,Converted,2025-03-13T16:33:00,89
LED004759,Web Form,,ฐิติวุฒิ มนทอง,0888705005,martinmelanie@example.org,PRD-SAV02,EMP00296,Qualified,2025-03-12T20:14:00,83
LED004760,Campaign,CUS0007895,,0626166161,zbrown@example.com,PRD-WL04,EMP00200,Qualified,2025-02-10T18:46:00,19
LED004761,Partner,CUS0005964,,0682006644,erinruiz@example.org,PRD-FD02,EMP00472,Qualified,2026-02-21T14:29:00,50
LED004762,Referral,CUS0000595,,0933938358,darin08@example.com,PRD-IN02,EMP00386,Disqualified,2026-04-11T19:20:00,84
LED004763,Campaign,CUS0001629,,0616067134,kennedydana@example.org,PRD-IN02,EMP00360,Disqualified,2025-08-27T08:41:00,61
LED004764,Partner,CUS0009549,,0638632775,brendatucker@example.com,PRD-CC04,EMP00094,Contacted,2026-01-20T20:07:00,29
LED004765,Partner,,ณัฐญาดา ซาซุม,0673324370,robinsonkristen@example.org,PRD-FD01,EMP00211,Qualified,2025-04-13T19:58:00,29
LED004766,Branch Walk-in,,ลักษมี ทองสีไพล,0841896347,allenlauren@example.org,PRD-CC01,EMP00157,Contacted,2026-01-23T23:46:00,12
LED004767,Campaign,CUS0008140,,0938862117,qcohen@example.org,PRD-SAL01,EMP00270,Converted,2026-03-28T16:08:00,26
LED004768,Web Form,,ภารวี กุมารบุญ,0651715551,ncruz@example.net,PRD-LN04,EMP00147,Qualified,2025-08-29T09:53:00,29
LED004769,Partner,,เจษฏาภรณ์ ธรรมสถิตไพศาล,0676336301,mturner@example.com,PRD-DG01,EMP00315,Disqualified,2026-04-15T23:33:00,86
LED004770,Branch Walk-in,CUS0006843,,0689720912,kenneth58@example.com,PRD-LN01,EMP00263,Converted,2026-03-31T09:46:00,38
LED004771,Campaign,CUS0003682,,0993187642,julia51@example.com,PRD-DC02,EMP00030,Converted,2025-04-30T10:25:00,41
LED004772,Branch Walk-in,,มนัส คณานุรักษ์,0630016068,jacksonbrandon@example.org,PRD-WL02,EMP00147,Disqualified,2025-11-06T07:06:00,95
LED004773,Campaign,,เนตรฤดี ถนอมพลกรัง,0631962773,eevans@example.com,PRD-CC02,EMP00361,New,2025-07-15T00:51:00,13
LED004774,Partner,CUS0000045,,0676478782,christophererickson@example.net,PRD-SAV02,EMP00058,New,2026-05-01T01:13:00,13
LED004775,Branch Walk-in,CUS0006430,,0655122690,emily10@example.org,PRD-CC03,EMP00210,Converted,2025-12-09T21:52:00,70
LED004776,Partner,CUS0009103,,0923870662,herreranicole@example.net,PRD-CC03,EMP00467,Converted,2026-01-30T13:23:00,41
LED004777,Branch Walk-in,CUS0006001,,0658637961,russelljones@example.com,PRD-CC01,EMP00164,Qualified,2026-01-30T20:30:00,6
LED004778,Branch Walk-in,CUS0007851,,0689829290,nmccarthy@example.net,PRD-WL03,EMP00457,Disqualified,2025-10-01T19:31:00,50
LED004779,Branch Walk-in,,บุญเทียน ฉิมพาลี,0895292807,monroekatherine@example.com,PRD-FD01,EMP00346,Converted,2025-01-20T12:09:00,38
LED004780,Branch Walk-in,,มนรัตน์ ถนัดอักษร,0683047231,salinasbreanna@example.com,PRD-DG02,EMP00047,New,2025-08-01T16:44:00,8
LED004781,Partner,CUS0008802,,0831129067,lawrencesmith@example.com,PRD-LN02,EMP00066,Qualified,2025-05-15T10:29:00,98
LED004782,Web Form,CUS0003286,,0939870856,jesse46@example.com,PRD-CC03,EMP00230,Disqualified,2025-02-15T00:03:00,72
LED004783,Branch Walk-in,CUS0001763,,0669778635,lanekevin@example.org,PRD-SAV02,EMP00491,Converted,2026-03-26T06:14:00,61
LED004784,Referral,CUS0009183,,0921299839,ybrady@example.org,PRD-DC02,EMP00325,Converted,2025-03-04T07:27:00,86
LED004785,Cold Call,,จักรกฤนาย ดาบเงิน,0619337282,vgregory@example.com,PRD-FD01,EMP00480,Qualified,2025-02-14T03:15:00,55
LED004786,Cold Call,,ณิชาภัทร ถนิมมาศ,0879179872,zhenry@example.net,PRD-WL04,EMP00074,Qualified,2025-09-08T22:45:00,77
LED004787,Campaign,CUS0001095,,0993951072,morgan11@example.com,PRD-FD03,EMP00166,New,2025-02-25T01:35:00,8
LED004788,Referral,,ทองรัตน์ บุตราช,0614078131,gortiz@example.org,PRD-CC01,EMP00185,New,2026-04-16T10:11:00,78
LED004789,Campaign,CUS0001616,,0698945791,rogerswilliam@example.net,PRD-DC02,EMP00286,Disqualified,2025-03-13T17:57:00,32
LED004790,Referral,CUS0005521,,0642042289,phughes@example.net,PRD-DC01,EMP00325,Converted,2025-07-17T01:48:00,13
LED004791,Referral,CUS0001766,,0860390087,manderson@example.org,PRD-LN02,EMP00009,Contacted,2025-08-13T09:25:00,68
LED004792,Web Form,,พิศพรรณ นาคะนคร,0978815132,kristinasawyer@example.org,PRD-DC02,EMP00094,Qualified,2026-04-24T02:08:00,16
LED004793,Campaign,,ฐิติวุฒิ หนุนสุข,0619411608,edwardsjacqueline@example.net,PRD-LN04,EMP00018,Contacted,2025-10-15T02:48:00,99
LED004794,Partner,CUS0004690,,0933524056,christina09@example.com,PRD-WL03,EMP00481,Disqualified,2025-09-30T01:05:00,74
LED004795,Web Form,CUS0002967,,0865105981,cory75@example.org,PRD-SAL01,EMP00417,New,2025-08-11T05:55:00,1
LED004796,Cold Call,CUS0002171,,0947757227,michaelwade@example.org,PRD-WL03,EMP00053,Converted,2025-12-02T10:11:00,75
LED004797,Partner,CUS0006429,,0677840209,browntroy@example.net,PRD-IN01,EMP00173,New,2025-02-02T07:24:00,62
LED004798,Referral,,จีรยุทธ บุนยาภิสนท์,0942938360,eric37@example.org,PRD-WL02,EMP00282,Qualified,2026-01-12T13:17:00,27
LED004799,Referral,CUS0001032,,0671546257,jeff04@example.net,PRD-DC01,EMP00341,Qualified,2025-05-30T06:07:00,88
LED004800,Referral,CUS0006081,,0849322340,mejiajames@example.org,PRD-WL02,EMP00209,Disqualified,2025-08-28T08:10:00,59
LED004801,Web Form,CUS0000706,,0927983884,johnsonwilliam@example.net,PRD-DG02,EMP00464,Contacted,2026-04-10T21:03:00,49
LED004802,Referral,CUS0009905,,0676638395,elizabeth99@example.org,PRD-IN02,EMP00224,Converted,2026-02-01T01:19:00,25
LED004803,Campaign,,นิภา สุวรรณหงษ์,0636003256,peckfaith@example.net,PRD-DC02,EMP00113,Disqualified,2025-02-28T20:09:00,55
LED004804,Partner,CUS0004749,,0867861106,beckermichael@example.org,PRD-SAV01,EMP00427,Converted,2026-02-24T06:01:00,79
LED004805,Referral,CUS0002664,,0823134272,russelllauren@example.net,PRD-FD01,EMP00008,Converted,2025-12-22T06:01:00,63
LED004806,Branch Walk-in,CUS0005970,,0884785810,cherrystephanie@example.com,PRD-WL01,EMP00247,Disqualified,2026-04-09T12:27:00,22
LED004807,Web Form,CUS0002362,,0878160722,rebeccacurtis@example.org,PRD-DC02,EMP00288,Contacted,2026-03-13T05:12:00,30
LED004808,Partner,CUS0009050,,0998246087,angelica85@example.net,PRD-WL04,EMP00288,Converted,2026-04-23T03:03:00,35
LED004809,Referral,,โรสชา ศิวะวรเวท,0996275607,michael40@example.com,PRD-IN01,EMP00202,New,2025-12-14T10:53:00,91
LED004810,Web Form,CUS0007790,,0835050149,reillyjay@example.com,PRD-DG02,EMP00454,Converted,2025-08-21T03:07:00,67
LED004811,Branch Walk-in,,นิชนันท์ ยาปะโลหิต,0677598857,janebaker@example.org,PRD-WL02,EMP00475,Qualified,2025-09-06T08:35:00,70
LED004812,Branch Walk-in,CUS0002563,,0828590939,renee77@example.org,PRD-CC04,EMP00240,Converted,2025-10-31T15:22:00,50
LED004813,Cold Call,CUS0004823,,0634336805,brian30@example.com,PRD-LN03,EMP00319,Converted,2025-09-21T09:10:00,99
LED004814,Campaign,CUS0008741,,0698887532,ystanton@example.org,PRD-SAV02,EMP00068,New,2025-10-29T20:12:00,92
LED004815,Web Form,CUS0008322,,0662493768,melissawong@example.com,PRD-SAV02,EMP00165,Converted,2025-05-03T12:07:00,66
LED004816,Referral,,เพ็ญพรรษา ถนัดการเขียน,0933721507,sarah38@example.net,PRD-CC01,EMP00305,New,2025-02-04T01:46:00,91
LED004817,Cold Call,CUS0003087,,0964686373,tiffanyjenkins@example.com,PRD-FD03,EMP00343,Qualified,2025-06-22T01:55:00,88
LED004818,Web Form,,ชัฎชา เณรานุสนธิ์,0828729669,mwalker@example.org,PRD-DG02,EMP00357,Disqualified,2026-04-22T00:41:00,16
LED004819,Referral,CUS0008755,,0964774610,gduarte@example.net,PRD-FD02,EMP00029,Disqualified,2025-01-31T16:44:00,32
LED004820,Branch Walk-in,,ณัฐติญา ทับทิมไทย,0628908211,schultzroberto@example.net,PRD-LN04,EMP00343,Converted,2025-03-09T22:51:00,10
LED004821,Referral,,วรรณนิสา ดำริห์ชอบ,0844767200,james30@example.net,PRD-WL01,EMP00011,Contacted,2025-02-11T05:15:00,10
LED004822,Web Form,,หรรษา ธรรมสถิตไพศาล,0688114776,allen85@example.org,PRD-SAV02,EMP00348,New,2025-12-07T15:25:00,5
LED004823,Referral,CUS0007353,,0971572013,collinclayton@example.com,PRD-LN01,EMP00008,Converted,2025-06-21T15:05:00,12
LED004824,Web Form,,สุทธิพจน์ ตันตราจิณ,0821194924,wbrown@example.net,PRD-IN01,EMP00185,Contacted,2025-10-29T13:24:00,39
LED004825,Branch Walk-in,,วิชชากร ขำเอนก,0673440709,landerson@example.com,PRD-CUR01,EMP00290,New,2025-07-01T01:22:00,87
LED004826,Partner,CUS0004521,,0996824961,adamwade@example.org,PRD-SAL01,EMP00330,Qualified,2025-06-21T05:41:00,100
LED004827,Cold Call,CUS0004360,,0666208549,kenneth51@example.net,PRD-FD02,EMP00161,Disqualified,2025-12-06T12:37:00,82
LED004828,Partner,,ธารา ทองแท้,0823787242,shull@example.com,PRD-CC04,EMP00093,Disqualified,2025-03-17T19:43:00,34
LED004829,Referral,,ฤทธิ์ชกร ยะผา,0617938840,davidandersen@example.com,PRD-FD02,EMP00460,Contacted,2025-07-24T23:21:00,12
LED004830,Referral,,ธีริสรา หิรัญสาลี,0868712216,josephbrown@example.org,PRD-LN04,EMP00041,Converted,2025-01-17T02:36:00,58
LED004831,Campaign,,บุญเทียน บุณยะภาชน์,0675285018,ssmith@example.net,PRD-DC01,EMP00007,New,2025-12-24T17:43:00,97
LED004832,Partner,,เอกวิทย์ ดาบเพ็ชร์,0839892065,anthony75@example.org,PRD-WL02,EMP00393,Qualified,2025-06-15T05:10:00,75
LED004833,Campaign,,เฉลิมพล ทับทิมไทย,0986375812,pfriedman@example.net,PRD-DG02,EMP00096,Converted,2025-11-30T05:48:00,89
LED004834,Branch Walk-in,CUS0003532,,0818682995,tamara42@example.net,PRD-DG02,EMP00046,Qualified,2026-01-26T04:44:00,8
LED004835,Referral,CUS0003992,,0851785390,devinlucas@example.net,PRD-LN02,EMP00363,Converted,2025-06-24T16:47:00,28
LED004836,Campaign,CUS0000143,,0814763446,qsingh@example.com,PRD-CC04,EMP00367,Disqualified,2025-09-04T22:49:00,16
LED004837,Campaign,CUS0003546,,0818197310,millerandrew@example.com,PRD-CC01,EMP00373,Disqualified,2025-05-27T04:34:00,54
LED004838,Referral,CUS0007302,,0998073489,goodwinaaron@example.org,PRD-CC01,EMP00162,Disqualified,2025-11-03T14:35:00,50
LED004839,Referral,CUS0007397,,0937655612,gomezrobert@example.com,PRD-FD02,EMP00194,Disqualified,2025-04-07T18:25:00,60
LED004840,Referral,CUS0002898,,0646133315,millermark@example.org,PRD-CC03,EMP00315,New,2025-03-28T21:22:00,33
LED004841,Referral,CUS0002483,,0869195769,kaylasmith@example.org,PRD-IN02,EMP00363,Disqualified,2025-11-08T23:21:00,94
LED004842,Referral,CUS0001209,,0853640104,wendy47@example.net,PRD-CC02,EMP00485,Qualified,2025-07-09T21:54:00,11
LED004843,Cold Call,CUS0001274,,0851729817,yrowland@example.com,PRD-CC01,EMP00481,Contacted,2025-01-28T01:46:00,54
LED004844,Referral,,ปิยวดี ตัณสถิตย์,0653092925,zjenkins@example.com,PRD-WL04,EMP00162,Converted,2025-08-12T04:28:00,6
LED004845,Referral,CUS0006501,,0872264104,charleschurch@example.com,PRD-LN03,EMP00302,Converted,2026-02-02T14:34:00,95
LED004846,Referral,,สมปอง ทวีเดช,0647375586,stevenpugh@example.com,PRD-CC04,EMP00057,Qualified,2026-03-30T07:08:00,75
LED004847,Campaign,CUS0000237,,0673662596,benjaminmoody@example.com,PRD-FD03,EMP00224,New,2025-07-26T08:37:00,98
LED004848,Referral,CUS0005366,,0949104276,keith54@example.net,PRD-SAL01,EMP00186,New,2026-04-12T07:26:00,2
LED004849,Cold Call,,จรรยพร ถนัดหัตถกรรม,0816229336,usmith@example.com,PRD-CC03,EMP00147,New,2026-04-11T12:30:00,84
LED004850,Campaign,CUS0005556,,0959042201,josephmegan@example.org,PRD-FD01,EMP00162,Disqualified,2026-03-10T11:20:00,34
LED004851,Partner,,พีระพงศ์พันธ์ ถนิมมาศ,0822007979,alexanderwhite@example.org,PRD-SAV02,EMP00213,Disqualified,2026-02-12T12:48:00,77
LED004852,Partner,CUS0002321,,0964481847,rgreen@example.com,PRD-WL04,EMP00415,Contacted,2026-02-22T21:15:00,44
LED004853,Branch Walk-in,,กุลดิลก ตวงทอง,0855317566,ucarroll@example.org,PRD-IN02,EMP00412,Converted,2025-01-18T13:06:00,99
LED004854,Campaign,,ทิมาภรณ์ ถมังรักษสัตว์,0830723453,bryanday@example.org,PRD-CUR01,EMP00283,Qualified,2026-03-23T06:06:00,71
LED004855,Campaign,CUS0007881,,0613554058,ericksonmichael@example.net,PRD-LN01,EMP00482,Qualified,2025-05-03T05:34:00,90
LED004856,Cold Call,,กิ่งแก้ว ทองสุกเลิศ,0641982161,wyattderrick@example.net,PRD-CUR01,EMP00075,Qualified,2026-04-21T13:57:00,60
LED004857,Campaign,,ภัคชนน ธัญาโภชน์,0864676581,svargas@example.net,PRD-FD03,EMP00065,Qualified,2025-08-20T19:51:00,65
LED004858,Campaign,CUS0002538,,0891750447,hberry@example.org,PRD-FD03,EMP00069,Converted,2026-02-26T16:24:00,52
LED004859,Web Form,CUS0009754,,0638891933,dandersen@example.org,PRD-CC04,EMP00086,Converted,2025-05-21T21:45:00,32
LED004860,Referral,CUS0005244,,0624819394,david95@example.com,PRD-WL04,EMP00319,New,2025-02-01T04:08:00,12
LED004861,Campaign,,โชคภาดล นาถะพินธุ,0920106477,iwarren@example.org,PRD-CC02,EMP00290,New,2025-01-11T18:38:00,88
LED004862,Branch Walk-in,CUS0003246,,0654604377,xbowen@example.com,PRD-WL04,EMP00226,Disqualified,2025-06-05T00:52:00,43
LED004863,Referral,CUS0007804,,0937875716,woodwardcameron@example.com,PRD-LN03,EMP00312,Qualified,2025-06-20T13:24:00,26
LED004864,Web Form,,จุฑารัตน์ สันตะวงศ์,0643621198,mreeves@example.net,PRD-IN02,EMP00402,New,2026-01-20T12:24:00,82
LED004865,Campaign,CUS0007462,,0936301361,jason55@example.com,PRD-CC04,EMP00209,New,2025-11-09T11:56:00,28
LED004866,Web Form,,ดวงสมร ถนัดรบ,0847336853,harrisonstephanie@example.net,PRD-WL01,EMP00484,New,2025-09-25T10:20:00,13
LED004867,Cold Call,CUS0007421,,0896729084,gregclements@example.org,PRD-CC02,EMP00012,Contacted,2025-06-17T17:36:00,95
LED004868,Campaign,,จิฬาภรณ์ นาคพันธุ์,0646747840,uruiz@example.org,PRD-FD03,EMP00380,Contacted,2025-03-09T11:00:00,21
LED004869,Web Form,,อณาวิน ทรงโกมล,0658596831,mark13@example.org,PRD-CC02,EMP00243,Disqualified,2025-02-10T13:27:00,25
LED004870,Referral,CUS0005481,,0873903727,batesthomas@example.net,PRD-FD02,EMP00461,Disqualified,2025-10-21T03:59:00,53
LED004871,Branch Walk-in,,เมษา ราชมณี,0890510356,kellymarsh@example.com,PRD-DG01,EMP00094,Disqualified,2026-04-25T14:53:00,16
LED004872,Cold Call,,สรายุทธ บุนยะศัพท์,0839914026,wmoore@example.org,PRD-LN02,EMP00458,Contacted,2025-04-29T22:27:00,92
LED004873,Web Form,,บุญเอก นานายน,0678549776,johnsonkatelyn@example.net,PRD-LN02,EMP00093,Qualified,2026-03-09T21:41:00,67
LED004874,Referral,CUS0005920,,0684636284,burnettdonald@example.net,PRD-LN01,EMP00040,New,2026-02-26T21:14:00,10
LED004875,Branch Walk-in,,ประเสริฐ ตัณฑนุช,0623528389,harriskatelyn@example.net,PRD-LN02,EMP00068,Disqualified,2025-01-17T08:56:00,36
LED004876,Cold Call,CUS0006288,,0882669592,blackmichael@example.org,PRD-DG02,EMP00240,New,2025-11-27T22:32:00,78
LED004877,Branch Walk-in,CUS0005649,,0619044069,lisa34@example.net,PRD-LN04,EMP00020,Contacted,2025-07-09T11:42:00,88
LED004878,Cold Call,CUS0008743,,0986356304,rlewis@example.org,PRD-FD02,EMP00114,Disqualified,2025-04-14T00:13:00,1
LED004879,Campaign,,อมัด วาทา,0816858498,labbott@example.net,PRD-LN04,EMP00496,Disqualified,2025-02-24T01:04:00,37
LED004880,Campaign,,อำพร เนื่องนนท์,0670151397,hwilson@example.net,PRD-DG02,EMP00311,Converted,2025-07-01T10:39:00,61
LED004881,Campaign,CUS0004570,,0950824517,jenniferwilliams@example.org,PRD-CUR01,EMP00119,Disqualified,2025-06-10T16:26:00,95
LED004882,Web Form,,พีรพัฒน์ เตมิยะเดช,0864104340,acurtis@example.net,PRD-LN01,EMP00330,Disqualified,2025-07-04T10:13:00,21
LED004883,Campaign,,นนทกาญจน์ เวียงจันทึก,0642424249,stephanie44@example.net,PRD-FD02,EMP00498,New,2025-05-24T20:04:00,31
LED004884,Campaign,,เขียว เลิศกิ่ง,0850080188,ylong@example.org,PRD-DC02,EMP00363,Contacted,2025-05-15T04:46:00,70
LED004885,Branch Walk-in,CUS0004721,,0865249404,reginaldsmith@example.net,PRD-CUR01,EMP00072,Converted,2026-04-13T01:14:00,25
LED004886,Referral,CUS0004922,,0617812146,michaelsmith@example.com,PRD-FD02,EMP00331,Qualified,2026-02-24T23:09:00,61
LED004887,Cold Call,,สิราพร ธูปะวิโรจน์,0649605903,jason24@example.org,PRD-WL04,EMP00404,New,2025-02-25T07:19:00,57
LED004888,Partner,CUS0001324,,0658680110,karenglenn@example.org,PRD-LN04,EMP00404,Contacted,2025-10-08T04:46:00,98
LED004889,Cold Call,,กระสุน ทองแท้,0650641541,denisemiller@example.com,PRD-IN01,EMP00347,Contacted,2026-03-31T13:30:00,35
LED004890,Cold Call,CUS0001871,,0980383259,williambailey@example.com,PRD-SAL01,EMP00333,New,2025-01-09T08:05:00,95
LED004891,Referral,CUS0003924,,0932462787,wilkinsbrandon@example.com,PRD-SAL01,EMP00109,New,2025-10-04T18:01:00,26
LED004892,Partner,CUS0002138,,0665900745,billy18@example.org,PRD-WL01,EMP00352,Contacted,2025-08-25T23:22:00,25
LED004893,Web Form,CUS0006081,,0652255695,brenda01@example.net,PRD-CUR01,EMP00205,Disqualified,2026-04-15T11:10:00,9
LED004894,Referral,CUS0006190,,0822479204,karenhudson@example.org,PRD-DG01,EMP00470,Converted,2026-01-01T11:53:00,75
LED004895,Cold Call,,กิติกานต์ ดัตพันธุ์,0843225538,cheryljohnson@example.net,PRD-DC01,EMP00313,New,2025-08-17T06:45:00,40
LED004896,Partner,,ณัฐญาดา แต้กุล,0892060524,andrew09@example.net,PRD-CC02,EMP00271,Contacted,2025-12-31T03:32:00,87
LED004897,Referral,,โกมล นะวะมันดร,0696843562,norrismatthew@example.com,PRD-CC01,EMP00230,Converted,2026-04-25T02:07:00,63
LED004898,Branch Walk-in,CUS0001295,,0698303161,torresandres@example.org,PRD-CC04,EMP00086,Contacted,2025-04-14T10:21:00,13
LED004899,Referral,,ภัทราวุธ นิลวิมล,0839271718,kbowen@example.com,PRD-WL03,EMP00202,New,2025-09-04T09:04:00,67
LED004900,Campaign,CUS0001847,,0637337608,donaldmeadows@example.net,PRD-LN01,EMP00027,New,2025-12-20T03:43:00,70
LED004901,Branch Walk-in,CUS0008321,,0975226206,lpalmer@example.org,PRD-SAV01,EMP00388,Disqualified,2025-10-26T12:21:00,57
LED004902,Cold Call,CUS0009921,,0846327568,carrie89@example.com,PRD-WL04,EMP00300,Contacted,2025-05-18T07:36:00,5
LED004903,Campaign,CUS0008492,,0821420136,tcarney@example.org,PRD-FD01,EMP00203,Converted,2025-05-29T11:41:00,97
LED004904,Referral,CUS0006034,,0886168434,nichole20@example.net,PRD-DG01,EMP00375,Converted,2025-10-20T17:08:00,3
LED004905,Partner,CUS0001877,,0885323738,mrichardson@example.com,PRD-FD03,EMP00036,Converted,2025-04-22T18:58:00,43
LED004906,Campaign,,ฐิติวุฒิ เมืองสุข,0921270281,zmcclure@example.com,PRD-FD01,EMP00480,New,2026-03-29T14:38:00,12
LED004907,Campaign,,ณัฐญาดา ซูสารอ,0865248266,jennifercruz@example.com,PRD-FD02,EMP00083,Contacted,2025-03-22T17:14:00,46
LED004908,Partner,CUS0008200,,0944189986,hannadavid@example.org,PRD-SAL01,EMP00481,New,2026-03-30T23:44:00,1
LED004909,Referral,CUS0003144,,0931833827,rileyjamie@example.net,PRD-SAV02,EMP00195,Qualified,2026-04-26T07:39:00,91
LED004910,Web Form,,สมใจ นพคเชนทร์,0940305118,mike41@example.com,PRD-CC04,EMP00184,Disqualified,2025-02-10T09:01:00,22
LED004911,Web Form,,ปิ่นบุญญา เลิศกิ่ง,0687976764,spencertodd@example.com,PRD-IN01,EMP00311,Disqualified,2025-07-28T07:37:00,57
LED004912,Partner,,วรนาฎ เตชะกำพุ,0682574157,browningdaniel@example.com,PRD-FD02,EMP00473,New,2025-09-15T03:16:00,49
LED004913,Partner,CUS0002282,,0936619042,joseph26@example.org,PRD-WL04,EMP00499,Disqualified,2025-04-17T07:57:00,87
LED004914,Branch Walk-in,CUS0009666,,0979955846,reynoldsjulie@example.net,PRD-LN03,EMP00454,Qualified,2026-01-30T16:17:00,37
LED004915,Branch Walk-in,,อรรจน์ บุญบำรุง,0680570896,reynoldsmiguel@example.net,PRD-CC03,EMP00144,Converted,2025-04-10T20:54:00,15
LED004916,Referral,,เขมจิรา เยาวธนโชค,0976377006,john13@example.org,PRD-DG01,EMP00377,Disqualified,2025-07-31T22:18:00,70
LED004917,Cold Call,CUS0001797,,0926431329,amandaruiz@example.net,PRD-LN02,EMP00340,Disqualified,2025-05-24T14:21:00,64
LED004918,Campaign,,นิวิลดาน ถมังรักษสัตว์,0642009925,yjohnson@example.com,PRD-FD01,EMP00013,Disqualified,2025-06-30T09:50:00,21
LED004919,Cold Call,CUS0006540,,0614915735,thomas27@example.com,PRD-WL01,EMP00346,Converted,2026-02-13T10:40:00,91
LED004920,Web Form,,วัลลภ แจ้งสว่าง,0674412400,mmcdaniel@example.net,PRD-SAV01,EMP00252,Qualified,2025-05-25T14:25:00,68
LED004921,Branch Walk-in,CUS0008438,,0684806128,rhernandez@example.com,PRD-DC02,EMP00130,Contacted,2026-03-15T08:12:00,77
LED004922,Campaign,,นิติยา ศรีสัตย์,0959702078,fhanson@example.com,PRD-WL02,EMP00436,New,2025-01-14T14:58:00,40
LED004923,Partner,CUS0003983,,0912170323,ulee@example.org,PRD-IN02,EMP00481,Qualified,2025-03-05T21:30:00,22
LED004924,Branch Walk-in,CUS0009846,,0869818125,bstrickland@example.org,PRD-SAL01,EMP00421,Converted,2025-07-02T23:49:00,78
LED004925,Referral,,กิติชัย ธรรมนิยม,0964075592,michael53@example.com,PRD-WL04,EMP00272,New,2025-07-23T04:09:00,58
LED004926,Referral,CUS0007590,,0678904268,valentinedylan@example.org,PRD-CC04,EMP00300,Converted,2026-02-17T13:41:00,38
LED004927,Branch Walk-in,CUS0005693,,0653691970,prattsara@example.com,PRD-SAL01,EMP00129,New,2025-02-09T01:35:00,9
LED004928,Branch Walk-in,,ฟิรยา หนักแน่น,0960380041,chris46@example.net,PRD-WL02,EMP00369,Contacted,2025-01-25T03:11:00,79
LED004929,Branch Walk-in,,บุญเอก ธรรมเมธา,0881592532,stephaniegreen@example.net,PRD-LN04,EMP00267,Converted,2026-02-28T23:34:00,19
LED004930,Referral,CUS0003885,,0977086989,anthonymullins@example.org,PRD-DG02,EMP00476,Converted,2025-04-17T15:26:00,88
LED004931,Campaign,CUS0007054,,0621020992,smithvalerie@example.net,PRD-LN04,EMP00177,Contacted,2025-09-16T20:27:00,62
LED004932,Referral,CUS0005724,,0860702477,bcastillo@example.net,PRD-LN02,EMP00203,Contacted,2025-07-09T11:20:00,10
LED004933,Campaign,CUS0008470,,0949947739,trevor25@example.net,PRD-WL03,EMP00061,Disqualified,2025-12-09T21:34:00,27
LED004934,Cold Call,CUS0007357,,0875996313,vknight@example.com,PRD-WL04,EMP00258,Converted,2025-03-14T15:58:00,30
LED004935,Cold Call,CUS0009174,,0868715557,michael76@example.org,PRD-SAV02,EMP00370,Qualified,2025-06-27T19:22:00,22
LED004936,Branch Walk-in,CUS0003578,,0929334522,timothy39@example.com,PRD-FD03,EMP00326,Qualified,2025-04-06T21:11:00,69
LED004937,Branch Walk-in,CUS0005833,,0981607109,morrisonkeith@example.org,PRD-CC03,EMP00379,Disqualified,2025-04-13T02:22:00,90
LED004938,Web Form,CUS0003334,,0682455587,bethany98@example.com,PRD-WL03,EMP00337,Converted,2025-05-13T18:18:00,62
LED004939,Cold Call,CUS0006968,,0651878839,charleskaren@example.com,PRD-FD03,EMP00253,New,2025-04-30T12:42:00,92
LED004940,Branch Walk-in,CUS0008798,,0995419302,laurensanford@example.org,PRD-WL01,EMP00475,Qualified,2025-12-30T12:58:00,72
LED004941,Referral,CUS0002843,,0682393766,rcampbell@example.org,PRD-DG02,EMP00158,Qualified,2025-03-13T07:18:00,61
LED004942,Campaign,CUS0007088,,0840366628,conradjulian@example.org,PRD-SAV02,EMP00292,Qualified,2025-12-13T06:46:00,12
LED004943,Partner,CUS0005506,,0887963948,kennedyalicia@example.net,PRD-WL01,EMP00460,Converted,2025-04-04T18:51:00,18
LED004944,Web Form,CUS0002706,,0623197071,blakethomas@example.com,PRD-CC01,EMP00073,Qualified,2025-06-04T12:12:00,76
LED004945,Partner,CUS0002663,,0917992429,jessicanguyen@example.org,PRD-FD02,EMP00327,New,2025-02-19T18:53:00,5
LED004946,Referral,,ทินพร พรสีมา,0967587948,jacob43@example.org,PRD-CC04,EMP00164,New,2025-12-07T00:26:00,79
LED004947,Campaign,CUS0009842,,0637508600,markpaul@example.com,PRD-WL02,EMP00218,Disqualified,2025-07-19T06:25:00,58
LED004948,Cold Call,,ประเสริฐ หอมพิกุล,0878306264,samanthapugh@example.com,PRD-FD03,EMP00166,Qualified,2025-07-18T19:18:00,93
LED004949,Cold Call,,คมคาย สังข์กรด,0841521645,rsims@example.com,PRD-LN01,EMP00253,Disqualified,2025-05-15T14:51:00,85
LED004950,Referral,CUS0009201,,0966869677,bryan52@example.net,PRD-IN02,EMP00119,Contacted,2025-07-19T12:00:00,28
LED004951,Web Form,CUS0005440,,0943350591,ramirezmichael@example.com,PRD-WL01,EMP00468,New,2025-01-28T13:33:00,52
LED004952,Campaign,,ขอดิเยาะ แก้วอยู่,0853777658,youngarthur@example.net,PRD-LN01,EMP00396,Disqualified,2025-02-27T05:52:00,21
LED004953,Partner,CUS0000083,,0818833853,abrown@example.net,PRD-WL03,EMP00107,Qualified,2025-01-31T20:38:00,71
LED004954,Branch Walk-in,CUS0006198,,0652056590,brandon51@example.com,PRD-LN03,EMP00241,Disqualified,2026-01-22T17:26:00,81
LED004955,Referral,CUS0005477,,0669101115,ecox@example.org,PRD-FD02,EMP00157,New,2025-04-13T16:26:00,98
LED004956,Web Form,CUS0001596,,0938952050,ruth56@example.org,PRD-IN01,EMP00365,Qualified,2026-01-10T05:38:00,94
LED004957,Cold Call,,กองสิน นิระหานี,0698476531,xcarney@example.com,PRD-WL02,EMP00283,Converted,2025-12-01T13:22:00,40
LED004958,Campaign,,ศรายุธ นฤภัย,0951392818,ashleychristian@example.com,PRD-WL01,EMP00294,Disqualified,2025-01-27T23:25:00,94
LED004959,Partner,,พลานุช เลิศกิ่ง,0934143034,anguyen@example.org,PRD-LN03,EMP00008,New,2026-02-16T14:56:00,11
LED004960,Branch Walk-in,,สนั่น ทองปากน้ำ,0889129993,mguzman@example.com,PRD-SAL01,EMP00454,Converted,2026-04-14T12:22:00,8
LED004961,Branch Walk-in,,วณัฐดา ดาวอร่าม,0898786101,harperthomas@example.org,PRD-LN01,EMP00020,Disqualified,2025-01-11T23:04:00,2
LED004962,Referral,,พิมพกานต์ ตั้งเผ่า,0995620139,ashley02@example.com,PRD-LN01,EMP00383,Disqualified,2026-03-31T04:08:00,43
LED004963,Cold Call,CUS0003738,,0622390876,tturner@example.org,PRD-CUR01,EMP00065,Qualified,2025-09-15T11:00:00,49
LED004964,Partner,CUS0007362,,0955808590,dbaker@example.com,PRD-SAL01,EMP00082,Qualified,2025-08-16T14:04:00,22
LED004965,Branch Walk-in,,บุญเกิด ทรัพย์ธำรงค์,0827686806,ugriffith@example.net,PRD-CC04,EMP00432,New,2025-02-22T07:04:00,81
LED004966,Campaign,CUS0003854,,0846400611,theresa43@example.net,PRD-DC02,EMP00243,New,2025-05-03T10:42:00,4
LED004967,Cold Call,,เจตพินิษฐ์ ธรรมทินนา,0641034182,heather42@example.net,PRD-FD02,EMP00204,Contacted,2025-12-06T09:09:00,45
LED004968,Cold Call,CUS0001051,,0849051356,daniel64@example.com,PRD-SAV02,EMP00454,Contacted,2025-12-01T05:07:00,12
LED004969,Web Form,CUS0009503,,0962074277,sheri22@example.net,PRD-LN03,EMP00252,Qualified,2025-04-17T06:39:00,90
LED004970,Partner,CUS0005761,,0957869323,nthomas@example.net,PRD-DC01,EMP00039,Disqualified,2025-07-12T23:03:00,76
LED004971,Cold Call,CUS0000279,,0938566932,iwest@example.org,PRD-FD02,EMP00005,Disqualified,2025-01-24T06:02:00,39
LED004972,Referral,CUS0005505,,0621202458,markdavenport@example.org,PRD-FD03,EMP00071,Contacted,2025-06-21T17:24:00,45
LED004973,Branch Walk-in,,พุทธิพงษ์ เณรานุสนธิ์,0868601509,kevindunn@example.net,PRD-CUR01,EMP00172,Contacted,2025-05-11T01:18:00,58
LED004974,Branch Walk-in,CUS0003812,,0656368851,coreybrooks@example.net,PRD-DC01,EMP00210,New,2025-08-29T08:18:00,3
LED004975,Referral,,สมนึก บุตราช,0994746888,samanthagomez@example.com,PRD-LN04,EMP00412,New,2025-03-15T22:46:00,25
LED004976,Cold Call,CUS0009693,,0825236978,martinstephanie@example.net,PRD-SAV02,EMP00398,Disqualified,2025-07-21T07:18:00,19
LED004977,Cold Call,CUS0002743,,0639056748,cooksamuel@example.com,PRD-SAV02,EMP00165,New,2026-03-06T17:57:00,62
LED004978,Referral,,ประจิน บินดี,0959990314,willisangela@example.com,PRD-LN04,EMP00036,Disqualified,2026-01-26T00:51:00,64
LED004979,Campaign,,ประสิทธิ์ ภูภักดี,0947318139,vkeller@example.org,PRD-FD03,EMP00024,Disqualified,2026-03-03T19:15:00,23
LED004980,Partner,CUS0007981,,0967371685,george89@example.org,PRD-IN02,EMP00314,Disqualified,2025-08-29T11:55:00,75
LED004981,Referral,CUS0003846,,0991617119,martinezroy@example.net,PRD-FD02,EMP00110,New,2025-04-05T18:23:00,100
LED004982,Branch Walk-in,,เกียรติก้อง นิลวิมล,0975700107,gerald22@example.net,PRD-LN02,EMP00240,Qualified,2025-04-25T16:58:00,93
LED004983,Referral,,สิราพร นวลเพ็ง,0892750774,kevin63@example.com,PRD-CC02,EMP00208,Converted,2025-11-18T04:51:00,63
LED004984,Branch Walk-in,,ณัฐจศักดิ์ นาคะนคร,0917023567,kevinwest@example.net,PRD-IN02,EMP00195,Contacted,2025-01-04T00:36:00,64
LED004985,Partner,,หรรษา ถาวรายุศม์,0986327677,terrence15@example.org,PRD-FD03,EMP00082,Disqualified,2026-04-07T21:48:00,90
LED004986,Web Form,,สุรนีย์ ขันธุลา,0960869762,wilsonamy@example.org,PRD-SAL01,EMP00225,New,2025-05-28T13:07:00,24
LED004987,Referral,,ตอฮา ศรีวงค์,0869238774,robinsonmatthew@example.com,PRD-DC02,EMP00386,Converted,2025-03-27T16:16:00,52
LED004988,Branch Walk-in,,วสิตา บัวเผื่อน,0896302110,lewistaylor@example.net,PRD-CC02,EMP00096,Disqualified,2026-02-16T03:30:00,36
LED004989,Web Form,,ซูฮัยดา ทับทิมไทย,0898299858,bthomas@example.org,PRD-CC02,EMP00169,Contacted,2025-01-07T13:13:00,99
LED004990,Campaign,CUS0004438,,0869130869,dillonwright@example.org,PRD-SAL01,EMP00031,Converted,2025-02-04T06:45:00,50
LED004991,Campaign,,ปฐม เลิศกิ่ง,0657718550,hgomez@example.org,PRD-FD03,EMP00212,Qualified,2025-04-16T06:58:00,44
LED004992,Referral,CUS0006573,,0988465488,nataliebarnett@example.com,PRD-DC02,EMP00065,New,2025-12-06T02:22:00,95
LED004993,Web Form,,วิชา บุนยะศัพท์,0613206202,melissacooper@example.com,PRD-CUR01,EMP00361,Qualified,2026-04-28T05:26:00,19
LED004994,Partner,CUS0006698,,0867062858,spencer39@example.org,PRD-FD02,EMP00369,Disqualified,2025-08-01T14:33:00,58
LED004995,Web Form,,นันทวุฒิ บุนยาภิสนท์,0942166442,mannmackenzie@example.com,PRD-LN04,EMP00088,New,2025-02-17T03:13:00,38
LED004996,Branch Walk-in,CUS0002512,,0917273273,fmason@example.net,PRD-SAV02,EMP00441,Contacted,2025-11-16T01:04:00,83
LED004997,Referral,CUS0007683,,0915373506,jacobdixon@example.com,PRD-DC01,EMP00276,Qualified,2026-04-22T18:18:00,8
LED004998,Branch Walk-in,CUS0002358,,0849668440,joshuagibson@example.com,PRD-LN03,EMP00340,Contacted,2026-04-04T13:28:00,95
LED004999,Branch Walk-in,CUS0003578,,0871921937,juarezeric@example.com,PRD-WL01,EMP00136,Disqualified,2025-05-14T21:01:00,81
LED005000,Partner,,กุลเชษฐ จันทา,0678321290,crystal61@example.com,PRD-WL01,EMP00164,Qualified,2025-04-13T10:58:00,1
LED005001,Referral,CUS0009717,,0985408914,greenbrian@example.com,PRD-LN02,EMP00485,Disqualified,2026-03-15T11:48:00,56
LED005002,Referral,CUS0009299,,0837206994,cheryl08@example.com,PRD-WL04,EMP00143,Converted,2026-01-28T00:49:00,37
LED005003,Cold Call,,พันธุ์เทพ หอมพิกุล,0699332753,cwright@example.org,PRD-WL03,EMP00122,New,2026-05-01T12:21:00,59
LED005004,Referral,CUS0005540,,0664046327,sharonlopez@example.com,PRD-IN01,EMP00437,Disqualified,2025-06-21T21:34:00,96
LED005005,Branch Walk-in,,พิมพ์ประภา ถนัดเดินข่าว,0645405626,fullerkrista@example.com,PRD-LN03,EMP00464,Disqualified,2025-06-20T07:43:00,35
LED005006,Partner,,ธนภณ ตระกูลบุญ,0872389236,olsonrobert@example.net,PRD-DG02,EMP00375,Converted,2025-09-17T20:47:00,66
LED005007,Referral,CUS0004295,,0690258916,melissa16@example.com,PRD-SAL01,EMP00043,New,2025-05-02T00:06:00,91
LED005008,Campaign,,ปาริตา ติระคมน์,0871758103,coxhannah@example.org,PRD-CC01,EMP00196,Contacted,2025-06-05T17:56:00,77
LED005009,Branch Walk-in,CUS0003132,,0635350361,cneal@example.net,PRD-FD01,EMP00004,Contacted,2025-07-08T22:17:00,5
LED005010,Branch Walk-in,CUS0001872,,0869143023,davidlopez@example.com,PRD-DC02,EMP00305,Contacted,2026-03-09T07:12:00,1
LED005011,Campaign,,อเนชา เดชวา,0891683038,jgarcia@example.org,PRD-WL01,EMP00074,Converted,2025-03-25T02:20:00,90
LED005012,Referral,CUS0007922,,0989139960,durhamjustin@example.com,PRD-DG02,EMP00307,Qualified,2025-12-09T20:30:00,67
LED005013,Branch Walk-in,,พิพิธธน หนักแน่น,0960077222,christopher86@example.net,PRD-WL04,EMP00186,New,2026-03-04T07:11:00,22
LED005014,Web Form,,ธมลพรรณ ถนัดการยนต์,0684772614,sleblanc@example.net,PRD-SAV02,EMP00460,Contacted,2025-10-29T19:13:00,88
LED005015,Cold Call,,นิภา ไตรบรรพ,0999381615,robert95@example.org,PRD-LN01,EMP00079,Qualified,2025-06-06T13:45:00,80
LED005016,Partner,CUS0003720,,0911119773,brittanyedwards@example.org,PRD-IN02,EMP00330,Qualified,2025-04-07T15:29:00,94
LED005017,Cold Call,CUS0010000,,0690309443,tmelton@example.net,PRD-FD02,EMP00274,Disqualified,2026-04-23T17:02:00,90
LED005018,Cold Call,,เจตพินิษฐ์ ตั้งรบ,0943963609,markbryan@example.org,PRD-LN04,EMP00054,Contacted,2025-08-08T03:34:00,25
LED005019,Cold Call,,จันทนา นพคเชนทร์,0857219649,jperez@example.com,PRD-DC02,EMP00256,Contacted,2025-05-22T14:42:00,64
LED005020,Cold Call,CUS0008990,,0995647949,ili@example.net,PRD-CC02,EMP00469,Converted,2026-04-27T09:41:00,52
LED005021,Web Form,CUS0008596,,0981754156,michael04@example.org,PRD-DC02,EMP00368,Qualified,2025-08-16T22:11:00,23
LED005022,Campaign,CUS0004797,,0641155291,david17@example.com,PRD-CC02,EMP00500,Contacted,2025-07-19T10:40:00,49
LED005023,Cold Call,CUS0007745,,0655143468,pdavis@example.net,PRD-FD02,EMP00006,New,2025-09-01T17:41:00,37
LED005024,Cold Call,,ภัคชัญญา ทัศนสุทธิ,0610744049,macdonaldstacy@example.org,PRD-FD02,EMP00011,Converted,2025-04-23T06:09:00,81
LED005025,Branch Walk-in,CUS0004873,,0976966121,lloyddouglas@example.com,PRD-LN03,EMP00310,Contacted,2025-09-26T04:44:00,14
LED005026,Branch Walk-in,CUS0007087,,0825759005,snowlaura@example.net,PRD-DG02,EMP00287,Converted,2026-04-01T08:52:00,26
LED005027,Partner,,พรสวรรค์ ทหารแท้,0951477623,kimberlykane@example.com,PRD-FD03,EMP00421,Contacted,2025-01-27T17:22:00,44
LED005028,Cold Call,CUS0006420,,0699961612,marc17@example.net,PRD-IN02,EMP00391,Qualified,2025-06-09T15:13:00,74
LED005029,Branch Walk-in,,นิภา นพคเชนทร์,0814080654,mcmahonbrandy@example.net,PRD-IN01,EMP00423,Contacted,2025-01-10T02:35:00,93
LED005030,Web Form,,ณิชนันท์ ตวงทอง,0964280679,natalieking@example.net,PRD-LN02,EMP00449,Contacted,2025-05-17T15:53:00,2
LED005031,Branch Walk-in,CUS0001675,,0681379400,stephen11@example.org,PRD-CC03,EMP00305,Contacted,2025-03-07T14:14:00,86
LED005032,Web Form,CUS0005462,,0836996078,ryan74@example.com,PRD-CC02,EMP00428,New,2025-12-18T12:43:00,33
LED005033,Cold Call,CUS0004629,,0672179357,james99@example.org,PRD-FD01,EMP00193,Contacted,2025-03-14T11:27:00,71
LED005034,Referral,CUS0003311,,0999411464,stevensandrew@example.com,PRD-SAV01,EMP00078,New,2026-01-24T00:09:00,79
LED005035,Web Form,,นรีรัตน์ ทองเนื้อดี,0824474151,calvinjones@example.com,PRD-CC03,EMP00241,Qualified,2025-06-21T15:34:00,70
LED005036,Partner,CUS0005701,,0835688688,smithdouglas@example.org,PRD-CUR01,EMP00379,New,2025-11-30T18:35:00,34
LED005037,Campaign,,พิชญ์สินี ถนัดรักษา,0891028212,tracy67@example.com,PRD-FD03,EMP00462,Converted,2025-03-20T23:08:00,26
LED005038,Campaign,,จีราภรณ์ ถาวระวรณ์,0650665337,youngmike@example.com,PRD-LN03,EMP00088,Disqualified,2026-03-17T19:30:00,75
LED005039,Web Form,CUS0008858,,0867453854,robert34@example.com,PRD-WL02,EMP00257,Contacted,2025-03-29T03:35:00,43
LED005040,Campaign,CUS0007501,,0690555780,denisejones@example.net,PRD-CC04,EMP00348,Disqualified,2026-04-10T21:39:00,75
LED005041,Referral,CUS0008720,,0864731608,lwilliams@example.com,PRD-WL01,EMP00047,Converted,2025-10-11T18:17:00,22
LED005042,Partner,,นิมุ เลิศกิ่ง,0691304995,leonstacy@example.com,PRD-FD03,EMP00308,Converted,2026-01-14T20:18:00,46
LED005043,Partner,,อำไพ ศิวะวรเวท,0949151944,bmarshall@example.com,PRD-LN01,EMP00314,Disqualified,2025-05-26T19:51:00,68
LED005044,Cold Call,,วัลยา ศรีสัตย์,0946937891,istevenson@example.net,PRD-CC01,EMP00360,New,2025-12-28T09:33:00,52
LED005045,Cold Call,CUS0001720,,0627964914,delgadodavid@example.org,PRD-CC04,EMP00188,Disqualified,2025-01-27T05:32:00,18
LED005046,Cold Call,,บุญเอก ถนัดพิมพการ,0910365454,scott23@example.com,PRD-LN02,EMP00362,New,2025-01-08T10:04:00,55
LED005047,Campaign,CUS0001076,,0614598970,nicole39@example.com,PRD-WL02,EMP00361,Contacted,2026-02-22T00:43:00,59
LED005048,Referral,CUS0007621,,0893385166,christopherthomas@example.net,PRD-WL01,EMP00227,Qualified,2026-02-27T01:57:00,49
LED005049,Web Form,CUS0002001,,0868099553,desireejohnson@example.com,PRD-CC04,EMP00018,Disqualified,2025-03-22T06:33:00,29
LED005050,Partner,,ปรมินทร์ ถนัดการยนต์,0989789572,laurie56@example.org,PRD-CC02,EMP00285,Disqualified,2026-04-04T12:25:00,63
LED005051,Partner,CUS0005852,,0856794635,plambert@example.net,PRD-CC04,EMP00052,Disqualified,2026-03-17T01:23:00,30
LED005052,Web Form,,ธมน เขียวขุ้ย,0911199607,campbellevan@example.org,PRD-WL04,EMP00402,Converted,2025-09-27T08:44:00,1
LED005053,Branch Walk-in,CUS0000411,,0662477312,thomas83@example.net,PRD-FD02,EMP00421,Qualified,2026-04-24T04:06:00,58
LED005054,Campaign,CUS0006534,,0689965274,estradamichael@example.net,PRD-FD03,EMP00183,Contacted,2025-11-04T11:46:00,34
LED005055,Branch Walk-in,CUS0001916,,0921770780,jasmine10@example.com,PRD-LN04,EMP00012,Disqualified,2025-06-15T12:54:00,74
LED005056,Branch Walk-in,CUS0001948,,0664217079,colesnow@example.com,PRD-IN02,EMP00103,Contacted,2026-01-03T13:29:00,63
LED005057,Branch Walk-in,,วรรณชนะชัย ชุมวระ,0848516955,christine74@example.org,PRD-LN01,EMP00432,Converted,2025-02-26T22:50:00,47
LED005058,Branch Walk-in,,อาแอเสาะ นักรบ,0921388325,hlee@example.org,PRD-WL03,EMP00496,Converted,2025-01-21T10:57:00,99
LED005059,Web Form,,ราณี นิษประปัญจ์,0665114416,perkinsdiana@example.com,PRD-WL02,EMP00225,Converted,2025-05-25T01:18:00,1
LED005060,Web Form,,ฉลองชัย วาทา,0860335381,lwilliams@example.org,PRD-CUR01,EMP00461,Converted,2026-01-26T10:25:00,50
LED005061,Cold Call,CUS0000410,,0627988089,chall@example.net,PRD-WL02,EMP00087,Qualified,2025-03-08T19:48:00,53
LED005062,Cold Call,,คมกริบ ติณรัตน์,0634317585,pamgarrison@example.org,PRD-CC01,EMP00267,Converted,2025-05-31T15:23:00,50
LED005063,Cold Call,CUS0002457,,0836021157,rferguson@example.org,PRD-FD02,EMP00440,Converted,2025-08-13T16:31:00,4
LED005064,Web Form,,เจษฏาภรณ์ ตระกูลบุญ,0858932155,dolsen@example.org,PRD-LN04,EMP00420,Contacted,2025-11-12T15:00:00,53
LED005065,Campaign,,อัครพนธ์ ศรีสัตย์,0671306961,patrickrodriguez@example.org,PRD-WL04,EMP00228,Converted,2026-03-05T12:14:00,87
LED005066,Partner,,นิวิลดาน ถนอมพล,0876675568,wjohnson@example.net,PRD-DC01,EMP00173,Disqualified,2025-06-15T07:46:00,44
LED005067,Cold Call,CUS0008071,,0615956466,emilyhernandez@example.org,PRD-CUR01,EMP00411,Disqualified,2025-07-19T06:12:00,12
LED005068,Branch Walk-in,CUS0000940,,0963210350,heather47@example.com,PRD-WL01,EMP00006,New,2025-02-06T08:35:00,41
LED005069,Partner,,ภควัฒน์ ดาบเพ็ชร์,0931640521,nmitchell@example.org,PRD-CC02,EMP00482,Converted,2025-09-03T22:53:00,94
LED005070,Web Form,,ปัญญาพร ซาซุม,0611386126,trobinson@example.com,PRD-FD01,EMP00057,Disqualified,2025-07-30T21:11:00,31
LED005071,Referral,,ราณี ถมังรักษสัตว์,0820997809,fisherjason@example.com,PRD-LN02,EMP00418,Contacted,2025-12-04T11:18:00,65
LED005072,Partner,,อมัด นาคพันธุ์,0636152006,millerbrian@example.net,PRD-DG01,EMP00223,Disqualified,2025-01-12T09:11:00,77
LED005073,Branch Walk-in,CUS0007782,,0830122137,meganunderwood@example.com,PRD-CC03,EMP00326,New,2025-01-26T03:59:00,6
LED005074,Web Form,CUS0008771,,0953611727,laurenwhite@example.net,PRD-FD03,EMP00004,Qualified,2025-04-28T09:51:00,47
LED005075,Cold Call,CUS0001856,,0844708219,justinjones@example.org,PRD-WL01,EMP00284,Converted,2025-12-24T12:09:00,24
LED005076,Partner,CUS0001327,,0665887408,lisagarcia@example.net,PRD-IN01,EMP00176,Contacted,2025-03-29T04:42:00,95
LED005077,Web Form,CUS0002214,,0940151672,robert02@example.net,PRD-DC02,EMP00100,Contacted,2025-09-20T23:42:00,9
LED005078,Web Form,CUS0005473,,0948771861,sloanjuan@example.net,PRD-DC01,EMP00459,New,2025-12-19T12:39:00,69
LED005079,Campaign,CUS0008122,,0897864790,flynn@example.org,PRD-WL04,EMP00098,Contacted,2026-04-07T19:09:00,8
LED005080,Web Form,,อำไพ ทับทิมไทย,0946295088,jacksonsarah@example.com,PRD-CC04,EMP00099,Contacted,2026-01-04T08:12:00,70
LED005081,Web Form,CUS0008637,,0980301349,bobbysanchez@example.net,PRD-LN04,EMP00269,Contacted,2025-08-05T16:16:00,71
LED005082,Referral,CUS0001822,,0681687907,sharptroy@example.com,PRD-FD01,EMP00007,Converted,2025-11-12T14:42:00,49
LED005083,Web Form,CUS0000259,,0656588129,ygreen@example.net,PRD-LN01,EMP00467,Disqualified,2026-01-23T23:39:00,100
LED005084,Campaign,CUS0001281,,0871553479,christine22@example.com,PRD-WL01,EMP00194,Disqualified,2025-04-06T13:28:00,55
LED005085,Branch Walk-in,,จิตตานันท์ มนทอง,0695972262,megan26@example.com,PRD-LN01,EMP00158,Disqualified,2025-09-08T10:15:00,80
LED005086,Referral,CUS0005499,,0937157091,wmorrison@example.org,PRD-FD01,EMP00366,Qualified,2026-04-25T07:07:00,27
LED005087,Web Form,,อัญธิกา ธีวร,0631077411,shaunmolina@example.com,PRD-FD01,EMP00078,Converted,2025-11-15T08:42:00,92
LED005088,Web Form,CUS0009064,,0977394314,panthony@example.net,PRD-CC04,EMP00325,New,2025-01-04T14:51:00,48
LED005089,Cold Call,CUS0001345,,0851172045,brian03@example.com,PRD-SAV02,EMP00259,Qualified,2026-04-21T11:17:00,1
LED005090,Campaign,CUS0005174,,0892640541,tara84@example.com,PRD-CC01,EMP00457,Contacted,2025-09-22T23:49:00,4
LED005091,Referral,CUS0001965,,0669482867,qwilliams@example.net,PRD-CC03,EMP00430,New,2025-08-01T08:00:00,13
LED005092,Branch Walk-in,CUS0001542,,0642588698,lynchwalter@example.net,PRD-CUR01,EMP00370,Disqualified,2025-07-08T05:10:00,73
LED005093,Cold Call,CUS0000091,,0857588532,jeffreywilson@example.org,PRD-CUR01,EMP00003,Disqualified,2025-08-21T05:16:00,36
LED005094,Partner,CUS0008878,,0626111584,natasha25@example.org,PRD-DG01,EMP00093,Contacted,2025-03-05T04:59:00,30
LED005095,Web Form,,พรชนก พรรษาสกุล,0939127229,jonesmary@example.com,PRD-SAV01,EMP00196,Disqualified,2025-10-07T19:18:00,11
LED005096,Campaign,,ชัฎชา ถะเกิงชศ,0643897772,david78@example.net,PRD-CC02,EMP00164,Qualified,2026-03-08T01:13:00,13
LED005097,Branch Walk-in,,ณิชาภัทร ถนัดการยนต์,0671843065,kanderson@example.com,PRD-FD02,EMP00075,Qualified,2025-09-17T18:58:00,63
LED005098,Referral,,ซุกรี ตันตราจิณ,0686638757,anthonyburgess@example.com,PRD-LN03,EMP00263,Disqualified,2025-09-03T14:53:00,14
LED005099,Partner,,โชติวุฒิ ธาราธร,0911714472,burnslori@example.net,PRD-FD03,EMP00166,Converted,2025-08-21T19:59:00,79
LED005100,Branch Walk-in,,ภัคชนน นักสำหรวจ,0827993279,valdezfrederick@example.org,PRD-FD03,EMP00455,Contacted,2025-10-04T03:26:00,6
LED005101,Referral,,สหัสมณี ยะผา,0975912014,paulamartinez@example.com,PRD-LN02,EMP00457,New,2025-05-09T19:49:00,83
LED005102,Campaign,,ธัญญกัญญา ขอหมั่นกลาง,0617322840,darmstrong@example.com,PRD-FD02,EMP00127,Disqualified,2026-01-22T12:58:00,31
LED005103,Web Form,CUS0004957,,0873735807,orivera@example.org,PRD-LN01,EMP00340,Contacted,2025-02-17T08:31:00,100
LED005104,Campaign,CUS0004445,,0964670375,ngallegos@example.net,PRD-IN01,EMP00442,Contacted,2026-04-01T02:26:00,12
LED005105,Campaign,,ราณี ซาซุม,0947085399,phubbard@example.org,PRD-IN02,EMP00117,Converted,2025-09-27T22:52:00,27
LED005106,Campaign,CUS0001286,,0925130229,alexandervirginia@example.org,PRD-WL04,EMP00101,Contacted,2025-01-09T00:55:00,35
LED005107,Campaign,,วรรณนิสา เณรานุสนธิ์,0631688830,john18@example.net,PRD-WL04,EMP00274,Contacted,2026-02-11T00:44:00,78
LED005108,Cold Call,,จักรีรัตน์ ดาวกระจาย,0852905650,raymond16@example.com,PRD-SAV01,EMP00006,Disqualified,2025-10-26T11:36:00,95
LED005109,Referral,CUS0008746,,0848866413,michealgardner@example.org,PRD-WL02,EMP00453,Contacted,2025-06-26T03:01:00,53
LED005110,Partner,,ธัญญกัญญา ดาวอร่าม,0927833977,katrinawalls@example.org,PRD-DG01,EMP00284,Converted,2025-08-16T17:34:00,35
LED005111,Web Form,,จรรยพร ทองประดิฐ,0889791805,russojennifer@example.net,PRD-LN02,EMP00430,New,2025-07-30T00:25:00,97
LED005112,Campaign,CUS0009916,,0933498358,sharonbrown@example.net,PRD-CC04,EMP00494,Qualified,2025-07-02T06:08:00,63
LED005113,Web Form,CUS0008334,,0869218390,shawnvargas@example.org,PRD-CUR01,EMP00088,Converted,2025-08-18T21:04:00,33
LED005114,Partner,CUS0009975,,0886998175,oscar32@example.net,PRD-SAV01,EMP00355,Contacted,2026-03-08T09:07:00,66
LED005115,Branch Walk-in,CUS0004957,,0913892492,cgreen@example.org,PRD-LN04,EMP00367,Converted,2025-02-07T23:45:00,4
LED005116,Referral,,วิกิจ ดาวอร่าม,0688640223,heatherbrown@example.org,PRD-FD03,EMP00038,Qualified,2026-04-11T03:43:00,18
LED005117,Referral,CUS0005882,,0683943689,michael38@example.org,PRD-WL01,EMP00030,Converted,2026-04-23T09:05:00,71
LED005118,Referral,,รังสินี จ้อยนุแสง,0810901225,mary71@example.org,PRD-SAV02,EMP00444,New,2025-11-25T04:35:00,56
LED005119,Partner,CUS0008984,,0925460181,jeffrey73@example.com,PRD-IN02,EMP00248,Contacted,2025-11-23T15:04:00,69
LED005120,Partner,,ทิพรดา พรสีมา,0939078225,hhouston@example.net,PRD-SAL01,EMP00329,Disqualified,2025-05-30T02:31:00,77
LED005121,Referral,CUS0001061,,0992576895,jamesmorris@example.org,PRD-SAL01,EMP00375,Qualified,2025-12-22T08:45:00,67
LED005122,Partner,,ประยุทธ์ ตราชู,0853305219,adamsrobert@example.com,PRD-LN02,EMP00322,New,2025-09-20T07:06:00,1
LED005123,Partner,CUS0005716,,0827093811,pwilson@example.org,PRD-CC01,EMP00083,Disqualified,2026-02-17T18:10:00,3
LED005124,Web Form,CUS0007847,,0828328534,susanclark@example.org,PRD-CC03,EMP00065,Qualified,2026-04-17T00:51:00,46
LED005125,Referral,,อาภัศรา วุฑฒยากร,0973454472,aparker@example.com,PRD-WL01,EMP00401,New,2026-01-31T23:32:00,21
LED005126,Cold Call,,บุญพา แถมธน,0880290274,christopher16@example.net,PRD-SAV02,EMP00227,Contacted,2025-06-29T02:23:00,64
LED005127,Web Form,CUS0005886,,0639714780,perezjoshua@example.org,PRD-DG01,EMP00261,Converted,2025-06-21T19:24:00,51
LED005128,Campaign,,มนัญชยา ธูปหอม,0696949667,lauren77@example.net,PRD-FD01,EMP00151,Qualified,2026-04-08T09:10:00,92
LED005129,Campaign,CUS0005993,,0980977856,gatesalyssa@example.org,PRD-SAV01,EMP00275,Converted,2025-07-14T01:25:00,84
LED005130,Partner,CUS0007250,,0826489692,flemingchristopher@example.org,PRD-DC01,EMP00271,New,2025-05-28T07:45:00,98
LED005131,Cold Call,,ภัคชัญญา ธรรมสถิตไพศาล,0841307791,aaron18@example.net,PRD-LN01,EMP00023,Disqualified,2025-01-22T09:49:00,52
LED005132,Branch Walk-in,,พีรภัทร์ ฉายแสง,0877305017,fieldsleah@example.com,PRD-DC02,EMP00168,Qualified,2025-12-12T23:56:00,41
LED005133,Referral,CUS0004927,,0680169449,hernandeznatalie@example.net,PRD-WL02,EMP00466,Converted,2026-03-08T04:26:00,66
LED005134,Web Form,CUS0001900,,0926758684,matthewrice@example.net,PRD-LN03,EMP00429,Disqualified,2026-01-04T07:16:00,96
LED005135,Web Form,CUS0009746,,0822089408,sandra54@example.com,PRD-WL03,EMP00249,Converted,2026-01-30T16:06:00,82
LED005136,Web Form,CUS0005280,,0678548111,cheryl95@example.com,PRD-LN01,EMP00126,Disqualified,2025-10-14T08:49:00,45
LED005137,Web Form,,เจตธนากร ถนอมพล,0974780441,marywebster@example.org,PRD-CC01,EMP00238,New,2025-05-13T09:11:00,19
LED005138,Partner,,สิริลัดดา นิยมธรรม,0699081366,peter92@example.net,PRD-SAL01,EMP00420,Contacted,2025-07-18T21:49:00,47
LED005139,Web Form,,อนุวัช ทรัพย์สาร,0865578023,jasonwilliams@example.com,PRD-WL04,EMP00453,Converted,2026-01-26T19:47:00,92
LED005140,Cold Call,CUS0002229,,0862884777,linkimberly@example.com,PRD-IN02,EMP00449,Qualified,2025-07-16T04:41:00,76
LED005141,Cold Call,,มนัญชยา เขียวขุ้ย,0638454778,shannonchristine@example.com,PRD-IN01,EMP00479,New,2025-03-18T13:45:00,81
LED005142,Campaign,,วิชา ทับทิมไทย,0865244473,lisaclark@example.org,PRD-DG01,EMP00066,Disqualified,2025-06-22T10:56:00,21
LED005143,Branch Walk-in,CUS0009207,,0678040465,jimmy56@example.net,PRD-SAL01,EMP00195,Converted,2025-09-18T14:23:00,43
LED005144,Partner,,ชนิศา นานายน,0982752669,lle@example.com,PRD-DC02,EMP00107,Qualified,2026-02-10T23:50:00,11
LED005145,Branch Walk-in,,ไพสิฐ เจริญรัมย์,0620124029,william51@example.com,PRD-DC02,EMP00216,Contacted,2026-03-22T03:07:00,78
LED005146,Branch Walk-in,CUS0006239,,0873886802,gjordan@example.com,PRD-FD02,EMP00093,New,2026-03-07T10:04:00,12
LED005147,Branch Walk-in,CUS0003829,,0618265225,grayraymond@example.org,PRD-DC01,EMP00101,Contacted,2026-03-16T11:43:00,73
LED005148,Cold Call,CUS0004606,,0671946077,youngscott@example.com,PRD-CC03,EMP00449,Disqualified,2026-03-29T05:15:00,3
LED005149,Web Form,CUS0002525,,0994705438,jgrant@example.com,PRD-FD01,EMP00356,Disqualified,2026-03-18T01:56:00,28
LED005150,Referral,,เทียมศักดิ์ เนื่องนนท์,0872503847,jacqueline07@example.net,PRD-FD02,EMP00256,Contacted,2025-04-08T18:33:00,58
LED005151,Web Form,,ราณี ตั้งกุลงาม,0886829021,smallcatherine@example.org,PRD-DC02,EMP00414,Contacted,2025-08-03T02:25:00,66
LED005152,Campaign,CUS0009152,,0821284942,floresmegan@example.com,PRD-LN02,EMP00061,Disqualified,2025-08-14T09:36:00,32
LED005153,Campaign,CUS0003585,,0918364830,teresa87@example.com,PRD-WL03,EMP00486,Converted,2025-01-13T13:51:00,74
LED005154,Web Form,,ฐิติณัฐฐา นิษประปัญจ์,0635076914,dbrown@example.com,PRD-DC01,EMP00425,Qualified,2025-09-30T02:04:00,66
LED005155,Cold Call,,พลภูมิ นาควงษ์,0693698168,valerie75@example.net,PRD-LN03,EMP00088,Converted,2025-12-05T14:18:00,16
LED005156,Campaign,CUS0006638,,0827091059,cathylowe@example.net,PRD-FD01,EMP00087,Disqualified,2025-10-28T23:32:00,66
LED005157,Web Form,CUS0000337,,0977359846,gardnerwilliam@example.org,PRD-LN04,EMP00482,Converted,2025-08-01T18:53:00,82
LED005158,Branch Walk-in,CUS0002967,,0949158466,callahankelly@example.net,PRD-SAL01,EMP00326,New,2025-06-19T16:00:00,71
LED005159,Branch Walk-in,CUS0008085,,0873149383,steven35@example.com,PRD-CC04,EMP00213,Qualified,2026-04-16T16:59:00,18
LED005160,Branch Walk-in,CUS0009407,,0614420666,kimberly57@example.com,PRD-LN03,EMP00072,Converted,2025-10-18T13:08:00,85
LED005161,Branch Walk-in,CUS0008686,,0982054496,maria01@example.com,PRD-WL02,EMP00166,New,2025-01-04T21:57:00,62
LED005162,Campaign,CUS0006387,,0996505525,moorethomas@example.net,PRD-LN03,EMP00208,New,2025-12-12T02:15:00,39
LED005163,Campaign,CUS0001494,,0618700618,jparsons@example.com,PRD-FD01,EMP00492,Disqualified,2026-04-02T14:09:00,67
LED005164,Partner,CUS0008659,,0875050785,eric37@example.com,PRD-WL03,EMP00351,Contacted,2025-07-12T20:01:00,27
LED005165,Partner,,มาซีเตาะ บุญญาภิรมย์,0890470854,dustinmassey@example.com,PRD-CC01,EMP00240,Qualified,2025-08-04T22:51:00,43
LED005166,Partner,CUS0003000,,0856168557,john23@example.com,PRD-LN03,EMP00106,Disqualified,2025-11-10T09:29:00,31
LED005167,Referral,CUS0005029,,0884905183,hughesjeffrey@example.org,PRD-DG02,EMP00194,Converted,2026-03-26T03:28:00,18
LED005168,Partner,CUS0008727,,0824666767,tyler63@example.org,PRD-FD03,EMP00007,Qualified,2025-03-03T16:37:00,44
LED005169,Cold Call,,ณปภัช ฉายแสง,0993009160,jameswilliams@example.org,PRD-DC01,EMP00105,New,2025-05-10T19:08:00,25
LED005170,Referral,CUS0001668,,0910238541,hector22@example.com,PRD-IN02,EMP00076,Qualified,2026-03-06T03:06:00,18
LED005171,Web Form,CUS0009781,,0696467123,scott07@example.org,PRD-CC04,EMP00159,Contacted,2025-07-11T21:12:00,92
LED005172,Branch Walk-in,,ทับทิม ดิสกะประกาย,0859514008,daviddavis@example.net,PRD-SAL01,EMP00113,Converted,2025-03-01T12:43:00,72
LED005173,Referral,,โสภณ โพธิสัตย์,0612244086,brennanmaria@example.net,PRD-CUR01,EMP00477,Contacted,2026-04-03T06:00:00,44
LED005174,Referral,CUS0000242,,0638706960,kstone@example.net,PRD-SAL01,EMP00238,New,2025-04-05T17:37:00,14
LED005175,Cold Call,CUS0002064,,0930807925,jwilliams@example.net,PRD-LN01,EMP00372,Disqualified,2025-12-18T01:53:00,7
LED005176,Web Form,,ธีรวุฒิ เวียงจันทึก,0958890979,patrickschultz@example.com,PRD-WL02,EMP00191,Disqualified,2025-10-20T13:17:00,83
LED005177,Referral,,ขวัญรุ้ง ธรรมนิยม,0823876329,vpeterson@example.net,PRD-FD02,EMP00155,Converted,2026-03-09T04:39:00,77
LED005178,Referral,,อัญธิกา ขำเอนก,0695360056,ewhite@example.org,PRD-FD03,EMP00248,Disqualified,2025-01-24T17:11:00,1
LED005179,Referral,CUS0008872,,0915822237,juliaford@example.net,PRD-SAV02,EMP00445,Qualified,2025-05-09T07:50:00,13
LED005180,Campaign,,ไวพจน์ แนวพญา,0936558615,jessicaewing@example.net,PRD-DC02,EMP00282,Contacted,2025-11-12T14:47:00,97
LED005181,Web Form,CUS0000896,,0698492717,brownjenny@example.net,PRD-DG01,EMP00151,Contacted,2026-05-01T11:33:00,46
LED005182,Cold Call,CUS0001032,,0810354262,annette74@example.com,PRD-WL04,EMP00320,New,2026-01-01T02:48:00,4
LED005183,Partner,CUS0003113,,0827305514,april81@example.com,PRD-SAV01,EMP00369,Disqualified,2025-01-29T12:37:00,44
LED005184,Branch Walk-in,,ปาริตา ซูสารอ,0921370388,rodriguezbryan@example.com,PRD-CUR01,EMP00097,Converted,2026-04-09T20:21:00,99
LED005185,Referral,CUS0003485,,0847775408,reyeslaura@example.org,PRD-CC03,EMP00301,Disqualified,2026-03-19T20:26:00,35
LED005186,Partner,CUS0008383,,0918286873,dickersonmichael@example.com,PRD-SAV02,EMP00110,New,2025-09-07T03:46:00,33
LED005187,Campaign,CUS0004400,,0997282117,llong@example.com,PRD-CC04,EMP00135,Disqualified,2026-04-03T09:34:00,63
LED005188,Campaign,CUS0005403,,0616073320,kimberlylee@example.net,PRD-WL04,EMP00369,Contacted,2025-01-18T16:25:00,6
LED005189,Branch Walk-in,CUS0001255,,0610188040,heidi04@example.org,PRD-WL01,EMP00014,Disqualified,2025-07-17T18:53:00,87
LED005190,Partner,CUS0003181,,0935694481,tristancarrillo@example.org,PRD-IN01,EMP00494,Converted,2025-11-13T08:03:00,62
LED005191,Branch Walk-in,CUS0000787,,0687848293,robertwall@example.org,PRD-LN03,EMP00485,Contacted,2025-01-14T05:54:00,100
LED005192,Referral,,วรรณชนะชัย วุฑฒยากร,0662936970,ujensen@example.org,PRD-IN01,EMP00230,New,2025-08-13T22:28:00,41
LED005193,Campaign,CUS0007572,,0671533156,philliphutchinson@example.net,PRD-FD02,EMP00123,Disqualified,2025-11-07T11:36:00,40
LED005194,Partner,CUS0009564,,0844132224,kim08@example.net,PRD-CC02,EMP00274,Disqualified,2025-03-14T17:04:00,73
LED005195,Web Form,CUS0002510,,0991361897,amymitchell@example.org,PRD-IN01,EMP00429,Contacted,2025-04-29T04:20:00,93
LED005196,Campaign,,เอนกพงศ์ ตั้งเผ่า,0927972543,jennifer45@example.com,PRD-WL01,EMP00205,Converted,2025-01-19T18:52:00,30
LED005197,Referral,,ณิชนันท์ พรสีมา,0669174018,stacy94@example.net,PRD-IN01,EMP00377,Disqualified,2025-09-02T01:52:00,70
LED005198,Branch Walk-in,CUS0000513,,0970820333,frederick90@example.net,PRD-FD03,EMP00407,New,2025-05-02T12:05:00,36
LED005199,Cold Call,CUS0007392,,0692804034,brandon97@example.org,PRD-FD03,EMP00021,Contacted,2026-04-03T00:51:00,24
LED005200,Branch Walk-in,,จันทนา ศรทอง,0849009431,cquinn@example.org,PRD-LN04,EMP00364,Contacted,2025-03-12T15:44:00,16
LED005201,Partner,CUS0006556,,0884089514,vjordan@example.com,PRD-DG02,EMP00496,Qualified,2025-03-30T13:57:00,52
LED005202,Cold Call,CUS0007552,,0693992463,jameshawkins@example.com,PRD-LN03,EMP00135,New,2026-02-19T02:40:00,13
LED005203,Partner,CUS0006245,,0627969613,huynhlisa@example.org,PRD-CC02,EMP00407,New,2025-08-17T21:00:00,52
LED005204,Web Form,CUS0009961,,0964863094,gjohnson@example.net,PRD-LN01,EMP00215,Contacted,2025-06-29T12:14:00,89
LED005205,Branch Walk-in,,สมใจ ถนัดกลึง,0665607328,fking@example.net,PRD-LN01,EMP00447,Converted,2026-03-30T12:28:00,63
LED005206,Branch Walk-in,,ณิชาภัทร ชุมวระ,0926873370,anna21@example.org,PRD-SAV02,EMP00159,Disqualified,2025-01-03T12:24:00,74
LED005207,Referral,CUS0000471,,0891296869,jose09@example.com,PRD-SAL01,EMP00346,Contacted,2025-06-23T02:10:00,89
LED005208,Campaign,,ชัฎชา ศรีอุ่น,0893186821,conleynancy@example.org,PRD-LN01,EMP00219,Converted,2025-03-26T21:23:00,61
LED005209,Partner,CUS0008315,,0815879298,munozanthony@example.com,PRD-CC01,EMP00400,Contacted,2026-01-07T17:59:00,39
LED005210,Partner,CUS0008170,,0650620162,gabrielle20@example.net,PRD-WL03,EMP00419,Converted,2025-09-16T08:43:00,96
LED005211,Referral,CUS0006451,,0983895939,andrewpeterson@example.net,PRD-IN02,EMP00433,Contacted,2025-01-06T15:57:00,17
LED005212,Campaign,CUS0002889,,0643685468,wwilliams@example.com,PRD-LN01,EMP00156,Contacted,2025-09-09T09:57:00,75
LED005213,Referral,CUS0006293,,0640499233,beanedward@example.net,PRD-CUR01,EMP00136,Disqualified,2025-02-01T10:57:00,40
LED005214,Branch Walk-in,CUS0002039,,0972081489,brianwilliamson@example.net,PRD-DG02,EMP00276,Contacted,2026-04-09T16:38:00,40
LED005215,Branch Walk-in,CUS0003626,,0958988316,victorialivingston@example.com,PRD-IN02,EMP00067,Contacted,2026-01-10T22:43:00,61
LED005216,Referral,,สรายุทธ นพตระกูล,0976735087,macdonaldryan@example.org,PRD-FD03,EMP00300,New,2025-08-29T13:20:00,16
LED005217,Branch Walk-in,,ธเนษฐ เณรานุสนธิ์,0641263734,chaseedwards@example.net,PRD-FD03,EMP00417,Converted,2025-11-01T08:46:00,4
LED005218,Branch Walk-in,CUS0001420,,0895475372,sanderstiffany@example.org,PRD-WL04,EMP00147,Contacted,2025-11-20T00:45:00,11
LED005219,Partner,CUS0002683,,0811982596,williamsjeffrey@example.com,PRD-LN04,EMP00445,Disqualified,2025-06-01T01:43:00,9
LED005220,Branch Walk-in,CUS0000483,,0834940084,smithmichelle@example.com,PRD-SAV01,EMP00420,Disqualified,2025-05-06T14:46:00,90
LED005221,Cold Call,,ศศิรินทร์ หอมพิกุล,0839590165,austingarrett@example.net,PRD-CC01,EMP00216,Contacted,2025-07-23T03:48:00,61
LED005222,Cold Call,CUS0005456,,0974861896,timothy79@example.org,PRD-DG02,EMP00206,Contacted,2026-01-17T14:41:00,26
LED005223,Web Form,CUS0008643,,0695385761,mortonmatthew@example.org,PRD-IN02,EMP00158,Converted,2025-12-26T03:04:00,44
LED005224,Web Form,CUS0005373,,0963771538,samantha33@example.com,PRD-CC01,EMP00375,Converted,2025-09-13T06:49:00,52
LED005225,Partner,,อรรจน์ ธูปะวิโรจน์,0912831140,gjackson@example.net,PRD-SAL01,EMP00087,New,2026-02-10T01:33:00,84
LED005226,Web Form,CUS0005761,,0929251860,rwallace@example.net,PRD-LN02,EMP00427,New,2025-06-25T05:18:00,72
LED005227,Partner,CUS0007435,,0617467717,tcross@example.org,PRD-SAL01,EMP00249,New,2026-04-20T09:32:00,62
LED005228,Campaign,CUS0003847,,0933191359,hamptonsamantha@example.net,PRD-IN01,EMP00106,Qualified,2025-06-03T10:26:00,14
LED005229,Campaign,CUS0005764,,0629924459,gomezlauren@example.net,PRD-LN03,EMP00366,Qualified,2025-12-28T07:24:00,66
LED005230,Campaign,CUS0004623,,0643636665,varias@example.net,PRD-WL03,EMP00053,Contacted,2026-01-19T20:10:00,18
LED005231,Campaign,CUS0005068,,0976208537,kellerjacob@example.net,PRD-CC03,EMP00252,Qualified,2025-05-20T17:58:00,98
LED005232,Branch Walk-in,CUS0004330,,0932046491,fergusonashley@example.org,PRD-SAV01,EMP00111,Disqualified,2025-11-03T22:55:00,7
LED005233,Partner,,สันชัย แนวพญา,0969766337,dianehicks@example.net,PRD-CC02,EMP00128,Converted,2025-02-26T00:23:00,53
LED005234,Web Form,,ศุภกรชนา ธรรมเมธา,0947008471,brianrivera@example.net,PRD-DC01,EMP00064,New,2026-02-14T23:38:00,63
LED005235,Branch Walk-in,CUS0002304,,0976806104,tina44@example.net,PRD-SAV02,EMP00304,Qualified,2025-12-14T20:01:00,3
LED005236,Referral,CUS0001611,,0990441691,larrymullins@example.org,PRD-IN01,EMP00433,Qualified,2026-03-01T02:53:00,46
LED005237,Branch Walk-in,CUS0003856,,0681637873,tiffanystafford@example.net,PRD-CC03,EMP00191,New,2025-05-16T09:33:00,0
LED005238,Campaign,CUS0005196,,0619826455,cmoon@example.org,PRD-LN01,EMP00097,Qualified,2026-02-24T07:49:00,45
LED005239,Web Form,CUS0001795,,0839226053,yolanda63@example.net,PRD-IN01,EMP00035,New,2025-01-02T03:10:00,11
LED005240,Branch Walk-in,,เพทาย กุมารบุญ,0626266348,dale67@example.org,PRD-SAL01,EMP00446,Contacted,2025-02-20T20:29:00,26
LED005241,Branch Walk-in,,วิพุธ ทีฆะ,0976140083,james32@example.org,PRD-FD03,EMP00469,Converted,2026-01-19T22:57:00,35
LED005242,Web Form,CUS0007153,,0893959092,collinsjonathan@example.com,PRD-FD02,EMP00144,New,2025-07-20T04:39:00,33
LED005243,Cold Call,,โกมล ทวีเดช,0915879383,samanthabrown@example.net,PRD-WL01,EMP00208,Converted,2026-03-19T02:32:00,95
LED005244,Campaign,,ภานุวัตร นครเทพ,0811025876,stephanie19@example.org,PRD-LN02,EMP00304,Contacted,2025-08-08T16:39:00,78
LED005245,Partner,,จักรชัย ถนอมพล,0896256325,michael14@example.net,PRD-FD03,EMP00386,Contacted,2025-11-18T00:12:00,3
LED005246,Partner,CUS0001039,,0967993361,markmay@example.org,PRD-IN02,EMP00074,Qualified,2025-04-30T06:42:00,86
LED005247,Referral,,ใจกลาง บุนยะศัพท์,0643553230,andersondana@example.net,PRD-WL04,EMP00313,Qualified,2026-02-21T16:41:00,71
LED005248,Partner,CUS0002031,,0625967791,zacharypruitt@example.org,PRD-WL02,EMP00278,Contacted,2026-03-18T12:59:00,77
LED005249,Campaign,CUS0000395,,0616721478,bensonkimberly@example.org,PRD-CUR01,EMP00437,Contacted,2026-01-26T20:59:00,70
LED005250,Cold Call,CUS0005078,,0857514235,vnguyen@example.com,PRD-FD01,EMP00060,New,2025-03-11T14:42:00,92
LED005251,Branch Walk-in,,อำพร เลขะพันธุ์,0617881492,cberger@example.org,PRD-WL03,EMP00121,Disqualified,2025-06-17T00:09:00,67
LED005252,Web Form,,ภาสินี นุตตาร,0931973519,kevin09@example.net,PRD-LN04,EMP00067,Contacted,2025-11-28T07:22:00,63
LED005253,Referral,CUS0007392,,0827799410,cshah@example.org,PRD-WL03,EMP00476,Converted,2025-08-02T21:38:00,75
LED005254,Referral,,ไพสิฐ ทองลาภ,0886528357,vjohnson@example.net,PRD-SAV01,EMP00229,Contacted,2025-10-25T23:55:00,44
LED005255,Partner,,วาสุเทพ เยาวธนโชค,0949364593,ytyler@example.com,PRD-WL02,EMP00187,Qualified,2025-09-05T02:01:00,0
LED005256,Web Form,CUS0005553,,0971984393,derrick25@example.org,PRD-DG02,EMP00040,Disqualified,2025-04-07T19:31:00,46
LED005257,Campaign,CUS0007364,,0914631986,jennifer52@example.net,PRD-SAV02,EMP00150,Contacted,2025-01-09T11:45:00,56
LED005258,Branch Walk-in,,โกวิทย์ ถมปัด,0853700242,vbarnett@example.org,PRD-WL01,EMP00126,Converted,2025-04-12T07:24:00,85
LED005259,Campaign,CUS0005174,,0618479473,stanleyholmes@example.org,PRD-FD03,EMP00348,Contacted,2025-01-16T20:35:00,20
LED005260,Cold Call,CUS0001883,,0874307879,johnsalazar@example.org,PRD-WL01,EMP00461,Disqualified,2025-08-26T01:48:00,84
LED005261,Referral,CUS0009873,,0944923216,john99@example.net,PRD-LN04,EMP00479,Disqualified,2026-03-01T18:11:00,18
LED005262,Cold Call,CUS0000708,,0998435833,wayne97@example.org,PRD-FD02,EMP00468,Qualified,2025-01-29T20:59:00,6
LED005263,Web Form,,ดวงจันทร์ เวียงจันทึก,0940444027,peter04@example.org,PRD-LN04,EMP00450,Disqualified,2025-01-13T17:18:00,81
LED005264,Campaign,,ขวัญรุ้ง ถ้วนศรี,0921220577,maxwellkaren@example.net,PRD-CC04,EMP00351,Qualified,2025-01-31T04:50:00,97
LED005265,Partner,,พรพิไล เขียวขุ้ย,0663255047,louischapman@example.org,PRD-WL01,EMP00330,Converted,2025-11-25T09:42:00,49
LED005266,Partner,CUS0003385,,0813905855,traciwebb@example.net,PRD-DC01,EMP00099,Qualified,2025-09-18T19:29:00,32
LED005267,Referral,CUS0007836,,0629056341,rileychad@example.com,PRD-SAV02,EMP00418,Qualified,2025-01-09T01:00:00,16
LED005268,Branch Walk-in,CUS0007624,,0919523871,vking@example.com,PRD-DC01,EMP00089,Qualified,2025-02-20T04:56:00,24
LED005269,Web Form,CUS0008476,,0989886959,rebekahroman@example.com,PRD-CC04,EMP00266,New,2025-06-01T04:07:00,74
LED005270,Web Form,CUS0005113,,0938900740,alanpollard@example.org,PRD-FD03,EMP00194,Contacted,2025-12-31T20:46:00,98
LED005271,Web Form,,นพรัตน์ ไทยสุชาต,0974400911,johnsonjames@example.net,PRD-WL04,EMP00158,New,2025-03-16T17:40:00,38
LED005272,Branch Walk-in,CUS0003950,,0881222939,michelle05@example.com,PRD-CC04,EMP00155,Contacted,2025-09-29T22:04:00,54
LED005273,Web Form,CUS0002997,,0673885783,korr@example.com,PRD-IN01,EMP00019,Qualified,2025-04-04T04:16:00,62
LED005274,Partner,,มลิวรรณ ติระคมน์,0870031404,darrellramirez@example.com,PRD-CC01,EMP00121,Converted,2025-04-06T10:59:00,70
LED005275,Partner,CUS0000387,,0931176021,alecpope@example.com,PRD-LN03,EMP00023,Qualified,2026-03-15T18:44:00,14
LED005276,Branch Walk-in,,ทับทิม ศรีอุ่น,0617842654,xmathews@example.com,PRD-SAV01,EMP00427,New,2025-07-10T23:08:00,5
LED005277,Web Form,CUS0004815,,0995159049,ashley36@example.org,PRD-CC02,EMP00086,New,2026-01-21T17:41:00,58
LED005278,Referral,CUS0002962,,0645699398,jennifer38@example.com,PRD-LN02,EMP00239,Qualified,2026-04-20T10:00:00,39
LED005279,Partner,CUS0004545,,0930984400,wilsoncharles@example.net,PRD-DC01,EMP00372,Disqualified,2026-01-12T11:05:00,87
LED005280,Partner,CUS0007280,,0818116278,mitchelljoe@example.net,PRD-CC01,EMP00063,New,2025-05-25T22:02:00,0
LED005281,Campaign,CUS0007795,,0843277974,reidjack@example.net,PRD-WL03,EMP00143,Converted,2025-07-19T08:43:00,15
LED005282,Web Form,,ปิยะชาติ นานายน,0662958758,emmahooper@example.com,PRD-WL04,EMP00105,Converted,2025-09-17T17:23:00,74
LED005283,Branch Walk-in,,รักชนก ตระกูลไม้เรียง,0664483425,ybooth@example.org,PRD-WL01,EMP00070,New,2025-02-12T10:23:00,81
LED005284,Campaign,,กษิดิฐ ธนูปกรณ์,0645526560,lkim@example.com,PRD-LN01,EMP00400,Converted,2025-12-18T15:03:00,96
LED005285,Branch Walk-in,,นาทภูวพัฒน์ บุญศล,0941267264,tomanderson@example.net,PRD-IN02,EMP00356,Contacted,2025-04-15T06:10:00,25
LED005286,Referral,CUS0005104,,0980349460,dmacias@example.net,PRD-SAV01,EMP00428,Qualified,2025-03-23T23:17:00,24
LED005287,Cold Call,CUS0005773,,0942585582,gallowayscott@example.net,PRD-LN02,EMP00224,New,2025-09-14T06:40:00,53
LED005288,Cold Call,CUS0009565,,0629320286,sanchezbrett@example.net,PRD-CC03,EMP00026,Disqualified,2025-06-14T06:18:00,73
LED005289,Cold Call,,เกริกพล อุลหัสสา,0869365372,brandongarcia@example.net,PRD-DC02,EMP00453,Qualified,2026-01-31T09:56:00,51
LED005290,Partner,CUS0000163,,0957127865,lisaconley@example.net,PRD-WL03,EMP00276,Converted,2025-02-11T15:25:00,92
LED005291,Cold Call,CUS0008670,,0847005531,wbrown@example.com,PRD-DG02,EMP00238,Qualified,2026-04-28T07:29:00,65
LED005292,Campaign,CUS0007178,,0612071943,ncampbell@example.com,PRD-CC01,EMP00160,Disqualified,2025-10-22T13:08:00,70
LED005293,Branch Walk-in,,ศศิธร ทันยุค,0851085205,timothy30@example.com,PRD-DC01,EMP00209,Disqualified,2026-03-22T09:48:00,73
LED005294,Web Form,CUS0006243,,0963703415,andrewsjoseph@example.net,PRD-WL04,EMP00294,Disqualified,2025-08-27T04:59:00,44
LED005295,Web Form,,อันธิกา นครเทพ,0847359035,benjaminevans@example.org,PRD-CC03,EMP00155,New,2025-02-17T18:04:00,97
LED005296,Branch Walk-in,CUS0005705,,0635877677,bellrandy@example.net,PRD-LN04,EMP00265,New,2025-10-23T04:22:00,18
LED005297,Cold Call,CUS0000349,,0865552867,michael91@example.com,PRD-CUR01,EMP00381,Qualified,2025-02-27T19:37:00,53
LED005298,Campaign,CUS0008540,,0619065760,schwartzlori@example.com,PRD-DG02,EMP00295,Disqualified,2025-10-04T04:53:00,31
LED005299,Partner,CUS0008109,,0841613839,cynthia48@example.org,PRD-DC02,EMP00333,Converted,2026-03-31T00:38:00,31
LED005300,Cold Call,CUS0001279,,0650257933,mgarcia@example.org,PRD-SAV02,EMP00031,Contacted,2025-05-03T21:00:00,85
LED005301,Web Form,CUS0000527,,0842313715,jenniferreyes@example.net,PRD-FD02,EMP00287,Qualified,2026-02-19T09:44:00,2
LED005302,Cold Call,CUS0007795,,0849175699,tuckercaitlin@example.com,PRD-LN03,EMP00115,New,2026-03-04T05:04:00,32
LED005303,Referral,,วิชา ซูสารอ,0910660627,emedina@example.net,PRD-LN03,EMP00090,Converted,2026-03-26T06:19:00,99
LED005304,Cold Call,CUS0009782,,0654759115,timothy79@example.org,PRD-WL01,EMP00417,Converted,2025-03-30T03:19:00,2
LED005305,Branch Walk-in,CUS0004789,,0831908743,clarkjennifer@example.com,PRD-LN04,EMP00461,Disqualified,2025-05-12T01:05:00,60
LED005306,Branch Walk-in,CUS0003889,,0614129635,margaretwilliams@example.net,PRD-SAL01,EMP00133,New,2025-07-17T16:14:00,98
LED005307,Web Form,CUS0006564,,0997421026,maynardandrew@example.com,PRD-FD01,EMP00106,New,2025-05-25T11:35:00,55
LED005308,Cold Call,,อุษณีย์ ดาตู,0670311341,ryan56@example.com,PRD-FD02,EMP00270,Converted,2025-07-30T06:12:00,28
LED005309,Cold Call,CUS0000007,,0869926136,whitemichael@example.net,PRD-SAV02,EMP00051,Converted,2026-03-21T04:21:00,74
LED005310,Web Form,,ปิ่นบุญญา แท่นทอง,0627999105,blambert@example.org,PRD-WL01,EMP00252,New,2026-01-17T13:30:00,50
LED005311,Web Form,CUS0003438,,0981976902,allisonmcdonald@example.com,PRD-DC01,EMP00147,Disqualified,2025-05-11T10:50:00,97
LED005312,Partner,,พศร เจริญรัมย์,0886527451,deanna58@example.org,PRD-FD03,EMP00371,Converted,2026-04-23T08:07:00,92
LED005313,Campaign,,ไพสิฐ ถาวรรัตน,0625181683,onguyen@example.net,PRD-IN01,EMP00205,Converted,2026-03-19T23:59:00,25
LED005314,Campaign,,อลิษา ถนอมมนุษย์,0634207087,mmacdonald@example.net,PRD-IN02,EMP00287,Converted,2025-08-25T06:01:00,68
LED005315,Campaign,,รอซีด๊ะ หิรัญสาลี,0812298688,sandra89@example.net,PRD-FD01,EMP00138,Disqualified,2025-02-12T05:12:00,89
LED005316,Referral,CUS0000860,,0922331287,johnbell@example.org,PRD-LN02,EMP00194,Contacted,2025-08-10T15:33:00,47
LED005317,Partner,,ชัญญานุนาย มนทอง,0844723987,pmurphy@example.net,PRD-CC01,EMP00409,New,2026-04-23T07:48:00,48
LED005318,Cold Call,,นันทิกานต์ นักสำหรวจ,0942187076,williamsonsara@example.com,PRD-CC04,EMP00053,New,2025-10-25T10:31:00,2
LED005319,Web Form,CUS0003279,,0832368679,mannrebecca@example.org,PRD-WL03,EMP00353,Disqualified,2026-03-20T01:25:00,44
LED005320,Cold Call,,มาสิตะ บุนยาภิสนท์,0934467322,rford@example.net,PRD-FD03,EMP00241,New,2025-12-13T02:05:00,88
LED005321,Branch Walk-in,CUS0007577,,0866769973,rallen@example.net,PRD-SAL01,EMP00357,Disqualified,2025-06-11T08:56:00,98
LED005322,Cold Call,,อภิลักษณ์ ธรรมนิยม,0982944389,sjames@example.net,PRD-SAV02,EMP00099,Disqualified,2025-04-05T20:40:00,82
LED005323,Branch Walk-in,,ภูวฤณ ธรรมฤดี,0861760317,scotthaley@example.org,PRD-FD03,EMP00353,Contacted,2025-02-10T03:21:00,89
LED005324,Web Form,CUS0000745,,0613435511,troy14@example.net,PRD-LN01,EMP00170,Converted,2025-05-02T17:11:00,74
LED005325,Referral,CUS0009393,,0991063413,vortiz@example.com,PRD-LN02,EMP00132,Contacted,2025-01-29T14:40:00,73
LED005326,Web Form,,ณัฐธภรณ์ นครเทพ,0851471890,perrykaren@example.org,PRD-LN04,EMP00096,Converted,2025-08-21T17:59:00,7
LED005327,Cold Call,,สุพัตรา ไทไชโย,0976158028,kelly03@example.com,PRD-SAL01,EMP00012,Disqualified,2025-02-02T10:34:00,40
LED005328,Campaign,CUS0006814,,0992253864,cortezandrew@example.org,PRD-CC01,EMP00391,Contacted,2025-01-25T15:21:00,74
LED005329,Web Form,CUS0006162,,0878357219,nicolenewman@example.org,PRD-WL04,EMP00194,New,2025-11-16T02:58:00,83
LED005330,Cold Call,,จิตรลดา นรวิทย์โชติกุล,0978634415,kennedydavid@example.org,PRD-CC01,EMP00074,Contacted,2026-01-31T01:57:00,61
LED005331,Web Form,,จักรชัย ถุงเงิน,0671615028,bwhite@example.net,PRD-CC01,EMP00312,Contacted,2025-10-22T07:38:00,13
LED005332,Branch Walk-in,,จักรกฤนาย แน่นดุจป้อม,0881999921,allenpage@example.org,PRD-DG01,EMP00420,Disqualified,2025-12-11T14:59:00,38
LED005333,Web Form,CUS0000943,,0877051107,brandonjordan@example.net,PRD-CC01,EMP00462,Contacted,2025-11-11T07:07:00,25
LED005334,Partner,,ใจกลาง นับเนื่องนอ,0976690762,mgallegos@example.net,PRD-LN01,EMP00489,Qualified,2025-03-28T23:12:00,92
LED005335,Cold Call,CUS0004232,,0661057798,gbecker@example.org,PRD-WL04,EMP00315,Qualified,2026-02-27T10:44:00,97
LED005336,Web Form,,วรินทธิ์ธร ประจันตะเสน,0890362223,morrisondonald@example.com,PRD-CC01,EMP00462,Contacted,2025-01-15T15:13:00,83
LED005337,Partner,CUS0008370,,0914267175,cassandra34@example.org,PRD-WL01,EMP00189,Contacted,2025-01-24T13:54:00,61
LED005338,Campaign,CUS0000399,,0954873052,devinobrien@example.com,PRD-CC01,EMP00241,Disqualified,2025-01-11T18:02:00,7
LED005339,Branch Walk-in,,หลี พรสีมา,0822863829,katrina45@example.net,PRD-DC02,EMP00341,New,2026-02-12T17:01:00,61
LED005340,Web Form,CUS0001829,,0833254047,david67@example.net,PRD-DC01,EMP00425,Contacted,2025-07-02T19:05:00,50
LED005341,Partner,CUS0005369,,0931479636,jpeters@example.org,PRD-CUR01,EMP00328,Disqualified,2025-05-20T15:37:00,15
LED005342,Web Form,,รูไกยะฮ์ ตระกูลไม้เรียง,0935000267,martinezchristina@example.org,PRD-LN02,EMP00105,Disqualified,2025-12-15T09:52:00,28
LED005343,Referral,CUS0002723,,0638069162,shawn09@example.org,PRD-WL04,EMP00118,New,2026-03-27T00:38:00,17
LED005344,Cold Call,,วัลลภ ไทไชโย,0985652483,harrisdaniel@example.net,PRD-IN02,EMP00352,Disqualified,2025-08-25T05:09:00,3
LED005345,Partner,CUS0001460,,0886689580,vbenson@example.com,PRD-LN04,EMP00313,Qualified,2025-02-20T18:13:00,93
LED005346,Partner,,วิรศักดิ์ นาฏคายี,0987535149,gordonmichael@example.com,PRD-CUR01,EMP00093,New,2025-07-28T16:33:00,11
LED005347,Partner,CUS0002938,,0952515536,stephaniehuynh@example.net,PRD-LN01,EMP00296,New,2025-08-15T19:03:00,85
LED005348,Partner,CUS0003410,,0880949617,cwalsh@example.com,PRD-LN02,EMP00468,Converted,2026-04-18T21:44:00,96
LED005349,Web Form,,ศรินยา นิลสุวรรณ์,0930784576,heather82@example.net,PRD-DC02,EMP00393,New,2025-06-07T06:21:00,7
LED005350,Campaign,CUS0004538,,0854806318,nancymiller@example.com,PRD-WL02,EMP00494,Qualified,2025-09-29T23:32:00,62
LED005351,Partner,CUS0004695,,0625458526,idoyle@example.net,PRD-SAL01,EMP00038,Converted,2025-08-04T05:01:00,37
LED005352,Web Form,CUS0005293,,0854517659,jeremy38@example.com,PRD-CUR01,EMP00137,New,2025-10-27T10:18:00,86
LED005353,Campaign,CUS0005284,,0679193301,william84@example.com,PRD-WL04,EMP00062,Contacted,2026-02-24T12:57:00,20
LED005354,Branch Walk-in,,เทอดศักดิ์ ถนัดภาษา,0970639243,pmills@example.org,PRD-DG01,EMP00283,Qualified,2025-12-24T03:50:00,15
LED005355,Branch Walk-in,,ธนนนท์ นักสำหรวจ,0963036303,linda80@example.com,PRD-FD03,EMP00285,Disqualified,2026-03-21T22:42:00,91
LED005356,Campaign,CUS0007091,,0675173036,mrobertson@example.com,PRD-WL03,EMP00483,New,2025-10-19T18:50:00,74
LED005357,Cold Call,CUS0005301,,0677486669,vburton@example.com,PRD-DG01,EMP00133,Converted,2025-09-23T06:58:00,92
LED005358,Cold Call,CUS0008483,,0939049467,joneschristina@example.com,PRD-CC02,EMP00353,Contacted,2025-01-24T04:11:00,91
LED005359,Referral,CUS0009370,,0923146195,gsmith@example.net,PRD-DG02,EMP00018,Disqualified,2025-12-11T02:24:00,55
LED005360,Cold Call,,ยศพนต์ ทศโยธิน,0863097608,william98@example.net,PRD-DC02,EMP00114,Disqualified,2025-03-09T04:48:00,83
LED005361,Partner,,อับดุลเลาะห์ นิลสลัว,0630419807,teresasanchez@example.net,PRD-SAL01,EMP00059,Qualified,2026-04-28T01:59:00,91
LED005362,Partner,CUS0003884,,0620672563,hinesroger@example.com,PRD-CC03,EMP00402,Contacted,2025-09-01T13:10:00,29
LED005363,Web Form,CUS0000058,,0639587564,gomezkevin@example.net,PRD-DG01,EMP00298,New,2025-08-22T21:13:00,3
LED005364,Campaign,CUS0009371,,0815730957,timwilliams@example.com,PRD-CUR01,EMP00379,Qualified,2026-02-20T05:49:00,49
LED005365,Web Form,,ภูวรา ฉิมพาลี,0812740684,stephanie63@example.com,PRD-WL03,EMP00231,Qualified,2025-04-13T18:41:00,73
LED005366,Referral,,อนิวัฒน์ ขำเอนก,0675941866,amymurphy@example.org,PRD-WL04,EMP00254,Converted,2025-12-02T03:56:00,59
LED005367,Partner,CUS0003079,,0822490672,ronaldwarren@example.com,PRD-LN02,EMP00223,Contacted,2025-02-26T06:08:00,33
LED005368,Cold Call,,มลิวรรณ ถนัดหัตถกรรม,0839571868,brian92@example.com,PRD-LN01,EMP00128,Contacted,2025-06-15T04:58:00,54
LED005369,Referral,CUS0005310,,0824849005,wjones@example.org,PRD-SAV02,EMP00340,New,2026-02-09T19:44:00,94
LED005370,Cold Call,CUS0008362,,0875806445,sheryl68@example.org,PRD-CC02,EMP00135,Qualified,2025-01-26T09:07:00,5
LED005371,Cold Call,,เรืองเกียรติ ถนอมมนุษย์,0645439045,noah11@example.org,PRD-WL01,EMP00444,Qualified,2025-01-21T05:04:00,14
LED005372,Referral,CUS0001946,,0923732735,benjamin88@example.com,PRD-LN03,EMP00460,Converted,2025-03-10T01:38:00,7
LED005373,Cold Call,CUS0009233,,0657664468,robinsonbrittany@example.com,PRD-SAV01,EMP00389,Disqualified,2025-06-17T01:39:00,68
LED005374,Web Form,CUS0005342,,0629532392,sandra07@example.net,PRD-CUR01,EMP00137,Contacted,2025-07-12T12:05:00,17
LED005375,Web Form,,คมกริบ ไทไชโย,0946868103,johnroy@example.com,PRD-FD03,EMP00054,Disqualified,2025-07-12T21:22:00,32
LED005376,Branch Walk-in,CUS0009188,,0839849414,rkeith@example.com,PRD-DC02,EMP00499,Converted,2026-04-08T09:27:00,20
LED005377,Branch Walk-in,,วีระวัฒน์ ผลบุญ,0844866179,qcooper@example.org,PRD-LN02,EMP00409,Disqualified,2026-03-13T11:56:00,22
LED005378,Referral,CUS0002097,,0827861307,brandon75@example.org,PRD-SAL01,EMP00186,Qualified,2025-11-24T13:55:00,91
LED005379,Partner,CUS0002498,,0649630661,myoung@example.org,PRD-FD03,EMP00202,Contacted,2025-01-12T22:53:00,84
LED005380,Referral,,คมกริบ อุลหัสสา,0667526836,brittney74@example.com,PRD-WL03,EMP00375,Disqualified,2026-01-13T20:11:00,17
LED005381,Cold Call,,จินต์จุฑา น้ำทิพย์,0821646401,matthewphillips@example.com,PRD-WL04,EMP00310,New,2026-04-19T16:57:00,33
LED005382,Web Form,CUS0000335,,0983114763,rachelfitzgerald@example.org,PRD-CC02,EMP00371,Disqualified,2025-11-15T20:50:00,7
LED005383,Referral,,มาสิตะ ขันธุลา,0676994408,huntertroy@example.net,PRD-FD01,EMP00008,Disqualified,2025-01-08T21:21:00,29
LED005384,Cold Call,CUS0005329,,0980085620,henry19@example.org,PRD-DC02,EMP00003,New,2025-08-26T12:52:00,84
LED005385,Campaign,CUS0005988,,0911897871,robertcohen@example.com,PRD-LN01,EMP00287,Qualified,2025-04-09T20:47:00,6
LED005386,Web Form,,อุลัยพร สันตะวงศ์,0854506851,michelleoneill@example.net,PRD-SAV01,EMP00089,New,2025-12-02T17:46:00,94
LED005387,Web Form,CUS0006370,,0962206884,qstevenson@example.net,PRD-CUR01,EMP00240,Contacted,2025-11-26T08:52:00,17
LED005388,Cold Call,CUS0008303,,0816314929,awalker@example.net,PRD-DG01,EMP00295,Qualified,2025-11-28T15:59:00,14
LED005389,Branch Walk-in,,จิตตานันท์ นับเนื่องนอ,0935632552,lawrence34@example.org,PRD-WL04,EMP00372,Contacted,2025-05-31T08:28:00,1
LED005390,Web Form,CUS0006921,,0662761130,john73@example.com,PRD-DC02,EMP00441,Qualified,2025-02-04T18:30:00,97
LED005391,Referral,CUS0009140,,0945530745,brichardson@example.net,PRD-LN01,EMP00390,Disqualified,2025-01-29T10:24:00,18
LED005392,Cold Call,CUS0002669,,0645490107,guzmanmichael@example.org,PRD-LN03,EMP00368,Contacted,2026-03-25T17:57:00,92
LED005393,Referral,CUS0006047,,0820994116,malloryvasquez@example.net,PRD-DG01,EMP00330,Disqualified,2025-06-29T12:32:00,2
LED005394,Web Form,CUS0000415,,0685726961,kleinthomas@example.net,PRD-LN01,EMP00283,Disqualified,2025-11-13T01:05:00,47
LED005395,Partner,,มนัส ธรรมทินนา,0881030989,smitheric@example.net,PRD-SAL01,EMP00118,Converted,2025-02-22T01:30:00,93
LED005396,Partner,CUS0003391,,0620010746,nharrison@example.net,PRD-DG01,EMP00094,New,2026-02-26T17:22:00,69
LED005397,Campaign,CUS0001121,,0612145441,davidmeyer@example.org,PRD-LN04,EMP00379,New,2026-01-07T01:14:00,11
LED005398,Cold Call,CUS0001514,,0691716676,rmcguire@example.com,PRD-WL01,EMP00496,Qualified,2026-01-13T21:38:00,35
LED005399,Web Form,,ศศิรินทร์ ตัณฑนุช,0931452522,mitchellalexis@example.org,PRD-CUR01,EMP00260,New,2025-09-14T02:02:00,58
LED005400,Referral,CUS0000683,,0883562740,karen83@example.com,PRD-CC01,EMP00022,New,2026-01-04T10:13:00,96
LED005401,Referral,CUS0007997,,0896325292,anthonyjones@example.net,PRD-DG01,EMP00048,Disqualified,2026-04-13T06:37:00,80
LED005402,Cold Call,,อชิตะวีร์ ซาซุม,0837728780,oliviapatton@example.net,PRD-LN04,EMP00432,New,2025-04-28T10:00:00,90
LED005403,Web Form,CUS0005372,,0853892215,scottmartin@example.org,PRD-FD03,EMP00246,Converted,2025-11-25T11:43:00,4
LED005404,Branch Walk-in,,รภัสพงษ์ เดชคุ้ม,0975270229,dhernandez@example.com,PRD-WL02,EMP00442,Converted,2025-11-12T23:55:00,70
LED005405,Cold Call,,มาสิตะ นาคะนคร,0636843278,james55@example.org,PRD-WL02,EMP00316,Converted,2025-10-08T14:29:00,85
LED005406,Campaign,CUS0002382,,0689380026,mgarrett@example.org,PRD-SAL01,EMP00404,Contacted,2025-01-07T03:38:00,51
LED005407,Web Form,,วรรณกร ธรรมฤดี,0976926619,donna78@example.org,PRD-DC01,EMP00048,Converted,2025-03-11T12:52:00,43
LED005408,Cold Call,,เขียว ขำเอนก,0945791548,tmathews@example.com,PRD-LN04,EMP00174,New,2025-06-20T19:05:00,68
LED005409,Partner,CUS0003265,,0874827405,michaeldougherty@example.org,PRD-WL03,EMP00110,New,2025-04-28T21:53:00,91
LED005410,Cold Call,,ยนงคราญ ธนรักษ์,0864468528,james01@example.com,PRD-LN01,EMP00237,New,2025-04-16T22:50:00,82
LED005411,Referral,,จริยฉัตร ธาราธร,0917357639,daniel42@example.org,PRD-FD02,EMP00260,Converted,2025-02-26T01:22:00,8
LED005412,Branch Walk-in,CUS0001811,,0943157093,kristinahawkins@example.net,PRD-CUR01,EMP00364,Qualified,2025-12-01T21:36:00,84
LED005413,Referral,CUS0008685,,0810536727,stevenjohnson@example.org,PRD-WL04,EMP00006,Qualified,2026-04-13T16:48:00,64
LED005414,Cold Call,CUS0006628,,0999022404,gcurry@example.net,PRD-CC02,EMP00368,Converted,2025-02-14T20:54:00,61
LED005415,Cold Call,,วุฒิ หนุนสุข,0971619119,joshuagriffith@example.net,PRD-IN01,EMP00347,Converted,2025-08-11T15:47:00,25
LED005416,Cold Call,CUS0007039,,0829574764,traceyferguson@example.net,PRD-LN03,EMP00429,Disqualified,2025-08-02T05:37:00,83
LED005417,Partner,CUS0000330,,0925125533,brandondiaz@example.com,PRD-DC02,EMP00208,Converted,2025-12-30T16:29:00,14
LED005418,Branch Walk-in,,พงษ์นเรศ ดาตู,0991185586,joshua78@example.org,PRD-LN03,EMP00271,Contacted,2025-01-31T18:13:00,33
LED005419,Cold Call,,โกมล ทันยุค,0650621149,paguilar@example.net,PRD-CC04,EMP00450,Disqualified,2026-02-24T00:42:00,80
LED005420,Web Form,CUS0006688,,0644936566,michael76@example.org,PRD-SAL01,EMP00367,New,2026-04-17T12:27:00,61
LED005421,Cold Call,CUS0009343,,0686506870,davidnavarro@example.org,PRD-CC03,EMP00030,Qualified,2025-11-10T05:28:00,31
LED005422,Referral,CUS0004379,,0678185868,nichole24@example.org,PRD-LN03,EMP00269,Contacted,2025-03-30T21:46:00,40
LED005423,Cold Call,CUS0009637,,0845195350,clayton03@example.com,PRD-FD02,EMP00094,New,2025-12-31T14:59:00,85
LED005424,Branch Walk-in,CUS0002251,,0810183057,richarddaryl@example.com,PRD-FD03,EMP00386,Disqualified,2025-09-23T22:55:00,38
LED005425,Referral,CUS0001761,,0977975580,fisheralejandro@example.org,PRD-DC02,EMP00101,Qualified,2026-01-29T03:51:00,47
LED005426,Cold Call,CUS0000956,,0855121813,allenrandy@example.org,PRD-SAV02,EMP00290,Qualified,2025-04-30T10:53:00,78
LED005427,Partner,,อชิตะวีร์ นรวิทย์โชติกุล,0841258068,romanwayne@example.org,PRD-CC03,EMP00267,New,2025-07-31T00:00:00,55
LED005428,Cold Call,CUS0001464,,0971018978,matthew36@example.net,PRD-WL01,EMP00307,Converted,2025-02-23T10:13:00,76
LED005429,Partner,CUS0003591,,0941189704,joan59@example.net,PRD-DC01,EMP00089,Contacted,2025-11-11T16:55:00,45
LED005430,Branch Walk-in,,พรสวรรค์ ถนัดภาษา,0840345988,philipmoore@example.com,PRD-WL03,EMP00081,Contacted,2025-10-26T09:30:00,93
LED005431,Web Form,CUS0008231,,0898714829,josephmartinez@example.org,PRD-DG02,EMP00352,New,2025-02-19T23:21:00,77
LED005432,Campaign,,ดารุนี นานายน,0881882695,reyesamy@example.org,PRD-LN02,EMP00132,Converted,2025-05-17T20:23:00,33
LED005433,Referral,CUS0003423,,0846451608,marymoon@example.net,PRD-WL01,EMP00053,Disqualified,2025-10-29T07:04:00,18
LED005434,Partner,,ราณี มิ่งขวัญ,0881504494,alexis91@example.org,PRD-LN01,EMP00250,Converted,2025-02-05T01:48:00,98
LED005435,Cold Call,CUS0000493,,0833772126,rebeccajones@example.net,PRD-CC04,EMP00231,Converted,2025-07-08T00:56:00,43
LED005436,Web Form,CUS0006198,,0886520788,danieljohnson@example.net,PRD-SAV01,EMP00459,Contacted,2025-02-16T07:57:00,51
LED005437,Referral,CUS0004896,,0811977146,nathanielthornton@example.com,PRD-LN01,EMP00013,Disqualified,2025-09-07T21:20:00,49
LED005438,Referral,CUS0000592,,0898816837,glovernathaniel@example.net,PRD-CC03,EMP00412,Disqualified,2025-12-05T18:20:00,88
LED005439,Campaign,CUS0007830,,0646215933,moraleschristopher@example.net,PRD-DG02,EMP00023,Converted,2025-05-20T07:03:00,56
LED005440,Cold Call,CUS0001814,,0866700414,donnagould@example.org,PRD-DC01,EMP00245,Qualified,2025-01-31T19:15:00,67
LED005441,Referral,CUS0004500,,0697971468,john56@example.com,PRD-WL02,EMP00094,Qualified,2026-03-19T17:24:00,54
LED005442,Partner,CUS0005928,,0919915312,robertgraham@example.net,PRD-CC01,EMP00192,Qualified,2026-01-24T18:57:00,55
LED005443,Partner,,สายสุรีย์ ธาราธร,0671541694,nolanchad@example.net,PRD-CC03,EMP00016,New,2025-08-16T16:44:00,42
LED005444,Referral,CUS0008339,,0995562103,james33@example.org,PRD-FD01,EMP00149,New,2025-01-08T15:04:00,67
LED005445,Cold Call,,สุรการณ์ ถะเกิงชศ,0674865402,james06@example.com,PRD-FD03,EMP00257,Disqualified,2025-06-03T11:43:00,45
LED005446,Branch Walk-in,,ภาสินี ชำนาญวาด,0912242366,karajohnson@example.net,PRD-LN01,EMP00222,Converted,2025-09-10T21:09:00,39
LED005447,Branch Walk-in,,วิรชัย ฉัตรอภิเที่ยงค่ำ,0850561825,paul00@example.org,PRD-DC02,EMP00053,New,2025-08-16T16:14:00,17
LED005448,Partner,CUS0009568,,0884269270,washingtonjon@example.com,PRD-CC03,EMP00148,Contacted,2025-08-09T12:52:00,43
LED005449,Campaign,,ทรรศนชัย ตราชู,0989406079,adam26@example.net,PRD-DG01,EMP00489,Contacted,2025-01-28T06:06:00,17
LED005450,Cold Call,,เจษฏาภรณ์ ขอหมั่นกลาง,0668204702,msanchez@example.org,PRD-DC01,EMP00372,Contacted,2026-04-15T13:01:00,84
LED005451,Partner,,วีร์สุดา ธูปหอม,0630766734,aprice@example.com,PRD-IN01,EMP00377,Contacted,2025-02-15T16:33:00,78
LED005452,Campaign,CUS0004289,,0682068489,ywilson@example.net,PRD-FD02,EMP00279,Qualified,2025-06-03T08:04:00,64
LED005453,Campaign,CUS0005322,,0813059379,sbaird@example.com,PRD-DG01,EMP00330,Contacted,2025-08-20T14:08:00,64
LED005454,Cold Call,,แกมแพร ตราชู,0943887939,rileydavid@example.net,PRD-LN04,EMP00051,Contacted,2026-02-17T22:17:00,6
LED005455,Branch Walk-in,CUS0008336,,0944952823,justinhernandez@example.com,PRD-WL02,EMP00129,Qualified,2025-11-02T08:46:00,44
LED005456,Cold Call,CUS0004368,,0675488661,ecunningham@example.org,PRD-CC02,EMP00029,Converted,2026-02-13T10:00:00,56
LED005457,Partner,CUS0008116,,0650742373,emiller@example.com,PRD-CC02,EMP00239,Disqualified,2026-02-24T02:49:00,34
LED005458,Web Form,,นิติ ไทยแท้,0629835340,felliott@example.com,PRD-DG02,EMP00046,Qualified,2025-01-29T08:14:00,52
LED005459,Partner,,อรจิรา หอมพิกุล,0683242795,jimeneztyler@example.org,PRD-LN02,EMP00351,Converted,2025-02-16T05:34:00,84
LED005460,Campaign,CUS0002847,,0846897547,caincarla@example.org,PRD-IN01,EMP00261,Disqualified,2025-10-29T15:50:00,91
LED005461,Partner,,อรจิรา พีระเพ็ญกุล,0956147774,samuel07@example.net,PRD-WL03,EMP00492,Converted,2025-10-29T06:41:00,11
LED005462,Cold Call,CUS0007881,,0987828311,tbell@example.org,PRD-CC04,EMP00004,Converted,2026-02-22T17:55:00,74
LED005463,Partner,,ภูวฤณ ธรรมนิยม,0640817117,whitetammy@example.net,PRD-WL03,EMP00090,Qualified,2025-08-08T04:23:00,44
LED005464,Referral,CUS0003244,,0986213996,rjohnson@example.com,PRD-SAV02,EMP00423,Converted,2025-10-29T20:10:00,77
LED005465,Cold Call,,หล้า อุลหัสสา,0841833365,ypugh@example.org,PRD-FD01,EMP00055,Disqualified,2025-05-07T00:06:00,32
LED005466,Partner,CUS0000566,,0996518470,katrina72@example.com,PRD-LN01,EMP00492,New,2025-10-01T22:59:00,27
LED005467,Referral,CUS0006601,,0880553398,garciagary@example.net,PRD-LN03,EMP00082,Disqualified,2026-04-01T19:49:00,4
LED005468,Web Form,,ปัญญาพร นิลวิมล,0945591240,collinspenny@example.org,PRD-FD01,EMP00094,New,2025-09-11T02:50:00,97
LED005469,Cold Call,,ชัชเวศย์ นรวิทย์โชติกุล,0914071080,figueroaerin@example.com,PRD-DC01,EMP00209,Disqualified,2025-11-15T10:31:00,5
LED005470,Campaign,CUS0002649,,0978092577,jhenry@example.com,PRD-WL04,EMP00267,New,2025-09-07T05:27:00,64
LED005471,Web Form,,ภารวี เณรานุสนธิ์,0961610529,gilmoretroy@example.com,PRD-IN01,EMP00314,Converted,2025-04-09T19:42:00,27
LED005472,Branch Walk-in,CUS0001061,,0641807130,mark68@example.com,PRD-CC02,EMP00082,Converted,2025-05-07T10:36:00,13
LED005473,Branch Walk-in,CUS0002249,,0648256407,jennifer46@example.net,PRD-LN04,EMP00398,Converted,2025-05-01T05:52:00,95
LED005474,Branch Walk-in,,วิรชัย ทองสีไพล,0657678166,andersonjoshua@example.net,PRD-FD02,EMP00083,Contacted,2025-12-07T10:19:00,28
LED005475,Branch Walk-in,CUS0004933,,0668528643,xcole@example.com,PRD-WL01,EMP00082,New,2026-03-25T19:39:00,72
LED005476,Partner,,มะสูเกียน ทวนทอง,0694826923,sarah00@example.net,PRD-LN01,EMP00058,Converted,2025-07-20T07:17:00,30
LED005477,Partner,,เพ็ญพรรษา ถนอมพล,0871754807,anthonypitts@example.net,PRD-WL04,EMP00274,Qualified,2025-11-14T21:35:00,52
LED005478,Partner,CUS0006410,,0870303856,stephenellis@example.net,PRD-LN02,EMP00404,Contacted,2025-09-29T03:54:00,55
LED005479,Branch Walk-in,,จินต์จุฑา ถาวรรัตน,0868652899,marissayang@example.net,PRD-IN02,EMP00096,Qualified,2025-07-07T18:39:00,2
LED005480,Branch Walk-in,CUS0004259,,0850590863,stephanie30@example.com,PRD-WL02,EMP00244,New,2025-11-21T01:47:00,18
LED005481,Campaign,,โสภา ถนัดหัตถกรรม,0924559756,townsendkeith@example.com,PRD-LN02,EMP00374,Converted,2025-12-11T21:46:00,16
LED005482,Referral,CUS0000177,,0658825640,cynthiahawkins@example.org,PRD-CC02,EMP00499,Contacted,2026-03-02T14:46:00,59
LED005483,Branch Walk-in,,บุญทิวา ดาวกระจาย,0899902599,williamsshawn@example.org,PRD-FD01,EMP00292,Disqualified,2025-04-22T06:29:00,27
LED005484,Referral,CUS0004756,,0876756518,hollowayjames@example.com,PRD-LN02,EMP00204,Qualified,2025-03-18T20:48:00,55
LED005485,Branch Walk-in,CUS0003081,,0820113286,steventhompson@example.net,PRD-DG02,EMP00408,Contacted,2026-01-23T07:25:00,100
LED005486,Cold Call,CUS0005739,,0629732574,vjohnson@example.net,PRD-LN04,EMP00391,New,2025-11-26T07:14:00,30
LED005487,Partner,CUS0001470,,0680776150,colemanaaron@example.net,PRD-FD03,EMP00331,Contacted,2025-04-28T13:01:00,7
LED005488,Referral,,พศร นับเนื่องนอ,0624545861,shortsusan@example.com,PRD-WL02,EMP00010,Contacted,2026-04-02T07:32:00,0
LED005489,Branch Walk-in,CUS0007399,,0937783666,lisamarshall@example.net,PRD-FD01,EMP00036,Contacted,2025-07-24T22:28:00,63
LED005490,Referral,CUS0002220,,0824264090,kingmelissa@example.com,PRD-CC04,EMP00445,Disqualified,2025-11-26T13:28:00,67
LED005491,Partner,CUS0006299,,0898095977,riveraalexandra@example.com,PRD-WL03,EMP00428,Contacted,2025-11-01T09:11:00,88
LED005492,Branch Walk-in,,นาตยา บุญศล,0881347049,qdawson@example.net,PRD-SAL01,EMP00318,Disqualified,2026-04-11T10:12:00,58
LED005493,Cold Call,CUS0008158,,0629880202,jasonhill@example.net,PRD-CC02,EMP00104,New,2025-11-25T07:36:00,5
LED005494,Referral,CUS0003492,,0853033776,teresa97@example.com,PRD-WL03,EMP00271,New,2026-04-25T00:51:00,67
LED005495,Branch Walk-in,CUS0005551,,0686310955,simpsonsara@example.net,PRD-WL04,EMP00246,Converted,2025-07-05T12:58:00,90
LED005496,Referral,,สมนึก บุนยะศัพท์,0890209759,annamack@example.com,PRD-DG01,EMP00230,Contacted,2026-04-12T10:44:00,46
LED005497,Branch Walk-in,CUS0009079,,0921968119,imitchell@example.com,PRD-FD03,EMP00132,Converted,2025-03-26T10:12:00,91
LED005498,Cold Call,CUS0008831,,0949331510,nicholasscott@example.net,PRD-LN03,EMP00145,Disqualified,2025-07-02T04:05:00,49
LED005499,Web Form,CUS0008562,,0939816132,csmith@example.org,PRD-WL02,EMP00296,Disqualified,2025-01-14T10:14:00,2
LED005500,Campaign,CUS0002444,,0666057513,khernandez@example.net,PRD-FD01,EMP00453,Converted,2025-04-03T09:07:00,59
LED005501,Referral,CUS0008895,,0621935847,ilopez@example.com,PRD-CC03,EMP00301,Converted,2025-08-17T22:51:00,97
LED005502,Referral,CUS0009480,,0890903155,tina07@example.net,PRD-CC04,EMP00452,Contacted,2025-10-30T19:07:00,18
LED005503,Campaign,,พรพิไล ตระกูลบุญ,0939579245,maryjohnson@example.com,PRD-FD01,EMP00065,New,2025-07-11T17:47:00,55
LED005504,Campaign,CUS0000918,,0989609264,iroberson@example.net,PRD-CC03,EMP00083,New,2026-04-20T11:41:00,23
LED005505,Campaign,CUS0004163,,0965808106,penny95@example.net,PRD-SAV02,EMP00184,Converted,2026-01-20T04:18:00,13
LED005506,Campaign,CUS0007390,,0923763262,yateschristina@example.org,PRD-FD03,EMP00132,Qualified,2025-12-06T03:20:00,47
LED005507,Partner,CUS0006458,,0894068003,jenniferbell@example.net,PRD-CC03,EMP00431,Contacted,2025-03-30T20:57:00,90
LED005508,Partner,CUS0003370,,0636500739,collinsyesenia@example.net,PRD-SAL01,EMP00237,Qualified,2025-09-13T03:31:00,58
LED005509,Referral,CUS0009707,,0637423292,garzawhitney@example.org,PRD-DG02,EMP00212,Qualified,2025-06-05T15:28:00,95
LED005510,Web Form,,ธีรวุฒิ บินดี,0655453053,kellybrown@example.org,PRD-FD02,EMP00421,Disqualified,2025-09-22T16:57:00,88
LED005511,Web Form,CUS0003043,,0813153812,paulcarson@example.org,PRD-LN02,EMP00358,Converted,2025-03-31T02:59:00,46
LED005512,Branch Walk-in,CUS0000074,,0961140683,rpeterson@example.org,PRD-CC02,EMP00170,Disqualified,2026-03-05T14:51:00,97
LED005513,Partner,,นิภา ธีวร,0861193016,charlesnovak@example.net,PRD-SAL01,EMP00320,Disqualified,2025-08-05T17:28:00,64
LED005514,Cold Call,,สิริ ชำนาญวาด,0991416466,jlee@example.net,PRD-CC04,EMP00357,Qualified,2025-10-05T09:45:00,90
LED005515,Partner,CUS0000732,,0692741275,wturner@example.com,PRD-CC04,EMP00037,Qualified,2025-12-15T20:32:00,65
LED005516,Referral,CUS0006650,,0934121266,williscynthia@example.net,PRD-SAV01,EMP00163,New,2026-03-09T03:54:00,67
LED005517,Campaign,,ณัฐวรินทร อุ่นอก,0674826641,xjackson@example.org,PRD-WL04,EMP00437,Disqualified,2025-11-11T21:30:00,29
LED005518,Cold Call,,ธัญญกัญญา เณรานุสนธิ์,0925626868,dominguezkathleen@example.com,PRD-FD03,EMP00152,New,2026-03-19T18:47:00,32
LED005519,Branch Walk-in,CUS0008402,,0882257834,shannon61@example.com,PRD-SAV02,EMP00461,Disqualified,2025-05-31T07:07:00,96
LED005520,Web Form,,สายสุรีย์ หิรัญสาลี,0690326558,keith29@example.net,PRD-LN04,EMP00311,New,2025-03-04T02:53:00,57
LED005521,Web Form,,ชนิศา ดาบเงิน,0962711802,john12@example.com,PRD-LN01,EMP00071,New,2025-11-28T20:48:00,97
LED005522,Cold Call,,ศรลักษณ์ นวลเพ็ง,0665358378,kimberlybeard@example.net,PRD-LN02,EMP00050,Contacted,2026-03-17T20:36:00,5
LED005523,Campaign,,ธวัศชา แก้วชลคราม,0831103336,donna06@example.net,PRD-WL01,EMP00450,Disqualified,2025-09-28T01:10:00,92
LED005524,Partner,,จณิตตา ถ้วนศรี,0630778186,iibarra@example.net,PRD-LN02,EMP00418,Qualified,2025-12-05T15:03:00,48
LED005525,Web Form,CUS0004827,,0840455901,vroberts@example.org,PRD-IN01,EMP00305,Converted,2026-01-20T14:45:00,65
LED005526,Campaign,,สีหราช บุนยะตีรณะ,0657724852,michellemeyer@example.net,PRD-CC01,EMP00477,Converted,2025-02-12T12:45:00,13
LED005527,Branch Walk-in,CUS0001500,,0981496314,melissa86@example.net,PRD-SAV02,EMP00245,Converted,2026-02-02T20:37:00,84
LED005528,Referral,,พาดีล๊ะ เวียงจันทึก,0682328211,underwoodjanet@example.net,PRD-IN01,EMP00448,Qualified,2025-01-09T18:10:00,12
LED005529,Campaign,CUS0008558,,0693779761,pwagner@example.org,PRD-WL04,EMP00499,Qualified,2025-03-22T18:46:00,36
LED005530,Cold Call,CUS0007915,,0953593775,erinflores@example.org,PRD-CC01,EMP00003,Contacted,2025-03-02T11:50:00,66
LED005531,Referral,CUS0007638,,0897392211,whiteelizabeth@example.com,PRD-WL02,EMP00445,New,2026-03-17T07:27:00,29
LED005532,Campaign,CUS0007081,,0982610880,marcus81@example.net,PRD-SAV01,EMP00127,Contacted,2025-01-23T13:08:00,89
LED005533,Branch Walk-in,CUS0007678,,0925093538,fpatterson@example.org,PRD-SAV02,EMP00380,Converted,2025-07-08T02:35:00,45
LED005534,Branch Walk-in,CUS0009109,,0897503893,haley86@example.net,PRD-FD03,EMP00277,Disqualified,2025-02-23T18:07:00,33
LED005535,Cold Call,CUS0001339,,0978687425,wbrooks@example.org,PRD-LN04,EMP00023,Qualified,2025-11-04T02:15:00,52
LED005536,Partner,CUS0009776,,0841020425,krystalmartinez@example.com,PRD-DG01,EMP00433,Disqualified,2025-12-19T06:30:00,72
LED005537,Web Form,,วิรชัย เตมิยะเดช,0986565723,oramirez@example.net,PRD-SAV01,EMP00122,Contacted,2025-11-21T12:29:00,84
LED005538,Campaign,,สายสุรีย์ ตั้งเผ่า,0637734637,abbottryan@example.net,PRD-FD03,EMP00073,Qualified,2025-08-21T07:04:00,21
LED005539,Branch Walk-in,CUS0000889,,0847046431,willielarson@example.net,PRD-SAV02,EMP00422,Disqualified,2025-12-05T06:52:00,93
LED005540,Campaign,,อัญชัญ ไชยภา,0649150533,virginiawood@example.org,PRD-SAL01,EMP00326,Disqualified,2025-12-21T17:10:00,60
LED005541,Campaign,CUS0002717,,0996576896,westcalvin@example.net,PRD-CC02,EMP00048,Converted,2026-02-18T19:23:00,31
LED005542,Cold Call,CUS0001346,,0915701747,michellemelton@example.net,PRD-DC01,EMP00116,Disqualified,2025-03-07T01:39:00,96
LED005543,Referral,CUS0007245,,0693545785,jessicapaul@example.org,PRD-LN02,EMP00328,New,2025-07-09T04:04:00,51
LED005544,Referral,,สรรเพชญ์ แนวพญา,0853275465,enorris@example.com,PRD-IN01,EMP00045,Converted,2026-03-25T22:51:00,27
LED005545,Referral,,ณปภัช ไทยสุชาต,0925491545,lutzshannon@example.com,PRD-DC02,EMP00393,Qualified,2025-07-06T13:14:00,84
LED005546,Referral,,หฤทัย เตชะกำพุ,0817248039,brandon89@example.net,PRD-CC04,EMP00063,New,2025-10-03T02:50:00,38
LED005547,Web Form,CUS0007392,,0658897710,courtney57@example.org,PRD-FD02,EMP00088,Qualified,2026-01-02T04:32:00,47
LED005548,Web Form,CUS0001708,,0865485766,peter80@example.net,PRD-SAV01,EMP00052,New,2025-03-07T04:42:00,46
LED005549,Branch Walk-in,CUS0001069,,0978481477,jason69@example.net,PRD-CC02,EMP00437,Qualified,2025-04-14T20:48:00,6
LED005550,Campaign,,เฉลิมรัฐ นาถะพินธุ,0941212188,martinmegan@example.org,PRD-WL02,EMP00102,New,2025-03-01T07:27:00,47
LED005551,Web Form,CUS0008191,,0670658677,zoejenkins@example.net,PRD-IN01,EMP00183,Qualified,2025-03-05T04:51:00,26
LED005552,Partner,CUS0002104,,0882572792,carlsonangelica@example.com,PRD-WL02,EMP00221,Converted,2025-07-24T18:40:00,100
LED005553,Campaign,CUS0005727,,0979098280,matthew25@example.com,PRD-LN02,EMP00177,Disqualified,2026-03-25T12:10:00,50
LED005554,Web Form,CUS0004250,,0846807285,ballardjames@example.org,PRD-SAL01,EMP00153,New,2025-11-27T17:10:00,50
LED005555,Referral,CUS0003294,,0992087310,ijoseph@example.com,PRD-DC02,EMP00251,Qualified,2025-06-17T06:58:00,21
LED005556,Partner,CUS0000888,,0653644536,scott07@example.net,PRD-SAL01,EMP00171,Contacted,2025-09-29T21:02:00,78
LED005557,Web Form,CUS0002113,,0937188885,ctaylor@example.org,PRD-DC02,EMP00327,Converted,2025-10-27T18:06:00,56
LED005558,Partner,,ปริญญา อัตตนาถ,0832036377,jessicacollins@example.com,PRD-WL02,EMP00424,Converted,2025-07-17T23:28:00,33
LED005559,Branch Walk-in,CUS0005912,,0826138770,jakerichards@example.org,PRD-CUR01,EMP00454,Disqualified,2025-06-02T11:40:00,37
LED005560,Cold Call,CUS0006490,,0983593846,youngbrady@example.org,PRD-CC03,EMP00045,Contacted,2025-12-14T03:26:00,57
LED005561,Cold Call,,มนรัตน์ ตรีครุธพันธุ์,0850122122,svargas@example.com,PRD-CC04,EMP00232,Disqualified,2026-02-02T15:32:00,10
LED005562,Cold Call,,เยาวรัตน์ ถนอมกุลบุตร,0947853047,sullivanaaron@example.org,PRD-FD02,EMP00436,New,2025-05-28T01:43:00,12
LED005563,Web Form,CUS0008210,,0885769061,sberg@example.org,PRD-LN02,EMP00408,Qualified,2026-01-07T17:48:00,1
LED005564,Referral,,จิตตานันท์ ถนัดรบ,0688871569,stephenmoore@example.net,PRD-DG02,EMP00339,Qualified,2026-01-08T02:07:00,2
LED005565,Campaign,CUS0002918,,0869322386,barkerjennifer@example.com,PRD-IN01,EMP00058,Converted,2025-10-17T09:51:00,11
LED005566,Web Form,,พัชรีนิษฐ์ ทองลาภ,0849454909,daltoncourtney@example.net,PRD-DG01,EMP00031,Qualified,2025-08-08T14:14:00,70
LED005567,Referral,CUS0000216,,0681155197,melissaperez@example.org,PRD-DG02,EMP00330,Qualified,2025-09-27T00:54:00,84
LED005568,Campaign,,สุพัตรา เธียรายัน,0614276380,hmarks@example.com,PRD-DC02,EMP00049,Disqualified,2025-03-05T11:43:00,80
LED005569,Branch Walk-in,CUS0007720,,0842424759,shawn53@example.net,PRD-SAV01,EMP00451,New,2025-04-22T17:46:00,84
LED005570,Campaign,,สุธินันท์ ทองสุกเลิศ,0648516968,steinbradley@example.net,PRD-WL02,EMP00419,Converted,2026-01-23T20:06:00,64
LED005571,Cold Call,CUS0009974,,0981397538,ucastro@example.net,PRD-LN03,EMP00143,New,2025-03-28T07:13:00,85
LED005572,Cold Call,CUS0003613,,0956231301,gjohnson@example.com,PRD-FD02,EMP00317,New,2025-07-10T13:20:00,20
LED005573,Web Form,CUS0003718,,0682922713,amberreed@example.org,PRD-WL04,EMP00463,Converted,2025-10-02T20:58:00,74
LED005574,Partner,CUS0002066,,0975938224,melissamathis@example.org,PRD-LN02,EMP00390,New,2026-02-13T13:13:00,62
LED005575,Partner,,มะลีวัลย์ ทองลาภ,0817542764,mjohns@example.org,PRD-FD03,EMP00315,Disqualified,2025-11-25T23:09:00,60
LED005576,Partner,CUS0007417,,0918106524,carlos82@example.org,PRD-DC01,EMP00475,New,2025-06-02T13:41:00,84
LED005577,Referral,,จรรยพร บุณยะภาชน์,0997319400,obarnes@example.net,PRD-WL02,EMP00219,Qualified,2025-12-26T20:25:00,9
LED005578,Campaign,,บุญพา ศรีตะวัน,0672304844,cynthia12@example.com,PRD-CC03,EMP00190,Contacted,2025-05-28T06:24:00,59
LED005579,Cold Call,CUS0006914,,0616465360,howellmarcus@example.net,PRD-CC01,EMP00488,Contacted,2026-01-16T04:46:00,4
LED005580,Partner,CUS0005749,,0636952862,rwatson@example.org,PRD-FD02,EMP00113,Converted,2025-05-23T04:17:00,43
LED005581,Cold Call,,ธราวิทญ์ ธรรมทินนา,0636666065,jeffrey08@example.org,PRD-DC01,EMP00217,Converted,2025-10-08T13:14:00,2
LED005582,Cold Call,,ญาณพันธุ์ จ้อยนุแสง,0832422087,nathan19@example.org,PRD-LN04,EMP00171,Converted,2025-12-30T10:48:00,13
LED005583,Cold Call,CUS0002259,,0970482833,mandrade@example.net,PRD-FD03,EMP00252,Qualified,2025-07-13T10:35:00,53
LED005584,Campaign,CUS0007521,,0840253455,reedclayton@example.com,PRD-LN01,EMP00147,Disqualified,2025-05-04T12:00:00,60
LED005585,Campaign,,หลี แถมธน,0914866742,vgiles@example.com,PRD-IN02,EMP00411,Converted,2025-04-10T15:06:00,58
LED005586,Campaign,,วิสาร ขุนดำ,0937068514,steven64@example.net,PRD-WL03,EMP00223,Disqualified,2026-03-06T17:13:00,34
LED005587,Branch Walk-in,CUS0005806,,0689017520,huynhmichael@example.org,PRD-DC02,EMP00075,Contacted,2025-12-02T08:21:00,83
LED005588,Referral,,ทับทิม แจ้งสว่าง,0843245142,leahvargas@example.com,PRD-DG02,EMP00049,Converted,2025-11-02T14:40:00,47
LED005589,Campaign,,จันทภา ตัณสถิตย์,0689249241,williamsonkathleen@example.net,PRD-FD03,EMP00219,Qualified,2025-04-21T08:07:00,94
LED005590,Campaign,,ซุกรี นฤทุกข์,0680449517,whitevalerie@example.com,PRD-WL02,EMP00163,Contacted,2025-07-04T21:54:00,99
LED005591,Referral,CUS0002174,,0960425257,icalhoun@example.com,PRD-IN01,EMP00158,New,2026-03-09T20:31:00,17
LED005592,Partner,CUS0009734,,0655412130,courtneylozano@example.net,PRD-DC02,EMP00401,Contacted,2026-04-05T18:51:00,34
LED005593,Branch Walk-in,,วรรณาต ทรัพย์ธำรงค์,0861474385,robertmora@example.com,PRD-FD03,EMP00303,Contacted,2025-05-27T15:42:00,4
LED005594,Referral,,ซูไรดา นาคสุทิน,0852144163,ydavid@example.net,PRD-WL03,EMP00188,Disqualified,2025-06-28T08:24:00,44
LED005595,Campaign,CUS0005355,,0854277533,vaughnsarah@example.com,PRD-DG02,EMP00437,Contacted,2025-02-06T20:00:00,36
LED005596,Campaign,,ศจีกาญจน์ อุลหัสสา,0613809762,hbradshaw@example.com,PRD-FD03,EMP00060,Qualified,2025-04-17T08:08:00,45
LED005597,Branch Walk-in,,ณิชาภัทร ธรรมฤดี,0895459385,zking@example.com,PRD-CC03,EMP00402,Contacted,2025-09-28T10:03:00,54
LED005598,Branch Walk-in,CUS0000810,,0955767722,maria71@example.com,PRD-WL03,EMP00498,Contacted,2025-02-08T21:19:00,40
LED005599,Branch Walk-in,CUS0001708,,0969056926,uvincent@example.org,PRD-CC03,EMP00053,Converted,2026-01-14T14:55:00,75
LED005600,Partner,,สุธาวี อัตตนาถ,0987713414,ybradley@example.net,PRD-WL01,EMP00339,New,2026-04-27T03:26:00,16
LED005601,Referral,,บุญพา ถิรสวัสดิ์,0650575571,brenda04@example.org,PRD-CC02,EMP00183,New,2025-05-10T01:52:00,100
LED005602,Cold Call,,สุรธัช เณรานุสนธิ์,0649063762,christy76@example.com,PRD-FD01,EMP00250,Qualified,2025-02-13T20:55:00,67
LED005603,Web Form,CUS0006990,,0631333505,gracejackson@example.net,PRD-CUR01,EMP00210,New,2026-04-07T19:50:00,79
LED005604,Branch Walk-in,,ประวี แต้กุล,0631487334,rachel51@example.org,PRD-LN03,EMP00038,New,2025-07-12T05:26:00,2
LED005605,Campaign,CUS0009665,,0682600504,tiffany45@example.com,PRD-FD03,EMP00210,Converted,2025-02-11T18:02:00,1
LED005606,Partner,CUS0004348,,0666396525,jasonjohnson@example.org,PRD-WL03,EMP00242,Disqualified,2025-05-30T14:03:00,5
LED005607,Partner,CUS0008141,,0961010572,kaylee73@example.org,PRD-SAV01,EMP00426,Contacted,2026-04-11T04:08:00,4
LED005608,Campaign,CUS0002783,,0815762936,randypetersen@example.com,PRD-CC01,EMP00310,New,2026-03-21T16:40:00,93
LED005609,Branch Walk-in,CUS0005574,,0645191013,timlee@example.com,PRD-FD03,EMP00123,New,2026-01-02T15:27:00,11
LED005610,Campaign,,อชิตะวีร์ ถนัดรบ,0910917937,tonyjohnson@example.com,PRD-DG02,EMP00243,Contacted,2026-01-28T03:22:00,14
LED005611,Branch Walk-in,,เกริกพล อุลหัสสา,0625934360,asteele@example.org,PRD-SAL01,EMP00269,New,2025-07-12T09:22:00,48
LED005612,Partner,,ศุภาศิล บุนยะตีรณะ,0992494744,ericwilliams@example.com,PRD-LN01,EMP00246,New,2026-04-20T11:02:00,73
LED005613,Branch Walk-in,CUS0009885,,0841065868,lisawells@example.org,PRD-WL04,EMP00264,Qualified,2025-11-01T12:16:00,3
LED005614,Cold Call,,ประไพพักตร์ ถนัดพิมพการ,0832842607,williamsmark@example.org,PRD-SAV01,EMP00296,Qualified,2025-10-04T10:21:00,54
LED005615,Referral,,โกมล ทองสีไพล,0880786777,johnsonhannah@example.org,PRD-IN02,EMP00409,New,2025-05-27T15:35:00,96
LED005616,Referral,CUS0009252,,0648884190,villajustin@example.org,PRD-FD02,EMP00297,Qualified,2025-05-07T19:46:00,52
LED005617,Campaign,CUS0008900,,0952507688,megan86@example.net,PRD-CC03,EMP00299,Contacted,2025-01-26T07:15:00,61
LED005618,Branch Walk-in,CUS0006076,,0827137249,troy91@example.org,PRD-CC03,EMP00392,Converted,2025-04-16T14:38:00,46
LED005619,Branch Walk-in,CUS0006928,,0984460115,csawyer@example.org,PRD-CC02,EMP00110,Qualified,2026-03-14T22:35:00,65
LED005620,Campaign,CUS0004957,,0875188859,npatel@example.com,PRD-WL03,EMP00484,Contacted,2025-02-08T12:22:00,98
LED005621,Web Form,,อับดุลเลาะห์ งามพิเชษฐ์,0691938494,dwaynemaxwell@example.net,PRD-CC01,EMP00224,Disqualified,2026-04-07T23:01:00,77
LED005622,Referral,,พีระพงศ์พันธ์ ตัณสถิตย์,0921663580,justin29@example.com,PRD-LN04,EMP00438,Disqualified,2025-05-04T05:39:00,63
LED005623,Campaign,CUS0006876,,0971912263,harrisondeanna@example.net,PRD-DC01,EMP00263,Converted,2025-08-15T02:12:00,79
LED005624,Cold Call,,มะสูเกียน ศรีอุ่น,0994550337,michael81@example.net,PRD-IN01,EMP00354,Converted,2025-06-27T21:28:00,53
LED005625,Branch Walk-in,,กันตวรรณ ตันเผ่า,0967502014,ele@example.net,PRD-SAL01,EMP00357,Converted,2025-07-29T05:02:00,53
LED005626,Partner,CUS0000538,,0832232845,brooke84@example.com,PRD-LN01,EMP00292,Contacted,2025-09-02T12:23:00,72
LED005627,Partner,,มะลีวัลย์ ธูปหอม,0828582558,terryheidi@example.net,PRD-LN01,EMP00462,Contacted,2026-02-21T14:51:00,72
LED005628,Branch Walk-in,,มะลีวัลย์ สุวรรณหงษ์,0887828287,ashleyanthony@example.net,PRD-LN04,EMP00490,Qualified,2025-01-02T19:13:00,65
LED005629,Referral,CUS0004976,,0921810165,tjones@example.org,PRD-DG01,EMP00413,New,2025-03-24T05:33:00,12
LED005630,Cold Call,CUS0006073,,0811424945,leesamantha@example.net,PRD-WL02,EMP00307,Contacted,2026-01-30T21:22:00,42
LED005631,Referral,,สันชัย เตมิยะเดช,0672734592,matthew37@example.com,PRD-WL04,EMP00490,Disqualified,2025-11-23T03:43:00,38
LED005632,Web Form,,พิพิธธน เนื่องนนท์,0677873051,dwebb@example.com,PRD-IN02,EMP00390,Converted,2025-10-31T11:50:00,61
LED005633,Campaign,CUS0009787,,0612099994,abeck@example.net,PRD-CUR01,EMP00220,Disqualified,2025-10-16T00:00:00,64
LED005634,Cold Call,CUS0009454,,0835335082,xjones@example.org,PRD-CUR01,EMP00136,Disqualified,2026-04-16T20:13:00,58
LED005635,Campaign,,ปิยวัจน์ ทศโยธิน,0925407014,stravis@example.net,PRD-IN01,EMP00126,Converted,2026-03-02T00:27:00,8
LED005636,Referral,,เนตรฤดี นิลวิมล,0841775447,erikruiz@example.net,PRD-FD01,EMP00175,Contacted,2025-11-14T21:31:00,2
LED005637,Web Form,,ชนิศา ทหารแท้,0696766796,kyleparsons@example.org,PRD-FD02,EMP00247,Qualified,2025-04-25T22:20:00,91
LED005638,Referral,CUS0004676,,0928823395,zacharygonzalez@example.net,PRD-SAV01,EMP00333,Contacted,2025-07-05T07:08:00,78
LED005639,Referral,,สมพิศ เยาวธนโชค,0991389069,xlopez@example.org,PRD-CC02,EMP00452,Qualified,2025-08-23T00:23:00,55
LED005640,Campaign,,ทับทิม แนวพญา,0642260449,weberveronica@example.com,PRD-SAV02,EMP00065,Converted,2025-02-24T19:09:00,76
LED005641,Referral,,จิตรลดา ยาปะโลหิต,0870782335,evang@example.com,PRD-IN02,EMP00152,Contacted,2025-11-30T03:47:00,24
LED005642,Referral,,ลัดดา ทองลาภ,0996932349,apadilla@example.com,PRD-DG01,EMP00435,New,2025-08-23T06:53:00,12
LED005643,Campaign,,พรชีวิน ฉัพพรรณธนกูร,0679042782,dawn05@example.org,PRD-DC01,EMP00091,New,2025-11-25T16:46:00,13
LED005644,Branch Walk-in,CUS0009152,,0911912307,meganrosario@example.com,PRD-DG02,EMP00448,Contacted,2025-08-23T09:23:00,64
LED005645,Branch Walk-in,CUS0004765,,0812498653,garrett61@example.com,PRD-CC01,EMP00347,Contacted,2025-10-04T19:46:00,83
LED005646,Campaign,CUS0008792,,0627921418,vclark@example.net,PRD-FD01,EMP00034,New,2026-04-30T09:01:00,47
LED005647,Web Form,CUS0004005,,0966022546,yjackson@example.net,PRD-LN02,EMP00470,Disqualified,2025-06-25T19:21:00,25
LED005648,Campaign,,โชคภาดล บุญศล,0613010911,urodriguez@example.com,PRD-DC01,EMP00139,Converted,2025-01-26T16:14:00,69
LED005649,Partner,,ปัณณวัชร บุตดา,0634651480,james23@example.com,PRD-CC04,EMP00178,Disqualified,2025-11-29T06:46:00,72
LED005650,Referral,,ณัฐติญา เตชะกำพุ,0931967188,patricia12@example.com,PRD-DC01,EMP00384,Contacted,2025-09-26T08:04:00,20
LED005651,Campaign,CUS0005037,,0617807860,jacqueline75@example.net,PRD-LN04,EMP00322,Qualified,2025-12-12T03:15:00,97
LED005652,Web Form,CUS0003960,,0680429041,danielnelson@example.com,PRD-CC03,EMP00165,Converted,2025-05-17T03:13:00,31
LED005653,Referral,,อนุวัช ศรีอุ่น,0828944838,bramos@example.com,PRD-WL04,EMP00354,Qualified,2025-09-18T14:49:00,34
LED005654,Web Form,CUS0009287,,0653722212,hoffmanjasmine@example.net,PRD-LN02,EMP00040,Converted,2025-02-03T18:07:00,53
LED005655,Cold Call,,ปัญญาพร อุลหัสสา,0821653271,feliciadixon@example.com,PRD-SAV01,EMP00413,Converted,2025-01-16T22:48:00,26
LED005656,Campaign,CUS0004413,,0889844338,robert50@example.org,PRD-LN02,EMP00217,New,2025-04-23T08:58:00,68
LED005657,Campaign,,ปาริตา นะวะมันดร,0641371152,aaronpatterson@example.net,PRD-DC01,EMP00138,Contacted,2025-11-09T23:00:00,63
LED005658,Branch Walk-in,,ปภาวรินทร์ พรรษาสกุล,0628096303,paul04@example.com,PRD-SAL01,EMP00061,Contacted,2025-01-02T05:29:00,30
LED005659,Web Form,,สุธาวี เยาวธนโชค,0876672689,michelle36@example.org,PRD-DC02,EMP00201,New,2025-06-17T03:05:00,86
LED005660,Referral,CUS0003956,,0886304199,melaniewilson@example.net,PRD-WL02,EMP00027,Qualified,2026-04-26T00:42:00,14
LED005661,Cold Call,CUS0001186,,0855778926,acarter@example.org,PRD-DG01,EMP00006,Qualified,2025-05-09T02:32:00,42
LED005662,Partner,CUS0007071,,0966584020,summer61@example.com,PRD-FD02,EMP00180,Qualified,2025-03-25T02:07:00,35
LED005663,Cold Call,CUS0000312,,0999979182,mrichardson@example.com,PRD-IN01,EMP00311,Converted,2025-06-08T12:03:00,38
LED005664,Cold Call,,ศศินา นุ่มกัน,0932852455,joshuagilbert@example.org,PRD-LN01,EMP00098,New,2026-02-12T13:42:00,79
LED005665,Referral,CUS0003993,,0836837587,gdougherty@example.org,PRD-DC02,EMP00357,Disqualified,2026-03-20T15:19:00,82
LED005666,Web Form,CUS0000423,,0821085144,tyler54@example.net,PRD-DG02,EMP00436,Converted,2026-03-20T11:03:00,54
LED005667,Web Form,,สัญชาน บุญบำรุง,0941280439,christopher00@example.net,PRD-FD01,EMP00041,Contacted,2025-10-05T13:45:00,61
LED005668,Web Form,CUS0008689,,0845835226,jriley@example.org,PRD-LN01,EMP00306,Converted,2025-06-30T16:46:00,60
LED005669,Branch Walk-in,CUS0008585,,0972262091,greenscott@example.net,PRD-LN04,EMP00107,Qualified,2025-12-08T22:24:00,8
LED005670,Referral,,ณัฐวรินทร อุ่นอก,0983305718,fernando50@example.net,PRD-CUR01,EMP00430,New,2025-01-30T16:35:00,18
LED005671,Campaign,,ยูซุฟ ไตรบรรพ,0852548186,melissarichard@example.com,PRD-CC03,EMP00341,Disqualified,2026-04-07T13:55:00,51
LED005672,Partner,,ยศพงศ์ พรสีมา,0636667569,richardmiller@example.org,PRD-SAV02,EMP00144,Disqualified,2025-01-28T20:55:00,11
LED005673,Branch Walk-in,CUS0003346,,0674352775,jenniferwebster@example.org,PRD-CC02,EMP00396,Qualified,2026-04-30T02:14:00,4
LED005674,Partner,,สรายุทธ บินดี,0631547093,amy81@example.net,PRD-LN02,EMP00002,New,2025-08-06T08:39:00,48
LED005675,Referral,,รักชนก นิยมธรรม,0626645006,knightbrandon@example.net,PRD-LN04,EMP00492,New,2026-03-26T02:52:00,54
LED005676,Partner,CUS0002897,,0617737037,anthonybaker@example.com,PRD-DC02,EMP00358,Contacted,2025-03-03T01:16:00,22
LED005677,Referral,CUS0000509,,0822878242,hkhan@example.org,PRD-WL01,EMP00175,New,2025-06-13T19:33:00,3
LED005678,Cold Call,CUS0006383,,0947482720,travis74@example.net,PRD-SAV02,EMP00098,New,2026-01-26T06:59:00,73
LED005679,Cold Call,CUS0004334,,0872039040,martinezjohn@example.org,PRD-IN02,EMP00079,Disqualified,2025-03-09T03:10:00,93
LED005680,Cold Call,CUS0001307,,0997901811,beth23@example.net,PRD-CC04,EMP00031,Contacted,2025-06-16T00:29:00,10
LED005681,Web Form,CUS0005895,,0823059865,sbeard@example.net,PRD-FD01,EMP00171,Converted,2025-03-16T02:01:00,85
LED005682,Web Form,CUS0002088,,0696913247,amypowell@example.net,PRD-FD01,EMP00455,New,2025-11-09T15:34:00,55
LED005683,Partner,,ศศินา วุฑฒยากร,0614083534,amber61@example.com,PRD-CC01,EMP00381,New,2025-02-17T19:36:00,56
LED005684,Campaign,CUS0008356,,0991112686,davisjustin@example.org,PRD-SAV01,EMP00300,Qualified,2026-04-23T18:37:00,48
LED005685,Campaign,,ทัตธน ทำประดู่,0840493983,brooke86@example.org,PRD-IN01,EMP00006,Contacted,2025-03-18T12:47:00,11
LED005686,Branch Walk-in,CUS0006626,,0848108080,crystalwelch@example.org,PRD-LN04,EMP00201,Converted,2025-01-03T19:23:00,14
LED005687,Campaign,,มลิวรรณ ถาวระวรณ์,0820553972,milesgilbert@example.com,PRD-CC04,EMP00490,Qualified,2025-01-10T22:32:00,31
LED005688,Referral,CUS0009994,,0695707045,rstephenson@example.com,PRD-DC01,EMP00113,Contacted,2025-04-17T16:36:00,12
LED005689,Partner,,แกมแพร ถนอมกุลบุตร,0990959702,robertparker@example.net,PRD-DG01,EMP00372,Qualified,2026-02-07T17:24:00,36
LED005690,Web Form,CUS0001087,,0670555811,jessicapark@example.com,PRD-DC01,EMP00473,New,2025-03-24T01:05:00,94
LED005691,Web Form,CUS0009948,,0651658170,marywashington@example.org,PRD-DC01,EMP00376,Converted,2025-03-27T08:33:00,49
LED005692,Cold Call,CUS0005501,,0842741423,aimee23@example.net,PRD-LN04,EMP00276,Contacted,2026-03-17T11:25:00,69
LED005693,Web Form,CUS0000040,,0613488624,jlawson@example.org,PRD-LN04,EMP00331,New,2025-11-17T18:39:00,96
LED005694,Branch Walk-in,CUS0003265,,0618346383,myersjoseph@example.net,PRD-WL04,EMP00301,New,2025-06-06T17:20:00,23
LED005695,Web Form,CUS0004464,,0618675118,christopher42@example.net,PRD-WL01,EMP00344,Qualified,2025-04-11T15:11:00,49
LED005696,Branch Walk-in,CUS0007908,,0812416144,fholmes@example.com,PRD-SAV01,EMP00434,Converted,2026-03-26T13:35:00,81
LED005697,Branch Walk-in,CUS0007100,,0620176372,shannonpollard@example.net,PRD-DG02,EMP00104,Qualified,2026-02-13T23:19:00,47
LED005698,Branch Walk-in,,พลภูมิ พีระเพ็ญกุล,0846303112,thomasfrances@example.com,PRD-FD01,EMP00086,New,2025-03-05T19:53:00,7
LED005699,Branch Walk-in,,อาแอเสาะ เนื่องนนท์,0965635553,gsmall@example.net,PRD-DG01,EMP00294,Qualified,2025-11-20T13:57:00,18
LED005700,Web Form,CUS0008330,,0970998602,michael40@example.org,PRD-WL04,EMP00271,New,2026-04-25T19:30:00,61
LED005701,Partner,CUS0001993,,0864833835,mking@example.net,PRD-FD03,EMP00116,Contacted,2025-09-08T11:29:00,83
LED005702,Web Form,CUS0004014,,0841075861,nicole91@example.org,PRD-SAL01,EMP00308,Contacted,2025-11-18T17:39:00,79
LED005703,Referral,,หรรษธร ไทยสุชาต,0899923789,rickysmith@example.com,PRD-WL02,EMP00482,Qualified,2025-02-08T09:45:00,35
LED005704,Campaign,CUS0000368,,0920871164,frederickwilcox@example.net,PRD-FD02,EMP00189,Disqualified,2025-07-10T19:34:00,40
LED005705,Campaign,,มัตติกา แนวพนิช,0982753835,samantha76@example.org,PRD-SAL01,EMP00265,Converted,2025-01-30T07:53:00,100
LED005706,Campaign,CUS0008500,,0661336257,smithshane@example.com,PRD-CUR01,EMP00222,New,2025-12-12T18:57:00,41
LED005707,Campaign,,จันทภา นิละทัต,0914724522,patrickjordan@example.com,PRD-LN01,EMP00101,Qualified,2025-11-02T06:23:00,96
LED005708,Branch Walk-in,CUS0005266,,0857453636,erica75@example.org,PRD-CUR01,EMP00199,Converted,2025-12-07T03:27:00,83
LED005709,Partner,,นรีกานต์ ชุมวระ,0831843167,nancy40@example.com,PRD-DG01,EMP00223,Qualified,2025-07-07T04:35:00,14
LED005710,Campaign,CUS0007024,,0942022003,martinezkaren@example.org,PRD-LN03,EMP00389,Disqualified,2025-01-23T11:37:00,29
LED005711,Campaign,,ธราวิทญ์ เลขะพันธุ์,0819994082,moorekevin@example.com,PRD-CC03,EMP00192,Qualified,2026-04-15T08:33:00,83
LED005712,Web Form,CUS0004887,,0875606141,ecooley@example.org,PRD-DG01,EMP00313,Converted,2025-11-14T08:20:00,29
LED005713,Partner,,จักรีรัตน์ ตั้งเผ่า,0615298398,thomas25@example.org,PRD-CC04,EMP00085,Contacted,2025-12-04T22:51:00,2
LED005714,Branch Walk-in,,สุไฮลัน ดวงทับทิม,0621461200,nicole95@example.net,PRD-DC01,EMP00115,Converted,2025-10-26T20:41:00,25
LED005715,Referral,CUS0008747,,0914724209,john10@example.org,PRD-FD02,EMP00088,Disqualified,2025-07-22T18:09:00,26
LED005716,Web Form,CUS0009975,,0664245424,davisaaron@example.org,PRD-WL02,EMP00428,Contacted,2025-04-07T12:16:00,82
LED005717,Cold Call,CUS0009598,,0952503791,nmartinez@example.org,PRD-CC01,EMP00346,Disqualified,2026-03-01T22:27:00,65
LED005718,Web Form,CUS0009487,,0632826907,rfrank@example.com,PRD-IN02,EMP00357,Contacted,2026-02-24T14:01:00,71
LED005719,Web Form,CUS0000753,,0995804011,ryantodd@example.net,PRD-FD02,EMP00190,Converted,2025-11-27T01:40:00,20
LED005720,Web Form,,ศรินยา นิลเสนา,0695310258,johnsonangie@example.net,PRD-SAV01,EMP00383,New,2025-09-01T15:54:00,73
LED005721,Partner,,สุกฤษตา แนวพนิช,0939000865,icook@example.net,PRD-LN03,EMP00088,Contacted,2025-07-08T06:29:00,65
LED005722,Cold Call,CUS0002807,,0650288048,gilesdon@example.org,PRD-IN02,EMP00099,Disqualified,2025-06-12T16:06:00,83
LED005723,Campaign,CUS0002709,,0820744462,patrick19@example.com,PRD-DG01,EMP00105,Converted,2025-03-22T03:36:00,70
LED005724,Cold Call,,ยุศรอน ทรงโกมล,0910694591,mhatfield@example.net,PRD-LN03,EMP00375,Disqualified,2025-09-30T08:49:00,93
LED005725,Referral,CUS0003910,,0638159235,leslie16@example.org,PRD-CC02,EMP00451,New,2025-05-15T02:25:00,97
LED005726,Campaign,,ประยุทธ์ ร่มธิติรัตน์,0698103457,nathandavis@example.com,PRD-WL04,EMP00463,Contacted,2025-07-31T13:50:00,0
LED005727,Cold Call,,ทวีวัฒน์ ฉัพพรรณธนกูร,0818994845,juliasmith@example.net,PRD-SAL01,EMP00378,Disqualified,2025-06-20T22:02:00,4
LED005728,Partner,,ศศิธร บุนยาภิสนท์,0682087629,sandersangela@example.net,PRD-DC02,EMP00424,Contacted,2025-02-19T10:56:00,89
LED005729,Cold Call,,อุษณีย์ นิระหานี,0614969789,christopher74@example.org,PRD-DC01,EMP00065,Converted,2025-06-24T03:33:00,8
LED005730,Cold Call,,วุฒิ เวียงจันทึก,0967956116,scott45@example.net,PRD-LN02,EMP00223,New,2025-03-17T07:34:00,19
LED005731,Campaign,,อินทรีย์ ทองแท้,0697068404,shannon04@example.com,PRD-SAL01,EMP00497,Converted,2025-07-09T01:12:00,90
LED005732,Partner,CUS0005833,,0852429948,drobinson@example.org,PRD-IN02,EMP00253,Disqualified,2026-04-24T04:16:00,56
LED005733,Referral,CUS0005873,,0635876206,claireallen@example.com,PRD-IN01,EMP00173,New,2026-03-29T12:33:00,44
LED005734,Web Form,CUS0007340,,0921321327,zneal@example.org,PRD-WL02,EMP00366,Disqualified,2026-01-01T21:18:00,86
LED005735,Branch Walk-in,CUS0003692,,0613338854,kevin49@example.com,PRD-SAV01,EMP00355,Disqualified,2025-12-07T06:11:00,30
LED005736,Partner,CUS0002122,,0656437660,tamaraevans@example.com,PRD-SAV01,EMP00248,New,2025-03-26T08:50:00,24
LED005737,Web Form,CUS0002496,,0695823505,smithsara@example.net,PRD-FD01,EMP00419,Disqualified,2025-11-18T03:35:00,85
LED005738,Branch Walk-in,CUS0005617,,0672340628,herreraanthony@example.net,PRD-DG02,EMP00375,Disqualified,2025-10-13T18:54:00,40
LED005739,Referral,CUS0005957,,0630545942,bradleysmith@example.net,PRD-LN03,EMP00395,Disqualified,2025-04-20T14:15:00,91
LED005740,Branch Walk-in,CUS0002275,,0920237858,levi61@example.net,PRD-LN03,EMP00443,Disqualified,2025-08-16T20:35:00,15
LED005741,Branch Walk-in,CUS0008024,,0918287981,daniel69@example.net,PRD-FD01,EMP00069,Disqualified,2025-11-02T12:53:00,52
LED005742,Campaign,CUS0004692,,0615489893,vmoyer@example.com,PRD-WL03,EMP00312,Contacted,2026-02-02T00:54:00,29
LED005743,Web Form,,ซุกรี นิยมเซียม,0811735758,smithkimberly@example.net,PRD-LN03,EMP00296,Qualified,2026-01-12T16:32:00,50
LED005744,Partner,CUS0008444,,0983886761,irobinson@example.com,PRD-LN03,EMP00153,Disqualified,2026-02-15T13:10:00,52
LED005745,Web Form,CUS0001210,,0620292548,marksjustin@example.com,PRD-SAL01,EMP00215,New,2025-08-10T09:15:00,49
LED005746,Partner,CUS0003612,,0695103075,shawn15@example.net,PRD-FD03,EMP00261,Qualified,2025-06-30T13:38:00,57
LED005747,Referral,CUS0004157,,0979222339,vlynch@example.com,PRD-FD01,EMP00262,New,2025-01-16T17:42:00,59
LED005748,Campaign,CUS0001561,,0914520430,courtney07@example.org,PRD-LN03,EMP00440,Contacted,2025-08-20T23:03:00,76
LED005749,Cold Call,CUS0007072,,0634714466,garcialuke@example.com,PRD-DG01,EMP00016,New,2026-04-13T18:18:00,27
LED005750,Campaign,CUS0007286,,0692257019,lori39@example.net,PRD-IN01,EMP00295,Contacted,2025-10-15T11:56:00,30
LED005751,Partner,,ราชัน บุนยะตีรณะ,0815903399,angelbush@example.net,PRD-SAL01,EMP00234,Converted,2025-04-07T04:05:00,66
LED005752,Branch Walk-in,CUS0009214,,0698209921,ybowman@example.org,PRD-WL04,EMP00386,Converted,2026-02-20T15:33:00,13
LED005753,Campaign,CUS0008643,,0868050246,xwilliams@example.org,PRD-CC02,EMP00028,Disqualified,2025-03-23T17:00:00,2
LED005754,Web Form,CUS0000905,,0658679996,erichardson@example.com,PRD-SAL01,EMP00351,New,2025-04-29T07:14:00,82
LED005755,Campaign,CUS0009461,,0865726542,mmorse@example.net,PRD-DC01,EMP00364,Qualified,2026-04-04T19:37:00,53
LED005756,Cold Call,CUS0008837,,0671128403,leaton@example.com,PRD-DC02,EMP00402,Disqualified,2025-02-25T10:53:00,3
LED005757,Referral,,ธีราทัต นครเทพ,0833103033,jacksontraci@example.net,PRD-IN01,EMP00404,Converted,2026-02-28T17:13:00,22
LED005758,Branch Walk-in,,นุจรี บุนยะศัพท์,0668302669,teresa64@example.com,PRD-LN04,EMP00312,Contacted,2025-11-10T14:21:00,67
LED005759,Web Form,CUS0003759,,0883968192,tracy46@example.org,PRD-CC01,EMP00489,Disqualified,2025-07-06T02:51:00,75
LED005760,Referral,CUS0002596,,0970167565,broach@example.com,PRD-CC04,EMP00359,Contacted,2025-05-21T11:02:00,57
LED005761,Campaign,,วีรชัย มนทอง,0886392452,nortiz@example.org,PRD-LN03,EMP00233,Qualified,2025-05-29T23:56:00,18
LED005762,Referral,,เพ็ญพรรษา ถาวระวรณ์,0817246802,dakotawilliams@example.com,PRD-FD02,EMP00461,New,2026-04-14T21:53:00,85
LED005763,Campaign,CUS0001541,,0949277762,heatherbrown@example.net,PRD-SAV01,EMP00139,Contacted,2025-12-06T13:50:00,75
LED005764,Cold Call,CUS0001068,,0885425691,ytaylor@example.org,PRD-WL01,EMP00481,Converted,2025-03-15T13:23:00,66
LED005765,Partner,CUS0005088,,0658080231,amandahurst@example.com,PRD-CUR01,EMP00415,Converted,2025-10-19T22:51:00,43
LED005766,Referral,CUS0009133,,0675013029,cwilson@example.net,PRD-CC03,EMP00454,Qualified,2025-11-02T19:21:00,89
LED005767,Web Form,CUS0005459,,0926972261,jamie98@example.com,PRD-CC04,EMP00292,New,2026-04-21T07:38:00,90
LED005768,Branch Walk-in,,เกียรติศักดิ์ แถมธน,0989409855,dwilson@example.org,PRD-FD01,EMP00338,Qualified,2026-05-01T08:04:00,29
LED005769,Campaign,CUS0005179,,0974391385,maria00@example.com,PRD-CC03,EMP00042,Contacted,2025-11-09T06:37:00,66
LED005770,Referral,CUS0000709,,0619316985,joshua30@example.com,PRD-WL02,EMP00363,Contacted,2026-02-19T23:29:00,42
LED005771,Partner,CUS0005986,,0635828021,mary98@example.com,PRD-CC02,EMP00072,Converted,2025-04-26T21:24:00,17
LED005772,Cold Call,CUS0006652,,0635549772,christina56@example.org,PRD-IN02,EMP00080,Converted,2025-07-27T11:25:00,28
LED005773,Partner,,สุรนีย์ ถาวระวรณ์,0865531707,qross@example.com,PRD-WL04,EMP00315,Qualified,2025-02-23T14:14:00,94
LED005774,Branch Walk-in,,ปาริตา ธนูปกรณ์,0873486628,xharvey@example.com,PRD-DG01,EMP00179,New,2025-01-10T02:24:00,17
LED005775,Referral,CUS0004824,,0995567825,sandovaljoel@example.com,PRD-FD02,EMP00304,Disqualified,2026-04-13T10:28:00,17
LED005776,Branch Walk-in,CUS0005830,,0829005211,xperry@example.org,PRD-LN04,EMP00161,Qualified,2025-02-10T14:47:00,3
LED005777,Branch Walk-in,CUS0007698,,0673874257,michelewells@example.com,PRD-DC02,EMP00011,Contacted,2025-12-21T23:59:00,62
LED005778,Referral,CUS0009780,,0878961947,daviskaren@example.com,PRD-LN02,EMP00413,Converted,2025-05-01T02:19:00,85
LED005779,Referral,CUS0007672,,0819930364,callen@example.com,PRD-SAL01,EMP00375,Qualified,2026-04-18T18:01:00,62
LED005780,Branch Walk-in,,สิราพร ซาซุม,0883435160,samanthamccall@example.com,PRD-LN03,EMP00417,Disqualified,2025-07-08T03:55:00,12
LED005781,Cold Call,,กุลเชษฐ ถมังรักษสัตว์,0645028642,melindaallen@example.net,PRD-WL02,EMP00288,Contacted,2025-03-14T11:14:00,21
LED005782,Partner,CUS0003696,,0685265411,belljerry@example.org,PRD-SAL01,EMP00467,Contacted,2026-04-26T16:24:00,92
LED005783,Web Form,CUS0007387,,0618303479,michael75@example.com,PRD-CC04,EMP00188,Disqualified,2025-09-15T00:19:00,56
LED005784,Branch Walk-in,,อนุบาล ตวันเยี่ยม,0855666915,suzanne36@example.net,PRD-CC03,EMP00234,New,2025-05-20T14:04:00,70
LED005785,Referral,CUS0007291,,0669880550,harrisdawn@example.net,PRD-DC02,EMP00245,New,2025-06-04T20:15:00,18
LED005786,Referral,CUS0001326,,0989844111,pphillips@example.net,PRD-SAV02,EMP00190,New,2025-08-02T18:33:00,50
LED005787,Campaign,,กะดิรัตน์ นุชแนวนุ่ม,0836273434,kingjessica@example.org,PRD-WL01,EMP00159,Disqualified,2025-02-21T00:42:00,12
LED005788,Web Form,,ณัฐธิตา บุญญาไลย์,0648392407,yfrye@example.com,PRD-SAV01,EMP00156,New,2026-04-13T06:28:00,72
LED005789,Web Form,CUS0007550,,0829552285,cindy24@example.org,PRD-WL04,EMP00243,New,2026-03-23T02:38:00,97
LED005790,Partner,CUS0005983,,0689161339,kristina68@example.net,PRD-SAV01,EMP00022,Qualified,2025-06-25T02:28:00,41
LED005791,Web Form,CUS0003622,,0813046358,robert48@example.org,PRD-DC01,EMP00425,Contacted,2026-02-03T20:15:00,71
LED005792,Cold Call,CUS0001904,,0673799774,jaygallagher@example.org,PRD-WL02,EMP00087,Contacted,2025-12-31T20:41:00,29
LED005793,Cold Call,,คำมั่น แก้วอยู่,0896160839,patelpeter@example.com,PRD-CC04,EMP00100,Qualified,2025-04-30T11:14:00,36
LED005794,Referral,,รมิตา ทำประดู่,0917238504,briancasey@example.net,PRD-FD01,EMP00068,Qualified,2025-08-16T01:44:00,93
LED005795,Branch Walk-in,,มนัส ดิศดใน,0961693860,tammygibson@example.org,PRD-DG02,EMP00217,New,2025-09-23T22:05:00,65
LED005796,Referral,CUS0008183,,0894034323,guerreromichelle@example.net,PRD-DG02,EMP00498,Disqualified,2025-11-21T00:02:00,100
LED005797,Campaign,,มาโนชญ์ ฉิมพาลี,0867544098,brian42@example.org,PRD-SAV01,EMP00097,Disqualified,2025-04-07T14:42:00,48
LED005798,Campaign,CUS0008044,,0673293923,vrhodes@example.org,PRD-WL01,EMP00088,Qualified,2026-01-17T04:39:00,22
LED005799,Web Form,,วิชา ยะผา,0688534201,calvin75@example.org,PRD-LN04,EMP00266,Disqualified,2026-03-20T15:25:00,56
LED005800,Partner,CUS0007433,,0653720538,jsanchez@example.net,PRD-SAV02,EMP00320,Contacted,2026-04-12T11:01:00,68
LED005801,Branch Walk-in,CUS0003267,,0851205218,kathrynsoto@example.com,PRD-CC03,EMP00132,Contacted,2026-04-01T23:09:00,10
LED005802,Cold Call,CUS0005208,,0833144398,bmoore@example.net,PRD-FD02,EMP00211,Contacted,2026-02-13T08:41:00,28
LED005803,Branch Walk-in,CUS0007206,,0942871323,jeremiahcampos@example.com,PRD-DG01,EMP00095,Qualified,2025-07-25T22:44:00,91
LED005804,Branch Walk-in,CUS0004894,,0984257743,michaelhernandez@example.org,PRD-CC01,EMP00268,Converted,2025-08-25T15:57:00,25
LED005805,Partner,,ณัฐศักดิ์ บินดี,0873987304,vegamichaela@example.com,PRD-DG01,EMP00163,Converted,2025-06-26T16:27:00,50
LED005806,Referral,CUS0009570,,0655559205,ericmiller@example.net,PRD-DG01,EMP00341,New,2025-12-16T22:29:00,12
LED005807,Campaign,CUS0003728,,0881421197,ramirezpamela@example.com,PRD-LN01,EMP00160,New,2025-01-01T12:36:00,92
LED005808,Campaign,CUS0005267,,0884045288,walternicholson@example.net,PRD-CC01,EMP00303,Contacted,2026-01-25T01:20:00,70
LED005809,Branch Walk-in,,สมปอง เลขะพันธุ์,0929431514,allisontyler@example.net,PRD-LN02,EMP00170,Disqualified,2025-06-13T19:52:00,13
LED005810,Referral,CUS0008918,,0828476234,joseph05@example.org,PRD-CC04,EMP00022,Contacted,2025-12-13T04:35:00,16
LED005811,Partner,CUS0005541,,0813198414,alanmorgan@example.com,PRD-FD01,EMP00310,Disqualified,2025-11-24T01:02:00,74
LED005812,Referral,,วิรศักดิ์ ปานสุวรรณ,0832708611,ypollard@example.com,PRD-IN02,EMP00019,Qualified,2025-10-07T07:11:00,27
LED005813,Branch Walk-in,CUS0002041,,0992374073,ericachen@example.com,PRD-WL02,EMP00162,New,2025-05-22T07:48:00,50
LED005814,Branch Walk-in,CUS0004055,,0935101839,joshuawallace@example.com,PRD-LN04,EMP00452,Contacted,2026-02-13T17:58:00,98
LED005815,Partner,CUS0000855,,0687013578,ruth29@example.com,PRD-WL01,EMP00439,Qualified,2026-02-19T07:32:00,68
LED005816,Referral,CUS0004931,,0987988177,kyle06@example.net,PRD-CC04,EMP00426,New,2025-11-20T09:31:00,14
LED005817,Cold Call,CUS0009486,,0958234676,singhkenneth@example.com,PRD-DG02,EMP00082,Contacted,2025-11-17T22:14:00,39
LED005818,Referral,CUS0000982,,0840958054,poperachel@example.org,PRD-IN01,EMP00260,Disqualified,2025-01-06T08:41:00,66
LED005819,Branch Walk-in,CUS0004234,,0880143615,cooksara@example.net,PRD-LN02,EMP00154,Contacted,2025-02-10T06:15:00,91
LED005820,Branch Walk-in,CUS0002174,,0817263831,harrisrebecca@example.net,PRD-LN03,EMP00059,Disqualified,2025-08-19T21:34:00,92
LED005821,Branch Walk-in,CUS0006131,,0658504741,wattserica@example.com,PRD-LN04,EMP00283,New,2026-04-15T11:52:00,3
LED005822,Web Form,CUS0008161,,0667727668,michael19@example.com,PRD-DC02,EMP00392,Disqualified,2025-06-01T07:39:00,10
LED005823,Partner,CUS0004930,,0636669212,maychristopher@example.org,PRD-CUR01,EMP00446,Converted,2025-12-19T21:35:00,23
LED005824,Referral,CUS0001912,,0941702006,anna72@example.org,PRD-CUR01,EMP00005,New,2025-02-28T20:21:00,26
LED005825,Branch Walk-in,CUS0003957,,0825798519,cohenwhitney@example.org,PRD-IN01,EMP00461,New,2025-07-25T04:36:00,5
LED005826,Campaign,,ปิ่นบุญญา ร่มธิติรัตน์,0616219069,seansmith@example.com,PRD-IN01,EMP00458,Qualified,2026-02-11T20:04:00,95
LED005827,Cold Call,,ประวี ถนัดภาษา,0867815243,scottgibson@example.org,PRD-CC02,EMP00240,Converted,2026-04-21T02:35:00,63
LED005828,Campaign,,สันติราษฎร์ ทัศนสุทธิ,0696204769,tlogan@example.org,PRD-FD03,EMP00458,Converted,2025-07-08T19:38:00,15
LED005829,Web Form,,อุลัยพร ดำริห์ชอบ,0664782423,jordanapril@example.net,PRD-DC01,EMP00350,Disqualified,2026-01-21T12:33:00,71
LED005830,Cold Call,,ภานุวัตร เนื่องนนท์,0616814251,dknapp@example.com,PRD-LN03,EMP00147,Converted,2025-09-19T12:20:00,62
LED005831,Branch Walk-in,CUS0005690,,0851504764,michellemccoy@example.com,PRD-CC04,EMP00346,Disqualified,2025-05-22T14:50:00,75
LED005832,Branch Walk-in,CUS0008656,,0619380566,francismendoza@example.com,PRD-SAV01,EMP00103,Contacted,2025-05-12T23:53:00,96
LED005833,Branch Walk-in,CUS0008850,,0964083543,shannon62@example.com,PRD-IN02,EMP00387,Converted,2025-08-09T21:53:00,73
LED005834,Campaign,,อดิสรณ์ ไสยกิจ,0845525816,jamesfowler@example.net,PRD-DC01,EMP00351,New,2025-06-02T13:33:00,89
LED005835,Partner,,ราชพฤกษ์ แก้วชลคราม,0636934774,halljesse@example.org,PRD-FD03,EMP00203,Disqualified,2025-07-17T16:50:00,15
LED005836,Referral,CUS0000285,,0950629673,millsmichael@example.org,PRD-CC01,EMP00085,New,2026-03-30T12:42:00,85
LED005837,Partner,CUS0009009,,0892618825,abenton@example.org,PRD-DG02,EMP00448,New,2025-04-21T04:47:00,69
LED005838,Web Form,CUS0003208,,0820733916,bethlindsey@example.com,PRD-IN02,EMP00288,Disqualified,2025-07-22T21:31:00,49
LED005839,Cold Call,,ราณี หิรัญสาลี,0690463832,nbaker@example.net,PRD-DC01,EMP00046,Converted,2025-11-06T12:17:00,4
LED005840,Partner,CUS0002328,,0872877962,phillipsjeffery@example.net,PRD-DG01,EMP00293,Qualified,2025-10-21T07:02:00,40
LED005841,Campaign,CUS0001894,,0847027370,benjamin64@example.org,PRD-IN01,EMP00289,Converted,2026-03-11T01:35:00,37
LED005842,Cold Call,,ปัณณธร ศิวะวรเวท,0954221064,stewartmartin@example.org,PRD-FD02,EMP00078,Qualified,2025-08-04T05:29:00,37
LED005843,Partner,CUS0003591,,0663764277,jeremy14@example.net,PRD-LN04,EMP00196,Contacted,2025-06-20T23:25:00,40
LED005844,Campaign,CUS0000682,,0840430284,maynardchristian@example.net,PRD-DC01,EMP00499,Converted,2026-04-16T13:22:00,40
LED005845,Branch Walk-in,CUS0004279,,0654406963,mbrown@example.com,PRD-DG01,EMP00069,New,2025-12-12T22:21:00,73
LED005846,Branch Walk-in,CUS0006018,,0644275464,kristen89@example.com,PRD-FD01,EMP00459,Disqualified,2026-03-29T20:17:00,2
LED005847,Referral,CUS0005725,,0981309921,ogonzales@example.org,PRD-WL03,EMP00143,Contacted,2025-08-27T16:18:00,58
LED005848,Web Form,CUS0001379,,0664537703,ewood@example.net,PRD-IN02,EMP00339,Qualified,2025-03-13T04:14:00,54
LED005849,Cold Call,CUS0006458,,0815274984,hebertmiranda@example.com,PRD-CC04,EMP00080,Converted,2025-02-22T13:23:00,15
LED005850,Branch Walk-in,,พิศพรรณ ถนอมกุลบุตร,0856996360,gravesjames@example.com,PRD-FD02,EMP00304,Qualified,2025-05-13T21:46:00,19
LED005851,Partner,,กุลปรียา ธุวะนุติ์,0635201054,ashley80@example.com,PRD-DC01,EMP00102,Converted,2025-05-23T20:40:00,47
LED005852,Branch Walk-in,,เฉลิมพล ทันยุค,0846368375,pallison@example.org,PRD-DC02,EMP00416,Converted,2025-04-26T20:14:00,94
LED005853,Partner,CUS0005559,,0645637384,tina47@example.net,PRD-LN03,EMP00396,New,2025-06-30T22:22:00,50
LED005854,Branch Walk-in,,ทินพร ทับทิมไทย,0614556602,ihanson@example.com,PRD-DG01,EMP00239,Qualified,2026-03-13T05:59:00,45
LED005855,Campaign,,ธีร์ธวันาย บุนยะตีรณะ,0886672165,tylerderek@example.net,PRD-WL03,EMP00336,Disqualified,2026-04-26T08:58:00,52
LED005856,Referral,CUS0009609,,0681087489,katherinetaylor@example.com,PRD-FD01,EMP00389,Converted,2025-05-28T19:19:00,45
LED005857,Campaign,,ทองสิริ เช้าวันดี,0870713037,zunigabobby@example.org,PRD-LN01,EMP00352,Converted,2025-03-29T19:48:00,81
LED005858,Branch Walk-in,,ยุลิน บุญศล,0946281466,scrane@example.com,PRD-LN01,EMP00374,New,2025-01-11T23:34:00,68
LED005859,Referral,,ฐิติยาพร สังข์กรด,0641650644,crystal30@example.com,PRD-IN02,EMP00096,Disqualified,2025-07-04T15:10:00,25
LED005860,Web Form,CUS0005650,,0867146516,evandavila@example.org,PRD-DC01,EMP00006,Qualified,2025-04-01T12:36:00,37
LED005861,Web Form,CUS0007494,,0928522362,adickerson@example.org,PRD-WL02,EMP00098,Qualified,2025-04-26T11:45:00,75
LED005862,Web Form,,สรายุทธ ธรรมเมธา,0924528855,amatthews@example.com,PRD-CC02,EMP00312,Contacted,2025-06-07T02:45:00,50
LED005863,Campaign,CUS0003316,,0648236818,hjohnson@example.org,PRD-DC01,EMP00057,New,2025-04-13T21:36:00,36
LED005864,Cold Call,,นิรุตต์ ถนอมพล,0997421551,meganvasquez@example.com,PRD-WL01,EMP00260,Converted,2025-07-31T16:45:00,50
LED005865,Branch Walk-in,CUS0001156,,0888192820,jennifer12@example.com,PRD-SAV01,EMP00070,New,2025-12-29T17:25:00,53
LED005866,Branch Walk-in,,ธีรวุฒิ ปานสุวรรณ,0623000139,tammy46@example.org,PRD-LN03,EMP00149,Contacted,2025-07-13T07:59:00,89
LED005867,Partner,CUS0001786,,0959113306,lindaaguilar@example.org,PRD-LN04,EMP00056,New,2026-03-24T21:36:00,8
LED005868,Web Form,CUS0009011,,0825647329,xwilliams@example.com,PRD-WL01,EMP00113,Disqualified,2026-01-22T02:35:00,0
LED005869,Branch Walk-in,CUS0007508,,0658842514,jonathan09@example.net,PRD-CC01,EMP00032,Converted,2025-02-11T11:45:00,13
LED005870,Partner,CUS0002509,,0874022739,deborahmccoy@example.com,PRD-IN01,EMP00334,Contacted,2025-06-18T14:44:00,13
LED005871,Partner,CUS0006711,,0679474300,schultzjohn@example.com,PRD-WL02,EMP00183,Converted,2025-03-25T11:42:00,25
LED005872,Campaign,CUS0008110,,0941851923,xsullivan@example.com,PRD-IN02,EMP00122,Disqualified,2025-05-12T09:03:00,66
LED005873,Referral,CUS0007038,,0927765934,browncalvin@example.net,PRD-DC02,EMP00062,Contacted,2025-06-19T08:58:00,95
LED005874,Cold Call,CUS0003133,,0888886465,asweeney@example.org,PRD-WL01,EMP00180,Qualified,2025-03-29T17:37:00,38
LED005875,Cold Call,,วิสาร ศรีธนะเวทย์,0820901534,lindseylopez@example.org,PRD-SAV02,EMP00390,Qualified,2025-04-01T21:17:00,39
LED005876,Cold Call,CUS0000475,,0941201124,fsimon@example.org,PRD-DC02,EMP00330,New,2025-03-26T08:54:00,39
LED005877,Campaign,CUS0004607,,0897988628,debbiethompson@example.org,PRD-DC01,EMP00229,Disqualified,2026-03-26T04:27:00,97
LED005878,Branch Walk-in,,พรพิไล ถุงเงิน,0927139889,nbarnett@example.org,PRD-IN01,EMP00360,Converted,2025-06-20T23:45:00,78
LED005879,Web Form,,ปรมินทร์ ดัตพันธุ์,0985935732,courtney72@example.org,PRD-LN01,EMP00334,Qualified,2025-06-19T06:31:00,89
LED005880,Campaign,,ณิชาภัทร ทวีเดช,0610009159,hawkinsdesiree@example.org,PRD-FD02,EMP00314,Converted,2025-01-17T05:26:00,95
LED005881,Campaign,CUS0001547,,0978671547,erika66@example.org,PRD-WL02,EMP00429,Converted,2025-08-19T11:08:00,99
LED005882,Branch Walk-in,,เจตธนากร ถนอมพล,0910550287,elliottkeith@example.com,PRD-DG01,EMP00040,Contacted,2026-02-25T11:50:00,20
LED005883,Cold Call,,ขวัญรุ้ง มนทอง,0912905769,bdonaldson@example.com,PRD-DC01,EMP00197,Converted,2025-12-06T09:12:00,49
LED005884,Referral,,กฤตเมธ นาคะนคร,0847224439,tmcdonald@example.com,PRD-CC01,EMP00111,Qualified,2025-10-03T02:15:00,85
LED005885,Campaign,CUS0007072,,0688865150,brittanyfischer@example.com,PRD-LN01,EMP00397,Qualified,2026-02-19T07:10:00,36
LED005886,Campaign,CUS0005056,,0671485784,tbrooks@example.com,PRD-SAL01,EMP00281,New,2026-04-13T19:16:00,4
LED005887,Partner,,ภัทราวุธ ถาวระวรณ์,0693594445,ashleyjones@example.org,PRD-SAV01,EMP00030,Contacted,2025-06-22T19:35:00,38
LED005888,Campaign,CUS0005644,,0664295332,edward15@example.org,PRD-DC01,EMP00266,Qualified,2026-03-11T14:23:00,58
LED005889,Partner,CUS0001181,,0912229183,cynthialeonard@example.org,PRD-IN01,EMP00095,Contacted,2025-07-02T06:51:00,4
LED005890,Branch Walk-in,CUS0004086,,0850606943,paulwilliam@example.com,PRD-LN03,EMP00301,Converted,2025-08-18T07:27:00,24
LED005891,Branch Walk-in,,จุฑารัตน์ เดชวา,0965104765,juan74@example.net,PRD-DC01,EMP00177,Qualified,2026-04-02T04:26:00,5
LED005892,Cold Call,,ภานุวัตร นากกนก,0822464443,jeffrey88@example.com,PRD-WL03,EMP00266,Contacted,2025-09-01T01:14:00,96
LED005893,Partner,CUS0005668,,0667443764,aaron95@example.org,PRD-DG02,EMP00230,Qualified,2026-01-03T05:11:00,21
LED005894,Campaign,CUS0001240,,0630212937,parkerkayla@example.net,PRD-DG02,EMP00301,New,2025-08-27T20:05:00,22
LED005895,Referral,CUS0003657,,0938212936,robertmartin@example.com,PRD-CC01,EMP00307,Qualified,2025-11-28T09:46:00,94
LED005896,Partner,,วรรณนิสา พรรษาสกุล,0827736159,stephanie63@example.com,PRD-DC01,EMP00382,Converted,2025-06-28T14:46:00,7
LED005897,Referral,CUS0008899,,0915334622,djames@example.org,PRD-CC01,EMP00132,New,2026-02-28T11:45:00,49
LED005898,Branch Walk-in,CUS0001817,,0639573164,whitegregory@example.com,PRD-DC02,EMP00197,Contacted,2025-02-23T22:37:00,57
LED005899,Cold Call,CUS0007887,,0968582348,andrewsmith@example.org,PRD-WL01,EMP00353,New,2025-07-22T07:17:00,17
LED005900,Partner,CUS0000170,,0621326970,johnsonstacey@example.org,PRD-DG01,EMP00368,Contacted,2026-03-03T17:29:00,92
LED005901,Web Form,CUS0008501,,0944780418,melanie11@example.org,PRD-DG02,EMP00010,New,2025-03-08T11:09:00,19
LED005902,Web Form,CUS0005381,,0954275400,stewartbrian@example.com,PRD-LN03,EMP00284,New,2026-03-13T07:53:00,3
LED005903,Cold Call,CUS0002225,,0932569032,cynthiajohnson@example.net,PRD-SAV01,EMP00085,New,2025-08-18T15:36:00,89
LED005904,Web Form,CUS0003780,,0966984432,emily28@example.com,PRD-CUR01,EMP00466,Disqualified,2026-03-09T00:29:00,71
LED005905,Cold Call,CUS0006917,,0664146705,richard93@example.com,PRD-CC04,EMP00277,Contacted,2025-07-11T04:40:00,17
LED005906,Partner,CUS0000876,,0945439112,schneideremily@example.org,PRD-DG01,EMP00467,Qualified,2025-03-06T10:35:00,60
LED005907,Partner,CUS0009502,,0938459097,kimberlyarnold@example.com,PRD-DC02,EMP00065,Contacted,2025-02-08T23:49:00,14
LED005908,Partner,,กษิดิฐ บุณยะภาชน์,0815777313,cassandralewis@example.net,PRD-DC02,EMP00472,Disqualified,2026-02-04T07:29:00,23
LED005909,Campaign,CUS0004276,,0869801480,longheather@example.net,PRD-LN02,EMP00492,Disqualified,2025-01-02T23:45:00,44
LED005910,Branch Walk-in,,เฉลิมรัตน์ จันทา,0612483758,adambutler@example.net,PRD-CC02,EMP00420,Contacted,2025-09-12T15:47:00,61
LED005911,Referral,,ภควัฒน์ ฉัตรอภิเที่ยงค่ำ,0955604232,clarkeheather@example.org,PRD-CUR01,EMP00444,Converted,2025-11-11T16:59:00,85
LED005912,Branch Walk-in,CUS0005461,,0819613897,yskinner@example.com,PRD-SAV01,EMP00450,Contacted,2025-05-10T02:57:00,95
LED005913,Cold Call,CUS0000208,,0668348363,iwilkins@example.net,PRD-DC01,EMP00419,Qualified,2025-11-20T18:42:00,80
LED005914,Partner,CUS0003915,,0828141280,mary83@example.com,PRD-DC01,EMP00291,Disqualified,2026-01-21T03:26:00,22
LED005915,Cold Call,CUS0009052,,0984756891,barbararoberson@example.org,PRD-WL01,EMP00357,Disqualified,2025-09-01T06:53:00,99
LED005916,Web Form,,วิทูลย์ ถนัดรักษา,0641058326,christopherperez@example.net,PRD-DG02,EMP00405,Qualified,2025-01-22T10:38:00,56
LED005917,Partner,CUS0008624,,0893331317,cristian86@example.org,PRD-DG01,EMP00235,Converted,2025-09-14T20:45:00,39
LED005918,Branch Walk-in,CUS0005479,,0682119840,patricia61@example.org,PRD-DG02,EMP00437,Qualified,2025-10-18T03:15:00,25
LED005919,Web Form,CUS0006434,,0697194905,ryanmurray@example.com,PRD-LN02,EMP00199,Contacted,2025-11-06T12:00:00,23
LED005920,Referral,CUS0006564,,0911821953,johnball@example.org,PRD-SAL01,EMP00062,Contacted,2025-03-16T11:47:00,30
LED005921,Branch Walk-in,,ใกล้รุ่ง เนื้อนุ่ม,0683124293,alexanderdiaz@example.org,PRD-IN01,EMP00219,Qualified,2025-11-08T06:25:00,45
LED005922,Campaign,,ฉลองชัย ไทไชโย,0994774085,tamarapierce@example.com,PRD-FD01,EMP00169,Contacted,2026-04-25T04:15:00,98
LED005923,Campaign,,ฐิติวุฒิ ธนประทีป,0952483343,nwilliams@example.com,PRD-DC02,EMP00408,Contacted,2026-01-20T10:59:00,90
LED005924,Campaign,CUS0007400,,0857575223,ehawkins@example.com,PRD-DC02,EMP00111,Qualified,2025-11-09T08:06:00,14
LED005925,Branch Walk-in,,อิสรันดร์ ถนัดเดินข่าว,0933968335,campbellmichael@example.net,PRD-LN03,EMP00092,Disqualified,2026-02-11T18:11:00,22
LED005926,Cold Call,,จิตตานันท์ วะคีมัน,0622288478,lcalderon@example.org,PRD-WL03,EMP00475,Converted,2025-12-07T21:11:00,84
LED005927,Web Form,,เฉลิมพล ราชมณี,0646414847,lynnsmith@example.com,PRD-CUR01,EMP00471,Qualified,2026-01-08T08:03:00,92
LED005928,Cold Call,CUS0006740,,0845775285,robertburns@example.net,PRD-SAV01,EMP00244,New,2026-03-21T01:21:00,11
LED005929,Campaign,,วุฒิ วะคีมัน,0977591518,petercampbell@example.net,PRD-IN01,EMP00181,Qualified,2025-12-01T23:20:00,77
LED005930,Branch Walk-in,CUS0001708,,0618843244,xevans@example.net,PRD-WL02,EMP00192,Disqualified,2026-03-02T16:51:00,75
LED005931,Web Form,,พิชญ์สินี ตรีเภรินทร์,0962824195,greenleon@example.com,PRD-WL01,EMP00271,New,2025-07-29T13:38:00,39
LED005932,Cold Call,CUS0001608,,0970946977,sross@example.com,PRD-DG01,EMP00028,Disqualified,2026-03-18T23:31:00,61
LED005933,Campaign,,ธราวิทญ์ เนื้อนุ่ม,0930711022,jenkinspatricia@example.net,PRD-CC02,EMP00039,Converted,2025-03-23T09:05:00,44
LED005934,Campaign,CUS0008272,,0672485284,robertcruz@example.com,PRD-FD02,EMP00331,Qualified,2026-02-22T05:42:00,43
LED005935,Branch Walk-in,CUS0006814,,0619352273,jamesmeyer@example.com,PRD-DC01,EMP00403,Disqualified,2025-04-30T14:57:00,80
LED005936,Branch Walk-in,,กวีฉัฏฐ เนตร์มณี,0656680613,mbarnes@example.com,PRD-SAL01,EMP00181,Contacted,2025-08-08T04:59:00,16
LED005937,Branch Walk-in,CUS0005539,,0998070957,chad79@example.net,PRD-SAV01,EMP00476,Converted,2025-10-31T02:31:00,23
LED005938,Cold Call,CUS0001642,,0641060499,ljones@example.org,PRD-CC04,EMP00012,Qualified,2026-01-22T00:00:00,85
LED005939,Branch Walk-in,,ขวัญรุ้ง นิยมธรรม,0691998691,ssmith@example.org,PRD-LN01,EMP00055,New,2025-04-21T11:35:00,55
LED005940,Web Form,CUS0002388,,0656408784,chelseaanderson@example.org,PRD-SAL01,EMP00267,Qualified,2026-03-31T04:31:00,14
LED005941,Campaign,CUS0000428,,0977245031,vanceisaiah@example.org,PRD-WL01,EMP00172,Disqualified,2026-03-25T08:55:00,43
LED005942,Branch Walk-in,CUS0000143,,0919663309,meghankim@example.net,PRD-DG02,EMP00116,Contacted,2026-03-10T21:34:00,16
LED005943,Campaign,CUS0008403,,0697256970,parkerkenneth@example.org,PRD-CUR01,EMP00101,Contacted,2025-10-24T19:52:00,5
LED005944,Campaign,,ประจิน นักรบ,0827942972,lambertamber@example.com,PRD-DG02,EMP00211,Disqualified,2025-05-23T17:10:00,52
LED005945,Cold Call,CUS0006248,,0913783202,murphymichelle@example.org,PRD-LN02,EMP00212,Qualified,2025-10-17T04:45:00,44
LED005946,Web Form,CUS0005884,,0974491988,tyler18@example.net,PRD-WL04,EMP00287,Converted,2026-03-22T07:05:00,96
LED005947,Web Form,,พัชรีนิษฐ์ ทองสุกเลิศ,0823043428,gabriel93@example.com,PRD-SAL01,EMP00112,Converted,2026-03-07T16:58:00,73
LED005948,Partner,,มารีนี ธาราธร,0632315847,james27@example.net,PRD-DG01,EMP00454,Converted,2026-03-06T06:16:00,93
LED005949,Partner,,ปัตถพงษ์ ตรีเภรินทร์,0686897588,perezjamie@example.org,PRD-DC02,EMP00345,Contacted,2025-06-12T23:14:00,61
LED005950,Branch Walk-in,,คำมั่น ถิรสวัสดิ์,0643219868,brandiwalsh@example.com,PRD-LN03,EMP00031,Qualified,2026-04-03T15:48:00,78
LED005951,Referral,CUS0000445,,0892079586,scott87@example.org,PRD-DG01,EMP00320,Qualified,2026-01-24T15:12:00,69
LED005952,Referral,,กฤตพร ซูสารอ,0877964182,qanderson@example.org,PRD-CC04,EMP00458,Converted,2026-03-19T18:05:00,3
LED005953,Campaign,CUS0006130,,0931770836,georgehughes@example.com,PRD-FD01,EMP00150,Disqualified,2025-06-01T07:25:00,58
LED005954,Web Form,CUS0006038,,0630596768,stewartdanielle@example.org,PRD-LN01,EMP00484,Converted,2025-12-13T00:38:00,28
LED005955,Web Form,,ธมน ถิรสวัสดิ์,0929262306,marcomendoza@example.org,PRD-DC02,EMP00076,New,2026-02-26T12:44:00,54
LED005956,Partner,,มัตติกา ซาซุม,0977096902,jenniferscott@example.net,PRD-CUR01,EMP00300,New,2025-02-17T16:11:00,78
LED005957,Referral,,ศิริเกศ แท่นทอง,0685570574,daniel73@example.net,PRD-WL02,EMP00206,Qualified,2026-04-05T17:54:00,2
LED005958,Cold Call,CUS0003275,,0626356096,kyle75@example.org,PRD-SAL01,EMP00454,Contacted,2025-05-31T06:55:00,70
LED005959,Web Form,CUS0002759,,0626283910,victoriahall@example.com,PRD-SAV01,EMP00053,Converted,2025-06-28T05:22:00,41
LED005960,Branch Walk-in,CUS0004687,,0889690203,phillipgraham@example.com,PRD-FD03,EMP00089,Converted,2025-08-25T12:10:00,46
LED005961,Branch Walk-in,CUS0008311,,0696989539,fhines@example.org,PRD-LN04,EMP00421,Converted,2025-03-25T18:50:00,73
LED005962,Branch Walk-in,CUS0009446,,0956602716,beth92@example.org,PRD-DG02,EMP00128,Converted,2026-03-14T05:58:00,15
LED005963,Referral,CUS0008827,,0854738847,gayala@example.net,PRD-LN04,EMP00297,New,2025-10-15T07:51:00,33
LED005964,Cold Call,CUS0003949,,0634928545,destinyalvarado@example.com,PRD-DC02,EMP00365,Disqualified,2025-12-20T21:30:00,54
LED005965,Partner,CUS0005687,,0682227691,thomas87@example.org,PRD-CC03,EMP00308,New,2025-06-09T22:13:00,51
LED005966,Cold Call,CUS0005761,,0685743644,josephlopez@example.com,PRD-WL03,EMP00412,New,2025-09-19T06:31:00,27
LED005967,Cold Call,,หล้า สงประเสริฐ,0911739873,nicholaswhite@example.com,PRD-SAV01,EMP00260,New,2025-07-12T23:08:00,90
LED005968,Campaign,CUS0007472,,0610215572,stacyking@example.net,PRD-CC02,EMP00461,Qualified,2026-04-24T05:26:00,62
LED005969,Branch Walk-in,,เพชรมณี ทองสินธุ์,0945720699,olsonyvette@example.com,PRD-CC04,EMP00267,Converted,2025-01-30T23:13:00,18
LED005970,Referral,CUS0009647,,0963285278,fking@example.org,PRD-CC01,EMP00182,Contacted,2025-05-08T01:35:00,25
LED005971,Partner,CUS0004481,,0697766692,juliagallagher@example.com,PRD-CUR01,EMP00087,Contacted,2026-03-03T02:54:00,5
LED005972,Branch Walk-in,CUS0000275,,0947673050,charlene41@example.com,PRD-DC01,EMP00386,Qualified,2025-12-16T03:36:00,93
LED005973,Cold Call,,ปิ่นบุญญา ตั้งเผ่า,0824893057,burkechristina@example.net,PRD-DC01,EMP00422,New,2026-03-08T12:59:00,93
LED005974,Web Form,,มูฮำมัด ตั้งกุลงาม,0623121527,kfoster@example.org,PRD-DC02,EMP00365,New,2025-06-27T15:14:00,33
LED005975,Campaign,CUS0004764,,0878679975,hudsonjeffery@example.net,PRD-WL02,EMP00404,Converted,2025-05-15T00:37:00,28
LED005976,Referral,CUS0003619,,0623971464,ypope@example.org,PRD-LN01,EMP00441,Contacted,2025-12-09T14:11:00,50
LED005977,Branch Walk-in,CUS0004434,,0864351211,amanda18@example.com,PRD-WL03,EMP00180,Contacted,2026-02-02T03:16:00,97
LED005978,Cold Call,CUS0002344,,0937292450,dominique21@example.org,PRD-CC01,EMP00442,Qualified,2025-10-13T23:40:00,98
LED005979,Partner,CUS0008147,,0673872793,vjones@example.com,PRD-WL02,EMP00127,New,2025-11-10T22:32:00,100
LED005980,Partner,,สีหราช จันทา,0681325911,kyle94@example.com,PRD-WL01,EMP00189,Contacted,2026-04-04T03:06:00,71
LED005981,Referral,CUS0000008,,0674458092,alexiswilliams@example.org,PRD-CC01,EMP00085,Converted,2025-01-26T21:24:00,29
LED005982,Campaign,CUS0007724,,0876145029,qowens@example.net,PRD-DC02,EMP00246,New,2025-01-04T19:05:00,46
LED005983,Branch Walk-in,CUS0002111,,0646594517,hallkaitlyn@example.net,PRD-IN01,EMP00454,Disqualified,2025-04-23T13:34:00,41
LED005984,Cold Call,CUS0005175,,0624370249,haastina@example.com,PRD-SAV01,EMP00164,Disqualified,2025-05-28T10:47:00,85
LED005985,Campaign,CUS0004388,,0897748633,matthewfoster@example.net,PRD-SAV01,EMP00378,Qualified,2025-01-08T14:04:00,30
LED005986,Branch Walk-in,CUS0009424,,0957796383,leestephanie@example.org,PRD-IN01,EMP00443,Contacted,2025-01-05T20:04:00,56
LED005987,Web Form,,ธราวิทญ์ ดุษฎีวนิช,0822993064,daniel09@example.org,PRD-LN01,EMP00134,New,2025-08-12T13:28:00,17
LED005988,Referral,,ประไพพักตร์ นิลวิมล,0869291040,maryalexander@example.org,PRD-WL01,EMP00310,Converted,2026-01-18T07:51:00,53
LED005989,Partner,CUS0002920,,0679601323,hartjeremy@example.net,PRD-FD02,EMP00396,Disqualified,2025-07-04T01:44:00,15
LED005990,Branch Walk-in,CUS0006759,,0970435428,hallstephen@example.com,PRD-DG02,EMP00408,New,2026-01-10T02:21:00,28
LED005991,Branch Walk-in,,สัญชาน ธนูปกรณ์,0877649357,gonzalezdaniel@example.com,PRD-SAV01,EMP00190,Disqualified,2025-05-14T22:07:00,39
LED005992,Campaign,CUS0007199,,0664089338,warnerjoel@example.net,PRD-CC02,EMP00142,Contacted,2025-11-04T08:25:00,0
LED005993,Branch Walk-in,CUS0001374,,0692397621,conwaykayla@example.org,PRD-CC04,EMP00198,New,2025-11-21T16:14:00,94
LED005994,Web Form,,มนัส ธุวะนุติ์,0980908429,jonathan89@example.net,PRD-SAV01,EMP00412,Contacted,2026-01-10T02:43:00,31
LED005995,Campaign,CUS0005848,,0855017716,gordonpamela@example.net,PRD-LN02,EMP00231,Converted,2026-01-23T23:12:00,24
LED005996,Referral,,ภูวฤณ ธูปะวิโรจน์,0953372289,mross@example.org,PRD-WL04,EMP00390,Converted,2025-07-03T13:19:00,43
LED005997,Campaign,CUS0005992,,0624958819,christopherwebb@example.com,PRD-SAV02,EMP00184,Contacted,2025-02-25T08:32:00,60
LED005998,Branch Walk-in,CUS0008484,,0892779974,schwartzbrittany@example.com,PRD-DC01,EMP00083,Converted,2026-01-27T13:01:00,25
LED005999,Partner,CUS0002840,,0947258954,alexander26@example.net,PRD-FD01,EMP00279,Converted,2025-11-01T23:50:00,19
LED006000,Cold Call,,บุญญกัลป์ ทับทิมไทย,0863380050,ihenderson@example.org,PRD-LN02,EMP00209,Disqualified,2025-11-03T11:07:00,32
