loan_id,customer_id,product_id,branch_id,principal_thb,interest_rate_pct,term_months,start_date,end_date,monthly_payment_thb,outstanding_balance_thb,status
LON0000001,CUS0005689,PRD-LN04,BR0046,2886764.3,19.86,12,2021-10-20,2022-10-15,267220.6,1519864.03,Current
LON0000002,CUS0005545,PRD-LN01,BR0049,1091363.4,11.2,240,2023-10-16,2043-07-03,11413.85,915031.13,Current
LON0000003,CUS0008692,PRD-LN04,BR0038,2221916.77,16.45,60,2022-12-14,2027-11-18,54565.39,1052882.15,Current
LON0000004,CUS0003445,PRD-LN04,BR0013,8928020.58,4.55,60,2020-08-22,2025-07-27,166648.32,6015693.48,Current
LON0000005,CUS0009919,PRD-LN03,BR0041,3279589.3,20.22,360,2022-11-13,2052-06-08,55396.29,1243529.93,Current
LON0000006,CUS0003997,PRD-LN01,BR0001,590936.29,18.24,12,2023-11-12,2024-11-06,54244.55,231464.59,Current
LON0000007,CUS0003582,PRD-LN02,BR0009,400267.97,14.42,60,2026-02-06,2031-01-11,9400.92,349423.03,Current
LON0000008,CUS0009719,PRD-LN01,BR0045,1120109.87,7.61,360,2023-05-07,2052-11-30,7916.51,416360.64,Current
LON0000009,CUS0003570,PRD-LN02,BR0039,538940.58,10.95,48,2022-10-16,2026-09-25,13916.12,117031.27,Current
LON0000010,CUS0003065,PRD-LN02,BR0038,1195842.09,5.86,24,2024-10-15,2026-10-05,52925.05,1016917.88,Current
LON0000011,CUS0006488,PRD-LN02,BR0032,1446667.36,18.7,36,2026-02-02,2029-01-17,52809.9,610126.64,Current
LON0000012,CUS0006277,PRD-LN01,BR0037,105016.94,14.9,48,2020-06-22,2024-06-01,2917.38,84224.18,Current
LON0000013,CUS0004967,PRD-LN02,BR0007,1865043.63,6.8,24,2024-09-07,2026-08-28,83333.82,1121700.81,Current
LON0000014,CUS0000350,PRD-LN03,BR0020,12021551.41,19.61,36,2025-06-24,2028-06-08,444378.65,5045201.79,Current
LON0000015,CUS0006075,PRD-LN02,BR0011,1920968.68,7.92,60,2025-03-31,2030-03-05,38876.81,847220.37,Current
LON0000016,CUS0002593,PRD-LN03,BR0010,4167536.17,8.84,240,2025-10-26,2045-07-13,37068.63,718847.93,Late
LON0000017,CUS0002305,PRD-LN03,BR0040,3787505.86,5.01,36,2025-09-07,2028-08-22,113531.95,3680436.0,Current
LON0000018,CUS0002481,PRD-LN03,BR0045,13596419.32,15.78,360,2023-01-02,2052-07-28,180428.81,10915940.39,Current
LON0000019,CUS0001936,PRD-LN04,BR0047,2829513.77,14.63,180,2020-02-17,2034-11-30,38886.92,298215.56,Late
LON0000020,CUS0003289,PRD-LN04,BR0021,4374085.63,12.69,24,2020-04-05,2022-03-26,207315.67,3471508.93,Late
LON0000021,CUS0004711,PRD-LN02,BR0028,877841.34,14.94,360,2022-09-29,2052-04-24,11057.7,845173.61,Current
LON0000022,CUS0007041,PRD-LN03,BR0002,14083305.52,8.21,36,2021-06-06,2024-05-21,442685.23,10496298.29,Closed
LON0000023,CUS0009415,PRD-LN03,BR0020,6737872.27,7.65,60,2023-06-08,2028-05-12,135493.92,3361893.34,Current
LON0000024,CUS0001881,PRD-LN04,BR0011,1920399.1,13.78,60,2021-11-17,2026-10-22,44465.6,1734980.61,Current
LON0000025,CUS0002727,PRD-LN02,BR0010,327710.73,17.28,24,2020-12-10,2022-11-30,16246.88,237013.62,Current
LON0000026,CUS0009980,PRD-LN01,BR0023,359437.29,5.33,240,2023-08-18,2043-05-05,2438.14,102384.32,Current
LON0000027,CUS0005544,PRD-LN02,BR0022,1655024.69,16.22,24,2020-09-17,2022-09-07,81209.24,709349.62,Current
LON0000028,CUS0009255,PRD-LN04,BR0048,8994025.99,14.09,120,2023-03-27,2033-02-02,140134.15,7969886.3,Closed
LON0000029,CUS0006154,PRD-LN03,BR0006,10569341.99,20.5,48,2022-11-27,2026-11-06,324451.27,8449635.4,Current
LON0000030,CUS0002459,PRD-LN02,BR0006,2302596.49,6.8,84,2021-11-14,2028-10-08,34527.66,2067485.7,Current
LON0000031,CUS0003619,PRD-LN04,BR0032,9946377.19,3.72,240,2025-05-19,2045-02-03,58815.74,1577100.61,Current
LON0000032,CUS0009082,PRD-LN03,BR0004,7427760.63,9.78,240,2023-08-14,2043-05-01,70600.21,3158200.01,Current
LON0000033,CUS0008882,PRD-LN03,BR0016,5342381.8,4.09,84,2022-03-04,2029-01-26,73245.51,2004510.9,Current
LON0000034,CUS0000845,PRD-LN04,BR0013,8771187.86,13.93,180,2020-01-09,2034-10-22,116397.32,8075811.16,Current
LON0000035,CUS0002192,PRD-LN01,BR0042,796497.12,14.61,12,2020-02-10,2021-02-04,71743.99,664899.86,Current
LON0000036,CUS0000631,PRD-LN02,BR0016,861680.34,4.31,360,2025-09-27,2055-04-23,4269.27,822945.03,Current
LON0000037,CUS0005638,PRD-LN01,BR0010,344527.67,10.92,24,2021-03-01,2023-02-19,16044.9,146709.59,Current
LON0000038,CUS0009743,PRD-LN03,BR0008,3173546.5,19.0,120,2022-09-17,2032-07-26,59241.34,889235.49,Current
LON0000039,CUS0005070,PRD-LN01,BR0011,1405282.97,16.84,24,2022-01-10,2023-12-31,69372.38,910815.52,Current
LON0000040,CUS0008445,PRD-LN04,BR0015,5675597.67,21.76,36,2025-04-25,2028-04-09,216049.6,1980901.94,Current
LON0000041,CUS0008746,PRD-LN03,BR0014,12866151.0,18.24,36,2025-07-01,2028-06-15,466692.68,1878844.29,Closed
LON0000042,CUS0007376,PRD-LN02,BR0024,521357.32,8.81,360,2026-01-01,2055-07-28,4123.88,393270.04,Current
LON0000043,CUS0001743,PRD-LN04,BR0013,4592067.46,20.49,84,2023-08-28,2030-07-22,103331.54,889849.53,Current
LON0000044,CUS0000822,PRD-LN01,BR0033,229561.52,11.37,180,2022-09-27,2037-07-10,2662.77,216667.23,Closed
LON0000045,CUS0005073,PRD-LN01,BR0039,573953.16,7.63,24,2026-01-25,2028-01-15,25861.6,501412.27,Current
LON0000046,CUS0005012,PRD-LN02,BR0044,926578.34,21.43,120,2023-05-28,2033-04-05,18793.79,834971.59,Current
LON0000047,CUS0005912,PRD-LN03,BR0013,13047412.79,19.09,60,2023-01-04,2027-12-09,339103.53,9334155.68,Current
LON0000048,CUS0007322,PRD-LN01,BR0050,843165.52,19.26,120,2021-03-01,2031-01-08,15883.12,350702.16,Default
LON0000049,CUS0009387,PRD-LN02,BR0022,461063.49,12.22,12,2023-11-28,2024-11-22,41012.4,59499.32,Current
LON0000050,CUS0005989,PRD-LN02,BR0033,994083.02,10.95,180,2020-05-11,2035-02-22,11267.53,905165.71,Closed
LON0000051,CUS0007175,PRD-LN04,BR0050,8839116.85,17.8,360,2025-08-31,2055-03-27,131770.8,5631345.13,Current
LON0000052,CUS0009249,PRD-LN01,BR0021,1024593.11,9.42,360,2024-10-17,2054-05-13,8555.59,995941.03,Current
LON0000053,CUS0000874,PRD-LN01,BR0044,521709.97,17.54,120,2021-10-01,2031-08-10,9246.49,302464.62,Current
LON0000054,CUS0009115,PRD-LN02,BR0034,318942.81,21.55,84,2022-07-16,2029-06-09,7383.15,123752.13,Current
LON0000055,CUS0000381,PRD-LN02,BR0041,329786.39,5.02,60,2022-08-31,2027-08-05,6226.5,164849.7,Current
LON0000056,CUS0005919,PRD-LN04,BR0004,2358884.96,17.07,48,2025-07-06,2029-06-15,68151.18,2335726.17,Current
LON0000057,CUS0006694,PRD-LN04,BR0039,1637685.2,6.56,12,2022-03-22,2023-03-17,141371.6,712415.85,Late
LON0000058,CUS0002399,PRD-LN01,BR0044,574708.01,19.15,120,2021-02-14,2030-12-24,10784.61,202899.53,Current
LON0000059,CUS0006341,PRD-LN01,BR0026,452589.7,17.45,84,2023-06-06,2030-04-30,9367.11,345208.24,Current
LON0000060,CUS0008705,PRD-LN02,BR0001,1798437.77,19.53,84,2024-07-08,2031-06-02,39429.07,1001380.86,Current
LON0000061,CUS0001826,PRD-LN04,BR0029,533261.98,12.69,84,2024-11-30,2031-10-25,9611.44,67904.85,Current
LON0000062,CUS0009021,PRD-LN01,BR0039,530186.75,15.1,84,2024-10-07,2031-09-01,10260.65,187491.96,Current
LON0000063,CUS0003259,PRD-LN04,BR0008,4008841.33,8.33,360,2022-06-09,2052-01-03,30342.84,2683637.54,Default
LON0000064,CUS0006240,PRD-LN03,BR0017,12141836.62,6.47,24,2026-01-11,2028-01-01,540708.69,9473268.01,Current
LON0000065,CUS0007836,PRD-LN03,BR0046,2064745.71,19.34,84,2022-06-16,2029-05-10,45033.16,1765469.12,Closed
LON0000066,CUS0002276,PRD-LN02,BR0044,2071825.94,13.27,180,2025-10-05,2040-07-18,26582.77,870451.34,Current
LON0000067,CUS0000477,PRD-LN02,BR0009,535876.27,21.16,36,2022-11-30,2025-11-14,20233.22,344919.57,Current
LON0000068,CUS0002663,PRD-LN02,BR0001,886543.55,6.01,240,2024-09-25,2044-06-12,6356.59,676188.24,Current
LON0000069,CUS0004049,PRD-LN03,BR0037,12702608.93,5.85,12,2020-07-07,2021-07-02,1092392.61,4909474.03,Current
LON0000070,CUS0004984,PRD-LN02,BR0034,1535285.29,5.33,24,2024-09-28,2026-09-18,67582.23,358541.52,Current
LON0000071,CUS0008755,PRD-LN01,BR0015,827232.0,11.4,360,2020-10-29,2050-05-25,8128.95,479751.75,Closed
LON0000072,CUS0005185,PRD-LN02,BR0019,2394489.79,20.66,360,2025-02-18,2054-09-14,41313.69,497102.93,Current
LON0000073,CUS0006836,PRD-LN02,BR0006,1578745.49,18.32,180,2023-03-17,2037-12-28,25788.76,272113.91,Current
LON0000074,CUS0008953,PRD-LN03,BR0036,14732125.74,7.84,360,2021-04-05,2050-10-30,106460.46,8561511.52,Current
LON0000075,CUS0008344,PRD-LN01,BR0018,383553.63,3.61,36,2021-06-11,2024-05-26,11257.61,99529.64,Current
LON0000076,CUS0006613,PRD-LN03,BR0037,8637346.39,3.52,120,2020-06-10,2030-04-19,85492.09,3673921.1,Current
LON0000077,CUS0001561,PRD-LN01,BR0012,876806.42,5.71,240,2026-02-27,2045-11-14,6135.91,443158.45,Closed
LON0000078,CUS0009517,PRD-LN01,BR0038,1375717.57,14.24,12,2021-06-30,2022-06-25,123677.12,736525.52,Current
LON0000079,CUS0001370,PRD-LN03,BR0006,9504233.95,12.87,12,2026-02-10,2027-02-05,848312.72,5678751.9,Closed
LON0000080,CUS0007773,PRD-LN03,BR0042,1896142.91,8.3,180,2021-06-26,2036-04-08,18450.44,1419613.68,Current
LON0000081,CUS0002861,PRD-LN02,BR0019,431921.74,8.2,36,2022-03-04,2025-02-16,13574.74,403545.82,Current
LON0000082,CUS0008826,PRD-LN01,BR0013,89273.22,7.52,36,2025-08-10,2028-07-25,2777.77,44649.12,Current
LON0000083,CUS0006583,PRD-LN03,BR0043,7138273.53,17.31,48,2022-08-27,2026-08-06,207121.82,2831549.87,Closed
LON0000084,CUS0002246,PRD-LN02,BR0014,1284139.06,7.0,120,2026-02-25,2036-01-04,14909.94,862383.21,Closed
LON0000085,CUS0008635,PRD-LN04,BR0049,4213205.78,21.52,48,2020-10-31,2024-10-10,131646.11,3993808.83,Current
LON0000086,CUS0003439,PRD-LN04,BR0005,2532179.39,9.03,84,2020-04-15,2027-03-10,40779.0,1736463.51,Current
LON0000087,CUS0001008,PRD-LN01,BR0026,345411.85,5.56,12,2023-01-04,2023-12-30,29658.55,190570.1,Late
LON0000088,CUS0006057,PRD-LN02,BR0020,525711.52,20.42,48,2020-07-10,2024-06-19,16115.47,258061.31,Current
LON0000089,CUS0000863,PRD-LN02,BR0034,1575389.89,13.22,360,2024-01-27,2053-08-22,17698.26,1035653.05,Current
LON0000090,CUS0002694,PRD-LN02,BR0010,2444148.34,9.94,360,2021-12-31,2051-07-27,21340.86,2264472.62,Current
LON0000091,CUS0009748,PRD-LN02,BR0047,2084795.16,6.06,120,2020-06-17,2030-04-26,23208.37,395829.9,Current
LON0000092,CUS0006448,PRD-LN03,BR0039,12119007.82,9.26,48,2020-01-13,2023-12-23,303080.42,8984152.4,Current
LON0000093,CUS0005418,PRD-LN02,BR0036,2067519.89,9.19,84,2020-09-09,2027-08-04,33464.19,1631141.62,Late
LON0000094,CUS0007578,PRD-LN02,BR0038,1177178.93,14.42,240,2021-07-16,2041-04-02,14998.91,383889.95,Current
LON0000095,CUS0003768,PRD-LN01,BR0005,968529.5,6.74,120,2025-05-12,2035-03-21,11116.1,698015.08,Late
LON0000096,CUS0003116,PRD-LN01,BR0004,254408.95,5.49,240,2023-09-01,2043-05-19,1748.61,54317.57,Current
LON0000097,CUS0005920,PRD-LN02,BR0014,1030143.78,15.76,24,2026-03-24,2028-03-13,50320.99,797644.22,Current
LON0000098,CUS0002946,PRD-LN03,BR0003,4815385.07,8.0,240,2025-06-18,2045-03-05,40277.81,2350183.11,Closed
LON0000099,CUS0008330,PRD-LN01,BR0008,951361.06,4.17,360,2024-11-25,2054-06-21,4635.68,913749.77,Current
LON0000100,CUS0007211,PRD-LN03,BR0020,11926737.44,7.63,360,2020-08-14,2050-03-10,84457.73,11718848.12,Late
LON0000101,CUS0001951,PRD-LN02,BR0001,1052639.93,17.9,60,2025-01-07,2029-12-12,26672.91,195510.97,Late
LON0000102,CUS0008311,PRD-LN01,BR0045,124773.03,21.82,12,2025-07-02,2026-06-27,11667.25,47793.4,Current
LON0000103,CUS0006821,PRD-LN02,BR0009,1064377.34,17.2,24,2021-06-27,2023-06-17,52727.57,958514.46,Current
LON0000104,CUS0003382,PRD-LN04,BR0020,2537797.14,11.74,24,2023-12-27,2025-12-16,119155.02,954714.22,Current
LON0000105,CUS0006734,PRD-LN04,BR0001,8673459.27,15.73,48,2022-03-17,2026-02-24,244610.55,2778927.8,Current
LON0000106,CUS0003763,PRD-LN03,BR0042,8753994.16,17.29,84,2023-01-14,2029-12-08,180365.08,6951195.31,Late
LON0000107,CUS0007089,PRD-LN03,BR0034,6579250.15,13.03,240,2020-08-09,2040-04-26,77221.55,6215232.14,Current
LON0000108,CUS0006901,PRD-LN03,BR0012,12512817.75,7.08,12,2022-10-02,2023-09-27,1083154.93,11329411.71,Current
LON0000109,CUS0002459,PRD-LN04,BR0047,8301986.98,7.83,240,2026-04-18,2046-01-03,68565.37,1395822.56,Current
LON0000110,CUS0007823,PRD-LN01,BR0027,866774.4,4.94,84,2025-08-27,2032-07-21,12226.49,440977.26,Current
LON0000111,CUS0002234,PRD-LN02,BR0012,1965076.03,11.42,12,2022-09-06,2023-09-01,174061.89,811554.95,Current
LON0000112,CUS0000571,PRD-LN02,BR0032,1320851.72,21.23,84,2024-12-06,2031-10-31,30317.12,475925.33,Late
LON0000113,CUS0002391,PRD-LN04,BR0009,2997584.75,5.88,48,2020-12-03,2024-11-12,70233.56,2013022.24,Late
LON0000114,CUS0006303,PRD-LN01,BR0001,1320286.91,10.48,48,2023-06-01,2027-05-11,33791.06,713679.05,Current
LON0000115,CUS0006503,PRD-LN01,BR0009,732768.91,19.61,36,2020-11-21,2023-11-06,27086.92,242415.36,Current
LON0000116,CUS0008034,PRD-LN01,BR0015,413260.02,21.61,24,2023-10-25,2025-10-14,21359.66,241859.63,Current
LON0000117,CUS0001191,PRD-LN03,BR0046,3803170.91,7.0,60,2023-01-16,2027-12-21,75307.34,2259883.7,Current
LON0000118,CUS0003054,PRD-LN04,BR0017,2798678.95,8.9,12,2020-08-08,2021-08-03,244618.84,870691.93,Current
LON0000119,CUS0004925,PRD-LN02,BR0034,2433717.83,15.08,24,2020-02-11,2022-01-31,118095.34,1801059.3,Closed
LON0000120,CUS0001392,PRD-LN04,BR0036,3306677.8,19.68,120,2020-02-25,2030-01-03,63203.43,2646997.55,Closed
LON0000121,CUS0008477,PRD-LN02,BR0024,1517062.93,18.16,120,2020-10-01,2030-08-10,27491.69,452891.2,Current
LON0000122,CUS0006223,PRD-LN03,BR0016,4548035.94,11.72,180,2021-12-01,2036-09-13,53767.49,3838315.12,Current
LON0000123,CUS0001068,PRD-LN03,BR0013,8673977.35,16.91,84,2020-07-30,2027-06-24,176808.85,7628226.03,Late
LON0000124,CUS0002929,PRD-LN04,BR0027,4878820.38,8.24,84,2022-08-09,2029-07-03,76627.02,4521168.58,Current
LON0000125,CUS0001491,PRD-LN03,BR0016,1758416.05,12.76,360,2023-06-12,2053-01-05,19122.28,348179.91,Current
LON0000126,CUS0008315,PRD-LN01,BR0005,558852.71,20.64,48,2023-03-19,2027-02-26,17197.23,309211.43,Current
LON0000127,CUS0003791,PRD-LN03,BR0027,4827058.66,4.02,180,2021-06-09,2036-03-22,35753.57,935424.57,Current
LON0000128,CUS0006492,PRD-LN01,BR0019,1322764.49,18.98,36,2020-12-02,2023-11-17,48473.91,1196682.76,Current
LON0000129,CUS0003776,PRD-LN03,BR0026,13620680.64,5.13,24,2021-09-09,2023-08-30,598351.5,6538402.84,Current
LON0000130,CUS0007988,PRD-LN04,BR0004,2859230.67,10.1,360,2020-04-03,2049-10-28,25303.34,1631072.29,Current
LON0000131,CUS0007287,PRD-LN01,BR0010,905904.97,7.96,12,2023-05-31,2024-05-25,78786.5,455076.11,Current
LON0000132,CUS0000428,PRD-LN01,BR0050,1177979.2,6.05,12,2024-02-13,2025-02-07,101411.54,970837.54,Current
LON0000133,CUS0002607,PRD-LN03,BR0040,8108612.22,13.65,60,2020-06-09,2025-05-14,187205.12,7167752.93,Current
LON0000134,CUS0006329,PRD-LN01,BR0049,1064298.57,20.54,120,2020-11-16,2030-09-25,20950.66,508802.86,Late
LON0000135,CUS0005483,PRD-LN04,BR0049,7764343.84,13.87,24,2023-03-25,2025-03-14,372311.87,5920410.68,Closed
LON0000136,CUS0003851,PRD-LN01,BR0025,438762.45,8.4,360,2024-10-13,2054-05-09,3342.66,369896.9,Late
LON0000137,CUS0004057,PRD-LN03,BR0011,3765266.83,8.49,120,2022-12-03,2032-10-11,46663.78,1207441.58,Current
LON0000138,CUS0001049,PRD-LN01,BR0048,1069933.47,4.73,240,2023-07-13,2043-03-30,6902.48,750401.1,Current
LON0000139,CUS0007653,PRD-LN02,BR0037,1053160.31,19.35,48,2021-04-14,2025-03-24,31684.46,398243.92,Current
LON0000140,CUS0000912,PRD-LN02,BR0013,1975153.34,7.39,180,2021-05-08,2036-02-19,18186.67,1956948.41,Current
LON0000141,CUS0007790,PRD-LN03,BR0010,8757474.13,8.6,240,2022-12-24,2042-09-10,76554.58,3189611.34,Closed
LON0000142,CUS0007247,PRD-LN04,BR0029,8050346.75,7.47,180,2024-08-16,2039-05-30,74490.53,4336214.0,Current
LON0000143,CUS0008141,PRD-LN03,BR0007,7559784.58,14.95,120,2022-10-12,2032-08-20,121734.38,6209690.53,Current
LON0000144,CUS0000193,PRD-LN01,BR0026,1432853.43,20.31,12,2025-12-09,2026-12-04,132944.35,745502.57,Current
LON0000145,CUS0008387,PRD-LN03,BR0005,9001702.94,4.62,36,2023-08-21,2026-08-05,268256.0,1627216.48,Current
LON0000146,CUS0005092,PRD-LN02,BR0022,2178087.0,12.0,360,2021-12-06,2051-07-02,22404.08,1450988.57,Current
LON0000147,CUS0007764,PRD-LN02,BR0049,1428713.25,13.45,120,2025-06-03,2035-04-12,21713.1,523844.67,Current
LON0000148,CUS0000128,PRD-LN04,BR0017,7425755.75,21.34,180,2022-04-27,2037-02-07,137827.34,842947.13,Late
LON0000149,CUS0001552,PRD-LN02,BR0023,1997681.11,4.41,84,2021-08-30,2028-07-24,27684.55,1583576.67,Current
LON0000150,CUS0001034,PRD-LN02,BR0031,351723.35,3.95,12,2023-12-02,2024-11-26,29941.18,328610.48,Current
LON0000151,CUS0008718,PRD-LN02,BR0021,1250610.55,13.02,84,2022-01-27,2028-12-21,22764.66,1175809.1,Current
LON0000152,CUS0009199,PRD-LN04,BR0039,4494344.13,14.58,24,2023-10-14,2025-10-03,217019.91,3344454.42,Current
LON0000153,CUS0004199,PRD-LN02,BR0008,2285154.0,21.67,360,2023-08-05,2053-02-28,41331.86,427843.52,Current
LON0000154,CUS0007249,PRD-LN02,BR0042,2147762.99,6.69,24,2021-12-31,2023-12-21,95859.33,445136.7,Current
LON0000155,CUS0001119,PRD-LN04,BR0027,2849468.64,17.63,12,2024-09-06,2025-09-01,260737.77,606130.87,Current
LON0000156,CUS0006105,PRD-LN03,BR0047,6833627.9,4.4,48,2020-08-06,2024-07-16,155523.05,2042809.39,Current
LON0000157,CUS0008649,PRD-LN01,BR0020,400262.3,5.18,48,2025-06-11,2029-05-21,9250.43,74969.91,Current
LON0000158,CUS0004354,PRD-LN01,BR0001,1323908.04,20.01,180,2024-06-08,2039-03-22,23261.53,446618.76,Late
LON0000159,CUS0007044,PRD-LN03,BR0004,1908969.72,6.98,12,2025-06-15,2026-06-10,165159.34,706038.78,Closed
LON0000160,CUS0004190,PRD-LN03,BR0022,8170313.71,3.52,12,2020-06-04,2021-05-30,693910.91,4994523.57,Current
LON0000161,CUS0006723,PRD-LN04,BR0029,6875242.86,5.37,84,2025-05-21,2032-04-14,98373.85,6846978.53,Current
LON0000162,CUS0005413,PRD-LN03,BR0040,2282294.7,18.96,24,2021-11-14,2023-11-04,115002.97,406056.42,Current
LON0000163,CUS0007076,PRD-LN04,BR0031,6416128.48,21.15,12,2020-12-29,2021-12-24,597891.93,6250890.88,Current
LON0000164,CUS0005732,PRD-LN02,BR0039,848396.96,10.08,24,2020-02-10,2022-01-30,39180.55,714900.84,Current
LON0000165,CUS0000489,PRD-LN03,BR0040,10035370.89,11.23,180,2026-01-08,2040-10-21,115515.27,2842658.06,Current
LON0000166,CUS0002625,PRD-LN02,BR0002,1633369.74,14.24,120,2022-11-26,2032-10-04,25596.98,676650.6,Current
LON0000167,CUS0009840,PRD-LN02,BR0029,2261962.62,9.45,240,2023-01-02,2042-09-19,21010.66,986086.05,Current
LON0000168,CUS0005296,PRD-LN03,BR0047,9704446.25,5.22,84,2022-02-01,2028-12-26,138167.19,3587375.41,Current
LON0000169,CUS0002259,PRD-LN04,BR0030,7057930.82,15.41,180,2020-07-12,2035-04-25,100771.36,2407509.29,Current
LON0000170,CUS0008472,PRD-LN01,BR0026,470342.49,4.17,60,2022-02-21,2027-01-26,8698.2,139588.26,Current
LON0000171,CUS0000489,PRD-LN02,BR0031,1148359.09,17.67,36,2025-11-22,2028-11-06,41326.08,1102200.26,Current
LON0000172,CUS0009487,PRD-LN01,BR0003,1305183.93,8.97,240,2020-11-23,2040-08-10,11717.91,492800.37,Current
LON0000173,CUS0009361,PRD-LN04,BR0045,2859255.15,8.88,60,2020-10-05,2025-09-09,59187.05,1123875.35,Current
LON0000174,CUS0008563,PRD-LN02,BR0039,1693362.62,19.08,120,2023-08-31,2033-07-09,31698.99,909584.4,Current
LON0000175,CUS0003242,PRD-LN04,BR0045,4007215.53,8.66,240,2021-07-14,2041-03-31,35182.41,2354882.25,Late
LON0000176,CUS0005067,PRD-LN02,BR0031,1318192.19,7.37,60,2021-02-17,2026-01-22,26332.51,670391.46,Current
LON0000177,CUS0004314,PRD-LN02,BR0022,1907768.03,3.64,360,2023-08-03,2053-02-26,8716.52,655103.83,Current
LON0000178,CUS0003398,PRD-LN04,BR0030,1358667.8,12.35,24,2025-10-12,2027-10-02,64179.51,865727.28,Current
LON0000179,CUS0003016,PRD-LN02,BR0024,1443309.75,20.75,240,2021-07-10,2041-03-27,25371.64,1326928.07,Closed
LON0000180,CUS0006376,PRD-LN04,BR0024,6378562.73,12.27,240,2026-03-19,2045-12-04,71437.81,2391853.34,Current
LON0000181,CUS0004914,PRD-LN01,BR0033,1420618.82,6.15,60,2024-10-17,2029-09-21,27563.74,546485.13,Current
LON0000182,CUS0001554,PRD-LN04,BR0020,4151356.93,20.68,120,2023-05-15,2033-03-23,82107.81,3050580.44,Current
LON0000183,CUS0001013,PRD-LN03,BR0047,1230865.64,8.48,36,2026-01-01,2028-12-16,38843.99,1091388.84,Current
LON0000184,CUS0004508,PRD-LN02,BR0049,1431386.65,11.47,24,2021-12-21,2023-12-11,67026.61,1316176.5,Current
LON0000185,CUS0003009,PRD-LN03,BR0013,2197456.61,15.05,48,2024-11-13,2028-10-23,61212.57,619427.61,Current
LON0000186,CUS0004751,PRD-LN01,BR0009,1130274.93,9.37,36,2021-05-09,2024-04-23,36137.39,477768.85,Current
LON0000187,CUS0001200,PRD-LN01,BR0025,65048.63,6.75,180,2020-07-23,2035-05-06,575.62,24164.94,Current
LON0000188,CUS0001322,PRD-LN01,BR0018,516041.85,10.58,48,2024-12-16,2028-11-25,13232.36,224788.46,Current
LON0000189,CUS0001837,PRD-LN04,BR0028,690910.74,15.76,24,2025-11-13,2027-11-03,33749.96,658701.73,Current
LON0000190,CUS0005660,PRD-LN02,BR0034,1371910.19,21.5,240,2022-06-14,2042-03-01,24931.47,211508.88,Current
LON0000191,CUS0000679,PRD-LN03,BR0002,8445700.44,5.71,24,2025-04-27,2027-04-17,373215.95,5780980.78,Late
LON0000192,CUS0006973,PRD-LN01,BR0034,1103680.05,9.36,120,2025-01-30,2034-12-09,14196.89,426163.53,Current
LON0000193,CUS0007921,PRD-LN02,BR0021,2379463.6,9.3,60,2023-08-28,2028-08-01,49740.92,1034468.91,Current
LON0000194,CUS0005533,PRD-LN02,BR0035,525678.96,18.84,120,2022-10-02,2032-08-10,9758.07,494859.62,Current
LON0000195,CUS0009788,PRD-LN04,BR0005,1777219.1,18.82,36,2022-03-22,2025-03-06,64984.15,225056.1,Closed
LON0000196,CUS0008676,PRD-LN03,BR0047,11552231.75,20.58,84,2020-03-29,2027-02-21,260580.79,11471304.48,Current
LON0000197,CUS0002768,PRD-LN01,BR0006,1025714.69,11.1,360,2024-02-28,2053-09-23,9845.7,997995.39,Current
LON0000198,CUS0008387,PRD-LN03,BR0036,2672603.04,20.06,24,2024-05-16,2026-05-06,136102.63,1206729.42,Current
LON0000199,CUS0006064,PRD-LN02,BR0044,1219802.28,21.17,360,2025-08-27,2055-03-23,21559.11,254268.74,Current
LON0000200,CUS0005623,PRD-LN02,BR0001,629738.12,5.94,48,2024-05-04,2028-04-13,14772.1,557673.21,Closed
LON0000201,CUS0006740,PRD-LN03,BR0031,1228552.82,15.35,120,2021-08-24,2031-07-03,20085.0,492464.54,Current
LON0000202,CUS0001121,PRD-LN01,BR0018,1105970.81,11.38,24,2025-02-18,2027-02-08,51742.25,117216.82,Current
LON0000203,CUS0003562,PRD-LN03,BR0040,11423540.36,13.05,120,2021-12-02,2031-10-11,170902.79,5504471.86,Current
LON0000204,CUS0007643,PRD-LN04,BR0029,5887393.07,6.22,48,2024-03-16,2028-02-24,138860.21,2660981.34,Current
LON0000205,CUS0009252,PRD-LN03,BR0010,13020703.16,7.0,36,2020-05-26,2023-05-11,402041.51,11625056.63,Current
LON0000206,CUS0002931,PRD-LN02,BR0026,1677425.64,15.85,180,2021-05-08,2036-02-19,24461.16,836087.78,Current
LON0000207,CUS0002294,PRD-LN04,BR0031,880261.27,9.4,120,2023-10-10,2033-08-18,11342.23,348380.25,Current
LON0000208,CUS0008423,PRD-LN04,BR0030,5842814.68,12.61,36,2022-08-23,2025-08-07,195771.75,2318053.26,Current
LON0000209,CUS0006102,PRD-LN02,BR0049,391574.05,16.49,120,2024-05-30,2034-04-08,6679.45,192020.61,Current
LON0000210,CUS0003836,PRD-LN04,BR0011,2719021.63,10.17,24,2023-08-03,2025-07-23,125682.5,1676159.05,Closed
LON0000211,CUS0004546,PRD-LN02,BR0031,330145.83,19.82,180,2021-12-20,2036-10-02,5754.48,244965.8,Closed
LON0000212,CUS0009937,PRD-LN02,BR0033,1694584.87,19.29,180,2020-03-19,2034-12-31,28876.94,472052.47,Current
LON0000213,CUS0005243,PRD-LN04,BR0014,1199664.7,16.36,24,2024-09-27,2026-09-17,58945.88,604029.29,Current
LON0000214,CUS0007056,PRD-LN02,BR0023,2488730.86,11.97,60,2020-07-20,2025-06-24,55322.72,663210.72,Closed
LON0000215,CUS0006929,PRD-LN02,BR0004,2324812.49,13.78,48,2021-05-05,2025-04-14,63272.67,2008639.81,Current
LON0000216,CUS0000548,PRD-LN01,BR0030,53241.2,15.34,360,2022-05-23,2051-12-17,687.7,19865.81,Closed
LON0000217,CUS0008268,PRD-LN02,BR0018,656597.32,10.15,48,2020-11-10,2024-10-20,16700.34,473231.26,Late
LON0000218,CUS0006009,PRD-LN03,BR0042,13433161.25,13.08,48,2023-09-26,2027-09-05,360911.68,7935871.95,Current
LON0000219,CUS0005100,PRD-LN04,BR0040,3035865.26,7.71,36,2024-07-06,2027-06-21,94727.36,2247012.11,Current
LON0000220,CUS0007607,PRD-LN04,BR0021,6021485.15,11.74,360,2024-07-30,2054-02-23,60735.31,4537957.15,Current
LON0000221,CUS0003681,PRD-LN01,BR0042,1061239.1,20.29,84,2023-04-02,2030-02-24,23751.75,464858.55,Closed
LON0000222,CUS0000452,PRD-LN04,BR0024,3554351.71,17.26,36,2023-05-24,2026-05-08,127182.74,984761.8,Current
LON0000223,CUS0009278,PRD-LN02,BR0019,2339210.29,8.76,12,2023-02-17,2024-02-12,204307.14,506882.05,Current
LON0000224,CUS0006540,PRD-LN01,BR0044,1225782.72,11.32,120,2022-05-21,2032-03-29,17107.96,1205010.04,Closed
LON0000225,CUS0003947,PRD-LN04,BR0045,9672501.31,12.92,180,2022-10-19,2037-08-01,121871.85,6665789.19,Current
LON0000226,CUS0005353,PRD-LN03,BR0045,14913858.59,9.08,84,2022-04-06,2029-02-28,240556.18,6119819.44,Current
LON0000227,CUS0009645,PRD-LN01,BR0028,526758.75,16.03,60,2021-07-02,2026-06-06,12818.15,235488.36,Current
LON0000228,CUS0003800,PRD-LN01,BR0017,58873.73,12.34,240,2025-01-12,2044-09-29,662.26,40600.91,Current
LON0000229,CUS0004173,PRD-LN04,BR0038,4393156.22,15.45,360,2022-09-13,2052-04-08,57133.08,1590237.73,Current
LON0000230,CUS0009824,PRD-LN03,BR0002,6757983.68,14.57,180,2020-02-19,2034-12-02,92601.51,6376783.2,Late
LON0000231,CUS0002114,PRD-LN01,BR0032,1245669.21,10.84,84,2020-08-16,2027-07-11,21224.24,530691.53,Closed
LON0000232,CUS0002164,PRD-LN03,BR0050,8382403.81,21.1,180,2025-03-16,2039-12-28,154076.17,3289315.54,Current
LON0000233,CUS0002549,PRD-LN04,BR0010,8036152.94,13.8,24,2023-01-20,2025-01-09,385080.03,2697681.68,Current
LON0000234,CUS0003188,PRD-LN02,BR0002,1329648.66,17.1,360,2020-09-23,2050-04-19,19064.45,292925.54,Closed
LON0000235,CUS0001980,PRD-LN03,BR0018,5160085.7,11.64,84,2026-03-31,2033-02-22,90099.18,2407292.26,Closed
LON0000236,CUS0005453,PRD-LN04,BR0023,9511983.06,9.04,24,2024-09-18,2026-09-08,434727.09,3148639.42,Current
LON0000237,CUS0001590,PRD-LN03,BR0048,3724299.71,4.63,48,2020-02-18,2024-01-28,85145.18,1704310.88,Current
LON0000238,CUS0006597,PRD-LN02,BR0049,2329435.3,8.87,180,2022-06-04,2037-03-17,23446.88,1411082.42,Current
LON0000239,CUS0000017,PRD-LN04,BR0001,2519039.63,12.45,84,2025-09-29,2032-08-23,45076.42,1136363.74,Current
LON0000240,CUS0002409,PRD-LN03,BR0024,10611206.04,3.53,48,2025-03-20,2029-02-27,237365.73,3366996.98,Current
LON0000241,CUS0001392,PRD-LN01,BR0033,332768.28,9.09,360,2021-01-06,2050-08-02,2699.11,332393.26,Current
LON0000242,CUS0009982,PRD-LN04,BR0021,2555801.05,10.08,60,2026-02-28,2031-02-02,54403.88,751442.68,Current
LON0000243,CUS0009179,PRD-LN04,BR0045,7482340.94,6.15,60,2023-09-07,2028-08-11,145177.07,3852346.99,Current
LON0000244,CUS0003806,PRD-LN03,BR0034,9533324.91,16.79,240,2022-11-06,2042-07-24,138314.47,5976613.16,Current
LON0000245,CUS0009407,PRD-LN01,BR0009,706072.2,7.58,360,2024-01-03,2053-07-29,4975.7,196537.35,Current
LON0000246,CUS0006759,PRD-LN03,BR0016,8217768.34,12.46,48,2024-07-21,2028-06-30,218266.04,3539477.44,Current
LON0000247,CUS0006467,PRD-LN01,BR0007,108429.06,10.67,36,2020-07-11,2023-06-26,3532.91,103588.71,Current
LON0000248,CUS0002380,PRD-LN01,BR0040,323868.46,14.28,24,2020-04-02,2022-03-23,15592.73,272432.04,Current
LON0000249,CUS0004311,PRD-LN04,BR0014,4736898.34,10.33,120,2022-09-12,2032-07-21,63467.28,3519959.1,Current
LON0000250,CUS0001080,PRD-LN02,BR0034,1566097.42,8.46,24,2021-09-20,2023-09-10,71159.36,1005106.33,Current
LON0000251,CUS0006738,PRD-LN03,BR0043,9939234.86,6.94,60,2025-02-23,2030-01-28,196527.52,2220938.32,Current
LON0000252,CUS0002293,PRD-LN02,BR0010,1129157.99,16.91,120,2020-12-23,2030-11-01,19560.15,502009.43,Current
LON0000253,CUS0005261,PRD-LN02,BR0040,469302.86,16.75,180,2023-01-01,2037-10-14,7139.6,236236.96,Current
LON0000254,CUS0008754,PRD-LN03,BR0002,13646633.54,15.17,360,2026-04-19,2055-11-13,174410.66,9671739.06,Closed
LON0000255,CUS0000307,PRD-LN01,BR0004,104708.15,14.1,120,2025-12-16,2035-10-25,1632.07,94826.68,Current
LON0000256,CUS0005641,PRD-LN04,BR0028,8007029.67,7.46,48,2022-01-03,2025-12-13,193451.75,2478796.63,Current
LON0000257,CUS0002154,PRD-LN02,BR0026,1572542.2,10.23,60,2022-05-17,2027-04-21,33590.12,289256.36,Current
LON0000258,CUS0007613,PRD-LN02,BR0029,561562.79,20.83,180,2025-03-10,2039-12-22,10208.75,396913.97,Current
LON0000259,CUS0003173,PRD-LN01,BR0013,1373021.01,17.09,60,2023-02-07,2028-01-12,34189.59,1304124.1,Current
LON0000260,CUS0000167,PRD-LN01,BR0015,1330391.16,17.56,84,2021-08-28,2028-07-22,27619.89,809234.92,Current
LON0000261,CUS0001603,PRD-LN02,BR0036,2415372.81,19.72,180,2020-05-09,2035-02-20,41922.31,1900248.65,Current
LON0000262,CUS0002478,PRD-LN02,BR0024,1596557.99,3.83,60,2021-08-02,2026-07-07,29280.72,1206850.3,Current
LON0000263,CUS0002575,PRD-LN02,BR0017,822313.41,19.03,120,2022-01-09,2031-11-18,15366.45,675805.39,Current
LON0000264,CUS0009337,PRD-LN03,BR0011,11521058.05,7.78,84,2023-09-13,2030-08-07,178309.5,7825682.62,Current
LON0000265,CUS0001813,PRD-LN02,BR0012,2218697.64,11.06,24,2020-08-23,2022-08-13,103470.52,2163406.66,Current
LON0000266,CUS0000529,PRD-LN02,BR0012,497110.27,7.1,120,2023-12-14,2033-10-22,5797.52,87568.71,Current
LON0000267,CUS0001090,PRD-LN01,BR0026,1172669.66,20.85,60,2026-04-02,2031-03-07,31625.79,690659.53,Current
LON0000268,CUS0006111,PRD-LN03,BR0021,3234830.99,18.21,120,2023-06-01,2033-04-09,58724.91,3091675.73,Current
LON0000269,CUS0004215,PRD-LN03,BR0023,14234328.72,14.16,24,2020-09-27,2022-09-17,684507.57,11844077.96,Current
LON0000270,CUS0000449,PRD-LN01,BR0006,1210255.9,4.46,360,2022-09-26,2052-04-21,6103.46,1119007.47,Late
LON0000271,CUS0001100,PRD-LN03,BR0001,1250426.54,4.92,36,2021-07-17,2024-07-01,37431.51,171225.44,Current
LON0000272,CUS0006736,PRD-LN01,BR0017,128708.66,6.04,120,2024-12-08,2034-10-17,1431.52,66562.29,Current
LON0000273,CUS0007226,PRD-LN03,BR0025,14775589.37,9.04,240,2021-03-25,2040-12-10,133320.16,5411197.86,Current
LON0000274,CUS0009970,PRD-LN03,BR0012,13855929.36,15.59,48,2021-06-01,2025-05-11,389777.52,10859509.18,Current
LON0000275,CUS0002626,PRD-LN04,BR0042,1094765.47,5.6,60,2025-07-23,2030-06-27,20961.86,449841.88,Closed
LON0000276,CUS0005726,PRD-LN01,BR0008,900447.83,17.84,24,2025-09-24,2027-09-14,44884.47,452415.76,Current
LON0000277,CUS0005096,PRD-LN02,BR0035,1441255.78,14.77,24,2022-11-23,2024-11-12,69724.27,629461.62,Late
LON0000278,CUS0008568,PRD-LN01,BR0015,321839.3,11.63,120,2025-10-10,2035-08-19,4548.88,37269.94,Default
LON0000279,CUS0008463,PRD-LN01,BR0045,78773.56,18.62,120,2025-05-31,2035-04-09,1450.98,12203.96,Late
LON0000280,CUS0001424,PRD-LN04,BR0043,8518982.48,7.2,48,2020-06-15,2024-05-25,204789.05,4048933.92,Current
LON0000281,CUS0002709,PRD-LN03,BR0033,9851272.41,20.44,48,2022-07-09,2026-06-18,302092.07,4276993.86,Current
LON0000282,CUS0000692,PRD-LN02,BR0014,740360.12,18.65,12,2023-12-01,2024-11-25,68105.45,520954.24,Current
LON0000283,CUS0002935,PRD-LN01,BR0014,639123.68,13.83,360,2025-05-27,2054-12-21,7486.88,564271.71,Current
LON0000284,CUS0001804,PRD-LN04,BR0043,2987978.15,18.66,48,2021-09-27,2025-09-06,88805.7,1796249.81,Current
LON0000285,CUS0009052,PRD-LN01,BR0033,254740.29,20.82,120,2025-03-19,2035-01-26,5062.28,32581.11,Current
LON0000286,CUS0007688,PRD-LN03,BR0040,14936570.54,19.18,60,2026-02-07,2031-01-12,388943.74,7476685.44,Current
LON0000287,CUS0005323,PRD-LN03,BR0007,9942876.91,12.05,24,2024-11-16,2026-11-06,468277.94,5361600.67,Closed
LON0000288,CUS0000392,PRD-LN03,BR0010,2921607.86,7.18,36,2025-09-19,2028-09-03,90451.41,996891.22,Current
LON0000289,CUS0003657,PRD-LN02,BR0008,2408507.96,9.58,180,2024-10-13,2039-07-27,25266.63,1627921.78,Current
LON0000290,CUS0005749,PRD-LN01,BR0050,529289.25,14.38,24,2025-06-29,2027-06-19,25507.82,468897.77,Current
LON0000291,CUS0001263,PRD-LN03,BR0041,13688785.99,20.78,24,2026-02-09,2028-01-30,701928.86,3286840.0,Current
LON0000292,CUS0009162,PRD-LN04,BR0031,7462569.42,19.06,360,2024-04-02,2053-10-27,118939.31,3791388.8,Current
LON0000293,CUS0003024,PRD-LN03,BR0012,3780000.88,21.09,84,2020-09-24,2027-08-19,86437.84,1535408.8,Closed
LON0000294,CUS0006062,PRD-LN01,BR0014,120760.11,4.01,48,2023-05-20,2027-04-29,2727.19,32175.82,Late
LON0000295,CUS0008957,PRD-LN01,BR0003,267472.17,11.34,36,2025-03-10,2028-02-23,8799.82,166626.82,Current
LON0000296,CUS0004959,PRD-LN03,BR0030,5835256.88,13.8,24,2020-06-07,2022-05-28,279616.49,2260335.19,Current
LON0000297,CUS0009100,PRD-LN02,BR0046,489683.47,18.56,240,2023-07-05,2043-03-22,7769.03,100527.73,Current
LON0000298,CUS0002549,PRD-LN04,BR0038,5527745.8,17.95,12,2023-03-27,2024-03-21,506652.17,1592205.48,Current
LON0000299,CUS0001554,PRD-LN03,BR0014,12229859.66,8.65,24,2026-02-07,2028-01-28,556756.09,2342764.75,Current
LON0000300,CUS0007657,PRD-LN01,BR0018,590458.81,8.73,180,2026-04-18,2041-01-29,5894.36,456616.37,Current
LON0000301,CUS0008659,PRD-LN03,BR0007,8420434.86,15.81,360,2021-03-22,2050-10-16,111945.23,3135384.96,Closed
LON0000302,CUS0006288,PRD-LN02,BR0007,1119199.23,15.26,60,2023-10-19,2028-09-22,26778.66,639275.47,Late
LON0000303,CUS0009816,PRD-LN03,BR0027,11100229.15,16.73,84,2022-11-24,2029-10-18,225113.44,1399488.52,Current
LON0000304,CUS0003876,PRD-LN04,BR0031,3851776.59,20.27,48,2023-03-13,2027-02-20,117765.77,1365820.58,Current
LON0000305,CUS0009549,PRD-LN04,BR0044,6892064.45,11.29,60,2024-10-12,2029-09-16,150848.87,1186932.43,Current
LON0000306,CUS0008313,PRD-LN01,BR0025,1212250.92,5.85,12,2023-03-23,2024-03-17,104250.55,773352.07,Current
LON0000307,CUS0009138,PRD-LN01,BR0012,1270739.86,21.56,12,2022-07-03,2023-06-28,118665.18,915798.22,Current
LON0000308,CUS0007547,PRD-LN04,BR0041,5350250.24,10.91,12,2021-05-07,2022-05-02,472639.41,3571140.64,Current
LON0000309,CUS0004637,PRD-LN03,BR0023,10065141.82,14.11,84,2020-08-21,2027-07-16,189233.02,7061943.85,Late
LON0000310,CUS0004767,PRD-LN01,BR0038,1039182.45,8.75,12,2021-11-09,2022-11-04,90757.61,972222.02,Current
LON0000311,CUS0000330,PRD-LN04,BR0025,2789344.48,9.79,360,2024-04-11,2053-11-05,24046.76,467951.56,Current
LON0000312,CUS0009692,PRD-LN03,BR0016,14252248.8,15.4,60,2025-09-04,2030-08-09,342059.82,2466240.37,Current
LON0000313,CUS0006646,PRD-LN01,BR0036,264979.02,5.97,360,2021-08-15,2051-03-11,1583.58,63054.54,Current
LON0000314,CUS0000797,PRD-LN03,BR0011,3148686.61,13.31,24,2023-09-26,2025-09-15,150153.19,569236.18,Current
LON0000315,CUS0003987,PRD-LN03,BR0018,13361689.87,6.2,48,2025-01-22,2029-01-01,315026.35,10690771.84,Late
LON0000316,CUS0009454,PRD-LN01,BR0050,1391386.36,21.58,24,2025-09-15,2027-09-05,71894.3,763910.09,Current
LON0000317,CUS0001221,PRD-LN02,BR0050,1190968.95,19.08,60,2021-05-28,2026-05-02,30946.84,443395.81,Current
LON0000318,CUS0002952,PRD-LN04,BR0019,6515466.82,10.05,60,2023-11-03,2028-10-07,138594.76,3808344.77,Current
LON0000319,CUS0001302,PRD-LN01,BR0024,367728.06,21.38,60,2020-06-07,2025-05-12,10027.05,180265.19,Current
LON0000320,CUS0005268,PRD-LN04,BR0042,4644199.42,19.23,48,2022-03-02,2026-02-09,139426.4,2281085.8,Closed
LON0000321,CUS0000395,PRD-LN03,BR0020,6787466.52,11.93,84,2020-01-12,2026-12-06,119563.39,973812.41,Current
LON0000322,CUS0007939,PRD-LN03,BR0042,2387616.97,6.05,360,2024-10-29,2054-05-25,14391.81,293832.15,Current
LON0000323,CUS0000982,PRD-LN02,BR0010,1370768.53,18.14,120,2020-04-24,2030-03-03,24822.9,1218526.97,Current
LON0000324,CUS0008968,PRD-LN04,BR0021,5846191.76,12.84,240,2020-12-10,2040-08-27,67827.29,5205635.32,Closed
LON0000325,CUS0002531,PRD-LN03,BR0038,11619833.19,5.85,240,2024-06-23,2044-03-10,82245.7,5512575.52,Closed
LON0000326,CUS0008055,PRD-LN01,BR0028,480297.27,16.48,84,2026-04-08,2033-03-02,9671.47,331668.13,Current
LON0000327,CUS0008806,PRD-LN02,BR0004,356467.26,20.71,60,2023-01-22,2027-12-27,9585.58,351729.48,Current
LON0000328,CUS0005665,PRD-LN03,BR0043,11479758.05,19.01,180,2025-12-12,2040-09-24,193273.85,6630426.53,Closed
LON0000329,CUS0007430,PRD-LN04,BR0022,4514352.89,18.23,36,2023-05-29,2026-05-13,163726.01,608732.41,Current
LON0000330,CUS0005696,PRD-LN03,BR0042,9679198.57,11.76,60,2023-11-08,2028-10-12,214136.38,2079102.85,Default
LON0000331,CUS0007425,PRD-LN02,BR0018,1075621.9,13.9,180,2025-01-17,2039-10-31,14252.31,973342.18,Late
LON0000332,CUS0000863,PRD-LN01,BR0040,606330.93,9.56,120,2021-12-02,2031-10-11,7865.71,403135.57,Current
LON0000333,CUS0003862,PRD-LN03,BR0045,11677463.51,10.02,84,2024-04-09,2031-03-04,193980.42,9443582.46,Current
LON0000334,CUS0005528,PRD-LN02,BR0045,676272.94,13.13,360,2024-10-07,2054-05-03,7549.71,503857.06,Late
LON0000335,CUS0002014,PRD-LN04,BR0025,4913066.24,17.89,48,2023-09-26,2027-09-05,144039.07,2250158.78,Current
LON0000336,CUS0005044,PRD-LN04,BR0007,751214.15,20.98,84,2022-11-05,2029-09-29,17127.71,225077.02,Current
LON0000337,CUS0008357,PRD-LN03,BR0020,12202304.48,7.01,60,2024-11-13,2029-10-18,241677.83,4744493.3,Current
LON0000338,CUS0007226,PRD-LN03,BR0022,11648569.89,21.26,120,2021-09-04,2031-07-14,234930.91,3454677.88,Current
LON0000339,CUS0001467,PRD-LN04,BR0042,8171357.3,6.5,240,2025-04-18,2045-01-03,60923.44,6306598.23,Current
LON0000340,CUS0004671,PRD-LN03,BR0042,3683302.77,16.36,180,2023-02-08,2037-11-21,55024.01,763539.13,Current
LON0000341,CUS0002979,PRD-LN03,BR0049,3546542.25,19.01,36,2022-08-10,2025-07-25,130020.06,660534.92,Late
LON0000342,CUS0006427,PRD-LN01,BR0040,1283187.09,9.0,180,2024-09-22,2039-07-06,13014.94,593946.54,Late
LON0000343,CUS0005023,PRD-LN01,BR0012,1327010.77,15.61,48,2022-04-12,2026-03-22,37343.33,1080151.48,Current
LON0000344,CUS0006893,PRD-LN03,BR0032,11042682.38,13.9,36,2025-07-13,2028-06-27,376876.6,7120639.26,Late
LON0000345,CUS0002118,PRD-LN04,BR0047,3849891.06,9.13,12,2021-01-08,2022-01-03,336910.79,2864997.08,Current
LON0000346,CUS0002338,PRD-LN01,BR0010,682030.11,5.21,60,2022-09-10,2027-08-15,12936.47,652350.06,Current
LON0000347,CUS0008824,PRD-LN04,BR0035,6176168.7,17.39,12,2025-05-09,2026-05-04,564439.66,1855144.74,Current
LON0000348,CUS0007358,PRD-LN04,BR0030,5510309.03,4.96,360,2022-07-11,2052-02-04,29445.97,1435180.16,Current
LON0000349,CUS0008534,PRD-LN04,BR0020,4583961.97,21.98,48,2023-03-01,2027-02-08,144372.9,4471632.47,Current
LON0000350,CUS0008048,PRD-LN01,BR0012,962505.55,19.6,84,2021-10-31,2028-09-24,21142.37,106772.38,Current
LON0000351,CUS0008550,PRD-LN03,BR0040,10025490.2,10.53,48,2024-04-07,2028-03-17,256831.71,1139457.4,Current
LON0000352,CUS0003857,PRD-LN04,BR0046,8359826.89,21.16,120,2025-03-23,2035-01-30,168039.38,7136093.16,Current
LON0000353,CUS0002581,PRD-LN03,BR0007,2417905.36,17.97,240,2022-09-18,2042-06-05,37260.0,860432.46,Late
LON0000354,CUS0009355,PRD-LN02,BR0037,1780027.75,11.5,360,2024-06-15,2054-01-09,17627.46,1350616.21,Current
LON0000355,CUS0007873,PRD-LN01,BR0007,181726.51,13.7,84,2025-02-25,2032-01-20,3375.51,71287.18,Current
LON0000356,CUS0005023,PRD-LN02,BR0036,702942.85,10.85,36,2021-08-17,2024-08-01,22963.55,495065.6,Current
LON0000357,CUS0003629,PRD-LN01,BR0034,161295.37,20.14,240,2023-03-29,2042-12-14,2757.86,75745.2,Current
LON0000358,CUS0000652,PRD-LN03,BR0048,13720957.41,6.23,180,2024-04-03,2039-01-15,117497.12,13492396.91,Late
LON0000359,CUS0006123,PRD-LN01,BR0039,72025.37,11.8,120,2023-01-11,2032-11-19,1025.04,68058.06,Current
LON0000360,CUS0009985,PRD-LN04,BR0005,8498233.27,13.19,84,2024-05-12,2031-04-06,155478.73,7103382.36,Current
LON0000361,CUS0001266,PRD-LN01,BR0001,1286227.3,20.07,12,2024-07-26,2025-07-21,119192.13,209078.14,Current
LON0000362,CUS0007070,PRD-LN02,BR0007,1146013.43,16.35,84,2023-07-06,2030-05-30,22991.23,184031.44,Current
LON0000363,CUS0008234,PRD-LN02,BR0038,1468517.47,5.69,360,2020-06-21,2050-01-15,8513.98,1281020.02,Current
LON0000364,CUS0009935,PRD-LN04,BR0010,4566305.95,12.09,240,2024-11-29,2044-08-16,50565.77,3028664.75,Current
LON0000365,CUS0004436,PRD-LN04,BR0036,9375064.84,8.46,12,2022-09-06,2023-09-01,817517.48,4290531.48,Late
LON0000366,CUS0002522,PRD-LN03,BR0009,7989543.96,19.92,240,2024-04-23,2044-01-09,135226.81,2065095.99,Current
LON0000367,CUS0000176,PRD-LN04,BR0024,7089789.25,9.38,24,2023-07-21,2025-07-10,325132.7,6321958.5,Current
LON0000368,CUS0000761,PRD-LN03,BR0040,13682062.07,6.15,48,2021-05-26,2025-05-05,322265.41,2899150.56,Current
LON0000369,CUS0005767,PRD-LN02,BR0042,1132333.87,11.0,120,2023-07-25,2033-06-02,15597.9,249503.8,Current
LON0000370,CUS0000839,PRD-LN03,BR0019,4435011.01,21.64,84,2020-06-27,2027-05-22,102910.57,702398.38,Current
LON0000371,CUS0009587,PRD-LN04,BR0038,3639740.94,13.42,360,2026-01-11,2055-08-07,41461.05,2081963.84,Current
LON0000372,CUS0002775,PRD-LN02,BR0034,2027670.74,9.39,24,2022-11-06,2024-10-26,92996.87,1957301.31,Current
LON0000373,CUS0005194,PRD-LN03,BR0027,2161914.38,18.8,48,2025-11-02,2029-10-12,64413.55,1726374.66,Current
LON0000374,CUS0002567,PRD-LN02,BR0022,1822343.19,6.95,24,2022-07-09,2024-06-28,81549.7,1347037.11,Current
LON0000375,CUS0001362,PRD-LN04,BR0022,8603352.0,6.43,180,2025-09-04,2040-06-17,74613.76,2179674.22,Current
LON0000376,CUS0003743,PRD-LN03,BR0035,2386106.47,20.36,240,2024-11-24,2044-08-11,41211.05,1639836.53,Current
LON0000377,CUS0009580,PRD-LN02,BR0027,631497.7,5.53,180,2026-01-13,2040-10-26,5169.92,329268.12,Late
LON0000378,CUS0003715,PRD-LN01,BR0019,919281.21,17.26,180,2024-11-14,2039-08-28,14317.52,705014.98,Current
LON0000379,CUS0001164,PRD-LN04,BR0008,1428353.7,17.51,48,2024-03-11,2028-02-19,41593.05,446892.27,Late
LON0000380,CUS0002507,PRD-LN01,BR0012,910874.71,4.14,24,2021-12-15,2023-12-05,39611.45,310908.19,Late
LON0000381,CUS0008153,PRD-LN02,BR0038,2330562.11,14.79,60,2025-10-08,2030-09-12,55187.34,2258930.71,Current
LON0000382,CUS0003737,PRD-LN02,BR0024,2342017.08,12.36,180,2023-06-20,2038-04-02,28652.84,1262053.08,Current
LON0000383,CUS0005460,PRD-LN01,BR0002,1458302.64,3.74,36,2023-12-26,2026-12-10,42886.44,1188329.6,Current
LON0000384,CUS0006841,PRD-LN04,BR0042,2822238.09,5.21,84,2022-08-20,2029-07-14,40168.34,1483569.02,Current
LON0000385,CUS0004288,PRD-LN03,BR0004,2133647.16,17.48,60,2025-07-08,2030-06-12,53578.86,814196.14,Current
LON0000386,CUS0008292,PRD-LN04,BR0026,5544426.77,5.23,120,2024-10-22,2034-08-31,59432.54,2207474.27,Current
LON0000387,CUS0000759,PRD-LN04,BR0015,8171006.26,11.66,360,2021-09-11,2051-04-07,81915.74,2561006.33,Current
LON0000388,CUS0001398,PRD-LN03,BR0048,3342658.81,12.83,12,2024-10-23,2025-10-18,298290.64,2968745.09,Current
LON0000389,CUS0001608,PRD-LN01,BR0033,1363667.15,19.54,24,2022-09-13,2024-09-02,69098.88,1180936.29,Current
LON0000390,CUS0009732,PRD-LN02,BR0022,2187514.08,11.39,84,2021-07-17,2028-06-10,37905.64,1473493.67,Current
LON0000391,CUS0005964,PRD-LN01,BR0001,1216579.88,20.05,60,2023-01-08,2027-12-13,32265.78,458097.67,Current
LON0000392,CUS0000862,PRD-LN04,BR0003,5313658.8,5.62,360,2023-11-10,2053-06-05,30571.65,5190320.1,Late
LON0000393,CUS0002286,PRD-LN01,BR0010,1316338.7,4.41,360,2020-12-04,2050-06-30,6599.49,933196.28,Closed
LON0000394,CUS0004352,PRD-LN01,BR0044,1150228.86,13.82,24,2025-08-29,2027-08-19,55128.05,116366.23,Closed
LON0000395,CUS0007054,PRD-LN04,BR0048,9214080.8,4.4,240,2024-10-15,2044-07-02,57796.63,8509427.19,Current
LON0000396,CUS0000622,PRD-LN04,BR0009,789053.33,8.13,180,2023-09-24,2038-07-07,7599.94,428180.82,Current
LON0000397,CUS0006726,PRD-LN02,BR0024,1682617.36,10.23,360,2020-07-05,2050-01-29,15052.95,635306.34,Current
LON0000398,CUS0005353,PRD-LN02,BR0033,1253984.17,10.48,36,2021-04-25,2024-04-09,40745.72,1035746.93,Current
LON0000399,CUS0005775,PRD-LN02,BR0014,2212031.18,12.94,24,2021-10-16,2023-10-06,105101.66,1892905.75,Late
LON0000400,CUS0004230,PRD-LN04,BR0044,8710609.8,8.22,180,2021-12-30,2036-10-12,84353.19,2252356.41,Closed
LON0000401,CUS0008403,PRD-LN04,BR0019,4687483.97,14.58,120,2021-08-10,2031-06-19,74424.42,2869400.93,Current
LON0000402,CUS0009441,PRD-LN03,BR0005,4426300.05,11.87,360,2020-12-23,2050-07-19,45087.03,2972256.6,Current
LON0000403,CUS0001694,PRD-LN04,BR0004,9505102.85,21.94,360,2025-02-28,2054-09-24,174040.79,5711345.36,Current
LON0000404,CUS0005248,PRD-LN02,BR0020,689874.73,7.27,180,2025-07-24,2040-05-06,6305.39,575136.95,Current
LON0000405,CUS0009083,PRD-LN02,BR0017,354554.38,10.11,60,2023-08-26,2028-07-30,7552.44,182650.42,Late
LON0000406,CUS0001874,PRD-LN03,BR0002,7057807.85,14.34,36,2026-03-17,2029-03-01,242386.27,6995356.46,Closed
LON0000407,CUS0004201,PRD-LN04,BR0017,3662588.18,9.58,48,2023-08-10,2027-07-20,92155.69,3121450.87,Late
LON0000408,CUS0002264,PRD-LN03,BR0050,3452059.48,15.23,120,2020-06-11,2030-04-20,56181.01,3358583.04,Current
LON0000409,CUS0001438,PRD-LN01,BR0048,126087.69,21.21,36,2022-07-11,2025-06-25,4763.97,95137.34,Current
LON0000410,CUS0009400,PRD-LN01,BR0022,173556.23,4.08,60,2024-02-13,2029-01-17,3202.57,94833.97,Current
LON0000411,CUS0002328,PRD-LN04,BR0038,5425230.86,10.38,24,2023-07-20,2025-07-09,251299.47,4978392.7,Late
LON0000412,CUS0000589,PRD-LN04,BR0004,8923293.54,7.64,84,2021-01-09,2027-12-04,137485.31,4059670.49,Current
LON0000413,CUS0001841,PRD-LN03,BR0005,8054306.15,17.6,60,2024-08-29,2029-08-03,202777.87,1086067.77,Closed
LON0000414,CUS0006967,PRD-LN04,BR0042,6048529.77,4.4,240,2024-02-25,2043-11-12,37940.26,5857456.95,Current
LON0000415,CUS0006728,PRD-LN03,BR0001,6724421.9,8.84,60,2024-05-21,2029-04-25,139066.35,1856577.36,Current
LON0000416,CUS0009572,PRD-LN02,BR0027,444802.65,20.69,24,2020-08-01,2022-07-22,22788.8,80277.95,Current
LON0000417,CUS0008787,PRD-LN02,BR0017,310708.47,21.33,12,2020-09-04,2021-08-30,28980.47,273852.83,Current
LON0000418,CUS0009236,PRD-LN02,BR0042,505552.06,15.43,48,2020-02-06,2024-01-16,14180.33,505166.24,Current
LON0000419,CUS0005301,PRD-LN04,BR0015,5130322.1,13.2,24,2023-02-21,2025-02-10,244387.09,3090927.83,Current
LON0000420,CUS0004318,PRD-LN03,BR0026,5383010.79,9.53,360,2021-10-13,2051-05-09,45381.14,3659183.04,Current
LON0000421,CUS0003635,PRD-LN03,BR0004,10107977.75,20.46,84,2022-05-29,2029-04-22,227267.84,9188974.52,Current
LON0000422,CUS0005423,PRD-LN03,BR0004,6666016.17,4.01,360,2025-03-12,2054-10-06,31863.02,1551977.32,Current
LON0000423,CUS0001380,PRD-LN04,BR0019,3084965.68,17.52,36,2025-04-20,2028-04-04,110787.47,2274798.44,Current
LON0000424,CUS0005327,PRD-LN02,BR0025,1435019.17,7.12,12,2024-11-26,2025-11-21,124246.94,1315363.98,Closed
LON0000425,CUS0009328,PRD-LN03,BR0019,12793814.88,13.99,12,2022-11-20,2023-11-15,1148659.57,2812259.82,Current
LON0000426,CUS0000711,PRD-LN04,BR0027,6828280.22,19.13,24,2023-04-10,2025-03-30,344635.6,5463471.87,Late
LON0000427,CUS0005216,PRD-LN03,BR0038,12046408.23,8.57,36,2026-04-11,2029-03-26,380666.3,10170790.99,Current
LON0000428,CUS0009128,PRD-LN01,BR0020,1492786.87,19.01,360,2020-07-08,2050-02-01,23731.02,985539.02,Current
LON0000429,CUS0009720,PRD-LN02,BR0029,2445653.54,8.06,36,2020-08-05,2023-07-21,76705.61,2403905.38,Current
LON0000430,CUS0009632,PRD-LN02,BR0038,2421876.66,10.57,24,2022-04-22,2024-04-11,112395.55,1649947.05,Current
LON0000431,CUS0000097,PRD-LN02,BR0037,998122.96,18.04,360,2022-06-11,2052-01-05,15075.16,325280.85,Current
LON0000432,CUS0005212,PRD-LN02,BR0030,1589593.26,20.69,180,2025-10-16,2040-07-29,28731.62,1430317.03,Closed
LON0000433,CUS0002287,PRD-LN01,BR0043,372777.68,10.22,24,2024-09-23,2026-09-13,17239.68,337357.36,Current
LON0000434,CUS0008777,PRD-LN04,BR0023,4842459.58,5.66,240,2022-05-23,2042-02-07,33749.78,1762741.8,Current
LON0000435,CUS0003113,PRD-LN03,BR0046,5991857.37,14.8,120,2024-09-13,2034-07-23,95937.05,5356019.37,Late
LON0000436,CUS0005382,PRD-LN04,BR0021,6497103.47,14.32,60,2024-05-23,2029-04-27,152256.26,5058620.63,Late
LON0000437,CUS0008113,PRD-LN04,BR0046,1388908.01,19.18,84,2025-10-25,2032-09-18,30160.28,505546.52,Current
LON0000438,CUS0001900,PRD-LN04,BR0005,6168823.47,19.65,60,2023-11-08,2028-10-12,162237.07,4232784.21,Current
LON0000439,CUS0002673,PRD-LN01,BR0018,489614.38,18.43,60,2020-04-30,2025-04-04,12547.8,184513.53,Current
LON0000440,CUS0005901,PRD-LN03,BR0008,6986111.87,13.72,48,2024-04-13,2028-03-23,189926.03,2955928.09,Current
LON0000441,CUS0001187,PRD-LN03,BR0039,4116410.61,18.11,48,2026-01-06,2029-12-16,121156.3,3319626.94,Current
LON0000442,CUS0006542,PRD-LN02,BR0003,329658.94,18.48,360,2023-05-05,2052-11-28,5097.54,313008.28,Current
LON0000443,CUS0000612,PRD-LN01,BR0049,1468610.63,5.83,60,2023-05-02,2028-04-05,28276.41,562035.94,Current
LON0000444,CUS0004775,PRD-LN01,BR0004,1409587.97,21.79,48,2021-03-26,2025-03-05,44250.04,1141255.92,Late
LON0000445,CUS0000997,PRD-LN03,BR0042,13628843.71,3.67,12,2023-07-16,2024-07-10,1158440.88,8386091.89,Current
LON0000446,CUS0009091,PRD-LN04,BR0028,3834179.02,21.41,36,2020-10-18,2023-10-03,145261.34,1841801.69,Current
LON0000447,CUS0009456,PRD-LN01,BR0042,976764.29,3.63,36,2026-04-30,2029-04-14,28677.48,171374.07,Current
LON0000448,CUS0002699,PRD-LN04,BR0016,2578645.07,9.69,360,2022-11-08,2052-06-03,22041.01,1544208.82,Current
LON0000449,CUS0000871,PRD-LN03,BR0027,14582633.54,15.98,48,2024-03-20,2028-02-28,413126.57,3054375.12,Current
LON0000450,CUS0009954,PRD-LN04,BR0017,5686559.82,17.36,240,2022-11-05,2042-07-23,84970.78,3894277.54,Current
LON0000451,CUS0003195,PRD-LN02,BR0017,1226708.57,17.54,36,2023-12-30,2026-12-14,44065.89,987255.43,Current
LON0000452,CUS0007962,PRD-LN04,BR0007,8855941.65,4.4,120,2021-10-27,2031-09-05,91355.27,8809858.72,Current
LON0000453,CUS0008737,PRD-LN01,BR0017,175132.36,6.6,240,2021-07-26,2041-04-12,1316.07,119763.38,Closed
LON0000454,CUS0008215,PRD-LN01,BR0043,367527.43,17.7,12,2024-01-07,2025-01-01,33642.46,292189.21,Late
LON0000455,CUS0007784,PRD-LN04,BR0050,3419345.17,5.06,240,2025-03-30,2044-12-15,22679.65,2495042.87,Current
LON0000456,CUS0008827,PRD-LN02,BR0009,2192013.65,12.18,48,2022-07-27,2026-07-06,57918.04,2177661.25,Current
LON0000457,CUS0003653,PRD-LN01,BR0023,1396739.68,19.35,24,2021-05-01,2023-04-21,70645.46,827474.23,Closed
LON0000458,CUS0009095,PRD-LN04,BR0043,3718344.58,21.7,24,2020-07-29,2022-07-19,192350.43,879153.14,Late
LON0000459,CUS0007884,PRD-LN04,BR0010,7029203.09,15.53,180,2023-08-09,2038-05-22,100943.88,2725955.97,Current
LON0000460,CUS0005757,PRD-LN03,BR0040,9703177.76,4.92,84,2025-11-02,2032-09-26,136779.38,9378173.94,Current
LON0000461,CUS0004421,PRD-LN01,BR0026,1441691.29,10.98,48,2025-07-25,2029-07-04,37247.26,552124.53,Current
LON0000462,CUS0009762,PRD-LN01,BR0009,1259676.55,21.04,120,2021-04-12,2031-02-19,25218.8,1067723.65,Current
LON0000463,CUS0007084,PRD-LN04,BR0026,4424129.55,10.6,36,2020-10-14,2023-09-29,144003.72,3881794.58,Current
LON0000464,CUS0000275,PRD-LN03,BR0002,5312667.73,7.23,48,2025-03-01,2029-02-08,127786.12,1523543.33,Closed
LON0000465,CUS0005394,PRD-LN03,BR0004,10484523.03,17.73,180,2024-10-10,2039-07-24,166812.23,3712009.21,Current
LON0000466,CUS0000332,PRD-LN04,BR0046,3653394.52,11.93,120,2025-12-18,2035-10-27,52267.87,2033882.55,Current
LON0000467,CUS0005787,PRD-LN04,BR0017,2630034.1,17.45,360,2021-03-06,2050-09-30,38457.81,2438760.82,Current
LON0000468,CUS0004116,PRD-LN03,BR0046,6198703.07,8.14,360,2020-08-18,2050-03-14,46090.31,4599774.84,Current
LON0000469,CUS0009331,PRD-LN04,BR0008,5168141.2,6.69,240,2024-02-20,2043-11-07,39112.54,3794812.71,Current
LON0000470,CUS0002396,PRD-LN03,BR0001,7348654.21,20.53,12,2023-03-15,2024-03-09,682604.37,2965188.02,Current
LON0000471,CUS0006660,PRD-LN04,BR0010,768944.77,9.57,120,2026-01-23,2035-12-02,9979.45,242886.48,Current
LON0000472,CUS0009040,PRD-LN03,BR0013,2535779.14,18.7,48,2021-08-25,2025-08-04,75419.25,1011448.15,Current
LON0000473,CUS0009014,PRD-LN03,BR0005,1859252.35,6.53,180,2020-06-23,2035-04-06,16226.76,409492.57,Closed
LON0000474,CUS0003024,PRD-LN02,BR0031,1357221.46,7.6,36,2023-07-13,2026-06-27,42280.39,1080598.96,Current
LON0000475,CUS0007577,PRD-LN02,BR0013,339026.61,14.63,12,2020-05-28,2021-05-23,30540.81,68049.93,Current
LON0000476,CUS0008635,PRD-LN01,BR0015,1375232.52,3.57,48,2020-03-17,2024-02-25,30787.53,578075.05,Current
LON0000477,CUS0004034,PRD-LN04,BR0007,3889960.73,7.5,12,2021-01-28,2022-01-23,337482.95,2433785.86,Current
LON0000478,CUS0001703,PRD-LN04,BR0050,8284189.68,9.33,24,2021-03-03,2023-02-21,379716.61,3284195.95,Default
LON0000479,CUS0004130,PRD-LN03,BR0023,6879423.47,13.53,240,2020-03-20,2039-12-06,83208.95,6796117.56,Current
LON0000480,CUS0007983,PRD-LN01,BR0015,1452830.37,15.23,180,2023-02-27,2037-12-10,20562.98,352568.56,Current
LON0000481,CUS0004162,PRD-LN01,BR0037,64117.07,3.59,120,2024-08-12,2034-06-21,636.73,42848.91,Current
LON0000482,CUS0006261,PRD-LN01,BR0027,463084.08,8.35,24,2024-05-18,2026-05-08,21018.04,441610.81,Current
LON0000483,CUS0002882,PRD-LN04,BR0004,2919617.21,15.59,84,2023-02-16,2030-01-10,57309.92,1884922.75,Current
LON0000484,CUS0000963,PRD-LN02,BR0036,1751137.76,12.11,180,2022-05-19,2037-03-01,21140.68,1731375.65,Current
LON0000485,CUS0009635,PRD-LN03,BR0024,14929511.56,15.68,360,2023-06-20,2053-01-13,196918.01,14385999.2,Current
LON0000486,CUS0002888,PRD-LN02,BR0014,830135.02,12.61,36,2020-08-16,2023-08-01,27814.85,99091.3,Current
LON0000487,CUS0003641,PRD-LN01,BR0019,1166187.68,11.68,36,2022-07-21,2025-07-05,38556.12,834307.89,Current
LON0000488,CUS0004135,PRD-LN03,BR0040,6906469.79,7.96,24,2023-11-30,2025-11-19,312234.94,5061056.03,Closed
LON0000489,CUS0008814,PRD-LN02,BR0042,633647.71,9.45,36,2021-02-24,2024-02-09,20282.8,297489.74,Current
LON0000490,CUS0004163,PRD-LN02,BR0029,1508915.65,11.09,36,2022-10-07,2025-09-21,49464.3,184664.14,Current
LON0000491,CUS0004671,PRD-LN03,BR0024,12559332.4,13.5,240,2025-08-17,2045-05-04,151638.2,3464656.37,Current
LON0000492,CUS0001212,PRD-LN01,BR0025,519114.61,14.57,120,2021-12-01,2031-10-10,8238.96,147511.93,Current
LON0000493,CUS0005454,PRD-LN01,BR0048,1164785.68,14.02,48,2024-07-02,2028-06-11,31841.18,310429.96,Current
LON0000494,CUS0008242,PRD-LN03,BR0001,12405795.93,8.35,24,2023-05-03,2025-04-22,563062.95,1497478.89,Closed
LON0000495,CUS0004824,PRD-LN02,BR0050,475785.9,16.66,120,2025-01-30,2034-12-09,8166.83,259457.14,Current
LON0000496,CUS0008973,PRD-LN01,BR0025,1180910.22,20.53,360,2020-05-22,2049-12-16,20248.51,1175676.09,Current
LON0000497,CUS0002355,PRD-LN04,BR0029,6053043.78,4.26,120,2020-10-17,2030-08-26,62034.86,2972378.94,Current
LON0000498,CUS0001422,PRD-LN04,BR0046,5563525.29,15.02,24,2020-12-28,2022-12-18,269809.56,4857555.37,Current
LON0000499,CUS0004128,PRD-LN02,BR0019,2211228.28,11.65,48,2025-09-24,2029-09-03,57850.85,984683.8,Current
LON0000500,CUS0003710,PRD-LN01,BR0033,1332673.16,14.41,84,2025-08-02,2032-06-26,25277.12,1079500.14,Current
LON0000501,CUS0000518,PRD-LN02,BR0007,1629174.48,6.01,120,2025-12-26,2035-11-04,18095.36,1120466.52,Late
LON0000502,CUS0006514,PRD-LN03,BR0038,13365083.57,21.94,180,2023-07-15,2038-04-27,254100.34,6510929.22,Current
LON0000503,CUS0007597,PRD-LN02,BR0010,1790401.54,16.48,24,2020-10-30,2022-10-20,88074.81,1575245.65,Current
LON0000504,CUS0002249,PRD-LN02,BR0031,1556936.08,7.24,240,2025-06-02,2045-02-17,12296.22,1049883.55,Late
LON0000505,CUS0004529,PRD-LN02,BR0024,1183635.96,3.58,240,2023-03-14,2042-11-29,6913.37,774732.63,Current
LON0000506,CUS0006687,PRD-LN01,BR0008,282301.43,4.04,180,2022-05-27,2037-03-09,2093.81,186218.78,Current
LON0000507,CUS0000756,PRD-LN04,BR0040,5838221.23,4.25,240,2025-02-13,2044-10-31,36152.28,4784573.31,Current
LON0000508,CUS0008463,PRD-LN02,BR0032,826523.93,18.06,120,2021-07-01,2031-05-10,14924.68,268152.98,Current
LON0000509,CUS0001871,PRD-LN01,BR0007,948882.62,12.46,360,2023-10-10,2053-05-05,10097.58,342942.2,Current
LON0000510,CUS0009674,PRD-LN04,BR0042,1245015.46,17.29,240,2020-11-27,2040-08-14,18536.96,217427.04,Current
LON0000511,CUS0006395,PRD-LN03,BR0029,7930535.47,7.24,180,2020-12-22,2035-10-05,72350.22,820840.19,Late
LON0000512,CUS0000425,PRD-LN01,BR0016,941371.53,11.03,48,2024-04-13,2028-03-23,24343.96,561640.73,Current
LON0000513,CUS0005668,PRD-LN03,BR0044,6937798.2,9.98,84,2023-10-08,2030-09-01,115103.98,5370199.43,Current
LON0000514,CUS0004089,PRD-LN02,BR0049,1699878.96,7.24,12,2022-09-25,2023-09-20,147273.14,1207938.54,Current
LON0000515,CUS0001204,PRD-LN02,BR0007,2224024.07,5.61,240,2021-08-02,2041-04-19,15437.28,525505.41,Late
LON0000516,CUS0004654,PRD-LN02,BR0027,890591.02,3.8,48,2023-01-30,2027-01-09,20029.1,727197.44,Current
LON0000517,CUS0001636,PRD-LN04,BR0010,6517129.13,9.51,180,2022-03-30,2037-01-10,68092.8,4637621.27,Current
LON0000518,CUS0009978,PRD-LN01,BR0033,1469528.23,10.43,36,2022-09-04,2025-08-19,47714.77,889458.36,Current
LON0000519,CUS0001104,PRD-LN04,BR0019,3429886.67,19.2,60,2022-02-11,2027-01-16,89351.03,1438858.27,Current
LON0000520,CUS0004917,PRD-LN02,BR0008,1058016.84,19.19,360,2020-07-26,2050-02-19,16975.61,539614.2,Current
LON0000521,CUS0002121,PRD-LN04,BR0039,4008061.8,16.18,180,2021-03-14,2035-12-26,59370.21,970321.56,Current
LON0000522,CUS0001977,PRD-LN03,BR0007,13132622.46,14.86,36,2025-08-20,2028-08-04,454346.83,3237119.97,Current
LON0000523,CUS0007738,PRD-LN01,BR0018,750656.65,3.77,180,2026-03-05,2040-12-16,5466.39,92371.75,Current
LON0000524,CUS0007181,PRD-LN02,BR0012,779549.52,19.02,240,2022-12-19,2042-09-05,12646.17,544396.64,Late
LON0000525,CUS0000056,PRD-LN03,BR0037,6243146.54,9.27,36,2021-04-24,2024-04-08,199315.84,3881634.55,Current
LON0000526,CUS0004642,PRD-LN04,BR0045,6099318.2,7.16,360,2021-08-15,2051-03-11,41236.42,2938176.92,Current
LON0000527,CUS0002011,PRD-LN04,BR0012,4934252.37,15.19,360,2021-10-30,2051-05-26,63141.21,2628561.2,Late
LON0000528,CUS0006898,PRD-LN02,BR0041,2129864.14,8.09,60,2025-05-14,2030-04-18,43277.76,1561148.64,Current
LON0000529,CUS0005775,PRD-LN02,BR0005,2015275.08,18.39,48,2023-09-03,2027-08-13,59610.19,443075.18,Current
LON0000530,CUS0001276,PRD-LN04,BR0010,1942795.66,20.58,360,2025-06-25,2055-01-19,33392.24,208718.09,Current
LON0000531,CUS0006430,PRD-LN02,BR0034,1949684.81,9.35,60,2024-03-11,2029-02-13,40804.24,1452742.32,Current
LON0000532,CUS0000407,PRD-LN02,BR0042,782098.96,17.41,180,2022-08-13,2037-05-26,12264.52,619857.53,Current
LON0000533,CUS0004253,PRD-LN02,BR0019,2389424.34,16.0,24,2023-11-23,2025-11-12,116993.65,1488505.56,Current
LON0000534,CUS0004167,PRD-LN01,BR0019,675533.78,14.11,24,2021-06-17,2023-06-07,32469.44,652627.04,Current
LON0000535,CUS0005625,PRD-LN01,BR0047,735469.7,20.4,360,2021-08-19,2051-03-15,12531.99,266599.63,Current
LON0000536,CUS0008002,PRD-LN03,BR0040,14214725.38,6.95,240,2021-04-26,2041-01-11,109780.4,10085630.64,Current
LON0000537,CUS0001378,PRD-LN04,BR0024,8591454.28,19.52,36,2024-06-15,2027-05-31,317191.87,6425470.32,Current
LON0000538,CUS0002399,PRD-LN02,BR0003,2315993.92,10.47,48,2023-08-31,2027-08-10,59263.72,2078392.45,Closed
LON0000539,CUS0001030,PRD-LN02,BR0019,843000.59,17.83,48,2020-11-28,2024-11-07,24688.32,556315.42,Current
LON0000540,CUS0003101,PRD-LN04,BR0015,4543555.57,13.65,240,2022-10-21,2042-07-08,55348.81,1540825.91,Current
LON0000541,CUS0001833,PRD-LN02,BR0025,1914796.09,19.33,60,2023-02-09,2028-01-14,50019.2,1308879.65,Current
LON0000542,CUS0005972,PRD-LN02,BR0042,1003542.99,20.35,60,2022-01-12,2026-12-17,26783.56,650494.0,Default
LON0000543,CUS0001206,PRD-LN02,BR0006,2008326.11,17.9,60,2020-02-06,2025-01-10,50889.09,546654.36,Current
LON0000544,CUS0009812,PRD-LN02,BR0001,1368986.01,5.06,36,2021-08-24,2024-08-08,41066.63,709134.35,Closed
LON0000545,CUS0002398,PRD-LN01,BR0026,383251.62,17.59,24,2020-12-06,2022-11-26,19057.66,190304.57,Current
LON0000546,CUS0002524,PRD-LN02,BR0027,2045225.88,10.82,60,2023-06-14,2028-05-18,44284.79,329791.32,Current
LON0000547,CUS0006560,PRD-LN04,BR0022,942003.82,11.65,180,2022-04-03,2037-01-14,11094.39,632948.14,Current
LON0000548,CUS0005986,PRD-LN02,BR0039,509319.68,15.65,36,2022-07-15,2025-06-29,17818.28,109385.76,Current
LON0000549,CUS0004208,PRD-LN01,BR0026,1401103.64,18.79,36,2025-02-03,2028-01-19,51210.24,1172008.11,Current
LON0000550,CUS0004541,PRD-LN03,BR0021,3499136.26,17.5,240,2023-11-24,2043-08-11,52659.97,3004158.94,Current
LON0000551,CUS0001460,PRD-LN02,BR0049,1339398.9,15.59,48,2025-11-08,2029-10-18,37678.28,1146424.32,Current
LON0000552,CUS0001824,PRD-LN03,BR0027,2744693.43,9.75,48,2020-02-02,2024-01-12,69283.45,2291881.16,Current
LON0000553,CUS0001253,PRD-LN04,BR0041,2238691.72,17.63,60,2021-10-27,2026-10-01,56398.42,1470110.11,Current
LON0000554,CUS0007847,PRD-LN02,BR0033,2415316.13,4.07,12,2025-12-28,2026-12-23,205741.19,1738821.03,Current
LON0000555,CUS0001141,PRD-LN01,BR0011,704232.75,12.94,48,2022-11-20,2026-10-30,18871.84,538079.83,Current
LON0000556,CUS0002041,PRD-LN04,BR0011,4658900.41,17.85,360,2020-04-10,2049-11-04,69643.41,1369514.63,Closed
LON0000557,CUS0008404,PRD-LN04,BR0031,554527.94,20.52,84,2025-03-12,2032-02-04,12488.17,529716.5,Current
LON0000558,CUS0006485,PRD-LN02,BR0003,399496.11,11.43,84,2022-12-28,2029-11-21,6931.0,172511.84,Current
LON0000559,CUS0005211,PRD-LN04,BR0032,6942216.98,9.61,48,2024-11-24,2028-11-03,174775.17,6059327.07,Closed
LON0000560,CUS0001404,PRD-LN02,BR0028,1823642.67,16.64,240,2021-07-13,2041-03-30,26251.11,1561513.78,Late
LON0000561,CUS0005449,PRD-LN03,BR0033,7060396.98,4.22,180,2021-04-30,2036-02-11,53006.71,885945.14,Current
LON0000562,CUS0000331,PRD-LN03,BR0049,2448202.17,18.57,60,2020-12-22,2025-11-26,62929.87,840023.72,Current
LON0000563,CUS0007594,PRD-LN03,BR0018,9978032.24,21.11,84,2025-02-24,2032-01-19,228291.01,5518926.95,Current
LON0000564,CUS0009822,PRD-LN01,BR0043,1040578.06,9.06,36,2021-11-17,2024-11-01,33119.17,226813.93,Current
LON0000565,CUS0004167,PRD-LN02,BR0044,1919894.32,20.23,240,2023-09-09,2043-05-27,32962.58,1250378.88,Current
LON0000566,CUS0004257,PRD-LN04,BR0039,6034296.33,7.43,120,2020-01-24,2029-12-02,71407.9,2964494.71,Current
LON0000567,CUS0004684,PRD-LN02,BR0048,2406500.98,10.72,48,2024-09-15,2028-08-25,61870.56,1294687.99,Current
LON0000568,CUS0009079,PRD-LN03,BR0028,11088073.55,8.92,12,2025-04-21,2026-04-16,969257.11,4134673.4,Current
LON0000569,CUS0003988,PRD-LN04,BR0043,8609925.41,9.3,120,2026-02-20,2035-12-30,110469.7,2870170.19,Current
LON0000570,CUS0009958,PRD-LN01,BR0004,1022598.53,9.46,84,2021-11-28,2028-10-22,16692.39,1011102.77,Current
LON0000571,CUS0004299,PRD-LN03,BR0043,2314684.04,17.85,240,2020-02-20,2039-11-07,35455.81,485556.62,Current
LON0000572,CUS0001269,PRD-LN01,BR0033,757982.26,8.08,360,2022-04-13,2051-11-07,5604.14,723027.0,Late
LON0000573,CUS0000578,PRD-LN01,BR0019,495900.33,6.63,36,2024-06-24,2027-06-09,15228.21,319282.65,Late
LON0000574,CUS0001394,PRD-LN03,BR0016,14708097.46,10.5,360,2025-03-28,2054-10-22,134540.75,3560395.72,Current
LON0000575,CUS0004905,PRD-LN04,BR0001,515555.24,13.23,60,2022-11-04,2027-10-09,11791.26,246121.11,Current
LON0000576,CUS0002722,PRD-LN01,BR0040,331636.36,7.55,24,2021-11-08,2023-10-29,14931.04,217135.87,Current
LON0000577,CUS0003943,PRD-LN03,BR0035,5367145.0,12.59,60,2024-11-18,2029-10-23,120995.53,1880389.2,Default
LON0000578,CUS0007628,PRD-LN03,BR0004,4597751.36,15.16,12,2022-02-25,2023-02-20,415332.48,1091758.65,Current
LON0000579,CUS0008221,PRD-LN03,BR0009,12905740.69,8.54,360,2022-09-23,2052-04-18,99600.07,4398196.8,Current
LON0000580,CUS0005518,PRD-LN03,BR0050,13019290.31,6.56,120,2020-10-25,2030-09-03,148229.17,11798921.18,Current
LON0000581,CUS0001714,PRD-LN03,BR0045,6873658.42,16.55,360,2024-08-14,2054-03-10,95488.51,4595946.87,Current
LON0000582,CUS0005818,PRD-LN02,BR0012,357399.44,17.8,360,2021-08-29,2051-03-25,5328.0,184762.54,Current
LON0000583,CUS0004386,PRD-LN04,BR0034,1357230.28,17.19,36,2021-06-26,2024-06-10,48517.4,205329.98,Current
LON0000584,CUS0008523,PRD-LN01,BR0008,441275.5,4.9,60,2026-02-18,2031-01-23,8307.21,282237.7,Current
LON0000585,CUS0004123,PRD-LN04,BR0025,4958137.63,6.21,360,2021-06-07,2051-01-01,30399.24,512680.0,Late
LON0000586,CUS0005530,PRD-LN04,BR0025,5502535.8,14.4,84,2026-01-30,2032-12-24,104337.28,5486889.45,Current
LON0000587,CUS0003010,PRD-LN04,BR0001,2493284.96,14.33,60,2024-01-03,2028-12-07,58441.82,1562914.66,Current
LON0000588,CUS0001839,PRD-LN01,BR0042,150471.09,7.89,180,2024-03-17,2038-12-29,1428.44,85370.42,Current
LON0000589,CUS0008048,PRD-LN01,BR0017,901084.69,19.88,36,2023-01-26,2026-01-10,33432.47,861921.15,Current
LON0000590,CUS0004117,PRD-LN03,BR0047,7042213.43,7.17,180,2022-01-16,2036-10-29,63968.6,3766923.89,Late
LON0000591,CUS0001760,PRD-LN02,BR0032,897520.69,17.69,120,2024-04-18,2034-02-25,15993.3,428636.7,Closed
LON0000592,CUS0007010,PRD-LN02,BR0041,1647678.03,13.75,240,2021-04-15,2040-12-31,20190.74,1183677.58,Current
LON0000593,CUS0005285,PRD-LN04,BR0035,5208891.1,4.47,12,2021-07-29,2022-07-24,444655.92,2619853.32,Current
LON0000594,CUS0003802,PRD-LN04,BR0020,1372992.14,21.63,240,2023-09-10,2043-05-28,25092.95,254500.31,Current
LON0000595,CUS0007149,PRD-LN02,BR0030,547320.43,12.92,84,2021-06-05,2028-04-29,9933.04,449227.12,Current
LON0000596,CUS0004913,PRD-LN04,BR0026,3419464.79,9.93,180,2021-07-08,2036-04-20,36599.45,3287238.01,Current
LON0000597,CUS0000217,PRD-LN03,BR0025,10296598.23,14.54,360,2025-11-19,2055-06-15,126415.43,3879211.62,Current
LON0000598,CUS0003245,PRD-LN03,BR0018,12255953.5,9.6,120,2022-06-16,2032-04-24,159260.84,8785263.11,Current
LON0000599,CUS0003597,PRD-LN04,BR0040,5985944.28,20.02,36,2024-05-28,2027-05-13,222520.14,4422365.08,Current
LON0000600,CUS0003761,PRD-LN02,BR0025,1585408.46,16.3,12,2023-03-12,2024-03-06,144070.64,159216.43,Current
LON0000601,CUS0005698,PRD-LN02,BR0033,1816712.16,14.55,84,2021-11-19,2028-10-13,34599.56,1003463.99,Current
LON0000602,CUS0001820,PRD-LN02,BR0049,816926.75,21.95,60,2026-04-11,2031-03-16,22539.41,489361.97,Current
LON0000603,CUS0003980,PRD-LN04,BR0016,7670408.67,21.38,180,2025-11-25,2040-09-07,142598.49,1077174.44,Late
LON0000604,CUS0003067,PRD-LN02,BR0009,1432064.23,6.98,360,2024-02-06,2053-09-01,9508.33,170126.15,Current
LON0000605,CUS0001666,PRD-LN03,BR0001,12336072.06,17.03,240,2026-04-18,2046-01-03,181227.06,5876169.46,Current
LON0000606,CUS0005694,PRD-LN02,BR0049,1785330.11,19.89,48,2020-05-19,2024-04-28,54223.66,416144.21,Current
LON0000607,CUS0009502,PRD-LN01,BR0032,931829.93,14.62,84,2023-05-17,2030-04-10,17783.21,459705.15,Current
LON0000608,CUS0002091,PRD-LN02,BR0035,1102409.62,19.53,60,2021-04-04,2026-03-09,28919.56,738612.88,Current
LON0000609,CUS0002614,PRD-LN02,BR0029,579324.49,17.27,180,2021-09-13,2036-06-26,9026.92,416403.43,Current
LON0000610,CUS0004067,PRD-LN01,BR0037,980292.78,17.6,180,2021-07-02,2036-04-14,15505.54,365939.85,Closed
LON0000611,CUS0004205,PRD-LN02,BR0001,605576.43,13.79,120,2021-01-24,2030-12-03,9326.26,290891.25,Current
LON0000612,CUS0003125,PRD-LN03,BR0014,7604858.96,18.06,12,2020-08-11,2021-08-06,697430.59,1715740.66,Current
LON0000613,CUS0008716,PRD-LN04,BR0025,4260378.63,15.76,360,2022-08-31,2052-03-26,56467.99,3211096.5,Current
LON0000614,CUS0001873,PRD-LN01,BR0016,556789.38,19.24,240,2024-01-12,2043-09-29,9127.85,229182.43,Current
LON0000615,CUS0007986,PRD-LN01,BR0011,1388817.02,14.37,84,2023-12-11,2030-11-04,26311.14,557919.69,Current
LON0000616,CUS0003852,PRD-LN02,BR0043,999322.57,12.46,84,2021-12-07,2028-10-31,17887.55,269224.42,Current
LON0000617,CUS0001971,PRD-LN03,BR0022,1152254.69,11.04,240,2022-04-08,2041-12-24,11924.82,762882.86,Closed
LON0000618,CUS0007578,PRD-LN02,BR0013,2168806.18,11.64,48,2026-04-03,2030-03-13,56730.39,1340325.78,Default
LON0000619,CUS0005189,PRD-LN04,BR0035,5209432.97,20.67,120,2023-07-22,2033-05-30,103000.16,897356.68,Current
LON0000620,CUS0007531,PRD-LN01,BR0017,357036.59,11.6,240,2020-03-09,2039-11-25,3832.17,144992.93,Current
LON0000621,CUS0003953,PRD-LN01,BR0007,1462337.88,21.83,240,2024-07-16,2044-04-02,26958.49,1433812.07,Closed
LON0000622,CUS0004124,PRD-LN02,BR0018,909313.44,9.71,12,2020-10-11,2021-10-06,79820.51,131431.43,Closed
LON0000623,CUS0008714,PRD-LN03,BR0041,1379691.69,5.2,12,2025-12-28,2026-12-23,118238.42,298255.06,Current
LON0000624,CUS0004373,PRD-LN03,BR0048,7371498.1,5.78,24,2021-02-05,2023-01-26,325979.04,3232151.88,Current
LON0000625,CUS0006688,PRD-LN03,BR0038,1816614.55,21.34,36,2022-07-10,2025-06-24,68758.61,1123888.5,Current
LON0000626,CUS0006264,PRD-LN03,BR0040,11140845.21,5.78,24,2023-02-22,2025-02-11,492665.4,7102286.49,Current
LON0000627,CUS0000280,PRD-LN03,BR0016,4958529.01,4.77,36,2021-02-03,2024-01-19,148100.06,2007255.2,Late
LON0000628,CUS0001299,PRD-LN01,BR0044,1108428.67,9.37,12,2021-02-02,2022-01-28,97124.01,305710.76,Current
LON0000629,CUS0001071,PRD-LN01,BR0001,1315485.9,20.14,60,2025-05-18,2030-04-22,34954.88,1144719.12,Current
LON0000630,CUS0004317,PRD-LN02,BR0004,422989.54,15.31,36,2025-08-20,2028-08-04,14727.37,300866.33,Current
LON0000631,CUS0005613,PRD-LN01,BR0009,104031.65,14.54,36,2026-03-19,2029-03-03,3582.9,90832.81,Current
LON0000632,CUS0000937,PRD-LN01,BR0022,322900.21,8.72,12,2022-05-17,2023-05-12,28196.19,188715.86,Closed
LON0000633,CUS0000775,PRD-LN03,BR0003,10472840.51,20.31,120,2025-08-11,2035-06-20,204550.79,7523000.53,Current
LON0000634,CUS0004768,PRD-LN01,BR0008,205313.4,19.52,12,2024-10-03,2025-09-28,18971.97,95676.04,Current
LON0000635,CUS0006401,PRD-LN03,BR0017,13690767.74,19.17,240,2020-12-13,2040-08-30,223695.79,4085816.65,Current
LON0000636,CUS0000296,PRD-LN03,BR0034,12370945.68,5.27,360,2021-08-09,2051-03-05,68466.15,4117387.8,Late
LON0000637,CUS0001970,PRD-LN04,BR0008,4773080.09,9.94,60,2022-04-16,2027-03-21,101272.99,1161871.24,Current
LON0000638,CUS0003378,PRD-LN04,BR0049,1427805.38,10.27,12,2020-03-17,2021-03-12,125706.14,1156810.43,Current
LON0000639,CUS0008816,PRD-LN04,BR0003,6417066.86,15.48,60,2021-11-20,2026-10-25,154283.16,3306989.52,Current
LON0000640,CUS0001483,PRD-LN01,BR0047,1472897.75,15.78,120,2020-07-12,2030-05-21,24471.41,277917.2,Current
LON0000641,CUS0001718,PRD-LN03,BR0041,10399526.39,17.49,24,2024-02-24,2026-02-13,516627.98,7938501.94,Current
LON0000642,CUS0008971,PRD-LN04,BR0028,3853846.89,21.91,240,2024-02-10,2043-10-28,71291.92,1449021.19,Current
LON0000643,CUS0008017,PRD-LN02,BR0050,803985.06,16.75,84,2025-10-15,2032-09-08,16314.13,429355.13,Current
LON0000644,CUS0009360,PRD-LN01,BR0036,84119.1,10.45,360,2025-11-30,2055-06-26,766.33,44415.63,Current
LON0000645,CUS0003178,PRD-LN04,BR0003,9142407.38,14.12,180,2023-07-20,2038-05-02,122491.19,1947223.01,Current
LON0000646,CUS0008406,PRD-LN01,BR0045,324513.52,7.11,120,2020-04-26,2030-03-05,3786.3,277239.33,Current
LON0000647,CUS0007773,PRD-LN02,BR0020,832536.58,13.37,360,2024-04-12,2053-11-06,9450.89,324353.19,Current
LON0000648,CUS0006240,PRD-LN02,BR0049,839189.21,4.21,48,2022-04-02,2026-03-12,19027.06,267696.8,Current
LON0000649,CUS0005541,PRD-LN03,BR0007,5456383.69,20.2,240,2025-06-16,2045-03-03,93551.7,3018372.55,Current
LON0000650,CUS0006120,PRD-LN01,BR0002,885841.28,21.68,360,2025-12-31,2055-07-27,16029.64,690728.16,Closed
LON0000651,CUS0001561,PRD-LN02,BR0007,1669067.07,6.69,240,2020-02-04,2039-10-22,12631.52,891360.75,Current
LON0000652,CUS0008285,PRD-LN04,BR0019,7207917.77,9.3,120,2021-04-23,2031-03-02,92481.23,4548248.21,Current
LON0000653,CUS0005775,PRD-LN04,BR0035,2984084.2,7.8,24,2020-02-28,2022-02-17,134690.01,2812550.42,Current
LON0000654,CUS0003798,PRD-LN04,BR0020,5392008.03,17.73,48,2024-08-13,2028-07-23,157630.51,951605.11,Late
LON0000655,CUS0002706,PRD-LN03,BR0022,4949916.71,17.2,180,2021-09-09,2036-06-22,76882.16,4791832.83,Current
LON0000656,CUS0000037,PRD-LN04,BR0017,3659209.72,11.81,48,2024-08-01,2028-07-11,96020.02,1973795.46,Current
LON0000657,CUS0009578,PRD-LN01,BR0011,979742.32,6.8,360,2020-08-10,2050-03-06,6387.19,139842.47,Late
LON0000658,CUS0006320,PRD-LN01,BR0043,1299341.75,10.28,360,2023-01-06,2052-08-01,11672.41,1133102.12,Current
LON0000659,CUS0004321,PRD-LN02,BR0012,351115.72,17.65,36,2020-01-26,2023-01-10,12632.11,197641.09,Current
LON0000660,CUS0004487,PRD-LN02,BR0036,1413120.04,16.1,48,2021-08-11,2025-07-21,40120.63,939996.28,Current
LON0000661,CUS0006042,PRD-LN03,BR0026,9818520.26,11.52,48,2025-07-25,2029-07-04,256251.36,4014336.79,Late
LON0000662,CUS0006253,PRD-LN01,BR0011,422008.5,5.11,36,2021-10-12,2024-09-26,12668.83,148198.83,Late
LON0000663,CUS0006968,PRD-LN02,BR0036,1409710.8,7.92,180,2026-03-09,2040-12-20,13406.91,585096.54,Current
LON0000664,CUS0000813,PRD-LN02,BR0007,556132.93,18.73,240,2024-02-07,2043-10-25,8896.54,414817.48,Current
LON0000665,CUS0007116,PRD-LN01,BR0030,827274.65,20.68,240,2021-05-20,2041-02-04,14496.77,678622.77,Current
LON0000666,CUS0008178,PRD-LN02,BR0004,2346467.22,11.21,60,2020-06-17,2025-05-22,51263.97,508248.09,Default
LON0000667,CUS0002073,PRD-LN02,BR0047,1033872.19,14.4,36,2025-02-12,2028-01-28,35536.49,767206.94,Current
LON0000668,CUS0006006,PRD-LN03,BR0012,2661018.67,17.87,12,2026-01-13,2027-01-08,243797.57,1165228.71,Current
LON0000669,CUS0006878,PRD-LN04,BR0033,4972884.82,17.23,240,2022-12-20,2042-09-06,73813.35,3924099.06,Current
LON0000670,CUS0000419,PRD-LN04,BR0016,5505389.61,5.76,60,2024-03-22,2029-02-24,105821.3,3657736.54,Current
LON0000671,CUS0002590,PRD-LN04,BR0015,3444799.31,6.18,84,2023-09-09,2030-08-03,50621.32,1032002.87,Current
LON0000672,CUS0002339,PRD-LN03,BR0050,3329545.55,4.52,60,2023-05-02,2028-04-05,62103.07,2921055.8,Current
LON0000673,CUS0002641,PRD-LN01,BR0021,570935.84,16.37,48,2020-05-20,2024-04-29,16288.88,88080.98,Current
LON0000674,CUS0009016,PRD-LN03,BR0036,11874216.56,19.4,240,2024-07-30,2044-04-16,196144.71,8264199.52,Current
LON0000675,CUS0004694,PRD-LN02,BR0019,1842759.07,10.67,360,2024-05-17,2053-12-11,17091.09,391232.57,Current
LON0000676,CUS0001374,PRD-LN04,BR0013,8560195.79,5.36,240,2024-10-31,2044-07-18,58209.69,4405541.48,Closed
LON0000677,CUS0002211,PRD-LN01,BR0012,1137789.3,12.76,240,2024-04-17,2044-01-03,13136.01,315889.19,Closed
LON0000678,CUS0003318,PRD-LN03,BR0018,7870205.58,16.83,48,2020-02-15,2024-01-25,226403.51,4807947.26,Current
LON0000679,CUS0005303,PRD-LN02,BR0037,367155.2,8.89,36,2020-05-28,2023-05-13,11656.65,145631.78,Current
LON0000680,CUS0004384,PRD-LN02,BR0027,545678.65,13.22,60,2024-09-27,2029-09-01,12477.41,491065.23,Current
LON0000681,CUS0008989,PRD-LN04,BR0004,6952747.7,10.7,360,2026-01-19,2055-08-15,64641.42,4618830.62,Late
LON0000682,CUS0007878,PRD-LN03,BR0004,11586654.23,12.24,60,2025-09-10,2030-08-15,259146.15,3051101.41,Late
LON0000683,CUS0007105,PRD-LN02,BR0012,1785124.03,5.12,180,2022-09-23,2037-07-06,14228.49,1128134.05,Late
LON0000684,CUS0001613,PRD-LN01,BR0012,171681.02,6.82,180,2020-10-06,2035-07-20,1525.89,103939.51,Default
LON0000685,CUS0005532,PRD-LN02,BR0016,824116.36,15.1,36,2022-07-28,2025-07-12,28608.64,277985.14,Current
LON0000686,CUS0007932,PRD-LN03,BR0040,4011377.41,5.3,24,2021-04-22,2023-04-12,176524.14,1252722.98,Current
LON0000687,CUS0000471,PRD-LN02,BR0015,2076310.14,7.47,60,2023-04-18,2028-03-22,41575.4,1577732.77,Current
LON0000688,CUS0006991,PRD-LN01,BR0001,614363.45,12.4,60,2021-08-02,2026-07-07,13790.68,497339.2,Current
LON0000689,CUS0008749,PRD-LN02,BR0017,1919854.77,14.81,360,2020-07-28,2050-02-21,23984.05,1460428.77,Current
LON0000690,CUS0008407,PRD-LN04,BR0025,1063756.68,7.87,12,2022-05-16,2023-05-11,92470.6,796333.58,Current
LON0000691,CUS0009671,PRD-LN01,BR0028,1212047.22,20.51,12,2023-12-24,2024-12-18,112573.45,1017761.37,Late
LON0000692,CUS0008846,PRD-LN04,BR0011,6704910.18,7.21,36,2022-03-18,2025-03-02,207672.54,4605917.25,Closed
LON0000693,CUS0004981,PRD-LN03,BR0005,12038575.88,20.11,240,2020-01-11,2039-09-28,205554.22,4477910.27,Current
LON0000694,CUS0002253,PRD-LN03,BR0050,14508470.29,9.91,360,2022-01-11,2051-08-07,126358.36,6615503.7,Current
LON0000695,CUS0006006,PRD-LN04,BR0040,1930584.65,18.65,84,2025-11-27,2032-10-21,41315.55,218938.58,Current
LON0000696,CUS0006943,PRD-LN04,BR0040,8754316.42,18.75,48,2021-01-26,2025-01-05,260601.61,4178709.36,Current
LON0000697,CUS0001921,PRD-LN03,BR0003,13008663.28,5.11,84,2021-08-05,2028-06-29,184536.4,10527568.1,Current
LON0000698,CUS0001185,PRD-LN02,BR0017,2382948.63,20.42,60,2020-06-16,2025-05-21,63691.74,439570.31,Current
LON0000699,CUS0006180,PRD-LN01,BR0011,1213087.97,10.95,60,2025-11-20,2030-10-25,26345.23,356521.05,Current
LON0000700,CUS0005982,PRD-LN04,BR0023,4533480.89,14.55,48,2023-12-10,2027-11-19,125138.46,4113517.8,Current
LON0000701,CUS0003054,PRD-LN02,BR0019,2117852.56,6.7,36,2025-09-30,2028-09-14,65103.04,2025270.07,Late
LON0000702,CUS0004635,PRD-LN03,BR0026,2264179.3,6.12,240,2022-10-01,2042-06-18,16378.42,598549.46,Current
LON0000703,CUS0002922,PRD-LN02,BR0025,454317.67,13.23,48,2021-02-04,2025-01-14,12240.13,117195.37,Default
LON0000704,CUS0008463,PRD-LN03,BR0042,12627524.85,14.29,180,2022-04-09,2037-01-20,170633.41,9614047.49,Current
LON0000705,CUS0001645,PRD-LN02,BR0011,653822.95,10.06,180,2024-01-09,2038-10-22,7050.03,87469.73,Current
LON0000706,CUS0000786,PRD-LN01,BR0007,326567.65,20.23,60,2022-10-04,2027-09-08,8693.89,163719.87,Current
LON0000707,CUS0006702,PRD-LN03,BR0037,1029264.85,9.55,12,2022-05-14,2023-05-09,90273.46,283682.44,Current
LON0000708,CUS0001102,PRD-LN01,BR0023,570220.25,13.17,12,2020-04-15,2021-04-10,50976.01,491652.89,Closed
LON0000709,CUS0004749,PRD-LN02,BR0005,1575911.15,6.07,120,2024-11-25,2034-10-04,17551.29,528247.19,Current
LON0000710,CUS0005588,PRD-LN03,BR0049,5040232.27,14.45,180,2021-11-23,2036-09-05,68653.51,4316137.14,Late
LON0000711,CUS0009311,PRD-LN02,BR0015,1739586.31,19.83,36,2022-08-11,2025-07-26,64498.68,1627207.8,Current
LON0000712,CUS0004201,PRD-LN02,BR0045,1078489.61,9.35,24,2023-04-19,2025-04-08,49443.89,525262.62,Current
LON0000713,CUS0008038,PRD-LN01,BR0043,1107637.94,4.1,180,2025-12-17,2040-09-29,8248.68,911797.12,Current
LON0000714,CUS0001283,PRD-LN02,BR0043,1083412.87,8.48,24,2023-12-01,2025-11-20,49237.35,789954.42,Current
LON0000715,CUS0008312,PRD-LN02,BR0041,1124614.57,18.54,60,2021-05-12,2026-04-16,28889.21,627037.04,Current
LON0000716,CUS0003201,PRD-LN04,BR0022,8276939.37,8.0,120,2025-05-29,2035-04-07,100422.11,5079801.31,Current
LON0000717,CUS0001705,PRD-LN04,BR0025,1802365.63,4.03,180,2022-12-11,2037-09-23,13358.99,740169.28,Closed
LON0000718,CUS0006469,PRD-LN04,BR0010,3250160.16,6.54,180,2022-10-09,2037-07-22,28383.9,1794831.99,Current
LON0000719,CUS0009203,PRD-LN01,BR0007,156912.61,5.0,120,2020-07-06,2030-05-15,1664.3,85051.19,Current
LON0000720,CUS0001143,PRD-LN03,BR0005,10583819.27,4.23,24,2025-12-03,2027-11-23,460685.77,9323231.41,Current
LON0000721,CUS0009928,PRD-LN03,BR0011,8873412.12,11.86,180,2024-06-20,2039-04-03,105697.94,5841634.13,Default
LON0000722,CUS0009297,PRD-LN03,BR0046,7400137.14,17.51,24,2021-03-13,2023-03-03,367695.55,3629615.83,Current
LON0000723,CUS0005848,PRD-LN01,BR0026,1237704.54,8.07,240,2025-07-28,2045-04-14,10406.64,584522.24,Current
LON0000724,CUS0006274,PRD-LN03,BR0023,1328397.91,17.94,60,2022-09-28,2027-09-02,33689.23,979402.36,Current
LON0000725,CUS0009908,PRD-LN01,BR0020,691338.86,9.03,12,2024-12-20,2025-12-15,60468.22,457597.95,Current
LON0000726,CUS0000192,PRD-LN02,BR0024,707315.21,9.37,12,2022-05-29,2023-05-24,61977.19,666384.39,Default
LON0000727,CUS0009335,PRD-LN03,BR0016,8824622.8,19.21,24,2021-03-21,2023-03-11,445737.92,7627106.3,Current
LON0000728,CUS0009254,PRD-LN04,BR0015,7544944.97,10.45,60,2020-09-27,2025-09-01,161983.48,4091735.16,Current
LON0000729,CUS0008608,PRD-LN01,BR0015,444266.44,18.03,240,2024-02-05,2043-10-23,6866.67,314886.78,Closed
LON0000730,CUS0005802,PRD-LN02,BR0037,1620989.16,6.92,120,2025-08-29,2035-07-08,18754.29,1537513.0,Late
LON0000731,CUS0001017,PRD-LN02,BR0003,462833.72,16.57,12,2023-09-19,2024-09-13,42118.24,192991.45,Current
LON0000732,CUS0004920,PRD-LN04,BR0028,6374538.25,18.74,12,2025-04-17,2026-04-12,586664.93,2346383.83,Current
LON0000733,CUS0000532,PRD-LN03,BR0004,8122746.03,11.75,60,2023-04-06,2028-03-10,179661.5,7545599.43,Current
LON0000734,CUS0004566,PRD-LN01,BR0006,1392532.27,10.2,180,2021-08-17,2036-05-30,15135.06,626156.11,Current
LON0000735,CUS0001545,PRD-LN04,BR0001,2866511.96,17.03,120,2023-09-05,2033-07-14,49873.81,2022127.63,Current
LON0000736,CUS0009521,PRD-LN02,BR0015,1067547.43,7.58,120,2023-02-11,2032-12-20,12716.6,486899.5,Current
LON0000737,CUS0004939,PRD-LN04,BR0002,1225156.38,10.36,84,2024-12-25,2031-11-19,20567.66,1199057.92,Current
LON0000738,CUS0005764,PRD-LN04,BR0001,4795897.35,5.31,48,2020-06-20,2024-05-30,111120.87,2713224.19,Current
LON0000739,CUS0008473,PRD-LN01,BR0043,1429268.21,21.18,180,2026-03-26,2041-01-06,26356.83,636003.06,Current
LON0000740,CUS0009639,PRD-LN02,BR0038,1323246.59,17.56,36,2024-12-21,2027-12-06,47546.97,538546.49,Current
LON0000741,CUS0009959,PRD-LN01,BR0046,1274757.4,7.2,360,2025-12-29,2055-07-25,8652.9,673289.67,Current
LON0000742,CUS0004878,PRD-LN01,BR0004,719914.14,18.41,48,2022-08-19,2026-07-29,21302.03,489147.36,Closed
LON0000743,CUS0008238,PRD-LN02,BR0028,1267626.15,11.35,60,2025-05-25,2030-04-29,27783.04,924639.84,Late
LON0000744,CUS0007399,PRD-LN03,BR0007,5835992.45,4.31,24,2020-12-10,2022-11-30,254233.53,3037104.48,Late
LON0000745,CUS0000517,PRD-LN02,BR0039,1059804.2,18.64,12,2021-07-22,2022-07-17,97485.93,210165.44,Current
LON0000746,CUS0003140,PRD-LN01,BR0048,441969.83,21.88,60,2023-01-01,2027-12-06,12176.59,386470.49,Current
LON0000747,CUS0007312,PRD-LN03,BR0012,12111522.8,6.5,36,2022-04-25,2025-04-09,371206.1,10666854.29,Current
LON0000748,CUS0001604,PRD-LN04,BR0018,2758831.92,12.24,120,2024-12-11,2034-10-20,39964.93,2644316.64,Current
LON0000749,CUS0004843,PRD-LN03,BR0049,5175669.82,15.58,180,2024-08-19,2039-06-02,74504.99,2542866.11,Current
LON0000750,CUS0004720,PRD-LN01,BR0025,1330913.85,9.32,48,2022-04-14,2026-03-24,33322.45,1222519.21,Current
LON0000751,CUS0002466,PRD-LN01,BR0015,1414929.1,6.49,48,2021-05-25,2025-05-04,33548.45,1334888.85,Current
LON0000752,CUS0006015,PRD-LN04,BR0004,2059769.26,8.64,60,2024-09-01,2029-08-06,42398.44,1996795.63,Current
LON0000753,CUS0009107,PRD-LN03,BR0029,2621208.77,19.16,180,2024-02-04,2038-11-17,44417.96,802658.18,Current
LON0000754,CUS0004860,PRD-LN01,BR0029,473375.57,11.39,240,2025-11-06,2045-07-24,5012.39,127216.97,Current
LON0000755,CUS0001926,PRD-LN01,BR0027,686910.53,14.76,12,2024-12-15,2025-12-10,61921.62,77613.12,Current
LON0000756,CUS0006248,PRD-LN04,BR0031,9534570.89,16.62,36,2025-03-13,2028-02-26,338133.02,4589054.85,Current
LON0000757,CUS0009469,PRD-LN01,BR0043,1183710.57,5.38,240,2024-12-02,2044-08-19,8062.58,1081613.82,Current
LON0000758,CUS0002940,PRD-LN03,BR0041,13069800.92,19.05,240,2022-02-19,2041-11-06,212328.64,9027618.4,Late
LON0000759,CUS0008558,PRD-LN04,BR0009,8335330.2,14.01,120,2024-08-17,2034-06-26,129469.82,4414165.87,Current
LON0000760,CUS0006009,PRD-LN03,BR0034,10776641.11,15.29,36,2021-05-09,2024-04-23,375108.06,3090825.19,Current
LON0000761,CUS0000968,PRD-LN03,BR0024,8324132.32,21.28,240,2025-12-18,2045-09-04,149819.61,4727703.44,Current
LON0000762,CUS0007519,PRD-LN02,BR0030,740786.27,15.44,120,2021-10-02,2031-08-11,12151.86,712776.94,Current
LON0000763,CUS0002489,PRD-LN03,BR0026,12541927.12,21.55,60,2022-08-10,2027-07-15,343193.1,9568942.83,Current
LON0000764,CUS0009673,PRD-LN03,BR0050,4666586.84,19.51,180,2022-07-03,2037-04-15,80274.83,1810061.9,Current
LON0000765,CUS0009451,PRD-LN04,BR0012,9813034.4,9.92,36,2024-06-12,2027-05-28,316270.57,7374357.24,Current
LON0000766,CUS0009976,PRD-LN02,BR0021,513684.88,4.98,36,2020-09-18,2023-09-03,15390.98,256200.27,Current
LON0000767,CUS0003736,PRD-LN02,BR0013,335302.4,18.9,240,2025-06-02,2045-02-17,5408.13,160505.71,Current
LON0000768,CUS0007444,PRD-LN04,BR0006,7644273.09,5.78,24,2024-02-21,2026-02-10,338041.57,2950019.51,Current
LON0000769,CUS0004852,PRD-LN03,BR0044,12244526.39,7.65,36,2023-07-18,2026-07-02,381725.0,10664136.25,Current
LON0000770,CUS0004823,PRD-LN02,BR0022,1051779.84,16.1,12,2021-08-14,2022-08-09,95478.67,841090.6,Current
LON0000771,CUS0006044,PRD-LN03,BR0018,14031037.55,18.07,360,2025-03-18,2054-10-12,212261.53,8478762.33,Late
LON0000772,CUS0003434,PRD-LN03,BR0009,7739347.54,21.86,24,2021-01-02,2022-12-23,400968.2,6678015.89,Current
LON0000773,CUS0006195,PRD-LN03,BR0048,2364176.19,9.55,84,2024-01-28,2030-12-22,38700.62,1305990.84,Current
LON0000774,CUS0003727,PRD-LN02,BR0030,555547.38,5.88,48,2021-07-24,2025-07-03,13016.5,128896.29,Current
LON0000775,CUS0002749,PRD-LN02,BR0007,1858010.93,9.42,240,2025-10-02,2045-06-19,17222.15,1614167.17,Current
LON0000776,CUS0006864,PRD-LN01,BR0038,147254.6,7.31,48,2024-10-06,2028-09-15,3547.41,77122.32,Current
LON0000777,CUS0004529,PRD-LN01,BR0044,1008599.47,10.4,60,2022-08-10,2027-07-15,21628.81,196030.71,Default
LON0000778,CUS0003096,PRD-LN02,BR0041,720322.79,6.45,36,2026-04-14,2029-03-29,22060.79,431902.39,Current
LON0000779,CUS0000056,PRD-LN01,BR0024,198793.27,14.17,48,2021-11-12,2025-10-22,5449.29,78801.56,Current
LON0000780,CUS0008578,PRD-LN04,BR0002,1643487.4,14.45,84,2023-07-12,2030-06-05,31208.97,259186.2,Current
LON0000781,CUS0001366,PRD-LN02,BR0004,1509166.52,19.21,48,2024-04-03,2028-03-13,45291.67,1115725.07,Current
LON0000782,CUS0008653,PRD-LN03,BR0010,5064770.85,3.51,24,2021-02-16,2023-02-06,218834.36,991701.15,Current
LON0000783,CUS0001191,PRD-LN03,BR0033,12653880.57,3.66,60,2023-01-16,2027-12-21,231103.97,12158132.66,Current
LON0000784,CUS0008443,PRD-LN03,BR0048,4362224.0,10.75,84,2023-06-22,2030-05-16,74119.73,2471843.42,Default
LON0000785,CUS0007961,PRD-LN04,BR0019,7355428.4,21.26,24,2020-08-17,2022-08-07,378903.47,900275.93,Current
LON0000786,CUS0004796,PRD-LN01,BR0027,146640.37,13.96,360,2025-09-25,2055-04-21,1732.86,86333.96,Current
LON0000787,CUS0006419,PRD-LN04,BR0030,9297015.47,20.23,84,2021-02-08,2028-01-03,207740.85,5120146.76,Current
LON0000788,CUS0003344,PRD-LN01,BR0012,1452025.73,9.45,12,2020-09-02,2021-08-28,127285.0,1214156.72,Closed
LON0000789,CUS0002912,PRD-LN04,BR0042,1822206.61,12.81,60,2022-03-11,2027-02-13,41283.78,1741267.08,Current
LON0000790,CUS0005084,PRD-LN01,BR0021,139325.93,19.53,240,2021-07-08,2041-03-25,2315.61,51912.27,Current
LON0000791,CUS0000265,PRD-LN01,BR0012,416881.32,3.84,24,2021-07-20,2023-07-10,18073.37,57551.46,Current
LON0000792,CUS0001001,PRD-LN03,BR0044,12311482.1,19.56,24,2024-05-25,2026-05-15,623959.61,5654715.45,Current
LON0000793,CUS0001619,PRD-LN01,BR0008,1295192.29,4.66,48,2022-09-28,2026-09-07,29628.29,152560.26,Late
LON0000794,CUS0004730,PRD-LN03,BR0044,9635264.17,5.66,48,2023-11-09,2027-10-19,224785.54,5779336.94,Current
LON0000795,CUS0000540,PRD-LN01,BR0001,1248658.67,9.01,36,2022-12-11,2025-11-25,39712.82,558644.17,Current
LON0000796,CUS0004837,PRD-LN03,BR0046,14066547.94,19.02,24,2025-03-08,2027-02-26,709211.92,13264512.79,Current
LON0000797,CUS0008739,PRD-LN03,BR0018,13742572.2,8.23,60,2024-02-28,2029-02-01,280164.98,12062028.85,Current
LON0000798,CUS0004518,PRD-LN03,BR0013,9923436.1,5.93,36,2023-08-23,2026-08-07,301575.51,4030046.41,Current
LON0000799,CUS0006476,PRD-LN04,BR0025,9656114.95,5.72,360,2020-12-06,2050-07-02,56166.58,7520064.82,Current
LON0000800,CUS0005186,PRD-LN04,BR0018,3720150.85,3.51,240,2025-11-20,2045-08-07,21594.5,2808465.85,Current
LON0000801,CUS0001586,PRD-LN02,BR0031,1949711.27,4.9,12,2025-12-06,2026-12-01,166820.54,646921.68,Current
LON0000802,CUS0003201,PRD-LN02,BR0038,1891512.33,19.17,48,2022-10-07,2026-09-16,56726.26,1880741.9,Current
LON0000803,CUS0003074,PRD-LN04,BR0032,6331890.69,18.55,12,2025-03-09,2026-03-04,582166.37,4066435.93,Current
LON0000804,CUS0006420,PRD-LN04,BR0016,6576966.79,9.2,240,2026-02-01,2045-10-19,60023.29,3219530.81,Current
LON0000805,CUS0008942,PRD-LN01,BR0005,265306.87,17.22,120,2026-03-24,2036-01-31,4648.02,243844.63,Current
LON0000806,CUS0004724,PRD-LN03,BR0048,8972556.61,9.14,360,2023-02-18,2052-09-13,73100.89,3347925.93,Current
LON0000807,CUS0001415,PRD-LN03,BR0013,14237309.48,9.57,24,2020-01-19,2022-01-08,654157.57,13169387.41,Current
LON0000808,CUS0006710,PRD-LN02,BR0026,1471152.79,6.9,180,2025-12-29,2040-10-11,13141.03,1208398.26,Current
LON0000809,CUS0008159,PRD-LN01,BR0037,1439132.39,13.19,240,2024-10-31,2044-07-18,17055.7,243126.47,Current
LON0000810,CUS0008433,PRD-LN03,BR0027,11899252.13,12.18,24,2024-08-04,2026-07-25,561139.87,8082238.43,Current
LON0000811,CUS0007615,PRD-LN04,BR0037,9808713.01,21.31,84,2021-11-28,2028-10-22,225616.72,1237278.41,Current
LON0000812,CUS0007504,PRD-LN04,BR0009,671332.24,13.18,84,2024-01-02,2030-11-26,12278.64,399672.03,Current
LON0000813,CUS0006773,PRD-LN04,BR0022,4737997.65,13.37,84,2024-04-16,2031-03-11,87149.4,1881524.59,Current
LON0000814,CUS0009737,PRD-LN02,BR0049,2478923.81,11.23,120,2021-03-24,2031-01-31,34470.71,258888.04,Current
LON0000815,CUS0005250,PRD-LN03,BR0050,9858987.66,15.46,24,2025-10-24,2027-10-14,480186.79,9168730.43,Closed
LON0000816,CUS0006961,PRD-LN02,BR0011,668161.87,9.37,60,2020-03-27,2025-03-01,13990.23,211539.68,Current
LON0000817,CUS0003087,PRD-LN01,BR0042,548961.02,16.48,36,2026-02-02,2029-01-17,19430.18,494802.82,Current
LON0000818,CUS0006958,PRD-LN01,BR0028,1027500.44,4.13,120,2024-07-16,2034-05-25,10466.54,898719.49,Current
LON0000819,CUS0006696,PRD-LN04,BR0031,3182043.31,20.52,48,2020-12-17,2024-11-26,97714.51,1309094.79,Current
LON0000820,CUS0005769,PRD-LN02,BR0029,1055255.22,13.6,120,2024-10-20,2034-08-29,16131.73,619656.65,Current
LON0000821,CUS0007373,PRD-LN01,BR0008,368532.08,17.87,36,2023-01-08,2025-12-23,13299.3,256848.5,Current
LON0000822,CUS0006830,PRD-LN01,BR0049,813940.31,12.02,24,2026-04-04,2028-03-24,38322.6,424957.41,Current
LON0000823,CUS0004005,PRD-LN02,BR0022,1125075.07,21.72,48,2025-12-09,2029-11-18,35275.9,409504.99,Current
LON0000824,CUS0002191,PRD-LN02,BR0023,2470018.8,18.46,24,2021-08-19,2023-08-09,123863.16,1728653.88,Current
LON0000825,CUS0003704,PRD-LN02,BR0039,1292089.29,12.3,24,2021-03-09,2023-02-27,61004.31,588758.15,Current
LON0000826,CUS0005855,PRD-LN01,BR0039,572805.96,10.0,48,2022-11-28,2026-11-07,14527.84,232420.33,Closed
LON0000827,CUS0000506,PRD-LN04,BR0039,8547596.35,9.94,24,2024-06-23,2026-06-13,394191.54,3613614.05,Current
LON0000828,CUS0006792,PRD-LN04,BR0007,6453191.84,20.0,24,2021-01-07,2022-12-28,328440.38,833263.24,Late
LON0000829,CUS0002248,PRD-LN02,BR0033,1409850.84,9.95,60,2023-06-12,2028-05-16,29920.49,384216.89,Closed
LON0000830,CUS0006599,PRD-LN02,BR0003,1310727.61,10.3,180,2021-02-03,2035-11-17,14326.68,1107453.55,Current
LON0000831,CUS0008645,PRD-LN04,BR0019,6338952.09,5.92,36,2024-05-26,2027-05-11,192613.51,1379530.78,Current
LON0000832,CUS0003505,PRD-LN03,BR0014,8746998.3,14.45,48,2023-07-21,2027-06-30,241003.82,1143114.7,Late
LON0000833,CUS0004384,PRD-LN03,BR0003,13985448.75,5.02,48,2024-07-21,2028-06-30,322201.73,1539856.3,Current
LON0000834,CUS0004752,PRD-LN02,BR0040,2019633.52,14.63,36,2022-04-18,2025-04-02,69645.87,480646.38,Current
LON0000835,CUS0005185,PRD-LN02,BR0019,1976154.07,6.94,240,2021-08-11,2041-04-28,15250.01,1415718.36,Current
LON0000836,CUS0001618,PRD-LN01,BR0037,143790.23,13.84,240,2025-07-26,2045-04-12,1771.38,20445.0,Current
LON0000837,CUS0000548,PRD-LN01,BR0032,371696.51,8.65,360,2026-02-13,2055-09-09,2897.63,177337.8,Current
LON0000838,CUS0005277,PRD-LN01,BR0009,664558.62,3.5,12,2020-07-23,2021-07-18,56435.4,192196.0,Current
LON0000839,CUS0009756,PRD-LN02,BR0036,2425180.77,19.97,84,2022-10-12,2029-09-05,53810.25,2144539.05,Default
LON0000840,CUS0004364,PRD-LN03,BR0046,1380215.3,13.26,48,2025-06-28,2029-06-07,37206.08,1375716.18,Current
LON0000841,CUS0006569,PRD-LN03,BR0014,7983658.54,9.07,36,2020-07-08,2023-06-23,254138.39,6955791.83,Current
LON0000842,CUS0006779,PRD-LN01,BR0001,1162174.32,15.81,24,2024-10-01,2026-09-21,56798.22,1019048.8,Current
LON0000843,CUS0004315,PRD-LN03,BR0010,14107925.94,15.31,24,2025-10-15,2027-10-05,686125.76,5793368.02,Current
LON0000844,CUS0004893,PRD-LN03,BR0024,14783430.52,11.54,60,2025-10-02,2030-09-06,325423.13,10542486.44,Current
LON0000845,CUS0003962,PRD-LN01,BR0003,53732.07,15.72,360,2023-03-19,2052-10-12,710.45,42549.41,Late
LON0000846,CUS0003174,PRD-LN01,BR0033,945895.01,14.42,24,2026-03-09,2028-02-27,45603.05,295885.07,Closed
LON0000847,CUS0004722,PRD-LN01,BR0007,1340047.41,17.34,48,2022-01-12,2025-12-22,38903.25,1128070.99,Current
LON0000848,CUS0009529,PRD-LN03,BR0026,10086703.45,6.56,84,2025-05-31,2032-04-24,150075.03,4082242.03,Current
LON0000849,CUS0008736,PRD-LN03,BR0045,5552831.12,20.09,84,2022-04-06,2029-02-28,123608.37,4916540.05,Closed
LON0000850,CUS0009047,PRD-LN01,BR0029,877546.62,17.79,84,2020-07-09,2027-06-03,18336.28,825938.75,Current
LON0000851,CUS0001802,PRD-LN02,BR0046,307081.83,14.51,12,2023-02-12,2024-02-07,27645.74,237796.55,Current
LON0000852,CUS0009714,PRD-LN01,BR0014,145613.65,10.28,36,2020-04-11,2023-03-27,4717.71,143598.69,Current
LON0000853,CUS0007182,PRD-LN01,BR0029,727774.6,4.82,84,2023-11-18,2030-10-12,10224.86,99859.18,Current
LON0000854,CUS0002208,PRD-LN02,BR0049,1501996.01,8.5,240,2024-03-25,2043-12-11,13034.67,544150.34,Late
LON0000855,CUS0002350,PRD-LN01,BR0009,1165119.76,3.86,84,2024-01-15,2030-12-09,15850.82,853498.43,Current
LON0000856,CUS0001601,PRD-LN01,BR0039,1219311.34,15.25,24,2021-04-16,2023-04-06,59265.25,832570.57,Current
LON0000857,CUS0009356,PRD-LN01,BR0025,1347749.34,18.85,24,2022-08-20,2024-08-09,67840.0,278023.21,Late
LON0000858,CUS0009631,PRD-LN02,BR0021,988568.37,15.34,120,2025-07-08,2035-05-17,16155.52,490176.17,Current
LON0000859,CUS0006509,PRD-LN04,BR0039,2346566.58,15.37,48,2023-11-02,2027-10-12,65747.66,702604.94,Current
LON0000860,CUS0002861,PRD-LN03,BR0020,14145005.14,21.91,12,2025-02-19,2026-02-14,1323280.37,13010786.98,Closed
LON0000861,CUS0008089,PRD-LN04,BR0023,2394268.6,16.16,240,2025-08-01,2045-04-18,33598.14,1738969.97,Current
LON0000862,CUS0002427,PRD-LN04,BR0021,1841186.6,7.75,36,2023-05-18,2026-05-02,57483.99,1356111.68,Current
LON0000863,CUS0007510,PRD-LN02,BR0030,2347084.69,13.74,84,2026-02-12,2033-01-06,43647.98,1186585.59,Current
LON0000864,CUS0005655,PRD-LN01,BR0017,681036.76,9.92,240,2022-10-07,2042-06-24,6536.1,98730.22,Current
LON0000865,CUS0000218,PRD-LN01,BR0016,1227544.52,5.16,48,2020-04-25,2024-04-04,28358.54,1097962.51,Current
LON0000866,CUS0007561,PRD-LN02,BR0027,328737.39,21.47,240,2023-05-16,2043-01-31,5966.25,292929.97,Current
LON0000867,CUS0009494,PRD-LN03,BR0023,4337371.58,16.67,360,2025-08-20,2055-03-16,60676.05,1171633.45,Current
LON0000868,CUS0005916,PRD-LN04,BR0016,4305598.62,21.82,60,2025-03-12,2030-02-14,118475.72,1682510.77,Current
LON0000869,CUS0003718,PRD-LN03,BR0047,10345574.16,21.55,36,2021-10-05,2024-09-19,392697.8,9876292.94,Late
LON0000870,CUS0006607,PRD-LN04,BR0042,7536297.33,3.83,84,2022-01-07,2028-12-01,102423.49,4514316.47,Current
LON0000871,CUS0008824,PRD-LN04,BR0021,1131146.14,16.67,120,2025-07-14,2035-05-23,19423.16,815457.96,Current
LON0000872,CUS0009102,PRD-LN04,BR0021,8896994.27,6.86,360,2025-11-01,2055-05-28,58357.77,8187837.09,Current
LON0000873,CUS0004728,PRD-LN02,BR0011,1039060.88,7.09,24,2022-08-09,2024-07-29,46563.84,1034123.32,Current
LON0000874,CUS0004639,PRD-LN03,BR0043,8196505.48,4.56,36,2026-02-10,2029-01-25,244040.68,3205653.92,Current
LON0000875,CUS0009800,PRD-LN01,BR0016,725260.9,5.21,48,2024-10-07,2028-09-16,16771.33,487343.24,Current
LON0000876,CUS0003614,PRD-LN04,BR0019,5994878.67,20.07,84,2020-07-05,2027-05-30,133376.26,4718305.2,Late
LON0000877,CUS0008731,PRD-LN02,BR0018,390361.27,3.71,120,2022-05-06,2032-03-14,3898.64,378884.65,Current
LON0000878,CUS0002416,PRD-LN04,BR0038,4372360.11,7.71,360,2022-10-11,2052-05-06,31203.35,3234536.34,Current
LON0000879,CUS0009770,PRD-LN01,BR0001,748296.91,20.44,36,2020-03-03,2023-02-16,27977.44,261500.64,Current
LON0000880,CUS0007910,PRD-LN03,BR0042,13675805.15,4.78,240,2023-11-09,2043-07-27,88600.51,2340975.33,Current
LON0000881,CUS0008265,PRD-LN01,BR0033,702298.6,16.4,24,2023-10-06,2025-09-25,34521.1,296077.11,Late
LON0000882,CUS0002375,PRD-LN03,BR0013,10239832.47,21.53,36,2025-03-17,2028-03-01,388578.47,9481461.55,Current
LON0000883,CUS0009553,PRD-LN02,BR0046,1500556.6,18.8,24,2022-10-18,2024-10-07,75495.25,227586.62,Closed
LON0000884,CUS0005773,PRD-LN02,BR0041,1327640.66,10.98,84,2023-03-24,2030-02-15,22718.48,1032505.05,Current
LON0000885,CUS0009637,PRD-LN03,BR0045,9034993.9,20.41,48,2024-10-04,2028-09-13,276915.66,4051487.34,Current
LON0000886,CUS0006714,PRD-LN02,BR0016,1609053.54,7.81,240,2022-12-30,2042-09-16,13269.13,930405.09,Current
LON0000887,CUS0006442,PRD-LN03,BR0047,8440943.77,12.03,84,2024-10-26,2031-09-20,149141.18,5508178.13,Current
LON0000888,CUS0002828,PRD-LN04,BR0037,7498848.76,15.7,36,2023-08-21,2026-08-05,262527.96,5132423.13,Current
LON0000889,CUS0009482,PRD-LN01,BR0024,1230120.16,10.38,12,2021-09-15,2022-09-10,108364.63,947729.65,Current
LON0000890,CUS0004526,PRD-LN03,BR0031,10394626.25,10.31,12,2025-08-16,2026-08-11,915352.15,8203402.76,Current
LON0000891,CUS0002382,PRD-LN03,BR0027,6761450.13,14.39,12,2020-04-27,2021-04-22,608332.56,6098124.53,Current
LON0000892,CUS0004197,PRD-LN03,BR0032,7090561.8,11.6,48,2025-03-10,2029-02-17,185332.16,4693106.74,Current
LON0000893,CUS0003696,PRD-LN03,BR0019,12396106.9,4.36,60,2024-06-20,2029-05-25,230312.56,1779231.4,Current
LON0000894,CUS0003055,PRD-LN02,BR0005,2338154.62,8.72,48,2024-08-08,2028-07-18,57874.71,2173412.05,Current
LON0000895,CUS0002708,PRD-LN02,BR0048,510938.86,19.46,120,2023-06-04,2033-04-12,9691.95,223272.12,Closed
LON0000896,CUS0004342,PRD-LN01,BR0020,719443.15,9.91,240,2022-04-20,2042-01-05,6899.94,342043.84,Current
LON0000897,CUS0009096,PRD-LN04,BR0034,3659479.25,15.29,60,2024-10-06,2029-09-10,87616.81,2546146.34,Closed
LON0000898,CUS0004242,PRD-LN01,BR0022,1342737.12,14.31,120,2024-10-09,2034-08-18,21099.2,172623.57,Late
LON0000899,CUS0000475,PRD-LN04,BR0021,9532828.66,10.54,360,2025-05-04,2054-11-28,87485.74,8902271.95,Late
LON0000900,CUS0006913,PRD-LN01,BR0010,1059824.96,15.87,180,2022-02-11,2036-11-24,15469.7,417485.92,Current
LON0000901,CUS0008090,PRD-LN01,BR0008,132251.73,4.34,84,2025-10-14,2032-09-07,1828.49,21542.85,Current
LON0000902,CUS0006175,PRD-LN03,BR0040,13942502.77,18.76,60,2022-10-26,2027-09-30,359837.49,2842092.6,Current
LON0000903,CUS0002972,PRD-LN04,BR0009,6028846.33,16.75,180,2026-01-20,2040-11-02,91718.11,2540713.64,Closed
LON0000904,CUS0001339,PRD-LN03,BR0033,4549953.97,9.16,180,2024-04-13,2039-01-25,46582.73,964962.05,Default
LON0000905,CUS0003019,PRD-LN02,BR0033,1138142.4,19.22,360,2021-05-20,2050-12-14,18289.21,812567.65,Current
LON0000906,CUS0006006,PRD-LN03,BR0048,10705605.91,10.19,24,2024-03-02,2026-02-20,494948.74,5082030.46,Current
LON0000907,CUS0006999,PRD-LN04,BR0022,2187537.92,19.18,60,2025-03-18,2030-02-20,56962.82,221029.69,Current
LON0000908,CUS0000778,PRD-LN03,BR0035,7108021.98,18.77,36,2021-04-06,2024-03-21,259725.96,3103997.69,Current
LON0000909,CUS0006812,PRD-LN01,BR0010,1250798.38,20.79,60,2022-02-20,2027-01-25,33690.71,1014972.07,Current
LON0000910,CUS0000424,PRD-LN01,BR0002,1051052.65,20.42,180,2023-11-19,2038-09-01,18786.56,548762.77,Current
LON0000911,CUS0001685,PRD-LN01,BR0013,911209.39,11.11,84,2020-09-23,2027-08-18,15654.88,869343.38,Current
LON0000912,CUS0003963,PRD-LN02,BR0045,300893.61,17.01,12,2021-02-19,2022-02-14,27444.36,171351.7,Current
LON0000913,CUS0002657,PRD-LN04,BR0017,2764316.98,4.93,60,2026-01-16,2030-12-21,52077.47,508927.18,Current
LON0000914,CUS0004687,PRD-LN04,BR0018,3528436.23,21.13,360,2025-10-26,2055-05-22,62246.05,3418194.19,Current
LON0000915,CUS0008229,PRD-LN03,BR0020,14143703.02,14.51,120,2022-11-27,2032-10-05,223961.98,11983008.76,Current
LON0000916,CUS0006729,PRD-LN01,BR0039,1287328.3,12.77,12,2020-09-12,2021-09-07,114841.79,228616.71,Closed
LON0000917,CUS0006586,PRD-LN01,BR0006,1377130.27,12.5,84,2025-05-18,2032-04-11,24679.88,1297452.03,Late
LON0000918,CUS0009278,PRD-LN01,BR0032,607185.95,14.79,240,2025-12-05,2045-08-22,7901.31,99842.36,Current
LON0000919,CUS0004352,PRD-LN03,BR0023,1422294.99,6.02,48,2024-11-06,2028-10-16,33415.68,796968.4,Current
LON0000920,CUS0003449,PRD-LN02,BR0041,1649794.38,5.04,84,2023-11-22,2030-10-16,23349.06,1349800.46,Current
LON0000921,CUS0006632,PRD-LN01,BR0050,1226992.26,18.59,48,2020-08-10,2024-07-20,36422.28,503880.47,Late
LON0000922,CUS0009224,PRD-LN03,BR0040,5937793.22,11.1,48,2020-06-16,2024-05-26,153753.89,1239158.27,Current
LON0000923,CUS0001576,PRD-LN04,BR0025,8037020.06,10.0,120,2021-11-12,2031-09-21,106209.81,5863671.18,Current
LON0000924,CUS0009189,PRD-LN01,BR0045,247917.03,11.52,240,2021-10-12,2041-06-29,2647.28,27002.92,Late
LON0000925,CUS0003557,PRD-LN01,BR0025,726472.23,14.81,84,2024-07-17,2031-06-11,13941.23,605151.68,Current
LON0000926,CUS0009607,PRD-LN01,BR0048,1122916.77,14.71,36,2021-02-02,2024-01-18,38767.0,647114.9,Current
LON0000927,CUS0006760,PRD-LN04,BR0045,9691236.83,20.63,240,2025-11-21,2045-08-08,169442.2,7530205.77,Late
LON0000928,CUS0006513,PRD-LN01,BR0045,100214.21,17.04,360,2021-09-12,2051-04-08,1431.98,88825.53,Current
LON0000929,CUS0004563,PRD-LN01,BR0028,315150.51,14.24,12,2021-11-27,2022-11-22,28332.06,153990.88,Current
LON0000930,CUS0004519,PRD-LN01,BR0002,1499684.47,10.84,60,2026-03-21,2031-02-23,32487.24,1448835.37,Current
LON0000931,CUS0008731,PRD-LN01,BR0010,881119.13,18.87,24,2025-07-17,2027-07-07,44360.36,768087.05,Current
LON0000932,CUS0004076,PRD-LN03,BR0029,7600232.41,12.79,24,2023-11-10,2025-10-30,360579.68,1035830.04,Current
LON0000933,CUS0009003,PRD-LN03,BR0018,12293501.98,9.99,120,2021-09-05,2031-07-15,162391.47,8121485.03,Closed
LON0000934,CUS0003640,PRD-LN02,BR0030,1882216.81,20.1,120,2020-06-17,2030-04-26,36499.79,556388.4,Current
LON0000935,CUS0006047,PRD-LN02,BR0032,1513554.94,11.94,24,2020-09-05,2022-08-26,71205.88,736058.49,Late
LON0000936,CUS0003049,PRD-LN02,BR0013,1090640.64,18.09,360,2022-02-22,2051-09-18,16517.02,922755.22,Current
LON0000937,CUS0001230,PRD-LN04,BR0020,2149900.53,17.34,24,2025-06-22,2027-06-12,106647.51,229272.45,Current
LON0000938,CUS0003114,PRD-LN02,BR0030,1467777.4,18.64,120,2023-09-26,2033-08-04,27054.91,622925.97,Current
LON0000939,CUS0001335,PRD-LN03,BR0034,11466507.85,10.41,360,2020-09-22,2050-04-18,104117.89,10625811.98,Current
LON0000940,CUS0009378,PRD-LN01,BR0036,779476.63,8.88,240,2024-04-05,2043-12-22,6953.11,268388.32,Current
LON0000941,CUS0006031,PRD-LN04,BR0044,8469148.68,20.25,360,2023-09-18,2053-04-13,143263.47,3930922.57,Closed
LON0000942,CUS0009876,PRD-LN03,BR0037,4675314.78,9.98,360,2023-11-22,2053-06-17,40960.15,2723860.38,Current
LON0000943,CUS0009555,PRD-LN04,BR0026,4704166.68,14.1,120,2023-12-28,2033-11-05,73323.03,2803181.7,Late
LON0000944,CUS0004612,PRD-LN02,BR0026,1769040.49,18.54,60,2020-03-29,2025-03-03,45443.29,1607056.38,Current
LON0000945,CUS0009731,PRD-LN04,BR0040,1273200.61,18.06,84,2020-11-11,2027-10-06,26804.72,717921.25,Current
LON0000946,CUS0006858,PRD-LN04,BR0038,2726348.05,5.39,84,2021-05-27,2028-04-20,39035.55,934586.75,Closed
LON0000947,CUS0008606,PRD-LN04,BR0033,9465457.54,20.6,12,2021-02-18,2022-02-13,879548.36,7357401.87,Current
LON0000948,CUS0004193,PRD-LN04,BR0004,5052065.3,12.09,60,2023-02-08,2028-01-13,112610.31,2933656.31,Current
LON0000949,CUS0008610,PRD-LN03,BR0033,13684479.97,19.67,180,2021-01-27,2035-11-10,237010.46,10009500.04,Current
LON0000950,CUS0000430,PRD-LN02,BR0020,1419672.61,21.21,180,2022-12-09,2037-09-21,26211.78,373916.22,Current
LON0000951,CUS0005141,PRD-LN04,BR0011,1687821.25,6.95,84,2022-01-28,2028-12-22,25432.51,965162.58,Current
LON0000952,CUS0000964,PRD-LN01,BR0014,1215457.67,11.65,24,2025-12-01,2027-11-21,57017.35,389917.88,Current
LON0000953,CUS0003098,PRD-LN04,BR0049,5164476.12,5.78,36,2024-12-03,2027-11-18,156599.08,658825.84,Closed
LON0000954,CUS0002637,PRD-LN02,BR0018,1261383.05,14.68,12,2023-04-20,2024-04-14,113659.93,972650.96,Current
LON0000955,CUS0008282,PRD-LN02,BR0049,2482210.97,6.79,36,2025-12-31,2028-12-15,76405.36,1912650.73,Current
LON0000956,CUS0005308,PRD-LN04,BR0001,7518528.43,11.02,180,2022-01-22,2036-11-04,85549.81,7385768.54,Current
LON0000957,CUS0007011,PRD-LN04,BR0036,4586526.52,15.9,12,2025-09-05,2026-08-31,415922.47,512233.16,Current
LON0000958,CUS0007968,PRD-LN04,BR0009,7376636.78,10.31,84,2024-06-14,2031-05-09,123645.7,3653491.36,Current
LON0000959,CUS0007735,PRD-LN03,BR0036,8370411.4,20.59,36,2021-12-27,2024-12-11,313596.51,3011240.1,Current
LON0000960,CUS0005459,PRD-LN04,BR0039,845221.66,9.33,180,2021-07-21,2036-05-03,8739.52,767831.44,Current
LON0000961,CUS0000443,PRD-LN01,BR0035,1416636.1,7.94,240,2023-06-20,2043-03-07,11796.47,1198132.29,Closed
LON0000962,CUS0002581,PRD-LN01,BR0049,1275148.58,6.65,60,2025-01-25,2029-12-30,25039.44,1224224.18,Current
LON0000963,CUS0005781,PRD-LN04,BR0028,6369340.57,13.22,24,2020-11-19,2022-11-09,303468.66,2165635.69,Current
LON0000964,CUS0004413,PRD-LN01,BR0007,345467.33,20.64,48,2024-12-12,2028-11-21,10630.86,116759.84,Current
LON0000965,CUS0008100,PRD-LN02,BR0045,881847.24,19.36,36,2020-02-26,2023-02-10,32485.74,289521.66,Current
LON0000966,CUS0000981,PRD-LN02,BR0043,1763685.78,13.64,84,2021-05-22,2028-04-15,32701.74,966584.67,Late
LON0000967,CUS0000705,PRD-LN02,BR0040,600380.27,19.72,180,2023-07-21,2038-05-03,10420.47,364642.0,Current
LON0000968,CUS0000469,PRD-LN03,BR0024,14338010.28,14.42,120,2021-12-03,2031-10-12,226256.17,3766484.72,Current
LON0000969,CUS0003387,PRD-LN04,BR0006,4909900.14,16.17,12,2023-08-11,2024-08-05,445874.54,2551223.85,Late
LON0000970,CUS0008348,PRD-LN01,BR0049,538635.16,16.81,240,2025-01-08,2044-09-25,7822.97,308355.17,Current
LON0000971,CUS0009412,PRD-LN03,BR0005,9960883.47,21.91,24,2024-04-27,2026-04-17,516309.65,4251758.3,Current
LON0000972,CUS0007961,PRD-LN02,BR0015,1944106.8,20.78,48,2022-04-03,2026-03-13,59970.81,873122.19,Current
LON0000973,CUS0000003,PRD-LN03,BR0010,3869665.84,12.34,60,2025-05-05,2030-04-09,86744.91,552920.56,Current
LON0000974,CUS0004603,PRD-LN02,BR0038,1909597.03,9.32,24,2023-11-03,2025-10-23,87520.09,574480.77,Current
LON0000975,CUS0009189,PRD-LN03,BR0041,10053164.06,4.72,240,2020-01-17,2039-10-04,64801.32,10037284.32,Current
LON0000976,CUS0003257,PRD-LN02,BR0022,594520.22,8.52,180,2023-10-10,2038-07-23,5861.45,491765.44,Current
LON0000977,CUS0005845,PRD-LN03,BR0017,13611012.99,18.36,120,2022-01-30,2031-12-09,248413.62,7025574.98,Default
LON0000978,CUS0008422,PRD-LN04,BR0048,4170142.28,8.41,360,2021-03-08,2050-10-02,31799.18,2282225.15,Current
LON0000979,CUS0006080,PRD-LN01,BR0031,965519.94,10.02,36,2025-12-07,2028-11-21,31163.68,226749.82,Late
LON0000980,CUS0007323,PRD-LN03,BR0038,7784952.14,18.34,240,2020-11-29,2040-08-16,122186.9,5274746.63,Current
LON0000981,CUS0007776,PRD-LN03,BR0019,2108117.35,8.61,36,2020-06-11,2023-05-27,66655.58,1766663.72,Current
LON0000982,CUS0003989,PRD-LN04,BR0042,7882627.05,19.58,84,2025-03-20,2032-02-12,173055.19,5723115.43,Current
LON0000983,CUS0006513,PRD-LN03,BR0030,6006582.18,15.51,36,2025-08-18,2028-08-02,209723.41,751161.57,Current
LON0000984,CUS0005892,PRD-LN02,BR0030,1704790.33,12.82,360,2022-11-09,2052-06-04,18618.83,1614452.22,Current
LON0000985,CUS0004012,PRD-LN01,BR0018,1313558.57,13.36,12,2024-09-27,2025-09-22,117545.45,1302377.78,Late
LON0000986,CUS0004350,PRD-LN03,BR0014,5083387.06,21.8,120,2022-02-06,2031-12-16,104380.68,5022425.84,Current
LON0000987,CUS0006321,PRD-LN02,BR0036,1647939.54,6.59,36,2023-08-03,2026-07-18,50575.24,1117430.83,Current
LON0000988,CUS0002715,PRD-LN03,BR0002,13308525.51,21.58,84,2022-11-23,2029-10-17,308322.02,7763135.95,Current
LON0000989,CUS0007509,PRD-LN01,BR0045,149342.83,10.74,240,2023-12-28,2043-09-14,1515.16,43746.92,Current
LON0000990,CUS0008584,PRD-LN03,BR0021,13664786.74,12.2,120,2025-12-26,2035-11-04,197633.11,2876514.96,Closed
LON0000991,CUS0009059,PRD-LN02,BR0016,608179.58,11.14,180,2025-04-03,2040-01-15,6966.11,506039.37,Current
LON0000992,CUS0005075,PRD-LN02,BR0018,1929571.59,4.09,60,2023-01-13,2027-12-18,35614.42,1374100.18,Default
LON0000993,CUS0004246,PRD-LN03,BR0010,3763903.44,18.6,120,2024-11-01,2034-09-10,69280.57,897318.33,Current
LON0000994,CUS0008455,PRD-LN04,BR0020,3977721.44,21.89,180,2020-07-03,2035-04-16,75475.34,2030075.97,Current
LON0000995,CUS0007403,PRD-LN01,BR0038,621936.56,16.72,120,2022-09-04,2032-07-13,10699.02,235304.91,Current
LON0000996,CUS0006431,PRD-LN01,BR0017,354559.95,14.3,120,2023-06-12,2033-04-20,5569.26,131202.72,Current
LON0000997,CUS0006694,PRD-LN02,BR0042,1025687.3,6.98,36,2021-08-03,2024-07-18,31660.87,877275.12,Current
LON0000998,CUS0008779,PRD-LN04,BR0018,8695749.6,4.38,120,2025-03-02,2035-01-09,89619.21,8386520.76,Current
LON0000999,CUS0007733,PRD-LN04,BR0029,1739318.99,16.76,60,2025-01-19,2029-12-24,43002.42,703077.16,Current
LON0001000,CUS0007504,PRD-LN01,BR0040,1305730.44,20.87,12,2025-10-12,2026-10-07,121500.04,569450.5,Current
LON0001001,CUS0000189,PRD-LN03,BR0027,12496779.89,18.64,360,2023-02-06,2052-09-01,194874.96,8121099.81,Current
LON0001002,CUS0002121,PRD-LN03,BR0016,8552291.62,8.29,240,2023-05-11,2043-01-26,73086.01,2527067.01,Late
LON0001003,CUS0006244,PRD-LN04,BR0034,5138210.48,15.75,120,2024-07-30,2034-06-08,85272.96,3180449.79,Current
LON0001004,CUS0007989,PRD-LN01,BR0015,1392805.82,19.29,48,2025-08-08,2029-07-18,41858.5,691428.74,Closed
LON0001005,CUS0002560,PRD-LN02,BR0044,408203.66,5.37,48,2021-05-14,2025-04-23,9469.21,197372.41,Closed
LON0001006,CUS0008986,PRD-LN02,BR0008,1298244.53,5.65,12,2024-07-12,2025-07-07,111526.53,941873.9,Current
LON0001007,CUS0000161,PRD-LN04,BR0033,8192585.13,18.38,120,2023-08-11,2033-06-19,149628.37,4576035.31,Current
LON0001008,CUS0007175,PRD-LN03,BR0025,10919475.59,6.45,24,2023-02-25,2025-02-14,486174.98,4737892.8,Current
LON0001009,CUS0004022,PRD-LN04,BR0050,5236429.18,7.16,12,2023-01-08,2024-01-03,453477.51,2671936.42,Current
LON0001010,CUS0008419,PRD-LN03,BR0046,8022810.12,15.52,240,2025-11-28,2045-08-15,108738.79,6026500.91,Late
LON0001011,CUS0005448,PRD-LN02,BR0027,1442712.87,6.38,60,2020-10-27,2025-10-01,28147.31,1144039.1,Closed
LON0001012,CUS0009400,PRD-LN04,BR0033,9582646.96,5.69,12,2020-04-07,2021-04-02,823379.45,7426765.89,Current
LON0001013,CUS0005778,PRD-LN03,BR0036,11765081.46,10.64,240,2023-01-09,2042-09-26,118568.68,9954662.53,Current
LON0001014,CUS0007128,PRD-LN02,BR0020,1301143.38,9.78,180,2024-03-30,2039-01-11,13807.55,676446.04,Current
LON0001015,CUS0000090,PRD-LN02,BR0044,2479259.11,13.21,84,2020-08-19,2027-07-14,45386.13,2455994.54,Late
LON0001016,CUS0004713,PRD-LN04,BR0036,8938464.55,20.67,240,2020-01-11,2039-09-28,156562.83,6817577.42,Current
LON0001017,CUS0007716,PRD-LN03,BR0006,3375485.76,8.83,120,2023-01-26,2032-12-04,42449.29,1730897.47,Closed
LON0001018,CUS0002837,PRD-LN04,BR0010,1188977.87,6.82,60,2021-10-12,2026-09-16,23442.34,1027251.2,Current
LON0001019,CUS0003248,PRD-LN04,BR0049,849830.11,7.7,84,2024-09-24,2031-08-19,13118.97,476210.0,Current
LON0001020,CUS0003355,PRD-LN02,BR0030,377313.27,13.31,36,2020-03-30,2023-03-15,12769.59,300001.53,Current
LON0001021,CUS0009003,PRD-LN04,BR0022,5576938.16,14.97,240,2020-02-27,2039-11-14,73312.95,5304085.2,Current
LON0001022,CUS0008866,PRD-LN02,BR0008,2385554.06,14.06,12,2025-02-06,2026-02-01,214259.38,1150744.67,Current
LON0001023,CUS0005952,PRD-LN02,BR0047,2266127.48,21.32,60,2023-05-14,2028-04-17,61714.99,607583.94,Current
LON0001024,CUS0005120,PRD-LN03,BR0039,11254742.41,3.6,240,2025-09-14,2045-06-01,65852.79,1709944.88,Current
LON0001025,CUS0008564,PRD-LN02,BR0029,1645740.14,18.15,60,2023-02-01,2028-01-06,41925.39,178463.75,Current
LON0001026,CUS0000746,PRD-LN04,BR0024,8219894.81,4.06,240,2025-09-16,2045-06-03,50071.21,7806532.17,Current
LON0001027,CUS0001823,PRD-LN03,BR0040,2189818.76,5.46,180,2020-10-18,2035-08-01,17846.2,2026406.07,Late
LON0001028,CUS0006987,PRD-LN03,BR0009,6883978.63,15.63,36,2023-10-29,2026-10-13,240764.65,1613393.39,Current
LON0001029,CUS0002521,PRD-LN03,BR0004,2773874.84,9.82,24,2021-02-15,2023-02-05,127769.92,2636555.33,Current
LON0001030,CUS0001834,PRD-LN04,BR0012,8536716.35,12.72,120,2020-06-30,2030-05-09,126056.39,4675278.96,Current
LON0001031,CUS0008529,PRD-LN04,BR0016,5024820.14,17.92,60,2025-07-06,2030-06-10,127378.83,3185099.18,Current
LON0001032,CUS0006740,PRD-LN01,BR0049,565947.55,6.21,180,2020-04-09,2035-01-21,4840.23,168544.07,Current
LON0001033,CUS0005255,PRD-LN04,BR0029,7897714.45,14.31,36,2022-07-25,2025-07-09,271115.8,2978524.22,Current
LON0001034,CUS0002147,PRD-LN01,BR0050,378868.48,16.82,240,2021-04-22,2041-01-07,5505.44,103847.28,Current
LON0001035,CUS0005266,PRD-LN03,BR0005,14088788.9,6.6,360,2021-09-10,2051-04-06,89979.29,6943511.54,Current
LON0001036,CUS0001073,PRD-LN04,BR0003,8628827.98,8.09,60,2025-02-09,2030-01-14,175333.42,6281031.57,Current
LON0001037,CUS0002496,PRD-LN02,BR0045,1087410.61,21.48,12,2024-08-11,2025-08-06,101503.58,471217.75,Closed
LON0001038,CUS0001357,PRD-LN01,BR0034,360250.87,7.02,84,2025-05-26,2032-04-19,5440.67,136211.68,Current
LON0001039,CUS0002322,PRD-LN01,BR0013,880623.01,9.12,36,2023-04-21,2026-04-05,28052.78,373853.19,Closed
LON0001040,CUS0009977,PRD-LN03,BR0029,9494453.32,13.44,36,2020-11-26,2023-11-11,321921.53,2394680.94,Current
LON0001041,CUS0006515,PRD-LN03,BR0007,14469115.43,6.51,360,2021-04-17,2050-11-11,91549.83,3786070.6,Current
LON0001042,CUS0009728,PRD-LN01,BR0046,220376.26,14.91,240,2025-01-13,2044-09-30,2887.25,163678.9,Current
LON0001043,CUS0002657,PRD-LN02,BR0044,738322.75,13.55,48,2021-03-29,2025-03-08,20009.49,732071.37,Current
LON0001044,CUS0003708,PRD-LN03,BR0024,7042762.32,13.53,240,2023-03-17,2042-12-02,85184.59,2231109.61,Current
LON0001045,CUS0004809,PRD-LN04,BR0005,3097173.21,20.32,180,2021-03-24,2036-01-05,55129.17,2291935.39,Current
LON0001046,CUS0006820,PRD-LN01,BR0012,71320.36,6.82,120,2020-09-16,2030-07-26,821.49,30315.19,Current
LON0001047,CUS0007260,PRD-LN02,BR0044,925145.54,4.93,48,2020-07-28,2024-07-07,21276.13,242921.49,Current
LON0001048,CUS0004511,PRD-LN01,BR0001,599362.76,21.88,180,2025-08-25,2040-06-07,11368.1,589174.95,Current
LON0001049,CUS0008757,PRD-LN03,BR0031,1804767.69,12.19,84,2023-09-26,2030-08-20,32042.75,592748.19,Current
LON0001050,CUS0007097,PRD-LN01,BR0029,1305871.43,5.28,12,2024-07-13,2025-07-08,111960.0,850280.01,Closed
LON0001051,CUS0000378,PRD-LN04,BR0002,982683.02,9.91,120,2022-03-17,2032-01-24,12937.3,102481.01,Current
LON0001052,CUS0008784,PRD-LN04,BR0024,7621535.73,16.18,12,2025-06-30,2026-06-25,692157.84,1486318.48,Current
LON0001053,CUS0008876,PRD-LN02,BR0026,713099.84,12.83,60,2021-09-05,2026-08-10,16163.22,116636.79,Late
LON0001054,CUS0002314,PRD-LN02,BR0038,696126.45,21.43,240,2025-09-15,2045-06-02,12611.88,496000.79,Current
LON0001055,CUS0001651,PRD-LN04,BR0006,8278575.61,20.94,240,2021-05-15,2041-01-30,146770.55,4338853.5,Current
LON0001056,CUS0009542,PRD-LN03,BR0018,5472853.48,21.56,180,2023-01-20,2037-11-02,102484.38,1592930.4,Current
LON0001057,CUS0006751,PRD-LN02,BR0005,2384057.2,16.18,360,2021-10-19,2051-05-15,32406.04,2131188.68,Current
LON0001058,CUS0002898,PRD-LN02,BR0009,776328.78,6.13,240,2022-11-08,2042-07-26,5620.24,683471.11,Current
LON0001059,CUS0008060,PRD-LN02,BR0015,2101937.09,14.58,360,2026-03-22,2055-10-16,25873.27,1531493.17,Current
LON0001060,CUS0003150,PRD-LN01,BR0028,987529.62,16.84,12,2020-09-21,2021-09-16,89992.43,463034.91,Current
LON0001061,CUS0002924,PRD-LN03,BR0041,10882277.92,8.95,36,2022-11-24,2025-11-08,345800.35,4421450.3,Current
LON0001062,CUS0009722,PRD-LN03,BR0021,10132758.87,20.29,36,2022-10-15,2025-09-29,378068.54,3275694.74,Late
LON0001063,CUS0005417,PRD-LN02,BR0009,1488288.14,5.09,240,2022-03-21,2041-12-06,9896.19,417304.69,Current
LON0001064,CUS0001917,PRD-LN04,BR0040,7013718.3,13.01,180,2026-02-02,2040-11-15,88786.68,2527670.01,Current
LON0001065,CUS0006549,PRD-LN01,BR0030,1040511.32,21.49,12,2024-07-13,2025-07-08,97130.8,663957.87,Current
LON0001066,CUS0009391,PRD-LN01,BR0023,640744.03,5.42,360,2022-09-20,2052-04-15,3605.98,438432.92,Current
LON0001067,CUS0008206,PRD-LN04,BR0044,7232833.74,21.22,84,2025-08-28,2032-07-22,165968.87,5528986.71,Current
LON0001068,CUS0004699,PRD-LN04,BR0040,5360792.18,5.08,360,2024-08-09,2054-03-05,29040.56,3847152.32,Late
LON0001069,CUS0001553,PRD-LN02,BR0045,1729235.02,19.56,36,2024-06-05,2027-05-21,63877.55,1000830.69,Current
LON0001070,CUS0002600,PRD-LN04,BR0043,8425214.24,16.23,84,2024-07-13,2031-06-07,168447.69,2355563.66,Current
LON0001071,CUS0005985,PRD-LN02,BR0029,513514.36,14.17,60,2021-08-31,2026-08-05,11993.89,227421.48,Current
LON0001072,CUS0004676,PRD-LN02,BR0046,1806710.64,12.0,84,2021-05-06,2028-03-30,31893.38,445351.17,Current
LON0001073,CUS0009058,PRD-LN03,BR0014,2559312.04,3.95,12,2025-11-09,2026-11-04,217866.71,2554245.82,Current
LON0001074,CUS0002296,PRD-LN04,BR0027,7062527.59,3.82,12,2020-11-12,2021-11-07,600792.88,4744235.69,Current
LON0001075,CUS0002790,PRD-LN01,BR0001,1141191.98,17.14,360,2021-08-20,2051-03-16,16399.45,572277.9,Current
LON0001076,CUS0001443,PRD-LN01,BR0039,277448.57,14.25,180,2024-03-15,2038-12-27,3741.62,89612.58,Current
LON0001077,CUS0009539,PRD-LN02,BR0009,1344474.7,12.63,60,2021-08-02,2026-07-07,30336.88,560197.06,Current
LON0001078,CUS0002086,PRD-LN01,BR0015,837274.44,20.41,120,2020-06-17,2030-04-26,16409.06,658637.65,Closed
LON0001079,CUS0007844,PRD-LN01,BR0015,742161.55,4.74,60,2025-02-01,2030-01-06,13917.27,391071.72,Current
LON0001080,CUS0006893,PRD-LN03,BR0015,14634445.29,21.83,12,2025-07-28,2026-07-23,1368504.77,9397489.02,Current
LON0001081,CUS0005216,PRD-LN01,BR0008,933678.28,14.42,12,2022-07-02,2023-06-27,84016.9,135078.91,Current
LON0001082,CUS0008644,PRD-LN01,BR0037,1053413.3,5.41,120,2021-03-02,2031-01-09,11385.38,640719.42,Current
LON0001083,CUS0009788,PRD-LN04,BR0008,7880551.19,9.73,48,2024-10-25,2028-10-04,198850.85,3098064.25,Current
LON0001084,CUS0009177,PRD-LN03,BR0024,5655838.91,19.84,60,2022-07-09,2027-06-13,149342.06,2353752.6,Current
LON0001085,CUS0009444,PRD-LN01,BR0018,1359188.63,6.84,12,2022-07-06,2023-07-01,117505.94,165448.06,Current
LON0001086,CUS0003583,PRD-LN02,BR0049,2242519.07,5.66,120,2021-02-26,2031-01-05,24515.4,1386117.66,Current
LON0001087,CUS0000959,PRD-LN04,BR0048,2814036.75,20.52,36,2022-10-09,2025-09-23,105326.77,775772.62,Current
LON0001088,CUS0000364,PRD-LN03,BR0016,3057464.14,6.18,84,2023-02-01,2029-12-26,44929.43,2398842.66,Current
LON0001089,CUS0008940,PRD-LN01,BR0017,1175204.5,19.52,12,2022-10-15,2023-10-10,108594.69,247240.85,Current
LON0001090,CUS0001963,PRD-LN02,BR0003,460863.3,5.96,180,2021-05-27,2036-03-09,3879.07,314314.17,Current
LON0001091,CUS0003420,PRD-LN03,BR0043,9608578.11,3.85,120,2021-10-19,2031-08-28,96598.67,8041477.32,Late
LON0001092,CUS0008569,PRD-LN04,BR0040,4991482.04,9.54,120,2022-06-27,2032-05-05,64697.92,1660561.45,Current
LON0001093,CUS0004591,PRD-LN04,BR0018,6268016.75,5.81,24,2022-03-04,2024-02-22,277266.01,4212616.61,Current
LON0001094,CUS0003853,PRD-LN01,BR0006,81858.74,20.72,24,2022-05-21,2024-05-10,4195.12,28853.79,Current
LON0001095,CUS0007347,PRD-LN04,BR0015,5433600.49,4.08,240,2023-10-02,2043-06-19,33156.05,2767396.34,Current
LON0001096,CUS0001752,PRD-LN04,BR0012,6566733.54,4.42,36,2025-08-13,2028-07-28,195105.43,3319519.75,Closed
LON0001097,CUS0006690,PRD-LN01,BR0002,1351512.15,5.98,48,2024-08-31,2028-08-10,31727.91,1286465.23,Current
LON0001098,CUS0009075,PRD-LN01,BR0040,1158243.1,7.75,120,2025-06-27,2035-05-06,13900.15,425428.02,Current
LON0001099,CUS0004282,PRD-LN01,BR0041,412008.83,17.55,36,2022-09-18,2025-09-02,14802.26,290745.84,Closed
LON0001100,CUS0001097,PRD-LN03,BR0029,14744120.78,19.91,180,2024-04-23,2039-02-04,257970.65,6399217.92,Current
LON0001101,CUS0005350,PRD-LN03,BR0023,2545251.82,18.76,120,2024-08-30,2034-07-09,47114.28,697493.47,Current
LON0001102,CUS0002812,PRD-LN01,BR0041,1268560.16,21.99,36,2023-10-02,2026-09-16,48440.32,1108200.9,Current
LON0001103,CUS0003550,PRD-LN04,BR0048,5635678.23,12.68,360,2020-10-30,2050-05-26,60935.43,3701178.41,Current
LON0001104,CUS0001043,PRD-LN01,BR0002,203073.17,13.53,60,2026-02-27,2031-02-01,4675.82,196207.95,Current
LON0001105,CUS0005414,PRD-LN01,BR0044,925483.24,17.32,24,2023-04-09,2025-03-29,45900.42,245893.54,Current
LON0001106,CUS0008832,PRD-LN03,BR0012,3843742.16,4.16,84,2026-01-29,2032-12-23,52822.93,1240644.24,Current
LON0001107,CUS0004769,PRD-LN02,BR0002,1730310.96,4.16,360,2024-09-08,2054-04-04,8421.17,1589091.76,Current
LON0001108,CUS0005289,PRD-LN03,BR0016,11973508.28,9.94,12,2024-04-13,2025-04-08,1052327.51,11915662.18,Current
LON0001109,CUS0009426,PRD-LN03,BR0015,2835676.13,13.68,360,2022-06-20,2052-01-14,32882.23,2371168.32,Current
LON0001110,CUS0004228,PRD-LN01,BR0050,1046180.16,9.65,60,2025-06-02,2030-05-07,22048.5,668349.07,Current
LON0001111,CUS0002435,PRD-LN01,BR0004,150512.2,14.96,36,2022-03-29,2025-03-13,5214.61,102241.04,Current
LON0001112,CUS0000058,PRD-LN03,BR0040,14017789.0,12.05,24,2024-06-18,2026-06-08,660193.36,11441767.93,Current
LON0001113,CUS0000607,PRD-LN03,BR0049,3347551.21,15.88,36,2020-08-18,2023-08-03,117491.74,932029.67,Current
LON0001114,CUS0001695,PRD-LN02,BR0022,1249560.01,14.68,24,2023-08-29,2025-08-18,60397.17,765593.71,Current
LON0001115,CUS0001013,PRD-LN03,BR0012,2409777.98,3.63,120,2021-03-24,2031-01-31,23976.33,859632.93,Closed
LON0001116,CUS0007419,PRD-LN03,BR0048,11253906.79,20.35,360,2022-10-09,2052-05-04,191296.84,7313218.96,Current
LON0001117,CUS0005231,PRD-LN02,BR0028,540332.8,14.17,60,2020-10-28,2025-10-02,12620.27,145362.22,Current
LON0001118,CUS0007560,PRD-LN04,BR0002,8278439.66,5.19,120,2026-03-24,2036-01-31,88576.53,4392629.11,Current
LON0001119,CUS0008325,PRD-LN04,BR0018,8659711.65,11.61,24,2026-03-17,2028-03-06,406067.31,8354166.71,Current
LON0001120,CUS0005192,PRD-LN03,BR0026,6589430.64,20.75,24,2026-02-09,2028-01-30,337793.59,2090100.38,Current
LON0001121,CUS0004206,PRD-LN04,BR0018,7048253.74,4.8,24,2020-01-31,2022-01-20,308585.77,4937764.08,Current
LON0001122,CUS0001479,PRD-LN02,BR0040,1870369.21,7.8,240,2023-12-05,2043-08-22,15412.52,1379744.14,Current
LON0001123,CUS0008891,PRD-LN04,BR0009,1127138.8,10.13,36,2023-07-15,2026-06-29,36438.43,115348.05,Current
LON0001124,CUS0003639,PRD-LN04,BR0005,7901765.43,10.13,36,2026-04-18,2029-04-02,255450.29,3341774.36,Current
LON0001125,CUS0006445,PRD-LN03,BR0003,3471655.71,18.26,48,2021-05-21,2025-04-30,102452.15,2141758.56,Current
LON0001126,CUS0008245,PRD-LN02,BR0043,1071597.89,6.89,60,2026-01-24,2030-12-29,21163.35,719418.47,Current
LON0001127,CUS0009642,PRD-LN01,BR0030,263734.89,6.12,36,2023-04-30,2026-04-14,8037.67,137360.44,Late
LON0001128,CUS0006857,PRD-LN02,BR0019,2072880.66,12.64,84,2022-03-21,2029-02-12,37305.26,1623624.44,Current
LON0001129,CUS0001319,PRD-LN04,BR0025,9341154.17,17.34,36,2022-07-06,2025-06-20,334620.41,9037056.54,Current
LON0001130,CUS0006881,PRD-LN02,BR0001,2156673.79,20.0,24,2023-01-01,2024-12-21,109765.64,1691351.4,Current
LON0001131,CUS0004503,PRD-LN02,BR0001,1941907.72,5.92,48,2023-09-22,2027-09-01,45534.57,1060974.82,Current
LON0001132,CUS0008005,PRD-LN03,BR0038,10065584.59,18.75,240,2024-08-18,2044-05-05,161176.79,1394017.59,Late
LON0001133,CUS0007339,PRD-LN02,BR0022,1403890.36,19.31,12,2023-10-17,2024-10-11,129585.53,1212947.63,Current
LON0001134,CUS0008217,PRD-LN01,BR0021,206051.21,11.36,36,2020-12-18,2023-12-03,6781.03,134244.58,Closed
LON0001135,CUS0004952,PRD-LN04,BR0041,8804125.37,20.42,24,2022-10-29,2024-10-18,449901.5,3847862.9,Current
LON0001136,CUS0007383,PRD-LN04,BR0047,4072050.61,8.04,84,2023-05-23,2030-04-16,63549.03,1413711.75,Current
LON0001137,CUS0003337,PRD-LN02,BR0041,750733.61,7.89,120,2024-04-29,2034-03-08,9064.89,239241.62,Current
LON0001138,CUS0003800,PRD-LN02,BR0007,1271952.34,4.46,24,2022-04-09,2024-03-29,55495.22,148918.95,Current
LON0001139,CUS0005800,PRD-LN04,BR0005,4944293.79,5.23,120,2021-08-26,2031-07-05,52999.52,1982711.89,Current
LON0001140,CUS0008372,PRD-LN02,BR0004,2266567.21,18.12,180,2020-06-16,2035-03-30,36697.13,322985.54,Current
LON0001141,CUS0002836,PRD-LN03,BR0036,11511615.56,10.68,120,2026-02-07,2035-12-17,156494.52,5091716.03,Current
LON0001142,CUS0002852,PRD-LN02,BR0006,476118.74,17.14,240,2025-06-20,2045-03-07,7034.45,135595.67,Current
LON0001143,CUS0004517,PRD-LN04,BR0007,1659848.1,6.04,12,2023-12-30,2024-12-24,142887.72,309646.77,Current
LON0001144,CUS0008386,PRD-LN01,BR0001,804469.09,19.19,240,2022-10-31,2042-07-18,13156.89,340469.28,Current
LON0001145,CUS0003385,PRD-LN04,BR0037,9372189.74,21.74,12,2022-04-15,2023-04-10,876011.95,3698017.59,Current
LON0001146,CUS0002176,PRD-LN04,BR0027,1365590.18,10.76,84,2023-03-08,2030-01-30,23210.26,196949.89,Current
LON0001147,CUS0005951,PRD-LN03,BR0023,12989664.93,16.7,360,2024-03-14,2053-10-08,182029.82,5450227.49,Late
LON0001148,CUS0005321,PRD-LN04,BR0010,9104808.93,15.6,84,2020-04-11,2027-03-06,178772.2,8294973.56,Current
LON0001149,CUS0002499,PRD-LN02,BR0002,2161478.05,19.43,240,2025-10-08,2045-06-25,35755.09,1383904.35,Current
LON0001150,CUS0000122,PRD-LN03,BR0012,3576390.15,8.52,84,2023-02-18,2030-01-12,56673.43,2303302.19,Late
LON0001151,CUS0000959,PRD-LN01,BR0050,917566.69,15.35,84,2020-11-20,2027-10-15,17886.72,729776.52,Current
LON0001152,CUS0008830,PRD-LN02,BR0026,671222.0,15.33,60,2020-01-21,2024-12-25,16084.83,439819.3,Current
LON0001153,CUS0005078,PRD-LN02,BR0023,1912222.85,20.84,120,2021-09-25,2031-08-04,38025.97,1534823.52,Current
LON0001154,CUS0006393,PRD-LN04,BR0043,6916265.28,20.72,240,2020-08-06,2040-04-23,121415.74,1215401.82,Current
LON0001155,CUS0003296,PRD-LN02,BR0006,1073341.41,6.33,360,2022-05-29,2051-12-23,6664.7,116372.25,Current
LON0001156,CUS0002297,PRD-LN01,BR0004,452850.25,5.93,60,2021-08-21,2026-07-26,8740.13,268160.2,Current
LON0001157,CUS0006526,PRD-LN04,BR0025,3045463.58,21.22,48,2022-01-29,2026-01-08,94665.64,608658.38,Current
LON0001158,CUS0003900,PRD-LN04,BR0010,4720771.32,4.28,240,2024-02-24,2043-11-11,29308.24,1032159.18,Current
LON0001159,CUS0006338,PRD-LN04,BR0019,2484464.31,15.76,24,2022-11-02,2024-10-22,121362.39,1009483.59,Current
LON0001160,CUS0009458,PRD-LN03,BR0018,11074465.84,19.29,240,2020-08-08,2040-04-25,181983.43,8010303.81,Closed
LON0001161,CUS0007326,PRD-LN01,BR0018,864626.18,10.07,36,2022-01-27,2025-01-11,27927.48,707158.35,Current
LON0001162,CUS0005043,PRD-LN04,BR0011,8665934.77,20.57,24,2020-05-13,2022-05-03,443476.53,6320470.04,Current
LON0001163,CUS0004823,PRD-LN04,BR0048,4248139.68,9.71,240,2025-11-27,2045-08-14,40182.6,768635.68,Closed
LON0001164,CUS0001337,PRD-LN01,BR0004,1036427.52,19.7,240,2020-03-06,2039-11-22,17363.35,844730.18,Current
LON0001165,CUS0003127,PRD-LN03,BR0003,10239757.06,4.03,60,2020-08-17,2025-07-22,188719.37,4732422.81,Current
LON0001166,CUS0002753,PRD-LN02,BR0040,1412264.31,19.71,120,2021-05-18,2031-03-27,27021.82,876196.85,Current
LON0001167,CUS0009961,PRD-LN04,BR0030,7754380.43,4.77,24,2024-01-05,2025-12-25,339397.28,3543635.08,Closed
LON0001168,CUS0002384,PRD-LN03,BR0045,13440877.56,12.18,240,2020-09-11,2040-05-29,149685.78,2570849.55,Current
LON0001169,CUS0001017,PRD-LN01,BR0011,1158688.23,21.18,120,2020-11-10,2030-09-19,23306.19,602941.83,Current
LON0001170,CUS0001979,PRD-LN01,BR0047,706007.2,5.14,180,2023-12-13,2038-09-25,5634.68,337580.09,Closed
LON0001171,CUS0005596,PRD-LN04,BR0038,5221101.38,16.66,180,2021-10-11,2036-07-24,79098.24,2688747.61,Current
LON0001172,CUS0005740,PRD-LN01,BR0016,620759.39,18.55,180,2021-10-13,2036-07-26,10243.45,541451.57,Current
LON0001173,CUS0007405,PRD-LN04,BR0032,998960.31,9.41,60,2022-11-11,2027-10-16,20936.12,216575.6,Current
LON0001174,CUS0007945,PRD-LN02,BR0003,1962679.59,13.75,360,2023-09-30,2053-04-25,22867.43,527577.28,Late
LON0001175,CUS0002702,PRD-LN04,BR0012,4629708.25,4.92,120,2020-09-09,2030-07-19,48924.4,3385484.61,Current
LON0001176,CUS0005971,PRD-LN04,BR0044,9764234.62,9.61,84,2022-06-08,2029-05-02,160137.05,1961180.8,Closed
LON0001177,CUS0001942,PRD-LN01,BR0006,754585.97,3.97,240,2023-01-22,2042-10-09,4560.72,657003.37,Current
LON0001178,CUS0003347,PRD-LN01,BR0008,1334923.51,16.43,60,2020-05-16,2025-04-20,32768.53,478300.61,Closed
LON0001179,CUS0005637,PRD-LN01,BR0014,848036.75,13.86,24,2022-12-15,2024-12-04,40660.62,182793.15,Current
LON0001180,CUS0007588,PRD-LN02,BR0020,1352318.16,4.24,60,2026-03-27,2031-03-01,25051.73,674801.76,Closed
LON0001181,CUS0003690,PRD-LN01,BR0008,755337.26,4.33,60,2020-07-04,2025-06-08,14023.45,632208.03,Current
LON0001182,CUS0006795,PRD-LN04,BR0005,5088093.3,9.06,240,2023-01-25,2042-10-12,45975.42,1617573.38,Current
LON0001183,CUS0009548,PRD-LN02,BR0037,2213591.87,5.74,180,2025-10-06,2040-07-19,18370.04,819909.39,Current
LON0001184,CUS0005392,PRD-LN02,BR0007,1558332.14,15.64,360,2022-10-31,2052-05-26,20504.04,1253896.37,Current
LON0001185,CUS0009560,PRD-LN01,BR0032,1423713.39,15.8,24,2023-05-09,2025-04-28,69573.46,1411643.15,Current
LON0001186,CUS0007774,PRD-LN02,BR0050,1931789.79,13.96,60,2021-06-29,2026-06-03,44909.32,643391.93,Current
LON0001187,CUS0003008,PRD-LN01,BR0024,862987.18,13.46,60,2024-12-09,2029-11-13,19839.42,680981.41,Current
LON0001188,CUS0008268,PRD-LN01,BR0023,1400175.11,16.84,180,2023-08-21,2038-06-03,21390.18,244469.06,Current
LON0001189,CUS0004406,PRD-LN01,BR0012,878245.16,5.28,36,2020-09-27,2023-09-12,26432.35,471649.28,Current
LON0001190,CUS0000148,PRD-LN02,BR0026,2085370.26,21.71,84,2025-04-30,2032-03-24,48478.98,616113.02,Current
LON0001191,CUS0004426,PRD-LN02,BR0008,525416.45,15.38,12,2024-05-24,2025-05-19,47517.47,192101.18,Late
LON0001192,CUS0002863,PRD-LN04,BR0040,6297180.08,14.91,360,2020-09-24,2050-04-20,79171.3,5685775.57,Late
LON0001193,CUS0008685,PRD-LN02,BR0005,584089.14,7.42,24,2020-07-02,2022-06-22,26262.53,126182.19,Current
LON0001194,CUS0006053,PRD-LN04,BR0007,5628848.74,13.15,180,2021-11-16,2036-08-29,71775.03,3084978.73,Current
LON0001195,CUS0005587,PRD-LN03,BR0021,9356518.61,10.18,12,2025-01-28,2026-01-23,823370.14,3167673.85,Current
LON0001196,CUS0002297,PRD-LN03,BR0010,13286690.91,9.66,180,2025-03-01,2039-12-13,140028.55,4689010.7,Current
LON0001197,CUS0005268,PRD-LN02,BR0032,1152841.12,8.21,84,2020-11-17,2027-10-12,18089.28,931516.27,Current
LON0001198,CUS0008877,PRD-LN03,BR0035,14544360.91,20.06,180,2020-12-10,2035-09-23,256087.05,14238413.47,Closed
LON0001199,CUS0004175,PRD-LN01,BR0035,818891.06,20.33,180,2025-09-29,2040-07-12,14582.2,567335.91,Current
LON0001200,CUS0006392,PRD-LN04,BR0004,6168520.23,4.62,180,2023-01-31,2037-11-13,47567.95,3936710.73,Current
LON0001201,CUS0004246,PRD-LN02,BR0037,767935.17,12.46,24,2023-05-06,2025-04-25,36314.56,615603.44,Closed
LON0001202,CUS0009158,PRD-LN02,BR0001,2154433.74,8.27,60,2023-06-21,2028-05-25,43963.07,229297.65,Current
LON0001203,CUS0003410,PRD-LN03,BR0001,6781970.71,3.58,180,2021-09-25,2036-07-08,48750.0,5925124.66,Current
LON0001204,CUS0001380,PRD-LN04,BR0015,5046214.36,9.79,120,2026-02-19,2035-12-29,66100.66,2742254.33,Closed
LON0001205,CUS0000426,PRD-LN02,BR0008,565054.23,19.02,48,2020-11-03,2024-10-13,16901.15,433179.12,Current
LON0001206,CUS0000828,PRD-LN03,BR0015,2497013.18,19.87,12,2021-04-16,2022-04-11,231154.25,1544391.39,Current
LON0001207,CUS0009766,PRD-LN03,BR0035,3436405.09,11.55,12,2021-05-16,2022-05-11,304597.49,2556970.0,Current
LON0001208,CUS0009750,PRD-LN03,BR0024,4846574.61,15.98,84,2025-09-04,2032-07-29,96207.78,2805111.25,Current
LON0001209,CUS0003038,PRD-LN02,BR0032,2283079.06,5.82,48,2024-08-20,2028-07-30,53429.97,1194505.85,Current
LON0001210,CUS0007436,PRD-LN04,BR0008,2363514.07,8.36,180,2023-09-17,2038-06-30,23080.91,1413924.27,Current
LON0001211,CUS0002330,PRD-LN01,BR0048,313605.06,3.73,24,2023-01-23,2025-01-12,13580.62,82738.63,Current
LON0001212,CUS0001354,PRD-LN02,BR0014,1293425.99,8.59,60,2025-02-05,2030-01-10,26592.75,467065.36,Current
LON0001213,CUS0008555,PRD-LN04,BR0008,6774633.76,6.82,360,2024-09-04,2054-03-31,44255.83,5129278.42,Current
LON0001214,CUS0000398,PRD-LN03,BR0040,4949693.76,10.17,360,2020-10-20,2050-05-16,44060.18,2569247.37,Current
LON0001215,CUS0009879,PRD-LN02,BR0046,965588.68,12.74,240,2023-02-04,2042-10-22,11134.23,887462.44,Late
LON0001216,CUS0006808,PRD-LN01,BR0015,631387.05,12.84,12,2024-02-26,2025-02-20,56346.39,236513.27,Late
LON0001217,CUS0000535,PRD-LN02,BR0001,1277571.27,21.24,360,2020-07-16,2050-02-09,22653.94,1252203.64,Current
LON0001218,CUS0005304,PRD-LN01,BR0019,686028.42,15.89,24,2024-05-22,2026-05-12,33554.04,267327.9,Current
LON0001219,CUS0008924,PRD-LN01,BR0003,1336168.51,17.43,360,2025-03-25,2054-10-19,19516.44,890359.61,Current
LON0001220,CUS0000255,PRD-LN01,BR0024,1448348.54,6.83,360,2021-08-02,2051-02-26,9471.11,939651.52,Late
LON0001221,CUS0001522,PRD-LN01,BR0021,1030347.58,11.62,84,2022-04-12,2029-03-06,17979.73,964564.51,Current
LON0001222,CUS0001324,PRD-LN01,BR0027,431321.13,6.79,36,2025-07-19,2028-07-03,13276.57,116301.91,Current
LON0001223,CUS0002119,PRD-LN01,BR0002,374709.62,4.98,36,2023-04-25,2026-04-09,11227.02,182088.49,Current
LON0001224,CUS0004363,PRD-LN02,BR0039,368919.59,19.03,24,2024-05-11,2026-05-01,18602.1,145294.52,Current
LON0001225,CUS0002761,PRD-LN04,BR0022,3791349.7,4.78,180,2024-01-05,2038-10-18,29549.05,1996641.65,Current
LON0001226,CUS0008652,PRD-LN01,BR0014,467229.6,13.98,360,2024-02-13,2053-09-08,5528.68,357831.39,Closed
LON0001227,CUS0003167,PRD-LN02,BR0019,1232283.71,16.97,36,2025-07-30,2028-07-14,43915.88,405708.1,Current
LON0001228,CUS0006280,PRD-LN02,BR0029,2337812.34,4.88,84,2025-04-03,2032-02-26,32910.77,406701.55,Current
LON0001229,CUS0005559,PRD-LN02,BR0023,603005.41,17.39,60,2020-08-04,2025-07-09,15112.98,177594.53,Current
LON0001230,CUS0002773,PRD-LN03,BR0015,8983969.87,18.47,36,2020-03-31,2023-03-16,326914.15,6219144.49,Closed
LON0001231,CUS0006957,PRD-LN03,BR0006,12278266.98,11.24,240,2020-06-21,2040-03-08,128746.38,2740598.48,Current
LON0001232,CUS0008311,PRD-LN01,BR0043,487701.92,14.16,24,2026-01-02,2027-12-23,23452.86,164900.62,Closed
LON0001233,CUS0000725,PRD-LN03,BR0015,5932578.34,5.16,24,2021-03-18,2023-03-08,260695.77,2484887.66,Current
LON0001234,CUS0001033,PRD-LN04,BR0016,7848717.8,3.52,240,2025-01-08,2044-09-25,45600.11,7386806.61,Late
LON0001235,CUS0003585,PRD-LN03,BR0026,10628147.42,17.73,180,2020-01-18,2034-10-31,169097.34,6165437.39,Current
LON0001236,CUS0007403,PRD-LN02,BR0023,1983727.29,6.17,36,2021-09-20,2024-09-04,60501.75,1573668.78,Current
LON0001237,CUS0005339,PRD-LN01,BR0008,758323.48,7.05,48,2020-02-04,2024-01-14,18176.6,509918.37,Current
LON0001238,CUS0001789,PRD-LN02,BR0003,867243.32,13.33,48,2020-08-31,2024-08-10,23408.26,555116.02,Closed
LON0001239,CUS0000044,PRD-LN02,BR0026,1238967.11,14.22,120,2026-04-06,2036-02-13,19401.23,980869.69,Closed
LON0001240,CUS0009783,PRD-LN02,BR0007,2479657.44,5.25,360,2024-08-29,2054-03-25,13692.76,1758305.69,Current
LON0001241,CUS0008371,PRD-LN01,BR0010,605071.0,6.49,24,2023-07-27,2025-07-16,26950.91,518304.97,Current
LON0001242,CUS0000986,PRD-LN02,BR0006,648845.33,7.9,240,2022-03-21,2041-12-06,5386.89,456472.15,Closed
LON0001243,CUS0008020,PRD-LN03,BR0011,4046118.92,11.05,60,2020-04-28,2025-04-02,88073.35,795439.51,Current
LON0001244,CUS0006284,PRD-LN01,BR0020,753277.52,17.41,120,2023-05-24,2033-04-01,13288.14,744882.08,Current
LON0001245,CUS0005594,PRD-LN02,BR0035,733285.5,9.5,36,2020-08-24,2023-08-09,23489.3,373210.48,Current
LON0001246,CUS0001018,PRD-LN02,BR0027,1226596.44,21.36,120,2025-10-28,2035-09-06,24821.04,159133.49,Current
LON0001247,CUS0008856,PRD-LN01,BR0030,195460.35,20.7,84,2022-03-28,2029-02-19,4423.19,58008.81,Current
LON0001248,CUS0009221,PRD-LN03,BR0032,6729708.96,18.11,84,2021-06-05,2028-04-29,141878.16,3520604.13,Current
LON0001249,CUS0009947,PRD-LN03,BR0049,13693605.75,20.65,180,2020-10-25,2035-08-08,247101.69,5987446.14,Current
LON0001250,CUS0002558,PRD-LN02,BR0048,2462401.92,4.79,240,2023-08-02,2043-04-19,15966.47,1799763.52,Closed
LON0001251,CUS0008640,PRD-LN02,BR0008,593833.97,16.77,240,2020-08-20,2040-05-07,8606.65,384742.61,Current
LON0001252,CUS0002729,PRD-LN02,BR0042,2366533.4,19.08,240,2024-01-12,2043-09-29,38501.35,969825.07,Current
LON0001253,CUS0004298,PRD-LN04,BR0018,2938760.31,10.71,48,2025-11-04,2029-10-14,75540.59,1132834.34,Current
LON0001254,CUS0001766,PRD-LN01,BR0035,1492987.79,12.57,60,2021-03-04,2026-02-06,33642.33,1033109.87,Current
LON0001255,CUS0004281,PRD-LN03,BR0032,4797342.57,15.12,360,2025-06-04,2054-12-29,61120.32,1420028.94,Default
LON0001256,CUS0001858,PRD-LN03,BR0043,3550088.0,9.94,84,2026-02-08,2033-01-02,58825.66,2618698.18,Closed
LON0001257,CUS0006583,PRD-LN04,BR0024,2841392.25,4.64,84,2020-01-09,2026-12-03,39681.09,1949049.16,Late
LON0001258,CUS0008242,PRD-LN04,BR0026,2946851.22,9.15,180,2023-01-30,2037-11-12,30152.45,413139.24,Current
LON0001259,CUS0009958,PRD-LN04,BR0006,5454358.83,4.26,12,2022-06-26,2023-06-21,465086.32,4634642.54,Current
LON0001260,CUS0001925,PRD-LN03,BR0013,11821542.68,8.28,60,2025-06-15,2030-05-20,241285.52,9607416.12,Current
LON0001261,CUS0002089,PRD-LN04,BR0020,7681196.07,21.59,120,2024-02-20,2033-12-29,156629.25,5186836.59,Late
LON0001262,CUS0008806,PRD-LN03,BR0023,8120833.23,4.04,24,2023-03-26,2025-03-15,352791.15,1712855.0,Current
LON0001263,CUS0001786,PRD-LN03,BR0050,9000210.91,12.36,360,2020-08-03,2050-02-27,95078.77,8138492.17,Current
LON0001264,CUS0002146,PRD-LN04,BR0023,3709147.3,18.69,240,2025-09-15,2045-06-02,59220.72,2909144.17,Current
LON0001265,CUS0006269,PRD-LN02,BR0005,1325002.32,10.88,60,2021-01-29,2026-01-03,28729.53,763980.82,Current
LON0001266,CUS0005731,PRD-LN04,BR0027,6776963.94,12.89,36,2021-01-21,2024-01-06,227983.8,5123907.21,Current
LON0001267,CUS0001820,PRD-LN03,BR0004,6681745.39,5.29,36,2020-02-07,2023-01-22,201129.05,6603356.72,Current
LON0001268,CUS0008570,PRD-LN01,BR0037,436838.94,18.54,84,2024-07-07,2031-06-01,9320.19,192047.57,Late
LON0001269,CUS0002347,PRD-LN04,BR0037,7808355.08,5.07,120,2020-02-13,2029-12-22,83087.14,1853251.27,Current
LON0001270,CUS0001393,PRD-LN03,BR0039,5777920.98,17.32,84,2024-04-26,2031-03-21,119147.43,4576971.04,Current
LON0001271,CUS0001212,PRD-LN01,BR0010,1026215.82,11.97,180,2022-01-18,2036-10-31,12296.51,249513.53,Current
LON0001272,CUS0003817,PRD-LN04,BR0041,7616960.34,5.09,180,2023-12-12,2038-09-24,60592.15,1700996.58,Current
LON0001273,CUS0000939,PRD-LN02,BR0031,2292153.42,11.9,48,2023-09-18,2027-08-28,60248.71,2138481.57,Current
LON0001274,CUS0000966,PRD-LN02,BR0027,813609.1,16.75,48,2023-08-29,2027-08-08,23371.62,593588.24,Default
LON0001275,CUS0001150,PRD-LN04,BR0035,4588677.6,18.3,84,2026-01-02,2032-11-26,97252.63,2278734.89,Current
LON0001276,CUS0002804,PRD-LN04,BR0015,6622377.42,3.6,360,2022-11-08,2052-06-03,30108.33,6062205.41,Current
LON0001277,CUS0002006,PRD-LN02,BR0002,1664539.58,16.53,48,2024-03-13,2028-02-21,47626.56,172135.56,Closed
LON0001278,CUS0008283,PRD-LN03,BR0031,6016768.03,17.41,60,2026-04-29,2031-04-03,150861.81,3863722.17,Current
LON0001279,CUS0005653,PRD-LN04,BR0036,9273163.37,16.5,36,2020-03-26,2023-03-11,328310.62,6602384.93,Current
LON0001280,CUS0003713,PRD-LN03,BR0036,3013526.63,21.15,60,2022-06-15,2027-05-20,81780.5,1458021.28,Current
LON0001281,CUS0008060,PRD-LN04,BR0038,9338811.94,6.15,12,2022-07-15,2023-07-10,804402.21,3404865.18,Current
LON0001282,CUS0008137,PRD-LN01,BR0050,266328.49,10.66,360,2023-01-26,2052-08-21,2468.13,146991.12,Current
LON0001283,CUS0002840,PRD-LN02,BR0023,1032384.28,14.04,240,2023-08-11,2043-04-28,12867.92,867658.0,Current
LON0001284,CUS0006979,PRD-LN02,BR0004,2284437.5,7.78,60,2023-10-06,2028-09-09,46080.0,2025458.68,Current
LON0001285,CUS0000259,PRD-LN03,BR0041,13533267.33,5.4,48,2024-07-14,2028-06-23,314119.71,7299638.52,Current
LON0001286,CUS0007657,PRD-LN03,BR0009,5754746.46,17.67,84,2023-02-12,2030-01-06,119841.78,2515584.92,Current
LON0001287,CUS0004468,PRD-LN04,BR0020,4731586.87,5.59,48,2025-03-17,2029-02-24,110234.21,791948.54,Current
LON0001288,CUS0000068,PRD-LN02,BR0029,1793004.39,17.22,12,2026-02-23,2027-02-18,163717.78,642000.15,Closed
LON0001289,CUS0003113,PRD-LN03,BR0016,3433161.73,14.14,24,2022-05-16,2024-05-05,165063.15,682781.14,Current
LON0001290,CUS0006106,PRD-LN01,BR0007,238864.3,13.72,24,2023-12-03,2025-11-22,11436.99,163766.52,Current
LON0001291,CUS0005073,PRD-LN01,BR0048,252432.39,21.12,36,2023-07-12,2026-06-26,9525.97,84152.82,Current
LON0001292,CUS0009130,PRD-LN02,BR0018,919260.95,14.84,360,2024-08-15,2054-03-11,11506.01,838128.17,Current
LON0001293,CUS0008823,PRD-LN01,BR0002,1078446.51,17.1,360,2022-08-14,2052-03-09,15462.72,608205.45,Current
LON0001294,CUS0006747,PRD-LN04,BR0024,4025336.23,4.72,60,2020-02-28,2025-02-01,75447.77,2018945.9,Current
LON0001295,CUS0005574,PRD-LN02,BR0006,1060028.98,9.1,84,2025-12-04,2032-10-28,17108.73,637385.53,Current
LON0001296,CUS0004074,PRD-LN01,BR0026,956121.6,12.87,180,2021-02-04,2035-11-18,12015.58,159977.29,Current
LON0001297,CUS0005030,PRD-LN03,BR0048,7096547.84,17.94,48,2026-01-25,2030-01-04,208238.66,3125102.25,Current
LON0001298,CUS0000506,PRD-LN02,BR0004,913635.44,20.69,36,2023-02-23,2026-02-07,34276.03,889061.15,Current
LON0001299,CUS0002530,PRD-LN02,BR0016,828919.92,6.78,60,2024-01-30,2029-01-03,16327.71,311408.45,Closed
LON0001300,CUS0004617,PRD-LN02,BR0024,1204772.08,5.06,180,2020-09-02,2035-06-16,9564.96,833396.78,Current
LON0001301,CUS0007518,PRD-LN04,BR0032,5062391.24,13.44,120,2021-05-20,2031-03-29,76906.4,549013.97,Current
LON0001302,CUS0003084,PRD-LN01,BR0039,574140.81,5.35,84,2020-07-15,2027-06-09,8209.61,564655.43,Current
LON0001303,CUS0008520,PRD-LN01,BR0002,1330778.83,18.15,84,2025-09-16,2032-08-10,28087.22,655748.58,Late
LON0001304,CUS0001780,PRD-LN02,BR0038,1441269.19,20.71,120,2020-11-21,2030-09-30,28535.15,1274275.34,Current
LON0001305,CUS0008124,PRD-LN01,BR0013,225875.79,8.52,120,2025-01-14,2034-11-23,2802.95,60026.63,Current
LON0001306,CUS0000271,PRD-LN04,BR0025,8766715.53,9.15,84,2021-08-05,2028-06-29,141716.65,6858990.43,Current
LON0001307,CUS0004172,PRD-LN01,BR0032,1268632.2,19.1,60,2025-09-14,2030-08-19,32978.86,940817.37,Closed
LON0001308,CUS0001696,PRD-LN03,BR0013,10640802.09,21.88,180,2021-03-01,2035-12-13,201823.79,6703599.81,Current
LON0001309,CUS0003334,PRD-LN04,BR0021,3041639.53,20.04,60,2020-05-13,2025-04-17,80652.56,2210421.11,Closed
LON0001310,CUS0006363,PRD-LN01,BR0045,330969.22,9.0,180,2024-12-05,2039-09-18,3356.91,176312.3,Late
LON0001311,CUS0004614,PRD-LN02,BR0009,2095867.12,8.2,36,2024-01-16,2026-12-31,65870.4,961452.7,Current
LON0001312,CUS0005686,PRD-LN04,BR0003,4286750.69,5.29,180,2021-05-09,2036-02-20,34550.46,1198835.88,Current
LON0001313,CUS0009430,PRD-LN03,BR0031,10465610.26,16.53,48,2023-05-16,2027-04-25,299446.8,8003202.48,Closed
LON0001314,CUS0007107,PRD-LN01,BR0029,1385055.34,11.16,24,2023-01-21,2025-01-10,64657.37,482068.54,Late
LON0001315,CUS0002051,PRD-LN01,BR0019,1110946.21,14.59,360,2022-02-08,2051-09-04,13683.76,797064.35,Closed
LON0001316,CUS0006206,PRD-LN02,BR0035,943414.23,21.79,120,2024-04-26,2034-03-05,19365.37,626435.44,Current
LON0001317,CUS0008444,PRD-LN03,BR0014,12565428.0,18.21,120,2022-02-24,2032-01-03,228111.97,11490642.55,Current
LON0001318,CUS0001199,PRD-LN01,BR0010,579947.67,13.38,360,2025-02-08,2054-09-04,6588.08,98810.12,Current
LON0001319,CUS0005190,PRD-LN04,BR0015,7159068.61,12.41,240,2020-07-08,2040-03-25,80883.31,7005857.34,Current
LON0001320,CUS0007718,PRD-LN02,BR0049,1874288.55,14.3,60,2021-11-05,2026-10-10,43903.47,938979.43,Current
LON0001321,CUS0006458,PRD-LN03,BR0041,14793096.09,17.72,48,2023-09-07,2027-08-17,432385.78,5850521.92,Current
LON0001322,CUS0001545,PRD-LN01,BR0004,1435605.3,16.53,48,2026-03-18,2030-02-25,41076.19,1389017.32,Current
LON0001323,CUS0000335,PRD-LN04,BR0020,5643249.61,8.58,36,2023-01-28,2026-01-12,178352.76,937530.57,Current
LON0001324,CUS0009666,PRD-LN02,BR0031,703130.09,10.15,24,2020-12-23,2022-12-13,32494.59,314325.04,Current
LON0001325,CUS0009375,PRD-LN01,BR0044,1426264.46,4.7,12,2024-07-26,2025-07-21,121902.92,649163.76,Late
LON0001326,CUS0002574,PRD-LN02,BR0026,767248.95,4.04,120,2025-04-20,2035-02-27,7782.62,713791.21,Current
LON0001327,CUS0001953,PRD-LN02,BR0041,748235.74,6.64,120,2023-06-17,2033-04-25,8549.46,616484.77,Current
LON0001328,CUS0001496,PRD-LN02,BR0021,2076345.19,12.99,12,2022-05-02,2023-04-27,185443.75,291318.63,Current
LON0001329,CUS0003708,PRD-LN01,BR0012,117968.25,7.42,36,2024-05-14,2027-04-29,3665.21,47328.29,Current
LON0001330,CUS0001701,PRD-LN01,BR0046,1334912.6,15.21,84,2023-06-16,2030-05-10,25917.01,1132336.31,Current
LON0001331,CUS0008917,PRD-LN04,BR0012,9338348.11,11.7,60,2021-02-07,2026-01-12,206313.48,5077454.96,Current
LON0001332,CUS0007133,PRD-LN01,BR0028,934995.88,5.76,240,2022-05-09,2042-01-24,6569.79,100161.1,Current
LON0001333,CUS0007663,PRD-LN02,BR0011,975059.6,19.33,180,2021-12-26,2036-10-08,16644.28,645342.8,Closed
LON0001334,CUS0003122,PRD-LN02,BR0027,1969846.9,5.04,180,2024-12-17,2039-09-30,15618.5,1297179.77,Current
LON0001335,CUS0001091,PRD-LN04,BR0022,1637930.54,3.72,240,2021-07-08,2041-03-25,9685.55,701294.92,Default
LON0001336,CUS0004377,PRD-LN03,BR0047,7874932.39,7.56,84,2024-11-26,2031-10-21,121021.21,6025251.09,Current
LON0001337,CUS0008254,PRD-LN04,BR0007,5436247.5,12.79,360,2023-01-31,2052-08-26,59244.74,4548614.84,Current
LON0001338,CUS0008875,PRD-LN02,BR0020,2380284.85,21.13,60,2021-06-18,2026-05-23,64568.89,2175575.07,Late
LON0001339,CUS0005526,PRD-LN02,BR0048,1914358.93,20.63,48,2024-05-19,2028-04-28,58899.14,1182590.61,Current
LON0001340,CUS0003414,PRD-LN02,BR0037,1151005.08,8.89,84,2022-12-24,2029-11-17,18454.42,942960.07,Current
LON0001341,CUS0009422,PRD-LN01,BR0006,314815.97,16.56,12,2024-11-22,2025-11-17,28647.02,177047.83,Closed
LON0001342,CUS0005473,PRD-LN04,BR0047,6121591.86,11.2,24,2021-06-25,2023-06-15,285882.92,1549094.97,Current
LON0001343,CUS0007753,PRD-LN04,BR0019,4473768.45,3.51,12,2023-10-28,2024-10-22,379940.12,1286032.47,Late
LON0001344,CUS0009003,PRD-LN03,BR0002,9741766.8,16.99,240,2024-07-14,2044-03-31,142818.21,1562757.57,Current
LON0001345,CUS0000020,PRD-LN01,BR0007,926454.24,19.1,240,2025-10-12,2045-06-29,15086.99,487220.45,Current
LON0001346,CUS0007008,PRD-LN01,BR0021,1306564.36,5.08,36,2022-08-25,2025-08-09,39205.85,539418.09,Closed
LON0001347,CUS0000664,PRD-LN03,BR0026,8791648.35,16.07,84,2023-04-29,2030-03-23,174970.97,7703126.66,Closed
LON0001348,CUS0003388,PRD-LN02,BR0016,1822523.6,10.0,240,2022-12-09,2042-08-26,17587.75,1038496.4,Current
LON0001349,CUS0008804,PRD-LN04,BR0043,3917017.22,15.31,180,2021-03-04,2035-12-16,55656.13,2201402.19,Current
LON0001350,CUS0005665,PRD-LN02,BR0035,1790225.37,12.94,120,2021-04-22,2031-03-01,26666.67,382624.36,Current
LON0001351,CUS0004129,PRD-LN03,BR0048,13778418.61,3.65,60,2023-01-27,2028-01-01,251580.11,6614102.73,Current
LON0001352,CUS0008478,PRD-LN03,BR0025,14412139.43,18.04,60,2023-02-26,2028-01-31,366287.3,5468525.93,Current
LON0001353,CUS0003847,PRD-LN01,BR0018,797985.65,16.53,48,2022-09-16,2026-08-26,22832.33,535683.3,Current
LON0001354,CUS0009713,PRD-LN04,BR0041,8691199.39,19.4,180,2020-07-16,2035-04-29,148804.84,4321353.49,Current
LON0001355,CUS0003634,PRD-LN04,BR0044,1813048.91,9.62,360,2021-10-27,2051-05-23,15404.09,807536.53,Late
LON0001356,CUS0001205,PRD-LN02,BR0011,1100629.62,8.32,180,2025-07-07,2040-04-19,10722.52,661586.25,Current
LON0001357,CUS0002424,PRD-LN03,BR0010,12981828.77,18.06,240,2023-03-09,2042-11-24,200949.7,8702741.21,Current
LON0001358,CUS0000267,PRD-LN03,BR0015,7991279.77,6.54,48,2020-09-27,2024-09-06,189660.29,4913998.61,Current
LON0001359,CUS0005987,PRD-LN01,BR0001,108458.97,17.8,60,2021-12-09,2026-11-13,2742.36,103452.35,Current
LON0001360,CUS0006713,PRD-LN01,BR0024,880124.07,21.99,12,2025-07-11,2026-07-06,82370.43,295796.57,Closed
LON0001361,CUS0009307,PRD-LN01,BR0044,1211076.97,12.8,180,2023-10-21,2038-08-03,15164.03,1149794.3,Current
LON0001362,CUS0000879,PRD-LN03,BR0025,3947322.07,8.68,84,2022-07-08,2029-06-01,62869.6,3612945.92,Current
LON0001363,CUS0000605,PRD-LN03,BR0037,12985325.71,15.08,120,2020-03-16,2030-01-23,210135.32,2506895.68,Current
LON0001364,CUS0005073,PRD-LN02,BR0046,1566016.13,14.58,240,2024-02-26,2043-11-13,20136.83,977723.81,Closed
LON0001365,CUS0000326,PRD-LN03,BR0026,3634299.52,14.38,120,2020-09-05,2030-07-15,57261.79,2053089.67,Current
LON0001366,CUS0009120,PRD-LN01,BR0047,1443940.4,6.04,84,2023-05-29,2030-04-22,21121.58,982470.0,Current
LON0001367,CUS0004482,PRD-LN04,BR0028,5898562.48,16.43,48,2023-10-04,2027-09-13,168468.78,5017919.08,Current
LON0001368,CUS0007280,PRD-LN02,BR0032,1777766.56,5.31,120,2024-07-19,2034-05-28,19126.5,1292927.2,Current
LON0001369,CUS0005475,PRD-LN04,BR0030,6077891.68,12.01,12,2025-04-18,2026-04-13,540041.75,1545951.67,Current
LON0001370,CUS0009223,PRD-LN03,BR0023,4477170.18,18.82,24,2024-08-21,2026-08-11,225296.61,3399900.3,Current
LON0001371,CUS0000773,PRD-LN02,BR0008,1062078.53,7.18,36,2026-02-23,2029-02-07,32881.38,294058.82,Current
LON0001372,CUS0009098,PRD-LN04,BR0004,4227449.92,16.06,360,2022-01-27,2051-08-23,57053.51,3666366.07,Closed
LON0001373,CUS0005145,PRD-LN04,BR0022,858228.2,9.43,12,2020-05-26,2021-05-21,75224.57,304415.35,Late
LON0001374,CUS0000355,PRD-LN01,BR0005,344560.55,13.14,240,2021-11-17,2041-08-04,4071.2,78701.12,Current
LON0001375,CUS0008784,PRD-LN02,BR0044,2100364.74,3.9,360,2020-04-11,2049-11-05,9906.75,1461014.17,Current
LON0001376,CUS0009449,PRD-LN01,BR0036,866252.11,9.7,12,2026-02-27,2027-02-22,76036.51,568125.73,Current
LON0001377,CUS0001518,PRD-LN02,BR0044,2325333.26,4.63,84,2025-10-12,2032-09-05,32463.29,585657.67,Closed
LON0001378,CUS0001742,PRD-LN03,BR0004,8636409.93,19.25,48,2022-01-13,2025-12-23,259370.39,6991941.22,Current
LON0001379,CUS0004578,PRD-LN03,BR0019,1943938.34,20.27,48,2023-06-24,2027-06-03,59434.75,870700.31,Current
LON0001380,CUS0009280,PRD-LN02,BR0036,1914540.32,12.86,240,2021-05-02,2041-01-17,22239.62,257206.06,Current
LON0001381,CUS0008764,PRD-LN04,BR0020,6591322.37,19.61,84,2021-04-21,2028-03-15,144824.32,4715298.97,Current
LON0001382,CUS0002636,PRD-LN01,BR0028,742110.84,6.78,24,2021-10-21,2023-10-11,33152.25,620474.55,Current
LON0001383,CUS0006609,PRD-LN01,BR0037,838885.52,5.77,360,2022-04-08,2051-11-02,4906.17,400009.33,Current
LON0001384,CUS0008523,PRD-LN02,BR0011,2021408.4,15.77,240,2025-07-26,2045-04-12,27774.74,1276584.26,Current
LON0001385,CUS0002804,PRD-LN03,BR0025,3065238.28,9.18,360,2022-07-01,2052-01-25,25061.63,1830297.19,Late
LON0001386,CUS0000042,PRD-LN04,BR0041,1423616.32,18.25,120,2023-12-21,2033-10-29,25881.03,901935.25,Current
LON0001387,CUS0007715,PRD-LN04,BR0034,3043649.7,17.43,240,2025-05-07,2045-01-22,45642.21,871602.5,Current
LON0001388,CUS0003452,PRD-LN03,BR0047,11590270.95,9.13,180,2023-12-15,2038-09-27,118454.26,9300678.14,Current
LON0001389,CUS0000586,PRD-LN03,BR0011,3626096.75,21.37,120,2020-11-13,2030-09-22,73401.11,2983122.86,Current
LON0001390,CUS0008032,PRD-LN04,BR0020,3379606.21,10.36,180,2020-03-09,2034-12-21,37065.34,2388128.95,Current
LON0001391,CUS0003638,PRD-LN02,BR0011,2363475.57,12.06,180,2021-01-23,2035-11-06,28456.98,1301376.92,Current
LON0001392,CUS0002682,PRD-LN01,BR0016,752346.02,20.01,120,2021-11-20,2031-09-29,14544.5,139898.31,Current
LON0001393,CUS0004135,PRD-LN04,BR0042,5009087.83,21.15,12,2022-02-27,2023-02-22,466775.75,862337.72,Current
LON0001394,CUS0000150,PRD-LN01,BR0020,1196486.02,19.13,60,2021-03-16,2026-02-18,31123.16,946585.22,Current
LON0001395,CUS0004866,PRD-LN01,BR0020,1292719.39,11.03,240,2025-08-22,2045-05-09,13369.7,750405.99,Current
LON0001396,CUS0005088,PRD-LN04,BR0005,9652193.33,13.1,120,2020-09-01,2030-07-11,144687.48,7364344.46,Current
LON0001397,CUS0001103,PRD-LN04,BR0006,6551131.35,17.82,48,2021-09-11,2025-08-21,191823.84,835463.39,Current
LON0001398,CUS0002539,PRD-LN04,BR0006,3961491.14,19.82,48,2023-08-28,2027-08-07,120170.02,2482622.91,Current
LON0001399,CUS0009652,PRD-LN04,BR0008,5244480.39,3.58,36,2023-05-07,2026-04-21,153860.02,3403624.17,Current
LON0001400,CUS0002584,PRD-LN02,BR0037,354362.4,4.58,48,2024-02-19,2028-01-29,8093.47,311872.09,Current
LON0001401,CUS0007283,PRD-LN02,BR0029,567573.14,16.95,240,2025-12-14,2045-08-31,8303.59,151422.58,Current
LON0001402,CUS0007182,PRD-LN04,BR0037,8915302.1,20.44,12,2022-10-11,2023-10-06,827743.17,7029794.85,Late
LON0001403,CUS0005075,PRD-LN01,BR0019,486050.63,19.25,60,2026-04-07,2031-03-12,12675.38,166398.71,Current
LON0001404,CUS0008055,PRD-LN03,BR0022,6779633.27,16.51,60,2020-12-13,2025-11-17,166710.28,5972467.03,Current
LON0001405,CUS0000620,PRD-LN01,BR0022,1020351.74,8.33,84,2024-05-10,2031-04-04,16071.7,586319.28,Current
LON0001406,CUS0002445,PRD-LN01,BR0044,866574.15,9.71,12,2021-05-30,2022-05-25,76068.8,577616.79,Current
LON0001407,CUS0006416,PRD-LN02,BR0030,814329.4,21.53,60,2025-12-02,2030-11-06,22273.82,86711.03,Current
LON0001408,CUS0002776,PRD-LN02,BR0015,2371093.69,11.46,240,2024-09-19,2044-06-06,25220.73,1003343.87,Current
LON0001409,CUS0006224,PRD-LN04,BR0024,1136077.26,9.12,12,2024-07-21,2025-07-16,99414.86,640138.02,Current
LON0001410,CUS0001036,PRD-LN02,BR0046,504572.91,21.07,84,2023-01-19,2029-12-13,11531.98,181806.16,Current
LON0001411,CUS0002571,PRD-LN03,BR0020,10352523.8,12.05,24,2021-08-22,2023-08-12,487571.0,3127890.76,Current
LON0001412,CUS0008648,PRD-LN02,BR0048,2304600.25,7.49,24,2021-11-02,2023-10-23,103695.59,1409627.8,Current
LON0001413,CUS0001521,PRD-LN01,BR0050,749572.77,7.98,120,2022-07-06,2032-05-14,9086.47,145153.39,Current
LON0001414,CUS0005715,PRD-LN03,BR0029,14643815.15,15.39,60,2025-07-06,2030-06-10,351380.33,11529207.91,Current
LON0001415,CUS0000237,PRD-LN01,BR0043,1250983.43,20.78,240,2022-11-04,2042-07-22,22020.42,239441.94,Current
LON0001416,CUS0005906,PRD-LN02,BR0027,1788086.76,4.39,84,2025-05-20,2032-04-13,24763.32,237573.88,Current
LON0001417,CUS0005769,PRD-LN03,BR0028,8455098.98,10.12,180,2020-05-19,2035-03-02,91480.64,2369706.57,Current
LON0001418,CUS0005078,PRD-LN02,BR0037,2085601.61,5.79,24,2025-10-16,2027-10-06,92237.91,601041.09,Closed
LON0001419,CUS0002658,PRD-LN04,BR0024,1414457.81,14.83,48,2022-07-12,2026-06-21,39243.64,615546.27,Late
LON0001420,CUS0001579,PRD-LN03,BR0010,9017174.96,3.77,36,2021-12-21,2024-12-05,265301.34,7107228.89,Current
LON0001421,CUS0007256,PRD-LN01,BR0003,948163.51,21.94,36,2025-03-12,2028-02-25,36181.37,763464.49,Late
LON0001422,CUS0000489,PRD-LN02,BR0012,1902393.44,5.51,12,2024-10-06,2025-10-01,163304.07,1159916.19,Current
LON0001423,CUS0003295,PRD-LN03,BR0034,14668182.98,18.24,60,2023-09-27,2028-08-31,374393.16,10739883.06,Current
LON0001424,CUS0008473,PRD-LN03,BR0004,3287445.47,9.15,84,2022-02-07,2029-01-01,53142.57,2277733.97,Current
LON0001425,CUS0003674,PRD-LN02,BR0023,1570202.42,13.74,180,2021-05-18,2036-02-29,20637.47,380999.4,Current
LON0001426,CUS0004512,PRD-LN03,BR0047,11129397.08,14.34,60,2020-12-02,2025-11-06,260927.55,8951914.86,Current
LON0001427,CUS0008787,PRD-LN01,BR0015,1414053.11,6.28,60,2022-12-12,2027-11-16,27522.09,1126824.58,Late
LON0001428,CUS0006592,PRD-LN02,BR0018,1802590.39,12.96,24,2020-10-01,2022-09-21,85664.57,1196399.76,Closed
LON0001429,CUS0003305,PRD-LN01,BR0049,345287.97,6.54,180,2020-03-11,2034-12-23,3015.43,245274.6,Current
LON0001430,CUS0006253,PRD-LN01,BR0039,791483.31,18.28,180,2022-04-01,2037-01-12,12905.98,160169.71,Current
LON0001431,CUS0006168,PRD-LN03,BR0034,9915762.57,14.26,84,2025-10-31,2032-09-24,187248.6,4305639.27,Current
LON0001432,CUS0008283,PRD-LN02,BR0005,1945640.38,15.46,360,2024-02-02,2053-08-28,25318.71,1031552.15,Current
LON0001433,CUS0007954,PRD-LN01,BR0022,312193.13,7.93,24,2023-08-07,2025-07-27,14109.68,121064.58,Current
LON0001434,CUS0000005,PRD-LN04,BR0035,7367551.65,20.83,360,2024-01-05,2053-07-31,128149.69,2249850.93,Current
LON0001435,CUS0004808,PRD-LN03,BR0021,9918929.38,10.64,240,2021-10-10,2041-06-27,99963.13,6722368.63,Current
LON0001436,CUS0002676,PRD-LN01,BR0019,365499.01,13.8,180,2024-12-27,2039-10-10,4818.49,78532.4,Closed
LON0001437,CUS0008493,PRD-LN01,BR0005,1256470.45,11.78,240,2022-04-13,2041-12-29,13642.6,1252698.79,Current
LON0001438,CUS0008791,PRD-LN01,BR0035,103813.04,5.13,12,2020-10-18,2021-10-13,8893.36,60525.25,Current
LON0001439,CUS0000831,PRD-LN03,BR0007,9363701.82,9.44,24,2022-10-11,2024-09-30,429671.13,2858839.31,Closed
LON0001440,CUS0005482,PRD-LN02,BR0023,1652978.52,3.74,360,2021-10-06,2051-05-02,7645.82,346457.15,Current
LON0001441,CUS0009331,PRD-LN02,BR0028,479529.87,16.26,120,2022-10-22,2032-08-30,8110.62,318615.32,Current
LON0001442,CUS0009618,PRD-LN02,BR0029,1360634.31,20.44,240,2023-02-12,2042-10-30,23585.59,178032.58,Current
LON0001443,CUS0006132,PRD-LN01,BR0044,342558.64,19.72,36,2022-09-13,2025-08-28,12681.89,37888.47,Current
LON0001444,CUS0000432,PRD-LN03,BR0005,5858207.59,16.4,36,2020-03-26,2023-03-11,207115.95,3003143.68,Current
LON0001445,CUS0001310,PRD-LN02,BR0042,1939524.97,11.94,24,2020-05-13,2022-05-03,91245.84,462402.05,Current
LON0001446,CUS0009823,PRD-LN01,BR0047,102124.66,6.82,180,2020-04-03,2035-01-15,907.68,94349.22,Current
LON0001447,CUS0008545,PRD-LN04,BR0025,7991080.06,6.06,60,2024-10-14,2029-09-18,154713.01,2185511.26,Current
LON0001448,CUS0003804,PRD-LN03,BR0045,1593195.84,19.7,120,2023-02-15,2032-12-24,30473.18,1011006.74,Current
LON0001449,CUS0007973,PRD-LN04,BR0020,6702818.99,11.43,36,2023-06-14,2026-05-29,220809.12,6427042.46,Current
LON0001450,CUS0002739,PRD-LN03,BR0015,11929922.85,20.56,120,2025-07-21,2035-05-30,234999.24,5469298.16,Closed
LON0001451,CUS0004816,PRD-LN04,BR0010,4979153.6,14.75,84,2023-09-11,2030-08-05,95384.45,3041422.33,Current
LON0001452,CUS0009665,PRD-LN01,BR0015,823096.81,14.52,36,2022-04-25,2025-04-09,28339.83,316239.85,Late
LON0001453,CUS0001719,PRD-LN04,BR0047,4724972.91,12.1,48,2021-06-10,2025-05-20,124658.78,3822154.39,Current
LON0001454,CUS0008661,PRD-LN04,BR0007,634132.1,3.94,360,2023-08-16,2053-03-11,3005.55,69300.15,Current
LON0001455,CUS0008014,PRD-LN02,BR0027,707294.79,12.84,240,2020-08-25,2040-05-12,8206.01,414491.05,Current
LON0001456,CUS0003020,PRD-LN04,BR0007,2913523.7,6.76,60,2021-06-22,2026-05-27,57361.93,665875.13,Current
LON0001457,CUS0007548,PRD-LN03,BR0019,8392629.82,8.87,36,2020-08-20,2023-08-05,266375.89,3981905.02,Current
LON0001458,CUS0007551,PRD-LN01,BR0010,170944.42,21.88,36,2021-06-03,2024-05-18,6517.84,94453.21,Current
LON0001459,CUS0009694,PRD-LN03,BR0014,3240882.32,16.35,240,2020-09-16,2040-06-03,45942.09,2064737.8,Late
LON0001460,CUS0002151,PRD-LN02,BR0040,1528120.73,16.1,24,2021-07-02,2023-06-22,74894.58,1290604.24,Current
LON0001461,CUS0007096,PRD-LN01,BR0027,1487480.26,14.93,12,2025-08-05,2026-07-31,134208.33,948137.8,Current
LON0001462,CUS0006240,PRD-LN02,BR0037,1319283.25,13.97,48,2025-01-25,2029-01-04,36031.51,191023.2,Current
LON0001463,CUS0001858,PRD-LN02,BR0033,821460.7,9.1,24,2022-12-11,2024-11-30,37565.92,794537.2,Current
LON0001464,CUS0004256,PRD-LN01,BR0033,1313571.36,8.65,48,2020-03-11,2024-02-19,32470.41,484387.49,Current
LON0001465,CUS0005287,PRD-LN04,BR0004,2740369.52,6.11,12,2023-12-12,2024-12-06,235992.4,2453973.64,Current
LON0001466,CUS0006763,PRD-LN02,BR0038,1974332.08,5.64,12,2025-05-19,2026-05-14,169597.2,365196.96,Current
LON0001467,CUS0009579,PRD-LN02,BR0023,829430.59,14.41,180,2024-12-14,2039-09-27,11275.28,622522.15,Current
LON0001468,CUS0000384,PRD-LN02,BR0005,2243067.0,13.94,180,2021-08-29,2036-06-11,29781.48,808560.98,Current
LON0001469,CUS0003419,PRD-LN04,BR0031,5297900.23,8.21,12,2024-05-14,2025-05-09,461370.59,4245453.6,Current
LON0001470,CUS0006452,PRD-LN01,BR0003,1066917.81,6.79,360,2025-02-16,2054-09-12,6948.4,278456.13,Current
LON0001471,CUS0004415,PRD-LN04,BR0036,2398011.87,7.82,360,2022-12-31,2052-07-26,17295.79,1955606.08,Default
LON0001472,CUS0002249,PRD-LN04,BR0029,1135870.42,8.43,36,2021-07-06,2024-06-20,35819.8,1076827.44,Current
LON0001473,CUS0005640,PRD-LN02,BR0028,1316944.12,14.54,36,2020-02-18,2023-02-02,45356.2,975046.85,Current
LON0001474,CUS0008578,PRD-LN02,BR0001,525276.38,21.78,240,2023-11-21,2043-08-08,9662.67,412950.41,Current
LON0001475,CUS0002569,PRD-LN03,BR0016,11832930.35,12.29,12,2025-10-27,2026-10-22,1052947.51,7680427.77,Current
LON0001476,CUS0001979,PRD-LN01,BR0044,118632.2,20.73,180,2022-08-11,2037-05-24,2147.79,26125.98,Current
LON0001477,CUS0007854,PRD-LN04,BR0019,909267.83,10.3,12,2025-12-14,2026-12-09,80066.01,386346.18,Current
LON0001478,CUS0003377,PRD-LN02,BR0010,748831.57,9.09,48,2024-04-01,2028-03-11,18666.72,473746.55,Current
LON0001479,CUS0002635,PRD-LN03,BR0037,5352516.88,15.59,60,2020-02-02,2025-01-06,128999.66,4228240.68,Current
LON0001480,CUS0008711,PRD-LN03,BR0031,4385485.66,19.81,240,2021-05-21,2041-02-05,73848.21,1511116.54,Current
LON0001481,CUS0009482,PRD-LN04,BR0041,3049811.19,18.58,360,2022-07-16,2052-02-09,47409.02,1662334.65,Current
LON0001482,CUS0000294,PRD-LN03,BR0046,6454951.94,7.97,360,2023-09-01,2053-03-27,47229.22,3424235.47,Current
LON0001483,CUS0004967,PRD-LN02,BR0039,611535.19,8.89,180,2021-02-02,2035-11-16,6162.64,117847.47,Current
LON0001484,CUS0009509,PRD-LN02,BR0013,1503766.82,8.34,12,2025-05-10,2026-05-05,131046.83,351167.2,Current
LON0001485,CUS0008258,PRD-LN04,BR0049,8107489.21,6.98,36,2021-12-13,2024-11-27,250261.6,5658694.52,Current
LON0001486,CUS0004668,PRD-LN02,BR0002,1833847.71,20.41,180,2023-12-22,2038-10-04,32764.65,793936.83,Current
LON0001487,CUS0007972,PRD-LN03,BR0044,9077628.15,17.54,36,2023-11-03,2026-10-18,326087.06,4873897.81,Current
LON0001488,CUS0004469,PRD-LN03,BR0045,1829249.11,8.11,48,2020-02-13,2024-01-23,44751.83,1505771.89,Late
LON0001489,CUS0003650,PRD-LN04,BR0043,6529787.84,17.38,48,2024-01-31,2028-01-10,189703.5,5996267.82,Current
LON0001490,CUS0004366,PRD-LN03,BR0023,5500213.03,11.94,360,2020-08-01,2050-02-25,56321.98,2317944.79,Current
LON0001491,CUS0000665,PRD-LN02,BR0017,2062736.31,13.57,84,2020-10-22,2027-09-16,38167.38,489986.36,Late
LON0001492,CUS0004463,PRD-LN03,BR0021,2022824.36,19.51,12,2025-07-15,2026-07-10,186909.28,1256846.29,Current
LON0001493,CUS0002676,PRD-LN03,BR0028,11293265.66,18.93,240,2022-09-08,2042-05-26,182413.65,9175909.4,Current
LON0001494,CUS0007978,PRD-LN01,BR0047,1049795.9,14.75,240,2022-12-05,2042-08-22,13630.08,166820.84,Current
LON0001495,CUS0006784,PRD-LN04,BR0018,9622777.06,8.58,24,2023-12-07,2025-11-26,437762.07,1976189.07,Current
LON0001496,CUS0002897,PRD-LN04,BR0033,2411685.7,13.51,360,2023-09-30,2053-04-25,27642.72,1944532.58,Current
LON0001497,CUS0001399,PRD-LN01,BR0012,690073.68,4.05,36,2022-11-25,2025-11-09,20389.08,233845.41,Current
LON0001498,CUS0008055,PRD-LN03,BR0038,11724503.4,6.27,84,2021-04-24,2028-03-18,172799.68,1392635.71,Current
LON0001499,CUS0003817,PRD-LN02,BR0011,1361127.36,5.68,360,2022-04-13,2051-11-07,7882.75,216351.0,Current
LON0001500,CUS0003029,PRD-LN01,BR0037,1119794.97,14.96,24,2021-07-24,2023-07-14,54273.83,919016.27,Current
LON0001501,CUS0008472,PRD-LN04,BR0015,2518107.88,5.8,360,2023-09-12,2053-04-07,14775.07,857150.56,Current
LON0001502,CUS0001808,PRD-LN01,BR0018,511951.17,10.13,36,2021-05-15,2024-04-29,16550.49,320534.51,Current
LON0001503,CUS0007928,PRD-LN03,BR0045,1932962.17,19.88,120,2024-01-16,2033-11-24,37201.93,264413.63,Current
LON0001504,CUS0003340,PRD-LN01,BR0012,740392.02,6.47,12,2022-03-22,2023-03-17,63882.95,504146.17,Default
LON0001505,CUS0008627,PRD-LN02,BR0003,727817.95,12.09,12,2023-02-03,2024-01-29,64696.39,475452.79,Current
LON0001506,CUS0000688,PRD-LN04,BR0015,3177562.85,5.98,240,2021-02-04,2040-10-22,22728.4,1448551.46,Late
LON0001507,CUS0005124,PRD-LN01,BR0011,1142254.92,5.57,84,2023-09-09,2030-08-03,16452.23,1007289.17,Current
LON0001508,CUS0001975,PRD-LN01,BR0047,974919.2,21.33,360,2022-12-03,2052-06-28,17359.73,514483.84,Current
LON0001509,CUS0009873,PRD-LN02,BR0007,443439.26,15.32,84,2021-12-30,2028-11-23,8636.75,437376.1,Current
LON0001510,CUS0009042,PRD-LN04,BR0016,6691096.61,18.43,360,2022-12-11,2052-07-06,103191.34,6108040.41,Current
LON0001511,CUS0003529,PRD-LN04,BR0034,791024.18,9.78,120,2023-11-25,2033-10-03,10357.31,238736.3,Current
LON0001512,CUS0003628,PRD-LN03,BR0003,10735189.03,7.61,180,2021-07-27,2036-05-09,100188.76,6308750.15,Late
LON0001513,CUS0008816,PRD-LN01,BR0045,1384608.1,20.92,36,2023-07-13,2026-06-27,52108.35,738341.92,Late
LON0001514,CUS0009405,PRD-LN02,BR0001,890323.77,19.52,12,2024-02-24,2025-02-18,82270.31,571142.71,Current
LON0001515,CUS0003909,PRD-LN01,BR0028,1376430.28,4.3,36,2023-08-27,2026-08-11,40821.65,220332.63,Late
LON0001516,CUS0008576,PRD-LN03,BR0034,9904778.22,6.7,48,2026-04-09,2030-03-19,235806.08,8251502.52,Current
LON0001517,CUS0008472,PRD-LN01,BR0016,1293934.88,12.42,12,2026-02-26,2027-02-21,115218.93,338820.93,Current
LON0001518,CUS0003807,PRD-LN04,BR0030,7164916.03,7.13,240,2025-11-24,2045-08-11,56109.99,5808682.36,Current
LON0001519,CUS0000735,PRD-LN01,BR0032,91742.79,4.95,240,2022-04-01,2041-12-17,602.93,59589.54,Closed
LON0001520,CUS0001335,PRD-LN01,BR0032,129100.11,12.21,48,2022-10-05,2026-09-14,3413.03,34503.51,Current
LON0001521,CUS0002251,PRD-LN04,BR0031,6607864.53,16.51,60,2024-03-29,2029-03-03,162486.51,6145493.31,Late
LON0001522,CUS0003693,PRD-LN02,BR0005,1997819.91,9.11,240,2024-11-15,2044-08-02,18116.48,292215.77,Current
LON0001523,CUS0005600,PRD-LN01,BR0005,897555.05,12.85,84,2022-01-03,2028-11-27,16255.18,810890.96,Current
LON0001524,CUS0005922,PRD-LN04,BR0016,3511730.74,5.02,360,2025-02-12,2054-09-08,18894.68,3004530.86,Current
LON0001525,CUS0006809,PRD-LN04,BR0024,4301041.34,20.01,120,2020-03-01,2030-01-08,83148.58,1808627.04,Closed
LON0001526,CUS0003304,PRD-LN02,BR0022,993153.17,14.94,60,2021-02-27,2026-02-01,23595.78,846988.99,Current
LON0001527,CUS0000496,PRD-LN02,BR0004,1009466.83,5.88,36,2020-10-25,2023-10-10,30655.08,718525.64,Current
LON0001528,CUS0007805,PRD-LN01,BR0003,161956.03,10.53,36,2022-11-03,2025-10-18,5266.26,108845.5,Current
LON0001529,CUS0007995,PRD-LN01,BR0031,834740.83,17.46,24,2022-06-14,2024-06-03,41456.22,126769.21,Current
LON0001530,CUS0007671,PRD-LN03,BR0039,7906837.74,21.58,48,2020-10-06,2024-09-15,247314.06,5300646.61,Current
LON0001531,CUS0000882,PRD-LN04,BR0041,7584886.89,17.44,360,2022-01-17,2051-08-13,110848.66,5733742.94,Late
LON0001532,CUS0002872,PRD-LN03,BR0034,3022413.73,11.32,120,2020-04-28,2030-03-07,42183.1,2418365.01,Closed
LON0001533,CUS0004263,PRD-LN04,BR0044,7228345.11,8.72,12,2021-12-24,2022-12-19,631191.28,5947051.09,Current
LON0001534,CUS0008184,PRD-LN02,BR0047,1836525.55,14.92,120,2025-10-07,2035-08-16,29539.67,551029.4,Current
LON0001535,CUS0006946,PRD-LN03,BR0035,2370803.54,10.25,180,2021-12-26,2036-10-08,25840.59,602185.72,Current
LON0001536,CUS0003392,PRD-LN02,BR0011,1194669.92,3.52,48,2024-12-25,2028-12-04,26718.67,467983.77,Current
LON0001537,CUS0001791,PRD-LN02,BR0025,1053958.05,11.42,84,2022-05-21,2029-04-14,18279.92,641943.01,Current
LON0001538,CUS0007660,PRD-LN03,BR0015,8769241.61,10.5,180,2021-07-02,2036-04-14,96935.1,6485474.42,Current
LON0001539,CUS0001618,PRD-LN04,BR0039,2559609.83,13.77,360,2024-07-21,2054-02-14,29862.74,1460030.37,Closed
LON0001540,CUS0004370,PRD-LN02,BR0009,810148.84,18.25,12,2025-06-18,2026-06-13,74370.86,503859.41,Current
LON0001541,CUS0004422,PRD-LN04,BR0046,5963787.5,6.27,48,2024-03-29,2028-03-08,140799.17,5953159.26,Current
LON0001542,CUS0001359,PRD-LN01,BR0003,345865.71,14.22,60,2023-07-28,2028-07-01,8087.19,254344.88,Current
LON0001543,CUS0005636,PRD-LN01,BR0013,1443240.58,11.36,120,2020-11-16,2030-09-25,20175.88,427964.16,Current
LON0001544,CUS0002340,PRD-LN01,BR0047,425658.47,16.34,84,2025-11-25,2032-10-19,8537.09,168968.57,Closed
LON0001545,CUS0007134,PRD-LN01,BR0040,1058222.0,3.89,48,2025-06-18,2029-05-28,23841.6,713211.51,Current
LON0001546,CUS0000031,PRD-LN02,BR0039,587395.09,17.49,12,2020-02-13,2021-02-07,53709.91,397606.92,Current
LON0001547,CUS0002218,PRD-LN03,BR0027,14527416.34,21.08,36,2020-08-20,2023-08-05,547918.28,3778854.81,Late
LON0001548,CUS0009716,PRD-LN02,BR0047,1398629.14,11.64,240,2021-09-28,2041-06-15,15050.54,1396659.47,Late
LON0001549,CUS0002993,PRD-LN01,BR0003,881087.81,12.6,24,2025-08-26,2027-08-16,41723.17,479704.2,Current
LON0001550,CUS0004305,PRD-LN01,BR0049,1047255.2,8.13,360,2025-02-18,2054-09-14,7779.51,1031998.58,Current
LON0001551,CUS0004766,PRD-LN03,BR0014,8465287.42,7.33,12,2021-07-07,2022-07-02,733762.23,1281368.19,Closed
LON0001552,CUS0003300,PRD-LN03,BR0042,12782082.62,14.92,84,2025-06-18,2032-05-12,246079.35,9982303.41,Current
LON0001553,CUS0002714,PRD-LN04,BR0043,7385185.99,15.64,180,2025-03-19,2039-12-31,106618.36,2179305.81,Current
LON0001554,CUS0004801,PRD-LN01,BR0043,1079024.42,5.5,84,2024-01-08,2030-12-02,15505.63,999273.85,Closed
LON0001555,CUS0005863,PRD-LN03,BR0036,6440828.85,19.37,180,2020-04-05,2035-01-17,110133.85,4117478.44,Current
LON0001556,CUS0001260,PRD-LN03,BR0050,2645539.9,16.49,240,2024-07-30,2044-04-16,37782.15,1786098.98,Current
LON0001557,CUS0009886,PRD-LN04,BR0035,1896505.37,19.86,36,2025-09-16,2028-08-31,70345.72,1441700.52,Current
LON0001558,CUS0006434,PRD-LN02,BR0016,881065.61,14.5,12,2022-11-08,2023-11-03,79315.77,871950.3,Current
LON0001559,CUS0002584,PRD-LN02,BR0033,1098765.47,16.54,180,2021-07-30,2036-05-12,16553.14,460557.48,Closed
LON0001560,CUS0006079,PRD-LN04,BR0044,8306480.57,19.84,24,2022-06-19,2024-06-08,422116.02,7909763.61,Current
LON0001561,CUS0002982,PRD-LN04,BR0010,7869568.15,16.87,84,2021-11-06,2028-09-30,160230.28,3898696.95,Late
LON0001562,CUS0001049,PRD-LN03,BR0041,6862818.92,18.18,180,2026-01-07,2040-10-20,111410.21,4367734.33,Closed
LON0001563,CUS0003152,PRD-LN01,BR0012,629869.46,7.7,84,2020-05-25,2027-04-19,9723.4,404953.62,Current
LON0001564,CUS0007513,PRD-LN01,BR0003,642773.13,11.9,360,2021-07-12,2051-02-05,6562.21,96963.13,Current
LON0001565,CUS0007601,PRD-LN02,BR0019,1547044.21,8.14,240,2023-10-27,2043-07-14,13075.22,645233.56,Current
LON0001566,CUS0002628,PRD-LN02,BR0020,1394013.21,12.44,84,2022-07-07,2029-05-31,24937.36,1258231.0,Current
LON0001567,CUS0001936,PRD-LN04,BR0009,9334876.54,16.89,120,2021-04-01,2031-02-08,161587.88,2039536.9,Late
LON0001568,CUS0006352,PRD-LN01,BR0015,477955.91,10.7,120,2020-06-30,2030-05-09,6502.94,164856.5,Current
LON0001569,CUS0001228,PRD-LN03,BR0006,5799846.47,21.97,84,2022-07-15,2029-06-08,135759.45,2084751.49,Late
LON0001570,CUS0004742,PRD-LN03,BR0001,4636938.1,8.96,180,2021-04-19,2036-01-31,46920.64,2005266.11,Current
LON0001571,CUS0000018,PRD-LN02,BR0013,753586.57,7.18,120,2022-06-27,2032-05-05,8819.85,704406.94,Default
LON0001572,CUS0004703,PRD-LN01,BR0011,572880.06,10.38,48,2020-01-18,2023-12-28,14634.49,278769.28,Current
LON0001573,CUS0002059,PRD-LN01,BR0007,915638.44,7.44,24,2020-01-01,2021-12-21,41178.38,593595.18,Current
LON0001574,CUS0008063,PRD-LN04,BR0017,8144910.93,6.97,360,2020-10-15,2050-05-11,54024.29,7439622.29,Closed
LON0001575,CUS0005775,PRD-LN02,BR0021,1164465.83,11.95,48,2022-06-19,2026-05-29,30636.27,703256.07,Current
LON0001576,CUS0003058,PRD-LN04,BR0003,7378852.68,5.06,180,2025-07-09,2040-04-21,58582.38,1947775.54,Current
LON0001577,CUS0001288,PRD-LN02,BR0038,2292855.98,20.02,360,2024-11-02,2054-05-29,38351.78,431151.89,Current
LON0001578,CUS0003620,PRD-LN01,BR0038,1129119.53,11.18,24,2021-06-06,2023-05-27,52720.23,312800.46,Current
LON0001579,CUS0007205,PRD-LN03,BR0035,9382734.43,9.11,24,2025-01-15,2027-01-05,429121.51,6601068.17,Current
LON0001580,CUS0009257,PRD-LN04,BR0050,2617464.56,14.32,84,2023-11-12,2030-10-06,49515.18,266748.69,Current
LON0001581,CUS0008119,PRD-LN04,BR0046,5068703.21,5.02,12,2024-12-02,2025-11-27,433965.38,4371196.36,Current
LON0001582,CUS0003146,PRD-LN03,BR0013,12743651.04,4.18,84,2025-07-12,2032-06-05,175248.37,10319789.73,Late
LON0001583,CUS0008712,PRD-LN02,BR0012,2080689.91,20.02,120,2025-04-29,2035-03-08,40238.11,792027.81,Closed
LON0001584,CUS0005300,PRD-LN02,BR0016,1754063.06,18.67,36,2022-01-29,2025-01-13,64004.69,217796.97,Current
LON0001585,CUS0007422,PRD-LN03,BR0047,2782042.44,7.94,120,2021-04-19,2031-02-26,33665.71,1380414.13,Closed
LON0001586,CUS0006937,PRD-LN02,BR0006,900740.24,7.68,84,2025-12-28,2032-11-21,13895.96,365427.41,Current
LON0001587,CUS0007051,PRD-LN04,BR0029,1430183.21,12.67,84,2024-01-27,2030-12-21,25761.94,976814.96,Current
LON0001588,CUS0008749,PRD-LN01,BR0009,347780.99,3.69,360,2022-08-20,2052-03-15,1598.81,191048.19,Closed
LON0001589,CUS0006055,PRD-LN03,BR0035,1987858.8,7.89,60,2020-04-02,2025-03-07,40202.04,719091.54,Current
LON0001590,CUS0008218,PRD-LN02,BR0046,2150408.27,14.56,120,2023-11-20,2033-09-28,34116.47,709311.07,Current
LON0001591,CUS0003566,PRD-LN04,BR0046,6923075.06,20.77,84,2025-03-05,2032-01-28,156961.02,3980773.6,Current
LON0001592,CUS0007185,PRD-LN04,BR0025,9371073.31,7.05,180,2024-05-02,2039-02-13,84492.03,3975767.57,Current
LON0001593,CUS0005144,PRD-LN03,BR0039,5290170.95,16.16,120,2022-03-29,2032-02-05,89145.51,3857844.59,Current
LON0001594,CUS0009323,PRD-LN01,BR0020,1479216.2,5.84,60,2024-04-08,2029-03-13,28487.47,1161994.38,Current
LON0001595,CUS0008899,PRD-LN02,BR0035,960352.02,7.13,360,2022-02-07,2051-09-03,6473.31,426096.43,Current
LON0001596,CUS0003620,PRD-LN01,BR0011,1389471.21,9.66,36,2021-02-18,2024-02-03,44612.86,398729.35,Current
LON0001597,CUS0001284,PRD-LN02,BR0006,2029379.06,12.97,180,2022-11-06,2037-08-19,25636.51,940334.34,Current
LON0001598,CUS0005896,PRD-LN03,BR0009,12691376.19,4.19,180,2026-04-02,2041-01-13,95089.54,1470744.13,Closed
LON0001599,CUS0005013,PRD-LN04,BR0038,7224644.09,4.35,84,2021-08-09,2028-07-03,99920.46,2620582.67,Current
LON0001600,CUS0003636,PRD-LN02,BR0010,2266298.31,21.81,120,2020-03-25,2030-02-01,46550.85,1629135.12,Current
LON0001601,CUS0007572,PRD-LN02,BR0026,811118.49,3.99,360,2024-09-18,2054-04-14,3867.73,467758.61,Closed
LON0001602,CUS0008118,PRD-LN01,BR0006,374661.22,19.25,120,2023-12-22,2033-10-30,7055.22,183765.9,Late
LON0001603,CUS0006319,PRD-LN04,BR0042,6056100.31,14.78,60,2020-02-03,2025-01-07,143375.79,3282818.55,Default
LON0001604,CUS0007194,PRD-LN04,BR0019,6677762.7,9.96,12,2024-01-23,2025-01-17,586957.21,6039339.23,Current
LON0001605,CUS0008469,PRD-LN01,BR0024,229391.45,12.21,60,2022-02-02,2027-01-07,5127.06,57704.6,Late
LON0001606,CUS0009260,PRD-LN03,BR0019,7428171.85,15.35,360,2025-06-03,2054-12-28,96007.39,5366932.61,Current
LON0001607,CUS0005498,PRD-LN02,BR0025,1750290.64,4.49,84,2022-12-18,2029-11-11,24321.18,1002212.58,Late
LON0001608,CUS0000922,PRD-LN02,BR0028,1917187.33,20.36,24,2021-12-31,2023-12-21,97914.29,330930.57,Closed
LON0001609,CUS0000698,PRD-LN03,BR0021,4256578.07,10.46,36,2021-04-05,2024-03-20,138268.92,964150.75,Current
LON0001610,CUS0000366,PRD-LN02,BR0002,1995024.96,4.37,240,2021-08-25,2041-05-12,12481.95,1334970.33,Late
LON0001611,CUS0003498,PRD-LN03,BR0042,7746161.1,11.78,360,2020-05-13,2049-12-07,78368.66,7330514.41,Late
LON0001612,CUS0001808,PRD-LN01,BR0024,166333.23,5.19,48,2025-01-10,2028-12-20,3844.87,34585.57,Current
LON0001613,CUS0004060,PRD-LN01,BR0033,1132360.62,12.11,24,2021-03-06,2023-02-24,53362.33,903337.4,Current
LON0001614,CUS0006224,PRD-LN03,BR0032,4578415.67,3.81,48,2022-03-13,2026-02-20,102987.49,3526195.37,Closed
LON0001615,CUS0002591,PRD-LN01,BR0008,698618.46,8.58,120,2023-09-16,2033-07-25,8691.79,481816.98,Current
LON0001616,CUS0006900,PRD-LN01,BR0014,204942.29,4.09,48,2021-11-06,2025-10-16,4635.66,60341.86,Current
LON0001617,CUS0004187,PRD-LN04,BR0014,8323177.18,10.07,240,2025-06-06,2045-02-21,80706.86,2881424.05,Closed
LON0001618,CUS0007060,PRD-LN01,BR0049,1351016.43,6.88,120,2021-06-18,2031-04-27,15603.02,444070.1,Current
LON0001619,CUS0008412,PRD-LN04,BR0008,4496837.57,12.34,180,2023-04-03,2038-01-14,54957.13,3839118.78,Closed
LON0001620,CUS0006029,PRD-LN04,BR0050,5134896.64,18.27,360,2023-10-09,2053-05-04,78519.64,819607.44,Late
LON0001621,CUS0004899,PRD-LN03,BR0045,1596542.83,10.25,360,2020-11-18,2050-06-14,14306.64,384807.72,Current
LON0001622,CUS0002782,PRD-LN02,BR0009,1600701.7,15.91,12,2025-09-29,2026-09-24,145164.87,1210743.95,Current
LON0001623,CUS0005837,PRD-LN04,BR0015,1248819.32,15.98,120,2023-04-08,2033-02-14,20903.8,1136378.68,Current
LON0001624,CUS0008410,PRD-LN04,BR0023,794126.25,8.57,120,2023-11-16,2033-09-24,9875.78,539924.19,Closed
LON0001625,CUS0008817,PRD-LN02,BR0015,1002490.57,20.13,120,2021-04-11,2031-02-18,19460.19,921444.51,Closed
LON0001626,CUS0000070,PRD-LN04,BR0001,7988820.63,13.42,360,2020-03-09,2049-10-03,91002.33,5389051.36,Current
LON0001627,CUS0007746,PRD-LN03,BR0029,8101353.65,9.67,60,2024-03-18,2029-02-20,170817.33,6673517.49,Current
LON0001628,CUS0001980,PRD-LN04,BR0030,9441054.09,11.41,24,2023-05-13,2025-05-02,441826.41,6101528.64,Current
LON0001629,CUS0003515,PRD-LN04,BR0025,8206944.15,10.28,12,2020-06-17,2021-06-12,722589.97,3148897.36,Current
LON0001630,CUS0000571,PRD-LN03,BR0016,9343594.19,4.18,84,2021-08-31,2028-07-25,128491.41,4448040.22,Closed
LON0001631,CUS0006479,PRD-LN01,BR0017,1061705.17,21.97,240,2024-04-04,2043-12-21,19691.12,643238.26,Default
LON0001632,CUS0005749,PRD-LN03,BR0037,2993622.12,18.75,36,2023-03-14,2026-02-26,109356.25,1067961.65,Current
LON0001633,CUS0005481,PRD-LN04,BR0030,8874081.24,4.52,48,2020-06-10,2024-05-20,202439.91,3972630.79,Late
LON0001634,CUS0000438,PRD-LN02,BR0004,1375452.85,7.79,180,2022-10-15,2037-07-28,12978.34,716340.34,Current
LON0001635,CUS0004894,PRD-LN04,BR0050,7788991.29,14.42,84,2020-10-26,2027-09-20,147778.91,7032855.97,Current
LON0001636,CUS0009436,PRD-LN02,BR0001,959601.57,4.17,180,2025-02-07,2039-11-21,7180.08,108278.41,Current
LON0001637,CUS0002658,PRD-LN03,BR0037,7876551.4,21.63,24,2023-01-29,2025-01-18,407183.2,6158867.84,Current
LON0001638,CUS0001504,PRD-LN01,BR0041,952056.7,21.4,360,2020-02-28,2049-09-23,17007.66,624349.37,Current
LON0001639,CUS0004622,PRD-LN03,BR0017,2249720.06,9.21,240,2026-04-15,2045-12-31,20546.15,437026.43,Current
LON0001640,CUS0006517,PRD-LN04,BR0039,2816635.01,15.35,120,2024-08-09,2034-06-18,46047.76,2605557.38,Current
LON0001641,CUS0004473,PRD-LN03,BR0031,11718999.06,18.57,12,2024-02-01,2025-01-26,1077579.33,7738506.39,Current
LON0001642,CUS0001406,PRD-LN03,BR0006,2124074.11,17.72,240,2024-12-29,2044-09-15,32324.1,1363233.42,Current
LON0001643,CUS0007502,PRD-LN01,BR0032,990360.02,10.77,36,2021-11-27,2024-11-11,32315.35,157459.71,Current
LON0001644,CUS0009201,PRD-LN04,BR0046,6423353.79,19.32,48,2021-06-21,2025-05-31,193145.37,5005287.5,Current
LON0001645,CUS0000292,PRD-LN04,BR0002,4659824.69,12.16,24,2025-08-24,2027-08-14,219702.47,876291.69,Current
LON0001646,CUS0001483,PRD-LN04,BR0007,8243472.71,9.75,240,2023-12-22,2043-09-08,78190.73,7198823.12,Current
LON0001647,CUS0002183,PRD-LN04,BR0018,9060930.05,21.57,180,2021-06-23,2036-04-05,169742.65,3030019.16,Current
LON0001648,CUS0004526,PRD-LN04,BR0048,9653969.1,19.89,36,2020-12-19,2023-12-04,358235.23,3363800.77,Current
LON0001649,CUS0009091,PRD-LN01,BR0013,1089337.04,14.62,180,2023-12-11,2038-09-23,14963.7,613353.14,Current
LON0001650,CUS0006604,PRD-LN01,BR0036,97252.36,19.65,240,2020-09-13,2040-05-31,1625.47,80646.82,Late
LON0001651,CUS0007409,PRD-LN01,BR0033,880017.59,13.63,36,2025-06-25,2028-06-09,29919.01,695672.54,Current
LON0001652,CUS0003799,PRD-LN02,BR0029,1388279.91,14.82,60,2026-03-24,2031-02-26,32896.06,1079441.18,Current
LON0001653,CUS0000514,PRD-LN03,BR0036,4451898.8,21.11,120,2022-08-19,2032-06-27,89336.94,1273983.86,Closed
LON0001654,CUS0002706,PRD-LN02,BR0048,2371370.94,3.9,180,2024-02-20,2038-12-03,17422.15,616702.41,Late
LON0001655,CUS0004153,PRD-LN02,BR0007,2131989.68,13.88,240,2024-03-12,2043-11-28,26326.13,1595602.71,Current
LON0001656,CUS0000974,PRD-LN01,BR0009,102233.04,11.36,84,2023-03-20,2030-02-11,1769.89,89530.93,Late
LON0001657,CUS0007627,PRD-LN01,BR0026,238960.43,10.04,120,2021-10-24,2031-09-02,3163.18,128514.96,Current
LON0001658,CUS0007624,PRD-LN01,BR0034,1471347.49,11.15,48,2025-08-23,2029-08-02,38135.01,480828.58,Closed
LON0001659,CUS0005418,PRD-LN01,BR0050,704492.86,10.35,84,2023-05-23,2030-04-16,11823.21,351971.89,Current
LON0001660,CUS0003395,PRD-LN03,BR0032,6111455.5,7.05,240,2023-02-19,2042-11-06,47565.64,1559329.38,Closed
LON0001661,CUS0003514,PRD-LN01,BR0042,1053200.99,20.49,24,2023-12-23,2025-12-12,53855.95,272518.16,Current
LON0001662,CUS0005906,PRD-LN01,BR0039,1451331.74,14.68,24,2024-10-04,2026-09-24,70149.76,1004080.05,Late
LON0001663,CUS0003248,PRD-LN03,BR0001,2159986.78,15.94,360,2025-03-21,2054-10-15,28942.09,1554185.47,Current
LON0001664,CUS0002526,PRD-LN04,BR0039,4551417.79,8.2,120,2023-01-08,2032-11-16,55703.43,1929920.67,Current
LON0001665,CUS0005981,PRD-LN01,BR0014,1434581.01,21.95,84,2020-05-22,2027-04-16,33562.13,1163966.04,Current
LON0001666,CUS0006064,PRD-LN03,BR0010,7930165.13,6.02,360,2024-05-08,2053-12-02,47647.36,7042713.67,Current
LON0001667,CUS0006940,PRD-LN03,BR0031,13381900.68,4.47,36,2025-06-26,2028-06-10,397891.0,4061913.73,Late
LON0001668,CUS0002946,PRD-LN04,BR0001,2939506.27,15.76,360,2023-03-10,2052-10-03,38960.86,1894738.7,Current
LON0001669,CUS0008441,PRD-LN02,BR0001,569999.73,4.65,240,2025-02-19,2044-11-06,3652.42,415676.6,Current
LON0001670,CUS0002752,PRD-LN02,BR0039,643102.95,18.64,120,2022-06-23,2032-05-01,11854.04,585024.61,Closed
LON0001671,CUS0004283,PRD-LN01,BR0036,110283.32,12.31,240,2023-07-06,2043-03-23,1238.23,34977.26,Closed
LON0001672,CUS0005050,PRD-LN04,BR0033,7085016.77,19.28,12,2022-04-08,2023-04-03,653878.06,6247815.26,Closed
LON0001673,CUS0007593,PRD-LN03,BR0044,9601011.63,19.37,24,2024-04-07,2026-03-28,485701.4,4171095.77,Current
LON0001674,CUS0007784,PRD-LN02,BR0022,2326583.54,16.7,24,2025-04-11,2027-04-01,114696.46,1238690.66,Current
LON0001675,CUS0001784,PRD-LN02,BR0035,977766.19,15.6,60,2023-06-13,2028-05-17,23570.07,490056.81,Current
LON0001676,CUS0004510,PRD-LN03,BR0045,1896971.88,4.6,180,2022-06-30,2037-04-12,14608.84,541237.68,Current
LON0001677,CUS0007347,PRD-LN04,BR0005,4268931.27,11.69,24,2022-08-10,2024-07-30,200335.97,796878.29,Current
LON0001678,CUS0007463,PRD-LN03,BR0035,3290545.67,12.51,120,2022-02-07,2031-12-17,48184.97,735643.71,Closed
LON0001679,CUS0003408,PRD-LN03,BR0022,6432670.96,12.49,60,2020-08-20,2025-07-25,144689.12,5572669.29,Current
LON0001680,CUS0003965,PRD-LN02,BR0030,2316736.54,18.3,36,2024-07-02,2027-06-17,84104.64,660186.35,Closed
LON0001681,CUS0005743,PRD-LN04,BR0028,810265.07,14.21,360,2024-10-18,2054-05-14,9735.44,280131.56,Current
LON0001682,CUS0009742,PRD-LN01,BR0046,914760.53,5.41,24,2023-09-10,2025-08-30,40299.99,669940.56,Closed
LON0001683,CUS0004649,PRD-LN02,BR0013,725705.79,5.54,84,2021-10-18,2028-09-11,10442.21,543940.67,Current
LON0001684,CUS0009504,PRD-LN03,BR0027,5432828.32,19.87,24,2025-11-20,2027-11-10,276163.26,853981.05,Current
LON0001685,CUS0006158,PRD-LN04,BR0015,6136943.74,7.38,180,2026-01-17,2040-10-30,56472.55,796109.03,Current
LON0001686,CUS0004746,PRD-LN01,BR0040,209214.28,13.12,24,2022-04-19,2024-04-08,9958.22,125165.75,Current
LON0001687,CUS0006320,PRD-LN01,BR0005,511940.99,4.51,84,2023-09-30,2030-08-24,7118.44,126347.42,Current
LON0001688,CUS0006390,PRD-LN04,BR0044,5106447.31,13.02,60,2023-03-30,2028-03-03,116239.66,1633923.48,Current
LON0001689,CUS0001254,PRD-LN04,BR0042,3830673.56,15.71,48,2023-05-04,2027-04-13,107994.26,3472494.59,Closed
LON0001690,CUS0007589,PRD-LN04,BR0044,5995216.4,11.52,24,2020-10-09,2022-09-29,280873.66,2937201.39,Current
LON0001691,CUS0000294,PRD-LN04,BR0022,4620294.46,6.37,12,2024-01-15,2025-01-09,398438.43,2883143.38,Current
LON0001692,CUS0003197,PRD-LN03,BR0023,10383336.91,17.69,36,2020-05-23,2023-05-08,373769.75,5828753.39,Current
LON0001693,CUS0001834,PRD-LN01,BR0026,1258799.92,8.92,84,2022-06-15,2029-05-09,20201.86,1209408.06,Current
LON0001694,CUS0005779,PRD-LN01,BR0046,782324.75,4.13,180,2021-07-23,2036-05-05,5837.86,764013.2,Current
LON0001695,CUS0001833,PRD-LN02,BR0027,666825.28,13.74,120,2022-02-22,2032-01-01,10249.57,100674.75,Current
LON0001696,CUS0006271,PRD-LN01,BR0034,754009.81,17.63,180,2023-01-12,2037-10-25,11942.55,548236.77,Current
LON0001697,CUS0004957,PRD-LN01,BR0034,559216.2,18.65,48,2025-06-24,2029-06-03,16617.52,499510.8,Current
LON0001698,CUS0009042,PRD-LN02,BR0016,856238.69,17.28,240,2023-01-04,2042-09-21,12741.95,211936.76,Current
LON0001699,CUS0006976,PRD-LN03,BR0036,6222699.2,8.06,12,2021-03-09,2022-03-04,541475.47,6170125.59,Current
LON0001700,CUS0006888,PRD-LN04,BR0019,6917673.53,21.83,180,2023-12-23,2038-10-05,130946.44,4852853.97,Current
LON0001701,CUS0001001,PRD-LN03,BR0043,11461511.36,20.34,24,2023-03-21,2025-03-10,585248.3,3773211.49,Current
LON0001702,CUS0006315,PRD-LN02,BR0029,1911563.19,20.88,360,2022-12-02,2052-06-27,33328.16,419495.53,Current
LON0001703,CUS0003285,PRD-LN03,BR0029,8793387.6,20.07,180,2020-02-24,2034-12-07,154892.91,5289916.01,Current
LON0001704,CUS0001259,PRD-LN04,BR0046,1267486.64,14.53,180,2021-07-09,2036-04-21,17333.35,651258.63,Current
LON0001705,CUS0009478,PRD-LN01,BR0013,1444660.47,17.91,24,2021-03-26,2023-03-16,72060.57,833186.02,Current
LON0001706,CUS0009910,PRD-LN04,BR0047,7762743.51,9.46,48,2020-08-03,2024-07-13,194876.22,2888780.68,Current
LON0001707,CUS0005266,PRD-LN02,BR0014,1051231.31,21.28,240,2026-04-29,2046-01-14,18920.3,910736.03,Current
LON0001708,CUS0003064,PRD-LN03,BR0013,7918764.31,13.34,36,2020-01-27,2023-01-11,268113.13,4541719.1,Current
LON0001709,CUS0009001,PRD-LN02,BR0032,2092725.15,8.45,84,2021-01-27,2027-12-22,33088.82,279621.33,Current
LON0001710,CUS0008502,PRD-LN04,BR0021,7207057.5,19.95,36,2022-02-28,2025-02-12,267656.51,3622068.31,Current
LON0001711,CUS0009926,PRD-LN04,BR0039,5731345.5,13.13,84,2022-11-06,2029-09-30,104669.92,1866658.29,Current
LON0001712,CUS0003219,PRD-LN03,BR0038,2990809.83,10.84,48,2022-01-13,2025-12-23,77066.86,608526.7,Current
LON0001713,CUS0003468,PRD-LN03,BR0034,5262920.03,13.01,24,2025-04-11,2027-04-01,250233.53,1082725.58,Late
LON0001714,CUS0006509,PRD-LN02,BR0047,625761.97,20.36,120,2020-03-13,2030-01-20,12242.94,286500.47,Closed
LON0001715,CUS0001645,PRD-LN01,BR0036,809595.38,10.99,120,2022-09-22,2032-07-31,11147.6,247793.34,Current
LON0001716,CUS0006938,PRD-LN02,BR0019,1273629.07,7.85,24,2026-03-01,2028-02-19,57515.7,775121.46,Late
LON0001717,CUS0007628,PRD-LN04,BR0024,4216232.59,13.5,60,2026-01-23,2030-12-28,97014.86,3610632.04,Current
LON0001718,CUS0000263,PRD-LN03,BR0048,4567419.11,6.45,24,2026-04-19,2028-04-08,203358.2,2979761.53,Current
LON0001719,CUS0001056,PRD-LN02,BR0008,2075350.66,9.59,120,2025-10-16,2035-08-25,26956.9,2009091.18,Closed
LON0001720,CUS0003858,PRD-LN02,BR0016,1264646.36,7.6,180,2023-02-28,2037-12-11,11795.41,663936.8,Current
LON0001721,CUS0000698,PRD-LN02,BR0030,1313962.29,20.27,60,2021-10-23,2026-09-27,35009.66,797249.31,Closed
LON0001722,CUS0008071,PRD-LN03,BR0037,1430547.4,10.09,84,2021-08-30,2028-07-24,23815.36,699725.39,Late
LON0001723,CUS0008101,PRD-LN02,BR0026,626794.41,15.66,24,2026-02-25,2028-02-15,30588.08,416512.73,Current
LON0001724,CUS0001024,PRD-LN01,BR0012,131265.22,15.7,36,2024-05-02,2027-04-17,4595.48,120619.85,Current
LON0001725,CUS0001591,PRD-LN02,BR0012,1067052.24,15.82,240,2024-04-26,2044-01-12,14701.52,495383.6,Current
LON0001726,CUS0003907,PRD-LN02,BR0034,593089.01,20.56,60,2025-08-16,2030-07-21,15898.6,583493.83,Current
LON0001727,CUS0006607,PRD-LN01,BR0047,1336685.44,15.93,240,2023-02-05,2042-10-23,18526.55,695077.11,Current
LON0001728,CUS0000889,PRD-LN02,BR0017,1389402.22,5.73,24,2025-08-15,2027-08-05,61410.26,990526.28,Late
LON0001729,CUS0010000,PRD-LN02,BR0004,2236226.81,16.85,240,2024-07-06,2044-03-23,32546.15,1796373.07,Current
LON0001730,CUS0002437,PRD-LN04,BR0031,4407861.21,16.71,360,2025-09-12,2055-04-08,61804.99,3305145.51,Current
LON0001731,CUS0008188,PRD-LN03,BR0031,3334968.04,6.47,36,2023-06-04,2026-05-19,102167.91,1273468.99,Current
LON0001732,CUS0004902,PRD-LN04,BR0001,8898329.36,16.74,360,2023-08-24,2053-03-19,124984.6,5461597.78,Current
LON0001733,CUS0002927,PRD-LN03,BR0050,4822806.67,19.26,120,2023-04-08,2033-02-14,90849.58,3920148.68,Late
LON0001734,CUS0006667,PRD-LN03,BR0007,11669825.69,4.87,240,2020-02-22,2039-11-09,76180.09,7521149.68,Current
LON0001735,CUS0006582,PRD-LN03,BR0042,4722841.15,21.9,12,2021-07-02,2022-06-27,441804.12,4157757.39,Closed
LON0001736,CUS0003783,PRD-LN02,BR0007,2037169.9,15.22,60,2023-09-06,2028-08-10,48699.7,889572.89,Late
LON0001737,CUS0001083,PRD-LN01,BR0046,192373.34,10.08,84,2023-04-01,2030-02-23,3201.58,20873.97,Default
LON0001738,CUS0005650,PRD-LN04,BR0024,1755876.28,4.3,240,2023-07-28,2043-04-14,10919.88,337917.96,Closed
LON0001739,CUS0006041,PRD-LN01,BR0046,719098.84,15.69,48,2021-06-28,2025-06-07,20265.47,402672.73,Current
LON0001740,CUS0002204,PRD-LN03,BR0011,5003137.25,9.14,240,2024-09-15,2044-06-02,45465.99,4991198.71,Current
LON0001741,CUS0002201,PRD-LN03,BR0025,6230083.32,15.84,48,2025-09-07,2029-08-17,176052.21,2680184.01,Current
LON0001742,CUS0006117,PRD-LN01,BR0021,1331940.25,18.82,84,2025-02-14,2032-01-09,28638.3,259016.97,Current
LON0001743,CUS0000628,PRD-LN04,BR0027,7011231.12,20.59,48,2021-08-15,2025-07-25,215564.48,4336175.52,Late
LON0001744,CUS0004321,PRD-LN04,BR0004,2198815.38,14.73,120,2025-02-28,2035-01-07,35111.9,227860.6,Current
LON0001745,CUS0008870,PRD-LN01,BR0030,610399.17,16.14,84,2020-10-08,2027-09-02,12172.51,152526.25,Current
LON0001746,CUS0007450,PRD-LN03,BR0001,1896730.03,8.96,360,2025-07-25,2055-02-18,15206.96,507866.61,Current
LON0001747,CUS0005937,PRD-LN03,BR0034,7774213.4,6.71,36,2023-10-02,2026-09-16,239015.68,1723815.27,Current
LON0001748,CUS0005030,PRD-LN03,BR0008,13396096.87,17.15,240,2022-02-08,2041-10-26,198023.54,6810074.76,Current
LON0001749,CUS0001163,PRD-LN01,BR0007,285306.76,8.17,84,2020-03-24,2027-02-16,4471.06,162142.13,Default
LON0001750,CUS0004451,PRD-LN04,BR0010,4482260.4,19.77,84,2020-12-06,2027-10-31,98914.15,3354722.8,Current
LON0001751,CUS0002254,PRD-LN02,BR0003,970939.51,4.27,120,2021-12-28,2031-11-06,9955.36,646145.88,Current
LON0001752,CUS0003601,PRD-LN03,BR0024,8502271.02,11.59,240,2022-10-06,2042-06-23,91198.56,1225043.46,Current
LON0001753,CUS0007018,PRD-LN03,BR0005,6970512.21,17.36,36,2025-01-13,2027-12-29,249768.45,4825996.22,Closed
LON0001754,CUS0002892,PRD-LN04,BR0033,5119329.14,9.75,24,2023-07-28,2025-07-17,235640.8,3282389.87,Current
LON0001755,CUS0004862,PRD-LN04,BR0005,2655339.78,3.51,24,2026-04-20,2028-04-09,114729.69,979021.93,Current
LON0001756,CUS0008913,PRD-LN03,BR0042,3567138.42,19.8,24,2020-04-11,2022-04-01,181204.04,2740284.6,Current
LON0001757,CUS0003205,PRD-LN01,BR0004,577934.27,5.59,12,2021-11-24,2022-11-19,49631.89,573530.2,Current
LON0001758,CUS0000685,PRD-LN01,BR0002,1211274.52,4.43,120,2022-08-16,2032-06-24,12512.62,993201.79,Current
LON0001759,CUS0003276,PRD-LN03,BR0033,8057854.05,16.52,36,2022-08-26,2025-08-10,285363.24,4994773.44,Current
LON0001760,CUS0006831,PRD-LN01,BR0013,619288.48,16.09,12,2021-05-12,2022-05-07,56214.95,317191.87,Current
LON0001761,CUS0001126,PRD-LN02,BR0036,2251753.6,15.25,12,2021-01-16,2022-01-11,203505.21,268912.03,Late
LON0001762,CUS0005085,PRD-LN03,BR0046,11341850.31,17.44,360,2020-12-27,2050-07-23,165754.47,2629826.38,Current
LON0001763,CUS0007200,PRD-LN04,BR0007,3006485.56,6.88,36,2025-01-20,2028-01-05,92666.68,2271907.7,Current
LON0001764,CUS0001445,PRD-LN03,BR0048,12052492.68,8.69,360,2020-11-13,2050-06-09,94301.0,11148630.64,Current
LON0001765,CUS0008436,PRD-LN04,BR0038,2106138.72,14.66,48,2025-04-22,2029-04-01,58253.07,457272.45,Current
LON0001766,CUS0007511,PRD-LN03,BR0004,4140903.65,18.1,180,2025-10-27,2040-08-09,66984.13,2540925.23,Current
LON0001767,CUS0000950,PRD-LN01,BR0050,1271911.45,12.23,36,2023-02-07,2026-01-22,42385.52,1192213.87,Default
LON0001768,CUS0006879,PRD-LN04,BR0038,7634134.64,8.42,36,2022-06-04,2025-05-19,240707.94,6693712.35,Current
LON0001769,CUS0006815,PRD-LN03,BR0029,9437239.58,6.61,360,2025-12-17,2055-07-13,60334.11,6907104.77,Current
LON0001770,CUS0002802,PRD-LN03,BR0036,13122745.37,3.66,24,2023-08-12,2025-08-01,567870.42,10870583.17,Current
LON0001771,CUS0009302,PRD-LN01,BR0031,754259.25,21.06,120,2025-09-10,2035-07-20,15110.46,473639.15,Current
LON0001772,CUS0000123,PRD-LN04,BR0009,6357391.79,19.76,240,2024-08-03,2044-04-20,106804.56,1107526.2,Current
LON0001773,CUS0009545,PRD-LN01,BR0013,1290309.83,18.41,120,2021-09-21,2031-07-31,23591.13,943534.47,Current
LON0001774,CUS0004327,PRD-LN03,BR0016,3857228.01,11.42,84,2021-10-03,2028-08-27,66900.02,463757.39,Current
LON0001775,CUS0007255,PRD-LN01,BR0005,920403.63,5.5,180,2021-03-28,2036-01-09,7520.47,475399.52,Late
LON0001776,CUS0004678,PRD-LN04,BR0004,5530089.54,10.08,36,2020-02-16,2023-01-31,178648.21,4403331.68,Current
LON0001777,CUS0004675,PRD-LN03,BR0026,2387684.61,17.17,60,2025-11-18,2030-10-23,59558.58,2028000.11,Current
LON0001778,CUS0009877,PRD-LN02,BR0011,2317984.98,10.49,12,2021-02-20,2022-02-15,204316.34,1504389.66,Current
LON0001779,CUS0006027,PRD-LN01,BR0022,812894.13,9.05,180,2021-03-03,2035-12-15,8269.11,153967.07,Late
LON0001780,CUS0002401,PRD-LN01,BR0007,861522.16,14.67,48,2025-10-15,2029-09-24,23832.94,723243.96,Current
LON0001781,CUS0005616,PRD-LN03,BR0024,13841326.83,7.85,24,2022-08-20,2024-08-09,625059.23,1990337.22,Current
LON0001782,CUS0006824,PRD-LN04,BR0012,3008788.47,9.52,180,2020-08-07,2035-05-21,31454.83,2854802.72,Late
LON0001783,CUS0000688,PRD-LN03,BR0031,12622174.28,3.98,24,2024-02-27,2026-02-16,548004.58,2426230.92,Current
LON0001784,CUS0007624,PRD-LN02,BR0040,1055566.35,19.56,240,2024-04-30,2044-01-16,17568.37,489933.19,Current
LON0001785,CUS0001255,PRD-LN02,BR0005,344551.86,20.2,24,2021-05-27,2023-05-17,17569.93,231362.05,Current
LON0001786,CUS0001314,PRD-LN03,BR0001,1279650.53,8.4,48,2025-03-16,2029-02-23,31480.83,1070204.07,Current
LON0001787,CUS0004963,PRD-LN02,BR0031,1804872.1,13.0,120,2023-11-24,2033-10-02,26948.68,1464438.11,Current
LON0001788,CUS0009084,PRD-LN02,BR0010,922896.75,6.53,120,2022-03-29,2032-02-05,10493.4,614564.66,Current
LON0001789,CUS0005616,PRD-LN04,BR0018,5115040.76,17.35,240,2023-05-15,2043-01-30,76391.85,1139172.16,Current
LON0001790,CUS0007514,PRD-LN01,BR0049,558048.65,19.56,120,2025-01-03,2034-11-12,10622.31,134546.78,Current
LON0001791,CUS0000826,PRD-LN04,BR0042,893812.62,13.11,180,2025-04-25,2040-02-06,11373.67,735402.64,Current
LON0001792,CUS0008500,PRD-LN01,BR0007,1054810.32,12.37,12,2021-08-20,2022-08-15,93901.29,877711.02,Closed
LON0001793,CUS0008631,PRD-LN01,BR0050,1374636.8,7.39,84,2022-12-25,2029-11-18,21010.01,384241.52,Current
LON0001794,CUS0003518,PRD-LN01,BR0006,893589.08,13.83,60,2025-05-04,2030-04-08,20713.58,354672.36,Current
LON0001795,CUS0008241,PRD-LN04,BR0007,5016444.2,8.79,12,2023-03-29,2024-03-23,438207.09,3395126.35,Current
LON0001796,CUS0006903,PRD-LN04,BR0016,4129646.71,10.79,120,2021-12-03,2031-10-12,56396.1,2928889.76,Late
LON0001797,CUS0007850,PRD-LN01,BR0003,1098459.77,18.16,360,2020-08-23,2050-03-19,16698.24,485872.43,Closed
LON0001798,CUS0000088,PRD-LN01,BR0023,1165300.06,6.66,12,2021-05-31,2022-05-26,100647.07,143816.27,Late
LON0001799,CUS0006734,PRD-LN03,BR0002,2511251.41,14.23,120,2024-01-27,2033-12-05,39339.34,1964868.0,Late
LON0001800,CUS0002442,PRD-LN04,BR0042,771129.27,3.61,120,2022-05-06,2032-03-14,7665.18,249277.75,Current
LON0001801,CUS0000927,PRD-LN04,BR0005,927541.9,10.76,48,2023-09-08,2027-08-18,23864.84,636812.23,Current
LON0001802,CUS0007957,PRD-LN02,BR0007,982435.8,13.33,24,2022-06-12,2024-06-01,46859.21,497306.37,Current
LON0001803,CUS0001448,PRD-LN02,BR0022,945013.53,5.39,84,2022-05-15,2029-04-08,13530.6,646882.42,Late
LON0001804,CUS0001939,PRD-LN02,BR0017,1383409.47,16.69,120,2025-08-31,2035-07-10,23772.27,1211449.63,Current
LON0001805,CUS0004542,PRD-LN03,BR0007,6668471.02,12.41,120,2023-09-28,2033-08-06,97260.35,1389327.71,Current
LON0001806,CUS0009729,PRD-LN02,BR0004,755762.73,20.93,60,2022-11-10,2027-10-15,20416.17,303880.43,Closed
LON0001807,CUS0009737,PRD-LN03,BR0044,14678186.82,19.57,60,2024-02-14,2029-01-18,385378.64,2193951.12,Current
LON0001808,CUS0002050,PRD-LN04,BR0045,8537401.09,19.55,24,2020-09-20,2022-09-10,432643.38,3713583.52,Current
LON0001809,CUS0004398,PRD-LN03,BR0049,7630630.08,17.77,60,2025-06-07,2030-05-12,192814.38,6580205.79,Current
LON0001810,CUS0006178,PRD-LN03,BR0041,12326256.29,10.22,60,2022-10-06,2027-09-10,263232.82,6283504.12,Current
LON0001811,CUS0005209,PRD-LN02,BR0016,2273314.13,11.37,36,2021-10-24,2024-10-08,74824.35,1880229.03,Current
LON0001812,CUS0004930,PRD-LN01,BR0016,819729.74,5.56,60,2022-06-18,2027-05-23,15680.5,559769.91,Current
LON0001813,CUS0008149,PRD-LN04,BR0007,1950723.38,13.2,48,2024-08-23,2028-08-02,52526.87,1632166.47,Current
LON0001814,CUS0000208,PRD-LN01,BR0044,1124681.68,4.78,60,2021-04-17,2026-03-22,21110.96,380057.83,Current
LON0001815,CUS0004956,PRD-LN02,BR0049,1524957.81,9.42,360,2021-08-21,2051-03-17,12733.76,978066.99,Late
LON0001816,CUS0007074,PRD-LN01,BR0049,1420930.65,18.85,36,2020-05-31,2023-05-16,51977.96,497574.38,Current
LON0001817,CUS0005581,PRD-LN01,BR0002,185103.19,15.08,180,2024-09-18,2039-07-02,2600.83,145379.34,Current
LON0001818,CUS0006172,PRD-LN04,BR0031,6018715.73,21.58,24,2021-05-30,2023-05-20,310992.94,1303238.13,Current
LON0001819,CUS0000299,PRD-LN02,BR0013,596460.4,21.88,60,2022-10-21,2027-09-25,16432.92,180242.47,Current
LON0001820,CUS0009464,PRD-LN04,BR0037,1316893.9,13.78,12,2021-11-14,2022-11-09,118103.83,1111388.15,Current
LON0001821,CUS0000770,PRD-LN03,BR0030,12221721.07,7.12,48,2025-03-31,2029-03-10,293345.24,10777944.08,Late
LON0001822,CUS0005913,PRD-LN03,BR0003,7062899.03,15.58,360,2021-10-19,2051-05-15,92590.69,6172312.77,Current
LON0001823,CUS0008515,PRD-LN03,BR0023,9792494.53,14.35,12,2021-07-10,2022-07-05,880853.31,7806603.41,Current
LON0001824,CUS0007588,PRD-LN03,BR0030,2465802.21,16.45,48,2025-06-06,2029-05-16,70451.12,1875160.39,Current
LON0001825,CUS0002083,PRD-LN03,BR0050,14690378.81,18.48,24,2022-09-16,2024-09-05,736815.57,13962220.44,Closed
LON0001826,CUS0008475,PRD-LN04,BR0008,2099400.43,13.17,12,2020-02-12,2021-02-06,187680.21,1141236.96,Current
LON0001827,CUS0003438,PRD-LN03,BR0020,12913371.15,5.36,120,2021-07-28,2031-06-06,139249.9,3474740.32,Late
LON0001828,CUS0000534,PRD-LN02,BR0044,2055401.09,21.8,24,2024-04-28,2026-04-18,106427.52,1536836.12,Current
LON0001829,CUS0000995,PRD-LN02,BR0002,1030658.59,5.39,60,2020-06-19,2025-05-24,19634.49,118687.02,Closed
LON0001830,CUS0009147,PRD-LN01,BR0014,884128.86,9.86,84,2025-11-15,2032-10-09,14613.71,102366.96,Current
LON0001831,CUS0000805,PRD-LN02,BR0041,1081895.53,20.83,36,2023-08-17,2026-08-01,40666.12,1076108.2,Current
LON0001832,CUS0008876,PRD-LN03,BR0016,1922005.68,11.02,120,2024-05-17,2034-03-26,26497.39,1232303.18,Default
LON0001833,CUS0004589,PRD-LN02,BR0021,557771.85,9.83,240,2022-01-09,2041-09-26,5319.95,484851.86,Current
LON0001834,CUS0003389,PRD-LN02,BR0037,1595894.52,6.1,84,2020-12-29,2027-11-23,23390.29,1225138.17,Closed
LON0001835,CUS0004384,PRD-LN01,BR0033,154790.37,13.88,36,2025-03-12,2028-02-25,5281.35,110903.08,Current
LON0001836,CUS0005367,PRD-LN03,BR0033,5545877.78,19.96,360,2024-10-29,2054-05-25,92490.18,4878101.81,Current
LON0001837,CUS0009409,PRD-LN04,BR0009,562105.31,4.08,48,2025-09-24,2029-09-03,12711.94,505944.7,Current
LON0001838,CUS0009684,PRD-LN01,BR0036,1213015.74,6.0,240,2022-04-16,2042-01-01,8690.42,208852.45,Current
LON0001839,CUS0005866,PRD-LN04,BR0003,6421503.59,7.28,180,2020-03-13,2034-12-25,58728.17,5182161.48,Current
LON0001840,CUS0000595,PRD-LN01,BR0030,1163737.33,4.68,60,2024-09-13,2029-08-18,21790.96,501975.54,Late
LON0001841,CUS0009553,PRD-LN01,BR0014,547071.76,4.62,60,2023-01-21,2027-12-26,10228.95,460762.78,Current
LON0001842,CUS0009298,PRD-LN04,BR0023,3020117.05,17.15,24,2021-12-17,2023-12-07,149539.19,1485028.72,Current
LON0001843,CUS0003952,PRD-LN01,BR0021,99623.38,10.24,180,2020-04-19,2035-01-31,1085.23,88481.34,Current
LON0001844,CUS0001465,PRD-LN02,BR0037,1988763.99,19.82,24,2021-10-19,2023-10-09,101044.95,1824212.69,Late
LON0001845,CUS0000995,PRD-LN04,BR0032,5538497.7,11.31,360,2025-11-15,2055-06-11,54045.79,5176909.82,Current
LON0001846,CUS0001189,PRD-LN03,BR0004,5881373.45,4.08,120,2025-01-04,2034-11-13,59769.92,1994710.48,Current
LON0001847,CUS0005273,PRD-LN04,BR0042,2655717.95,16.85,120,2023-10-14,2033-08-22,45903.64,559891.41,Default
LON0001848,CUS0001599,PRD-LN01,BR0046,530487.55,18.09,120,2021-06-02,2031-04-11,9589.36,346423.84,Late
LON0001849,CUS0006424,PRD-LN02,BR0022,2135919.96,21.51,12,2024-10-19,2025-10-14,199406.74,415998.52,Default
LON0001850,CUS0001912,PRD-LN04,BR0018,9010829.76,7.88,180,2025-06-23,2040-04-05,85489.11,6836527.85,Late
LON0001851,CUS0008680,PRD-LN01,BR0016,868716.05,11.98,48,2020-03-28,2024-03-07,22868.1,548146.98,Current
LON0001852,CUS0001171,PRD-LN04,BR0038,9120632.66,10.06,12,2020-07-21,2021-07-16,802103.05,6987290.54,Current
LON0001853,CUS0008896,PRD-LN04,BR0030,2245365.36,10.56,180,2025-08-02,2040-05-15,24903.83,482150.58,Current
LON0001854,CUS0005055,PRD-LN04,BR0045,4742490.91,10.42,24,2020-04-02,2022-03-23,219762.37,2385080.2,Current
LON0001855,CUS0003334,PRD-LN01,BR0035,712448.87,15.1,240,2020-03-20,2039-12-06,9434.14,444110.7,Current
LON0001856,CUS0008353,PRD-LN04,BR0049,9041060.83,9.19,120,2020-03-07,2030-01-14,115460.07,2933895.13,Closed
LON0001857,CUS0003820,PRD-LN04,BR0008,4999233.06,12.96,240,2023-02-15,2042-11-02,58427.4,2025357.97,Current
LON0001858,CUS0001108,PRD-LN04,BR0050,9072367.43,21.27,60,2023-04-25,2028-03-29,246817.96,7997382.31,Default
LON0001859,CUS0008555,PRD-LN02,BR0040,1606937.29,9.97,60,2020-03-11,2025-02-13,34118.95,843043.81,Current
LON0001860,CUS0008354,PRD-LN01,BR0006,794272.67,15.12,360,2022-11-06,2052-06-01,10119.39,275019.55,Current
LON0001861,CUS0006146,PRD-LN02,BR0036,2143385.9,4.46,24,2024-08-29,2026-08-19,93515.83,1928976.4,Current
LON0001862,CUS0004884,PRD-LN03,BR0043,3745530.64,16.0,84,2021-10-24,2028-09-17,74393.97,2850799.64,Current
LON0001863,CUS0009787,PRD-LN01,BR0018,1096376.24,10.88,240,2020-12-14,2040-08-31,11227.27,735113.96,Closed
LON0001864,CUS0005431,PRD-LN02,BR0031,827872.21,6.19,12,2025-10-09,2026-10-04,71324.32,391074.86,Current
LON0001865,CUS0000899,PRD-LN02,BR0007,1516405.57,21.05,48,2022-04-13,2026-03-23,46997.34,791085.29,Closed
LON0001866,CUS0004892,PRD-LN02,BR0026,1251513.95,18.37,240,2022-12-02,2042-08-19,19671.85,947392.57,Current
LON0001867,CUS0002661,PRD-LN01,BR0010,1370648.43,6.33,120,2021-11-04,2031-09-13,15445.14,733624.54,Current
LON0001868,CUS0000321,PRD-LN01,BR0024,692123.45,13.45,180,2021-11-05,2036-08-18,8962.97,640754.23,Current
LON0001869,CUS0008080,PRD-LN04,BR0014,8587618.3,16.05,48,2021-03-27,2025-03-06,243595.48,2811870.61,Current
LON0001870,CUS0005971,PRD-LN03,BR0017,11592253.38,4.04,60,2021-02-01,2026-01-06,213698.31,3462734.44,Current
LON0001871,CUS0008112,PRD-LN02,BR0026,1974705.76,18.12,84,2025-11-11,2032-10-05,41643.05,637435.06,Current
LON0001872,CUS0007479,PRD-LN03,BR0035,10417059.31,6.05,120,2020-03-20,2030-01-27,115912.45,8937139.08,Late
LON0001873,CUS0003275,PRD-LN01,BR0045,1086937.97,14.4,180,2025-06-27,2040-04-09,14768.47,1062884.92,Current
LON0001874,CUS0007995,PRD-LN01,BR0039,1061085.81,19.53,60,2020-02-27,2025-01-31,27835.52,1034505.86,Current
LON0001875,CUS0008393,PRD-LN03,BR0048,6535039.77,19.52,120,2021-08-18,2031-06-27,124220.58,2897834.27,Current
LON0001876,CUS0008822,PRD-LN04,BR0044,2651120.24,11.58,48,2023-12-24,2027-12-03,69268.71,674012.22,Current
LON0001877,CUS0003659,PRD-LN02,BR0020,1476795.81,19.46,60,2024-07-09,2029-06-13,38683.66,630155.16,Current
LON0001878,CUS0001796,PRD-LN02,BR0031,1628488.21,21.51,12,2020-02-01,2021-01-26,152033.57,738934.52,Current
LON0001879,CUS0002243,PRD-LN01,BR0023,508569.43,15.9,84,2026-03-07,2033-01-29,10072.29,425579.36,Current
LON0001880,CUS0000259,PRD-LN03,BR0021,1161170.76,16.42,120,2025-05-13,2035-03-22,19756.14,432219.86,Current
LON0001881,CUS0002413,PRD-LN04,BR0023,598133.34,13.11,240,2024-12-07,2044-08-24,7054.51,212435.84,Current
LON0001882,CUS0005017,PRD-LN01,BR0045,202003.21,14.64,240,2023-12-15,2043-09-01,2606.38,174677.34,Current
LON0001883,CUS0005100,PRD-LN02,BR0001,1336746.9,7.78,360,2025-01-06,2054-08-02,9604.35,541443.23,Closed
LON0001884,CUS0004825,PRD-LN03,BR0010,4714192.2,4.91,24,2023-08-02,2025-07-22,206628.21,3677708.38,Current
LON0001885,CUS0005545,PRD-LN01,BR0011,1314870.44,10.82,180,2020-07-09,2035-04-22,14796.5,1047160.15,Current
LON0001886,CUS0005172,PRD-LN03,BR0001,2680619.08,4.66,12,2024-04-24,2025-04-19,229063.6,1716796.31,Default
LON0001887,CUS0005968,PRD-LN03,BR0001,3373203.05,8.43,84,2025-09-07,2032-08-01,53301.02,2598198.19,Current
LON0001888,CUS0006783,PRD-LN01,BR0007,164538.96,13.01,60,2024-01-24,2028-12-28,3744.61,86356.06,Current
LON0001889,CUS0003136,PRD-LN03,BR0011,10754651.0,19.29,24,2024-01-27,2026-01-16,543643.59,2470521.52,Late
LON0001890,CUS0009481,PRD-LN04,BR0026,2195529.89,14.75,360,2024-01-20,2053-08-15,27322.84,1793570.91,Current
LON0001891,CUS0007364,PRD-LN02,BR0011,401785.13,9.97,36,2021-02-15,2024-01-31,12958.82,199208.9,Current
LON0001892,CUS0004897,PRD-LN04,BR0026,2430181.36,4.48,120,2021-08-10,2031-06-19,25162.59,1293447.31,Current
LON0001893,CUS0005049,PRD-LN02,BR0008,1670734.21,17.65,240,2024-05-13,2044-01-29,25335.51,1207188.78,Closed
LON0001894,CUS0001385,PRD-LN02,BR0049,1969097.07,14.96,24,2023-03-30,2025-03-19,95437.5,1735949.22,Current
LON0001895,CUS0009747,PRD-LN03,BR0022,6480182.63,8.16,24,2023-01-30,2025-01-19,293554.22,6186517.33,Current
LON0001896,CUS0005835,PRD-LN01,BR0021,888622.75,9.89,60,2022-04-25,2027-03-30,18832.55,846930.44,Current
LON0001897,CUS0008478,PRD-LN02,BR0020,1870551.51,10.7,120,2023-03-16,2033-01-22,25450.22,1326034.21,Current
LON0001898,CUS0002662,PRD-LN02,BR0001,593459.0,5.31,360,2024-05-15,2053-12-09,3299.19,375803.68,Late
LON0001899,CUS0005455,PRD-LN03,BR0023,9139452.97,10.24,120,2020-03-09,2030-01-16,121996.45,1008646.15,Closed
LON0001900,CUS0006490,PRD-LN01,BR0013,1093133.77,17.37,24,2022-06-14,2024-06-03,54241.55,349190.39,Current
LON0001901,CUS0004557,PRD-LN01,BR0040,337316.25,10.63,360,2022-02-15,2051-09-11,3118.4,268245.36,Closed
LON0001902,CUS0009892,PRD-LN03,BR0021,12768870.98,8.74,180,2021-11-24,2036-09-06,127542.91,7017291.86,Current
LON0001903,CUS0000089,PRD-LN03,BR0038,9040448.98,11.79,84,2020-03-23,2027-02-15,158575.13,3599310.71,Current
LON0001904,CUS0008593,PRD-LN02,BR0049,999715.66,11.07,60,2023-11-03,2028-10-07,21771.16,472313.58,Late
LON0001905,CUS0007062,PRD-LN03,BR0007,13699823.78,16.87,12,2021-03-06,2022-03-01,1248643.99,4142193.96,Current
LON0001906,CUS0005311,PRD-LN02,BR0020,1172939.21,4.35,180,2022-04-05,2037-01-16,8883.25,672841.62,Late
LON0001907,CUS0004096,PRD-LN04,BR0028,8452749.95,18.73,24,2020-06-19,2022-06-09,424983.43,3046880.14,Closed
LON0001908,CUS0008088,PRD-LN02,BR0027,435319.02,13.42,180,2023-08-08,2038-05-21,5628.69,99784.78,Current
LON0001909,CUS0002181,PRD-LN03,BR0022,7527558.87,21.88,24,2026-04-09,2028-03-29,390069.93,6578903.13,Current
LON0001910,CUS0007492,PRD-LN04,BR0015,3851336.68,8.35,84,2023-04-12,2030-03-06,60701.53,2452471.4,Current
LON0001911,CUS0001511,PRD-LN02,BR0001,1309051.95,6.21,240,2026-02-10,2045-10-28,9537.74,1155172.21,Current
LON0001912,CUS0008142,PRD-LN03,BR0040,7133598.02,15.15,24,2023-08-27,2025-08-16,346392.86,4308334.7,Current
LON0001913,CUS0006568,PRD-LN01,BR0030,985707.29,10.43,36,2022-04-20,2025-04-04,32005.37,666003.58,Current
LON0001914,CUS0001426,PRD-LN01,BR0010,1320448.03,17.15,36,2023-08-06,2026-07-21,47176.21,781856.69,Closed
LON0001915,CUS0002489,PRD-LN01,BR0024,732400.51,19.92,36,2024-05-20,2027-05-05,27188.78,672652.06,Current
LON0001916,CUS0001472,PRD-LN04,BR0038,9834780.61,15.47,180,2025-05-28,2040-03-10,140825.93,2413005.52,Current
LON0001917,CUS0004709,PRD-LN01,BR0044,430281.41,13.96,84,2021-01-23,2027-12-18,8053.97,101127.81,Current
LON0001918,CUS0005440,PRD-LN01,BR0039,737142.54,6.04,180,2025-11-10,2040-08-23,6236.37,653386.81,Current
LON0001919,CUS0002178,PRD-LN03,BR0008,2981906.74,20.75,60,2024-12-29,2029-12-03,80251.81,1246718.84,Late
LON0001920,CUS0000801,PRD-LN03,BR0011,2307475.46,21.24,60,2023-07-30,2028-07-03,62736.89,884547.1,Closed
LON0001921,CUS0008979,PRD-LN03,BR0048,3741992.27,6.14,48,2021-03-02,2025-02-09,88121.19,1701453.8,Late
LON0001922,CUS0003964,PRD-LN03,BR0027,4166621.05,9.84,36,2025-11-09,2028-10-24,134132.37,3624491.55,Current
LON0001923,CUS0006068,PRD-LN01,BR0046,80407.15,16.47,60,2024-06-15,2029-05-20,1975.48,55081.02,Current
LON0001924,CUS0000149,PRD-LN02,BR0008,757091.56,7.39,48,2025-11-03,2029-10-13,18266.8,358762.35,Current
LON0001925,CUS0008368,PRD-LN04,BR0033,7340873.84,15.65,24,2024-05-14,2026-05-04,358205.59,6420649.02,Current
LON0001926,CUS0002083,PRD-LN03,BR0045,6871796.7,7.55,12,2024-03-26,2025-03-21,596337.97,3130586.78,Current
LON0001927,CUS0002364,PRD-LN04,BR0012,6914319.8,11.01,120,2022-12-12,2032-10-20,95283.91,2434257.29,Closed
LON0001928,CUS0001495,PRD-LN01,BR0015,1266059.96,16.16,60,2024-12-19,2029-11-23,30895.85,500119.6,Current
LON0001929,CUS0005548,PRD-LN01,BR0006,1145804.28,14.58,48,2025-09-01,2029-08-11,31645.18,940421.63,Current
LON0001930,CUS0007706,PRD-LN01,BR0007,1336922.72,13.5,24,2025-11-11,2027-11-01,63874.18,1145257.06,Default
LON0001931,CUS0005535,PRD-LN04,BR0045,2177662.42,15.19,24,2026-03-07,2028-02-25,105784.24,232625.01,Current
LON0001932,CUS0003963,PRD-LN01,BR0042,95112.14,18.8,240,2023-05-03,2043-01-18,1526.69,51314.91,Current
LON0001933,CUS0001654,PRD-LN02,BR0048,660882.98,8.33,24,2024-03-23,2026-03-13,29989.51,613564.94,Current
LON0001934,CUS0007973,PRD-LN03,BR0025,14273342.75,10.66,60,2025-07-17,2030-06-21,307922.34,11387247.81,Current
LON0001935,CUS0006131,PRD-LN03,BR0023,4759551.47,20.45,240,2024-02-12,2043-10-30,82540.8,4119934.86,Late
LON0001936,CUS0000670,PRD-LN04,BR0024,5351354.92,9.46,240,2022-11-12,2042-07-30,49741.95,1428584.53,Current
LON0001937,CUS0002876,PRD-LN03,BR0037,6118792.29,10.56,360,2020-05-04,2049-11-28,56245.66,2541096.77,Current
LON0001938,CUS0000398,PRD-LN04,BR0004,6161405.65,12.68,240,2025-07-21,2045-04-07,70785.57,1722068.28,Closed
LON0001939,CUS0005285,PRD-LN03,BR0032,7589871.01,12.29,180,2021-03-01,2035-12-13,92512.05,4042374.44,Current
LON0001940,CUS0001678,PRD-LN04,BR0019,2824901.91,6.89,36,2022-03-06,2025-02-18,87082.77,2620225.19,Current
LON0001941,CUS0004903,PRD-LN02,BR0029,581378.16,3.89,120,2021-03-23,2031-01-30,5855.83,435364.32,Closed
LON0001942,CUS0001057,PRD-LN03,BR0041,1864590.29,21.59,12,2022-09-11,2023-09-06,174147.46,196186.91,Current
LON0001943,CUS0002956,PRD-LN04,BR0011,6518002.72,8.28,180,2026-04-01,2041-01-12,63347.58,3053414.34,Late
LON0001944,CUS0001053,PRD-LN01,BR0032,319036.84,13.0,36,2025-08-02,2028-07-17,10749.61,83661.66,Current
LON0001945,CUS0008954,PRD-LN02,BR0050,966220.63,4.19,48,2024-11-30,2028-11-09,21898.59,374753.03,Current
LON0001946,CUS0006122,PRD-LN03,BR0042,8478382.15,21.69,36,2022-12-20,2025-12-04,322435.14,4645017.54,Current
LON0001947,CUS0004887,PRD-LN02,BR0017,897227.95,21.51,120,2025-03-27,2035-02-03,18247.01,466109.11,Current
LON0001948,CUS0005712,PRD-LN04,BR0015,2770622.04,13.81,24,2021-02-24,2023-02-14,132777.0,838303.96,Current
LON0001949,CUS0003011,PRD-LN04,BR0026,1371598.01,17.23,48,2024-07-05,2028-06-14,39740.92,1353237.2,Closed
LON0001950,CUS0007787,PRD-LN04,BR0006,4635108.33,10.04,84,2024-06-02,2031-04-27,77044.12,1811319.24,Current
LON0001951,CUS0001089,PRD-LN03,BR0013,9958415.68,13.58,48,2023-05-02,2027-04-11,270034.97,2804358.19,Current
LON0001952,CUS0001612,PRD-LN01,BR0034,1473158.66,21.11,60,2023-09-24,2028-08-28,39945.1,1380910.24,Current
LON0001953,CUS0002577,PRD-LN04,BR0046,9513839.06,3.71,48,2024-07-21,2028-06-30,213581.08,3102267.65,Current
LON0001954,CUS0004490,PRD-LN04,BR0042,6849453.53,17.11,84,2023-09-22,2030-08-16,140409.86,2204719.83,Current
LON0001955,CUS0005568,PRD-LN02,BR0036,821468.33,17.4,360,2022-09-14,2052-04-09,11978.54,276905.93,Default
LON0001956,CUS0001216,PRD-LN02,BR0048,2250745.2,6.37,12,2022-12-16,2023-12-11,194096.59,1167461.38,Current
LON0001957,CUS0007880,PRD-LN04,BR0013,1316089.78,14.44,240,2022-12-28,2042-09-14,16788.09,400107.3,Closed
LON0001958,CUS0001797,PRD-LN03,BR0043,7450513.66,7.93,12,2021-05-01,2022-04-26,647867.36,5343967.93,Current
LON0001959,CUS0003044,PRD-LN04,BR0021,6528163.85,5.84,240,2021-02-14,2040-11-01,46169.22,4775446.7,Current
LON0001960,CUS0009822,PRD-LN02,BR0010,1881204.77,11.36,24,2022-07-29,2024-07-18,87993.64,1405041.53,Current
LON0001961,CUS0006964,PRD-LN01,BR0044,1014444.31,14.94,180,2022-07-03,2037-04-15,14156.37,973633.01,Closed
LON0001962,CUS0006472,PRD-LN01,BR0022,170760.79,11.76,120,2022-04-08,2032-02-15,2426.29,152550.44,Late
LON0001963,CUS0008891,PRD-LN01,BR0043,60894.76,5.92,12,2020-05-06,2021-05-01,5238.76,31399.99,Current
LON0001964,CUS0004357,PRD-LN02,BR0048,1523719.71,20.64,120,2024-02-05,2033-12-14,30096.18,1036311.8,Current
LON0001965,CUS0000640,PRD-LN01,BR0044,84744.79,7.23,180,2025-01-11,2039-10-25,772.65,52279.86,Late
LON0001966,CUS0001114,PRD-LN01,BR0031,1468999.55,13.45,48,2025-03-06,2029-02-13,39738.47,901776.46,Closed
LON0001967,CUS0000834,PRD-LN04,BR0015,8541054.77,15.24,360,2022-08-19,2052-03-14,109637.85,7262995.13,Current
LON0001968,CUS0003338,PRD-LN04,BR0023,3835572.83,9.42,36,2020-09-03,2023-08-19,122721.33,1969562.32,Closed
LON0001969,CUS0004243,PRD-LN03,BR0048,9192484.43,19.67,60,2024-10-28,2029-10-02,241859.8,8050660.43,Current
LON0001970,CUS0003103,PRD-LN04,BR0042,5759549.2,16.3,120,2021-06-26,2031-05-05,97559.54,5057994.45,Late
LON0001971,CUS0002236,PRD-LN03,BR0008,1971796.1,21.08,240,2023-03-23,2042-12-08,35176.35,729892.17,Late
LON0001972,CUS0007148,PRD-LN02,BR0048,890294.92,16.9,240,2023-08-18,2043-05-05,12991.19,503611.67,Current
LON0001973,CUS0000940,PRD-LN01,BR0024,259433.45,9.87,24,2025-04-23,2027-04-13,11955.98,227493.02,Current
LON0001974,CUS0001401,PRD-LN02,BR0012,879677.97,21.49,84,2025-08-26,2032-07-20,20331.11,360826.82,Late
LON0001975,CUS0001514,PRD-LN03,BR0035,2066590.24,19.52,120,2020-01-21,2029-11-29,39282.55,2007441.4,Late
LON0001976,CUS0006502,PRD-LN01,BR0003,1103151.97,20.86,36,2020-10-05,2023-09-20,41482.07,999144.22,Current
LON0001977,CUS0004189,PRD-LN04,BR0039,6812186.64,5.72,12,2023-11-12,2024-11-06,585424.24,4382813.88,Current
LON0001978,CUS0005111,PRD-LN03,BR0013,8710643.65,14.94,360,2023-04-09,2052-11-02,109723.39,7333280.07,Current
LON0001979,CUS0009862,PRD-LN01,BR0006,211566.41,7.23,60,2025-03-07,2030-02-09,4212.26,25983.87,Current
LON0001980,CUS0006351,PRD-LN02,BR0047,1158970.11,21.25,240,2021-07-14,2041-03-31,20831.84,804612.66,Current
LON0001981,CUS0002754,PRD-LN04,BR0031,6985149.32,8.69,360,2024-09-15,2054-04-11,54653.14,6967430.96,Closed
LON0001982,CUS0006361,PRD-LN02,BR0014,1016610.57,9.42,240,2020-10-22,2040-07-09,9423.1,953553.87,Current
LON0001983,CUS0007240,PRD-LN04,BR0040,9442049.94,20.85,240,2024-08-30,2044-05-17,166725.84,8466207.93,Current
LON0001984,CUS0000088,PRD-LN01,BR0048,342455.18,9.48,180,2023-10-12,2038-07-25,3571.87,241394.75,Current
LON0001985,CUS0006575,PRD-LN04,BR0037,1059330.68,16.94,120,2020-07-17,2030-05-26,18370.66,844005.78,Current
LON0001986,CUS0008787,PRD-LN04,BR0046,9250495.67,5.34,12,2023-06-19,2024-06-13,793353.69,8716964.62,Current
LON0001987,CUS0004842,PRD-LN02,BR0004,1414735.21,19.54,180,2023-05-31,2038-03-13,24367.51,359856.71,Current
LON0001988,CUS0008529,PRD-LN01,BR0020,608404.83,5.43,12,2022-08-27,2023-08-22,52203.97,443892.97,Current
LON0001989,CUS0001255,PRD-LN01,BR0004,94296.25,14.78,240,2024-11-22,2044-08-09,1226.38,72315.34,Late
LON0001990,CUS0002788,PRD-LN01,BR0014,1478188.32,10.32,60,2022-10-10,2027-09-14,31640.38,384041.01,Current
LON0001991,CUS0006945,PRD-LN04,BR0033,3159716.25,10.95,120,2024-08-11,2034-06-20,43435.71,1648188.37,Current
LON0001992,CUS0001642,PRD-LN04,BR0023,2467623.43,5.73,60,2021-01-04,2025-12-09,47396.89,841113.06,Current
LON0001993,CUS0000293,PRD-LN01,BR0004,1219890.21,8.08,36,2020-10-18,2023-10-03,38271.96,437867.0,Current
LON0001994,CUS0009546,PRD-LN02,BR0048,1325260.01,21.39,24,2024-05-09,2026-04-29,68353.48,353631.68,Current
LON0001995,CUS0004176,PRD-LN04,BR0009,1597178.77,10.09,48,2022-07-31,2026-07-10,40577.65,870319.16,Current
LON0001996,CUS0009679,PRD-LN04,BR0034,9084199.58,6.32,360,2022-02-18,2051-09-14,56347.21,4281502.11,Closed
LON0001997,CUS0005708,PRD-LN04,BR0044,1584807.32,8.39,24,2021-02-24,2023-02-14,71958.77,650386.44,Current
LON0001998,CUS0006121,PRD-LN02,BR0012,701578.64,20.8,240,2023-06-04,2043-02-19,12360.62,381605.48,Current
LON0001999,CUS0009590,PRD-LN04,BR0025,7798130.09,17.7,24,2026-04-14,2028-04-03,388185.22,1253685.11,Current
LON0002000,CUS0002293,PRD-LN02,BR0043,2194773.36,8.72,60,2023-06-25,2028-05-29,45262.21,226316.67,Current
LON0002001,CUS0003803,PRD-LN03,BR0005,12849148.18,16.53,360,2021-02-12,2050-09-08,178291.7,9949599.84,Late
LON0002002,CUS0005725,PRD-LN03,BR0022,14385452.68,7.99,120,2022-10-04,2032-08-12,174459.23,7798519.49,Current
LON0002003,CUS0000886,PRD-LN03,BR0022,4221599.69,13.56,24,2023-04-08,2025-03-28,201814.77,3387476.38,Current
LON0002004,CUS0007105,PRD-LN03,BR0022,2121254.13,5.07,48,2023-12-04,2027-11-13,48918.28,1716643.57,Current
LON0002005,CUS0005367,PRD-LN02,BR0049,1346982.4,15.85,36,2020-12-22,2023-12-07,47256.21,652359.15,Current
LON0002006,CUS0009391,PRD-LN03,BR0045,10381826.31,12.73,240,2022-05-07,2042-01-22,119639.59,6943369.31,Current
LON0002007,CUS0005513,PRD-LN04,BR0001,1406758.85,12.78,36,2020-10-09,2023-09-24,47250.33,1051108.41,Current
LON0002008,CUS0005886,PRD-LN03,BR0030,10299353.76,20.34,24,2024-02-04,2026-01-24,525906.14,5017354.68,Default
LON0002009,CUS0006537,PRD-LN02,BR0022,635768.88,5.88,180,2021-10-02,2036-07-15,5323.85,437009.67,Current
LON0002010,CUS0009292,PRD-LN03,BR0020,10945109.9,12.81,240,2023-09-27,2043-06-14,126751.66,4168593.96,Current
LON0002011,CUS0007013,PRD-LN01,BR0024,543452.1,20.9,24,2022-11-07,2024-10-27,27898.95,299583.8,Current
LON0002012,CUS0000741,PRD-LN01,BR0006,232126.06,4.95,12,2024-12-12,2025-12-07,19866.41,90449.79,Current
LON0002013,CUS0009850,PRD-LN03,BR0003,13655539.19,6.02,36,2023-05-07,2026-04-21,415551.72,8808214.23,Closed
LON0002014,CUS0006659,PRD-LN04,BR0032,9064161.82,18.38,84,2024-06-21,2031-05-16,192533.27,6068592.01,Current
LON0002015,CUS0007022,PRD-LN04,BR0029,6102528.01,6.48,240,2026-05-01,2046-01-16,45426.98,1825037.47,Current
LON0002016,CUS0001052,PRD-LN02,BR0010,2402092.43,19.91,36,2022-10-21,2025-10-05,89160.25,1681321.92,Current
LON0002017,CUS0005322,PRD-LN01,BR0021,973995.2,12.38,240,2023-05-25,2043-02-09,10983.67,326140.58,Current
LON0002018,CUS0000920,PRD-LN03,BR0025,9219105.55,10.2,240,2021-03-03,2040-11-18,90191.41,8255315.13,Current
LON0002019,CUS0001359,PRD-LN01,BR0050,1159425.72,18.21,360,2023-03-18,2052-10-11,17672.37,596772.65,Current
LON0002020,CUS0002183,PRD-LN01,BR0004,578559.19,10.82,180,2024-09-26,2039-07-10,6510.64,238357.32,Current
LON0002021,CUS0007130,PRD-LN04,BR0013,7409818.39,4.33,360,2020-11-08,2050-06-04,36799.72,1389959.34,Current
LON0002022,CUS0003582,PRD-LN04,BR0031,9155373.3,20.24,12,2021-07-10,2022-07-05,849155.45,2853282.58,Current
LON0002023,CUS0001270,PRD-LN01,BR0023,101651.55,16.52,12,2024-01-17,2025-01-11,9247.96,53982.06,Closed
LON0002024,CUS0000246,PRD-LN01,BR0002,1034241.41,11.0,180,2021-10-21,2036-08-03,11755.16,394934.15,Current
LON0002025,CUS0000933,PRD-LN01,BR0044,210241.11,20.52,120,2024-03-09,2034-01-16,4135.78,33592.71,Current
LON0002026,CUS0002256,PRD-LN04,BR0003,593151.64,13.31,60,2020-05-25,2025-04-29,13590.34,169239.77,Current
LON0002027,CUS0008554,PRD-LN03,BR0038,14098911.68,10.79,36,2020-05-11,2023-04-26,460179.43,7994600.62,Current
LON0002028,CUS0004804,PRD-LN03,BR0009,2415877.46,14.25,36,2024-06-02,2027-05-18,82862.61,442430.0,Late
LON0002029,CUS0000184,PRD-LN01,BR0030,509437.3,19.27,240,2026-04-16,2046-01-01,8363.49,405476.1,Current
LON0002030,CUS0006677,PRD-LN01,BR0014,930560.0,20.35,120,2025-11-21,2035-09-30,18200.07,456162.73,Current
LON0002031,CUS0009758,PRD-LN03,BR0043,11028682.39,18.19,12,2021-09-08,2022-09-03,1012107.04,8527849.27,Current
LON0002032,CUS0005259,PRD-LN04,BR0037,2690045.39,14.2,120,2020-11-29,2030-10-08,42091.47,2540563.6,Current
LON0002033,CUS0003953,PRD-LN03,BR0048,12569151.08,17.09,36,2023-02-18,2026-02-02,448687.71,4491605.18,Late
LON0002034,CUS0001732,PRD-LN03,BR0008,8854539.43,18.4,240,2023-02-06,2042-10-24,139384.88,3972333.08,Current
LON0002035,CUS0009201,PRD-LN04,BR0030,9695618.02,12.83,12,2024-06-30,2025-06-25,865213.07,3353358.34,Current
LON0002036,CUS0004529,PRD-LN03,BR0050,5369506.36,10.41,120,2021-10-15,2031-08-24,72183.11,2009691.55,Current
LON0002037,CUS0007663,PRD-LN03,BR0012,13614155.65,14.86,24,2023-08-06,2025-07-26,659199.57,12502836.72,Current
LON0002038,CUS0008910,PRD-LN01,BR0018,328456.67,12.18,12,2021-05-22,2022-05-17,29210.64,318054.14,Current
LON0002039,CUS0009572,PRD-LN02,BR0003,2079216.32,4.0,48,2022-06-28,2026-06-07,46946.74,955501.77,Current
LON0002040,CUS0000665,PRD-LN04,BR0036,3456092.37,18.9,60,2025-01-04,2029-12-09,89462.88,1448012.15,Current
LON0002041,CUS0007462,PRD-LN01,BR0034,396777.62,7.85,84,2020-06-23,2027-05-18,6154.65,325872.19,Current
LON0002042,CUS0006934,PRD-LN02,BR0036,380118.7,14.25,24,2025-05-12,2027-05-02,18295.52,271793.4,Current
LON0002043,CUS0001841,PRD-LN01,BR0038,806901.92,19.16,360,2024-08-19,2054-03-15,12926.67,782910.65,Closed
LON0002044,CUS0002223,PRD-LN04,BR0030,5068708.6,10.91,12,2024-12-17,2025-12-12,447768.11,2573794.69,Current
LON0002045,CUS0009035,PRD-LN04,BR0021,1022186.6,16.42,120,2026-03-19,2036-01-26,17391.47,412522.87,Current
LON0002046,CUS0008794,PRD-LN03,BR0024,3100659.4,20.36,12,2023-11-12,2024-11-06,287762.55,778011.44,Current
LON0002047,CUS0006050,PRD-LN03,BR0026,2625149.09,13.93,24,2023-09-01,2025-08-21,125954.18,971614.17,Late
LON0002048,CUS0006397,PRD-LN03,BR0013,4315225.66,12.91,120,2024-12-03,2034-10-12,64202.09,4294544.37,Late
LON0002049,CUS0003287,PRD-LN02,BR0039,1966101.6,11.96,240,2024-04-28,2044-01-14,21593.67,403023.2,Current
LON0002050,CUS0005187,PRD-LN02,BR0047,641833.7,17.16,36,2023-11-13,2026-10-28,22934.26,266878.14,Current
LON0002051,CUS0002630,PRD-LN03,BR0027,1451009.07,21.85,240,2020-02-13,2039-10-31,26772.74,1435239.43,Current
LON0002052,CUS0005141,PRD-LN02,BR0001,1826077.15,6.69,36,2025-09-06,2028-08-21,56125.5,1181193.58,Late
LON0002053,CUS0003626,PRD-LN04,BR0045,2069504.75,7.87,120,2025-04-04,2035-02-11,24966.87,345001.23,Current
LON0002054,CUS0007111,PRD-LN01,BR0043,179032.74,15.27,36,2024-12-15,2027-11-30,6229.93,37447.92,Current
LON0002055,CUS0001070,PRD-LN03,BR0006,3786839.01,9.3,180,2020-08-11,2035-05-25,39087.38,1910292.61,Late
LON0002056,CUS0004084,PRD-LN02,BR0019,2272933.45,3.81,48,2024-10-09,2028-09-18,51127.66,1611290.41,Current
LON0002057,CUS0009425,PRD-LN04,BR0011,8131152.94,6.64,360,2025-10-24,2055-05-20,52145.34,1473382.05,Default
LON0002058,CUS0001907,PRD-LN01,BR0028,1389528.07,4.95,120,2021-03-21,2031-01-28,14704.16,787039.73,Late
LON0002059,CUS0000249,PRD-LN03,BR0002,1939114.8,13.17,36,2022-06-03,2025-05-18,65495.33,1108111.28,Current
LON0002060,CUS0006079,PRD-LN01,BR0007,86812.04,6.13,180,2021-03-30,2036-01-11,738.68,60787.37,Current
LON0002061,CUS0009512,PRD-LN01,BR0048,98467.94,11.09,24,2023-12-13,2025-12-02,4593.49,27289.83,Current
LON0002062,CUS0007355,PRD-LN03,BR0031,13684072.51,7.32,60,2024-07-05,2029-06-09,273031.77,2229011.96,Current
LON0002063,CUS0007708,PRD-LN02,BR0037,1302497.27,8.12,120,2026-02-14,2035-12-24,15885.6,462624.62,Current
LON0002064,CUS0009426,PRD-LN04,BR0037,1072085.0,8.26,240,2025-07-07,2045-03-24,9141.6,416147.42,Closed
LON0002065,CUS0005347,PRD-LN04,BR0012,8162076.1,14.79,60,2023-12-12,2028-11-15,193276.66,5859343.6,Current
LON0002066,CUS0000572,PRD-LN03,BR0030,2038408.04,15.53,48,2024-03-25,2028-03-04,57279.57,1802450.17,Current
LON0002067,CUS0008161,PRD-LN01,BR0025,1349267.44,16.68,60,2025-01-16,2029-12-21,33301.05,599287.8,Closed
LON0002068,CUS0000306,PRD-LN02,BR0047,1726213.6,16.56,180,2026-02-17,2040-11-30,26030.08,678574.13,Current
LON0002069,CUS0000916,PRD-LN04,BR0014,8607816.18,3.93,60,2025-05-27,2030-05-01,158254.27,8327730.07,Current
LON0002070,CUS0001751,PRD-LN01,BR0045,1155682.74,17.97,24,2025-02-23,2027-02-13,57679.67,783576.5,Current
LON0002071,CUS0003743,PRD-LN04,BR0036,4708206.97,5.54,180,2024-03-09,2038-12-21,38569.99,3380350.21,Current
LON0002072,CUS0006532,PRD-LN01,BR0024,267130.18,16.59,12,2022-04-23,2023-04-18,24311.6,81002.79,Default
LON0002073,CUS0007163,PRD-LN01,BR0023,916444.1,7.03,12,2023-06-04,2024-05-29,79309.6,104391.72,Late
LON0002074,CUS0002548,PRD-LN03,BR0028,2898992.23,13.54,180,2022-05-04,2037-02-14,37715.3,659534.16,Current
LON0002075,CUS0002459,PRD-LN01,BR0040,1360931.28,21.17,180,2025-12-12,2040-09-24,25086.46,1044308.76,Default
LON0002076,CUS0003273,PRD-LN03,BR0033,4080983.61,19.83,120,2024-10-21,2034-08-30,78407.89,3798180.91,Current
LON0002077,CUS0007279,PRD-LN04,BR0039,5668539.64,14.74,360,2025-04-18,2054-11-12,70498.38,4106107.76,Closed
LON0002078,CUS0000048,PRD-LN04,BR0025,2531560.55,12.46,12,2023-07-28,2024-07-22,225471.22,1492884.4,Closed
LON0002079,CUS0000564,PRD-LN03,BR0028,1828146.95,12.83,240,2025-10-16,2045-07-03,21197.11,791991.78,Current
LON0002080,CUS0009178,PRD-LN04,BR0028,1125510.23,9.84,180,2023-07-10,2038-04-22,11984.86,1079043.4,Current
LON0002081,CUS0003729,PRD-LN04,BR0043,3290389.88,19.81,360,2022-11-04,2052-05-30,54468.89,2789239.25,Current
LON0002082,CUS0001775,PRD-LN02,BR0043,861492.31,7.73,240,2020-01-14,2039-10-01,7061.78,562267.19,Current
LON0002083,CUS0005944,PRD-LN04,BR0027,4094597.99,15.66,24,2025-05-23,2027-05-13,199819.7,2252839.53,Current
LON0002084,CUS0002001,PRD-LN03,BR0034,4431514.51,7.53,84,2020-01-19,2026-12-13,68037.42,2386866.86,Current
LON0002085,CUS0003679,PRD-LN01,BR0013,1448348.39,6.17,36,2026-02-15,2029-01-30,44173.21,770200.34,Current
LON0002086,CUS0008307,PRD-LN03,BR0046,14746747.28,20.74,180,2022-06-04,2037-03-17,267094.24,13822653.33,Current
LON0002087,CUS0004714,PRD-LN02,BR0002,816055.92,12.45,12,2023-03-21,2024-03-15,72677.48,727014.66,Current
LON0002088,CUS0007622,PRD-LN02,BR0047,1891713.58,3.93,240,2020-06-14,2040-03-01,11393.76,1771482.93,Current
LON0002089,CUS0004560,PRD-LN02,BR0023,586698.66,19.9,12,2022-12-28,2023-12-23,54320.47,326852.96,Current
LON0002090,CUS0004225,PRD-LN02,BR0037,588861.09,11.05,180,2023-11-02,2038-08-15,6711.48,356793.55,Current
LON0002091,CUS0000046,PRD-LN01,BR0003,757349.68,11.01,36,2024-05-28,2027-05-13,24798.24,321566.7,Current
LON0002092,CUS0002605,PRD-LN04,BR0015,2901814.97,7.63,84,2021-09-15,2028-08-09,44695.25,2578147.05,Current
LON0002093,CUS0007947,PRD-LN02,BR0022,396644.99,4.61,120,2023-05-01,2033-03-09,4131.83,387417.2,Current
LON0002094,CUS0003390,PRD-LN04,BR0029,8603631.84,13.67,360,2020-07-29,2050-02-22,99699.05,6483568.48,Closed
LON0002095,CUS0008850,PRD-LN03,BR0041,5550110.9,12.95,48,2021-06-25,2025-06-04,148757.88,1247880.69,Current
LON0002096,CUS0007058,PRD-LN02,BR0002,816925.22,17.6,24,2021-10-12,2023-10-02,40626.55,527780.72,Current
LON0002097,CUS0007559,PRD-LN04,BR0013,9266422.73,4.77,36,2020-09-20,2023-09-05,276767.12,3125504.73,Current
LON0002098,CUS0006026,PRD-LN01,BR0041,776222.43,3.5,36,2024-12-04,2027-11-19,22744.93,478141.14,Current
LON0002099,CUS0006445,PRD-LN02,BR0014,2191902.52,4.4,180,2025-06-06,2040-03-19,16656.1,1316561.61,Late
LON0002100,CUS0008542,PRD-LN02,BR0026,608781.14,16.69,60,2023-09-06,2028-08-10,15028.49,285791.7,Current
LON0002101,CUS0002593,PRD-LN01,BR0037,468507.76,19.52,24,2026-02-27,2028-02-17,23735.36,177662.5,Closed
LON0002102,CUS0000084,PRD-LN04,BR0035,4717976.75,3.8,120,2021-11-01,2031-09-10,47320.05,1707934.74,Current
LON0002103,CUS0000403,PRD-LN02,BR0040,1909764.36,4.06,24,2020-02-16,2022-02-05,82982.38,1473989.04,Default
LON0002104,CUS0001927,PRD-LN04,BR0038,7367712.67,4.33,60,2020-12-26,2025-11-30,136787.61,5749864.93,Current
LON0002105,CUS0003193,PRD-LN01,BR0043,804544.63,6.76,60,2022-09-03,2027-08-08,15840.01,748827.69,Current
LON0002106,CUS0005178,PRD-LN03,BR0023,10800014.15,21.05,36,2021-08-11,2024-07-26,407168.57,10683441.69,Current
LON0002107,CUS0008146,PRD-LN01,BR0026,510376.52,11.51,240,2025-09-06,2045-05-24,5446.32,63514.08,Current
LON0002108,CUS0005755,PRD-LN01,BR0031,408757.74,5.25,180,2021-12-25,2036-10-07,3285.91,261018.79,Closed
LON0002109,CUS0004505,PRD-LN02,BR0050,2466693.01,5.66,360,2025-02-21,2054-09-17,14254.23,1822139.49,Current
LON0002110,CUS0007488,PRD-LN04,BR0044,9998656.66,12.45,360,2025-05-07,2054-12-01,106323.66,7585480.4,Closed
LON0002111,CUS0002017,PRD-LN04,BR0007,3873949.97,20.74,60,2024-08-08,2029-07-13,104237.57,496295.67,Current
LON0002112,CUS0008847,PRD-LN04,BR0030,6237753.07,6.49,36,2025-06-10,2028-05-25,191152.52,5739779.16,Current
LON0002113,CUS0002830,PRD-LN03,BR0011,2663702.59,6.07,24,2021-02-02,2023-01-23,118140.96,2463172.41,Closed
LON0002114,CUS0005952,PRD-LN02,BR0005,2409415.57,8.05,12,2023-05-01,2024-04-25,209646.98,241435.02,Current
LON0002115,CUS0005511,PRD-LN03,BR0022,6562841.23,19.77,24,2021-07-04,2023-06-24,333284.14,5070221.81,Current
LON0002116,CUS0007524,PRD-LN04,BR0012,1759736.99,11.48,120,2025-09-20,2035-07-30,24720.97,669898.96,Current
LON0002117,CUS0004329,PRD-LN03,BR0032,10122870.28,8.0,120,2026-02-06,2035-12-16,122818.35,8235409.31,Current
LON0002118,CUS0009135,PRD-LN04,BR0006,3273279.5,7.79,12,2024-10-24,2025-10-19,284419.72,2789319.33,Current
LON0002119,CUS0003389,PRD-LN02,BR0044,354620.31,5.28,60,2026-03-06,2031-02-08,6737.71,251781.02,Current
LON0002120,CUS0006663,PRD-LN04,BR0008,1684400.65,9.0,48,2024-04-01,2028-03-11,41916.38,263779.83,Current
LON0002121,CUS0009650,PRD-LN01,BR0027,413712.29,13.94,240,2022-11-07,2042-07-25,5126.58,353897.0,Current
LON0002122,CUS0005733,PRD-LN01,BR0014,793975.19,9.92,240,2025-02-27,2044-11-14,7620.0,296865.03,Current
LON0002123,CUS0003821,PRD-LN03,BR0036,12059534.39,20.2,24,2023-05-11,2025-04-30,614958.58,10102412.42,Closed
LON0002124,CUS0003680,PRD-LN01,BR0032,526736.5,5.0,360,2022-11-16,2052-06-11,2827.64,198208.49,Default
LON0002125,CUS0003224,PRD-LN02,BR0038,2187824.74,20.64,24,2021-06-15,2023-06-05,112036.32,682930.22,Current
LON0002126,CUS0004153,PRD-LN04,BR0004,3829845.48,20.53,36,2023-05-09,2026-04-23,143367.14,2507225.8,Late
LON0002127,CUS0003628,PRD-LN02,BR0002,1006931.13,19.29,24,2024-12-05,2026-11-25,50899.99,478899.91,Closed
LON0002128,CUS0004053,PRD-LN01,BR0031,275585.67,6.87,24,2020-05-26,2022-05-16,12322.45,248601.4,Current
LON0002129,CUS0008293,PRD-LN02,BR0030,1026848.29,21.7,48,2023-03-30,2027-03-09,32184.95,141524.53,Current
LON0002130,CUS0008781,PRD-LN04,BR0042,4112595.36,7.78,60,2021-07-09,2026-06-13,82956.27,1051465.04,Current
LON0002131,CUS0009167,PRD-LN04,BR0043,3034913.75,17.41,48,2026-03-09,2030-02-16,88217.65,1910177.03,Current
LON0002132,CUS0004984,PRD-LN04,BR0003,6104381.28,4.96,12,2020-01-22,2021-01-16,522468.82,1761582.35,Current
LON0002133,CUS0003542,PRD-LN04,BR0024,6776564.3,6.5,12,2024-03-06,2025-03-01,584793.22,2247440.71,Current
LON0002134,CUS0003348,PRD-LN02,BR0026,778435.59,15.16,12,2024-12-23,2025-12-18,70319.07,323284.18,Current
LON0002135,CUS0009888,PRD-LN01,BR0050,1236903.71,15.89,48,2025-10-17,2029-09-26,34984.55,499983.0,Current
LON0002136,CUS0001983,PRD-LN04,BR0034,8084676.3,5.79,360,2023-08-12,2053-03-07,47385.61,2450775.39,Current
LON0002137,CUS0007810,PRD-LN04,BR0032,7323535.6,18.99,12,2024-08-31,2025-08-26,674877.03,2578555.31,Current
LON0002138,CUS0008635,PRD-LN04,BR0045,6177325.83,10.49,36,2025-04-29,2028-04-13,200749.06,4868895.78,Current
LON0002139,CUS0000760,PRD-LN04,BR0029,7528766.55,7.1,12,2023-09-09,2024-09-03,651786.8,2085678.48,Current
LON0002140,CUS0007320,PRD-LN02,BR0018,1308647.82,12.95,24,2020-06-24,2022-06-14,62184.77,1052017.68,Current
LON0002141,CUS0008491,PRD-LN01,BR0015,820693.22,10.36,360,2020-07-22,2050-02-15,7421.44,312313.28,Current
LON0002142,CUS0009610,PRD-LN01,BR0015,986358.73,17.47,60,2021-01-03,2025-12-08,24763.51,277825.96,Current
LON0002143,CUS0004918,PRD-LN02,BR0036,313259.28,17.81,12,2023-02-07,2024-02-02,28691.29,154728.6,Current
LON0002144,CUS0005024,PRD-LN01,BR0015,452088.27,3.51,360,2022-07-05,2052-01-29,2032.6,151544.01,Current
LON0002145,CUS0000124,PRD-LN02,BR0043,1567428.53,3.67,120,2024-01-25,2033-12-03,15624.79,224340.47,Current
LON0002146,CUS0009621,PRD-LN02,BR0013,2369328.87,20.22,180,2025-01-03,2039-10-17,41998.05,1764008.06,Current
LON0002147,CUS0007403,PRD-LN03,BR0002,11588063.46,17.02,240,2026-01-19,2045-10-06,170150.05,6707932.54,Current
LON0002148,CUS0000152,PRD-LN02,BR0016,863924.81,19.83,36,2022-01-29,2025-01-13,32031.76,134252.89,Current
LON0002149,CUS0009404,PRD-LN04,BR0034,9550117.7,9.52,180,2021-11-07,2036-08-20,99839.97,5777311.05,Current
LON0002150,CUS0007501,PRD-LN03,BR0023,2987875.48,15.84,24,2020-02-26,2022-02-15,146067.36,1159551.25,Late
LON0002151,CUS0002333,PRD-LN03,BR0004,12168435.77,12.13,60,2022-04-17,2027-03-22,271480.2,2730151.36,Current
LON0002152,CUS0006762,PRD-LN04,BR0042,8982163.32,18.91,120,2023-03-17,2033-01-23,167144.16,7552881.43,Closed
LON0002153,CUS0004415,PRD-LN02,BR0049,2411649.49,12.79,48,2021-02-03,2025-01-13,64447.44,2136672.03,Current
LON0002154,CUS0008754,PRD-LN01,BR0045,1065738.0,7.05,180,2024-12-07,2039-09-20,9608.97,928265.69,Current
LON0002155,CUS0006707,PRD-LN01,BR0016,1446399.58,5.55,48,2025-02-10,2029-01-20,33671.12,730994.78,Current
LON0002156,CUS0009110,PRD-LN04,BR0020,5448103.15,5.1,12,2021-12-02,2022-11-27,466648.1,4902875.96,Current
LON0002157,CUS0004408,PRD-LN01,BR0046,988068.12,11.89,12,2021-07-31,2022-07-26,87737.82,584183.35,Current
LON0002158,CUS0007801,PRD-LN04,BR0040,4912169.83,16.27,240,2021-09-17,2041-06-04,69337.81,1402805.13,Late
LON0002159,CUS0004173,PRD-LN01,BR0035,1022458.19,4.48,360,2022-06-04,2051-12-29,5168.5,528021.23,Current
LON0002160,CUS0008002,PRD-LN01,BR0024,161245.66,13.77,12,2024-02-18,2025-02-12,14460.34,18934.81,Closed
LON0002161,CUS0006156,PRD-LN04,BR0004,8006279.74,20.07,240,2024-07-01,2044-03-18,136452.69,4624738.9,Current
LON0002162,CUS0007621,PRD-LN02,BR0030,788927.23,18.41,48,2025-03-08,2029-02-15,23344.1,133577.0,Current
LON0002163,CUS0007076,PRD-LN03,BR0019,8944224.39,16.8,24,2020-07-30,2022-07-20,441363.65,5401904.96,Late
LON0002164,CUS0007614,PRD-LN01,BR0007,865380.35,6.67,120,2025-04-29,2035-03-08,9901.24,286129.6,Current
LON0002165,CUS0001782,PRD-LN01,BR0007,1007614.52,3.8,12,2026-01-20,2027-01-15,85706.23,497186.53,Late
LON0002166,CUS0000479,PRD-LN01,BR0003,1465025.84,21.03,36,2024-06-17,2027-06-02,55217.52,747592.92,Current
LON0002167,CUS0003317,PRD-LN01,BR0020,700133.85,6.33,48,2022-06-16,2026-05-26,16548.8,655718.71,Current
LON0002168,CUS0001128,PRD-LN03,BR0008,14780867.63,5.24,60,2025-11-09,2030-10-14,280561.35,3933387.21,Current
LON0002169,CUS0007271,PRD-LN04,BR0042,3321253.64,5.39,360,2020-10-10,2050-05-06,18629.14,1533173.3,Late
LON0002170,CUS0001864,PRD-LN03,BR0006,5257105.31,16.29,180,2023-02-27,2037-12-10,78276.7,4405792.01,Current
LON0002171,CUS0004258,PRD-LN01,BR0033,217791.38,14.67,60,2021-07-04,2026-06-08,5143.59,177390.58,Current
LON0002172,CUS0004866,PRD-LN03,BR0034,14716199.22,9.39,48,2023-03-24,2027-03-03,368944.53,12732237.11,Current
LON0002173,CUS0008133,PRD-LN01,BR0048,683974.49,5.83,180,2020-09-12,2035-06-26,5709.14,638468.16,Current
LON0002174,CUS0000545,PRD-LN03,BR0037,9034513.68,7.2,84,2021-07-08,2028-06-01,137240.01,5188428.34,Current
LON0002175,CUS0002690,PRD-LN04,BR0040,1451322.89,9.1,180,2026-03-17,2040-12-28,14806.74,616874.58,Current
LON0002176,CUS0001414,PRD-LN01,BR0023,612001.92,11.01,84,2025-10-05,2032-08-29,10482.18,395792.61,Late
LON0002177,CUS0002720,PRD-LN03,BR0003,2501540.49,7.02,24,2025-02-11,2027-02-01,112023.1,2251203.37,Current
LON0002178,CUS0002123,PRD-LN03,BR0024,4339688.35,20.4,84,2023-12-29,2030-11-22,97415.92,2603463.04,Current
LON0002179,CUS0000207,PRD-LN03,BR0035,10326863.71,19.63,360,2025-10-22,2055-05-18,169422.44,9201118.12,Current
LON0002180,CUS0001952,PRD-LN04,BR0037,6746855.5,3.68,240,2024-01-13,2043-09-30,39755.97,4393870.22,Late
LON0002181,CUS0000121,PRD-LN01,BR0005,1279106.09,18.12,360,2025-12-25,2055-07-21,19402.54,786352.81,Current
LON0002182,CUS0000055,PRD-LN02,BR0007,2457623.43,17.24,84,2024-08-31,2031-07-26,50564.97,2186610.08,Closed
LON0002183,CUS0006609,PRD-LN03,BR0010,9452290.75,11.31,240,2024-02-29,2043-11-16,99567.42,5165362.9,Current
LON0002184,CUS0008755,PRD-LN04,BR0036,6050706.42,15.69,84,2025-07-08,2032-06-01,119113.66,5885887.0,Current
LON0002185,CUS0006050,PRD-LN01,BR0010,307256.34,6.41,12,2022-12-04,2023-11-29,26502.39,292876.0,Current
LON0002186,CUS0008103,PRD-LN03,BR0031,4616519.45,14.95,12,2020-04-22,2021-04-17,416570.34,2010284.41,Late
LON0002187,CUS0008802,PRD-LN04,BR0028,4048739.95,20.73,24,2026-03-02,2028-02-20,207510.59,3769158.73,Current
LON0002188,CUS0000671,PRD-LN02,BR0017,1903258.97,9.53,12,2023-09-03,2024-08-28,166910.95,681112.82,Current
LON0002189,CUS0008638,PRD-LN01,BR0021,1358940.74,11.98,360,2024-10-13,2054-05-09,13957.32,1124060.97,Closed
LON0002190,CUS0007408,PRD-LN04,BR0011,2376632.33,20.68,360,2025-12-13,2055-07-09,41044.76,2000716.5,Current
LON0002191,CUS0001789,PRD-LN02,BR0040,1066474.75,11.66,360,2022-12-08,2052-07-03,10691.59,189418.74,Current
LON0002192,CUS0002246,PRD-LN01,BR0001,765194.4,3.99,360,2021-10-27,2051-05-23,3648.75,231672.99,Current
LON0002193,CUS0005023,PRD-LN02,BR0043,1302129.85,20.63,240,2021-03-22,2040-12-07,22766.52,1130686.4,Late
LON0002194,CUS0003255,PRD-LN01,BR0038,1322466.88,14.8,12,2023-09-04,2024-08-29,119238.86,812267.57,Late
LON0002195,CUS0001971,PRD-LN04,BR0037,8404519.25,12.81,24,2023-11-30,2025-11-19,398816.52,5165532.8,Current
LON0002196,CUS0004815,PRD-LN03,BR0036,12595970.67,6.28,36,2024-10-09,2027-09-24,384793.9,7234377.15,Late
LON0002197,CUS0002938,PRD-LN02,BR0008,1854751.71,16.34,60,2024-03-30,2029-03-04,45439.71,372899.98,Current
LON0002198,CUS0007867,PRD-LN02,BR0008,1586800.95,11.86,36,2021-07-18,2024-07-02,52598.46,609821.51,Current
LON0002199,CUS0002156,PRD-LN03,BR0018,6062632.52,4.4,48,2024-06-17,2028-05-27,137976.36,5401472.97,Current
LON0002200,CUS0001374,PRD-LN04,BR0029,2962404.75,20.35,240,2021-02-25,2040-11-12,51141.12,2923004.58,Current
LON0002201,CUS0000042,PRD-LN02,BR0048,2041342.07,4.49,24,2020-09-28,2022-09-18,89091.0,1777597.09,Current
LON0002202,CUS0002205,PRD-LN01,BR0040,828675.37,11.42,360,2023-03-28,2052-10-21,8155.76,576978.54,Closed
LON0002203,CUS0009551,PRD-LN01,BR0006,638117.5,4.76,48,2024-09-19,2028-08-29,14626.12,179740.11,Closed
LON0002204,CUS0002912,PRD-LN04,BR0010,6846762.6,14.81,240,2021-08-12,2041-04-29,89197.75,2321279.53,Current
LON0002205,CUS0001163,PRD-LN01,BR0047,697624.76,3.71,84,2025-01-18,2031-12-13,9442.85,375109.2,Current
LON0002206,CUS0007195,PRD-LN04,BR0005,8596336.55,12.45,24,2024-10-04,2026-09-24,406468.27,2155348.92,Current
LON0002207,CUS0005108,PRD-LN04,BR0036,9611578.4,21.6,240,2025-08-26,2045-05-13,175433.04,2160828.61,Closed
LON0002208,CUS0009744,PRD-LN04,BR0018,5104886.94,21.41,120,2021-03-08,2031-01-15,103473.41,3747150.13,Current
LON0002209,CUS0004404,PRD-LN01,BR0029,299446.85,4.3,240,2026-04-06,2045-12-22,1862.27,263691.84,Current
LON0002210,CUS0001364,PRD-LN02,BR0025,329835.58,7.85,24,2023-03-21,2025-03-10,14895.02,192939.21,Current
LON0002211,CUS0001439,PRD-LN01,BR0045,974239.82,3.54,180,2021-02-02,2035-11-16,6983.82,446633.37,Current
LON0002212,CUS0003366,PRD-LN03,BR0001,1043476.13,6.86,120,2022-10-29,2032-09-06,12040.49,727661.33,Late
LON0002213,CUS0009122,PRD-LN01,BR0010,1256321.49,13.01,120,2026-02-20,2035-12-30,18765.64,1109555.49,Current
LON0002214,CUS0003072,PRD-LN01,BR0003,545931.41,21.18,60,2022-02-27,2027-02-01,14824.61,392799.14,Current
LON0002215,CUS0004438,PRD-LN03,BR0005,4469110.79,8.02,60,2022-05-03,2027-04-07,90660.24,3031199.9,Current
LON0002216,CUS0008814,PRD-LN01,BR0006,322077.2,20.86,60,2023-11-14,2028-10-18,8687.92,181773.86,Closed
LON0002217,CUS0003634,PRD-LN02,BR0018,1791989.59,13.26,360,2021-11-16,2051-06-12,20187.8,434922.0,Late
LON0002218,CUS0006221,PRD-LN01,BR0041,968414.0,9.43,240,2021-11-29,2041-08-16,8982.67,801444.27,Current
LON0002219,CUS0002383,PRD-LN01,BR0005,338904.5,12.51,180,2025-04-23,2040-02-04,4179.28,267924.02,Closed
LON0002220,CUS0003440,PRD-LN03,BR0040,6623507.44,6.8,60,2022-04-18,2027-03-23,130529.29,5725732.49,Current
LON0002221,CUS0008737,PRD-LN02,BR0022,1998623.01,10.12,12,2025-06-04,2026-05-30,175822.28,1323004.36,Current
LON0002222,CUS0009851,PRD-LN01,BR0010,263822.32,7.18,36,2021-12-11,2024-11-25,8167.8,173346.91,Current
LON0002223,CUS0007892,PRD-LN03,BR0036,9461331.57,5.17,180,2023-04-20,2038-01-31,75660.14,3534765.61,Closed
LON0002224,CUS0005107,PRD-LN04,BR0047,9494556.9,3.75,12,2023-06-15,2024-06-09,807376.52,4182659.81,Current
LON0002225,CUS0000988,PRD-LN02,BR0035,1820233.81,18.89,60,2022-05-28,2027-05-02,47107.76,522943.68,Current
LON0002226,CUS0008328,PRD-LN03,BR0003,10862198.11,15.79,24,2025-11-23,2027-11-13,530757.74,7629939.46,Current
LON0002227,CUS0004381,PRD-LN01,BR0024,717320.64,10.54,48,2020-12-03,2024-11-12,18379.69,570544.2,Current
LON0002228,CUS0008788,PRD-LN02,BR0018,2298924.66,8.66,36,2021-09-21,2024-09-05,72741.95,930895.88,Current
LON0002229,CUS0006638,PRD-LN04,BR0019,8132829.38,14.19,180,2020-05-07,2035-02-18,109348.4,6450005.41,Closed
LON0002230,CUS0002743,PRD-LN03,BR0020,4151473.7,6.57,36,2023-03-01,2026-02-13,127370.84,537982.44,Current
LON0002231,CUS0006239,PRD-LN04,BR0036,1894608.76,13.99,120,2020-06-19,2030-04-28,29405.52,888138.07,Current
LON0002232,CUS0004758,PRD-LN02,BR0021,1839598.34,5.94,180,2024-05-09,2039-02-20,15464.01,820679.06,Late
LON0002233,CUS0004320,PRD-LN01,BR0019,833665.09,7.55,84,2024-04-28,2031-03-23,12807.57,87103.35,Current
LON0002234,CUS0004771,PRD-LN04,BR0041,3279891.85,15.39,36,2021-08-19,2024-08-03,114325.94,1079697.38,Current
LON0002235,CUS0003101,PRD-LN01,BR0046,850637.17,7.76,12,2021-10-28,2022-10-23,73901.23,802175.38,Current
LON0002236,CUS0008760,PRD-LN01,BR0042,720552.94,21.35,120,2023-03-28,2033-02-03,14576.03,363167.81,Current
LON0002237,CUS0005715,PRD-LN02,BR0010,2244816.32,15.01,12,2025-10-16,2026-10-11,202623.93,638663.42,Current
LON0002238,CUS0006078,PRD-LN02,BR0024,1385029.88,6.77,48,2023-03-31,2027-03-10,33018.67,609883.91,Current
LON0002239,CUS0006622,PRD-LN01,BR0034,879071.82,10.8,12,2022-07-03,2023-06-28,77611.84,392898.47,Current
LON0002240,CUS0007831,PRD-LN02,BR0050,1033144.07,8.28,240,2024-02-22,2043-11-09,8822.53,826616.0,Current
LON0002241,CUS0000147,PRD-LN01,BR0008,183967.19,19.8,12,2023-10-07,2024-10-01,17024.11,85825.08,Closed
LON0002242,CUS0000351,PRD-LN03,BR0003,10857236.6,9.27,240,2020-10-07,2040-06-24,99578.61,5043053.5,Current
LON0002243,CUS0002376,PRD-LN03,BR0017,6106505.94,15.2,36,2025-05-26,2028-05-10,212282.6,1928943.34,Current
LON0002244,CUS0008257,PRD-LN02,BR0045,537513.34,19.91,36,2023-09-26,2026-09-10,19951.28,464684.87,Current
LON0002245,CUS0003390,PRD-LN01,BR0040,1163400.37,15.63,120,2020-05-06,2030-03-15,19221.08,232991.54,Closed
LON0002246,CUS0006272,PRD-LN04,BR0030,9379928.9,19.2,84,2025-08-20,2032-07-14,203797.9,5961048.16,Current
LON0002247,CUS0008262,PRD-LN04,BR0005,849003.62,17.98,360,2022-02-15,2051-09-11,12781.35,359557.59,Current
LON0002248,CUS0001302,PRD-LN02,BR0024,2017272.37,13.24,60,2020-07-15,2025-06-19,46147.36,215164.17,Current
LON0002249,CUS0008448,PRD-LN03,BR0039,3593856.4,3.54,60,2024-07-24,2029-06-28,65442.92,1319424.93,Late
LON0002250,CUS0002231,PRD-LN02,BR0025,2307604.34,16.47,84,2025-03-01,2032-01-24,46453.65,547697.49,Current
LON0002251,CUS0005805,PRD-LN01,BR0014,582370.81,13.06,24,2021-06-02,2023-05-23,27703.39,102096.72,Current
LON0002252,CUS0001577,PRD-LN01,BR0002,1190911.58,21.78,180,2024-12-28,2039-10-11,22498.19,600300.33,Current
LON0002253,CUS0007213,PRD-LN03,BR0025,12387287.93,11.54,24,2020-03-18,2022-03-08,580455.22,3060554.95,Closed
LON0002254,CUS0009126,PRD-LN01,BR0007,1324343.33,9.16,120,2022-07-21,2032-05-29,16891.11,521144.78,Current
LON0002255,CUS0001726,PRD-LN02,BR0016,1052846.51,21.6,360,2022-01-16,2051-08-12,18982.08,945138.53,Current
LON0002256,CUS0006032,PRD-LN04,BR0037,804456.53,21.96,12,2024-07-18,2025-07-13,75277.12,513686.22,Current
LON0002257,CUS0006477,PRD-LN01,BR0034,1228416.73,13.32,24,2024-10-05,2026-09-25,58585.98,752880.1,Late
LON0002258,CUS0003903,PRD-LN04,BR0034,2250735.57,21.2,24,2020-10-11,2022-10-01,115876.73,271667.69,Current
LON0002259,CUS0000318,PRD-LN03,BR0017,9659472.73,14.44,360,2022-10-31,2052-05-26,117824.57,7525933.72,Current
LON0002260,CUS0005234,PRD-LN01,BR0028,730027.47,5.26,240,2022-03-17,2041-12-02,4923.33,380201.3,Late
LON0002261,CUS0007098,PRD-LN01,BR0035,505162.35,19.36,180,2022-07-12,2037-04-24,8634.23,134300.74,Current
LON0002262,CUS0006527,PRD-LN01,BR0030,1494907.78,8.25,48,2024-12-08,2028-11-17,36670.75,919026.21,Current
LON0002263,CUS0009316,PRD-LN02,BR0042,1783522.34,16.06,60,2025-01-06,2029-12-11,43428.68,1660339.59,Current
LON0002264,CUS0005307,PRD-LN03,BR0044,10462974.56,8.7,84,2025-12-26,2032-11-19,166750.98,1571330.78,Late
LON0002265,CUS0005120,PRD-LN04,BR0049,728812.35,11.45,60,2024-03-06,2029-02-08,16010.2,528787.55,Current
LON0002266,CUS0000966,PRD-LN04,BR0009,9152104.34,18.61,240,2020-06-12,2040-02-28,145556.26,2572505.81,Current
LON0002267,CUS0003609,PRD-LN04,BR0009,3789517.91,19.04,12,2026-04-19,2027-04-14,349301.35,2978715.45,Current
LON0002268,CUS0004889,PRD-LN01,BR0050,333678.45,11.6,12,2025-12-22,2026-12-17,29584.52,80871.44,Current
LON0002269,CUS0008358,PRD-LN01,BR0027,538244.98,19.92,48,2022-05-11,2026-04-20,16356.06,121494.75,Current
LON0002270,CUS0008613,PRD-LN02,BR0007,355260.15,13.21,240,2024-01-21,2043-10-08,4215.4,345188.97,Current
LON0002271,CUS0007542,PRD-LN02,BR0040,1610031.7,3.64,36,2021-10-31,2024-10-15,47277.15,1011991.61,Current
LON0002272,CUS0000124,PRD-LN04,BR0038,5673126.56,15.5,24,2023-11-09,2025-10-29,276420.5,4747460.71,Late
LON0002273,CUS0003878,PRD-LN01,BR0018,331336.0,9.48,12,2022-09-11,2023-09-06,29049.63,110080.19,Current
LON0002274,CUS0000419,PRD-LN04,BR0039,9437173.65,8.61,48,2020-09-26,2024-09-05,233100.73,8203169.63,Late
LON0002275,CUS0002971,PRD-LN02,BR0018,880951.15,9.39,60,2020-02-13,2025-01-17,18454.29,248124.05,Current
LON0002276,CUS0003169,PRD-LN04,BR0012,1254374.18,10.97,120,2021-01-19,2030-11-28,17257.71,627753.79,Current
LON0002277,CUS0009759,PRD-LN04,BR0001,932994.17,12.21,360,2022-05-31,2051-12-25,9747.98,383352.13,Current
LON0002278,CUS0005144,PRD-LN04,BR0006,2847493.06,16.97,60,2024-04-21,2029-03-26,70721.61,1927624.35,Current
LON0002279,CUS0007808,PRD-LN04,BR0044,3598204.64,7.3,48,2023-06-07,2027-05-17,86665.19,1581754.65,Current
LON0002280,CUS0003084,PRD-LN03,BR0033,6400783.28,14.91,180,2025-02-04,2039-11-18,89190.3,2067796.52,Current
LON0002281,CUS0004673,PRD-LN03,BR0035,9297700.84,5.3,360,2021-07-02,2051-01-26,51630.57,9061990.14,Closed
LON0002282,CUS0007327,PRD-LN04,BR0019,6860543.19,16.44,240,2024-07-03,2044-03-20,97719.49,1919339.75,Current
LON0002283,CUS0009325,PRD-LN03,BR0024,8090578.03,21.38,180,2025-10-24,2040-08-06,150409.74,4975669.03,Current
LON0002284,CUS0009803,PRD-LN02,BR0027,686474.7,17.43,24,2024-08-10,2026-07-31,34082.87,322439.15,Current
LON0002285,CUS0001554,PRD-LN02,BR0035,1615466.17,21.56,360,2026-03-20,2055-10-14,29072.34,907278.74,Current
LON0002286,CUS0002571,PRD-LN01,BR0039,1236442.73,18.06,180,2020-11-13,2035-08-27,19965.33,1219314.69,Current
LON0002287,CUS0005617,PRD-LN04,BR0046,5458040.27,19.4,120,2020-11-11,2030-09-20,103317.61,3501064.15,Current
LON0002288,CUS0006213,PRD-LN03,BR0037,8845597.12,6.38,12,2022-01-29,2023-01-24,762854.81,7345722.83,Current
LON0002289,CUS0008147,PRD-LN02,BR0029,1599599.56,20.82,180,2020-10-04,2035-07-18,29067.48,906452.58,Current
LON0002290,CUS0005797,PRD-LN01,BR0035,667091.42,6.81,120,2020-03-07,2030-01-14,7680.33,196145.4,Closed
LON0002291,CUS0003645,PRD-LN03,BR0005,3137821.84,9.81,60,2026-03-12,2031-02-14,66376.47,2719390.58,Current
LON0002292,CUS0007615,PRD-LN03,BR0009,4367562.22,4.94,180,2025-12-01,2040-09-13,34402.05,3493542.44,Current
LON0002293,CUS0000396,PRD-LN03,BR0046,14119410.56,8.3,48,2026-01-27,2030-01-06,346687.84,13156227.68,Current
LON0002294,CUS0009017,PRD-LN04,BR0050,7668905.11,7.47,36,2020-09-16,2023-09-01,238444.99,4669721.38,Current
LON0002295,CUS0001073,PRD-LN02,BR0015,1152637.33,16.0,36,2022-03-04,2025-02-16,40523.31,126221.58,Current
LON0002296,CUS0000169,PRD-LN02,BR0022,1491742.0,3.94,84,2021-01-20,2027-12-15,20349.16,595271.38,Current
LON0002297,CUS0005144,PRD-LN03,BR0002,6166152.8,8.93,24,2021-04-20,2023-04-10,281501.1,3730531.38,Current
LON0002298,CUS0000626,PRD-LN02,BR0005,1196613.66,4.59,120,2023-08-05,2033-06-13,12453.49,861249.02,Late
LON0002299,CUS0005927,PRD-LN03,BR0019,4672932.19,21.75,60,2022-11-29,2027-11-03,128397.96,3279482.23,Current
LON0002300,CUS0004555,PRD-LN02,BR0006,501069.49,15.36,84,2024-09-07,2031-08-02,9770.5,256199.07,Closed
LON0002301,CUS0000652,PRD-LN02,BR0040,1653226.57,6.56,24,2020-04-17,2022-04-07,73689.89,454965.73,Current
LON0002302,CUS0002947,PRD-LN04,BR0015,5552082.5,10.03,240,2025-09-24,2045-06-11,53689.2,5171691.83,Current
LON0002303,CUS0008709,PRD-LN03,BR0006,6185315.93,12.71,24,2023-11-25,2025-11-14,293219.37,5001742.89,Closed
LON0002304,CUS0003828,PRD-LN01,BR0003,863512.68,21.78,60,2020-06-30,2025-06-04,23741.39,307550.51,Current
LON0002305,CUS0003751,PRD-LN03,BR0050,7103085.98,13.19,48,2025-06-05,2029-05-15,191228.53,4966953.84,Current
LON0002306,CUS0007312,PRD-LN02,BR0046,740315.89,12.59,120,2025-05-15,2035-03-24,10875.41,197977.01,Current
LON0002307,CUS0005106,PRD-LN03,BR0030,1523022.35,15.79,360,2022-06-25,2052-01-19,20223.25,176146.63,Current
LON0002308,CUS0007882,PRD-LN03,BR0019,3431641.08,9.47,180,2024-05-01,2039-02-12,35771.95,2386474.9,Current
LON0002309,CUS0004236,PRD-LN03,BR0023,1021948.73,20.08,60,2020-06-05,2025-05-10,27120.9,308309.85,Current
LON0002310,CUS0004450,PRD-LN02,BR0009,1662047.92,7.99,360,2021-04-26,2050-11-20,12183.93,934040.13,Closed
LON0002311,CUS0009311,PRD-LN04,BR0045,6868789.93,16.63,24,2024-01-27,2026-01-16,338388.63,3093201.02,Current
LON0002312,CUS0000660,PRD-LN01,BR0008,689462.01,7.32,48,2023-10-31,2027-10-10,16612.58,641947.23,Current
LON0002313,CUS0006803,PRD-LN02,BR0045,2156654.91,21.52,360,2026-02-21,2055-09-17,38740.46,1490417.61,Current
LON0002314,CUS0003527,PRD-LN02,BR0016,1334170.3,15.65,120,2026-03-31,2036-02-07,22058.97,206330.95,Current
LON0002315,CUS0005008,PRD-LN01,BR0021,990660.16,7.64,84,2021-03-20,2028-02-12,15263.56,839523.54,Current
LON0002316,CUS0006560,PRD-LN03,BR0044,9947402.28,8.49,48,2021-04-20,2025-03-30,245139.63,2386421.16,Late
LON0002317,CUS0008546,PRD-LN01,BR0033,1060091.59,13.34,180,2022-02-19,2036-12-02,13650.76,1024480.8,Late
LON0002318,CUS0006092,PRD-LN03,BR0007,7801126.55,20.49,48,2022-01-23,2026-01-02,239432.5,7546314.53,Current
LON0002319,CUS0003803,PRD-LN01,BR0021,724007.7,5.48,240,2020-03-28,2039-12-14,4972.18,437414.04,Current
LON0002320,CUS0000409,PRD-LN04,BR0044,1468681.07,6.56,12,2025-03-25,2026-03-20,126782.48,1204778.67,Closed
LON0002321,CUS0008210,PRD-LN02,BR0030,939290.95,15.66,240,2024-11-13,2044-07-31,12828.94,138256.89,Current
LON0002322,CUS0000926,PRD-LN01,BR0050,498887.96,9.24,360,2023-04-01,2052-10-25,4100.61,402860.51,Current
LON0002323,CUS0000280,PRD-LN04,BR0039,3124157.26,17.14,240,2024-01-28,2043-10-15,46158.06,861422.84,Current
LON0002324,CUS0002914,PRD-LN04,BR0036,4737374.17,8.47,180,2024-06-12,2039-03-26,46567.53,4717103.16,Current
LON0002325,CUS0001695,PRD-LN02,BR0010,1041413.74,19.18,120,2024-05-31,2034-04-09,19562.99,111971.64,Closed
LON0002326,CUS0005312,PRD-LN01,BR0047,880450.45,9.71,36,2025-04-10,2028-03-25,28289.93,111389.22,Current
LON0002327,CUS0004400,PRD-LN04,BR0015,4900404.86,18.55,36,2025-11-06,2028-10-21,178516.36,1290343.74,Current
LON0002328,CUS0006778,PRD-LN03,BR0001,6820697.82,21.02,24,2025-07-06,2027-06-26,350553.0,2254647.6,Closed
LON0002329,CUS0007466,PRD-LN03,BR0030,11250695.79,6.37,12,2024-02-19,2025-02-13,970221.61,4904721.58,Current
LON0002330,CUS0002213,PRD-LN02,BR0049,1924946.93,8.82,36,2021-08-21,2024-08-05,61051.66,1907719.16,Current
LON0002331,CUS0003516,PRD-LN04,BR0021,4021364.76,15.38,84,2025-04-04,2032-02-27,78459.12,3727513.85,Late
LON0002332,CUS0000331,PRD-LN01,BR0003,1340410.86,15.28,360,2020-07-23,2050-02-16,17249.25,354844.21,Closed
LON0002333,CUS0003288,PRD-LN04,BR0030,8055854.98,20.52,60,2025-09-15,2030-08-20,215768.41,2772882.41,Current
LON0002334,CUS0004988,PRD-LN01,BR0025,253399.77,20.35,240,2024-04-09,2043-12-26,4374.54,81283.18,Current
LON0002335,CUS0000653,PRD-LN04,BR0002,7016810.17,7.86,24,2025-05-12,2027-05-02,316903.47,5463016.36,Current
LON0002336,CUS0006700,PRD-LN04,BR0034,7803642.25,8.68,120,2021-12-17,2031-10-26,97506.86,2592773.59,Current
LON0002337,CUS0000215,PRD-LN04,BR0045,1861501.48,15.85,240,2025-12-02,2045-08-19,25688.99,659116.79,Current
LON0002338,CUS0000742,PRD-LN03,BR0024,6172813.18,16.06,24,2020-08-13,2022-08-03,302417.13,4836004.99,Closed
LON0002339,CUS0001250,PRD-LN04,BR0012,4509504.31,12.39,60,2024-03-28,2029-03-02,101202.43,676962.3,Current
LON0002340,CUS0000689,PRD-LN03,BR0005,10932461.81,14.17,120,2020-02-12,2029-12-21,170863.68,6657013.32,Current
LON0002341,CUS0003923,PRD-LN01,BR0007,404261.22,18.21,240,2024-07-04,2044-03-21,6304.42,282289.48,Current
LON0002342,CUS0000507,PRD-LN03,BR0043,9228203.8,14.53,180,2026-01-06,2040-10-19,126199.09,4105252.4,Late
LON0002343,CUS0002717,PRD-LN04,BR0018,8550810.81,5.57,180,2024-01-17,2038-10-30,70185.29,3244587.18,Current
LON0002344,CUS0000783,PRD-LN02,BR0043,1393646.9,11.99,60,2026-02-17,2031-01-22,30993.86,724239.93,Current
LON0002345,CUS0006467,PRD-LN04,BR0013,1164911.03,7.64,120,2020-06-19,2030-04-28,13912.97,516009.58,Late
LON0002346,CUS0008622,PRD-LN04,BR0034,4283879.37,7.56,240,2023-08-23,2043-05-10,34667.98,3471776.29,Current
LON0002347,CUS0007951,PRD-LN03,BR0026,13652147.53,4.28,36,2020-06-12,2023-05-28,404768.48,11592858.48,Current
LON0002348,CUS0006176,PRD-LN04,BR0023,5343198.33,13.88,12,2025-06-16,2026-06-11,479448.74,1469889.97,Current
LON0002349,CUS0008380,PRD-LN03,BR0001,3518621.78,4.25,240,2021-09-28,2041-06-15,21788.52,3028245.11,Current
LON0002350,CUS0002283,PRD-LN04,BR0023,4322339.55,7.7,60,2024-10-03,2029-09-07,87022.2,2436386.75,Closed
LON0002351,CUS0007887,PRD-LN02,BR0048,2085206.4,15.22,36,2024-02-29,2027-02-13,72509.22,2033081.36,Late
LON0002352,CUS0001022,PRD-LN04,BR0036,8985103.8,12.28,120,2022-02-28,2032-01-07,130368.68,8706254.45,Current
LON0002353,CUS0003477,PRD-LN03,BR0020,13403494.44,12.54,180,2022-10-30,2037-08-12,165550.09,3283694.74,Default
LON0002354,CUS0001372,PRD-LN02,BR0042,613885.35,14.74,48,2021-12-11,2025-11-20,17004.09,235737.43,Current
LON0002355,CUS0004180,PRD-LN03,BR0027,12873931.92,7.2,60,2021-04-23,2026-03-28,256135.82,9955142.23,Current
LON0002356,CUS0005095,PRD-LN04,BR0016,964478.16,16.05,120,2021-11-14,2031-09-23,16186.34,824406.75,Late
LON0002357,CUS0008075,PRD-LN03,BR0032,6367091.44,10.55,48,2023-05-10,2027-04-19,163172.85,3163609.27,Current
LON0002358,CUS0007799,PRD-LN04,BR0007,8041659.37,12.64,60,2020-10-30,2025-10-04,181493.9,5712717.0,Current
LON0002359,CUS0006024,PRD-LN01,BR0048,98142.9,12.52,84,2023-05-30,2030-04-23,1759.9,80205.13,Current
LON0002360,CUS0006512,PRD-LN04,BR0047,7040292.39,11.37,84,2021-11-02,2028-09-26,121920.95,5498687.89,Current
LON0002361,CUS0003904,PRD-LN02,BR0023,1693262.81,9.98,180,2020-08-06,2035-05-20,18175.18,413972.91,Current
LON0002362,CUS0004773,PRD-LN02,BR0047,1224194.31,8.78,12,2024-04-30,2025-04-25,106932.75,225882.16,Current
LON0002363,CUS0000581,PRD-LN02,BR0022,1441339.1,6.04,36,2020-01-06,2022-12-21,43874.46,838664.63,Current
LON0002364,CUS0005422,PRD-LN01,BR0007,328598.27,7.82,24,2021-11-04,2023-10-25,14834.65,139781.49,Current
LON0002365,CUS0003054,PRD-LN04,BR0006,1235261.19,4.54,36,2021-05-14,2024-04-28,36767.31,737886.08,Current
LON0002366,CUS0005166,PRD-LN04,BR0023,1679786.78,17.97,360,2024-03-05,2053-09-29,25274.69,608438.21,Current
LON0002367,CUS0004051,PRD-LN01,BR0050,68762.02,17.66,240,2025-07-04,2045-03-21,1043.25,36491.32,Current
LON0002368,CUS0009926,PRD-LN01,BR0033,1094911.12,7.14,36,2023-05-12,2026-04-26,33877.81,543441.85,Late
LON0002369,CUS0006220,PRD-LN04,BR0026,4485572.3,4.24,60,2021-08-02,2026-07-07,83095.34,1171339.46,Current
LON0002370,CUS0004766,PRD-LN04,BR0028,6840034.35,6.86,60,2021-07-30,2026-07-04,134989.53,1823217.01,Current
LON0002371,CUS0009999,PRD-LN04,BR0017,6009530.3,19.6,48,2021-07-28,2025-07-07,181593.9,1296534.36,Closed
LON0002372,CUS0002000,PRD-LN04,BR0025,5165080.11,7.35,120,2024-10-18,2034-08-27,60906.81,2308375.49,Current
LON0002373,CUS0007610,PRD-LN02,BR0017,2445269.96,18.49,120,2025-10-19,2035-08-28,44834.43,1889232.92,Current
LON0002374,CUS0008625,PRD-LN04,BR0041,4278392.49,17.81,240,2023-10-05,2043-06-22,65404.0,4094624.9,Current
LON0002375,CUS0003112,PRD-LN01,BR0015,989455.29,3.59,60,2023-11-13,2028-10-17,18039.83,479414.58,Current
LON0002376,CUS0003266,PRD-LN01,BR0004,289875.59,11.87,24,2023-08-13,2025-08-02,13627.86,108959.76,Late
LON0002377,CUS0006168,PRD-LN03,BR0019,12700547.55,12.8,60,2022-09-02,2027-08-07,287677.84,11787082.14,Current
LON0002378,CUS0003088,PRD-LN04,BR0027,5984425.98,6.3,360,2023-02-26,2052-09-21,37041.97,5378814.51,Current
LON0002379,CUS0003830,PRD-LN01,BR0040,504542.18,16.44,48,2024-02-10,2028-01-20,14412.82,437121.47,Current
LON0002380,CUS0009871,PRD-LN01,BR0029,1209374.54,12.88,180,2021-09-14,2036-06-27,15206.15,962350.34,Late
LON0002381,CUS0005668,PRD-LN04,BR0023,2620517.32,9.3,240,2020-01-12,2039-09-29,24085.43,1306973.91,Current
LON0002382,CUS0004291,PRD-LN01,BR0029,1057720.96,17.05,120,2021-01-12,2030-11-21,18416.47,188393.07,Current
LON0002383,CUS0005301,PRD-LN04,BR0026,5981752.39,13.0,60,2021-05-02,2026-04-06,136103.25,2047040.34,Current
LON0002384,CUS0004112,PRD-LN04,BR0042,5919554.6,9.54,84,2022-02-24,2029-01-18,96870.39,4621111.68,Current
LON0002385,CUS0008193,PRD-LN02,BR0040,1294107.63,6.93,84,2022-12-31,2029-11-24,19487.3,1226735.56,Current
LON0002386,CUS0005253,PRD-LN03,BR0016,12085169.42,20.46,36,2022-07-06,2025-06-20,451965.76,8241832.57,Current
LON0002387,CUS0009222,PRD-LN01,BR0003,1114876.88,8.36,48,2022-09-07,2026-08-17,27406.19,543154.66,Current
LON0002388,CUS0007544,PRD-LN02,BR0022,427189.39,21.87,180,2025-04-22,2040-02-03,8099.27,240129.67,Current
LON0002389,CUS0003318,PRD-LN01,BR0015,885469.45,20.02,240,2023-10-01,2043-06-18,15056.47,249340.04,Current
LON0002390,CUS0008956,PRD-LN02,BR0040,600303.74,18.02,240,2024-07-09,2044-03-26,9273.8,85421.0,Current
LON0002391,CUS0004848,PRD-LN03,BR0044,12866926.94,9.63,84,2021-02-07,2028-01-02,211154.42,3964552.38,Current
LON0002392,CUS0009959,PRD-LN03,BR0003,3734424.13,12.66,12,2023-11-29,2024-11-23,332953.18,3280699.49,Current
LON0002393,CUS0003496,PRD-LN02,BR0026,716469.2,5.29,180,2023-03-26,2038-01-06,5774.62,302297.7,Closed
LON0002394,CUS0008796,PRD-LN01,BR0016,840850.72,15.03,36,2020-02-03,2023-01-18,29160.72,609301.29,Current
LON0002395,CUS0009541,PRD-LN02,BR0024,2317431.93,18.5,360,2024-06-15,2054-01-09,35872.56,1032100.01,Current
LON0002396,CUS0007302,PRD-LN01,BR0008,905886.22,11.48,12,2022-08-07,2023-08-02,80266.69,619173.54,Current
LON0002397,CUS0001440,PRD-LN04,BR0033,6301236.83,5.4,24,2024-12-13,2026-12-03,277574.19,2350253.46,Current
LON0002398,CUS0001849,PRD-LN04,BR0038,9347374.59,17.54,48,2023-07-24,2027-07-03,272337.4,3359911.57,Late
LON0002399,CUS0004862,PRD-LN04,BR0018,9737509.35,10.8,24,2024-12-18,2026-12-08,452940.62,6179210.67,Current
LON0002400,CUS0006475,PRD-LN04,BR0007,1851214.37,10.16,60,2026-04-06,2031-03-11,39478.73,379436.01,Current
LON0002401,CUS0006540,PRD-LN01,BR0004,1061523.22,5.02,180,2022-09-07,2037-06-20,8405.52,825165.44,Current
LON0002402,CUS0002888,PRD-LN03,BR0016,9966037.24,10.28,360,2021-10-05,2051-05-01,89528.12,4902295.95,Current
LON0002403,CUS0004525,PRD-LN03,BR0019,5549185.43,11.6,84,2020-12-29,2027-11-23,96775.22,993764.96,Current
LON0002404,CUS0005678,PRD-LN02,BR0006,1992887.06,11.69,24,2023-11-06,2025-10-26,93523.87,998571.58,Current
LON0002405,CUS0009115,PRD-LN04,BR0017,1775420.59,5.97,84,2024-03-13,2031-02-05,25910.8,1692289.42,Current
LON0002406,CUS0004603,PRD-LN02,BR0021,1671492.06,5.14,240,2020-07-19,2040-04-05,11160.79,522934.02,Current
LON0002407,CUS0004080,PRD-LN03,BR0040,2597864.88,17.68,48,2026-02-19,2030-01-29,75878.57,1391697.37,Current
LON0002408,CUS0008663,PRD-LN02,BR0032,2337447.02,6.32,240,2026-05-01,2046-01-16,17180.56,1488241.7,Current
LON0002409,CUS0008135,PRD-LN02,BR0011,1704576.86,20.08,180,2024-04-04,2039-01-16,30038.22,345071.28,Current
LON0002410,CUS0006601,PRD-LN03,BR0014,6933750.24,16.06,48,2021-08-28,2025-08-07,196717.56,2319985.85,Current
LON0002411,CUS0007077,PRD-LN01,BR0008,1255187.59,10.58,84,2023-06-06,2030-04-30,21215.69,1156052.36,Closed
LON0002412,CUS0007763,PRD-LN02,BR0019,2053915.14,20.56,48,2021-02-18,2025-01-28,63115.83,1998796.57,Current
LON0002413,CUS0001723,PRD-LN04,BR0007,658272.65,10.37,180,2022-10-23,2037-08-05,7223.58,101393.96,Current
LON0002414,CUS0003845,PRD-LN04,BR0011,9450462.47,9.78,12,2024-03-10,2025-03-05,829879.13,1457022.97,Current
LON0002415,CUS0006561,PRD-LN04,BR0015,1023801.25,12.34,120,2024-09-28,2034-08-07,14890.5,464601.63,Current
LON0002416,CUS0007939,PRD-LN04,BR0048,6944618.17,16.04,36,2020-09-22,2023-09-07,244289.34,3607474.62,Current
LON0002417,CUS0002210,PRD-LN02,BR0044,523656.83,9.97,48,2023-05-22,2027-05-01,13273.75,386632.35,Current
LON0002418,CUS0000664,PRD-LN03,BR0036,8672998.65,11.69,84,2026-03-04,2033-01-26,151668.02,8267828.48,Current
LON0002419,CUS0002845,PRD-LN04,BR0045,5997962.43,6.63,240,2021-09-29,2041-06-16,45179.43,5394777.37,Current
LON0002420,CUS0009088,PRD-LN04,BR0031,2539480.84,10.77,180,2023-05-18,2038-02-28,28497.96,1046929.74,Current
LON0002421,CUS0008064,PRD-LN02,BR0048,2184391.52,15.93,48,2022-03-07,2026-02-14,61827.99,415607.41,Current
LON0002422,CUS0001020,PRD-LN03,BR0031,8962632.9,7.02,360,2024-11-27,2054-06-23,59749.05,2323321.77,Current
LON0002423,CUS0002267,PRD-LN02,BR0004,679104.0,15.27,84,2025-04-25,2032-03-19,13207.59,70774.75,Closed
LON0002424,CUS0003990,PRD-LN01,BR0036,396723.97,18.16,84,2023-10-11,2030-09-04,8375.53,229230.7,Current
LON0002425,CUS0005195,PRD-LN02,BR0019,1645305.71,19.68,360,2024-03-25,2053-10-19,27060.47,1376681.87,Current
LON0002426,CUS0008738,PRD-LN01,BR0043,882214.2,7.11,120,2026-02-12,2035-12-22,10293.34,594136.76,Current
LON0002427,CUS0002826,PRD-LN04,BR0026,9852804.09,4.09,48,2023-02-21,2027-01-31,222864.03,1696683.06,Closed
LON0002428,CUS0007140,PRD-LN03,BR0038,7296702.9,8.13,240,2020-08-06,2040-04-23,61624.21,3825549.44,Closed
LON0002429,CUS0000904,PRD-LN02,BR0028,2022029.84,7.93,60,2023-04-11,2028-03-15,40931.77,1255585.32,Current
LON0002430,CUS0004278,PRD-LN04,BR0012,939604.27,12.27,24,2020-01-23,2022-01-12,44349.0,219625.67,Current
LON0002431,CUS0004323,PRD-LN02,BR0027,1160897.14,21.19,84,2023-01-09,2029-12-03,26617.33,691225.98,Closed
LON0002432,CUS0005427,PRD-LN02,BR0006,493175.79,16.48,120,2022-03-24,2032-01-31,8409.47,370383.63,Current
LON0002433,CUS0000988,PRD-LN02,BR0005,1141841.44,10.79,60,2023-12-19,2028-11-22,24706.98,754981.14,Current
LON0002434,CUS0000273,PRD-LN04,BR0048,2942563.53,9.7,240,2024-01-20,2043-10-07,27814.0,805944.6,Current
LON0002435,CUS0005659,PRD-LN01,BR0045,924173.12,4.9,12,2025-08-14,2026-08-09,79073.79,247945.01,Current
LON0002436,CUS0006022,PRD-LN03,BR0026,7538582.38,8.94,84,2024-11-06,2031-10-01,121059.42,6955234.41,Closed
LON0002437,CUS0004737,PRD-LN04,BR0030,4073192.36,9.92,48,2023-07-28,2027-07-07,103150.26,504697.54,Late
LON0002438,CUS0007775,PRD-LN04,BR0011,4811209.1,9.42,12,2020-05-22,2021-05-17,421684.98,3615105.1,Current
LON0002439,CUS0004317,PRD-LN04,BR0001,7770705.68,11.74,240,2024-04-24,2044-01-10,84157.83,1347223.74,Current
LON0002440,CUS0009168,PRD-LN02,BR0017,2164765.79,3.64,36,2020-01-10,2022-12-25,63566.42,1728959.05,Current
LON0002441,CUS0001206,PRD-LN03,BR0003,1764977.95,4.36,60,2023-06-19,2028-05-23,32792.28,987078.7,Closed
LON0002442,CUS0002804,PRD-LN02,BR0037,400015.62,20.67,84,2023-08-29,2030-07-23,9044.9,304473.96,Late
LON0002443,CUS0004562,PRD-LN03,BR0010,4598550.72,7.85,24,2024-08-31,2026-08-21,207665.54,3076611.67,Current
LON0002444,CUS0001202,PRD-LN03,BR0026,12816267.79,3.78,48,2023-09-03,2027-08-13,288119.2,11439957.12,Current
LON0002445,CUS0000843,PRD-LN02,BR0016,2199008.76,12.23,240,2024-07-13,2044-03-30,24566.51,936238.44,Current
LON0002446,CUS0006710,PRD-LN01,BR0023,910179.08,19.45,60,2022-03-11,2027-02-13,23836.49,751704.66,Closed
LON0002447,CUS0005367,PRD-LN04,BR0022,8881343.2,14.23,180,2022-10-16,2037-07-29,119652.08,2945668.34,Current
LON0002448,CUS0006264,PRD-LN04,BR0018,3951846.26,9.21,48,2025-07-10,2029-06-19,98736.39,611276.26,Current
LON0002449,CUS0008812,PRD-LN03,BR0004,10175039.75,13.38,12,2022-09-14,2023-09-09,910621.86,6906973.3,Default
LON0002450,CUS0001382,PRD-LN03,BR0022,14331684.84,6.09,36,2025-08-03,2028-07-18,436582.29,1847192.78,Current
LON0002451,CUS0000235,PRD-LN02,BR0010,832775.06,3.97,120,2022-11-20,2032-09-28,8419.57,233971.8,Current
LON0002452,CUS0000394,PRD-LN02,BR0005,2061898.79,15.23,36,2025-02-16,2028-02-01,71708.85,518733.94,Current
LON0002453,CUS0009022,PRD-LN02,BR0041,396392.15,6.24,84,2025-06-12,2032-05-06,5836.43,67397.67,Current
LON0002454,CUS0001644,PRD-LN04,BR0008,3621649.81,7.48,48,2021-05-02,2025-04-11,87533.72,1515660.08,Current
LON0002455,CUS0002194,PRD-LN02,BR0042,1307566.82,5.1,48,2020-02-03,2024-01-13,30171.61,286727.29,Current
LON0002456,CUS0000624,PRD-LN02,BR0034,1699673.72,12.32,180,2021-06-22,2036-04-04,20750.16,1039780.48,Late
LON0002457,CUS0005946,PRD-LN02,BR0009,577742.57,19.9,360,2023-03-02,2052-09-25,9606.67,79097.73,Current
LON0002458,CUS0007652,PRD-LN02,BR0013,751915.34,21.71,240,2024-05-18,2044-02-03,13789.91,271448.55,Current
LON0002459,CUS0004111,PRD-LN04,BR0044,6918926.44,9.88,60,2024-01-03,2028-12-07,146598.55,2274623.88,Current
LON0002460,CUS0005251,PRD-LN04,BR0009,1244684.86,8.02,12,2023-01-12,2024-01-07,108284.69,291868.25,Current
LON0002461,CUS0004517,PRD-LN01,BR0032,1300154.46,19.0,84,2021-07-08,2028-06-01,28093.76,133314.27,Current
LON0002462,CUS0003719,PRD-LN01,BR0015,720624.88,15.43,360,2021-09-02,2051-03-29,9360.17,177029.5,Closed
LON0002463,CUS0000775,PRD-LN02,BR0043,2362655.28,9.38,240,2022-07-30,2042-04-16,21838.24,1124895.05,Current
LON0002464,CUS0007394,PRD-LN02,BR0004,2403075.88,6.41,60,2021-08-11,2026-07-16,46917.7,1241408.11,Current
LON0002465,CUS0006468,PRD-LN01,BR0023,1121419.68,14.04,120,2024-11-20,2034-09-29,17438.86,434482.49,Current
LON0002466,CUS0007818,PRD-LN04,BR0046,9478931.32,8.24,60,2022-10-07,2027-09-11,193289.15,5002639.22,Current
LON0002467,CUS0008266,PRD-LN03,BR0048,12346343.67,7.27,12,2020-03-06,2021-03-01,1069826.31,7151002.6,Current
LON0002468,CUS0003318,PRD-LN02,BR0040,1652157.76,8.21,120,2023-06-05,2033-04-13,20229.03,994097.78,Current
LON0002469,CUS0003872,PRD-LN04,BR0034,596815.01,13.68,84,2020-04-08,2027-03-03,11079.09,126670.77,Current
LON0002470,CUS0002235,PRD-LN01,BR0048,806100.0,17.18,24,2024-01-24,2026-01-13,39925.16,575868.05,Default
LON0002471,CUS0005044,PRD-LN04,BR0023,2383378.69,3.72,48,2025-01-28,2029-01-07,53516.33,1220519.62,Current
LON0002472,CUS0002740,PRD-LN03,BR0013,10858130.01,20.51,240,2023-07-12,2043-03-29,188816.62,1086781.79,Late
LON0002473,CUS0004692,PRD-LN03,BR0003,4628170.04,3.94,36,2024-06-11,2027-05-27,136518.53,4211188.69,Current
LON0002474,CUS0007410,PRD-LN03,BR0050,9257792.22,11.7,84,2022-04-24,2029-03-18,161943.79,6369085.05,Current
LON0002475,CUS0009305,PRD-LN02,BR0047,1318092.96,14.82,180,2025-03-02,2039-12-14,18285.63,327457.77,Late
LON0002476,CUS0005561,PRD-LN04,BR0038,3226200.39,18.7,36,2023-06-13,2026-05-28,117770.89,2502033.7,Current
LON0002477,CUS0006820,PRD-LN02,BR0004,2010567.48,18.59,24,2022-07-30,2024-07-19,100949.87,1603328.22,Closed
LON0002478,CUS0006705,PRD-LN04,BR0029,1620807.07,13.91,120,2020-05-25,2030-04-03,25078.06,575478.66,Current
LON0002479,CUS0003566,PRD-LN02,BR0025,300949.09,6.44,36,2023-11-10,2026-10-25,9215.57,201331.14,Current
LON0002480,CUS0005232,PRD-LN01,BR0031,97104.05,13.7,12,2022-11-02,2023-10-28,8704.99,68761.99,Late
LON0002481,CUS0006091,PRD-LN03,BR0006,10903259.0,10.07,60,2024-06-08,2029-05-13,232037.75,8281797.8,Current
LON0002482,CUS0007827,PRD-LN04,BR0039,5548454.23,10.57,120,2024-07-24,2034-06-02,75085.71,3802271.72,Closed
LON0002483,CUS0009691,PRD-LN04,BR0042,5511713.74,16.93,48,2026-01-11,2029-12-21,158841.19,4041207.71,Current
LON0002484,CUS0003038,PRD-LN03,BR0037,2862788.65,13.17,12,2025-02-25,2026-02-20,255924.87,2298930.36,Current
LON0002485,CUS0001598,PRD-LN02,BR0047,447763.8,13.37,84,2021-01-05,2027-11-30,8236.04,364748.07,Current
LON0002486,CUS0002416,PRD-LN04,BR0044,9676237.22,8.56,360,2024-09-09,2054-04-05,74813.74,8608609.87,Closed
LON0002487,CUS0003430,PRD-LN04,BR0001,2121000.35,7.63,360,2022-08-01,2052-02-25,15019.6,1257378.77,Current
LON0002488,CUS0001697,PRD-LN01,BR0003,791243.65,15.74,60,2021-07-20,2026-06-24,19132.37,288368.78,Default
LON0002489,CUS0002698,PRD-LN03,BR0010,7198026.86,12.98,48,2025-07-04,2029-06-13,193033.59,2856741.94,Current
LON0002490,CUS0003147,PRD-LN02,BR0007,337304.15,8.31,360,2020-08-20,2050-03-16,2548.3,131341.43,Current
LON0002491,CUS0004946,PRD-LN03,BR0028,9016613.18,6.8,48,2023-09-19,2027-08-29,215078.36,6450836.48,Current
LON0002492,CUS0007665,PRD-LN02,BR0029,1035056.4,17.68,360,2026-03-04,2055-09-28,15329.05,920948.46,Closed
LON0002493,CUS0001235,PRD-LN01,BR0013,112359.12,13.46,12,2025-09-05,2026-08-31,10059.88,49961.57,Current
LON0002494,CUS0006873,PRD-LN02,BR0032,1165436.83,21.1,360,2023-06-15,2053-01-08,20530.92,516306.34,Late
LON0002495,CUS0009987,PRD-LN03,BR0023,13681280.74,12.85,12,2022-11-30,2023-11-25,1221012.12,11590086.03,Current
LON0002496,CUS0001972,PRD-LN03,BR0014,10401282.6,9.09,48,2025-11-30,2029-11-09,259281.09,6908249.1,Current
LON0002497,CUS0007693,PRD-LN01,BR0029,1086191.4,12.97,180,2024-05-23,2039-03-06,13721.52,1082728.61,Current
LON0002498,CUS0006706,PRD-LN02,BR0007,1628823.64,7.14,12,2023-12-19,2024-12-13,141041.96,979497.06,Current
LON0002499,CUS0005632,PRD-LN04,BR0023,5281753.83,16.17,180,2025-03-12,2039-12-24,78200.09,5173342.83,Current
LON0002500,CUS0009706,PRD-LN03,BR0008,4541013.25,14.36,240,2023-12-28,2043-09-14,57659.6,3467215.11,Current
LON0002501,CUS0007511,PRD-LN04,BR0006,8669839.45,6.93,12,2022-04-20,2023-04-15,749893.25,4346492.45,Current
LON0002502,CUS0001964,PRD-LN02,BR0009,1887354.91,4.05,180,2026-03-14,2040-12-25,14007.87,408425.12,Current
LON0002503,CUS0001065,PRD-LN03,BR0012,1475623.26,4.49,360,2021-01-16,2050-08-12,7468.0,986997.18,Current
LON0002504,CUS0005215,PRD-LN04,BR0025,7183323.17,7.92,48,2021-03-23,2025-03-02,175096.29,5648457.13,Default
LON0002505,CUS0000338,PRD-LN02,BR0041,2099264.98,5.07,360,2022-08-02,2052-02-26,11359.29,979577.52,Current
LON0002506,CUS0008994,PRD-LN01,BR0050,861304.76,17.11,48,2020-01-08,2023-12-18,24902.03,410031.0,Current
LON0002507,CUS0003424,PRD-LN02,BR0032,2420920.49,4.97,12,2020-06-22,2021-06-17,207215.63,856928.68,Closed
LON0002508,CUS0006053,PRD-LN04,BR0048,2632789.67,12.79,24,2023-04-26,2025-04-15,124908.08,493695.4,Current
LON0002509,CUS0003600,PRD-LN02,BR0042,1642419.4,4.54,180,2020-12-08,2035-09-21,12598.0,1262166.9,Current
LON0002510,CUS0000281,PRD-LN01,BR0033,1279771.38,7.13,12,2024-08-12,2025-08-07,110811.16,831596.94,Current
LON0002511,CUS0004306,PRD-LN04,BR0016,4486943.46,8.82,24,2025-08-13,2027-08-03,204614.49,747492.26,Current
LON0002512,CUS0000554,PRD-LN04,BR0011,7282027.55,5.91,12,2020-11-14,2021-11-09,626436.92,1985934.43,Current
LON0002513,CUS0001705,PRD-LN01,BR0019,1269953.24,16.16,240,2025-04-23,2045-01-08,17820.92,297441.47,Closed
LON0002514,CUS0009894,PRD-LN03,BR0013,10275995.39,15.4,12,2020-02-17,2021-02-11,929434.69,5219787.92,Current
LON0002515,CUS0008600,PRD-LN02,BR0018,1684823.64,17.87,24,2023-03-07,2025-02-24,84007.52,526239.21,Current
LON0002516,CUS0009220,PRD-LN02,BR0037,2152325.08,18.11,240,2021-04-10,2040-12-26,33399.4,1342441.82,Current
LON0002517,CUS0005396,PRD-LN01,BR0014,423138.58,15.66,36,2021-03-23,2024-03-07,14805.37,314249.32,Current
LON0002518,CUS0009957,PRD-LN02,BR0022,1180309.01,13.01,48,2020-01-23,2024-01-02,31670.59,276621.36,Current
LON0002519,CUS0006459,PRD-LN01,BR0036,829001.6,14.1,12,2020-08-09,2021-08-04,74472.68,390382.96,Current
LON0002520,CUS0006869,PRD-LN04,BR0005,517583.65,9.98,60,2024-11-08,2029-10-13,10992.03,150573.05,Current
LON0002521,CUS0003376,PRD-LN04,BR0007,8796972.36,13.94,84,2020-01-22,2026-12-16,164563.93,7808673.28,Current
LON0002522,CUS0006576,PRD-LN04,BR0023,1955618.42,13.42,180,2020-02-04,2034-11-17,25286.2,1626606.13,Current
LON0002523,CUS0002828,PRD-LN01,BR0021,71106.94,21.74,84,2025-01-17,2031-12-12,1654.35,10346.95,Current
LON0002524,CUS0001845,PRD-LN01,BR0018,70748.59,19.77,120,2021-03-13,2031-01-20,1356.49,22040.1,Current
LON0002525,CUS0002477,PRD-LN02,BR0022,794237.58,4.19,120,2020-01-03,2029-11-11,8113.18,544604.76,Closed
LON0002526,CUS0008797,PRD-LN02,BR0024,696936.89,21.05,60,2022-04-21,2027-03-26,18874.09,200252.63,Closed
LON0002527,CUS0006697,PRD-LN04,BR0048,6712108.42,11.64,48,2022-04-20,2026-03-30,175571.48,6158014.88,Current
LON0002528,CUS0007815,PRD-LN03,BR0024,5101694.53,8.23,120,2020-12-06,2030-10-15,62519.39,3548042.25,Current
LON0002529,CUS0009755,PRD-LN01,BR0040,393617.68,5.2,120,2024-03-20,2034-01-27,4213.51,172442.55,Current
LON0002530,CUS0001282,PRD-LN03,BR0026,3783283.13,16.02,36,2020-06-07,2023-05-23,133046.37,2205555.17,Current
LON0002531,CUS0004597,PRD-LN04,BR0028,7484512.44,18.56,84,2025-12-21,2032-11-14,159774.47,6395770.68,Closed
LON0002532,CUS0005694,PRD-LN01,BR0034,406541.56,6.7,360,2022-11-03,2052-05-29,2623.32,76197.79,Current
LON0002533,CUS0004339,PRD-LN01,BR0034,465236.39,8.76,48,2021-06-17,2025-05-27,11524.48,439945.18,Current
LON0002534,CUS0000988,PRD-LN04,BR0002,9652722.33,13.99,120,2021-03-05,2031-01-12,149816.35,7935622.69,Current
LON0002535,CUS0000270,PRD-LN02,BR0028,1656334.32,9.66,120,2021-01-29,2030-12-08,21577.92,233579.76,Current
LON0002536,CUS0005113,PRD-LN03,BR0039,7783991.72,14.56,180,2021-02-07,2035-11-21,106607.54,3639867.72,Current
LON0002537,CUS0006553,PRD-LN04,BR0004,2880000.68,12.39,36,2024-04-09,2027-03-25,96194.58,1014610.93,Late
LON0002538,CUS0009148,PRD-LN02,BR0023,719265.81,7.26,240,2023-11-06,2043-07-24,5689.26,403570.78,Current
LON0002539,CUS0003576,PRD-LN03,BR0005,3035036.28,16.29,240,2020-03-04,2039-11-20,42886.82,1856563.6,Current
LON0002540,CUS0005515,PRD-LN01,BR0014,1349979.48,21.06,60,2025-07-19,2030-06-23,36567.06,1038961.85,Current
LON0002541,CUS0008937,PRD-LN03,BR0036,3327957.44,3.97,180,2024-01-25,2038-11-07,24566.5,1520894.8,Current
LON0002542,CUS0009566,PRD-LN02,BR0017,2138758.59,12.68,24,2024-03-30,2026-03-20,101359.31,1552092.95,Current
LON0002543,CUS0009161,PRD-LN01,BR0025,229161.54,14.5,60,2020-09-09,2025-08-14,5391.78,176159.01,Closed
LON0002544,CUS0000398,PRD-LN02,BR0021,1239981.31,16.96,180,2021-03-30,2036-01-11,19048.22,572441.83,Current
LON0002545,CUS0002751,PRD-LN03,BR0005,3105550.33,20.17,36,2022-09-20,2025-09-04,115682.56,768364.86,Current
LON0002546,CUS0001534,PRD-LN04,BR0010,6595103.89,14.46,12,2024-08-12,2025-08-07,593583.75,5381428.18,Current
LON0002547,CUS0008406,PRD-LN01,BR0008,1486413.42,5.15,180,2025-01-15,2039-10-29,11870.94,1189443.96,Closed
LON0002548,CUS0003184,PRD-LN02,BR0002,2251947.96,8.9,240,2025-05-05,2045-01-20,20116.76,1058298.55,Current
LON0002549,CUS0001809,PRD-LN02,BR0021,2110149.7,6.39,240,2022-12-10,2042-08-27,15596.35,1711522.53,Closed
LON0002550,CUS0006390,PRD-LN01,BR0048,841050.16,11.58,180,2022-05-12,2037-02-22,9867.88,666234.75,Current
LON0002551,CUS0009594,PRD-LN03,BR0044,6874035.42,9.43,36,2021-12-17,2024-12-01,219970.77,5500029.65,Current
LON0002552,CUS0008192,PRD-LN01,BR0032,699450.16,9.84,48,2021-10-30,2025-10-09,17686.17,528114.42,Current
LON0002553,CUS0009998,PRD-LN03,BR0050,1076674.7,10.88,24,2021-06-04,2023-05-25,50121.52,648231.22,Current
LON0002554,CUS0004173,PRD-LN01,BR0013,243349.65,13.37,12,2026-03-28,2027-03-23,21777.59,171230.23,Current
LON0002555,CUS0004885,PRD-LN03,BR0019,8183370.8,18.61,12,2023-07-16,2024-07-10,752629.11,1496801.83,Current
LON0002556,CUS0009120,PRD-LN02,BR0039,844371.89,10.79,60,2022-06-11,2027-05-16,18270.38,125703.59,Current
LON0002557,CUS0005023,PRD-LN02,BR0004,924813.52,17.15,120,2023-04-25,2033-03-03,16161.05,521634.81,Current
LON0002558,CUS0004840,PRD-LN01,BR0030,491105.74,14.61,24,2024-01-05,2025-12-25,23721.17,180073.58,Current
LON0002559,CUS0009357,PRD-LN02,BR0041,1302421.94,4.66,84,2023-01-01,2029-11-25,18200.96,1186686.77,Current
LON0002560,CUS0005590,PRD-LN02,BR0009,504326.14,11.47,180,2022-09-10,2037-06-23,5881.87,278089.69,Current
LON0002561,CUS0001112,PRD-LN04,BR0018,7028027.44,18.0,36,2026-02-13,2029-01-28,254080.03,1779925.93,Closed
LON0002562,CUS0000936,PRD-LN02,BR0039,1586281.07,13.71,84,2025-05-31,2032-04-24,29473.38,1561233.61,Current
LON0002563,CUS0008384,PRD-LN01,BR0048,982784.47,21.47,24,2024-12-07,2026-11-27,50728.19,483431.73,Current
LON0002564,CUS0006432,PRD-LN03,BR0023,10731916.88,14.38,180,2020-06-29,2035-04-12,145671.65,1658753.49,Current
LON0002565,CUS0009510,PRD-LN02,BR0010,924497.62,3.6,180,2023-11-05,2038-08-18,6654.57,345890.77,Current
LON0002566,CUS0004442,PRD-LN03,BR0030,12994031.69,5.41,48,2021-04-05,2025-03-15,301662.7,7011537.48,Current
LON0002567,CUS0007891,PRD-LN01,BR0009,914493.95,15.03,12,2020-12-13,2021-12-08,82553.63,779349.27,Late
LON0002568,CUS0004131,PRD-LN01,BR0031,732275.02,8.54,24,2024-02-21,2026-02-10,33299.46,496399.45,Closed
LON0002569,CUS0003454,PRD-LN01,BR0005,696605.86,17.64,360,2024-05-25,2053-12-19,10293.94,673295.8,Current
LON0002570,CUS0002048,PRD-LN01,BR0022,319075.5,6.31,36,2024-03-18,2027-03-03,9751.78,186864.4,Current
LON0002571,CUS0006813,PRD-LN03,BR0048,7017551.26,5.23,120,2024-04-18,2034-02-25,75223.45,3303912.02,Closed
LON0002572,CUS0005707,PRD-LN04,BR0043,5315873.51,9.53,12,2022-11-15,2023-11-10,466188.52,4274790.55,Current
LON0002573,CUS0002360,PRD-LN01,BR0001,1117538.83,19.87,60,2021-03-28,2026-03-02,29527.17,285287.76,Closed
LON0002574,CUS0002403,PRD-LN03,BR0035,4362864.36,16.86,12,2023-11-21,2024-11-15,397624.15,3007335.26,Current
LON0002575,CUS0009494,PRD-LN01,BR0004,955376.27,5.77,360,2026-03-26,2055-10-20,5587.46,322903.55,Current
LON0002576,CUS0005989,PRD-LN04,BR0048,6249707.98,20.2,360,2020-07-05,2050-01-29,105462.35,4661151.75,Current
LON0002577,CUS0002379,PRD-LN02,BR0002,1493814.11,5.01,84,2023-06-17,2030-05-11,21120.45,1385982.46,Current
LON0002578,CUS0005770,PRD-LN03,BR0050,4898359.81,6.27,60,2025-12-28,2030-12-02,95315.21,4186157.74,Closed
LON0002579,CUS0004124,PRD-LN02,BR0037,2370221.13,10.09,60,2021-01-01,2025-12-06,50465.22,647862.74,Current
LON0002580,CUS0005804,PRD-LN04,BR0006,5085452.18,15.36,180,2024-12-22,2039-10-05,72433.42,4645329.81,Current
LON0002581,CUS0006664,PRD-LN01,BR0031,156095.95,7.68,60,2023-07-19,2028-06-22,3141.21,82654.02,Current
LON0002582,CUS0007690,PRD-LN03,BR0020,3354840.47,15.43,48,2021-02-02,2025-01-12,94100.61,2620231.28,Current
LON0002583,CUS0008099,PRD-LN01,BR0001,985698.33,5.03,12,2023-02-18,2024-02-13,84396.7,653438.73,Current
LON0002584,CUS0000798,PRD-LN02,BR0009,2423995.32,21.08,360,2023-04-18,2052-11-11,42662.32,1067583.76,Current
LON0002585,CUS0005649,PRD-LN03,BR0019,5293643.76,21.14,36,2025-08-18,2028-08-02,199819.1,1563132.67,Current
LON0002586,CUS0008317,PRD-LN01,BR0045,873231.68,12.51,48,2020-06-28,2024-06-07,23214.81,318671.29,Current
LON0002587,CUS0004571,PRD-LN04,BR0050,8725293.62,16.84,240,2022-05-15,2042-01-30,126922.1,6610292.04,Current
LON0002588,CUS0002930,PRD-LN03,BR0050,11229318.16,4.86,84,2024-09-30,2031-08-25,157976.51,10869298.36,Late
LON0002589,CUS0002166,PRD-LN02,BR0015,1917030.68,5.38,60,2023-04-10,2028-03-14,36511.43,1743118.42,Current
LON0002590,CUS0004285,PRD-LN04,BR0027,6383367.19,10.16,12,2020-03-07,2021-03-02,561674.52,3990303.25,Current
LON0002591,CUS0005192,PRD-LN03,BR0002,12372139.27,16.33,36,2023-10-18,2026-10-02,436986.09,4628565.61,Current
LON0002592,CUS0004179,PRD-LN02,BR0002,2158598.07,6.69,84,2025-01-12,2031-12-07,32252.89,849707.34,Current
LON0002593,CUS0008168,PRD-LN01,BR0023,1080509.79,16.43,120,2023-03-24,2033-01-30,18390.56,431697.44,Current
LON0002594,CUS0007971,PRD-LN02,BR0020,1599384.12,16.88,240,2025-12-14,2045-08-31,23313.94,729900.17,Current
LON0002595,CUS0007878,PRD-LN04,BR0037,7658698.69,9.81,60,2023-11-17,2028-10-21,162009.64,7089174.38,Current
LON0002596,CUS0000593,PRD-LN01,BR0009,914677.23,13.77,60,2025-07-16,2030-06-20,21174.03,339984.72,Current
LON0002597,CUS0006429,PRD-LN04,BR0037,2753171.34,6.0,24,2020-12-16,2022-12-06,122022.23,1652285.33,Current
LON0002598,CUS0001103,PRD-LN03,BR0040,11995559.39,18.4,360,2020-06-15,2050-01-09,184703.46,11487388.95,Current
LON0002599,CUS0008200,PRD-LN01,BR0024,181537.28,12.27,48,2020-10-07,2024-09-16,4804.67,168049.21,Current
LON0002600,CUS0006627,PRD-LN02,BR0015,517062.81,8.95,360,2020-07-15,2050-02-08,4141.82,407364.87,Current
LON0002601,CUS0000452,PRD-LN03,BR0016,7784918.7,3.68,60,2021-08-15,2026-07-20,142249.67,3168003.65,Current
LON0002602,CUS0009166,PRD-LN03,BR0043,7004321.82,5.85,180,2025-05-06,2040-02-17,58540.33,2615784.89,Closed
LON0002603,CUS0008438,PRD-LN03,BR0019,6041052.06,21.43,180,2025-04-08,2040-01-20,112534.31,4132034.37,Current
LON0002604,CUS0000858,PRD-LN03,BR0042,11549466.64,13.77,180,2025-07-20,2040-05-02,152028.46,8072875.21,Default
LON0002605,CUS0005144,PRD-LN04,BR0009,3118232.0,19.64,360,2022-09-08,2052-04-03,51183.31,1295908.62,Current
LON0002606,CUS0002503,PRD-LN04,BR0050,6921839.12,20.0,60,2022-01-06,2026-12-11,183386.4,5546914.04,Current
LON0002607,CUS0001473,PRD-LN01,BR0035,888117.95,9.28,360,2023-09-09,2053-04-04,7325.64,434165.4,Current
LON0002608,CUS0000900,PRD-LN02,BR0033,455049.03,9.63,48,2025-03-05,2029-02-12,11460.53,353905.98,Current
LON0002609,CUS0006101,PRD-LN03,BR0034,4907753.12,8.51,48,2021-07-29,2025-07-08,120990.96,1420962.5,Current
LON0002610,CUS0004441,PRD-LN03,BR0042,6239199.91,15.15,180,2024-04-05,2039-01-17,87964.94,6222086.51,Current
LON0002611,CUS0001592,PRD-LN03,BR0035,12048492.68,13.57,60,2025-10-23,2030-09-27,277668.65,1238262.52,Current
LON0002612,CUS0001034,PRD-LN02,BR0044,1785282.87,5.88,120,2022-05-09,2032-03-17,19712.89,455097.25,Current
LON0002613,CUS0005360,PRD-LN03,BR0045,2374628.31,14.99,60,2022-02-05,2027-01-10,56479.78,790057.74,Current
LON0002614,CUS0009535,PRD-LN03,BR0025,1041075.14,18.52,180,2025-02-06,2039-11-20,17156.63,734286.87,Late
LON0002615,CUS0009060,PRD-LN03,BR0013,10970431.55,20.52,84,2022-11-16,2029-10-10,247058.11,6361925.22,Current
LON0002616,CUS0009496,PRD-LN02,BR0044,1997542.1,3.83,120,2026-03-15,2036-01-22,20063.15,1470324.24,Current
LON0002617,CUS0007965,PRD-LN02,BR0014,535138.49,8.81,12,2022-10-24,2023-10-19,46751.51,280828.27,Current
LON0002618,CUS0008639,PRD-LN02,BR0001,1233497.72,17.22,84,2026-02-09,2033-01-03,25364.59,159449.62,Current
LON0002619,CUS0002444,PRD-LN02,BR0014,2225861.85,16.01,48,2020-11-02,2024-10-12,63092.95,571262.36,Current
LON0002620,CUS0000952,PRD-LN02,BR0029,1937937.88,6.59,84,2024-09-24,2031-08-19,28861.8,642831.02,Closed
LON0002621,CUS0007917,PRD-LN02,BR0047,1076613.22,6.57,360,2020-12-24,2050-07-20,6854.57,649073.92,Current
LON0002622,CUS0008386,PRD-LN01,BR0012,255266.97,11.88,24,2025-01-26,2027-01-16,12002.0,175979.5,Current
LON0002623,CUS0001520,PRD-LN01,BR0007,297381.01,9.29,360,2024-04-29,2053-11-23,2455.11,45496.46,Current
LON0002624,CUS0003933,PRD-LN01,BR0049,684243.15,9.63,240,2021-06-20,2041-03-07,6436.24,438209.79,Current
LON0002625,CUS0008776,PRD-LN03,BR0014,5536772.04,21.68,180,2022-10-26,2037-08-08,104181.23,3694928.76,Default
LON0002626,CUS0000064,PRD-LN03,BR0021,12001816.2,17.91,36,2024-12-18,2027-12-03,433352.74,11237096.8,Current
LON0002627,CUS0007019,PRD-LN03,BR0040,3540354.51,9.86,48,2023-03-25,2027-03-04,89554.69,2364593.78,Current
LON0002628,CUS0008600,PRD-LN02,BR0027,2367271.0,10.92,60,2020-08-18,2025-07-23,51375.81,709263.25,Closed
LON0002629,CUS0008062,PRD-LN03,BR0046,11018605.62,16.1,120,2025-08-05,2035-06-14,185263.36,7675178.47,Current
LON0002630,CUS0000309,PRD-LN03,BR0050,1890253.37,21.49,240,2021-12-21,2041-09-07,34336.21,314462.26,Current
LON0002631,CUS0006663,PRD-LN04,BR0046,3367717.76,14.75,84,2025-11-25,2032-10-19,64514.56,427877.59,Current
LON0002632,CUS0001831,PRD-LN02,BR0024,1154330.81,11.66,240,2024-11-02,2044-07-20,12437.63,1017207.85,Current
LON0002633,CUS0002211,PRD-LN02,BR0017,1427622.57,13.03,240,2025-01-15,2044-10-02,16756.2,186071.92,Current
LON0002634,CUS0007999,PRD-LN02,BR0032,672043.02,3.92,180,2021-01-11,2035-10-25,4944.12,273353.54,Current
LON0002635,CUS0003157,PRD-LN04,BR0002,4338079.21,11.15,60,2023-03-09,2028-02-11,94645.19,3377954.58,Current
LON0002636,CUS0009032,PRD-LN04,BR0018,2107341.5,6.96,240,2021-08-11,2041-04-28,16287.64,544521.08,Current
LON0002637,CUS0008955,PRD-LN03,BR0047,3324859.87,8.71,180,2021-02-05,2035-11-19,33151.77,2180056.12,Current
LON0002638,CUS0001931,PRD-LN04,BR0010,2863256.93,20.77,60,2023-05-30,2028-05-03,77090.73,890396.88,Current
LON0002639,CUS0002132,PRD-LN04,BR0019,7342314.6,11.54,24,2024-11-10,2026-10-31,344053.1,2812784.86,Current
LON0002640,CUS0004788,PRD-LN02,BR0034,2111925.15,6.37,240,2024-03-19,2043-12-05,15584.73,1199943.63,Default
LON0002641,CUS0006556,PRD-LN02,BR0015,659352.51,18.61,48,2026-01-02,2029-12-12,19579.28,227785.34,Current
LON0002642,CUS0006202,PRD-LN04,BR0007,9238809.44,13.91,12,2022-09-11,2023-09-06,829134.89,4759394.71,Current
LON0002643,CUS0001835,PRD-LN04,BR0027,8643501.86,13.92,360,2023-05-22,2052-12-15,101867.35,6118246.19,Closed
LON0002644,CUS0000135,PRD-LN03,BR0011,4846134.98,19.89,24,2024-03-21,2026-03-11,246387.59,4018096.15,Current
LON0002645,CUS0006578,PRD-LN04,BR0025,1050022.18,13.94,240,2022-09-02,2042-05-20,13011.51,199747.29,Late
LON0002646,CUS0000795,PRD-LN03,BR0002,3176823.08,6.22,12,2024-11-29,2025-11-24,273739.16,995862.7,Current
LON0002647,CUS0006015,PRD-LN04,BR0026,7061125.54,20.43,24,2022-09-02,2024-08-22,360866.67,4606226.67,Closed
LON0002648,CUS0001893,PRD-LN04,BR0034,3074864.9,7.21,120,2021-02-13,2030-12-23,36035.47,453401.35,Current
LON0002649,CUS0001550,PRD-LN02,BR0014,1613585.71,3.67,360,2025-05-21,2054-12-15,7399.71,1404200.64,Current
LON0002650,CUS0001989,PRD-LN04,BR0015,3292502.38,11.11,24,2024-07-24,2026-07-14,153624.62,3269949.2,Current
LON0002651,CUS0005008,PRD-LN04,BR0009,5192166.21,8.16,48,2025-02-25,2029-02-04,127146.27,946963.4,Closed
LON0002652,CUS0008288,PRD-LN01,BR0001,453024.11,15.91,24,2023-11-18,2025-11-07,22161.99,127494.29,Current
LON0002653,CUS0004681,PRD-LN04,BR0045,4205265.42,11.59,180,2026-01-27,2040-11-09,49366.36,3000188.49,Late
LON0002654,CUS0002172,PRD-LN04,BR0002,5016300.26,10.08,240,2020-07-30,2040-04-16,48674.57,606363.72,Current
LON0002655,CUS0001505,PRD-LN04,BR0024,6873748.35,18.51,36,2024-08-11,2027-07-27,250264.59,5584484.82,Current
LON0002656,CUS0006260,PRD-LN02,BR0036,1482037.3,20.13,120,2025-07-30,2035-06-08,28769.07,1007495.23,Current
LON0002657,CUS0001386,PRD-LN02,BR0039,887018.37,9.59,360,2024-01-12,2053-08-07,7516.85,209695.87,Current
LON0002658,CUS0008979,PRD-LN04,BR0014,9337560.29,4.92,60,2021-09-19,2026-08-24,175869.25,9253458.73,Late
LON0002659,CUS0004555,PRD-LN04,BR0038,8655445.2,12.61,12,2025-03-25,2026-03-20,771497.95,3138846.18,Current
LON0002660,CUS0007747,PRD-LN04,BR0023,6872034.1,18.96,84,2022-07-01,2029-05-25,148327.75,2981765.3,Current
LON0002661,CUS0003617,PRD-LN04,BR0021,3746584.98,5.93,240,2026-02-26,2045-11-13,26690.62,2613217.84,Late
LON0002662,CUS0008332,PRD-LN03,BR0041,4837309.23,4.07,120,2023-02-25,2033-01-03,49136.49,3274854.81,Late
LON0002663,CUS0007188,PRD-LN04,BR0044,3724866.33,15.3,36,2021-12-26,2024-12-10,129671.61,2144403.49,Current
LON0002664,CUS0006140,PRD-LN04,BR0009,1201739.16,21.71,360,2024-04-12,2053-11-06,21775.72,800972.49,Late
LON0002665,CUS0003902,PRD-LN04,BR0036,1827546.25,20.51,360,2023-04-19,2052-11-12,31305.96,526514.9,Closed
LON0002666,CUS0007532,PRD-LN02,BR0024,576161.67,11.95,60,2024-10-07,2029-09-11,12801.85,433390.82,Current
LON0002667,CUS0007179,PRD-LN01,BR0030,977911.53,19.9,120,2024-09-18,2034-07-28,18833.9,689426.45,Current
LON0002668,CUS0002731,PRD-LN01,BR0013,231055.56,10.65,36,2021-06-26,2024-06-10,7526.22,160293.8,Current
LON0002669,CUS0001033,PRD-LN02,BR0049,2302133.59,10.06,180,2023-03-25,2038-01-05,24823.42,1728967.94,Current
LON0002670,CUS0001424,PRD-LN03,BR0027,7649855.34,12.13,48,2025-09-07,2029-08-17,201938.66,4550361.45,Current
LON0002671,CUS0008680,PRD-LN01,BR0045,559459.88,7.41,120,2020-02-28,2030-01-06,6614.64,451109.16,Current
LON0002672,CUS0006663,PRD-LN03,BR0044,5065352.16,10.87,12,2025-12-22,2026-12-17,447377.13,541808.15,Late
LON0002673,CUS0005600,PRD-LN03,BR0043,4490872.8,6.65,120,2021-12-06,2031-10-15,51336.37,2514872.05,Current
LON0002674,CUS0009005,PRD-LN03,BR0023,8436511.85,12.36,84,2023-09-25,2030-08-19,150556.58,3595755.99,Current
LON0002675,CUS0003373,PRD-LN03,BR0019,14586176.16,6.79,60,2022-04-01,2027-03-06,287380.78,3490613.83,Current
LON0002676,CUS0003986,PRD-LN02,BR0025,1145340.97,18.97,48,2025-07-26,2029-07-05,34227.7,770836.81,Current
LON0002677,CUS0006214,PRD-LN03,BR0026,12377334.31,9.2,24,2020-02-14,2022-02-03,566591.79,8676905.95,Current
LON0002678,CUS0001060,PRD-LN02,BR0041,1772679.23,11.13,360,2024-07-20,2054-02-13,17056.0,497859.09,Late
LON0002679,CUS0009989,PRD-LN01,BR0007,529669.31,6.97,36,2026-03-19,2029-03-03,16347.39,283438.25,Current
LON0002680,CUS0002013,PRD-LN04,BR0028,5155437.08,14.37,120,2023-05-17,2033-03-25,81197.52,1809774.15,Current
LON0002681,CUS0003082,PRD-LN02,BR0025,963211.34,6.29,24,2025-07-22,2027-07-12,42816.09,746462.61,Current
LON0002682,CUS0004258,PRD-LN04,BR0040,6404017.32,16.78,120,2022-03-19,2032-01-26,110409.16,4616596.28,Current
LON0002683,CUS0005055,PRD-LN04,BR0028,3435243.5,16.99,12,2020-10-18,2021-10-13,313294.23,1388844.31,Current
LON0002684,CUS0002612,PRD-LN01,BR0047,749041.05,14.03,36,2020-01-06,2022-12-21,25611.36,467604.96,Current
LON0002685,CUS0004504,PRD-LN02,BR0046,639933.71,8.81,12,2022-02-22,2023-02-17,55906.78,220207.36,Default
LON0002686,CUS0000992,PRD-LN03,BR0025,3666406.04,11.95,60,2020-12-22,2025-11-26,81464.57,2718654.39,Late
LON0002687,CUS0004880,PRD-LN04,BR0019,3633489.31,20.22,48,2023-04-25,2027-04-04,110994.74,450349.81,Current
LON0002688,CUS0009765,PRD-LN01,BR0030,1493764.7,8.32,12,2023-10-29,2024-10-23,130161.36,1101404.56,Closed
LON0002689,CUS0009371,PRD-LN04,BR0004,5823356.55,5.6,12,2023-08-07,2024-08-01,500125.5,4577613.07,Current
LON0002690,CUS0004715,PRD-LN02,BR0049,1861142.64,17.86,60,2020-07-01,2025-06-05,47119.16,911724.45,Current
LON0002691,CUS0001301,PRD-LN02,BR0007,1245219.35,13.08,48,2025-05-27,2029-05-06,33455.58,458625.51,Current
LON0002692,CUS0004773,PRD-LN03,BR0033,7636768.21,14.84,60,2025-06-24,2030-05-29,181037.43,4995029.13,Current
LON0002693,CUS0008303,PRD-LN02,BR0004,2251812.31,16.4,12,2022-01-31,2023-01-26,204735.35,1515184.97,Current
LON0002694,CUS0001515,PRD-LN01,BR0017,1465631.9,16.76,60,2024-10-29,2029-10-03,36235.86,866662.66,Current
LON0002695,CUS0002504,PRD-LN01,BR0045,982292.58,9.41,12,2020-07-22,2021-07-17,86089.81,871104.09,Late
LON0002696,CUS0001354,PRD-LN04,BR0048,3465997.0,12.46,24,2020-11-25,2022-11-15,163902.06,562105.28,Closed
LON0002697,CUS0004137,PRD-LN01,BR0024,72587.14,15.44,240,2023-06-26,2043-03-13,979.5,11144.7,Late
LON0002698,CUS0004856,PRD-LN02,BR0019,1135474.52,21.97,12,2024-02-03,2025-01-28,106257.64,220494.77,Current
LON0002699,CUS0002815,PRD-LN01,BR0047,1190666.71,14.67,360,2023-01-18,2052-08-13,14741.6,155158.46,Current
LON0002700,CUS0002781,PRD-LN02,BR0049,1735924.52,4.88,24,2020-09-01,2022-08-22,76064.16,1590535.97,Current
LON0002701,CUS0008937,PRD-LN02,BR0009,1920561.57,21.69,180,2026-01-13,2040-10-26,36152.21,1200928.78,Current
LON0002702,CUS0001968,PRD-LN04,BR0021,3622766.28,20.74,36,2024-02-29,2027-02-13,136004.82,3515763.19,Closed
LON0002703,CUS0006525,PRD-LN01,BR0023,370161.46,17.93,36,2023-11-07,2026-10-22,13369.23,195456.75,Current
LON0002704,CUS0003859,PRD-LN01,BR0048,900629.55,20.91,12,2026-04-26,2027-04-21,83822.12,468196.15,Current
LON0002705,CUS0009205,PRD-LN04,BR0030,623860.43,16.44,12,2024-08-28,2025-08-23,56733.37,504428.76,Late
LON0002706,CUS0009277,PRD-LN03,BR0036,1689601.83,16.39,12,2022-05-12,2023-05-07,153611.02,917268.71,Current
LON0002707,CUS0001795,PRD-LN03,BR0004,9070604.55,10.9,240,2023-01-09,2042-09-26,93009.21,2149115.86,Current
LON0002708,CUS0002281,PRD-LN02,BR0012,2109017.05,5.22,60,2021-03-02,2026-02-04,40012.67,713396.73,Current
LON0002709,CUS0007480,PRD-LN02,BR0025,915294.5,6.4,12,2024-03-11,2025-03-06,78944.51,832827.45,Current
LON0002710,CUS0007021,PRD-LN03,BR0024,7093824.95,8.13,60,2021-05-30,2026-05-04,144278.95,1876522.33,Late
LON0002711,CUS0009150,PRD-LN02,BR0043,1706770.69,18.58,12,2024-08-01,2025-07-27,156948.23,528954.83,Current
LON0002712,CUS0002202,PRD-LN01,BR0016,1326472.93,9.64,120,2025-05-31,2035-04-09,17266.07,741493.55,Current
LON0002713,CUS0006676,PRD-LN02,BR0002,1432534.0,15.23,240,2025-02-16,2044-11-03,19107.36,1105804.01,Current
LON0002714,CUS0004980,PRD-LN01,BR0031,1122296.01,12.48,24,2023-01-01,2024-12-21,53082.29,535524.86,Current
LON0002715,CUS0000900,PRD-LN02,BR0021,1389383.5,18.03,48,2023-05-02,2027-04-11,40834.92,1025834.57,Closed
LON0002716,CUS0002859,PRD-LN02,BR0035,1687534.02,16.71,84,2024-05-31,2031-04-25,34203.88,1098780.05,Current
LON0002717,CUS0004248,PRD-LN01,BR0019,381520.01,7.37,240,2023-01-24,2042-10-11,3043.24,141377.27,Current
LON0002718,CUS0000705,PRD-LN04,BR0006,6040825.46,17.69,36,2023-07-13,2026-06-27,217452.04,2022162.33,Current
LON0002719,CUS0000367,PRD-LN04,BR0036,905073.71,4.74,84,2023-12-06,2030-10-30,12681.95,183328.83,Current
LON0002720,CUS0001288,PRD-LN03,BR0011,13087948.61,7.33,48,2025-08-14,2029-07-24,315414.92,12939254.57,Late
LON0002721,CUS0001001,PRD-LN04,BR0035,8962667.9,18.96,24,2023-12-21,2025-12-10,451621.53,3118685.6,Current
LON0002722,CUS0002954,PRD-LN04,BR0006,2236953.55,21.9,180,2025-11-14,2040-08-27,42461.99,394631.91,Current
LON0002723,CUS0008912,PRD-LN01,BR0038,1417838.19,6.72,48,2025-05-02,2029-04-11,33768.02,1035874.33,Current
LON0002724,CUS0001412,PRD-LN02,BR0001,1117883.15,20.72,48,2024-05-19,2028-04-28,34447.89,349540.37,Current
LON0002725,CUS0001948,PRD-LN04,BR0039,597043.45,3.89,36,2025-01-03,2027-12-19,17597.9,548181.04,Current
LON0002726,CUS0009743,PRD-LN03,BR0039,14499284.03,18.62,60,2022-02-17,2027-01-22,373094.26,3539979.43,Current
LON0002727,CUS0009638,PRD-LN02,BR0005,1301367.74,16.21,240,2021-12-24,2041-09-10,18310.7,1217558.72,Current
LON0002728,CUS0005839,PRD-LN02,BR0038,1140016.23,10.8,36,2021-05-17,2024-05-01,37214.79,340684.36,Closed
LON0002729,CUS0009020,PRD-LN01,BR0033,1292015.38,7.82,120,2025-07-12,2035-05-21,15553.1,793826.63,Current
LON0002730,CUS0000809,PRD-LN03,BR0027,8507248.34,7.43,48,2021-01-13,2024-12-23,205418.13,1940815.7,Closed
LON0002731,CUS0000022,PRD-LN04,BR0001,5768163.58,11.69,24,2024-09-03,2026-08-24,270693.2,2690340.57,Current
LON0002732,CUS0004090,PRD-LN04,BR0035,3518258.75,10.34,36,2021-03-12,2024-02-25,114086.75,2846491.13,Default
LON0002733,CUS0009012,PRD-LN02,BR0016,2118895.42,15.91,120,2025-03-16,2035-01-23,35375.53,781602.76,Current
LON0002734,CUS0009237,PRD-LN04,BR0005,6003636.14,11.94,84,2025-05-19,2032-04-12,105788.04,1378075.0,Current
LON0002735,CUS0007568,PRD-LN02,BR0012,640679.13,11.81,360,2025-05-24,2054-12-18,6496.56,184180.63,Late
LON0002736,CUS0009334,PRD-LN04,BR0002,6677936.76,14.06,84,2021-11-09,2028-10-03,125366.06,6406904.63,Late
LON0002737,CUS0003326,PRD-LN02,BR0001,2315463.54,3.72,84,2020-02-06,2026-12-31,31352.06,1626262.87,Current
LON0002738,CUS0002044,PRD-LN04,BR0033,6933950.87,8.72,48,2026-02-18,2030-01-28,171631.24,3569663.93,Late
LON0002739,CUS0003125,PRD-LN01,BR0032,641730.52,4.17,12,2021-11-18,2022-11-13,54693.15,157856.44,Current
LON0002740,CUS0006436,PRD-LN04,BR0012,7224905.33,20.52,48,2020-02-18,2024-01-28,221863.13,1901566.5,Current
LON0002741,CUS0009161,PRD-LN03,BR0044,4501210.26,9.24,12,2022-05-10,2023-05-05,394138.62,3642361.78,Late
LON0002742,CUS0002509,PRD-LN04,BR0044,7701668.02,10.2,180,2025-10-23,2040-08-05,83707.39,7136109.66,Current
LON0002743,CUS0002889,PRD-LN04,BR0042,9578179.57,19.4,24,2024-01-07,2025-12-27,484686.26,1062326.66,Closed
LON0002744,CUS0002787,PRD-LN02,BR0005,2349712.97,14.91,84,2024-09-21,2031-08-16,45223.27,1709427.81,Current
LON0002745,CUS0003694,PRD-LN01,BR0001,54617.66,21.19,360,2020-02-29,2049-09-24,966.23,6323.81,Current
LON0002746,CUS0003059,PRD-LN02,BR0029,713979.23,9.61,12,2022-02-07,2023-02-02,62640.69,359315.33,Current
LON0002747,CUS0007513,PRD-LN03,BR0039,13054503.77,3.78,36,2024-08-06,2027-07-22,384144.69,12273178.57,Current
LON0002748,CUS0000719,PRD-LN04,BR0010,7082345.28,10.44,36,2021-01-13,2023-12-29,229993.21,737429.44,Current
LON0002749,CUS0009178,PRD-LN03,BR0016,5964653.62,10.67,84,2026-03-13,2033-02-04,101097.41,1015782.17,Current
LON0002750,CUS0003546,PRD-LN02,BR0011,2475377.0,9.03,24,2025-01-11,2027-01-01,113121.04,618196.45,Current
LON0002751,CUS0003227,PRD-LN04,BR0022,2564664.22,9.81,360,2022-12-08,2052-07-03,22147.52,1324063.89,Current
LON0002752,CUS0008217,PRD-LN03,BR0001,4159346.95,4.06,120,2021-10-22,2031-08-31,42230.07,2848477.41,Current
LON0002753,CUS0007232,PRD-LN03,BR0015,9803072.12,10.0,24,2021-07-03,2023-06-23,452362.04,9580182.9,Current
LON0002754,CUS0003041,PRD-LN04,BR0011,3321124.72,10.42,48,2025-06-27,2029-06-06,84903.76,3217537.12,Current
LON0002755,CUS0007340,PRD-LN04,BR0043,6519896.5,19.31,12,2025-05-06,2026-05-01,601816.39,1162934.79,Current
LON0002756,CUS0004430,PRD-LN04,BR0013,4791523.05,8.82,48,2022-11-22,2026-11-01,118828.14,2514603.07,Default
LON0002757,CUS0003361,PRD-LN04,BR0037,4630121.85,15.13,180,2020-07-08,2035-04-21,65215.35,642306.59,Current
LON0002758,CUS0005418,PRD-LN01,BR0017,708069.85,15.44,36,2024-05-10,2027-04-25,24698.32,486183.68,Current
LON0002759,CUS0005546,PRD-LN04,BR0024,5261456.79,13.53,36,2026-03-23,2029-03-07,178625.4,4269338.3,Current
LON0002760,CUS0009468,PRD-LN01,BR0042,359366.37,21.21,120,2025-09-17,2035-07-27,7235.67,97436.77,Current
LON0002761,CUS0005594,PRD-LN02,BR0030,921126.94,13.25,48,2023-02-01,2027-01-11,24825.98,865688.39,Current
LON0002762,CUS0004806,PRD-LN04,BR0025,5656435.74,5.75,24,2023-02-21,2025-02-10,250059.98,5032226.91,Current
LON0002763,CUS0003502,PRD-LN04,BR0035,3054336.66,14.31,84,2022-07-17,2029-06-10,57762.63,1834347.23,Current
LON0002764,CUS0003122,PRD-LN01,BR0001,657769.48,9.35,360,2021-10-06,2051-05-02,5459.04,379317.27,Current
LON0002765,CUS0004227,PRD-LN04,BR0045,8328957.33,5.83,360,2025-04-01,2054-10-26,49029.64,8013924.33,Current
LON0002766,CUS0002314,PRD-LN04,BR0030,8874359.58,12.2,36,2022-01-30,2025-01-14,295604.16,1125015.46,Current
LON0002767,CUS0000059,PRD-LN03,BR0048,9912085.48,16.08,24,2021-01-05,2022-12-26,485705.51,4110803.31,Current
LON0002768,CUS0001347,PRD-LN02,BR0050,1551044.88,20.16,360,2025-10-21,2055-05-17,26122.45,168313.43,Current
LON0002769,CUS0005646,PRD-LN02,BR0011,1948003.44,5.37,48,2024-06-16,2028-05-26,45188.37,1374579.06,Current
LON0002770,CUS0008129,PRD-LN03,BR0018,1287669.13,5.04,60,2021-01-22,2025-12-27,24323.51,289822.69,Current
LON0002771,CUS0001421,PRD-LN04,BR0040,5570759.64,6.36,48,2024-01-13,2027-12-23,131750.9,1966930.58,Current
LON0002772,CUS0009727,PRD-LN03,BR0017,12534698.27,4.98,12,2023-12-21,2024-12-15,1072949.07,5517211.96,Current
LON0002773,CUS0001021,PRD-LN03,BR0009,5956548.57,19.44,12,2021-02-20,2022-02-15,550186.74,4832258.75,Current
LON0002774,CUS0009999,PRD-LN02,BR0042,2408166.29,18.72,48,2024-02-07,2028-01-17,71649.13,2147938.48,Current
LON0002775,CUS0004372,PRD-LN04,BR0027,614343.7,14.83,120,2022-04-23,2032-03-01,9847.65,599408.06,Current
LON0002776,CUS0007931,PRD-LN04,BR0032,4762106.35,3.77,48,2022-10-24,2026-10-03,107034.43,2140533.73,Current
LON0002777,CUS0007917,PRD-LN01,BR0015,1404559.92,4.14,24,2020-08-26,2022-08-16,61080.46,637260.9,Current
LON0002778,CUS0009521,PRD-LN04,BR0019,7351196.34,11.94,360,2023-07-31,2053-02-23,75275.99,1086739.61,Current
LON0002779,CUS0000572,PRD-LN04,BR0034,4401864.59,10.12,360,2021-07-22,2051-02-15,39020.42,1043440.22,Closed
LON0002780,CUS0007208,PRD-LN01,BR0037,1236596.5,9.15,24,2023-10-11,2025-09-30,56578.74,1034189.73,Current
LON0002781,CUS0003918,PRD-LN04,BR0037,6274075.31,14.46,36,2023-01-06,2025-12-21,215837.43,4861387.07,Current
LON0002782,CUS0005779,PRD-LN01,BR0012,724916.55,16.94,36,2021-04-11,2024-03-26,25823.61,205386.67,Late
LON0002783,CUS0008720,PRD-LN04,BR0044,8368044.97,11.82,84,2022-10-19,2029-09-12,146914.56,1213166.47,Current
LON0002784,CUS0003367,PRD-LN02,BR0013,746804.08,12.56,240,2020-06-07,2040-02-23,8516.35,591329.45,Current
LON0002785,CUS0002187,PRD-LN02,BR0009,1592309.25,16.53,120,2022-04-24,2032-03-02,27201.56,832944.82,Current
LON0002786,CUS0000440,PRD-LN02,BR0038,1320223.79,18.53,84,2025-02-07,2032-01-02,28159.88,1163654.18,Late
LON0002787,CUS0000763,PRD-LN03,BR0005,7281894.44,11.1,36,2023-10-18,2026-10-02,238744.87,6187209.79,Current
LON0002788,CUS0004249,PRD-LN04,BR0003,4858794.0,15.19,60,2022-04-11,2027-03-16,116075.52,3358185.39,Current
LON0002789,CUS0009985,PRD-LN03,BR0022,14137862.41,7.96,24,2020-04-19,2022-04-09,639159.33,3875405.16,Current
LON0002790,CUS0003707,PRD-LN03,BR0015,8158208.13,5.17,120,2021-05-28,2031-04-06,87209.95,7023773.74,Current
LON0002791,CUS0004353,PRD-LN03,BR0040,3804606.98,6.17,180,2024-06-07,2039-03-21,32455.92,1307685.82,Current
LON0002792,CUS0005587,PRD-LN04,BR0029,7265015.53,16.74,36,2024-04-17,2027-04-02,258078.52,4631433.75,Closed
LON0002793,CUS0009881,PRD-LN04,BR0003,1640410.13,16.2,60,2024-09-11,2029-08-16,40066.12,762523.4,Closed
LON0002794,CUS0000683,PRD-LN03,BR0036,6549752.27,12.86,180,2025-08-23,2040-06-05,82267.78,2660453.96,Closed
LON0002795,CUS0001034,PRD-LN03,BR0033,12800611.27,21.13,84,2020-07-20,2027-06-14,293026.19,4452176.54,Default
LON0002796,CUS0007472,PRD-LN03,BR0043,8950046.76,4.13,360,2024-04-18,2053-11-12,43402.38,5836043.78,Current
LON0002797,CUS0008592,PRD-LN01,BR0050,1050298.99,21.24,36,2020-07-17,2023-07-02,39699.63,799424.94,Current
LON0002798,CUS0005596,PRD-LN01,BR0038,888062.58,13.06,12,2020-11-02,2021-10-28,79344.33,661490.17,Current
LON0002799,CUS0000052,PRD-LN01,BR0045,994748.17,4.69,120,2023-07-15,2033-05-23,10400.76,454764.93,Current
LON0002800,CUS0000437,PRD-LN02,BR0031,2073478.63,18.45,24,2026-01-05,2027-12-26,103967.96,700495.77,Late
LON0002801,CUS0008473,PRD-LN02,BR0037,1740537.59,10.73,60,2022-12-20,2027-11-24,37609.56,1166230.08,Default
LON0002802,CUS0001518,PRD-LN04,BR0019,9058254.67,13.34,12,2024-06-21,2025-06-16,810504.28,4084385.47,Current
LON0002803,CUS0000122,PRD-LN04,BR0001,8730050.22,17.31,240,2020-08-19,2040-05-06,130114.47,6816929.31,Current
LON0002804,CUS0003140,PRD-LN03,BR0042,12869916.75,4.94,60,2023-10-04,2028-09-07,242517.59,11651770.33,Current
LON0002805,CUS0005874,PRD-LN03,BR0002,2051347.75,7.82,24,2026-04-20,2028-04-09,92608.59,520092.71,Current
LON0002806,CUS0002703,PRD-LN03,BR0017,1810674.8,4.62,240,2022-02-16,2041-11-03,11572.84,1356222.56,Current
LON0002807,CUS0004793,PRD-LN01,BR0009,858925.43,18.79,240,2020-04-07,2039-12-24,13780.34,447787.85,Current
LON0002808,CUS0000238,PRD-LN01,BR0048,113398.09,15.93,180,2021-12-31,2036-10-13,1659.95,43706.18,Current
LON0002809,CUS0003400,PRD-LN03,BR0045,4713290.55,20.8,120,2024-08-21,2034-06-30,93600.87,4212442.08,Current
LON0002810,CUS0001674,PRD-LN03,BR0050,13047078.57,17.87,120,2024-08-12,2034-06-21,233998.2,4348418.71,Current
LON0002811,CUS0009946,PRD-LN01,BR0044,314763.35,10.67,240,2020-07-10,2040-03-27,3178.56,175825.95,Current
LON0002812,CUS0006890,PRD-LN01,BR0043,325479.73,18.36,48,2020-01-26,2024-01-05,9622.3,90419.8,Current
LON0002813,CUS0003018,PRD-LN04,BR0037,2611563.02,20.63,120,2021-05-20,2031-03-29,51565.57,1977576.13,Current
LON0002814,CUS0000449,PRD-LN02,BR0035,2327767.02,18.03,240,2020-12-04,2040-08-21,35978.45,894345.55,Current
LON0002815,CUS0004147,PRD-LN02,BR0025,2237586.52,11.63,360,2025-04-21,2054-11-15,22380.84,1707113.07,Current
LON0002816,CUS0002348,PRD-LN04,BR0014,4804878.87,10.82,24,2020-10-30,2022-10-20,223543.69,840023.92,Current
LON0002817,CUS0001232,PRD-LN04,BR0012,2857570.05,14.4,180,2026-02-19,2040-12-02,38826.45,1866974.57,Current
LON0002818,CUS0003405,PRD-LN03,BR0016,10696242.24,8.44,36,2025-01-15,2027-12-31,337356.73,9018219.24,Current
LON0002819,CUS0002272,PRD-LN02,BR0005,1803818.96,18.32,48,2021-05-16,2025-04-25,53289.28,1058180.21,Current
LON0002820,CUS0008371,PRD-LN04,BR0033,8952731.96,8.17,120,2022-05-31,2032-04-08,109427.22,5078545.16,Current
LON0002821,CUS0002562,PRD-LN01,BR0035,622458.15,21.81,24,2024-05-14,2026-05-04,32233.61,161130.32,Current
LON0002822,CUS0009970,PRD-LN02,BR0036,1159025.96,20.32,36,2021-01-12,2023-12-28,43262.77,721540.06,Current
LON0002823,CUS0009012,PRD-LN02,BR0040,2106410.02,15.72,36,2020-11-28,2023-11-13,73764.27,1973515.14,Late
LON0002824,CUS0006547,PRD-LN04,BR0033,9816609.83,10.38,120,2021-09-11,2031-07-21,131801.69,8448943.39,Current
LON0002825,CUS0007069,PRD-LN02,BR0014,980310.62,4.79,60,2023-04-11,2028-03-15,18405.5,912892.04,Current
LON0002826,CUS0005966,PRD-LN03,BR0009,11080441.95,15.34,24,2025-09-01,2027-08-22,539045.14,4497173.4,Current
LON0002827,CUS0004045,PRD-LN02,BR0002,1703412.37,17.32,12,2022-07-04,2023-06-29,155618.1,811270.88,Current
LON0002828,CUS0007066,PRD-LN01,BR0007,519531.68,15.33,120,2024-08-17,2034-06-26,8487.16,100809.15,Late
LON0002829,CUS0008900,PRD-LN04,BR0019,2435053.6,11.19,120,2022-06-02,2032-04-10,33805.29,1119395.15,Current
LON0002830,CUS0003966,PRD-LN01,BR0021,548108.38,20.0,360,2025-09-07,2055-04-03,9158.99,488587.86,Late
LON0002831,CUS0001548,PRD-LN01,BR0013,1316327.7,15.39,120,2025-06-09,2035-04-18,21552.44,341486.28,Current
LON0002832,CUS0002101,PRD-LN01,BR0013,939420.39,17.85,84,2020-10-01,2027-08-26,19662.08,103530.64,Current
LON0002833,CUS0007133,PRD-LN02,BR0026,2484409.05,4.72,24,2022-07-06,2024-06-25,108683.21,1966987.3,Closed
LON0002834,CUS0006652,PRD-LN02,BR0032,1847447.26,16.44,360,2023-07-24,2053-02-16,25500.2,613226.1,Current
LON0002835,CUS0001937,PRD-LN02,BR0016,2232059.65,18.76,24,2025-11-23,2027-11-13,112254.94,784931.07,Current
LON0002836,CUS0004445,PRD-LN03,BR0047,8600126.41,10.92,60,2024-10-25,2029-09-29,186644.65,3553670.8,Closed
LON0002837,CUS0002630,PRD-LN04,BR0044,5783537.16,13.08,84,2024-07-06,2031-05-31,105465.6,1904573.36,Late
LON0002838,CUS0006036,PRD-LN03,BR0011,6724535.63,9.68,180,2024-02-27,2038-12-10,70951.48,3250372.94,Current
LON0002839,CUS0006304,PRD-LN02,BR0019,1920873.31,18.69,240,2024-04-22,2044-01-08,30668.91,1514372.68,Current
LON0002840,CUS0006815,PRD-LN03,BR0049,12500286.55,17.27,36,2021-03-13,2024-02-26,447350.84,2392560.53,Current
LON0002841,CUS0002708,PRD-LN01,BR0050,601337.0,7.4,36,2025-10-14,2028-09-28,18677.71,104540.44,Current
LON0002842,CUS0001360,PRD-LN02,BR0026,1333973.37,13.01,180,2024-12-30,2039-10-13,16886.77,1203179.48,Current
LON0002843,CUS0006685,PRD-LN01,BR0028,734797.66,17.31,240,2021-09-15,2041-06-02,10951.58,684289.15,Default
LON0002844,CUS0002203,PRD-LN01,BR0027,1102038.04,18.69,24,2026-01-17,2028-01-07,55386.37,920848.81,Current
LON0002845,CUS0000573,PRD-LN02,BR0009,1188823.01,16.6,84,2024-10-13,2031-09-07,24020.53,1060965.69,Current
LON0002846,CUS0003195,PRD-LN03,BR0049,4084967.78,14.12,180,2024-10-12,2039-07-26,54730.94,3514277.47,Late
LON0002847,CUS0007347,PRD-LN02,BR0001,2040528.54,13.54,12,2023-08-04,2024-07-29,182771.82,1692579.38,Current
LON0002848,CUS0008405,PRD-LN01,BR0007,664477.8,9.76,48,2025-03-21,2029-02-28,16776.39,142541.35,Current
LON0002849,CUS0005851,PRD-LN03,BR0026,6846629.62,16.33,12,2020-03-13,2021-03-08,622270.27,6277181.95,Current
LON0002850,CUS0008314,PRD-LN04,BR0011,7197053.82,12.34,48,2024-10-26,2028-10-05,190729.71,6034550.55,Late
LON0002851,CUS0004757,PRD-LN04,BR0037,1756725.74,17.11,24,2022-04-05,2024-03-25,86949.38,219726.34,Late
LON0002852,CUS0002298,PRD-LN01,BR0012,315872.57,21.5,48,2024-05-01,2028-04-10,9866.36,221774.85,Current
LON0002853,CUS0002577,PRD-LN03,BR0044,9185625.48,20.54,180,2022-01-30,2036-11-12,165003.24,6625971.45,Closed
LON0002854,CUS0008543,PRD-LN03,BR0015,6643691.89,12.27,360,2023-08-31,2053-03-26,69721.73,3839097.42,Current
LON0002855,CUS0009007,PRD-LN01,BR0017,858238.19,17.46,120,2021-09-29,2031-08-08,15167.07,707159.09,Closed
LON0002856,CUS0005675,PRD-LN01,BR0042,258553.45,12.63,48,2023-10-29,2027-10-08,6888.95,156560.49,Current
LON0002857,CUS0003762,PRD-LN02,BR0030,1960007.03,18.85,60,2024-04-16,2029-03-21,50682.03,1709832.95,Current
LON0002858,CUS0004893,PRD-LN01,BR0033,915643.14,7.27,36,2025-04-30,2028-04-14,28385.57,524817.89,Current
LON0002859,CUS0000422,PRD-LN03,BR0004,12246620.09,18.05,12,2024-05-02,2025-04-27,1123061.48,4012235.36,Current
LON0002860,CUS0000610,PRD-LN03,BR0037,6286027.66,8.99,360,2020-02-18,2049-09-13,50533.58,4139756.42,Late
LON0002861,CUS0009757,PRD-LN01,BR0050,749303.77,12.65,12,2025-03-16,2026-03-11,66802.79,654587.16,Late
LON0002862,CUS0006128,PRD-LN01,BR0037,499304.48,13.34,180,2021-04-25,2036-02-06,6429.52,450838.66,Current
LON0002863,CUS0009762,PRD-LN03,BR0002,6875378.19,17.59,24,2020-02-01,2022-01-21,341886.6,1647299.54,Current
LON0002864,CUS0009158,PRD-LN02,BR0006,1947953.99,5.53,48,2023-04-30,2027-04-09,45329.18,1860002.11,Late
LON0002865,CUS0009757,PRD-LN01,BR0046,1361877.91,12.09,24,2025-05-21,2027-05-11,64165.58,286641.64,Current
LON0002866,CUS0007374,PRD-LN04,BR0030,5256938.16,15.77,360,2022-06-01,2051-12-26,69718.93,731800.27,Current
LON0002867,CUS0009531,PRD-LN03,BR0037,11979492.43,21.31,120,2022-10-18,2032-08-26,242009.12,1838169.5,Current
LON0002868,CUS0005436,PRD-LN01,BR0049,603500.47,18.91,120,2025-06-03,2035-04-12,11230.21,465852.94,Closed
LON0002869,CUS0003043,PRD-LN03,BR0043,5894223.13,21.01,84,2022-05-12,2029-04-05,134496.3,3377010.15,Current
LON0002870,CUS0001756,PRD-LN01,BR0032,1108126.62,10.91,360,2025-09-05,2055-04-01,10477.66,548451.11,Late
LON0002871,CUS0002004,PRD-LN03,BR0032,13610176.93,7.28,84,2023-04-28,2030-03-22,207281.97,5799962.9,Current
LON0002872,CUS0008892,PRD-LN04,BR0039,5060347.19,10.41,60,2026-01-28,2031-01-02,108541.12,863240.45,Closed
LON0002873,CUS0003970,PRD-LN01,BR0037,1159653.01,12.54,180,2022-11-22,2037-09-04,14323.18,309929.38,Late
LON0002874,CUS0009174,PRD-LN04,BR0015,9029845.32,21.76,12,2020-04-29,2021-04-24,844100.12,4508874.56,Current
LON0002875,CUS0009242,PRD-LN02,BR0034,2140948.15,9.02,120,2026-02-24,2036-01-03,27143.81,601487.68,Current
LON0002876,CUS0005719,PRD-LN01,BR0020,503784.72,18.41,24,2024-11-14,2026-11-04,25250.91,443685.94,Current
LON0002877,CUS0000257,PRD-LN01,BR0050,85193.15,21.36,120,2024-05-04,2034-03-13,1723.94,84493.07,Late
LON0002878,CUS0005804,PRD-LN02,BR0036,1707035.04,17.79,36,2020-03-10,2023-02-23,61533.73,592090.66,Current
LON0002879,CUS0009206,PRD-LN02,BR0018,1032082.04,9.07,360,2024-10-02,2054-04-28,8356.4,764507.64,Current
LON0002880,CUS0003188,PRD-LN02,BR0032,2333825.94,20.19,360,2024-11-17,2054-06-13,39363.55,536047.12,Current
LON0002881,CUS0002151,PRD-LN01,BR0002,620783.98,21.97,84,2025-05-21,2032-04-14,14530.95,303564.68,Current
LON0002882,CUS0005604,PRD-LN02,BR0023,1434680.01,21.78,180,2022-02-25,2036-12-08,27103.35,586058.8,Late
LON0002883,CUS0006700,PRD-LN04,BR0027,7449022.63,19.95,36,2024-10-18,2027-10-03,276642.64,3060457.72,Closed
LON0002884,CUS0005058,PRD-LN02,BR0029,1619690.58,12.05,60,2024-10-01,2029-09-05,36070.06,946900.55,Late
LON0002885,CUS0002722,PRD-LN02,BR0013,1398962.01,11.5,360,2023-08-12,2053-03-07,13853.8,145648.1,Current
LON0002886,CUS0005363,PRD-LN04,BR0032,4527588.96,3.83,24,2024-07-18,2026-07-08,196267.8,741331.72,Current
LON0002887,CUS0002653,PRD-LN04,BR0032,7624765.96,8.09,24,2024-10-13,2026-10-03,345160.57,2303433.8,Late
LON0002888,CUS0003858,PRD-LN04,BR0002,8873034.33,4.58,60,2022-07-18,2027-06-22,165743.12,3120429.14,Late
LON0002889,CUS0005800,PRD-LN04,BR0009,3606566.56,4.5,24,2026-04-07,2028-03-27,157418.74,924714.86,Current
LON0002890,CUS0006983,PRD-LN03,BR0018,4184694.39,10.47,48,2024-01-08,2027-12-18,107081.7,4177384.97,Default
LON0002891,CUS0008148,PRD-LN02,BR0047,2120741.27,4.35,120,2023-12-29,2033-11-06,21826.0,1399176.75,Current
LON0002892,CUS0000955,PRD-LN04,BR0010,9400322.97,18.84,60,2023-08-03,2028-07-07,243022.72,1995367.94,Closed
LON0002893,CUS0001282,PRD-LN01,BR0004,1392445.09,3.63,48,2022-02-28,2026-02-07,31210.07,1066841.41,Current
LON0002894,CUS0007630,PRD-LN03,BR0036,12574819.81,8.54,84,2022-12-05,2029-10-29,199393.98,7102498.22,Current
LON0002895,CUS0001483,PRD-LN01,BR0045,916142.67,11.86,240,2025-03-29,2044-12-14,9998.24,466709.77,Current
LON0002896,CUS0007960,PRD-LN01,BR0017,1278220.47,9.4,24,2025-12-12,2027-12-02,58630.04,900786.88,Current
LON0002897,CUS0003637,PRD-LN03,BR0047,11032382.41,18.0,84,2025-12-17,2032-11-10,231876.83,10324921.3,Closed
LON0002898,CUS0009094,PRD-LN02,BR0008,720755.0,21.17,360,2021-09-24,2051-04-20,12738.81,582883.56,Current
LON0002899,CUS0008145,PRD-LN04,BR0003,5786345.68,19.84,60,2024-10-01,2029-09-05,152788.09,843571.3,Late
LON0002900,CUS0001548,PRD-LN02,BR0001,429682.28,19.59,360,2024-02-09,2053-09-04,7035.24,259743.17,Current
LON0002901,CUS0008876,PRD-LN04,BR0001,2664596.01,7.2,120,2021-03-12,2031-01-19,31213.58,2253168.29,Current
LON0002902,CUS0001677,PRD-LN01,BR0030,571022.2,15.15,48,2024-12-28,2028-12-07,15935.43,205751.02,Current
LON0002903,CUS0004754,PRD-LN03,BR0005,14162686.33,8.28,36,2021-03-17,2024-03-01,445638.78,6845738.68,Current
LON0002904,CUS0003230,PRD-LN01,BR0013,662950.32,20.38,60,2025-09-23,2030-08-28,17704.6,318283.64,Late
LON0002905,CUS0002947,PRD-LN04,BR0014,3064071.83,3.53,48,2022-02-10,2026-01-20,68541.28,2721984.97,Current
LON0002906,CUS0002933,PRD-LN02,BR0021,405998.29,4.85,12,2024-08-04,2025-07-30,34728.59,371523.01,Current
LON0002907,CUS0001752,PRD-LN03,BR0006,6773764.76,15.95,48,2021-02-05,2025-01-15,191796.98,949705.48,Closed
LON0002908,CUS0000077,PRD-LN01,BR0050,443834.33,20.47,180,2021-07-30,2036-05-12,7949.59,281540.68,Closed
LON0002909,CUS0006301,PRD-LN04,BR0038,2702296.17,9.62,12,2021-11-08,2022-11-03,237097.44,1463455.44,Current
LON0002910,CUS0003692,PRD-LN04,BR0012,7377340.19,21.57,36,2023-01-06,2025-12-21,280105.51,2481515.16,Current
LON0002911,CUS0001288,PRD-LN03,BR0012,12127966.3,10.38,180,2022-12-22,2037-10-04,133161.58,3924263.85,Current
LON0002912,CUS0009689,PRD-LN03,BR0012,6890018.42,12.44,48,2024-07-07,2028-06-16,182932.67,4639859.95,Closed
LON0002913,CUS0005191,PRD-LN01,BR0001,645698.07,4.62,48,2025-04-26,2029-04-05,14759.08,443919.66,Closed
LON0002914,CUS0002263,PRD-LN02,BR0028,1734175.72,9.54,360,2023-06-01,2052-12-25,14632.53,522879.53,Current
LON0002915,CUS0001158,PRD-LN04,BR0004,3850573.88,3.97,12,2020-08-15,2021-08-10,327823.22,1139122.95,Default
LON0002916,CUS0004212,PRD-LN01,BR0049,477050.4,12.23,60,2024-10-20,2029-09-24,10667.25,260110.58,Current
LON0002917,CUS0004839,PRD-LN01,BR0004,487464.99,9.63,360,2024-02-26,2053-09-21,4145.19,477866.55,Current
LON0002918,CUS0001135,PRD-LN03,BR0029,1894739.35,5.99,48,2020-02-16,2024-01-26,44489.32,1709799.81,Current
LON0002919,CUS0005869,PRD-LN04,BR0025,8237047.22,8.72,240,2021-08-01,2041-04-18,72634.07,3872639.44,Current
LON0002920,CUS0004700,PRD-LN01,BR0015,273031.97,11.64,360,2021-06-01,2050-12-26,2733.01,228920.79,Closed
LON0002921,CUS0001880,PRD-LN01,BR0048,1087823.88,5.47,240,2023-01-16,2042-10-03,7464.58,700160.46,Current
LON0002922,CUS0001970,PRD-LN01,BR0001,1479484.1,14.8,12,2020-10-05,2021-09-30,133396.15,561810.33,Current
LON0002923,CUS0005685,PRD-LN02,BR0001,900051.68,21.04,180,2021-08-15,2036-05-28,16503.37,244920.45,Current
LON0002924,CUS0008411,PRD-LN03,BR0027,11343392.68,7.79,60,2022-04-25,2027-03-30,228864.75,4031826.95,Current
LON0002925,CUS0003031,PRD-LN04,BR0010,2002245.99,14.34,84,2022-12-16,2029-11-09,37899.18,935787.44,Current
LON0002926,CUS0002309,PRD-LN04,BR0030,6536402.48,4.03,48,2022-12-27,2026-12-06,147673.55,4657993.62,Current
LON0002927,CUS0001299,PRD-LN04,BR0044,8491334.87,4.95,48,2020-05-13,2024-04-22,195357.18,2731687.66,Current
LON0002928,CUS0006712,PRD-LN04,BR0007,6857493.22,11.43,24,2023-02-02,2025-01-22,320983.67,6295129.74,Current
LON0002929,CUS0008579,PRD-LN03,BR0006,12297981.17,10.45,84,2024-08-12,2031-07-07,207031.86,6800015.53,Closed
LON0002930,CUS0003497,PRD-LN01,BR0042,445490.96,10.47,12,2025-04-17,2026-04-12,39263.18,390947.39,Current
LON0002931,CUS0001406,PRD-LN02,BR0050,777114.28,9.79,84,2024-03-17,2031-02-09,12816.85,151687.77,Late
LON0002932,CUS0002882,PRD-LN03,BR0034,3110668.81,12.64,180,2024-01-02,2038-10-15,38623.53,840268.18,Current
LON0002933,CUS0008672,PRD-LN03,BR0032,9048790.7,4.1,36,2022-07-18,2025-07-02,267559.08,6840217.4,Current
LON0002934,CUS0005988,PRD-LN01,BR0044,1066303.67,19.21,12,2025-05-25,2026-05-20,98373.8,503448.02,Current
LON0002935,CUS0001172,PRD-LN04,BR0050,2550978.89,15.51,360,2020-03-01,2049-09-25,33298.44,2524174.64,Closed
LON0002936,CUS0002274,PRD-LN02,BR0029,650158.19,4.1,120,2020-07-30,2030-06-08,6613.48,580936.1,Current
LON0002937,CUS0001784,PRD-LN02,BR0002,1679876.6,14.66,36,2023-10-27,2026-10-11,57954.16,1634224.18,Current
LON0002938,CUS0008776,PRD-LN02,BR0043,2316690.72,16.41,120,2021-01-07,2030-11-16,39401.6,1586418.06,Current
LON0002939,CUS0003778,PRD-LN02,BR0029,1976553.94,7.14,360,2023-10-14,2053-05-09,13336.43,450130.75,Current
LON0002940,CUS0002744,PRD-LN04,BR0019,5097390.98,21.16,180,2021-04-20,2036-02-01,93923.57,2216964.43,Current
LON0002941,CUS0009493,PRD-LN02,BR0022,1235559.84,4.36,36,2023-04-22,2026-04-06,36676.85,134511.35,Current
LON0002942,CUS0006526,PRD-LN02,BR0006,987332.29,20.06,84,2021-09-14,2028-08-08,21960.58,567881.27,Default
LON0002943,CUS0004642,PRD-LN03,BR0006,3566083.79,13.92,240,2021-11-22,2041-08-09,44137.95,1624969.52,Current
LON0002944,CUS0006833,PRD-LN01,BR0032,779368.57,11.77,84,2026-03-19,2033-02-10,13662.31,204156.64,Current
LON0002945,CUS0006378,PRD-LN01,BR0031,1245514.06,8.75,180,2022-08-09,2037-05-22,12448.27,770865.59,Current
LON0002946,CUS0004666,PRD-LN04,BR0039,4707024.78,20.84,60,2025-12-01,2030-11-05,126917.55,2457039.64,Default
LON0002947,CUS0009201,PRD-LN01,BR0008,471526.06,4.65,240,2024-10-14,2044-07-01,3021.42,126625.54,Current
LON0002948,CUS0002814,PRD-LN02,BR0008,908316.69,21.14,240,2023-11-25,2043-08-12,16247.31,898882.76,Current
LON0002949,CUS0001449,PRD-LN01,BR0035,1266283.43,17.62,24,2022-11-02,2024-10-22,62985.81,1211640.31,Late
LON0002950,CUS0000787,PRD-LN01,BR0037,286885.5,11.25,240,2025-07-11,2045-03-28,3010.16,137656.04,Current
LON0002951,CUS0005981,PRD-LN03,BR0030,3407694.66,15.86,240,2025-01-20,2044-10-07,47052.19,1896569.34,Current
LON0002952,CUS0005918,PRD-LN04,BR0022,9454268.35,7.44,240,2021-02-10,2040-10-28,75816.46,5690773.52,Current
LON0002953,CUS0000019,PRD-LN02,BR0044,1807004.18,20.29,36,2024-07-09,2027-06-24,67422.06,193552.39,Current
LON0002954,CUS0008089,PRD-LN04,BR0026,9151691.38,8.2,60,2021-06-12,2026-05-17,186440.51,5343305.64,Closed
LON0002955,CUS0006430,PRD-LN04,BR0031,9301703.65,6.53,360,2025-07-23,2055-02-16,58976.73,2605376.54,Current
LON0002956,CUS0007090,PRD-LN01,BR0013,724343.95,6.45,360,2022-12-06,2052-07-01,4554.55,327688.76,Late
LON0002957,CUS0001094,PRD-LN03,BR0001,10293628.95,6.39,360,2023-08-23,2053-03-18,64319.87,3528596.74,Current
LON0002958,CUS0007953,PRD-LN04,BR0039,7246110.57,7.1,240,2022-10-24,2042-07-11,56614.79,4319055.38,Current
LON0002959,CUS0003173,PRD-LN01,BR0010,186638.78,12.27,12,2024-05-08,2025-05-03,16606.21,32137.76,Current
LON0002960,CUS0009057,PRD-LN03,BR0037,3926195.25,12.27,36,2025-12-15,2028-11-29,130912.76,606905.59,Default
LON0002961,CUS0003207,PRD-LN02,BR0007,1775560.07,15.63,180,2020-01-12,2034-10-25,25621.08,600533.56,Current
LON0002962,CUS0009695,PRD-LN04,BR0009,4033657.43,3.97,60,2026-02-19,2031-01-24,74231.34,1578367.68,Current
LON0002963,CUS0000282,PRD-LN01,BR0030,1197125.24,11.79,360,2020-03-03,2049-09-27,12120.61,131998.16,Current
LON0002964,CUS0005896,PRD-LN04,BR0005,2271344.65,12.45,240,2025-03-20,2044-12-05,25725.65,713752.48,Current
LON0002965,CUS0002475,PRD-LN03,BR0006,1088339.31,4.58,120,2020-03-14,2030-01-21,11321.39,299356.53,Current
LON0002966,CUS0001718,PRD-LN01,BR0024,342092.55,20.71,180,2024-10-20,2039-08-03,6188.36,49955.9,Current
LON0002967,CUS0004011,PRD-LN02,BR0039,627778.66,13.78,24,2020-03-15,2022-03-05,30076.26,527668.92,Current
LON0002968,CUS0007724,PRD-LN03,BR0039,10355354.91,5.6,84,2025-12-04,2032-10-28,149298.9,10277865.33,Current
LON0002969,CUS0005344,PRD-LN02,BR0041,1906594.63,6.53,120,2020-04-05,2030-02-12,21678.11,193685.65,Current
LON0002970,CUS0008378,PRD-LN04,BR0040,3081063.1,8.53,60,2023-03-02,2028-02-04,63257.29,839715.16,Current
LON0002971,CUS0003223,PRD-LN04,BR0029,4165694.22,8.72,36,2025-05-06,2028-04-20,131925.78,1075028.48,Current
LON0002972,CUS0004715,PRD-LN02,BR0025,1764009.06,10.99,60,2024-10-16,2029-09-20,38345.03,1578941.99,Current
LON0002973,CUS0003031,PRD-LN02,BR0005,2140432.48,12.3,84,2022-03-03,2029-01-25,38128.74,944792.21,Current
LON0002974,CUS0006763,PRD-LN01,BR0013,1405377.5,10.19,48,2020-06-08,2024-05-18,35772.38,481387.7,Current
LON0002975,CUS0008590,PRD-LN01,BR0036,692801.15,5.55,36,2021-02-15,2024-01-31,20935.38,424434.3,Current
LON0002976,CUS0002271,PRD-LN02,BR0022,1779566.92,18.43,24,2020-04-25,2022-04-15,89213.45,832025.98,Late
LON0002977,CUS0003650,PRD-LN03,BR0023,12838329.81,21.14,120,2022-05-20,2032-03-28,257888.04,3051067.29,Late
LON0002978,CUS0005042,PRD-LN01,BR0029,1337036.06,20.72,60,2024-02-20,2029-01-24,35961.04,1307272.59,Late
LON0002979,CUS0004405,PRD-LN04,BR0024,1202059.31,18.88,24,2025-04-28,2027-04-18,60524.09,1021586.85,Current
LON0002980,CUS0004532,PRD-LN01,BR0048,695235.35,7.79,12,2023-06-30,2024-06-24,60409.95,210210.94,Late
LON0002981,CUS0001077,PRD-LN02,BR0048,331763.73,8.49,48,2025-11-20,2029-10-30,8175.85,241768.85,Current
LON0002982,CUS0005979,PRD-LN04,BR0017,9612664.39,14.51,12,2021-03-27,2022-03-22,865401.82,6899484.67,Current
LON0002983,CUS0007261,PRD-LN02,BR0029,1864276.9,12.46,360,2020-08-20,2050-03-16,19838.79,844527.02,Current
LON0002984,CUS0000801,PRD-LN04,BR0011,4195529.49,6.61,84,2022-11-02,2029-09-26,62524.92,3045516.57,Current
LON0002985,CUS0008647,PRD-LN04,BR0013,605260.19,15.16,24,2023-03-07,2025-02-24,29393.07,460928.15,Closed
LON0002986,CUS0005590,PRD-LN01,BR0045,786991.97,4.08,180,2024-06-05,2039-03-19,5852.89,113612.87,Current
LON0002987,CUS0005651,PRD-LN03,BR0041,9138861.19,5.15,48,2023-01-09,2026-12-19,211083.05,1589702.92,Current
LON0002988,CUS0007960,PRD-LN02,BR0036,1945937.15,18.05,12,2026-04-05,2027-03-31,178449.81,1822214.66,Current
LON0002989,CUS0003302,PRD-LN01,BR0019,565000.92,15.96,12,2024-03-20,2025-03-15,51252.32,396421.23,Current
LON0002990,CUS0008928,PRD-LN04,BR0029,7009460.85,3.68,12,2023-09-11,2024-09-05,595830.59,3149703.75,Current
LON0002991,CUS0009035,PRD-LN02,BR0019,2061023.42,4.09,48,2022-04-03,2026-03-13,46619.01,1139197.53,Current
LON0002992,CUS0008315,PRD-LN02,BR0006,753902.55,11.66,120,2021-08-23,2031-07-02,10668.65,353257.53,Late
LON0002993,CUS0000746,PRD-LN01,BR0045,1127774.04,21.44,120,2022-01-09,2031-11-18,22882.26,150258.08,Late
LON0002994,CUS0006936,PRD-LN04,BR0050,4229553.87,13.24,12,2025-07-25,2026-07-20,378248.64,1292588.24,Current
LON0002995,CUS0002083,PRD-LN02,BR0006,1347329.64,10.39,48,2021-09-13,2025-08-23,34424.66,1344609.03,Current
LON0002996,CUS0002211,PRD-LN02,BR0045,1085414.59,11.3,84,2022-09-16,2029-08-10,18756.59,1040612.14,Current
LON0002997,CUS0004494,PRD-LN02,BR0026,1875339.39,19.21,48,2024-02-18,2028-01-28,56280.9,401242.28,Current
LON0002998,CUS0008467,PRD-LN03,BR0029,9453057.65,15.74,360,2023-03-11,2052-10-04,125140.74,4679419.37,Current
LON0002999,CUS0002022,PRD-LN04,BR0028,4560385.39,19.86,180,2023-11-27,2038-09-09,79622.6,4120909.95,Current
LON0003000,CUS0003723,PRD-LN02,BR0044,1226379.16,4.15,360,2021-10-16,2051-05-12,5961.47,570951.16,Current
LON0003001,CUS0009672,PRD-LN04,BR0036,2310579.42,16.66,48,2020-04-12,2024-03-22,66266.12,664989.87,Current
LON0003002,CUS0004795,PRD-LN03,BR0045,10265516.67,18.01,240,2022-02-23,2041-11-10,158507.91,1360436.52,Closed
LON0003003,CUS0008423,PRD-LN04,BR0011,5564175.5,8.8,84,2025-06-19,2032-05-13,88958.72,5325948.35,Current
LON0003004,CUS0006363,PRD-LN02,BR0023,2177266.88,15.84,240,2023-06-22,2043-03-09,30030.3,2169025.11,Late
LON0003005,CUS0005493,PRD-LN04,BR0035,586672.1,10.3,240,2024-09-11,2044-05-29,5778.61,173197.0,Current
LON0003006,CUS0004633,PRD-LN01,BR0028,757689.7,3.87,84,2026-03-10,2033-02-01,10311.43,104803.06,Current
LON0003007,CUS0002476,PRD-LN04,BR0001,6135177.49,9.34,12,2023-06-02,2024-05-27,537498.14,4623371.01,Late
LON0003008,CUS0007920,PRD-LN02,BR0020,1372099.39,8.37,24,2023-12-09,2025-11-28,62288.14,376172.35,Closed
LON0003009,CUS0002222,PRD-LN02,BR0047,1252234.01,5.95,84,2023-05-06,2030-03-30,18263.33,1183637.81,Late
LON0003010,CUS0009734,PRD-LN01,BR0008,655769.97,7.83,360,2024-11-15,2054-06-11,4734.32,249810.56,Current
LON0003011,CUS0007894,PRD-LN02,BR0016,1456258.04,12.89,180,2021-05-13,2036-02-24,18319.91,866980.99,Current
LON0003012,CUS0004132,PRD-LN02,BR0010,2309968.15,6.78,120,2026-03-26,2036-02-02,26559.51,283837.52,Current
LON0003013,CUS0008822,PRD-LN02,BR0007,1513416.86,9.04,180,2024-06-22,2039-04-05,15386.11,645223.97,Current
LON0003014,CUS0009867,PRD-LN01,BR0012,277452.61,13.92,84,2021-07-15,2028-06-08,5187.21,183168.46,Closed
LON0003015,CUS0002408,PRD-LN03,BR0024,7238848.89,7.36,60,2025-03-15,2030-02-17,144570.58,3880035.9,Current
LON0003016,CUS0007988,PRD-LN01,BR0011,549145.61,5.85,36,2023-10-27,2026-10-11,16668.78,123993.18,Current
LON0003017,CUS0000415,PRD-LN01,BR0043,824518.11,12.08,360,2025-01-19,2054-08-15,8531.91,764576.37,Late
LON0003018,CUS0005106,PRD-LN03,BR0023,14277298.65,15.42,48,2021-09-13,2025-08-23,400394.18,3254514.25,Current
LON0003019,CUS0007398,PRD-LN02,BR0036,1874259.78,20.47,36,2025-04-17,2028-04-01,70103.86,572150.13,Late
LON0003020,CUS0001320,PRD-LN01,BR0025,1259538.21,14.53,12,2023-03-07,2024-03-01,113404.64,502998.65,Closed
LON0003021,CUS0009652,PRD-LN01,BR0006,1117713.62,14.46,60,2024-08-28,2029-08-02,26274.56,458650.88,Current
LON0003022,CUS0003654,PRD-LN01,BR0010,461930.49,14.75,120,2024-03-11,2034-01-18,7381.99,51863.05,Current
LON0003023,CUS0002184,PRD-LN04,BR0044,2856319.08,9.87,180,2020-02-09,2034-11-22,30467.39,2704465.08,Current
LON0003024,CUS0000609,PRD-LN03,BR0026,3944201.8,18.32,120,2024-02-01,2033-12-10,71883.24,925988.53,Current
LON0003025,CUS0009100,PRD-LN03,BR0014,1647536.84,9.9,36,2022-06-01,2025-05-16,53084.06,356314.28,Current
LON0003026,CUS0005609,PRD-LN03,BR0026,5535115.79,13.77,240,2021-05-04,2041-01-19,67907.65,4782610.3,Current
LON0003027,CUS0002679,PRD-LN04,BR0020,2489277.42,4.73,24,2022-05-13,2024-05-02,108907.31,2022547.83,Current
LON0003028,CUS0000378,PRD-LN04,BR0042,1039551.47,6.71,12,2022-05-06,2023-05-01,89810.09,507500.52,Current
LON0003029,CUS0000993,PRD-LN03,BR0031,5311520.79,7.01,84,2024-11-04,2031-09-29,80191.05,2936031.06,Closed
LON0003030,CUS0001693,PRD-LN04,BR0019,1632231.68,13.45,120,2025-04-12,2035-02-19,24806.11,595744.24,Current
LON0003031,CUS0005215,PRD-LN01,BR0039,977162.06,15.04,12,2020-06-12,2021-06-07,88215.44,679536.69,Current
LON0003032,CUS0004200,PRD-LN01,BR0008,133668.32,12.71,120,2025-07-21,2035-05-30,1973.01,58013.43,Late
LON0003033,CUS0002532,PRD-LN01,BR0029,455281.78,12.57,180,2023-09-01,2038-06-14,5632.2,365905.6,Current
LON0003034,CUS0003621,PRD-LN02,BR0013,2215057.87,15.84,24,2023-11-30,2025-11-19,108286.86,2160539.83,Current
LON0003035,CUS0005466,PRD-LN04,BR0035,3812979.79,19.3,360,2020-05-24,2049-12-18,61522.43,1042967.73,Current
LON0003036,CUS0009945,PRD-LN04,BR0003,9586616.01,7.08,24,2026-01-23,2028-01-13,429565.29,6981369.92,Current
LON0003037,CUS0003388,PRD-LN02,BR0009,1702661.25,20.51,180,2024-08-21,2039-06-04,30547.27,1217336.63,Current
LON0003038,CUS0008608,PRD-LN04,BR0042,4336954.62,4.81,12,2024-06-29,2025-06-24,370898.25,2347927.53,Current
LON0003039,CUS0001621,PRD-LN03,BR0015,12337568.26,9.06,84,2020-01-18,2026-12-12,198875.99,3386628.06,Current
LON0003040,CUS0003398,PRD-LN02,BR0039,964340.2,11.86,180,2022-03-20,2036-12-31,11486.99,911688.37,Current
LON0003041,CUS0005783,PRD-LN02,BR0007,2097141.91,10.26,360,2022-04-17,2051-11-11,18808.11,1534049.83,Current
LON0003042,CUS0001545,PRD-LN04,BR0003,2682541.84,19.03,180,2022-09-13,2037-06-26,45202.57,918605.24,Current
LON0003043,CUS0008200,PRD-LN02,BR0040,2465155.0,9.4,60,2023-09-14,2028-08-18,51652.46,720351.31,Current
LON0003044,CUS0004543,PRD-LN01,BR0019,738120.6,15.75,24,2025-09-03,2027-08-24,36052.57,229526.52,Current
LON0003045,CUS0007956,PRD-LN03,BR0043,1412898.76,7.04,84,2020-11-23,2027-10-18,21352.07,1157508.51,Current
LON0003046,CUS0003831,PRD-LN01,BR0021,759374.87,4.73,36,2021-10-18,2024-10-02,22667.21,197999.18,Current
LON0003047,CUS0008969,PRD-LN03,BR0013,3802293.78,11.3,48,2021-02-11,2025-01-21,98827.14,2019036.96,Current
LON0003048,CUS0000874,PRD-LN01,BR0018,178217.54,15.47,36,2023-04-19,2026-04-03,6219.07,55676.93,Current
LON0003049,CUS0009328,PRD-LN03,BR0038,10105866.85,6.86,36,2023-07-21,2026-07-05,311393.36,3966718.01,Current
LON0003050,CUS0007292,PRD-LN03,BR0006,10515973.51,17.73,180,2023-11-04,2038-08-17,167312.62,8944567.56,Current
LON0003051,CUS0002349,PRD-LN03,BR0013,5321255.9,3.82,84,2022-08-29,2029-07-23,72295.14,4661883.95,Current
LON0003052,CUS0006332,PRD-LN01,BR0047,277274.28,20.48,240,2025-04-10,2044-12-26,4815.08,52634.85,Current
LON0003053,CUS0009401,PRD-LN01,BR0009,523653.53,20.92,240,2023-12-01,2043-08-18,9275.55,385685.74,Current
LON0003054,CUS0005867,PRD-LN02,BR0037,1816164.83,21.71,180,2024-04-27,2039-02-08,34214.42,1505690.07,Current
LON0003055,CUS0008827,PRD-LN03,BR0018,8653331.95,8.38,84,2025-09-10,2032-08-04,136516.77,8186762.2,Current
LON0003056,CUS0004844,PRD-LN04,BR0022,9840780.43,13.52,180,2023-08-18,2038-05-31,127895.59,6924827.16,Current
LON0003057,CUS0002448,PRD-LN04,BR0047,1716048.88,4.16,120,2024-05-27,2034-04-05,17504.95,964113.37,Late
LON0003058,CUS0008893,PRD-LN02,BR0043,2271169.16,14.14,240,2021-08-31,2041-05-18,28473.69,1706135.36,Closed
LON0003059,CUS0001481,PRD-LN01,BR0026,1413136.4,15.91,360,2021-03-25,2050-10-19,18900.73,807863.9,Current
LON0003060,CUS0007187,PRD-LN02,BR0017,2325010.39,16.37,120,2025-10-01,2035-08-10,39484.76,484568.27,Current
LON0003061,CUS0005334,PRD-LN04,BR0025,4322446.6,7.47,12,2022-03-25,2023-03-20,374944.44,2222395.36,Current
LON0003062,CUS0008375,PRD-LN01,BR0035,891879.75,5.87,48,2021-07-03,2025-06-12,20892.71,451738.09,Current
LON0003063,CUS0001684,PRD-LN01,BR0041,667392.62,18.27,48,2020-06-16,2024-05-26,19698.94,641117.44,Current
LON0003064,CUS0004412,PRD-LN01,BR0004,519465.03,14.43,48,2020-02-12,2024-01-22,14307.45,143330.62,Current
LON0003065,CUS0000355,PRD-LN03,BR0043,8947836.29,9.73,48,2022-10-26,2026-10-05,225781.78,8251935.66,Current
LON0003066,CUS0002298,PRD-LN03,BR0043,5486458.46,13.18,36,2020-04-17,2023-04-02,185336.5,4502275.9,Current
LON0003067,CUS0006571,PRD-LN01,BR0050,588496.34,15.65,36,2020-11-16,2023-11-01,20588.24,245536.17,Current
LON0003068,CUS0006659,PRD-LN02,BR0002,1863674.35,10.1,240,2024-03-04,2043-11-20,18108.51,849312.98,Current
LON0003069,CUS0006922,PRD-LN04,BR0030,8827813.97,9.59,12,2023-01-11,2024-01-06,774422.75,2833551.79,Current
LON0003070,CUS0000844,PRD-LN01,BR0038,844968.45,15.56,36,2025-01-30,2028-01-15,29523.36,776706.38,Current
LON0003071,CUS0000750,PRD-LN04,BR0048,4710662.39,11.07,240,2024-06-27,2044-03-14,48847.52,1206602.87,Current
LON0003072,CUS0007969,PRD-LN02,BR0030,2042222.59,5.08,120,2022-11-03,2032-09-11,21740.89,850178.96,Closed
LON0003073,CUS0000598,PRD-LN04,BR0050,5116580.58,15.76,180,2023-11-29,2038-09-11,74292.85,3161231.06,Current
LON0003074,CUS0000691,PRD-LN01,BR0016,875092.42,17.58,180,2024-08-24,2039-06-07,13829.04,706216.45,Current
LON0003075,CUS0005247,PRD-LN03,BR0003,7316484.73,20.98,360,2021-09-26,2051-04-22,128166.54,1440732.64,Current
LON0003076,CUS0007450,PRD-LN03,BR0039,10802577.72,11.93,36,2022-06-14,2025-05-29,358439.1,3288947.41,Current
LON0003077,CUS0003672,PRD-LN01,BR0029,1119827.21,4.2,24,2026-03-21,2028-03-10,48728.16,142773.49,Current
LON0003078,CUS0001884,PRD-LN01,BR0019,712809.78,13.26,60,2020-08-30,2025-08-04,16313.64,519008.47,Current
LON0003079,CUS0006592,PRD-LN03,BR0001,10693672.94,21.0,360,2025-07-02,2055-01-26,187502.87,4397016.31,Current
LON0003080,CUS0001718,PRD-LN02,BR0029,1635911.66,10.65,240,2021-07-13,2041-03-30,16497.78,1335522.18,Current
LON0003081,CUS0005953,PRD-LN03,BR0019,5655991.41,4.46,36,2020-06-25,2023-06-10,168147.26,4279787.13,Current
LON0003082,CUS0001726,PRD-LN04,BR0031,9340504.93,19.4,360,2025-05-04,2054-11-28,151475.77,3879934.81,Current
LON0003083,CUS0000832,PRD-LN04,BR0035,871147.64,19.09,84,2021-11-23,2028-10-17,18870.39,495509.26,Current
LON0003084,CUS0001171,PRD-LN01,BR0022,82243.66,8.27,360,2022-10-24,2052-05-19,619.03,40313.16,Current
LON0003085,CUS0003945,PRD-LN04,BR0040,3643753.95,5.93,60,2022-12-06,2027-11-10,70325.43,571269.79,Current
LON0003086,CUS0004750,PRD-LN04,BR0002,4824414.77,17.91,240,2024-08-26,2044-05-13,74121.76,3402204.75,Current
LON0003087,CUS0006583,PRD-LN04,BR0018,5722928.92,4.06,48,2025-11-15,2029-10-25,129372.04,1749840.61,Current
LON0003088,CUS0005073,PRD-LN03,BR0028,4713517.12,6.34,240,2020-06-14,2040-03-01,34700.13,3638903.98,Current
LON0003089,CUS0001811,PRD-LN04,BR0009,4736914.78,18.43,60,2020-03-29,2025-03-03,121397.3,2492813.1,Closed
LON0003090,CUS0008535,PRD-LN01,BR0035,953123.82,19.73,24,2020-10-24,2022-10-14,48384.38,854401.15,Closed
LON0003091,CUS0007202,PRD-LN01,BR0022,800387.31,10.08,240,2023-09-22,2043-06-09,7766.38,451616.67,Late
LON0003092,CUS0009225,PRD-LN03,BR0002,1780265.67,10.19,24,2025-05-12,2027-05-02,82306.44,1148484.33,Current
LON0003093,CUS0003434,PRD-LN04,BR0001,8772035.07,11.08,84,2020-09-16,2027-08-11,150567.85,8552004.91,Current
LON0003094,CUS0009365,PRD-LN01,BR0004,472169.96,5.2,36,2022-02-19,2025-02-03,14193.8,185329.98,Current
LON0003095,CUS0009219,PRD-LN01,BR0020,481248.09,21.11,360,2022-01-14,2051-08-10,8481.88,240223.01,Current
LON0003096,CUS0003835,PRD-LN02,BR0044,1683787.4,20.34,36,2023-03-09,2026-02-21,62867.65,1241744.15,Closed
LON0003097,CUS0007501,PRD-LN01,BR0032,1062984.2,9.17,240,2025-01-05,2044-09-22,9680.47,853577.57,Current
LON0003098,CUS0000553,PRD-LN04,BR0049,9810705.47,14.08,360,2020-09-09,2050-04-05,116865.78,3932584.59,Current
LON0003099,CUS0005389,PRD-LN04,BR0046,7471738.94,6.11,120,2021-09-26,2031-08-05,83364.96,5857488.63,Current
LON0003100,CUS0003206,PRD-LN04,BR0021,3978491.11,7.92,240,2020-09-19,2040-06-06,33079.88,1896634.55,Late
LON0003101,CUS0001357,PRD-LN01,BR0013,463735.05,6.2,360,2024-04-25,2053-11-19,2840.23,322466.24,Late
LON0003102,CUS0003942,PRD-LN03,BR0026,4541081.56,7.53,36,2025-03-29,2028-03-13,141318.45,1147220.63,Late
LON0003103,CUS0002586,PRD-LN04,BR0047,2254775.52,5.41,240,2025-06-01,2045-02-16,15395.92,1669684.75,Current
LON0003104,CUS0007334,PRD-LN01,BR0005,628396.98,8.12,36,2023-02-21,2026-02-05,19726.48,586914.0,Current
LON0003105,CUS0003716,PRD-LN02,BR0025,1200854.19,19.85,48,2022-07-22,2026-07-01,36446.53,570081.32,Current
LON0003106,CUS0003833,PRD-LN04,BR0029,2074064.52,20.92,60,2020-01-22,2024-12-26,56017.12,1159175.45,Current
LON0003107,CUS0003807,PRD-LN02,BR0045,2443090.41,19.84,48,2022-06-18,2026-05-28,74136.02,1960155.1,Current
LON0003108,CUS0006410,PRD-LN02,BR0033,1751092.14,17.17,240,2022-11-26,2042-08-13,25911.65,695875.85,Current
LON0003109,CUS0003019,PRD-LN04,BR0024,995464.87,14.87,24,2023-05-19,2025-05-08,48205.29,992641.96,Current
LON0003110,CUS0003319,PRD-LN01,BR0020,841526.97,12.73,120,2022-05-25,2032-04-02,12431.24,210465.68,Current
LON0003111,CUS0004692,PRD-LN02,BR0026,2466581.83,8.07,360,2024-10-24,2054-05-20,18219.41,1615064.4,Current
LON0003112,CUS0008597,PRD-LN01,BR0045,1179493.04,14.86,120,2023-03-25,2033-01-31,18928.35,151503.62,Current
LON0003113,CUS0006969,PRD-LN03,BR0013,12167920.47,18.54,240,2025-05-05,2045-01-20,192860.61,9124879.01,Current
LON0003114,CUS0006059,PRD-LN02,BR0031,1882987.3,9.65,84,2020-07-03,2027-05-28,30920.35,490819.26,Current
LON0003115,CUS0008999,PRD-LN03,BR0048,7446814.62,15.2,60,2025-11-17,2030-10-22,177941.94,6693467.11,Current
LON0003116,CUS0008488,PRD-LN02,BR0001,2098041.07,9.8,12,2020-02-28,2021-02-22,184256.04,693296.43,Current
LON0003117,CUS0001796,PRD-LN04,BR0002,9100196.56,9.31,360,2023-03-10,2052-10-03,75261.08,1860052.39,Current
LON0003118,CUS0005158,PRD-LN02,BR0034,544317.29,21.05,240,2022-02-18,2041-11-05,9697.56,485439.72,Current
LON0003119,CUS0004019,PRD-LN01,BR0008,768834.02,19.97,360,2020-05-05,2049-11-29,12828.39,347677.42,Late
LON0003120,CUS0009661,PRD-LN02,BR0039,461685.02,13.19,84,2021-01-10,2027-12-05,8446.72,193359.56,Current
LON0003121,CUS0005939,PRD-LN03,BR0045,11305106.98,17.63,180,2020-06-16,2035-03-30,179058.41,4521880.52,Current
LON0003122,CUS0008012,PRD-LN04,BR0025,4637303.07,18.3,36,2022-10-31,2025-10-15,168348.33,2533807.91,Current
LON0003123,CUS0009018,PRD-LN03,BR0044,3993023.76,4.07,36,2026-01-26,2029-01-10,118014.35,3735859.88,Current
LON0003124,CUS0000978,PRD-LN01,BR0028,1174600.86,3.56,60,2024-02-28,2029-02-01,21399.62,634754.21,Closed
LON0003125,CUS0005397,PRD-LN04,BR0004,8623628.21,5.04,60,2021-10-31,2026-10-05,162896.58,1871582.22,Current
LON0003126,CUS0006574,PRD-LN02,BR0004,649889.36,14.77,84,2025-04-26,2032-03-20,12457.04,609200.29,Current
LON0003127,CUS0007049,PRD-LN03,BR0027,7408115.12,4.44,60,2020-11-11,2025-10-16,137907.61,2576307.65,Current
LON0003128,CUS0005673,PRD-LN04,BR0042,9423431.86,12.73,240,2020-10-05,2040-06-22,108595.11,3503903.17,Current
LON0003129,CUS0001145,PRD-LN01,BR0022,873504.17,12.11,240,2024-05-04,2044-01-20,9685.1,141568.06,Current
LON0003130,CUS0003588,PRD-LN01,BR0005,545758.99,7.34,36,2023-11-02,2026-10-17,16936.42,71407.12,Late
LON0003131,CUS0007160,PRD-LN01,BR0005,1146218.27,3.92,12,2022-05-19,2023-05-14,97558.48,311693.3,Current
LON0003132,CUS0004722,PRD-LN04,BR0002,2245054.82,19.12,84,2021-09-22,2028-08-16,48671.4,1024630.88,Current
LON0003133,CUS0007694,PRD-LN02,BR0048,2184600.08,18.11,24,2026-04-09,2028-03-29,109180.34,939804.94,Current
LON0003134,CUS0008936,PRD-LN03,BR0016,12602779.0,13.2,180,2022-12-27,2037-10-09,161117.77,6469481.43,Current
LON0003135,CUS0005243,PRD-LN01,BR0012,448172.09,18.24,240,2025-03-15,2044-11-30,6999.58,94120.39,Current
LON0003136,CUS0000944,PRD-LN02,BR0010,2337926.13,19.41,120,2021-11-27,2031-10-06,44270.99,1386104.74,Current
LON0003137,CUS0004881,PRD-LN04,BR0015,8222255.19,15.03,180,2022-11-05,2037-08-18,115246.62,2037998.02,Current
LON0003138,CUS0002078,PRD-LN04,BR0030,4070684.62,9.72,60,2020-11-10,2025-10-15,85930.26,1519939.44,Closed
LON0003139,CUS0000445,PRD-LN03,BR0045,4907023.35,21.75,120,2024-08-09,2034-06-18,100592.71,3460014.15,Current
LON0003140,CUS0004608,PRD-LN01,BR0032,82577.25,5.64,48,2025-10-18,2029-09-27,1925.73,23053.53,Default
LON0003141,CUS0008362,PRD-LN01,BR0042,1087355.07,15.8,24,2025-06-07,2027-05-28,53136.44,558307.46,Current
LON0003142,CUS0001487,PRD-LN01,BR0022,619722.78,11.3,48,2022-05-04,2026-04-13,16107.5,132336.33,Current
LON0003143,CUS0002976,PRD-LN02,BR0041,1458309.85,12.3,24,2024-11-07,2026-10-28,68852.19,396647.27,Current
LON0003144,CUS0003958,PRD-LN02,BR0004,1272307.84,18.43,84,2021-02-06,2028-01-01,27062.78,934337.84,Current
LON0003145,CUS0004191,PRD-LN04,BR0017,2229496.02,14.31,12,2020-07-20,2021-07-15,200505.36,791745.19,Current
LON0003146,CUS0008961,PRD-LN04,BR0033,1672767.28,17.03,240,2020-08-09,2040-04-26,24574.33,643722.14,Current
LON0003147,CUS0005500,PRD-LN04,BR0044,6054392.69,9.35,60,2025-02-22,2030-01-27,126710.16,2570862.65,Closed
LON0003148,CUS0006017,PRD-LN04,BR0011,3780505.08,8.98,180,2023-12-20,2038-10-02,38299.43,1635937.34,Current
LON0003149,CUS0007211,PRD-LN03,BR0028,2275169.57,11.77,180,2024-12-27,2039-10-10,26970.11,1616808.02,Current
LON0003150,CUS0009342,PRD-LN02,BR0012,662635.57,14.54,84,2023-03-08,2030-01-30,12616.3,475135.6,Closed
LON0003151,CUS0003424,PRD-LN04,BR0016,586891.68,19.24,360,2023-11-29,2053-06-24,9440.6,190209.22,Current
LON0003152,CUS0000102,PRD-LN04,BR0039,5584111.06,13.9,180,2024-06-11,2039-03-25,73991.12,2916847.82,Current
LON0003153,CUS0009230,PRD-LN03,BR0014,14097104.35,21.59,84,2022-10-12,2029-09-05,326677.83,7914689.84,Current
LON0003154,CUS0003892,PRD-LN02,BR0001,1074629.32,11.92,36,2025-09-19,2028-09-03,35652.02,596488.37,Current
LON0003155,CUS0002113,PRD-LN03,BR0023,5814402.99,15.82,24,2022-06-16,2024-06-05,284191.44,1002016.97,Current
LON0003156,CUS0000981,PRD-LN01,BR0028,1264859.07,10.47,48,2024-07-03,2028-06-12,32366.34,1182733.55,Current
LON0003157,CUS0009376,PRD-LN01,BR0008,280407.89,4.02,48,2020-03-05,2024-02-13,6333.85,171779.85,Closed
LON0003158,CUS0004791,PRD-LN04,BR0035,5789429.55,10.74,48,2025-12-25,2029-12-04,148900.89,3852227.56,Current
LON0003159,CUS0006987,PRD-LN03,BR0004,9862936.18,13.73,36,2020-12-26,2023-12-11,335799.84,2746850.41,Current
LON0003160,CUS0009508,PRD-LN03,BR0014,1807757.55,5.86,24,2024-07-15,2026-07-05,80006.93,1784797.7,Current
LON0003161,CUS0002389,PRD-LN01,BR0025,96688.53,14.56,12,2023-10-27,2024-10-21,8706.88,25369.64,Current
LON0003162,CUS0006840,PRD-LN01,BR0042,1286897.63,17.62,180,2020-10-03,2035-07-17,20373.6,842209.95,Current
LON0003163,CUS0009403,PRD-LN04,BR0011,9064161.32,7.2,12,2022-11-17,2023-11-12,785128.35,5696722.13,Current
LON0003164,CUS0008156,PRD-LN04,BR0015,3394681.67,20.42,12,2020-01-17,2021-01-11,315147.43,545857.07,Current
LON0003165,CUS0008887,PRD-LN01,BR0043,1249831.95,7.6,48,2020-02-11,2024-01-21,30277.93,156197.18,Closed
LON0003166,CUS0006558,PRD-LN02,BR0023,2038323.98,20.42,48,2024-11-17,2028-10-27,62483.97,438124.26,Closed
LON0003167,CUS0005282,PRD-LN04,BR0009,814599.53,8.94,60,2020-07-17,2025-06-21,16886.04,109585.43,Current
LON0003168,CUS0006593,PRD-LN04,BR0011,8726265.68,4.61,240,2022-02-09,2041-10-27,55726.15,7845841.33,Current
LON0003169,CUS0001888,PRD-LN02,BR0027,1692343.82,21.13,12,2024-10-13,2025-10-08,157686.13,500015.77,Current
LON0003170,CUS0005815,PRD-LN04,BR0029,6358686.55,11.43,24,2024-01-23,2026-01-12,297635.67,5725986.03,Current
LON0003171,CUS0003388,PRD-LN02,BR0047,1347949.52,9.77,36,2021-07-23,2024-07-07,43349.13,738412.74,Current
LON0003172,CUS0006227,PRD-LN03,BR0030,1409145.57,9.46,360,2022-01-10,2051-08-06,11807.76,394863.89,Current
LON0003173,CUS0008414,PRD-LN04,BR0011,6395861.68,10.91,24,2022-07-16,2024-07-05,297830.11,3732098.12,Current
LON0003174,CUS0009294,PRD-LN02,BR0014,1456944.72,18.11,180,2025-11-18,2040-08-31,23578.34,1147501.72,Current
LON0003175,CUS0002075,PRD-LN03,BR0008,11688709.12,16.6,48,2026-04-04,2030-03-14,334864.13,11382470.24,Current
LON0003176,CUS0000720,PRD-LN01,BR0036,1337939.4,6.16,120,2025-01-01,2034-11-10,14961.6,789248.64,Current
LON0003177,CUS0007315,PRD-LN01,BR0026,125388.22,7.47,120,2025-12-24,2035-11-02,1486.42,107351.85,Current
LON0003178,CUS0008392,PRD-LN03,BR0033,6531290.65,10.2,120,2022-06-27,2032-05-05,87036.46,1819770.84,Current
LON0003179,CUS0004087,PRD-LN04,BR0038,862921.14,7.45,84,2022-09-11,2029-08-05,13214.44,595344.58,Current
LON0003180,CUS0005245,PRD-LN02,BR0045,2408820.13,7.37,84,2023-03-10,2030-02-01,36792.79,2256065.08,Current
LON0003181,CUS0005114,PRD-LN01,BR0005,999964.74,15.35,48,2024-06-07,2028-05-17,28007.5,285798.67,Closed
LON0003182,CUS0004802,PRD-LN01,BR0039,866048.92,13.85,360,2026-03-16,2055-10-10,10158.83,262056.32,Current
LON0003183,CUS0005583,PRD-LN04,BR0038,5047813.9,7.88,48,2020-04-25,2024-04-04,122947.75,1490939.22,Current
LON0003184,CUS0002214,PRD-LN03,BR0021,8043476.31,14.07,36,2022-07-10,2025-06-24,275180.5,5361986.54,Late
LON0003185,CUS0006875,PRD-LN01,BR0047,1177718.55,17.97,60,2025-06-26,2030-05-31,29887.09,1115303.05,Current
LON0003186,CUS0007613,PRD-LN02,BR0005,1396104.95,21.61,360,2025-07-24,2055-02-17,25182.32,967305.43,Current
LON0003187,CUS0007997,PRD-LN03,BR0027,13864929.21,18.14,360,2024-04-17,2053-11-11,210541.23,6059542.07,Current
LON0003188,CUS0006025,PRD-LN01,BR0012,239577.48,14.71,24,2025-08-23,2027-08-13,11583.33,29656.03,Current
LON0003189,CUS0002791,PRD-LN02,BR0029,2465907.35,10.19,360,2020-05-16,2049-12-10,21987.12,470080.71,Current
LON0003190,CUS0001506,PRD-LN03,BR0050,3732856.86,4.29,12,2024-10-28,2025-10-23,318347.22,2343014.11,Current
LON0003191,CUS0007202,PRD-LN03,BR0006,13505928.13,12.66,24,2022-12-30,2024-12-19,639941.66,2663722.49,Current
LON0003192,CUS0001491,PRD-LN04,BR0007,7285800.0,12.84,240,2024-07-08,2044-03-25,84529.57,1231519.79,Current
LON0003193,CUS0001017,PRD-LN03,BR0016,8874534.98,6.29,120,2024-05-30,2034-04-08,99822.9,3258144.0,Current
LON0003194,CUS0003088,PRD-LN02,BR0029,1475627.06,14.92,360,2024-01-15,2053-08-10,18564.11,1310806.53,Current
LON0003195,CUS0000225,PRD-LN04,BR0033,7009851.7,18.57,120,2021-12-13,2031-10-22,128890.77,6885349.18,Current
LON0003196,CUS0002550,PRD-LN02,BR0033,642283.68,21.96,84,2025-11-17,2032-10-11,15030.24,201412.95,Current
LON0003197,CUS0005837,PRD-LN02,BR0021,2498153.64,16.82,48,2021-03-21,2025-02-28,71851.9,664919.57,Current
LON0003198,CUS0006372,PRD-LN02,BR0040,1625427.04,6.89,240,2025-09-04,2045-05-22,12494.82,1534204.0,Closed
LON0003199,CUS0003928,PRD-LN02,BR0022,1778285.45,17.24,180,2026-03-30,2041-01-10,27670.93,913429.31,Current
LON0003200,CUS0006818,PRD-LN01,BR0009,271548.12,5.03,360,2020-09-15,2050-04-11,1462.71,221370.54,Current
LON0003201,CUS0004471,PRD-LN04,BR0001,6998495.1,14.69,240,2025-10-16,2045-07-03,90556.5,2701968.71,Closed
LON0003202,CUS0008432,PRD-LN01,BR0011,1404252.96,3.7,24,2023-09-23,2025-09-12,60792.24,1041846.33,Late
LON0003203,CUS0007679,PRD-LN01,BR0023,995764.53,12.84,180,2023-09-29,2038-07-12,12494.18,449440.14,Current
LON0003204,CUS0004464,PRD-LN01,BR0020,908855.17,20.56,120,2025-12-09,2035-10-18,17902.91,563885.1,Closed
LON0003205,CUS0004854,PRD-LN03,BR0031,6264975.81,13.04,24,2020-11-25,2022-11-15,297966.09,2914462.8,Current
LON0003206,CUS0007795,PRD-LN03,BR0038,3596410.5,9.93,36,2020-10-21,2023-10-06,115927.89,1230543.48,Current
LON0003207,CUS0008439,PRD-LN04,BR0007,5764835.94,17.89,240,2025-08-16,2045-05-03,88481.66,2192275.86,Closed
LON0003208,CUS0004973,PRD-LN04,BR0009,2268011.62,11.1,36,2022-06-15,2025-05-30,74359.24,1758186.55,Current
LON0003209,CUS0005057,PRD-LN03,BR0010,2761884.4,8.2,84,2025-05-05,2032-03-29,43323.04,2534357.46,Current
LON0003210,CUS0002074,PRD-LN04,BR0014,6923739.02,19.09,60,2024-07-14,2029-06-18,179948.65,6258608.65,Current
LON0003211,CUS0007484,PRD-LN02,BR0027,920674.63,11.5,120,2020-04-04,2030-02-11,12944.27,455439.74,Current
LON0003212,CUS0008296,PRD-LN04,BR0010,2042822.75,3.99,60,2024-10-14,2029-09-18,37612.47,1850524.36,Current
LON0003213,CUS0002545,PRD-LN01,BR0001,397223.48,14.76,84,2023-06-11,2030-05-05,7611.74,336924.15,Current
LON0003214,CUS0004309,PRD-LN02,BR0016,1584855.34,20.64,120,2024-04-24,2034-03-03,31303.72,1470867.07,Current
LON0003215,CUS0009568,PRD-LN03,BR0045,9904687.55,17.18,12,2021-10-04,2022-09-29,904200.87,2087230.26,Current
LON0003216,CUS0001379,PRD-LN03,BR0024,5449956.07,12.69,240,2022-11-22,2042-08-09,62650.62,2311716.86,Closed
LON0003217,CUS0002115,PRD-LN02,BR0026,1337998.13,19.36,12,2022-02-04,2023-01-30,123535.33,378865.67,Current
LON0003218,CUS0000402,PRD-LN03,BR0008,4389762.77,12.2,12,2020-12-20,2021-12-15,390435.94,2073995.01,Closed
LON0003219,CUS0003482,PRD-LN01,BR0029,695043.75,18.21,36,2020-03-11,2023-02-24,25200.78,326620.32,Closed
LON0003220,CUS0007113,PRD-LN04,BR0030,4946024.45,4.97,36,2022-07-22,2025-07-06,148170.18,3154802.74,Current
LON0003221,CUS0008984,PRD-LN04,BR0030,8602699.03,20.59,60,2023-11-22,2028-10-26,230752.22,1521106.35,Current
LON0003222,CUS0004394,PRD-LN01,BR0039,1098249.1,8.33,60,2025-07-16,2030-06-20,22442.39,896533.34,Late
LON0003223,CUS0004849,PRD-LN03,BR0021,12907697.32,11.92,84,2023-01-18,2029-12-12,227304.28,8873251.08,Current
LON0003224,CUS0000727,PRD-LN02,BR0029,2106817.76,21.65,24,2024-07-15,2026-07-05,108934.02,1290405.06,Current
LON0003225,CUS0008086,PRD-LN02,BR0001,1900062.32,12.42,120,2020-07-30,2030-06-08,27723.69,541560.68,Current
LON0003226,CUS0006468,PRD-LN03,BR0045,5785578.76,3.87,24,2022-05-27,2024-05-16,250903.68,1028490.54,Closed
LON0003227,CUS0003573,PRD-LN02,BR0048,1657071.9,16.03,180,2022-08-29,2037-06-11,24372.1,1353617.06,Current
LON0003228,CUS0004948,PRD-LN02,BR0031,1074682.3,12.31,24,2025-01-13,2027-01-03,50744.75,175048.91,Late
LON0003229,CUS0002677,PRD-LN03,BR0040,3455166.87,16.67,120,2022-06-30,2032-05-08,59329.43,2886223.45,Current
LON0003230,CUS0003548,PRD-LN04,BR0036,5884633.58,19.13,360,2025-09-08,2055-04-04,94127.79,4704336.37,Current
LON0003231,CUS0008791,PRD-LN04,BR0018,6631895.82,14.08,12,2021-11-02,2022-10-28,595708.47,5096470.45,Current
LON0003232,CUS0001372,PRD-LN04,BR0013,6147644.52,13.93,240,2022-12-20,2042-09-06,76134.89,2060816.2,Current
LON0003233,CUS0006794,PRD-LN01,BR0047,1285407.37,16.48,36,2020-06-29,2023-06-14,45496.31,526299.06,Closed
LON0003234,CUS0002223,PRD-LN04,BR0019,1688760.69,20.38,360,2026-03-18,2055-10-12,28747.72,1678739.02,Current
LON0003235,CUS0009559,PRD-LN03,BR0004,1377590.79,11.71,36,2021-03-25,2024-03-09,45565.15,995236.96,Current
LON0003236,CUS0009458,PRD-LN02,BR0002,1324850.08,12.33,180,2023-10-12,2038-07-25,16182.78,959100.09,Current
LON0003237,CUS0009360,PRD-LN04,BR0050,1696426.19,6.69,12,2020-04-22,2021-04-17,146543.91,1176806.84,Current
LON0003238,CUS0009126,PRD-LN03,BR0042,13432484.61,3.94,60,2022-12-06,2027-11-10,247016.11,9290414.64,Late
LON0003239,CUS0009976,PRD-LN03,BR0036,3746698.53,5.94,48,2023-09-19,2027-08-29,87888.29,704659.48,Closed
LON0003240,CUS0001727,PRD-LN02,BR0004,1610036.25,8.34,60,2021-10-04,2026-09-08,32908.34,793043.41,Current
LON0003241,CUS0004102,PRD-LN01,BR0035,1360360.27,16.36,180,2020-08-29,2035-06-12,20322.11,270243.09,Current
LON0003242,CUS0004991,PRD-LN03,BR0016,5445374.65,7.55,60,2020-10-14,2025-09-18,109243.56,5200811.04,Current
LON0003243,CUS0005888,PRD-LN03,BR0007,5798079.13,16.28,36,2020-04-13,2023-03-29,204645.67,1847262.62,Closed
LON0003244,CUS0007721,PRD-LN03,BR0019,1008266.28,7.21,240,2021-06-01,2041-02-16,7944.68,571631.52,Current
LON0003245,CUS0007103,PRD-LN04,BR0040,779888.98,16.16,120,2023-10-12,2033-08-20,13142.03,369728.11,Current
LON0003246,CUS0007075,PRD-LN02,BR0036,1670432.92,3.71,24,2021-04-20,2023-04-10,72323.0,570901.56,Current
LON0003247,CUS0004945,PRD-LN03,BR0027,2627107.02,14.24,120,2025-09-22,2035-08-01,41170.11,2111037.63,Current
LON0003248,CUS0004050,PRD-LN01,BR0008,1295519.53,5.95,120,2023-07-10,2033-05-18,14350.42,355170.72,Current
LON0003249,CUS0001500,PRD-LN01,BR0017,635889.95,13.67,24,2022-02-05,2024-01-26,30431.87,456060.65,Current
LON0003250,CUS0004188,PRD-LN02,BR0012,2035972.47,13.57,24,2025-10-01,2027-09-21,97339.83,1067540.51,Current
LON0003251,CUS0000610,PRD-LN02,BR0042,365624.3,11.35,36,2022-03-19,2025-03-03,12030.76,122642.55,Current
LON0003252,CUS0000471,PRD-LN04,BR0009,1705713.48,17.07,24,2020-10-24,2022-10-14,84391.72,265442.6,Current
LON0003253,CUS0009939,PRD-LN03,BR0013,2791445.82,7.83,36,2025-12-06,2028-11-20,87255.01,1166907.02,Current
LON0003254,CUS0000690,PRD-LN02,BR0024,1740394.12,18.6,84,2025-01-05,2031-11-30,37193.92,504320.85,Current
LON0003255,CUS0000915,PRD-LN02,BR0030,1380358.02,13.66,60,2020-09-26,2025-08-31,31875.72,1098442.4,Current
LON0003256,CUS0008191,PRD-LN04,BR0006,3141668.56,7.64,48,2024-05-14,2028-04-23,76167.52,2660481.17,Current
LON0003257,CUS0005269,PRD-LN02,BR0042,827847.09,8.33,360,2022-12-14,2052-07-09,6265.96,225495.09,Current
LON0003258,CUS0009097,PRD-LN01,BR0011,726212.15,16.35,12,2023-01-04,2023-12-30,66010.19,214179.77,Current
LON0003259,CUS0007147,PRD-LN03,BR0038,1423950.21,9.81,360,2020-02-13,2049-09-08,12296.72,258250.77,Current
LON0003260,CUS0007746,PRD-LN02,BR0018,2468097.65,4.03,180,2021-03-26,2036-01-07,18293.35,1820960.38,Current
LON0003261,CUS0009697,PRD-LN01,BR0049,1275817.87,21.68,24,2024-01-11,2025-12-31,65985.64,455417.91,Current
LON0003262,CUS0000335,PRD-LN03,BR0015,9151978.58,4.52,12,2021-08-11,2022-08-06,781466.16,7946599.34,Current
LON0003263,CUS0000758,PRD-LN02,BR0018,2028213.01,19.73,180,2024-12-01,2039-09-14,35217.52,1046770.08,Current
LON0003264,CUS0006542,PRD-LN01,BR0027,1470095.04,16.37,36,2025-04-17,2028-04-01,51953.12,1292609.23,Late
LON0003265,CUS0008553,PRD-LN01,BR0002,1213441.07,6.02,84,2023-08-11,2030-07-05,17738.26,777114.09,Current
LON0003266,CUS0008838,PRD-LN02,BR0022,1037450.59,19.04,48,2025-02-05,2029-01-15,31041.8,328726.8,Current
LON0003267,CUS0005640,PRD-LN04,BR0037,960769.24,19.8,180,2025-12-15,2040-09-27,16732.17,938279.09,Current
LON0003268,CUS0005872,PRD-LN04,BR0003,3094589.1,20.23,60,2020-06-05,2025-05-10,82384.22,1383782.36,Closed
LON0003269,CUS0005336,PRD-LN03,BR0014,11497954.01,13.27,12,2021-01-08,2022-01-03,1028422.99,3934378.98,Current
LON0003270,CUS0002655,PRD-LN03,BR0020,8889874.38,9.05,180,2023-06-22,2038-04-04,90431.64,7225540.19,Current
LON0003271,CUS0007175,PRD-LN03,BR0002,3044152.13,11.65,48,2026-05-01,2030-04-10,79642.07,1372502.71,Late
LON0003272,CUS0005717,PRD-LN03,BR0013,14148644.39,6.33,60,2024-11-27,2029-11-01,275709.24,8768281.38,Current
LON0003273,CUS0000888,PRD-LN04,BR0044,5452059.86,21.96,24,2023-12-01,2025-11-20,282735.12,3203966.2,Closed
LON0003274,CUS0008231,PRD-LN02,BR0003,1575268.3,18.22,120,2020-08-26,2030-07-05,28607.49,351613.96,Current
LON0003275,CUS0005958,PRD-LN04,BR0046,7819328.73,21.21,12,2025-10-13,2026-10-08,728875.52,6828555.5,Current
LON0003276,CUS0005510,PRD-LN02,BR0042,1419706.27,7.85,60,2022-05-21,2027-04-25,28684.71,1174491.86,Current
LON0003277,CUS0006923,PRD-LN01,BR0034,1161625.86,19.16,84,2020-02-21,2027-01-15,25210.99,953393.09,Current
LON0003278,CUS0007759,PRD-LN03,BR0029,10153054.52,11.53,60,2025-03-24,2030-02-26,223445.09,2233934.73,Current
LON0003279,CUS0005547,PRD-LN04,BR0018,7350686.64,17.08,36,2023-05-07,2026-04-21,262364.79,5817859.17,Current
LON0003280,CUS0000448,PRD-LN04,BR0023,6003756.41,3.57,120,2021-05-21,2031-03-30,59565.74,1613994.06,Current
LON0003281,CUS0006597,PRD-LN04,BR0013,5556849.35,13.23,48,2023-03-16,2027-02-23,149711.48,5248653.0,Late
LON0003282,CUS0008084,PRD-LN01,BR0050,1329430.42,10.62,360,2024-11-29,2054-06-25,12280.25,825775.04,Closed
LON0003283,CUS0008287,PRD-LN04,BR0015,2406034.37,6.18,36,2025-03-11,2028-02-24,73392.62,807209.76,Current
LON0003284,CUS0009839,PRD-LN02,BR0017,1082286.0,4.6,24,2020-12-07,2022-11-27,47287.75,696441.58,Current
LON0003285,CUS0005592,PRD-LN03,BR0016,9482701.86,21.57,360,2020-03-19,2049-10-13,170731.43,8390203.32,Current
LON0003286,CUS0004976,PRD-LN01,BR0045,239648.64,4.05,24,2025-12-10,2027-11-30,10412.06,28141.43,Current
LON0003287,CUS0001565,PRD-LN04,BR0044,3970243.25,19.96,60,2023-07-01,2028-06-04,105098.82,1339085.24,Closed
LON0003288,CUS0006519,PRD-LN01,BR0044,1071590.36,4.97,120,2020-10-05,2030-08-14,11350.17,987524.18,Current
LON0003289,CUS0002432,PRD-LN01,BR0031,415532.09,11.01,60,2020-12-10,2025-11-14,9036.75,151407.36,Current
LON0003290,CUS0003935,PRD-LN02,BR0013,2003136.69,18.79,240,2023-02-14,2042-11-01,32137.72,1533702.2,Current
LON0003291,CUS0001522,PRD-LN02,BR0014,1578476.56,9.89,60,2021-01-23,2025-12-28,33452.59,1309719.02,Current
LON0003292,CUS0005656,PRD-LN01,BR0003,1142456.29,6.72,180,2025-08-25,2040-06-07,10090.71,384301.61,Closed
LON0003293,CUS0004155,PRD-LN02,BR0038,795035.66,6.14,120,2022-07-13,2032-05-21,8882.52,460090.15,Current
LON0003294,CUS0001421,PRD-LN03,BR0004,1814067.55,13.94,60,2025-05-06,2030-04-10,42153.77,219387.15,Closed
LON0003295,CUS0006613,PRD-LN03,BR0038,7341580.48,15.34,12,2025-04-26,2026-04-21,663817.09,3895326.67,Current
LON0003296,CUS0001832,PRD-LN02,BR0013,1603420.69,14.97,60,2022-11-19,2027-10-24,38120.02,1258763.75,Current
LON0003297,CUS0002285,PRD-LN03,BR0019,5769801.15,10.73,180,2022-01-09,2036-10-22,64604.48,1274648.9,Current
LON0003298,CUS0005053,PRD-LN03,BR0047,10922157.97,4.44,240,2025-06-07,2045-02-22,68745.72,3178032.53,Current
LON0003299,CUS0008550,PRD-LN01,BR0026,1062483.15,10.06,24,2020-09-26,2022-09-16,49057.64,271170.95,Current
LON0003300,CUS0005242,PRD-LN02,BR0038,336939.25,6.68,180,2023-12-25,2038-10-07,2968.55,160011.68,Current
LON0003301,CUS0008597,PRD-LN01,BR0048,1321582.5,16.32,360,2024-06-01,2053-12-26,18113.49,526164.34,Current
LON0003302,CUS0007759,PRD-LN01,BR0003,103338.01,12.62,48,2020-09-25,2024-09-04,2752.85,42104.43,Current
LON0003303,CUS0002377,PRD-LN01,BR0027,1091593.2,21.92,12,2021-09-20,2022-09-15,102124.96,942327.16,Current
LON0003304,CUS0009353,PRD-LN03,BR0041,13822940.37,16.39,60,2020-09-04,2025-08-09,339018.15,8383907.11,Current
LON0003305,CUS0003081,PRD-LN03,BR0007,5373817.83,9.15,12,2025-03-24,2026-03-19,470322.19,3266054.28,Current
LON0003306,CUS0002992,PRD-LN01,BR0048,168794.53,19.06,84,2021-11-14,2028-10-08,3653.34,65050.79,Current
LON0003307,CUS0002643,PRD-LN03,BR0035,12532823.53,18.9,120,2024-09-02,2034-07-12,233134.65,1908769.25,Current
LON0003308,CUS0002808,PRD-LN01,BR0035,1447612.83,5.52,84,2024-06-28,2031-05-23,20816.0,1005810.48,Current
LON0003309,CUS0004523,PRD-LN02,BR0004,1094422.24,3.6,24,2022-08-15,2024-08-04,47330.6,287368.72,Current
LON0003310,CUS0002284,PRD-LN01,BR0031,621308.28,14.41,120,2021-07-24,2031-06-02,9800.58,119355.85,Current
LON0003311,CUS0007173,PRD-LN03,BR0048,11298735.27,4.28,120,2025-08-13,2035-06-22,115903.77,4220122.79,Current
LON0003312,CUS0001599,PRD-LN04,BR0023,7583093.68,19.6,84,2026-03-02,2033-01-24,166570.06,7326146.33,Late
LON0003313,CUS0003783,PRD-LN04,BR0010,6980872.64,6.52,12,2023-12-03,2024-11-27,602488.57,3702065.86,Current
LON0003314,CUS0003642,PRD-LN03,BR0005,8625551.82,10.9,60,2022-01-18,2026-12-23,187110.52,6759319.62,Current
LON0003315,CUS0003461,PRD-LN04,BR0019,6586696.81,14.13,12,2025-01-14,2026-01-09,591803.49,3052480.74,Current
LON0003316,CUS0009949,PRD-LN03,BR0036,9425632.87,11.96,12,2025-06-26,2026-06-21,837279.7,9365997.49,Current
LON0003317,CUS0005560,PRD-LN01,BR0048,103112.16,9.66,12,2022-07-21,2023-07-16,9048.9,43142.45,Current
LON0003318,CUS0006235,PRD-LN03,BR0028,2706273.22,13.0,24,2025-05-25,2027-05-15,128661.16,732371.4,Current
LON0003319,CUS0001347,PRD-LN03,BR0032,11567364.98,10.57,360,2023-07-30,2053-02-22,106417.07,10015052.5,Current
LON0003320,CUS0009089,PRD-LN03,BR0001,6490298.92,4.25,120,2024-11-05,2034-09-14,66485.02,4207753.02,Current
LON0003321,CUS0005017,PRD-LN01,BR0013,1257943.99,7.53,180,2020-02-03,2034-11-16,11682.75,283405.8,Current
LON0003322,CUS0007236,PRD-LN02,BR0030,2314495.49,7.19,60,2023-03-01,2028-02-03,46037.55,1916415.72,Closed
LON0003323,CUS0007310,PRD-LN01,BR0004,502344.12,7.82,48,2021-11-08,2025-10-18,12221.29,193952.51,Current
LON0003324,CUS0001449,PRD-LN03,BR0036,14574876.05,6.53,240,2020-03-18,2039-12-04,108923.93,11544034.95,Current
LON0003325,CUS0008524,PRD-LN04,BR0011,1527201.87,8.37,60,2022-01-05,2026-12-10,31237.29,1251435.81,Current
LON0003326,CUS0003026,PRD-LN01,BR0050,1279722.01,5.34,24,2020-06-10,2022-05-31,56338.25,1229661.46,Current
LON0003327,CUS0007196,PRD-LN02,BR0019,1219809.81,16.91,120,2020-02-22,2029-12-31,21130.49,1050956.07,Current
LON0003328,CUS0004324,PRD-LN03,BR0039,2083216.4,19.46,24,2021-04-21,2023-04-11,105478.23,458761.3,Current
LON0003329,CUS0003612,PRD-LN04,BR0035,8835136.26,15.44,36,2023-11-17,2026-11-01,308180.03,1258336.07,Current
LON0003330,CUS0005564,PRD-LN01,BR0033,559115.96,19.68,12,2023-09-12,2024-09-06,51707.84,506273.72,Current
LON0003331,CUS0006867,PRD-LN02,BR0036,892874.46,15.92,48,2022-11-28,2026-11-07,25267.74,129870.84,Current
LON0003332,CUS0008183,PRD-LN04,BR0049,1647880.85,10.32,240,2025-05-22,2045-02-06,16253.35,689295.72,Closed
LON0003333,CUS0009346,PRD-LN04,BR0033,9613043.22,6.82,24,2023-08-09,2025-07-29,429616.73,7380058.22,Current
LON0003334,CUS0001697,PRD-LN02,BR0019,326800.54,5.3,84,2025-08-31,2032-07-25,4665.18,323811.12,Closed
LON0003335,CUS0005049,PRD-LN04,BR0010,6167178.16,17.98,24,2026-02-24,2028-02-14,307831.24,2460597.12,Current
LON0003336,CUS0004049,PRD-LN03,BR0008,11787111.06,19.35,84,2023-06-10,2030-05-04,257153.27,4215959.56,Current
LON0003337,CUS0002713,PRD-LN01,BR0011,194193.9,4.61,48,2025-09-21,2029-08-31,4437.92,65857.17,Current
LON0003338,CUS0002420,PRD-LN04,BR0046,766478.95,4.89,48,2022-07-31,2026-07-10,17613.3,489992.69,Current
LON0003339,CUS0009743,PRD-LN03,BR0036,14185751.64,12.82,240,2020-06-17,2040-03-04,164381.12,2630217.65,Current
LON0003340,CUS0001277,PRD-LN04,BR0034,4081467.47,9.28,180,2021-07-14,2036-04-26,42079.54,1882144.56,Current
LON0003341,CUS0009578,PRD-LN02,BR0024,1768853.47,4.11,60,2022-04-01,2027-03-06,32664.01,1488042.19,Current
LON0003342,CUS0009694,PRD-LN04,BR0022,5570664.1,15.95,180,2025-04-22,2040-02-03,81622.27,3424932.06,Late
LON0003343,CUS0007516,PRD-LN03,BR0019,6616084.14,15.17,24,2023-01-18,2025-01-07,321326.38,5938628.92,Current
LON0003344,CUS0005838,PRD-LN04,BR0017,3281699.76,6.62,240,2024-07-07,2044-03-24,24699.87,769633.84,Current
LON0003345,CUS0002329,PRD-LN04,BR0036,1306435.0,14.94,84,2021-05-26,2028-04-19,25166.0,1277145.81,Late
LON0003346,CUS0009562,PRD-LN02,BR0028,2007813.19,11.02,36,2024-08-15,2027-07-31,65752.25,768364.13,Current
LON0003347,CUS0007952,PRD-LN02,BR0040,2189647.62,19.65,48,2025-02-03,2029-01-13,66224.13,1913646.09,Current
LON0003348,CUS0000114,PRD-LN02,BR0019,1482905.88,15.17,12,2020-05-11,2021-05-06,133963.57,1067324.11,Current
LON0003349,CUS0001170,PRD-LN03,BR0024,10495481.6,13.32,180,2025-12-19,2040-10-01,135010.79,9455533.23,Current
LON0003350,CUS0009195,PRD-LN01,BR0022,1354202.94,15.66,48,2026-03-14,2030-02-21,38143.09,1073184.74,Closed
LON0003351,CUS0009414,PRD-LN01,BR0008,1358861.11,9.51,240,2021-02-19,2040-11-06,12675.24,1068417.12,Current
LON0003352,CUS0008885,PRD-LN02,BR0018,1076465.9,16.24,48,2021-06-07,2025-05-17,30639.82,712372.69,Late
LON0003353,CUS0001379,PRD-LN02,BR0016,935222.24,21.38,12,2025-11-12,2026-11-07,87252.72,512416.63,Current
LON0003354,CUS0002405,PRD-LN02,BR0023,2003188.83,9.81,120,2026-01-31,2035-12-10,26261.98,1558876.16,Current
LON0003355,CUS0006143,PRD-LN01,BR0043,309715.11,7.98,60,2023-02-12,2028-01-17,6276.94,148853.23,Current
LON0003356,CUS0007958,PRD-LN01,BR0012,533721.46,4.82,120,2022-03-03,2032-01-10,5614.1,84223.82,Closed
LON0003357,CUS0009899,PRD-LN01,BR0028,1247994.2,20.5,12,2021-10-10,2022-10-05,115906.18,960059.89,Closed
LON0003358,CUS0009279,PRD-LN02,BR0003,1314992.07,12.18,48,2021-07-27,2025-07-06,34745.12,992624.08,Closed
LON0003359,CUS0001281,PRD-LN04,BR0013,948062.57,5.66,48,2025-10-10,2029-09-19,22117.79,221773.72,Late
LON0003360,CUS0009598,PRD-LN04,BR0015,9067304.19,8.14,60,2024-02-09,2029-01-13,184460.36,6971974.93,Current
LON0003361,CUS0006439,PRD-LN04,BR0044,5716630.51,18.95,36,2021-10-01,2024-09-15,209404.43,1553470.17,Default
LON0003362,CUS0005740,PRD-LN02,BR0029,1546749.64,17.59,36,2025-11-09,2028-10-24,55601.09,1359868.62,Current
LON0003363,CUS0005434,PRD-LN01,BR0020,634650.53,19.69,360,2025-04-24,2054-11-18,10443.36,312447.91,Current
LON0003364,CUS0006315,PRD-LN02,BR0014,2111344.57,8.0,12,2025-06-29,2026-06-24,183662.55,710552.58,Late
LON0003365,CUS0001511,PRD-LN03,BR0006,10514710.72,16.34,24,2024-07-24,2026-07-14,516542.75,6834107.87,Late
LON0003366,CUS0003966,PRD-LN02,BR0020,2144696.99,19.02,24,2020-12-14,2022-12-04,108132.05,1267475.39,Current
LON0003367,CUS0003862,PRD-LN01,BR0017,1390880.25,20.35,180,2022-02-24,2036-12-07,24788.39,1013147.89,Current
LON0003368,CUS0006137,PRD-LN01,BR0015,581195.91,5.66,84,2023-09-27,2030-08-21,8396.02,509608.8,Current
LON0003369,CUS0004542,PRD-LN01,BR0050,654592.46,8.49,60,2025-02-27,2030-02-01,13426.81,371734.83,Default
LON0003370,CUS0003197,PRD-LN02,BR0006,1467138.01,17.62,84,2021-04-08,2028-03-02,30510.16,307074.54,Current
LON0003371,CUS0003626,PRD-LN03,BR0026,11487926.78,11.17,60,2022-01-28,2027-01-02,250750.42,7086358.63,Late
LON0003372,CUS0001883,PRD-LN01,BR0021,905349.74,19.36,360,2023-11-15,2053-06-10,14652.4,494658.97,Default
LON0003373,CUS0009055,PRD-LN02,BR0013,2093631.76,3.94,84,2025-02-19,2032-01-14,28559.66,1957905.61,Current
LON0003374,CUS0007064,PRD-LN04,BR0017,8093639.93,13.61,180,2024-02-17,2038-11-30,105673.98,3302213.06,Current
LON0003375,CUS0009544,PRD-LN01,BR0034,743393.24,20.26,360,2025-11-12,2055-06-08,12581.3,271510.46,Current
LON0003376,CUS0000815,PRD-LN04,BR0018,842342.55,18.8,180,2021-07-22,2036-05-04,14052.85,529970.92,Current
LON0003377,CUS0001443,PRD-LN01,BR0004,436383.36,19.54,24,2024-12-07,2026-11-27,22112.14,432810.99,Current
LON0003378,CUS0002539,PRD-LN04,BR0017,9028246.19,4.42,12,2023-11-12,2024-11-06,770487.86,5835445.26,Late
LON0003379,CUS0009693,PRD-LN03,BR0002,14543584.74,17.52,84,2024-08-20,2031-07-15,301596.66,7316909.22,Current
LON0003380,CUS0006605,PRD-LN01,BR0039,583816.27,15.58,360,2024-06-30,2054-01-24,7653.51,270778.51,Current
LON0003381,CUS0007681,PRD-LN01,BR0024,1415691.02,13.41,120,2024-10-16,2034-08-25,21481.52,958343.57,Late
LON0003382,CUS0006058,PRD-LN03,BR0036,7510780.08,8.81,180,2022-12-08,2037-09-20,75332.75,1903881.97,Current
LON0003383,CUS0006952,PRD-LN03,BR0003,1043078.73,17.29,24,2026-04-07,2028-03-27,51717.64,357518.4,Current
LON0003384,CUS0003049,PRD-LN03,BR0043,1854392.89,9.8,84,2024-01-07,2030-12-01,30593.83,958189.52,Closed
LON0003385,CUS0004211,PRD-LN02,BR0040,2225298.99,17.89,24,2021-02-10,2023-01-31,110977.82,1510613.27,Current
LON0003386,CUS0000286,PRD-LN01,BR0012,80297.69,5.96,120,2025-10-12,2035-08-21,889.86,80259.02,Late
LON0003387,CUS0003661,PRD-LN04,BR0010,2692918.56,9.26,36,2025-05-01,2028-04-15,85960.33,2324256.49,Current
LON0003388,CUS0007003,PRD-LN01,BR0050,329584.89,11.94,180,2025-11-02,2040-08-15,3942.86,200224.83,Current
LON0003389,CUS0009633,PRD-LN02,BR0031,1676546.48,3.64,12,2024-05-30,2025-05-25,142482.16,1334070.68,Current
LON0003390,CUS0004338,PRD-LN04,BR0024,3433886.59,14.11,360,2021-04-15,2050-11-09,40986.31,930923.18,Current
LON0003391,CUS0000679,PRD-LN04,BR0039,1673110.43,6.66,180,2022-07-16,2037-04-28,14722.15,1050785.71,Closed
LON0003392,CUS0002669,PRD-LN01,BR0001,1051994.59,15.39,120,2024-04-20,2034-02-27,17224.47,116450.03,Late
LON0003393,CUS0007809,PRD-LN03,BR0030,3219224.84,7.38,120,2020-04-13,2030-02-20,38011.45,2561815.24,Current
LON0003394,CUS0000972,PRD-LN02,BR0047,1910825.24,5.78,60,2025-07-03,2030-06-07,36746.45,1878404.2,Current
LON0003395,CUS0001461,PRD-LN01,BR0007,287366.3,16.08,84,2023-10-21,2030-09-14,5720.79,236090.69,Current
LON0003396,CUS0000923,PRD-LN02,BR0022,1789202.84,18.99,180,2020-10-17,2035-07-31,30097.01,802209.67,Current
LON0003397,CUS0007129,PRD-LN01,BR0042,268466.09,5.31,60,2023-11-11,2028-10-15,5104.5,255670.42,Current
LON0003398,CUS0004625,PRD-LN02,BR0016,1308410.43,9.26,12,2022-11-11,2023-11-06,114580.24,246864.72,Current
LON0003399,CUS0006920,PRD-LN02,BR0021,2061155.95,20.04,120,2024-05-02,2034-03-11,39887.69,869751.81,Late
LON0003400,CUS0004293,PRD-LN01,BR0012,680198.59,7.41,240,2025-02-02,2044-10-20,5442.26,367588.42,Current
LON0003401,CUS0005399,PRD-LN03,BR0044,1094236.18,16.62,120,2023-04-09,2033-02-15,18754.9,482522.03,Current
LON0003402,CUS0003981,PRD-LN03,BR0031,11082658.8,4.15,360,2022-07-12,2052-02-05,53873.17,9986198.97,Closed
LON0003403,CUS0007172,PRD-LN03,BR0004,1015795.56,9.08,36,2024-10-13,2027-09-28,32339.86,241294.43,Current
LON0003404,CUS0004796,PRD-LN02,BR0009,2344112.38,21.46,120,2021-06-01,2031-04-10,47593.17,1793082.64,Closed
LON0003405,CUS0004975,PRD-LN04,BR0030,7351358.93,15.12,12,2022-06-16,2023-06-11,663937.59,1810067.15,Late
LON0003406,CUS0008140,PRD-LN01,BR0018,1499850.77,18.37,24,2020-12-31,2022-12-21,75147.11,684851.2,Current
LON0003407,CUS0009392,PRD-LN03,BR0039,12977167.76,12.35,36,2021-06-08,2024-05-23,433200.24,9479050.81,Current
LON0003408,CUS0005171,PRD-LN02,BR0040,2138253.53,18.7,84,2024-04-21,2031-03-16,45823.03,1238456.23,Current
LON0003409,CUS0004550,PRD-LN04,BR0049,2458549.25,19.09,360,2025-06-19,2055-01-13,39245.13,1256230.54,Default
LON0003410,CUS0008309,PRD-LN01,BR0001,1258172.66,10.38,120,2022-06-18,2032-04-26,16892.72,367061.99,Current
LON0003411,CUS0009981,PRD-LN03,BR0021,9842416.79,3.61,24,2025-09-18,2027-09-08,425699.75,9319700.43,Current
LON0003412,CUS0009431,PRD-LN02,BR0019,2121574.23,11.14,240,2021-01-03,2040-09-20,22101.14,819322.84,Current
LON0003413,CUS0003169,PRD-LN02,BR0013,2254646.9,11.84,48,2023-10-06,2027-09-15,59196.53,476366.86,Late
LON0003414,CUS0006838,PRD-LN01,BR0044,615494.13,17.34,12,2023-09-07,2024-09-01,56235.35,310809.6,Closed
LON0003415,CUS0006637,PRD-LN03,BR0011,5563910.69,17.01,36,2020-03-17,2023-03-02,198396.28,4192374.7,Current
LON0003416,CUS0002332,PRD-LN03,BR0041,12417739.73,9.98,84,2021-08-12,2028-07-06,206020.88,6357127.53,Current
LON0003417,CUS0007855,PRD-LN01,BR0017,1151328.3,11.15,12,2020-12-03,2021-11-28,101836.88,1056094.24,Current
LON0003418,CUS0003276,PRD-LN01,BR0032,1349625.66,4.45,24,2021-01-03,2022-12-24,58878.08,722072.25,Current
LON0003419,CUS0001032,PRD-LN01,BR0030,448154.08,9.85,120,2025-10-05,2035-08-14,5885.23,351812.94,Current
LON0003420,CUS0000734,PRD-LN02,BR0036,2108894.92,11.38,84,2025-10-13,2032-09-06,36532.15,1172890.54,Current
LON0003421,CUS0007178,PRD-LN01,BR0035,65296.19,8.53,60,2022-02-06,2027-01-11,1340.6,54933.91,Late
LON0003422,CUS0007788,PRD-LN03,BR0037,9497429.36,14.49,12,2020-06-05,2021-05-31,854938.02,8322755.59,Current
LON0003423,CUS0006742,PRD-LN01,BR0032,745003.06,20.3,180,2024-10-27,2039-08-10,13249.88,647424.85,Current
LON0003424,CUS0008631,PRD-LN02,BR0012,1988416.84,5.0,48,2021-10-19,2025-09-28,45791.84,1855555.36,Current
LON0003425,CUS0002240,PRD-LN02,BR0027,2466512.71,11.43,240,2024-06-13,2044-02-29,26184.76,2386734.71,Current
LON0003426,CUS0000376,PRD-LN01,BR0044,1087597.27,12.62,240,2024-09-27,2044-06-14,12448.76,460755.66,Current
LON0003427,CUS0007392,PRD-LN02,BR0041,491363.46,13.68,360,2020-10-29,2050-05-25,5697.8,145443.91,Closed
LON0003428,CUS0005062,PRD-LN02,BR0028,1548899.27,9.28,180,2026-03-18,2040-12-29,15969.01,1190940.22,Closed
LON0003429,CUS0001897,PRD-LN01,BR0031,273315.14,4.09,48,2021-09-01,2025-08-11,6182.21,124331.48,Current
LON0003430,CUS0007088,PRD-LN04,BR0046,2113844.33,21.78,180,2021-07-01,2036-04-13,39933.83,579560.12,Current
LON0003431,CUS0000526,PRD-LN02,BR0041,1605945.59,14.25,12,2025-12-09,2026-12-04,144382.2,876676.39,Current
LON0003432,CUS0008034,PRD-LN02,BR0028,1808825.34,4.12,48,2024-11-07,2028-10-17,40938.77,378033.13,Late
LON0003433,CUS0005712,PRD-LN02,BR0043,1459625.34,21.28,60,2020-02-06,2025-01-10,39718.02,1227809.82,Current
LON0003434,CUS0006271,PRD-LN03,BR0005,12074931.84,10.67,240,2025-11-05,2045-07-23,121935.7,3915565.29,Current
LON0003435,CUS0007192,PRD-LN02,BR0050,872424.16,14.95,48,2020-06-19,2024-05-29,24258.11,169682.04,Current
LON0003436,CUS0007871,PRD-LN04,BR0043,8022671.88,13.28,24,2022-06-04,2024-05-24,382468.42,7143805.8,Closed
LON0003437,CUS0000442,PRD-LN01,BR0026,1380819.55,7.52,36,2023-07-16,2026-06-30,42964.76,828523.03,Current
LON0003438,CUS0003016,PRD-LN03,BR0028,14495543.39,18.79,12,2021-02-04,2022-01-30,1334407.31,6128226.09,Current
LON0003439,CUS0002570,PRD-LN04,BR0042,8351270.85,13.77,60,2022-12-04,2027-11-08,193325.09,2867847.03,Current
LON0003440,CUS0008770,PRD-LN01,BR0016,477324.35,21.69,60,2021-10-23,2026-09-27,13099.19,191250.26,Current
LON0003441,CUS0005754,PRD-LN02,BR0022,1690079.94,21.8,240,2020-06-10,2040-02-26,31116.61,1477754.65,Current
LON0003442,CUS0003835,PRD-LN01,BR0023,1278560.58,17.76,24,2025-05-31,2027-05-21,63682.82,794036.78,Current
LON0003443,CUS0001192,PRD-LN04,BR0001,5595683.32,20.18,180,2020-06-25,2035-04-08,99021.73,4274748.23,Current
LON0003444,CUS0006672,PRD-LN03,BR0007,12899035.26,17.27,180,2020-01-13,2034-10-26,200990.22,9637012.42,Late
LON0003445,CUS0001831,PRD-LN03,BR0028,13347686.46,12.27,240,2025-06-24,2045-03-11,149489.71,11936049.28,Late
LON0003446,CUS0005538,PRD-LN02,BR0030,900867.16,21.38,60,2024-09-14,2029-08-19,24564.45,276023.42,Current
LON0003447,CUS0000306,PRD-LN02,BR0010,2441726.33,13.99,12,2020-08-09,2021-08-04,219224.08,459367.81,Late
LON0003448,CUS0009093,PRD-LN02,BR0039,1810896.8,6.33,360,2024-06-21,2054-01-15,11244.4,708547.11,Current
LON0003449,CUS0009632,PRD-LN04,BR0031,815085.63,17.61,48,2020-08-05,2024-07-15,23777.35,592186.19,Current
LON0003450,CUS0007515,PRD-LN02,BR0041,1335964.53,18.87,360,2024-02-14,2053-09-09,21084.7,769535.74,Current
LON0003451,CUS0001673,PRD-LN03,BR0040,6116427.0,6.68,12,2022-05-26,2023-05-21,528332.66,5311586.36,Default
LON0003452,CUS0000834,PRD-LN03,BR0042,4062604.12,4.9,60,2021-11-15,2026-10-20,76480.37,1113544.45,Current
LON0003453,CUS0001388,PRD-LN01,BR0024,597294.35,13.35,120,2024-08-07,2034-06-16,9041.97,295753.32,Late
LON0003454,CUS0008164,PRD-LN02,BR0007,1543317.07,4.74,84,2022-02-20,2029-01-14,21625.05,839987.45,Current
LON0003455,CUS0005806,PRD-LN01,BR0039,1318813.09,4.92,360,2022-03-29,2051-10-23,7015.33,1158587.59,Closed
LON0003456,CUS0009354,PRD-LN03,BR0024,3346188.01,5.69,360,2023-12-19,2053-07-14,19400.09,3178298.3,Late
LON0003457,CUS0005474,PRD-LN01,BR0017,111024.79,13.58,240,2022-05-05,2042-01-20,1346.88,109912.42,Current
LON0003458,CUS0006222,PRD-LN01,BR0050,482659.13,12.95,24,2025-07-12,2027-07-02,22935.16,142001.67,Current
LON0003459,CUS0006433,PRD-LN03,BR0025,3992903.0,19.41,24,2021-01-08,2022-12-29,202073.0,1825660.83,Current
LON0003460,CUS0008282,PRD-LN03,BR0027,14727867.38,18.25,48,2024-10-30,2028-10-09,434557.46,11969330.34,Current
LON0003461,CUS0000190,PRD-LN03,BR0007,13602662.34,14.8,120,2022-06-01,2032-04-09,217795.46,9499856.65,Current
LON0003462,CUS0000875,PRD-LN02,BR0047,393435.85,20.27,12,2024-02-07,2025-02-01,36496.6,257850.77,Current
LON0003463,CUS0004975,PRD-LN02,BR0038,2097094.43,17.29,84,2024-11-18,2031-10-13,43208.0,406060.67,Current
LON0003464,CUS0006592,PRD-LN02,BR0002,2488951.39,7.68,84,2026-02-05,2032-12-30,38397.71,646973.38,Current
LON0003465,CUS0008034,PRD-LN01,BR0026,446499.05,7.88,24,2024-11-27,2026-11-17,20169.51,441032.32,Late
LON0003466,CUS0009017,PRD-LN02,BR0028,302083.12,9.11,36,2022-03-25,2025-03-09,9621.64,271354.67,Closed
LON0003467,CUS0006222,PRD-LN03,BR0014,6009850.95,13.73,48,2020-07-24,2024-07-03,163415.23,3386984.58,Current
LON0003468,CUS0004251,PRD-LN02,BR0006,1984210.32,12.92,24,2020-04-04,2022-03-25,94258.43,1089390.26,Current
LON0003469,CUS0009572,PRD-LN01,BR0028,382833.27,4.07,360,2025-04-05,2054-10-30,1843.19,164318.92,Current
LON0003470,CUS0007663,PRD-LN04,BR0011,7145339.61,21.55,360,2020-08-02,2050-02-26,128530.33,1028823.1,Current
LON0003471,CUS0009522,PRD-LN01,BR0037,792157.08,16.69,84,2024-03-04,2031-01-27,16046.77,616451.15,Current
LON0003472,CUS0002406,PRD-LN03,BR0001,3745949.06,9.71,360,2026-03-21,2055-10-15,32073.51,1915654.71,Closed
LON0003473,CUS0001271,PRD-LN01,BR0016,1371052.79,7.09,240,2021-07-13,2041-03-30,10703.95,1222673.93,Current
LON0003474,CUS0001742,PRD-LN01,BR0042,1095126.07,7.99,24,2020-10-15,2022-10-05,49524.59,523240.0,Closed
LON0003475,CUS0007302,PRD-LN04,BR0009,3528878.61,4.87,84,2026-02-27,2033-01-21,49661.57,2361382.48,Current
LON0003476,CUS0001413,PRD-LN01,BR0035,1367980.45,4.51,360,2021-01-03,2050-07-30,6939.49,471161.94,Current
LON0003477,CUS0008331,PRD-LN02,BR0009,2155809.85,13.32,180,2024-11-08,2039-08-22,27731.7,1857784.72,Current
LON0003478,CUS0004611,PRD-LN04,BR0005,8644415.34,4.46,240,2025-07-31,2045-04-17,54502.37,4983783.63,Current
LON0003479,CUS0001337,PRD-LN01,BR0041,230464.54,7.09,180,2022-10-04,2037-07-17,2083.09,224029.37,Current
LON0003480,CUS0006936,PRD-LN02,BR0036,355839.25,9.73,60,2025-10-09,2030-09-13,7513.35,180621.53,Current
LON0003481,CUS0006982,PRD-LN04,BR0029,5433026.6,10.89,36,2022-10-28,2025-10-12,177587.44,3234180.54,Current
LON0003482,CUS0001881,PRD-LN02,BR0040,608337.18,7.66,60,2021-10-25,2026-09-29,12236.13,451588.58,Current
LON0003483,CUS0007088,PRD-LN02,BR0041,1534941.68,6.45,120,2024-07-16,2034-05-25,17389.93,1104960.58,Current
LON0003484,CUS0005819,PRD-LN03,BR0038,11713235.38,4.4,24,2021-12-26,2023-12-16,510734.29,8860962.82,Current
LON0003485,CUS0003486,PRD-LN03,BR0015,7940715.76,15.44,84,2022-07-07,2029-05-31,155196.87,6849609.13,Late
LON0003486,CUS0008567,PRD-LN03,BR0048,9595335.28,9.89,84,2021-06-30,2028-05-24,158749.09,4354608.14,Current
LON0003487,CUS0003058,PRD-LN01,BR0021,756204.23,4.81,120,2023-01-19,2032-11-27,7950.67,590728.3,Current
LON0003488,CUS0009263,PRD-LN01,BR0046,799812.2,7.19,180,2025-12-10,2040-09-22,7274.16,597178.81,Closed
LON0003489,CUS0004743,PRD-LN03,BR0028,11464999.36,11.5,60,2023-06-22,2028-05-26,252145.23,9497283.77,Current
LON0003490,CUS0002356,PRD-LN04,BR0035,7445322.89,16.97,36,2020-04-24,2023-04-09,265334.92,4631214.21,Current
LON0003491,CUS0002412,PRD-LN02,BR0043,1577969.18,6.02,60,2021-08-02,2026-07-07,30521.24,395892.89,Current
LON0003492,CUS0009110,PRD-LN03,BR0010,3338275.06,4.83,48,2022-05-25,2026-05-04,76621.31,2886919.5,Current
LON0003493,CUS0000286,PRD-LN01,BR0007,683977.17,4.91,60,2022-05-01,2027-04-05,12879.31,384758.5,Late
LON0003494,CUS0009825,PRD-LN01,BR0036,1422390.6,7.26,12,2026-03-16,2027-03-11,123245.38,1115387.07,Late
LON0003495,CUS0002753,PRD-LN02,BR0005,1309551.37,19.17,240,2024-08-21,2044-05-08,21396.98,1209703.59,Late
LON0003496,CUS0008005,PRD-LN01,BR0011,784920.81,11.29,36,2023-01-05,2025-12-20,25805.23,553773.76,Current
LON0003497,CUS0003939,PRD-LN02,BR0017,871015.52,4.48,180,2026-04-13,2041-01-24,6654.31,308999.68,Current
LON0003498,CUS0004947,PRD-LN04,BR0022,8468662.43,8.79,84,2020-10-05,2027-08-30,135352.15,4905173.45,Current
LON0003499,CUS0008016,PRD-LN02,BR0048,1038211.53,13.5,240,2025-11-13,2045-07-31,12535.1,317482.47,Current
LON0003500,CUS0003894,PRD-LN02,BR0045,956808.05,18.15,12,2024-01-28,2025-01-22,87788.47,238548.35,Current
LON0003501,CUS0007322,PRD-LN03,BR0050,5117876.96,10.47,48,2020-02-22,2024-02-01,130960.81,1895241.0,Current
LON0003502,CUS0007183,PRD-LN02,BR0023,1837485.36,18.36,180,2022-11-26,2037-09-08,30068.41,447275.52,Current
LON0003503,CUS0007004,PRD-LN04,BR0034,1017105.85,4.04,24,2025-12-26,2027-12-16,44185.85,518521.37,Closed
LON0003504,CUS0000241,PRD-LN03,BR0020,11087623.36,14.57,180,2022-06-09,2037-03-22,151928.55,10965329.42,Current
LON0003505,CUS0007105,PRD-LN04,BR0020,8304292.9,19.89,48,2023-10-26,2027-10-05,252216.2,1154542.33,Current
LON0003506,CUS0003954,PRD-LN03,BR0003,10792804.8,17.97,24,2026-01-20,2028-01-10,538664.66,7896929.79,Closed
LON0003507,CUS0008738,PRD-LN04,BR0026,9355598.75,14.37,12,2020-11-17,2021-11-12,841641.85,7812896.26,Current
LON0003508,CUS0006643,PRD-LN04,BR0034,5040596.67,14.62,120,2022-02-18,2031-12-28,80153.47,518235.33,Current
LON0003509,CUS0007994,PRD-LN01,BR0026,646561.14,16.6,48,2022-04-14,2026-03-24,18523.01,567365.71,Current
LON0003510,CUS0008401,PRD-LN04,BR0017,1158881.16,18.63,24,2024-07-10,2026-06-30,58209.48,459687.04,Current
LON0003511,CUS0006657,PRD-LN04,BR0027,9861229.11,17.47,12,2023-03-29,2024-03-23,901591.94,7128426.29,Current
LON0003512,CUS0000353,PRD-LN02,BR0023,349153.76,9.55,60,2023-01-16,2027-12-21,7341.41,223654.5,Current
LON0003513,CUS0004153,PRD-LN04,BR0029,6088689.91,9.41,12,2023-11-10,2024-11-04,533623.26,4997581.01,Current
LON0003514,CUS0005536,PRD-LN04,BR0008,7109340.71,9.08,240,2022-07-03,2042-03-20,64330.82,2730007.59,Current
LON0003515,CUS0007009,PRD-LN03,BR0023,12584473.63,17.74,12,2024-07-08,2025-07-03,1152187.85,4254818.66,Current
LON0003516,CUS0009992,PRD-LN04,BR0040,5145373.87,12.52,84,2023-07-02,2030-05-26,92266.97,1416303.82,Late
LON0003517,CUS0003003,PRD-LN04,BR0036,3215267.72,6.73,24,2024-08-11,2026-08-01,143562.59,2224868.23,Late
LON0003518,CUS0003300,PRD-LN03,BR0047,5900563.04,16.11,360,2024-07-12,2054-02-05,79871.83,835440.5,Closed
LON0003519,CUS0008798,PRD-LN03,BR0037,7711345.37,10.75,120,2023-11-24,2033-10-02,105135.47,3551661.64,Current
LON0003520,CUS0004417,PRD-LN03,BR0014,8074751.95,19.11,24,2022-06-22,2024-06-11,407468.76,5766926.81,Current
LON0003521,CUS0009581,PRD-LN03,BR0019,7752386.77,8.42,360,2025-05-26,2054-12-20,59170.17,5276004.96,Current
LON0003522,CUS0008012,PRD-LN03,BR0038,8785432.17,6.28,84,2023-09-01,2030-07-26,129525.01,4290518.65,Current
LON0003523,CUS0007799,PRD-LN04,BR0033,9011272.32,4.15,48,2024-02-23,2028-02-02,204071.43,7338390.95,Current
LON0003524,CUS0007480,PRD-LN01,BR0030,533763.24,11.18,12,2023-10-15,2024-10-09,47219.71,137211.47,Current
LON0003525,CUS0009709,PRD-LN04,BR0005,5955882.7,20.53,48,2024-11-03,2028-10-13,182925.75,4272891.44,Current
LON0003526,CUS0003735,PRD-LN01,BR0046,265932.18,15.93,48,2022-09-06,2026-08-16,7527.06,80272.3,Current
LON0003527,CUS0006161,PRD-LN04,BR0027,6556930.98,12.64,60,2024-07-15,2029-06-19,147984.76,5776146.77,Current
LON0003528,CUS0006394,PRD-LN01,BR0017,274568.53,5.81,24,2021-02-17,2023-02-07,12145.55,49523.73,Current
LON0003529,CUS0003743,PRD-LN04,BR0043,3523115.14,21.51,36,2020-05-19,2023-05-04,133657.93,995775.84,Current
LON0003530,CUS0004685,PRD-LN01,BR0001,441269.98,12.82,240,2023-04-23,2043-01-08,5113.33,267026.68,Current
LON0003531,CUS0002290,PRD-LN02,BR0045,1723346.66,18.64,60,2021-02-24,2026-01-29,44363.89,857263.76,Current
LON0003532,CUS0002179,PRD-LN02,BR0041,892850.7,10.86,180,2020-02-10,2034-11-23,10069.76,495180.41,Current
LON0003533,CUS0007897,PRD-LN01,BR0033,344111.86,7.45,240,2020-08-20,2040-05-07,2761.63,229781.48,Late
LON0003534,CUS0003107,PRD-LN02,BR0001,2098465.95,18.12,12,2023-07-08,2024-07-02,192507.21,1029794.51,Current
LON0003535,CUS0000587,PRD-LN02,BR0001,477833.36,3.85,48,2020-05-22,2024-05-01,10756.98,257984.4,Current
LON0003536,CUS0006665,PRD-LN04,BR0026,3620454.36,16.57,12,2021-03-29,2022-03-24,329464.29,2495792.87,Current
LON0003537,CUS0001949,PRD-LN04,BR0018,9433907.98,10.07,360,2021-10-02,2051-04-28,83277.7,4153475.71,Late
LON0003538,CUS0000264,PRD-LN03,BR0048,8827035.99,14.88,180,2021-02-11,2035-11-25,122817.36,1048034.17,Current
LON0003539,CUS0000707,PRD-LN01,BR0018,1011337.27,18.96,48,2022-05-01,2026-04-10,30217.76,581763.9,Closed
LON0003540,CUS0003814,PRD-LN03,BR0031,2969499.5,11.65,36,2025-03-19,2028-03-03,98134.21,2402312.13,Current
LON0003541,CUS0000990,PRD-LN04,BR0012,7914800.98,6.58,120,2020-07-24,2030-06-02,90193.47,3759874.87,Default
LON0003542,CUS0009864,PRD-LN02,BR0039,1955287.08,10.58,240,2022-02-14,2041-11-01,19626.38,308600.97,Current
LON0003543,CUS0006694,PRD-LN02,BR0006,353204.2,7.1,48,2026-03-13,2030-02-20,8474.31,235678.76,Current
LON0003544,CUS0008122,PRD-LN01,BR0041,858750.03,15.25,120,2020-09-19,2030-07-29,13986.41,643664.55,Current
LON0003545,CUS0006557,PRD-LN02,BR0035,1686340.97,11.08,48,2024-01-29,2028-01-08,43649.91,333513.87,Closed
LON0003546,CUS0007215,PRD-LN04,BR0005,6087467.03,14.82,24,2025-04-22,2027-04-12,294640.53,1330966.26,Current
LON0003547,CUS0002717,PRD-LN01,BR0022,1096464.19,16.89,12,2025-11-03,2026-10-29,99945.51,991218.85,Current
LON0003548,CUS0006125,PRD-LN03,BR0034,1232602.46,13.33,84,2025-10-16,2032-09-09,22645.19,207499.32,Current
LON0003549,CUS0004958,PRD-LN02,BR0007,1467155.82,18.63,24,2024-01-05,2025-12-25,73693.82,1293314.02,Closed
LON0003550,CUS0004391,PRD-LN01,BR0026,219636.43,7.77,180,2022-07-22,2037-05-04,2069.9,98411.77,Late
LON0003551,CUS0009143,PRD-LN04,BR0028,2266243.82,17.38,120,2021-03-27,2031-02-03,39934.15,1035225.82,Current
LON0003552,CUS0001453,PRD-LN03,BR0012,4149863.09,9.61,12,2025-05-27,2026-05-22,364086.6,582667.88,Current
LON0003553,CUS0003221,PRD-LN04,BR0038,8863658.95,13.17,48,2024-06-29,2028-06-08,238538.33,3672390.46,Current
LON0003554,CUS0007097,PRD-LN03,BR0045,2340770.19,20.66,60,2022-05-05,2027-04-09,62878.83,1531793.38,Current
LON0003555,CUS0002110,PRD-LN01,BR0027,1023495.48,17.8,180,2025-07-07,2040-04-19,16335.52,869322.81,Current
LON0003556,CUS0006028,PRD-LN04,BR0037,9908746.2,20.48,240,2020-04-23,2040-01-09,172073.09,992412.84,Current
LON0003557,CUS0009575,PRD-LN03,BR0024,2857544.32,8.64,360,2023-03-08,2052-10-01,22256.19,1654280.3,Late
LON0003558,CUS0000124,PRD-LN04,BR0013,8833618.91,11.1,60,2025-03-24,2030-02-26,192505.11,8365225.39,Current
LON0003559,CUS0003259,PRD-LN02,BR0025,1649593.05,6.19,24,2025-09-03,2027-08-24,73252.28,563618.34,Current
LON0003560,CUS0003703,PRD-LN04,BR0024,3169556.11,19.98,84,2020-11-20,2027-10-15,70345.63,2662898.06,Default
LON0003561,CUS0003579,PRD-LN03,BR0025,3580725.66,20.33,84,2022-05-14,2029-04-07,80227.33,2970911.96,Current
LON0003562,CUS0000289,PRD-LN01,BR0015,637652.38,13.77,60,2020-06-10,2025-05-15,14761.13,553833.87,Current
LON0003563,CUS0003583,PRD-LN02,BR0009,1423549.87,4.44,60,2023-10-10,2028-09-13,26500.45,294138.89,Closed
LON0003564,CUS0003587,PRD-LN03,BR0002,13248087.76,15.36,48,2021-03-21,2025-02-28,371126.31,7347726.48,Current
LON0003565,CUS0003559,PRD-LN02,BR0044,1087432.48,19.21,84,2020-11-18,2027-10-13,23633.15,448734.35,Current
LON0003566,CUS0008678,PRD-LN03,BR0002,4480062.23,5.75,240,2024-11-13,2044-07-31,31453.78,575577.06,Current
LON0003567,CUS0007149,PRD-LN04,BR0029,1124885.93,18.91,84,2025-01-01,2031-11-26,24246.44,320976.54,Closed
LON0003568,CUS0007008,PRD-LN02,BR0014,1689532.47,20.27,360,2024-03-14,2053-10-08,28607.82,1590347.84,Current
LON0003569,CUS0001620,PRD-LN04,BR0026,5248364.45,10.08,120,2020-11-11,2030-09-20,69590.24,2374730.45,Current
LON0003570,CUS0005019,PRD-LN03,BR0016,12567145.38,17.97,12,2021-04-20,2022-04-15,1151976.38,9623280.03,Current
LON0003571,CUS0009971,PRD-LN04,BR0015,8446088.61,12.09,180,2024-11-20,2039-09-03,101856.82,2672346.13,Late
LON0003572,CUS0003650,PRD-LN02,BR0031,2092500.83,20.61,360,2024-03-20,2053-10-14,36017.06,1638303.52,Current
LON0003573,CUS0002341,PRD-LN02,BR0019,589784.55,3.63,360,2025-12-26,2055-07-22,2691.38,223113.01,Current
LON0003574,CUS0009217,PRD-LN01,BR0003,868576.06,14.43,84,2023-10-16,2030-09-09,16484.14,342523.51,Current
LON0003575,CUS0006369,PRD-LN03,BR0038,14302195.28,17.89,84,2026-03-08,2033-01-30,299679.8,5298979.2,Current
LON0003576,CUS0008545,PRD-LN04,BR0047,2796394.73,8.63,60,2025-01-12,2029-12-17,57547.69,2752226.67,Current
LON0003577,CUS0006918,PRD-LN04,BR0050,8048355.65,20.82,24,2023-01-09,2024-12-29,412858.77,2048994.77,Current
LON0003578,CUS0001373,PRD-LN03,BR0032,6638171.61,16.67,24,2024-05-09,2026-04-29,327154.63,2659029.98,Current
LON0003579,CUS0006078,PRD-LN04,BR0014,1373984.6,12.08,120,2020-01-08,2029-11-16,19776.28,640292.72,Current
LON0003580,CUS0000037,PRD-LN02,BR0027,2492011.58,6.93,360,2021-05-01,2050-11-25,16462.43,1492336.09,Current
LON0003581,CUS0008554,PRD-LN03,BR0039,14190300.75,17.14,24,2020-10-18,2022-10-08,702555.55,8759041.84,Current
LON0003582,CUS0004141,PRD-LN03,BR0009,10507042.48,18.68,24,2023-08-27,2025-08-16,528013.36,5091537.63,Current
LON0003583,CUS0008649,PRD-LN04,BR0021,9180256.01,13.03,84,2024-07-20,2031-06-14,167156.65,5726216.99,Current
LON0003584,CUS0003356,PRD-LN01,BR0007,549441.4,6.34,24,2023-02-26,2025-02-15,24435.84,297425.18,Current
LON0003585,CUS0004347,PRD-LN02,BR0002,474470.4,6.75,48,2020-10-24,2024-10-03,11306.83,350960.71,Current
LON0003586,CUS0009613,PRD-LN03,BR0011,8377028.68,17.95,120,2021-05-11,2031-03-20,150672.11,4318124.84,Current
LON0003587,CUS0008107,PRD-LN01,BR0049,375520.82,21.57,120,2022-06-28,2032-05-06,7652.26,78574.92,Current
LON0003588,CUS0009083,PRD-LN03,BR0042,2463128.26,11.05,180,2026-04-02,2041-01-13,28073.22,1592925.78,Current
LON0003589,CUS0002682,PRD-LN02,BR0026,1459472.11,9.4,24,2024-10-06,2026-09-26,66943.78,854043.59,Current
LON0003590,CUS0004386,PRD-LN03,BR0034,8772531.9,9.9,60,2022-07-16,2027-06-20,185959.03,2685017.2,Current
LON0003591,CUS0009058,PRD-LN01,BR0027,850065.92,8.82,48,2026-02-23,2030-02-02,21081.35,700026.98,Current
LON0003592,CUS0004493,PRD-LN03,BR0009,8869967.0,12.15,360,2023-01-18,2052-08-13,92263.04,4237508.94,Closed
LON0003593,CUS0006733,PRD-LN04,BR0034,9715321.62,18.22,48,2020-12-30,2024-12-09,286505.65,1813995.83,Current
LON0003594,CUS0001457,PRD-LN03,BR0028,3648717.88,21.21,120,2021-01-27,2030-12-06,73465.14,2609717.69,Current
LON0003595,CUS0007874,PRD-LN04,BR0023,9570504.17,15.68,36,2024-01-16,2026-12-31,334960.49,6126167.98,Current
LON0003596,CUS0002260,PRD-LN02,BR0009,1150872.1,21.35,120,2023-07-17,2033-05-25,23280.94,1150430.15,Closed
LON0003597,CUS0003522,PRD-LN03,BR0008,13407254.54,9.25,84,2024-01-31,2030-12-25,217415.28,11215758.32,Current
LON0003598,CUS0006714,PRD-LN03,BR0028,3468570.16,15.5,60,2025-06-21,2030-05-26,83430.18,1079428.05,Current
LON0003599,CUS0006386,PRD-LN04,BR0049,1009081.65,15.4,120,2022-09-19,2032-07-28,16528.08,657843.11,Closed
LON0003600,CUS0004588,PRD-LN03,BR0002,11016914.62,17.69,36,2020-11-12,2023-10-28,396576.7,10871148.53,Closed
LON0003601,CUS0002889,PRD-LN02,BR0027,626983.65,21.41,60,2024-01-02,2028-12-06,17106.94,535887.56,Current
LON0003602,CUS0009593,PRD-LN01,BR0016,930528.51,4.42,180,2022-01-16,2036-10-29,7080.49,678628.2,Current
LON0003603,CUS0003366,PRD-LN03,BR0016,2819402.53,12.27,36,2025-08-24,2028-08-08,94008.51,2044448.32,Current
LON0003604,CUS0007049,PRD-LN04,BR0011,1052275.39,14.31,84,2022-11-17,2029-10-11,19900.29,198556.32,Current
LON0003605,CUS0008939,PRD-LN01,BR0044,128804.01,5.96,60,2025-02-24,2030-01-29,2487.75,96165.18,Current
LON0003606,CUS0001273,PRD-LN03,BR0027,8349784.71,4.82,24,2023-04-27,2025-04-16,365643.94,4677263.97,Current
LON0003607,CUS0003689,PRD-LN01,BR0011,371849.83,11.41,12,2022-06-16,2023-06-11,32935.86,242166.13,Closed
LON0003608,CUS0000202,PRD-LN03,BR0045,7070990.11,16.55,84,2024-09-10,2031-08-05,142668.45,2865325.42,Current
LON0003609,CUS0002957,PRD-LN04,BR0038,4645198.6,21.27,12,2020-07-05,2021-06-30,433134.14,3338225.13,Current
LON0003610,CUS0003710,PRD-LN03,BR0025,7169362.3,6.56,60,2020-12-10,2025-11-14,140478.38,6870110.05,Current
LON0003611,CUS0000899,PRD-LN03,BR0016,1791791.16,6.48,180,2022-08-01,2037-05-14,15588.73,1189595.5,Current
LON0003612,CUS0009322,PRD-LN01,BR0030,1049339.97,6.22,60,2020-11-01,2025-10-06,20394.2,235608.29,Current
LON0003613,CUS0006829,PRD-LN03,BR0034,13555109.25,4.78,24,2022-03-16,2024-03-05,593346.86,10161881.86,Current
LON0003614,CUS0003093,PRD-LN02,BR0009,2443531.3,12.08,120,2022-11-05,2032-09-13,35170.67,762700.8,Late
LON0003615,CUS0003233,PRD-LN02,BR0001,631296.61,21.01,60,2020-11-04,2025-10-09,17082.25,72428.03,Current
LON0003616,CUS0008108,PRD-LN03,BR0033,7337046.68,9.69,360,2025-05-03,2054-11-27,62713.52,4742911.84,Current
LON0003617,CUS0002538,PRD-LN01,BR0003,78073.51,18.8,36,2021-12-07,2024-11-21,2853.98,41062.36,Current
LON0003618,CUS0009251,PRD-LN04,BR0022,1602818.3,21.66,180,2020-02-10,2034-11-23,30134.88,1366636.96,Current
LON0003619,CUS0007660,PRD-LN02,BR0007,1801822.57,19.48,48,2020-07-10,2024-06-19,54332.15,735912.65,Current
LON0003620,CUS0008956,PRD-LN04,BR0030,3212980.91,4.33,36,2025-01-24,2028-01-09,95332.39,1138443.27,Current
LON0003621,CUS0007820,PRD-LN04,BR0009,1530137.29,5.24,24,2021-07-12,2023-07-02,67293.83,656554.57,Closed
LON0003622,CUS0006106,PRD-LN04,BR0021,3288773.28,18.71,360,2023-05-31,2052-12-24,51473.66,1227993.04,Current
LON0003623,CUS0008199,PRD-LN02,BR0002,321673.07,11.27,24,2020-09-04,2022-08-25,15032.84,111814.48,Current
LON0003624,CUS0009012,PRD-LN02,BR0012,1619320.98,6.39,120,2023-06-22,2033-04-30,18296.56,952646.79,Current
LON0003625,CUS0009185,PRD-LN04,BR0037,3542764.67,10.83,60,2024-02-29,2029-02-02,76728.27,2965814.24,Current
LON0003626,CUS0004903,PRD-LN04,BR0002,3492392.31,15.57,12,2021-12-29,2022-12-24,316157.54,1983798.23,Closed
LON0003627,CUS0003303,PRD-LN04,BR0038,6157848.78,18.83,360,2021-06-28,2051-01-22,96983.71,4166131.24,Closed
LON0003628,CUS0003335,PRD-LN04,BR0005,4221079.48,5.91,240,2024-07-28,2044-04-14,30022.37,3482677.79,Late
LON0003629,CUS0003543,PRD-LN03,BR0049,4661224.77,16.26,48,2026-01-08,2029-12-18,132721.93,2554822.08,Current
LON0003630,CUS0001868,PRD-LN02,BR0022,1943556.04,19.61,240,2025-08-19,2045-05-06,32423.66,1323802.6,Current
LON0003631,CUS0002725,PRD-LN02,BR0022,435825.14,4.27,120,2020-12-14,2030-10-23,4468.66,230455.25,Current
LON0003632,CUS0009765,PRD-LN04,BR0021,9980939.93,8.91,120,2022-04-07,2032-02-14,125948.69,6492162.05,Current
LON0003633,CUS0006437,PRD-LN03,BR0021,13616402.11,14.36,48,2020-02-21,2024-01-31,374551.91,8033396.06,Current
LON0003634,CUS0002369,PRD-LN01,BR0049,921580.43,8.47,120,2021-10-18,2031-08-27,11411.5,513041.37,Default
LON0003635,CUS0003316,PRD-LN03,BR0006,5855951.54,13.98,180,2022-04-09,2037-01-20,77907.46,2012883.12,Late
LON0003636,CUS0001330,PRD-LN02,BR0013,1841859.54,19.89,84,2024-08-02,2031-06-27,40778.79,1390565.61,Current
LON0003637,CUS0001952,PRD-LN02,BR0008,571753.99,5.07,180,2021-06-22,2036-04-04,4542.27,174050.02,Current
LON0003638,CUS0003209,PRD-LN04,BR0023,4982438.82,18.53,60,2021-11-30,2026-11-04,127962.11,4345851.08,Current
LON0003639,CUS0005664,PRD-LN02,BR0046,533800.86,17.04,36,2022-07-06,2025-06-20,19042.09,511310.43,Current
LON0003640,CUS0006621,PRD-LN04,BR0047,7076345.17,9.06,360,2020-02-27,2049-09-22,57243.64,3393771.75,Current
LON0003641,CUS0000282,PRD-LN03,BR0025,3495219.09,12.25,180,2026-04-11,2041-01-22,42512.3,1854369.25,Current
LON0003642,CUS0004221,PRD-LN03,BR0001,9578564.57,16.37,240,2020-07-18,2040-04-04,135928.25,4874835.65,Current
LON0003643,CUS0003234,PRD-LN02,BR0015,1754625.82,21.58,12,2020-01-05,2020-12-30,163868.65,1112875.31,Late
LON0003644,CUS0002810,PRD-LN02,BR0017,849472.59,10.4,48,2022-02-08,2026-01-18,21708.37,332284.95,Closed
LON0003645,CUS0005630,PRD-LN03,BR0048,11391259.83,13.01,240,2023-11-12,2043-07-30,133538.39,8716866.06,Current
LON0003646,CUS0000229,PRD-LN01,BR0028,220196.72,20.52,180,2023-05-30,2038-03-12,3952.16,83550.08,Current
LON0003647,CUS0009234,PRD-LN01,BR0034,702867.79,4.95,240,2025-02-06,2044-10-24,4619.22,368937.11,Current
LON0003648,CUS0005655,PRD-LN04,BR0004,6225279.57,6.26,24,2023-10-23,2025-10-12,276638.09,3693857.52,Late
LON0003649,CUS0009004,PRD-LN04,BR0024,6376400.57,5.27,24,2022-05-22,2024-05-11,280513.22,1819472.5,Closed
LON0003650,CUS0000183,PRD-LN04,BR0020,7233013.04,11.7,180,2020-03-29,2035-01-10,85417.21,2621033.27,Current
LON0003651,CUS0005911,PRD-LN03,BR0029,13824217.65,5.6,360,2020-10-07,2050-05-03,79361.93,8045260.22,Late
LON0003652,CUS0002631,PRD-LN02,BR0014,1472568.62,15.65,48,2025-11-25,2029-11-04,41469.52,529598.71,Current
LON0003653,CUS0001875,PRD-LN04,BR0047,9536984.16,4.15,48,2021-12-26,2025-12-05,215976.83,7003094.88,Current
LON0003654,CUS0004761,PRD-LN02,BR0014,2442658.09,18.63,12,2022-09-29,2023-09-24,224675.9,1312676.17,Current
LON0003655,CUS0004005,PRD-LN01,BR0019,1301673.25,21.11,60,2021-07-19,2026-06-23,35295.23,953488.18,Closed
LON0003656,CUS0000240,PRD-LN01,BR0020,677173.41,14.75,24,2021-06-17,2023-06-07,32753.49,120303.66,Current
LON0003657,CUS0009971,PRD-LN04,BR0002,736187.31,15.27,84,2022-03-01,2029-01-23,14317.78,544821.9,Current
LON0003658,CUS0008367,PRD-LN03,BR0050,4827432.84,12.16,60,2021-11-27,2026-11-01,107774.3,2794056.76,Late
LON0003659,CUS0006923,PRD-LN03,BR0049,10047885.2,13.88,240,2023-02-27,2042-11-14,124072.79,9857002.18,Current
LON0003660,CUS0000910,PRD-LN04,BR0004,9727536.79,11.06,240,2020-07-11,2040-03-28,100804.02,7598040.75,Current
LON0003661,CUS0008678,PRD-LN04,BR0037,7511883.35,11.28,12,2021-10-03,2022-09-28,664894.21,5160504.43,Current
LON0003662,CUS0004827,PRD-LN01,BR0044,575118.88,16.83,24,2020-04-23,2022-04-13,28388.22,194931.6,Current
LON0003663,CUS0009918,PRD-LN03,BR0025,9491346.11,5.34,60,2025-06-07,2030-05-12,180595.63,6968809.97,Current
LON0003664,CUS0005103,PRD-LN03,BR0019,3246573.68,8.24,36,2020-11-14,2023-10-30,102095.65,1689488.31,Current
LON0003665,CUS0008729,PRD-LN03,BR0043,7687799.02,14.38,12,2020-09-17,2021-09-12,691640.62,4173119.25,Current
LON0003666,CUS0005120,PRD-LN02,BR0026,346664.13,17.22,60,2025-05-30,2030-05-04,8656.56,193471.32,Late
LON0003667,CUS0003034,PRD-LN01,BR0045,1025813.33,12.25,240,2024-10-19,2044-07-06,11474.39,541052.86,Current
LON0003668,CUS0009546,PRD-LN01,BR0037,1161290.01,7.57,120,2023-02-03,2032-12-12,13827.18,363240.28,Late
LON0003669,CUS0000973,PRD-LN04,BR0026,2964889.65,11.75,48,2025-01-23,2029-01-02,77713.48,448480.85,Current
LON0003670,CUS0008394,PRD-LN03,BR0041,5865880.42,11.54,60,2025-04-14,2030-03-19,129123.83,2711196.74,Default
LON0003671,CUS0007906,PRD-LN02,BR0021,1446935.12,9.82,12,2020-04-11,2021-04-06,127087.48,888730.03,Current
LON0003672,CUS0001247,PRD-LN04,BR0004,3013707.19,12.24,60,2026-01-09,2030-12-14,67404.33,1530586.48,Current
LON0003673,CUS0001794,PRD-LN03,BR0012,6237964.57,7.18,240,2023-09-08,2043-05-26,49039.15,2150321.01,Current
LON0003674,CUS0005954,PRD-LN03,BR0027,11858568.12,11.34,240,2022-11-30,2042-08-17,125158.46,6732655.32,Current
LON0003675,CUS0009121,PRD-LN01,BR0030,1055188.69,17.39,48,2025-05-14,2029-04-23,30660.84,346634.78,Closed
LON0003676,CUS0002318,PRD-LN04,BR0035,8431977.52,16.93,36,2021-04-19,2024-04-03,300329.33,5478086.03,Current
LON0003677,CUS0004136,PRD-LN02,BR0029,1511661.06,12.2,180,2025-04-04,2040-01-16,18337.43,1455600.36,Current
LON0003678,CUS0009033,PRD-LN03,BR0021,11499721.95,10.33,12,2024-04-22,2025-04-17,1012774.09,9427095.03,Closed
LON0003679,CUS0007668,PRD-LN04,BR0039,2469526.9,6.33,36,2023-10-03,2026-09-17,75497.6,2344570.35,Closed
LON0003680,CUS0006195,PRD-LN01,BR0047,293623.87,15.42,48,2026-01-11,2029-12-21,8234.42,212759.97,Current
LON0003681,CUS0001763,PRD-LN02,BR0029,1615186.76,20.91,24,2020-01-07,2021-12-27,82926.04,272762.5,Current
LON0003682,CUS0002559,PRD-LN01,BR0013,799728.79,20.45,60,2024-03-10,2029-02-12,21388.66,155666.17,Current
LON0003683,CUS0009274,PRD-LN04,BR0016,4485974.78,17.26,180,2020-06-23,2035-04-06,69867.65,2112840.97,Current
LON0003684,CUS0006958,PRD-LN01,BR0046,1470926.68,17.22,36,2022-04-30,2025-04-14,52603.74,864560.46,Current
LON0003685,CUS0005612,PRD-LN04,BR0001,5592293.54,6.13,48,2021-09-23,2025-09-02,131668.75,4375587.48,Late
LON0003686,CUS0002564,PRD-LN02,BR0040,2216684.62,10.61,48,2022-06-06,2026-05-16,56872.45,358566.93,Late
LON0003687,CUS0002773,PRD-LN03,BR0001,7050850.05,4.71,60,2023-10-06,2028-09-09,132123.48,757778.79,Closed
LON0003688,CUS0006542,PRD-LN02,BR0046,1775664.84,11.01,360,2026-04-17,2055-11-11,16923.49,845867.65,Current
LON0003689,CUS0004774,PRD-LN04,BR0043,9450610.31,18.49,360,2020-11-14,2050-06-10,146212.89,8349502.7,Current
LON0003690,CUS0009367,PRD-LN03,BR0015,3483222.3,17.97,180,2020-01-24,2034-11-06,56019.38,1097368.75,Current
LON0003691,CUS0008489,PRD-LN01,BR0043,1421967.3,17.23,84,2023-03-16,2030-02-07,29248.36,713279.15,Current
LON0003692,CUS0007775,PRD-LN04,BR0042,6195921.15,4.25,60,2020-08-08,2025-07-13,114807.67,1108604.63,Current
LON0003693,CUS0002684,PRD-LN01,BR0029,1098527.53,18.94,24,2023-10-16,2025-10-05,55343.24,452966.4,Current
LON0003694,CUS0005172,PRD-LN02,BR0011,989057.69,21.74,240,2020-07-11,2040-03-28,18162.64,323935.95,Current
LON0003695,CUS0000316,PRD-LN03,BR0013,4500155.64,18.21,36,2020-01-15,2022-12-30,163165.87,2084348.91,Current
LON0003696,CUS0008005,PRD-LN02,BR0050,835894.27,20.99,36,2022-07-01,2025-06-15,31488.08,342554.76,Current
LON0003697,CUS0006866,PRD-LN01,BR0004,964121.8,16.57,12,2024-09-04,2025-08-30,87735.87,418346.5,Current
LON0003698,CUS0001285,PRD-LN04,BR0014,1994334.89,21.44,24,2023-10-28,2025-10-17,102911.72,934555.12,Current
LON0003699,CUS0006094,PRD-LN04,BR0003,9351017.72,4.17,24,2021-07-17,2023-07-07,406775.14,5249739.75,Current
LON0003700,CUS0000191,PRD-LN02,BR0036,767542.43,19.44,48,2025-06-11,2029-05-21,23128.2,510169.52,Current
LON0003701,CUS0003024,PRD-LN01,BR0017,1249029.68,9.03,240,2026-04-29,2046-01-14,11261.95,420600.17,Current
LON0003702,CUS0009331,PRD-LN03,BR0037,5338884.41,13.19,24,2021-03-19,2023-03-09,254297.02,5328218.37,Current
LON0003703,CUS0004807,PRD-LN03,BR0036,11936568.05,10.44,84,2022-11-03,2029-09-27,200885.45,9052784.44,Current
LON0003704,CUS0002450,PRD-LN04,BR0022,2551930.5,12.78,48,2023-02-10,2027-01-20,68183.58,2220815.37,Current
LON0003705,CUS0006272,PRD-LN04,BR0011,6319765.34,7.77,48,2023-02-13,2027-01-23,153602.55,5229674.59,Current
LON0003706,CUS0006816,PRD-LN01,BR0025,1447723.24,6.01,60,2024-04-07,2029-03-12,27995.28,883191.88,Closed
LON0003707,CUS0004478,PRD-LN03,BR0024,9460717.99,9.65,360,2025-11-25,2055-06-21,80588.29,5626415.68,Late
LON0003708,CUS0008555,PRD-LN02,BR0021,1019693.09,4.52,180,2021-05-26,2036-03-08,7811.01,655202.4,Late
LON0003709,CUS0005491,PRD-LN04,BR0006,4177947.36,6.47,60,2026-01-11,2030-12-16,81687.64,1579929.58,Current
LON0003710,CUS0008078,PRD-LN01,BR0012,482390.06,15.22,24,2022-08-30,2024-08-19,23439.93,210913.11,Current
LON0003711,CUS0000342,PRD-LN02,BR0018,1176350.36,20.76,240,2020-09-16,2040-06-03,20688.11,1078455.57,Closed
LON0003712,CUS0005214,PRD-LN01,BR0021,620774.69,12.01,360,2021-10-09,2051-05-05,6390.15,145531.87,Current
LON0003713,CUS0008355,PRD-LN01,BR0017,978888.11,10.13,360,2022-06-28,2052-01-22,8684.63,841080.04,Current
LON0003714,CUS0004420,PRD-LN04,BR0032,1825470.05,6.75,36,2023-03-21,2026-03-05,56156.79,329179.55,Late
LON0003715,CUS0005971,PRD-LN02,BR0022,1661933.3,10.8,120,2026-02-14,2035-12-24,22705.39,237403.91,Current
LON0003716,CUS0005971,PRD-LN04,BR0011,8036559.73,14.18,12,2022-10-19,2023-10-14,722260.35,6121242.83,Closed
LON0003717,CUS0000281,PRD-LN04,BR0015,1749410.69,17.23,60,2021-05-10,2026-04-14,43694.0,456885.29,Current
LON0003718,CUS0009773,PRD-LN01,BR0008,425160.92,21.59,60,2024-12-15,2029-11-19,11643.59,211700.38,Current
LON0003719,CUS0000551,PRD-LN01,BR0014,728941.19,3.91,360,2020-01-01,2049-07-27,3442.36,413161.24,Current
LON0003720,CUS0009038,PRD-LN03,BR0009,10869757.03,18.41,36,2025-12-31,2028-12-15,395207.02,3262336.66,Current
LON0003721,CUS0005563,PRD-LN03,BR0034,10128563.23,14.77,120,2021-06-07,2031-04-16,161985.47,6572535.81,Current
LON0003722,CUS0007522,PRD-LN04,BR0009,1772409.09,5.43,240,2025-02-16,2044-11-03,12122.21,1202674.47,Current
LON0003723,CUS0008070,PRD-LN04,BR0050,3586210.18,14.95,84,2024-10-01,2031-08-26,69101.65,373413.54,Current
LON0003724,CUS0007636,PRD-LN01,BR0039,382293.44,17.96,120,2022-10-27,2032-09-04,6878.52,259617.77,Closed
LON0003725,CUS0008243,PRD-LN02,BR0039,2113469.45,16.71,120,2025-09-13,2035-07-23,36344.15,1770082.81,Current
LON0003726,CUS0007406,PRD-LN03,BR0038,3840124.8,6.74,60,2020-08-19,2025-07-24,75568.89,2381597.58,Current
LON0003727,CUS0004650,PRD-LN02,BR0011,1576720.13,14.47,360,2024-02-15,2053-09-10,19270.18,746329.55,Closed
LON0003728,CUS0000867,PRD-LN04,BR0035,2773419.85,6.63,24,2020-09-15,2022-09-05,123708.48,737589.01,Current
LON0003729,CUS0008459,PRD-LN01,BR0034,1219853.78,15.87,48,2023-11-06,2027-10-16,34489.83,452549.36,Current
LON0003730,CUS0001049,PRD-LN04,BR0041,6127899.97,8.47,84,2020-01-21,2026-12-15,96951.98,6097910.31,Current
LON0003731,CUS0006149,PRD-LN04,BR0031,7811249.11,11.02,360,2023-05-09,2052-12-02,74506.42,4208905.11,Current
LON0003732,CUS0000566,PRD-LN02,BR0037,2139603.42,6.43,24,2025-10-03,2027-09-23,95243.63,591075.59,Current
LON0003733,CUS0006775,PRD-LN02,BR0031,482552.4,13.16,60,2023-10-22,2028-09-25,11019.11,347618.4,Current
LON0003734,CUS0001505,PRD-LN01,BR0040,1098682.08,21.94,48,2023-11-12,2027-10-22,34579.38,675286.43,Current
LON0003735,CUS0002212,PRD-LN04,BR0019,2157480.14,5.08,360,2022-08-24,2052-03-19,11687.53,1234126.42,Closed
LON0003736,CUS0008551,PRD-LN02,BR0026,610990.43,15.3,180,2026-03-15,2040-12-26,8677.23,268927.66,Current
LON0003737,CUS0000642,PRD-LN03,BR0014,6334410.81,6.98,84,2025-08-26,2032-07-20,95541.32,1918996.46,Current
LON0003738,CUS0008793,PRD-LN04,BR0012,1737170.15,8.13,36,2024-08-29,2027-08-14,54540.84,230516.11,Closed
LON0003739,CUS0003137,PRD-LN02,BR0028,1337099.28,20.94,48,2025-06-02,2029-05-12,41361.07,305808.09,Current
LON0003740,CUS0008422,PRD-LN02,BR0040,1194660.63,16.39,60,2023-08-05,2028-07-09,29299.96,672370.23,Current
LON0003741,CUS0000921,PRD-LN03,BR0045,1016149.79,7.21,84,2026-04-25,2033-03-19,15440.95,461978.26,Late
LON0003742,CUS0003338,PRD-LN03,BR0024,4241908.52,19.03,360,2023-09-29,2053-04-24,67503.7,1608902.47,Late
LON0003743,CUS0006407,PRD-LN04,BR0031,2199391.89,21.01,48,2022-08-04,2026-07-14,68117.53,1502150.45,Late
LON0003744,CUS0000516,PRD-LN04,BR0015,2804244.74,16.09,360,2021-02-16,2050-09-12,37913.86,2202700.98,Current
LON0003745,CUS0001276,PRD-LN03,BR0031,12384141.92,3.73,84,2026-01-10,2032-12-04,167741.62,10053499.68,Current
LON0003746,CUS0002950,PRD-LN03,BR0044,2180420.28,17.52,360,2022-12-31,2052-07-26,32007.56,1498051.15,Closed
LON0003747,CUS0005247,PRD-LN01,BR0043,450252.64,13.79,24,2021-05-30,2023-05-20,21573.29,67177.68,Current
LON0003748,CUS0007450,PRD-LN04,BR0011,1174420.44,21.18,84,2025-08-06,2032-06-30,26920.22,428758.81,Current
LON0003749,CUS0008410,PRD-LN02,BR0029,1612677.89,17.1,360,2021-04-29,2050-11-23,23122.51,618746.4,Current
LON0003750,CUS0009672,PRD-LN03,BR0007,8355420.97,14.38,60,2020-11-26,2025-10-31,196066.02,5562883.38,Closed
LON0003751,CUS0000111,PRD-LN01,BR0029,313688.45,5.58,36,2023-07-28,2026-07-12,9483.43,179991.42,Late
LON0003752,CUS0000587,PRD-LN02,BR0033,1844118.29,17.8,48,2020-01-18,2023-12-28,53978.44,980949.4,Current
LON0003753,CUS0009226,PRD-LN01,BR0014,1337609.96,12.31,360,2024-01-22,2053-08-17,14078.83,828618.21,Current
LON0003754,CUS0003735,PRD-LN04,BR0007,1835485.86,17.86,180,2023-02-17,2037-11-30,29374.35,625563.71,Current
LON0003755,CUS0003553,PRD-LN02,BR0016,2367305.78,4.14,24,2021-02-04,2023-01-25,102947.65,534780.3,Current
LON0003756,CUS0006771,PRD-LN04,BR0043,4634995.08,16.59,24,2025-02-11,2027-02-01,228252.59,883898.13,Current
LON0003757,CUS0005215,PRD-LN03,BR0015,10727261.98,3.64,360,2025-12-29,2055-07-25,49012.43,4449425.54,Current
LON0003758,CUS0003523,PRD-LN02,BR0048,1869288.87,19.54,36,2020-06-09,2023-05-25,69032.12,211279.95,Current
LON0003759,CUS0009598,PRD-LN02,BR0022,1890987.24,21.28,120,2026-03-03,2036-01-10,38163.35,1831266.2,Current
LON0003760,CUS0006080,PRD-LN04,BR0022,8847783.39,6.41,36,2020-07-21,2023-07-06,270813.44,4801382.63,Closed
LON0003761,CUS0006614,PRD-LN03,BR0021,10612084.66,16.26,24,2022-11-02,2024-10-22,520919.98,5611613.55,Current
LON0003762,CUS0006902,PRD-LN02,BR0003,389723.38,17.1,240,2023-06-29,2043-03-16,5746.12,45485.69,Current
LON0003763,CUS0003865,PRD-LN03,BR0027,14844521.66,9.19,120,2023-12-13,2033-10-21,189573.94,13265996.57,Closed
LON0003764,CUS0006152,PRD-LN01,BR0033,1165852.22,7.2,12,2025-10-13,2026-10-08,100984.92,796826.55,Current
LON0003765,CUS0006787,PRD-LN01,BR0025,1342706.55,9.54,12,2026-03-18,2027-03-13,117758.17,494441.8,Current
LON0003766,CUS0004487,PRD-LN02,BR0002,1163500.47,18.99,240,2020-11-30,2040-08-17,18847.63,135661.77,Current
LON0003767,CUS0001606,PRD-LN01,BR0039,1222175.61,4.42,240,2026-04-26,2046-01-11,7679.41,1017496.86,Current
LON0003768,CUS0009888,PRD-LN04,BR0036,6617850.9,4.85,240,2021-05-13,2041-01-28,43128.38,1887830.41,Current
LON0003769,CUS0005169,PRD-LN04,BR0030,6179311.79,21.81,36,2021-05-03,2024-04-17,235383.77,5477044.41,Current
LON0003770,CUS0008814,PRD-LN01,BR0002,841637.32,15.87,24,2024-05-14,2026-05-04,41156.92,287874.04,Current
LON0003771,CUS0005824,PRD-LN04,BR0040,6818505.96,11.39,360,2024-02-10,2053-09-05,66951.4,5692656.44,Closed
LON0003772,CUS0005594,PRD-LN02,BR0034,599178.47,21.47,60,2021-08-03,2026-07-08,16368.61,437497.22,Closed
LON0003773,CUS0002718,PRD-LN03,BR0004,7019093.8,16.18,240,2021-09-07,2041-05-25,98602.67,1058596.71,Current
LON0003774,CUS0008911,PRD-LN02,BR0016,1059565.71,18.32,36,2024-03-06,2027-02-19,38476.14,679796.08,Current
LON0003775,CUS0008920,PRD-LN03,BR0029,6419630.54,9.22,12,2023-03-14,2024-03-08,562061.32,5949717.51,Current
LON0003776,CUS0007231,PRD-LN04,BR0027,3574911.91,10.12,48,2024-05-18,2028-04-27,90875.16,2078273.2,Current
LON0003777,CUS0005437,PRD-LN03,BR0017,13688135.09,10.34,180,2023-08-26,2038-06-08,149953.59,6597835.44,Current
LON0003778,CUS0007592,PRD-LN04,BR0040,9601445.76,20.91,180,2025-06-28,2040-04-10,175119.71,1226566.29,Current
LON0003779,CUS0008901,PRD-LN03,BR0047,1683871.16,8.2,60,2020-03-16,2025-02-18,34304.24,962304.13,Current
LON0003780,CUS0002612,PRD-LN02,BR0004,1986232.41,15.92,360,2025-07-05,2055-01-29,26581.91,1944112.64,Closed
LON0003781,CUS0003659,PRD-LN01,BR0008,341147.48,13.58,180,2023-10-21,2038-08-03,4447.35,328403.8,Current
LON0003782,CUS0007818,PRD-LN04,BR0011,9236018.99,20.64,180,2025-08-18,2040-05-31,166595.59,6794818.74,Current
LON0003783,CUS0001822,PRD-LN01,BR0016,798483.3,14.26,360,2022-11-03,2052-05-29,9625.56,169160.07,Current
LON0003784,CUS0003006,PRD-LN02,BR0021,698924.48,17.08,24,2020-08-14,2022-08-04,34583.28,210907.92,Late
LON0003785,CUS0006251,PRD-LN01,BR0042,540782.9,17.8,84,2026-03-23,2033-02-14,11302.78,269370.75,Late
LON0003786,CUS0006711,PRD-LN04,BR0021,4385320.89,13.54,84,2023-11-10,2030-10-04,81070.65,1939282.31,Current
LON0003787,CUS0005824,PRD-LN03,BR0027,11719042.97,14.6,24,2024-05-22,2026-05-12,565992.49,8670781.62,Current
LON0003788,CUS0003530,PRD-LN01,BR0041,179420.92,19.64,84,2023-08-18,2030-07-12,3945.46,85858.83,Current
LON0003789,CUS0006525,PRD-LN01,BR0027,511656.88,12.07,24,2022-05-09,2024-04-28,24102.2,385314.48,Current
LON0003790,CUS0001445,PRD-LN02,BR0001,1100655.94,9.41,120,2021-03-12,2031-01-19,14188.04,698054.16,Current
LON0003791,CUS0005548,PRD-LN01,BR0010,457218.32,8.8,48,2021-05-31,2025-05-10,11334.53,308465.97,Current
LON0003792,CUS0002104,PRD-LN04,BR0037,1039298.03,6.77,60,2022-11-24,2027-10-29,20466.75,393425.82,Current
LON0003793,CUS0005390,PRD-LN01,BR0014,861441.79,18.64,36,2023-09-23,2026-09-07,31420.45,354789.41,Current
LON0003794,CUS0008721,PRD-LN01,BR0045,794181.63,15.16,120,2025-03-07,2035-01-14,12890.85,690999.31,Current
LON0003795,CUS0001934,PRD-LN02,BR0042,352960.38,12.92,60,2020-06-02,2025-05-07,8016.49,73150.66,Current
LON0003796,CUS0001052,PRD-LN01,BR0002,873637.91,11.29,48,2023-01-21,2026-12-31,22702.86,680148.31,Current
LON0003797,CUS0000806,PRD-LN02,BR0038,2060919.29,9.68,60,2024-09-24,2029-08-29,43464.65,730317.42,Current
LON0003798,CUS0002894,PRD-LN01,BR0049,1305729.23,10.61,84,2025-03-21,2032-02-13,22090.41,1149283.97,Current
LON0003799,CUS0008951,PRD-LN01,BR0035,800693.53,17.53,240,2026-03-22,2045-12-07,12068.36,298611.04,Current
LON0003800,CUS0004915,PRD-LN04,BR0025,3098530.29,18.74,240,2025-02-16,2044-11-03,49591.68,745099.08,Current
LON0003801,CUS0006585,PRD-LN01,BR0025,1258331.04,17.04,360,2025-07-01,2055-01-25,17980.58,1120658.64,Default
LON0003802,CUS0000709,PRD-LN03,BR0001,13167841.95,12.5,12,2021-05-15,2022-05-10,1173029.06,4302708.24,Current
LON0003803,CUS0001379,PRD-LN04,BR0044,7925091.46,15.17,48,2022-04-03,2026-03-13,221244.77,1183424.16,Current
LON0003804,CUS0006404,PRD-LN02,BR0038,1935008.75,21.88,360,2022-11-04,2052-05-30,35334.52,847631.22,Current
LON0003805,CUS0001368,PRD-LN01,BR0003,740734.05,5.57,240,2020-12-10,2040-08-27,5124.75,269623.9,Current
LON0003806,CUS0005621,PRD-LN03,BR0025,5887581.13,11.76,24,2021-09-11,2023-09-01,276489.48,3587006.5,Current
LON0003807,CUS0002745,PRD-LN02,BR0028,1190692.06,12.23,360,2023-08-08,2053-03-03,12458.82,1142413.69,Current
LON0003808,CUS0007418,PRD-LN04,BR0018,2066217.34,4.53,120,2024-09-23,2034-08-02,21443.84,1768115.55,Current
LON0003809,CUS0000628,PRD-LN01,BR0011,1161541.29,19.74,240,2021-05-21,2041-02-05,19495.77,714658.45,Current
LON0003810,CUS0007158,PRD-LN02,BR0032,1721475.4,13.41,12,2025-06-05,2026-05-31,154088.83,1080993.96,Late
LON0003811,CUS0006360,PRD-LN03,BR0025,11105142.57,14.57,12,2022-05-30,2023-05-25,1000079.53,9335901.39,Current
LON0003812,CUS0003973,PRD-LN01,BR0044,1232730.6,8.65,48,2023-01-10,2026-12-20,30472.09,549260.36,Current
LON0003813,CUS0000686,PRD-LN02,BR0048,518845.67,21.99,48,2025-09-12,2029-08-22,16343.98,127917.29,Default
LON0003814,CUS0004111,PRD-LN04,BR0039,8417455.91,4.57,180,2026-03-26,2041-01-06,64694.52,5729548.07,Current
LON0003815,CUS0006766,PRD-LN04,BR0027,4419013.84,5.28,120,2023-04-05,2033-02-11,47477.62,1151910.62,Current
LON0003816,CUS0007598,PRD-LN04,BR0017,5018742.42,6.55,84,2025-02-28,2032-01-23,74647.04,1216840.97,Late
LON0003817,CUS0009683,PRD-LN02,BR0007,1062335.15,21.64,360,2023-03-07,2052-09-30,19188.26,783055.32,Closed
LON0003818,CUS0007106,PRD-LN04,BR0050,6001785.21,11.77,120,2023-06-11,2033-04-19,85312.08,1410485.24,Current
LON0003819,CUS0007238,PRD-LN03,BR0004,9997526.69,5.02,48,2026-03-10,2030-02-17,230326.56,2920778.18,Current
LON0003820,CUS0001115,PRD-LN02,BR0039,989341.41,18.12,240,2021-03-06,2040-11-21,15360.05,979210.97,Current
LON0003821,CUS0006488,PRD-LN04,BR0021,8604657.48,3.98,84,2025-09-30,2032-08-24,117536.2,2305243.31,Current
LON0003822,CUS0002017,PRD-LN03,BR0023,5698806.61,14.05,120,2024-02-04,2033-12-13,88654.74,4077484.82,Current
LON0003823,CUS0000376,PRD-LN01,BR0003,1189462.74,16.85,120,2020-03-06,2030-01-13,20559.66,889447.55,Current
LON0003824,CUS0004754,PRD-LN03,BR0011,6398247.53,11.53,360,2020-03-17,2049-10-11,63507.79,3575960.51,Current
LON0003825,CUS0007079,PRD-LN01,BR0029,292628.43,20.79,120,2023-12-02,2033-10-10,5809.32,57779.54,Late
LON0003826,CUS0004763,PRD-LN04,BR0028,5978319.34,14.68,48,2024-12-16,2028-11-25,165412.97,2050610.18,Current
LON0003827,CUS0005398,PRD-LN01,BR0029,51728.86,10.31,180,2022-11-10,2037-08-23,565.73,13505.66,Current
LON0003828,CUS0005217,PRD-LN01,BR0022,735333.05,18.76,36,2023-09-14,2026-08-29,26865.24,283053.65,Current
LON0003829,CUS0008550,PRD-LN01,BR0032,533403.45,19.04,12,2021-10-25,2022-10-20,49166.82,488687.23,Current
LON0003830,CUS0008253,PRD-LN03,BR0035,12781482.72,11.79,120,2024-11-07,2034-09-16,181828.86,4031895.68,Current
LON0003831,CUS0003999,PRD-LN02,BR0033,1909146.94,7.92,12,2024-03-28,2025-03-23,166003.08,561645.98,Current
LON0003832,CUS0001007,PRD-LN02,BR0018,871381.36,9.87,84,2024-11-01,2031-09-26,14407.5,526391.9,Closed
LON0003833,CUS0007892,PRD-LN03,BR0028,8618473.58,6.29,84,2021-09-21,2028-08-15,127105.06,4961562.1,Late
LON0003834,CUS0001386,PRD-LN04,BR0050,7807847.05,8.24,48,2022-04-25,2026-04-04,191493.19,6419748.35,Late
LON0003835,CUS0006308,PRD-LN03,BR0024,9814855.32,7.76,240,2020-01-14,2039-10-01,80635.48,2507592.12,Default
LON0003836,CUS0007305,PRD-LN01,BR0015,958678.51,6.47,180,2022-03-20,2036-12-31,8335.32,757415.77,Current
LON0003837,CUS0002410,PRD-LN02,BR0005,1878494.63,15.91,120,2021-10-19,2031-08-28,31361.97,522328.67,Current
LON0003838,CUS0008166,PRD-LN02,BR0018,2050189.74,19.34,36,2021-04-09,2024-03-24,75504.7,1849242.53,Late
LON0003839,CUS0008885,PRD-LN03,BR0043,7686243.34,9.0,240,2021-04-24,2041-01-09,69155.13,4431912.51,Current
LON0003840,CUS0006272,PRD-LN02,BR0009,2159885.23,4.54,240,2025-02-25,2044-11-12,13711.18,1941886.57,Default
LON0003841,CUS0006411,PRD-LN01,BR0024,1493262.83,9.23,180,2020-04-04,2035-01-16,15350.66,1299469.55,Current
LON0003842,CUS0005869,PRD-LN02,BR0027,1674715.98,17.4,120,2024-06-14,2034-04-23,29532.03,1367060.97,Current
LON0003843,CUS0002423,PRD-LN03,BR0010,6830155.11,5.82,24,2020-10-25,2022-10-15,302162.97,4979759.22,Current
LON0003844,CUS0007338,PRD-LN04,BR0048,7163501.53,21.43,84,2021-05-04,2028-03-28,165299.17,3462847.76,Closed
LON0003845,CUS0009955,PRD-LN03,BR0011,2745983.61,4.81,60,2026-01-27,2031-01-01,51581.41,771093.01,Late
LON0003846,CUS0005997,PRD-LN02,BR0039,1869908.61,17.69,180,2023-12-05,2038-09-17,29697.28,931760.01,Current
LON0003847,CUS0001921,PRD-LN02,BR0023,2303003.63,18.83,48,2022-06-03,2026-05-13,68653.66,359016.41,Current
LON0003848,CUS0005702,PRD-LN03,BR0005,13224425.23,9.18,120,2021-11-22,2031-10-01,168812.41,13127422.98,Current
LON0003849,CUS0008891,PRD-LN04,BR0020,931375.4,3.85,240,2021-07-13,2041-03-30,5570.61,335733.87,Current
LON0003850,CUS0001738,PRD-LN02,BR0042,608561.36,4.33,84,2022-08-11,2029-07-05,8411.07,82892.06,Current
LON0003851,CUS0000814,PRD-LN01,BR0010,571508.24,21.92,24,2023-05-11,2025-04-30,29626.22,363518.93,Current
LON0003852,CUS0003049,PRD-LN02,BR0037,771390.66,13.28,360,2020-03-03,2049-09-27,8702.26,233144.34,Current
LON0003853,CUS0009463,PRD-LN01,BR0019,1056452.0,4.79,24,2020-01-15,2022-01-04,46248.73,730821.88,Current
LON0003854,CUS0005403,PRD-LN01,BR0034,1112160.77,19.86,120,2025-04-03,2035-02-10,21390.0,403341.44,Current
LON0003855,CUS0003090,PRD-LN02,BR0006,1147778.48,20.93,60,2022-05-17,2027-04-21,31006.09,330422.16,Current
LON0003856,CUS0005866,PRD-LN02,BR0015,832605.89,20.7,180,2020-03-05,2034-12-17,15055.41,447026.47,Current
LON0003857,CUS0001029,PRD-LN04,BR0002,1210841.16,16.41,360,2026-04-18,2055-11-12,16683.78,208479.24,Current
LON0003858,CUS0006380,PRD-LN01,BR0040,423679.82,3.77,180,2021-01-28,2035-11-11,3085.3,97224.22,Current
LON0003859,CUS0000561,PRD-LN03,BR0044,8512394.48,6.14,24,2020-04-19,2022-04-09,377811.74,2483185.46,Current
LON0003860,CUS0002314,PRD-LN01,BR0007,219742.84,18.94,24,2021-12-13,2023-12-03,11070.53,205008.84,Current
LON0003861,CUS0005954,PRD-LN04,BR0017,2789816.94,15.53,120,2024-06-14,2034-04-23,45919.25,513051.23,Current
LON0003862,CUS0001938,PRD-LN03,BR0017,7692535.08,6.19,24,2024-09-04,2026-08-25,341596.81,824589.8,Current
LON0003863,CUS0004432,PRD-LN01,BR0024,876127.07,13.39,240,2025-05-29,2045-02-13,10508.87,166037.77,Current
LON0003864,CUS0000635,PRD-LN02,BR0019,1517001.8,13.35,360,2025-06-01,2054-12-26,17197.06,769438.93,Current
LON0003865,CUS0000495,PRD-LN02,BR0006,1435570.19,10.3,24,2025-09-24,2027-09-14,66443.23,1358947.91,Current
LON0003866,CUS0006645,PRD-LN04,BR0037,3855144.99,20.65,120,2023-07-31,2033-06-08,76171.79,2264475.6,Late
LON0003867,CUS0004367,PRD-LN03,BR0028,3836788.29,21.28,12,2024-11-11,2025-11-06,357773.64,2043432.66,Current
LON0003868,CUS0009222,PRD-LN03,BR0012,2380406.52,9.34,84,2023-12-07,2030-10-31,38710.56,630745.37,Current
LON0003869,CUS0008014,PRD-LN02,BR0006,1114668.16,12.31,24,2026-02-12,2028-02-02,52632.81,607623.45,Late
LON0003870,CUS0006745,PRD-LN03,BR0021,3501973.19,17.58,24,2023-09-30,2025-09-19,174123.02,1918640.85,Default
LON0003871,CUS0006216,PRD-LN02,BR0032,1449992.04,15.36,60,2020-04-18,2025-03-23,34769.82,1302514.18,Current
LON0003872,CUS0003134,PRD-LN02,BR0012,1183347.2,21.62,120,2020-07-07,2030-05-16,24153.99,806678.62,Closed
LON0003873,CUS0007550,PRD-LN03,BR0045,10742307.66,15.89,12,2023-02-22,2024-02-17,974099.69,3153905.04,Current
LON0003874,CUS0007389,PRD-LN01,BR0010,656303.7,14.24,36,2020-12-29,2023-12-14,22507.48,490424.91,Late
LON0003875,CUS0006721,PRD-LN02,BR0049,2255578.85,8.1,360,2025-06-01,2054-12-26,16708.15,1148622.62,Current
LON0003876,CUS0001315,PRD-LN04,BR0019,557958.94,20.58,180,2021-06-14,2036-03-27,10039.33,185261.57,Current
LON0003877,CUS0007182,PRD-LN01,BR0047,1430431.17,20.93,60,2025-05-03,2030-04-07,38641.66,965128.6,Current
LON0003878,CUS0005887,PRD-LN01,BR0034,761765.71,10.11,24,2023-01-10,2024-12-30,35190.31,377408.61,Closed
LON0003879,CUS0001901,PRD-LN01,BR0036,124469.07,10.08,60,2025-05-10,2030-04-14,2649.5,26150.32,Current
LON0003880,CUS0001836,PRD-LN01,BR0008,700371.85,19.35,12,2021-04-27,2022-04-22,64660.92,443729.33,Closed
LON0003881,CUS0000880,PRD-LN03,BR0037,6921152.84,8.6,120,2025-02-07,2034-12-17,86183.0,3910334.37,Current
LON0003882,CUS0008374,PRD-LN03,BR0009,13856883.19,10.94,12,2024-05-10,2025-05-05,1224306.54,3587620.04,Current
LON0003883,CUS0006506,PRD-LN02,BR0005,1083379.46,12.13,24,2025-11-06,2027-10-27,51064.23,978758.84,Current
LON0003884,CUS0002335,PRD-LN04,BR0004,7847705.57,3.63,240,2026-03-28,2045-12-13,46039.52,6240875.32,Current
LON0003885,CUS0007016,PRD-LN03,BR0008,10710015.92,11.17,84,2025-10-30,2032-09-23,184340.28,4118040.42,Current
LON0003886,CUS0001694,PRD-LN03,BR0018,1585617.52,12.36,12,2024-09-18,2025-09-13,141147.37,389957.67,Current
LON0003887,CUS0006171,PRD-LN02,BR0025,1694401.5,6.1,24,2021-04-10,2023-03-31,75173.28,1580782.17,Current
LON0003888,CUS0001155,PRD-LN02,BR0022,331194.44,16.85,360,2022-01-24,2051-08-20,4681.45,295317.13,Current
LON0003889,CUS0003559,PRD-LN01,BR0003,1188602.68,21.38,24,2021-06-29,2023-06-19,61299.2,844348.83,Current
LON0003890,CUS0008504,PRD-LN01,BR0019,460115.3,4.22,360,2022-06-17,2052-01-11,2255.42,186090.27,Current
LON0003891,CUS0005981,PRD-LN01,BR0016,351518.38,11.31,84,2023-02-13,2030-01-07,6076.3,318228.72,Current
LON0003892,CUS0003217,PRD-LN02,BR0049,1381169.02,18.8,24,2021-02-12,2023-02-02,69488.69,1050144.52,Current
LON0003893,CUS0005260,PRD-LN02,BR0026,2490709.11,6.92,180,2025-05-28,2040-03-10,22275.95,2061092.54,Late
LON0003894,CUS0003670,PRD-LN01,BR0007,1043478.29,14.39,12,2023-09-04,2024-08-29,93882.5,370174.84,Current
LON0003895,CUS0004257,PRD-LN01,BR0037,827569.71,16.86,240,2024-08-07,2044-04-24,12050.77,354215.84,Current
LON0003896,CUS0002645,PRD-LN01,BR0038,445764.53,10.4,240,2024-09-01,2044-05-19,4420.52,334264.28,Current
LON0003897,CUS0006225,PRD-LN01,BR0012,926429.31,19.46,48,2022-09-23,2026-09-02,27925.73,618286.71,Current
LON0003898,CUS0002574,PRD-LN03,BR0018,10272631.28,21.97,12,2022-10-28,2023-10-23,961312.24,8843105.55,Current
LON0003899,CUS0000496,PRD-LN04,BR0020,3681322.26,9.28,84,2025-05-23,2032-04-16,59753.53,687549.49,Current
LON0003900,CUS0007694,PRD-LN03,BR0011,11402084.71,14.47,240,2023-03-25,2042-12-10,145695.85,5727972.06,Current
LON0003901,CUS0001257,PRD-LN04,BR0008,9271271.37,7.34,84,2022-05-07,2029-03-31,141474.31,8288521.4,Current
LON0003902,CUS0003638,PRD-LN04,BR0042,1125137.33,21.44,120,2022-09-20,2032-07-29,22828.76,697767.69,Current
LON0003903,CUS0006084,PRD-LN02,BR0022,1401041.04,16.38,240,2023-02-01,2042-10-19,19892.57,706058.22,Current
LON0003904,CUS0004320,PRD-LN03,BR0002,7896571.41,4.5,360,2021-03-29,2050-10-23,40010.77,3505656.97,Current
LON0003905,CUS0008433,PRD-LN02,BR0017,1237897.1,7.93,240,2023-02-06,2042-10-24,10300.4,1153831.67,Current
LON0003906,CUS0001693,PRD-LN02,BR0044,974556.9,18.8,24,2021-12-11,2023-12-01,49031.42,760847.89,Late
LON0003907,CUS0006871,PRD-LN01,BR0019,442158.46,19.29,180,2020-08-22,2035-06-05,7534.7,300183.29,Closed
LON0003908,CUS0003145,PRD-LN04,BR0003,6019024.78,17.78,48,2025-07-19,2029-06-28,176117.66,5275702.59,Default
LON0003909,CUS0005341,PRD-LN04,BR0030,8208755.71,19.57,24,2026-03-15,2028-03-04,416068.88,5801936.55,Current
LON0003910,CUS0000162,PRD-LN02,BR0031,507331.44,19.27,240,2020-12-16,2040-09-02,8328.92,413054.41,Current
LON0003911,CUS0003041,PRD-LN03,BR0012,10815536.23,21.68,12,2022-05-01,2023-04-26,1010608.47,8909984.54,Current
LON0003912,CUS0005735,PRD-LN03,BR0050,10065040.84,21.42,84,2021-06-05,2028-04-29,232191.03,9758704.29,Current
LON0003913,CUS0007157,PRD-LN03,BR0005,5878788.0,18.39,120,2023-05-21,2033-03-29,107407.53,4250871.49,Current
LON0003914,CUS0001453,PRD-LN04,BR0027,8556822.09,10.51,180,2020-09-15,2035-06-29,94640.07,5635842.14,Current
LON0003915,CUS0003313,PRD-LN01,BR0010,563473.86,7.25,240,2023-05-22,2043-02-06,4453.56,407477.59,Current
LON0003916,CUS0008357,PRD-LN01,BR0023,1444283.06,13.47,180,2025-11-18,2040-08-31,18722.59,504162.61,Current
LON0003917,CUS0008665,PRD-LN01,BR0044,726973.0,9.13,240,2020-08-26,2040-05-13,6601.67,576619.88,Late
LON0003918,CUS0007966,PRD-LN01,BR0022,1040280.85,13.86,48,2023-03-22,2027-03-01,28354.21,650359.74,Current
LON0003919,CUS0006357,PRD-LN02,BR0001,428459.13,21.47,24,2026-03-17,2028-03-06,22115.69,261178.59,Current
LON0003920,CUS0003097,PRD-LN01,BR0042,707285.51,19.62,36,2025-12-11,2028-11-25,26148.52,385150.33,Closed
LON0003921,CUS0003036,PRD-LN04,BR0021,5968698.48,12.77,180,2021-09-02,2036-06-15,74617.45,5160596.27,Late
LON0003922,CUS0004929,PRD-LN02,BR0009,383783.39,8.72,12,2022-09-12,2023-09-07,33512.61,203463.46,Current
LON0003923,CUS0003781,PRD-LN03,BR0008,4978753.49,14.4,360,2025-10-10,2055-05-06,60571.62,3709525.78,Current
LON0003924,CUS0001393,PRD-LN04,BR0042,593944.87,11.12,60,2021-10-14,2026-09-18,12949.37,81099.95,Current
LON0003925,CUS0006118,PRD-LN03,BR0001,10531226.17,16.99,240,2023-07-20,2043-04-06,154392.0,3192826.24,Current
LON0003926,CUS0008310,PRD-LN02,BR0011,2455218.02,18.49,360,2025-11-20,2055-06-16,37985.33,740332.98,Closed
LON0003927,CUS0005640,PRD-LN03,BR0010,2475863.16,20.71,84,2020-05-08,2027-04-02,56042.85,1848957.94,Current
LON0003928,CUS0000759,PRD-LN01,BR0030,917371.08,14.55,12,2022-07-08,2023-07-03,82605.7,805042.31,Current
LON0003929,CUS0007609,PRD-LN01,BR0013,84184.66,3.61,48,2022-06-15,2026-05-25,1886.15,22318.47,Current
LON0003930,CUS0005231,PRD-LN01,BR0010,611073.82,3.66,240,2026-03-16,2045-12-01,3594.43,194926.83,Current
LON0003931,CUS0001464,PRD-LN01,BR0010,743560.13,7.72,48,2024-04-09,2028-03-19,18054.91,546868.58,Current
LON0003932,CUS0002462,PRD-LN03,BR0047,5898350.8,19.35,360,2024-09-11,2054-04-07,95411.95,4695332.64,Late
LON0003933,CUS0007015,PRD-LN03,BR0031,7824926.24,8.45,60,2021-07-05,2026-06-09,160351.84,4318987.76,Current
LON0003934,CUS0001226,PRD-LN02,BR0010,2247112.41,16.74,180,2026-04-03,2041-01-14,34169.93,1884376.06,Current
LON0003935,CUS0006984,PRD-LN03,BR0047,9703234.12,9.2,24,2024-04-28,2026-04-18,444180.68,3380045.82,Current
LON0003936,CUS0004768,PRD-LN03,BR0011,4281946.23,15.08,36,2023-02-25,2026-02-09,148602.88,446878.33,Late
LON0003937,CUS0002887,PRD-LN04,BR0024,8077983.13,18.4,48,2025-06-01,2029-05-11,238982.52,7487440.28,Current
LON0003938,CUS0007615,PRD-LN03,BR0025,3461404.35,14.63,48,2026-03-14,2030-02-21,95685.51,2575244.26,Default
LON0003939,CUS0000274,PRD-LN03,BR0027,11754612.66,12.37,240,2024-12-30,2044-09-16,132473.2,6976987.4,Current
LON0003940,CUS0007037,PRD-LN04,BR0008,6968206.19,8.41,360,2022-04-16,2051-11-10,53135.65,2983658.08,Current
LON0003941,CUS0006531,PRD-LN03,BR0030,5925619.66,4.98,12,2021-04-14,2022-04-09,507223.07,5485167.34,Current
LON0003942,CUS0009945,PRD-LN04,BR0030,1032000.11,14.21,84,2024-01-04,2030-11-28,19459.61,825202.23,Late
LON0003943,CUS0006449,PRD-LN04,BR0008,1230291.03,17.32,24,2021-09-12,2023-09-02,61017.71,431385.51,Current
LON0003944,CUS0002506,PRD-LN04,BR0015,8848318.43,19.46,120,2024-10-01,2034-08-10,167842.82,1213812.87,Current
LON0003945,CUS0006219,PRD-LN01,BR0045,1376775.28,7.99,60,2020-07-11,2025-06-15,27909.45,560797.61,Current
LON0003946,CUS0004007,PRD-LN04,BR0022,9134396.53,16.2,84,2025-01-05,2031-11-30,182470.0,9130937.13,Current
LON0003947,CUS0000684,PRD-LN02,BR0004,679892.24,20.1,180,2020-03-06,2034-12-18,11991.18,363514.09,Closed
LON0003948,CUS0008304,PRD-LN04,BR0022,3128472.52,16.51,24,2022-01-28,2024-01-18,153943.19,721705.33,Current
LON0003949,CUS0001064,PRD-LN02,BR0004,1794196.84,16.07,24,2023-07-21,2025-07-10,87909.48,1049588.22,Current
LON0003950,CUS0000075,PRD-LN01,BR0033,1067544.25,13.83,120,2022-07-27,2032-06-04,16466.43,115926.57,Closed
LON0003951,CUS0007891,PRD-LN01,BR0045,1467392.31,7.53,84,2025-04-08,2032-03-02,22529.0,429472.03,Current
LON0003952,CUS0003134,PRD-LN01,BR0024,409306.44,7.09,60,2022-06-23,2027-05-28,8122.15,208344.84,Current
LON0003953,CUS0003832,PRD-LN01,BR0034,658395.45,5.79,360,2021-11-30,2051-06-26,3858.96,238896.28,Current
LON0003954,CUS0007725,PRD-LN01,BR0015,982022.46,19.6,36,2020-07-30,2023-07-15,36295.64,946114.4,Closed
LON0003955,CUS0006746,PRD-LN02,BR0050,1046796.94,6.97,12,2024-12-30,2025-12-25,90561.46,549204.29,Current
LON0003956,CUS0001608,PRD-LN01,BR0045,1331638.17,18.51,180,2023-02-21,2037-12-04,21935.38,473310.12,Current
LON0003957,CUS0003270,PRD-LN02,BR0006,535487.36,5.21,24,2021-03-01,2023-02-19,23542.97,152873.62,Current
LON0003958,CUS0000421,PRD-LN03,BR0014,1239497.36,11.57,180,2025-04-02,2040-01-14,14534.89,873943.34,Current
LON0003959,CUS0002282,PRD-LN03,BR0009,1658203.99,11.78,60,2022-05-09,2027-04-13,36701.75,954551.96,Current
LON0003960,CUS0005505,PRD-LN01,BR0014,674575.5,4.06,360,2021-07-13,2051-02-06,3243.9,215096.41,Late
LON0003961,CUS0002473,PRD-LN02,BR0037,2094750.6,10.71,120,2026-03-03,2036-01-10,28512.4,1984345.37,Closed
LON0003962,CUS0004882,PRD-LN01,BR0045,580362.97,14.18,180,2023-05-16,2038-02-26,7799.25,449393.4,Current
LON0003963,CUS0005393,PRD-LN03,BR0018,1621650.88,15.61,120,2023-03-24,2033-01-30,26771.96,836319.54,Default
LON0003964,CUS0001249,PRD-LN02,BR0047,2340728.03,10.43,360,2022-12-27,2052-07-22,21289.16,859753.2,Closed
LON0003965,CUS0005263,PRD-LN01,BR0015,1418854.97,14.1,36,2023-11-12,2026-10-27,48562.04,842191.06,Late
LON0003966,CUS0009619,PRD-LN03,BR0021,4722461.53,4.58,36,2024-03-25,2027-03-10,140647.61,1907900.52,Closed
LON0003967,CUS0009713,PRD-LN04,BR0007,5560571.34,8.17,360,2022-10-04,2052-04-29,41462.4,4796296.83,Current
LON0003968,CUS0007568,PRD-LN01,BR0010,808076.29,15.81,180,2020-05-09,2035-02-20,11761.35,398708.96,Current
LON0003969,CUS0001047,PRD-LN04,BR0040,4494966.38,9.5,60,2022-02-14,2027-01-19,94402.66,681332.29,Current
LON0003970,CUS0007399,PRD-LN04,BR0016,9997326.43,16.94,240,2020-09-14,2040-06-01,146184.86,4959959.04,Closed
LON0003971,CUS0007570,PRD-LN04,BR0005,9998397.17,16.61,180,2025-10-02,2040-07-15,151120.7,7547656.03,Current
LON0003972,CUS0002178,PRD-LN01,BR0039,1108676.37,17.02,36,2020-11-07,2023-10-23,39538.37,981514.19,Closed
LON0003973,CUS0004307,PRD-LN01,BR0017,65832.09,3.79,24,2020-07-26,2022-07-16,2852.6,18365.89,Current
LON0003974,CUS0007387,PRD-LN04,BR0040,7263124.68,7.28,12,2026-04-27,2027-04-22,629392.46,2361011.55,Current
LON0003975,CUS0001953,PRD-LN04,BR0014,8330835.39,21.22,24,2020-11-16,2022-11-06,428986.16,5719190.52,Current
LON0003976,CUS0007299,PRD-LN03,BR0005,1164860.3,5.64,60,2024-09-18,2029-08-23,22325.54,118669.25,Current
LON0003977,CUS0000621,PRD-LN01,BR0012,1337280.58,18.31,84,2024-03-03,2031-01-26,28350.25,861729.52,Current
LON0003978,CUS0004179,PRD-LN01,BR0006,1418297.69,21.26,360,2022-05-09,2051-12-03,25172.72,900174.75,Late
LON0003979,CUS0007226,PRD-LN02,BR0009,1466072.45,10.44,12,2022-09-13,2023-09-08,129191.27,1417164.72,Late
LON0003980,CUS0001563,PRD-LN02,BR0038,1422554.73,18.17,84,2020-09-21,2027-08-16,30040.94,150611.49,Current
LON0003981,CUS0000754,PRD-LN03,BR0004,9216778.79,8.17,60,2021-05-08,2026-04-12,187633.81,6858599.5,Closed
LON0003982,CUS0009854,PRD-LN03,BR0025,9969721.94,8.81,120,2024-06-29,2034-05-08,125269.35,4582797.78,Closed
LON0003983,CUS0009596,PRD-LN01,BR0048,316714.85,16.59,24,2024-11-19,2026-11-09,15596.78,58987.3,Current
LON0003984,CUS0008817,PRD-LN01,BR0043,1094326.2,13.75,36,2025-04-15,2028-03-30,37268.74,975283.64,Current
LON0003985,CUS0002224,PRD-LN04,BR0036,5076051.46,20.9,180,2025-04-14,2040-01-26,92543.64,1055343.86,Closed
LON0003986,CUS0004662,PRD-LN04,BR0048,4163180.92,7.44,120,2025-12-30,2035-11-08,49287.42,2452246.93,Current
LON0003987,CUS0003842,PRD-LN01,BR0037,972038.48,21.86,360,2024-02-04,2053-08-30,17733.99,596440.58,Current
LON0003988,CUS0004807,PRD-LN02,BR0038,1692343.31,9.99,48,2023-05-08,2027-04-17,42914.07,1176760.75,Current
LON0003989,CUS0008526,PRD-LN04,BR0036,2802538.25,11.31,48,2023-01-27,2027-01-06,72855.7,1773371.55,Current
LON0003990,CUS0008567,PRD-LN01,BR0044,262291.08,6.15,60,2025-09-19,2030-08-24,5089.14,197886.71,Current
LON0003991,CUS0005352,PRD-LN03,BR0039,4294112.4,13.53,60,2025-12-10,2030-11-14,98873.25,1141218.89,Current
LON0003992,CUS0003005,PRD-LN01,BR0020,336881.67,17.59,240,2021-08-15,2041-05-02,5093.08,160294.58,Current
LON0003993,CUS0008987,PRD-LN03,BR0008,10852258.36,13.77,60,2025-09-21,2030-08-26,251220.91,6114074.44,Current
LON0003994,CUS0009492,PRD-LN01,BR0027,1216624.7,5.86,60,2025-04-17,2030-03-22,23441.65,872281.17,Late
LON0003995,CUS0009649,PRD-LN03,BR0008,1615423.89,10.31,120,2022-05-02,2032-03-10,21626.22,662816.93,Current
LON0003996,CUS0000327,PRD-LN04,BR0047,5130015.96,11.41,240,2025-09-19,2045-06-06,54390.23,1456617.33,Current
LON0003997,CUS0008620,PRD-LN02,BR0027,1740237.27,10.17,24,2020-05-14,2022-05-04,80439.73,236954.04,Current
LON0003998,CUS0006580,PRD-LN02,BR0005,2250778.13,20.21,12,2026-01-25,2027-01-20,208726.0,2053642.99,Current
LON0003999,CUS0003963,PRD-LN03,BR0006,7455089.73,6.4,24,2023-08-31,2025-08-20,331759.46,6381108.73,Default
LON0004000,CUS0007964,PRD-LN04,BR0035,573869.06,5.03,36,2020-11-26,2023-11-11,17207.1,234301.47,Current
