opportunity_id,lead_id,stage,expected_value_thb,probability_pct,expected_close_date,created_at
OPP000001,LED000329,Qualification,2170545.9,25,2026-05-07,2025-03-20T00:06:00
OPP000002,LED004395,Proposal,4322469.12,50,2026-07-14,2025-07-07T22:37:00
OPP000003,LED004941,Prospecting,85965.07,10,2026-06-18,2026-01-10T03:56:00
OPP000004,LED004773,Closed Lost,1778409.6,0,2026-08-27,2025-08-20T10:52:00
OPP000005,LED001488,Proposal,2352178.32,50,2026-09-19,2026-01-11T02:27:00
OPP000006,LED002390,Closed Won,3876963.79,100,2026-09-14,2025-10-08T16:14:00
OPP000007,LED005166,Closed Won,4415931.69,100,2026-10-17,2026-04-06T05:53:00
OPP000008,LED005044,Prospecting,844935.93,10,2026-08-18,2026-03-21T14:23:00
OPP000009,LED001133,Qualification,1702677.84,25,2026-06-25,2025-03-15T21:53:00
OPP000010,LED004905,Closed Lost,4329692.53,0,2026-06-24,2025-08-21T09:14:00
OPP000011,LED004317,Closed Lost,2631717.31,0,2026-06-25,2025-03-21T23:16:00
OPP000012,LED004923,Qualification,3936508.43,25,2026-08-18,2025-06-07T20:56:00
OPP000013,LED004260,Negotiation,4785273.46,75,2026-06-23,2026-01-14T14:17:00
OPP000014,LED000792,Proposal,953576.69,50,2026-10-18,2026-02-03T08:26:00
OPP000015,LED002373,Closed Won,2723918.08,100,2026-06-03,2025-02-26T23:20:00
OPP000016,LED000775,Closed Lost,3653473.28,0,2026-09-22,2026-04-24T20:54:00
OPP000017,LED005478,Negotiation,2705828.65,75,2026-07-13,2026-02-24T16:30:00
OPP000018,LED003884,Negotiation,2683383.07,75,2026-05-28,2025-09-19T15:57:00
OPP000019,LED002534,Prospecting,4852624.1,10,2026-07-12,2025-07-26T01:29:00
OPP000020,LED005229,Closed Won,4228764.71,100,2026-05-07,2026-01-22T18:05:00
OPP000021,LED000662,Closed Lost,3329104.81,0,2026-05-14,2026-04-09T08:55:00
OPP000022,LED001857,Closed Lost,4340864.03,0,2026-08-22,2026-04-15T18:46:00
OPP000023,LED002499,Proposal,4221707.62,50,2026-07-19,2025-08-21T23:30:00
OPP000024,LED003316,Qualification,3645496.61,25,2026-08-25,2025-03-12T20:42:00
OPP000025,LED004819,Proposal,381419.95,50,2026-08-04,2025-06-12T20:49:00
OPP000026,LED003896,Closed Won,252332.15,100,2026-05-03,2025-06-01T06:51:00
OPP000027,LED005596,Closed Won,3782141.19,100,2026-06-23,2025-09-18T14:18:00
OPP000028,LED005145,Prospecting,383169.58,10,2026-09-12,2025-08-16T03:51:00
OPP000029,LED005934,Proposal,3959697.83,50,2026-07-14,2025-05-15T08:22:00
OPP000030,LED002459,Negotiation,2228530.59,75,2026-05-14,2025-06-12T14:45:00
OPP000031,LED001412,Negotiation,3022584.27,75,2026-10-05,2025-05-22T21:33:00
OPP000032,LED004122,Qualification,4840206.83,25,2026-06-20,2025-03-01T20:36:00
OPP000033,LED003226,Prospecting,3833067.72,10,2026-06-22,2025-03-22T15:07:00
OPP000034,LED002711,Closed Won,2586065.12,100,2026-07-15,2026-04-01T20:07:00
OPP000035,LED001318,Closed Won,455470.26,100,2026-05-07,2026-04-11T22:36:00
OPP000036,LED004298,Prospecting,2124141.21,10,2026-07-13,2025-06-28T02:07:00
OPP000037,LED002917,Closed Lost,2607968.68,0,2026-07-11,2025-07-10T15:33:00
OPP000038,LED004347,Negotiation,2908757.72,75,2026-09-27,2026-04-28T07:52:00
OPP000039,LED000583,Negotiation,696650.32,75,2026-06-08,2025-03-12T07:28:00
OPP000040,LED002353,Negotiation,897006.77,75,2026-10-09,2025-06-11T09:22:00
OPP000041,LED005417,Prospecting,2753552.99,10,2026-09-25,2026-01-07T22:27:00
OPP000042,LED005759,Qualification,734211.98,25,2026-06-17,2025-05-29T02:42:00
OPP000043,LED000411,Closed Won,4866170.66,100,2026-09-07,2025-02-14T02:31:00
OPP000044,LED005687,Prospecting,235192.99,10,2026-07-24,2025-09-01T12:12:00
OPP000045,LED005064,Prospecting,4742588.44,10,2026-06-24,2026-03-02T15:48:00
OPP000046,LED001326,Prospecting,1717044.73,10,2026-06-10,2025-07-02T20:16:00
OPP000047,LED000770,Negotiation,3411880.01,75,2026-08-14,2025-05-08T07:26:00
OPP000048,LED004079,Proposal,496018.45,50,2026-09-20,2025-03-26T21:41:00
OPP000049,LED004787,Qualification,2765853.09,25,2026-06-17,2025-04-21T01:22:00
OPP000050,LED005285,Closed Won,4550134.38,100,2026-07-03,2025-09-02T11:21:00
OPP000051,LED000538,Closed Won,2207881.66,100,2026-09-25,2026-02-05T07:33:00
OPP000052,LED004898,Qualification,4415223.0,25,2026-10-09,2025-10-26T22:03:00
OPP000053,LED002686,Closed Lost,2836975.63,0,2026-08-06,2025-07-17T07:59:00
OPP000054,LED005912,Closed Won,936390.84,100,2026-07-28,2026-02-16T23:44:00
OPP000055,LED000934,Closed Won,2054601.59,100,2026-06-10,2025-01-10T05:03:00
OPP000056,LED005797,Proposal,853149.46,50,2026-07-03,2025-11-19T16:19:00
OPP000057,LED005608,Closed Won,1843715.3,100,2026-06-13,2025-09-14T11:39:00
OPP000058,LED003999,Closed Won,3022777.71,100,2026-10-23,2026-03-13T22:11:00
OPP000059,LED004094,Closed Lost,2369455.37,0,2026-09-25,2025-02-20T14:10:00
OPP000060,LED000325,Closed Won,890342.21,100,2026-06-25,2025-09-08T06:59:00
OPP000061,LED005393,Qualification,744860.19,25,2026-07-29,2025-03-02T05:00:00
OPP000062,LED005894,Closed Lost,3321343.31,0,2026-08-05,2025-12-21T12:01:00
OPP000063,LED004963,Closed Won,4423309.15,100,2026-08-03,2025-01-08T14:00:00
OPP000064,LED001038,Prospecting,152803.07,10,2026-07-03,2025-12-30T18:17:00
OPP000065,LED002991,Closed Lost,4366399.3,0,2026-10-03,2025-08-15T17:09:00
OPP000066,LED004207,Proposal,2395313.94,50,2026-05-02,2025-11-25T16:10:00
OPP000067,LED001319,Closed Lost,1435485.71,0,2026-08-29,2025-03-25T18:28:00
OPP000068,LED002849,Proposal,3039842.46,50,2026-06-02,2025-04-26T05:31:00
OPP000069,LED000365,Prospecting,1078464.28,10,2026-09-04,2025-07-15T13:10:00
OPP000070,LED003425,Closed Won,1494024.94,100,2026-10-06,2025-04-16T13:10:00
OPP000071,LED003885,Closed Won,589510.42,100,2026-08-07,2025-01-27T19:55:00
OPP000072,LED000454,Closed Lost,652553.13,0,2026-10-06,2025-12-07T18:25:00
OPP000073,LED005479,Closed Won,842688.09,100,2026-08-05,2025-03-06T15:02:00
OPP000074,LED004262,Negotiation,428154.03,75,2026-08-07,2026-03-22T10:20:00
OPP000075,LED002770,Closed Won,1771561.05,100,2026-07-15,2025-09-10T05:35:00
OPP000076,LED003033,Closed Lost,3772513.17,0,2026-10-05,2026-02-16T08:33:00
OPP000077,LED004769,Negotiation,695813.82,75,2026-10-25,2025-05-20T21:08:00
OPP000078,LED004262,Prospecting,2114828.41,10,2026-05-02,2025-12-21T02:33:00
OPP000079,LED004990,Qualification,899586.59,25,2026-05-06,2025-06-17T00:51:00
OPP000080,LED001923,Negotiation,3480442.83,75,2026-06-08,2025-09-26T15:25:00
OPP000081,LED005770,Prospecting,1873591.49,10,2026-10-20,2025-05-04T20:38:00
OPP000082,LED000647,Proposal,4509624.04,50,2026-10-05,2025-02-17T01:08:00
OPP000083,LED005675,Proposal,3954313.89,50,2026-08-02,2025-02-15T10:50:00
OPP000084,LED003442,Qualification,3411732.32,25,2026-10-22,2025-06-26T21:16:00
OPP000085,LED004273,Qualification,2392323.54,25,2026-07-11,2025-01-28T07:32:00
OPP000086,LED003288,Closed Won,2536492.74,100,2026-08-18,2025-09-13T01:03:00
OPP000087,LED004186,Closed Won,2504078.18,100,2026-06-05,2025-12-16T20:56:00
OPP000088,LED000109,Negotiation,2232261.05,75,2026-07-09,2025-11-20T17:19:00
OPP000089,LED000298,Negotiation,3546983.33,75,2026-06-04,2025-05-05T20:50:00
OPP000090,LED005819,Negotiation,2687680.62,75,2026-08-29,2025-10-11T04:01:00
OPP000091,LED003232,Closed Lost,3053420.54,0,2026-08-30,2025-06-30T15:12:00
OPP000092,LED004202,Prospecting,4041304.77,10,2026-08-16,2025-06-23T14:05:00
OPP000093,LED001125,Prospecting,3336843.08,10,2026-09-21,2025-12-02T12:57:00
OPP000094,LED005089,Qualification,3809530.37,25,2026-06-28,2026-01-04T17:02:00
OPP000095,LED005746,Prospecting,1958912.25,10,2026-09-20,2025-02-04T00:18:00
OPP000096,LED003470,Qualification,494468.68,25,2026-10-23,2025-07-05T15:38:00
OPP000097,LED005460,Prospecting,3379543.11,10,2026-09-29,2025-11-08T17:07:00
OPP000098,LED004219,Qualification,2466068.98,25,2026-05-22,2026-04-17T22:52:00
OPP000099,LED005358,Prospecting,2296195.11,10,2026-05-30,2026-04-29T10:38:00
OPP000100,LED000140,Closed Lost,2528823.73,0,2026-07-10,2025-01-25T07:30:00
OPP000101,LED004027,Prospecting,2220909.26,10,2026-07-24,2025-01-28T04:47:00
OPP000102,LED005799,Proposal,185455.34,50,2026-08-06,2026-01-28T05:53:00
OPP000103,LED001313,Proposal,4482448.86,50,2026-05-03,2025-10-12T16:35:00
OPP000104,LED003829,Closed Lost,4405413.94,0,2026-10-14,2025-10-23T11:34:00
OPP000105,LED000811,Closed Lost,3507978.13,0,2026-07-30,2025-07-08T08:46:00
OPP000106,LED000103,Proposal,2357398.82,50,2026-06-14,2025-02-03T13:56:00
OPP000107,LED001055,Proposal,1005246.58,50,2026-10-24,2025-08-27T05:18:00
OPP000108,LED002562,Qualification,4283238.2,25,2026-07-13,2025-07-26T00:42:00
OPP000109,LED000517,Closed Won,904254.91,100,2026-05-11,2026-02-19T03:13:00
OPP000110,LED003353,Prospecting,4949188.81,10,2026-07-26,2025-02-13T09:11:00
OPP000111,LED004390,Closed Won,4154395.71,100,2026-09-17,2025-09-02T07:29:00
OPP000112,LED003377,Prospecting,2696721.0,10,2026-09-18,2026-03-27T03:53:00
OPP000113,LED004623,Qualification,4561322.28,25,2026-09-18,2025-02-13T08:00:00
OPP000114,LED002949,Proposal,1634398.94,50,2026-07-14,2025-06-18T02:09:00
OPP000115,LED000254,Closed Lost,314123.74,0,2026-09-17,2026-04-15T13:23:00
OPP000116,LED005718,Prospecting,4204743.25,10,2026-08-26,2025-07-25T16:14:00
OPP000117,LED001701,Proposal,4863932.5,50,2026-08-06,2026-03-30T11:15:00
OPP000118,LED000439,Qualification,3002996.52,25,2026-06-29,2025-01-20T23:38:00
OPP000119,LED001169,Negotiation,176453.71,75,2026-07-04,2025-01-22T01:26:00
OPP000120,LED002788,Closed Lost,1711445.98,0,2026-05-31,2025-08-31T09:19:00
OPP000121,LED005657,Qualification,2435582.09,25,2026-06-14,2025-04-16T13:02:00
OPP000122,LED000130,Negotiation,4511581.82,75,2026-06-14,2025-05-26T10:39:00
OPP000123,LED002966,Qualification,639222.1,25,2026-06-30,2026-01-14T14:58:00
OPP000124,LED003787,Qualification,1306218.28,25,2026-09-13,2026-01-09T10:20:00
OPP000125,LED004984,Prospecting,3274404.76,10,2026-09-28,2026-04-14T23:06:00
OPP000126,LED004830,Closed Won,1749428.3,100,2026-08-27,2025-03-31T14:11:00
OPP000127,LED001700,Closed Won,3517826.43,100,2026-10-04,2026-03-04T04:34:00
OPP000128,LED005191,Proposal,4113907.17,50,2026-05-25,2025-02-11T04:22:00
OPP000129,LED000461,Closed Won,1449327.45,100,2026-10-10,2025-05-18T18:44:00
OPP000130,LED000048,Negotiation,1516561.67,75,2026-10-27,2025-12-27T07:19:00
OPP000131,LED002970,Prospecting,937339.95,10,2026-10-09,2025-08-28T22:48:00
OPP000132,LED005504,Qualification,907674.36,25,2026-07-23,2025-07-25T05:56:00
OPP000133,LED001701,Closed Lost,729453.75,0,2026-08-25,2026-02-16T21:37:00
OPP000134,LED004800,Qualification,1891456.96,25,2026-05-04,2025-09-04T21:31:00
OPP000135,LED001081,Closed Lost,1338711.67,0,2026-08-09,2025-04-11T08:34:00
OPP000136,LED001211,Closed Won,1588487.32,100,2026-10-22,2026-01-07T04:03:00
OPP000137,LED001990,Closed Lost,1439336.86,0,2026-09-16,2025-05-01T17:01:00
OPP000138,LED001453,Qualification,4386337.98,25,2026-10-12,2025-04-14T10:30:00
OPP000139,LED001229,Prospecting,4817047.7,10,2026-10-26,2026-03-22T06:24:00
OPP000140,LED004048,Prospecting,4507559.26,10,2026-08-31,2025-11-27T03:13:00
OPP000141,LED005265,Qualification,352899.88,25,2026-08-23,2026-04-28T03:02:00
OPP000142,LED003381,Proposal,1857389.58,50,2026-07-31,2025-02-25T01:36:00
OPP000143,LED004208,Closed Won,319759.75,100,2026-06-19,2025-09-04T14:38:00
OPP000144,LED003615,Negotiation,1908767.49,75,2026-05-09,2026-02-23T11:45:00
OPP000145,LED001877,Negotiation,1739477.09,75,2026-10-23,2026-01-06T13:46:00
OPP000146,LED004373,Closed Lost,1176246.7,0,2026-10-08,2026-01-05T14:13:00
OPP000147,LED000236,Closed Lost,3093281.51,0,2026-08-29,2025-10-24T21:29:00
OPP000148,LED003807,Closed Lost,2267907.4,0,2026-08-20,2025-06-26T10:17:00
OPP000149,LED000428,Proposal,4061004.54,50,2026-06-28,2025-06-17T06:36:00
OPP000150,LED002995,Closed Lost,3458500.05,0,2026-06-12,2026-03-10T22:45:00
OPP000151,LED002088,Proposal,272580.0,50,2026-07-09,2025-06-02T16:59:00
OPP000152,LED000514,Qualification,1476890.52,25,2026-05-07,2025-01-29T23:01:00
OPP000153,LED004386,Prospecting,4314879.79,10,2026-05-29,2025-09-27T10:11:00
OPP000154,LED005447,Proposal,129578.25,50,2026-07-22,2025-12-11T01:44:00
OPP000155,LED005689,Negotiation,4440113.62,75,2026-07-09,2026-03-21T21:13:00
OPP000156,LED003609,Closed Won,2086507.37,100,2026-05-15,2025-05-31T04:51:00
OPP000157,LED004845,Closed Lost,1129372.05,0,2026-08-09,2025-06-05T23:40:00
OPP000158,LED001301,Closed Won,1971786.03,100,2026-09-12,2025-10-21T15:52:00
OPP000159,LED001277,Qualification,1609066.47,25,2026-05-23,2026-04-18T22:29:00
OPP000160,LED005511,Closed Won,3810775.05,100,2026-10-18,2025-01-28T22:48:00
OPP000161,LED001354,Prospecting,3425860.2,10,2026-07-22,2025-04-22T00:16:00
OPP000162,LED002210,Closed Won,1292855.6,100,2026-06-22,2025-08-06T13:58:00
OPP000163,LED005390,Negotiation,4240013.81,75,2026-05-16,2025-04-21T16:47:00
OPP000164,LED005057,Qualification,152961.11,25,2026-06-07,2025-09-25T13:14:00
OPP000165,LED001253,Negotiation,395862.75,75,2026-07-06,2025-06-06T20:57:00
OPP000166,LED001587,Closed Won,832253.93,100,2026-10-18,2026-04-30T10:00:00
OPP000167,LED005493,Closed Won,383101.55,100,2026-05-22,2025-11-15T05:33:00
OPP000168,LED002899,Negotiation,3719663.24,75,2026-05-28,2026-03-12T08:58:00
OPP000169,LED004922,Proposal,2377427.1,50,2026-07-27,2025-03-08T04:08:00
OPP000170,LED004603,Negotiation,3917398.68,75,2026-09-07,2025-10-24T04:41:00
OPP000171,LED003476,Closed Won,2538106.94,100,2026-06-09,2025-02-02T19:09:00
OPP000172,LED004189,Closed Won,1765757.24,100,2026-07-08,2025-06-10T21:31:00
OPP000173,LED004549,Qualification,3232285.77,25,2026-07-09,2025-11-11T04:34:00
OPP000174,LED005237,Negotiation,3542559.71,75,2026-09-12,2025-11-11T17:47:00
OPP000175,LED003244,Closed Won,4065854.53,100,2026-08-06,2025-04-05T21:27:00
OPP000176,LED002704,Qualification,607339.41,25,2026-07-30,2026-04-22T09:31:00
OPP000177,LED002395,Closed Lost,333642.4,0,2026-10-10,2025-10-17T09:49:00
OPP000178,LED004784,Closed Lost,1349255.0,0,2026-05-09,2025-07-04T13:00:00
OPP000179,LED000272,Negotiation,1794381.7,75,2026-09-07,2025-11-18T16:28:00
OPP000180,LED003944,Qualification,2315141.58,25,2026-09-13,2025-10-06T19:48:00
OPP000181,LED002390,Prospecting,3789045.05,10,2026-05-27,2025-10-30T21:54:00
OPP000182,LED000156,Prospecting,4701881.02,10,2026-05-25,2026-04-01T05:27:00
OPP000183,LED001731,Proposal,3783378.63,50,2026-06-14,2025-05-25T16:36:00
OPP000184,LED004855,Qualification,3100546.8,25,2026-06-27,2025-06-27T17:09:00
OPP000185,LED000080,Qualification,2142566.71,25,2026-10-07,2025-02-23T16:08:00
OPP000186,LED002197,Closed Won,4784587.41,100,2026-05-02,2025-10-03T22:39:00
OPP000187,LED001059,Qualification,4543660.85,25,2026-05-22,2025-12-12T07:55:00
OPP000188,LED001799,Closed Lost,3942898.56,0,2026-08-15,2026-02-02T04:41:00
OPP000189,LED003388,Closed Won,4335467.98,100,2026-06-17,2025-04-17T11:38:00
OPP000190,LED005900,Negotiation,2996579.45,75,2026-05-05,2025-06-27T14:40:00
OPP000191,LED000458,Qualification,4368091.56,25,2026-08-28,2025-03-07T11:12:00
OPP000192,LED003648,Proposal,905873.58,50,2026-07-17,2025-06-16T17:59:00
OPP000193,LED002173,Negotiation,3053448.25,75,2026-10-25,2025-12-17T02:51:00
OPP000194,LED005574,Closed Lost,579886.73,0,2026-10-24,2026-04-27T19:43:00
OPP000195,LED001341,Qualification,3473908.04,25,2026-08-17,2025-07-19T15:06:00
OPP000196,LED001857,Prospecting,2477155.18,10,2026-09-27,2025-01-03T04:45:00
OPP000197,LED004661,Closed Won,4715288.56,100,2026-09-07,2025-02-27T21:04:00
OPP000198,LED003233,Prospecting,4248912.76,10,2026-06-02,2026-04-20T21:06:00
OPP000199,LED001531,Proposal,4525382.58,50,2026-09-02,2025-12-13T16:00:00
OPP000200,LED002364,Closed Lost,313297.24,0,2026-08-07,2025-04-10T22:48:00
OPP000201,LED005370,Closed Lost,2523360.77,0,2026-10-14,2025-03-18T16:07:00
OPP000202,LED004268,Proposal,1400289.58,50,2026-06-29,2025-09-04T02:40:00
OPP000203,LED004714,Qualification,1276336.59,25,2026-05-23,2025-12-31T00:51:00
OPP000204,LED002402,Proposal,4236241.3,50,2026-09-05,2026-02-18T22:10:00
OPP000205,LED000939,Prospecting,36375.9,10,2026-05-23,2026-03-09T15:54:00
OPP000206,LED002019,Negotiation,4678358.65,75,2026-07-11,2025-06-17T05:34:00
OPP000207,LED002523,Closed Lost,758298.01,0,2026-06-18,2025-05-01T09:38:00
OPP000208,LED000716,Closed Lost,3635359.68,0,2026-07-11,2025-07-07T04:03:00
OPP000209,LED003816,Closed Won,2701986.38,100,2026-06-01,2025-02-02T11:02:00
OPP000210,LED003981,Prospecting,4829869.17,10,2026-10-07,2025-05-28T04:37:00
OPP000211,LED000640,Proposal,161103.55,50,2026-08-28,2025-01-21T03:10:00
OPP000212,LED003248,Proposal,742441.75,50,2026-07-20,2025-09-23T23:38:00
OPP000213,LED001337,Qualification,1233228.03,25,2026-05-09,2025-10-13T09:38:00
OPP000214,LED003309,Closed Lost,2760597.87,0,2026-08-27,2025-07-23T08:45:00
OPP000215,LED004735,Closed Won,3492855.4,100,2026-05-10,2025-04-23T07:07:00
OPP000216,LED004006,Negotiation,2381435.85,75,2026-10-28,2025-05-11T18:30:00
OPP000217,LED000810,Closed Lost,1848653.45,0,2026-07-12,2025-07-12T13:11:00
OPP000218,LED004950,Prospecting,840548.51,10,2026-08-02,2025-01-03T03:32:00
OPP000219,LED004335,Qualification,1207228.27,25,2026-07-17,2025-03-10T16:30:00
OPP000220,LED005484,Closed Lost,1721699.56,0,2026-07-03,2025-02-14T13:52:00
OPP000221,LED001364,Negotiation,3462307.58,75,2026-08-17,2025-01-20T02:54:00
OPP000222,LED000158,Qualification,4608300.2,25,2026-08-24,2025-03-13T07:08:00
OPP000223,LED004836,Proposal,2134923.68,50,2026-09-12,2026-03-07T15:30:00
OPP000224,LED005732,Closed Won,597106.89,100,2026-08-19,2025-05-23T07:19:00
OPP000225,LED001476,Prospecting,2146356.29,10,2026-05-09,2026-03-04T22:26:00
OPP000226,LED003666,Closed Lost,1651654.52,0,2026-07-01,2026-03-07T23:19:00
OPP000227,LED000288,Closed Won,943504.84,100,2026-08-21,2025-01-30T22:55:00
OPP000228,LED002007,Closed Lost,4133542.36,0,2026-10-03,2025-08-23T06:43:00
OPP000229,LED005502,Qualification,1110175.45,25,2026-09-18,2025-09-07T18:03:00
OPP000230,LED001326,Qualification,1831426.75,25,2026-09-16,2025-12-07T16:07:00
OPP000231,LED000441,Closed Lost,4916303.73,0,2026-06-26,2025-11-16T16:58:00
OPP000232,LED000594,Closed Won,3190640.71,100,2026-08-03,2025-04-22T21:48:00
OPP000233,LED003824,Qualification,3189018.32,25,2026-10-21,2025-05-28T19:25:00
OPP000234,LED001224,Qualification,743765.39,25,2026-06-08,2025-11-17T16:00:00
OPP000235,LED002432,Proposal,3083766.78,50,2026-08-12,2025-07-19T18:39:00
OPP000236,LED003920,Negotiation,4655646.56,75,2026-08-02,2025-05-14T00:01:00
OPP000237,LED000401,Negotiation,3584350.79,75,2026-08-15,2025-12-14T03:20:00
OPP000238,LED005336,Negotiation,82273.01,75,2026-07-24,2025-07-11T11:27:00
OPP000239,LED005609,Closed Lost,1567411.76,0,2026-06-01,2026-03-22T02:59:00
OPP000240,LED003236,Closed Won,982766.37,100,2026-07-07,2026-03-07T21:59:00
OPP000241,LED002554,Closed Won,2106747.21,100,2026-06-14,2025-02-07T03:58:00
OPP000242,LED005367,Proposal,3370300.59,50,2026-10-01,2025-08-27T00:39:00
OPP000243,LED004759,Negotiation,1473118.86,75,2026-08-03,2025-11-27T23:24:00
OPP000244,LED000138,Closed Lost,999952.27,0,2026-06-12,2025-01-23T02:40:00
OPP000245,LED004040,Prospecting,2414709.48,10,2026-09-23,2025-06-26T02:24:00
OPP000246,LED000906,Negotiation,4080418.82,75,2026-05-16,2025-01-09T21:45:00
OPP000247,LED001895,Proposal,321906.1,50,2026-09-16,2026-02-04T17:59:00
OPP000248,LED001352,Negotiation,3055323.79,75,2026-09-29,2025-03-02T17:05:00
OPP000249,LED004463,Closed Won,1906749.38,100,2026-06-15,2025-07-24T14:21:00
OPP000250,LED000331,Closed Lost,3751377.06,0,2026-05-11,2025-08-12T08:51:00
OPP000251,LED006000,Closed Won,4251357.41,100,2026-08-18,2026-03-19T07:15:00
OPP000252,LED004289,Prospecting,4885208.62,10,2026-06-11,2026-01-07T03:42:00
OPP000253,LED002453,Prospecting,1838389.04,10,2026-06-01,2026-04-21T01:19:00
OPP000254,LED001143,Prospecting,3220715.34,10,2026-06-05,2025-05-31T14:45:00
OPP000255,LED002096,Qualification,4798234.18,25,2026-09-07,2025-07-16T05:22:00
OPP000256,LED000485,Closed Lost,2552220.2,0,2026-10-03,2026-03-25T13:14:00
OPP000257,LED003289,Negotiation,3150388.54,75,2026-06-08,2025-09-01T03:25:00
OPP000258,LED003246,Proposal,3074822.94,50,2026-05-13,2026-03-11T07:26:00
OPP000259,LED004846,Prospecting,1385590.52,10,2026-10-22,2025-04-28T14:34:00
OPP000260,LED002767,Qualification,4127851.65,25,2026-09-25,2025-02-06T03:07:00
OPP000261,LED001586,Qualification,715475.94,25,2026-06-14,2025-03-10T09:40:00
OPP000262,LED002409,Closed Won,4901003.8,100,2026-09-10,2025-11-04T11:54:00
OPP000263,LED002395,Proposal,1680891.2,50,2026-05-12,2026-04-15T04:23:00
OPP000264,LED004351,Prospecting,892046.61,10,2026-05-03,2025-10-09T12:12:00
OPP000265,LED001312,Qualification,1041543.91,25,2026-08-29,2026-03-21T20:01:00
OPP000266,LED002971,Prospecting,1467301.01,10,2026-09-27,2026-01-24T02:33:00
OPP000267,LED004615,Closed Lost,3129672.01,0,2026-07-02,2025-02-25T20:19:00
OPP000268,LED004277,Qualification,4265399.96,25,2026-06-17,2026-03-27T08:02:00
OPP000269,LED001095,Proposal,2168671.12,50,2026-08-04,2025-08-30T11:13:00
OPP000270,LED005234,Qualification,1516699.48,25,2026-10-27,2025-11-12T12:25:00
OPP000271,LED003938,Closed Won,2399218.14,100,2026-09-02,2025-10-28T21:41:00
OPP000272,LED003981,Closed Lost,476384.17,0,2026-05-08,2025-10-08T19:55:00
OPP000273,LED003041,Prospecting,1138669.24,10,2026-09-11,2026-01-18T02:01:00
OPP000274,LED002534,Closed Lost,4321515.7,0,2026-10-17,2026-03-18T08:12:00
OPP000275,LED002130,Closed Won,2425575.85,100,2026-06-08,2025-02-20T21:34:00
OPP000276,LED003261,Closed Lost,1132854.44,0,2026-10-05,2025-08-24T22:12:00
OPP000277,LED005184,Negotiation,488330.42,75,2026-08-05,2025-01-24T13:26:00
OPP000278,LED000143,Qualification,1063355.24,25,2026-09-18,2025-04-27T08:32:00
OPP000279,LED003818,Closed Lost,1101152.05,0,2026-05-22,2025-09-03T12:51:00
OPP000280,LED004925,Negotiation,3521455.9,75,2026-07-14,2025-09-30T05:48:00
OPP000281,LED005332,Closed Lost,2188782.43,0,2026-10-26,2026-04-25T22:37:00
OPP000282,LED000869,Closed Lost,1880959.85,0,2026-05-19,2025-04-13T19:00:00
OPP000283,LED002547,Closed Won,1011222.04,100,2026-05-15,2025-08-01T19:58:00
OPP000284,LED005024,Qualification,1145911.56,25,2026-10-06,2025-05-13T18:23:00
OPP000285,LED000361,Closed Lost,4370856.14,0,2026-08-17,2025-10-20T00:55:00
OPP000286,LED005366,Qualification,4490918.46,25,2026-09-07,2026-03-04T11:20:00
OPP000287,LED000953,Negotiation,4029811.57,75,2026-06-26,2025-09-04T20:51:00
OPP000288,LED002076,Closed Lost,1759592.14,0,2026-10-09,2025-05-28T00:17:00
OPP000289,LED000672,Proposal,2202153.21,50,2026-06-18,2025-01-31T01:26:00
OPP000290,LED000084,Negotiation,2181140.04,75,2026-07-16,2025-02-03T20:01:00
OPP000291,LED004839,Qualification,2927638.05,25,2026-10-22,2026-04-13T09:07:00
OPP000292,LED000878,Closed Lost,2431965.63,0,2026-05-03,2025-09-07T09:52:00
OPP000293,LED002161,Proposal,4059137.92,50,2026-09-26,2026-04-06T17:57:00
OPP000294,LED000414,Closed Won,181051.26,100,2026-06-24,2025-07-06T00:35:00
OPP000295,LED004202,Proposal,4847093.77,50,2026-08-27,2025-06-16T17:11:00
OPP000296,LED002001,Proposal,4404534.88,50,2026-07-02,2025-12-26T09:52:00
OPP000297,LED003514,Negotiation,4440555.26,75,2026-10-21,2025-07-09T00:59:00
OPP000298,LED000631,Proposal,4375239.26,50,2026-10-14,2025-02-15T08:36:00
OPP000299,LED003946,Closed Won,3657740.88,100,2026-06-27,2025-02-14T09:09:00
OPP000300,LED000046,Closed Won,2614565.57,100,2026-08-25,2026-04-01T02:38:00
OPP000301,LED003736,Prospecting,829507.08,10,2026-05-27,2025-09-23T13:29:00
OPP000302,LED003474,Closed Won,4611243.56,100,2026-06-23,2025-07-12T21:20:00
OPP000303,LED001164,Qualification,45719.12,25,2026-09-28,2025-12-05T10:06:00
OPP000304,LED002186,Negotiation,1896365.67,75,2026-08-01,2025-01-12T08:01:00
OPP000305,LED001341,Qualification,907264.92,25,2026-05-01,2025-03-20T09:21:00
OPP000306,LED002192,Closed Lost,3185249.64,0,2026-08-26,2025-05-26T05:16:00
OPP000307,LED001575,Qualification,3444272.83,25,2026-08-13,2025-02-24T05:05:00
OPP000308,LED001307,Closed Won,400372.25,100,2026-09-03,2025-03-20T20:39:00
OPP000309,LED002685,Prospecting,1210799.11,10,2026-10-13,2025-06-09T22:52:00
OPP000310,LED003313,Negotiation,4047693.86,75,2026-06-06,2025-03-17T08:29:00
OPP000311,LED003758,Closed Lost,4410544.21,0,2026-10-15,2025-11-20T20:28:00
OPP000312,LED005190,Closed Lost,575847.62,0,2026-06-20,2026-05-01T09:46:00
OPP000313,LED000688,Qualification,3369876.24,25,2026-05-30,2025-11-05T23:59:00
OPP000314,LED001696,Proposal,372370.36,50,2026-06-21,2025-09-26T12:57:00
OPP000315,LED000053,Negotiation,4978304.74,75,2026-06-23,2026-01-20T12:09:00
OPP000316,LED001352,Qualification,64708.2,25,2026-10-14,2026-01-21T05:53:00
OPP000317,LED004537,Proposal,1689768.0,50,2026-08-11,2026-02-08T13:51:00
OPP000318,LED003869,Proposal,1692542.17,50,2026-07-14,2025-11-15T17:13:00
OPP000319,LED005382,Prospecting,4089697.49,10,2026-10-04,2025-05-09T00:53:00
OPP000320,LED003286,Prospecting,131407.95,10,2026-07-21,2026-04-29T21:18:00
OPP000321,LED005761,Closed Won,2072687.77,100,2026-05-06,2025-09-09T00:30:00
OPP000322,LED000770,Closed Lost,1123481.31,0,2026-06-06,2026-02-17T21:35:00
OPP000323,LED005240,Closed Won,1758727.22,100,2026-09-29,2025-03-22T18:38:00
OPP000324,LED005908,Qualification,4058825.5,25,2026-08-24,2025-06-10T12:26:00
OPP000325,LED005503,Negotiation,2138093.5,75,2026-08-03,2026-03-21T01:27:00
OPP000326,LED004175,Qualification,4725331.7,25,2026-10-11,2025-05-19T04:24:00
OPP000327,LED000835,Closed Lost,375759.58,0,2026-10-08,2026-02-22T11:12:00
OPP000328,LED004912,Closed Won,4887017.62,100,2026-10-23,2025-07-29T00:25:00
OPP000329,LED002345,Qualification,3194341.07,25,2026-10-03,2025-04-14T20:48:00
OPP000330,LED005190,Prospecting,3173771.43,10,2026-07-01,2025-01-23T23:55:00
OPP000331,LED002736,Qualification,252109.77,25,2026-09-10,2025-07-27T18:29:00
OPP000332,LED002425,Closed Won,2754639.88,100,2026-06-18,2025-06-22T12:35:00
OPP000333,LED005641,Qualification,2757836.27,25,2026-09-24,2025-09-01T06:48:00
OPP000334,LED000469,Negotiation,4212436.89,75,2026-08-09,2026-03-17T01:31:00
OPP000335,LED004514,Qualification,3347002.58,25,2026-06-12,2025-07-19T12:05:00
OPP000336,LED000829,Closed Lost,1717180.22,0,2026-08-16,2026-04-20T14:25:00
OPP000337,LED000683,Closed Won,1118141.73,100,2026-09-03,2025-07-31T04:16:00
OPP000338,LED004898,Prospecting,3614657.01,10,2026-06-04,2025-11-07T00:19:00
OPP000339,LED005650,Prospecting,3919645.66,10,2026-06-11,2025-07-02T15:50:00
OPP000340,LED004949,Negotiation,361693.57,75,2026-07-09,2025-03-18T19:01:00
OPP000341,LED000975,Closed Lost,320543.89,0,2026-06-08,2025-03-01T07:07:00
OPP000342,LED002101,Prospecting,3880861.86,10,2026-07-06,2025-07-18T23:14:00
OPP000343,LED005717,Qualification,3634228.59,25,2026-08-08,2026-05-01T16:05:00
OPP000344,LED000253,Prospecting,1583957.9,10,2026-09-26,2026-02-27T06:52:00
OPP000345,LED001494,Negotiation,3430038.23,75,2026-09-24,2025-03-11T06:47:00
OPP000346,LED005830,Closed Lost,287358.95,0,2026-09-28,2025-03-18T01:45:00
OPP000347,LED004548,Qualification,2182181.7,25,2026-05-01,2025-04-26T14:00:00
OPP000348,LED000858,Closed Won,4856600.11,100,2026-10-17,2026-01-08T23:13:00
OPP000349,LED004780,Proposal,794438.22,50,2026-09-01,2025-05-01T09:51:00
OPP000350,LED003322,Closed Won,3791075.29,100,2026-07-12,2025-11-13T06:41:00
OPP000351,LED003352,Negotiation,2110554.36,75,2026-05-05,2025-11-13T23:02:00
OPP000352,LED002236,Negotiation,2474079.51,75,2026-07-20,2025-05-08T04:45:00
OPP000353,LED000055,Prospecting,3182083.1,10,2026-09-26,2025-08-05T11:13:00
OPP000354,LED001885,Proposal,365933.25,50,2026-08-26,2025-12-30T20:03:00
OPP000355,LED003244,Closed Won,2939045.91,100,2026-06-26,2025-01-03T05:59:00
OPP000356,LED000976,Prospecting,1398312.41,10,2026-08-28,2026-03-12T01:08:00
OPP000357,LED003979,Qualification,1112134.12,25,2026-09-08,2025-07-14T13:22:00
OPP000358,LED001410,Prospecting,4290628.21,10,2026-09-28,2025-04-18T02:35:00
OPP000359,LED004206,Prospecting,2740871.98,10,2026-07-30,2025-07-03T15:01:00
OPP000360,LED004092,Closed Won,427656.11,100,2026-10-09,2025-08-20T02:18:00
OPP000361,LED003688,Proposal,4386837.16,50,2026-06-13,2025-01-07T12:34:00
OPP000362,LED003163,Proposal,143343.87,50,2026-06-22,2025-08-17T19:34:00
OPP000363,LED004221,Qualification,4388828.29,25,2026-06-25,2025-05-02T12:34:00
OPP000364,LED001913,Closed Won,4255411.24,100,2026-06-24,2025-01-21T09:29:00
OPP000365,LED000989,Proposal,4297336.45,50,2026-08-24,2025-06-30T05:46:00
OPP000366,LED001757,Closed Lost,295204.64,0,2026-08-10,2025-04-25T18:18:00
OPP000367,LED003439,Proposal,237517.61,50,2026-05-24,2025-09-25T00:32:00
OPP000368,LED005622,Prospecting,537646.68,10,2026-08-04,2025-07-15T00:03:00
OPP000369,LED005883,Proposal,2079175.25,50,2026-05-17,2025-05-21T09:48:00
OPP000370,LED005179,Proposal,1336503.63,50,2026-08-08,2025-10-23T15:18:00
OPP000371,LED004675,Prospecting,3817106.26,10,2026-06-24,2025-02-10T20:37:00
OPP000372,LED003534,Prospecting,2262101.05,10,2026-06-11,2025-05-03T13:48:00
OPP000373,LED004312,Closed Won,1781849.34,100,2026-10-06,2025-08-03T18:44:00
OPP000374,LED002176,Negotiation,4922727.08,75,2026-08-14,2025-02-08T01:22:00
OPP000375,LED005633,Negotiation,1664375.89,75,2026-05-20,2026-02-21T09:09:00
OPP000376,LED000134,Prospecting,1167607.54,10,2026-09-06,2025-06-15T08:33:00
OPP000377,LED003934,Negotiation,229860.06,75,2026-09-16,2025-08-22T08:27:00
OPP000378,LED000263,Negotiation,3586440.88,75,2026-09-24,2026-03-23T02:04:00
OPP000379,LED004888,Closed Won,2636134.07,100,2026-09-20,2025-10-28T10:36:00
OPP000380,LED002187,Closed Won,3015876.5,100,2026-05-19,2026-04-15T03:43:00
OPP000381,LED003995,Closed Won,1183050.18,100,2026-10-27,2025-11-30T17:11:00
OPP000382,LED004650,Proposal,1107194.46,50,2026-06-07,2026-04-27T15:43:00
OPP000383,LED003109,Negotiation,3634973.89,75,2026-08-28,2026-01-11T09:23:00
OPP000384,LED000446,Closed Lost,3970994.8,0,2026-05-01,2026-04-09T18:34:00
OPP000385,LED001923,Closed Lost,867725.1,0,2026-05-15,2025-08-05T12:57:00
OPP000386,LED005515,Closed Lost,3319641.86,0,2026-06-25,2026-04-11T15:14:00
OPP000387,LED005189,Closed Lost,4538197.32,0,2026-09-09,2026-01-05T04:12:00
OPP000388,LED001178,Closed Won,4355638.65,100,2026-07-20,2025-02-15T19:47:00
OPP000389,LED005287,Qualification,657720.91,25,2026-06-16,2026-01-30T11:55:00
OPP000390,LED002765,Closed Lost,2824241.66,0,2026-09-29,2025-03-14T16:32:00
OPP000391,LED000825,Proposal,4514693.38,50,2026-05-09,2025-01-03T00:10:00
OPP000392,LED002392,Prospecting,1386335.33,10,2026-06-28,2025-07-29T08:16:00
OPP000393,LED004478,Closed Won,3093993.64,100,2026-09-28,2025-12-20T12:49:00
OPP000394,LED001218,Proposal,4371426.94,50,2026-07-20,2025-12-01T19:39:00
OPP000395,LED001504,Proposal,3543101.28,50,2026-05-26,2025-06-01T09:21:00
OPP000396,LED003130,Closed Won,4902693.7,100,2026-06-15,2025-02-21T09:52:00
OPP000397,LED001470,Closed Won,2969972.27,100,2026-08-17,2025-09-07T20:30:00
OPP000398,LED003064,Prospecting,1359477.33,10,2026-09-24,2025-11-06T09:27:00
OPP000399,LED002245,Closed Lost,2715058.56,0,2026-06-26,2026-03-19T11:15:00
OPP000400,LED005455,Closed Lost,1200101.94,0,2026-08-28,2025-05-15T05:58:00
OPP000401,LED005490,Qualification,2850784.0,25,2026-06-22,2026-01-13T08:33:00
OPP000402,LED003254,Negotiation,3353193.6,75,2026-09-05,2025-05-05T13:01:00
OPP000403,LED004024,Negotiation,4791059.31,75,2026-06-04,2025-09-01T12:14:00
OPP000404,LED004869,Proposal,4645082.0,50,2026-06-24,2025-01-15T18:00:00
OPP000405,LED000850,Prospecting,4493539.51,10,2026-09-20,2025-05-27T14:15:00
OPP000406,LED002405,Proposal,4411065.19,50,2026-06-21,2025-05-08T21:06:00
OPP000407,LED005435,Closed Won,336195.82,100,2026-07-22,2025-02-23T22:11:00
OPP000408,LED005569,Qualification,1484713.09,25,2026-09-11,2026-02-20T11:15:00
OPP000409,LED000549,Qualification,2540972.76,25,2026-10-16,2025-11-30T18:14:00
OPP000410,LED003157,Closed Lost,1575448.27,0,2026-07-25,2025-10-19T18:29:00
OPP000411,LED001520,Proposal,1143390.81,50,2026-05-07,2025-08-09T09:01:00
OPP000412,LED005714,Proposal,275412.53,50,2026-10-12,2025-02-25T23:20:00
OPP000413,LED001237,Closed Won,2968904.32,100,2026-07-29,2026-02-19T12:28:00
OPP000414,LED000714,Prospecting,4638953.38,10,2026-08-14,2025-07-29T20:52:00
OPP000415,LED000993,Closed Lost,2965303.15,0,2026-08-14,2025-11-14T17:52:00
OPP000416,LED005119,Prospecting,2265276.11,10,2026-09-13,2025-09-29T08:49:00
OPP000417,LED001047,Qualification,2412838.69,25,2026-07-23,2025-01-26T16:29:00
OPP000418,LED004026,Closed Lost,3418693.07,0,2026-08-20,2026-04-04T19:04:00
OPP000419,LED003637,Proposal,922087.23,50,2026-07-22,2025-08-20T17:57:00
OPP000420,LED005685,Prospecting,3594811.12,10,2026-09-17,2026-03-19T08:37:00
OPP000421,LED003598,Negotiation,328208.24,75,2026-10-22,2025-05-28T12:08:00
OPP000422,LED003022,Prospecting,4134469.95,10,2026-10-07,2025-09-17T06:49:00
OPP000423,LED005751,Prospecting,1907768.9,10,2026-10-14,2025-08-06T16:03:00
OPP000424,LED004209,Closed Won,1641132.29,100,2026-09-14,2026-04-25T23:16:00
OPP000425,LED003966,Closed Lost,3701090.59,0,2026-09-10,2025-07-17T17:23:00
OPP000426,LED005950,Prospecting,645047.38,10,2026-09-27,2025-10-21T15:37:00
OPP000427,LED004515,Qualification,3851907.86,25,2026-08-23,2025-05-13T08:24:00
OPP000428,LED002843,Closed Lost,2211254.5,0,2026-08-15,2025-12-24T20:09:00
OPP000429,LED000914,Qualification,4437641.3,25,2026-10-24,2026-04-19T17:26:00
OPP000430,LED003894,Prospecting,2107358.66,10,2026-08-02,2025-08-28T07:06:00
OPP000431,LED000149,Qualification,1527648.25,25,2026-08-20,2025-07-19T05:59:00
OPP000432,LED002154,Qualification,1266582.74,25,2026-06-08,2025-10-20T22:03:00
OPP000433,LED000839,Qualification,2291510.75,25,2026-07-09,2026-04-28T01:04:00
OPP000434,LED003988,Proposal,2484075.82,50,2026-05-11,2026-03-10T01:44:00
OPP000435,LED005560,Prospecting,2384186.88,10,2026-05-05,2025-12-19T00:07:00
OPP000436,LED002731,Prospecting,3091508.77,10,2026-07-27,2026-02-22T01:47:00
OPP000437,LED000573,Negotiation,1449223.87,75,2026-06-01,2026-01-29T23:33:00
OPP000438,LED000891,Negotiation,3874219.16,75,2026-10-13,2025-01-15T23:34:00
OPP000439,LED000093,Negotiation,313564.76,75,2026-06-19,2025-06-24T20:41:00
OPP000440,LED004440,Closed Won,4296833.82,100,2026-05-14,2026-01-02T00:45:00
OPP000441,LED005906,Negotiation,563475.51,75,2026-10-13,2025-09-20T09:12:00
OPP000442,LED003283,Closed Lost,2104818.84,0,2026-05-05,2026-04-30T19:35:00
OPP000443,LED003540,Qualification,857743.79,25,2026-06-14,2025-08-25T09:58:00
OPP000444,LED004611,Closed Won,3467017.49,100,2026-05-26,2025-11-16T17:32:00
OPP000445,LED000588,Prospecting,4116613.12,10,2026-08-11,2025-02-04T04:38:00
OPP000446,LED000119,Qualification,1277500.52,25,2026-05-25,2025-07-10T10:04:00
OPP000447,LED004700,Closed Won,1858447.44,100,2026-07-04,2025-09-19T02:48:00
OPP000448,LED000108,Closed Won,666181.77,100,2026-05-06,2025-09-03T16:06:00
OPP000449,LED001733,Qualification,3717935.06,25,2026-05-18,2025-03-05T00:01:00
OPP000450,LED000922,Prospecting,4423098.9,10,2026-08-08,2026-03-17T11:57:00
OPP000451,LED005198,Closed Won,1500119.27,100,2026-05-03,2026-01-17T08:58:00
OPP000452,LED000496,Negotiation,2700549.26,75,2026-05-04,2025-04-22T09:41:00
OPP000453,LED002462,Closed Won,2154245.08,100,2026-08-23,2025-12-09T11:37:00
OPP000454,LED004965,Qualification,3476125.09,25,2026-06-14,2025-07-18T20:35:00
OPP000455,LED001095,Negotiation,1630198.42,75,2026-08-14,2025-07-23T09:15:00
OPP000456,LED004033,Negotiation,2721762.65,75,2026-06-23,2025-12-04T04:39:00
OPP000457,LED004768,Negotiation,3925628.36,75,2026-05-12,2025-07-29T01:35:00
OPP000458,LED005871,Closed Won,4739723.67,100,2026-07-18,2026-04-15T20:32:00
OPP000459,LED004634,Prospecting,4908688.43,10,2026-07-11,2026-01-23T14:33:00
OPP000460,LED003434,Negotiation,4690229.61,75,2026-05-06,2025-07-26T14:16:00
OPP000461,LED001462,Closed Lost,398794.74,0,2026-08-03,2026-02-26T16:58:00
OPP000462,LED001093,Prospecting,2459528.9,10,2026-09-18,2026-03-12T18:52:00
OPP000463,LED002359,Closed Lost,3663513.88,0,2026-06-13,2025-05-11T03:46:00
OPP000464,LED002112,Prospecting,1510911.55,10,2026-08-06,2026-03-17T04:12:00
OPP000465,LED003928,Negotiation,3622092.43,75,2026-05-26,2025-06-28T17:18:00
OPP000466,LED004234,Closed Won,1118172.36,100,2026-06-05,2025-02-27T00:43:00
OPP000467,LED002864,Prospecting,1740107.93,10,2026-08-17,2025-08-15T06:06:00
OPP000468,LED004065,Closed Lost,1164254.16,0,2026-06-19,2025-10-12T18:31:00
OPP000469,LED002207,Proposal,3575926.94,50,2026-10-23,2025-08-30T02:08:00
OPP000470,LED001732,Closed Won,1429902.96,100,2026-07-08,2025-10-05T09:15:00
OPP000471,LED005608,Closed Won,4112073.01,100,2026-06-09,2025-11-26T00:41:00
OPP000472,LED000573,Closed Won,2661948.96,100,2026-10-23,2026-01-22T23:24:00
OPP000473,LED003664,Qualification,4085192.71,25,2026-09-07,2025-11-16T17:56:00
OPP000474,LED001143,Closed Lost,850315.64,0,2026-10-10,2025-07-19T02:13:00
OPP000475,LED000290,Closed Won,2185108.21,100,2026-10-09,2025-03-19T18:11:00
OPP000476,LED003612,Negotiation,1384774.08,75,2026-10-20,2025-12-12T02:42:00
OPP000477,LED001484,Negotiation,4168067.26,75,2026-07-16,2026-04-14T01:48:00
OPP000478,LED002571,Qualification,4436471.31,25,2026-06-14,2025-08-23T23:27:00
OPP000479,LED003938,Closed Won,4013024.55,100,2026-06-03,2025-09-10T12:04:00
OPP000480,LED001922,Qualification,3548114.76,25,2026-10-13,2025-08-10T21:50:00
OPP000481,LED002642,Closed Won,2830423.61,100,2026-10-08,2025-09-15T04:26:00
OPP000482,LED005059,Closed Won,151116.01,100,2026-08-26,2025-05-19T12:24:00
OPP000483,LED000942,Qualification,3848985.2,25,2026-10-24,2025-01-24T17:10:00
OPP000484,LED004971,Negotiation,4402449.39,75,2026-05-18,2025-06-11T02:49:00
OPP000485,LED003818,Qualification,3849151.43,25,2026-07-23,2025-03-11T21:32:00
OPP000486,LED002873,Closed Won,503042.02,100,2026-09-14,2025-03-11T03:31:00
OPP000487,LED001654,Qualification,2890809.28,25,2026-09-03,2025-12-30T20:30:00
OPP000488,LED005592,Closed Lost,1031254.3,0,2026-08-13,2025-05-19T02:53:00
OPP000489,LED003023,Prospecting,2154329.84,10,2026-10-12,2025-10-26T07:52:00
OPP000490,LED003079,Qualification,3547484.2,25,2026-06-12,2025-01-06T08:03:00
OPP000491,LED004689,Closed Won,1674026.93,100,2026-06-05,2026-01-29T05:04:00
OPP000492,LED001158,Closed Won,4814323.0,100,2026-09-14,2025-11-02T03:29:00
OPP000493,LED001024,Closed Lost,1031402.89,0,2026-08-28,2025-01-22T08:26:00
OPP000494,LED005859,Closed Won,1860393.3,100,2026-07-30,2025-10-22T18:42:00
OPP000495,LED002343,Negotiation,1579874.87,75,2026-07-09,2025-12-25T08:53:00
OPP000496,LED000234,Prospecting,4118812.08,10,2026-10-06,2025-11-13T19:45:00
OPP000497,LED005693,Negotiation,1821365.81,75,2026-05-11,2025-01-05T08:09:00
OPP000498,LED002558,Qualification,4038830.98,25,2026-09-26,2025-10-11T19:38:00
OPP000499,LED004853,Qualification,4429853.92,25,2026-10-10,2025-04-23T03:32:00
OPP000500,LED004780,Closed Won,4276841.96,100,2026-06-28,2025-02-21T03:43:00
OPP000501,LED000809,Qualification,1349182.5,25,2026-05-07,2025-09-18T07:18:00
OPP000502,LED002181,Qualification,3970422.0,25,2026-05-18,2025-03-22T19:06:00
OPP000503,LED005840,Proposal,1313983.48,50,2026-09-21,2025-06-15T21:43:00
OPP000504,LED000904,Closed Won,2885614.78,100,2026-08-12,2025-12-25T19:43:00
OPP000505,LED000155,Prospecting,4648267.28,10,2026-09-05,2025-02-21T02:39:00
OPP000506,LED002718,Prospecting,2343390.3,10,2026-07-04,2025-08-14T08:48:00
OPP000507,LED004912,Proposal,4463018.34,50,2026-07-14,2026-02-14T13:49:00
OPP000508,LED005096,Proposal,3210679.98,50,2026-07-19,2025-01-30T03:17:00
OPP000509,LED004157,Negotiation,535099.67,75,2026-09-07,2025-05-13T17:14:00
OPP000510,LED002290,Closed Lost,2202322.05,0,2026-06-03,2026-03-15T06:41:00
OPP000511,LED003992,Closed Lost,3379836.63,0,2026-05-19,2025-10-19T18:43:00
OPP000512,LED004442,Qualification,1264564.07,25,2026-10-26,2025-04-22T07:20:00
OPP000513,LED001842,Prospecting,4900834.32,10,2026-07-27,2026-02-28T18:27:00
OPP000514,LED005039,Prospecting,3523630.28,10,2026-09-18,2026-04-02T14:49:00
OPP000515,LED000029,Prospecting,2917426.5,10,2026-07-09,2025-02-01T14:45:00
OPP000516,LED000174,Qualification,3129851.45,25,2026-06-24,2025-06-13T15:36:00
OPP000517,LED002319,Closed Won,2109857.04,100,2026-10-26,2025-10-21T16:17:00
OPP000518,LED003646,Proposal,2225165.44,50,2026-09-29,2025-08-24T06:41:00
OPP000519,LED002859,Closed Won,2085672.26,100,2026-07-08,2026-01-10T12:01:00
OPP000520,LED005210,Closed Lost,249848.65,0,2026-06-24,2026-01-28T12:03:00
OPP000521,LED003303,Closed Lost,4734751.56,0,2026-08-23,2026-02-12T00:06:00
OPP000522,LED003226,Closed Lost,2631801.43,0,2026-09-03,2026-03-17T22:44:00
OPP000523,LED002329,Prospecting,2501915.18,10,2026-06-25,2025-04-02T02:30:00
OPP000524,LED002155,Qualification,3672627.55,25,2026-07-14,2026-01-17T05:38:00
OPP000525,LED001401,Proposal,1314977.37,50,2026-08-17,2025-03-19T04:37:00
OPP000526,LED004807,Closed Won,399620.6,100,2026-10-10,2025-12-04T19:42:00
OPP000527,LED005155,Closed Lost,3586424.54,0,2026-07-26,2026-04-24T01:23:00
OPP000528,LED005828,Closed Lost,1165720.68,0,2026-09-12,2025-07-01T05:33:00
OPP000529,LED003451,Closed Won,4452413.47,100,2026-08-16,2025-07-23T16:54:00
OPP000530,LED004122,Closed Lost,2041175.7,0,2026-09-22,2025-02-17T19:21:00
OPP000531,LED005515,Prospecting,169516.24,10,2026-10-22,2025-05-23T10:02:00
OPP000532,LED002338,Closed Lost,4752612.9,0,2026-05-21,2025-01-16T20:39:00
OPP000533,LED003686,Qualification,4948242.77,25,2026-06-01,2025-01-08T22:15:00
OPP000534,LED002039,Prospecting,827630.59,10,2026-08-16,2026-04-30T05:26:00
OPP000535,LED000318,Qualification,4911658.68,25,2026-07-26,2025-07-11T11:28:00
OPP000536,LED004011,Proposal,1845482.89,50,2026-10-16,2025-02-25T07:54:00
OPP000537,LED000474,Closed Won,1665430.06,100,2026-09-11,2025-11-10T16:51:00
OPP000538,LED005451,Proposal,4235396.71,50,2026-05-12,2025-03-26T17:13:00
OPP000539,LED000271,Proposal,1581939.29,50,2026-09-21,2025-12-05T20:21:00
OPP000540,LED001999,Qualification,1735939.07,25,2026-05-17,2025-01-27T04:37:00
OPP000541,LED005739,Proposal,4938936.81,50,2026-07-25,2025-02-28T15:12:00
OPP000542,LED004493,Closed Lost,2897128.0,0,2026-08-19,2025-05-25T20:01:00
OPP000543,LED005661,Negotiation,2060486.49,75,2026-05-04,2025-03-04T15:25:00
OPP000544,LED001805,Closed Won,3763573.44,100,2026-09-18,2026-02-06T01:58:00
OPP000545,LED001224,Prospecting,1424360.76,10,2026-09-24,2026-02-10T05:02:00
OPP000546,LED001323,Prospecting,3699425.32,10,2026-06-04,2025-04-22T19:09:00
OPP000547,LED001664,Proposal,4661212.83,50,2026-07-03,2026-01-16T12:14:00
OPP000548,LED002388,Prospecting,502750.09,10,2026-07-24,2026-02-21T23:09:00
OPP000549,LED001154,Closed Won,1233865.58,100,2026-09-23,2026-03-18T11:36:00
OPP000550,LED004489,Closed Lost,1454596.13,0,2026-08-13,2025-04-25T04:36:00
OPP000551,LED003907,Prospecting,1364176.86,10,2026-07-22,2025-10-26T08:35:00
OPP000552,LED002352,Closed Won,4638865.3,100,2026-07-25,2025-10-31T22:52:00
OPP000553,LED001686,Qualification,3737960.21,25,2026-06-02,2025-09-12T15:34:00
OPP000554,LED001561,Qualification,1931478.58,25,2026-10-04,2025-03-05T08:46:00
OPP000555,LED002589,Closed Lost,315645.36,0,2026-05-28,2025-03-10T10:50:00
OPP000556,LED002414,Prospecting,1958873.5,10,2026-05-09,2025-07-12T08:32:00
OPP000557,LED005968,Closed Lost,477059.4,0,2026-08-23,2025-06-03T16:38:00
OPP000558,LED005460,Proposal,4557379.42,50,2026-05-30,2025-10-16T15:35:00
OPP000559,LED004558,Qualification,4762388.47,25,2026-05-08,2025-12-24T21:16:00
OPP000560,LED002496,Qualification,4440572.78,25,2026-10-06,2025-02-11T17:02:00
OPP000561,LED000570,Closed Lost,520485.99,0,2026-08-26,2025-07-18T13:09:00
OPP000562,LED005130,Prospecting,4049573.99,10,2026-05-10,2026-03-24T15:01:00
OPP000563,LED001839,Prospecting,2147004.77,10,2026-09-01,2026-02-15T10:27:00
OPP000564,LED001768,Qualification,4689794.2,25,2026-05-06,2025-01-07T22:08:00
OPP000565,LED000538,Proposal,3939415.15,50,2026-10-04,2025-09-16T07:57:00
OPP000566,LED004765,Prospecting,2644547.27,10,2026-09-01,2025-10-24T19:58:00
OPP000567,LED005944,Proposal,1514488.56,50,2026-07-10,2025-07-09T07:44:00
OPP000568,LED001126,Prospecting,2623556.76,10,2026-07-23,2025-02-25T12:55:00
OPP000569,LED001295,Closed Won,3471064.28,100,2026-05-17,2026-03-23T14:54:00
OPP000570,LED003106,Closed Lost,3133229.3,0,2026-05-22,2025-07-05T00:09:00
OPP000571,LED005230,Prospecting,4379414.72,10,2026-10-10,2025-09-09T12:48:00
OPP000572,LED004543,Closed Won,3505415.56,100,2026-06-12,2025-07-04T23:25:00
OPP000573,LED004595,Prospecting,2562307.91,10,2026-08-11,2025-05-10T07:55:00
OPP000574,LED001031,Closed Lost,4729358.57,0,2026-10-22,2026-03-29T16:45:00
OPP000575,LED000503,Prospecting,3495027.01,10,2026-06-27,2025-11-12T21:06:00
OPP000576,LED005937,Negotiation,4443189.05,75,2026-05-18,2026-02-11T13:04:00
OPP000577,LED005118,Negotiation,1587530.02,75,2026-08-16,2025-08-14T15:39:00
OPP000578,LED004376,Prospecting,4114435.36,10,2026-09-18,2025-02-26T04:49:00
OPP000579,LED004520,Closed Won,145473.17,100,2026-07-09,2026-02-23T07:30:00
OPP000580,LED000466,Proposal,4365830.24,50,2026-08-24,2025-11-29T13:36:00
OPP000581,LED005165,Proposal,4366730.57,50,2026-05-12,2026-04-04T04:58:00
OPP000582,LED001659,Proposal,199076.44,50,2026-06-02,2025-01-20T17:49:00
OPP000583,LED004287,Closed Lost,4509098.85,0,2026-09-04,2025-07-22T22:54:00
OPP000584,LED002159,Closed Lost,181664.71,0,2026-08-06,2026-02-02T23:06:00
OPP000585,LED005614,Prospecting,3456822.81,10,2026-06-13,2025-04-28T17:24:00
OPP000586,LED001724,Closed Won,1009676.76,100,2026-05-12,2025-02-14T10:14:00
OPP000587,LED002641,Closed Won,1001744.46,100,2026-07-16,2025-09-15T08:39:00
OPP000588,LED000167,Closed Lost,2503768.07,0,2026-06-12,2025-05-26T14:31:00
OPP000589,LED000068,Negotiation,1176533.61,75,2026-05-21,2026-04-17T16:40:00
OPP000590,LED004142,Closed Lost,1649756.3,0,2026-09-13,2025-06-15T02:38:00
OPP000591,LED003735,Closed Lost,3040312.03,0,2026-09-07,2025-10-11T05:06:00
OPP000592,LED000763,Closed Won,1759609.46,100,2026-09-23,2025-07-27T04:26:00
OPP000593,LED002190,Closed Won,1309761.5,100,2026-06-22,2025-10-12T07:22:00
OPP000594,LED001392,Closed Lost,2951535.37,0,2026-09-08,2025-03-26T19:02:00
OPP000595,LED000079,Closed Lost,2375968.8,0,2026-08-01,2026-01-13T07:31:00
OPP000596,LED003985,Qualification,2955426.59,25,2026-08-29,2026-02-24T16:31:00
OPP000597,LED003899,Closed Lost,870701.37,0,2026-06-09,2025-03-08T03:27:00
OPP000598,LED000530,Qualification,4112790.51,25,2026-06-28,2026-04-10T22:43:00
OPP000599,LED002498,Negotiation,2089825.42,75,2026-09-11,2025-12-26T11:29:00
OPP000600,LED005565,Closed Lost,3264100.22,0,2026-07-11,2025-03-01T03:10:00
OPP000601,LED001080,Closed Won,1172990.88,100,2026-09-27,2025-01-31T08:08:00
OPP000602,LED003899,Prospecting,1898028.25,10,2026-06-24,2025-05-04T02:29:00
OPP000603,LED003545,Negotiation,4078285.61,75,2026-08-03,2025-05-31T21:14:00
OPP000604,LED004376,Negotiation,796155.93,75,2026-05-04,2026-02-04T16:04:00
OPP000605,LED000693,Negotiation,662552.0,75,2026-08-18,2025-02-26T19:44:00
OPP000606,LED003849,Closed Won,2306668.51,100,2026-09-13,2025-02-16T04:04:00
OPP000607,LED002529,Negotiation,2873879.0,75,2026-07-14,2025-11-05T19:25:00
OPP000608,LED003239,Negotiation,4478996.99,75,2026-10-18,2025-03-17T04:19:00
OPP000609,LED002584,Negotiation,3517059.62,75,2026-10-25,2025-07-13T15:18:00
OPP000610,LED005225,Closed Lost,1569053.22,0,2026-08-17,2025-07-21T08:49:00
OPP000611,LED005076,Prospecting,842653.28,10,2026-06-26,2025-03-13T14:18:00
OPP000612,LED005406,Closed Won,142759.99,100,2026-09-27,2025-12-13T22:18:00
OPP000613,LED005747,Negotiation,743089.13,75,2026-10-07,2025-02-16T16:08:00
OPP000614,LED001857,Closed Won,1683339.25,100,2026-05-08,2025-02-05T15:43:00
OPP000615,LED000152,Negotiation,2448559.21,75,2026-08-01,2026-01-14T09:12:00
OPP000616,LED000595,Proposal,4380340.43,50,2026-06-03,2025-07-02T17:53:00
OPP000617,LED005508,Negotiation,2597584.88,75,2026-08-30,2025-05-02T07:44:00
OPP000618,LED001913,Qualification,151978.53,25,2026-09-05,2025-01-23T11:13:00
OPP000619,LED003298,Closed Lost,2703243.75,0,2026-05-19,2026-03-20T21:51:00
OPP000620,LED002098,Closed Lost,2988445.33,0,2026-10-18,2025-12-08T06:58:00
OPP000621,LED001812,Prospecting,2722842.4,10,2026-06-30,2025-08-25T06:22:00
OPP000622,LED003736,Proposal,3085461.39,50,2026-07-31,2025-11-12T13:24:00
OPP000623,LED002257,Closed Won,393888.24,100,2026-08-22,2025-08-26T08:18:00
OPP000624,LED005756,Proposal,2039184.93,50,2026-07-19,2026-02-07T07:22:00
OPP000625,LED000790,Closed Lost,1031643.41,0,2026-07-31,2025-10-13T15:08:00
OPP000626,LED001066,Prospecting,2689661.55,10,2026-10-04,2025-05-04T19:36:00
OPP000627,LED002988,Closed Lost,4184908.84,0,2026-08-09,2025-11-14T17:12:00
OPP000628,LED005128,Negotiation,3878242.98,75,2026-08-06,2026-03-06T06:34:00
OPP000629,LED000299,Prospecting,1972528.93,10,2026-07-05,2025-02-05T14:59:00
OPP000630,LED000595,Qualification,4541157.46,25,2026-07-18,2025-10-22T00:51:00
OPP000631,LED005139,Qualification,4492291.95,25,2026-05-02,2025-10-09T11:19:00
OPP000632,LED005255,Closed Won,2067298.91,100,2026-07-03,2025-08-28T02:28:00
OPP000633,LED004766,Proposal,3259302.57,50,2026-05-16,2025-06-20T07:47:00
OPP000634,LED005207,Proposal,930705.4,50,2026-09-27,2026-01-07T01:47:00
OPP000635,LED005997,Closed Lost,766551.74,0,2026-09-05,2025-06-25T08:39:00
OPP000636,LED000450,Closed Won,4725760.34,100,2026-05-20,2026-04-07T19:27:00
OPP000637,LED002115,Negotiation,4811748.43,75,2026-08-18,2026-03-07T19:44:00
OPP000638,LED003404,Negotiation,4452315.62,75,2026-06-02,2025-01-15T00:43:00
OPP000639,LED004384,Prospecting,2955858.83,10,2026-10-19,2025-02-03T02:42:00
OPP000640,LED000532,Closed Won,1212555.35,100,2026-10-22,2026-01-26T11:24:00
OPP000641,LED001790,Closed Lost,57561.39,0,2026-06-18,2025-11-15T21:39:00
OPP000642,LED003936,Negotiation,1544052.47,75,2026-09-13,2026-01-20T16:40:00
OPP000643,LED004393,Qualification,1431076.48,25,2026-06-01,2025-01-15T04:00:00
OPP000644,LED001735,Negotiation,3605689.76,75,2026-06-11,2025-10-04T22:50:00
OPP000645,LED001710,Proposal,4524205.25,50,2026-07-24,2025-03-29T06:04:00
OPP000646,LED001612,Prospecting,4662311.53,10,2026-06-08,2025-11-07T23:12:00
OPP000647,LED002711,Closed Lost,4161912.12,0,2026-08-28,2025-08-07T21:06:00
OPP000648,LED003892,Closed Won,3087415.26,100,2026-05-20,2025-07-22T15:53:00
OPP000649,LED005723,Proposal,2192982.9,50,2026-06-30,2025-11-29T08:39:00
OPP000650,LED004682,Closed Lost,2213424.96,0,2026-10-02,2025-07-06T10:55:00
OPP000651,LED000541,Qualification,2033390.69,25,2026-08-22,2026-02-24T20:58:00
OPP000652,LED004485,Negotiation,2488872.09,75,2026-06-23,2025-05-11T23:09:00
OPP000653,LED002982,Proposal,872702.82,50,2026-06-29,2025-01-07T22:13:00
OPP000654,LED004362,Closed Won,3701791.59,100,2026-08-16,2025-09-08T17:35:00
OPP000655,LED001535,Prospecting,4603443.32,10,2026-07-23,2025-12-12T15:59:00
OPP000656,LED002614,Closed Won,1529026.35,100,2026-07-31,2025-01-28T06:27:00
OPP000657,LED003541,Closed Won,57445.68,100,2026-09-16,2025-02-06T19:01:00
OPP000658,LED001108,Closed Lost,3281381.67,0,2026-10-18,2025-12-19T08:21:00
OPP000659,LED005010,Prospecting,1313546.71,10,2026-09-12,2025-01-25T17:02:00
OPP000660,LED005642,Prospecting,2854430.34,10,2026-09-28,2026-04-02T01:01:00
OPP000661,LED001244,Negotiation,2930766.18,75,2026-10-05,2025-06-09T12:21:00
OPP000662,LED002968,Closed Won,2763047.39,100,2026-10-08,2025-03-24T13:07:00
OPP000663,LED005004,Negotiation,4660982.25,75,2026-09-10,2025-11-29T14:45:00
OPP000664,LED002045,Closed Won,2895518.18,100,2026-06-13,2025-12-04T07:16:00
OPP000665,LED005770,Prospecting,2602625.7,10,2026-09-16,2025-12-17T12:46:00
OPP000666,LED005842,Proposal,3733623.25,50,2026-09-06,2025-10-31T20:18:00
OPP000667,LED001254,Qualification,2027411.73,25,2026-06-04,2026-01-12T21:16:00
OPP000668,LED005415,Proposal,1658174.86,50,2026-10-22,2025-12-09T18:55:00
OPP000669,LED003434,Closed Won,1332779.15,100,2026-10-23,2025-12-12T05:48:00
OPP000670,LED004320,Proposal,3336277.25,50,2026-06-09,2025-01-22T00:38:00
OPP000671,LED001823,Negotiation,1469740.24,75,2026-06-25,2025-07-29T07:46:00
OPP000672,LED001482,Prospecting,2544549.74,10,2026-05-04,2025-05-03T18:50:00
OPP000673,LED000451,Proposal,3334204.83,50,2026-07-08,2025-04-13T00:18:00
OPP000674,LED004708,Proposal,3505988.36,50,2026-07-30,2025-05-13T17:12:00
OPP000675,LED001274,Proposal,4300558.97,50,2026-09-22,2025-12-18T19:06:00
OPP000676,LED000201,Closed Won,3423706.35,100,2026-06-06,2025-01-08T16:29:00
OPP000677,LED002391,Closed Lost,2616582.15,0,2026-07-23,2025-12-28T13:42:00
OPP000678,LED004205,Prospecting,4636529.27,10,2026-10-15,2025-09-05T06:16:00
OPP000679,LED003955,Closed Lost,2750797.7,0,2026-06-04,2025-05-12T05:16:00
OPP000680,LED003794,Negotiation,925782.98,75,2026-10-04,2026-03-18T15:23:00
OPP000681,LED003057,Proposal,4437607.02,50,2026-07-24,2025-08-30T01:10:00
OPP000682,LED003571,Closed Lost,897049.15,0,2026-07-16,2026-03-14T21:34:00
OPP000683,LED000397,Closed Lost,1666873.71,0,2026-09-08,2025-01-20T13:09:00
OPP000684,LED001438,Negotiation,1262352.69,75,2026-05-28,2025-07-29T11:06:00
OPP000685,LED000410,Qualification,2577895.69,25,2026-06-25,2025-06-04T23:55:00
OPP000686,LED005899,Closed Lost,3409853.85,0,2026-05-12,2026-01-31T21:32:00
OPP000687,LED000477,Prospecting,2868163.05,10,2026-05-18,2025-09-21T23:33:00
OPP000688,LED001511,Closed Lost,2351951.17,0,2026-06-30,2026-04-27T12:17:00
OPP000689,LED002115,Qualification,658727.15,25,2026-06-18,2025-05-17T03:38:00
OPP000690,LED001620,Prospecting,879767.57,10,2026-09-09,2025-02-26T00:36:00
OPP000691,LED004504,Negotiation,2473527.94,75,2026-07-07,2025-10-28T23:08:00
OPP000692,LED000649,Proposal,4979656.38,50,2026-10-01,2025-05-29T10:57:00
OPP000693,LED005232,Prospecting,2695896.81,10,2026-07-18,2025-04-14T21:10:00
OPP000694,LED000571,Qualification,3352525.26,25,2026-06-02,2026-03-08T22:10:00
OPP000695,LED002160,Negotiation,4778867.6,75,2026-05-17,2026-03-29T08:11:00
OPP000696,LED005372,Qualification,3623651.57,25,2026-08-13,2026-02-08T15:34:00
OPP000697,LED003364,Proposal,4768984.78,50,2026-05-17,2025-09-23T00:50:00
OPP000698,LED005656,Closed Lost,816583.6,0,2026-07-04,2026-02-04T05:37:00
OPP000699,LED004108,Negotiation,3128959.6,75,2026-06-13,2026-04-08T04:34:00
OPP000700,LED001468,Closed Lost,3104649.18,0,2026-10-26,2025-09-17T04:12:00
OPP000701,LED005366,Closed Lost,3138160.54,0,2026-05-18,2025-11-24T10:30:00
OPP000702,LED000758,Closed Won,685900.33,100,2026-06-17,2025-06-01T16:29:00
OPP000703,LED002172,Negotiation,4450906.79,75,2026-05-30,2025-03-15T12:42:00
OPP000704,LED005506,Qualification,4592299.98,25,2026-07-04,2025-10-04T02:57:00
OPP000705,LED004573,Proposal,2173241.58,50,2026-08-15,2025-09-30T04:20:00
OPP000706,LED004238,Closed Lost,3397151.19,0,2026-08-23,2025-04-01T00:36:00
OPP000707,LED003814,Closed Lost,3519994.88,0,2026-08-03,2025-05-03T06:23:00
OPP000708,LED005651,Closed Won,4018090.87,100,2026-09-11,2026-02-27T04:55:00
OPP000709,LED005280,Closed Lost,3930699.14,0,2026-10-25,2025-12-14T09:00:00
OPP000710,LED002465,Negotiation,2259517.63,75,2026-07-23,2025-02-04T00:39:00
OPP000711,LED002741,Closed Lost,1637175.68,0,2026-10-26,2026-02-06T04:39:00
OPP000712,LED003609,Proposal,4977020.49,50,2026-09-23,2025-11-02T23:28:00
OPP000713,LED005367,Qualification,2475229.11,25,2026-09-23,2026-04-19T05:04:00
OPP000714,LED003596,Qualification,1680186.76,25,2026-05-08,2025-08-29T15:48:00
OPP000715,LED002008,Closed Lost,1887574.58,0,2026-07-06,2026-04-03T08:32:00
OPP000716,LED004452,Proposal,1082331.5,50,2026-08-15,2025-06-22T01:33:00
OPP000717,LED005697,Closed Lost,3115965.4,0,2026-05-02,2026-04-05T17:06:00
OPP000718,LED001611,Closed Won,4995941.82,100,2026-05-04,2025-05-24T05:37:00
OPP000719,LED000689,Negotiation,3243504.36,75,2026-06-08,2026-01-05T22:40:00
OPP000720,LED001410,Proposal,3668481.83,50,2026-05-19,2025-05-20T23:58:00
OPP000721,LED000574,Closed Lost,643710.12,0,2026-09-28,2025-11-18T13:09:00
OPP000722,LED005121,Proposal,1285632.18,50,2026-05-06,2025-04-24T13:57:00
OPP000723,LED002208,Prospecting,1697016.62,10,2026-10-19,2025-01-18T21:51:00
OPP000724,LED005134,Qualification,1248041.37,25,2026-05-25,2026-03-24T07:25:00
OPP000725,LED002767,Proposal,4050754.47,50,2026-08-04,2025-01-23T00:14:00
OPP000726,LED002046,Prospecting,215799.15,10,2026-08-15,2025-08-19T15:30:00
OPP000727,LED001801,Closed Lost,1768230.26,0,2026-07-23,2025-06-09T18:43:00
OPP000728,LED002189,Prospecting,1740715.72,10,2026-05-24,2026-03-02T22:46:00
OPP000729,LED000469,Negotiation,2469941.32,75,2026-06-19,2025-07-10T21:41:00
OPP000730,LED000663,Closed Lost,4209339.76,0,2026-10-12,2025-02-17T18:08:00
OPP000731,LED000156,Negotiation,1823384.84,75,2026-05-02,2025-05-02T04:45:00
OPP000732,LED005830,Prospecting,2225153.06,10,2026-08-31,2025-10-20T07:27:00
OPP000733,LED001898,Closed Won,4754934.34,100,2026-08-04,2026-03-29T13:52:00
OPP000734,LED004017,Proposal,1098547.04,50,2026-09-19,2025-01-15T08:06:00
OPP000735,LED004889,Negotiation,3975430.02,75,2026-09-29,2025-06-18T09:13:00
OPP000736,LED000862,Closed Won,162651.84,100,2026-08-03,2025-08-11T15:08:00
OPP000737,LED003610,Proposal,1023852.5,50,2026-09-03,2026-01-09T16:34:00
OPP000738,LED002935,Prospecting,3757693.83,10,2026-06-19,2025-09-09T07:14:00
OPP000739,LED002212,Closed Lost,1578662.0,0,2026-08-09,2025-12-13T04:36:00
OPP000740,LED004290,Closed Lost,3511832.03,0,2026-05-25,2025-06-19T08:15:00
OPP000741,LED005849,Negotiation,1071501.37,75,2026-05-20,2025-11-28T07:48:00
OPP000742,LED001588,Closed Lost,1537723.04,0,2026-08-17,2025-04-17T22:41:00
OPP000743,LED000397,Closed Lost,1396299.48,0,2026-08-12,2025-12-24T00:22:00
OPP000744,LED005286,Closed Won,2625844.59,100,2026-06-10,2026-01-07T02:21:00
OPP000745,LED002251,Proposal,2854187.73,50,2026-09-29,2025-09-17T13:35:00
OPP000746,LED002891,Qualification,4647770.44,25,2026-06-15,2025-04-06T12:36:00
OPP000747,LED005298,Closed Won,1588838.18,100,2026-08-24,2025-01-23T09:29:00
OPP000748,LED000199,Closed Won,585799.07,100,2026-06-02,2025-10-29T14:23:00
OPP000749,LED005903,Prospecting,1580730.63,10,2026-07-30,2026-01-30T15:30:00
OPP000750,LED005340,Qualification,1140729.54,25,2026-06-28,2025-08-29T10:31:00
OPP000751,LED002298,Negotiation,4223877.26,75,2026-06-17,2025-09-22T17:18:00
OPP000752,LED005633,Proposal,1431226.05,50,2026-08-08,2025-09-11T11:19:00
OPP000753,LED004515,Closed Won,3446620.69,100,2026-05-13,2025-01-06T04:02:00
OPP000754,LED005930,Closed Won,2194300.7,100,2026-07-04,2025-10-17T00:19:00
OPP000755,LED000674,Negotiation,75537.77,75,2026-09-04,2025-09-09T04:23:00
OPP000756,LED001111,Proposal,3730702.64,50,2026-05-13,2025-10-06T02:58:00
OPP000757,LED005107,Closed Won,2242900.27,100,2026-05-07,2025-01-28T20:17:00
OPP000758,LED000799,Negotiation,3918527.63,75,2026-09-12,2026-05-01T21:22:00
OPP000759,LED005113,Qualification,2466833.98,25,2026-06-25,2026-03-29T11:16:00
OPP000760,LED004424,Closed Won,4645158.48,100,2026-10-02,2025-09-05T09:00:00
OPP000761,LED004424,Closed Lost,589981.39,0,2026-06-20,2025-09-26T08:51:00
OPP000762,LED004442,Prospecting,2563555.16,10,2026-08-10,2026-01-06T13:46:00
OPP000763,LED002538,Qualification,1172202.3,25,2026-08-19,2026-04-30T11:43:00
OPP000764,LED004891,Negotiation,2838633.5,75,2026-07-09,2025-07-30T22:27:00
OPP000765,LED001232,Closed Lost,2155386.1,0,2026-10-07,2025-08-05T00:50:00
OPP000766,LED002496,Proposal,3181514.46,50,2026-05-04,2025-06-16T21:07:00
OPP000767,LED002796,Qualification,2946629.55,25,2026-08-30,2025-09-13T00:31:00
OPP000768,LED001354,Proposal,1305062.36,50,2026-10-04,2025-05-18T09:35:00
OPP000769,LED005346,Prospecting,3970210.69,10,2026-06-18,2025-11-27T00:32:00
OPP000770,LED005758,Prospecting,3137238.36,10,2026-09-19,2026-01-31T20:25:00
OPP000771,LED005592,Closed Lost,2319873.83,0,2026-07-22,2025-10-12T14:32:00
OPP000772,LED004916,Prospecting,4180518.56,10,2026-10-16,2026-03-11T12:43:00
OPP000773,LED000807,Closed Lost,4887817.56,0,2026-07-01,2025-02-26T05:09:00
OPP000774,LED001943,Closed Won,1392848.35,100,2026-08-22,2025-01-31T04:18:00
OPP000775,LED005399,Qualification,34750.28,25,2026-07-03,2025-10-19T09:47:00
OPP000776,LED000601,Negotiation,3235507.71,75,2026-10-18,2026-03-15T06:01:00
OPP000777,LED001552,Qualification,2335503.35,25,2026-07-30,2026-04-07T14:20:00
OPP000778,LED005399,Prospecting,1116226.31,10,2026-10-26,2025-10-30T16:12:00
OPP000779,LED004645,Proposal,3150048.03,50,2026-05-10,2026-02-28T20:53:00
OPP000780,LED003468,Closed Lost,3010971.23,0,2026-05-01,2026-04-12T09:10:00
OPP000781,LED003446,Qualification,1838529.69,25,2026-06-08,2025-10-08T23:51:00
OPP000782,LED002037,Closed Lost,3061183.79,0,2026-08-07,2025-07-12T04:21:00
OPP000783,LED005901,Negotiation,1655722.78,75,2026-10-07,2025-09-11T13:51:00
OPP000784,LED003465,Negotiation,2709628.11,75,2026-09-09,2025-12-08T23:10:00
OPP000785,LED004290,Proposal,3183205.19,50,2026-10-08,2025-06-22T00:37:00
OPP000786,LED003340,Negotiation,4684073.3,75,2026-08-03,2025-12-02T23:46:00
OPP000787,LED002198,Closed Lost,4577930.48,0,2026-08-31,2026-01-22T19:26:00
OPP000788,LED003960,Negotiation,2045556.84,75,2026-07-24,2026-03-14T16:33:00
OPP000789,LED001201,Prospecting,3322807.56,10,2026-09-11,2025-03-13T17:48:00
OPP000790,LED001179,Negotiation,2281690.15,75,2026-10-04,2025-02-16T02:05:00
OPP000791,LED001955,Closed Lost,766205.6,0,2026-07-13,2026-02-10T22:21:00
OPP000792,LED004769,Closed Won,2056652.63,100,2026-05-28,2025-11-12T19:48:00
OPP000793,LED002459,Prospecting,1618358.72,10,2026-05-17,2025-06-28T19:34:00
OPP000794,LED002149,Closed Lost,3287388.96,0,2026-06-15,2025-01-06T02:52:00
OPP000795,LED005711,Negotiation,408158.65,75,2026-07-24,2025-09-05T15:09:00
OPP000796,LED001539,Proposal,51418.75,50,2026-08-06,2025-01-14T03:48:00
OPP000797,LED002242,Closed Lost,2821814.1,0,2026-06-28,2025-11-29T13:30:00
OPP000798,LED004720,Closed Won,4823059.74,100,2026-08-24,2025-10-08T14:08:00
OPP000799,LED001472,Proposal,1588499.7,50,2026-09-18,2025-08-20T13:31:00
OPP000800,LED004934,Negotiation,1199967.63,75,2026-07-25,2025-07-20T23:25:00
OPP000801,LED001193,Prospecting,4550591.56,10,2026-06-28,2025-09-09T20:59:00
OPP000802,LED004376,Proposal,4898062.61,50,2026-06-28,2026-01-21T20:33:00
OPP000803,LED004083,Closed Won,1161489.88,100,2026-08-26,2026-05-01T05:05:00
OPP000804,LED001634,Prospecting,697936.0,10,2026-06-30,2025-02-06T18:49:00
OPP000805,LED004271,Qualification,1514412.53,25,2026-07-11,2025-03-04T05:05:00
OPP000806,LED005990,Prospecting,4482866.84,10,2026-08-11,2025-12-30T11:09:00
OPP000807,LED003516,Proposal,3925012.51,50,2026-09-24,2026-02-05T07:09:00
OPP000808,LED001561,Prospecting,1429407.42,10,2026-08-09,2025-10-16T19:40:00
OPP000809,LED003523,Proposal,4425672.15,50,2026-09-26,2026-04-03T02:46:00
OPP000810,LED003140,Prospecting,2607082.19,10,2026-06-14,2025-08-21T10:22:00
OPP000811,LED002504,Qualification,3046801.67,25,2026-07-23,2025-05-09T07:47:00
OPP000812,LED004558,Closed Lost,369860.22,0,2026-06-17,2025-09-17T01:05:00
OPP000813,LED003174,Qualification,3273988.3,25,2026-09-10,2025-11-16T09:55:00
OPP000814,LED004317,Prospecting,1176038.21,10,2026-07-11,2026-03-10T08:53:00
OPP000815,LED000854,Negotiation,3675869.39,75,2026-05-06,2025-07-26T21:28:00
OPP000816,LED002220,Negotiation,936932.11,75,2026-08-11,2025-09-07T11:01:00
OPP000817,LED003899,Closed Won,1784689.1,100,2026-05-08,2025-05-08T13:40:00
OPP000818,LED001341,Closed Won,942217.01,100,2026-09-05,2025-04-09T11:32:00
OPP000819,LED005672,Closed Lost,2834918.44,0,2026-05-12,2025-11-02T14:07:00
OPP000820,LED002391,Closed Won,2524599.17,100,2026-09-19,2025-02-05T02:50:00
OPP000821,LED001738,Closed Lost,3714115.35,0,2026-06-25,2025-06-01T20:46:00
OPP000822,LED000639,Qualification,2606021.4,25,2026-05-31,2026-04-11T13:35:00
OPP000823,LED004945,Negotiation,1567516.81,75,2026-10-02,2026-04-29T02:51:00
OPP000824,LED005902,Closed Won,3010960.12,100,2026-05-24,2025-05-28T11:49:00
OPP000825,LED005984,Negotiation,2966545.83,75,2026-09-25,2026-01-27T03:37:00
OPP000826,LED000759,Closed Won,697674.23,100,2026-10-28,2025-08-11T19:13:00
OPP000827,LED002927,Prospecting,3878215.95,10,2026-09-03,2025-10-22T23:45:00
OPP000828,LED004474,Closed Won,2213310.0,100,2026-09-21,2025-10-27T11:02:00
OPP000829,LED005294,Closed Won,4581340.95,100,2026-10-12,2025-07-25T07:53:00
OPP000830,LED001782,Qualification,795868.78,25,2026-07-18,2026-02-24T18:28:00
OPP000831,LED002478,Qualification,1176078.09,25,2026-09-28,2025-02-04T04:46:00
OPP000832,LED005581,Qualification,4678225.93,25,2026-09-10,2025-08-09T17:05:00
OPP000833,LED000018,Closed Lost,4456465.52,0,2026-08-09,2026-02-13T19:47:00
OPP000834,LED002582,Prospecting,45798.09,10,2026-05-05,2025-12-06T02:12:00
OPP000835,LED001411,Closed Won,3977561.66,100,2026-09-01,2025-10-17T07:00:00
OPP000836,LED002582,Closed Won,4198036.1,100,2026-09-30,2025-04-09T06:17:00
OPP000837,LED000747,Qualification,1798141.98,25,2026-06-06,2025-12-15T04:47:00
OPP000838,LED002487,Prospecting,258201.78,10,2026-08-18,2025-08-18T23:44:00
OPP000839,LED003401,Closed Lost,3706252.55,0,2026-06-25,2025-06-16T14:11:00
OPP000840,LED000887,Proposal,1603550.68,50,2026-07-20,2025-11-05T11:36:00
OPP000841,LED005151,Negotiation,1937926.05,75,2026-09-05,2025-10-18T06:22:00
OPP000842,LED001231,Proposal,4869992.58,50,2026-10-01,2025-09-25T13:44:00
OPP000843,LED000006,Proposal,4638828.49,50,2026-07-25,2025-02-15T05:56:00
OPP000844,LED004133,Qualification,3147871.76,25,2026-07-02,2025-02-16T16:36:00
OPP000845,LED001883,Proposal,2924264.46,50,2026-06-03,2025-06-02T04:48:00
OPP000846,LED002500,Proposal,2972785.53,50,2026-09-07,2025-06-26T17:05:00
OPP000847,LED001556,Prospecting,4745001.38,10,2026-07-08,2025-02-19T18:55:00
OPP000848,LED003156,Proposal,3529605.22,50,2026-05-13,2026-03-03T05:36:00
OPP000849,LED001390,Qualification,3761998.9,25,2026-09-13,2025-07-20T23:32:00
OPP000850,LED004225,Prospecting,2301741.55,10,2026-05-28,2026-01-25T11:36:00
OPP000851,LED000137,Closed Won,713476.06,100,2026-08-28,2025-11-11T21:25:00
OPP000852,LED004167,Qualification,304318.0,25,2026-05-14,2025-01-19T23:41:00
OPP000853,LED004136,Closed Lost,621523.81,0,2026-08-19,2025-04-07T17:20:00
OPP000854,LED004917,Closed Lost,538266.9,0,2026-10-15,2025-11-16T13:00:00
OPP000855,LED004337,Closed Won,757466.97,100,2026-10-21,2025-04-02T17:21:00
OPP000856,LED002086,Proposal,460709.95,50,2026-07-07,2026-03-16T16:39:00
OPP000857,LED004509,Closed Lost,3085349.8,0,2026-08-13,2026-04-10T19:49:00
OPP000858,LED005938,Prospecting,4384352.21,10,2026-10-11,2025-04-11T00:48:00
OPP000859,LED002738,Proposal,2483919.1,50,2026-06-25,2026-03-11T19:21:00
OPP000860,LED003576,Qualification,2811334.94,25,2026-08-31,2025-11-12T07:49:00
OPP000861,LED000275,Proposal,982125.09,50,2026-08-16,2025-10-17T10:00:00
OPP000862,LED004264,Prospecting,241340.68,10,2026-09-25,2025-01-16T04:53:00
OPP000863,LED002006,Proposal,912267.42,50,2026-08-01,2025-04-01T15:26:00
OPP000864,LED003170,Negotiation,2600551.57,75,2026-05-26,2025-12-04T13:49:00
OPP000865,LED003923,Closed Lost,1341712.91,0,2026-06-08,2025-03-29T20:48:00
OPP000866,LED004931,Proposal,99355.24,50,2026-05-24,2025-04-15T19:13:00
OPP000867,LED000534,Negotiation,4144718.34,75,2026-08-14,2026-01-02T01:19:00
OPP000868,LED000457,Qualification,506009.72,25,2026-09-10,2025-01-27T03:22:00
OPP000869,LED002548,Negotiation,2291811.77,75,2026-09-22,2025-11-03T15:39:00
OPP000870,LED001110,Proposal,3057518.5,50,2026-08-06,2025-09-09T12:52:00
OPP000871,LED003743,Closed Won,1292155.16,100,2026-07-20,2026-03-31T01:57:00
OPP000872,LED002316,Negotiation,1888392.28,75,2026-10-20,2025-10-21T01:21:00
OPP000873,LED001097,Negotiation,3413579.26,75,2026-05-10,2025-09-09T07:42:00
OPP000874,LED003854,Closed Won,4530312.87,100,2026-05-03,2025-09-16T00:05:00
OPP000875,LED001742,Negotiation,82202.51,75,2026-06-22,2026-01-21T03:16:00
OPP000876,LED004009,Closed Lost,391734.58,0,2026-06-08,2025-12-26T01:10:00
OPP000877,LED000145,Closed Won,698323.01,100,2026-05-24,2025-08-31T08:38:00
OPP000878,LED004123,Negotiation,1317625.72,75,2026-05-22,2025-07-24T04:09:00
OPP000879,LED005894,Prospecting,3690318.51,10,2026-08-12,2025-07-23T02:34:00
OPP000880,LED002881,Prospecting,1717560.81,10,2026-10-17,2025-05-23T07:22:00
OPP000881,LED004921,Closed Won,3001295.09,100,2026-10-20,2025-11-01T00:57:00
OPP000882,LED005105,Negotiation,3767992.28,75,2026-05-23,2025-08-20T14:43:00
OPP000883,LED005227,Prospecting,22786.86,10,2026-07-05,2025-12-04T22:12:00
OPP000884,LED004516,Prospecting,3279234.98,10,2026-10-21,2025-07-19T17:29:00
OPP000885,LED005383,Qualification,4836401.27,25,2026-07-22,2025-05-22T08:02:00
OPP000886,LED005211,Closed Lost,1949575.78,0,2026-08-02,2025-12-25T18:12:00
OPP000887,LED002545,Negotiation,940488.32,75,2026-06-19,2025-01-29T15:21:00
OPP000888,LED005233,Closed Won,4454458.64,100,2026-06-18,2025-06-03T00:44:00
OPP000889,LED003221,Prospecting,657640.65,10,2026-08-06,2025-09-15T14:58:00
OPP000890,LED000947,Closed Won,4212774.47,100,2026-06-27,2025-01-02T09:25:00
OPP000891,LED005877,Prospecting,194712.6,10,2026-09-21,2026-02-16T05:14:00
OPP000892,LED005092,Negotiation,27760.51,75,2026-06-29,2026-04-04T05:56:00
OPP000893,LED005499,Closed Won,2269860.21,100,2026-10-21,2026-02-27T04:35:00
OPP000894,LED001451,Negotiation,3921193.22,75,2026-10-07,2025-11-25T11:09:00
OPP000895,LED005697,Proposal,2271604.81,50,2026-09-30,2025-12-22T02:24:00
OPP000896,LED000668,Closed Won,3098773.74,100,2026-09-30,2026-03-13T02:00:00
OPP000897,LED001912,Qualification,1052025.88,25,2026-10-02,2025-01-11T06:59:00
OPP000898,LED004317,Prospecting,2481703.21,10,2026-06-29,2025-01-26T11:30:00
OPP000899,LED003461,Closed Lost,3150917.26,0,2026-10-13,2025-11-25T07:09:00
OPP000900,LED000070,Qualification,2597309.38,25,2026-09-11,2025-02-21T22:44:00
OPP000901,LED000189,Closed Lost,2454505.19,0,2026-05-26,2026-03-27T11:59:00
OPP000902,LED000344,Negotiation,212265.9,75,2026-06-28,2025-09-10T06:09:00
OPP000903,LED000281,Prospecting,3434240.48,10,2026-05-21,2025-12-20T10:34:00
OPP000904,LED000916,Closed Won,4954359.26,100,2026-05-15,2025-11-16T06:36:00
OPP000905,LED000743,Negotiation,1616624.94,75,2026-05-30,2025-04-18T09:35:00
OPP000906,LED004138,Negotiation,2099052.32,75,2026-07-24,2025-09-06T06:25:00
OPP000907,LED002601,Prospecting,2168695.46,10,2026-09-14,2025-08-26T16:20:00
OPP000908,LED004198,Prospecting,107897.13,10,2026-07-23,2025-01-18T11:34:00
OPP000909,LED004555,Prospecting,2950215.07,10,2026-05-23,2026-01-01T15:19:00
OPP000910,LED003663,Closed Won,1130031.6,100,2026-06-07,2026-01-26T11:09:00
OPP000911,LED000906,Closed Won,2190581.95,100,2026-10-08,2026-03-24T19:35:00
OPP000912,LED004161,Proposal,2892786.61,50,2026-10-11,2026-01-17T22:34:00
OPP000913,LED003651,Proposal,2467855.72,50,2026-09-13,2026-04-22T09:31:00
OPP000914,LED002772,Proposal,2134229.51,50,2026-05-16,2025-05-19T02:49:00
OPP000915,LED005231,Prospecting,602463.1,10,2026-08-27,2025-06-15T01:50:00
OPP000916,LED001818,Negotiation,2064344.39,75,2026-05-12,2025-09-30T01:23:00
OPP000917,LED002812,Negotiation,696851.44,75,2026-10-16,2025-10-29T08:16:00
OPP000918,LED000662,Negotiation,2349777.27,75,2026-05-02,2025-11-26T11:24:00
OPP000919,LED000659,Closed Lost,144340.1,0,2026-06-18,2025-02-08T15:19:00
OPP000920,LED003372,Negotiation,3013837.4,75,2026-07-09,2026-03-06T07:37:00
OPP000921,LED002566,Closed Won,3536586.05,100,2026-08-11,2025-09-13T05:29:00
OPP000922,LED005800,Closed Won,3050288.19,100,2026-06-07,2025-03-19T05:47:00
OPP000923,LED002265,Proposal,3177817.15,50,2026-08-11,2026-01-21T03:30:00
OPP000924,LED005303,Closed Won,1994557.3,100,2026-09-09,2025-04-11T07:57:00
OPP000925,LED005472,Negotiation,4403337.43,75,2026-06-17,2025-06-04T15:30:00
OPP000926,LED000706,Proposal,4834775.93,50,2026-06-30,2026-03-03T05:33:00
OPP000927,LED000501,Proposal,3417577.99,50,2026-05-04,2025-07-14T10:13:00
OPP000928,LED000846,Qualification,1694974.39,25,2026-05-04,2026-04-17T14:03:00
OPP000929,LED003127,Qualification,103798.45,25,2026-10-03,2025-03-16T18:34:00
OPP000930,LED002237,Closed Won,4641474.97,100,2026-08-15,2025-01-05T14:30:00
OPP000931,LED004116,Proposal,4569320.81,50,2026-10-11,2025-06-06T16:01:00
OPP000932,LED001326,Proposal,3770354.39,50,2026-10-09,2025-05-26T06:56:00
OPP000933,LED004636,Negotiation,4117551.48,75,2026-09-14,2025-03-20T08:28:00
OPP000934,LED001733,Negotiation,2144485.22,75,2026-09-11,2025-07-06T14:32:00
OPP000935,LED003727,Qualification,491172.57,25,2026-06-06,2025-10-09T08:15:00
OPP000936,LED000499,Proposal,2252059.76,50,2026-06-01,2025-09-12T12:51:00
OPP000937,LED001830,Prospecting,1303446.12,10,2026-10-13,2026-02-18T01:10:00
OPP000938,LED005205,Qualification,3035263.19,25,2026-09-15,2025-01-21T10:47:00
OPP000939,LED000343,Closed Lost,315372.17,0,2026-08-21,2025-03-03T02:52:00
OPP000940,LED001564,Closed Won,3061194.88,100,2026-06-22,2025-07-24T10:44:00
OPP000941,LED000129,Negotiation,2740191.44,75,2026-08-25,2025-10-04T14:58:00
OPP000942,LED000034,Negotiation,971164.27,75,2026-07-28,2025-02-20T15:26:00
OPP000943,LED001603,Qualification,3052282.57,25,2026-06-27,2026-04-23T19:49:00
OPP000944,LED000211,Qualification,1796458.29,25,2026-09-19,2025-07-10T18:50:00
OPP000945,LED001277,Negotiation,746546.57,75,2026-07-06,2025-09-27T20:18:00
OPP000946,LED002621,Closed Won,3962605.62,100,2026-10-09,2025-11-24T18:02:00
OPP000947,LED004313,Qualification,1676584.11,25,2026-06-09,2025-05-23T02:56:00
OPP000948,LED004333,Prospecting,1857208.18,10,2026-07-03,2026-01-20T07:33:00
OPP000949,LED002437,Qualification,4964232.97,25,2026-08-27,2025-09-27T16:45:00
OPP000950,LED005603,Qualification,982821.01,25,2026-08-13,2025-12-05T21:06:00
OPP000951,LED005198,Qualification,2630660.1,25,2026-07-19,2025-06-06T17:27:00
OPP000952,LED003440,Prospecting,4133673.74,10,2026-06-27,2026-03-23T23:56:00
OPP000953,LED002282,Closed Lost,2856960.75,0,2026-05-28,2025-04-08T23:06:00
OPP000954,LED003313,Prospecting,3201561.34,10,2026-06-26,2026-03-23T18:23:00
OPP000955,LED001329,Closed Lost,3764687.08,0,2026-06-07,2026-04-10T05:32:00
OPP000956,LED000680,Proposal,4152097.14,50,2026-06-08,2025-01-15T05:21:00
OPP000957,LED004319,Proposal,4630366.85,50,2026-07-30,2025-05-23T23:45:00
OPP000958,LED000456,Qualification,4196297.48,25,2026-05-21,2025-07-07T09:08:00
OPP000959,LED005963,Negotiation,2248505.62,75,2026-07-21,2025-04-02T03:53:00
OPP000960,LED004534,Qualification,3319515.26,25,2026-10-07,2026-03-30T15:52:00
OPP000961,LED000914,Negotiation,4875993.04,75,2026-06-29,2025-06-16T12:43:00
OPP000962,LED000073,Negotiation,4112755.29,75,2026-07-28,2026-03-18T14:22:00
OPP000963,LED000462,Closed Lost,2499378.8,0,2026-09-05,2025-10-30T00:10:00
OPP000964,LED005451,Closed Lost,3159572.77,0,2026-09-09,2026-02-07T13:13:00
OPP000965,LED000108,Negotiation,1988056.84,75,2026-10-20,2026-03-25T09:54:00
OPP000966,LED003230,Closed Lost,1250937.36,0,2026-08-31,2025-06-07T04:35:00
OPP000967,LED001365,Qualification,4971297.44,25,2026-07-14,2026-01-23T06:23:00
OPP000968,LED005604,Closed Won,1690461.73,100,2026-09-27,2025-06-06T08:18:00
OPP000969,LED003967,Negotiation,2558985.26,75,2026-08-27,2025-07-24T16:18:00
OPP000970,LED004165,Closed Won,4070819.0,100,2026-05-10,2025-03-09T04:26:00
OPP000971,LED002072,Proposal,2374066.98,50,2026-05-26,2025-08-16T15:54:00
OPP000972,LED003491,Closed Won,156128.37,100,2026-08-27,2026-04-20T04:04:00
OPP000973,LED005816,Prospecting,777682.72,10,2026-08-08,2026-01-14T10:09:00
OPP000974,LED004044,Proposal,1466607.64,50,2026-06-14,2025-09-22T23:01:00
OPP000975,LED001756,Closed Lost,3818976.71,0,2026-10-06,2025-12-01T18:23:00
OPP000976,LED004707,Negotiation,2654465.13,75,2026-08-31,2025-05-11T11:45:00
OPP000977,LED002878,Proposal,3966200.11,50,2026-09-23,2026-02-26T09:30:00
OPP000978,LED000159,Qualification,2105831.78,25,2026-05-28,2025-08-28T16:17:00
OPP000979,LED002268,Proposal,4584854.88,50,2026-06-08,2025-05-09T12:26:00
OPP000980,LED003343,Negotiation,907114.55,75,2026-05-10,2025-04-08T15:19:00
OPP000981,LED003510,Negotiation,3773157.61,75,2026-09-27,2025-12-12T07:30:00
OPP000982,LED001905,Closed Won,4996843.59,100,2026-10-18,2025-03-03T00:04:00
OPP000983,LED003160,Proposal,923951.99,50,2026-07-18,2025-11-30T21:27:00
OPP000984,LED005469,Proposal,2314654.56,50,2026-07-20,2026-02-05T10:58:00
OPP000985,LED002458,Negotiation,4471557.82,75,2026-06-02,2026-02-25T00:41:00
OPP000986,LED001006,Proposal,4601220.02,50,2026-08-29,2025-03-07T00:10:00
OPP000987,LED002635,Qualification,2465092.79,25,2026-10-22,2025-05-16T22:08:00
OPP000988,LED002771,Prospecting,4680058.23,10,2026-10-16,2025-05-14T18:47:00
OPP000989,LED000050,Qualification,2425664.32,25,2026-05-23,2025-10-10T13:03:00
OPP000990,LED001069,Negotiation,1361610.31,75,2026-06-07,2025-03-20T12:53:00
OPP000991,LED000533,Negotiation,1398666.92,75,2026-05-18,2025-06-15T14:39:00
OPP000992,LED003577,Proposal,771587.61,50,2026-10-20,2025-03-19T01:46:00
OPP000993,LED000946,Proposal,3567487.58,50,2026-07-25,2026-03-16T16:36:00
OPP000994,LED005031,Prospecting,1091508.27,10,2026-08-06,2026-02-14T23:46:00
OPP000995,LED001066,Proposal,1783826.72,50,2026-10-28,2026-02-19T06:55:00
OPP000996,LED003475,Closed Lost,1431883.86,0,2026-06-24,2025-12-19T17:50:00
OPP000997,LED004803,Qualification,2091758.64,25,2026-08-07,2025-03-13T09:00:00
OPP000998,LED003284,Proposal,2073310.26,50,2026-09-07,2026-02-09T13:38:00
OPP000999,LED001296,Negotiation,692197.17,75,2026-07-06,2026-04-01T03:05:00
OPP001000,LED003062,Closed Won,2570212.52,100,2026-10-04,2026-03-05T09:10:00
OPP001001,LED002726,Closed Won,64515.55,100,2026-06-04,2025-02-02T12:53:00
OPP001002,LED005099,Qualification,3635891.15,25,2026-05-18,2026-04-21T18:53:00
OPP001003,LED001792,Qualification,2352971.61,25,2026-08-04,2025-07-26T12:07:00
OPP001004,LED001399,Negotiation,1001180.42,75,2026-06-27,2025-11-20T22:49:00
OPP001005,LED001607,Proposal,4982409.51,50,2026-08-08,2026-04-09T02:36:00
OPP001006,LED000612,Negotiation,152484.02,75,2026-07-20,2026-04-04T15:33:00
OPP001007,LED001892,Closed Won,1487391.42,100,2026-10-05,2026-03-08T19:36:00
OPP001008,LED004621,Prospecting,1226086.47,10,2026-06-16,2025-03-16T00:48:00
OPP001009,LED004304,Prospecting,2810090.84,10,2026-08-14,2025-06-10T04:21:00
OPP001010,LED003996,Qualification,559198.61,25,2026-09-14,2025-07-27T09:00:00
OPP001011,LED005442,Qualification,4561773.81,25,2026-08-11,2025-11-01T22:37:00
OPP001012,LED002987,Closed Won,1658694.92,100,2026-09-02,2025-11-03T12:15:00
OPP001013,LED002369,Proposal,1416341.24,50,2026-06-23,2025-04-26T20:46:00
OPP001014,LED001631,Prospecting,2520218.44,10,2026-10-13,2025-07-11T02:55:00
OPP001015,LED002875,Qualification,1408983.79,25,2026-09-18,2025-11-07T13:45:00
OPP001016,LED004419,Qualification,3574773.63,25,2026-10-07,2025-06-03T19:43:00
OPP001017,LED000006,Prospecting,3880039.51,10,2026-06-14,2025-12-18T02:58:00
OPP001018,LED003641,Proposal,325861.31,50,2026-10-18,2026-01-09T00:09:00
OPP001019,LED005143,Proposal,1634439.27,50,2026-08-17,2025-10-27T21:00:00
OPP001020,LED004541,Qualification,3533224.28,25,2026-06-09,2025-01-17T17:02:00
OPP001021,LED005727,Prospecting,574029.75,10,2026-09-07,2026-02-15T17:08:00
OPP001022,LED000974,Qualification,3955060.08,25,2026-09-25,2026-01-03T23:32:00
OPP001023,LED002327,Prospecting,2446958.35,10,2026-06-19,2025-07-08T21:24:00
OPP001024,LED004955,Proposal,4089693.62,50,2026-05-05,2025-09-26T19:07:00
OPP001025,LED002590,Closed Lost,2421492.37,0,2026-06-05,2026-03-14T03:13:00
OPP001026,LED004586,Closed Lost,2879224.39,0,2026-06-07,2025-10-24T11:37:00
OPP001027,LED000036,Prospecting,4796437.17,10,2026-08-07,2025-11-12T01:51:00
OPP001028,LED001006,Proposal,3120978.64,50,2026-08-04,2025-04-09T12:24:00
OPP001029,LED003136,Closed Lost,2883222.59,0,2026-08-16,2025-05-01T07:04:00
OPP001030,LED001599,Negotiation,2579900.36,75,2026-08-18,2025-07-23T10:40:00
OPP001031,LED004409,Qualification,2694041.93,25,2026-08-12,2025-11-21T04:14:00
OPP001032,LED004404,Closed Lost,3668986.39,0,2026-07-13,2025-09-16T17:34:00
OPP001033,LED004055,Proposal,134263.43,50,2026-09-05,2026-03-26T09:44:00
OPP001034,LED000226,Negotiation,2414582.34,75,2026-05-13,2025-08-27T16:05:00
OPP001035,LED003412,Proposal,2870981.02,50,2026-08-09,2025-03-30T12:11:00
OPP001036,LED003523,Prospecting,1343804.43,10,2026-10-24,2026-02-22T17:56:00
OPP001037,LED000779,Proposal,1579202.33,50,2026-05-31,2025-11-14T17:02:00
OPP001038,LED000018,Closed Lost,3334969.52,0,2026-06-29,2025-03-01T11:14:00
OPP001039,LED001391,Qualification,2413857.27,25,2026-10-24,2026-02-08T20:14:00
OPP001040,LED003589,Qualification,2913478.98,25,2026-08-07,2025-02-25T07:57:00
OPP001041,LED005692,Negotiation,4132461.87,75,2026-10-01,2026-02-15T17:10:00
OPP001042,LED000728,Prospecting,266014.94,10,2026-05-17,2025-01-20T10:01:00
OPP001043,LED004113,Negotiation,4679359.14,75,2026-09-21,2025-11-24T15:11:00
OPP001044,LED004502,Closed Won,1231237.32,100,2026-05-07,2025-10-02T12:48:00
OPP001045,LED002753,Closed Won,326674.41,100,2026-09-22,2025-12-22T11:21:00
OPP001046,LED005220,Qualification,4316754.79,25,2026-10-15,2025-03-23T05:10:00
OPP001047,LED003171,Negotiation,3356506.18,75,2026-06-20,2025-08-20T15:47:00
OPP001048,LED005405,Prospecting,2593964.17,10,2026-10-20,2025-03-20T15:13:00
OPP001049,LED000357,Closed Won,1105725.35,100,2026-06-18,2025-10-19T08:35:00
OPP001050,LED002569,Closed Won,3337149.47,100,2026-10-24,2025-09-11T17:01:00
OPP001051,LED001936,Proposal,3452035.61,50,2026-09-20,2025-04-24T23:45:00
OPP001052,LED005067,Qualification,1929221.06,25,2026-09-26,2025-07-01T11:29:00
OPP001053,LED005903,Negotiation,3780024.26,75,2026-06-08,2025-08-06T09:48:00
OPP001054,LED002864,Prospecting,1194429.92,10,2026-05-16,2025-06-09T06:32:00
OPP001055,LED000805,Qualification,330076.81,25,2026-09-16,2025-11-23T21:32:00
OPP001056,LED001719,Negotiation,3678660.63,75,2026-05-25,2025-11-29T02:26:00
OPP001057,LED005774,Qualification,1632786.54,25,2026-10-04,2025-05-20T13:30:00
OPP001058,LED001059,Negotiation,1868096.26,75,2026-07-18,2025-02-24T00:30:00
OPP001059,LED000849,Closed Won,1168091.7,100,2026-08-30,2025-08-05T22:58:00
OPP001060,LED005034,Prospecting,507225.68,10,2026-05-26,2025-11-09T13:01:00
OPP001061,LED002922,Closed Won,107620.23,100,2026-05-28,2025-03-26T07:16:00
OPP001062,LED004566,Qualification,1212485.26,25,2026-07-19,2025-10-19T21:23:00
OPP001063,LED004302,Qualification,3196019.28,25,2026-05-15,2026-02-18T11:11:00
OPP001064,LED001743,Prospecting,4809732.7,10,2026-09-23,2025-01-29T05:14:00
OPP001065,LED003415,Closed Won,2762949.51,100,2026-05-02,2025-05-02T15:45:00
OPP001066,LED000686,Proposal,1416519.21,50,2026-09-14,2025-08-06T14:55:00
OPP001067,LED001440,Prospecting,4464478.67,10,2026-07-18,2025-03-18T00:35:00
OPP001068,LED000289,Prospecting,395705.21,10,2026-07-05,2025-12-15T15:48:00
OPP001069,LED003605,Prospecting,4275927.61,10,2026-06-12,2025-09-08T21:52:00
OPP001070,LED003056,Closed Lost,2419968.86,0,2026-08-03,2026-01-05T17:13:00
OPP001071,LED000527,Qualification,1137827.3,25,2026-07-28,2026-02-28T23:46:00
OPP001072,LED002227,Closed Lost,426406.08,0,2026-05-15,2025-02-07T15:32:00
OPP001073,LED000786,Qualification,868919.18,25,2026-08-25,2026-02-14T22:42:00
OPP001074,LED003267,Closed Lost,4970846.79,0,2026-05-02,2026-03-19T03:53:00
OPP001075,LED001312,Proposal,4398808.48,50,2026-10-21,2026-01-11T19:36:00
OPP001076,LED005822,Negotiation,2630781.89,75,2026-08-04,2025-01-20T01:22:00
OPP001077,LED001628,Qualification,3899381.33,25,2026-08-01,2025-06-19T07:02:00
OPP001078,LED004286,Negotiation,797885.94,75,2026-07-20,2025-10-10T09:47:00
OPP001079,LED003987,Qualification,2289558.14,25,2026-08-28,2025-06-14T04:41:00
OPP001080,LED002005,Closed Won,2462173.85,100,2026-05-30,2025-09-17T08:06:00
OPP001081,LED004532,Negotiation,4249278.76,75,2026-06-13,2025-12-04T09:07:00
OPP001082,LED002004,Qualification,2254044.53,25,2026-09-30,2026-03-29T05:56:00
OPP001083,LED003109,Prospecting,4495655.87,10,2026-06-14,2025-03-15T03:05:00
OPP001084,LED001626,Prospecting,4225344.32,10,2026-07-26,2025-12-17T05:25:00
OPP001085,LED005765,Qualification,4542896.72,25,2026-07-12,2025-03-09T11:52:00
OPP001086,LED002577,Prospecting,4959274.64,10,2026-05-27,2026-01-25T02:38:00
OPP001087,LED003683,Negotiation,4150939.0,75,2026-06-15,2025-03-23T12:20:00
OPP001088,LED003333,Prospecting,4990610.52,10,2026-09-02,2025-02-13T16:23:00
OPP001089,LED003344,Prospecting,4009511.52,10,2026-05-29,2025-12-03T18:56:00
OPP001090,LED000315,Prospecting,1234349.12,10,2026-06-05,2026-01-21T09:54:00
OPP001091,LED002306,Prospecting,4524424.41,10,2026-09-22,2025-03-17T16:19:00
OPP001092,LED000723,Prospecting,2899715.43,10,2026-09-02,2026-03-25T14:30:00
OPP001093,LED005505,Negotiation,1502913.7,75,2026-06-07,2026-01-31T04:10:00
OPP001094,LED000922,Negotiation,2516730.78,75,2026-06-09,2025-02-19T03:32:00
OPP001095,LED000419,Proposal,4823955.49,50,2026-05-03,2025-06-14T13:29:00
OPP001096,LED005346,Closed Won,3201692.15,100,2026-07-20,2026-03-31T08:49:00
OPP001097,LED001001,Closed Lost,4167905.25,0,2026-07-04,2025-08-30T15:45:00
OPP001098,LED000736,Proposal,2585221.99,50,2026-06-13,2026-03-01T00:14:00
OPP001099,LED001566,Qualification,2709852.12,25,2026-08-20,2025-05-01T00:48:00
OPP001100,LED004187,Closed Lost,3223422.76,0,2026-07-31,2026-04-05T08:21:00
OPP001101,LED002223,Closed Lost,2748434.29,0,2026-06-09,2025-11-20T04:01:00
OPP001102,LED001640,Proposal,1515657.95,50,2026-06-26,2025-02-28T10:54:00
OPP001103,LED003741,Negotiation,3746313.21,75,2026-07-14,2025-08-27T18:35:00
OPP001104,LED003163,Proposal,4199300.1,50,2026-06-17,2025-05-26T23:54:00
OPP001105,LED001084,Closed Won,685311.99,100,2026-07-26,2026-04-25T14:58:00
OPP001106,LED005997,Closed Won,2563377.5,100,2026-05-23,2026-03-27T05:57:00
OPP001107,LED005076,Qualification,4640756.67,25,2026-09-13,2025-10-18T19:47:00
OPP001108,LED001515,Prospecting,2073866.01,10,2026-05-11,2025-04-23T13:15:00
OPP001109,LED004792,Closed Lost,3295260.79,0,2026-07-22,2026-03-14T14:27:00
OPP001110,LED005140,Negotiation,612533.64,75,2026-10-11,2025-09-16T01:22:00
OPP001111,LED001731,Closed Won,4220884.73,100,2026-05-25,2025-09-18T15:17:00
OPP001112,LED002911,Negotiation,2567108.58,75,2026-08-26,2025-06-15T07:27:00
OPP001113,LED004171,Closed Lost,239649.24,0,2026-05-12,2025-11-18T16:23:00
OPP001114,LED003915,Proposal,724711.0,50,2026-08-09,2025-06-16T00:53:00
OPP001115,LED001735,Closed Won,4271551.79,100,2026-09-03,2026-02-13T18:25:00
OPP001116,LED005458,Proposal,4397749.22,50,2026-09-25,2025-02-05T11:02:00
OPP001117,LED000794,Negotiation,1998768.02,75,2026-07-08,2025-01-27T05:53:00
OPP001118,LED001579,Prospecting,3170039.16,10,2026-09-17,2025-09-06T13:00:00
OPP001119,LED001800,Qualification,688576.83,25,2026-07-08,2026-02-07T05:10:00
OPP001120,LED005613,Qualification,282173.68,25,2026-10-04,2025-03-14T21:44:00
OPP001121,LED002892,Closed Won,230411.38,100,2026-09-23,2026-01-29T13:47:00
OPP001122,LED002696,Qualification,1670759.76,25,2026-08-13,2025-05-18T04:11:00
OPP001123,LED004298,Proposal,4545105.91,50,2026-09-12,2025-04-18T19:26:00
OPP001124,LED002242,Proposal,733834.06,50,2026-08-05,2025-12-10T14:37:00
OPP001125,LED004747,Qualification,3446502.4,25,2026-09-30,2025-10-31T22:33:00
OPP001126,LED000440,Qualification,2385771.17,25,2026-05-20,2025-12-15T07:50:00
OPP001127,LED004457,Qualification,922309.41,25,2026-07-13,2025-04-07T19:00:00
OPP001128,LED001223,Prospecting,1659053.95,10,2026-05-15,2025-05-19T20:06:00
OPP001129,LED001966,Qualification,2435225.06,25,2026-09-29,2025-10-03T19:54:00
OPP001130,LED004434,Qualification,2453585.56,25,2026-07-04,2025-06-06T01:07:00
OPP001131,LED003670,Negotiation,1779900.79,75,2026-05-01,2025-01-23T17:18:00
OPP001132,LED001778,Prospecting,3497808.52,10,2026-08-31,2025-08-22T02:45:00
OPP001133,LED001774,Prospecting,4883878.23,10,2026-09-29,2025-04-20T14:06:00
OPP001134,LED004115,Prospecting,2282339.11,10,2026-09-14,2025-04-07T11:08:00
OPP001135,LED001017,Closed Won,1747416.26,100,2026-08-16,2025-12-31T22:09:00
OPP001136,LED004124,Proposal,1831034.56,50,2026-08-19,2025-01-02T02:42:00
OPP001137,LED005009,Closed Won,2693939.01,100,2026-06-02,2025-09-19T15:46:00
OPP001138,LED001847,Proposal,3628848.28,50,2026-08-16,2025-11-03T10:51:00
OPP001139,LED004761,Prospecting,1632745.94,10,2026-08-28,2025-12-11T00:41:00
OPP001140,LED004095,Closed Won,1725381.88,100,2026-09-20,2025-07-27T12:53:00
OPP001141,LED004820,Proposal,2519208.03,50,2026-07-19,2025-10-08T03:27:00
OPP001142,LED002709,Prospecting,1131216.48,10,2026-05-23,2026-01-09T00:31:00
OPP001143,LED005904,Qualification,2663180.92,25,2026-09-27,2025-09-12T16:28:00
OPP001144,LED004059,Closed Won,1040521.95,100,2026-10-07,2026-04-08T06:42:00
OPP001145,LED000965,Qualification,3963073.01,25,2026-05-06,2025-04-30T12:52:00
OPP001146,LED005136,Negotiation,1122027.88,75,2026-10-18,2026-01-21T10:26:00
OPP001147,LED001849,Negotiation,2506728.84,75,2026-09-26,2025-11-10T04:07:00
OPP001148,LED003815,Proposal,1604517.94,50,2026-05-04,2026-04-01T20:36:00
OPP001149,LED005439,Qualification,4574746.49,25,2026-09-08,2025-10-23T14:35:00
OPP001150,LED001227,Negotiation,3337278.42,75,2026-09-09,2025-06-25T18:40:00
OPP001151,LED002415,Negotiation,1897054.12,75,2026-09-01,2025-05-30T21:12:00
OPP001152,LED001770,Qualification,4824618.39,25,2026-08-18,2026-04-25T14:01:00
OPP001153,LED005827,Prospecting,2901322.9,10,2026-08-29,2025-02-02T02:21:00
OPP001154,LED002568,Prospecting,104386.13,10,2026-05-06,2025-08-14T08:06:00
OPP001155,LED005481,Proposal,2657256.53,50,2026-10-25,2025-08-16T00:31:00
OPP001156,LED000728,Negotiation,2095363.05,75,2026-10-04,2025-04-16T08:45:00
OPP001157,LED004326,Proposal,3159094.41,50,2026-10-18,2025-06-03T19:41:00
OPP001158,LED005345,Negotiation,475092.17,75,2026-07-15,2026-04-10T03:28:00
OPP001159,LED001180,Negotiation,4456919.85,75,2026-07-30,2026-03-21T07:25:00
OPP001160,LED003206,Negotiation,1237200.79,75,2026-10-13,2026-03-08T01:28:00
OPP001161,LED001365,Qualification,340426.34,25,2026-10-25,2026-03-26T12:35:00
OPP001162,LED004383,Closed Lost,63301.06,0,2026-08-20,2026-04-11T15:58:00
OPP001163,LED002236,Closed Won,4462298.01,100,2026-05-14,2025-05-18T03:12:00
OPP001164,LED000540,Closed Won,3646862.6,100,2026-10-07,2025-05-30T19:40:00
OPP001165,LED000680,Qualification,3482585.57,25,2026-07-08,2025-03-08T00:19:00
OPP001166,LED003207,Prospecting,4312921.39,10,2026-09-23,2025-10-31T02:18:00
OPP001167,LED003020,Negotiation,2504023.48,75,2026-08-08,2025-09-08T08:54:00
OPP001168,LED001860,Closed Lost,93015.77,0,2026-09-21,2025-05-12T14:13:00
OPP001169,LED002765,Negotiation,3301555.26,75,2026-05-13,2025-12-08T07:49:00
OPP001170,LED001120,Negotiation,4629605.91,75,2026-09-04,2025-06-27T02:50:00
OPP001171,LED001777,Prospecting,4537133.38,10,2026-06-02,2026-01-06T17:38:00
OPP001172,LED000721,Closed Won,4233299.46,100,2026-06-13,2026-04-27T06:23:00
OPP001173,LED002227,Closed Won,4233676.94,100,2026-07-05,2025-05-11T15:56:00
OPP001174,LED004258,Proposal,1910403.26,50,2026-07-21,2025-07-17T07:04:00
OPP001175,LED003196,Prospecting,3485675.81,10,2026-06-04,2025-06-09T18:57:00
OPP001176,LED005435,Prospecting,3867982.12,10,2026-07-16,2025-11-19T05:29:00
OPP001177,LED004941,Prospecting,1655167.41,10,2026-06-09,2025-05-26T00:11:00
OPP001178,LED003022,Qualification,212632.63,25,2026-10-17,2025-05-31T14:11:00
OPP001179,LED004349,Closed Lost,1007742.48,0,2026-08-07,2025-12-19T17:53:00
OPP001180,LED004407,Proposal,556850.77,50,2026-07-15,2025-02-10T20:27:00
OPP001181,LED000101,Proposal,208388.67,50,2026-07-04,2025-08-29T08:25:00
OPP001182,LED000383,Negotiation,4487847.17,75,2026-08-27,2025-09-22T07:54:00
OPP001183,LED002510,Qualification,3743147.26,25,2026-09-05,2026-04-27T10:29:00
OPP001184,LED003156,Proposal,1717737.29,50,2026-06-22,2025-04-27T10:27:00
OPP001185,LED004735,Proposal,513299.48,50,2026-05-27,2025-12-23T15:30:00
OPP001186,LED000410,Qualification,2146261.68,25,2026-05-29,2025-09-19T20:52:00
OPP001187,LED002580,Negotiation,1928936.08,75,2026-08-04,2026-01-10T12:31:00
OPP001188,LED001914,Closed Lost,2514660.59,0,2026-06-07,2026-01-31T12:47:00
OPP001189,LED003094,Closed Won,152902.63,100,2026-05-28,2025-01-30T04:57:00
OPP001190,LED001032,Proposal,191476.41,50,2026-05-25,2026-04-26T17:16:00
OPP001191,LED004255,Qualification,3106788.54,25,2026-09-03,2025-11-13T07:00:00
OPP001192,LED000163,Negotiation,2959820.15,75,2026-08-18,2026-03-14T14:03:00
OPP001193,LED001461,Closed Won,2624930.64,100,2026-08-07,2025-07-24T06:35:00
OPP001194,LED000692,Closed Lost,2905538.25,0,2026-06-20,2025-07-08T01:24:00
OPP001195,LED000537,Qualification,1444767.29,25,2026-09-21,2025-06-13T07:34:00
OPP001196,LED005708,Closed Lost,1846102.2,0,2026-05-05,2025-08-02T18:15:00
OPP001197,LED000756,Qualification,2400183.23,25,2026-05-09,2026-02-03T05:17:00
OPP001198,LED001516,Qualification,184899.23,25,2026-05-08,2025-01-12T16:44:00
OPP001199,LED004501,Closed Won,3211471.69,100,2026-05-25,2025-06-22T16:37:00
OPP001200,LED004320,Qualification,4559818.94,25,2026-10-27,2026-03-25T08:15:00
OPP001201,LED004806,Closed Won,4701554.24,100,2026-09-15,2025-07-20T08:19:00
OPP001202,LED004668,Closed Lost,4310890.62,0,2026-09-18,2025-03-29T17:53:00
OPP001203,LED003629,Proposal,551922.04,50,2026-09-18,2026-04-11T04:26:00
OPP001204,LED001827,Qualification,1613965.78,25,2026-05-10,2025-10-02T23:50:00
OPP001205,LED003010,Qualification,2688842.49,25,2026-09-30,2025-11-03T11:54:00
OPP001206,LED001316,Qualification,3561688.22,25,2026-09-21,2025-09-15T02:57:00
OPP001207,LED001400,Closed Lost,3968787.72,0,2026-05-13,2025-05-04T19:48:00
OPP001208,LED004716,Proposal,3456857.64,50,2026-09-04,2025-06-09T02:53:00
OPP001209,LED000733,Closed Won,2964277.8,100,2026-09-19,2025-08-18T14:25:00
OPP001210,LED000204,Negotiation,2252230.48,75,2026-09-27,2025-12-05T22:27:00
OPP001211,LED000277,Prospecting,3401208.77,10,2026-06-27,2025-06-12T10:45:00
OPP001212,LED000242,Proposal,2881211.48,50,2026-10-09,2025-04-03T20:58:00
OPP001213,LED005941,Proposal,1358253.89,50,2026-06-04,2025-05-16T05:08:00
OPP001214,LED000899,Negotiation,3384672.74,75,2026-05-19,2025-06-03T01:36:00
OPP001215,LED005048,Proposal,806757.38,50,2026-07-29,2026-01-22T13:10:00
OPP001216,LED002308,Closed Lost,4271580.26,0,2026-10-27,2025-01-13T10:53:00
OPP001217,LED005437,Closed Won,1941308.27,100,2026-06-08,2025-04-24T16:10:00
OPP001218,LED004946,Proposal,2307258.85,50,2026-05-14,2025-12-30T01:32:00
OPP001219,LED002537,Qualification,3038101.12,25,2026-07-11,2026-01-30T08:38:00
OPP001220,LED002687,Proposal,2616864.74,50,2026-07-29,2025-04-21T20:31:00
OPP001221,LED003774,Closed Lost,2900555.1,0,2026-07-13,2025-11-24T14:48:00
OPP001222,LED000345,Prospecting,240001.03,10,2026-05-29,2025-08-28T12:16:00
OPP001223,LED005962,Qualification,735492.66,25,2026-10-09,2025-10-06T18:53:00
OPP001224,LED000546,Closed Lost,2863832.75,0,2026-08-03,2025-01-26T15:42:00
OPP001225,LED000699,Qualification,3517486.09,25,2026-07-17,2025-06-12T19:19:00
OPP001226,LED005608,Closed Lost,243117.06,0,2026-10-26,2025-10-25T01:38:00
OPP001227,LED004935,Closed Won,4275044.6,100,2026-08-07,2025-05-25T16:52:00
OPP001228,LED000202,Prospecting,1079495.32,10,2026-09-27,2025-02-13T03:26:00
OPP001229,LED001048,Proposal,4404241.03,50,2026-06-16,2026-02-16T04:15:00
OPP001230,LED005181,Proposal,2561591.73,50,2026-06-09,2025-11-08T20:38:00
OPP001231,LED004239,Negotiation,1461971.8,75,2026-07-31,2025-08-08T05:38:00
OPP001232,LED004625,Closed Lost,266077.51,0,2026-08-31,2025-05-30T03:50:00
OPP001233,LED003532,Proposal,4055904.84,50,2026-08-02,2026-04-11T20:57:00
OPP001234,LED000694,Proposal,2678486.95,50,2026-05-19,2025-03-28T07:13:00
OPP001235,LED002856,Negotiation,3065391.14,75,2026-06-16,2025-09-24T16:15:00
OPP001236,LED000415,Closed Won,4917357.4,100,2026-06-10,2026-04-18T10:22:00
OPP001237,LED000760,Prospecting,3646828.02,10,2026-08-13,2026-01-01T21:13:00
OPP001238,LED005978,Negotiation,2773760.37,75,2026-10-15,2025-07-17T04:49:00
OPP001239,LED003177,Negotiation,384248.7,75,2026-05-28,2025-08-11T01:50:00
OPP001240,LED002565,Negotiation,4719818.11,75,2026-07-06,2025-08-28T01:47:00
OPP001241,LED000888,Closed Lost,4156733.03,0,2026-05-20,2025-01-17T14:20:00
OPP001242,LED000993,Prospecting,4260833.56,10,2026-05-26,2025-01-09T19:29:00
OPP001243,LED003592,Closed Won,2593358.89,100,2026-06-11,2025-08-19T11:40:00
OPP001244,LED005638,Qualification,2141756.15,25,2026-06-25,2026-03-24T20:55:00
OPP001245,LED003916,Closed Lost,3508314.83,0,2026-10-20,2025-12-10T08:46:00
OPP001246,LED000232,Negotiation,2494729.94,75,2026-09-02,2025-01-25T17:51:00
OPP001247,LED002863,Negotiation,4156965.4,75,2026-10-03,2025-07-18T08:20:00
OPP001248,LED000709,Proposal,1169032.96,50,2026-09-10,2025-08-04T06:24:00
OPP001249,LED004133,Prospecting,502626.96,10,2026-08-30,2025-09-23T04:51:00
OPP001250,LED001548,Proposal,2232000.66,50,2026-10-16,2025-03-31T00:10:00
OPP001251,LED001462,Closed Won,481168.58,100,2026-07-28,2025-10-10T09:04:00
OPP001252,LED003690,Proposal,2983659.2,50,2026-06-20,2025-09-26T12:12:00
OPP001253,LED001502,Proposal,777542.31,50,2026-05-16,2026-01-28T20:20:00
OPP001254,LED003444,Proposal,3322982.13,50,2026-05-24,2025-12-16T00:08:00
OPP001255,LED004876,Prospecting,3904930.21,10,2026-06-10,2026-02-24T01:25:00
OPP001256,LED000592,Qualification,4537144.83,25,2026-06-24,2025-09-08T11:49:00
OPP001257,LED004180,Prospecting,98099.52,10,2026-10-03,2025-05-08T14:06:00
OPP001258,LED005628,Closed Won,4693954.37,100,2026-10-02,2025-08-10T01:50:00
OPP001259,LED003594,Closed Won,1836295.85,100,2026-05-31,2025-10-25T01:46:00
OPP001260,LED005502,Closed Lost,4850571.84,0,2026-06-27,2025-01-17T03:03:00
OPP001261,LED002628,Qualification,3448529.94,25,2026-09-08,2025-09-04T09:33:00
OPP001262,LED004959,Closed Won,187257.18,100,2026-08-28,2025-08-09T03:05:00
OPP001263,LED004729,Closed Won,4122288.97,100,2026-10-15,2025-12-02T20:13:00
OPP001264,LED000999,Prospecting,2381909.57,10,2026-07-14,2025-05-15T06:16:00
OPP001265,LED004911,Closed Won,902374.1,100,2026-09-18,2025-12-29T05:12:00
OPP001266,LED002544,Closed Won,3730491.13,100,2026-07-18,2025-10-27T02:37:00
OPP001267,LED002854,Proposal,2454760.29,50,2026-06-13,2025-06-24T09:09:00
OPP001268,LED003079,Closed Won,2074474.66,100,2026-10-12,2025-09-18T03:11:00
OPP001269,LED003147,Qualification,3224947.29,25,2026-06-01,2025-05-27T20:24:00
OPP001270,LED004387,Negotiation,998425.13,75,2026-06-07,2025-07-15T16:53:00
OPP001271,LED004569,Proposal,3776649.68,50,2026-07-07,2025-02-20T14:54:00
OPP001272,LED005747,Closed Won,2116981.86,100,2026-07-22,2026-02-11T01:03:00
OPP001273,LED005354,Closed Lost,3777158.46,0,2026-10-27,2025-12-07T15:39:00
OPP001274,LED001233,Closed Lost,4916071.49,0,2026-07-11,2025-03-18T13:04:00
OPP001275,LED002107,Qualification,3030730.97,25,2026-07-17,2025-05-21T12:43:00
OPP001276,LED004245,Prospecting,375586.35,10,2026-06-26,2026-02-28T15:06:00
OPP001277,LED004759,Closed Lost,691650.44,0,2026-05-10,2025-03-29T04:02:00
OPP001278,LED000156,Closed Won,196507.38,100,2026-06-08,2026-01-29T10:02:00
OPP001279,LED004543,Qualification,4661131.78,25,2026-09-14,2026-04-26T10:01:00
OPP001280,LED001913,Negotiation,302660.71,75,2026-09-18,2025-10-14T06:45:00
OPP001281,LED003362,Prospecting,3272486.91,10,2026-06-05,2025-07-18T01:13:00
OPP001282,LED000322,Closed Lost,2349745.55,0,2026-05-05,2026-02-07T00:02:00
OPP001283,LED004933,Qualification,2832839.69,25,2026-09-23,2025-02-10T17:05:00
OPP001284,LED002760,Proposal,2269121.44,50,2026-10-17,2025-11-09T11:03:00
OPP001285,LED004164,Qualification,3337802.38,25,2026-10-22,2025-11-14T16:00:00
OPP001286,LED004066,Closed Won,4512291.79,100,2026-08-05,2025-12-13T15:12:00
OPP001287,LED002281,Qualification,2712979.66,25,2026-08-28,2025-07-05T03:34:00
OPP001288,LED003121,Closed Lost,3680527.07,0,2026-10-10,2025-07-16T01:06:00
OPP001289,LED000178,Closed Won,2744839.36,100,2026-06-08,2025-03-14T17:09:00
OPP001290,LED005894,Closed Won,3360813.62,100,2026-06-18,2025-01-20T20:30:00
OPP001291,LED003303,Closed Lost,946739.08,0,2026-05-03,2025-07-12T03:09:00
OPP001292,LED002544,Proposal,2589295.15,50,2026-08-25,2025-01-13T15:28:00
OPP001293,LED004753,Prospecting,62217.45,10,2026-10-27,2025-02-24T08:10:00
OPP001294,LED003808,Qualification,50358.58,25,2026-08-10,2025-08-01T05:17:00
OPP001295,LED002601,Negotiation,3321159.42,75,2026-07-05,2025-12-24T20:37:00
OPP001296,LED003094,Negotiation,615874.6,75,2026-09-29,2025-12-08T19:29:00
OPP001297,LED004209,Closed Lost,2539881.55,0,2026-09-03,2025-06-14T08:32:00
OPP001298,LED005341,Proposal,2712058.29,50,2026-08-16,2025-08-12T02:57:00
OPP001299,LED000809,Proposal,4044300.85,50,2026-06-16,2026-03-08T09:07:00
OPP001300,LED005133,Qualification,486381.7,25,2026-05-20,2025-02-14T10:57:00
OPP001301,LED005471,Negotiation,290055.1,75,2026-06-08,2025-12-05T23:34:00
OPP001302,LED003212,Proposal,4416193.96,50,2026-08-13,2026-03-13T02:15:00
OPP001303,LED000062,Closed Lost,4599530.2,0,2026-08-22,2025-06-03T15:14:00
OPP001304,LED002671,Prospecting,2970894.48,10,2026-06-12,2026-02-06T11:16:00
OPP001305,LED003195,Qualification,4185702.99,25,2026-10-06,2025-11-02T09:40:00
OPP001306,LED005337,Closed Lost,709038.15,0,2026-06-05,2025-03-15T22:44:00
OPP001307,LED005005,Closed Won,446414.47,100,2026-09-16,2026-03-04T02:08:00
OPP001308,LED004958,Closed Lost,3284197.1,0,2026-07-19,2025-01-07T12:12:00
OPP001309,LED004215,Proposal,4723636.42,50,2026-08-03,2026-03-12T18:29:00
OPP001310,LED000468,Negotiation,4105626.4,75,2026-07-05,2025-10-29T10:49:00
OPP001311,LED005548,Proposal,946103.88,50,2026-10-09,2025-04-20T01:21:00
OPP001312,LED004785,Negotiation,2623546.91,75,2026-09-27,2026-01-05T16:18:00
OPP001313,LED003111,Closed Won,4925126.55,100,2026-06-01,2025-01-09T22:06:00
OPP001314,LED005128,Prospecting,4999437.98,10,2026-10-09,2025-05-04T14:51:00
OPP001315,LED002923,Proposal,3692509.13,50,2026-08-12,2025-11-16T08:02:00
OPP001316,LED003951,Negotiation,223580.18,75,2026-08-28,2025-08-28T21:57:00
OPP001317,LED004019,Prospecting,2762843.69,10,2026-08-01,2025-08-02T21:58:00
OPP001318,LED000976,Closed Lost,4042346.75,0,2026-08-20,2025-02-17T23:56:00
OPP001319,LED003491,Prospecting,3728718.78,10,2026-07-18,2025-01-31T15:16:00
OPP001320,LED003744,Qualification,3127599.03,25,2026-08-09,2025-06-27T08:27:00
OPP001321,LED004436,Proposal,4046867.89,50,2026-09-19,2025-04-28T16:26:00
OPP001322,LED002505,Prospecting,4381215.19,10,2026-05-19,2025-03-27T21:32:00
OPP001323,LED003803,Proposal,2016455.09,50,2026-09-14,2026-04-03T22:17:00
OPP001324,LED004845,Closed Lost,147260.7,0,2026-05-06,2026-01-25T02:13:00
OPP001325,LED002829,Closed Won,4343938.91,100,2026-10-08,2026-04-08T15:21:00
OPP001326,LED005244,Negotiation,4445555.05,75,2026-06-28,2025-08-30T03:23:00
OPP001327,LED001238,Qualification,2969350.4,25,2026-09-17,2025-01-25T19:24:00
OPP001328,LED001382,Qualification,4237420.0,25,2026-06-22,2025-02-10T02:57:00
OPP001329,LED001961,Prospecting,1202475.64,10,2026-07-23,2025-05-03T07:58:00
OPP001330,LED005073,Prospecting,4467686.1,10,2026-08-01,2025-02-04T11:50:00
OPP001331,LED002666,Proposal,3355530.3,50,2026-06-17,2026-04-11T08:57:00
OPP001332,LED005987,Negotiation,4188211.61,75,2026-09-20,2025-01-20T16:35:00
OPP001333,LED001438,Proposal,4615733.31,50,2026-10-25,2025-07-27T19:40:00
OPP001334,LED000618,Proposal,4152916.79,50,2026-08-07,2025-06-01T03:45:00
OPP001335,LED004961,Proposal,2874044.33,50,2026-06-03,2026-01-04T21:17:00
OPP001336,LED001663,Closed Won,1887808.01,100,2026-05-31,2026-04-12T08:07:00
OPP001337,LED002370,Prospecting,2192553.06,10,2026-10-16,2026-02-27T12:20:00
OPP001338,LED004813,Negotiation,4741044.16,75,2026-07-03,2025-11-13T01:15:00
OPP001339,LED004779,Qualification,4281050.63,25,2026-10-12,2026-02-22T20:55:00
OPP001340,LED003442,Closed Lost,1232757.89,0,2026-09-02,2025-04-05T22:59:00
OPP001341,LED002712,Qualification,291397.33,25,2026-05-17,2025-05-06T01:50:00
OPP001342,LED002130,Closed Lost,321646.19,0,2026-05-25,2025-09-02T14:16:00
OPP001343,LED000599,Negotiation,866095.91,75,2026-09-20,2025-02-07T15:04:00
OPP001344,LED002694,Proposal,635214.92,50,2026-05-26,2025-04-03T06:05:00
OPP001345,LED004842,Closed Won,4561929.15,100,2026-05-06,2025-07-11T19:54:00
OPP001346,LED003447,Closed Lost,3130104.05,0,2026-10-02,2025-03-11T15:08:00
OPP001347,LED001216,Qualification,2770549.43,25,2026-09-11,2026-02-08T02:24:00
OPP001348,LED002393,Proposal,3787495.47,50,2026-08-23,2025-02-05T22:41:00
OPP001349,LED002637,Qualification,202521.18,25,2026-08-22,2025-06-15T10:08:00
OPP001350,LED003354,Closed Lost,4095995.4,0,2026-05-23,2025-12-26T04:39:00
OPP001351,LED000626,Closed Lost,851759.24,0,2026-07-30,2025-11-12T20:42:00
OPP001352,LED005004,Closed Won,3066214.01,100,2026-08-17,2025-07-18T07:54:00
OPP001353,LED000940,Closed Lost,638492.16,0,2026-09-06,2025-10-24T07:16:00
OPP001354,LED000673,Negotiation,243959.93,75,2026-05-18,2025-03-14T06:18:00
OPP001355,LED003444,Qualification,151346.12,25,2026-07-03,2026-03-21T15:38:00
OPP001356,LED004294,Qualification,2879649.6,25,2026-05-15,2026-01-06T12:13:00
OPP001357,LED005109,Prospecting,4847331.75,10,2026-06-05,2026-03-30T14:25:00
OPP001358,LED001028,Closed Won,3649062.83,100,2026-10-13,2026-02-26T11:53:00
OPP001359,LED002059,Closed Lost,1473481.21,0,2026-07-20,2025-07-17T02:16:00
OPP001360,LED005361,Proposal,4415054.66,50,2026-08-02,2025-08-28T00:32:00
OPP001361,LED003181,Negotiation,3068851.7,75,2026-07-02,2025-07-14T02:57:00
OPP001362,LED004659,Prospecting,4518565.56,10,2026-10-27,2026-02-12T10:28:00
OPP001363,LED003979,Prospecting,3740969.87,10,2026-07-22,2025-05-26T05:35:00
OPP001364,LED002932,Negotiation,60428.9,75,2026-05-03,2025-11-23T21:47:00
OPP001365,LED003539,Closed Won,3438814.96,100,2026-06-11,2025-02-15T07:14:00
OPP001366,LED002049,Closed Lost,3155263.43,0,2026-08-11,2026-03-11T17:23:00
OPP001367,LED001588,Qualification,2987035.35,25,2026-06-26,2026-02-24T11:34:00
OPP001368,LED005793,Qualification,4214020.66,25,2026-09-16,2025-07-08T15:35:00
OPP001369,LED001498,Prospecting,1714398.55,10,2026-07-10,2026-01-08T08:08:00
OPP001370,LED002352,Closed Won,2081250.74,100,2026-08-06,2025-09-14T18:05:00
OPP001371,LED005508,Negotiation,3061413.53,75,2026-06-10,2025-06-07T20:29:00
OPP001372,LED001730,Qualification,2681681.25,25,2026-05-16,2026-04-11T09:20:00
OPP001373,LED005383,Negotiation,835318.56,75,2026-06-03,2025-12-10T15:44:00
OPP001374,LED000898,Closed Lost,375304.13,0,2026-09-15,2025-02-23T06:32:00
OPP001375,LED003119,Closed Lost,2871044.15,0,2026-10-04,2025-12-06T17:36:00
OPP001376,LED000887,Prospecting,3921477.9,10,2026-10-09,2025-06-21T21:03:00
OPP001377,LED001109,Qualification,226045.64,25,2026-06-06,2025-07-26T12:12:00
OPP001378,LED001675,Proposal,1440435.21,50,2026-08-28,2025-08-11T07:43:00
OPP001379,LED001290,Closed Lost,3180437.17,0,2026-08-28,2026-01-09T10:56:00
OPP001380,LED004652,Proposal,4983623.81,50,2026-06-01,2026-04-13T14:13:00
OPP001381,LED004761,Qualification,1931905.25,25,2026-10-24,2025-02-16T19:24:00
OPP001382,LED005812,Prospecting,1961441.15,10,2026-07-20,2025-02-03T21:52:00
OPP001383,LED002767,Negotiation,1311169.09,75,2026-09-15,2026-02-21T18:28:00
OPP001384,LED003463,Qualification,3311511.62,25,2026-06-09,2025-03-08T00:32:00
OPP001385,LED002406,Qualification,4916063.96,25,2026-08-16,2025-11-01T11:08:00
OPP001386,LED000617,Qualification,2103411.96,25,2026-05-21,2025-12-21T09:00:00
OPP001387,LED003419,Closed Won,492181.99,100,2026-10-07,2026-04-11T01:38:00
OPP001388,LED003982,Prospecting,3415675.72,10,2026-09-07,2026-02-19T03:16:00
OPP001389,LED002558,Proposal,353299.08,50,2026-06-23,2025-07-14T18:04:00
OPP001390,LED005585,Closed Lost,4872308.4,0,2026-05-25,2025-12-06T04:58:00
OPP001391,LED001633,Closed Won,1471747.85,100,2026-10-07,2025-07-17T01:52:00
OPP001392,LED003930,Closed Won,86780.6,100,2026-06-08,2025-03-07T07:50:00
OPP001393,LED000992,Closed Lost,1713168.46,0,2026-06-09,2025-11-21T08:21:00
OPP001394,LED002544,Proposal,4500517.99,50,2026-05-23,2026-03-21T04:09:00
OPP001395,LED003803,Proposal,3989989.94,50,2026-10-09,2025-11-06T15:55:00
OPP001396,LED002764,Closed Lost,3754504.64,0,2026-07-28,2025-04-03T23:58:00
OPP001397,LED004657,Proposal,2806779.94,50,2026-08-07,2025-09-24T08:48:00
OPP001398,LED003431,Proposal,4577848.09,50,2026-10-17,2025-12-27T09:49:00
OPP001399,LED001180,Closed Won,2481486.79,100,2026-08-08,2025-01-14T13:17:00
OPP001400,LED000902,Qualification,1902708.56,25,2026-06-05,2026-03-19T19:51:00
OPP001401,LED003630,Negotiation,1974287.71,75,2026-05-15,2025-10-21T19:09:00
OPP001402,LED002776,Qualification,3292870.55,25,2026-10-01,2026-03-15T04:53:00
OPP001403,LED004983,Qualification,1449726.22,25,2026-08-29,2026-03-29T02:54:00
OPP001404,LED003979,Closed Won,2667219.32,100,2026-09-28,2026-04-27T15:56:00
OPP001405,LED002403,Proposal,2288046.24,50,2026-10-07,2025-06-05T10:15:00
OPP001406,LED002247,Negotiation,313829.2,75,2026-07-10,2025-09-06T03:23:00
OPP001407,LED001641,Prospecting,144574.58,10,2026-10-26,2026-04-18T01:52:00
OPP001408,LED001393,Prospecting,1630714.95,10,2026-08-14,2025-04-13T03:30:00
OPP001409,LED002379,Qualification,335186.39,25,2026-07-10,2026-04-08T20:24:00
OPP001410,LED004831,Negotiation,1343829.67,75,2026-08-03,2025-02-08T16:52:00
OPP001411,LED000699,Proposal,2117910.18,50,2026-05-23,2025-04-05T23:33:00
OPP001412,LED002352,Proposal,4546371.51,50,2026-07-29,2025-09-20T13:20:00
OPP001413,LED003964,Prospecting,156809.58,10,2026-08-08,2026-01-17T11:06:00
OPP001414,LED000034,Closed Lost,373317.89,0,2026-05-13,2025-01-11T22:25:00
OPP001415,LED002215,Closed Lost,933109.73,0,2026-08-02,2026-04-08T05:19:00
OPP001416,LED005846,Prospecting,1032013.27,10,2026-07-03,2025-05-21T15:32:00
OPP001417,LED005522,Prospecting,4244118.66,10,2026-08-25,2025-02-23T21:24:00
OPP001418,LED002568,Proposal,3467197.04,50,2026-05-02,2025-05-08T02:49:00
OPP001419,LED003510,Negotiation,761167.56,75,2026-05-01,2025-01-15T11:46:00
OPP001420,LED002095,Qualification,1020664.96,25,2026-05-14,2026-04-09T16:30:00
OPP001421,LED000361,Proposal,253685.22,50,2026-05-19,2025-09-01T19:55:00
OPP001422,LED003832,Closed Won,368592.48,100,2026-09-29,2026-01-23T13:22:00
OPP001423,LED003956,Prospecting,3048351.98,10,2026-05-23,2026-03-14T04:48:00
OPP001424,LED000723,Qualification,438045.9,25,2026-05-16,2025-09-03T08:13:00
OPP001425,LED000229,Proposal,2153338.99,50,2026-08-16,2025-10-16T22:35:00
OPP001426,LED005163,Proposal,2933141.4,50,2026-06-23,2025-01-07T05:59:00
OPP001427,LED001803,Qualification,576983.99,25,2026-07-02,2025-04-15T21:49:00
OPP001428,LED002361,Proposal,941225.78,50,2026-10-05,2026-04-28T04:16:00
OPP001429,LED005876,Prospecting,2347329.98,10,2026-08-28,2025-06-15T13:26:00
OPP001430,LED002657,Closed Lost,664465.39,0,2026-08-10,2025-02-06T18:54:00
OPP001431,LED000663,Negotiation,706340.87,75,2026-08-24,2026-02-03T12:10:00
OPP001432,LED003698,Closed Won,2791535.0,100,2026-08-20,2025-11-04T06:53:00
OPP001433,LED005193,Negotiation,2017606.19,75,2026-08-09,2026-02-15T09:21:00
OPP001434,LED005854,Proposal,3923739.72,50,2026-08-16,2026-03-30T20:09:00
OPP001435,LED001653,Proposal,3720282.57,50,2026-06-22,2025-07-16T00:41:00
OPP001436,LED001160,Proposal,2604331.5,50,2026-10-20,2025-08-07T03:43:00
OPP001437,LED000195,Prospecting,3355298.95,10,2026-06-23,2025-06-18T08:14:00
OPP001438,LED001679,Closed Won,364434.95,100,2026-08-26,2025-01-19T09:14:00
OPP001439,LED000957,Closed Lost,80070.07,0,2026-06-01,2025-05-29T12:16:00
OPP001440,LED000907,Proposal,2380920.3,50,2026-07-21,2025-05-24T12:08:00
OPP001441,LED001650,Negotiation,175000.83,75,2026-06-11,2025-07-23T13:13:00
OPP001442,LED003228,Prospecting,2726288.13,10,2026-07-15,2026-01-31T22:00:00
OPP001443,LED001843,Proposal,3329268.32,50,2026-10-02,2026-01-05T04:53:00
OPP001444,LED003257,Negotiation,3972258.25,75,2026-10-01,2025-10-28T14:42:00
OPP001445,LED002786,Prospecting,2671461.37,10,2026-05-06,2025-06-27T10:53:00
OPP001446,LED001525,Proposal,3209497.2,50,2026-07-16,2025-03-23T09:20:00
OPP001447,LED001963,Qualification,4654601.8,25,2026-05-31,2025-04-23T01:21:00
OPP001448,LED002669,Closed Lost,3265560.28,0,2026-10-02,2025-08-10T16:01:00
OPP001449,LED003008,Closed Lost,828277.86,0,2026-05-23,2025-04-25T07:07:00
OPP001450,LED005221,Qualification,3129175.83,25,2026-10-23,2025-09-09T15:39:00
OPP001451,LED001423,Proposal,3276646.03,50,2026-07-16,2025-07-12T21:58:00
OPP001452,LED005373,Prospecting,551480.58,10,2026-10-18,2026-03-29T15:54:00
OPP001453,LED003099,Prospecting,2753767.57,10,2026-07-13,2025-05-19T06:31:00
OPP001454,LED003429,Proposal,4515865.25,50,2026-05-03,2025-05-26T10:47:00
OPP001455,LED001927,Proposal,256927.13,50,2026-07-12,2025-07-13T16:07:00
OPP001456,LED002764,Negotiation,377863.5,75,2026-07-24,2025-08-14T23:25:00
OPP001457,LED001707,Proposal,2344623.65,50,2026-05-18,2025-10-04T19:41:00
OPP001458,LED003865,Closed Won,1957237.06,100,2026-08-24,2025-09-02T11:54:00
OPP001459,LED001224,Qualification,707038.35,25,2026-10-16,2025-06-16T12:24:00
OPP001460,LED002053,Prospecting,4960816.72,10,2026-08-18,2025-07-27T08:44:00
OPP001461,LED001010,Qualification,1865903.4,25,2026-07-20,2026-04-07T05:48:00
OPP001462,LED000427,Closed Won,2094828.7,100,2026-07-14,2026-04-08T20:41:00
OPP001463,LED005158,Closed Won,2640006.17,100,2026-09-12,2025-03-02T22:22:00
OPP001464,LED002212,Qualification,3707495.34,25,2026-05-07,2025-08-03T20:51:00
OPP001465,LED002210,Qualification,319688.05,25,2026-05-18,2025-10-02T14:03:00
OPP001466,LED002483,Closed Lost,1326681.76,0,2026-09-25,2026-03-27T07:21:00
OPP001467,LED005380,Closed Won,2649436.84,100,2026-08-01,2025-12-30T23:42:00
OPP001468,LED004799,Closed Lost,4339697.48,0,2026-10-17,2025-07-13T05:39:00
OPP001469,LED003372,Proposal,1485047.67,50,2026-09-03,2026-01-02T05:45:00
OPP001470,LED002583,Proposal,3977604.92,50,2026-09-24,2025-04-15T22:24:00
OPP001471,LED001832,Proposal,2761403.18,50,2026-08-30,2026-03-24T15:46:00
OPP001472,LED005631,Proposal,4998448.62,50,2026-06-14,2025-09-24T00:29:00
OPP001473,LED003574,Prospecting,618438.82,10,2026-10-04,2025-02-17T23:48:00
OPP001474,LED003513,Closed Lost,1666043.62,0,2026-07-18,2026-04-06T18:24:00
OPP001475,LED001336,Closed Won,4920901.42,100,2026-05-30,2025-04-19T05:36:00
OPP001476,LED000352,Closed Lost,4284522.78,0,2026-10-03,2025-06-14T15:47:00
OPP001477,LED000203,Proposal,3723125.36,50,2026-08-22,2025-05-29T10:02:00
OPP001478,LED002754,Prospecting,1930466.22,10,2026-08-29,2026-03-10T05:39:00
OPP001479,LED005372,Proposal,3434478.51,50,2026-08-26,2025-11-25T05:59:00
OPP001480,LED005816,Proposal,1519163.86,50,2026-06-26,2026-03-19T13:22:00
OPP001481,LED004184,Proposal,3679586.14,50,2026-06-09,2025-04-10T16:03:00
OPP001482,LED003857,Prospecting,3795316.65,10,2026-06-10,2025-11-05T11:58:00
OPP001483,LED001793,Closed Lost,1463810.79,0,2026-05-30,2025-06-29T19:27:00
OPP001484,LED002229,Closed Lost,2190088.92,0,2026-09-16,2025-06-24T14:13:00
OPP001485,LED003267,Qualification,1238585.08,25,2026-05-04,2025-06-27T06:05:00
OPP001486,LED001630,Qualification,80799.95,25,2026-10-24,2025-08-30T06:43:00
OPP001487,LED001154,Prospecting,4771285.74,10,2026-05-11,2025-08-14T22:39:00
OPP001488,LED001967,Closed Lost,2244384.0,0,2026-06-08,2025-10-17T09:53:00
OPP001489,LED002205,Closed Lost,563889.04,0,2026-05-04,2025-03-22T10:44:00
OPP001490,LED001696,Negotiation,2299518.47,75,2026-07-18,2025-08-28T10:13:00
OPP001491,LED003317,Proposal,4096851.95,50,2026-09-22,2025-12-01T14:00:00
OPP001492,LED000921,Proposal,3159644.13,50,2026-10-24,2025-02-28T06:47:00
OPP001493,LED002133,Closed Won,3709295.74,100,2026-07-28,2025-12-28T19:09:00
OPP001494,LED004085,Closed Won,874118.1,100,2026-08-21,2025-04-08T16:25:00
OPP001495,LED000906,Closed Lost,2691479.75,0,2026-06-11,2025-07-08T07:34:00
OPP001496,LED005563,Proposal,1380792.4,50,2026-05-16,2025-10-18T06:44:00
OPP001497,LED005445,Proposal,1264525.66,50,2026-09-13,2025-04-27T12:54:00
OPP001498,LED003721,Proposal,2946734.58,50,2026-05-31,2026-01-25T10:08:00
OPP001499,LED000793,Prospecting,1005812.49,10,2026-05-11,2025-04-12T01:10:00
OPP001500,LED002937,Negotiation,846244.57,75,2026-07-19,2025-06-24T17:39:00
OPP001501,LED000772,Qualification,3259207.45,25,2026-07-28,2025-06-16T19:33:00
OPP001502,LED002935,Closed Won,2118618.38,100,2026-10-09,2025-06-24T11:25:00
OPP001503,LED003937,Qualification,3101112.37,25,2026-09-18,2025-03-17T21:32:00
OPP001504,LED005094,Closed Lost,1921997.14,0,2026-07-14,2025-01-10T09:34:00
OPP001505,LED003716,Closed Lost,481997.78,0,2026-08-21,2025-10-28T00:04:00
OPP001506,LED003040,Closed Won,1617271.08,100,2026-08-04,2025-08-10T12:07:00
OPP001507,LED002977,Qualification,3548548.56,25,2026-07-18,2025-04-27T20:57:00
OPP001508,LED002574,Closed Won,1511287.51,100,2026-05-03,2025-02-21T16:20:00
OPP001509,LED002745,Proposal,1431129.3,50,2026-09-11,2026-04-07T19:05:00
OPP001510,LED001775,Closed Won,4641643.38,100,2026-06-26,2025-07-28T17:52:00
OPP001511,LED002291,Negotiation,3840152.05,75,2026-08-17,2025-07-31T18:30:00
OPP001512,LED002820,Closed Lost,3682864.81,0,2026-07-12,2026-01-05T18:19:00
OPP001513,LED000445,Closed Lost,1502845.66,0,2026-07-07,2025-01-01T06:40:00
OPP001514,LED004542,Qualification,3185788.15,25,2026-06-13,2025-10-10T08:00:00
OPP001515,LED002677,Negotiation,1801860.51,75,2026-07-09,2025-05-13T21:46:00
OPP001516,LED000159,Negotiation,4052431.63,75,2026-10-05,2025-11-26T22:34:00
OPP001517,LED001851,Qualification,2937380.46,25,2026-07-16,2025-01-16T02:44:00
OPP001518,LED002944,Qualification,3394960.65,25,2026-09-18,2025-02-12T15:30:00
OPP001519,LED002271,Proposal,1021234.44,50,2026-08-22,2025-01-10T03:59:00
OPP001520,LED003979,Proposal,93484.46,50,2026-10-20,2025-04-14T14:11:00
OPP001521,LED005498,Proposal,2928647.84,50,2026-07-25,2026-03-16T21:06:00
OPP001522,LED003773,Negotiation,3845766.66,75,2026-10-27,2025-04-18T19:55:00
OPP001523,LED003886,Proposal,2482489.42,50,2026-10-10,2026-03-29T18:31:00
OPP001524,LED003406,Proposal,2756631.89,50,2026-06-03,2026-02-04T09:36:00
OPP001525,LED001096,Negotiation,1514952.96,75,2026-06-15,2026-02-27T16:59:00
OPP001526,LED000419,Proposal,4190842.64,50,2026-09-07,2025-01-27T21:27:00
OPP001527,LED004595,Negotiation,154689.77,75,2026-10-19,2025-04-19T01:22:00
OPP001528,LED003503,Negotiation,4786160.9,75,2026-07-15,2025-06-07T16:48:00
OPP001529,LED001788,Closed Lost,4556692.37,0,2026-08-20,2025-08-13T17:22:00
OPP001530,LED000496,Qualification,2992513.45,25,2026-07-09,2026-03-23T03:54:00
OPP001531,LED002415,Closed Won,50648.08,100,2026-05-18,2025-04-28T03:33:00
OPP001532,LED005469,Closed Won,332248.75,100,2026-08-05,2025-05-03T23:57:00
OPP001533,LED004175,Closed Won,3223946.21,100,2026-09-23,2025-02-26T06:36:00
OPP001534,LED004256,Prospecting,153052.51,10,2026-06-22,2026-01-05T00:55:00
OPP001535,LED002311,Proposal,344414.64,50,2026-06-22,2025-02-11T06:14:00
OPP001536,LED002797,Qualification,2158206.38,25,2026-10-25,2025-04-04T00:00:00
OPP001537,LED003538,Proposal,3187845.18,50,2026-09-18,2025-09-19T18:47:00
OPP001538,LED005080,Negotiation,307792.24,75,2026-05-30,2026-01-26T09:08:00
OPP001539,LED004556,Proposal,3078276.55,50,2026-07-30,2025-11-05T20:40:00
OPP001540,LED002434,Negotiation,4791303.43,75,2026-08-15,2026-01-01T06:58:00
OPP001541,LED002682,Proposal,652425.4,50,2026-10-15,2026-03-14T07:30:00
OPP001542,LED004470,Qualification,2857090.82,25,2026-09-25,2025-04-30T01:54:00
OPP001543,LED003943,Proposal,3159099.48,50,2026-05-23,2026-02-18T21:13:00
OPP001544,LED004057,Proposal,934779.05,50,2026-09-24,2025-07-06T13:40:00
OPP001545,LED004310,Closed Won,196858.11,100,2026-05-04,2025-09-16T11:11:00
OPP001546,LED002191,Negotiation,3090405.31,75,2026-09-13,2025-04-05T18:14:00
OPP001547,LED003716,Proposal,2763685.99,50,2026-08-25,2026-01-26T08:15:00
OPP001548,LED000503,Proposal,1346744.1,50,2026-10-17,2026-02-08T13:59:00
OPP001549,LED000400,Negotiation,365544.25,75,2026-06-26,2025-10-07T02:59:00
OPP001550,LED001012,Closed Lost,2432750.5,0,2026-10-03,2025-03-18T10:59:00
OPP001551,LED002356,Closed Lost,4481653.42,0,2026-10-27,2025-10-23T08:10:00
OPP001552,LED002457,Closed Won,2817920.69,100,2026-07-26,2025-03-21T22:52:00
OPP001553,LED001694,Negotiation,3483599.25,75,2026-05-16,2025-05-25T05:58:00
OPP001554,LED004608,Qualification,2942733.9,25,2026-08-28,2025-04-25T20:43:00
OPP001555,LED000998,Qualification,384373.48,25,2026-09-08,2025-12-07T06:31:00
OPP001556,LED004081,Closed Lost,1677800.74,0,2026-10-22,2025-01-04T10:38:00
OPP001557,LED004305,Closed Lost,3437760.24,0,2026-09-09,2025-09-30T05:30:00
OPP001558,LED004278,Prospecting,3216734.02,10,2026-07-10,2026-02-22T20:08:00
OPP001559,LED000421,Prospecting,1101046.03,10,2026-05-16,2025-04-01T09:35:00
OPP001560,LED004549,Proposal,627910.44,50,2026-07-25,2025-12-29T04:55:00
OPP001561,LED005634,Closed Won,2084358.61,100,2026-05-05,2025-07-16T05:53:00
OPP001562,LED005344,Negotiation,2792162.86,75,2026-08-16,2025-03-10T12:48:00
OPP001563,LED003636,Closed Lost,1096891.72,0,2026-06-08,2025-04-14T03:12:00
OPP001564,LED002029,Closed Lost,1452538.67,0,2026-08-14,2025-09-10T04:19:00
OPP001565,LED002083,Closed Won,3673211.12,100,2026-08-06,2026-04-01T00:18:00
OPP001566,LED004411,Closed Lost,4827271.29,0,2026-10-16,2025-04-13T12:17:00
OPP001567,LED005004,Qualification,1032229.94,25,2026-10-19,2025-09-01T04:00:00
OPP001568,LED003590,Negotiation,1519824.68,75,2026-10-14,2025-08-24T11:02:00
OPP001569,LED002033,Negotiation,2207645.63,75,2026-05-03,2025-08-29T15:34:00
OPP001570,LED005468,Negotiation,2110259.77,75,2026-10-24,2025-04-14T22:59:00
OPP001571,LED003331,Closed Lost,2996093.93,0,2026-10-18,2025-08-05T21:51:00
OPP001572,LED001155,Closed Won,1075545.21,100,2026-07-02,2025-10-14T23:23:00
OPP001573,LED000654,Qualification,2784257.98,25,2026-07-19,2025-04-24T22:44:00
OPP001574,LED003055,Closed Lost,656537.16,0,2026-05-18,2025-12-06T03:36:00
OPP001575,LED004173,Proposal,3317159.47,50,2026-06-15,2025-04-30T11:22:00
OPP001576,LED004690,Prospecting,4115009.61,10,2026-08-08,2025-09-11T15:33:00
OPP001577,LED001357,Closed Lost,2781148.18,0,2026-09-22,2025-09-21T20:18:00
OPP001578,LED000570,Qualification,4166993.22,25,2026-10-13,2026-02-03T08:07:00
OPP001579,LED004201,Prospecting,576733.58,10,2026-07-02,2025-02-08T14:47:00
OPP001580,LED005994,Prospecting,1919536.72,10,2026-09-21,2025-07-18T01:14:00
OPP001581,LED000902,Negotiation,3260104.29,75,2026-05-16,2026-02-23T23:21:00
OPP001582,LED001783,Prospecting,4244033.5,10,2026-05-16,2026-02-14T21:51:00
OPP001583,LED001142,Closed Won,2140831.92,100,2026-08-01,2025-01-28T20:21:00
OPP001584,LED001245,Prospecting,4924236.17,10,2026-08-23,2025-07-23T11:39:00
OPP001585,LED002378,Closed Won,4435218.9,100,2026-06-08,2025-07-05T09:01:00
OPP001586,LED005572,Qualification,3052035.74,25,2026-06-24,2026-04-01T06:50:00
OPP001587,LED000605,Qualification,1635244.87,25,2026-07-08,2025-04-15T19:01:00
OPP001588,LED005243,Closed Lost,2397910.32,0,2026-08-19,2025-06-06T10:18:00
OPP001589,LED004381,Negotiation,1106965.53,75,2026-09-23,2025-04-17T10:37:00
OPP001590,LED004852,Prospecting,3405618.63,10,2026-10-23,2025-07-14T16:19:00
OPP001591,LED002133,Prospecting,2903431.32,10,2026-06-07,2025-02-06T23:38:00
OPP001592,LED000343,Closed Won,3684040.62,100,2026-08-24,2026-03-23T14:49:00
OPP001593,LED001139,Closed Lost,1467095.79,0,2026-06-22,2025-11-12T23:51:00
OPP001594,LED003095,Prospecting,3087463.33,10,2026-07-11,2025-10-23T22:39:00
OPP001595,LED000410,Prospecting,3997391.3,10,2026-06-19,2025-12-27T08:03:00
OPP001596,LED002298,Qualification,741664.39,25,2026-09-12,2026-02-04T08:28:00
OPP001597,LED002844,Closed Won,1601097.0,100,2026-09-17,2025-02-19T23:25:00
OPP001598,LED000045,Closed Lost,3070515.7,0,2026-08-27,2026-04-27T13:04:00
OPP001599,LED001462,Prospecting,296217.61,10,2026-06-06,2025-05-20T19:23:00
OPP001600,LED002810,Closed Won,4476508.33,100,2026-06-29,2025-03-16T10:40:00
OPP001601,LED003795,Closed Lost,3549846.32,0,2026-06-12,2025-11-10T05:02:00
OPP001602,LED001571,Proposal,3775147.66,50,2026-09-04,2025-12-24T02:15:00
OPP001603,LED004911,Closed Won,2898758.99,100,2026-06-23,2026-01-05T21:34:00
OPP001604,LED003416,Proposal,3337311.72,50,2026-08-27,2026-02-24T14:02:00
OPP001605,LED001236,Qualification,2546808.99,25,2026-10-09,2025-07-13T10:24:00
OPP001606,LED001980,Prospecting,158566.31,10,2026-07-14,2026-01-12T16:33:00
OPP001607,LED004715,Qualification,4669874.75,25,2026-07-10,2025-11-14T12:44:00
OPP001608,LED001599,Closed Lost,594797.41,0,2026-05-02,2025-02-27T17:16:00
OPP001609,LED000497,Qualification,908392.26,25,2026-05-09,2025-08-04T18:12:00
OPP001610,LED005334,Prospecting,3105167.39,10,2026-06-28,2026-03-26T05:13:00
OPP001611,LED004234,Closed Won,2490689.7,100,2026-08-31,2025-09-12T10:45:00
OPP001612,LED001249,Prospecting,4697406.27,10,2026-07-24,2025-06-15T20:37:00
OPP001613,LED003397,Prospecting,4496366.06,10,2026-10-10,2025-03-23T05:00:00
OPP001614,LED003109,Proposal,1968977.09,50,2026-09-06,2025-04-09T08:58:00
OPP001615,LED001222,Proposal,4914755.89,50,2026-08-04,2026-03-14T00:27:00
OPP001616,LED000487,Closed Won,888216.7,100,2026-06-28,2025-09-20T22:14:00
OPP001617,LED001330,Closed Lost,2101381.37,0,2026-05-07,2025-03-19T17:33:00
OPP001618,LED002081,Prospecting,3596496.38,10,2026-09-12,2025-01-11T05:34:00
OPP001619,LED001939,Closed Lost,3939876.08,0,2026-09-21,2025-05-24T09:06:00
OPP001620,LED003039,Qualification,1032428.2,25,2026-08-22,2025-08-20T15:38:00
OPP001621,LED004468,Qualification,4700214.79,25,2026-05-27,2025-07-02T05:09:00
OPP001622,LED002424,Closed Lost,4896061.96,0,2026-05-06,2025-09-18T13:25:00
OPP001623,LED003567,Closed Lost,157472.07,0,2026-08-23,2025-01-28T15:48:00
OPP001624,LED003193,Closed Lost,1880693.91,0,2026-10-04,2026-03-11T04:36:00
OPP001625,LED005205,Proposal,1905193.85,50,2026-05-08,2025-01-26T05:02:00
OPP001626,LED002072,Prospecting,1880667.52,10,2026-09-01,2026-02-15T22:48:00
OPP001627,LED001113,Negotiation,479797.32,75,2026-08-20,2025-10-12T14:14:00
OPP001628,LED005157,Prospecting,1313301.58,10,2026-08-25,2025-02-22T01:22:00
OPP001629,LED005491,Qualification,2806980.82,25,2026-08-22,2026-04-13T20:28:00
OPP001630,LED000220,Closed Lost,653730.33,0,2026-09-04,2025-06-26T12:24:00
OPP001631,LED004320,Closed Won,3305284.82,100,2026-10-07,2025-07-27T22:09:00
OPP001632,LED004690,Negotiation,600089.71,75,2026-08-07,2025-10-08T23:56:00
OPP001633,LED004673,Closed Won,4053201.18,100,2026-06-26,2025-03-24T07:28:00
OPP001634,LED002980,Proposal,480478.0,50,2026-05-31,2026-01-18T16:53:00
OPP001635,LED000593,Qualification,4376821.59,25,2026-06-24,2025-11-10T15:49:00
OPP001636,LED001605,Prospecting,3561224.19,10,2026-09-25,2025-02-12T22:53:00
OPP001637,LED005259,Qualification,87160.92,25,2026-05-08,2025-09-14T18:54:00
OPP001638,LED003349,Closed Won,1765889.34,100,2026-09-12,2026-04-23T14:44:00
OPP001639,LED003112,Prospecting,888577.0,10,2026-08-06,2026-04-24T11:47:00
OPP001640,LED001560,Closed Lost,2861465.25,0,2026-06-23,2025-03-21T07:36:00
OPP001641,LED001206,Negotiation,3514674.98,75,2026-07-26,2025-12-21T04:54:00
OPP001642,LED001213,Prospecting,4599552.42,10,2026-05-31,2025-11-28T02:35:00
OPP001643,LED003349,Prospecting,2651712.26,10,2026-09-18,2026-01-24T16:51:00
OPP001644,LED002300,Closed Lost,2815411.68,0,2026-06-27,2026-03-09T04:56:00
OPP001645,LED002995,Qualification,677243.87,25,2026-08-17,2025-11-17T07:02:00
OPP001646,LED005842,Closed Lost,1234434.08,0,2026-05-13,2025-08-11T20:42:00
OPP001647,LED000929,Prospecting,3372359.11,10,2026-07-29,2026-02-12T04:31:00
OPP001648,LED002658,Qualification,4154608.47,25,2026-06-26,2025-12-05T22:45:00
OPP001649,LED002470,Qualification,2778091.99,25,2026-07-16,2025-04-13T16:35:00
OPP001650,LED005722,Negotiation,3829523.5,75,2026-06-08,2025-12-15T22:11:00
OPP001651,LED004220,Qualification,4656245.7,25,2026-10-21,2025-07-29T03:11:00
OPP001652,LED005225,Closed Won,4130795.83,100,2026-05-03,2025-07-01T00:49:00
OPP001653,LED002766,Proposal,3807957.91,50,2026-06-18,2025-10-14T06:36:00
OPP001654,LED000299,Prospecting,4444870.32,10,2026-07-08,2026-03-25T10:18:00
OPP001655,LED002953,Negotiation,4343153.67,75,2026-09-24,2025-05-04T20:20:00
OPP001656,LED003402,Proposal,3600397.66,50,2026-05-13,2025-02-14T06:30:00
OPP001657,LED005779,Closed Lost,1486017.61,0,2026-06-18,2025-03-12T01:46:00
OPP001658,LED004213,Prospecting,1528723.7,10,2026-07-18,2025-04-15T18:47:00
OPP001659,LED004170,Closed Won,910553.7,100,2026-05-30,2025-03-02T05:53:00
OPP001660,LED005555,Closed Won,595008.31,100,2026-08-20,2026-02-16T19:48:00
OPP001661,LED001677,Closed Lost,2523729.12,0,2026-06-08,2025-03-08T19:49:00
OPP001662,LED005327,Proposal,93471.65,50,2026-06-18,2026-02-25T00:24:00
OPP001663,LED001090,Negotiation,2779619.5,75,2026-10-17,2025-08-14T16:05:00
OPP001664,LED004852,Proposal,1227726.17,50,2026-06-06,2025-05-31T12:04:00
OPP001665,LED000322,Proposal,3817237.56,50,2026-05-11,2025-03-01T00:08:00
OPP001666,LED004890,Proposal,3087302.23,50,2026-09-18,2026-01-08T07:06:00
OPP001667,LED001430,Closed Won,3430360.91,100,2026-06-20,2025-08-03T22:46:00
OPP001668,LED000010,Qualification,790297.13,25,2026-10-24,2026-04-13T02:29:00
OPP001669,LED001660,Closed Won,4903680.83,100,2026-08-10,2026-04-04T21:08:00
OPP001670,LED001981,Prospecting,1474793.1,10,2026-09-01,2025-06-13T01:52:00
OPP001671,LED000933,Proposal,3093196.46,50,2026-06-21,2026-02-04T18:12:00
OPP001672,LED003295,Closed Won,1547721.23,100,2026-09-16,2026-03-24T16:07:00
OPP001673,LED005461,Negotiation,1415795.63,75,2026-06-04,2025-04-27T04:52:00
OPP001674,LED001766,Qualification,4195156.02,25,2026-07-01,2026-01-16T09:20:00
OPP001675,LED004219,Closed Lost,820668.45,0,2026-09-30,2025-10-05T00:06:00
OPP001676,LED005789,Proposal,1321641.3,50,2026-05-06,2026-03-17T08:35:00
OPP001677,LED000678,Qualification,692589.61,25,2026-06-21,2025-05-13T17:39:00
OPP001678,LED005460,Closed Lost,4925141.13,0,2026-06-11,2025-05-30T07:11:00
OPP001679,LED002478,Qualification,20390.53,25,2026-06-30,2025-02-24T15:29:00
OPP001680,LED003759,Negotiation,1547950.22,75,2026-06-03,2025-10-19T01:57:00
OPP001681,LED004213,Qualification,158652.96,25,2026-09-05,2026-02-20T20:38:00
OPP001682,LED002682,Prospecting,3695448.59,10,2026-08-14,2025-10-02T05:26:00
OPP001683,LED001515,Negotiation,3978486.73,75,2026-09-22,2025-11-15T09:34:00
OPP001684,LED005915,Qualification,3881656.82,25,2026-07-16,2026-01-17T03:14:00
OPP001685,LED002418,Prospecting,470052.8,10,2026-08-20,2025-05-14T04:27:00
OPP001686,LED004524,Closed Won,196970.28,100,2026-05-30,2026-03-06T23:50:00
OPP001687,LED002893,Closed Won,4787485.66,100,2026-07-31,2025-11-30T08:18:00
OPP001688,LED002003,Closed Won,140295.54,100,2026-06-07,2025-01-22T01:59:00
OPP001689,LED000179,Closed Won,3122532.04,100,2026-08-02,2025-07-23T15:20:00
OPP001690,LED001185,Proposal,123167.22,50,2026-09-29,2025-03-23T09:12:00
OPP001691,LED001013,Negotiation,1724082.36,75,2026-10-20,2025-04-25T20:19:00
OPP001692,LED003655,Closed Won,282545.9,100,2026-05-25,2025-03-03T06:12:00
OPP001693,LED004249,Proposal,2088210.79,50,2026-05-01,2025-11-02T09:42:00
OPP001694,LED002830,Negotiation,2863622.44,75,2026-09-10,2025-11-15T02:51:00
OPP001695,LED002213,Qualification,2277372.54,25,2026-07-28,2025-06-26T18:39:00
OPP001696,LED002833,Qualification,787065.27,25,2026-06-06,2025-05-26T15:12:00
OPP001697,LED002826,Closed Lost,999793.65,0,2026-07-11,2026-01-14T09:17:00
OPP001698,LED005955,Qualification,1631055.54,25,2026-10-18,2025-08-28T06:56:00
OPP001699,LED003449,Closed Won,4896621.09,100,2026-09-03,2025-01-06T17:55:00
OPP001700,LED002888,Negotiation,3370197.46,75,2026-08-31,2026-01-13T04:56:00
OPP001701,LED005335,Prospecting,2485959.31,10,2026-06-24,2026-01-05T16:23:00
OPP001702,LED005636,Closed Won,2534227.33,100,2026-10-08,2025-01-06T00:51:00
OPP001703,LED002057,Negotiation,4011037.97,75,2026-07-31,2025-02-19T01:35:00
OPP001704,LED002621,Closed Lost,2271784.09,0,2026-10-28,2025-02-18T02:01:00
OPP001705,LED001704,Closed Won,861835.18,100,2026-10-17,2026-04-12T05:54:00
OPP001706,LED004642,Proposal,922899.58,50,2026-05-20,2025-06-27T19:13:00
OPP001707,LED003191,Qualification,363574.29,25,2026-06-11,2025-11-01T08:33:00
OPP001708,LED000368,Proposal,1136683.23,50,2026-05-12,2025-11-14T15:23:00
OPP001709,LED001976,Closed Lost,1809114.86,0,2026-06-04,2025-06-13T12:31:00
OPP001710,LED003541,Closed Lost,37536.49,0,2026-07-23,2026-02-03T06:00:00
OPP001711,LED005845,Closed Lost,1222893.1,0,2026-08-19,2025-09-29T04:16:00
OPP001712,LED002480,Qualification,3658717.01,25,2026-08-13,2025-03-09T01:44:00
OPP001713,LED002802,Closed Lost,3604076.33,0,2026-10-17,2026-03-05T22:19:00
OPP001714,LED002234,Negotiation,3763394.19,75,2026-10-09,2025-06-15T01:52:00
OPP001715,LED005349,Closed Won,4201718.19,100,2026-06-26,2025-01-11T18:38:00
OPP001716,LED001743,Proposal,2726621.34,50,2026-09-11,2025-08-04T13:22:00
OPP001717,LED001987,Closed Lost,932824.67,0,2026-09-01,2025-07-15T05:21:00
OPP001718,LED002632,Negotiation,1868593.99,75,2026-09-22,2025-10-16T11:55:00
OPP001719,LED002385,Qualification,3677436.45,25,2026-09-16,2025-05-17T21:57:00
OPP001720,LED000950,Closed Won,2345672.78,100,2026-08-12,2026-01-24T00:14:00
OPP001721,LED005639,Closed Lost,307854.54,0,2026-08-09,2025-04-05T17:40:00
OPP001722,LED001156,Prospecting,533237.61,10,2026-08-21,2026-04-11T18:33:00
OPP001723,LED005925,Qualification,1856401.98,25,2026-10-18,2025-01-24T02:05:00
OPP001724,LED004291,Negotiation,4842492.1,75,2026-07-13,2025-09-03T04:41:00
OPP001725,LED001578,Closed Lost,4301522.8,0,2026-05-26,2025-03-04T07:45:00
OPP001726,LED000114,Closed Won,1585436.48,100,2026-07-04,2025-01-27T09:48:00
OPP001727,LED000438,Qualification,22355.27,25,2026-08-25,2025-03-31T17:45:00
OPP001728,LED004149,Proposal,740721.12,50,2026-05-06,2025-08-25T16:18:00
OPP001729,LED001232,Qualification,3608710.45,25,2026-10-20,2025-02-15T11:41:00
OPP001730,LED005008,Qualification,250379.37,25,2026-10-01,2026-05-01T09:06:00
OPP001731,LED000985,Closed Lost,3699718.97,0,2026-10-12,2025-05-24T01:08:00
OPP001732,LED002906,Closed Lost,2118743.62,0,2026-09-12,2025-04-17T17:51:00
OPP001733,LED000877,Prospecting,633095.72,10,2026-09-10,2025-11-03T02:13:00
OPP001734,LED004288,Closed Won,3190020.81,100,2026-05-25,2025-03-22T04:13:00
OPP001735,LED002678,Prospecting,1040707.69,10,2026-06-17,2025-01-21T06:51:00
OPP001736,LED003005,Closed Won,1636611.69,100,2026-05-17,2026-04-12T16:28:00
OPP001737,LED002838,Negotiation,853358.19,75,2026-06-19,2025-08-14T12:25:00
OPP001738,LED002884,Negotiation,201886.2,75,2026-07-16,2025-02-02T05:45:00
OPP001739,LED002154,Qualification,1058809.53,25,2026-05-02,2025-10-03T07:49:00
OPP001740,LED000191,Qualification,751921.88,25,2026-08-22,2025-11-13T05:58:00
OPP001741,LED004205,Negotiation,1906377.11,75,2026-10-10,2025-05-31T11:48:00
OPP001742,LED002176,Proposal,4799360.53,50,2026-07-04,2025-01-09T23:54:00
OPP001743,LED003685,Closed Lost,4840471.46,0,2026-06-03,2025-02-15T16:45:00
OPP001744,LED000032,Closed Won,1920883.61,100,2026-08-10,2025-12-09T14:54:00
OPP001745,LED004491,Qualification,4230635.67,25,2026-09-25,2026-04-30T12:28:00
OPP001746,LED002385,Qualification,1398224.68,25,2026-10-17,2025-10-05T16:01:00
OPP001747,LED004451,Closed Won,1254477.62,100,2026-09-04,2025-09-09T05:54:00
OPP001748,LED005620,Closed Won,2967758.1,100,2026-06-15,2025-06-01T07:59:00
OPP001749,LED002187,Negotiation,236241.31,75,2026-05-30,2025-07-05T17:08:00
OPP001750,LED001851,Closed Lost,4234061.09,0,2026-10-24,2025-09-05T06:15:00
OPP001751,LED000866,Closed Lost,354370.8,0,2026-06-03,2025-09-01T06:04:00
OPP001752,LED003981,Closed Lost,852545.91,0,2026-09-11,2025-10-02T03:32:00
OPP001753,LED003661,Closed Won,3866388.5,100,2026-05-04,2025-12-09T00:20:00
OPP001754,LED005343,Proposal,3580266.52,50,2026-07-29,2025-11-06T17:53:00
OPP001755,LED003964,Closed Won,197662.27,100,2026-07-07,2025-11-01T13:51:00
OPP001756,LED000952,Closed Lost,2037375.28,0,2026-09-01,2025-04-21T15:19:00
OPP001757,LED005413,Prospecting,4928797.8,10,2026-06-02,2025-05-24T02:25:00
OPP001758,LED002212,Prospecting,3755338.45,10,2026-08-23,2025-09-28T07:20:00
OPP001759,LED005418,Proposal,3870992.0,50,2026-10-10,2025-01-26T08:38:00
OPP001760,LED003789,Prospecting,4382318.08,10,2026-08-10,2025-12-01T22:51:00
OPP001761,LED003952,Qualification,1246571.65,25,2026-08-23,2025-09-29T04:30:00
OPP001762,LED001662,Proposal,3397529.09,50,2026-08-22,2026-04-27T13:48:00
OPP001763,LED004198,Prospecting,4392829.06,10,2026-10-20,2025-08-20T15:25:00
OPP001764,LED002670,Closed Won,598370.12,100,2026-08-23,2025-02-03T23:10:00
OPP001765,LED000711,Qualification,3301347.48,25,2026-07-19,2025-07-20T08:19:00
OPP001766,LED002883,Proposal,4002163.02,50,2026-09-30,2025-05-12T00:36:00
OPP001767,LED005683,Negotiation,4009959.06,75,2026-07-03,2025-12-12T04:50:00
OPP001768,LED005498,Negotiation,681265.83,75,2026-05-25,2025-11-23T18:45:00
OPP001769,LED000018,Proposal,1816747.34,50,2026-07-18,2025-01-13T21:14:00
OPP001770,LED005605,Closed Lost,2308245.21,0,2026-08-26,2025-06-22T20:46:00
OPP001771,LED004570,Proposal,3061479.03,50,2026-05-15,2025-02-19T16:04:00
OPP001772,LED002546,Prospecting,4193329.64,10,2026-10-05,2026-02-26T04:17:00
OPP001773,LED000908,Closed Lost,4664708.17,0,2026-08-25,2025-08-17T14:24:00
OPP001774,LED000263,Closed Lost,2355643.25,0,2026-05-21,2025-02-21T10:57:00
OPP001775,LED002320,Qualification,4319525.48,25,2026-06-04,2025-11-28T22:51:00
OPP001776,LED002823,Closed Won,2805198.29,100,2026-10-03,2025-05-18T14:30:00
OPP001777,LED001257,Closed Won,168023.64,100,2026-06-17,2025-10-12T05:04:00
OPP001778,LED004899,Closed Lost,3950893.05,0,2026-07-22,2025-11-13T01:04:00
OPP001779,LED001632,Closed Lost,4729463.97,0,2026-08-09,2026-02-23T17:39:00
OPP001780,LED001306,Prospecting,1779160.65,10,2026-10-18,2025-02-15T16:27:00
OPP001781,LED004060,Proposal,4796219.58,50,2026-10-27,2026-04-03T13:04:00
OPP001782,LED001859,Prospecting,2451156.91,10,2026-07-24,2025-08-13T10:51:00
OPP001783,LED004980,Negotiation,3080770.86,75,2026-05-24,2025-11-17T16:11:00
OPP001784,LED001463,Closed Lost,3986536.81,0,2026-08-19,2025-08-10T20:00:00
OPP001785,LED005001,Qualification,2168532.75,25,2026-09-26,2026-03-03T21:40:00
OPP001786,LED004972,Negotiation,2084144.49,75,2026-09-18,2025-04-29T10:33:00
OPP001787,LED000288,Proposal,1308823.79,50,2026-06-06,2025-02-12T22:12:00
OPP001788,LED003802,Closed Won,3102126.14,100,2026-09-26,2025-04-10T19:21:00
OPP001789,LED004968,Negotiation,3716612.74,75,2026-05-03,2025-04-10T19:58:00
OPP001790,LED005715,Closed Lost,1141416.5,0,2026-05-05,2025-01-01T17:06:00
OPP001791,LED001887,Closed Lost,2185592.41,0,2026-08-16,2026-03-31T22:38:00
OPP001792,LED004172,Proposal,1723206.6,50,2026-07-01,2026-04-17T14:55:00
OPP001793,LED003443,Proposal,3400677.37,50,2026-06-23,2025-06-25T16:52:00
OPP001794,LED005172,Negotiation,1948884.22,75,2026-06-11,2026-01-30T21:09:00
OPP001795,LED001608,Closed Lost,3160826.75,0,2026-06-23,2025-04-20T21:28:00
OPP001796,LED001212,Negotiation,4046056.88,75,2026-06-11,2026-03-02T13:21:00
OPP001797,LED002045,Closed Won,1445245.19,100,2026-08-03,2026-03-23T09:39:00
OPP001798,LED003473,Closed Won,2146035.36,100,2026-10-17,2025-04-15T14:08:00
OPP001799,LED001902,Closed Lost,3396324.38,0,2026-05-28,2025-01-11T00:28:00
OPP001800,LED000373,Closed Won,1671928.18,100,2026-06-09,2025-08-03T03:08:00
OPP001801,LED000730,Closed Lost,4441055.88,0,2026-06-17,2025-03-25T17:15:00
OPP001802,LED001807,Qualification,3391175.04,25,2026-09-06,2026-01-26T04:06:00
OPP001803,LED001257,Negotiation,1988256.06,75,2026-05-05,2025-08-05T03:08:00
OPP001804,LED002160,Qualification,1814696.08,25,2026-08-26,2026-04-11T15:08:00
OPP001805,LED003472,Proposal,1608625.91,50,2026-10-09,2025-11-08T06:32:00
OPP001806,LED005154,Qualification,3868284.49,25,2026-10-10,2025-01-18T05:23:00
OPP001807,LED000486,Prospecting,4856594.68,10,2026-05-20,2025-06-20T22:03:00
OPP001808,LED005917,Closed Won,4230038.07,100,2026-07-04,2025-02-17T13:02:00
OPP001809,LED000731,Negotiation,4586768.16,75,2026-07-24,2026-03-24T09:41:00
OPP001810,LED002013,Closed Lost,1811777.26,0,2026-07-09,2026-03-09T21:25:00
OPP001811,LED002601,Closed Won,4820546.8,100,2026-07-26,2026-04-23T10:10:00
OPP001812,LED004953,Negotiation,3121770.42,75,2026-07-30,2025-02-20T09:23:00
OPP001813,LED004069,Closed Won,2860610.98,100,2026-05-23,2025-06-06T16:27:00
OPP001814,LED000476,Closed Lost,3149953.19,0,2026-07-22,2025-04-10T06:12:00
OPP001815,LED001029,Closed Won,4317879.9,100,2026-08-16,2025-03-05T16:59:00
OPP001816,LED003600,Proposal,3622259.71,50,2026-09-29,2025-10-12T00:03:00
OPP001817,LED005866,Negotiation,3644488.31,75,2026-08-01,2025-05-07T22:31:00
OPP001818,LED001634,Closed Won,2901655.37,100,2026-09-05,2025-11-22T00:38:00
OPP001819,LED000918,Qualification,893562.4,25,2026-08-29,2025-08-05T07:11:00
OPP001820,LED000611,Proposal,3501709.3,50,2026-08-14,2025-12-25T14:29:00
OPP001821,LED004706,Prospecting,2501667.67,10,2026-08-05,2025-12-01T06:07:00
OPP001822,LED001189,Closed Won,1601266.97,100,2026-05-14,2026-04-20T19:15:00
OPP001823,LED001889,Closed Lost,814497.27,0,2026-08-06,2026-04-19T16:30:00
OPP001824,LED000172,Negotiation,3009319.65,75,2026-07-24,2026-03-03T20:59:00
OPP001825,LED000565,Closed Won,3046183.84,100,2026-06-29,2026-04-16T11:16:00
OPP001826,LED002221,Proposal,2233694.13,50,2026-05-27,2025-03-29T10:53:00
OPP001827,LED001515,Negotiation,4983657.75,75,2026-06-17,2025-03-25T19:56:00
OPP001828,LED000902,Closed Won,3771908.18,100,2026-05-11,2025-03-19T20:38:00
OPP001829,LED000184,Prospecting,4275713.67,10,2026-08-29,2025-05-25T15:11:00
OPP001830,LED005635,Closed Won,1604586.03,100,2026-08-10,2025-11-19T08:34:00
OPP001831,LED001333,Closed Won,1985129.9,100,2026-08-26,2026-01-09T14:26:00
OPP001832,LED004964,Qualification,2692226.89,25,2026-09-02,2025-02-02T22:01:00
OPP001833,LED002070,Negotiation,2975250.05,75,2026-08-12,2025-08-26T17:56:00
OPP001834,LED001592,Proposal,4873469.86,50,2026-06-12,2025-01-30T05:51:00
OPP001835,LED003346,Prospecting,2053315.34,10,2026-07-03,2025-11-10T18:25:00
OPP001836,LED004786,Negotiation,4988072.4,75,2026-08-27,2025-03-22T18:58:00
OPP001837,LED003072,Qualification,3272094.39,25,2026-07-26,2026-01-31T16:22:00
OPP001838,LED002967,Proposal,1455560.71,50,2026-05-17,2026-02-15T23:52:00
OPP001839,LED001638,Closed Lost,3075017.77,0,2026-09-26,2025-05-27T16:09:00
OPP001840,LED005805,Closed Won,2340632.36,100,2026-08-19,2025-10-24T00:04:00
OPP001841,LED003016,Negotiation,1881629.97,75,2026-07-15,2025-12-16T04:13:00
OPP001842,LED005573,Closed Lost,633809.78,0,2026-08-25,2025-08-15T01:56:00
OPP001843,LED005210,Prospecting,3398774.61,10,2026-06-29,2025-09-15T15:29:00
OPP001844,LED003251,Closed Lost,3898293.96,0,2026-10-23,2025-02-07T23:10:00
OPP001845,LED002222,Prospecting,298188.42,10,2026-05-31,2025-06-27T01:32:00
OPP001846,LED004984,Negotiation,3478849.16,75,2026-08-15,2026-01-20T17:36:00
OPP001847,LED005953,Qualification,4645104.65,25,2026-09-14,2025-06-11T18:20:00
OPP001848,LED000143,Negotiation,4899531.63,75,2026-06-11,2026-01-24T09:19:00
OPP001849,LED004392,Negotiation,316384.22,75,2026-05-13,2025-09-09T06:50:00
OPP001850,LED001812,Closed Won,2910233.35,100,2026-10-08,2025-07-24T13:22:00
OPP001851,LED001341,Proposal,4261165.41,50,2026-08-28,2025-10-06T01:56:00
OPP001852,LED001243,Proposal,2628516.72,50,2026-09-02,2025-12-31T06:08:00
OPP001853,LED003978,Closed Lost,1076887.59,0,2026-07-11,2026-03-01T02:10:00
OPP001854,LED002292,Prospecting,1110543.17,10,2026-09-16,2025-10-28T18:06:00
OPP001855,LED001827,Closed Lost,1192913.62,0,2026-06-29,2025-09-07T04:59:00
OPP001856,LED002307,Qualification,4739007.33,25,2026-10-03,2026-01-06T13:58:00
OPP001857,LED004281,Prospecting,3191784.95,10,2026-05-27,2025-04-19T22:41:00
OPP001858,LED000147,Qualification,895222.37,25,2026-10-09,2025-09-29T17:29:00
OPP001859,LED004971,Negotiation,1520025.05,75,2026-05-28,2025-07-30T02:51:00
OPP001860,LED004451,Closed Lost,3012925.56,0,2026-06-11,2025-03-15T07:43:00
OPP001861,LED004496,Closed Won,4750211.28,100,2026-08-20,2025-05-26T16:44:00
OPP001862,LED005416,Qualification,4221796.11,25,2026-10-27,2025-12-24T11:05:00
OPP001863,LED003259,Closed Won,120504.76,100,2026-09-22,2025-03-27T11:36:00
OPP001864,LED000208,Proposal,3312275.66,50,2026-05-12,2025-11-06T15:47:00
OPP001865,LED001767,Qualification,3609776.58,25,2026-05-15,2025-09-03T20:25:00
OPP001866,LED005269,Qualification,657824.47,25,2026-07-31,2025-11-03T19:21:00
OPP001867,LED004421,Negotiation,4371959.84,75,2026-08-06,2026-02-11T00:53:00
OPP001868,LED005848,Qualification,4213888.72,25,2026-05-15,2026-03-17T01:02:00
OPP001869,LED005608,Negotiation,465816.51,75,2026-07-25,2025-09-12T16:56:00
OPP001870,LED003472,Qualification,3210755.95,25,2026-05-31,2025-03-17T18:11:00
OPP001871,LED005669,Closed Won,754214.44,100,2026-10-19,2025-05-15T08:39:00
OPP001872,LED004810,Closed Lost,2379643.38,0,2026-07-24,2026-03-14T05:24:00
OPP001873,LED004167,Prospecting,2750926.11,10,2026-07-26,2026-04-21T19:44:00
OPP001874,LED002127,Negotiation,1347237.56,75,2026-10-11,2025-02-15T20:33:00
OPP001875,LED000526,Qualification,1923157.43,25,2026-10-23,2025-01-24T10:20:00
OPP001876,LED000902,Closed Lost,2512725.89,0,2026-06-27,2025-10-27T03:30:00
OPP001877,LED000988,Proposal,4300945.61,50,2026-09-09,2025-02-02T19:14:00
OPP001878,LED002799,Closed Won,3236543.0,100,2026-05-25,2026-01-06T16:36:00
OPP001879,LED002022,Prospecting,4279514.49,10,2026-10-22,2025-07-08T02:05:00
OPP001880,LED001144,Negotiation,3817021.42,75,2026-09-29,2025-01-17T08:02:00
OPP001881,LED002510,Closed Lost,2698572.93,0,2026-05-10,2025-08-28T12:44:00
OPP001882,LED000113,Negotiation,850101.68,75,2026-09-13,2025-12-08T16:43:00
OPP001883,LED000311,Qualification,429126.8,25,2026-10-08,2025-09-27T17:58:00
OPP001884,LED005712,Proposal,3652787.69,50,2026-07-25,2025-09-10T17:20:00
OPP001885,LED004858,Prospecting,1463412.79,10,2026-10-19,2025-10-06T03:12:00
OPP001886,LED000389,Closed Lost,1138689.6,0,2026-06-01,2025-03-15T01:01:00
OPP001887,LED000639,Prospecting,4140661.71,10,2026-06-08,2026-01-27T18:20:00
OPP001888,LED000469,Qualification,748584.01,25,2026-10-04,2025-10-24T02:14:00
OPP001889,LED004498,Proposal,1037301.61,50,2026-10-09,2025-05-20T13:50:00
OPP001890,LED005170,Prospecting,1873499.33,10,2026-05-06,2025-01-07T03:14:00
OPP001891,LED003657,Qualification,1752580.62,25,2026-10-23,2025-10-11T11:31:00
OPP001892,LED001786,Prospecting,1221216.38,10,2026-07-05,2026-02-15T20:37:00
OPP001893,LED000925,Prospecting,3317185.74,10,2026-06-11,2025-08-26T16:27:00
OPP001894,LED005108,Qualification,4982451.73,25,2026-06-14,2025-02-28T20:24:00
OPP001895,LED005232,Qualification,4428339.61,25,2026-06-03,2025-07-03T05:19:00
OPP001896,LED005254,Proposal,313169.23,50,2026-05-05,2025-11-18T13:03:00
OPP001897,LED004170,Closed Lost,411612.14,0,2026-06-09,2025-01-27T13:36:00
OPP001898,LED003759,Prospecting,2840087.47,10,2026-10-15,2025-07-30T06:02:00
OPP001899,LED000873,Proposal,4244160.16,50,2026-06-18,2025-04-07T00:06:00
OPP001900,LED000519,Prospecting,2834754.27,10,2026-07-20,2025-11-05T00:30:00
OPP001901,LED001299,Closed Lost,1952997.74,0,2026-05-15,2025-04-02T00:26:00
OPP001902,LED000786,Proposal,3529714.34,50,2026-10-03,2026-04-19T11:53:00
OPP001903,LED001038,Closed Lost,3237070.78,0,2026-07-15,2025-08-04T03:05:00
OPP001904,LED000585,Closed Won,4627910.24,100,2026-08-20,2025-03-08T01:17:00
OPP001905,LED000903,Closed Won,2954131.24,100,2026-10-04,2025-12-11T20:26:00
OPP001906,LED000207,Proposal,4459295.71,50,2026-10-15,2026-02-20T21:40:00
OPP001907,LED001589,Prospecting,2548668.24,10,2026-09-16,2025-10-10T06:49:00
OPP001908,LED005820,Closed Won,2511791.66,100,2026-10-02,2025-07-17T20:03:00
OPP001909,LED005821,Closed Lost,3338832.81,0,2026-08-31,2025-02-20T19:07:00
OPP001910,LED004713,Negotiation,783054.14,75,2026-06-13,2026-02-04T20:04:00
OPP001911,LED002434,Proposal,464197.99,50,2026-05-05,2026-04-30T18:56:00
OPP001912,LED002869,Prospecting,1849269.81,10,2026-06-03,2025-08-20T10:49:00
OPP001913,LED002238,Negotiation,2934625.53,75,2026-08-30,2025-06-07T01:59:00
OPP001914,LED001886,Proposal,885630.46,50,2026-10-24,2025-11-14T09:21:00
OPP001915,LED004736,Proposal,81500.37,50,2026-05-02,2025-07-26T11:55:00
OPP001916,LED003327,Closed Won,555721.9,100,2026-05-15,2025-12-22T12:51:00
OPP001917,LED003207,Closed Lost,3139339.55,0,2026-10-04,2026-01-13T06:45:00
OPP001918,LED003592,Proposal,1242657.18,50,2026-05-05,2026-03-07T14:58:00
OPP001919,LED000178,Closed Lost,1060248.43,0,2026-06-27,2025-06-15T06:50:00
OPP001920,LED002788,Qualification,4959565.29,25,2026-05-23,2025-11-08T09:30:00
OPP001921,LED005834,Qualification,933705.51,25,2026-07-03,2025-05-24T06:01:00
OPP001922,LED000619,Proposal,3751911.3,50,2026-07-18,2025-09-24T23:14:00
OPP001923,LED002068,Negotiation,3987954.88,75,2026-09-06,2025-02-02T02:57:00
OPP001924,LED005677,Proposal,3648514.66,50,2026-09-18,2025-09-06T23:03:00
OPP001925,LED000707,Proposal,1461229.78,50,2026-10-18,2026-01-05T06:37:00
OPP001926,LED001649,Negotiation,1333663.93,75,2026-08-12,2025-11-13T09:22:00
OPP001927,LED002603,Prospecting,61454.45,10,2026-08-08,2025-03-30T07:11:00
OPP001928,LED003439,Prospecting,1601484.79,10,2026-09-28,2025-08-05T12:42:00
OPP001929,LED004995,Prospecting,2774082.64,10,2026-05-06,2025-02-24T18:14:00
OPP001930,LED001152,Prospecting,869963.88,10,2026-09-17,2025-06-19T14:09:00
OPP001931,LED002572,Closed Lost,779261.34,0,2026-06-19,2025-09-15T16:29:00
OPP001932,LED005774,Closed Lost,2366306.29,0,2026-05-20,2025-08-22T14:37:00
OPP001933,LED004204,Proposal,4765305.89,50,2026-09-20,2025-12-31T20:09:00
OPP001934,LED004718,Negotiation,4240156.52,75,2026-06-14,2026-04-04T20:07:00
OPP001935,LED004148,Prospecting,753234.99,10,2026-05-04,2025-02-03T10:44:00
OPP001936,LED000760,Closed Lost,2051863.41,0,2026-10-11,2026-01-20T03:11:00
OPP001937,LED000686,Closed Lost,3907441.25,0,2026-10-15,2025-08-20T00:05:00
OPP001938,LED000522,Negotiation,3165026.66,75,2026-08-29,2025-07-12T10:58:00
OPP001939,LED001225,Proposal,600106.13,50,2026-06-19,2025-09-18T00:02:00
OPP001940,LED004483,Negotiation,367940.97,75,2026-07-30,2025-04-12T15:45:00
OPP001941,LED005949,Closed Lost,518977.51,0,2026-08-19,2025-05-20T04:04:00
OPP001942,LED003241,Closed Lost,325033.24,0,2026-09-01,2026-01-23T00:39:00
OPP001943,LED003263,Prospecting,1532498.55,10,2026-07-17,2026-04-07T07:13:00
OPP001944,LED002159,Closed Lost,2030678.36,0,2026-07-15,2026-01-14T14:41:00
OPP001945,LED002369,Qualification,1678081.66,25,2026-10-23,2025-09-21T17:05:00
OPP001946,LED004572,Closed Won,2331989.36,100,2026-08-25,2025-10-18T04:23:00
OPP001947,LED004315,Closed Lost,2371967.02,0,2026-08-24,2025-05-04T23:25:00
OPP001948,LED000604,Negotiation,3969897.45,75,2026-09-02,2025-03-08T23:57:00
OPP001949,LED000525,Closed Lost,4741483.87,0,2026-10-22,2025-02-21T02:11:00
OPP001950,LED000274,Proposal,3516617.06,50,2026-10-01,2025-06-11T12:28:00
OPP001951,LED003932,Closed Lost,3404743.34,0,2026-07-16,2026-02-28T01:37:00
OPP001952,LED004626,Closed Won,4879206.86,100,2026-05-13,2025-12-06T20:07:00
OPP001953,LED000023,Negotiation,1674195.41,75,2026-08-22,2026-02-10T10:29:00
OPP001954,LED002279,Negotiation,261704.28,75,2026-10-18,2025-05-30T21:13:00
OPP001955,LED000888,Negotiation,774976.16,75,2026-10-16,2025-02-22T17:47:00
OPP001956,LED003098,Qualification,3878306.83,25,2026-06-10,2025-11-12T03:12:00
OPP001957,LED002922,Prospecting,3603277.92,10,2026-05-30,2025-09-13T11:56:00
OPP001958,LED001536,Negotiation,1718979.33,75,2026-07-13,2025-10-24T15:18:00
OPP001959,LED005526,Proposal,1568940.91,50,2026-05-22,2026-04-15T05:53:00
OPP001960,LED004235,Negotiation,3692464.16,75,2026-06-09,2025-10-19T12:22:00
OPP001961,LED004139,Prospecting,2944624.7,10,2026-10-13,2025-02-06T13:43:00
OPP001962,LED002492,Negotiation,26248.03,75,2026-05-27,2026-04-10T19:05:00
OPP001963,LED003169,Negotiation,862608.18,75,2026-10-13,2025-06-20T14:30:00
OPP001964,LED000991,Proposal,4198855.26,50,2026-07-13,2025-03-31T12:55:00
OPP001965,LED004800,Qualification,4620788.22,25,2026-05-29,2025-10-27T19:23:00
OPP001966,LED005488,Qualification,3242701.35,25,2026-07-24,2025-08-12T18:56:00
OPP001967,LED005522,Qualification,2970032.62,25,2026-08-28,2026-03-30T10:38:00
OPP001968,LED002316,Prospecting,2713714.8,10,2026-05-20,2025-03-04T01:20:00
OPP001969,LED005562,Closed Won,4442148.11,100,2026-08-20,2025-03-07T20:07:00
OPP001970,LED004876,Closed Won,4178930.79,100,2026-08-23,2025-11-07T20:02:00
OPP001971,LED001519,Closed Won,3087427.37,100,2026-06-13,2025-06-14T04:43:00
OPP001972,LED000229,Prospecting,1390114.12,10,2026-07-15,2025-11-25T06:26:00
OPP001973,LED000146,Qualification,2649007.04,25,2026-07-08,2025-10-31T21:16:00
OPP001974,LED000652,Closed Won,4529097.14,100,2026-10-06,2025-07-26T06:52:00
OPP001975,LED001824,Proposal,2328957.08,50,2026-08-17,2025-10-23T15:28:00
OPP001976,LED000945,Proposal,4229542.85,50,2026-07-16,2025-02-07T22:24:00
OPP001977,LED002933,Qualification,4434225.45,25,2026-06-21,2025-06-24T00:57:00
OPP001978,LED004008,Closed Won,609512.89,100,2026-09-07,2025-07-09T20:10:00
OPP001979,LED002029,Proposal,1803670.43,50,2026-07-02,2025-09-27T19:47:00
OPP001980,LED003014,Closed Won,4063729.09,100,2026-06-03,2025-01-08T22:37:00
OPP001981,LED003899,Qualification,1524553.39,25,2026-08-07,2025-10-28T02:41:00
OPP001982,LED005765,Closed Won,2064014.57,100,2026-06-13,2025-09-21T01:54:00
OPP001983,LED004210,Closed Lost,2089956.79,0,2026-08-03,2025-09-15T06:58:00
OPP001984,LED000626,Closed Won,3643534.63,100,2026-07-14,2025-12-06T04:44:00
OPP001985,LED005999,Negotiation,3899240.7,75,2026-08-07,2025-07-20T08:11:00
OPP001986,LED000513,Prospecting,1894295.0,10,2026-05-24,2025-10-15T08:13:00
OPP001987,LED001056,Negotiation,579820.67,75,2026-06-13,2025-12-09T13:37:00
OPP001988,LED002721,Closed Won,1324217.91,100,2026-10-15,2025-10-16T18:26:00
OPP001989,LED004470,Qualification,2557574.3,25,2026-05-22,2025-10-27T16:16:00
OPP001990,LED004709,Closed Won,2613739.45,100,2026-07-20,2026-01-15T14:47:00
OPP001991,LED005499,Proposal,1185536.57,50,2026-08-15,2025-08-06T08:57:00
OPP001992,LED000013,Closed Lost,2619684.64,0,2026-06-19,2025-01-05T15:05:00
OPP001993,LED003340,Closed Won,1064827.91,100,2026-09-03,2025-05-26T22:11:00
OPP001994,LED001393,Negotiation,4415490.65,75,2026-07-20,2025-07-04T00:39:00
OPP001995,LED001578,Prospecting,226606.65,10,2026-10-10,2025-06-02T15:07:00
OPP001996,LED002065,Proposal,1681029.38,50,2026-10-17,2026-02-10T11:38:00
OPP001997,LED001516,Closed Lost,1274377.55,0,2026-08-06,2025-08-31T07:45:00
OPP001998,LED004231,Prospecting,4457501.45,10,2026-05-14,2025-10-12T16:47:00
OPP001999,LED002483,Closed Lost,3889842.85,0,2026-10-18,2025-01-04T04:00:00
OPP002000,LED005944,Proposal,3029768.31,50,2026-08-02,2026-01-20T11:53:00
OPP002001,LED000415,Negotiation,2878837.85,75,2026-05-29,2025-08-20T19:34:00
OPP002002,LED003817,Negotiation,4272754.54,75,2026-09-02,2025-05-01T00:53:00
OPP002003,LED003589,Closed Lost,4295084.51,0,2026-08-27,2026-04-26T12:26:00
OPP002004,LED003048,Closed Won,4380720.24,100,2026-09-17,2025-07-31T02:20:00
OPP002005,LED000392,Prospecting,3176751.02,10,2026-10-09,2025-04-18T05:39:00
OPP002006,LED002391,Proposal,1511216.83,50,2026-09-17,2025-02-15T11:37:00
OPP002007,LED005480,Closed Won,1819299.15,100,2026-07-25,2026-02-09T07:10:00
OPP002008,LED001203,Negotiation,26254.43,75,2026-05-27,2025-11-17T12:17:00
OPP002009,LED003950,Closed Lost,1154833.63,0,2026-06-02,2025-02-07T09:22:00
OPP002010,LED000721,Closed Won,1442022.48,100,2026-06-06,2026-04-18T14:00:00
OPP002011,LED001219,Closed Won,3044868.85,100,2026-09-01,2025-04-11T05:40:00
OPP002012,LED005915,Negotiation,196672.43,75,2026-08-11,2025-12-25T17:50:00
OPP002013,LED005552,Qualification,4641355.77,25,2026-10-13,2026-02-12T01:50:00
OPP002014,LED005589,Closed Won,4197717.16,100,2026-09-12,2026-02-16T16:45:00
OPP002015,LED001023,Closed Won,2012516.86,100,2026-06-25,2026-03-06T08:13:00
OPP002016,LED005451,Proposal,3889736.68,50,2026-08-15,2025-10-22T00:37:00
OPP002017,LED002532,Negotiation,3526433.76,75,2026-10-23,2025-09-05T08:46:00
OPP002018,LED004603,Proposal,630259.29,50,2026-10-28,2025-01-27T07:01:00
OPP002019,LED004069,Qualification,3966440.0,25,2026-10-03,2026-04-26T08:33:00
OPP002020,LED004296,Qualification,2309845.73,25,2026-08-19,2025-02-21T23:32:00
OPP002021,LED001642,Closed Won,3529676.22,100,2026-10-09,2025-11-23T10:26:00
OPP002022,LED002781,Proposal,3849074.34,50,2026-05-30,2025-06-24T17:12:00
OPP002023,LED003057,Proposal,4804131.09,50,2026-08-28,2025-07-28T02:46:00
OPP002024,LED003116,Negotiation,1798402.67,75,2026-06-03,2025-02-26T20:30:00
OPP002025,LED002520,Prospecting,4786173.26,10,2026-05-20,2025-08-18T15:28:00
OPP002026,LED005785,Proposal,2256255.25,50,2026-05-07,2025-08-25T07:53:00
OPP002027,LED004783,Prospecting,3291228.17,10,2026-07-01,2025-11-16T14:30:00
OPP002028,LED001501,Closed Won,1584497.25,100,2026-10-13,2026-01-07T12:53:00
OPP002029,LED000659,Closed Won,1894416.99,100,2026-05-29,2026-03-07T12:37:00
OPP002030,LED002009,Qualification,2435156.85,25,2026-05-20,2026-03-05T06:36:00
OPP002031,LED001604,Prospecting,3994516.77,10,2026-08-06,2025-05-15T10:43:00
OPP002032,LED002694,Closed Won,2681470.5,100,2026-06-09,2026-01-29T13:21:00
OPP002033,LED004015,Closed Won,4498514.0,100,2026-07-16,2025-06-22T01:43:00
OPP002034,LED001648,Qualification,3304250.75,25,2026-05-03,2025-01-01T11:15:00
OPP002035,LED000041,Prospecting,858956.96,10,2026-09-25,2026-02-05T12:28:00
OPP002036,LED005780,Prospecting,196408.87,10,2026-09-03,2025-03-01T08:45:00
OPP002037,LED003325,Proposal,1473241.68,50,2026-05-21,2025-01-09T03:39:00
OPP002038,LED001874,Proposal,1450126.31,50,2026-07-23,2025-01-06T19:38:00
OPP002039,LED005828,Closed Lost,4191636.37,0,2026-07-03,2025-02-02T04:58:00
OPP002040,LED005685,Closed Won,319506.59,100,2026-09-30,2025-01-24T09:54:00
OPP002041,LED001632,Proposal,1584445.81,50,2026-08-11,2025-07-15T16:31:00
OPP002042,LED002076,Closed Won,291041.55,100,2026-09-15,2025-08-19T20:12:00
OPP002043,LED005890,Negotiation,142951.43,75,2026-10-17,2025-02-11T06:49:00
OPP002044,LED003878,Qualification,575038.9,25,2026-05-03,2025-03-24T14:16:00
OPP002045,LED002534,Closed Lost,1277626.95,0,2026-05-03,2025-11-07T14:21:00
OPP002046,LED004719,Closed Lost,1662223.63,0,2026-08-29,2025-04-27T10:30:00
OPP002047,LED002054,Negotiation,2727671.34,75,2026-05-09,2026-01-04T16:56:00
OPP002048,LED002165,Proposal,2461934.31,50,2026-06-30,2025-11-16T11:53:00
OPP002049,LED001668,Negotiation,1441493.36,75,2026-05-10,2025-02-01T04:08:00
OPP002050,LED003139,Closed Lost,2901608.93,0,2026-05-10,2025-08-17T19:58:00
OPP002051,LED003130,Closed Lost,4976916.39,0,2026-10-13,2026-01-06T08:20:00
OPP002052,LED001940,Negotiation,3212617.63,75,2026-08-14,2025-10-26T08:40:00
OPP002053,LED005238,Closed Lost,3837330.01,0,2026-09-18,2026-02-26T03:42:00
OPP002054,LED002857,Qualification,900572.17,25,2026-09-20,2025-01-13T14:14:00
OPP002055,LED005859,Prospecting,4337793.39,10,2026-07-03,2026-02-20T09:31:00
OPP002056,LED005882,Prospecting,3312490.05,10,2026-10-20,2025-08-23T12:25:00
OPP002057,LED004144,Closed Lost,4512966.95,0,2026-09-13,2025-09-27T13:41:00
OPP002058,LED004751,Negotiation,836187.72,75,2026-09-06,2026-02-11T18:30:00
OPP002059,LED001869,Prospecting,559515.65,10,2026-10-03,2025-09-21T01:46:00
OPP002060,LED005154,Negotiation,2605992.7,75,2026-05-22,2025-01-27T22:14:00
OPP002061,LED002277,Prospecting,910922.18,10,2026-05-12,2026-02-07T22:06:00
OPP002062,LED002725,Prospecting,415246.55,10,2026-06-24,2025-04-09T19:19:00
OPP002063,LED002513,Negotiation,2814687.91,75,2026-06-03,2025-11-23T01:24:00
OPP002064,LED002668,Qualification,1721877.99,25,2026-10-23,2025-06-30T16:06:00
OPP002065,LED003509,Closed Won,4348824.13,100,2026-08-27,2026-03-24T20:53:00
OPP002066,LED004478,Qualification,4969779.95,25,2026-06-02,2026-05-01T08:34:00
OPP002067,LED001416,Negotiation,1709170.19,75,2026-06-24,2025-07-31T22:18:00
OPP002068,LED004299,Prospecting,1891051.76,10,2026-05-16,2025-03-08T23:07:00
OPP002069,LED004248,Closed Lost,2741978.36,0,2026-09-11,2025-09-15T18:45:00
OPP002070,LED003794,Qualification,570020.97,25,2026-05-08,2025-11-09T09:05:00
OPP002071,LED000517,Negotiation,4848183.97,75,2026-07-29,2026-04-16T06:45:00
OPP002072,LED004571,Closed Won,4605215.4,100,2026-10-21,2025-05-11T10:07:00
OPP002073,LED004956,Closed Lost,4810151.69,0,2026-10-28,2025-12-28T16:26:00
OPP002074,LED003176,Qualification,864895.37,25,2026-09-27,2026-01-03T21:17:00
OPP002075,LED004393,Proposal,2991426.19,50,2026-08-06,2025-04-25T12:32:00
OPP002076,LED001910,Closed Won,1476644.19,100,2026-07-28,2025-06-19T06:41:00
OPP002077,LED000885,Closed Lost,94102.8,0,2026-08-17,2025-08-16T04:00:00
OPP002078,LED005963,Proposal,3132186.9,50,2026-09-11,2026-02-02T22:08:00
OPP002079,LED002612,Proposal,1054913.02,50,2026-09-04,2025-11-12T15:50:00
OPP002080,LED001317,Closed Won,558577.15,100,2026-09-22,2025-05-08T10:03:00
OPP002081,LED002955,Prospecting,867971.59,10,2026-05-09,2025-03-02T14:58:00
OPP002082,LED003310,Proposal,132326.32,50,2026-06-17,2025-01-21T19:45:00
OPP002083,LED005132,Negotiation,1251537.34,75,2026-08-02,2025-12-13T02:58:00
OPP002084,LED003647,Qualification,3850162.08,25,2026-09-12,2026-02-14T16:23:00
OPP002085,LED004466,Qualification,2549765.99,25,2026-07-22,2026-03-20T04:59:00
OPP002086,LED002474,Qualification,3586949.9,25,2026-06-20,2025-02-28T01:36:00
OPP002087,LED005660,Closed Won,4739178.09,100,2026-08-09,2025-02-24T20:06:00
OPP002088,LED002294,Negotiation,1702806.78,75,2026-10-24,2026-02-20T07:53:00
OPP002089,LED001191,Closed Lost,241831.06,0,2026-10-16,2025-08-15T20:57:00
OPP002090,LED000663,Proposal,103581.57,50,2026-07-19,2025-07-23T15:14:00
OPP002091,LED002909,Qualification,4225546.62,25,2026-06-04,2025-11-01T12:47:00
OPP002092,LED001585,Proposal,4319150.23,50,2026-08-24,2025-02-08T10:39:00
OPP002093,LED005156,Closed Lost,4228787.25,0,2026-05-05,2025-12-23T18:37:00
OPP002094,LED001382,Closed Lost,3976265.01,0,2026-09-07,2026-03-27T15:15:00
OPP002095,LED005844,Negotiation,2183503.59,75,2026-10-07,2025-08-14T23:51:00
OPP002096,LED004296,Proposal,3947039.34,50,2026-06-05,2025-12-29T21:16:00
OPP002097,LED002954,Prospecting,2054303.65,10,2026-09-12,2025-04-28T02:18:00
OPP002098,LED002723,Qualification,3202814.98,25,2026-07-31,2026-02-19T02:15:00
OPP002099,LED001491,Prospecting,1505707.91,10,2026-05-09,2025-01-31T09:38:00
OPP002100,LED001548,Closed Won,2145626.18,100,2026-06-29,2026-04-29T15:34:00
OPP002101,LED003092,Qualification,3207507.22,25,2026-05-17,2025-08-25T04:51:00
OPP002102,LED001780,Qualification,880154.72,25,2026-05-18,2025-09-23T13:37:00
OPP002103,LED000740,Qualification,1952395.75,25,2026-08-25,2025-08-17T17:18:00
OPP002104,LED004068,Prospecting,57504.55,10,2026-08-11,2025-05-25T08:13:00
OPP002105,LED003886,Proposal,4429738.23,50,2026-09-20,2026-04-03T04:38:00
OPP002106,LED004738,Negotiation,4297801.67,75,2026-05-23,2025-09-13T16:10:00
OPP002107,LED003873,Qualification,1663527.49,25,2026-05-23,2025-05-17T01:00:00
OPP002108,LED002718,Qualification,2857380.22,25,2026-06-14,2025-02-20T06:39:00
OPP002109,LED000849,Qualification,4928396.42,25,2026-10-02,2025-12-10T03:21:00
OPP002110,LED004264,Qualification,909935.74,25,2026-05-08,2025-12-24T09:26:00
OPP002111,LED002298,Proposal,2870441.2,50,2026-06-15,2026-01-01T18:42:00
OPP002112,LED003626,Qualification,3426073.35,25,2026-10-13,2025-02-23T22:36:00
OPP002113,LED000024,Proposal,3073016.42,50,2026-07-14,2025-11-24T15:46:00
OPP002114,LED000180,Proposal,2673674.91,50,2026-07-17,2025-12-04T07:17:00
OPP002115,LED000379,Closed Won,4866436.39,100,2026-07-31,2026-03-15T20:37:00
OPP002116,LED000048,Negotiation,4315658.67,75,2026-09-01,2025-06-20T14:41:00
OPP002117,LED003291,Qualification,4601748.63,25,2026-10-05,2025-08-29T01:38:00
OPP002118,LED000915,Prospecting,4854390.51,10,2026-08-12,2025-08-31T01:21:00
OPP002119,LED002027,Prospecting,162654.61,10,2026-06-02,2025-10-05T20:12:00
OPP002120,LED005590,Negotiation,364654.88,75,2026-07-29,2025-04-27T19:44:00
OPP002121,LED003841,Proposal,4304421.76,50,2026-10-12,2025-03-14T22:01:00
OPP002122,LED003433,Closed Won,3618273.24,100,2026-09-15,2025-05-09T18:27:00
OPP002123,LED000582,Proposal,3768490.28,50,2026-10-12,2025-09-29T08:08:00
OPP002124,LED005251,Proposal,3658296.47,50,2026-05-29,2026-01-18T18:11:00
OPP002125,LED005739,Closed Lost,926353.26,0,2026-05-15,2025-03-24T17:48:00
OPP002126,LED005492,Closed Lost,4272156.5,0,2026-10-04,2025-10-03T07:49:00
OPP002127,LED001338,Prospecting,178111.26,10,2026-10-06,2026-03-01T09:46:00
OPP002128,LED005356,Prospecting,778661.38,10,2026-06-29,2025-09-09T11:02:00
OPP002129,LED001893,Closed Lost,2436312.05,0,2026-05-13,2026-05-01T09:51:00
OPP002130,LED005156,Prospecting,1609971.3,10,2026-05-19,2025-08-15T11:31:00
OPP002131,LED000839,Qualification,4949108.52,25,2026-09-10,2025-11-28T08:16:00
OPP002132,LED005891,Closed Lost,1625619.3,0,2026-09-27,2026-01-07T10:44:00
OPP002133,LED001962,Proposal,1356906.0,50,2026-09-16,2025-11-11T05:35:00
OPP002134,LED003089,Closed Won,2138715.15,100,2026-05-07,2026-02-25T21:29:00
OPP002135,LED000980,Proposal,1198340.04,50,2026-09-27,2025-08-04T20:20:00
OPP002136,LED000385,Closed Won,1304285.58,100,2026-07-10,2025-05-12T12:21:00
OPP002137,LED001257,Closed Won,3616131.67,100,2026-09-09,2025-01-09T14:10:00
OPP002138,LED002428,Prospecting,3221253.9,10,2026-07-04,2025-05-22T06:59:00
OPP002139,LED005920,Negotiation,1189967.63,75,2026-05-12,2025-05-24T13:52:00
OPP002140,LED005952,Closed Won,3801199.95,100,2026-09-22,2026-04-10T18:23:00
OPP002141,LED003699,Proposal,187274.75,50,2026-06-09,2025-03-22T19:23:00
OPP002142,LED000897,Qualification,2725024.49,25,2026-05-13,2025-08-24T20:19:00
OPP002143,LED001500,Closed Won,4497440.64,100,2026-10-02,2026-04-06T12:26:00
OPP002144,LED003776,Qualification,4230762.14,25,2026-06-28,2025-01-20T15:50:00
OPP002145,LED004540,Closed Lost,1193898.79,0,2026-07-20,2026-01-21T21:41:00
OPP002146,LED004596,Closed Lost,3439009.35,0,2026-09-07,2026-02-18T06:54:00
OPP002147,LED001158,Closed Lost,1204692.62,0,2026-05-16,2025-01-04T08:28:00
OPP002148,LED004983,Proposal,1310712.95,50,2026-07-03,2026-01-18T02:59:00
OPP002149,LED002763,Qualification,2539805.24,25,2026-07-15,2026-02-23T16:29:00
OPP002150,LED001523,Closed Lost,1511597.73,0,2026-05-25,2025-11-11T08:12:00
OPP002151,LED005623,Proposal,2191134.09,50,2026-05-12,2026-02-01T00:17:00
OPP002152,LED005634,Closed Lost,4707082.96,0,2026-08-21,2025-12-24T01:43:00
OPP002153,LED004004,Prospecting,2521254.29,10,2026-10-09,2025-12-18T12:45:00
OPP002154,LED002330,Prospecting,4895189.7,10,2026-07-13,2025-11-17T15:19:00
OPP002155,LED000297,Proposal,4293889.33,50,2026-07-21,2026-03-07T18:05:00
OPP002156,LED001560,Closed Lost,2375125.32,0,2026-08-07,2026-02-06T05:36:00
OPP002157,LED001610,Closed Won,387831.62,100,2026-05-13,2025-01-24T00:00:00
OPP002158,LED004584,Closed Lost,920580.59,0,2026-10-25,2026-02-16T20:08:00
OPP002159,LED003046,Qualification,1513174.03,25,2026-09-07,2025-07-08T18:11:00
OPP002160,LED000689,Negotiation,2512736.13,75,2026-07-27,2026-04-08T16:26:00
OPP002161,LED003559,Qualification,88249.03,25,2026-10-23,2025-08-14T22:10:00
OPP002162,LED003451,Closed Lost,478987.38,0,2026-10-05,2025-11-11T13:04:00
OPP002163,LED005718,Qualification,3965889.27,25,2026-09-07,2025-01-28T22:42:00
OPP002164,LED005357,Negotiation,2612791.66,75,2026-08-24,2025-05-07T10:35:00
OPP002165,LED003428,Qualification,1479091.66,25,2026-07-10,2025-06-01T18:27:00
OPP002166,LED005080,Proposal,772679.37,50,2026-09-08,2025-11-07T17:44:00
OPP002167,LED003753,Negotiation,3883350.93,75,2026-06-19,2025-05-02T18:36:00
OPP002168,LED003188,Qualification,2403978.84,25,2026-08-07,2026-03-03T12:47:00
OPP002169,LED001240,Closed Won,3160411.92,100,2026-06-22,2025-12-25T23:53:00
OPP002170,LED000383,Closed Won,2150396.47,100,2026-05-21,2026-02-16T05:46:00
OPP002171,LED005181,Closed Won,2109465.13,100,2026-07-12,2025-07-15T05:03:00
OPP002172,LED001676,Closed Won,4067200.39,100,2026-08-26,2025-04-17T19:02:00
OPP002173,LED002194,Closed Lost,4799895.72,0,2026-09-24,2025-09-11T17:42:00
OPP002174,LED004553,Qualification,1322027.88,25,2026-10-02,2025-03-23T09:27:00
OPP002175,LED003310,Negotiation,317414.73,75,2026-05-18,2025-05-25T02:22:00
OPP002176,LED005001,Proposal,2852701.61,50,2026-07-27,2025-03-31T15:19:00
OPP002177,LED005300,Closed Lost,3868562.38,0,2026-07-20,2025-01-20T20:01:00
OPP002178,LED004557,Qualification,792520.78,25,2026-08-25,2025-01-28T07:09:00
OPP002179,LED005958,Prospecting,3775548.49,10,2026-06-24,2025-12-02T14:44:00
OPP002180,LED002163,Prospecting,4973274.29,10,2026-05-03,2025-03-02T10:45:00
OPP002181,LED001645,Qualification,1044025.04,25,2026-06-15,2026-03-02T16:29:00
OPP002182,LED003114,Proposal,4331517.68,50,2026-09-03,2026-03-28T03:47:00
OPP002183,LED001466,Negotiation,4656975.77,75,2026-06-14,2026-02-08T21:58:00
OPP002184,LED002498,Closed Lost,4589860.21,0,2026-06-09,2026-01-20T20:34:00
OPP002185,LED005512,Negotiation,138743.98,75,2026-07-28,2025-09-02T22:24:00
OPP002186,LED005957,Prospecting,3705010.05,10,2026-06-27,2025-10-25T14:33:00
OPP002187,LED001381,Closed Lost,1804451.48,0,2026-08-26,2025-02-15T06:49:00
OPP002188,LED001973,Proposal,44938.23,50,2026-09-10,2026-04-12T12:11:00
OPP002189,LED003175,Negotiation,3570832.13,75,2026-08-30,2025-01-17T13:04:00
OPP002190,LED005145,Proposal,3166468.66,50,2026-07-30,2025-09-27T01:16:00
OPP002191,LED000469,Negotiation,4161427.85,75,2026-08-22,2026-02-05T14:17:00
OPP002192,LED005330,Closed Lost,3190621.88,0,2026-05-14,2025-03-25T23:26:00
OPP002193,LED004627,Closed Lost,4957243.75,0,2026-10-11,2025-01-06T07:21:00
OPP002194,LED005325,Prospecting,2984362.73,10,2026-07-16,2025-07-28T04:15:00
OPP002195,LED002863,Negotiation,3958646.49,75,2026-07-24,2026-02-13T01:54:00
OPP002196,LED005332,Closed Lost,3747945.79,0,2026-09-01,2025-04-29T17:53:00
OPP002197,LED005090,Negotiation,838112.51,75,2026-06-04,2025-07-06T10:39:00
OPP002198,LED005971,Closed Won,2773997.07,100,2026-09-17,2025-06-24T11:45:00
OPP002199,LED000200,Closed Won,2016992.81,100,2026-05-19,2025-07-20T14:50:00
OPP002200,LED002113,Prospecting,516514.47,10,2026-08-19,2026-04-22T01:39:00
OPP002201,LED001571,Closed Lost,4594269.91,0,2026-07-15,2025-06-23T09:09:00
OPP002202,LED003605,Proposal,409318.08,50,2026-05-24,2025-01-20T13:47:00
OPP002203,LED001996,Closed Won,2295399.78,100,2026-06-01,2025-06-25T17:39:00
OPP002204,LED004630,Closed Won,1697680.69,100,2026-10-13,2025-07-26T14:00:00
OPP002205,LED000290,Prospecting,1865983.27,10,2026-10-08,2025-05-15T13:50:00
OPP002206,LED005161,Negotiation,181917.81,75,2026-10-19,2025-12-02T17:40:00
OPP002207,LED000674,Prospecting,4306411.62,10,2026-10-24,2026-01-01T23:08:00
OPP002208,LED001113,Negotiation,4584920.92,75,2026-06-20,2025-12-19T15:19:00
OPP002209,LED002052,Closed Lost,3265136.64,0,2026-08-03,2025-12-26T11:01:00
OPP002210,LED003274,Proposal,4438337.48,50,2026-07-27,2026-01-15T05:49:00
OPP002211,LED005781,Negotiation,4334521.83,75,2026-06-01,2025-06-16T22:46:00
OPP002212,LED000475,Prospecting,3099071.74,10,2026-06-28,2025-05-06T07:16:00
OPP002213,LED005570,Proposal,2818879.94,50,2026-07-02,2025-09-18T15:36:00
OPP002214,LED005613,Qualification,3122439.75,25,2026-06-20,2025-01-19T16:23:00
OPP002215,LED002382,Prospecting,3511573.16,10,2026-09-17,2025-01-03T01:37:00
OPP002216,LED005985,Closed Lost,3385545.23,0,2026-08-18,2026-02-26T10:41:00
OPP002217,LED002553,Qualification,3161083.01,25,2026-07-25,2025-06-24T16:04:00
OPP002218,LED000998,Prospecting,3044643.38,10,2026-10-05,2025-09-08T15:33:00
OPP002219,LED003578,Negotiation,4906269.67,75,2026-07-22,2026-03-07T02:14:00
OPP002220,LED000363,Closed Won,1404317.3,100,2026-09-09,2025-10-03T19:12:00
OPP002221,LED002837,Closed Lost,3438092.21,0,2026-09-01,2026-04-15T21:20:00
OPP002222,LED000392,Negotiation,2455565.94,75,2026-10-10,2026-01-25T13:49:00
OPP002223,LED005809,Closed Won,2127520.06,100,2026-08-04,2025-08-09T09:29:00
OPP002224,LED001272,Closed Won,951115.56,100,2026-06-24,2025-04-04T20:19:00
OPP002225,LED003865,Prospecting,3333208.01,10,2026-07-24,2025-11-05T06:19:00
OPP002226,LED002398,Prospecting,1854489.82,10,2026-06-25,2025-02-24T14:15:00
OPP002227,LED005845,Closed Lost,2316728.86,0,2026-06-11,2026-02-07T22:54:00
OPP002228,LED001391,Prospecting,2365001.37,10,2026-09-12,2025-06-09T12:15:00
OPP002229,LED003128,Proposal,973977.65,50,2026-08-20,2025-12-04T02:28:00
OPP002230,LED004734,Closed Lost,1101489.2,0,2026-07-21,2025-07-15T06:04:00
OPP002231,LED005304,Proposal,84608.47,50,2026-05-29,2025-12-05T23:37:00
OPP002232,LED004095,Closed Lost,3455231.32,0,2026-09-22,2025-01-30T13:09:00
OPP002233,LED001795,Proposal,283652.57,50,2026-06-18,2025-06-20T16:09:00
OPP002234,LED001219,Closed Lost,2724683.91,0,2026-05-04,2026-01-11T21:32:00
OPP002235,LED002466,Closed Lost,4619155.08,0,2026-08-26,2025-05-14T19:15:00
OPP002236,LED005421,Prospecting,4743203.41,10,2026-07-05,2026-03-29T14:38:00
OPP002237,LED003216,Qualification,1550165.86,25,2026-09-23,2025-08-06T20:51:00
OPP002238,LED004446,Proposal,4879618.95,50,2026-06-01,2025-11-13T18:22:00
OPP002239,LED002365,Proposal,812272.15,50,2026-05-24,2025-12-13T19:46:00
OPP002240,LED001437,Closed Lost,4315378.41,0,2026-05-25,2025-11-21T23:06:00
OPP002241,LED003606,Closed Lost,498365.47,0,2026-05-16,2025-07-08T10:29:00
OPP002242,LED005596,Prospecting,1789208.89,10,2026-05-08,2025-10-05T23:25:00
OPP002243,LED004230,Prospecting,1347684.03,10,2026-05-05,2025-10-11T03:15:00
OPP002244,LED005491,Prospecting,1528659.34,10,2026-10-12,2026-01-14T22:54:00
OPP002245,LED002631,Qualification,2652506.78,25,2026-05-25,2025-01-20T18:38:00
OPP002246,LED003253,Closed Won,4406040.25,100,2026-06-17,2026-04-06T05:31:00
OPP002247,LED004881,Proposal,536577.16,50,2026-09-19,2025-12-04T00:33:00
OPP002248,LED003373,Qualification,3108100.67,25,2026-07-13,2025-08-19T07:50:00
OPP002249,LED005259,Prospecting,3680508.52,10,2026-08-08,2025-11-28T07:37:00
OPP002250,LED000510,Prospecting,648843.91,10,2026-08-20,2025-07-17T05:48:00
OPP002251,LED000639,Proposal,4170846.91,50,2026-06-30,2025-12-08T21:38:00
OPP002252,LED003351,Negotiation,3151088.57,75,2026-05-04,2025-12-12T09:23:00
OPP002253,LED000697,Prospecting,2350646.97,10,2026-05-29,2025-11-10T20:18:00
OPP002254,LED004979,Negotiation,4923837.23,75,2026-08-03,2026-02-10T13:13:00
OPP002255,LED001796,Closed Won,2579734.59,100,2026-05-29,2026-01-06T03:34:00
OPP002256,LED001991,Negotiation,3648673.99,75,2026-10-05,2026-03-30T05:34:00
OPP002257,LED004643,Qualification,4816359.03,25,2026-09-12,2025-12-04T17:32:00
OPP002258,LED000545,Prospecting,3721819.31,10,2026-06-26,2025-09-03T04:41:00
OPP002259,LED002418,Qualification,1126207.27,25,2026-08-01,2025-02-07T00:59:00
OPP002260,LED003907,Closed Lost,1255693.33,0,2026-05-20,2025-06-09T23:10:00
OPP002261,LED000750,Prospecting,3122928.95,10,2026-09-02,2026-01-10T22:28:00
OPP002262,LED005018,Prospecting,4078843.41,10,2026-08-22,2025-11-01T12:56:00
OPP002263,LED000332,Prospecting,4606426.74,10,2026-09-12,2025-10-31T22:07:00
OPP002264,LED004563,Closed Lost,2744518.98,0,2026-06-13,2026-01-23T10:37:00
OPP002265,LED004121,Negotiation,2494710.84,75,2026-09-12,2025-03-31T20:12:00
OPP002266,LED000522,Closed Lost,706893.36,0,2026-08-14,2026-01-19T20:25:00
OPP002267,LED000162,Prospecting,2029284.78,10,2026-06-12,2025-09-29T19:46:00
OPP002268,LED001806,Proposal,1118081.08,50,2026-09-21,2025-12-04T04:18:00
OPP002269,LED003632,Prospecting,3198971.57,10,2026-07-03,2025-02-23T21:08:00
OPP002270,LED000210,Proposal,4223007.65,50,2026-06-20,2025-12-04T10:15:00
OPP002271,LED000035,Closed Lost,2231386.21,0,2026-06-02,2025-08-27T17:47:00
OPP002272,LED000778,Qualification,4043145.31,25,2026-06-25,2026-04-13T21:25:00
OPP002273,LED001813,Prospecting,1420120.55,10,2026-08-29,2025-08-09T18:18:00
OPP002274,LED003743,Closed Lost,3147809.19,0,2026-07-28,2025-05-15T00:27:00
OPP002275,LED004744,Closed Won,4711583.77,100,2026-07-11,2025-09-13T17:38:00
OPP002276,LED002656,Proposal,2836502.46,50,2026-06-19,2025-05-30T08:58:00
OPP002277,LED005111,Prospecting,2014712.27,10,2026-09-09,2025-03-07T14:10:00
OPP002278,LED004665,Proposal,4568946.22,50,2026-09-28,2026-04-15T12:28:00
OPP002279,LED000983,Proposal,2704813.11,50,2026-05-09,2025-05-19T10:10:00
OPP002280,LED003530,Qualification,2536659.57,25,2026-10-28,2025-01-20T09:52:00
OPP002281,LED003462,Qualification,2290381.42,25,2026-10-06,2026-04-27T22:49:00
OPP002282,LED001754,Proposal,4455977.37,50,2026-07-04,2025-07-31T10:44:00
OPP002283,LED005557,Qualification,2721447.45,25,2026-09-28,2025-09-02T17:39:00
OPP002284,LED005335,Closed Won,325178.73,100,2026-10-15,2025-08-04T04:43:00
OPP002285,LED000283,Closed Lost,1454382.18,0,2026-05-21,2025-11-27T08:48:00
OPP002286,LED002566,Negotiation,2835062.0,75,2026-09-30,2025-09-09T15:30:00
OPP002287,LED005989,Qualification,4698601.21,25,2026-09-30,2025-08-26T07:15:00
OPP002288,LED000047,Qualification,3994114.57,25,2026-10-12,2025-06-29T14:24:00
OPP002289,LED001675,Qualification,139804.88,25,2026-09-16,2025-12-15T05:17:00
OPP002290,LED005812,Prospecting,1886913.42,10,2026-10-07,2025-02-15T22:47:00
OPP002291,LED000518,Negotiation,1468015.99,75,2026-09-26,2025-01-13T17:16:00
OPP002292,LED002510,Proposal,1827114.88,50,2026-06-19,2025-08-05T04:50:00
OPP002293,LED003158,Proposal,2939000.14,50,2026-10-16,2025-11-01T21:26:00
OPP002294,LED004263,Closed Lost,715601.2,0,2026-08-22,2025-10-05T22:12:00
OPP002295,LED000417,Prospecting,3037060.68,10,2026-07-03,2025-04-03T22:29:00
OPP002296,LED005587,Proposal,2758932.34,50,2026-06-12,2025-02-26T20:53:00
OPP002297,LED002855,Qualification,3977330.68,25,2026-08-27,2026-04-24T06:17:00
OPP002298,LED005182,Negotiation,3808371.44,75,2026-10-18,2026-02-06T05:44:00
OPP002299,LED003029,Prospecting,3736340.0,10,2026-07-29,2025-11-02T09:23:00
OPP002300,LED003869,Prospecting,2786657.78,10,2026-10-07,2025-05-10T17:14:00
OPP002301,LED000520,Qualification,2000307.73,25,2026-05-01,2025-01-18T16:05:00
OPP002302,LED000553,Negotiation,2459533.8,75,2026-10-02,2026-03-03T15:05:00
OPP002303,LED003000,Proposal,1673383.75,50,2026-07-24,2025-11-12T20:46:00
OPP002304,LED002022,Prospecting,774541.53,10,2026-06-19,2025-09-10T07:27:00
OPP002305,LED005087,Closed Lost,1386140.16,0,2026-10-20,2026-02-24T01:57:00
OPP002306,LED004051,Qualification,2937895.35,25,2026-10-08,2025-11-23T14:40:00
OPP002307,LED001844,Closed Won,2270981.48,100,2026-08-21,2025-03-24T21:55:00
OPP002308,LED005197,Prospecting,2471263.96,10,2026-05-27,2026-02-27T03:09:00
OPP002309,LED003406,Negotiation,2495547.49,75,2026-07-14,2025-04-13T08:56:00
OPP002310,LED001227,Prospecting,3674866.47,10,2026-05-01,2025-11-19T15:53:00
OPP002311,LED002126,Closed Won,4003506.81,100,2026-10-03,2026-01-02T09:32:00
OPP002312,LED005562,Qualification,95312.76,25,2026-09-22,2025-06-19T18:57:00
OPP002313,LED005914,Prospecting,2664674.96,10,2026-10-18,2025-10-30T00:35:00
OPP002314,LED000234,Prospecting,1678963.32,10,2026-10-15,2025-03-05T22:14:00
OPP002315,LED004556,Closed Lost,1157933.52,0,2026-09-20,2025-06-28T09:27:00
OPP002316,LED003354,Closed Won,2326834.55,100,2026-06-16,2025-06-24T16:18:00
OPP002317,LED000046,Closed Won,3735862.46,100,2026-09-09,2025-11-06T10:04:00
OPP002318,LED001852,Closed Won,1987663.71,100,2026-08-06,2025-09-07T10:33:00
OPP002319,LED000442,Closed Won,2127758.76,100,2026-07-11,2025-04-13T07:20:00
OPP002320,LED004894,Prospecting,4201823.47,10,2026-05-14,2026-04-03T02:13:00
OPP002321,LED001135,Closed Won,2211100.23,100,2026-05-22,2026-01-12T16:55:00
OPP002322,LED002374,Closed Lost,1713631.47,0,2026-10-04,2025-10-21T05:20:00
OPP002323,LED002326,Proposal,2829337.04,50,2026-08-23,2025-02-06T04:40:00
OPP002324,LED001708,Negotiation,2520946.59,75,2026-05-09,2025-10-19T09:14:00
OPP002325,LED000046,Closed Won,4267608.65,100,2026-10-15,2025-10-14T06:55:00
OPP002326,LED005571,Negotiation,4845437.2,75,2026-06-22,2026-02-10T04:29:00
OPP002327,LED001154,Closed Won,1246206.92,100,2026-09-15,2026-04-04T01:39:00
OPP002328,LED000326,Qualification,42649.34,25,2026-08-17,2025-01-19T00:20:00
OPP002329,LED003907,Closed Won,2111255.12,100,2026-06-06,2025-04-02T06:13:00
OPP002330,LED004112,Closed Won,4029311.62,100,2026-05-26,2025-10-20T04:24:00
OPP002331,LED002806,Closed Lost,377965.64,0,2026-05-23,2025-02-02T20:16:00
OPP002332,LED005769,Prospecting,1999825.66,10,2026-07-27,2026-03-28T05:14:00
OPP002333,LED005266,Closed Lost,1234022.46,0,2026-09-01,2025-08-22T09:12:00
OPP002334,LED004619,Closed Lost,1811813.22,0,2026-07-21,2025-09-28T08:32:00
OPP002335,LED000530,Prospecting,682623.9,10,2026-05-21,2026-03-31T07:24:00
OPP002336,LED001934,Closed Lost,4873954.71,0,2026-05-17,2025-06-19T23:21:00
OPP002337,LED005229,Qualification,1733787.86,25,2026-08-12,2026-03-09T23:43:00
OPP002338,LED004035,Qualification,3359515.85,25,2026-06-22,2025-01-21T13:33:00
OPP002339,LED004523,Closed Lost,1737951.23,0,2026-10-27,2025-04-08T09:37:00
OPP002340,LED001493,Negotiation,2675271.77,75,2026-06-14,2026-03-19T10:49:00
OPP002341,LED002144,Negotiation,3575645.36,75,2026-05-31,2025-01-31T11:43:00
OPP002342,LED001958,Prospecting,2767303.29,10,2026-08-19,2025-03-23T22:26:00
OPP002343,LED005899,Qualification,1158915.28,25,2026-05-26,2026-03-30T05:01:00
OPP002344,LED001273,Qualification,4210426.18,25,2026-08-14,2026-01-05T05:08:00
OPP002345,LED001016,Proposal,1951839.05,50,2026-09-23,2025-04-28T12:19:00
OPP002346,LED001771,Closed Won,2082479.44,100,2026-06-11,2026-01-07T22:54:00
OPP002347,LED003720,Closed Lost,753411.99,0,2026-09-18,2026-04-23T04:20:00
OPP002348,LED001027,Closed Won,1498974.98,100,2026-06-30,2025-11-13T14:59:00
OPP002349,LED002220,Proposal,2915825.21,50,2026-05-17,2025-03-17T05:03:00
OPP002350,LED005637,Closed Lost,2927769.64,0,2026-10-18,2025-01-09T19:55:00
OPP002351,LED004739,Proposal,2932705.09,50,2026-09-03,2025-02-09T05:07:00
OPP002352,LED003342,Proposal,1074483.17,50,2026-08-04,2025-03-31T03:39:00
OPP002353,LED005925,Negotiation,196715.06,75,2026-10-21,2025-01-16T08:12:00
OPP002354,LED002625,Closed Won,4550437.13,100,2026-09-16,2026-01-03T07:51:00
OPP002355,LED003821,Qualification,3794423.84,25,2026-10-26,2026-04-18T04:16:00
OPP002356,LED004367,Negotiation,2348252.53,75,2026-06-13,2025-11-20T08:30:00
OPP002357,LED001193,Qualification,1843204.96,25,2026-07-02,2025-09-22T04:21:00
OPP002358,LED003813,Negotiation,3790652.25,75,2026-07-24,2025-06-11T23:33:00
OPP002359,LED000681,Closed Won,2408375.87,100,2026-08-09,2025-01-09T19:57:00
OPP002360,LED004997,Prospecting,3795407.73,10,2026-06-13,2025-05-26T16:45:00
OPP002361,LED005629,Closed Won,1697209.44,100,2026-07-21,2025-11-25T14:50:00
OPP002362,LED003062,Proposal,460172.44,50,2026-10-21,2025-08-25T03:41:00
OPP002363,LED000143,Proposal,4899428.57,50,2026-09-06,2026-04-25T07:40:00
OPP002364,LED002593,Negotiation,2408227.78,75,2026-07-29,2025-03-14T12:09:00
OPP002365,LED003794,Qualification,1937003.7,25,2026-09-13,2026-02-18T02:24:00
OPP002366,LED000575,Prospecting,2624451.13,10,2026-07-05,2025-07-06T21:53:00
OPP002367,LED005812,Closed Won,1327436.35,100,2026-05-18,2025-08-10T04:50:00
OPP002368,LED000921,Closed Lost,2295010.53,0,2026-07-27,2025-11-19T17:46:00
OPP002369,LED000571,Qualification,4233674.4,25,2026-07-29,2026-02-13T11:39:00
OPP002370,LED002343,Qualification,1312676.37,25,2026-09-28,2026-02-07T18:29:00
OPP002371,LED004597,Negotiation,3160842.45,75,2026-05-07,2025-12-25T09:30:00
OPP002372,LED005298,Closed Lost,3892833.96,0,2026-08-20,2025-04-06T16:36:00
OPP002373,LED005809,Proposal,3806869.25,50,2026-06-30,2025-07-18T03:28:00
OPP002374,LED005164,Proposal,3760476.55,50,2026-09-02,2025-05-05T21:03:00
OPP002375,LED002420,Prospecting,4061124.28,10,2026-09-19,2025-10-15T22:19:00
OPP002376,LED004211,Proposal,2821727.68,50,2026-09-06,2026-01-29T08:18:00
OPP002377,LED005613,Closed Won,2923506.2,100,2026-06-07,2025-06-17T18:25:00
OPP002378,LED004365,Prospecting,3602127.93,10,2026-06-02,2025-10-13T22:08:00
OPP002379,LED003860,Qualification,321673.52,25,2026-08-16,2025-11-04T10:39:00
OPP002380,LED001195,Qualification,2778658.18,25,2026-05-28,2025-09-08T20:05:00
OPP002381,LED003640,Closed Won,1320081.25,100,2026-07-24,2025-07-26T04:12:00
OPP002382,LED001361,Closed Won,2181482.01,100,2026-06-05,2025-01-06T01:23:00
OPP002383,LED000377,Closed Won,1938060.85,100,2026-06-01,2025-12-22T04:57:00
OPP002384,LED004773,Negotiation,3453242.9,75,2026-05-05,2025-11-08T15:06:00
OPP002385,LED005037,Qualification,1534216.26,25,2026-08-30,2025-02-01T20:31:00
OPP002386,LED004864,Proposal,236392.56,50,2026-10-16,2025-07-26T13:19:00
OPP002387,LED003990,Proposal,2463825.48,50,2026-08-25,2026-04-19T20:12:00
OPP002388,LED005983,Closed Lost,740003.63,0,2026-10-12,2025-11-11T10:03:00
OPP002389,LED003251,Proposal,3714847.85,50,2026-08-11,2025-11-16T14:42:00
OPP002390,LED002466,Proposal,3465850.49,50,2026-06-09,2025-01-20T03:08:00
OPP002391,LED000748,Proposal,1347087.49,50,2026-10-23,2026-02-22T18:10:00
OPP002392,LED004237,Prospecting,1729079.03,10,2026-05-22,2025-08-11T05:34:00
OPP002393,LED001470,Closed Won,810878.41,100,2026-10-08,2025-07-16T09:02:00
OPP002394,LED000840,Qualification,1479689.33,25,2026-08-17,2025-12-30T20:46:00
OPP002395,LED002531,Proposal,812237.54,50,2026-05-22,2026-04-18T00:02:00
OPP002396,LED004515,Proposal,4681591.53,50,2026-10-28,2025-03-18T08:44:00
OPP002397,LED005065,Prospecting,3179837.74,10,2026-08-17,2025-04-07T12:40:00
OPP002398,LED005042,Qualification,172540.31,25,2026-07-23,2025-08-23T14:23:00
OPP002399,LED001511,Closed Lost,4937124.32,0,2026-06-08,2026-04-27T01:31:00
OPP002400,LED005396,Qualification,4389502.52,25,2026-10-18,2025-04-30T04:49:00
OPP002401,LED004812,Prospecting,2116093.0,10,2026-08-22,2025-04-25T19:38:00
OPP002402,LED002111,Closed Won,1390347.63,100,2026-06-16,2025-08-31T03:42:00
OPP002403,LED005284,Closed Won,3004131.58,100,2026-07-09,2025-03-19T03:53:00
OPP002404,LED004791,Proposal,2492225.12,50,2026-05-12,2025-06-18T22:24:00
OPP002405,LED003675,Prospecting,3796065.32,10,2026-07-27,2025-12-23T13:27:00
OPP002406,LED005372,Proposal,3053037.56,50,2026-07-07,2025-10-23T00:15:00
OPP002407,LED001915,Negotiation,3126751.19,75,2026-08-16,2025-02-19T05:18:00
OPP002408,LED001448,Negotiation,490780.68,75,2026-09-05,2025-11-24T15:24:00
OPP002409,LED005208,Negotiation,1899920.02,75,2026-10-18,2025-02-20T07:44:00
OPP002410,LED003342,Closed Lost,4187260.68,0,2026-05-12,2025-11-09T06:35:00
OPP002411,LED001454,Prospecting,4935807.02,10,2026-10-19,2025-04-09T14:55:00
OPP002412,LED003861,Qualification,2207267.52,25,2026-07-03,2025-01-30T13:49:00
OPP002413,LED005564,Negotiation,941006.69,75,2026-10-07,2026-02-17T18:30:00
OPP002414,LED000253,Closed Lost,3531293.08,0,2026-08-23,2025-09-04T04:18:00
OPP002415,LED003823,Proposal,1348678.01,50,2026-05-23,2025-02-12T10:25:00
OPP002416,LED001601,Closed Won,1098925.84,100,2026-05-05,2026-03-22T14:14:00
OPP002417,LED001422,Qualification,3964191.49,25,2026-06-23,2025-08-08T14:10:00
OPP002418,LED002497,Closed Lost,1395796.78,0,2026-09-09,2025-07-23T20:39:00
OPP002419,LED001308,Proposal,2644256.84,50,2026-10-24,2026-01-12T04:25:00
OPP002420,LED004954,Proposal,3409042.36,50,2026-06-01,2025-07-03T18:51:00
OPP002421,LED003051,Closed Won,68012.96,100,2026-07-10,2025-11-09T05:56:00
OPP002422,LED001117,Prospecting,4914995.81,10,2026-07-29,2025-03-30T10:42:00
OPP002423,LED000990,Qualification,1269309.95,25,2026-07-17,2025-03-09T06:03:00
OPP002424,LED005659,Proposal,3556117.97,50,2026-10-28,2025-02-02T10:09:00
OPP002425,LED003856,Negotiation,1071153.99,75,2026-10-17,2026-02-20T11:20:00
OPP002426,LED001776,Prospecting,2541170.26,10,2026-08-20,2025-11-16T07:38:00
OPP002427,LED003702,Closed Won,602974.65,100,2026-09-12,2025-08-26T21:43:00
OPP002428,LED005985,Qualification,4277225.03,25,2026-08-27,2025-11-05T15:14:00
OPP002429,LED003093,Closed Won,1487815.21,100,2026-06-23,2026-03-24T12:18:00
OPP002430,LED001651,Prospecting,2728450.65,10,2026-10-04,2025-02-27T14:54:00
OPP002431,LED000122,Qualification,3313250.86,25,2026-08-26,2025-02-10T08:07:00
OPP002432,LED001193,Prospecting,4949306.25,10,2026-08-20,2025-09-18T08:31:00
OPP002433,LED000976,Prospecting,3588438.61,10,2026-09-30,2025-03-31T21:35:00
OPP002434,LED003487,Prospecting,783914.09,10,2026-07-15,2025-10-21T07:11:00
OPP002435,LED002219,Proposal,3430351.49,50,2026-10-16,2025-12-07T01:20:00
OPP002436,LED003060,Qualification,3039887.16,25,2026-06-05,2025-05-13T18:46:00
OPP002437,LED001890,Prospecting,508698.91,10,2026-09-22,2025-08-22T10:27:00
OPP002438,LED003329,Qualification,1145944.96,25,2026-08-26,2025-03-18T07:15:00
OPP002439,LED004924,Prospecting,3452235.88,10,2026-07-02,2025-09-27T14:58:00
OPP002440,LED004971,Closed Lost,806264.97,0,2026-06-19,2025-02-26T20:00:00
OPP002441,LED003062,Prospecting,4991271.02,10,2026-05-11,2025-03-16T16:19:00
OPP002442,LED002982,Qualification,1730797.84,25,2026-07-13,2026-02-14T06:59:00
OPP002443,LED002980,Closed Lost,1733743.38,0,2026-08-03,2025-01-15T18:21:00
OPP002444,LED000867,Proposal,4378149.43,50,2026-09-04,2026-03-08T08:28:00
OPP002445,LED001155,Closed Lost,3269147.27,0,2026-10-26,2025-02-02T04:13:00
OPP002446,LED002818,Closed Won,355935.3,100,2026-09-29,2026-02-21T20:07:00
OPP002447,LED002805,Negotiation,2079029.4,75,2026-09-18,2025-08-04T20:03:00
OPP002448,LED000729,Proposal,4236930.06,50,2026-08-21,2025-09-10T22:31:00
OPP002449,LED002720,Closed Won,1096366.88,100,2026-10-16,2025-04-25T13:30:00
OPP002450,LED000669,Negotiation,4037424.33,75,2026-07-28,2025-12-29T13:48:00
OPP002451,LED000881,Negotiation,2073600.81,75,2026-10-09,2025-01-04T13:32:00
OPP002452,LED005006,Closed Lost,1451822.19,0,2026-06-22,2025-02-08T06:18:00
OPP002453,LED005039,Closed Won,110991.68,100,2026-05-09,2026-02-05T09:34:00
OPP002454,LED001961,Proposal,207411.64,50,2026-07-22,2025-07-01T17:11:00
OPP002455,LED001359,Closed Lost,4943819.01,0,2026-09-15,2026-04-05T06:33:00
OPP002456,LED001828,Prospecting,4851812.57,10,2026-07-12,2025-05-04T22:05:00
OPP002457,LED005296,Closed Lost,2844322.37,0,2026-06-20,2026-02-15T00:22:00
OPP002458,LED003356,Negotiation,1192843.43,75,2026-05-19,2026-04-25T05:22:00
OPP002459,LED005316,Qualification,4411111.63,25,2026-09-02,2025-12-01T21:47:00
OPP002460,LED005346,Negotiation,4778565.1,75,2026-05-09,2025-04-17T09:40:00
OPP002461,LED001293,Prospecting,560996.13,10,2026-05-18,2026-03-25T12:01:00
OPP002462,LED003757,Qualification,4140837.94,25,2026-08-19,2026-01-19T12:41:00
OPP002463,LED000461,Negotiation,4077923.09,75,2026-09-25,2025-07-20T22:58:00
OPP002464,LED001670,Prospecting,2351793.18,10,2026-06-08,2025-04-05T05:00:00
OPP002465,LED001374,Closed Won,1481817.14,100,2026-09-01,2025-11-11T20:34:00
OPP002466,LED000985,Proposal,3441101.94,50,2026-06-30,2026-03-13T09:07:00
OPP002467,LED004419,Negotiation,2130447.07,75,2026-09-19,2025-12-03T03:48:00
OPP002468,LED003250,Negotiation,4964554.99,75,2026-07-30,2025-05-23T00:12:00
OPP002469,LED002174,Closed Lost,1302093.35,0,2026-08-11,2025-03-01T15:16:00
OPP002470,LED000292,Proposal,1577334.65,50,2026-05-21,2026-04-26T10:27:00
OPP002471,LED000344,Proposal,1324695.49,50,2026-10-02,2025-08-29T08:05:00
OPP002472,LED002179,Prospecting,2156922.15,10,2026-10-17,2025-12-24T18:00:00
OPP002473,LED000203,Qualification,1461665.4,25,2026-10-08,2026-04-14T15:14:00
OPP002474,LED004120,Negotiation,2499192.03,75,2026-05-12,2025-02-16T04:32:00
OPP002475,LED004443,Closed Lost,1023749.56,0,2026-09-09,2025-11-27T20:45:00
OPP002476,LED000072,Qualification,2901282.69,25,2026-06-03,2025-04-15T15:08:00
OPP002477,LED005330,Closed Lost,3391042.68,0,2026-09-07,2025-09-12T11:21:00
OPP002478,LED000838,Proposal,288178.42,50,2026-09-01,2025-12-11T01:39:00
OPP002479,LED001971,Qualification,4797810.04,25,2026-07-13,2026-04-23T22:25:00
OPP002480,LED000355,Proposal,4810997.14,50,2026-07-27,2025-09-14T03:36:00
OPP002481,LED000181,Negotiation,817122.57,75,2026-08-05,2025-06-02T01:01:00
OPP002482,LED000699,Proposal,3305315.2,50,2026-09-08,2026-01-26T17:41:00
OPP002483,LED005009,Closed Lost,1267203.49,0,2026-10-24,2026-04-02T10:25:00
OPP002484,LED004633,Proposal,490238.99,50,2026-08-06,2025-12-26T11:40:00
OPP002485,LED001851,Qualification,780009.72,25,2026-07-12,2026-03-19T11:13:00
OPP002486,LED002260,Qualification,55783.54,25,2026-10-26,2025-06-29T11:04:00
OPP002487,LED000012,Qualification,4692082.32,25,2026-08-05,2026-01-20T09:22:00
OPP002488,LED003420,Qualification,2672935.63,25,2026-05-03,2025-05-29T03:16:00
OPP002489,LED004768,Qualification,1247325.37,25,2026-10-27,2025-02-13T10:58:00
OPP002490,LED003314,Qualification,1519733.1,25,2026-05-23,2025-05-21T06:40:00
OPP002491,LED002827,Negotiation,4208480.33,75,2026-06-13,2026-04-22T15:26:00
OPP002492,LED003759,Qualification,1650578.27,25,2026-05-19,2025-02-07T16:34:00
OPP002493,LED003336,Negotiation,827398.08,75,2026-05-27,2025-10-15T00:41:00
OPP002494,LED000149,Negotiation,1948298.09,75,2026-05-27,2025-07-25T06:29:00
OPP002495,LED004809,Closed Lost,2834305.95,0,2026-08-06,2025-10-21T17:21:00
OPP002496,LED000916,Proposal,4102353.67,50,2026-09-12,2025-06-22T09:45:00
OPP002497,LED004860,Closed Won,815279.11,100,2026-05-12,2025-03-15T02:19:00
OPP002498,LED002064,Proposal,2064424.58,50,2026-10-21,2025-07-08T10:57:00
OPP002499,LED002319,Closed Won,4302036.34,100,2026-08-22,2025-06-18T04:52:00
OPP002500,LED004416,Prospecting,1755871.52,10,2026-09-21,2025-07-25T23:45:00
OPP002501,LED001219,Closed Lost,4674313.2,0,2026-05-27,2026-03-07T14:18:00
OPP002502,LED001082,Prospecting,1039410.04,10,2026-10-11,2025-07-15T19:38:00
OPP002503,LED000783,Closed Lost,1553354.29,0,2026-08-23,2025-10-14T20:20:00
OPP002504,LED001218,Closed Lost,879475.3,0,2026-09-16,2025-08-19T13:19:00
OPP002505,LED004448,Proposal,1481761.03,50,2026-06-23,2025-11-07T11:08:00
OPP002506,LED000506,Prospecting,1657771.23,10,2026-09-16,2025-02-12T18:25:00
OPP002507,LED003103,Negotiation,261795.91,75,2026-07-05,2025-10-28T10:28:00
OPP002508,LED002147,Negotiation,1790245.38,75,2026-05-18,2025-06-13T15:22:00
OPP002509,LED001479,Closed Won,4964760.41,100,2026-06-14,2026-02-07T10:05:00
OPP002510,LED004719,Closed Lost,3038171.0,0,2026-10-20,2025-02-22T23:54:00
OPP002511,LED000553,Prospecting,1757096.37,10,2026-07-27,2025-04-07T23:32:00
OPP002512,LED000540,Closed Lost,539812.66,0,2026-09-07,2025-07-01T21:22:00
OPP002513,LED005315,Closed Won,2435926.42,100,2026-09-07,2025-08-18T09:58:00
OPP002514,LED002937,Closed Lost,3207238.42,0,2026-09-10,2026-01-31T18:58:00
OPP002515,LED001752,Closed Lost,247362.4,0,2026-06-09,2026-01-28T20:57:00
OPP002516,LED003150,Negotiation,929136.92,75,2026-09-06,2025-07-22T17:05:00
OPP002517,LED006000,Prospecting,3497250.28,10,2026-09-28,2025-11-22T22:41:00
OPP002518,LED005408,Closed Won,3728984.08,100,2026-05-16,2025-09-12T09:29:00
OPP002519,LED004606,Qualification,220556.85,25,2026-07-22,2025-01-06T22:27:00
OPP002520,LED003207,Prospecting,173799.55,10,2026-08-25,2026-04-04T23:41:00
OPP002521,LED005163,Proposal,3765419.0,50,2026-06-02,2025-12-30T11:26:00
OPP002522,LED005178,Proposal,1554449.51,50,2026-07-10,2026-01-28T17:52:00
OPP002523,LED001428,Qualification,1330678.24,25,2026-05-05,2026-02-20T19:48:00
OPP002524,LED000985,Negotiation,4832537.25,75,2026-07-28,2025-04-29T11:53:00
OPP002525,LED004651,Negotiation,1280700.54,75,2026-07-16,2025-07-02T15:45:00
OPP002526,LED001217,Closed Lost,3218499.49,0,2026-05-14,2025-09-07T16:18:00
OPP002527,LED002739,Prospecting,60172.56,10,2026-10-24,2026-01-31T15:19:00
OPP002528,LED000244,Negotiation,365672.05,75,2026-10-16,2025-07-17T05:25:00
OPP002529,LED004921,Proposal,834517.06,50,2026-05-03,2025-05-17T10:30:00
OPP002530,LED003871,Closed Lost,26449.61,0,2026-09-17,2025-11-13T21:07:00
OPP002531,LED000965,Closed Lost,3155880.62,0,2026-07-03,2025-01-14T01:27:00
OPP002532,LED003800,Qualification,2495648.73,25,2026-07-02,2025-01-09T03:37:00
OPP002533,LED004344,Qualification,3667850.57,25,2026-09-01,2026-01-02T05:09:00
OPP002534,LED002707,Closed Won,2338494.86,100,2026-07-14,2025-10-21T14:29:00
OPP002535,LED002153,Negotiation,2529229.12,75,2026-10-25,2025-03-13T09:30:00
OPP002536,LED001408,Closed Lost,758937.56,0,2026-10-28,2025-10-25T03:22:00
OPP002537,LED003357,Closed Lost,4977607.16,0,2026-10-05,2026-01-13T20:10:00
OPP002538,LED000525,Qualification,4352353.05,25,2026-07-27,2025-01-18T04:04:00
OPP002539,LED001546,Qualification,788144.49,25,2026-05-12,2025-03-12T23:09:00
OPP002540,LED004458,Negotiation,461278.83,75,2026-09-17,2025-08-10T05:55:00
OPP002541,LED005350,Qualification,1403690.2,25,2026-07-05,2025-03-22T15:13:00
OPP002542,LED003927,Closed Won,3507387.75,100,2026-06-22,2025-04-26T04:37:00
OPP002543,LED000916,Proposal,3787674.91,50,2026-06-07,2026-04-10T15:01:00
OPP002544,LED000374,Closed Lost,1008197.43,0,2026-07-29,2025-06-23T04:00:00
OPP002545,LED000025,Prospecting,2653777.63,10,2026-08-10,2025-10-02T03:00:00
OPP002546,LED004413,Negotiation,1964350.18,75,2026-07-29,2025-08-23T02:58:00
OPP002547,LED000505,Closed Won,2136672.53,100,2026-07-26,2026-02-03T20:53:00
OPP002548,LED003235,Qualification,3939716.49,25,2026-08-11,2025-06-10T22:40:00
OPP002549,LED003889,Proposal,882558.37,50,2026-07-29,2026-03-09T22:31:00
OPP002550,LED004481,Closed Lost,3548898.57,0,2026-05-03,2025-11-10T19:38:00
OPP002551,LED002694,Negotiation,3773973.13,75,2026-09-13,2025-12-10T07:58:00
OPP002552,LED004938,Qualification,2502819.7,25,2026-06-22,2025-04-17T20:26:00
OPP002553,LED000656,Prospecting,703367.83,10,2026-08-22,2025-03-08T17:41:00
OPP002554,LED000282,Proposal,348542.99,50,2026-05-27,2025-04-11T06:27:00
OPP002555,LED004482,Closed Won,4606578.23,100,2026-05-29,2026-02-01T09:20:00
OPP002556,LED002110,Negotiation,4958463.96,75,2026-06-12,2026-04-02T06:08:00
OPP002557,LED001527,Negotiation,1745136.33,75,2026-06-12,2025-03-24T00:22:00
OPP002558,LED004464,Prospecting,71225.08,10,2026-10-11,2026-02-28T05:51:00
OPP002559,LED002290,Negotiation,4248157.26,75,2026-10-02,2025-09-01T08:32:00
OPP002560,LED003742,Proposal,2306953.08,50,2026-10-27,2025-04-19T23:37:00
OPP002561,LED004047,Closed Lost,4852664.65,0,2026-08-10,2025-10-24T08:02:00
OPP002562,LED000308,Negotiation,164776.86,75,2026-07-16,2025-12-06T20:51:00
OPP002563,LED003568,Proposal,712988.64,50,2026-06-30,2025-07-18T00:28:00
OPP002564,LED005562,Qualification,1235090.39,25,2026-08-22,2025-01-30T04:14:00
OPP002565,LED003193,Negotiation,1053407.43,75,2026-05-17,2025-05-07T14:22:00
OPP002566,LED004185,Proposal,3871115.39,50,2026-08-06,2025-02-19T20:46:00
OPP002567,LED004054,Prospecting,4003690.42,10,2026-09-16,2025-01-10T09:43:00
OPP002568,LED005153,Negotiation,4545576.1,75,2026-06-02,2025-08-12T08:29:00
OPP002569,LED002867,Closed Lost,4736528.87,0,2026-09-28,2025-07-30T04:27:00
OPP002570,LED000180,Negotiation,284325.33,75,2026-10-17,2025-10-20T18:20:00
OPP002571,LED002756,Closed Lost,3265334.86,0,2026-06-30,2025-08-18T23:07:00
OPP002572,LED005206,Proposal,4822832.28,50,2026-10-25,2025-06-14T17:39:00
OPP002573,LED004161,Proposal,2315468.12,50,2026-09-25,2025-06-01T10:56:00
OPP002574,LED002634,Closed Lost,2066680.18,0,2026-06-01,2025-01-19T20:44:00
OPP002575,LED000947,Closed Lost,1222878.15,0,2026-09-19,2025-09-20T11:33:00
OPP002576,LED000129,Closed Won,2039700.67,100,2026-07-14,2026-01-01T02:50:00
OPP002577,LED002353,Proposal,311963.64,50,2026-09-10,2026-01-23T23:06:00
OPP002578,LED002510,Proposal,55783.96,50,2026-10-18,2025-09-10T19:34:00
OPP002579,LED003026,Negotiation,2790660.52,75,2026-08-15,2025-11-15T14:30:00
OPP002580,LED005739,Closed Lost,4819987.03,0,2026-09-03,2025-10-10T12:30:00
OPP002581,LED004765,Proposal,2981010.74,50,2026-05-25,2025-09-03T08:49:00
OPP002582,LED004468,Proposal,4262839.6,50,2026-05-24,2025-12-10T15:40:00
OPP002583,LED000666,Prospecting,2748590.7,10,2026-06-20,2025-11-22T18:40:00
OPP002584,LED001335,Proposal,2271108.54,50,2026-07-29,2025-02-20T18:22:00
OPP002585,LED004983,Proposal,2384464.04,50,2026-08-31,2025-02-03T06:09:00
OPP002586,LED002556,Closed Won,160198.91,100,2026-09-19,2026-01-27T07:14:00
OPP002587,LED002951,Qualification,294016.29,25,2026-10-06,2025-01-09T00:12:00
OPP002588,LED001324,Prospecting,1685272.0,10,2026-08-03,2025-03-09T10:40:00
OPP002589,LED004434,Proposal,417356.29,50,2026-08-18,2025-01-28T16:16:00
OPP002590,LED004288,Closed Lost,2464392.85,0,2026-10-26,2025-01-10T16:41:00
OPP002591,LED000002,Qualification,300369.58,25,2026-06-18,2025-07-30T21:36:00
OPP002592,LED002425,Closed Lost,616778.44,0,2026-06-21,2025-12-06T17:07:00
OPP002593,LED004022,Qualification,3573436.4,25,2026-08-27,2025-12-15T04:58:00
OPP002594,LED005271,Qualification,903773.03,25,2026-07-24,2025-09-01T20:56:00
OPP002595,LED001300,Closed Won,2895129.34,100,2026-09-17,2025-06-24T17:25:00
OPP002596,LED000294,Closed Won,238073.82,100,2026-07-16,2025-01-01T03:19:00
OPP002597,LED004751,Prospecting,3154417.8,10,2026-09-28,2025-11-01T12:08:00
OPP002598,LED002310,Closed Lost,1766541.61,0,2026-09-13,2025-06-03T23:09:00
OPP002599,LED002965,Closed Lost,174401.8,0,2026-08-20,2025-12-15T00:02:00
OPP002600,LED001771,Qualification,922594.49,25,2026-09-14,2025-02-18T07:09:00
OPP002601,LED003323,Qualification,870000.21,25,2026-10-12,2025-06-16T02:06:00
OPP002602,LED003137,Negotiation,2252769.53,75,2026-06-29,2025-08-11T20:14:00
OPP002603,LED003230,Qualification,1586465.31,25,2026-08-19,2025-08-31T18:13:00
OPP002604,LED003323,Prospecting,1671154.93,10,2026-09-02,2025-11-11T14:47:00
OPP002605,LED005027,Qualification,4534966.34,25,2026-09-05,2025-12-02T19:58:00
OPP002606,LED004063,Closed Won,4793796.85,100,2026-05-10,2025-05-23T16:47:00
OPP002607,LED005824,Closed Won,3958488.13,100,2026-06-01,2025-09-14T09:30:00
OPP002608,LED001616,Closed Lost,812368.88,0,2026-09-15,2025-10-17T15:07:00
OPP002609,LED002207,Prospecting,3319795.03,10,2026-06-21,2025-06-17T04:12:00
OPP002610,LED003525,Proposal,448526.66,50,2026-08-27,2025-04-07T20:34:00
OPP002611,LED001300,Closed Won,1462974.74,100,2026-07-19,2025-09-30T01:47:00
OPP002612,LED000396,Negotiation,3228685.42,75,2026-08-13,2025-11-04T08:38:00
OPP002613,LED000171,Negotiation,668907.66,75,2026-07-10,2026-02-05T00:12:00
OPP002614,LED001337,Prospecting,4417514.7,10,2026-06-16,2025-06-11T05:06:00
OPP002615,LED001031,Qualification,4815027.38,25,2026-10-08,2025-03-20T03:16:00
OPP002616,LED002993,Closed Won,4027627.78,100,2026-08-20,2026-04-06T05:44:00
OPP002617,LED002614,Negotiation,4078122.63,75,2026-06-20,2026-03-18T06:30:00
OPP002618,LED003086,Closed Lost,3496037.11,0,2026-10-07,2026-03-21T20:30:00
OPP002619,LED005348,Negotiation,1369161.37,75,2026-06-13,2025-01-20T06:42:00
OPP002620,LED002658,Proposal,905960.93,50,2026-09-24,2026-04-18T18:35:00
OPP002621,LED000295,Proposal,3037916.45,50,2026-08-05,2025-11-23T00:54:00
OPP002622,LED004425,Closed Won,4689563.95,100,2026-10-17,2025-04-09T03:33:00
OPP002623,LED003036,Proposal,2810243.03,50,2026-07-25,2025-08-21T20:40:00
OPP002624,LED002789,Negotiation,1693712.59,75,2026-06-15,2026-04-22T04:51:00
OPP002625,LED000727,Closed Lost,2778134.06,0,2026-06-23,2026-02-21T10:42:00
OPP002626,LED000755,Closed Won,3047957.8,100,2026-07-02,2025-07-06T04:44:00
OPP002627,LED005315,Closed Lost,4600878.73,0,2026-05-27,2025-02-20T03:37:00
OPP002628,LED004517,Closed Won,320059.61,100,2026-08-24,2025-04-02T13:47:00
OPP002629,LED004128,Prospecting,2664005.43,10,2026-05-30,2025-08-04T12:33:00
OPP002630,LED003916,Closed Lost,368291.7,0,2026-10-15,2025-07-27T02:07:00
OPP002631,LED001946,Closed Won,4073145.02,100,2026-10-06,2025-02-16T19:05:00
OPP002632,LED001539,Closed Lost,105311.31,0,2026-10-27,2025-05-03T22:58:00
OPP002633,LED001090,Prospecting,1583410.54,10,2026-05-29,2025-09-14T00:37:00
OPP002634,LED002526,Closed Won,1006500.09,100,2026-05-22,2026-04-08T03:37:00
OPP002635,LED005367,Prospecting,3208893.93,10,2026-09-02,2025-10-19T12:07:00
OPP002636,LED005669,Closed Won,2196721.13,100,2026-07-02,2025-11-25T00:49:00
OPP002637,LED002187,Prospecting,2424734.53,10,2026-09-22,2025-06-09T13:20:00
OPP002638,LED001412,Qualification,2218946.42,25,2026-09-11,2025-07-23T14:06:00
OPP002639,LED003459,Closed Won,3556545.85,100,2026-07-13,2026-02-11T04:42:00
OPP002640,LED001737,Proposal,698884.87,50,2026-06-28,2025-04-02T06:15:00
OPP002641,LED004665,Prospecting,737167.7,10,2026-09-23,2026-03-24T23:11:00
OPP002642,LED005802,Prospecting,4434835.08,10,2026-08-16,2026-01-31T03:02:00
OPP002643,LED003345,Proposal,4456163.2,50,2026-10-04,2025-07-03T04:49:00
OPP002644,LED005800,Negotiation,64411.32,75,2026-05-25,2025-10-24T21:03:00
OPP002645,LED002056,Closed Won,653920.16,100,2026-06-27,2026-02-06T05:15:00
OPP002646,LED001569,Prospecting,4111206.28,10,2026-09-09,2025-03-16T11:28:00
OPP002647,LED003174,Prospecting,3453192.4,10,2026-05-03,2026-02-13T13:19:00
OPP002648,LED005907,Negotiation,4100866.72,75,2026-05-14,2025-04-02T08:44:00
OPP002649,LED002650,Negotiation,1514683.43,75,2026-08-15,2025-01-27T10:20:00
OPP002650,LED001390,Negotiation,2858073.87,75,2026-08-08,2025-05-30T04:47:00
OPP002651,LED000094,Proposal,711576.9,50,2026-10-28,2025-09-09T04:22:00
OPP002652,LED005575,Qualification,3618768.92,25,2026-05-15,2025-02-22T18:14:00
OPP002653,LED002223,Closed Won,3772428.44,100,2026-07-20,2025-12-02T18:45:00
OPP002654,LED001952,Closed Won,4311272.73,100,2026-06-01,2025-02-20T17:24:00
OPP002655,LED005865,Closed Won,1235796.44,100,2026-09-12,2025-04-20T22:13:00
OPP002656,LED000942,Prospecting,998984.21,10,2026-08-29,2025-04-11T05:58:00
OPP002657,LED000874,Prospecting,632810.91,10,2026-06-26,2026-01-03T01:08:00
OPP002658,LED001955,Prospecting,409370.79,10,2026-07-07,2025-11-07T10:51:00
OPP002659,LED005786,Proposal,4721351.71,50,2026-10-22,2025-03-21T18:46:00
OPP002660,LED000626,Closed Lost,1577818.31,0,2026-05-31,2025-10-15T02:33:00
OPP002661,LED000458,Closed Won,2617359.9,100,2026-10-20,2025-08-28T20:13:00
OPP002662,LED003367,Qualification,3506149.71,25,2026-05-05,2026-01-26T17:01:00
OPP002663,LED005992,Closed Won,3116688.93,100,2026-07-02,2025-12-19T01:39:00
OPP002664,LED000093,Proposal,3130497.46,50,2026-06-07,2026-01-17T15:58:00
OPP002665,LED004582,Closed Lost,1130294.59,0,2026-07-03,2025-02-10T15:05:00
OPP002666,LED001186,Prospecting,2306249.62,10,2026-07-31,2025-11-03T19:33:00
OPP002667,LED004233,Closed Won,906966.71,100,2026-05-11,2026-04-28T22:18:00
OPP002668,LED000153,Negotiation,1007586.56,75,2026-08-31,2025-07-24T03:49:00
OPP002669,LED003704,Closed Won,1872020.54,100,2026-07-03,2026-04-04T05:18:00
OPP002670,LED001502,Qualification,4414665.27,25,2026-05-03,2026-03-11T16:20:00
OPP002671,LED003016,Qualification,2611655.77,25,2026-09-01,2025-01-19T04:39:00
OPP002672,LED003176,Closed Lost,901679.0,0,2026-07-03,2026-04-02T13:03:00
OPP002673,LED004295,Negotiation,1975027.62,75,2026-09-11,2026-04-11T08:33:00
OPP002674,LED005769,Proposal,4766528.45,50,2026-10-17,2026-04-01T22:18:00
OPP002675,LED001828,Qualification,4864873.61,25,2026-08-11,2025-10-24T18:31:00
OPP002676,LED000962,Prospecting,2397793.61,10,2026-08-15,2025-11-18T06:18:00
OPP002677,LED002144,Closed Lost,138235.02,0,2026-06-26,2025-10-21T05:18:00
OPP002678,LED000523,Prospecting,3230030.21,10,2026-06-24,2025-07-11T04:34:00
OPP002679,LED001354,Negotiation,233394.48,75,2026-07-04,2025-12-25T18:10:00
OPP002680,LED003527,Closed Won,988680.22,100,2026-10-25,2025-05-26T07:08:00
OPP002681,LED000823,Proposal,4098520.01,50,2026-09-09,2025-01-23T17:56:00
OPP002682,LED003932,Qualification,63210.32,25,2026-10-12,2025-06-20T09:14:00
OPP002683,LED001842,Qualification,4723719.62,25,2026-08-04,2025-02-20T05:58:00
OPP002684,LED001726,Proposal,1632643.8,50,2026-10-04,2025-07-16T10:48:00
OPP002685,LED003318,Negotiation,204963.41,75,2026-08-02,2026-02-13T05:03:00
OPP002686,LED004779,Prospecting,2941340.14,10,2026-08-15,2025-03-03T12:48:00
OPP002687,LED004228,Prospecting,4172884.6,10,2026-09-21,2025-09-06T00:49:00
OPP002688,LED002075,Qualification,756672.2,25,2026-06-14,2025-12-23T18:53:00
OPP002689,LED004368,Prospecting,846540.71,10,2026-05-12,2026-02-19T20:38:00
OPP002690,LED000223,Closed Lost,3795668.58,0,2026-09-29,2025-01-25T06:43:00
OPP002691,LED005560,Closed Lost,794038.2,0,2026-07-07,2025-05-30T23:33:00
OPP002692,LED002135,Qualification,2679694.5,25,2026-05-02,2025-09-11T00:46:00
OPP002693,LED000190,Proposal,1308506.96,50,2026-09-21,2025-04-28T14:46:00
OPP002694,LED001227,Proposal,4378141.44,50,2026-08-02,2026-02-18T15:52:00
OPP002695,LED002403,Qualification,3030856.87,25,2026-10-11,2026-04-10T19:04:00
OPP002696,LED005258,Closed Won,4321809.36,100,2026-05-22,2025-09-06T05:58:00
OPP002697,LED003260,Qualification,453295.21,25,2026-07-13,2025-01-21T01:43:00
OPP002698,LED004714,Closed Won,2007632.96,100,2026-08-11,2025-02-22T20:04:00
OPP002699,LED001074,Qualification,1963883.8,25,2026-08-25,2025-03-17T19:27:00
OPP002700,LED000980,Proposal,509164.52,50,2026-08-30,2025-11-14T17:04:00
OPP002701,LED004322,Qualification,900592.23,25,2026-05-15,2025-03-04T06:45:00
OPP002702,LED003829,Closed Lost,173369.91,0,2026-10-04,2025-06-18T18:35:00
OPP002703,LED003226,Closed Won,3950596.15,100,2026-10-07,2025-01-03T05:06:00
OPP002704,LED002942,Negotiation,4651786.15,75,2026-08-27,2025-06-19T07:33:00
OPP002705,LED005025,Closed Lost,26266.54,0,2026-10-26,2025-12-09T06:18:00
OPP002706,LED005499,Qualification,3463030.58,25,2026-05-23,2025-07-26T13:26:00
OPP002707,LED002226,Proposal,3376411.65,50,2026-09-25,2025-02-20T10:55:00
OPP002708,LED000600,Proposal,837308.37,50,2026-07-05,2025-07-16T00:42:00
OPP002709,LED000260,Closed Lost,2167424.15,0,2026-10-08,2025-08-06T14:04:00
OPP002710,LED004513,Prospecting,4015092.34,10,2026-06-23,2025-11-03T21:08:00
OPP002711,LED003811,Closed Lost,4845868.08,0,2026-06-04,2025-08-19T02:32:00
OPP002712,LED004164,Proposal,503642.97,50,2026-08-15,2025-11-26T14:27:00
OPP002713,LED002593,Closed Won,2810136.33,100,2026-10-15,2025-02-12T18:16:00
OPP002714,LED001556,Closed Lost,1795652.77,0,2026-08-01,2025-06-14T06:37:00
OPP002715,LED005505,Closed Lost,1193835.37,0,2026-06-22,2025-10-12T02:36:00
OPP002716,LED004129,Qualification,824640.95,25,2026-10-02,2025-08-21T17:40:00
OPP002717,LED001669,Proposal,2025276.92,50,2026-10-02,2025-01-20T16:13:00
OPP002718,LED001922,Proposal,2700127.61,50,2026-09-22,2026-02-26T17:54:00
OPP002719,LED004398,Closed Won,280880.31,100,2026-10-03,2025-09-28T07:38:00
OPP002720,LED005050,Negotiation,2816536.74,75,2026-09-04,2026-03-12T20:04:00
OPP002721,LED002679,Proposal,681751.82,50,2026-09-08,2025-10-08T09:10:00
OPP002722,LED005557,Negotiation,2014273.47,75,2026-10-28,2025-11-09T13:32:00
OPP002723,LED002027,Proposal,4759777.79,50,2026-09-16,2025-01-18T08:28:00
OPP002724,LED001901,Negotiation,1748217.38,75,2026-05-10,2025-10-19T03:30:00
OPP002725,LED001556,Closed Lost,3636381.3,0,2026-07-06,2026-04-29T23:43:00
OPP002726,LED003628,Qualification,4157696.53,25,2026-10-05,2026-02-12T08:11:00
OPP002727,LED005903,Proposal,4605736.78,50,2026-09-05,2025-06-04T01:06:00
OPP002728,LED001633,Prospecting,1871856.43,10,2026-10-25,2025-07-15T04:07:00
OPP002729,LED005088,Closed Won,3458877.29,100,2026-05-02,2025-03-11T20:08:00
OPP002730,LED001123,Closed Lost,3453943.74,0,2026-09-18,2025-09-19T23:37:00
OPP002731,LED001849,Negotiation,2885576.79,75,2026-05-25,2025-11-29T07:38:00
OPP002732,LED005322,Prospecting,2133081.35,10,2026-09-11,2025-06-06T13:22:00
OPP002733,LED004566,Qualification,4116437.37,25,2026-09-02,2025-10-27T02:01:00
OPP002734,LED005625,Qualification,2539146.46,25,2026-09-18,2025-02-07T07:32:00
OPP002735,LED000994,Qualification,2196487.7,25,2026-06-25,2025-02-20T04:03:00
OPP002736,LED004675,Proposal,4970358.45,50,2026-07-18,2025-10-28T14:47:00
OPP002737,LED000240,Closed Won,3428903.35,100,2026-09-03,2026-03-27T17:03:00
OPP002738,LED003898,Closed Lost,3190980.69,0,2026-07-17,2025-06-12T08:50:00
OPP002739,LED003047,Prospecting,2979213.26,10,2026-06-04,2026-01-20T03:09:00
OPP002740,LED004677,Closed Lost,3762738.1,0,2026-08-14,2025-05-26T14:04:00
OPP002741,LED001893,Prospecting,926741.7,10,2026-08-30,2025-02-14T19:04:00
OPP002742,LED001258,Proposal,3559110.84,50,2026-09-28,2026-02-22T12:56:00
OPP002743,LED001590,Closed Won,1791829.25,100,2026-06-21,2025-12-24T22:20:00
OPP002744,LED003030,Proposal,3535531.41,50,2026-05-18,2025-10-18T00:30:00
OPP002745,LED001277,Negotiation,4012995.68,75,2026-06-18,2025-12-16T02:08:00
OPP002746,LED001646,Proposal,4671887.89,50,2026-09-10,2025-09-16T20:55:00
OPP002747,LED001824,Closed Won,1378802.04,100,2026-05-19,2025-02-23T09:16:00
OPP002748,LED003255,Proposal,2695574.69,50,2026-09-23,2025-03-16T13:11:00
OPP002749,LED004244,Qualification,2319699.08,25,2026-06-28,2025-07-12T13:59:00
OPP002750,LED001010,Closed Won,2226915.06,100,2026-06-05,2025-11-29T13:44:00
OPP002751,LED005691,Closed Won,2097968.68,100,2026-05-18,2026-03-12T01:02:00
OPP002752,LED000643,Prospecting,4418093.99,10,2026-05-06,2026-01-03T07:44:00
OPP002753,LED001553,Qualification,729120.78,25,2026-05-13,2025-06-16T03:20:00
OPP002754,LED001331,Negotiation,4701620.87,75,2026-09-03,2025-04-08T07:17:00
OPP002755,LED002842,Closed Lost,2352566.75,0,2026-08-08,2026-02-14T11:38:00
OPP002756,LED004657,Prospecting,1046269.84,10,2026-09-14,2025-02-26T18:53:00
OPP002757,LED004019,Qualification,3919668.62,25,2026-08-14,2025-07-14T02:40:00
OPP002758,LED003715,Negotiation,2995040.9,75,2026-07-06,2026-03-04T08:31:00
OPP002759,LED003698,Closed Won,4636909.67,100,2026-10-14,2025-02-19T11:08:00
OPP002760,LED002945,Negotiation,3185730.64,75,2026-07-04,2025-10-01T11:58:00
OPP002761,LED002823,Closed Lost,1067182.48,0,2026-09-24,2026-03-10T18:53:00
OPP002762,LED001579,Prospecting,4518318.84,10,2026-08-21,2026-01-31T11:11:00
OPP002763,LED003438,Prospecting,3452414.24,10,2026-10-05,2025-12-16T00:39:00
OPP002764,LED001834,Closed Won,3666872.83,100,2026-07-13,2026-02-26T11:30:00
OPP002765,LED003866,Closed Won,3692318.11,100,2026-07-30,2025-02-14T06:58:00
OPP002766,LED002930,Negotiation,4608254.06,75,2026-09-07,2025-12-07T11:57:00
OPP002767,LED002720,Prospecting,1133304.07,10,2026-08-03,2025-06-02T07:39:00
OPP002768,LED005593,Negotiation,2519688.26,75,2026-06-16,2025-09-29T17:51:00
OPP002769,LED002575,Closed Lost,2535124.88,0,2026-09-17,2025-01-19T14:04:00
OPP002770,LED001232,Proposal,3731986.52,50,2026-08-30,2026-03-17T05:48:00
OPP002771,LED001231,Qualification,4228494.11,25,2026-06-30,2025-11-04T04:44:00
OPP002772,LED003606,Prospecting,3022185.06,10,2026-10-04,2026-04-14T21:10:00
OPP002773,LED004826,Proposal,907943.07,50,2026-08-05,2025-12-20T19:25:00
OPP002774,LED002519,Closed Won,3866872.75,100,2026-09-21,2025-06-26T02:08:00
OPP002775,LED005547,Prospecting,4461613.65,10,2026-10-04,2025-03-11T10:33:00
OPP002776,LED003824,Qualification,3174161.06,25,2026-06-12,2025-07-20T05:51:00
OPP002777,LED002433,Closed Lost,3371103.85,0,2026-10-08,2025-01-19T15:25:00
OPP002778,LED003591,Closed Won,3152807.71,100,2026-07-10,2025-12-25T05:04:00
OPP002779,LED000295,Closed Won,2538523.05,100,2026-09-01,2025-02-13T10:36:00
OPP002780,LED005545,Negotiation,4708252.38,75,2026-09-20,2025-05-01T16:18:00
OPP002781,LED002726,Proposal,386804.45,50,2026-05-31,2026-01-10T19:38:00
OPP002782,LED004856,Proposal,3901335.86,50,2026-07-11,2026-02-05T15:22:00
OPP002783,LED002966,Proposal,510539.5,50,2026-06-08,2025-07-10T11:02:00
OPP002784,LED000163,Prospecting,1668853.38,10,2026-09-16,2025-12-28T04:43:00
OPP002785,LED003696,Proposal,225792.26,50,2026-05-02,2025-12-07T18:52:00
OPP002786,LED002222,Qualification,4563520.1,25,2026-10-05,2025-10-31T16:01:00
OPP002787,LED005303,Negotiation,4567125.75,75,2026-06-28,2025-01-29T11:50:00
OPP002788,LED005108,Closed Lost,538426.76,0,2026-09-03,2025-05-04T23:26:00
OPP002789,LED005158,Prospecting,3014193.8,10,2026-06-03,2025-12-03T08:25:00
OPP002790,LED005092,Prospecting,173409.65,10,2026-07-13,2026-01-24T07:54:00
OPP002791,LED000947,Closed Lost,2980889.09,0,2026-07-22,2025-02-06T18:31:00
OPP002792,LED001454,Negotiation,4947984.82,75,2026-09-05,2025-02-13T01:43:00
OPP002793,LED003156,Qualification,394641.93,25,2026-07-10,2025-01-28T03:31:00
OPP002794,LED002510,Proposal,1892277.72,50,2026-05-12,2026-01-01T23:33:00
OPP002795,LED004541,Qualification,575595.09,25,2026-08-22,2025-11-19T02:23:00
OPP002796,LED000302,Qualification,2162565.83,25,2026-06-26,2025-08-12T12:08:00
OPP002797,LED002564,Closed Won,1826878.8,100,2026-09-25,2025-10-02T08:14:00
OPP002798,LED004075,Prospecting,1088738.16,10,2026-07-06,2025-04-18T19:04:00
OPP002799,LED000727,Proposal,2211858.07,50,2026-10-23,2025-12-13T03:29:00
OPP002800,LED000479,Qualification,866539.56,25,2026-07-28,2025-08-28T22:31:00
OPP002801,LED000752,Closed Won,4413491.01,100,2026-09-21,2025-01-19T20:45:00
OPP002802,LED005294,Closed Lost,2324208.54,0,2026-05-27,2025-06-20T17:42:00
OPP002803,LED001366,Proposal,2795865.46,50,2026-05-15,2025-01-21T07:16:00
OPP002804,LED002312,Prospecting,1883346.89,10,2026-07-28,2026-01-11T17:53:00
OPP002805,LED003699,Proposal,4635413.27,50,2026-05-27,2025-07-30T09:16:00
OPP002806,LED004948,Prospecting,4439843.12,10,2026-07-30,2026-03-18T21:24:00
OPP002807,LED000499,Qualification,2377152.22,25,2026-08-12,2025-02-27T05:40:00
OPP002808,LED000546,Prospecting,153797.85,10,2026-05-28,2025-03-31T04:32:00
OPP002809,LED003525,Proposal,3581146.6,50,2026-08-31,2025-11-12T05:37:00
OPP002810,LED004748,Proposal,1599262.73,50,2026-10-17,2026-04-30T05:51:00
OPP002811,LED004047,Closed Lost,3091738.4,0,2026-08-31,2026-02-03T09:23:00
OPP002812,LED000779,Prospecting,3089820.24,10,2026-05-11,2025-06-10T10:31:00
OPP002813,LED000207,Closed Lost,4197537.37,0,2026-08-21,2025-07-02T20:33:00
OPP002814,LED002199,Closed Won,1658174.09,100,2026-09-24,2025-09-07T10:07:00
OPP002815,LED001227,Closed Won,1900985.36,100,2026-08-01,2025-12-22T22:34:00
OPP002816,LED000759,Closed Lost,2494603.92,0,2026-08-09,2025-12-25T00:09:00
OPP002817,LED001903,Qualification,2541770.03,25,2026-06-18,2026-01-23T06:20:00
OPP002818,LED005027,Proposal,3311998.48,50,2026-09-13,2026-04-01T00:11:00
OPP002819,LED000793,Negotiation,4313782.7,75,2026-09-09,2025-07-16T21:39:00
OPP002820,LED003860,Negotiation,2989262.9,75,2026-05-09,2026-04-24T11:03:00
OPP002821,LED005735,Closed Lost,4253784.18,0,2026-07-20,2025-07-08T12:09:00
OPP002822,LED003514,Closed Won,2122925.68,100,2026-09-10,2025-06-10T06:35:00
OPP002823,LED000484,Prospecting,1482810.97,10,2026-10-01,2025-05-07T00:57:00
OPP002824,LED001302,Proposal,499230.7,50,2026-07-11,2026-02-04T11:11:00
OPP002825,LED005613,Negotiation,3788080.5,75,2026-07-18,2026-03-06T12:58:00
OPP002826,LED002483,Closed Lost,1430899.84,0,2026-05-17,2025-06-28T17:13:00
OPP002827,LED001718,Negotiation,1700052.52,75,2026-05-12,2026-03-25T05:06:00
OPP002828,LED001860,Closed Won,2035301.56,100,2026-09-03,2025-08-20T02:11:00
OPP002829,LED003885,Qualification,658945.75,25,2026-08-25,2026-04-16T17:26:00
OPP002830,LED001497,Proposal,1951788.82,50,2026-07-12,2026-01-20T05:20:00
OPP002831,LED003567,Closed Lost,2639141.27,0,2026-10-01,2025-07-27T15:04:00
OPP002832,LED002891,Proposal,3591176.02,50,2026-10-07,2025-12-09T13:32:00
OPP002833,LED005343,Proposal,734645.0,50,2026-05-12,2025-05-30T16:40:00
OPP002834,LED003219,Prospecting,3618231.59,10,2026-08-30,2026-01-22T17:53:00
OPP002835,LED004589,Closed Lost,1484343.28,0,2026-10-07,2026-01-11T09:59:00
OPP002836,LED000758,Negotiation,159248.47,75,2026-09-27,2026-03-29T12:04:00
OPP002837,LED000011,Closed Lost,1240952.56,0,2026-10-11,2025-02-21T06:43:00
OPP002838,LED001635,Prospecting,4781030.78,10,2026-05-03,2025-01-08T00:40:00
OPP002839,LED005554,Closed Won,4938399.91,100,2026-10-15,2025-10-23T08:39:00
OPP002840,LED000850,Closed Lost,2004734.92,0,2026-09-18,2025-03-13T19:29:00
OPP002841,LED002982,Closed Lost,2579751.94,0,2026-07-03,2025-02-16T03:00:00
OPP002842,LED002542,Qualification,4348199.44,25,2026-09-29,2025-02-12T01:41:00
OPP002843,LED005854,Closed Won,1336985.95,100,2026-07-22,2025-03-11T10:42:00
OPP002844,LED002924,Closed Lost,1993532.47,0,2026-07-18,2025-04-08T22:36:00
OPP002845,LED000169,Closed Lost,3505638.27,0,2026-09-07,2026-01-14T17:08:00
OPP002846,LED001427,Closed Lost,1298495.68,0,2026-09-01,2026-04-28T09:15:00
OPP002847,LED000511,Proposal,4896726.96,50,2026-07-14,2025-07-28T18:35:00
OPP002848,LED002752,Closed Lost,1786585.93,0,2026-06-25,2025-01-21T16:50:00
OPP002849,LED002545,Negotiation,2386156.21,75,2026-08-26,2025-09-27T00:25:00
OPP002850,LED003973,Negotiation,3280800.55,75,2026-07-18,2025-03-13T07:10:00
OPP002851,LED002038,Qualification,467906.41,25,2026-07-11,2025-11-01T20:46:00
OPP002852,LED002464,Closed Won,809916.41,100,2026-10-23,2025-12-03T02:43:00
OPP002853,LED000039,Closed Won,1192070.93,100,2026-08-02,2025-11-29T03:45:00
OPP002854,LED003826,Closed Won,2785595.17,100,2026-07-21,2025-01-09T21:26:00
OPP002855,LED004715,Proposal,4348350.1,50,2026-07-11,2025-04-10T12:13:00
OPP002856,LED002189,Qualification,4880130.4,25,2026-06-27,2026-04-22T14:53:00
OPP002857,LED005988,Closed Lost,4972858.87,0,2026-09-20,2025-03-11T14:06:00
OPP002858,LED003028,Proposal,4266989.19,50,2026-07-03,2025-01-27T13:02:00
OPP002859,LED005045,Closed Lost,2310882.0,0,2026-08-23,2025-11-22T18:18:00
OPP002860,LED002755,Proposal,566402.81,50,2026-05-20,2025-12-14T21:04:00
OPP002861,LED001348,Proposal,4674910.95,50,2026-09-03,2025-10-09T16:35:00
OPP002862,LED001280,Negotiation,4270151.32,75,2026-06-11,2026-05-01T18:20:00
OPP002863,LED000446,Proposal,4314360.85,50,2026-08-17,2025-01-07T02:09:00
OPP002864,LED002622,Closed Lost,3445501.21,0,2026-08-10,2026-02-25T17:27:00
OPP002865,LED001648,Prospecting,2394251.57,10,2026-06-18,2025-01-23T09:42:00
OPP002866,LED000464,Closed Won,3666199.73,100,2026-07-02,2025-09-09T18:47:00
OPP002867,LED004198,Proposal,1399797.4,50,2026-09-21,2025-03-09T15:54:00
OPP002868,LED005708,Negotiation,981578.15,75,2026-08-28,2025-09-19T06:29:00
OPP002869,LED004188,Prospecting,4484819.45,10,2026-07-16,2026-02-06T09:05:00
OPP002870,LED001547,Proposal,3261348.36,50,2026-10-06,2026-03-09T01:50:00
OPP002871,LED005460,Closed Won,1194734.18,100,2026-06-02,2025-05-28T22:27:00
OPP002872,LED001398,Closed Lost,3905283.44,0,2026-08-12,2026-03-09T10:56:00
OPP002873,LED003822,Proposal,4395486.66,50,2026-06-11,2025-12-31T16:41:00
OPP002874,LED005570,Closed Won,1498151.23,100,2026-08-17,2025-06-14T22:02:00
OPP002875,LED005785,Closed Won,992263.46,100,2026-09-26,2026-02-28T01:11:00
OPP002876,LED000902,Closed Won,2294174.91,100,2026-09-15,2025-11-23T05:54:00
OPP002877,LED001362,Closed Lost,589115.93,0,2026-09-06,2025-05-12T11:24:00
OPP002878,LED003692,Closed Lost,4081585.08,0,2026-07-17,2025-03-21T02:59:00
OPP002879,LED004392,Qualification,3306673.3,25,2026-09-18,2025-04-05T16:22:00
OPP002880,LED002226,Negotiation,3849051.16,75,2026-07-20,2025-08-31T12:21:00
OPP002881,LED001071,Proposal,4811336.31,50,2026-07-22,2025-09-08T06:52:00
OPP002882,LED003677,Prospecting,123094.86,10,2026-07-24,2025-01-19T12:43:00
OPP002883,LED002857,Qualification,2516578.72,25,2026-09-28,2025-04-03T10:55:00
OPP002884,LED001817,Closed Won,4622432.4,100,2026-06-07,2025-05-10T07:13:00
OPP002885,LED001064,Qualification,4470296.27,25,2026-10-09,2025-03-22T10:42:00
OPP002886,LED001835,Prospecting,3665678.79,10,2026-07-28,2026-01-03T13:17:00
OPP002887,LED001503,Closed Won,2376770.81,100,2026-10-18,2025-12-31T00:54:00
OPP002888,LED003596,Qualification,1113627.55,25,2026-09-12,2025-03-14T20:44:00
OPP002889,LED005112,Closed Won,566436.83,100,2026-06-21,2025-01-27T01:10:00
OPP002890,LED002292,Closed Won,269527.35,100,2026-08-23,2026-04-13T00:56:00
OPP002891,LED000083,Proposal,1687993.45,50,2026-06-19,2025-08-14T21:29:00
OPP002892,LED000817,Proposal,131263.09,50,2026-09-28,2025-10-11T21:40:00
OPP002893,LED000203,Closed Won,4703291.05,100,2026-10-11,2026-01-11T12:22:00
OPP002894,LED001665,Closed Lost,2833248.19,0,2026-08-26,2026-02-28T15:28:00
OPP002895,LED003160,Prospecting,406539.94,10,2026-09-01,2025-08-12T00:43:00
OPP002896,LED003256,Qualification,1019533.57,25,2026-08-24,2025-05-25T09:52:00
OPP002897,LED002501,Closed Won,1631295.86,100,2026-05-09,2026-01-20T03:17:00
OPP002898,LED004661,Closed Won,1254653.69,100,2026-05-31,2025-02-28T17:26:00
OPP002899,LED001629,Qualification,3711144.77,25,2026-09-21,2025-02-03T15:49:00
OPP002900,LED000758,Closed Lost,4402751.44,0,2026-07-15,2025-11-20T01:09:00
OPP002901,LED001434,Qualification,1582602.1,25,2026-09-20,2025-05-22T06:59:00
OPP002902,LED003128,Prospecting,1103174.23,10,2026-07-28,2025-12-15T04:23:00
OPP002903,LED002950,Prospecting,2659258.27,10,2026-06-25,2025-03-23T16:18:00
OPP002904,LED000083,Closed Won,1323171.13,100,2026-10-09,2025-11-27T19:24:00
OPP002905,LED004608,Proposal,3410678.64,50,2026-07-20,2026-02-26T04:55:00
OPP002906,LED000335,Qualification,3576957.17,25,2026-08-23,2025-01-17T20:26:00
OPP002907,LED000402,Negotiation,2351487.52,75,2026-05-03,2025-04-22T10:36:00
OPP002908,LED003449,Proposal,2930106.12,50,2026-05-27,2026-01-01T03:52:00
OPP002909,LED005067,Closed Lost,2659924.83,0,2026-05-02,2025-08-27T06:48:00
OPP002910,LED000259,Prospecting,1416993.07,10,2026-09-24,2025-08-04T21:03:00
OPP002911,LED002975,Prospecting,3526633.59,10,2026-10-08,2025-07-24T02:36:00
OPP002912,LED001974,Qualification,4362775.78,25,2026-05-30,2025-01-18T03:02:00
OPP002913,LED002232,Qualification,3974163.58,25,2026-07-24,2025-07-12T23:17:00
OPP002914,LED002946,Negotiation,3823487.36,75,2026-05-24,2025-10-13T08:17:00
OPP002915,LED002297,Closed Won,2194979.11,100,2026-09-13,2025-08-13T16:20:00
OPP002916,LED005281,Negotiation,934483.96,75,2026-08-21,2026-03-21T18:02:00
OPP002917,LED005794,Negotiation,1317977.12,75,2026-05-04,2025-12-17T10:44:00
OPP002918,LED005933,Negotiation,2189447.02,75,2026-05-20,2026-02-01T02:25:00
OPP002919,LED003000,Closed Won,3045592.79,100,2026-09-12,2025-03-29T11:36:00
OPP002920,LED004175,Closed Lost,104153.65,0,2026-06-01,2025-02-21T08:12:00
OPP002921,LED004136,Prospecting,1627434.27,10,2026-10-01,2026-01-16T15:39:00
OPP002922,LED003376,Closed Won,1429956.38,100,2026-08-05,2026-01-10T05:29:00
OPP002923,LED005572,Negotiation,2664599.02,75,2026-07-20,2025-05-04T08:50:00
OPP002924,LED003307,Qualification,4983728.74,25,2026-06-16,2025-01-21T22:40:00
OPP002925,LED001579,Closed Won,3311093.69,100,2026-05-31,2025-12-06T11:14:00
OPP002926,LED003702,Proposal,2802974.89,50,2026-05-14,2025-03-28T20:20:00
OPP002927,LED000682,Closed Lost,4273723.7,0,2026-07-07,2025-12-01T05:32:00
OPP002928,LED004588,Closed Lost,1995338.44,0,2026-05-23,2025-04-06T01:35:00
OPP002929,LED003403,Proposal,100240.32,50,2026-06-16,2026-01-09T15:42:00
OPP002930,LED000393,Closed Won,2612556.62,100,2026-10-24,2025-10-05T09:30:00
OPP002931,LED001919,Closed Lost,4962246.81,0,2026-06-05,2026-03-26T02:06:00
OPP002932,LED004847,Proposal,4959570.11,50,2026-05-21,2026-03-18T02:04:00
OPP002933,LED003458,Closed Won,4101488.1,100,2026-08-22,2026-01-07T20:01:00
OPP002934,LED002494,Negotiation,4856198.79,75,2026-09-27,2026-03-19T19:51:00
OPP002935,LED004139,Prospecting,359665.5,10,2026-08-02,2025-07-07T08:21:00
OPP002936,LED000741,Closed Won,790888.5,100,2026-06-06,2025-08-20T14:13:00
OPP002937,LED005729,Negotiation,3178482.62,75,2026-09-19,2025-04-24T23:33:00
OPP002938,LED001737,Closed Won,4100943.04,100,2026-08-23,2026-03-29T02:41:00
OPP002939,LED000894,Closed Lost,4388647.37,0,2026-07-20,2025-04-10T21:45:00
OPP002940,LED002711,Negotiation,2124986.75,75,2026-08-06,2026-03-10T03:11:00
OPP002941,LED000217,Closed Won,4549396.21,100,2026-06-18,2025-01-23T13:08:00
OPP002942,LED001947,Closed Won,3826090.07,100,2026-06-24,2025-12-12T17:25:00
OPP002943,LED004506,Prospecting,3830588.96,10,2026-08-02,2026-01-12T06:31:00
OPP002944,LED005854,Qualification,1431220.44,25,2026-08-14,2025-12-10T19:28:00
OPP002945,LED003387,Closed Won,3786931.39,100,2026-10-27,2025-12-16T10:54:00
OPP002946,LED004607,Closed Lost,4961004.57,0,2026-10-18,2025-12-05T17:18:00
OPP002947,LED002112,Prospecting,4687220.85,10,2026-08-01,2026-02-03T13:21:00
OPP002948,LED000458,Proposal,1772344.87,50,2026-07-06,2025-12-06T22:17:00
OPP002949,LED000408,Negotiation,3542555.54,75,2026-09-27,2025-10-01T01:51:00
OPP002950,LED000606,Qualification,3425136.48,25,2026-07-03,2025-03-18T23:25:00
OPP002951,LED005516,Negotiation,1471892.29,75,2026-09-24,2025-02-10T10:44:00
OPP002952,LED005698,Negotiation,396831.04,75,2026-10-12,2025-03-25T11:26:00
OPP002953,LED003550,Negotiation,2026730.53,75,2026-09-15,2025-12-30T00:59:00
OPP002954,LED001805,Closed Lost,1148099.68,0,2026-05-02,2026-02-25T08:47:00
OPP002955,LED003504,Negotiation,1200118.65,75,2026-05-07,2026-04-22T01:30:00
OPP002956,LED005559,Qualification,601057.92,25,2026-06-10,2025-09-11T02:45:00
OPP002957,LED001344,Closed Won,2386809.98,100,2026-08-17,2026-03-29T13:18:00
OPP002958,LED002726,Negotiation,4351006.48,75,2026-07-12,2025-06-02T05:34:00
OPP002959,LED001316,Closed Won,1422744.51,100,2026-08-13,2025-03-02T02:12:00
OPP002960,LED005475,Prospecting,1584751.68,10,2026-07-25,2025-02-04T07:09:00
OPP002961,LED004646,Closed Lost,1323233.06,0,2026-07-15,2025-07-28T11:48:00
OPP002962,LED003581,Proposal,164399.61,50,2026-06-26,2025-08-20T02:43:00
OPP002963,LED001865,Closed Won,1345127.41,100,2026-08-22,2025-05-02T17:28:00
OPP002964,LED000853,Closed Lost,1694939.56,0,2026-09-05,2025-12-14T12:56:00
OPP002965,LED005090,Closed Lost,4374282.75,0,2026-10-18,2026-01-11T18:29:00
OPP002966,LED004991,Prospecting,1978715.38,10,2026-06-22,2026-04-24T08:37:00
OPP002967,LED004181,Negotiation,4909534.62,75,2026-10-23,2025-06-20T04:46:00
OPP002968,LED004712,Closed Won,3515597.65,100,2026-09-26,2025-03-18T14:53:00
OPP002969,LED002937,Negotiation,1391035.93,75,2026-08-26,2025-02-14T04:12:00
OPP002970,LED005227,Proposal,2683580.35,50,2026-09-22,2025-06-27T03:09:00
OPP002971,LED002286,Proposal,1656736.65,50,2026-06-26,2026-02-16T17:38:00
OPP002972,LED003874,Closed Lost,2663834.56,0,2026-08-27,2025-02-06T12:12:00
OPP002973,LED000644,Proposal,4864471.04,50,2026-10-05,2025-07-17T22:19:00
OPP002974,LED001805,Closed Won,1605928.91,100,2026-06-03,2025-10-16T17:55:00
OPP002975,LED000830,Negotiation,339142.3,75,2026-10-01,2025-03-13T11:38:00
OPP002976,LED001459,Closed Won,676964.13,100,2026-07-22,2025-02-04T12:13:00
OPP002977,LED003867,Closed Lost,2366492.53,0,2026-06-28,2025-07-04T02:53:00
OPP002978,LED000358,Closed Won,3022786.1,100,2026-10-22,2025-07-15T02:26:00
OPP002979,LED001468,Negotiation,1016214.92,75,2026-08-25,2025-03-14T05:31:00
OPP002980,LED003546,Closed Lost,805103.2,0,2026-06-10,2025-08-08T02:31:00
OPP002981,LED001283,Closed Lost,223969.24,0,2026-06-05,2026-03-31T15:57:00
OPP002982,LED005180,Closed Lost,1190784.64,0,2026-08-18,2025-08-14T12:25:00
OPP002983,LED002697,Closed Won,727690.56,100,2026-10-03,2025-03-02T22:32:00
OPP002984,LED000557,Closed Won,59999.35,100,2026-06-26,2025-08-22T13:31:00
OPP002985,LED002173,Qualification,677703.81,25,2026-08-21,2025-05-13T02:27:00
OPP002986,LED000888,Closed Won,3780174.04,100,2026-05-22,2025-07-22T04:05:00
OPP002987,LED004890,Closed Won,1961853.17,100,2026-09-11,2025-03-04T18:33:00
OPP002988,LED002997,Qualification,1108992.2,25,2026-08-26,2025-05-10T19:39:00
OPP002989,LED001783,Proposal,4136585.35,50,2026-05-16,2025-04-21T20:01:00
OPP002990,LED004310,Prospecting,4476774.66,10,2026-09-08,2026-01-27T08:46:00
OPP002991,LED004070,Closed Won,2329878.94,100,2026-07-15,2025-08-22T06:05:00
OPP002992,LED000043,Negotiation,600813.77,75,2026-10-13,2026-01-01T16:15:00
OPP002993,LED003121,Proposal,4711089.57,50,2026-09-15,2026-04-06T11:39:00
OPP002994,LED002517,Proposal,559112.49,50,2026-05-15,2025-11-21T23:24:00
OPP002995,LED004007,Closed Won,4955253.33,100,2026-10-22,2026-02-09T05:33:00
OPP002996,LED002304,Closed Lost,3802259.32,0,2026-10-05,2026-04-04T12:45:00
OPP002997,LED001872,Proposal,1558782.78,50,2026-10-15,2025-04-26T02:39:00
OPP002998,LED005628,Prospecting,1281124.13,10,2026-09-24,2025-05-21T04:42:00
OPP002999,LED003333,Negotiation,2849793.59,75,2026-06-15,2025-04-23T14:49:00
OPP003000,LED000897,Closed Won,1486297.61,100,2026-07-25,2025-11-28T15:56:00
